# timestamp (sec),slam_feats_in_state,msckf_feats_used,slam_feats_updated,slam_feats_delayed_init,clones
1403715278.863713026046753,0,6,0,0,5
1403715278.909390926361084,32,34,0,32,6
1403715278.959320783615112,31,4,31,0,7
1403715279.009166240692139,29,0,29,0,8
1403715279.058866739273071,29,0,29,0,9
1403715279.108448982238770,29,1,29,0,10
1403715279.158450841903687,28,1,28,0,11
1403715279.208379507064819,28,1,28,0,11
1403715279.258633852005005,33,0,28,5,11
1403715279.308166265487671,37,0,33,4,11
1403715279.356812953948975,38,0,37,1,11
1403715279.406205892562866,47,0,38,9,11
1403715279.456113338470459,47,0,47,0,11
1403715279.505581140518188,48,23,47,1,11
1403715279.555418014526367,48,0,48,0,11
1403715279.605095386505127,49,1,48,1,11
1403715279.654795885086060,49,0,49,0,11
1403715279.704600572586060,49,0,49,0,11
1403715279.754719495773315,49,0,49,0,11
1403715279.804320812225342,49,0,49,0,11
1403715279.854984045028687,49,0,48,0,11
1403715279.905261039733887,49,0,48,0,11
1403715279.956000804901123,49,2,48,1,11
1403715280.007006883621216,49,0,49,0,11
1403715280.057357549667358,49,0,49,0,11
1403715280.107232093811035,49,22,49,0,11
1403715280.159146785736084,48,1,48,0,11
1403715280.210707664489746,48,1,48,0,11
1403715280.262531042098999,47,0,47,0,11
1403715280.312649488449097,47,0,47,0,11
1403715280.362538576126099,47,0,47,0,11
1403715280.412190437316895,47,0,47,0,11
1403715280.461452484130859,47,1,46,0,11
1403715280.511171340942383,46,0,44,0,11
1403715280.560779809951782,47,3,45,2,11
1403715280.610862970352173,46,1,46,0,11
1403715280.660653352737427,49,1,45,3,11
1403715280.710684776306152,49,26,48,0,11
1403715280.760681629180908,48,1,46,1,11
1403715280.810714006423950,47,1,45,1,11
1403715280.860800504684448,46,1,45,0,11
1403715280.910903930664062,44,0,43,0,11
1403715280.961012363433838,42,1,41,0,11
1403715281.011054277420044,41,0,40,1,11
1403715281.061136960983276,41,1,40,0,11
1403715281.111199617385864,46,0,40,5,11
1403715281.161222696304321,44,1,44,0,11
1403715281.211263179779053,44,2,44,0,11
1403715281.261516332626343,44,0,43,1,11
1403715281.311891317367554,48,14,43,5,11
1403715281.361927032470703,48,7,47,1,11
1403715281.412118434906006,49,0,48,1,11
1403715281.462301015853882,49,0,42,0,11
1403715281.512205839157104,49,1,39,0,11
1403715281.562249660491943,49,0,36,7,11
1403715281.612337589263916,48,9,42,3,11
1403715281.662327527999878,48,0,44,2,11
1403715281.712261915206909,42,0,40,0,11
1403715281.762109518051147,39,0,38,0,11
1403715281.812179565429688,38,0,37,0,11
1403715281.862122774124146,37,1,36,1,11
1403715281.912189006805420,47,0,36,10,11
1403715281.962154865264893,48,6,46,2,11
1403715282.012178421020508,48,0,47,0,11
1403715282.062214136123657,48,0,47,0,11
1403715282.112222671508789,47,0,45,0,11
1403715282.162356376647949,50,13,45,3,11
1403715282.212408542633057,50,6,48,2,11
1403715282.262504339218140,50,0,43,0,11
1403715282.312440633773804,48,0,46,0,11
1403715282.362431526184082,48,1,45,2,11
1403715282.412456512451172,46,1,44,0,11
1403715282.462432861328125,46,3,43,2,11
1403715282.512443065643311,48,15,45,3,11
1403715282.562523841857910,47,3,46,1,11
1403715282.612566471099854,44,2,43,0,11
1403715282.662670612335205,44,0,42,0,11
1403715282.712572813034058,43,0,39,0,11
1403715282.762589454650879,50,7,39,8,11
1403715282.812639474868774,49,5,47,2,11
1403715282.862506628036499,49,0,49,0,11
1403715282.912506580352783,49,2,48,0,11
1403715282.962572574615479,49,3,48,0,11
1403715283.012529134750366,48,1,48,0,11
1403715283.062535047531128,50,27,47,2,11
1403715283.112454652786255,50,13,47,1,11
1403715283.162531375885010,50,3,46,0,11
1403715283.212518215179443,50,0,45,2,11
1403715283.262605905532837,50,1,47,2,11
1403715283.312605857849121,50,0,49,1,11
1403715283.362668752670288,50,9,50,0,11
1403715283.412693262100220,50,1,50,0,11
1403715283.462683677673340,48,0,48,0,11
1403715283.512631416320801,45,0,44,0,11
1403715283.562638044357300,43,0,43,0,11
1403715283.612657070159912,43,2,43,0,11
1403715283.662692785263062,50,14,43,7,11
1403715283.712742090225220,49,10,49,0,11
1403715283.762807369232178,49,3,49,0,11
1403715283.812867164611816,48,0,48,0,11
1403715283.862900972366333,48,0,47,0,11
1403715283.912921190261841,47,0,46,0,11
1403715283.962824583053589,49,3,43,3,11
1403715284.012659311294556,49,1,45,0,11
1403715284.062190294265747,50,25,46,4,11
1403715284.112190723419189,50,0,50,0,11
1403715284.162297964096069,49,0,48,0,11
1403715284.212427854537964,49,0,48,1,11
1403715284.262594223022461,49,11,49,0,11
1403715284.312624692916870,49,9,49,0,11
1403715284.362600803375244,50,4,49,1,11
1403715284.412540912628174,49,1,47,0,11
1403715284.462568998336792,49,0,48,1,11
1403715284.512464523315430,48,0,48,0,11
1403715284.562457323074341,50,2,48,2,11
1403715284.612443208694458,50,0,49,0,11
1403715284.662475109100342,50,23,49,1,11
1403715284.712529897689819,50,0,50,0,11
1403715284.762533664703369,50,0,49,0,11
1403715284.812459945678711,50,0,46,0,11
1403715284.862420558929443,49,8,45,0,11
1403715284.912341356277466,49,7,45,3,11
1403715284.962233066558838,49,1,47,1,11
1403715285.012160539627075,49,0,48,0,11
1403715285.062180757522583,48,0,48,0,11
1403715285.112322330474854,48,0,48,0,11
1403715285.162409782409668,49,0,47,1,11
1403715285.212469816207886,48,0,47,0,11
1403715285.262473344802856,50,17,47,3,11
1403715285.312504529953003,50,0,50,0,11
1403715285.362525701522827,50,0,50,0,11
1403715285.412515878677368,50,0,50,0,11
1403715285.462498188018799,50,8,50,0,11
1403715285.512475252151489,49,6,49,0,11
1403715285.562428951263428,50,0,48,1,11
1403715285.612424135208130,50,0,49,0,11
1403715285.662419080734253,49,0,48,1,11
1403715285.712431192398071,49,0,49,0,11
1403715285.762402057647705,49,0,48,1,11
1403715285.812325716018677,49,0,49,0,11
1403715285.862125873565674,49,19,48,1,11
1403715285.912013292312622,49,0,49,0,11
1403715285.961934566497803,49,0,49,0,11
1403715286.011891365051270,49,0,48,0,11
1403715286.061871290206909,50,13,48,1,11
1403715286.111865997314453,50,7,49,1,11
1403715286.161867380142212,49,0,49,0,11
1403715286.211866855621338,49,1,49,0,11
1403715286.261856317520142,48,0,48,0,11
1403715286.311834812164307,48,0,48,0,11
1403715286.361833572387695,48,0,48,0,11
1403715286.411830902099609,48,0,48,0,11
1403715286.461821794509888,48,16,47,1,11
1403715286.511827468872070,45,5,44,0,11
1403715286.561824560165405,45,3,43,1,11
1403715286.611842155456543,44,0,43,0,11
1403715286.661858320236206,46,9,41,5,11
1403715286.711867570877075,47,3,39,3,11
1403715286.761852502822876,42,0,34,0,11
1403715286.811811447143555,40,1,32,3,11
1403715286.861778020858765,39,0,35,2,11
1403715286.911733627319336,38,1,36,2,11
1403715286.961714029312134,37,0,37,0,11
1403715287.011739969253540,43,7,35,7,11
1403715287.061780214309692,43,4,40,2,11
1403715287.111832141876221,41,1,39,1,11
1403715287.161868810653687,41,3,37,0,11
1403715287.211882591247559,39,1,32,1,11
1403715287.261885404586792,46,0,32,10,11
1403715287.311907291412354,42,1,37,3,11
1403715287.361934423446655,44,4,35,7,11
1403715287.411950111389160,44,0,41,0,11
1403715287.462001323699951,42,1,41,0,11
1403715287.512035846710205,42,0,40,1,11
1403715287.562041759490967,42,0,39,0,11
1403715287.612075805664062,49,4,39,8,11
1403715287.662090301513672,47,7,44,1,11
1403715287.712095975875854,47,0,43,0,11
1403715287.762102127075195,46,1,38,3,11
1403715287.812111377716064,42,3,38,1,11
1403715287.862121105194092,43,7,38,5,11
1403715287.912123680114746,42,0,41,0,11
1403715287.962128400802612,44,0,39,2,11
1403715288.012145757675171,44,1,40,1,11
1403715288.062173128128052,39,0,38,1,11
1403715288.112200975418091,38,2,37,0,11
1403715288.162233829498291,37,0,34,1,11
1403715288.212257146835327,37,0,34,1,11
1403715288.262222290039062,48,0,33,12,11
1403715288.312234878540039,47,0,43,1,11
1403715288.362218618392944,47,0,43,3,11
1403715288.412210464477539,50,5,46,4,11
1403715288.462211132049561,50,7,50,0,11
1403715288.512206315994263,50,1,50,0,11
1403715288.562242746353149,50,7,50,0,11
1403715288.612240314483643,49,0,49,0,11
1403715288.662255525588989,49,0,49,0,11
1403715288.712271690368652,49,1,49,0,11
1403715288.762279510498047,48,0,47,0,11
1403715288.812283515930176,48,0,47,0,11
1403715288.862291812896729,49,0,47,2,11
1403715288.912309408187866,49,0,49,0,11
1403715288.962338685989380,49,9,49,0,11
1403715289.012320756912231,49,4,48,1,11
1403715289.062319278717041,49,7,49,0,11
1403715289.112310409545898,49,0,49,0,11
1403715289.162308931350708,50,9,49,1,11
1403715289.212291955947876,50,0,49,0,11
1403715289.262285709381104,50,0,48,0,11
1403715289.312281131744385,50,1,47,1,11
1403715289.362276077270508,50,0,47,1,11
1403715289.412269592285156,48,0,47,0,11
1403715289.462268114089966,47,0,47,0,11
1403715289.512267827987671,46,0,46,0,11
1403715289.562268972396851,48,10,46,2,11
1403715289.612267971038818,47,2,45,2,11
1403715289.662258148193359,50,6,46,3,11
1403715289.712257623672485,49,1,49,0,11
1403715289.762262582778931,50,9,49,1,11
1403715289.812262535095215,49,0,49,0,11
1403715289.862258434295654,49,1,49,0,11
1403715289.912254810333252,50,4,49,1,11
1403715289.962247848510742,50,1,50,0,11
1403715290.012236833572388,50,0,49,0,11
1403715290.062229156494141,50,0,48,0,11
1403715290.112222433090210,49,0,48,0,11
1403715290.162211418151855,48,13,48,0,11
1403715290.212201833724976,50,0,48,2,11
1403715290.262208700180054,50,3,50,0,11
1403715290.312228202819824,50,0,50,0,11
1403715290.362231969833374,49,2,49,0,11
1403715290.412247180938721,49,1,49,0,11
1403715290.462233781814575,49,0,49,0,11
1403715290.512212753295898,50,1,48,1,11
1403715290.562181711196899,50,1,49,0,11
1403715290.612175703048706,50,0,49,1,11
1403715290.662175416946411,50,0,50,0,11
1403715290.712166070938110,50,0,50,0,11
1403715290.762169122695923,49,17,49,0,11
1403715290.812171697616577,49,2,49,0,11
1403715290.862176656723022,50,0,48,1,11
1403715290.912174940109253,48,0,47,0,11
1403715290.962169170379639,50,6,47,3,11
1403715291.012170314788818,50,4,50,0,11
1403715291.062167882919312,50,3,50,0,11
1403715291.112162113189697,50,2,50,0,11
1403715291.162173986434937,50,2,50,0,11
1403715291.212168931961060,50,1,50,0,11
1403715291.262161493301392,49,2,49,0,11
1403715291.312159776687622,48,1,47,0,11
1403715291.362150669097900,50,17,47,2,11
1403715291.412151098251343,50,0,49,1,11
1403715291.462152004241943,50,0,50,0,11
1403715291.512140035629272,47,0,47,0,11
1403715291.562147617340088,50,4,46,3,11
1403715291.612135648727417,49,0,48,0,11
1403715291.662150621414185,47,2,46,1,11
1403715291.712180614471436,45,0,45,0,11
1403715291.762189626693726,45,1,44,0,11
1403715291.812200546264648,43,0,42,0,11
1403715291.862194538116455,42,3,40,0,11
1403715291.912190914154053,41,2,40,0,11
1403715291.962210893630981,45,11,39,5,11
1403715292.012207746505737,44,0,44,0,11
1403715292.062221765518188,44,0,43,0,11
1403715292.112224817276001,44,0,41,0,11
1403715292.162229776382446,48,1,41,5,11
1403715292.212187767028809,48,1,46,2,11
1403715292.262130737304688,49,1,46,1,11
1403715292.312114000320435,50,1,46,2,11
1403715292.362066507339478,48,7,48,0,11
1403715292.412043094635010,48,1,48,0,11
1403715292.462021350860596,47,3,47,0,11
1403715292.512006998062134,50,4,46,3,11
1403715292.561977863311768,50,11,48,0,11
1403715292.611963748931885,49,2,48,0,11
1403715292.661952972412109,46,3,45,0,11
1403715292.711939334869385,45,2,44,1,11
1403715292.761926174163818,45,2,44,0,11
1403715292.811922311782837,45,1,43,0,11
1403715292.861946105957031,42,0,40,1,11
1403715292.911958932876587,46,1,38,5,11
1403715292.961983442306519,50,1,43,4,11
1403715293.011957645416260,50,1,45,3,11
1403715293.061954975128174,48,3,44,0,11
1403715293.111958742141724,48,1,41,3,11
1403715293.161956310272217,49,8,43,4,11
1403715293.211968660354614,48,7,45,3,11
1403715293.261971712112427,44,0,44,0,11
1403715293.311976909637451,43,1,42,0,11
1403715293.361984729766846,43,1,41,0,11
1403715293.411977291107178,42,3,40,0,11
1403715293.462011575698853,49,8,40,8,11
1403715293.512029886245728,48,1,47,0,11
1403715293.562041282653809,45,0,44,1,11
1403715293.612061262130737,44,0,43,0,11
1403715293.662075519561768,43,1,42,0,11
1403715293.712085723876953,42,0,41,0,11
1403715293.762091875076294,48,2,40,6,11
1403715293.812112092971802,50,16,45,3,11
1403715293.862114906311035,50,0,48,1,11
1403715293.912110090255737,48,0,46,1,11
1403715293.962088108062744,48,0,46,0,11
1403715294.012084007263184,47,0,44,1,11
1403715294.062047481536865,48,10,45,3,11
1403715294.112029552459717,48,0,47,0,11
1403715294.162020683288574,49,0,44,2,11
1403715294.212025880813599,45,0,44,0,11
1403715294.262054443359375,45,10,41,4,11
1403715294.312071084976196,42,1,39,0,11
1403715294.362087488174438,42,2,39,0,11
1403715294.412122249603271,49,1,38,10,11
1403715294.462147474288940,49,0,47,0,11
1403715294.512158870697021,47,0,46,1,11
1403715294.562187910079956,47,1,47,0,11
1403715294.612202405929565,47,1,47,0,11
1403715294.662233829498291,48,10,45,2,11
1403715294.712233543395996,47,3,45,0,11
1403715294.762228012084961,47,1,45,1,11
1403715294.812212228775024,47,18,45,2,11
1403715294.862207174301147,49,4,47,2,11
1403715294.912192583084106,48,0,48,0,11
1403715294.962167263031006,48,0,48,0,11
1403715295.012163639068604,46,0,46,0,11
1403715295.062150716781616,46,0,46,0,11
1403715295.112147808074951,45,1,45,0,11
1403715295.162151575088501,44,0,44,0,11
1403715295.212139844894409,44,0,43,0,11
1403715295.262140750885010,49,1,42,6,11
1403715295.312149524688721,50,10,47,2,11
1403715295.362154722213745,50,2,49,0,11
1403715295.412161111831665,50,11,48,1,11
1403715295.462158679962158,49,2,49,0,11
1403715295.512159824371338,47,0,47,0,11
1403715295.562163352966309,46,2,46,0,11
1403715295.612166643142700,46,0,45,0,11
1403715295.662169456481934,46,1,44,0,11
1403715295.712170839309692,45,0,44,0,11
1403715295.762166500091553,44,2,44,0,11
1403715295.812176465988159,44,0,43,0,11
1403715295.862172603607178,45,0,43,1,11
1403715295.912193059921265,43,12,40,2,11
1403715295.962208747863770,49,15,41,7,11
1403715296.012194633483887,48,8,47,1,11
1403715296.062180995941162,49,1,48,1,11
1403715296.112169027328491,45,0,44,0,11
1403715296.162168264389038,43,0,41,0,11
1403715296.212164640426636,40,0,38,0,11
1403715296.262144327163696,40,1,38,0,11
1403715296.312143325805664,36,0,33,1,11
1403715296.362154006958008,35,2,31,0,11
1403715296.412160158157349,33,1,31,0,11
1403715296.462166786193848,31,1,29,0,11
1403715296.512183427810669,42,0,28,12,11
1403715296.562228918075562,45,9,39,6,11
1403715296.612277746200562,50,1,45,5,11
1403715296.662295103073120,50,1,49,0,11
1403715296.712302684783936,50,0,49,0,11
1403715296.762301921844482,50,21,49,1,11
1403715296.812302112579346,50,0,50,0,11
1403715296.862303256988525,49,0,49,0,11
1403715296.912302732467651,49,0,49,0,11
1403715296.962302684783936,49,0,48,0,11
1403715297.012300252914429,48,0,47,0,11
1403715297.062300682067871,48,0,47,1,11
1403715297.112300634384155,48,1,48,0,11
1403715297.162319660186768,48,9,47,0,11
1403715297.212314367294312,45,1,43,0,11
1403715297.262310266494751,44,0,41,1,11
1403715297.312303304672241,44,1,42,1,11
1403715297.362287282943726,49,16,42,7,11
1403715297.412281036376953,49,0,49,0,11
1403715297.462260961532593,48,1,48,0,11
1403715297.512243270874023,48,2,48,0,11
1403715297.562246084213257,47,1,47,0,11
1403715297.612257719039917,44,2,44,0,11
1403715297.662266016006470,44,1,44,0,11
1403715297.712270498275757,43,1,42,0,11
1403715297.762261390686035,46,28,42,3,11
1403715297.812247753143311,46,0,45,1,11
1403715297.862233877182007,45,0,44,0,11
1403715297.912212848663330,44,0,42,0,11
1403715297.962181329727173,49,7,41,7,11
1403715298.012185811996460,49,2,47,1,11
1403715298.062192916870117,49,1,48,0,11
1403715298.112194776535034,48,2,48,0,11
1403715298.162192583084106,47,1,47,0,11
1403715298.212194442749023,43,2,42,0,11
1403715298.262191057205200,40,2,38,0,11
1403715298.312174797058105,40,3,38,1,11
1403715298.362172365188599,46,16,36,7,11
1403715298.412165164947510,45,2,41,0,11
1403715298.462165594100952,44,1,41,2,11
1403715298.512176990509033,44,0,43,1,11
1403715298.562195301055908,49,0,44,5,11
1403715298.612200021743774,49,1,49,0,11
1403715298.662198305130005,49,0,48,0,11
1403715298.712230443954468,49,20,47,1,11
1403715298.762227296829224,48,0,47,1,11
1403715298.812227964401245,48,0,48,0,11
1403715298.862230062484741,48,0,48,0,11
1403715298.912236928939819,48,2,48,0,11
1403715298.962223052978516,46,16,46,0,11
1403715299.012225389480591,46,0,46,0,11
1403715299.062233924865723,46,0,46,0,11
1403715299.112237691879272,46,1,46,0,11
1403715299.162240028381348,45,0,45,0,11
1403715299.212238311767578,45,0,45,0,11
1403715299.262237548828125,45,0,45,0,11
1403715299.312237262725830,48,11,44,3,11
1403715299.362232446670532,45,2,43,0,11
1403715299.412232875823975,44,2,41,0,11
1403715299.462233304977417,43,3,40,0,11
1403715299.512231349945068,40,3,36,1,11
1403715299.562227725982666,46,10,33,7,11
1403715299.612228155136108,44,3,38,2,11
1403715299.662228107452393,41,3,41,0,11
1403715299.712226390838623,41,0,39,0,11
1403715299.762224912643433,41,4,39,1,11
1403715299.812214851379395,41,0,39,1,11
1403715299.862197637557983,45,15,40,4,11
1403715299.912193775177002,48,5,43,4,11
1403715299.962185621261597,48,1,46,0,11
1403715300.012190341949463,47,2,43,1,11
1403715300.062193632125854,45,1,40,1,11
1403715300.112201929092407,41,1,36,0,11
1403715300.162213087081909,40,2,33,4,11
1403715300.212221622467041,40,0,37,2,11
1403715300.262231111526489,48,6,38,10,11
1403715300.312232255935669,48,2,47,0,11
1403715300.362231016159058,47,1,47,0,11
1403715300.412229061126709,47,1,45,0,11
1403715300.462224245071411,49,8,44,3,11
1403715300.512221336364746,49,3,46,3,11
1403715300.562215805053711,48,1,48,0,11
1403715300.612212419509888,48,0,48,0,11
1403715300.662213325500488,48,0,48,0,11
1403715300.712209224700928,50,9,48,2,11
1403715300.762207984924316,50,3,50,0,11
1403715300.812204599380493,49,0,48,0,11
1403715300.862198114395142,48,5,48,0,11
1403715300.912197113037109,48,0,47,0,11
1403715300.962196826934814,48,0,48,0,11
1403715301.012195110321045,50,9,46,2,11
1403715301.062192440032959,48,7,47,0,11
1403715301.112192392349243,49,1,47,2,11
1403715301.162190675735474,48,0,48,0,11
1403715301.212191104888916,45,0,45,0,11
1403715301.262188434600830,45,2,45,0,11
1403715301.312184333801270,47,2,44,3,11
1403715301.362170696258545,49,0,47,2,11
1403715301.412163734436035,49,0,49,0,11
1403715301.462136030197144,50,7,48,1,11
1403715301.512125492095947,50,0,50,0,11
1403715301.562126159667969,50,0,48,0,11
1403715301.612128734588623,49,10,46,0,11
1403715301.662120819091797,48,7,44,2,11
1403715301.712109327316284,49,0,46,2,11
1403715301.762090921401978,50,4,48,2,11
1403715301.812073469161987,50,3,48,0,11
1403715301.862057447433472,49,2,47,0,11
1403715301.912041664123535,49,3,47,2,11
1403715301.962038516998291,50,1,49,1,11
1403715302.012036085128784,50,0,49,0,11
1403715302.062040328979492,50,6,47,0,11
1403715302.112044334411621,49,0,46,1,11
1403715302.162044048309326,49,1,47,2,11
1403715302.212046384811401,49,16,47,1,11
1403715302.262046813964844,49,7,47,0,11
1403715302.312047243118286,48,0,45,1,11
1403715302.362045526504517,50,29,46,3,11
1403715302.412046909332275,50,1,49,1,11
1403715302.462044954299927,50,1,50,0,11
1403715302.512040853500366,50,4,49,0,11
1403715302.562038183212280,50,1,49,0,11
1403715302.612036943435669,50,0,49,1,11
1403715302.662038564682007,50,5,50,0,11
1403715302.712043046951294,50,0,48,0,11
1403715302.762049674987793,50,0,46,0,11
1403715302.812068223953247,49,15,46,1,11
1403715302.862073659896851,49,8,46,3,11
1403715302.912070274353027,49,0,49,0,11
1403715302.962073326110840,50,20,49,1,11
1403715303.012070178985596,50,0,50,0,11
1403715303.062068223953247,49,0,49,0,11
1403715303.112066984176636,50,3,48,1,11
1403715303.162063598632812,50,0,49,0,11
1403715303.212058782577515,50,0,48,1,11
1403715303.262050390243530,50,4,43,0,11
1403715303.312053203582764,46,0,41,0,11
1403715303.362055540084839,44,3,39,2,11
1403715303.412063360214233,49,11,37,6,11
1403715303.462072610855103,47,7,41,1,11
1403715303.512082099914551,45,1,41,2,11
1403715303.562097549438477,47,12,41,5,11
1403715303.612105131149292,41,2,38,0,11
1403715303.662105321884155,38,0,34,0,11
1403715303.712107419967651,33,2,29,1,11
1403715303.762106418609619,32,1,30,1,11
1403715303.812098264694214,48,5,29,19,11
1403715303.862096071243286,47,1,43,2,11
1403715303.912093639373779,47,3,45,0,11
1403715303.962092399597168,43,2,43,0,11
1403715304.012091159820557,49,1,42,7,11
1403715304.062094926834106,49,3,49,0,11
1403715304.112091541290283,47,0,44,0,11
1403715304.162087678909302,47,3,43,2,11
1403715304.212082624435425,49,19,45,4,11
1403715304.262080192565918,49,1,49,0,11
1403715304.312080383300781,50,0,49,1,11
1403715304.362078666687012,50,1,50,0,11
1403715304.412075996398926,50,3,50,0,11
1403715304.462074041366577,50,0,50,0,11
1403715304.512071609497070,50,0,50,0,11
1403715304.562070131301880,50,13,49,0,11
1403715304.612069606781006,50,16,47,0,11
1403715304.662070035934448,49,2,46,0,11
1403715304.712068080902100,49,0,46,2,11
1403715304.762068986892700,49,2,48,1,11
1403715304.812073707580566,50,13,48,1,11
1403715304.862080812454224,50,0,48,0,11
1403715304.912085533142090,50,0,48,1,11
1403715304.962089538574219,49,0,48,0,11
1403715305.012090206146240,50,2,49,1,11
1403715305.062099456787109,50,0,46,0,11
1403715305.112106561660767,50,0,44,0,11
1403715305.162107944488525,49,11,45,3,11
1403715305.212112665176392,50,14,48,1,11
1403715305.262110710144043,49,1,49,0,11
1403715305.312109947204590,49,0,49,0,11
1403715305.362109661102295,50,0,49,1,11
1403715305.412107467651367,50,11,50,0,11
1403715305.462107658386230,50,0,50,0,11
1403715305.512107610702515,50,0,50,0,11
1403715305.562109231948853,50,0,50,0,11
1403715305.612103939056396,50,2,49,0,11
1403715305.662103176116943,50,0,48,1,11
1403715305.712100505828857,50,0,48,0,11
1403715305.762092113494873,50,14,46,1,11
1403715305.812083005905151,49,15,46,1,11
1403715305.862075567245483,49,2,47,1,11
1403715305.912073135375977,48,0,46,0,11
1403715305.962073087692261,50,0,46,2,11
1403715306.012068033218384,49,22,47,1,11
1403715306.062067747116089,49,0,48,0,11
1403715306.112068414688110,48,0,48,0,11
1403715306.162068367004395,49,0,47,1,11
1403715306.212069511413574,50,1,47,1,11
1403715306.262068033218384,49,0,48,0,11
1403715306.312067031860352,48,1,47,0,11
1403715306.362065315246582,50,15,46,2,11
1403715306.412059783935547,49,14,47,0,11
1403715306.462050437927246,47,2,46,0,11
1403715306.512039899826050,46,0,43,0,11
1403715306.562034130096436,42,0,40,0,11
1403715306.612028598785400,44,15,36,8,11
1403715306.662023067474365,44,2,43,0,11
1403715306.712018489837646,43,0,42,0,11
1403715306.762016534805298,42,0,42,0,11
1403715306.812017917633057,40,0,40,0,11
1403715306.862022638320923,40,5,39,1,11
1403715306.912026643753052,39,1,39,0,11
1403715306.962034702301025,44,2,39,5,11
1403715307.012041568756104,49,11,42,6,11
1403715307.062051773071289,43,4,41,1,11
1403715307.112059593200684,41,0,41,0,11
1403715307.162066459655762,42,1,41,1,11
1403715307.212067365646362,50,4,42,8,11
1403715307.262067079544067,50,0,50,0,11
1403715307.312069177627563,50,0,50,0,11
1403715307.362084865570068,49,34,47,0,11
1403715307.412092685699463,48,0,45,0,11
1403715307.462107658386230,48,0,45,2,11
1403715307.512113332748413,45,2,45,0,11
1403715307.562117815017700,43,0,43,0,11
1403715307.612128019332886,46,1,41,5,11
1403715307.662128925323486,48,0,44,3,11
1403715307.712130546569824,42,1,41,0,11
1403715307.762128114700317,38,3,37,0,11
1403715307.812126159667969,39,1,36,3,11
1403715307.862125635147095,44,14,33,11,11
1403715307.912124156951904,42,3,41,0,11
1403715307.962128162384033,48,8,40,7,11
1403715308.012126445770264,48,2,45,1,11
1403715308.062126398086548,48,1,45,0,11
1403715308.112128019332886,47,0,45,1,11
1403715308.162131547927856,45,0,44,0,11
1403715308.212128400802612,48,8,39,5,11
1403715308.262132406234741,50,21,44,2,11
1403715308.312137842178345,47,0,40,2,11
1403715308.362140655517578,44,0,39,0,11
1403715308.412145137786865,40,2,36,1,11
1403715308.462141990661621,48,1,36,9,11
1403715308.512149572372437,46,1,45,1,11
1403715308.562158346176147,49,5,45,4,11
1403715308.612162828445435,49,1,49,0,11
1403715308.662164926528931,49,0,49,0,11
1403715308.712175130844116,50,28,49,1,11
1403715308.762178182601929,50,0,50,0,11
1403715308.812180519104004,50,2,50,0,11
1403715308.862183094024658,49,11,49,0,11
1403715308.912183761596680,49,0,49,0,11
1403715308.962186813354492,49,0,49,0,11
1403715309.012186765670776,49,1,49,0,11
1403715309.062190055847168,50,0,49,1,11
1403715309.112189054489136,50,2,50,0,11
1403715309.162192583084106,50,3,50,0,11
1403715309.212196111679077,50,0,50,0,11
1403715309.262209177017212,50,1,49,0,11
1403715309.312206506729126,50,23,50,0,11
1403715309.362202882766724,50,0,50,0,11
1403715309.412198305130005,50,2,50,0,11
1403715309.462202548980713,50,16,50,0,11
1403715309.512201547622681,50,1,50,0,11
1403715309.562202215194702,50,1,50,0,11
1403715309.612199783325195,50,3,50,0,11
1403715309.662199258804321,50,1,50,0,11
1403715309.712196588516235,50,2,49,0,11
1403715309.762194156646729,49,3,49,0,11
1403715309.812192678451538,48,0,48,0,11
1403715309.862190961837769,48,0,48,0,11
1403715309.912188768386841,49,19,48,1,11
1403715309.962187051773071,50,1,49,1,11
1403715310.012188196182251,50,3,50,0,11
1403715310.062191724777222,50,29,50,0,11
1403715310.112191438674927,49,1,49,0,11
1403715310.162189960479736,47,0,47,0,11
1403715310.212186813354492,47,2,45,2,11
1403715310.262183904647827,47,1,45,1,11
1403715310.312182188034058,47,3,46,0,11
1403715310.362182617187500,49,4,44,4,11
1403715310.412179708480835,49,1,48,0,11
1403715310.462176322937012,48,2,48,0,11
1403715310.512175321578979,48,14,47,1,11
1403715310.562171459197998,45,0,44,0,11
1403715310.612168312072754,47,0,42,3,11
1403715310.662159681320190,49,12,45,3,11
1403715310.712158203125000,47,1,46,0,11
1403715310.762158393859863,44,1,44,0,11
1403715310.812161445617676,42,0,42,0,11
1403715310.862160205841064,49,4,42,7,11
1403715310.912160634994507,49,0,49,0,11
1403715310.962160110473633,49,0,48,0,11
1403715311.012160301208496,49,0,48,0,11
1403715311.062159776687622,49,12,48,1,11
1403715311.112160444259644,49,15,48,0,11
1403715311.162162303924561,50,10,48,1,11
1403715311.212163209915161,49,0,49,0,11
1403715311.262166261672974,50,12,49,1,11
1403715311.312167167663574,48,0,48,0,11
1403715311.362169265747070,47,0,47,0,11
1403715311.412171840667725,47,0,47,0,11
1403715311.462173700332642,49,2,46,3,11
1403715311.512174844741821,49,1,49,0,11
1403715311.562174797058105,49,1,48,1,11
1403715311.612174034118652,49,0,47,0,11
1403715311.662173271179199,49,8,47,1,11
1403715311.712171316146851,48,15,46,1,11
1403715311.762169837951660,50,8,47,2,11
1403715311.812171220779419,49,0,48,0,11
1403715311.862173080444336,49,13,47,1,11
1403715311.912169218063354,50,21,46,2,11
1403715311.962169647216797,48,0,47,0,11
1403715312.012169361114502,48,0,47,1,11
1403715312.062169790267944,49,0,46,2,11
1403715312.112169504165649,48,1,44,0,11
1403715312.162169933319092,44,0,41,0,11
1403715312.212169647216797,38,2,36,0,11
1403715312.262171030044556,44,0,36,7,11
1403715312.312174558639526,44,8,38,4,11
1403715312.362176418304443,48,3,40,5,11
1403715312.412176609039307,44,1,39,2,11
1403715312.462179660797119,47,11,39,6,11
1403715312.512181043624878,48,14,44,2,11
1403715312.562182188034058,45,2,43,1,11
1403715312.612180233001709,44,0,43,1,11
1403715312.662180185317993,44,4,43,0,11
1403715312.712180137634277,43,0,42,0,11
1403715312.762178897857666,46,2,42,4,11
1403715312.812179565429688,46,1,46,0,11
1403715312.862178564071655,48,13,45,3,11
1403715312.912178754806519,47,4,47,0,11
1403715312.962178707122803,45,2,44,0,11
1403715313.012178421020508,45,2,43,0,11
1403715313.062176465988159,49,1,43,5,11
1403715313.112175226211548,48,9,45,2,11
1403715313.162173509597778,47,2,45,0,11
1403715313.212169408798218,47,2,44,0,11
1403715313.262167930603027,49,3,43,4,11
1403715313.312165975570679,49,0,47,1,11
1403715313.362163543701172,50,1,48,1,11
1403715313.412161350250244,50,0,49,1,11
1403715313.462155103683472,50,11,50,0,11
1403715313.512151002883911,49,9,49,0,11
1403715313.562148094177246,49,3,47,0,11
1403715313.612147092819214,49,1,47,0,11
1403715313.662147283554077,50,0,47,3,11
1403715313.712148666381836,50,9,50,0,11
1403715313.762150526046753,49,0,47,0,11
1403715313.812152624130249,49,0,47,0,11
1403715313.862156391143799,47,3,47,0,11
1403715313.912160634994507,50,7,47,3,11
1403715313.962163448333740,50,0,49,0,11
1403715314.012165069580078,50,2,49,0,11
1403715314.062167644500732,50,11,49,1,11
1403715314.112168788909912,50,6,50,0,11
1403715314.162169694900513,47,6,45,0,11
1403715314.212170600891113,42,0,41,0,11
1403715314.262172937393188,39,0,36,0,11
1403715314.312175273895264,44,0,36,7,11
1403715314.362175464630127,42,0,38,0,11
1403715314.412175178527832,44,0,37,3,11
1403715314.462174892425537,44,0,39,3,11
1403715314.512174129486084,45,0,40,2,11
1403715314.562172412872314,43,1,41,0,11
1403715314.612171411514282,42,2,41,1,11
1403715314.662169694900513,50,1,42,8,11
1403715314.712172269821167,50,7,50,0,11
1403715314.762167930603027,50,16,50,0,11
1403715314.812165260314941,50,0,48,0,11
1403715314.862166404724121,49,0,48,0,11
1403715314.912164688110352,47,2,44,0,11
1403715314.962164640426636,48,0,45,2,11
1403715315.012161970138550,50,6,46,2,11
1403715315.062161207199097,48,2,46,1,11
1403715315.112161397933960,50,4,47,2,11
1403715315.162163972854614,48,4,48,0,11
1403715315.212165117263794,48,0,46,2,11
1403715315.262166261672974,49,1,45,1,11
1403715315.312168598175049,50,7,45,1,11
1403715315.362162113189697,48,16,46,1,11
1403715315.412155628204346,47,0,47,0,11
1403715315.462155818939209,49,1,45,3,11
1403715315.512155771255493,48,1,47,0,11
1403715315.562152147293091,48,0,47,1,11
1403715315.612147569656372,50,3,48,2,11
1403715315.662145376205444,50,3,50,0,11
1403715315.712149143218994,50,3,50,0,11
1403715315.762151718139648,48,5,48,0,11
1403715315.812153577804565,49,4,46,1,11
1403715315.862154722213745,50,0,47,1,11
1403715315.912156581878662,48,9,47,0,11
1403715315.962157487869263,50,15,46,2,11
1403715316.012157917022705,49,1,48,0,11
1403715316.062157869338989,48,0,47,0,11
1403715316.112156152725220,49,1,47,1,11
1403715316.162154436111450,47,0,44,0,11
1403715316.212152719497681,46,1,43,1,11
1403715316.262151002883911,46,8,39,4,11
1403715316.312149286270142,48,1,42,3,11
1403715316.362153768539429,44,1,43,0,11
1403715316.412154674530029,46,1,42,3,11
1403715316.462159872055054,44,0,43,0,11
1403715316.512165307998657,48,1,43,5,11
1403715316.562163829803467,50,9,48,2,11
1403715316.612168312072754,50,0,50,0,11
1403715316.662167072296143,50,11,50,0,11
1403715316.712168693542480,50,0,49,0,11
1403715316.762168407440186,50,0,49,0,11
1403715316.812167167663574,49,13,49,0,11
1403715316.862166643142700,49,25,48,1,11
1403715316.912172317504883,48,0,47,0,11
1403715316.962172508239746,48,3,47,1,11
1403715317.012173891067505,49,0,48,1,11
1403715317.062172889709473,46,1,45,0,11
1403715317.112167835235596,45,1,44,0,11
1403715317.162162542343140,48,2,39,5,11
1403715317.212163448333740,46,1,43,0,11
1403715317.262156963348389,48,5,42,5,11
1403715317.312160730361938,48,2,48,0,11
1403715317.362168312072754,48,0,46,0,11
1403715317.412169456481934,48,10,46,1,11
1403715317.462174177169800,49,32,45,3,11
1403715317.512175321578979,49,0,48,0,11
1403715317.562177419662476,48,0,47,1,11
1403715317.612177848815918,47,0,46,0,11
1403715317.662178754806519,45,0,44,0,11
1403715317.712177038192749,44,1,39,1,11
1403715317.762176036834717,45,1,38,2,11
1403715317.812175989151001,44,14,39,4,11
1403715317.862175464630127,48,0,43,5,11
1403715317.912174701690674,47,0,46,0,11
1403715317.962174654006958,44,3,39,0,11
1403715318.012175559997559,46,4,36,6,11
1403715318.062177181243896,47,26,40,6,11
1403715318.112176895141602,46,0,45,0,11
1403715318.162175655364990,45,0,45,0,11
1403715318.212175369262695,45,0,44,0,11
1403715318.262173891067505,44,0,43,0,11
1403715318.312173604965210,44,0,42,1,11
1403715318.362171411514282,44,0,43,0,11
1403715318.412169933319092,48,8,40,6,11
1403715318.462171554565430,47,0,45,0,11
1403715318.512171983718872,42,1,41,1,11
1403715318.562160730361938,50,17,40,8,11
1403715318.612159252166748,49,4,47,0,11
1403715318.662151575088501,48,21,46,1,11
1403715318.712150812149048,45,1,45,0,11
1403715318.762153625488281,45,0,44,0,11
1403715318.812155008316040,43,0,42,0,11
1403715318.862154722213745,42,1,40,0,11
1403715318.912153005599976,41,0,40,1,11
1403715318.962150096893311,41,0,40,0,11
1403715319.012146234512329,47,0,40,6,11
1403715319.062146186828613,47,1,45,1,11
1403715319.112145423889160,44,0,44,0,11
1403715319.162143945693970,48,8,40,6,11
1403715319.212143182754517,47,4,43,2,11
1403715319.262156248092651,47,37,44,3,11
1403715319.312157869338989,47,0,47,0,11
1403715319.362168312072754,45,0,45,0,11
1403715319.412167310714722,45,0,45,0,11
1403715319.462169647216797,43,1,42,0,11
1403715319.512170553207397,40,0,40,0,11
1403715319.562169075012207,37,0,37,0,11
1403715319.612167358398438,35,1,35,0,11
1403715319.662162542343140,33,0,33,0,11
1403715319.712160348892212,33,2,33,0,11
1403715319.762158393859863,42,1,33,9,11
1403715319.812158346176147,43,0,41,2,11
1403715319.862158060073853,50,28,43,7,11
1403715319.912157297134399,49,1,48,0,11
1403715319.962153673171997,48,1,47,0,11
1403715320.012148618698120,49,8,47,2,11
1403715320.062140941619873,49,17,48,1,11
1403715320.112138032913208,46,2,46,0,11
1403715320.162135839462280,45,3,44,0,11
1403715320.212134122848511,43,2,41,0,11
1403715320.262131929397583,41,3,39,1,11
1403715320.312131166458130,39,3,39,0,11
1403715320.362131595611572,38,2,38,0,11
1403715320.412132740020752,36,1,36,0,11
1403715320.462144374847412,50,8,36,14,11
1403715320.512146234512329,46,2,46,0,11
1403715320.562145709991455,44,6,44,0,11
1403715320.612145185470581,48,10,41,6,11
1403715320.662145376205444,50,12,44,2,11
1403715320.712141752243042,49,1,45,1,11
1403715320.762133121490479,46,0,45,1,11
1403715320.812126636505127,49,6,45,4,11
1403715320.862124443054199,48,0,48,0,11
1403715320.912124156951904,48,0,48,0,11
1403715320.962121486663818,48,0,48,0,11
1403715321.012117385864258,49,24,47,2,11
1403715321.062113046646118,50,3,47,1,11
1403715321.112107038497925,50,0,49,0,11
1403715321.162102460861206,50,0,48,1,11
1403715321.212097406387329,50,9,49,0,11
1403715321.262096643447876,50,11,49,1,11
1403715321.312099933624268,50,0,50,0,11
1403715321.362099409103394,50,1,49,0,11
1403715321.412107706069946,50,5,48,1,11
1403715321.462105989456177,50,0,49,0,11
1403715321.512099981307983,50,0,49,1,11
1403715321.562097311019897,50,0,50,0,11
1403715321.612092733383179,50,21,50,0,11
1403715321.662099838256836,50,3,48,0,11
1403715321.712102890014648,50,0,45,0,11
1403715321.762105226516724,49,0,43,2,11
1403715321.812103986740112,49,8,44,4,11
1403715321.862106084823608,47,11,42,1,11
1403715321.912112951278687,46,0,43,0,11
1403715321.962127208709717,46,2,41,3,11
1403715322.012157917022705,49,1,43,3,11
1403715322.062169313430786,48,0,40,2,11
1403715322.112179279327393,47,0,24,0,11
1403715322.162182807922363,46,0,16,5,11
1403715322.212207317352295,47,15,27,19,11
1403715322.262203931808472,50,0,45,4,11
1403715322.312200069427490,49,1,48,0,11
1403715322.362196922302246,45,1,43,0,11
1403715322.412194728851318,49,4,41,7,11
1403715322.462189197540283,49,11,45,2,11
1403715322.512190818786621,46,3,42,0,11
1403715322.562191009521484,42,0,38,1,11
1403715322.612193584442139,41,1,36,1,11
1403715322.662200450897217,48,7,37,10,11
1403715322.712206840515137,47,4,42,0,11
1403715322.762212276458740,44,0,40,0,11
1403715322.812224149703979,45,8,39,6,11
1403715322.862229824066162,45,1,43,0,11
1403715322.912233114242554,43,0,40,0,11
1403715322.962235450744629,42,0,40,1,11
1403715323.012238979339600,43,1,40,3,11
1403715323.062242269515991,49,3,42,7,11
1403715323.112242221832275,50,18,49,1,11
1403715323.162239074707031,48,4,48,0,11
1403715323.212239027023315,48,1,48,0,11
1403715323.262238740921021,47,7,44,2,11
1403715323.312239408493042,46,2,45,0,11
1403715323.362239360809326,45,0,43,1,11
1403715323.412240266799927,48,4,43,4,11
1403715323.462241411209106,48,11,45,3,11
1403715323.512243270874023,48,4,48,0,11
1403715323.562237739562988,47,1,46,0,11
1403715323.612223148345947,47,15,45,1,11
1403715323.662213087081909,44,0,41,3,11
1403715323.712201118469238,47,5,38,5,11
1403715323.762192726135254,45,0,37,0,11
1403715323.812192678451538,41,0,33,3,11
1403715323.862194299697876,43,2,35,6,11
1403715323.912192344665527,40,6,39,0,11
1403715323.962189674377441,38,3,36,0,11
1403715324.012193679809570,35,3,32,0,11
1403715324.062213659286499,48,3,29,16,11
1403715324.112209320068359,45,0,43,0,11
1403715324.162205457687378,43,1,42,0,11
1403715324.212208986282349,49,2,42,7,11
1403715324.262214422225952,50,5,49,1,11
1403715324.312214374542236,50,0,50,0,11
1403715324.362213850021362,50,4,50,0,11
1403715324.412215232849121,49,10,49,0,11
1403715324.462215185165405,49,1,49,0,11
1403715324.512216806411743,50,1,49,1,11
1403715324.562223911285400,50,7,49,0,11
1403715324.612237453460693,50,1,46,0,11
1403715324.662252902984619,50,1,41,1,11
1403715324.712265968322754,49,0,37,2,11
1403715324.762284278869629,50,4,39,6,11
1403715324.812290906906128,49,1,43,3,11
1403715324.862311363220215,50,1,43,2,11
1403715324.912321329116821,50,0,44,2,11
1403715324.962331295013428,49,5,45,2,11
1403715325.012336730957031,49,9,48,1,11
1403715325.062333583831787,49,0,49,0,11
1403715325.112327575683594,49,0,49,0,11
1403715325.162319183349609,50,6,49,1,11
1403715325.212315559387207,50,2,50,0,11
1403715325.262314319610596,50,1,50,0,11
1403715325.312316656112671,50,0,50,0,11
1403715325.362322330474854,50,5,50,0,11
1403715325.412326335906982,50,2,50,0,11
1403715325.462329387664795,50,4,48,0,11
1403715325.512327194213867,50,0,48,0,11
1403715325.562315702438354,50,6,48,2,11
1403715325.612295866012573,50,17,50,0,11
1403715325.662288427352905,50,0,48,0,11
1403715325.712287187576294,50,0,46,0,11
1403715325.762282848358154,50,5,48,2,11
1403715325.812281608581543,50,1,50,0,11
1403715325.862280368804932,50,2,50,0,11
1403715325.912280082702637,50,0,50,0,11
1403715325.962279558181763,50,4,50,0,11
1403715326.012280702590942,50,2,49,0,11
1403715326.062282800674438,50,4,49,0,11
1403715326.112285137176514,49,1,48,0,11
1403715326.162286281585693,50,6,49,1,11
1403715326.212293624877930,50,20,50,0,11
1403715326.262298583984375,50,0,50,0,11
1403715326.312307357788086,50,0,48,0,11
1403715326.362315654754639,49,7,48,0,11
1403715326.412316083908081,48,1,48,0,11
1403715326.462311506271362,50,0,48,2,11
1403715326.512305974960327,50,0,50,0,11
1403715326.562296390533447,49,7,48,0,11
1403715326.612290382385254,50,1,47,1,11
1403715326.662289381027222,50,3,48,1,11
1403715326.712291717529297,50,3,49,1,11
1403715326.762295007705688,50,6,50,0,11
1403715326.812300205230713,50,20,49,0,11
1403715326.862302541732788,50,0,49,0,11
1403715326.912303209304810,50,0,49,1,11
1403715326.962305307388306,50,6,50,0,11
1403715327.012305736541748,50,1,50,0,11
1403715327.062307119369507,50,0,50,0,11
1403715327.112307310104370,50,0,50,0,11
1403715327.162312507629395,50,3,50,0,11
1403715327.212313175201416,50,1,48,0,11
1403715327.262314319610596,50,3,49,0,11
1403715327.312315940856934,50,2,48,1,11
1403715327.362316608428955,50,6,49,1,11
1403715327.412318229675293,49,19,48,0,11
1403715327.462316989898682,48,0,46,0,11
1403715327.512317180633545,48,0,46,1,11
1403715327.562318801879883,49,6,47,2,11
1403715327.612319946289062,48,1,48,0,11
1403715327.662321567535400,48,2,47,0,11
1403715327.712323188781738,47,0,45,0,11
1403715327.762325286865234,48,2,46,2,11
1403715327.812328100204468,47,1,46,1,11
1403715327.862330436706543,50,3,47,3,11
1403715327.912327766418457,49,6,49,0,11
1403715327.962327003479004,50,3,48,1,11
1403715328.012325525283813,50,22,47,0,11
1403715328.062323808670044,46,32,44,0,11
1403715328.112319946289062,45,0,43,0,11
1403715328.162319421768188,45,0,43,1,11
1403715328.212316989898682,46,0,44,2,11
1403715328.262316942214966,46,0,46,0,11
1403715328.312315940856934,46,1,46,0,11
1403715328.362319231033325,47,0,46,1,11
1403715328.412318706512451,47,0,47,0,11
1403715328.462318658828735,47,0,47,0,11
1403715328.512317419052124,48,0,47,1,11
1403715328.562314748764038,50,0,48,2,11
1403715328.612310171127319,50,20,50,0,11
1403715328.662303686141968,50,29,50,0,11
1403715328.712304592132568,50,1,49,0,11
1403715328.762306690216064,50,1,48,0,11
1403715328.812306404113770,50,0,48,1,11
1403715328.862302541732788,49,0,49,0,11
1403715328.912297964096069,49,0,49,0,11
1403715328.962293386459351,49,1,49,0,11
1403715329.012292146682739,49,0,49,0,11
1403715329.062290668487549,49,1,48,0,11
1403715329.112293243408203,49,0,46,1,11
1403715329.162295341491699,48,1,47,1,11
1403715329.212305307388306,49,14,47,1,11
1403715329.262301206588745,50,21,47,1,11
1403715329.312303304672241,49,0,47,1,11
1403715329.362303018569946,49,0,47,1,11
1403715329.412302494049072,48,0,47,0,11
1403715329.462299585342407,45,0,44,0,11
1403715329.512297391891479,45,1,44,0,11
1403715329.562296390533447,45,1,44,1,11
1403715329.612296819686890,45,2,45,0,11
1403715329.662297010421753,45,2,45,0,11
1403715329.712298631668091,44,1,43,0,11
1403715329.762299776077271,44,0,44,0,11
1403715329.812298774719238,47,8,44,3,11
1403715329.862299680709839,50,14,47,3,11
1403715329.912299633026123,50,0,50,0,11
1403715329.962300300598145,50,17,50,0,11
1403715330.012298822402954,50,36,50,0,11
1403715330.062295675277710,50,10,50,0,11
1403715330.112289905548096,50,1,39,0,11
1403715330.162289142608643,49,0,46,0,11
1403715330.212283849716187,47,1,46,1,11
1403715330.262282609939575,47,0,47,0,11
1403715330.312282562255859,47,0,46,0,11
1403715330.362283229827881,46,0,45,1,11
1403715330.412281513214111,49,7,46,3,11
1403715330.462278604507446,50,12,49,1,11
1403715330.512277364730835,50,0,50,0,11
1403715330.562275648117065,50,20,50,0,11
1403715330.612272977828979,50,32,50,0,11
1403715330.662275075912476,49,7,49,0,11
1403715330.712272405624390,48,0,48,0,11
1403715330.762271165847778,48,0,48,0,11
1403715330.812265157699585,48,0,48,0,11
1403715330.862258911132812,48,0,48,0,11
1403715330.912255525588989,48,0,48,0,11
1403715330.962253570556641,48,0,48,0,11
1403715331.012253761291504,48,5,48,0,11
1403715331.062254905700684,50,9,48,2,11
1403715331.112255811691284,50,1,50,0,11
1403715331.162252426147461,50,16,50,0,11
1403715331.212244749069214,50,35,50,0,11
1403715331.262240409851074,48,6,47,0,11
1403715331.312229871749878,48,0,45,0,11
1403715331.362218618392944,48,0,45,1,11
1403715331.412208080291748,48,0,46,2,11
1403715331.462198257446289,48,0,47,0,11
1403715331.512195348739624,48,1,46,1,11
1403715331.562197923660278,48,1,47,0,11
1403715331.612197399139404,49,7,46,2,11
1403715331.662195444107056,49,5,48,0,11
1403715331.712194442749023,49,2,48,1,11
1403715331.762195110321045,50,17,48,1,11
1403715331.812199354171753,50,30,49,0,11
1403715331.862200498580933,50,3,49,1,11
1403715331.912206888198853,50,0,49,0,11
1403715331.962213039398193,50,0,48,1,11
1403715332.012217998504639,50,2,49,0,11
1403715332.062224388122559,50,0,49,1,11
1403715332.112226963043213,50,0,50,0,11
1403715332.162228345870972,50,0,50,0,11
1403715332.212230443954468,50,5,50,0,11
1403715332.262232065200806,50,5,50,0,11
1403715332.312232732772827,50,0,50,0,11
1403715332.362232208251953,50,18,50,0,11
1403715332.412237167358398,50,27,49,0,11
1403715332.462236166000366,50,3,49,0,11
1403715332.512239217758179,50,0,49,1,11
1403715332.562238931655884,50,0,50,0,11
1403715332.612237215042114,50,1,50,0,11
1403715332.662235498428345,50,0,50,0,11
1403715332.712234020233154,50,0,49,0,11
1403715332.762233018875122,50,0,47,0,11
1403715332.812232732772827,50,6,47,1,11
1403715332.862231969833374,50,5,48,2,11
1403715332.912231445312500,50,0,49,0,11
1403715332.962228536605835,50,19,48,0,11
1403715333.012217998504639,49,25,47,1,11
1403715333.062222480773926,50,1,48,2,11
1403715333.112224578857422,50,0,50,0,11
1403715333.162225961685181,50,1,50,0,11
1403715333.212225914001465,50,2,50,0,11
1403715333.262223005294800,50,2,50,0,11
1403715333.312219858169556,50,0,50,0,11
1403715333.362219810485840,50,0,50,0,11
1403715333.412220478057861,50,5,49,0,11
1403715333.462221145629883,50,2,49,0,11
1403715333.512222051620483,48,3,46,0,11
1403715333.562224388122559,49,12,46,2,11
1403715333.612223625183105,49,24,47,1,11
1403715333.662222385406494,49,2,48,0,11
1403715333.712222099304199,49,2,47,1,11
1403715333.762222051620483,49,3,45,0,11
1403715333.812222003936768,48,3,46,0,11
1403715333.862224102020264,47,2,45,1,11
1403715333.912234306335449,50,25,46,3,11
1403715333.962243080139160,50,0,48,1,11
1403715334.012253046035767,50,3,47,0,11
1403715334.062259912490845,48,2,47,0,11
1403715334.112265348434448,48,0,44,1,11
1403715334.162262439727783,49,8,44,2,11
1403715334.212266445159912,48,18,45,2,11
1403715334.262263298034668,46,0,46,0,11
1403715334.312263488769531,46,1,45,0,11
1403715334.362261533737183,46,0,45,0,11
1403715334.412260055541992,45,1,44,1,11
1403715334.462257623672485,45,0,43,0,11
1403715334.512252330780029,49,18,43,4,11
1403715334.562251567840576,46,0,43,0,11
1403715334.612251043319702,43,0,40,1,11
1403715334.662249326705933,42,1,38,3,11
1403715334.712248563766479,41,0,38,0,11
1403715334.762248516082764,50,1,38,10,11
1403715334.812245845794678,48,18,46,1,11
1403715334.862246751785278,46,2,44,0,11
1403715334.912245988845825,45,2,44,0,11
1403715334.962246417999268,45,1,43,1,11
1403715335.012246608734131,44,0,42,0,11
1403715335.062247037887573,43,0,41,1,11
1403715335.112245082855225,44,38,36,7,11
1403715335.162244558334351,45,2,40,1,11
1403715335.212246179580688,45,0,41,1,11
1403715335.262245416641235,44,0,39,2,11
1403715335.312241554260254,43,0,39,0,11
1403715335.362241506576538,39,0,38,0,11
1403715335.412239551544189,48,7,37,10,11
1403715335.462238788604736,48,2,47,0,11
1403715335.512237787246704,48,1,44,1,11
1403715335.562238216400146,47,1,44,1,11
1403715335.612238407135010,47,1,43,1,11
1403715335.662238597869873,47,0,43,1,11
1403715335.712238311767578,47,32,43,3,11
1403715335.762238502502441,46,0,44,0,11
1403715335.812239646911621,45,0,43,0,11
1403715335.862240076065063,44,1,42,1,11
1403715335.912240743637085,43,2,41,0,11
1403715335.962245464324951,48,16,41,6,11
1403715336.012246608734131,48,6,45,2,11
1403715336.062249660491943,45,1,45,0,11
1403715336.112254858016968,45,0,45,0,11
1403715336.162257671356201,44,0,42,0,11
1403715336.212256669998169,42,1,40,0,11
1403715336.262253522872925,41,2,39,1,11
1403715336.312249422073364,49,19,40,9,11
1403715336.362247228622437,49,0,49,0,11
1403715336.412245988845825,49,1,48,0,11
1403715336.462244749069214,48,0,46,0,11
1403715336.512248039245605,48,0,46,1,11
1403715336.562252283096313,47,13,47,0,11
1403715336.612259864807129,48,3,44,2,11
1403715336.662262201309204,47,0,45,0,11
1403715336.712264060974121,45,1,45,0,11
1403715336.762268304824829,49,6,43,4,11
1403715336.812268972396851,48,0,46,0,11
1403715336.862269639968872,46,1,45,0,11
1403715336.912271976470947,48,12,44,4,11
1403715336.962271690368652,45,0,45,0,11
1403715337.012272596359253,43,1,42,0,11
1403715337.062272310256958,43,0,42,0,11
1403715337.112273216247559,40,0,37,1,11
1403715337.162273883819580,46,3,33,9,11
1403715337.212271213531494,47,1,41,3,11
1403715337.262271642684937,46,0,43,0,11
1403715337.312271118164062,43,0,41,0,11
1403715337.362276554107666,45,13,40,3,11
1403715337.412276029586792,44,1,41,0,11
1403715337.462275743484497,41,1,39,0,11
1403715337.512274026870728,44,1,36,7,11
1403715337.562272787094116,43,4,42,0,11
1403715337.612271785736084,42,0,40,0,11
1403715337.662270784378052,37,1,36,0,11
1403715337.712270498275757,30,0,29,0,11
1403715337.762274026870728,37,0,28,8,11
1403715337.812275171279907,36,1,31,1,11
1403715337.862276077270508,34,1,28,1,11
1403715337.912276506423950,26,2,26,0,11
1403715337.962276697158813,37,3,25,11,11
1403715338.012276887893677,36,0,34,0,11
1403715338.062276601791382,44,2,33,9,11
1403715338.112277030944824,43,1,41,0,11
1403715338.162277698516846,41,6,38,1,11
1403715338.212278366088867,39,4,37,1,11
1403715338.262279033660889,41,1,37,3,11
1403715338.312279224395752,39,1,39,0,11
1403715338.362279653549194,38,5,38,0,11
1403715338.412280559539795,40,0,38,2,11
1403715338.462280511856079,44,3,39,4,11
1403715338.512281417846680,41,5,41,0,11
1403715338.562282085418701,44,2,39,4,11
1403715338.612282752990723,42,2,38,0,11
1403715338.662283182144165,41,3,37,1,11
1403715338.712283134460449,44,2,35,6,11
1403715338.762282609939575,43,3,40,1,11
1403715338.812280654907227,38,7,34,1,11
1403715338.862278938293457,38,2,35,2,11
1403715338.912273645401001,35,2,33,0,11
1403715338.962273597717285,33,2,31,0,11
1403715339.012272357940674,33,3,28,3,11
1403715339.062272071838379,32,3,31,0,11
1403715339.112271547317505,41,3,31,10,11
1403715339.162273406982422,43,2,41,2,11
1403715339.212275266647339,45,4,42,2,11
1403715339.262275934219360,44,2,43,0,11
1403715339.312277078628540,46,2,43,3,11
1403715339.362277269363403,49,0,46,3,11
1403715339.412276506423950,49,3,47,1,11
1403715339.462276935577393,47,2,44,1,11
1403715339.512279748916626,47,1,44,2,11
1403715339.562280178070068,48,4,46,2,11
1403715339.612283468246460,47,0,47,0,11
1403715339.662285327911377,47,0,47,0,11
1403715339.712285280227661,47,0,46,1,11
1403715339.762284755706787,46,3,44,0,11
1403715339.812283754348755,46,1,43,2,11
1403715339.862282514572144,45,1,41,3,11
1403715339.912280559539795,41,1,41,0,11
1403715339.962277173995972,42,2,41,1,11
1403715340.012273311614990,43,0,41,2,11
1403715340.062266349792480,44,1,41,2,11
1403715340.112261295318604,46,0,43,2,11
1403715340.162254095077515,46,6,44,2,11
1403715340.212249040603638,45,2,45,0,11
1403715340.262247562408447,47,3,42,4,11
1403715340.312246322631836,50,1,46,3,11
1403715340.362246513366699,46,2,45,0,11
1403715340.412251234054565,46,0,45,0,11
1403715340.462251424789429,48,1,44,3,11
1403715340.512255907058716,46,3,45,0,11
1403715340.562256813049316,46,0,44,1,11
1403715340.612259387969971,46,0,44,0,11
1403715340.662257909774780,45,0,44,0,11
1403715340.712255477905273,45,1,44,1,11
1403715340.762252807617188,47,3,43,2,11
1403715340.812252998352051,47,0,44,0,11
1403715340.862252712249756,46,4,42,2,11
1403715340.912253856658936,46,0,44,1,11
1403715340.962255239486694,48,4,43,4,11
1403715341.012256622314453,48,0,46,0,11
1403715341.062259912490845,47,3,46,0,11
1403715341.112263202667236,47,5,45,1,11
1403715341.162264823913574,47,6,44,2,11
1403715341.212265253067017,45,0,43,1,11
1403715341.262265205383301,46,2,44,1,11
1403715341.312266588211060,44,1,42,0,11
1403715341.362267971038818,47,3,41,4,11
1403715341.412267923355103,46,0,45,1,11
1403715341.462266921997070,48,4,45,3,11
1403715341.512266159057617,46,0,46,0,11
1403715341.562264204025269,49,1,46,3,11
1403715341.612263917922974,48,3,48,0,11
1403715341.662265539169312,46,8,46,0,11
1403715341.712265968322754,46,1,43,1,11
1403715341.762265443801880,46,1,43,1,11
1403715341.812266588211060,42,3,42,0,11
1403715341.862268447875977,47,0,41,5,11
1403715341.912271261215210,46,1,45,0,11
1403715341.962269783020020,47,0,45,2,11
1403715342.012270927429199,48,1,44,1,11
1403715342.062270641326904,49,3,47,1,11
1403715342.112269639968872,48,0,47,0,11
1403715342.162268400192261,48,1,46,2,11
1403715342.212265968322754,49,4,47,2,11
1403715342.262264728546143,49,10,49,0,11
1403715342.312261104583740,49,9,49,0,11
1403715342.362260103225708,49,0,48,0,11
1403715342.412260055541992,49,0,48,0,11
1403715342.462260007858276,48,0,48,0,11
1403715342.512262344360352,47,2,47,0,11
1403715342.562261581420898,48,2,46,1,11
1403715342.612255573272705,48,1,45,0,11
1403715342.662250757217407,48,8,46,1,11
1403715342.712251424789429,46,0,45,0,11
1403715342.762254953384399,46,2,44,1,11
1403715342.812257766723633,46,1,43,1,11
1403715342.862253904342651,46,7,43,1,11
1403715342.912251710891724,49,5,43,5,11
1403715342.962252616882324,49,0,46,0,11
1403715343.012253046035767,48,1,45,1,11
1403715343.062252998352051,47,2,44,0,11
1403715343.112251758575439,45,1,35,1,11
1403715343.162253379821777,46,2,31,2,11
1403715343.212255716323853,42,1,25,6,11
1403715343.262254238128662,47,1,28,10,11
1403715343.312254190444946,44,1,31,4,11
1403715343.362256526947021,48,12,35,6,11
1403715343.412256717681885,48,1,39,7,11
1403715343.462258100509644,48,2,47,0,11
1403715343.512259244918823,45,3,43,2,11
1403715343.562261581420898,43,2,40,0,11
1403715343.612263679504395,41,1,39,0,11
1403715343.662263631820679,37,2,37,0,11
1403715343.712266206741333,37,3,37,0,11
1403715343.762267827987671,48,2,35,12,11
1403715343.812267780303955,47,0,46,0,11
1403715343.862267494201660,46,0,45,1,11
1403715343.912266254425049,46,3,45,1,11
1403715343.962265968322754,45,8,43,2,11
1403715344.012267112731934,45,2,45,0,11
1403715344.062270402908325,45,12,43,2,11
1403715344.112271070480347,44,0,42,1,11
1403715344.162272214889526,42,0,39,0,11
1403715344.212273359298706,39,4,37,0,11
1403715344.262275218963623,38,1,36,0,11
1403715344.312276124954224,37,3,34,1,11
1403715344.362274169921875,36,4,30,2,11
1403715344.412274837493896,38,2,30,4,11
1403715344.462279319763184,37,1,34,2,11
1403715344.512282848358154,35,1,35,0,11
1403715344.562290906906128,37,3,34,3,11
1403715344.612293958663940,35,2,34,0,11
1403715344.662297964096069,44,1,34,9,11
1403715344.712299823760986,43,3,39,0,11
1403715344.762300014495850,46,1,39,3,11
1403715344.812300443649292,48,2,41,7,11
1403715344.862300872802734,48,0,47,0,11
1403715344.912300109863281,49,2,46,2,11
1403715344.962300539016724,48,10,47,1,11
1403715345.012299299240112,47,1,46,0,11
1403715345.062298774719238,44,1,43,0,11
1403715345.112298011779785,42,4,40,1,11
1403715345.162297725677490,43,2,40,2,11
1403715345.212297916412354,43,0,42,0,11
1403715345.262297630310059,48,5,42,5,11
1403715345.312298297882080,49,0,44,1,11
1403715345.362297058105469,48,0,44,1,11
1403715345.412296772003174,46,0,44,2,11
1403715345.462297201156616,50,7,46,4,11
1403715345.512297153472900,49,2,49,0,11
1403715345.562297105789185,48,3,46,0,11
1403715345.612296342849731,49,7,44,2,11
1403715345.662296772003174,46,6,44,0,11
1403715345.712296247482300,49,0,43,3,11
1403715345.762295722961426,49,0,42,1,11
1403715345.812297582626343,49,0,42,2,11
1403715345.862301588058472,47,15,44,3,11
1403715345.912305116653442,45,3,44,0,11
1403715345.962308406829834,48,2,44,3,11
1403715346.012312173843384,48,1,47,1,11
1403715346.062312602996826,48,2,46,2,11
1403715346.112309694290161,47,1,47,0,11
1403715346.162302017211914,48,1,46,2,11
1403715346.212292194366455,49,2,47,2,11
1403715346.262285947799683,50,10,47,1,11
1403715346.312284946441650,50,1,48,0,11
1403715346.362284660339355,49,1,47,1,11
1403715346.412283658981323,49,1,48,0,11
1403715346.462279558181763,48,14,48,0,11
1403715346.512276411056519,48,10,45,2,11
1403715346.562273979187012,46,4,45,0,11
1403715346.612272500991821,46,0,45,1,11
1403715346.662270784378052,47,2,46,1,11
1403715346.712268829345703,46,0,45,0,11
1403715346.762267112731934,43,0,43,0,11
1403715346.812265872955322,42,1,41,0,11
1403715346.862261056900024,49,1,41,7,11
1403715346.912257194519043,46,1,46,0,11
1403715346.962252855300903,48,8,45,3,11
1403715347.012252330780029,48,0,48,0,11
1403715347.062257289886475,48,8,47,0,11
1403715347.112262010574341,50,11,47,2,11
1403715347.162264108657837,49,2,48,1,11
1403715347.212264060974121,48,1,48,0,11
1403715347.262264490127563,48,0,48,0,11
1403715347.312264919281006,48,0,48,0,11
1403715347.362264633178711,49,6,47,2,11
1403715347.412266016006470,49,17,47,1,11
1403715347.462266445159912,49,0,47,1,11
1403715347.512266397476196,47,2,45,1,11
1403715347.562269926071167,49,4,46,2,11
1403715347.612270355224609,48,0,46,1,11
1403715347.662271976470947,47,4,45,0,11
1403715347.712273836135864,48,6,43,3,11
1403715347.762277126312256,46,0,45,0,11
1403715347.812278747558594,45,0,43,0,11
1403715347.862280130386353,43,1,40,0,11
1403715347.912279844284058,39,3,37,0,11
1403715347.962280273437500,39,0,35,3,11
1403715348.012275695800781,45,25,36,8,11
1403715348.062275171279907,41,1,38,1,11
1403715348.112273693084717,42,0,34,2,11
1403715348.162270069122314,42,0,31,3,11
1403715348.212268114089966,41,1,30,3,11
1403715348.262264490127563,38,1,23,3,11
1403715348.312260150909424,39,1,22,5,11
1403715348.362257719039917,30,2,22,2,11
1403715348.412255764007568,28,1,20,2,11
1403715348.462252140045166,27,1,22,2,11
1403715348.512248754501343,25,0,23,0,11
1403715348.562247276306152,37,2,22,13,11
1403715348.612240552902222,45,7,34,10,11
1403715348.662240028381348,44,0,41,0,11
1403715348.712240695953369,43,0,40,1,11
1403715348.762241840362549,43,1,40,2,11
1403715348.812242984771729,44,1,41,1,11
1403715348.862240791320801,48,15,40,7,11
1403715348.912241458892822,48,1,47,0,11
1403715348.962244272232056,47,2,46,0,11
1403715349.012241363525391,48,0,46,1,11
1403715349.062241554260254,48,1,47,1,11
1403715349.112242460250854,49,0,48,1,11
1403715349.162243366241455,50,1,49,1,11
1403715349.212245464324951,49,14,49,0,11
1403715349.262248277664185,49,16,46,1,11
1403715349.312248945236206,47,0,47,0,11
1403715349.362250804901123,47,0,46,0,11
1403715349.412249326705933,47,0,46,0,11
1403715349.462247371673584,49,9,46,3,11
1403715349.512247562408447,49,0,49,0,11
1403715349.562246561050415,49,1,49,0,11
1403715349.612244129180908,49,0,49,0,11
1403715349.662240743637085,49,0,49,0,11
1403715349.712236642837524,49,0,48,0,11
1403715349.762231349945068,49,20,46,1,11
1403715349.812228441238403,49,14,46,2,11
1403715349.862229347229004,50,11,48,2,11
1403715349.912230730056763,48,0,47,0,11
1403715349.962233543395996,47,0,43,0,11
1403715350.012238025665283,46,0,40,0,11
1403715350.062243700027466,47,6,38,4,11
1403715350.112235784530640,46,0,41,2,11
1403715350.162234067916870,44,0,40,2,11
1403715350.212234258651733,43,0,40,1,11
1403715350.262233495712280,43,1,42,1,11
1403715350.312232494354248,43,0,43,0,11
1403715350.362234830856323,49,9,43,6,11
1403715350.412233591079712,48,11,48,0,11
1403715350.462233781814575,49,9,48,1,11
1403715350.512234449386597,49,2,48,0,11
1403715350.562235116958618,49,3,48,0,11
1403715350.612234592437744,49,1,48,1,11
1403715350.662234783172607,50,5,49,1,11
1403715350.712234497070312,50,1,50,0,11
1403715350.762233972549438,50,1,50,0,11
1403715350.812232971191406,49,0,49,0,11
1403715350.862232208251953,49,1,49,0,11
1403715350.912230491638184,50,23,49,1,11
1403715350.962230443954468,50,10,50,0,11
1403715351.012229919433594,49,7,49,0,11
1403715351.062230110168457,49,5,49,0,11
1403715351.112230300903320,49,0,49,0,11
1403715351.162230968475342,49,0,49,0,11
1403715351.212230682373047,50,0,49,1,11
1403715351.262231349945068,50,6,50,0,11
1403715351.312230110168457,50,3,50,0,11
1403715351.362228631973267,50,1,50,0,11
1403715351.412230014801025,50,2,50,0,11
1403715351.462230205535889,50,2,49,0,11
1403715351.512231826782227,50,13,50,0,11
1403715351.562230587005615,49,8,48,0,11
1403715351.612228631973267,49,9,48,0,11
1403715351.662229061126709,45,6,44,0,11
1403715351.712230682373047,44,0,42,0,11
1403715351.762229204177856,40,1,39,0,11
1403715351.812227249145508,39,1,37,0,11
1403715351.862223625183105,41,2,37,4,11
1403715351.912221670150757,41,0,41,0,11
1403715351.962220668792725,40,1,40,0,11
1403715352.012220621109009,39,0,38,0,11
1403715352.062221050262451,39,2,37,0,11
1403715352.112223625183105,43,0,37,5,11
1403715352.162225246429443,47,13,42,5,11
1403715352.212224721908569,50,2,45,3,11
1403715352.262225866317749,50,4,48,0,11
1403715352.312224864959717,49,2,47,1,11
1403715352.362218618392944,50,0,48,1,11
1403715352.412216186523438,50,11,49,1,11
1403715352.462217330932617,49,0,49,0,11
1403715352.512215375900269,48,0,47,0,11
1403715352.562212228775024,48,0,47,0,11
1403715352.612209081649780,46,0,45,0,11
1403715352.662211418151855,48,5,45,2,11
1403715352.712211847305298,45,2,44,0,11
1403715352.762210845947266,46,12,44,1,11
1403715352.812210798263550,45,1,45,0,11
1403715352.862211465835571,47,0,44,3,11
1403715352.912212133407593,47,0,46,1,11
1403715352.962213754653931,46,2,46,0,11
1403715353.012215614318848,49,4,45,4,11
1403715353.062216758728027,49,3,49,0,11
1403715353.112217664718628,49,0,49,0,11
1403715353.162218332290649,47,0,46,0,11
1403715353.212222337722778,49,5,45,3,11
1403715353.262222766876221,49,8,48,1,11
1403715353.312224388122559,48,1,48,0,11
1403715353.362225770950317,47,7,47,0,11
1403715353.412226676940918,47,1,47,0,11
1403715353.462226629257202,47,0,47,0,11
1403715353.512226581573486,45,0,43,0,11
1403715353.562227010726929,48,4,44,3,11
1403715353.612227439880371,48,0,46,2,11
1403715353.662226915359497,48,0,48,0,11
1403715353.712227821350098,47,0,47,0,11
1403715353.762226581573486,46,0,46,0,11
1403715353.812226057052612,48,1,46,2,11
1403715353.862225770950317,48,4,48,0,11
1403715353.912225961685181,49,3,48,1,11
1403715353.962225914001465,49,6,48,0,11
1403715354.012225389480591,49,0,47,1,11
1403715354.062224626541138,48,0,48,0,11
1403715354.112223863601685,48,0,48,0,11
1403715354.162224769592285,50,2,48,2,11
1403715354.212225675582886,50,0,50,0,11
1403715354.262227058410645,48,7,48,0,11
1403715354.312227964401245,48,3,48,0,11
1403715354.362227916717529,48,1,48,0,11
1403715354.412228107452393,49,1,48,1,11
1403715354.462227344512939,49,6,49,0,11
1403715354.512226819992065,49,3,49,0,11
1403715354.562226057052612,48,5,48,0,11
1403715354.612225294113159,48,0,47,0,11
1403715354.662224292755127,48,0,47,0,11
1403715354.712222576141357,47,0,47,0,11
1403715354.762221813201904,50,10,47,3,11
1403715354.812223672866821,50,0,50,0,11
1403715354.862220764160156,50,4,50,0,11
1403715354.912220239639282,50,0,50,0,11
1403715354.962217569351196,50,0,50,0,11
1403715355.012217998504639,49,2,49,0,11
1403715355.062221288681030,49,7,49,0,11
1403715355.112222671508789,48,3,48,0,11
1403715355.162223339080811,49,3,48,1,11
1403715355.212222814559937,49,0,49,0,11
1403715355.262223243713379,49,1,48,0,11
1403715355.312224149703979,47,1,46,0,11
1403715355.362224578857422,47,8,45,1,11
1403715355.412224054336548,47,2,46,0,11
1403715355.462223529815674,47,0,43,4,11
1403715355.512224197387695,46,2,45,0,11
1403715355.562223434448242,46,0,43,0,11
1403715355.612221240997314,47,5,42,3,11
1403715355.662218570709229,47,4,41,4,11
1403715355.712215662002563,48,3,42,2,11
1403715355.762213945388794,46,0,41,1,11
1403715355.812210321426392,46,5,41,4,11
1403715355.862207651138306,43,0,42,1,11
1403715355.912206172943115,43,0,42,0,11
1403715355.962202787399292,46,2,39,5,11
1403715356.012200832366943,47,0,44,2,11
1403715356.062199592590332,46,0,46,0,11
1403715356.112198829650879,46,0,45,0,11
1403715356.162197589874268,46,0,45,0,11
1403715356.212196826934814,47,13,44,3,11
1403715356.262196540832520,47,1,46,1,11
1403715356.312198400497437,47,1,47,0,11
1403715356.362200975418091,47,1,47,0,11
1403715356.412202358245850,49,1,47,2,11
1403715356.462203025817871,49,0,49,0,11
1403715356.512203454971313,49,0,49,0,11
1403715356.562203884124756,48,1,48,0,11
1403715356.612204551696777,49,2,48,1,11
1403715356.662204504013062,49,0,49,0,11
1403715356.712203741073608,49,0,49,0,11
1403715356.762201547622681,48,0,47,0,11
1403715356.812200307846069,48,15,44,0,11
1403715356.862199068069458,46,2,43,1,11
1403715356.912196874618530,41,0,39,1,11
1403715356.962196111679077,40,2,38,0,11
1403715357.012195825576782,38,1,36,1,11
1403715357.062196254730225,39,2,34,4,11
1403715357.112195968627930,35,1,33,0,11
1403715357.162194967269897,35,0,32,0,11
1403715357.212193012237549,33,2,30,1,11
1403715357.262191057205200,33,3,31,1,11
1403715357.312188148498535,32,0,30,1,11
1403715357.362185478210449,32,0,30,0,11
1403715357.412179708480835,42,0,31,11,11
1403715357.462178468704224,41,0,40,0,11
1403715357.512178182601929,41,2,39,0,11
1403715357.562175273895264,45,8,40,5,11
1403715357.612175703048706,45,0,44,0,11
1403715357.662174940109253,43,0,41,1,11
1403715357.712174177169800,43,1,43,0,11
1403715357.762174129486084,45,5,40,3,11
1403715357.812176227569580,45,0,43,1,11
1403715357.862177133560181,45,1,44,1,11
1403715357.912179231643677,44,1,44,0,11
1403715357.962181568145752,43,0,42,0,11
1403715358.012183904647827,43,0,42,0,11
1403715358.062186479568481,43,1,42,1,11
1403715358.112188339233398,42,1,42,0,11
1403715358.162193059921265,45,6,41,3,11
1403715358.212194919586182,45,0,44,0,11
1403715358.262195348739624,43,1,42,0,11
1403715358.312197208404541,49,2,42,6,11
1403715358.362196683883667,48,2,47,1,11
1403715358.412199020385742,48,0,48,0,11
1403715358.462202310562134,48,1,48,0,11
1403715358.512208938598633,47,0,42,1,11
1403715358.562212705612183,48,2,42,3,11
1403715358.612213611602783,47,3,44,2,11
1403715358.662210226058960,46,2,45,1,11
1403715358.712209463119507,45,2,43,1,11
1403715358.762209415435791,42,4,40,1,11
1403715358.812209844589233,40,2,39,0,11
1403715358.862211227416992,40,2,39,0,11
1403715358.912211418151855,39,3,37,1,11
1403715358.962210416793823,39,1,38,0,11
1403715359.012209415435791,39,0,38,1,11
1403715359.062209367752075,39,1,39,0,11
1403715359.112210512161255,39,3,38,1,11
1403715359.162210464477539,42,1,38,4,11
1403715359.212211132049561,43,2,42,1,11
1403715359.262212038040161,48,0,40,6,11
1403715359.312212467193604,49,5,45,2,11
1403715359.362212896347046,49,6,45,2,11
1403715359.412213563919067,49,2,47,2,11
1403715359.462213754653931,48,3,48,0,11
1403715359.512212514877319,48,0,48,0,11
1403715359.562210559844971,48,2,47,0,11
1403715359.612210273742676,48,0,46,0,11
1403715359.662208557128906,49,9,45,2,11
1403715359.712208271026611,48,0,47,0,11
1403715359.762208700180054,47,0,45,1,11
1403715359.812206506729126,47,0,45,0,11
1403715359.862209081649780,46,0,45,0,11
1403715359.912210702896118,48,1,44,3,11
1403715359.962212085723877,50,3,46,2,11
1403715360.012211561203003,49,1,46,0,11
1403715360.062211275100708,50,6,43,2,11
1403715360.112211227416992,50,0,44,2,11
1403715360.162210226058960,48,0,45,2,11
1403715360.212209701538086,50,4,47,3,11
1403715360.262209653854370,50,9,49,0,11
1403715360.312209606170654,50,0,49,0,11
1403715360.362209558486938,49,0,49,0,11
1403715360.412208318710327,49,3,49,0,11
1403715360.462207555770874,49,0,49,0,11
1403715360.512203931808472,49,3,48,1,11
1403715360.562202930450439,49,6,47,1,11
1403715360.612201452255249,48,1,48,0,11
1403715360.662199974060059,49,7,47,1,11
1403715360.712198734283447,46,5,45,0,11
1403715360.762199401855469,46,3,45,1,11
1403715360.812200546264648,47,2,42,3,11
1403715360.862199783325195,48,8,44,1,11
1403715360.912200450897217,42,1,40,2,11
1403715360.962200164794922,41,1,39,1,11
1403715361.012200355529785,41,0,39,0,11
1403715361.062201023101807,41,0,37,1,11
1403715361.112201452255249,43,0,40,3,11
1403715361.162200927734375,44,0,41,3,11
1403715361.212200164794922,43,0,41,0,11
1403715361.262199878692627,44,0,39,2,11
1403715361.312198638916016,43,3,38,4,11
1403715361.362198352813721,41,2,36,1,11
1403715361.412197589874268,43,1,32,6,11
1403715361.462198495864868,41,0,34,4,11
1403715361.512198209762573,38,0,36,0,11
1403715361.562198400497437,38,1,36,1,11
1403715361.612198829650879,38,0,36,1,11
1403715361.662198066711426,45,1,36,8,11
1403715361.712197542190552,45,0,44,1,11
1403715361.762197256088257,45,0,45,0,11
1403715361.812197208404541,45,0,44,1,11
1403715361.862197875976562,45,0,45,0,11
1403715361.912199258804321,49,0,45,4,11
1403715361.962199449539185,49,6,48,0,11
1403715362.012200117111206,49,4,47,1,11
1403715362.062201499938965,48,5,47,0,11
1403715362.112203359603882,50,7,48,2,11
1403715362.162205219268799,50,1,50,0,11
1403715362.212205886840820,48,2,48,0,11
1403715362.262206792831421,46,2,45,1,11
1403715362.312207221984863,46,0,46,0,11
1403715362.362206935882568,48,3,45,3,11
1403715362.412205934524536,47,2,47,0,11
1403715362.462206125259399,45,2,44,0,11
1403715362.512205600738525,44,1,42,0,11
1403715362.562204599380493,47,3,41,5,11
1403715362.612203359603882,45,1,41,3,11
1403715362.662203550338745,47,1,43,3,11
1403715362.712203264236450,49,2,45,4,11
1403715362.762203216552734,49,9,46,1,11
1403715362.812204837799072,48,0,46,1,11
1403715362.862205743789673,48,1,46,1,11
1403715362.912207126617432,47,2,44,0,11
1403715362.962207078933716,47,1,42,2,11
1403715363.012203454971313,48,12,43,4,11
1403715363.062203407287598,48,1,46,1,11
1403715363.112203359603882,48,2,45,0,11
1403715363.162203788757324,48,1,45,1,11
1403715363.212203741073608,50,7,46,3,11
1403715363.262203454971313,50,0,47,1,11
1403715363.312203407287598,49,4,47,1,11
1403715363.362202882766724,50,9,48,2,11
1403715363.412203311920166,49,0,49,0,11
1403715363.462203979492188,45,0,42,0,11
1403715363.512204170227051,48,0,42,3,11
1403715363.562205314636230,48,1,42,3,11
1403715363.612204790115356,47,10,43,1,11
1403715363.662204742431641,47,0,44,2,11
1403715363.712204694747925,43,1,42,0,11
1403715363.762205600738525,43,0,39,2,11
1403715363.812205314636230,45,2,38,3,11
1403715363.862205028533936,42,3,36,0,11
1403715363.912204265594482,40,1,34,4,11
1403715363.962204217910767,33,0,26,1,11
1403715364.012204170227051,29,3,22,0,11
1403715364.062203168869019,40,0,19,16,11
1403715364.112203836441040,39,0,34,1,11
1403715364.162204265594482,36,0,32,1,11
1403715364.212203264236450,46,0,33,11,11
1403715364.262203216552734,46,1,43,2,11
1403715364.312201023101807,50,3,44,4,11
1403715364.362201213836670,49,0,47,0,11
1403715364.412201404571533,49,4,46,2,11
1403715364.462202072143555,50,17,47,2,11
1403715364.512200593948364,50,0,48,0,11
1403715364.562197685241699,49,1,47,1,11
1403715364.612197399139404,50,3,48,2,11
1403715364.662189722061157,50,19,50,0,11
1403715364.712188243865967,49,1,49,0,11
1403715364.762185573577881,48,1,47,1,11
1403715364.812185049057007,47,1,46,0,11
1403715364.862185239791870,41,2,39,0,11
1403715364.912184953689575,44,1,39,4,11
1403715364.962184906005859,43,0,42,1,11
1403715365.012184143066406,44,4,42,2,11
1403715365.062184095382690,50,9,44,6,11
1403715365.112184047698975,47,1,45,0,11
1403715365.162183761596680,46,0,45,0,11
1403715365.212184667587280,44,1,43,1,11
1403715365.262187004089355,49,13,44,5,11
1403715365.312186956405640,49,0,48,0,11
1403715365.362187862396240,48,0,47,0,11
1403715365.412188053131104,47,0,47,0,11
1403715365.462186574935913,47,1,47,0,11
1403715365.512184143066406,49,13,46,3,11
1403715365.562185525894165,49,0,48,0,11
1403715365.612184047698975,47,1,46,0,11
1403715365.662183761596680,48,6,43,4,11
1403715365.712182521820068,45,0,44,0,11
1403715365.762182235717773,43,0,43,0,11
1403715365.812180757522583,42,0,41,0,11
1403715365.862180233001709,47,2,39,8,11
1403715365.912181138992310,46,0,46,0,11
1403715365.962181568145752,45,0,45,0,11
1403715366.012182235717773,45,0,45,0,11
1403715366.062183380126953,47,2,44,3,11
1403715366.112184286117554,49,9,46,3,11
1403715366.162185668945312,50,18,49,1,11
1403715366.212186574935913,50,0,50,0,11
1403715366.262187242507935,50,6,50,0,11
1403715366.312187671661377,48,0,48,0,11
1403715366.362188339233398,48,0,47,1,11
1403715366.412189245223999,48,0,48,0,11
1403715366.462190389633179,49,0,46,2,11
1403715366.512190580368042,49,0,48,0,11
1403715366.562190771102905,48,0,48,0,11
1403715366.612191200256348,48,0,48,0,11
1403715366.662190437316895,50,5,48,2,11
1403715366.712190866470337,50,12,50,0,11
1403715366.762192249298096,50,20,50,0,11
1403715366.812192201614380,50,0,50,0,11
1403715366.862193822860718,50,6,50,0,11
1403715366.912196397781372,50,0,50,0,11
1403715366.962197065353394,50,0,49,0,11
1403715367.012199163436890,50,0,49,0,11
1403715367.062202215194702,49,1,49,0,11
1403715367.112202167510986,49,0,49,0,11
1403715367.162202119827271,50,0,49,1,11
1403715367.212202548980713,50,0,50,0,11
1403715367.262202262878418,49,5,49,0,11
1403715367.312202453613281,50,11,49,1,11
1403715367.362202405929565,50,18,49,0,11
1403715367.412202358245850,49,0,49,0,11
1403715367.462202310562134,50,5,49,1,11
1403715367.512202262878418,50,0,50,0,11
1403715367.562202692031860,50,0,50,0,11
1403715367.612202405929565,50,0,50,0,11
1403715367.662202358245850,50,1,50,0,11
1403715367.712203025817871,50,0,50,0,11
1403715367.762203216552734,50,0,50,0,11
1403715367.812203407287598,50,2,50,0,11
1403715367.862203121185303,50,4,50,0,11
1403715367.912203073501587,50,13,50,0,11
1403715367.962203264236450,49,19,48,0,11
1403715368.012203931808472,49,12,47,1,11
1403715368.062203884124756,49,3,44,1,11
1403715368.112203359603882,48,0,45,0,11
1403715368.162202835083008,46,0,43,1,11
1403715368.212202310562134,45,0,42,0,11
1403715368.262202262878418,43,0,42,0,11
1403715368.312201976776123,43,0,42,1,11
1403715368.362201690673828,43,0,43,0,11
1403715368.412201642990112,43,0,43,0,11
1403715368.462201595306396,45,1,42,3,11
1403715368.512200593948364,50,6,45,5,11
1403715368.562199592590332,50,15,50,0,11
1403715368.612199068069458,47,12,47,0,11
1403715368.662198781967163,49,1,46,2,11
1403715368.712198734283447,49,0,47,0,11
1403715368.762198448181152,48,0,46,2,11
1403715368.812198877334595,46,1,46,0,11
1403715368.862198591232300,45,1,44,1,11
1403715368.912198066711426,42,1,42,0,11
1403715368.962196826934814,39,1,39,0,11
1403715369.012195348739624,37,1,37,0,11
1403715369.062193870544434,37,1,37,0,11
1403715369.112191200256348,42,3,37,5,11
1403715369.162188768386841,48,6,42,6,11
1403715369.212184667587280,50,13,48,2,11
1403715369.262183189392090,50,2,49,0,11
1403715369.312179803848267,49,18,47,0,11
1403715369.362178564071655,49,0,47,1,11
1403715369.412177324295044,48,1,46,0,11
1403715369.462176084518433,48,0,46,0,11
1403715369.512176513671875,46,0,45,0,11
1403715369.562176942825317,46,0,45,0,11
1403715369.612178325653076,46,0,45,0,11
1403715369.662177562713623,44,3,43,0,11
1403715369.712178707122803,43,1,42,0,11
1403715369.762179851531982,49,2,42,7,11
1403715369.812179327011108,50,7,49,1,11
1403715369.862181425094604,50,1,50,0,11
1403715369.912181854248047,50,15,50,0,11
1403715369.962183237075806,50,1,50,0,11
1403715370.012182950973511,50,1,50,0,11
1403715370.062182664871216,50,2,50,0,11
1403715370.112182378768921,50,1,50,0,11
1403715370.162184238433838,50,15,50,0,11
1403715370.212184429168701,50,1,50,0,11
1403715370.262184619903564,50,0,50,0,11
1403715370.312185764312744,50,0,50,0,11
1403715370.362185001373291,50,1,50,0,11
1403715370.412184476852417,49,4,49,0,11
1403715370.462183475494385,49,0,49,0,11
1403715370.512182950973511,50,13,49,1,11
1403715370.562182664871216,50,0,50,0,11
1403715370.612181901931763,50,2,49,0,11
1403715370.662181377410889,50,2,49,0,11
1403715370.712180614471436,49,3,49,0,11
1403715370.762181520462036,50,10,49,1,11
1403715370.812181472778320,50,0,50,0,11
1403715370.862181901931763,50,0,50,0,11
1403715370.912182092666626,50,0,50,0,11
1403715370.962179899215698,50,1,50,0,11
1403715371.012177705764771,50,2,49,0,11
1403715371.062173366546631,49,15,49,0,11
1403715371.112171888351440,50,11,48,1,11
1403715371.162172794342041,50,2,49,0,11
1403715371.212176084518433,49,1,48,1,11
1403715371.262180089950562,49,0,48,1,11
1403715371.312185525894165,48,2,46,1,11
1403715371.362189054489136,49,4,46,2,11
1403715371.412195444107056,47,2,46,0,11
1403715371.462200880050659,47,1,46,0,11
1403715371.512206554412842,46,0,45,0,11
1403715371.562210083007812,46,3,42,1,11
1403715371.612209320068359,46,0,44,1,11
1403715371.662209033966064,46,8,43,3,11
1403715371.712209224700928,49,18,45,4,11
1403715371.762208461761475,48,0,48,0,11
1403715371.812208652496338,48,0,48,0,11
1403715371.862208604812622,47,0,46,0,11
1403715371.912209033966064,47,1,45,1,11
1403715371.962209224700928,48,1,44,3,11
1403715372.012208938598633,47,2,46,0,11
1403715372.062208890914917,45,1,45,0,11
1403715372.112208604812622,45,1,44,0,11
1403715372.162207365036011,44,0,42,0,11
1403715372.212207794189453,49,10,42,6,11
1403715372.262207031250000,48,5,47,1,11
1403715372.312208414077759,49,10,48,1,11
1403715372.362209081649780,48,0,48,0,11
1403715372.412208080291748,48,0,45,0,11
1403715372.462207555770874,47,1,43,0,11
1403715372.512207508087158,45,1,41,2,11
1403715372.562206506729126,48,7,42,5,11
1403715372.612206459045410,47,1,46,0,11
1403715372.662205696105957,47,0,46,0,11
1403715372.712205171585083,46,0,45,1,11
1403715372.762204647064209,44,1,44,0,11
1403715372.812204360961914,48,5,44,4,11
1403715372.862203836441040,50,2,47,2,11
1403715372.912204265594482,50,9,47,0,11
1403715372.962203025817871,48,0,46,0,11
1403715373.012202739715576,48,1,45,2,11
1403715373.062201738357544,50,3,44,2,11
1403715373.112202167510986,49,0,46,0,11
1403715373.162201404571533,47,4,46,1,11
1403715373.212201356887817,46,1,46,0,11
1403715373.262201309204102,48,3,44,4,11
1403715373.312202215194702,46,0,45,0,11
1403715373.362203121185303,48,11,44,4,11
1403715373.412203311920166,49,8,47,1,11
1403715373.462203025817871,46,3,44,1,11
1403715373.512202978134155,48,3,45,3,11
1403715373.562202453613281,48,0,48,0,11
1403715373.612201690673828,48,1,47,1,11
1403715373.662200212478638,49,3,47,2,11
1403715373.712198734283447,46,8,46,0,11
1403715373.762197017669678,49,0,45,4,11
1403715373.812195539474487,49,2,49,0,11
1403715373.862194299697876,49,1,47,1,11
1403715373.912193775177002,47,1,47,0,11
1403715373.962193489074707,48,13,45,3,11
1403715374.012194633483887,48,7,47,1,11
1403715374.062194824218750,45,1,45,0,11
1403715374.112195491790771,47,1,44,2,11
1403715374.162196636199951,46,2,45,0,11
1403715374.212196826934814,48,2,45,3,11
1403715374.262197494506836,49,0,48,1,11
1403715374.312198400497437,48,6,48,0,11
1403715374.362200736999512,48,0,47,0,11
1403715374.412203311920166,48,1,46,0,11
1403715374.462205886840820,46,3,42,1,11
1403715374.512208223342896,46,1,43,1,11
1403715374.562210083007812,49,10,42,6,11
1403715374.612212896347046,49,9,45,1,11
1403715374.662212133407593,49,0,46,1,11
1403715374.712211132049561,45,1,41,1,11
1403715374.762210369110107,44,0,41,0,11
1403715374.812209606170654,43,0,41,2,11
1403715374.862208127975464,50,6,43,7,11
1403715374.912207841873169,50,9,49,0,11
1403715374.962207078933716,48,2,47,0,11
1403715375.012207031250000,48,1,47,1,11
1403715375.062206983566284,49,0,48,1,11
1403715375.112206935882568,48,2,48,0,11
1403715375.162205934524536,49,10,47,2,11
1403715375.212204456329346,49,6,48,1,11
1403715375.262203216552734,49,0,49,0,11
1403715375.312201023101807,48,0,47,1,11
1403715375.362200021743774,47,0,45,0,11
1403715375.412199258804321,44,1,42,1,11
1403715375.462197780609131,49,10,43,6,11
1403715375.512197494506836,49,6,48,0,11
1403715375.562198162078857,49,1,47,0,11
1403715375.612198352813721,49,0,47,0,11
1403715375.662198066711426,47,0,46,1,11
1403715375.712197780609131,46,1,44,0,11
1403715375.762196063995361,48,6,43,3,11
1403715375.812194347381592,46,5,41,3,11
1403715375.862193584442139,47,1,43,1,11
1403715375.912193536758423,47,2,42,3,11
1403715375.962194204330444,45,1,43,1,11
1403715376.012194871902466,45,2,44,0,11
1403715376.062195539474487,45,4,39,5,11
1403715376.112195253372192,47,4,43,3,11
1403715376.162195205688477,46,1,43,1,11
1403715376.212195158004761,44,0,43,0,11
1403715376.262193918228149,41,3,40,0,11
1403715376.312192916870117,41,3,39,0,11
1403715376.362191677093506,42,2,35,4,11
1403715376.412193059921265,43,1,39,2,11
1403715376.462196350097656,42,2,40,1,11
1403715376.512199163436890,45,1,37,4,11
1403715376.562201499938965,46,3,41,2,11
1403715376.612203836441040,46,2,42,3,11
1403715376.662203311920166,49,0,44,4,11
1403715376.712201356887817,47,1,46,0,11
1403715376.762199878692627,47,0,44,0,11
1403715376.812200307846069,47,2,43,2,11
1403715376.862201690673828,48,1,44,2,11
1403715376.912204027175903,46,1,44,1,11
1403715376.962205886840820,46,3,41,1,11
1403715377.012203454971313,48,4,42,2,11
1403715377.062199592590332,48,2,40,5,11
1403715377.112195730209351,48,0,45,0,11
1403715377.162194013595581,48,0,45,2,11
1403715377.212192773818970,46,2,45,0,11
1403715377.262193918228149,46,1,45,0,11
1403715377.312196254730225,46,1,42,3,11
1403715377.362198114395142,47,0,43,1,11
1403715377.412198781967163,49,4,44,3,11
1403715377.462200164794922,46,1,43,2,11
1403715377.512199640274048,47,1,44,2,11
1403715377.562200546264648,47,3,46,1,11
1403715377.612201690673828,49,0,45,3,11
1403715377.662201166152954,49,1,48,0,11
1403715377.712200880050659,49,0,45,1,11
1403715377.762201070785522,48,7,44,1,11
1403715377.812201499938965,47,2,42,3,11
1403715377.862201452255249,46,0,44,0,11
1403715377.912201642990112,48,6,43,4,11
1403715377.962201833724976,48,0,46,1,11
1403715378.012202024459839,47,0,44,1,11
1403715378.062202215194702,43,0,42,0,11
1403715378.112203121185303,45,0,37,5,11
1403715378.162203073501587,45,6,40,1,11
1403715378.212202548980713,41,0,37,1,11
1403715378.262202501296997,38,2,36,1,11
1403715378.312202692031860,37,0,36,0,11
1403715378.362202882766724,47,10,36,10,11
1403715378.412202596664429,43,3,39,1,11
1403715378.462202548980713,40,4,37,0,11
1403715378.512202024459839,45,0,35,8,11
1403715378.562201738357544,43,0,41,0,11
1403715378.612201213836670,43,0,39,1,11
1403715378.662200450897217,47,6,39,7,11
1403715378.712200164794922,45,0,45,0,11
1403715378.762200355529785,46,7,45,1,11
1403715378.812200546264648,46,1,45,0,11
1403715378.862200498580933,46,0,43,1,11
1403715378.912200212478638,45,2,43,1,11
1403715378.962200164794922,48,16,44,4,11
1403715379.012200117111206,48,0,48,0,11
1403715379.062200069427490,47,0,47,0,11
1403715379.112200021743774,47,1,47,0,11
1403715379.162199735641479,49,17,46,3,11
1403715379.212199449539185,49,0,49,0,11
1403715379.262199401855469,49,6,49,0,11
1403715379.312199592590332,49,1,48,0,11
1403715379.362199544906616,49,5,48,0,11
1403715379.412199497222900,49,0,48,1,11
1403715379.462199449539185,47,1,47,0,11
1403715379.512199640274048,46,0,46,0,11
1403715379.562200069427490,46,14,44,1,11
1403715379.612200021743774,46,0,46,0,11
1403715379.662199735641479,46,0,46,0,11
1403715379.712198972702026,49,11,45,3,11
1403715379.762198209762573,50,16,48,2,11
1403715379.812196493148804,50,0,50,0,11
1403715379.862194776535034,48,6,48,0,11
1403715379.912194013595581,48,1,46,1,11
1403715379.962193012237549,49,6,46,1,11
1403715380.012193441390991,47,1,43,0,11
1403715380.062193870544434,42,2,41,0,11
1403715380.112194061279297,41,1,41,0,11
1403715380.162192583084106,45,12,40,4,11
1403715380.212191581726074,44,0,41,0,11
1403715380.262190580368042,43,2,42,1,11
1403715380.312190294265747,48,1,42,6,11
1403715380.362189054489136,49,5,46,2,11
1403715380.412189006805420,49,0,48,0,11
1403715380.462188720703125,49,7,46,1,11
1403715380.512189149856567,47,1,46,1,11
1403715380.562188625335693,50,22,47,3,11
1403715380.612189054489136,50,0,49,0,11
1403715380.662189245223999,50,3,49,0,11
1403715380.712191104888916,46,5,45,0,11
1403715380.762191295623779,45,9,43,0,11
1403715380.812192201614380,44,0,42,0,11
1403715380.862192153930664,43,3,39,2,11
1403715380.912193059921265,44,2,41,1,11
1403715380.962193012237549,48,16,39,8,11
1403715381.012192964553833,47,2,45,0,11
1403715381.062192678451538,48,1,44,3,11
1403715381.112191200256348,46,0,43,1,11
1403715381.162190914154053,48,14,45,2,11
1403715381.212189912796021,48,23,45,2,11
1403715381.262190580368042,46,1,43,1,11
1403715381.312190532684326,45,1,42,1,11
1403715381.362190008163452,45,4,43,1,11
1403715381.412190198898315,44,1,40,1,11
1403715381.462190389633179,44,0,40,0,11
1403715381.512190341949463,40,3,39,0,11
1403715381.562190055847168,48,1,36,10,11
1403715381.612189769744873,48,0,46,0,11
1403715381.662189006805420,48,0,45,3,11
1403715381.712188720703125,48,0,47,0,11
1403715381.762189149856567,48,11,46,1,11
1403715381.812189340591431,49,20,47,2,11
1403715381.862190246582031,50,12,49,1,11
1403715381.912189006805420,50,1,49,0,11
1403715381.962187767028809,49,3,46,0,11
1403715382.012187719345093,48,0,47,0,11
1403715382.062189340591431,47,0,47,0,11
1403715382.112190485000610,48,2,45,2,11
1403715382.162192106246948,48,2,45,1,11
1403715382.212193250656128,48,0,46,1,11
1403715382.262194871902466,48,0,47,1,11
1403715382.312195301055908,50,12,48,2,11
1403715382.362195014953613,50,10,48,0,11
1403715382.412195682525635,50,16,47,0,11
1403715382.462195396423340,48,12,46,1,11
1403715382.512195110321045,46,0,45,1,11
1403715382.562195062637329,47,1,43,3,11
1403715382.612195253372192,47,0,46,0,11
1403715382.662194967269897,47,1,45,2,11
1403715382.712195158004761,47,1,47,0,11
1403715382.762195348739624,46,0,45,0,11
1403715382.812195539474487,45,0,44,0,11
1403715382.862195491790771,44,1,43,1,11
1403715382.912196159362793,48,3,42,6,11
1403715382.962197065353394,49,8,45,1,11
1403715383.012197494506836,50,13,46,1,11
1403715383.062198162078857,49,20,46,1,11
1403715383.112198114395142,47,0,46,0,11
1403715383.162200212478638,49,0,44,2,11
1403715383.212201833724976,49,0,46,1,11
1403715383.262200832366943,48,0,47,1,11
1403715383.312199831008911,48,0,46,1,11
1403715383.362200975418091,48,0,47,0,11
1403715383.412200450897217,48,0,47,1,11
1403715383.462198019027710,48,0,48,0,11
1403715383.512195587158203,50,1,47,2,11
1403715383.562194108963013,50,8,49,0,11
1403715383.612191200256348,44,13,43,0,11
1403715383.662189006805420,49,15,42,6,11
1403715383.712188005447388,49,1,48,1,11
1403715383.762187719345093,48,1,48,0,11
1403715383.812187433242798,48,1,48,0,11
1403715383.862187385559082,49,0,48,1,11
1403715383.912187814712524,48,0,48,0,11
1403715383.962187767028809,48,0,47,0,11
1403715384.012187957763672,48,0,47,0,11
1403715384.062188625335693,47,2,47,0,11
1403715384.112188577651978,46,0,45,1,11
1403715384.162188529968262,50,2,46,4,11
1403715384.212190151214600,50,32,50,0,11
1403715384.262190341949463,50,8,50,0,11
1403715384.312190771102905,50,1,50,0,11
1403715384.362190485000610,50,0,50,0,11
1403715384.412190437316895,49,0,48,0,11
1403715384.462190389633179,48,0,47,0,11
1403715384.512190341949463,47,1,47,0,11
1403715384.562190532684326,47,0,45,0,11
1403715384.612190008163452,47,0,45,0,11
1403715384.662190675735474,45,0,44,0,11
1403715384.712190151214600,44,0,43,0,11
1403715384.762189626693726,44,3,43,1,11
1403715384.812187910079956,48,27,43,5,11
1403715384.862187862396240,48,21,45,2,11
1403715384.912188529968262,43,1,41,1,11
1403715384.962187528610229,43,1,42,1,11
1403715385.012187719345093,43,0,43,0,11
1403715385.062188386917114,42,0,42,0,11
1403715385.112188577651978,42,0,42,0,11
1403715385.162189483642578,41,0,41,0,11
1403715385.212190628051758,41,0,41,0,11
1403715385.262191295623779,42,1,41,1,11
1403715385.312191486358643,40,2,40,0,11
1403715385.362191438674927,45,14,40,5,11
1403715385.412191629409790,50,14,45,5,11
1403715385.462191343307495,50,12,50,0,11
1403715385.512191295623779,49,0,48,0,11
1403715385.562191486358643,49,0,48,0,11
1403715385.612191200256348,48,0,46,0,11
1403715385.662191390991211,48,1,46,0,11
1403715385.712191343307495,47,0,45,1,11
1403715385.762192249298096,47,0,46,0,11
1403715385.812192678451538,45,2,45,0,11
1403715385.862193107604980,45,1,45,0,11
1403715385.912193536758423,44,0,44,0,11
1403715385.962193250656128,47,7,44,3,11
1403715386.012189149856567,50,9,47,3,11
1403715386.062186479568481,50,13,49,0,11
1403715386.112183094024658,50,0,49,0,11
1403715386.162183046340942,47,0,45,1,11
1403715386.212183237075806,47,0,46,0,11
1403715386.262182950973511,47,0,46,1,11
1403715386.312183141708374,47,0,46,1,11
1403715386.362182140350342,47,0,47,0,11
1403715386.412179946899414,47,0,46,0,11
1403715386.462178707122803,47,1,44,0,11
1403715386.512176513671875,44,1,40,1,11
1403715386.562177181243896,48,12,42,5,11
1403715386.612177610397339,48,3,45,3,11
1403715386.662176370620728,48,11,45,2,11
1403715386.712177515029907,50,12,48,2,11
1403715386.762178897857666,50,0,50,0,11
1403715386.812179088592529,50,0,50,0,11
1403715386.862179279327393,50,0,44,0,11
1403715386.912179708480835,50,0,43,1,11
1403715386.962179899215698,49,0,44,4,11
1403715387.012180566787720,48,0,47,1,11
1403715387.062180519104004,48,0,48,0,11
1403715387.112181186676025,47,0,47,0,11
1403715387.162183523178101,48,16,46,1,11
1403715387.212184906005859,49,2,46,2,11
1403715387.262186050415039,50,17,46,2,11
1403715387.312185287475586,49,16,47,0,11
1403715387.362185001373291,48,0,46,1,11
1403715387.412184715270996,48,0,46,0,11
1403715387.462184429168701,48,0,46,1,11
1403715387.512185096740723,47,0,46,1,11
1403715387.562185764312744,47,0,45,1,11
1403715387.612186193466187,47,0,46,0,11
1403715387.662186145782471,47,0,46,1,11
1403715387.712185621261597,47,2,47,0,11
1403715387.762187242507935,47,15,45,1,11
1403715387.812186956405640,49,1,46,2,11
1403715387.862186431884766,49,16,47,2,11
1403715387.912186145782471,48,17,48,0,11
1403715387.962186098098755,48,0,46,1,11
1403715388.012186050415039,48,1,46,0,11
1403715388.062186241149902,48,0,43,1,11
1403715388.112185716629028,48,17,42,2,11
1403715388.162185430526733,48,1,43,2,11
1403715388.212184906005859,46,0,43,2,11
1403715388.262185096740723,43,0,40,1,11
1403715388.312186241149902,41,0,39,0,11
1403715388.362186193466187,49,9,37,11,11
1403715388.412186622619629,48,1,43,0,11
1403715388.462187051773071,49,15,39,3,11
1403715388.512187957763672,43,13,39,1,11
1403715388.562189340591431,42,3,39,2,11
1403715388.612189531326294,42,0,39,1,11
1403715388.662189960479736,42,0,39,0,11
1403715388.712190628051758,47,8,38,8,11
1403715388.762190341949463,45,0,44,0,11
1403715388.812191247940063,42,0,42,0,11
1403715388.862191438674927,50,8,42,8,11
1403715388.912191629409790,50,0,50,0,11
1403715388.962191343307495,50,4,47,0,11
1403715389.012191534042358,50,0,47,0,11
1403715389.062192678451538,48,28,47,1,11
1403715389.112192630767822,47,12,46,1,11
1403715389.162192821502686,47,0,46,0,11
1403715389.212193012237549,46,1,45,0,11
1403715389.262192964553833,44,0,43,0,11
1403715389.312193155288696,50,3,42,6,11
1403715389.362193107604980,46,1,46,0,11
1403715389.412193059921265,45,1,45,0,11
1403715389.462193250656128,49,1,44,4,11
1403715389.512193202972412,49,2,48,0,11
1403715389.562193393707275,48,3,46,1,11
1403715389.612192869186401,47,0,47,0,11
1403715389.662192821502686,50,23,47,3,11
1403715389.712192535400391,50,10,50,0,11
1403715389.762192010879517,50,17,49,0,11
1403715389.812191963195801,50,0,49,0,11
1403715389.862191915512085,49,1,48,1,11
1403715389.912191867828369,50,1,49,1,11
1403715389.962192296981812,50,0,50,0,11
1403715390.012194156646729,50,1,50,0,11
1403715390.062193870544434,50,3,50,0,11
1403715390.112193346023560,49,7,49,0,11
1403715390.162193059921265,49,3,48,1,11
1403715390.212193250656128,48,1,48,0,11
1403715390.262193441390991,50,20,47,2,11
1403715390.312194824218750,49,7,46,0,11
1403715390.362195491790771,49,10,46,1,11
1403715390.412195682525635,47,0,46,0,11
1403715390.462195873260498,48,0,46,1,11
1403715390.512196302413940,49,2,46,2,11
1403715390.562197208404541,49,1,48,0,11
1403715390.612197399139404,48,0,48,0,11
1403715390.662197589874268,48,1,48,0,11
1403715390.712197542190552,47,0,47,0,11
1403715390.762197971343994,50,6,47,3,11
1403715390.812199354171753,50,1,49,0,11
1403715390.862202405929565,50,10,49,0,11
1403715390.912203311920166,49,7,49,0,11
1403715390.962205886840820,49,9,49,0,11
1403715391.012206077575684,49,1,49,0,11
1403715391.062206506729126,49,0,49,0,11
1403715391.112206459045410,49,4,49,0,11
1403715391.162207126617432,49,12,49,0,11
1403715391.212207794189453,46,0,46,0,11
1403715391.262208223342896,46,1,46,0,11
1403715391.312208414077759,45,1,45,0,11
1403715391.362208366394043,49,1,45,4,11
1403715391.412208318710327,49,1,49,0,11
1403715391.462208032608032,50,5,48,1,11
1403715391.512208461761475,50,7,49,0,11
1403715391.562208414077759,50,7,49,1,11
1403715391.612207651138306,50,0,50,0,11
1403715391.662207603454590,49,1,49,0,11
1403715391.712207078933716,50,19,49,1,11
1403715391.762206554412842,50,9,50,0,11
1403715391.812206983566284,50,0,50,0,11
1403715391.862206935882568,48,1,48,0,11
1403715391.912207365036011,48,1,48,0,11
1403715391.962207317352295,48,1,48,0,11
1403715392.012207269668579,47,3,47,0,11
1403715392.062206506729126,50,5,47,3,11
1403715392.112205743789673,50,3,50,0,11
1403715392.162205696105957,50,5,50,0,11
1403715392.212205410003662,50,0,50,0,11
1403715392.262205362319946,48,2,48,0,11
1403715392.312205076217651,50,14,46,2,11
1403715392.362204790115356,47,8,43,0,11
1403715392.412205934524536,46,4,42,2,11
1403715392.462207317352295,43,0,38,2,11
1403715392.512206792831421,43,3,39,0,11
1403715392.562205553054810,38,1,34,1,11
1403715392.612201690673828,37,1,34,1,11
1403715392.662199735641479,39,2,34,5,11
1403715392.712197303771973,36,1,35,0,11
1403715392.762194395065308,35,2,33,1,11
1403715392.812191724777222,35,0,34,1,11
1403715392.862189292907715,37,1,34,3,11
1403715392.912184953689575,44,8,34,9,11
1403715392.962183952331543,49,0,42,5,11
1403715393.012182474136353,46,4,43,1,11
1403715393.062180519104004,44,5,37,3,11
1403715393.112177848815918,43,1,39,0,11
1403715393.162175178527832,43,1,38,3,11
1403715393.212171554565430,46,0,39,5,11
1403715393.262168884277344,48,3,42,2,11
1403715393.312166690826416,49,3,43,3,11
1403715393.362164974212646,47,1,45,1,11
1403715393.412163019180298,48,4,46,2,11
1403715393.462162971496582,48,1,47,0,11
1403715393.512163162231445,47,5,45,0,11
1403715393.562163352966309,47,4,42,3,11
1403715393.612163305282593,49,0,43,3,11
1403715393.662162542343140,48,4,45,2,11
1403715393.712161302566528,45,3,44,0,11
1403715393.762158870697021,44,3,42,0,11
1403715393.812158346176147,41,0,39,2,11
1403715393.862158298492432,42,0,40,2,11
1403715393.912158966064453,49,4,41,7,11
1403715393.962159395217896,49,16,47,1,11
1403715394.012159824371338,50,2,47,2,11
1403715394.062160968780518,49,0,46,0,11
1403715394.112161636352539,48,2,46,0,11
1403715394.162162542343140,49,3,46,3,11
1403715394.212163209915161,50,6,47,1,11
1403715394.262163400650024,50,3,48,0,11
1403715394.312163591384888,45,1,44,1,11
1403715394.362163305282593,41,1,41,0,11
1403715394.412162780761719,45,1,38,7,11
1403715394.462162733078003,41,0,40,0,11
1403715394.512162923812866,40,2,38,0,11
1403715394.562163352966309,49,5,36,10,11
1403715394.612163305282593,49,0,44,0,11
1403715394.662162065505981,45,0,43,0,11
1403715394.712159633636475,44,8,41,2,11
1403715394.762156963348389,45,0,42,3,11
1403715394.812155961990356,45,1,45,0,11
1403715394.862154483795166,39,3,39,0,11
1403715394.912154436111450,38,0,37,0,11
1403715394.962154388427734,37,1,36,0,11
1403715395.012155294418335,36,1,35,1,11
1403715395.062155246734619,36,0,36,0,11
1403715395.112155437469482,36,0,36,0,11
1403715395.162155389785767,37,0,35,1,11
1403715395.212155818939209,37,0,36,0,11
1403715395.262155294418335,37,0,34,0,11
1403715395.312155246734619,36,2,31,2,11
1403715395.362156391143799,33,0,32,0,11
1403715395.412156581878662,33,0,31,1,11
1403715395.462158441543579,42,1,30,10,11
1403715395.512157917022705,38,1,36,1,11
1403715395.562158584594727,37,1,36,0,11
1403715395.612157821655273,40,1,32,5,11
1403715395.662157058715820,41,6,34,3,11
1403715395.712157011032104,37,0,34,0,11
1403715395.762156963348389,34,1,34,0,11
1403715395.812156677246094,33,1,32,0,11
1403715395.862158060073853,40,0,31,8,11
1403715395.912158012390137,46,2,39,6,11
1403715395.962157726287842,45,0,45,0,11
1403715396.012158870697021,46,0,45,1,11
1403715396.062159061431885,50,2,46,4,11
1403715396.112159490585327,49,0,48,0,11
1403715396.162160634994507,49,6,47,1,11
1403715396.212159872055054,49,4,47,1,11
1403715396.262160301208496,47,7,46,0,11
1403715396.312160730361938,46,0,46,0,11
1403715396.362160921096802,46,0,46,0,11
1403715396.412161827087402,46,0,46,0,11
1403715396.462162017822266,44,0,44,0,11
1403715396.512162685394287,46,0,44,2,11
1403715396.562162876129150,46,0,44,0,11
1403715396.612161874771118,46,0,44,0,11
1403715396.662160873413086,45,0,43,2,11
1403715396.712159872055054,45,0,44,0,11
1403715396.762160301208496,43,10,41,0,11
1403715396.812160015106201,41,0,40,1,11
1403715396.862159729003906,44,3,41,3,11
1403715396.912158966064453,43,1,42,0,11
1403715396.962159395217896,40,0,40,0,11
1403715397.012160539627075,40,0,40,0,11
1403715397.062162399291992,40,0,40,0,11
1403715397.112162828445435,40,0,40,0,11
1403715397.162163734436035,40,0,40,0,11
1403715397.212163448333740,39,0,39,0,11
1403715397.262165069580078,46,2,39,7,11
1403715397.312166452407837,46,0,46,0,11
1403715397.362167596817017,46,11,45,0,11
1403715397.412168264389038,48,0,44,2,11
1403715397.462168693542480,46,4,46,0,11
1403715397.512169122695923,50,8,44,4,11
1403715397.562169313430786,50,7,47,1,11
1403715397.612169504165649,49,2,48,0,11
1403715397.662169218063354,48,1,47,1,11
1403715397.712168931961060,45,0,44,1,11
1403715397.762168407440186,44,4,43,0,11
1403715397.812169551849365,44,3,43,0,11
1403715397.862169742584229,47,1,43,4,11
1403715397.912169694900513,47,2,46,0,11
1403715397.962170124053955,50,15,46,3,11
1403715398.012170553207397,50,1,47,1,11
1403715398.062170743942261,50,6,46,0,11
1403715398.112171649932861,49,9,44,1,11
1403715398.162172317504883,48,2,45,2,11
1403715398.212177038192749,48,1,47,1,11
1403715398.262180328369141,48,1,48,0,11
1403715398.312183380126953,48,0,47,1,11
1403715398.362185716629028,48,0,48,0,11
1403715398.412186622619629,47,0,47,0,11
1403715398.462185859680176,46,0,46,0,11
1403715398.512184619903564,50,0,46,4,11
1403715398.562180757522583,50,12,49,0,11
1403715398.612177848815918,50,12,49,0,11
1403715398.662176847457886,50,5,49,1,11
1403715398.712176561355591,50,4,49,0,11
1403715398.762176275253296,48,1,47,0,11
1403715398.812175989151001,44,2,43,1,11
1403715398.862175464630127,43,3,42,0,11
1403715398.912174701690674,42,0,41,0,11
1403715398.962173700332642,42,2,41,1,11
1403715399.012173175811768,41,0,41,0,11
1403715399.062173128128052,40,0,40,0,11
1403715399.112172842025757,40,0,40,0,11
1403715399.162173986434937,48,0,40,8,11
1403715399.212173700332642,49,9,48,1,11
1403715399.262173175811768,50,12,48,1,11
1403715399.312173604965210,50,0,48,0,11
1403715399.362173557281494,50,0,48,1,11
1403715399.412173271179199,50,0,49,1,11
1403715399.462172985076904,50,0,50,0,11
1403715399.512172222137451,50,0,50,0,11
1403715399.562172412872314,50,0,49,0,11
1403715399.612172603607178,50,0,47,0,11
1403715399.662172317504883,50,0,46,1,11
1403715399.712172031402588,49,0,47,1,11
1403715399.762173652648926,50,1,48,2,11
1403715399.812174081802368,50,9,50,0,11
1403715399.862174510955811,49,14,49,0,11
1403715399.912173986434937,48,2,48,0,11
1403715399.962171792984009,48,0,48,0,11
1403715400.012170076370239,48,0,48,0,11
1403715400.062168836593628,50,0,48,2,11
1403715400.112168073654175,50,0,50,0,11
1403715400.162168025970459,50,0,50,0,11
1403715400.212168931961060,50,20,50,0,11
1403715400.262170314788818,50,0,49,0,11
1403715400.312170743942261,50,0,49,0,11
1403715400.362170696258545,50,1,48,1,11
1403715400.412169933319092,50,9,49,0,11
1403715400.462167739868164,49,15,48,0,11
1403715400.512166500091553,47,3,45,0,11
1403715400.562165975570679,48,0,45,2,11
1403715400.612164974212646,45,0,44,0,11
1403715400.662163972854614,43,0,40,0,11
1403715400.712163686752319,43,0,39,2,11
1403715400.762163162231445,42,0,41,1,11
1403715400.812162399291992,50,8,40,8,11
1403715400.862161874771118,49,0,47,0,11
1403715400.912161111831665,47,1,45,1,11
1403715400.962161064147949,46,0,45,0,11
1403715401.012160539627075,48,4,45,3,11
1403715401.062160491943359,49,13,47,2,11
1403715401.112160205841064,47,1,46,0,11
1403715401.162160158157349,46,0,45,0,11
1403715401.212159395217896,45,1,44,1,11
1403715401.262159109115601,45,1,42,0,11
1403715401.312158823013306,48,10,42,3,11
1403715401.362157821655273,47,1,45,2,11
1403715401.412156343460083,50,9,47,3,11
1403715401.462153196334839,50,2,49,0,11
1403715401.512150764465332,50,23,49,0,11
1403715401.562149524688721,50,1,47,1,11
1403715401.612149953842163,50,8,47,0,11
1403715401.662149906158447,48,15,45,2,11
1403715401.712148904800415,48,2,46,2,11
1403715401.762147188186646,46,0,45,0,11
1403715401.812147378921509,45,2,44,0,11
1403715401.862149715423584,48,6,43,5,11
1403715401.912152290344238,47,8,45,1,11
1403715401.962152719497681,47,1,43,1,11
1403715402.012153625488281,48,3,41,3,11
1403715402.062152624130249,47,1,42,1,11
1403715402.112154722213745,45,13,38,3,11
1403715402.162156105041504,44,2,40,1,11
1403715402.212156534194946,45,3,38,6,11
1403715402.262155771255493,50,8,44,5,11
1403715402.312153577804565,50,0,49,1,11
1403715402.362154006958008,49,0,49,0,11
1403715402.412155628204346,49,2,48,0,11
1403715402.462159872055054,50,16,47,1,11
1403715402.512160062789917,47,6,47,0,11
1403715402.562158823013306,45,1,45,0,11
1403715402.612156629562378,45,3,41,2,11
1403715402.662156105041504,43,3,41,0,11
1403715402.712156534194946,47,8,38,7,11
1403715402.762157440185547,40,2,37,0,11
1403715402.812158584594727,39,0,36,1,11
1403715402.862160682678223,43,1,32,8,11
1403715402.912161588668823,42,0,37,0,11
1403715402.962161779403687,39,2,36,0,11
1403715403.012160539627075,38,1,36,2,11
1403715403.062158584594727,48,17,38,10,11
1403715403.112157821655273,48,2,46,1,11
1403715403.162154197692871,48,3,46,2,11
1403715403.212151050567627,48,0,47,0,11
1403715403.262147188186646,47,1,45,0,11
1403715403.312148571014404,49,13,42,2,11
1403715403.362145900726318,48,0,43,2,11
1403715403.412143230438232,48,2,44,3,11
1403715403.462141990661621,48,2,47,1,11
1403715403.512142896652222,48,0,47,0,11
1403715403.562144756317139,49,2,45,1,11
1403715403.612146139144897,49,0,45,1,11
1403715403.662145853042603,49,9,45,2,11
1403715403.712144851684570,48,7,46,2,11
1403715403.762143373489380,49,0,47,1,11
1403715403.812143564224243,48,0,46,0,11
1403715403.862142801284790,48,1,46,1,11
1403715403.912142276763916,48,7,46,2,11
1403715403.962141990661621,49,2,47,1,11
1403715404.012142658233643,48,0,45,0,11
1403715404.062142610549927,44,3,38,2,11
1403715404.112143516540527,44,0,38,3,11
1403715404.162143945693970,42,3,40,1,11
1403715404.212143898010254,40,2,38,1,11
1403715404.262144804000854,47,4,36,9,11
1403715404.312144041061401,50,2,45,3,11
1403715404.362143278121948,49,2,48,1,11
1403715404.412142753601074,46,2,46,0,11
1403715404.462141990661621,49,5,44,4,11
1403715404.512141942977905,48,2,46,0,11
1403715404.562141895294189,47,0,46,1,11
1403715404.612142324447632,46,2,46,0,11
1403715404.662142276763916,48,1,42,4,11
1403715404.712141752243042,47,6,43,2,11
1403715404.762142181396484,45,0,43,1,11
1403715404.812141656875610,45,2,44,0,11
1403715404.862140417098999,48,2,44,4,11
1403715404.912140846252441,50,0,48,2,11
1403715404.962142229080200,50,9,49,0,11
1403715405.012142658233643,50,0,49,0,11
1403715405.062144279479980,49,6,49,0,11
1403715405.112144947052002,50,5,48,1,11
1403715405.162147521972656,50,1,46,0,11
1403715405.212148666381836,49,0,45,0,11
1403715405.262150049209595,47,0,42,2,11
1403715405.312150716781616,46,6,43,2,11
1403715405.362152576446533,46,0,43,3,11
1403715405.412152528762817,45,4,43,2,11
1403715405.462152957916260,42,0,41,1,11
1403715405.512153863906860,46,0,41,5,11
1403715405.562154293060303,48,5,46,2,11
1403715405.612154245376587,45,1,44,0,11
1403715405.662155389785767,46,1,41,4,11
1403715405.712156057357788,48,0,45,3,11
1403715405.762156486511230,47,0,47,0,11
1403715405.812157630920410,48,1,45,2,11
1403715405.862158775329590,47,0,45,1,11
1403715405.912161350250244,46,17,43,2,11
1403715405.962163686752319,37,0,36,0,11
1403715406.012164831161499,35,0,35,0,11
1403715406.062165737152100,34,0,34,0,11
1403715406.112167119979858,41,1,31,8,11
1403715406.162167787551880,42,1,37,5,11
1403715406.212168455123901,41,0,41,0,11
1403715406.262169122695923,39,0,39,0,11
1403715406.312170267105103,39,0,37,0,11
1403715406.362171411514282,37,1,35,0,11
1403715406.412178277969360,43,15,32,10,11
1403715406.462180376052856,43,1,31,0,11
1403715406.512184619903564,46,9,24,6,11
1403715406.562184572219849,34,0,23,3,11
1403715406.612183332443237,29,0,24,1,11
1403715406.662182569503784,27,0,21,2,11
1403715406.712179899215698,34,0,23,8,11
1403715406.762178659439087,32,0,30,1,11
1403715406.812178850173950,32,0,28,0,11
1403715406.862176179885864,41,0,25,11,11
1403715406.912175893783569,41,0,36,2,11
1403715406.962175846099854,38,0,37,0,11
1403715407.012173175811768,46,3,36,9,11
1403715407.062173366546631,44,0,44,0,11
1403715407.112173080444336,48,4,43,4,11
1403715407.162173032760620,48,5,44,1,11
1403715407.212173461914062,48,2,44,2,11
1403715407.262172698974609,41,7,40,1,11
1403715407.312173604965210,44,1,40,4,11
1403715407.362175226211548,42,0,42,0,11
1403715407.412177562713623,39,0,39,0,11
1403715407.462178230285645,41,1,38,2,11
1403715407.512178897857666,39,2,39,0,11
1403715407.562180757522583,39,4,39,0,11
1403715407.612182378768921,44,3,37,7,11
1403715407.662184238433838,40,4,39,0,11
1403715407.712185621261597,40,7,30,4,11
1403715407.762186527252197,31,3,24,2,11
1403715407.812187671661377,31,4,21,7,11
1403715407.862186670303345,28,5,21,4,11
1403715407.912185668945312,25,2,20,0,11
1403715407.962185382843018,23,1,12,0,11
1403715408.012186050415039,20,9,13,1,11
1403715408.062186717987061,11,2,6,0,11
1403715408.112187147140503,10,4,6,0,11
1403715408.162187814712524,7,0,6,1,11
1403715408.212188005447388,6,4,4,0,11
1403715408.262187957763672,5,1,4,0,11
1403715408.312188625335693,12,3,4,8,11
1403715408.362188339233398,13,3,12,1,11
1403715408.412189006805420,13,3,13,0,11
1403715408.462188959121704,13,2,13,0,11
1403715408.512188911437988,19,4,11,7,11
1403715408.562189102172852,22,3,17,4,11
1403715408.612189292907715,24,2,19,3,11
1403715408.662187814712524,24,4,20,2,11
1403715408.712187051773071,25,1,19,5,11
1403715408.762186527252197,27,1,24,2,11
1403715408.812185049057007,29,2,26,3,11
1403715408.862184047698975,29,1,27,2,11
1403715408.912182807922363,29,1,27,2,11
1403715408.962182044982910,28,0,28,0,11
1403715409.012181282043457,28,2,28,0,11
1403715409.062180757522583,32,3,25,6,11
1403715409.112179994583130,30,1,28,0,11
1403715409.162175893783569,33,1,27,5,11
1403715409.212174177169800,31,0,27,1,11
1403715409.262175798416138,34,2,27,4,11
1403715409.312176942825317,33,2,19,4,11
1403715409.362176418304443,35,3,20,3,11
1403715409.412173032760620,32,1,17,7,11
1403715409.462170362472534,33,1,22,4,11
1403715409.512167930603027,33,2,24,5,11
1403715409.562167406082153,32,0,27,1,11
1403715409.612168550491333,35,0,28,6,11
1403715409.662171602249146,40,0,33,6,11
1403715409.712171554565430,40,2,38,0,11
1403715409.762173414230347,40,1,39,1,11
1403715409.812174320220947,42,0,39,2,11
1403715409.862172126770020,44,0,41,3,11
1403715409.912171602249146,47,2,44,3,11
1403715409.962169647216797,48,4,46,1,11
1403715410.012168407440186,48,2,46,1,11
1403715410.062164783477783,47,5,46,1,11
1403715410.112163543701172,47,2,46,1,11
1403715410.162163496017456,47,0,46,0,11
1403715410.212163209915161,50,1,46,3,11
1403715410.262162208557129,48,1,46,1,11
1403715410.312162399291992,47,2,46,0,11
1403715410.362163066864014,47,4,46,1,11
1403715410.412163496017456,47,0,47,0,11
1403715410.462164402008057,48,1,47,1,11
1403715410.512165307998657,48,3,48,0,11
1403715410.562165498733521,45,2,45,0,11
1403715410.612165689468384,46,13,44,2,11
1403715410.662166118621826,49,0,46,3,11
1403715410.712165832519531,49,0,49,0,11
1403715410.762166738510132,49,0,49,0,11
1403715410.812167882919312,49,1,49,0,11
1403715410.862168550491333,49,1,49,0,11
1403715410.912167787551880,50,3,49,1,11
1403715410.962163448333740,48,6,47,0,11
1403715411.012158870697021,48,0,47,0,11
1403715411.062156915664673,48,1,47,1,11
1403715411.112155199050903,48,3,47,0,11
1403715411.162153005599976,46,2,45,0,11
1403715411.212152957916260,48,5,44,4,11
1403715411.262153625488281,47,0,47,0,11
1403715411.312154293060303,47,0,47,0,11
1403715411.362156391143799,47,0,47,0,11
1403715411.412157297134399,47,0,47,0,11
1403715411.462157964706421,49,12,47,2,11
1403715411.512156486511230,50,3,49,1,11
1403715411.562155723571777,50,4,50,0,11
1403715411.612155437469482,50,0,50,0,11
1403715411.662155628204346,50,0,50,0,11
1403715411.712155818939209,50,2,50,0,11
1403715411.762156009674072,50,2,50,0,11
1403715411.812155485153198,50,5,50,0,11
1403715411.862155437469482,50,0,50,0,11
1403715411.912154912948608,50,0,50,0,11
1403715411.962154865264893,50,0,50,0,11
1403715412.012154340744019,50,0,50,0,11
1403715412.062154054641724,50,12,50,0,11
1403715412.112153291702271,50,2,50,0,11
1403715412.162153244018555,50,3,50,0,11
1403715412.212153196334839,50,0,50,0,11
1403715412.262153387069702,50,0,50,0,11
1403715412.312153577804565,50,2,50,0,11
1403715412.362153768539429,50,2,50,0,11
1403715412.412153959274292,49,5,49,0,11
1403715412.462153911590576,49,0,48,0,11
1403715412.512153863906860,49,1,48,0,11
1403715412.562154293060303,48,0,48,0,11
1403715412.612154245376587,48,1,48,0,11
1403715412.662153959274292,47,10,46,1,11
1403715412.712154388427734,49,0,47,2,11
1403715412.762153387069702,48,5,48,0,11
1403715412.812153577804565,48,0,48,0,11
1403715412.862152576446533,48,1,48,0,11
1403715412.912152051925659,50,10,48,2,11
1403715412.962151050567627,50,2,50,0,11
1403715413.012150764465332,50,5,50,0,11
1403715413.062150955200195,50,0,49,0,11
1403715413.112150907516479,50,0,48,0,11
1403715413.162151098251343,49,0,49,0,11
1403715413.212151288986206,49,1,48,0,11
1403715413.262151002883911,47,9,45,0,11
1403715413.312151193618774,47,0,45,0,11
1403715413.362150907516479,46,1,45,1,11
1403715413.412150859832764,46,0,45,0,11
1403715413.462150812149048,47,0,45,1,11
1403715413.512151002883911,50,10,46,4,11
1403715413.562150955200195,50,6,49,0,11
1403715413.612151622772217,49,9,48,0,11
1403715413.662151575088501,48,0,48,0,11
1403715413.712151527404785,48,1,48,0,11
1403715413.762151718139648,47,1,47,0,11
1403715413.812151908874512,47,0,46,0,11
1403715413.862152338027954,49,5,46,2,11
1403715413.912152290344238,48,0,45,0,11
1403715413.962152242660522,46,0,40,1,11
1403715414.012152910232544,44,11,38,4,11
1403715414.062153100967407,41,1,39,1,11
1403715414.112153053283691,44,0,36,6,11
1403715414.162153005599976,44,0,41,1,11
1403715414.212152242660522,46,0,41,4,11
1403715414.262151956558228,44,0,44,0,11
1403715414.312152624130249,44,0,44,0,11
1403715414.362153530120850,43,0,43,0,11
1403715414.412156581878662,43,0,43,0,11
1403715414.462159633636475,47,0,43,4,11
1403715414.512163400650024,47,3,46,0,11
1403715414.562166452407837,47,0,46,0,11
1403715414.612166166305542,48,3,45,2,11
1403715414.662167787551880,48,0,47,0,11
1403715414.712167978286743,48,0,47,0,11
1403715414.762166976928711,46,0,46,0,11
1403715414.812166929244995,45,1,45,0,11
1403715414.862166881561279,44,0,44,0,11
1403715414.912167072296143,44,1,44,0,11
1403715414.962167263031006,44,1,44,0,11
1403715415.012168407440186,44,3,44,0,11
1403715415.062169313430786,44,0,44,0,11
1403715415.112168788909912,45,4,43,1,11
1403715415.162168741226196,45,0,42,1,11
1403715415.212168931961060,48,6,39,3,11
1403715415.262168645858765,45,3,37,1,11
1403715415.312168598175049,42,1,36,1,11
1403715415.362170219421387,49,12,35,10,11
1403715415.412169694900513,49,2,34,3,11
1403715415.462169885635376,47,6,37,1,11
1403715415.512170076370239,40,0,37,3,11
1403715415.562170267105103,40,0,40,0,11
1403715415.612170934677124,40,0,40,0,11
1403715415.662171602249146,39,0,38,0,11
1403715415.712175607681274,37,3,36,1,11
1403715415.762175559997559,37,0,36,0,11
1403715415.812175035476685,39,0,36,3,11
1403715415.862174749374390,40,0,38,1,11
1403715415.912174463272095,40,0,40,0,11
1403715415.962183475494385,47,0,37,9,11
1403715416.012184619903564,46,0,46,0,11
1403715416.062185287475586,47,3,41,1,11
1403715416.112189769744873,50,2,40,3,11
1403715416.162190198898315,45,0,45,0,11
1403715416.212190866470337,45,1,39,0,11
1403715416.262190818786621,43,0,36,0,11
1403715416.312191486358643,40,1,36,2,11
1403715416.362191677093506,38,0,38,0,11
1403715416.412191867828369,38,0,38,0,11
1403715416.462191820144653,38,0,38,0,11
1403715416.512192010879517,38,0,38,0,11
1403715416.562192678451538,38,0,38,0,11
1403715416.612192630767822,38,0,38,0,11
1403715416.662192821502686,40,0,38,2,11
1403715416.712192773818970,40,0,40,0,11
1403715416.762192726135254,40,0,40,0,11
1403715416.812192916870117,41,1,40,1,11
1403715416.862192869186401,41,0,41,0,11
1403715416.912192821502686,41,4,41,0,11
1403715416.962192773818970,41,0,40,0,11
1403715417.012192726135254,42,0,40,1,11
1403715417.062192916870117,41,0,41,0,11
1403715417.112192869186401,41,0,38,0,11
1403715417.162192583084106,41,0,36,0,11
1403715417.212192773818970,39,0,36,1,11
1403715417.262192726135254,39,0,37,2,11
1403715417.312192678451538,39,0,39,0,11
1403715417.362192630767822,39,0,39,0,11
1403715417.412192583084106,39,1,39,0,11
1403715417.462192535400391,39,0,39,0,11
1403715417.512192487716675,39,4,39,0,11
1403715417.562192678451538,39,0,39,0,11
1403715417.612192630767822,39,0,39,0,11
1403715417.662192583084106,39,0,39,0,11
1403715417.712192773818970,39,0,39,0,11
1403715417.762192726135254,39,0,39,0,11
1403715417.812192916870117,39,0,39,0,11
1403715417.862192869186401,39,0,39,0,11
1403715417.912192821502686,39,0,39,0,11
1403715417.962192773818970,39,0,39,0,11
1403715418.012192726135254,39,1,39,0,11
1403715418.062192916870117,39,0,39,0,11
1403715418.112192869186401,39,4,39,0,11
1403715418.162192821502686,39,0,39,0,11
1403715418.212192773818970,39,0,39,0,11
1403715418.262192726135254,39,0,39,0,11
1403715418.312192916870117,39,0,39,0,11
1403715418.362192869186401,39,0,39,0,11
1403715418.412192821502686,39,0,39,0,11
1403715418.462192773818970,39,0,39,0,11
1403715418.512192964553833,39,0,39,0,11
1403715418.562193155288696,39,0,38,0,11
1403715418.612193107604980,39,1,38,0,11
1403715418.662192821502686,38,0,38,0,11
1403715418.712192773818970,39,3,38,1,11
1403715418.762192964553833,39,0,39,0,11
1403715418.812193155288696,39,0,39,0,11
