# timestamp (sec),tracking,propagation,msckf update,slam update,slam delayed,re-tri & marg,total
1403715278.863589763641357,0.00687,0.00015,0.00064,0.00000,0.00000,0.00424,0.01190
1403715278.912424325942993,0.00616,0.00019,0.00573,0.00000,0.01224,0.00423,0.02855
1403715278.962687253952026,0.00625,0.00027,0.00078,0.00323,0.00000,0.00422,0.01476
1403715279.012886524200439,0.00610,0.00029,0.00015,0.00337,0.00001,0.00439,0.01431
1403715279.062982559204102,0.00696,0.00029,0.00012,0.00325,0.00000,0.00441,0.01503
1403715279.112834692001343,0.00601,0.00031,0.00065,0.00330,0.00000,0.00444,0.01472
1403715279.162814140319824,0.00589,0.00032,0.00036,0.00324,0.00000,0.00439,0.01421
1403715279.213139295578003,0.00712,0.00031,0.00094,0.00329,0.00000,0.00466,0.01633
1403715279.263166666030884,0.00583,0.00032,0.00003,0.00333,0.00696,0.00469,0.02117
1403715279.313326120376587,0.00586,0.00033,0.00008,0.00412,0.00624,0.00465,0.02128
1403715279.363718748092651,0.00690,0.00034,0.00003,0.00500,0.00191,0.00462,0.01880
1403715279.414378881454468,0.00636,0.00032,0.00003,0.00531,0.01543,0.00491,0.03236
1403715279.464793205261230,0.00590,0.00040,0.00004,0.00763,0.00001,0.00507,0.01904
1403715279.515060186386108,0.00588,0.00038,0.01880,0.00771,0.00212,0.00473,0.03962
1403715279.565084934234619,0.00577,0.00040,0.00003,0.00803,0.00010,0.00466,0.01899
1403715279.615092515945435,0.00571,0.00039,0.00182,0.00794,0.00244,0.00470,0.02300
1403715279.665009021759033,0.00576,0.00041,0.00003,0.00849,0.00001,0.00462,0.01931
1403715279.715010881423950,0.00573,0.00039,0.00003,0.00849,0.00001,0.00452,0.01918
1403715279.765069007873535,0.00734,0.00042,0.00003,0.00831,0.00001,0.00462,0.02074
1403715279.815026521682739,0.00578,0.00041,0.00009,0.00837,0.00001,0.00466,0.01931
1403715279.865092277526855,0.00589,0.00045,0.00011,0.00840,0.00001,0.00472,0.01958
1403715279.915055274963379,0.00576,0.00039,0.00009,0.00844,0.00001,0.00472,0.01940
1403715279.965061902999878,0.00579,0.00037,0.00339,0.00815,0.00008,0.00482,0.02260
1403715280.015208005905151,0.00599,0.00041,0.00004,0.00837,0.00001,0.00510,0.01991
1403715280.065098524093628,0.00610,0.00040,0.00010,0.00835,0.00001,0.00461,0.01957
1403715280.114435195922852,0.00633,0.00039,0.01701,0.00851,0.00010,0.00456,0.03689
1403715280.163452625274658,0.00603,0.00039,0.00097,0.00770,0.00008,0.00590,0.02107
1403715280.212493181228638,0.00633,0.00041,0.00173,0.00758,0.00015,0.00454,0.02075
1403715280.261871576309204,0.00597,0.00039,0.00037,0.00738,0.00046,0.00477,0.01934
1403715280.311866044998169,0.00762,0.00041,0.00003,0.00774,0.00001,0.00452,0.02033
1403715280.361929178237915,0.00728,0.00039,0.00003,0.00834,0.00001,0.00536,0.02141
1403715280.411996364593506,0.00704,0.00040,0.00004,0.00905,0.00001,0.00500,0.02154
1403715280.462000370025635,0.00605,0.00036,0.00068,0.00729,0.00001,0.00470,0.01909
1403715280.512170314788818,0.00599,0.00040,0.00015,0.00718,0.00001,0.00475,0.01847
1403715280.562247991561890,0.00593,0.00043,0.00143,0.00691,0.00165,0.00484,0.02118
1403715280.612342119216919,0.00685,0.00040,0.00076,0.00715,0.00001,0.00472,0.01988
1403715280.662348985671997,0.00607,0.00040,0.00077,0.00678,0.00528,0.00446,0.02376
1403715280.712368726730347,0.00606,0.00041,0.01636,0.00830,0.00211,0.00474,0.03798
1403715280.762355327606201,0.00644,0.00037,0.00170,0.00769,0.00202,0.00470,0.02291
1403715280.812373876571655,0.00599,0.00042,0.00266,0.00730,0.00007,0.00459,0.02103
1403715280.862430572509766,0.00860,0.00053,0.00050,0.00710,0.00000,0.00468,0.02141
1403715280.912406444549561,0.00622,0.00039,0.00145,0.00690,0.00001,0.00476,0.01973
1403715280.962417364120483,0.00607,0.00038,0.00049,0.00603,0.00317,0.00477,0.02091
1403715281.012436151504517,0.00682,0.00037,0.00095,0.00567,0.00037,0.00474,0.01893
1403715281.062474966049194,0.00571,0.00033,0.00003,0.00607,0.00001,0.00480,0.01694
1403715281.112477302551270,0.00567,0.00035,0.00013,0.00594,0.00001,0.00498,0.01708
1403715281.162513971328735,0.00585,0.00037,0.00036,0.00556,0.00523,0.00490,0.02227
1403715281.212560653686523,0.00565,0.00036,0.00100,0.00629,0.00000,0.00468,0.01798
1403715281.262686967849731,0.00574,0.00040,0.00018,0.00608,0.00001,0.00468,0.01709
1403715281.312790155410767,0.00587,0.00035,0.00809,0.00577,0.01610,0.00473,0.04092
1403715281.362779617309570,0.00914,0.00037,0.00018,0.00849,0.00001,0.00471,0.02289
1403715281.412787199020386,0.00823,0.00041,0.01029,0.00820,0.00429,0.00486,0.03627
1403715281.462782621383667,0.00706,0.00041,0.00023,0.00923,0.00001,0.00489,0.02183
1403715281.512742042541504,0.00688,0.00038,0.00014,0.00888,0.00001,0.00481,0.02110
1403715281.562684774398804,0.00704,0.00054,0.00377,0.00799,0.00038,0.00501,0.02474
1403715281.612641811370850,0.00688,0.00041,0.00026,0.00772,0.00094,0.00506,0.02127
1403715281.662631034851074,0.00685,0.00039,0.00032,0.00763,0.00071,0.00514,0.02105
1403715281.712656021118164,0.00678,0.00041,0.00063,0.00663,0.00001,0.00473,0.01919
1403715281.762754917144775,0.00665,0.00038,0.00117,0.00602,0.00001,0.00479,0.01902
1403715281.812728643417358,0.00675,0.00036,0.00020,0.00600,0.00005,0.00468,0.01805
1403715281.862833738327026,0.00645,0.00036,0.00338,0.00502,0.00002,0.00492,0.02015
1403715281.912774562835693,0.00627,0.00034,0.01657,0.00503,0.01929,0.00544,0.05295
1403715281.962834358215332,0.00607,0.00047,0.00023,0.00820,0.00047,0.00486,0.02030
1403715282.012936353683472,0.00988,0.00037,0.00836,0.00770,0.00177,0.00451,0.03260
1403715282.063091516494751,0.00617,0.00041,0.00011,0.00784,0.00001,0.00463,0.01916
1403715282.113043308258057,0.00594,0.00038,0.00034,0.00733,0.00002,0.00460,0.01862
1403715282.163214683532715,0.00801,0.00034,0.00022,0.00723,0.00363,0.00483,0.02426
1403715282.213244199752808,0.00687,0.00040,0.00032,0.00767,0.00075,0.00479,0.02080
1403715282.263329029083252,0.00853,0.00035,0.00020,0.00774,0.00001,0.00494,0.02178
1403715282.313320636749268,0.00721,0.00036,0.00038,0.00770,0.00046,0.00465,0.02076
1403715282.363292217254639,0.00864,0.00035,0.00028,0.00814,0.00003,0.00520,0.02264
1403715282.413253784179688,0.00688,0.00039,0.00099,0.00684,0.00001,0.00490,0.02001
1403715282.463258028030396,0.00755,0.00038,0.00023,0.00731,0.00007,0.00526,0.02081
1403715282.513337373733521,0.00771,0.00048,0.01225,0.00663,0.01257,0.00480,0.04445
1403715282.563249588012695,0.00719,0.00040,0.00025,0.00852,0.00001,0.00492,0.02130
1403715282.613180398941040,0.00680,0.00036,0.00706,0.00726,0.00194,0.00486,0.02827
1403715282.663188695907593,0.00686,0.00036,0.00003,0.00744,0.00001,0.00460,0.01930
1403715282.713216066360474,0.00665,0.00035,0.00629,0.00720,0.00415,0.00483,0.02947
1403715282.763218402862549,0.00653,0.00040,0.00235,0.00821,0.00056,0.00500,0.02304
1403715282.813182592391968,0.00631,0.00042,0.01417,0.00847,0.00202,0.00499,0.03637
1403715282.863143205642700,0.00889,0.00035,0.00012,0.00854,0.00001,0.00496,0.02287
1403715282.913093328475952,0.00728,0.00037,0.00019,0.00822,0.00001,0.00545,0.02151
1403715282.963004350662231,0.00730,0.00037,0.00015,0.00794,0.00001,0.00485,0.02061
1403715283.013030290603638,0.00724,0.00038,0.00021,0.00766,0.00001,0.00508,0.02058
1403715283.063008308410645,0.00937,0.00040,0.00004,0.00735,0.00001,0.00498,0.02215
1403715283.112989902496338,0.00735,0.00037,0.01005,0.00694,0.00486,0.00562,0.03520
1403715283.162987709045410,0.00726,0.00041,0.00081,0.00809,0.00047,0.00506,0.02210
1403715283.212987661361694,0.00710,0.00036,0.00561,0.00775,0.00233,0.00494,0.02809
1403715283.262981176376343,0.00736,0.00037,0.00004,0.00849,0.00001,0.00501,0.02127
1403715283.312980413436890,0.00704,0.00040,0.00466,0.00811,0.00118,0.00515,0.02654
1403715283.362975597381592,0.00698,0.00042,0.00151,0.00850,0.00001,0.00504,0.02246
1403715283.412985324859619,0.00667,0.00037,0.03011,0.00809,0.00049,0.00578,0.05151
1403715283.462997198104858,0.00661,0.00042,0.00034,0.00868,0.00001,0.00510,0.02116
1403715283.513002872467041,0.00648,0.00039,0.00043,0.00696,0.00001,0.00473,0.01899
1403715283.562985181808472,0.00624,0.00038,0.00023,0.00686,0.00001,0.00496,0.01868
1403715283.612950563430786,0.00628,0.00038,0.00003,0.00677,0.00001,0.00497,0.01844
1403715283.662957668304443,0.00613,0.00038,0.00024,0.00672,0.00001,0.00495,0.01843
1403715283.713046073913574,0.00610,0.00037,0.00493,0.00630,0.01205,0.00501,0.03476
1403715283.763104438781738,0.00610,0.00042,0.00067,0.00880,0.00001,0.00491,0.02090
1403715283.813196420669556,0.00621,0.00038,0.00556,0.00855,0.00001,0.00484,0.02555
1403715283.863173007965088,0.00592,0.00038,0.00003,0.00875,0.00001,0.00496,0.02005
1403715283.913152933120728,0.00621,0.00042,0.00519,0.00815,0.00001,0.00476,0.02473
1403715283.963100671768188,0.00782,0.00039,0.00004,0.00824,0.00042,0.00495,0.02186
1403715284.012968301773071,0.00682,0.00042,0.02152,0.00841,0.00009,0.00479,0.04205
1403715284.062865257263184,0.00685,0.00038,0.00028,0.00821,0.00001,0.00479,0.02053
1403715284.112856626510620,0.00676,0.00041,0.00004,0.00830,0.00001,0.00484,0.02035
1403715284.162899494171143,0.00668,0.00042,0.00055,0.00835,0.00001,0.00501,0.02102
1403715284.212955236434937,0.00666,0.00040,0.00064,0.00824,0.00001,0.00492,0.02087
1403715284.263028383255005,0.00684,0.00037,0.00012,0.00805,0.00001,0.00523,0.02062
1403715284.313067674636841,0.00661,0.00035,0.00332,0.00789,0.00199,0.00484,0.02501
1403715284.363151788711548,0.00683,0.00038,0.00022,0.00590,0.00044,0.00513,0.01890
1403715284.413028001785278,0.00634,0.00041,0.00541,0.00552,0.00001,0.00509,0.02277
1403715284.463117599487305,0.00645,0.00042,0.00094,0.00340,0.00226,0.00502,0.01849
1403715284.513123750686646,0.00642,0.00037,0.01371,0.00672,0.00094,0.00510,0.03326
1403715284.563112020492554,0.00707,0.00043,0.00072,0.00584,0.00314,0.00517,0.02237
1403715284.613240957260132,0.00807,0.00038,0.01804,0.00692,0.00648,0.00456,0.04445
1403715284.663069248199463,0.00673,0.00041,0.00027,0.00772,0.00074,0.00465,0.02052
1403715284.713055610656738,0.00821,0.00042,0.00028,0.00835,0.00087,0.00463,0.02275
1403715284.762958526611328,0.00635,0.00041,0.00027,0.00892,0.00041,0.00501,0.02138
1403715284.812941789627075,0.00633,0.00042,0.00004,0.00928,0.00001,0.00492,0.02099
1403715284.862937927246094,0.00683,0.00044,0.00004,0.00924,0.00001,0.00500,0.02155
1403715284.912950038909912,0.00668,0.00041,0.00339,0.00943,0.00001,0.00520,0.02511
1403715284.962976932525635,0.00659,0.00040,0.00009,0.00926,0.00001,0.00490,0.02124
1403715285.012985229492188,0.00644,0.00038,0.00558,0.00859,0.00002,0.00499,0.02602
1403715285.062998294830322,0.00681,0.00041,0.00025,0.00817,0.00043,0.00505,0.02113
1403715285.113036870956421,0.00636,0.00041,0.01301,0.00854,0.00121,0.00475,0.03429
1403715285.163000106811523,0.00633,0.00042,0.00042,0.00772,0.00002,0.00506,0.01997
1403715285.212960243225098,0.00618,0.00038,0.01382,0.00701,0.00229,0.00511,0.03480
1403715285.262938737869263,0.00842,0.00039,0.00003,0.00762,0.00001,0.00499,0.02146
1403715285.312930345535278,0.00655,0.00039,0.00018,0.00759,0.00002,0.00480,0.01954
1403715285.362918376922607,0.00635,0.00038,0.00003,0.00724,0.00001,0.00499,0.01900
1403715285.412895679473877,0.00741,0.00041,0.00024,0.00709,0.00041,0.00480,0.02036
1403715285.462882995605469,0.00626,0.00035,0.00003,0.00700,0.00000,0.00483,0.01847
1403715285.512880563735962,0.00610,0.00036,0.00004,0.00706,0.00390,0.00452,0.02197
1403715285.562902212142944,0.00636,0.00038,0.00063,0.00750,0.00038,0.00491,0.02016
1403715285.612898111343384,0.00604,0.00041,0.00009,0.00806,0.00758,0.00519,0.02738
1403715285.662881374359131,0.00613,0.00040,0.00028,0.00880,0.00001,0.00494,0.02055
1403715285.712729454040527,0.00619,0.00037,0.01060,0.00850,0.00012,0.00483,0.03062
1403715285.762668848037720,0.00614,0.00036,0.00024,0.00794,0.00111,0.00484,0.02063
1403715285.812418460845947,0.00610,0.00038,0.01890,0.00740,0.00322,0.00490,0.04089
1403715285.862279653549194,0.00622,0.00040,0.00036,0.00812,0.00089,0.00449,0.02049
1403715285.912211894989014,0.00610,0.00038,0.00003,0.00878,0.00001,0.00482,0.02013
1403715285.962192535400391,0.00843,0.00039,0.00003,0.00861,0.00001,0.00477,0.02224
1403715286.012182712554932,0.00768,0.00036,0.00054,0.00856,0.00118,0.00491,0.02324
1403715286.062161207199097,0.00665,0.00042,0.00036,0.00889,0.00001,0.00498,0.02131
1403715286.112158060073853,0.00741,0.00041,0.00075,0.00863,0.00001,0.00489,0.02209
1403715286.162135362625122,0.00657,0.00038,0.00069,0.00848,0.00001,0.00489,0.02102
1403715286.212114095687866,0.00648,0.00038,0.00208,0.00809,0.00046,0.00519,0.02268
1403715286.262104272842407,0.00641,0.00039,0.00027,0.00804,0.00001,0.00492,0.02003
1403715286.312077283859253,0.00636,0.00037,0.00879,0.00735,0.00551,0.00492,0.03331
1403715286.362081050872803,0.00661,0.00040,0.00078,0.00832,0.00001,0.00575,0.02186
1403715286.412063598632812,0.00649,0.00041,0.01695,0.00804,0.00273,0.00507,0.03968
1403715286.462065219879150,0.00667,0.00039,0.00020,0.00860,0.00001,0.00464,0.02051
1403715286.512070417404175,0.00850,0.00037,0.00029,0.00821,0.00001,0.00472,0.02209
1403715286.562047004699707,0.00649,0.00038,0.01266,0.00758,0.00751,0.00536,0.03999
1403715286.612034559249878,0.00642,0.00040,0.00015,0.00882,0.00001,0.00570,0.02150
1403715286.662025213241577,0.00872,0.00041,0.00033,0.00817,0.00001,0.00515,0.02279
1403715286.712011575698853,0.00652,0.00038,0.00045,0.00673,0.00042,0.00505,0.01954
1403715286.762012720108032,0.00608,0.00037,0.00041,0.00540,0.00001,0.00500,0.01727
1403715286.812010765075684,0.00793,0.00033,0.00032,0.00473,0.00033,0.00501,0.01865
1403715286.862007617950439,0.00676,0.00033,0.00077,0.00462,0.00052,0.00500,0.01800
1403715286.912006616592407,0.00686,0.00034,0.00067,0.00487,0.01389,0.00607,0.03270
1403715286.962005138397217,0.00631,0.00038,0.00025,0.00624,0.00001,0.00493,0.01812
1403715287.012038469314575,0.00659,0.00033,0.01120,0.00551,0.01123,0.00517,0.04003
1403715287.062062740325928,0.00612,0.00035,0.00057,0.00696,0.00048,0.00494,0.01943
1403715287.112107753753662,0.00614,0.00040,0.00028,0.00701,0.00044,0.00510,0.01938
1403715287.162179231643677,0.00607,0.00039,0.00959,0.00636,0.00018,0.00482,0.02742
1403715287.212190628051758,0.00788,0.00040,0.00022,0.00572,0.00001,0.00483,0.01906
1403715287.262194156646729,0.00678,0.00036,0.00032,0.00524,0.00005,0.00498,0.01773
1403715287.312202930450439,0.00645,0.00033,0.00184,0.00490,0.00002,0.00479,0.01833
1403715287.362258672714233,0.00724,0.00030,0.00452,0.00448,0.01530,0.00524,0.03709
1403715287.412252187728882,0.00643,0.00034,0.00083,0.00605,0.00001,0.00490,0.01855
1403715287.462232828140259,0.00602,0.00039,0.00096,0.00569,0.00001,0.00488,0.01795
1403715287.512231588363647,0.00642,0.00037,0.00023,0.00589,0.00078,0.00501,0.01870
1403715287.562243223190308,0.00621,0.00038,0.00060,0.00596,0.00001,0.00483,0.01799
1403715287.612265348434448,0.00669,0.00036,0.00457,0.00630,0.00623,0.00482,0.02897
1403715287.662297248840332,0.00638,0.00040,0.00033,0.00589,0.00001,0.00490,0.01791
1403715287.712338209152222,0.00655,0.00038,0.00008,0.00554,0.00000,0.00487,0.01741
1403715287.762377738952637,0.00666,0.00036,0.00558,0.00481,0.01407,0.00487,0.03635
1403715287.812403440475464,0.00636,0.00040,0.00206,0.00636,0.00711,0.00437,0.02666
1403715287.862419128417969,0.00621,0.00038,0.00012,0.00679,0.00001,0.00456,0.01807
1403715287.912407159805298,0.00609,0.00036,0.00159,0.00611,0.00724,0.00554,0.02693
1403715287.962398052215576,0.00677,0.00039,0.00289,0.00699,0.00337,0.00474,0.02516
1403715288.012388944625854,0.00649,0.00040,0.00034,0.00739,0.00002,0.00494,0.01959
1403715288.062396287918091,0.00642,0.00038,0.00094,0.00621,0.00001,0.00459,0.01854
1403715288.112399101257324,0.00663,0.00036,0.00010,0.00627,0.00044,0.00484,0.01864
1403715288.162408351898193,0.00650,0.00037,0.00036,0.00611,0.00347,0.00468,0.02150
1403715288.212433099746704,0.00696,0.00036,0.00120,0.00605,0.01104,0.00470,0.03032
1403715288.262427330017090,0.00657,0.00043,0.00009,0.00812,0.00197,0.00478,0.02196
1403715288.312424182891846,0.00976,0.00044,0.00499,0.00762,0.00005,0.00500,0.02785
1403715288.362400054931641,0.00634,0.00038,0.00019,0.00774,0.00551,0.00480,0.02496
1403715288.412388086318970,0.00622,0.00041,0.00170,0.00865,0.00202,0.00504,0.02405
1403715288.462400674819946,0.00608,0.00039,0.00085,0.00909,0.00001,0.00487,0.02128
1403715288.512378454208374,0.00635,0.00036,0.00492,0.00901,0.00001,0.00510,0.02576
1403715288.562404870986938,0.00593,0.00042,0.00116,0.00910,0.00001,0.00478,0.02140
1403715288.612403392791748,0.00624,0.00041,0.00024,0.00919,0.00001,0.00491,0.02099
1403715288.662407398223877,0.00612,0.00042,0.00178,0.00912,0.00001,0.00472,0.02216
1403715288.712423563003540,0.00670,0.00064,0.00579,0.01044,0.00001,0.00525,0.02883
1403715288.762419223785400,0.00661,0.00042,0.00901,0.01158,0.00001,0.00619,0.03382
1403715288.812419891357422,0.00816,0.00053,0.00301,0.01092,0.00001,0.00565,0.02827
1403715288.862424612045288,0.01448,0.00047,0.00005,0.01059,0.00001,0.00587,0.03147
1403715288.912437438964844,0.00665,0.00050,0.00690,0.01020,0.00001,0.00605,0.03031
1403715288.962453126907349,0.00825,0.00073,0.00014,0.00809,0.00001,0.00466,0.02188
1403715289.012461900711060,0.00607,0.00042,0.00202,0.00753,0.00045,0.00503,0.02151
1403715289.062478780746460,0.00611,0.00038,0.00040,0.00739,0.00051,0.00497,0.01976
1403715289.112482070922852,0.00610,0.00038,0.00479,0.00732,0.00378,0.00478,0.02715
1403715289.162512302398682,0.00607,0.00044,0.00133,0.00707,0.00092,0.00485,0.02069
1403715289.212462902069092,0.00644,0.00041,0.00027,0.00737,0.00009,0.00488,0.01947
1403715289.262476444244385,0.00592,0.00040,0.00036,0.00718,0.00099,0.00544,0.02029
1403715289.312445640563965,0.00741,0.00038,0.00110,0.00767,0.00293,0.00500,0.02449
1403715289.362419366836548,0.00662,0.00040,0.00517,0.00839,0.00355,0.00477,0.02890
1403715289.412416219711304,0.00785,0.00045,0.00118,0.00837,0.00001,0.00505,0.02291
1403715289.462406158447266,0.00617,0.00042,0.00034,0.00775,0.00001,0.00475,0.01943
1403715289.512402057647705,0.00659,0.00040,0.00250,0.00764,0.00565,0.00496,0.02774
1403715289.562397480010986,0.00777,0.00040,0.00009,0.00877,0.00001,0.00479,0.02183
1403715289.612403154373169,0.00634,0.00039,0.00065,0.00803,0.00198,0.00477,0.02216
1403715289.662391185760498,0.00611,0.00040,0.00027,0.00804,0.00116,0.00471,0.02069
1403715289.712409019470215,0.00602,0.00041,0.00341,0.00804,0.00281,0.00467,0.02537
1403715289.762434959411621,0.00727,0.00039,0.00578,0.00803,0.00202,0.00485,0.02833
1403715289.812458992004395,0.00643,0.00040,0.00353,0.00801,0.00177,0.00507,0.02522
1403715289.862488269805908,0.00628,0.00039,0.01075,0.00804,0.00394,0.00519,0.03460
1403715289.912487983703613,0.00638,0.00041,0.00375,0.00868,0.00007,0.00481,0.02410
1403715289.962484121322632,0.00691,0.00062,0.00509,0.00861,0.00202,0.00522,0.02848
1403715290.012474536895752,0.00639,0.00044,0.00089,0.00933,0.00001,0.00525,0.02230
1403715290.062483310699463,0.00647,0.00042,0.00004,0.00972,0.00001,0.00500,0.02166
1403715290.112482547760010,0.00627,0.00041,0.00182,0.00920,0.00001,0.00482,0.02252
1403715290.162466287612915,0.00643,0.00044,0.00087,0.00915,0.00001,0.00497,0.02186
1403715290.212449789047241,0.00606,0.00042,0.00069,0.00915,0.00001,0.00487,0.02119
1403715290.262452125549316,0.00658,0.00042,0.00074,0.00915,0.00001,0.00503,0.02192
1403715290.312483072280884,0.00637,0.00040,0.00905,0.00906,0.00001,0.00480,0.02969
1403715290.362476110458374,0.00631,0.00042,0.00113,0.00971,0.00002,0.00521,0.02280
1403715290.412484407424927,0.00609,0.00042,0.00019,0.00929,0.00001,0.00483,0.02083
1403715290.462467193603516,0.00631,0.00040,0.00677,0.00904,0.00001,0.00496,0.02750
1403715290.512448549270630,0.00760,0.00041,0.00365,0.00883,0.00001,0.00477,0.02527
1403715290.562407732009888,0.00607,0.00041,0.00074,0.00887,0.00001,0.00454,0.02063
1403715290.612400770187378,0.00604,0.00042,0.00088,0.00896,0.00001,0.00457,0.02088
1403715290.662395000457764,0.00656,0.00041,0.00041,0.00890,0.00001,0.00466,0.02094
1403715290.712384462356567,0.00710,0.00040,0.00263,0.00847,0.00001,0.00469,0.02329
1403715290.762379407882690,0.00656,0.00039,0.00038,0.00734,0.00001,0.00481,0.01948
1403715290.812374830245972,0.00643,0.00040,0.00003,0.00720,0.00001,0.00464,0.01872
1403715290.862354278564453,0.00607,0.00047,0.00036,0.00784,0.00006,0.00503,0.01983
1403715290.912330865859985,0.00661,0.00042,0.00617,0.00691,0.01553,0.00515,0.04079
1403715290.962330818176270,0.00615,0.00039,0.00539,0.00865,0.00001,0.00478,0.02537
1403715291.012345075607300,0.00631,0.00042,0.00314,0.00854,0.00205,0.00494,0.02541
1403715291.062317132949829,0.00787,0.00041,0.00861,0.00869,0.00001,0.00491,0.03050
1403715291.112322568893433,0.00625,0.00039,0.00150,0.00847,0.00002,0.00520,0.02184
1403715291.162351131439209,0.00613,0.00039,0.00197,0.00839,0.00009,0.00474,0.02172
1403715291.212343454360962,0.00800,0.00041,0.00018,0.00830,0.00001,0.00504,0.02193
1403715291.262324810028076,0.00639,0.00036,0.00617,0.00811,0.00207,0.00479,0.02790
1403715291.312315940856934,0.00629,0.00040,0.00096,0.00860,0.00199,0.00507,0.02330
1403715291.362307071685791,0.00610,0.00041,0.00049,0.00900,0.00001,0.00469,0.02069
1403715291.412311792373657,0.00610,0.00039,0.00047,0.00917,0.00001,0.00490,0.02104
1403715291.462309360504150,0.00868,0.00069,0.00006,0.00902,0.00038,0.00536,0.02418
1403715291.512278556823730,0.00606,0.00042,0.00359,0.00847,0.00120,0.00521,0.02494
1403715291.562283992767334,0.00613,0.00040,0.00202,0.00821,0.00204,0.00474,0.02354
1403715291.612281084060669,0.00807,0.00040,0.00004,0.00874,0.00011,0.00506,0.02242
1403715291.662286520004272,0.00604,0.00041,0.00607,0.00845,0.00386,0.00461,0.02944
1403715291.712299823760986,0.00707,0.00041,0.00170,0.00850,0.00001,0.00487,0.02255
1403715291.762298345565796,0.00699,0.00039,0.00843,0.00857,0.00014,0.00487,0.02940
1403715291.812297344207764,0.00611,0.00039,0.00021,0.00816,0.00001,0.00491,0.01978
1403715291.862292766571045,0.00610,0.00040,0.00511,0.00699,0.00891,0.00467,0.03218
1403715291.912285327911377,0.00614,0.00041,0.00023,0.00861,0.00049,0.00499,0.02087
1403715291.962274551391602,0.00593,0.00044,0.00006,0.00876,0.00001,0.00462,0.01981
1403715292.012270689010620,0.00673,0.00041,0.00059,0.00890,0.00001,0.00506,0.02169
1403715292.062266826629639,0.00601,0.00040,0.00093,0.00825,0.00200,0.00494,0.02254
1403715292.112258434295654,0.00595,0.00042,0.00083,0.00862,0.00202,0.00447,0.02232
1403715292.162245988845825,0.00774,0.00042,0.00251,0.00908,0.00001,0.00485,0.02461
1403715292.212238788604736,0.00601,0.00040,0.00015,0.00898,0.00001,0.00467,0.02022
1403715292.262237071990967,0.00604,0.00040,0.00680,0.00856,0.00001,0.00465,0.02645
1403715292.312219142913818,0.00677,0.00042,0.00131,0.00843,0.00001,0.00475,0.02168
1403715292.362205266952515,0.00618,0.00038,0.00667,0.00750,0.00198,0.00484,0.02755
1403715292.412192821502686,0.00625,0.00040,0.00046,0.00779,0.00001,0.00501,0.01992
1403715292.462186813354492,0.00662,0.00038,0.00051,0.00698,0.00367,0.00469,0.02285
1403715292.512163400650024,0.00653,0.00039,0.00111,0.00728,0.00001,0.00498,0.02030
1403715292.562134265899658,0.00669,0.00039,0.00600,0.00724,0.00945,0.00499,0.03476
1403715292.612114906311035,0.00691,0.00040,0.00115,0.00783,0.00001,0.00507,0.02137
1403715292.662102460861206,0.00790,0.00040,0.00066,0.00737,0.00001,0.00483,0.02116
1403715292.712091922760010,0.00751,0.00040,0.00137,0.00677,0.00220,0.00509,0.02334
1403715292.762081146240234,0.00622,0.00037,0.00098,0.00722,0.00194,0.00482,0.02155
1403715292.812067508697510,0.00615,0.00038,0.00121,0.00691,0.00012,0.00494,0.01972
1403715292.862050533294678,0.00611,0.00038,0.00289,0.00663,0.00719,0.00538,0.02859
1403715292.912053585052490,0.00762,0.00040,0.00026,0.00746,0.00041,0.00485,0.02100
1403715292.962051391601562,0.00770,0.00056,0.00267,0.00771,0.00794,0.00613,0.03270
1403715293.012055635452271,0.00722,0.00039,0.00159,0.00775,0.00051,0.00564,0.02310
1403715293.062067508697510,0.00646,0.00035,0.00120,0.00668,0.00043,0.00458,0.01970
1403715293.112072467803955,0.00638,0.00033,0.00296,0.00617,0.00081,0.00497,0.02162
1403715293.162083625793457,0.00605,0.00040,0.00146,0.00618,0.00864,0.00464,0.02736
1403715293.212102651596069,0.00706,0.00040,0.01139,0.00689,0.00520,0.00510,0.03603
1403715293.262082338333130,0.00776,0.00041,0.00038,0.00680,0.00002,0.00476,0.02014
1403715293.312078714370728,0.00629,0.00038,0.00045,0.00640,0.00001,0.00500,0.01853
1403715293.362076044082642,0.00631,0.00041,0.00093,0.00606,0.00004,0.00464,0.01839
1403715293.412062644958496,0.00611,0.00034,0.00227,0.00541,0.00000,0.00492,0.01906
1403715293.462102651596069,0.00591,0.00031,0.00619,0.00542,0.01960,0.00484,0.04226
1403715293.512120008468628,0.00605,0.00041,0.00163,0.00809,0.00047,0.00513,0.02178
1403715293.562135219573975,0.00731,0.00040,0.00016,0.00801,0.00198,0.00449,0.02236
1403715293.612170696258545,0.00629,0.00039,0.00058,0.00840,0.00001,0.00492,0.02058
1403715293.662189245223999,0.00601,0.00042,0.00094,0.00848,0.00001,0.00478,0.02065
1403715293.712193727493286,0.00750,0.00037,0.00099,0.00675,0.00001,0.00524,0.02086
1403715293.762202739715576,0.00629,0.00039,0.00666,0.00655,0.01144,0.00534,0.03667
1403715293.812190771102905,0.00773,0.00042,0.01083,0.00826,0.00078,0.00531,0.03333
1403715293.862195253372192,0.00624,0.00041,0.00017,0.00892,0.00001,0.00462,0.02036
1403715293.912195682525635,0.00614,0.00040,0.00017,0.00828,0.00001,0.00499,0.01999
1403715293.962193250656128,0.00705,0.00041,0.00019,0.00796,0.00046,0.00475,0.02082
1403715294.012190580368042,0.00636,0.00040,0.00032,0.00788,0.00001,0.00505,0.02002
1403715294.062185287475586,0.00609,0.00041,0.00354,0.00701,0.00547,0.00481,0.02734
1403715294.112184286117554,0.00609,0.00040,0.00500,0.00738,0.00485,0.00475,0.02848
1403715294.162189245223999,0.00602,0.00042,0.00032,0.00785,0.00001,0.00485,0.01948
1403715294.212191820144653,0.00755,0.00040,0.00019,0.00770,0.00002,0.00565,0.02150
1403715294.262182474136353,0.00630,0.00040,0.01074,0.00700,0.00402,0.00534,0.03381
1403715294.312179565429688,0.00806,0.00038,0.00206,0.00752,0.00001,0.00473,0.02277
1403715294.362173080444336,0.00836,0.00039,0.00345,0.00710,0.00710,0.00493,0.03133
1403715294.412170410156250,0.00640,0.00039,0.00598,0.00853,0.00361,0.00451,0.02941
1403715294.462169885635376,0.00656,0.00041,0.00015,0.00964,0.00001,0.00485,0.02161
1403715294.512168884277344,0.00635,0.00057,0.00011,0.00965,0.00001,0.00473,0.02142
1403715294.562167167663574,0.00632,0.00039,0.00003,0.00966,0.00001,0.00507,0.02149
1403715294.612168073654175,0.00649,0.00041,0.00058,0.00910,0.00000,0.00502,0.02161
1403715294.662180423736572,0.00626,0.00042,0.00106,0.00873,0.00001,0.00479,0.02128
1403715294.712167739868164,0.00630,0.00041,0.00520,0.00852,0.00247,0.00453,0.02743
1403715294.762156724929810,0.00588,0.00043,0.00462,0.00948,0.00001,0.00496,0.02539
1403715294.812134981155396,0.00916,0.00038,0.00154,0.00811,0.00001,0.00488,0.02408
1403715294.862106323242188,0.00706,0.00038,0.01561,0.00773,0.00497,0.00504,0.04079
1403715294.912092685699463,0.00824,0.00037,0.00067,0.00806,0.00001,0.00497,0.02232
1403715294.962070941925049,0.00687,0.00037,0.00008,0.00794,0.00001,0.00492,0.02020
1403715295.012062311172485,0.00693,0.00039,0.00051,0.00781,0.00567,0.00475,0.02607
1403715295.062064886093140,0.01094,0.00040,0.00018,0.00926,0.00001,0.00521,0.02600
1403715295.112082004547119,0.00701,0.00039,0.00015,0.00977,0.00001,0.00517,0.02251
1403715295.162084102630615,0.00679,0.00040,0.00088,0.00773,0.00001,0.00499,0.02080
1403715295.212085485458374,0.00679,0.00038,0.00070,0.00754,0.00005,0.00519,0.02065
1403715295.262085437774658,0.00643,0.00039,0.00004,0.00757,0.00001,0.00491,0.01934
1403715295.312086105346680,0.00646,0.00038,0.00004,0.00771,0.00392,0.00522,0.02373
1403715295.362094879150391,0.00640,0.00040,0.01525,0.00775,0.00457,0.00478,0.03916
1403715295.412099123001099,0.00642,0.00040,0.00003,0.00868,0.00001,0.00482,0.02036
1403715295.462096929550171,0.00760,0.00039,0.01227,0.00844,0.00265,0.00563,0.03698
1403715295.512097358703613,0.00652,0.00042,0.00023,0.00790,0.00001,0.00499,0.02007
1403715295.562102079391479,0.00625,0.00040,0.00019,0.00794,0.00001,0.00472,0.01951
1403715295.612106084823608,0.00760,0.00038,0.00017,0.00737,0.00004,0.00483,0.02038
1403715295.662116289138794,0.00594,0.00039,0.00008,0.00730,0.00001,0.00495,0.01867
1403715295.712119817733765,0.00632,0.00038,0.00032,0.00686,0.00083,0.00511,0.01983
1403715295.762119770050049,0.00631,0.00040,0.00003,0.00727,0.00001,0.00466,0.01868
1403715295.812120199203491,0.00601,0.00037,0.00035,0.00673,0.00005,0.00485,0.01836
1403715295.862115144729614,0.00836,0.00036,0.00049,0.00637,0.00000,0.00483,0.02043
1403715295.912110805511475,0.00697,0.00037,0.00043,0.00571,0.00002,0.00504,0.01854
1403715295.962119340896606,0.00682,0.00034,0.01070,0.00528,0.00698,0.00511,0.03523
1403715296.012103557586670,0.00686,0.00038,0.00029,0.00658,0.00005,0.00506,0.01921
1403715296.062087774276733,0.00681,0.00037,0.00570,0.00570,0.01212,0.00526,0.03596
1403715296.112073659896851,0.00646,0.00037,0.00019,0.00774,0.00001,0.00511,0.01988
1403715296.162071466445923,0.00839,0.00038,0.00047,0.00734,0.00001,0.00477,0.02136
1403715296.212064981460571,0.00960,0.00040,0.00110,0.00666,0.00001,0.00514,0.02290
1403715296.262053012847900,0.00624,0.00041,0.00101,0.00594,0.00001,0.00484,0.01845
1403715296.312051057815552,0.00632,0.00037,0.00020,0.00541,0.00001,0.00503,0.01734
1403715296.362053155899048,0.00742,0.00036,0.00333,0.00414,0.00002,0.00490,0.02016
1403715296.412075519561768,0.00896,0.00030,0.00800,0.00344,0.01656,0.00568,0.04294
1403715296.462088823318481,0.00681,0.00040,0.00139,0.00544,0.00006,0.00503,0.01912
1403715296.512100458145142,0.00693,0.00036,0.00057,0.00510,0.00152,0.00526,0.01974
1403715296.562135696411133,0.00663,0.00039,0.00812,0.00521,0.00805,0.00521,0.03362
1403715296.612167596817017,0.00666,0.00039,0.00012,0.00639,0.00001,0.00506,0.01864
1403715296.662190198898315,0.00665,0.00038,0.00133,0.00627,0.00617,0.00482,0.02563
1403715296.712194681167603,0.00817,0.00040,0.00065,0.00757,0.00001,0.00513,0.02194
1403715296.762197971343994,0.00658,0.00040,0.00004,0.00755,0.00001,0.00503,0.01961
1403715296.812197208404541,0.00670,0.00040,0.00160,0.00736,0.00000,0.00526,0.02132
1403715296.862195491790771,0.00655,0.00040,0.00004,0.00743,0.00001,0.00497,0.01939
1403715296.912198305130005,0.00667,0.00034,0.00742,0.00736,0.00010,0.00519,0.02708
1403715296.962234735488892,0.00625,0.00041,0.01959,0.00726,0.00524,0.00526,0.04401
1403715297.012269496917725,0.00627,0.00040,0.00863,0.00728,0.00001,0.00564,0.02822
1403715297.062313079833984,0.00623,0.00040,0.00024,0.00739,0.00046,0.00516,0.01987
1403715297.112352132797241,0.00673,0.00038,0.00006,0.00762,0.00001,0.00623,0.02103
1403715297.162399291992188,0.00803,0.00043,0.00812,0.00724,0.00072,0.00533,0.02987
1403715297.212400674819946,0.00719,0.00038,0.00039,0.00636,0.00001,0.00556,0.01990
1403715297.262396812438965,0.00812,0.00042,0.00040,0.00554,0.00252,0.00486,0.02185
1403715297.312378406524658,0.00698,0.00037,0.00024,0.00610,0.00042,0.00514,0.01925
1403715297.362354755401611,0.00642,0.00038,0.00068,0.00546,0.00038,0.00499,0.01831
1403715297.412333250045776,0.00771,0.00036,0.00003,0.00538,0.00000,0.00506,0.01855
1403715297.462310314178467,0.00611,0.00037,0.00073,0.00502,0.00004,0.00484,0.01712
1403715297.512289285659790,0.00619,0.00037,0.00410,0.00491,0.00931,0.00509,0.02997
1403715297.562279701232910,0.00856,0.00041,0.01905,0.00667,0.00001,0.00504,0.03974
1403715297.612292766571045,0.00706,0.00040,0.00689,0.00618,0.00169,0.00512,0.02733
1403715297.662301301956177,0.00681,0.00040,0.00035,0.00610,0.00001,0.00603,0.01969
1403715297.712306022644043,0.00686,0.00040,0.00008,0.00620,0.00001,0.00524,0.01879
1403715297.762307405471802,0.00660,0.00040,0.00715,0.00593,0.00085,0.00511,0.02603
1403715297.812302827835083,0.00855,0.00042,0.00058,0.00603,0.00001,0.00497,0.02056
1403715297.862298488616943,0.00636,0.00040,0.00082,0.00588,0.00375,0.00488,0.02208
1403715297.912294626235962,0.00643,0.00041,0.00201,0.00583,0.00001,0.00505,0.01974
1403715297.962292671203613,0.00766,0.00038,0.00089,0.00553,0.00000,0.00493,0.01939
1403715298.012289524078369,0.00646,0.00039,0.00349,0.00529,0.00004,0.00475,0.02040
1403715298.062290668487549,0.00620,0.00039,0.00104,0.00537,0.00001,0.00519,0.01820
1403715298.112302303314209,0.00604,0.00039,0.01441,0.00494,0.00878,0.00491,0.03948
1403715298.162321090698242,0.00849,0.00039,0.01032,0.00576,0.00317,0.00526,0.03339
1403715298.212329864501953,0.00673,0.00039,0.00659,0.00490,0.00090,0.00575,0.02526
1403715298.262336730957031,0.00676,0.00038,0.00038,0.00429,0.00001,0.00485,0.01668
1403715298.312339067459106,0.00643,0.00036,0.00159,0.00405,0.00037,0.00484,0.01764
1403715298.362342834472656,0.00751,0.00038,0.00088,0.00426,0.00777,0.00477,0.02556
1403715298.412341117858887,0.00630,0.00039,0.00052,0.00547,0.00000,0.00472,0.01742
1403715298.462341547012329,0.00615,0.00040,0.00065,0.00547,0.00063,0.00487,0.01817
1403715298.512343883514404,0.00754,0.00038,0.00003,0.00554,0.00001,0.00486,0.01836
1403715298.562344789505005,0.00628,0.00042,0.00004,0.00551,0.00000,0.00467,0.01693
1403715298.612340927124023,0.00618,0.00041,0.00004,0.00554,0.00001,0.00503,0.01721
1403715298.662334203720093,0.00854,0.00039,0.00004,0.00556,0.00001,0.00497,0.01951
1403715298.712355136871338,0.00670,0.00038,0.02250,0.00558,0.00577,0.00506,0.04600
1403715298.762349128723145,0.00689,0.00053,0.00843,0.00604,0.00404,0.00477,0.03071
1403715298.812360286712646,0.00672,0.00039,0.00682,0.00641,0.00001,0.00506,0.02541
1403715298.862362623214722,0.00711,0.00042,0.00063,0.00638,0.00002,0.00513,0.01970
1403715298.912361383438110,0.00814,0.00042,0.00009,0.00644,0.00001,0.00516,0.02026
1403715298.962353944778442,0.00695,0.00042,0.00153,0.00561,0.00036,0.00502,0.01990
1403715299.012357234954834,0.00668,0.00040,0.00011,0.00572,0.00001,0.00493,0.01785
1403715299.062366485595703,0.00862,0.00038,0.00028,0.00544,0.00014,0.00512,0.01999
1403715299.112377643585205,0.00662,0.00038,0.00079,0.00517,0.00000,0.00489,0.01785
1403715299.162393093109131,0.00661,0.00042,0.00025,0.00494,0.00041,0.00540,0.01803
1403715299.212409257888794,0.00654,0.00039,0.01119,0.00570,0.00025,0.00581,0.02987
1403715299.262414932250977,0.01238,0.00043,0.00005,0.00522,0.00001,0.00542,0.02351
1403715299.312433242797852,0.00670,0.00044,0.01195,0.00445,0.00841,0.00473,0.03667
1403715299.362438201904297,0.00689,0.00038,0.00596,0.00506,0.00739,0.00507,0.03075
1403715299.412440299987793,0.00650,0.00042,0.00675,0.00572,0.00035,0.00485,0.02458
1403715299.462442636489868,0.00697,0.00045,0.00075,0.00559,0.00115,0.00500,0.01992
1403715299.512443542480469,0.00843,0.00040,0.00026,0.00490,0.00000,0.00491,0.01890
1403715299.562444448471069,0.00658,0.00039,0.00029,0.00432,0.00061,0.00485,0.01703
1403715299.612445116043091,0.00785,0.00034,0.00047,0.00448,0.00038,0.00482,0.01834
1403715299.662444353103638,0.00660,0.00035,0.00163,0.00403,0.00033,0.00485,0.01779
1403715299.712442159652710,0.00794,0.00034,0.00134,0.00393,0.00000,0.00503,0.01858
1403715299.762440443038940,0.00909,0.00034,0.00112,0.00400,0.00000,0.00546,0.02001
1403715299.812440872192383,0.00663,0.00035,0.00059,0.00400,0.01571,0.00493,0.03220
1403715299.862433195114136,0.00630,0.00041,0.00080,0.00579,0.00001,0.00486,0.01817
1403715299.912430286407471,0.00616,0.00040,0.00834,0.00549,0.00567,0.00470,0.03077
1403715299.962424278259277,0.00617,0.00041,0.00303,0.00611,0.00366,0.00472,0.02410
1403715300.012429714202881,0.00620,0.00039,0.00649,0.00679,0.00395,0.00471,0.02853
1403715300.062431812286377,0.00602,0.00042,0.00916,0.00704,0.00001,0.00463,0.02729
1403715300.112440109252930,0.00838,0.00040,0.00027,0.00702,0.00001,0.00481,0.02089
1403715300.162450790405273,0.01043,0.00038,0.00069,0.00626,0.00001,0.00479,0.02256
1403715300.212457656860352,0.00708,0.00037,0.00192,0.00616,0.00001,0.00475,0.02030
1403715300.262461662292480,0.00678,0.00040,0.00822,0.00591,0.00711,0.00489,0.03331
1403715300.312458753585815,0.00853,0.00044,0.00079,0.00715,0.00001,0.00488,0.02179
1403715300.362457752227783,0.00664,0.00044,0.00125,0.00676,0.00002,0.00503,0.02013
1403715300.412457466125488,0.00657,0.00040,0.00145,0.00641,0.00228,0.00493,0.02205
1403715300.462455987930298,0.00636,0.00041,0.00025,0.00642,0.00002,0.00507,0.01854
1403715300.512452125549316,0.00642,0.00040,0.00136,0.00621,0.00545,0.00477,0.02461
1403715300.562452077865601,0.00617,0.00040,0.00185,0.00725,0.00118,0.00487,0.02172
1403715300.612451553344727,0.00624,0.00041,0.00016,0.00727,0.00001,0.00481,0.01890
1403715300.662461519241333,0.00650,0.00042,0.01579,0.00711,0.00010,0.00466,0.03457
1403715300.712466001510620,0.00628,0.00040,0.01154,0.00710,0.00358,0.00484,0.03375
1403715300.762465715408325,0.00618,0.00044,0.00004,0.00803,0.00001,0.00467,0.01936
1403715300.812468051910400,0.00807,0.00041,0.00022,0.00771,0.00001,0.00526,0.02167
1403715300.862470388412476,0.00882,0.00045,0.00743,0.00720,0.00036,0.00486,0.02912
1403715300.912472724914551,0.00675,0.00042,0.00049,0.00735,0.00001,0.00497,0.01999
1403715300.962475299835205,0.00667,0.00042,0.00044,0.00727,0.00116,0.00500,0.02097
1403715301.012481212615967,0.00647,0.00042,0.00045,0.00745,0.00040,0.00499,0.02019
1403715301.062481641769409,0.00652,0.00038,0.00018,0.00736,0.00118,0.00502,0.02063
1403715301.112479448318481,0.00657,0.00041,0.00062,0.00746,0.00120,0.00490,0.02117
1403715301.162477016448975,0.00656,0.00045,0.00129,0.00781,0.00001,0.00488,0.02099
1403715301.212475061416626,0.00648,0.00042,0.00133,0.00765,0.00001,0.00482,0.02071
1403715301.262474298477173,0.00658,0.00042,0.01373,0.00679,0.00007,0.00514,0.03273
1403715301.312474012374878,0.00644,0.00040,0.00178,0.00735,0.00692,0.00480,0.02770
1403715301.362473964691162,0.00752,0.00043,0.01503,0.00779,0.00319,0.00605,0.04000
1403715301.412473201751709,0.00788,0.00046,0.00007,0.00786,0.00001,0.00485,0.02113
1403715301.462470531463623,0.00618,0.00044,0.00678,0.00761,0.00203,0.00523,0.02826
1403715301.512475728988647,0.00630,0.00046,0.00004,0.00857,0.00001,0.00556,0.02093
1403715301.562483549118042,0.00645,0.00044,0.00010,0.00800,0.00001,0.00497,0.01996
1403715301.612489700317383,0.00651,0.00044,0.00213,0.00800,0.00001,0.00479,0.02187
1403715301.662490367889404,0.00626,0.00046,0.00093,0.00790,0.00001,0.00474,0.02029
1403715301.712484598159790,0.00632,0.00043,0.00011,0.00797,0.00001,0.00502,0.01986
1403715301.762469053268433,0.00605,0.00046,0.00004,0.00787,0.00001,0.00517,0.01960
1403715301.812449693679810,0.00617,0.00045,0.00018,0.00851,0.00013,0.00488,0.02033
1403715301.862434387207031,0.00626,0.00044,0.01151,0.00725,0.00009,0.00479,0.03034
1403715301.912433624267578,0.00622,0.00044,0.00169,0.00752,0.00203,0.00498,0.02287
1403715301.962431907653809,0.00748,0.00044,0.01213,0.00770,0.00048,0.00523,0.03347
1403715302.012431859970093,0.00641,0.00040,0.00003,0.00814,0.00001,0.00491,0.01991
1403715302.062433958053589,0.00614,0.00042,0.00592,0.00795,0.00001,0.00495,0.02539
1403715302.112435579299927,0.00774,0.00040,0.00008,0.00818,0.00001,0.00489,0.02129
1403715302.162436008453369,0.00625,0.00044,0.00004,0.00816,0.00001,0.00494,0.01983
1403715302.212431669235229,0.00623,0.00043,0.00043,0.00813,0.00001,0.00478,0.02000
1403715302.262431383132935,0.00892,0.00040,0.00004,0.00780,0.00001,0.00496,0.02213
1403715302.312432289123535,0.00723,0.00040,0.00025,0.00780,0.00001,0.00486,0.02054
1403715302.362432241439819,0.00745,0.00041,0.00019,0.00784,0.00049,0.00501,0.02139
1403715302.412433862686157,0.00712,0.00041,0.00078,0.00778,0.00001,0.00509,0.02118
1403715302.462433815002441,0.00722,0.00042,0.01175,0.00782,0.00001,0.00637,0.03358
1403715302.512433290481567,0.00692,0.00043,0.00188,0.00748,0.00048,0.00613,0.02332
1403715302.562430620193481,0.00722,0.00046,0.01170,0.00802,0.00001,0.00519,0.03259
1403715302.612427711486816,0.00701,0.00044,0.00040,0.00761,0.00050,0.00558,0.02154
1403715302.662426233291626,0.00868,0.00040,0.00639,0.00763,0.00001,0.00538,0.02848
1403715302.712426900863647,0.00692,0.00044,0.00027,0.00790,0.00047,0.00504,0.02104
1403715302.762429952621460,0.00693,0.00043,0.00004,0.00819,0.00001,0.00500,0.02060
1403715302.812431812286377,0.00690,0.00045,0.02568,0.00823,0.00001,0.00498,0.04624
1403715302.862432956695557,0.00677,0.00043,0.00062,0.00815,0.00001,0.00494,0.02092
1403715302.912431478500366,0.00670,0.00043,0.00103,0.00794,0.00001,0.00502,0.02114
1403715302.962430000305176,0.00676,0.00043,0.00009,0.00791,0.00001,0.00505,0.02025
1403715303.012428522109985,0.00689,0.00043,0.00012,0.00783,0.00200,0.00528,0.02254
1403715303.062432527542114,0.00673,0.00045,0.01118,0.00789,0.00001,0.00499,0.03125
1403715303.112434625625610,0.00670,0.00043,0.00176,0.00756,0.00002,0.00515,0.02163
1403715303.162431716918945,0.00726,0.00042,0.00957,0.00753,0.00198,0.00599,0.03275
1403715303.212435007095337,0.00660,0.00042,0.00077,0.00804,0.00006,0.00505,0.02094
1403715303.262433767318726,0.00651,0.00042,0.00458,0.00720,0.00417,0.00498,0.02786
1403715303.312438011169434,0.00634,0.00043,0.00122,0.00730,0.00000,0.00478,0.02009
1403715303.362441062927246,0.00659,0.00046,0.00174,0.00682,0.00002,0.00481,0.02043
1403715303.412453413009644,0.00651,0.00044,0.01813,0.00657,0.00251,0.00523,0.03939
1403715303.462460279464722,0.00655,0.00045,0.00048,0.00615,0.00052,0.00500,0.01915
1403715303.512470006942749,0.00663,0.00041,0.00043,0.00575,0.00041,0.00553,0.01915
1403715303.562478780746460,0.00888,0.00037,0.00118,0.00594,0.00043,0.00512,0.02193
1403715303.612493276596069,0.00823,0.00036,0.00035,0.00479,0.00001,0.00497,0.01870
1403715303.662509441375732,0.00662,0.00038,0.00441,0.00368,0.01252,0.00521,0.03282
1403715303.712515592575073,0.00647,0.00039,0.00060,0.00410,0.00221,0.00493,0.01870
1403715303.762517929077148,0.00766,0.00034,0.00076,0.00422,0.01254,0.00486,0.03040
1403715303.812510251998901,0.00647,0.00041,0.00124,0.00539,0.00067,0.00487,0.01907
1403715303.862500905990601,0.00628,0.00039,0.00179,0.00455,0.00095,0.00486,0.01881
1403715303.912492752075195,0.00619,0.00037,0.00098,0.00444,0.00001,0.00466,0.01664
1403715303.962486982345581,0.00791,0.00031,0.00022,0.00426,0.00001,0.00469,0.01739
1403715304.012481927871704,0.00657,0.00034,0.00022,0.00390,0.01450,0.00526,0.03079
1403715304.062480688095093,0.00643,0.00041,0.00091,0.00528,0.00001,0.00482,0.01785
1403715304.112479925155640,0.00629,0.00039,0.01595,0.00478,0.01534,0.00511,0.04785
1403715304.162477016448975,0.00656,0.00046,0.00028,0.00752,0.00052,0.00497,0.02031
1403715304.212472200393677,0.00619,0.00042,0.00107,0.00668,0.00001,0.00478,0.01914
1403715304.262470245361328,0.00677,0.00042,0.00212,0.00716,0.00220,0.00457,0.02323
1403715304.312472105026245,0.00635,0.00044,0.00069,0.00727,0.00047,0.00509,0.02032
1403715304.362473249435425,0.00616,0.00041,0.00024,0.00729,0.00001,0.00482,0.01893
1403715304.412476062774658,0.00631,0.00040,0.00004,0.00687,0.00197,0.00483,0.02042
1403715304.462478637695312,0.00620,0.00043,0.00142,0.00690,0.00118,0.00472,0.02086
1403715304.512483596801758,0.00621,0.00043,0.01494,0.00665,0.00214,0.00526,0.03563
1403715304.562483549118042,0.00615,0.00042,0.00030,0.00678,0.00046,0.00498,0.01910
1403715304.612482786178589,0.00642,0.00064,0.00020,0.00688,0.00020,0.00491,0.01925
1403715304.662483692169189,0.00624,0.00043,0.00069,0.00656,0.00043,0.00517,0.01952
1403715304.712483644485474,0.00625,0.00041,0.01394,0.00657,0.00694,0.00499,0.03910
1403715304.762484073638916,0.00646,0.00046,0.00019,0.00768,0.00005,0.00496,0.01981
1403715304.812484979629517,0.00643,0.00043,0.00019,0.00738,0.00049,0.00506,0.01997
1403715304.862490177154541,0.00749,0.00045,0.00145,0.00756,0.00007,0.00483,0.02185
1403715304.912492513656616,0.00628,0.00042,0.00018,0.00763,0.00046,0.00490,0.01987
1403715304.962494611740112,0.00610,0.00041,0.00060,0.00784,0.00001,0.00483,0.01978
1403715305.012495040893555,0.00749,0.00039,0.00084,0.00782,0.00001,0.00492,0.02147
1403715305.062500000000000,0.00601,0.00038,0.00004,0.00793,0.00001,0.00481,0.01919
1403715305.112507820129395,0.00611,0.00040,0.01285,0.00788,0.00010,0.00548,0.03283
1403715305.162498950958252,0.00598,0.00042,0.00003,0.00795,0.00001,0.00476,0.01916
1403715305.212492227554321,0.00605,0.00042,0.00050,0.00709,0.00010,0.00500,0.01916
1403715305.262487411499023,0.00603,0.00043,0.00004,0.00631,0.00001,0.00490,0.01771
1403715305.312480926513672,0.00616,0.00042,0.01284,0.00638,0.00420,0.00460,0.03460
1403715305.362481117248535,0.00614,0.00044,0.00044,0.00787,0.00049,0.00492,0.02029
1403715305.412482976913452,0.00676,0.00043,0.00003,0.00811,0.00001,0.00514,0.02049
1403715305.462480068206787,0.00623,0.00042,0.00014,0.00818,0.00007,0.00481,0.01985
1403715305.512480974197388,0.00726,0.00048,0.00005,0.00873,0.00001,0.00509,0.02161
1403715305.562479496002197,0.01094,0.00045,0.00004,0.00832,0.00001,0.00613,0.02589
1403715305.612478017807007,0.00622,0.00041,0.00020,0.00786,0.00002,0.00498,0.01969
1403715305.662478923797607,0.00634,0.00042,0.00010,0.00756,0.00001,0.00485,0.01928
1403715305.712474822998047,0.00759,0.00039,0.01276,0.00688,0.00233,0.00490,0.03484
1403715305.762476205825806,0.00633,0.00043,0.00023,0.00719,0.00046,0.00491,0.01955
1403715305.812476634979248,0.00623,0.00043,0.00065,0.00722,0.00084,0.00501,0.02038
1403715305.862474679946899,0.00781,0.00038,0.00069,0.00755,0.00001,0.00497,0.02141
1403715305.912469625473022,0.00673,0.00041,0.01020,0.00723,0.00627,0.00481,0.03566
1403715305.962468624114990,0.00659,0.00047,0.00041,0.00847,0.00001,0.00492,0.02086
1403715306.012466669082642,0.00650,0.00043,0.00019,0.00808,0.00051,0.00483,0.02054
1403715306.062465906143188,0.00634,0.00041,0.00149,0.00843,0.00001,0.00488,0.02156
1403715306.112465381622314,0.00718,0.00049,0.00022,0.00848,0.00050,0.00463,0.02150
1403715306.162464141845703,0.00647,0.00049,0.00004,0.00871,0.00001,0.00490,0.02062
1403715306.212462425231934,0.00670,0.00044,0.00090,0.00871,0.00001,0.00495,0.02170
1403715306.262459516525269,0.00788,0.00046,0.00004,0.00875,0.00001,0.00481,0.02195
1403715306.312454462051392,0.00637,0.00044,0.01526,0.00836,0.00001,0.00521,0.03565
1403715306.362450122833252,0.00643,0.00044,0.00076,0.00815,0.00001,0.00477,0.02057
1403715306.412445068359375,0.00745,0.00040,0.00745,0.00790,0.00047,0.00533,0.02901
1403715306.462439537048340,0.00758,0.00041,0.00052,0.00781,0.00002,0.00485,0.02120
1403715306.512438058853149,0.00645,0.00041,0.00818,0.00747,0.00371,0.00573,0.03197
1403715306.562435150146484,0.00640,0.00041,0.00099,0.00760,0.00001,0.00479,0.02020
1403715306.612431049346924,0.00625,0.00044,0.00108,0.00615,0.00004,0.00481,0.01878
1403715306.662425518035889,0.00766,0.00038,0.00024,0.00570,0.00245,0.00493,0.02136
1403715306.712425708770752,0.00653,0.00039,0.00069,0.00592,0.00038,0.00476,0.01866
1403715306.762424707412720,0.00663,0.00041,0.00157,0.00618,0.00005,0.00497,0.01981
1403715306.812424898147583,0.00795,0.00038,0.00017,0.00588,0.00020,0.00477,0.01936
1403715306.862429141998291,0.00636,0.00039,0.00291,0.00534,0.00001,0.00494,0.01995
1403715306.912437677383423,0.00853,0.00038,0.00114,0.00572,0.01509,0.00549,0.03634
1403715306.962446212768555,0.00678,0.00041,0.00066,0.00728,0.00001,0.00492,0.02007
1403715307.012458086013794,0.00699,0.00040,0.00735,0.00581,0.00272,0.00503,0.02828
1403715307.062469959259033,0.00658,0.00040,0.00075,0.00517,0.00120,0.00488,0.01898
1403715307.112489223480225,0.00645,0.00035,0.00015,0.00521,0.00997,0.00481,0.02694
1403715307.162496805191040,0.00636,0.00039,0.00057,0.00656,0.00036,0.00477,0.01902
1403715307.212496757507324,0.00634,0.00039,0.00862,0.00714,0.01296,0.00475,0.04021
1403715307.262496471405029,0.00616,0.00044,0.00278,0.00830,0.00004,0.00473,0.02247
1403715307.312491655349731,0.00869,0.00040,0.00006,0.00802,0.00001,0.00508,0.02225
1403715307.362487077713013,0.00749,0.00045,0.00109,0.00752,0.00241,0.00463,0.02358
1403715307.412486553192139,0.00750,0.00041,0.00377,0.00768,0.00022,0.00513,0.02472
1403715307.462491512298584,0.00703,0.00039,0.01090,0.00690,0.00879,0.00503,0.03904
1403715307.512490272521973,0.00672,0.00041,0.00081,0.00731,0.00226,0.00534,0.02286
1403715307.562489986419678,0.00691,0.00041,0.00052,0.00577,0.00001,0.00479,0.01840
1403715307.612489461898804,0.00688,0.00044,0.00025,0.00591,0.00751,0.00613,0.02712
1403715307.662488460540771,0.00652,0.00053,0.00043,0.00749,0.00062,0.00581,0.02141
1403715307.712488889694214,0.00763,0.00043,0.00152,0.00696,0.00006,0.00584,0.02244
1403715307.762484788894653,0.01059,0.00052,0.00142,0.00774,0.00008,0.00575,0.02610
1403715307.812480211257935,0.00895,0.00040,0.00140,0.00486,0.00983,0.00522,0.03065
1403715307.862462520599365,0.00887,0.00038,0.01644,0.00456,0.01198,0.00541,0.04764
1403715307.912461042404175,0.00754,0.00042,0.00083,0.00541,0.00077,0.00473,0.01970
1403715307.962461233139038,0.00671,0.00037,0.00021,0.00552,0.00001,0.00492,0.01773
1403715308.012460470199585,0.00641,0.00038,0.00060,0.00497,0.00000,0.00509,0.01745
1403715308.062459945678711,0.00656,0.00038,0.00012,0.00492,0.01755,0.00528,0.03482
1403715308.112459659576416,0.00636,0.00043,0.00016,0.00758,0.00199,0.00471,0.02124
1403715308.162460327148438,0.00638,0.00042,0.00063,0.00762,0.00001,0.00508,0.02013
1403715308.212458372116089,0.00646,0.00045,0.00094,0.00703,0.00002,0.00474,0.01965
1403715308.262456417083740,0.00603,0.00042,0.00070,0.00621,0.00001,0.00485,0.01821
1403715308.312456607818604,0.00613,0.00042,0.00630,0.00597,0.00535,0.00505,0.02922
1403715308.362455368041992,0.00958,0.00040,0.00088,0.00635,0.00114,0.00516,0.02350
1403715308.412453651428223,0.00742,0.00040,0.01443,0.00591,0.00609,0.00516,0.03940
1403715308.462448835372925,0.00856,0.00040,0.01247,0.00683,0.00296,0.00535,0.03657
1403715308.512448787689209,0.00713,0.00040,0.00030,0.00645,0.00002,0.00514,0.01943
1403715308.562448501586914,0.00691,0.00042,0.00040,0.00582,0.00001,0.00517,0.01873
1403715308.612448692321777,0.00682,0.00039,0.00009,0.00571,0.00001,0.00502,0.01803
1403715308.662450551986694,0.00669,0.00035,0.00012,0.00574,0.00001,0.00512,0.01802
1403715308.712453365325928,0.00649,0.00039,0.00010,0.00572,0.00001,0.00505,0.01775
1403715308.762458324432373,0.00675,0.00038,0.00004,0.00573,0.00001,0.00517,0.01807
1403715308.812463998794556,0.00650,0.00039,0.00004,0.00571,0.00022,0.00485,0.01771
1403715308.862468481063843,0.00680,0.00039,0.00004,0.00575,0.00001,0.00557,0.01855
1403715308.912481546401978,0.00689,0.00038,0.02582,0.00558,0.01049,0.00490,0.05406
1403715308.962483644485474,0.00673,0.00041,0.00189,0.00704,0.00010,0.00520,0.02136
1403715309.012487888336182,0.00809,0.00039,0.01221,0.00655,0.00231,0.00534,0.03490
1403715309.062498092651367,0.00671,0.00042,0.00989,0.00700,0.00296,0.00562,0.03260
1403715309.112498998641968,0.00682,0.00043,0.00024,0.00756,0.00047,0.00522,0.02076
1403715309.162503957748413,0.00825,0.00044,0.00004,0.00784,0.00001,0.00530,0.02187
1403715309.212511539459229,0.00691,0.00042,0.00019,0.00733,0.00002,0.00505,0.01992
1403715309.262523651123047,0.00689,0.00044,0.00107,0.00690,0.00001,0.00505,0.02034
1403715309.312515974044800,0.00816,0.00043,0.00211,0.00633,0.00044,0.00471,0.02218
1403715309.362505197525024,0.00657,0.00040,0.00074,0.00656,0.00001,0.00486,0.01914
1403715309.412495374679565,0.00654,0.00040,0.00014,0.00667,0.00142,0.00508,0.02027
1403715309.462488174438477,0.00660,0.00043,0.00058,0.00691,0.00001,0.00501,0.01954
1403715309.512485027313232,0.00662,0.00038,0.02161,0.00732,0.00397,0.00496,0.04485
1403715309.562485218048096,0.00667,0.00043,0.00458,0.00737,0.00202,0.00468,0.02576
1403715309.612474203109741,0.00650,0.00044,0.01155,0.00768,0.00001,0.00495,0.03113
1403715309.662464857101440,0.00653,0.00043,0.01116,0.00767,0.00001,0.00495,0.03075
1403715309.712459564208984,0.00654,0.00042,0.00008,0.00738,0.00001,0.00573,0.02017
1403715309.762452363967896,0.00646,0.00042,0.00023,0.00726,0.00002,0.00492,0.01932
1403715309.812447071075439,0.00623,0.00042,0.00026,0.00716,0.00051,0.00513,0.01972
1403715309.862442016601562,0.00886,0.00043,0.00004,0.00764,0.00001,0.00516,0.02213
1403715309.912438869476318,0.00756,0.00047,0.00027,0.00891,0.00053,0.00517,0.02291
1403715309.962437152862549,0.00626,0.00040,0.00004,0.00768,0.00001,0.00496,0.01936
1403715310.012434244155884,0.00824,0.00042,0.00004,0.00756,0.00001,0.00499,0.02127
1403715310.062436103820801,0.00645,0.00041,0.00076,0.00723,0.00001,0.00504,0.01991
1403715310.112437248229980,0.00638,0.00041,0.01760,0.00641,0.00149,0.00505,0.03734
1403715310.162440776824951,0.00634,0.00040,0.00469,0.00628,0.00428,0.00503,0.02703
1403715310.212445735931396,0.00714,0.00039,0.00959,0.00591,0.00046,0.00453,0.02803
1403715310.262448549270630,0.00662,0.00042,0.00895,0.00577,0.00541,0.00619,0.03335
1403715310.312451601028442,0.00641,0.00042,0.00023,0.00688,0.00001,0.00476,0.01869
1403715310.362453699111938,0.00632,0.00042,0.00044,0.00601,0.00109,0.00491,0.01918
1403715310.412457227706909,0.00648,0.00041,0.00012,0.00681,0.00115,0.00500,0.01998
1403715310.462458610534668,0.00843,0.00041,0.00067,0.00563,0.00001,0.00464,0.01978
1403715310.512457609176636,0.00657,0.00062,0.00052,0.00636,0.00044,0.00505,0.01957
1403715310.562455415725708,0.00860,0.00038,0.00019,0.00614,0.00001,0.00505,0.02038
1403715310.612453222274780,0.00675,0.00038,0.00046,0.00526,0.00000,0.00512,0.01798
1403715310.662452220916748,0.00670,0.00039,0.00042,0.00501,0.00001,0.00492,0.01744
1403715310.712443828582764,0.00671,0.00038,0.00688,0.00415,0.01398,0.00520,0.03731
1403715310.762443780899048,0.00698,0.00043,0.00822,0.00561,0.00403,0.00526,0.03054
1403715310.812444448471069,0.00658,0.00042,0.00494,0.00556,0.00170,0.00523,0.02442
1403715310.862444400787354,0.00674,0.00039,0.00788,0.00590,0.00338,0.00487,0.02916
1403715310.912444114685059,0.00648,0.00040,0.00079,0.00627,0.00001,0.00509,0.01903
1403715310.962442398071289,0.00682,0.00057,0.00035,0.00638,0.00002,0.00488,0.01901
1403715311.012439489364624,0.00642,0.00038,0.00544,0.00584,0.00306,0.00499,0.02613
1403715311.062439203262329,0.00628,0.00044,0.00004,0.00686,0.00001,0.00520,0.01884
1403715311.112435817718506,0.00778,0.00039,0.01621,0.00652,0.00275,0.00477,0.03842
1403715311.162435770034790,0.00623,0.00041,0.00060,0.00721,0.00001,0.00522,0.01966
1403715311.212435960769653,0.00621,0.00040,0.00018,0.00710,0.00001,0.00509,0.01900
1403715311.262436151504517,0.00630,0.00040,0.00017,0.00702,0.00002,0.00534,0.01925
1403715311.312437057495117,0.00600,0.00041,0.00711,0.00676,0.00123,0.00508,0.02660
1403715311.362438917160034,0.00618,0.00040,0.00706,0.00642,0.00180,0.00532,0.02718
1403715311.412440299987793,0.00622,0.00042,0.00328,0.00658,0.00036,0.00480,0.02165
1403715311.462440252304077,0.00619,0.00042,0.00818,0.00661,0.00052,0.00547,0.02739
1403715311.512441158294678,0.00757,0.00039,0.00004,0.00643,0.00001,0.00502,0.01945
1403715311.562441587448120,0.00609,0.00037,0.00024,0.00593,0.00001,0.00509,0.01773
1403715311.612440109252930,0.00612,0.00041,0.00373,0.00545,0.00224,0.00463,0.02259
1403715311.662439584732056,0.00770,0.00041,0.00014,0.00532,0.00001,0.00516,0.01873
1403715311.712434768676758,0.00614,0.00038,0.01177,0.00505,0.00892,0.00508,0.03735
1403715311.762433528900146,0.00602,0.00039,0.00023,0.00637,0.00044,0.00485,0.01831
1403715311.812432289123535,0.00594,0.00040,0.00017,0.00642,0.00001,0.00502,0.01795
1403715311.862430572509766,0.00794,0.00037,0.00021,0.00604,0.00113,0.00497,0.02066
1403715311.912430286407471,0.00667,0.00040,0.00628,0.00577,0.00230,0.00554,0.02696
1403715311.962430238723755,0.00704,0.00040,0.00705,0.00571,0.00286,0.00515,0.02822
1403715312.012430667877197,0.01132,0.00042,0.00113,0.00629,0.00355,0.00507,0.02777
1403715312.062431335449219,0.00693,0.00048,0.00575,0.00613,0.00576,0.00477,0.02982
1403715312.112432003021240,0.00650,0.00043,0.00036,0.00720,0.00001,0.00506,0.01955
1403715312.162431478500366,0.00647,0.00041,0.00167,0.00673,0.00001,0.00536,0.02064
1403715312.212430238723755,0.00823,0.00042,0.00377,0.00556,0.00063,0.00499,0.02361
1403715312.262429952621460,0.00610,0.00038,0.00143,0.00538,0.00001,0.00516,0.01845
1403715312.312427997589111,0.00602,0.00038,0.00776,0.00435,0.00746,0.00489,0.03087
1403715312.362430334091187,0.00868,0.00035,0.00126,0.00523,0.00001,0.00511,0.02064
1403715312.412430047988892,0.00607,0.00037,0.00917,0.00423,0.00955,0.00545,0.03484
1403715312.462431192398071,0.00612,0.00043,0.00034,0.00445,0.00038,0.00492,0.01664
1403715312.512431383132935,0.00585,0.00040,0.00554,0.00350,0.00211,0.00491,0.02231
1403715312.562428474426270,0.00780,0.00039,0.00653,0.00335,0.00208,0.00476,0.02490
1403715312.612437009811401,0.00595,0.00039,0.00168,0.00321,0.00154,0.00483,0.01761
1403715312.662435054779053,0.00619,0.00032,0.00089,0.00323,0.00506,0.00503,0.02071
1403715312.712437868118286,0.00605,0.00036,0.00084,0.00365,0.00054,0.00486,0.01629
1403715312.762428760528564,0.00793,0.00037,0.00045,0.00328,0.00000,0.00503,0.01707
1403715312.812432765960693,0.00624,0.00031,0.00086,0.00292,0.00327,0.00491,0.01851
1403715312.862438201904297,0.00783,0.00032,0.00146,0.00321,0.00032,0.00483,0.01797
1403715312.912449121475220,0.00770,0.00030,0.00097,0.00308,0.01456,0.00471,0.03132
1403715312.962447166442871,0.00599,0.00037,0.00177,0.00458,0.00001,0.00485,0.01757
1403715313.012443542480469,0.00602,0.00035,0.00084,0.00433,0.00871,0.00495,0.02521
1403715313.062438726425171,0.00583,0.00038,0.00038,0.00541,0.00036,0.00491,0.01728
1403715313.112440109252930,0.00727,0.00032,0.00821,0.00491,0.01176,0.00471,0.03719
1403715313.162436723709106,0.00708,0.00040,0.00460,0.00655,0.00385,0.00472,0.02721
1403715313.212431430816650,0.00619,0.00043,0.00526,0.00704,0.00162,0.00459,0.02513
1403715313.262427806854248,0.00668,0.00043,0.00109,0.00699,0.00001,0.00472,0.01992
1403715313.312427282333374,0.00650,0.00040,0.00567,0.00652,0.00120,0.00484,0.02514
1403715313.362426042556763,0.00599,0.00040,0.00197,0.00615,0.00044,0.00483,0.01980
1403715313.412426233291626,0.00595,0.00041,0.00987,0.00610,0.00422,0.00503,0.03158
1403715313.462425470352173,0.00752,0.00041,0.00014,0.00713,0.00117,0.00470,0.02108
1403715313.512422323226929,0.00601,0.00039,0.00062,0.00737,0.00049,0.00492,0.01980
1403715313.562421083450317,0.00602,0.00042,0.00044,0.00743,0.00001,0.00482,0.01914
1403715313.612418174743652,0.00829,0.00039,0.00004,0.00670,0.00131,0.00488,0.02161
1403715313.662410020828247,0.00609,0.00043,0.00595,0.00681,0.00203,0.00488,0.02618
1403715313.712409973144531,0.00602,0.00042,0.00878,0.00689,0.00074,0.00456,0.02743
1403715313.762401819229126,0.00630,0.00043,0.00186,0.00754,0.00001,0.00534,0.02147
1403715313.812402963638306,0.00611,0.00040,0.00285,0.00789,0.00001,0.00476,0.02202
1403715313.862401247024536,0.00584,0.00041,0.00159,0.00622,0.00002,0.00474,0.01882
1403715313.912395477294922,0.00601,0.00041,0.00388,0.00566,0.00220,0.00469,0.02285
1403715313.962397575378418,0.00594,0.00043,0.00047,0.00529,0.00092,0.00479,0.01785
1403715314.012414693832397,0.00685,0.00054,0.00817,0.00632,0.00536,0.00554,0.03278
1403715314.062425136566162,0.00990,0.00045,0.00074,0.00725,0.00091,0.00525,0.02450
1403715314.112430095672607,0.00679,0.00036,0.00108,0.00668,0.00192,0.00497,0.02181
1403715314.162437200546265,0.00871,0.00040,0.00076,0.00684,0.00236,0.00474,0.02382
1403715314.212441921234131,0.00635,0.00040,0.00047,0.00623,0.00007,0.00481,0.01832
1403715314.262448549270630,0.00745,0.00038,0.00053,0.00502,0.00631,0.00471,0.02440
1403715314.312453508377075,0.00637,0.00037,0.00617,0.00497,0.00244,0.00455,0.02487
1403715314.362450838088989,0.00631,0.00034,0.00070,0.00507,0.00048,0.00486,0.01776
1403715314.412446498870850,0.00703,0.00036,0.00057,0.00520,0.00022,0.00477,0.01814
1403715314.462442636489868,0.00644,0.00035,0.00043,0.00495,0.00007,0.00473,0.01697
1403715314.512438535690308,0.00631,0.00034,0.00004,0.00496,0.00196,0.00487,0.01848
1403715314.562436580657959,0.00619,0.00035,0.00036,0.00497,0.00127,0.00491,0.01805
1403715314.612434625625610,0.00633,0.00034,0.00580,0.00490,0.01267,0.00489,0.03494
1403715314.662435293197632,0.00627,0.00041,0.00028,0.00724,0.00161,0.00508,0.02089
1403715314.712436199188232,0.00747,0.00042,0.00004,0.00751,0.00001,0.00489,0.02033
1403715314.762436628341675,0.00633,0.00039,0.00024,0.00727,0.00200,0.00501,0.02126
1403715314.812440156936646,0.00616,0.00040,0.00696,0.00721,0.00393,0.00469,0.02935
1403715314.862440109252930,0.00690,0.00044,0.00019,0.00788,0.00001,0.00487,0.02028
1403715314.912442684173584,0.00644,0.00042,0.00767,0.00771,0.00151,0.00493,0.02869
1403715314.962441444396973,0.00631,0.00041,0.00950,0.00776,0.00001,0.00473,0.02872
1403715315.012441873550415,0.00645,0.00040,0.00064,0.00792,0.00001,0.00496,0.02036
1403715315.062441349029541,0.00652,0.00042,0.00113,0.00779,0.00050,0.00462,0.02097
1403715315.112436771392822,0.00638,0.00040,0.00371,0.00754,0.00117,0.00494,0.02414
1403715315.162429809570312,0.00602,0.00039,0.00145,0.00729,0.00232,0.00483,0.02229
1403715315.212428092956543,0.00634,0.00041,0.00735,0.00743,0.00049,0.00495,0.02696
1403715315.262425422668457,0.00614,0.00042,0.00019,0.00774,0.00001,0.00464,0.01914
1403715315.312422275543213,0.00620,0.00042,0.00027,0.00750,0.00001,0.00479,0.01919
1403715315.362423181533813,0.00600,0.00041,0.00036,0.00734,0.00048,0.00465,0.01926
1403715315.412422657012939,0.00737,0.00041,0.00874,0.00726,0.00121,0.00515,0.03014
1403715315.462421417236328,0.00685,0.00040,0.00076,0.00731,0.00001,0.00495,0.02028
1403715315.512420415878296,0.00618,0.00054,0.00707,0.00718,0.00152,0.00491,0.02740
1403715315.562419414520264,0.00599,0.00040,0.00871,0.00676,0.00035,0.00490,0.02713
1403715315.612417459487915,0.00604,0.00039,0.00003,0.00696,0.00001,0.00505,0.01848
1403715315.662416458129883,0.00603,0.00041,0.00120,0.00653,0.00143,0.00503,0.02063
1403715315.712416648864746,0.00612,0.00038,0.00145,0.00735,0.00118,0.00520,0.02168
1403715315.762415885925293,0.00623,0.00047,0.00163,0.00708,0.00002,0.00492,0.02035
1403715315.812418937683105,0.00826,0.00044,0.00656,0.00634,0.00142,0.00478,0.02780
1403715315.862421751022339,0.00600,0.00038,0.00005,0.00645,0.00001,0.00492,0.01781
1403715315.912423610687256,0.00609,0.00038,0.00035,0.00614,0.00001,0.00494,0.01791
1403715315.962424278259277,0.00755,0.00039,0.00015,0.00622,0.00002,0.00494,0.01926
1403715316.012423038482666,0.00617,0.00037,0.00662,0.00585,0.00801,0.00504,0.03205
1403715316.062422275543213,0.00599,0.00040,0.00017,0.00682,0.00001,0.00493,0.01832
1403715316.112421751022339,0.00987,0.00040,0.00674,0.00685,0.00202,0.00546,0.03135
1403715316.162418603897095,0.01120,0.00048,0.01039,0.00779,0.00108,0.00630,0.03724
1403715316.212417602539062,0.00744,0.00043,0.00101,0.00685,0.00001,0.00595,0.02168
1403715316.262415885925293,0.01586,0.00047,0.00035,0.00639,0.00196,0.00622,0.03125
1403715316.312413930892944,0.00859,0.00058,0.00175,0.00748,0.00399,0.00830,0.03070
1403715316.362418174743652,0.00681,0.00039,0.00135,0.00443,0.00574,0.00490,0.02362
1403715316.412423133850098,0.00799,0.00037,0.00049,0.00470,0.00918,0.00502,0.02776
1403715316.462437152862549,0.00605,0.00037,0.00040,0.00560,0.00001,0.00464,0.01707
1403715316.512452125549316,0.00626,0.00039,0.00024,0.00545,0.00042,0.00512,0.01789
1403715316.562464952468872,0.00742,0.00034,0.00037,0.00544,0.00106,0.00497,0.01960
1403715316.612479209899902,0.00619,0.00036,0.00006,0.00560,0.00910,0.00482,0.02613
1403715316.662483215332031,0.00593,0.00039,0.00088,0.00698,0.00001,0.00481,0.01900
1403715316.712483406066895,0.00605,0.00038,0.01032,0.00665,0.00039,0.00494,0.02873
1403715316.762485742568970,0.00726,0.00040,0.00815,0.00628,0.00062,0.00491,0.02763
1403715316.812486886978149,0.00612,0.00040,0.00080,0.00698,0.00071,0.00538,0.02039
1403715316.862495660781860,0.00626,0.00040,0.01196,0.00628,0.00264,0.00524,0.03279
1403715316.912500619888306,0.00723,0.00039,0.00003,0.00633,0.00001,0.00517,0.01915
1403715316.962502002716064,0.00815,0.00040,0.00037,0.00647,0.00001,0.00482,0.02022
1403715317.012504339218140,0.00626,0.00039,0.00018,0.00607,0.00001,0.00487,0.01778
1403715317.062504529953003,0.00624,0.00040,0.00034,0.00597,0.00001,0.00484,0.01778
1403715317.112501859664917,0.00805,0.00036,0.00017,0.00573,0.00297,0.00519,0.02247
1403715317.162499904632568,0.00676,0.00035,0.00024,0.00605,0.00107,0.00477,0.01924
1403715317.212500572204590,0.00680,0.00037,0.00069,0.00581,0.00035,0.00505,0.01906
1403715317.262498617172241,0.00835,0.00037,0.00057,0.00573,0.00000,0.00487,0.01991
1403715317.312498807907104,0.00709,0.00041,0.00842,0.00532,0.00685,0.00568,0.03377
1403715317.362502813339233,0.00718,0.00040,0.00600,0.00694,0.00590,0.00514,0.03157
1403715317.412504196166992,0.00686,0.00041,0.00004,0.00746,0.00001,0.00493,0.01971
1403715317.462504625320435,0.00708,0.00043,0.01515,0.00761,0.00041,0.00538,0.03606
1403715317.512505054473877,0.00684,0.00041,0.00039,0.00670,0.00001,0.00497,0.01932
1403715317.562506675720215,0.00720,0.00039,0.00076,0.00630,0.00045,0.00470,0.01980
1403715317.612506628036499,0.00665,0.00040,0.00044,0.00623,0.00001,0.00513,0.01885
1403715317.662509679794312,0.00708,0.00041,0.00562,0.00573,0.00505,0.00501,0.02892
1403715317.712507247924805,0.00655,0.00042,0.00064,0.00680,0.00048,0.00565,0.02054
1403715317.762506246566772,0.00651,0.00042,0.00037,0.00701,0.00047,0.00469,0.01948
1403715317.812504291534424,0.00668,0.00039,0.01531,0.00692,0.00202,0.00543,0.03676
1403715317.862502574920654,0.00677,0.00040,0.00034,0.00658,0.00001,0.00501,0.01911
1403715317.912500143051147,0.00664,0.00039,0.00581,0.00673,0.00402,0.00486,0.02845
1403715317.962499618530273,0.00879,0.00037,0.00150,0.00480,0.00742,0.00491,0.02777
1403715318.012497663497925,0.00698,0.00037,0.00029,0.00577,0.00001,0.00508,0.01849
1403715318.062495231628418,0.00819,0.00040,0.00921,0.00511,0.01345,0.00471,0.04107
1403715318.112493276596069,0.00656,0.00040,0.00048,0.00728,0.00001,0.00486,0.01958
1403715318.162492036819458,0.00645,0.00040,0.00062,0.00697,0.00001,0.00493,0.01937
1403715318.212490558624268,0.00818,0.00040,0.00018,0.00685,0.00001,0.00500,0.02061
1403715318.262489318847656,0.00635,0.00039,0.00422,0.00660,0.00331,0.00496,0.02583
1403715318.312489032745361,0.00628,0.00039,0.00004,0.00718,0.00001,0.00506,0.01896
1403715318.362487554550171,0.00658,0.00041,0.00032,0.00707,0.00001,0.00511,0.01950
1403715318.412486553192139,0.00706,0.00041,0.01387,0.00706,0.00329,0.00671,0.03840
1403715318.462488412857056,0.00634,0.00039,0.00128,0.00704,0.00001,0.00487,0.01992
1403715318.512485742568970,0.00635,0.00038,0.01595,0.00635,0.00394,0.00532,0.03830
1403715318.562488555908203,0.00605,0.00039,0.00031,0.00665,0.00001,0.00479,0.01820
1403715318.612489223480225,0.00699,0.00039,0.00030,0.00606,0.00001,0.00491,0.01865
1403715318.662492990493774,0.00775,0.00037,0.00311,0.00561,0.01179,0.00507,0.03371
1403715318.712493658065796,0.00668,0.00045,0.00075,0.00708,0.00002,0.00483,0.01981
1403715318.762491941452026,0.00792,0.00039,0.00050,0.00685,0.00002,0.00505,0.02073
1403715318.812489509582520,0.00678,0.00038,0.00045,0.00654,0.00001,0.00496,0.01912
1403715318.862485408782959,0.00637,0.00041,0.00221,0.00608,0.00499,0.00470,0.02476
1403715318.912483453750610,0.00619,0.00039,0.00008,0.00743,0.00001,0.00480,0.01890
1403715318.962482213973999,0.00631,0.00039,0.00009,0.00742,0.00001,0.00466,0.01888
1403715319.012481451034546,0.00631,0.00041,0.01090,0.00705,0.00288,0.00473,0.03228
1403715319.062482357025146,0.00609,0.00042,0.00059,0.00711,0.00001,0.00488,0.01911
1403715319.112482309341431,0.00615,0.00043,0.01233,0.00670,0.00162,0.00472,0.03195
1403715319.162482500076294,0.00614,0.00057,0.00232,0.00634,0.00001,0.00498,0.02036
1403715319.212484359741211,0.00641,0.00040,0.01082,0.00501,0.00847,0.00471,0.03582
1403715319.262482643127441,0.00770,0.00039,0.00025,0.00601,0.00002,0.00470,0.01907
1403715319.312478780746460,0.00789,0.00034,0.00024,0.00594,0.00001,0.00481,0.01922
1403715319.362475156784058,0.00674,0.00037,0.00029,0.00543,0.00001,0.00485,0.01770
1403715319.412474870681763,0.00651,0.00036,0.00003,0.00541,0.00001,0.00475,0.01706
1403715319.462471008300781,0.00632,0.00037,0.00115,0.00455,0.00045,0.00462,0.01747
1403715319.512466907501221,0.00633,0.00034,0.00023,0.00467,0.00001,0.00482,0.01640
1403715319.562462568283081,0.00632,0.00033,0.00105,0.00431,0.00000,0.00482,0.01684
1403715319.612459659576416,0.00631,0.00034,0.00064,0.00422,0.01887,0.00487,0.03527
1403715319.662453889846802,0.00626,0.00038,0.00042,0.00595,0.00041,0.00470,0.01812
1403715319.712448358535767,0.00680,0.00037,0.00702,0.00605,0.01047,0.00487,0.03560
1403715319.762444972991943,0.00609,0.00042,0.00004,0.00782,0.00001,0.00492,0.01930
1403715319.812443256378174,0.00589,0.00043,0.02355,0.00759,0.00001,0.00582,0.04330
1403715319.862441778182983,0.00602,0.00039,0.00007,0.00695,0.00001,0.00467,0.01811
1403715319.912440299987793,0.00656,0.00036,0.00003,0.00695,0.00001,0.00479,0.01869
1403715319.962439537048340,0.00628,0.00039,0.00020,0.00673,0.00001,0.00475,0.01836
1403715320.012434720993042,0.00592,0.00039,0.00046,0.00613,0.00001,0.00471,0.01761
1403715320.062427282333374,0.00727,0.00038,0.00064,0.00574,0.00304,0.00501,0.02208
1403715320.112426280975342,0.00659,0.00040,0.00141,0.00514,0.00042,0.00477,0.01873
1403715320.162423372268677,0.00813,0.00036,0.00142,0.00515,0.00000,0.00501,0.02007
1403715320.212417840957642,0.00647,0.00033,0.00008,0.00519,0.00001,0.00468,0.01676
1403715320.262409210205078,0.00662,0.00047,0.00268,0.00506,0.01183,0.00515,0.03181
1403715320.312407255172729,0.00661,0.00039,0.00440,0.00644,0.00741,0.00482,0.03008
1403715320.362409830093384,0.00642,0.00041,0.00269,0.00721,0.00001,0.00478,0.02153
1403715320.412415981292725,0.00817,0.00043,0.01433,0.00671,0.00194,0.00504,0.03663
1403715320.462431907653809,0.00901,0.00047,0.00124,0.00764,0.00212,0.00541,0.02589
1403715320.512438535690308,0.00787,0.00043,0.00102,0.00780,0.00001,0.00577,0.02289
1403715320.562444686889648,0.00777,0.00038,0.00121,0.00679,0.00001,0.00474,0.02091
1403715320.612449884414673,0.00661,0.00036,0.00648,0.00651,0.00670,0.00483,0.03149
1403715320.662448883056641,0.00673,0.00039,0.00067,0.00755,0.00001,0.00475,0.02010
1403715320.712449073791504,0.00652,0.00039,0.00977,0.00693,0.00187,0.00475,0.03023
1403715320.762449264526367,0.00639,0.00041,0.00003,0.00716,0.00001,0.00463,0.01863
1403715320.812449455261230,0.00652,0.00040,0.00031,0.00628,0.00001,0.00503,0.01854
1403715320.862446784973145,0.00644,0.00040,0.00042,0.00570,0.00042,0.00489,0.01826
1403715320.912445783615112,0.00634,0.00038,0.00016,0.00584,0.00237,0.00452,0.01961
1403715320.962444067001343,0.00609,0.00037,0.00003,0.00686,0.00001,0.00475,0.01812
1403715321.012441396713257,0.00614,0.00039,0.02409,0.00606,0.01020,0.00474,0.05162
1403715321.062439918518066,0.00584,0.00040,0.00003,0.00789,0.00001,0.00458,0.01876
1403715321.112436532974243,0.00772,0.00037,0.00003,0.00790,0.00001,0.00476,0.02079
1403715321.162431240081787,0.00597,0.00041,0.00003,0.00839,0.00001,0.00488,0.01968
1403715321.212427139282227,0.00582,0.00040,0.00466,0.00707,0.00199,0.00496,0.02490
1403715321.262426137924194,0.00778,0.00038,0.00019,0.00580,0.00043,0.00494,0.01952
1403715321.312427997589111,0.00593,0.00039,0.00843,0.00545,0.00071,0.00474,0.02565
1403715321.362427473068237,0.00598,0.00037,0.00075,0.00437,0.00185,0.00500,0.01832
1403715321.412435531616211,0.00593,0.00042,0.00023,0.00570,0.00042,0.00489,0.01758
1403715321.462437868118286,0.00614,0.00039,0.00056,0.00520,0.00212,0.00481,0.01921
1403715321.512433290481567,0.00586,0.00038,0.00018,0.00570,0.00002,0.00498,0.01711
1403715321.562432527542114,0.00584,0.00038,0.00022,0.00490,0.00061,0.00450,0.01645
1403715321.612430810928345,0.00616,0.00039,0.01717,0.00566,0.00931,0.00519,0.04387
1403715321.662438392639160,0.00681,0.00042,0.00003,0.00859,0.00001,0.00455,0.02040
1403715321.712440013885498,0.00615,0.00043,0.00003,0.00862,0.00001,0.00479,0.02003
1403715321.762441158294678,0.00624,0.00041,0.00003,0.00838,0.00001,0.00461,0.01969
1403715321.812442064285278,0.00855,0.00039,0.00325,0.00796,0.00200,0.00483,0.02699
1403715321.862443447113037,0.00707,0.00037,0.00056,0.00750,0.00049,0.00490,0.02088
1403715321.912454366683960,0.00667,0.00039,0.00668,0.00784,0.00572,0.00506,0.03237
1403715321.962468624114990,0.00678,0.00041,0.00123,0.00852,0.00119,0.00489,0.02302
1403715322.012492179870605,0.00667,0.00042,0.00133,0.00849,0.00001,0.00497,0.02188
1403715322.062503814697266,0.00654,0.00042,0.00255,0.00826,0.00164,0.00460,0.02401
1403715322.112522363662720,0.00656,0.00038,0.00127,0.00815,0.00001,0.00485,0.02121
1403715322.162529945373535,0.00661,0.00041,0.00128,0.00837,0.00002,0.00500,0.02169
1403715322.212529659271240,0.00785,0.00037,0.01415,0.00821,0.00399,0.00482,0.03939
1403715322.262527227401733,0.00672,0.00040,0.00132,0.00904,0.00001,0.00486,0.02235
1403715322.312526464462280,0.00659,0.00042,0.00014,0.00867,0.00001,0.00463,0.02047
1403715322.362525939941406,0.00802,0.00042,0.01977,0.00700,0.00187,0.00497,0.04204
1403715322.412528038024902,0.00639,0.00038,0.00029,0.00696,0.00293,0.00453,0.02149
1403715322.462531328201294,0.00620,0.00036,0.00101,0.00594,0.00040,0.00482,0.01873
1403715322.512534618377686,0.00589,0.00037,0.00096,0.00541,0.00674,0.00477,0.02415
1403715322.562536478042603,0.00912,0.00035,0.00090,0.00594,0.00047,0.00513,0.02192
1403715322.612540721893311,0.00674,0.00037,0.00076,0.00565,0.00001,0.00470,0.01822
1403715322.662549495697021,0.00648,0.00031,0.00060,0.00488,0.00001,0.00466,0.01695
1403715322.712556600570679,0.00650,0.00034,0.00086,0.00492,0.00150,0.00485,0.01896
1403715322.762562751770020,0.00625,0.00035,0.00231,0.00554,0.00001,0.00484,0.01930
1403715322.812573432922363,0.00612,0.00036,0.00469,0.00479,0.02396,0.00468,0.04459
1403715322.862578153610229,0.00637,0.00041,0.00111,0.00887,0.00001,0.00449,0.02126
1403715322.912580966949463,0.00737,0.00042,0.00179,0.00801,0.00001,0.00472,0.02231
1403715322.962583065032959,0.00657,0.00041,0.00973,0.00797,0.00384,0.00480,0.03332
1403715323.012584924697876,0.00628,0.00038,0.00081,0.00835,0.00001,0.00473,0.02056
1403715323.062585592269897,0.00747,0.00040,0.00064,0.00775,0.00001,0.00485,0.02111
1403715323.112581968307495,0.00660,0.00036,0.01266,0.00727,0.00776,0.00502,0.03967
1403715323.162577629089355,0.00635,0.00039,0.00039,0.00811,0.00001,0.00475,0.02000
1403715323.212576150894165,0.00770,0.00036,0.00042,0.00766,0.00047,0.00475,0.02136
1403715323.262575387954712,0.00658,0.00037,0.00074,0.00697,0.00001,0.00474,0.01941
1403715323.312576532363892,0.00666,0.00038,0.00149,0.00662,0.00001,0.00464,0.01979
1403715323.362576723098755,0.00653,0.00038,0.00038,0.00631,0.00000,0.00493,0.01853
1403715323.412580490112305,0.00625,0.00038,0.00120,0.00567,0.00550,0.00455,0.02355
1403715323.462582349777222,0.00817,0.00038,0.00017,0.00663,0.00962,0.00495,0.02993
1403715323.512585163116455,0.00645,0.00040,0.00138,0.00811,0.00046,0.00484,0.02165
1403715323.562572956085205,0.00630,0.00039,0.00890,0.00802,0.00232,0.00490,0.03083
1403715323.612557172775269,0.00813,0.00041,0.00020,0.00749,0.00001,0.00477,0.02100
1403715323.662544727325439,0.00718,0.00036,0.00356,0.00604,0.00001,0.00463,0.02177
1403715323.712532281875610,0.00713,0.00036,0.00158,0.00507,0.00941,0.00481,0.02837
1403715323.762519836425781,0.00771,0.00037,0.00979,0.00601,0.00717,0.00488,0.03594
1403715323.812522649765015,0.00744,0.00039,0.00036,0.00711,0.00084,0.00486,0.02100
1403715323.862525701522827,0.00616,0.00039,0.00069,0.00675,0.00002,0.00471,0.01873
1403715323.912526130676270,0.00612,0.00037,0.00060,0.00572,0.00040,0.00472,0.01794
1403715323.962526082992554,0.00839,0.00038,0.00114,0.00450,0.00037,0.00499,0.01976
1403715324.012531757354736,0.00843,0.00034,0.00121,0.00411,0.00068,0.00529,0.02005
1403715324.062536478042603,0.00664,0.00033,0.00062,0.00380,0.00047,0.00473,0.01660
1403715324.112537145614624,0.00665,0.00032,0.00030,0.00416,0.00035,0.00483,0.01661
1403715324.162533760070801,0.00764,0.00034,0.00034,0.00422,0.00966,0.00487,0.02707
1403715324.212536334991455,0.00667,0.00035,0.00094,0.00527,0.00526,0.00466,0.02315
1403715324.262532234191895,0.00647,0.00037,0.00014,0.00632,0.00584,0.00490,0.02405
1403715324.312536478042603,0.00793,0.00037,0.00077,0.00691,0.00137,0.00456,0.02192
1403715324.362548589706421,0.00626,0.00037,0.00985,0.00720,0.01120,0.00488,0.03976
1403715324.412548780441284,0.00653,0.00042,0.00018,0.00918,0.00001,0.00467,0.02098
1403715324.462552547454834,0.00633,0.00041,0.00004,0.00915,0.00001,0.00474,0.02067
1403715324.512563943862915,0.00613,0.00038,0.00492,0.00846,0.00118,0.00476,0.02582
1403715324.562579154968262,0.00687,0.00040,0.01322,0.00845,0.00258,0.00544,0.03696
1403715324.612599372863770,0.00642,0.00041,0.00006,0.00903,0.00041,0.00517,0.02149
1403715324.662618160247803,0.00668,0.00042,0.00010,0.00980,0.00007,0.00508,0.02216
1403715324.712635755538940,0.00682,0.00037,0.00020,0.00906,0.00007,0.00480,0.02132
1403715324.762646913528442,0.00644,0.00038,0.00027,0.00844,0.00043,0.00495,0.02091
1403715324.812652826309204,0.00657,0.00038,0.00024,0.00866,0.00048,0.00465,0.02099
1403715324.862658977508545,0.00780,0.00039,0.00045,0.00879,0.00068,0.00481,0.02292
1403715324.912662029266357,0.00656,0.00037,0.00008,0.00890,0.00001,0.00472,0.02063
1403715324.962666273117065,0.00654,0.00039,0.00763,0.00857,0.00380,0.00458,0.03151
1403715325.012662649154663,0.00809,0.00039,0.00010,0.00987,0.00001,0.00452,0.02298
1403715325.062659978866577,0.00623,0.00042,0.00087,0.00967,0.00001,0.00472,0.02191
1403715325.112655162811279,0.00641,0.00040,0.00931,0.00953,0.00001,0.00481,0.03047
1403715325.162652254104614,0.00620,0.00046,0.01149,0.00968,0.00001,0.00510,0.03293
1403715325.212655067443848,0.00627,0.00039,0.00038,0.00967,0.00001,0.00461,0.02133
1403715325.262658119201660,0.00773,0.00041,0.00564,0.00948,0.00001,0.00491,0.02818
1403715325.312664747238159,0.00676,0.00042,0.00011,0.00971,0.00001,0.00482,0.02182
1403715325.362670660018921,0.00663,0.00041,0.00053,0.00960,0.00001,0.00473,0.02190
1403715325.412677764892578,0.00697,0.00040,0.00009,0.01035,0.00001,0.00485,0.02267
1403715325.462680339813232,0.00681,0.00040,0.00067,0.00939,0.00001,0.00489,0.02216
1403715325.512680053710938,0.00657,0.00042,0.00018,0.00892,0.00040,0.00495,0.02143
1403715325.562675237655640,0.00799,0.00043,0.00757,0.00903,0.00001,0.00497,0.03000
1403715325.612668275833130,0.00684,0.00042,0.00020,0.00870,0.00050,0.00505,0.02170
1403715325.662662982940674,0.00712,0.00040,0.00014,0.00942,0.00050,0.00473,0.02231
1403715325.712660074234009,0.00832,0.00040,0.00641,0.00950,0.00001,0.00490,0.02955
1403715325.762656450271606,0.00671,0.00039,0.01039,0.00950,0.00001,0.00496,0.03195
1403715325.812653064727783,0.00660,0.00040,0.01113,0.00940,0.00001,0.00500,0.03253
1403715325.862651109695435,0.00794,0.00039,0.00588,0.00899,0.00001,0.00492,0.02812
1403715325.912650108337402,0.00657,0.00038,0.00011,0.00927,0.00001,0.00494,0.02127
1403715325.962649345397949,0.00655,0.00037,0.00106,0.00894,0.00050,0.00492,0.02235
1403715326.012649059295654,0.00646,0.00038,0.00008,0.00926,0.00001,0.00494,0.02113
1403715326.062649011611938,0.00672,0.00039,0.00040,0.00929,0.00039,0.00478,0.02197
1403715326.112649440765381,0.00651,0.00043,0.00004,0.00935,0.00001,0.00550,0.02183
1403715326.162648916244507,0.00685,0.00039,0.00683,0.00922,0.00209,0.00515,0.03054
1403715326.212650537490845,0.00680,0.00042,0.00009,0.00987,0.00001,0.00496,0.02215
1403715326.262653589248657,0.00650,0.00043,0.00004,0.00986,0.00001,0.00482,0.02166
1403715326.312661886215210,0.00627,0.00042,0.00894,0.00958,0.00001,0.00494,0.03016
1403715326.362667322158813,0.00646,0.00042,0.01165,0.00965,0.00001,0.00473,0.03292
1403715326.412665843963623,0.00704,0.00042,0.01113,0.00961,0.00001,0.00501,0.03320
1403715326.462663412094116,0.00653,0.00036,0.00539,0.00959,0.00001,0.00509,0.02697
1403715326.512660026550293,0.00657,0.00042,0.00089,0.00983,0.00001,0.00488,0.02260
1403715326.562653541564941,0.00663,0.00039,0.00090,0.00963,0.00001,0.00486,0.02242
1403715326.612649202346802,0.00666,0.00042,0.00004,0.00971,0.00001,0.00467,0.02150
1403715326.662649154663086,0.00634,0.00043,0.00087,0.01004,0.00001,0.00535,0.02303
1403715326.712653636932373,0.00760,0.00056,0.00007,0.01151,0.00001,0.00512,0.02487
1403715326.762660741806030,0.00710,0.00044,0.00643,0.01035,0.00001,0.00492,0.02925
1403715326.812666654586792,0.01112,0.00040,0.00004,0.00900,0.00001,0.00502,0.02559
1403715326.862671136856079,0.00735,0.00038,0.00083,0.00880,0.00048,0.00513,0.02296
1403715326.912673711776733,0.00749,0.00039,0.00822,0.00933,0.00001,0.00490,0.03032
1403715326.962675571441650,0.00932,0.00040,0.00969,0.00881,0.00001,0.00504,0.03326
1403715327.012681722640991,0.00791,0.00040,0.00886,0.00869,0.00039,0.00505,0.03130
1403715327.062686443328857,0.00764,0.00047,0.00466,0.00870,0.00201,0.00512,0.02861
1403715327.112688541412354,0.00787,0.00037,0.00081,0.00935,0.00001,0.00508,0.02350
1403715327.162688016891479,0.00750,0.00039,0.00094,0.00911,0.00001,0.00504,0.02298
1403715327.212687253952026,0.00744,0.00037,0.00008,0.00888,0.00001,0.00507,0.02186
1403715327.262687206268311,0.00731,0.00041,0.00191,0.00858,0.00048,0.00506,0.02375
1403715327.312688350677490,0.00713,0.00038,0.00072,0.00865,0.00002,0.00502,0.02192
1403715327.362688064575195,0.00700,0.00040,0.02340,0.00901,0.00396,0.00528,0.04905
1403715327.412688493728638,0.00711,0.00040,0.00010,0.00919,0.00001,0.00487,0.02169
1403715327.462687969207764,0.00752,0.00038,0.00087,0.00865,0.00001,0.00498,0.02240
1403715327.512685775756836,0.00785,0.00040,0.00640,0.00815,0.00244,0.00473,0.02998
1403715327.562683105468750,0.00717,0.00043,0.00773,0.00856,0.00002,0.00485,0.02876
1403715327.612682580947876,0.00751,0.00041,0.00681,0.00822,0.00038,0.00481,0.02815
1403715327.662682533264160,0.00869,0.00040,0.00177,0.00795,0.00399,0.00499,0.02781
1403715327.712684392929077,0.00689,0.00040,0.00102,0.00890,0.00002,0.00478,0.02202
1403715327.762684345245361,0.00742,0.00037,0.00023,0.00879,0.00162,0.00456,0.02299
1403715327.812683105468750,0.00680,0.00045,0.00004,0.00959,0.00001,0.00496,0.02185
1403715327.862681627273560,0.00688,0.00042,0.00225,0.00943,0.00001,0.00486,0.02385
1403715327.912685632705688,0.00699,0.00038,0.00042,0.00926,0.00001,0.00481,0.02186
1403715327.962691545486450,0.00690,0.00043,0.02035,0.00960,0.00001,0.00480,0.04208
1403715328.012692928314209,0.00694,0.00040,0.00124,0.00829,0.00002,0.00481,0.02171
1403715328.062694787979126,0.00738,0.00054,0.00089,0.00819,0.00001,0.00464,0.02165
1403715328.112695693969727,0.00683,0.00042,0.00489,0.00729,0.00297,0.00464,0.02704
1403715328.162695169448853,0.00646,0.00042,0.00781,0.00870,0.00209,0.00463,0.03011
1403715328.212695837020874,0.00784,0.00042,0.00612,0.00858,0.00001,0.00475,0.02772
1403715328.262696504592896,0.00704,0.00041,0.00028,0.00853,0.00001,0.00475,0.02102
1403715328.312696695327759,0.00631,0.00041,0.00003,0.00859,0.00116,0.00493,0.02143
1403715328.362702608108521,0.01045,0.00041,0.00036,0.00870,0.00001,0.00492,0.02484
1403715328.412703752517700,0.00738,0.00041,0.00069,0.00805,0.00001,0.00499,0.02152
1403715328.462707996368408,0.00706,0.00039,0.00019,0.00787,0.00152,0.00488,0.02190
1403715328.512707710266113,0.00796,0.00040,0.00063,0.00797,0.00046,0.00517,0.02260
1403715328.562713861465454,0.00741,0.00039,0.01544,0.00830,0.00343,0.00512,0.04009
1403715328.612713575363159,0.00760,0.00040,0.00096,0.00894,0.00002,0.00502,0.02295
1403715328.662711620330811,0.00737,0.00042,0.00004,0.00878,0.00001,0.00500,0.02160
1403715328.712705373764038,0.00692,0.00042,0.00484,0.00849,0.00116,0.00503,0.02687
1403715328.762699365615845,0.00697,0.00041,0.00728,0.00860,0.00051,0.00508,0.02886
1403715328.812692880630493,0.00721,0.00046,0.00617,0.00962,0.00001,0.00543,0.02891
1403715328.862687826156616,0.00891,0.00047,0.00123,0.00976,0.00001,0.00508,0.02546
1403715328.912677288055420,0.00681,0.00043,0.02026,0.00853,0.00002,0.00556,0.04161
1403715328.962670564651489,0.00666,0.00040,0.00027,0.00799,0.00001,0.00487,0.02020
1403715329.012669086456299,0.00667,0.00039,0.00009,0.00793,0.00001,0.00496,0.02005
1403715329.062668323516846,0.00796,0.00041,0.00022,0.00721,0.00077,0.00475,0.02131
1403715329.112672567367554,0.00684,0.00039,0.00174,0.00753,0.00001,0.00497,0.02148
1403715329.162680387496948,0.00683,0.00040,0.01152,0.00747,0.00615,0.00524,0.03761
1403715329.212686061859131,0.00789,0.00040,0.00043,0.00816,0.00118,0.00494,0.02300
1403715329.262692213058472,0.00652,0.00040,0.00006,0.00840,0.00001,0.00538,0.02077
1403715329.312696695327759,0.00632,0.00041,0.00090,0.00824,0.00013,0.00496,0.02096
1403715329.362698316574097,0.00621,0.00042,0.00334,0.00808,0.00565,0.00472,0.02843
1403715329.412697315216064,0.00636,0.00041,0.00547,0.00895,0.00001,0.00486,0.02605
1403715329.462692975997925,0.00639,0.00043,0.00019,0.00918,0.00001,0.00488,0.02108
1403715329.512688636779785,0.00618,0.00042,0.01583,0.00903,0.00002,0.00485,0.03632
1403715329.562687635421753,0.00611,0.00056,0.00009,0.00881,0.00001,0.00498,0.02055
1403715329.612690687179565,0.00625,0.00065,0.00043,0.00877,0.00001,0.00495,0.02106
1403715329.662693023681641,0.00630,0.00045,0.00026,0.00845,0.00249,0.00461,0.02256
1403715329.712697505950928,0.00602,0.00045,0.00024,0.00836,0.00038,0.00490,0.02035
1403715329.762700796127319,0.00750,0.00040,0.00746,0.00853,0.00204,0.00466,0.03058
1403715329.812698364257812,0.00590,0.00044,0.00004,0.00870,0.00111,0.00495,0.02114
1403715329.862701177597046,0.00591,0.00043,0.00020,0.00902,0.00050,0.00458,0.02065
1403715329.912701129913330,0.00575,0.00044,0.00222,0.00904,0.00001,0.00485,0.02231
1403715329.962702751159668,0.00621,0.00043,0.00171,0.00910,0.00001,0.00469,0.02214
1403715330.012701272964478,0.00601,0.00046,0.00617,0.00884,0.00050,0.00490,0.02688
1403715330.062699794769287,0.00613,0.00042,0.00004,0.00948,0.00001,0.00460,0.02067
1403715330.112690687179565,0.00578,0.00040,0.01316,0.00793,0.00001,0.00487,0.03215
1403715330.162692070007324,0.00628,0.00040,0.00003,0.00878,0.00001,0.00497,0.02047
1403715330.212686777114868,0.00913,0.00040,0.00044,0.00768,0.00105,0.00511,0.02382
1403715330.262686252593994,0.00693,0.00040,0.00008,0.00824,0.00001,0.00506,0.02072
1403715330.312687158584595,0.00831,0.00038,0.00129,0.00783,0.00002,0.00506,0.02289
1403715330.362688302993774,0.00693,0.00041,0.00551,0.00742,0.00403,0.00484,0.02915
1403715330.412689924240112,0.00691,0.00042,0.00015,0.00839,0.00047,0.00488,0.02122
1403715330.462690353393555,0.00829,0.00040,0.00020,0.00867,0.00049,0.00535,0.02340
1403715330.512690305709839,0.00690,0.00040,0.00211,0.00887,0.00007,0.00508,0.02342
1403715330.562690496444702,0.00680,0.00042,0.00004,0.00890,0.00203,0.00493,0.02313
1403715330.612687110900879,0.00850,0.00038,0.00588,0.00924,0.00001,0.00506,0.02907
1403715330.662686109542847,0.00700,0.00043,0.00117,0.00905,0.00001,0.00508,0.02273
1403715330.712687253952026,0.00694,0.00042,0.01040,0.00900,0.00001,0.00507,0.03184
1403715330.762681007385254,0.00704,0.00040,0.02772,0.00916,0.00007,0.00574,0.05013
1403715330.812681913375854,0.00692,0.00038,0.00003,0.00891,0.00001,0.00509,0.02135
1403715330.862686395645142,0.00689,0.00047,0.00022,0.00841,0.00050,0.00544,0.02194
1403715330.912692070007324,0.00758,0.00045,0.00028,0.00915,0.00058,0.00560,0.02365
1403715330.962699651718140,0.00734,0.00048,0.00417,0.00870,0.00120,0.00524,0.02713
1403715331.012706279754639,0.00736,0.00055,0.00011,0.00943,0.00001,0.00482,0.02228
1403715331.062711954116821,0.00697,0.00042,0.00009,0.00921,0.00001,0.00503,0.02173
1403715331.112714290618896,0.00657,0.00041,0.00225,0.00866,0.00001,0.00479,0.02268
1403715331.162710666656494,0.00652,0.00041,0.00024,0.00837,0.00048,0.00512,0.02114
1403715331.212704896926880,0.00648,0.00043,0.00633,0.00822,0.00048,0.00510,0.02704
1403715331.262696504592896,0.00655,0.00041,0.00318,0.00823,0.00075,0.00482,0.02393
1403715331.312682151794434,0.00673,0.00042,0.01055,0.00890,0.00002,0.00505,0.03167
1403715331.362674951553345,0.00666,0.00042,0.02486,0.00901,0.00205,0.00544,0.04844
1403715331.412669658660889,0.00653,0.00043,0.00019,0.00905,0.00049,0.00503,0.02172
1403715331.462663412094116,0.00632,0.00056,0.00024,0.00913,0.00052,0.00507,0.02184
1403715331.512662172317505,0.00663,0.00042,0.00068,0.00964,0.00001,0.00541,0.02280
1403715331.562665462493896,0.00756,0.00043,0.00080,0.00979,0.00001,0.00493,0.02352
1403715331.612665414810181,0.00613,0.00043,0.00004,0.00936,0.00001,0.00489,0.02085
1403715331.662663936614990,0.00629,0.00041,0.00063,0.00901,0.00051,0.00458,0.02143
1403715331.712662935256958,0.00758,0.00042,0.00438,0.00935,0.00001,0.00489,0.02662
1403715331.762663125991821,0.00625,0.00041,0.00004,0.00929,0.00001,0.00482,0.02081
1403715331.812665700912476,0.00601,0.00044,0.00560,0.00914,0.00001,0.00493,0.02613
1403715331.862666606903076,0.00760,0.00038,0.00109,0.00862,0.00010,0.00490,0.02269
1403715331.912670612335205,0.00605,0.00045,0.01015,0.00858,0.00126,0.00493,0.03142
1403715331.962671995162964,0.00633,0.00042,0.01793,0.00858,0.00087,0.00522,0.03935
1403715332.012675046920776,0.00625,0.00043,0.00003,0.00897,0.00001,0.00492,0.02061
1403715332.062679290771484,0.00627,0.00040,0.00014,0.00879,0.00002,0.00509,0.02072
1403715332.112681627273560,0.00639,0.00042,0.00053,0.00887,0.00022,0.00479,0.02121
1403715332.162681579589844,0.00644,0.00042,0.00117,0.00875,0.00040,0.00482,0.02200
1403715332.212681531906128,0.00610,0.00042,0.00004,0.00873,0.00001,0.00475,0.02006
1403715332.262680292129517,0.00651,0.00052,0.00004,0.00886,0.00001,0.00480,0.02073
1403715332.312678813934326,0.00592,0.00039,0.00155,0.00854,0.00118,0.00451,0.02209
1403715332.362679004669189,0.00608,0.00042,0.00003,0.00882,0.00001,0.00496,0.02032
1403715332.412679433822632,0.00699,0.00041,0.00501,0.00860,0.00040,0.00478,0.02620
1403715332.462680339813232,0.00624,0.00042,0.00004,0.00864,0.00041,0.00488,0.02062
1403715332.512677669525146,0.00601,0.00042,0.00863,0.00821,0.00206,0.00491,0.03025
1403715332.562675476074219,0.00626,0.00041,0.01844,0.00830,0.00072,0.00521,0.03935
1403715332.612679719924927,0.00589,0.00043,0.00020,0.00867,0.00049,0.00489,0.02058
1403715332.662683963775635,0.00809,0.00043,0.00034,0.00894,0.00048,0.00522,0.02350
1403715332.712689876556396,0.00587,0.00044,0.00024,0.00942,0.00001,0.00517,0.02114
1403715332.762687921524048,0.00585,0.00041,0.00146,0.00915,0.00001,0.00480,0.02167
1403715332.812688589096069,0.00920,0.00062,0.00011,0.00971,0.00001,0.00497,0.02461
1403715332.862688541412354,0.00737,0.00039,0.00061,0.00893,0.00001,0.00496,0.02228
1403715332.912684679031372,0.00744,0.00038,0.00207,0.00866,0.00001,0.00498,0.02354
1403715332.962680578231812,0.00826,0.00062,0.00339,0.00952,0.00053,0.00535,0.02766
1403715333.012670040130615,0.00783,0.00045,0.00595,0.00814,0.00051,0.00575,0.02863
1403715333.062673568725586,0.00705,0.00041,0.00247,0.00769,0.00048,0.00481,0.02290
1403715333.112674236297607,0.00812,0.00040,0.00723,0.00736,0.00268,0.00505,0.03083
1403715333.162672042846680,0.00677,0.00042,0.01435,0.00829,0.00233,0.00552,0.03768
1403715333.212670326232910,0.00773,0.00041,0.00004,0.00900,0.00001,0.00498,0.02218
1403715333.262669086456299,0.00647,0.00042,0.00004,0.00872,0.00001,0.00501,0.02067
1403715333.312668323516846,0.00651,0.00042,0.00004,0.00843,0.00001,0.00477,0.02017
1403715333.362664222717285,0.00658,0.00041,0.02688,0.00733,0.00247,0.00521,0.04890
1403715333.412663936614990,0.00641,0.00042,0.00033,0.00774,0.00047,0.00463,0.02000
1403715333.462665796279907,0.00621,0.00043,0.00037,0.00756,0.00070,0.00503,0.02031
1403715333.512667894363403,0.00713,0.00042,0.00047,0.00782,0.00226,0.00502,0.02312
1403715333.562670469284058,0.00628,0.00042,0.00004,0.00813,0.00001,0.00493,0.01981
1403715333.612670421600342,0.00600,0.00044,0.00498,0.00769,0.00042,0.00489,0.02443
1403715333.662670373916626,0.00598,0.00043,0.00016,0.00716,0.00043,0.00500,0.01917
1403715333.712672233581543,0.00577,0.00038,0.00563,0.00632,0.00326,0.00502,0.02639
1403715333.762673139572144,0.00579,0.00045,0.01138,0.00639,0.00225,0.00486,0.03111
1403715333.812672376632690,0.00578,0.00042,0.00077,0.00694,0.00070,0.00459,0.01920
1403715333.862672567367554,0.00602,0.00040,0.00040,0.00681,0.00066,0.00487,0.01916
1403715333.912674188613892,0.00579,0.00040,0.00029,0.00699,0.00001,0.00486,0.01833
1403715333.962689161300659,0.00587,0.00041,0.01776,0.00678,0.00743,0.00482,0.04308
1403715334.012696504592896,0.00571,0.00043,0.00028,0.00845,0.00047,0.00492,0.02026
1403715334.062701702117920,0.00704,0.00047,0.00006,0.00762,0.00001,0.00480,0.02000
1403715334.112707376480103,0.00579,0.00043,0.00003,0.00748,0.00001,0.00459,0.01833
1403715334.162705659866333,0.00572,0.00043,0.00073,0.00677,0.00068,0.00482,0.01915
1403715334.212707519531250,0.00719,0.00040,0.00017,0.00703,0.00595,0.00458,0.02533
1403715334.262706279754639,0.00561,0.00043,0.00015,0.00774,0.00002,0.00482,0.01877
1403715334.312706708908081,0.00743,0.00038,0.00308,0.00679,0.00315,0.00503,0.02586
1403715334.362702846527100,0.00633,0.00040,0.00956,0.00664,0.00391,0.00489,0.03173
1403715334.412701845169067,0.00609,0.00038,0.00024,0.00735,0.00044,0.00497,0.01947
1403715334.462701320648193,0.00612,0.00039,0.00022,0.00699,0.00001,0.00496,0.01869
1403715334.512703180313110,0.00629,0.00038,0.00085,0.00644,0.00042,0.00497,0.01935
1403715334.562701940536499,0.00634,0.00041,0.01284,0.00634,0.00734,0.00540,0.03867
1403715334.612703084945679,0.00730,0.00041,0.00105,0.00752,0.00115,0.00495,0.02239
1403715334.662702322006226,0.00632,0.00041,0.00028,0.00718,0.00001,0.00486,0.01907
1403715334.712702512741089,0.00624,0.00041,0.00097,0.00638,0.00045,0.00488,0.01934
1403715334.762702703475952,0.00751,0.00037,0.00078,0.00647,0.00136,0.00461,0.02110
1403715334.812704801559448,0.00694,0.00037,0.00017,0.00673,0.00036,0.00498,0.01956
1403715334.862705230712891,0.00620,0.00039,0.01504,0.00634,0.00861,0.00478,0.04138
1403715334.912706136703491,0.00639,0.00040,0.00295,0.00695,0.00116,0.00502,0.02287
1403715334.962706089019775,0.00647,0.00040,0.00809,0.00704,0.00244,0.00469,0.02912
1403715335.012706279754639,0.00602,0.00042,0.00076,0.00731,0.00044,0.00491,0.01986
1403715335.062707424163818,0.00898,0.00039,0.00025,0.00787,0.00052,0.00635,0.02437
1403715335.112706899642944,0.00764,0.00038,0.00271,0.00731,0.00001,0.00578,0.02382
1403715335.162706613540649,0.00650,0.00042,0.01069,0.00667,0.00732,0.00504,0.03663
1403715335.212705850601196,0.00617,0.00040,0.00078,0.00720,0.00049,0.00488,0.01992
1403715335.262704849243164,0.00629,0.00042,0.00095,0.00734,0.00002,0.00493,0.01994
1403715335.312703132629395,0.00758,0.00036,0.00202,0.00701,0.00049,0.00490,0.02236
1403715335.362701892852783,0.00610,0.00038,0.00360,0.00687,0.00389,0.00472,0.02555
1403715335.412700414657593,0.00610,0.00039,0.00066,0.00742,0.00001,0.00497,0.01954
1403715335.462700605392456,0.00758,0.00041,0.00995,0.00695,0.00219,0.00543,0.03251
1403715335.512699127197266,0.00637,0.00040,0.00043,0.00626,0.00153,0.00494,0.01994
1403715335.562699079513550,0.00627,0.00040,0.00516,0.00557,0.00527,0.00478,0.02745
1403715335.612700939178467,0.00604,0.00038,0.01253,0.00603,0.00272,0.00494,0.03265
1403715335.662700414657593,0.00761,0.00034,0.00042,0.00689,0.00002,0.00503,0.02032
1403715335.712701559066772,0.00647,0.00041,0.00046,0.00679,0.00001,0.00496,0.01910
1403715335.762701749801636,0.00670,0.00053,0.00617,0.00631,0.00722,0.00499,0.03193
1403715335.812701702117920,0.00664,0.00039,0.00092,0.00735,0.00001,0.00488,0.02018
1403715335.862702131271362,0.00639,0.00037,0.00077,0.00787,0.00023,0.00493,0.02056
1403715335.912702560424805,0.00778,0.00039,0.00021,0.00694,0.00191,0.00477,0.02199
1403715335.962702035903931,0.00634,0.00038,0.00129,0.00702,0.00115,0.00499,0.02119
1403715336.012702226638794,0.00862,0.00038,0.00076,0.00702,0.00000,0.00476,0.02155
1403715336.062701940536499,0.00714,0.00038,0.00725,0.00656,0.00554,0.00493,0.03180
1403715336.112701416015625,0.00631,0.00040,0.00084,0.00713,0.00001,0.00487,0.01956
1403715336.162701129913330,0.00897,0.00039,0.00135,0.00620,0.00479,0.00527,0.02696
1403715336.212701797485352,0.00677,0.00038,0.01511,0.00688,0.00154,0.00512,0.03580
1403715336.262702226638794,0.00667,0.00040,0.00075,0.00724,0.00001,0.00483,0.01989
1403715336.312701940536499,0.00743,0.00038,0.00033,0.00709,0.00001,0.00479,0.02003
1403715336.362701416015625,0.00662,0.00041,0.00234,0.00651,0.00412,0.00460,0.02460
1403715336.412700891494751,0.00744,0.00039,0.00044,0.00662,0.00001,0.00463,0.01953
1403715336.462700366973877,0.00673,0.00039,0.00607,0.00622,0.00364,0.00503,0.02808
1403715336.512700080871582,0.00746,0.00039,0.00114,0.00644,0.00037,0.00486,0.02066
1403715336.562700986862183,0.00760,0.00039,0.00048,0.00639,0.00001,0.00479,0.01966
1403715336.612702131271362,0.00621,0.00041,0.00135,0.00610,0.00045,0.00477,0.01929
1403715336.662702322006226,0.00657,0.00038,0.00105,0.00591,0.00783,0.00448,0.02622
1403715336.712703943252563,0.00831,0.00044,0.00601,0.00632,0.00178,0.00479,0.02764
1403715336.762704610824585,0.00721,0.00039,0.00017,0.00666,0.00113,0.00482,0.02038
1403715336.812706708908081,0.00625,0.00040,0.00968,0.00637,0.00373,0.00453,0.03096
1403715336.862708568572998,0.00743,0.00040,0.00264,0.00671,0.00497,0.00482,0.02696
1403715336.912709474563599,0.00658,0.00040,0.00114,0.00764,0.00001,0.00462,0.02038
1403715336.962709665298462,0.00686,0.00039,0.00217,0.00773,0.00120,0.00475,0.02310
1403715337.012710809707642,0.00654,0.00038,0.00051,0.00715,0.00001,0.00466,0.01925
1403715337.062712192535400,0.00633,0.00040,0.00825,0.00627,0.00208,0.00485,0.02816
1403715337.112715959548950,0.00633,0.00040,0.00032,0.00581,0.00036,0.00480,0.01802
1403715337.162718057632446,0.00669,0.00039,0.00026,0.00559,0.00049,0.00511,0.01852
1403715337.212717056274414,0.00773,0.00044,0.00062,0.00501,0.00105,0.00532,0.02018
1403715337.262717723846436,0.00961,0.00032,0.00011,0.00491,0.00000,0.00493,0.01988
1403715337.312718629837036,0.00635,0.00038,0.00441,0.00447,0.01327,0.00501,0.03390
1403715337.362720966339111,0.00663,0.00038,0.00075,0.00610,0.00046,0.00457,0.01889
1403715337.412723779678345,0.00620,0.00040,0.01206,0.00556,0.00263,0.00468,0.03153
1403715337.462723493576050,0.00645,0.00037,0.00027,0.00537,0.00199,0.00464,0.01911
1403715337.512721061706543,0.00691,0.00037,0.00049,0.00455,0.00002,0.00484,0.01718
1403715337.562720537185669,0.00629,0.00035,0.00043,0.00449,0.00000,0.00479,0.01636
1403715337.612720251083374,0.00655,0.00033,0.00030,0.00429,0.00009,0.00470,0.01627
1403715337.662719249725342,0.00899,0.00032,0.00068,0.00339,0.00923,0.00456,0.02718
1403715337.712719202041626,0.00695,0.00033,0.00148,0.00379,0.00000,0.00470,0.01725
1403715337.762719392776489,0.00730,0.00033,0.00091,0.00377,0.00081,0.00468,0.01780
1403715337.812718868255615,0.00810,0.00031,0.00049,0.00371,0.01460,0.00473,0.03195
1403715337.862718105316162,0.00678,0.00033,0.00138,0.00488,0.00001,0.00470,0.01807
1403715337.912717819213867,0.00757,0.00031,0.00232,0.00453,0.00268,0.00466,0.02206
1403715337.962718009948730,0.00618,0.00033,0.00142,0.00496,0.00034,0.00468,0.01791
1403715338.012717485427856,0.00625,0.00035,0.00160,0.00480,0.01265,0.00447,0.03012
1403715338.062717914581299,0.00641,0.00038,0.00077,0.00614,0.00417,0.00571,0.02359
1403715338.112718343734741,0.00638,0.00039,0.00132,0.00650,0.00001,0.00465,0.01924
1403715338.162718772888184,0.00707,0.00039,0.00103,0.00593,0.00595,0.00464,0.02501
1403715338.212719202041626,0.00880,0.00037,0.00118,0.00646,0.00229,0.00476,0.02386
1403715338.262720346450806,0.00626,0.00039,0.00171,0.00660,0.00169,0.00472,0.02137
1403715338.312721014022827,0.00656,0.00040,0.00057,0.00645,0.00258,0.00498,0.02154
1403715338.362721443176270,0.00885,0.00039,0.00183,0.00671,0.00001,0.00477,0.02256
1403715338.412722349166870,0.00660,0.00039,0.00066,0.00637,0.00093,0.00472,0.01967
1403715338.462721824645996,0.00664,0.00036,0.00038,0.00576,0.00556,0.00445,0.02315
1403715338.512721776962280,0.00736,0.00036,0.00067,0.00581,0.00001,0.00473,0.01893
1403715338.562722206115723,0.00670,0.00032,0.00095,0.00505,0.00021,0.00476,0.01798
1403715338.612721443176270,0.00721,0.00034,0.00134,0.00481,0.00351,0.00472,0.02193
1403715338.662722110748291,0.00656,0.00033,0.00069,0.00522,0.00088,0.00470,0.01838
1403715338.712722539901733,0.00629,0.00038,0.00059,0.00454,0.00001,0.00468,0.01649
1403715338.762721776962280,0.00680,0.00032,0.00067,0.00516,0.00863,0.00461,0.02619
1403715338.812721729278564,0.00682,0.00036,0.00123,0.00518,0.00040,0.00449,0.01848
1403715338.862720727920532,0.00647,0.00038,0.00286,0.00511,0.00035,0.00475,0.01991
1403715338.912718296051025,0.00782,0.00035,0.00159,0.00494,0.00707,0.00485,0.02663
1403715338.962717056274414,0.00674,0.00037,0.00097,0.00564,0.00001,0.00468,0.01840
1403715339.012715101242065,0.00608,0.00036,0.00063,0.00532,0.00561,0.00469,0.02270
1403715339.062714815139771,0.00788,0.00036,0.00183,0.00581,0.00438,0.00449,0.02474
1403715339.112714052200317,0.00663,0.00037,0.00038,0.00673,0.00001,0.00466,0.01878
1403715339.162716150283813,0.00607,0.00038,0.00026,0.00642,0.00388,0.00477,0.02179
1403715339.212717294692993,0.00660,0.00040,0.00200,0.00667,0.00285,0.00491,0.02343
1403715339.262717247009277,0.00699,0.00043,0.00083,0.00681,0.00102,0.00502,0.02110
1403715339.312719106674194,0.00694,0.00034,0.00073,0.00601,0.00421,0.00492,0.02314
1403715339.362720251083374,0.00693,0.00038,0.00351,0.00658,0.00596,0.00467,0.02804
1403715339.412721872329712,0.00687,0.00038,0.00189,0.00764,0.00050,0.00476,0.02205
1403715339.462722778320312,0.00615,0.00065,0.00152,0.00727,0.00036,0.00481,0.02076
1403715339.512721061706543,0.00616,0.00040,0.00090,0.00637,0.00137,0.00470,0.01990
1403715339.562720775604248,0.00653,0.00037,0.00090,0.00608,0.00501,0.00474,0.02362
1403715339.612718582153320,0.00754,0.00039,0.00034,0.00700,0.00477,0.00475,0.02478
1403715339.662718534469604,0.00615,0.00037,0.00040,0.00747,0.00209,0.00480,0.02129
1403715339.712719202041626,0.00621,0.00038,0.00011,0.00781,0.00001,0.00474,0.01926
1403715339.762719869613647,0.00597,0.00038,0.00072,0.00727,0.00033,0.00478,0.01945
1403715339.812720537185669,0.00605,0.00038,0.00240,0.00667,0.00271,0.00473,0.02294
1403715339.862720251083374,0.00652,0.00038,0.00032,0.00630,0.00276,0.00486,0.02114
1403715339.912718296051025,0.00621,0.00041,0.00120,0.00657,0.00076,0.00478,0.01993
1403715339.962715387344360,0.00613,0.00037,0.00072,0.00650,0.00824,0.00449,0.02645
1403715340.012713432312012,0.00624,0.00065,0.00101,0.00802,0.00198,0.00486,0.02277
1403715340.062709093093872,0.00613,0.00040,0.00346,0.00790,0.00060,0.00472,0.02322
1403715340.112704992294312,0.00568,0.00040,0.00341,0.00737,0.00349,0.00483,0.02519
1403715340.162701129913330,0.00756,0.00041,0.00092,0.00813,0.00066,0.00462,0.02229
1403715340.212697982788086,0.00749,0.00040,0.00248,0.00808,0.00039,0.00468,0.02351
1403715340.262695789337158,0.00619,0.00048,0.00130,0.00660,0.00504,0.00635,0.02598
1403715340.312697410583496,0.00631,0.00036,0.00005,0.00745,0.00001,0.00468,0.01886
1403715340.362696886062622,0.00593,0.00041,0.00003,0.00752,0.00116,0.00435,0.01940
1403715340.412696599960327,0.00621,0.00038,0.00152,0.00683,0.00064,0.00480,0.02038
1403715340.462693452835083,0.00592,0.00038,0.00108,0.00654,0.00168,0.00461,0.02022
1403715340.512694358825684,0.00616,0.00038,0.00121,0.00637,0.00325,0.00472,0.02209
1403715340.562693119049072,0.00571,0.00039,0.00018,0.00705,0.00167,0.00461,0.01961
1403715340.612691879272461,0.00620,0.00039,0.00029,0.00614,0.00059,0.00476,0.01837
1403715340.662686586380005,0.00639,0.00040,0.00033,0.00652,0.00253,0.00466,0.02082
1403715340.712683439254761,0.00815,0.00040,0.00064,0.00643,0.00413,0.00446,0.02420
1403715340.762677192687988,0.00629,0.00040,0.00170,0.00731,0.00063,0.00490,0.02122
1403715340.812677383422852,0.00621,0.00038,0.00133,0.00708,0.00102,0.00482,0.02084
1403715340.862677574157715,0.00817,0.00038,0.00023,0.00710,0.00001,0.00486,0.02074
1403715340.912678718566895,0.00641,0.00039,0.00026,0.00675,0.00001,0.00454,0.01836
1403715340.962679147720337,0.00627,0.00040,0.00582,0.00629,0.00571,0.00463,0.02913
1403715341.012680768966675,0.00600,0.00042,0.00536,0.00734,0.00079,0.00457,0.02447
1403715341.062683343887329,0.00625,0.00043,0.00523,0.00783,0.00038,0.00481,0.02494
1403715341.112685441970825,0.00651,0.00041,0.00103,0.00749,0.00041,0.00515,0.02101
1403715341.162686586380005,0.00638,0.00039,0.00347,0.00703,0.00204,0.00464,0.02396
1403715341.212686538696289,0.00627,0.00039,0.00331,0.00621,0.00385,0.00475,0.02477
1403715341.262686729431152,0.00749,0.00040,0.00025,0.00673,0.00142,0.00482,0.02110
1403715341.312688112258911,0.00629,0.00045,0.00034,0.00795,0.00260,0.00509,0.02272
1403715341.362688541412354,0.00678,0.00042,0.00247,0.00664,0.00126,0.00499,0.02256
1403715341.412688493728638,0.00838,0.00040,0.00034,0.00641,0.00380,0.00473,0.02406
1403715341.462687730789185,0.00623,0.00041,0.00071,0.00679,0.00370,0.00465,0.02249
1403715341.512686729431152,0.00628,0.00045,0.00094,0.00738,0.00238,0.00479,0.02222
1403715341.562684059143066,0.00647,0.00037,0.00465,0.00715,0.00320,0.00475,0.02658
1403715341.612683057785034,0.00648,0.00044,0.00387,0.00721,0.00037,0.00476,0.02313
1403715341.662683963775635,0.00604,0.00041,0.00609,0.00708,0.00206,0.00500,0.02668
1403715341.712683916091919,0.00602,0.00040,0.00109,0.00640,0.00037,0.00459,0.01887
1403715341.762682914733887,0.00708,0.00037,0.00069,0.00612,0.00106,0.00521,0.02052
1403715341.812681198120117,0.00676,0.00051,0.00083,0.00629,0.00284,0.00488,0.02211
1403715341.862682342529297,0.00581,0.00042,0.00159,0.00652,0.00709,0.00492,0.02635
1403715341.912683725357056,0.00644,0.00043,0.00061,0.00707,0.00001,0.00522,0.01979
1403715341.962682485580444,0.00600,0.00039,0.00049,0.00725,0.00540,0.00503,0.02457
1403715342.012682676315308,0.00614,0.00039,0.00009,0.00768,0.00235,0.00482,0.02147
1403715342.062683343887329,0.00605,0.00041,0.00004,0.00809,0.00201,0.00491,0.02151
1403715342.112684965133667,0.00615,0.00043,0.00550,0.00818,0.00001,0.00478,0.02505
1403715342.162687063217163,0.00609,0.00041,0.00620,0.00794,0.00001,0.00484,0.02548
1403715342.212688922882080,0.00573,0.00042,0.00015,0.00796,0.00039,0.00482,0.01948
1403715342.262692689895630,0.00634,0.00043,0.00820,0.00804,0.00070,0.00481,0.02852
1403715342.312698602676392,0.00567,0.00041,0.01299,0.00771,0.00058,0.00519,0.03256
1403715342.362698554992676,0.00718,0.00040,0.00003,0.00784,0.00001,0.00483,0.02029
1403715342.412698268890381,0.00588,0.00037,0.00016,0.00771,0.00011,0.00477,0.01900
1403715342.462696790695190,0.00560,0.00041,0.00003,0.00759,0.00236,0.00499,0.02098
1403715342.512695789337158,0.00830,0.00053,0.00021,0.00750,0.00001,0.00507,0.02163
1403715342.562693357467651,0.00648,0.00038,0.00131,0.00681,0.00063,0.00481,0.02043
1403715342.612688302993774,0.00626,0.00039,0.00046,0.00600,0.00038,0.00496,0.01845
1403715342.662684202194214,0.00619,0.00039,0.00160,0.00558,0.00002,0.00482,0.01861
1403715342.712683200836182,0.00612,0.00039,0.00061,0.00529,0.00400,0.00490,0.02132
1403715342.762684345245361,0.00592,0.00039,0.00020,0.00600,0.00690,0.00449,0.02390
1403715342.812685728073120,0.00724,0.00038,0.00030,0.00738,0.00037,0.00487,0.02055
1403715342.862685203552246,0.00656,0.00039,0.00504,0.00685,0.00749,0.00479,0.03112
1403715342.912681102752686,0.00631,0.00043,0.01074,0.00745,0.00381,0.00513,0.03387
1403715342.962680816650391,0.00633,0.00042,0.00098,0.00768,0.00048,0.00486,0.02075
1403715343.012679815292358,0.00707,0.00038,0.00155,0.00743,0.00051,0.00467,0.02161
1403715343.062680244445801,0.00815,0.00038,0.00505,0.00700,0.00588,0.00482,0.03128
1403715343.112679719924927,0.00607,0.00040,0.00029,0.00771,0.00001,0.00479,0.01926
1403715343.162680387496948,0.00595,0.00039,0.00017,0.00778,0.00077,0.00461,0.01967
1403715343.212681293487549,0.00767,0.00040,0.00069,0.00792,0.00040,0.00491,0.02200
1403715343.262678623199463,0.00751,0.00038,0.00076,0.00726,0.00001,0.00488,0.02081
1403715343.312678337097168,0.00649,0.00039,0.00019,0.00709,0.00007,0.00481,0.01904
1403715343.362677097320557,0.00621,0.00039,0.00798,0.00677,0.00696,0.00507,0.03339
1403715343.412675857543945,0.00672,0.00040,0.00161,0.00808,0.00047,0.00518,0.02246
1403715343.462673664093018,0.00785,0.00049,0.00241,0.00861,0.00800,0.00612,0.03348
1403715343.512670755386353,0.00863,0.00046,0.00609,0.00837,0.00262,0.00573,0.03191
1403715343.562667369842529,0.01084,0.00054,0.00974,0.00671,0.00243,0.00629,0.03656
1403715343.612664461135864,0.01490,0.00067,0.00200,0.00759,0.00188,0.00542,0.03246
1403715343.662662506103516,0.00695,0.00048,0.00082,0.00467,0.00313,0.00483,0.02088
1403715343.712656021118164,0.00628,0.00060,0.00091,0.00408,0.00037,0.00498,0.01721
1403715343.762649774551392,0.00801,0.00035,0.00121,0.00292,0.00036,0.00471,0.01757
1403715343.812646389007568,0.00640,0.00034,0.00241,0.00226,0.00678,0.00497,0.02316
1403715343.862646579742432,0.00735,0.00033,0.00120,0.00234,0.00173,0.00480,0.01775
1403715343.912644863128662,0.00629,0.00034,0.00112,0.00183,0.00097,0.00468,0.01523
1403715343.962644577026367,0.00609,0.00035,0.00072,0.00157,0.00358,0.00460,0.01692
1403715344.012645721435547,0.00755,0.00033,0.00063,0.00125,0.00160,0.00481,0.01617
1403715344.062645435333252,0.00639,0.00031,0.00054,0.00150,0.00085,0.00466,0.01425
1403715344.112636804580688,0.00641,0.00029,0.00120,0.00160,0.00669,0.00468,0.02087
1403715344.162636995315552,0.00797,0.00031,0.00053,0.00221,0.00199,0.00465,0.01767
1403715344.212638616561890,0.00806,0.00030,0.00071,0.00250,0.00028,0.00481,0.01666
1403715344.262640237808228,0.00659,0.00032,0.00032,0.00256,0.00003,0.00459,0.01442
1403715344.312641382217407,0.00781,0.00030,0.00044,0.00240,0.00019,0.00466,0.01579
1403715344.362640380859375,0.00600,0.00029,0.00079,0.00236,0.00143,0.00460,0.01549
1403715344.412639856338501,0.00724,0.00029,0.00129,0.00255,0.01167,0.00475,0.02779
1403715344.462640523910522,0.00930,0.00032,0.00053,0.00364,0.00000,0.00472,0.01851
1403715344.512641191482544,0.00645,0.00031,0.00043,0.00347,0.00287,0.00474,0.01827
1403715344.562639236450195,0.00610,0.00033,0.00237,0.00383,0.01308,0.00461,0.03031
1403715344.612638235092163,0.00617,0.00032,0.00154,0.00527,0.00393,0.00479,0.02202
1403715344.662637710571289,0.00658,0.00032,0.00047,0.00540,0.00038,0.00473,0.01789
1403715344.712636470794678,0.00679,0.00036,0.00248,0.00504,0.01013,0.00519,0.03000
1403715344.762635469436646,0.00606,0.00039,0.00619,0.00688,0.00958,0.00456,0.03366
1403715344.812637090682983,0.00687,0.00042,0.00091,0.00890,0.00001,0.00471,0.02182
1403715344.862638473510742,0.00643,0.00064,0.00394,0.00821,0.00001,0.00467,0.02390
1403715344.912640571594238,0.00664,0.00042,0.00065,0.00779,0.00118,0.00489,0.02158
1403715344.962641000747681,0.00711,0.00040,0.00462,0.00693,0.00115,0.00485,0.02507
1403715345.012643575668335,0.00806,0.00040,0.00930,0.00658,0.00364,0.00515,0.03314
1403715345.062643289566040,0.00663,0.00039,0.00116,0.00669,0.00067,0.00447,0.02002
1403715345.112642765045166,0.00613,0.00039,0.00110,0.00630,0.00120,0.00458,0.01970
1403715345.162642717361450,0.00720,0.00038,0.00070,0.00607,0.00106,0.00479,0.02019
1403715345.212642431259155,0.00644,0.00037,0.00036,0.00570,0.00387,0.00498,0.02172
1403715345.262642383575439,0.00778,0.00036,0.00028,0.00657,0.00001,0.00485,0.01985
1403715345.312642335891724,0.00801,0.00035,0.00034,0.00636,0.00037,0.00489,0.02032
1403715345.362639427185059,0.00678,0.00039,0.00155,0.00624,0.01165,0.00464,0.03126
1403715345.412637472152710,0.00683,0.00039,0.00114,0.00966,0.00001,0.00485,0.02288
1403715345.462638378143311,0.00657,0.00043,0.00728,0.00775,0.00002,0.00496,0.02701
1403715345.512638568878174,0.00635,0.00041,0.00447,0.00719,0.00197,0.00464,0.02503
1403715345.562639236450195,0.00777,0.00040,0.00163,0.00657,0.00218,0.00451,0.02305
1403715345.612639188766479,0.00781,0.00039,0.00907,0.00620,0.00492,0.00517,0.03356
1403715345.662638187408447,0.00656,0.00043,0.00040,0.00799,0.00064,0.00530,0.02131
1403715345.712638139724731,0.00807,0.00060,0.00249,0.00731,0.00420,0.00510,0.02777
1403715345.762638092041016,0.00734,0.00042,0.00088,0.00744,0.00001,0.00485,0.02094
1403715345.812639474868774,0.00679,0.00038,0.00733,0.00712,0.00117,0.00452,0.02731
1403715345.862642765045166,0.00851,0.00042,0.00858,0.00706,0.00261,0.00509,0.03227
1403715345.912644863128662,0.00780,0.00040,0.00119,0.00742,0.00001,0.00486,0.02168
1403715345.962646007537842,0.00661,0.00041,0.00041,0.00733,0.00215,0.00451,0.02143
1403715346.012647628784180,0.00763,0.00041,0.00109,0.00728,0.00113,0.00447,0.02202
1403715346.062647819519043,0.00654,0.00040,0.00560,0.00666,0.00362,0.00475,0.02758
1403715346.112647056579590,0.00894,0.00038,0.00122,0.00803,0.00164,0.00522,0.02543
1403715346.162647962570190,0.00740,0.00039,0.00552,0.00737,0.00231,0.00499,0.02797
1403715346.212651252746582,0.00669,0.00040,0.00809,0.00775,0.00199,0.00506,0.02997
1403715346.262652635574341,0.00806,0.00036,0.00046,0.00784,0.00001,0.00495,0.02168
1403715346.312655925750732,0.00645,0.00040,0.00081,0.00648,0.00221,0.00495,0.02130
1403715346.362657070159912,0.00645,0.00039,0.00058,0.00704,0.00001,0.00529,0.01975
1403715346.412657499313354,0.00844,0.00038,0.00834,0.00673,0.00617,0.00467,0.03473
1403715346.462659358978271,0.00652,0.00043,0.00624,0.00843,0.00001,0.00557,0.02720
1403715346.512660026550293,0.00638,0.00042,0.00180,0.00833,0.00001,0.00470,0.02165
1403715346.562661409378052,0.00734,0.00040,0.00146,0.00822,0.00001,0.00545,0.02289
1403715346.612662553787231,0.00665,0.00044,0.00114,0.00825,0.00001,0.00485,0.02134
1403715346.662665843963623,0.00644,0.00043,0.01044,0.00856,0.00203,0.00544,0.03334
1403715346.712666273117065,0.00640,0.00042,0.00070,0.00769,0.00001,0.00476,0.01998
1403715346.762669086456299,0.00634,0.00039,0.00516,0.00752,0.00148,0.00499,0.02588
1403715346.812669277191162,0.00738,0.00043,0.00699,0.00765,0.00232,0.00451,0.02929
1403715346.862668514251709,0.00631,0.00040,0.00100,0.00842,0.00001,0.00484,0.02098
1403715346.912667274475098,0.00748,0.00041,0.00079,0.00814,0.00001,0.00470,0.02153
1403715346.962665796279907,0.00792,0.00040,0.00130,0.00739,0.00001,0.00503,0.02204
1403715347.012664794921875,0.00632,0.00043,0.00402,0.00702,0.00350,0.00490,0.02618
1403715347.062666893005371,0.00647,0.00041,0.00004,0.00797,0.00201,0.00485,0.02176
1403715347.112668514251709,0.00632,0.00042,0.00848,0.00786,0.00202,0.00488,0.02998
1403715347.162668228149414,0.00649,0.00042,0.00004,0.00848,0.00001,0.00487,0.02031
1403715347.212666988372803,0.00628,0.00040,0.00005,0.00815,0.00001,0.00482,0.01972
1403715347.262666463851929,0.00637,0.00042,0.00811,0.00748,0.00195,0.00489,0.02923
1403715347.312665700912476,0.00651,0.00039,0.00018,0.00767,0.00001,0.00490,0.01966
1403715347.362664699554443,0.00641,0.00040,0.00462,0.00780,0.00178,0.00482,0.02584
1403715347.412663936614990,0.00821,0.00037,0.00605,0.00710,0.00379,0.00481,0.03032
1403715347.462663650512695,0.00690,0.00041,0.00913,0.00768,0.00460,0.00533,0.03406
1403715347.512664556503296,0.00849,0.00040,0.00083,0.00784,0.00001,0.00487,0.02244
1403715347.562665224075317,0.00675,0.00042,0.00052,0.00794,0.00001,0.00495,0.02059
1403715347.612665653228760,0.00648,0.00041,0.00353,0.00774,0.00176,0.00477,0.02469
1403715347.662666082382202,0.00809,0.00040,0.00063,0.00758,0.00001,0.00488,0.02158
1403715347.712665081024170,0.00649,0.00039,0.00522,0.00716,0.00390,0.00491,0.02806
1403715347.762661457061768,0.00725,0.00046,0.00112,0.00738,0.00003,0.00546,0.02170
1403715347.812659263610840,0.00688,0.00050,0.00065,0.00788,0.00002,0.00516,0.02110
1403715347.862654209136963,0.00643,0.00039,0.00158,0.00679,0.00733,0.00469,0.02722
1403715347.912648439407349,0.00611,0.00040,0.00389,0.00734,0.00002,0.00556,0.02333
1403715347.962643861770630,0.00786,0.00039,0.01605,0.00695,0.00386,0.00471,0.03982
1403715348.012642383575439,0.00656,0.00039,0.00012,0.00697,0.00001,0.00480,0.01885
1403715348.062642097473145,0.00758,0.00042,0.00626,0.00597,0.00500,0.00486,0.03009
1403715348.112640380859375,0.00764,0.00037,0.00020,0.00668,0.00045,0.00494,0.02028
1403715348.162637948989868,0.00673,0.00046,0.00070,0.00555,0.00002,0.00478,0.01823
1403715348.212635993957520,0.00823,0.00037,0.00051,0.00507,0.00186,0.00460,0.02064
1403715348.262633562088013,0.00664,0.00038,0.00100,0.00458,0.00002,0.00478,0.01740
1403715348.312631130218506,0.00658,0.00040,0.00068,0.00443,0.00061,0.00481,0.01750
1403715348.362628459930420,0.00673,0.00039,0.00052,0.00400,0.00005,0.00480,0.01648
1403715348.412626028060913,0.00643,0.00033,0.00104,0.00331,0.00000,0.00473,0.01585
1403715348.462623834609985,0.00851,0.00032,0.00069,0.00269,0.00034,0.00482,0.01738
1403715348.512622594833374,0.00696,0.00032,0.00099,0.00250,0.02280,0.00489,0.03846
1403715348.562621831893921,0.00674,0.00038,0.00612,0.00476,0.01154,0.00518,0.03472
1403715348.612620592117310,0.00702,0.00066,0.00068,0.00635,0.00001,0.00492,0.01964
1403715348.662621498107910,0.00689,0.00038,0.01307,0.00544,0.00953,0.00489,0.04021
1403715348.712622404098511,0.00646,0.00042,0.00004,0.00736,0.00001,0.00472,0.01900
1403715348.762623548507690,0.00806,0.00041,0.00040,0.00641,0.00002,0.00489,0.02019
1403715348.812624216079712,0.00674,0.00040,0.00055,0.00621,0.00001,0.00463,0.01853
1403715348.862622499465942,0.00633,0.00040,0.00170,0.00608,0.00066,0.00480,0.01997
1403715348.912622928619385,0.00606,0.00040,0.00106,0.00626,0.00037,0.00450,0.01865
1403715348.962624311447144,0.00760,0.00036,0.00003,0.00620,0.00001,0.00482,0.01903
1403715349.012625694274902,0.00658,0.00037,0.01573,0.00603,0.01353,0.00476,0.04700
1403715349.062624454498291,0.00642,0.00042,0.00026,0.00824,0.00052,0.00510,0.02095
1403715349.112622737884521,0.00633,0.00041,0.00095,0.00829,0.00001,0.00488,0.02086
1403715349.162622213363647,0.00667,0.00043,0.00106,0.00897,0.00001,0.00493,0.02206
1403715349.212619781494141,0.00635,0.00040,0.00004,0.00766,0.00001,0.00491,0.01936
1403715349.262619256973267,0.00614,0.00041,0.01029,0.00747,0.00270,0.00493,0.03193
1403715349.312618732452393,0.00764,0.00040,0.00013,0.00790,0.00002,0.00485,0.02095
1403715349.362617492675781,0.00624,0.00040,0.00004,0.00766,0.00118,0.00488,0.02039
1403715349.412619829177856,0.00643,0.00041,0.00020,0.00774,0.00048,0.00499,0.02026
1403715349.462621450424194,0.00803,0.00041,0.00034,0.00783,0.00002,0.00478,0.02142
1403715349.512621879577637,0.00626,0.00042,0.00899,0.00753,0.00404,0.00461,0.03184
1403715349.562622070312500,0.00649,0.00043,0.00004,0.00834,0.00001,0.00502,0.02032
1403715349.612620115280151,0.00639,0.00043,0.01456,0.00817,0.00204,0.00502,0.03662
1403715349.662617921829224,0.00649,0.00041,0.00040,0.00842,0.00001,0.00493,0.02065
1403715349.712615013122559,0.00628,0.00044,0.00158,0.00813,0.00001,0.00484,0.02126
1403715349.762612581253052,0.00625,0.00044,0.00121,0.00738,0.00046,0.00494,0.02067
1403715349.812610626220703,0.00603,0.00042,0.00022,0.00720,0.00044,0.00465,0.01897
1403715349.862610578536987,0.00680,0.00043,0.01162,0.00775,0.00090,0.00517,0.03268
1403715349.912610054016113,0.00621,0.00042,0.00033,0.00732,0.00057,0.00469,0.01953
1403715349.962610960006714,0.00605,0.00038,0.00003,0.00704,0.00000,0.00480,0.01830
1403715350.012613058090210,0.00802,0.00042,0.00027,0.00643,0.00002,0.00461,0.01978
1403715350.062615156173706,0.00628,0.00042,0.00018,0.00559,0.00112,0.00481,0.01839
1403715350.112609624862671,0.00610,0.00038,0.00382,0.00509,0.00979,0.00454,0.02972
1403715350.162606477737427,0.00860,0.00041,0.00101,0.00689,0.00053,0.00490,0.02234
1403715350.212601661682129,0.00845,0.00036,0.01065,0.00645,0.00633,0.00529,0.03754
1403715350.262598991394043,0.00669,0.00040,0.00024,0.00761,0.00078,0.00494,0.02068
1403715350.312595844268799,0.00665,0.00040,0.00047,0.00722,0.00213,0.00459,0.02146
1403715350.362595796585083,0.00655,0.00043,0.00128,0.00751,0.00001,0.00481,0.02059
1403715350.412594079971313,0.00635,0.00043,0.00078,0.00716,0.00050,0.00569,0.02091
1403715350.462596416473389,0.00644,0.00041,0.00847,0.00681,0.00146,0.00481,0.02840
1403715350.512598991394043,0.00640,0.00042,0.00102,0.00698,0.00001,0.00484,0.01966
1403715350.562602043151855,0.00724,0.00040,0.00003,0.00693,0.00001,0.00473,0.01935
1403715350.612604618072510,0.00612,0.00040,0.00023,0.00668,0.00206,0.00482,0.02031
1403715350.662605762481689,0.00629,0.00043,0.00009,0.00685,0.00115,0.00498,0.01980
1403715350.712607145309448,0.00737,0.00042,0.00054,0.00702,0.00213,0.00501,0.02248
1403715350.762607812881470,0.00741,0.00039,0.01333,0.00702,0.00230,0.00501,0.03547
1403715350.812608480453491,0.00634,0.00042,0.00928,0.00694,0.00118,0.00492,0.02907
1403715350.862608671188354,0.00778,0.00038,0.00009,0.00743,0.00039,0.00490,0.02097
1403715350.912608861923218,0.00625,0.00042,0.00021,0.00730,0.00044,0.00457,0.01920
1403715350.962608337402344,0.00644,0.00042,0.00004,0.00775,0.00001,0.00477,0.01943
1403715351.012607336044312,0.00630,0.00042,0.00011,0.00777,0.00037,0.00479,0.01975
1403715351.062607288360596,0.00619,0.00042,0.00786,0.00762,0.00038,0.00472,0.02720
1403715351.112607479095459,0.00630,0.00039,0.00056,0.00765,0.00000,0.00471,0.01961
1403715351.162608146667480,0.00619,0.00042,0.00073,0.00738,0.00001,0.00469,0.01943
1403715351.212607860565186,0.00617,0.00038,0.00114,0.00719,0.00001,0.00486,0.01974
1403715351.262608289718628,0.00632,0.00040,0.00004,0.00741,0.00001,0.00503,0.01920
1403715351.312608718872070,0.00619,0.00042,0.00567,0.00627,0.00324,0.00467,0.02646
1403715351.362607240676880,0.00788,0.00039,0.01143,0.00666,0.00046,0.00495,0.03177
1403715351.412606954574585,0.00793,0.00042,0.00955,0.00600,0.00043,0.00496,0.02929
1403715351.462606668472290,0.00664,0.00038,0.00032,0.00632,0.00037,0.00464,0.01867
1403715351.512606143951416,0.00658,0.00038,0.00041,0.00607,0.00001,0.00485,0.01831
1403715351.562606096267700,0.00630,0.00036,0.00087,0.00594,0.00001,0.00476,0.01824
1403715351.612605571746826,0.00634,0.00040,0.00126,0.00587,0.00045,0.00477,0.01908
1403715351.662604570388794,0.00756,0.00037,0.00185,0.00505,0.01271,0.00464,0.03218
1403715351.712603807449341,0.00657,0.00041,0.00074,0.00714,0.00001,0.00473,0.01960
1403715351.762602567672729,0.00651,0.00041,0.00077,0.00610,0.00042,0.00465,0.01886
1403715351.812601566314697,0.00644,0.00037,0.00043,0.00602,0.00001,0.00531,0.01858
1403715351.862599849700928,0.00835,0.00036,0.00068,0.00607,0.00001,0.00485,0.02031
1403715351.912598371505737,0.00659,0.00034,0.00052,0.00545,0.00667,0.00550,0.02507
1403715351.962596416473389,0.00909,0.00039,0.00288,0.01034,0.02180,0.00648,0.05097
1403715352.012596368789673,0.00983,0.00049,0.00836,0.00910,0.00755,0.00624,0.04157
1403715352.062597513198853,0.00895,0.00054,0.00032,0.01053,0.00006,0.00571,0.02612
1403715352.112597703933716,0.00814,0.00054,0.00009,0.00962,0.00001,0.00581,0.02422
1403715352.162599086761475,0.00930,0.00064,0.00044,0.01117,0.00002,0.00738,0.02894
1403715352.212598085403442,0.00655,0.00042,0.00815,0.00678,0.00105,0.00496,0.02791
1403715352.262597560882568,0.00642,0.00040,0.00027,0.00623,0.00235,0.00479,0.02045
1403715352.312596559524536,0.00634,0.00041,0.00027,0.00703,0.00046,0.00482,0.01933
1403715352.362591266632080,0.00657,0.00039,0.00071,0.00729,0.00074,0.00465,0.02035
1403715352.412590265274048,0.00640,0.00039,0.00266,0.00678,0.00023,0.00489,0.02136
1403715352.462590456008911,0.00635,0.00040,0.00019,0.00625,0.00002,0.00464,0.01785
1403715352.512588739395142,0.00786,0.00036,0.00160,0.00603,0.00755,0.00493,0.02833
1403715352.562586307525635,0.00765,0.00038,0.00134,0.00735,0.00303,0.00459,0.02435
1403715352.612583637237549,0.00694,0.00042,0.01408,0.00710,0.00195,0.00498,0.03548
1403715352.662584781646729,0.00813,0.00040,0.00004,0.00746,0.00202,0.00463,0.02268
1403715352.712584972381592,0.00643,0.00036,0.00065,0.00731,0.00001,0.00473,0.01949
1403715352.762586116790771,0.00611,0.00040,0.00017,0.00709,0.00001,0.00479,0.01858
1403715352.812587499618530,0.00633,0.00051,0.00579,0.00682,0.00343,0.00531,0.02820
1403715352.862584590911865,0.00649,0.00040,0.00091,0.00671,0.00193,0.00523,0.02166
1403715352.912581443786621,0.00617,0.00036,0.00106,0.00734,0.00002,0.00536,0.02032
1403715352.962581157684326,0.00606,0.00037,0.00127,0.00680,0.00001,0.00477,0.01928
1403715353.012580156326294,0.00791,0.00037,0.00130,0.00611,0.00359,0.00493,0.02420
1403715353.062579870223999,0.00753,0.00040,0.00323,0.00654,0.00001,0.00484,0.02255
1403715353.112580060958862,0.00652,0.00040,0.00842,0.00655,0.00903,0.00513,0.03606
1403715353.162580490112305,0.00667,0.00046,0.00088,0.00808,0.00001,0.00479,0.02089
1403715353.212583541870117,0.00745,0.00039,0.00799,0.00764,0.00389,0.00484,0.03220
1403715353.262583255767822,0.00640,0.00042,0.00023,0.00853,0.00001,0.00465,0.02023
1403715353.312584400177002,0.00635,0.00042,0.00158,0.00797,0.00002,0.00488,0.02121
1403715353.362584352493286,0.00617,0.00041,0.00077,0.00746,0.00001,0.00475,0.01957
1403715353.412584781646729,0.00619,0.00039,0.00112,0.00740,0.00410,0.00480,0.02400
1403715353.462584733963013,0.00623,0.00042,0.00009,0.00799,0.00001,0.00466,0.01939
1403715353.512584447860718,0.00625,0.00041,0.00004,0.00805,0.00001,0.00487,0.01963
1403715353.562585115432739,0.00599,0.00041,0.01279,0.00815,0.00265,0.00501,0.03501
1403715353.612585306167603,0.00807,0.00042,0.00025,0.00815,0.00010,0.00485,0.02184
1403715353.662585020065308,0.00641,0.00037,0.00016,0.00772,0.00001,0.00491,0.01957
1403715353.712585210800171,0.00644,0.00038,0.00604,0.00757,0.00539,0.00455,0.03038
1403715353.762584686279297,0.00792,0.00039,0.00003,0.00879,0.00001,0.00480,0.02194
1403715353.812584400177002,0.00620,0.00041,0.00647,0.00861,0.00394,0.00452,0.03016
1403715353.862584352493286,0.00604,0.00045,0.00004,0.00984,0.00001,0.00483,0.02122
1403715353.912584304809570,0.00593,0.00043,0.00098,0.00973,0.00001,0.00472,0.02180
1403715353.962584257125854,0.00679,0.00042,0.00004,0.00986,0.00001,0.00505,0.02217
1403715354.012583494186401,0.00660,0.00042,0.00174,0.00972,0.00001,0.00543,0.02391
1403715354.062582254409790,0.00641,0.00042,0.00009,0.00977,0.00001,0.00504,0.02174
1403715354.112580299377441,0.00623,0.00042,0.00004,0.00983,0.00001,0.00487,0.02140
1403715354.162579536437988,0.00868,0.00047,0.01767,0.01087,0.00001,0.00514,0.04283
1403715354.212581396102905,0.00690,0.00045,0.00349,0.01063,0.00001,0.00511,0.02658
1403715354.262582540512085,0.00633,0.00040,0.00026,0.00890,0.00001,0.00483,0.02074
1403715354.312586784362793,0.00737,0.00038,0.00463,0.00866,0.00392,0.00481,0.02976
1403715354.362589120864868,0.00623,0.00042,0.00008,0.00929,0.00001,0.00486,0.02090
1403715354.412590265274048,0.00611,0.00041,0.00584,0.00911,0.00205,0.00466,0.02817
1403715354.462590694427490,0.00592,0.00041,0.00009,0.00957,0.00001,0.00503,0.02102
1403715354.512591838836670,0.00635,0.00037,0.00090,0.00955,0.00001,0.00480,0.02198
1403715354.562591791152954,0.00613,0.00042,0.00024,0.00923,0.00001,0.00475,0.02078
1403715354.612592220306396,0.00596,0.00042,0.00010,0.00916,0.00203,0.00466,0.02233
1403715354.662592172622681,0.00614,0.00042,0.00019,0.00950,0.00050,0.00463,0.02138
1403715354.712593317031860,0.00597,0.00044,0.00004,0.01048,0.00001,0.00481,0.02176
1403715354.762591361999512,0.00581,0.00041,0.01678,0.01004,0.00001,0.00486,0.03791
1403715354.812591791152954,0.00632,0.00040,0.00012,0.00963,0.00001,0.00615,0.02262
1403715354.862591028213501,0.00622,0.00039,0.00003,0.00959,0.00001,0.00481,0.02105
1403715354.912589550018311,0.00780,0.00037,0.00500,0.00927,0.00051,0.00460,0.02756
1403715354.962587833404541,0.00683,0.00040,0.00024,0.00964,0.00001,0.00517,0.02229
1403715355.012587547302246,0.00678,0.00042,0.00597,0.00946,0.00009,0.00481,0.02754
1403715355.062589883804321,0.00660,0.00038,0.00058,0.00947,0.00001,0.00489,0.02194
1403715355.112591266632080,0.00661,0.00041,0.00009,0.00975,0.00120,0.00486,0.02293
1403715355.162591695785522,0.00639,0.00039,0.00004,0.00988,0.00001,0.00504,0.02175
1403715355.212591409683228,0.00633,0.00041,0.00020,0.00937,0.00001,0.00476,0.02107
1403715355.262592315673828,0.00651,0.00040,0.00026,0.00907,0.00001,0.00490,0.02115
1403715355.312593936920166,0.00642,0.00041,0.00161,0.00752,0.00047,0.00482,0.02125
1403715355.362596511840820,0.00647,0.00039,0.01271,0.00753,0.00770,0.00487,0.03966
1403715355.412594318389893,0.00736,0.00044,0.00125,0.00818,0.00001,0.00484,0.02207
1403715355.462594509124756,0.00618,0.00037,0.00994,0.00687,0.00639,0.00468,0.03442
1403715355.512593507766724,0.00854,0.00034,0.00339,0.00770,0.00229,0.00498,0.02725
1403715355.562593221664429,0.00813,0.00036,0.00048,0.00741,0.00001,0.00492,0.02132
1403715355.612591505050659,0.00640,0.00038,0.00503,0.00550,0.00285,0.00455,0.02472
1403715355.662592411041260,0.00632,0.00038,0.00108,0.00617,0.00041,0.00487,0.01923
1403715355.712591648101807,0.00710,0.00039,0.00074,0.00567,0.00039,0.00490,0.01919
1403715355.762591123580933,0.00587,0.00036,0.00024,0.00561,0.00002,0.00479,0.01690
1403715355.812589883804321,0.00570,0.00036,0.00116,0.00507,0.00002,0.00470,0.01700
1403715355.862588167190552,0.00903,0.00029,0.00110,0.00443,0.00001,0.00482,0.01968
1403715355.912586927413940,0.00644,0.00034,0.00104,0.00467,0.00027,0.00481,0.01757
1403715355.962588071823120,0.00609,0.00033,0.00142,0.00468,0.01214,0.00489,0.02955
1403715356.012587785720825,0.00621,0.00038,0.00014,0.00645,0.00007,0.00480,0.01804
1403715356.062584400177002,0.00621,0.00037,0.01360,0.00636,0.01495,0.00497,0.04646
1403715356.112584352493286,0.00566,0.00040,0.00181,0.00862,0.00229,0.00495,0.02374
1403715356.162584304809570,0.00601,0.00040,0.00009,0.00886,0.00001,0.00481,0.02019
1403715356.212585210800171,0.00585,0.00043,0.00475,0.00865,0.00015,0.00482,0.02466
1403715356.262585878372192,0.00702,0.00041,0.00151,0.01039,0.00053,0.00520,0.02506
1403715356.312586784362793,0.00623,0.00042,0.00004,0.00987,0.00001,0.00473,0.02130
1403715356.362587451934814,0.00597,0.00043,0.00112,0.00908,0.00121,0.00473,0.02255
1403715356.412588596343994,0.00688,0.00063,0.00792,0.00903,0.00038,0.00481,0.02965
1403715356.462588787078857,0.00777,0.00040,0.00004,0.00919,0.00001,0.00493,0.02234
1403715356.512589693069458,0.00639,0.00044,0.00029,0.00932,0.00001,0.00483,0.02128
1403715356.562590837478638,0.00773,0.00038,0.00012,0.00921,0.00001,0.00476,0.02221
1403715356.612591266632080,0.00609,0.00042,0.00051,0.00914,0.00007,0.00482,0.02106
1403715356.662590503692627,0.00630,0.00041,0.01272,0.00910,0.00007,0.00500,0.03361
1403715356.712590456008911,0.00618,0.00043,0.00165,0.00893,0.00010,0.00473,0.02203
1403715356.762588977813721,0.00644,0.00042,0.00072,0.00875,0.00001,0.00469,0.02103
1403715356.812587976455688,0.00618,0.00043,0.00528,0.00848,0.00009,0.00485,0.02531
1403715356.862587690353394,0.00615,0.00040,0.00057,0.00859,0.00001,0.00476,0.02049
1403715356.912584066390991,0.00608,0.00043,0.00126,0.00807,0.00001,0.00481,0.02066
1403715356.962580919265747,0.00603,0.00043,0.00384,0.00728,0.00001,0.00496,0.02255
1403715357.012578964233398,0.00779,0.00034,0.00736,0.00496,0.00705,0.00483,0.03232
1403715357.062579631805420,0.00648,0.00038,0.00037,0.00522,0.00061,0.00488,0.01794
1403715357.112579584121704,0.00796,0.00038,0.00085,0.00516,0.00069,0.00469,0.01974
1403715357.162580251693726,0.00619,0.00038,0.00107,0.00545,0.00123,0.00494,0.01925
1403715357.212579727172852,0.00591,0.00040,0.00055,0.00554,0.00007,0.00469,0.01715
1403715357.262578964233398,0.00898,0.00034,0.00215,0.00492,0.01930,0.00481,0.04052
1403715357.312576532363892,0.00635,0.00040,0.00187,0.00754,0.00079,0.00486,0.02182
1403715357.362572431564331,0.00640,0.00039,0.00180,0.00716,0.00001,0.00479,0.02054
1403715357.412567377090454,0.00614,0.00041,0.00008,0.00705,0.00240,0.00480,0.02089
1403715357.462562561035156,0.00597,0.00043,0.00076,0.00675,0.00002,0.00465,0.01860
1403715357.512557983398438,0.00586,0.00041,0.00028,0.00685,0.00044,0.00486,0.01869
1403715357.562554359436035,0.00612,0.00040,0.00732,0.00584,0.00724,0.00548,0.03239
1403715357.612557649612427,0.00584,0.00043,0.00494,0.00783,0.00396,0.00477,0.02777
1403715357.662566900253296,0.00588,0.00043,0.00049,0.00813,0.00076,0.00452,0.02022
1403715357.712575674057007,0.00574,0.00043,0.00003,0.00828,0.00001,0.00485,0.01934
1403715357.762577533721924,0.00722,0.00039,0.00030,0.00796,0.00045,0.00446,0.02078
1403715357.812578916549683,0.00815,0.00040,0.00884,0.00819,0.00386,0.00544,0.03488
1403715357.862579107284546,0.00588,0.00043,0.00400,0.00838,0.00001,0.00477,0.02346
1403715357.912581682205200,0.00585,0.00045,0.00033,0.00817,0.00038,0.00473,0.01992
1403715357.962582111358643,0.00581,0.00041,0.00011,0.00812,0.00001,0.00456,0.01902
1403715358.012582302093506,0.00678,0.00040,0.00022,0.00714,0.00148,0.00488,0.02090
1403715358.062582969665527,0.00634,0.00041,0.00005,0.00749,0.00001,0.00483,0.01913
1403715358.112584352493286,0.00586,0.00041,0.00023,0.00735,0.00043,0.00491,0.01918
1403715358.162585496902466,0.00610,0.00042,0.00613,0.00731,0.00269,0.00486,0.02751
1403715358.212585687637329,0.00587,0.00039,0.00066,0.00801,0.00667,0.00483,0.02643
1403715358.262585401535034,0.00680,0.00040,0.00116,0.00851,0.00001,0.00469,0.02158
1403715358.312586307525635,0.00595,0.00045,0.00939,0.00969,0.00056,0.00496,0.03099
1403715358.362585067749023,0.00952,0.00042,0.00010,0.00960,0.00001,0.00524,0.02490
1403715358.412581920623779,0.00560,0.00044,0.00358,0.00853,0.00202,0.00470,0.02488
1403715358.462577342987061,0.00686,0.00042,0.00413,0.00835,0.00001,0.00473,0.02449
1403715358.512574911117554,0.00818,0.00041,0.00082,0.00813,0.00079,0.00505,0.02339
1403715358.562572956085205,0.00598,0.00039,0.00117,0.00820,0.00516,0.00502,0.02591
1403715358.612569332122803,0.00593,0.00041,0.00171,0.00887,0.00038,0.00475,0.02205
1403715358.662566423416138,0.00705,0.00041,0.00088,0.00665,0.00047,0.00500,0.02046
1403715358.712568283081055,0.00677,0.00037,0.00188,0.00668,0.00001,0.00471,0.02042
1403715358.762570381164551,0.00703,0.00040,0.00173,0.00556,0.00242,0.00485,0.02199
1403715358.812577724456787,0.00697,0.00037,0.00263,0.00559,0.00515,0.00466,0.02537
1403715358.862581014633179,0.00729,0.00038,0.00069,0.00604,0.00001,0.00475,0.01916
1403715358.912588357925415,0.00676,0.00040,0.00098,0.00583,0.00850,0.00492,0.02738
1403715358.962591648101807,0.00650,0.00037,0.00010,0.00651,0.00001,0.00467,0.01816
1403715359.012593746185303,0.00679,0.00037,0.00099,0.00656,0.01091,0.00446,0.03007
1403715359.062594652175903,0.00649,0.00041,0.00017,0.00834,0.00478,0.00479,0.02498
1403715359.112592697143555,0.00612,0.00039,0.00159,0.00842,0.00001,0.00461,0.02114
1403715359.162593126296997,0.00609,0.00044,0.00080,0.00844,0.00001,0.00475,0.02054
1403715359.212593317031860,0.00716,0.00043,0.00273,0.00830,0.00280,0.00442,0.02584
1403715359.262592554092407,0.00603,0.00041,0.00003,0.00920,0.00001,0.00459,0.02027
1403715359.312592983245850,0.00584,0.00042,0.00559,0.00911,0.00001,0.00477,0.02573
1403715359.362592697143555,0.00655,0.00043,0.00118,0.00903,0.00051,0.00490,0.02260
1403715359.412590503692627,0.00592,0.00044,0.00680,0.00922,0.00001,0.00472,0.02711
1403715359.462589025497437,0.00605,0.00042,0.00154,0.00937,0.00001,0.00543,0.02282
1403715359.512585878372192,0.00590,0.00044,0.00042,0.00920,0.00001,0.00485,0.02082
1403715359.562584161758423,0.00604,0.00043,0.00660,0.00883,0.00001,0.00488,0.02678
1403715359.612582445144653,0.00664,0.00046,0.00608,0.00830,0.00050,0.00454,0.02651
1403715359.662580728530884,0.00618,0.00043,0.00006,0.00887,0.00001,0.00479,0.02034
1403715359.712580442428589,0.00655,0.00040,0.00135,0.00829,0.00046,0.00453,0.02158
1403715359.762580156326294,0.00727,0.00039,0.00022,0.00841,0.00001,0.00486,0.02116
1403715359.812579154968262,0.00597,0.00043,0.00097,0.00839,0.00075,0.00453,0.02104
1403715359.862579822540283,0.00581,0.00040,0.00026,0.00817,0.00004,0.00489,0.01959
1403715359.912579774856567,0.00641,0.00038,0.00705,0.00727,0.00238,0.00485,0.02834
1403715359.962579011917114,0.00600,0.00038,0.00046,0.00784,0.00235,0.00482,0.02185
1403715360.012578010559082,0.00578,0.00042,0.00683,0.00803,0.00048,0.00494,0.02648
1403715360.062578201293945,0.00610,0.00043,0.00075,0.00780,0.00142,0.00480,0.02130
1403715360.112577676773071,0.00682,0.00040,0.00017,0.00729,0.00001,0.00477,0.01947
1403715360.162577629089355,0.00623,0.00040,0.00107,0.00760,0.00580,0.00476,0.02585
1403715360.212576627731323,0.00610,0.00042,0.00619,0.00773,0.00151,0.00477,0.02672
1403715360.262576580047607,0.00593,0.00040,0.00459,0.00816,0.00025,0.00473,0.02406
1403715360.312576055526733,0.00782,0.00041,0.00089,0.00805,0.00089,0.00494,0.02300
1403715360.362575531005859,0.00691,0.00039,0.00004,0.00870,0.00001,0.00468,0.02072
1403715360.412573814392090,0.00698,0.00050,0.00022,0.00870,0.00001,0.00526,0.02168
1403715360.462572336196899,0.00689,0.00039,0.00382,0.00937,0.00246,0.00531,0.02825
1403715360.512569904327393,0.00600,0.00044,0.00669,0.00826,0.00021,0.00481,0.02641
1403715360.562568902969360,0.00626,0.00042,0.00104,0.00818,0.00049,0.00492,0.02130
1403715360.612567424774170,0.00599,0.00042,0.00534,0.00805,0.00203,0.00481,0.02664
1403715360.662566900253296,0.00595,0.00040,0.00623,0.00815,0.00001,0.00484,0.02558
1403715360.712566375732422,0.00693,0.00042,0.00225,0.00840,0.00002,0.00482,0.02284
1403715360.762566089630127,0.00745,0.00039,0.00132,0.00733,0.00142,0.00482,0.02272
1403715360.812566280364990,0.00642,0.00038,0.00559,0.00693,0.00128,0.00447,0.02508
1403715360.862566232681274,0.00895,0.00036,0.00144,0.00749,0.00478,0.00489,0.02792
1403715360.912567138671875,0.00730,0.00041,0.00074,0.00758,0.00214,0.00477,0.02295
1403715360.962566852569580,0.00616,0.00040,0.00082,0.00673,0.00001,0.00483,0.01895
1403715361.012567520141602,0.00600,0.00038,0.00022,0.00676,0.00045,0.00493,0.01873
1403715361.062568902969360,0.00625,0.00034,0.00034,0.00627,0.00399,0.00457,0.02177
1403715361.112569808959961,0.00629,0.00042,0.00062,0.00742,0.00407,0.00498,0.02380
1403715361.162569522857666,0.00628,0.00041,0.00072,0.00755,0.00106,0.00497,0.02099
1403715361.212569475173950,0.00614,0.00040,0.00033,0.00778,0.00211,0.00487,0.02163
1403715361.262569904327393,0.00586,0.00040,0.00036,0.00814,0.00181,0.00520,0.02178
1403715361.312568902969360,0.00752,0.00036,0.00607,0.00656,0.00045,0.00477,0.02572
1403715361.362568378448486,0.00632,0.00037,0.00173,0.00520,0.00001,0.00466,0.01829
1403715361.412568807601929,0.00879,0.00033,0.00125,0.00428,0.00634,0.00462,0.02562
1403715361.462569236755371,0.00680,0.00034,0.00549,0.00443,0.01467,0.00470,0.03642
1403715361.512568473815918,0.00602,0.00039,0.00017,0.00644,0.00002,0.00479,0.01782
1403715361.562568426132202,0.00635,0.00035,0.00056,0.00607,0.00042,0.00473,0.01847
1403715361.612568378448486,0.00759,0.00036,0.00003,0.00599,0.00001,0.00484,0.01882
1403715361.662568330764771,0.00645,0.00038,0.00074,0.00598,0.00076,0.00487,0.01919
1403715361.712568283081055,0.00635,0.00039,0.00174,0.00637,0.00190,0.00483,0.02157
1403715361.762568235397339,0.00623,0.00038,0.00009,0.00655,0.00001,0.00474,0.01799
1403715361.812567710876465,0.00593,0.00038,0.00003,0.00686,0.00002,0.00519,0.01840
1403715361.862566471099854,0.00624,0.00038,0.00525,0.00607,0.01482,0.00471,0.03747
1403715361.912565231323242,0.00594,0.00045,0.00495,0.00881,0.00010,0.00475,0.02500
1403715361.962562799453735,0.00910,0.00037,0.00648,0.00857,0.00249,0.00545,0.03246
1403715362.012559175491333,0.00673,0.00041,0.00801,0.00923,0.00001,0.00496,0.02935
1403715362.062557220458984,0.00673,0.00041,0.00605,0.00905,0.00001,0.00488,0.02713
1403715362.112555503845215,0.00816,0.00041,0.00236,0.00858,0.00001,0.00489,0.02441
1403715362.162554979324341,0.00653,0.00040,0.00393,0.00863,0.00002,0.00483,0.02434
1403715362.212555885314941,0.00624,0.00043,0.00031,0.00796,0.00048,0.00474,0.02017
1403715362.262555599212646,0.00632,0.00040,0.00093,0.00714,0.00045,0.00480,0.02005
1403715362.312555789947510,0.00603,0.00038,0.00121,0.00676,0.00282,0.00461,0.02181
1403715362.362556219100952,0.00627,0.00043,0.00076,0.00717,0.00004,0.00471,0.01939
1403715362.412557125091553,0.00630,0.00042,0.00142,0.00673,0.00067,0.00482,0.02036
1403715362.462557315826416,0.00801,0.00036,0.00224,0.00587,0.00803,0.00500,0.02950
1403715362.512555599212646,0.00610,0.00046,0.01307,0.00765,0.00041,0.00518,0.03287
1403715362.562555074691772,0.00725,0.00064,0.00525,0.00622,0.00658,0.00539,0.03135
1403715362.612555503845215,0.00588,0.00039,0.00204,0.00698,0.00413,0.00478,0.02420
1403715362.662554502487183,0.00779,0.00038,0.00510,0.00684,0.00291,0.00488,0.02790
1403715362.712554454803467,0.00739,0.00040,0.00033,0.00733,0.00001,0.00482,0.02027
1403715362.762555122375488,0.00599,0.00038,0.00176,0.00681,0.00201,0.00446,0.02142
1403715362.812555789947510,0.00769,0.00038,0.00009,0.00719,0.00001,0.00464,0.02000
1403715362.862556457519531,0.00634,0.00040,0.00037,0.00674,0.00044,0.00476,0.01906
1403715362.912557363510132,0.00583,0.00040,0.00030,0.00662,0.00138,0.00481,0.01933
1403715362.962557554244995,0.00722,0.00038,0.00045,0.00669,0.00044,0.00498,0.02015
1403715363.012552022933960,0.00614,0.00037,0.00708,0.00625,0.00815,0.00501,0.03300
1403715363.062551021575928,0.00637,0.00040,0.00092,0.00794,0.00216,0.00492,0.02271
1403715363.112551927566528,0.00657,0.00041,0.00928,0.00813,0.00050,0.00490,0.02979
1403715363.162552833557129,0.00617,0.00044,0.00376,0.00767,0.00010,0.00479,0.02293
1403715363.212552309036255,0.00593,0.00039,0.00018,0.00839,0.00323,0.00463,0.02276
1403715363.262553453445435,0.00595,0.00044,0.01036,0.00822,0.00049,0.00486,0.03032
1403715363.312553167343140,0.00605,0.00045,0.00149,0.00853,0.00001,0.00465,0.02118
1403715363.362553119659424,0.00779,0.00043,0.00188,0.00774,0.00001,0.00480,0.02265
1403715363.412553310394287,0.00687,0.00038,0.00032,0.00722,0.00001,0.00469,0.01950
1403715363.462554216384888,0.00625,0.00040,0.00143,0.00532,0.00001,0.00469,0.01810
1403715363.512555122375488,0.00601,0.00036,0.00055,0.00488,0.00848,0.00497,0.02525
1403715363.562556266784668,0.00686,0.00032,0.00075,0.00496,0.00058,0.00477,0.01825
1403715363.612556219100952,0.00694,0.00036,0.00032,0.00501,0.00741,0.00453,0.02457
1403715363.662555932998657,0.00621,0.00039,0.00022,0.00547,0.00042,0.00477,0.01749
1403715363.712556362152100,0.00609,0.00039,0.00220,0.00551,0.00996,0.00472,0.02886
1403715363.762557268142700,0.00733,0.00038,0.00061,0.00737,0.00403,0.00478,0.02450
1403715363.812557458877563,0.00624,0.00045,0.00073,0.00615,0.00001,0.00465,0.01823
1403715363.862557649612427,0.00608,0.00038,0.00517,0.00531,0.01013,0.00512,0.03221
1403715363.912557125091553,0.01024,0.00038,0.00035,0.00657,0.00068,0.00477,0.02298
1403715363.962556362152100,0.00725,0.00037,0.00733,0.00441,0.00677,0.00479,0.03092
1403715364.012556314468384,0.00623,0.00038,0.00091,0.00457,0.00001,0.00458,0.01667
1403715364.062556505203247,0.00765,0.00035,0.00043,0.00342,0.00034,0.00481,0.01700
1403715364.112556695938110,0.00928,0.00030,0.00037,0.00353,0.00056,0.00487,0.01891
1403715364.162557363510132,0.00678,0.00033,0.00083,0.00349,0.00765,0.00492,0.02400
1403715364.212557792663574,0.00656,0.00036,0.00023,0.00483,0.00317,0.00504,0.02019
1403715364.262557744979858,0.00699,0.00038,0.00126,0.00509,0.00057,0.00483,0.01913
1403715364.312559127807617,0.00635,0.00038,0.00106,0.00552,0.01406,0.00530,0.03267
1403715364.362560033798218,0.00676,0.00040,0.00010,0.00735,0.00001,0.00476,0.01937
1403715364.412561178207397,0.00623,0.00041,0.00089,0.00685,0.00001,0.00500,0.01939
1403715364.462563514709473,0.00819,0.00039,0.01425,0.00700,0.00790,0.00532,0.04307
1403715364.512563467025757,0.00611,0.00044,0.00010,0.00811,0.00001,0.00500,0.01976
1403715364.562563896179199,0.00640,0.00043,0.00630,0.00785,0.00001,0.00492,0.02591
1403715364.612563848495483,0.00875,0.00043,0.00452,0.00864,0.00058,0.00532,0.02824
1403715364.662562370300293,0.00686,0.00043,0.01756,0.00826,0.00001,0.00528,0.03841
1403715364.712562322616577,0.00644,0.00041,0.00168,0.00770,0.00000,0.00484,0.02107
1403715364.762562751770020,0.00629,0.00042,0.00078,0.00720,0.00115,0.00492,0.02075
1403715364.812563180923462,0.00619,0.00042,0.00081,0.00696,0.00037,0.00485,0.01960
1403715364.862563610076904,0.00607,0.00041,0.00094,0.00567,0.00004,0.00484,0.01798
1403715364.912563800811768,0.00794,0.00036,0.00055,0.00530,0.00197,0.00487,0.02099
1403715364.962564229965210,0.00674,0.00035,0.00045,0.00532,0.00001,0.00483,0.01769
1403715365.012564420700073,0.00664,0.00055,0.00068,0.00553,0.00001,0.00489,0.01830
1403715365.062564849853516,0.00618,0.00039,0.00614,0.00501,0.01706,0.00493,0.03971
1403715365.112565517425537,0.00617,0.00044,0.00094,0.00694,0.00001,0.00475,0.01925
1403715365.162565469741821,0.00807,0.00037,0.00034,0.00679,0.00527,0.00471,0.02556
1403715365.212566375732422,0.00572,0.00042,0.00188,0.00754,0.00326,0.00463,0.02345
1403715365.262567996978760,0.00874,0.00040,0.01396,0.00829,0.00224,0.00490,0.03852
1403715365.312568426132202,0.00742,0.00044,0.00182,0.00812,0.00001,0.00497,0.02278
1403715365.362569570541382,0.00635,0.00043,0.00033,0.00800,0.00001,0.00476,0.01987
1403715365.412569999694824,0.00620,0.00042,0.00022,0.00805,0.00085,0.00499,0.02075
1403715365.462568998336792,0.00661,0.00042,0.00887,0.00777,0.00205,0.00522,0.03093
1403715365.512567996978760,0.00631,0.00046,0.00078,0.00784,0.00120,0.00459,0.02117
1403715365.562568426132202,0.00646,0.00042,0.00020,0.00800,0.00001,0.00476,0.01985
1403715365.612567424774170,0.00613,0.00040,0.00089,0.00721,0.00001,0.00496,0.01960
1403715365.662567377090454,0.00621,0.00043,0.00353,0.00656,0.00572,0.00467,0.02713
1403715365.712566375732422,0.00791,0.00041,0.00035,0.00773,0.00001,0.00479,0.02120
1403715365.762565851211548,0.00616,0.00042,0.00004,0.00740,0.00001,0.00481,0.01884
1403715365.812565088272095,0.00586,0.00041,0.00959,0.00681,0.00563,0.00513,0.03343
1403715365.862564802169800,0.00612,0.00041,0.00962,0.00744,0.00497,0.00513,0.03368
1403715365.912565469741821,0.00813,0.00039,0.00024,0.00800,0.00211,0.00455,0.02342
1403715365.962566375732422,0.00683,0.00040,0.00018,0.00816,0.00001,0.00483,0.02043
1403715366.012567520141602,0.00655,0.00041,0.00019,0.00802,0.00001,0.00470,0.01987
1403715366.062569618225098,0.00661,0.00039,0.00255,0.00764,0.00726,0.00479,0.02924
1403715366.112571954727173,0.00662,0.00042,0.00004,0.00991,0.00001,0.00478,0.02178
1403715366.162572622299194,0.00652,0.00043,0.00004,0.00947,0.00001,0.00496,0.02142
1403715366.212573528289795,0.00637,0.00042,0.00004,0.00952,0.00001,0.00476,0.02112
1403715366.262572288513184,0.00814,0.00042,0.00447,0.00922,0.00001,0.00484,0.02709
1403715366.312571763992310,0.00629,0.00045,0.00004,0.00945,0.00001,0.00476,0.02100
1403715366.362569332122803,0.00609,0.00044,0.00024,0.00904,0.00001,0.00495,0.02076
1403715366.412567615509033,0.00618,0.00042,0.01318,0.00869,0.00040,0.00515,0.03402
1403715366.462565660476685,0.00614,0.00044,0.02419,0.00868,0.00213,0.00465,0.04623
1403715366.512564182281494,0.00608,0.00042,0.00026,0.00829,0.00002,0.00492,0.01999
1403715366.562564134597778,0.00587,0.00041,0.00013,0.00830,0.00005,0.00465,0.01941
1403715366.612564325332642,0.00612,0.00041,0.00008,0.00803,0.00001,0.00493,0.01957
1403715366.662563562393188,0.00603,0.00042,0.00004,0.01001,0.00618,0.00503,0.02770
1403715366.712563753128052,0.00645,0.00047,0.00068,0.00937,0.00005,0.00499,0.02201
1403715366.762562990188599,0.00628,0.00042,0.00004,0.00845,0.00001,0.00473,0.01992
1403715366.812562942504883,0.00727,0.00043,0.00004,0.00844,0.00001,0.00467,0.02085
1403715366.862562417984009,0.00619,0.00044,0.00100,0.00838,0.00394,0.00458,0.02452
1403715366.912561655044556,0.00598,0.00042,0.00092,0.00916,0.00001,0.00469,0.02119
1403715366.962561607360840,0.00626,0.00041,0.00004,0.00931,0.00001,0.00493,0.02096
1403715367.012561559677124,0.00595,0.00040,0.01161,0.00908,0.00038,0.00468,0.03211
1403715367.062561988830566,0.00603,0.00042,0.02220,0.01088,0.00207,0.00461,0.04621
1403715367.112561702728271,0.00593,0.00042,0.00089,0.00929,0.00001,0.00481,0.02136
1403715367.162561655044556,0.00611,0.00042,0.00172,0.00946,0.00001,0.00475,0.02248
1403715367.212561368942261,0.00595,0.00042,0.00019,0.00980,0.00001,0.00501,0.02139
1403715367.262561559677124,0.00602,0.00042,0.00018,0.00890,0.00001,0.00471,0.02023
1403715367.312561750411987,0.00599,0.00040,0.00003,0.00834,0.00038,0.00491,0.02005
1403715367.362561464309692,0.00666,0.00045,0.00066,0.00843,0.00002,0.00464,0.02086
1403715367.412561416625977,0.00599,0.00042,0.00020,0.00832,0.00047,0.00560,0.02100
1403715367.462561368942261,0.00603,0.00041,0.00003,0.00902,0.00148,0.00548,0.02246
1403715367.512561321258545,0.00585,0.00040,0.00112,0.00844,0.00001,0.00460,0.02042
1403715367.562561273574829,0.00585,0.00040,0.00029,0.00861,0.00001,0.00464,0.01981
1403715367.612561464309692,0.00589,0.00040,0.00955,0.00816,0.00415,0.00562,0.03377
1403715367.662561178207397,0.00594,0.00043,0.01878,0.00990,0.00001,0.00457,0.03963
1403715367.712561607360840,0.00577,0.00042,0.00087,0.00949,0.00001,0.00483,0.02139
1403715367.762561321258545,0.00591,0.00043,0.00003,0.00975,0.00001,0.00464,0.02076
1403715367.812561511993408,0.00565,0.00042,0.00016,0.00849,0.00001,0.00484,0.01957
1403715367.862561702728271,0.00777,0.00039,0.00014,0.00891,0.00002,0.00470,0.02195
1403715367.912561655044556,0.00800,0.00042,0.00034,0.00843,0.00243,0.00477,0.02439
1403715367.962561845779419,0.00655,0.00042,0.00018,0.00882,0.00001,0.00470,0.02068
1403715368.012560844421387,0.00656,0.00041,0.00066,0.00839,0.00001,0.00495,0.02097
1403715368.062561273574829,0.00649,0.00041,0.00014,0.00751,0.00001,0.00466,0.01921
1403715368.112561464309692,0.00630,0.00042,0.00098,0.00659,0.00001,0.00491,0.01921
1403715368.162561893463135,0.00625,0.00041,0.00020,0.00650,0.00005,0.00481,0.01821
1403715368.212563276290894,0.00602,0.00040,0.00458,0.00628,0.01237,0.00459,0.03425
1403715368.262563228607178,0.00657,0.00043,0.01629,0.00913,0.00232,0.00480,0.03954
1403715368.312563180923462,0.00618,0.00041,0.00004,0.01035,0.00001,0.00488,0.02185
1403715368.362562656402588,0.00624,0.00042,0.00004,0.00971,0.00001,0.00486,0.02127
1403715368.412562608718872,0.00614,0.00040,0.01687,0.00924,0.00001,0.00514,0.03779
1403715368.462562561035156,0.00737,0.00040,0.00087,0.00928,0.00001,0.00476,0.02269
1403715368.512561798095703,0.00603,0.00042,0.00019,0.00931,0.00049,0.00486,0.02130
1403715368.562561273574829,0.00612,0.00042,0.00008,0.00961,0.00001,0.00475,0.02099
1403715368.612560749053955,0.00779,0.00044,0.00004,0.00960,0.00001,0.00458,0.02245
1403715368.662560462951660,0.00614,0.00043,0.00004,0.00965,0.00001,0.00473,0.02099
1403715368.712560415267944,0.00599,0.00042,0.00004,0.00947,0.00001,0.00485,0.02077
1403715368.762560129165649,0.00897,0.00049,0.00283,0.00953,0.00001,0.00541,0.02724
1403715368.812560081481934,0.00758,0.00038,0.00448,0.00920,0.00203,0.00485,0.02852
1403715368.862560272216797,0.00594,0.00038,0.01670,0.00785,0.00048,0.00618,0.03753
1403715368.912559509277344,0.00732,0.00039,0.00029,0.00717,0.00001,0.00486,0.02004
1403715368.962558746337891,0.00676,0.00040,0.00049,0.00639,0.00001,0.00500,0.01905
1403715369.012557029724121,0.00745,0.00038,0.00556,0.00589,0.01619,0.00472,0.04020
1403715369.062555551528931,0.00577,0.00039,0.00054,0.00827,0.00119,0.00485,0.02101
1403715369.112555503845215,0.00575,0.00038,0.00011,0.00851,0.00001,0.00474,0.01950
1403715369.162554740905762,0.00776,0.00042,0.00063,0.00844,0.00001,0.00469,0.02195
1403715369.212553739547729,0.00583,0.00042,0.00075,0.00819,0.00001,0.00469,0.01989
1403715369.262553215026855,0.00596,0.00042,0.00142,0.00804,0.00001,0.00471,0.02056
1403715369.312551736831665,0.00782,0.00041,0.00025,0.00805,0.00050,0.00467,0.02170
1403715369.362549781799316,0.00567,0.00044,0.00227,0.00797,0.00200,0.00478,0.02311
1403715369.412549495697021,0.00717,0.00041,0.00325,0.00797,0.00004,0.00474,0.02358
1403715369.462548971176147,0.00624,0.00041,0.02164,0.00794,0.00267,0.00506,0.04396
1403715369.512549400329590,0.00603,0.00043,0.00019,0.00763,0.00001,0.00471,0.01899
1403715369.562550306320190,0.00621,0.00037,0.00099,0.00742,0.00006,0.00491,0.01997
1403715369.612551212310791,0.00603,0.00041,0.00065,0.00745,0.00225,0.00479,0.02158
1403715369.662551879882812,0.00629,0.00039,0.00091,0.00784,0.00001,0.00471,0.02015
1403715369.712552309036255,0.00600,0.00041,0.00076,0.00791,0.00001,0.00472,0.01979
1403715369.762552738189697,0.00613,0.00044,0.00019,0.00734,0.00044,0.00468,0.01921
1403715369.812552690505981,0.00548,0.00040,0.00003,0.00767,0.00001,0.00476,0.01836
1403715369.862552881240845,0.00778,0.00038,0.00012,0.00755,0.00001,0.00481,0.02065
1403715369.912553071975708,0.00598,0.00037,0.00003,0.00732,0.00001,0.00475,0.01847
1403715369.962553977966309,0.00611,0.00039,0.00908,0.00726,0.00952,0.00512,0.03748
1403715370.012554168701172,0.00581,0.00042,0.00188,0.00871,0.00048,0.00493,0.02224
1403715370.062553405761719,0.00596,0.00044,0.01995,0.00936,0.00001,0.00470,0.04043
1403715370.112552642822266,0.00580,0.00042,0.00003,0.00928,0.00001,0.00486,0.02041
1403715370.162552118301392,0.00599,0.00042,0.00342,0.00900,0.00001,0.00472,0.02356
1403715370.212551116943359,0.00581,0.00042,0.00003,0.00928,0.00001,0.00475,0.02030
1403715370.262550592422485,0.00599,0.00045,0.00004,0.00925,0.00001,0.00543,0.02115
1403715370.312550783157349,0.00598,0.00040,0.00048,0.00923,0.00001,0.00472,0.02082
1403715370.362549781799316,0.00591,0.00045,0.00004,0.00916,0.00001,0.00472,0.02028
1403715370.412549495697021,0.00742,0.00043,0.00004,0.00924,0.00001,0.00483,0.02196
1403715370.462548971176147,0.00601,0.00041,0.00024,0.00900,0.00001,0.00475,0.02043
1403715370.512548923492432,0.00582,0.00040,0.00067,0.00881,0.00001,0.00479,0.02052
1403715370.562548160552979,0.00589,0.00040,0.00667,0.00848,0.00394,0.00522,0.03060
1403715370.612547159194946,0.00571,0.00041,0.00175,0.00899,0.00001,0.00473,0.02160
1403715370.662545204162598,0.00583,0.00044,0.01859,0.01027,0.00053,0.00479,0.04046
1403715370.712544679641724,0.00572,0.00040,0.00003,0.00911,0.00001,0.00475,0.02002
1403715370.762543916702271,0.00599,0.00043,0.00168,0.00868,0.00203,0.00459,0.02340
1403715370.812543153762817,0.00670,0.00042,0.00024,0.00964,0.00001,0.00509,0.02210
1403715370.862543344497681,0.00709,0.00044,0.00007,0.01004,0.00001,0.00509,0.02275
1403715370.912543535232544,0.00562,0.00042,0.00051,0.00911,0.00001,0.00479,0.02044
1403715370.962542772293091,0.00701,0.00041,0.00003,0.00913,0.00001,0.00477,0.02137
1403715371.012542724609375,0.00588,0.00041,0.00003,0.00911,0.00001,0.00481,0.02025
1403715371.062542915344238,0.00575,0.00044,0.00004,0.00886,0.00001,0.00476,0.01986
1403715371.112542867660522,0.00632,0.00042,0.00004,0.00905,0.00001,0.00485,0.02069
1403715371.162542819976807,0.00623,0.00041,0.00607,0.00879,0.00205,0.00458,0.02814
1403715371.212543249130249,0.00593,0.00046,0.00004,0.00900,0.00204,0.00485,0.02232
1403715371.262544155120850,0.00609,0.00041,0.01713,0.00884,0.00001,0.00504,0.03752
1403715371.312545299530029,0.00768,0.00044,0.00040,0.00881,0.00001,0.00490,0.02225
1403715371.362546205520630,0.00642,0.00042,0.00768,0.00817,0.00243,0.00473,0.02986
1403715371.412548303604126,0.00641,0.00043,0.00014,0.00903,0.00001,0.00484,0.02085
1403715371.462550401687622,0.00646,0.00044,0.00033,0.00849,0.00002,0.00484,0.02058
1403715371.512551784515381,0.00765,0.00043,0.00057,0.00797,0.00001,0.00499,0.02162
1403715371.562553405761719,0.00653,0.00042,0.00146,0.00776,0.00004,0.00483,0.02105
1403715371.612553119659424,0.00610,0.00038,0.00018,0.00777,0.00005,0.00493,0.01940
1403715371.662552595138550,0.00771,0.00042,0.00087,0.00745,0.00001,0.00489,0.02135
1403715371.712551832199097,0.00618,0.00039,0.00103,0.00707,0.00001,0.00484,0.01951
1403715371.762551546096802,0.00621,0.00036,0.00009,0.00698,0.00711,0.00477,0.02552
1403715371.812551259994507,0.00600,0.00041,0.00145,0.00735,0.00001,0.00477,0.01998
1403715371.862551450729370,0.00605,0.00041,0.02501,0.00728,0.00964,0.00483,0.05322
1403715371.912552118301392,0.00568,0.00039,0.00021,0.00817,0.00002,0.00490,0.01938
1403715371.962552785873413,0.00581,0.00037,0.00205,0.00685,0.00763,0.00449,0.02720
1403715372.012552976608276,0.00702,0.00040,0.00122,0.00774,0.00045,0.00477,0.02160
1403715372.062552452087402,0.00762,0.00041,0.00024,0.00795,0.00001,0.00474,0.02097
1403715372.112552404403687,0.00556,0.00036,0.00003,0.00779,0.00001,0.00470,0.01845
1403715372.162552595138550,0.00577,0.00041,0.00061,0.00734,0.00001,0.00465,0.01879
1403715372.212552309036255,0.00709,0.00035,0.00019,0.00714,0.00186,0.00480,0.02142
1403715372.262551546096802,0.00665,0.00035,0.00004,0.00709,0.00001,0.00458,0.01871
1403715372.312551736831665,0.00604,0.00037,0.00063,0.00689,0.00001,0.00488,0.01882
1403715372.362551689147949,0.00565,0.00038,0.00071,0.00630,0.00001,0.00463,0.01767
1403715372.412550687789917,0.00598,0.00038,0.00141,0.00581,0.00041,0.00484,0.01884
1403715372.462550878524780,0.00675,0.00036,0.01431,0.00572,0.01411,0.00529,0.04654
1403715372.512551069259644,0.00606,0.00039,0.00038,0.00696,0.00068,0.00453,0.01899
1403715372.562551021575928,0.00588,0.00043,0.00536,0.00664,0.00646,0.00519,0.02997
1403715372.612551212310791,0.00662,0.00045,0.00088,0.00758,0.00001,0.00478,0.02032
1403715372.662551403045654,0.00567,0.00045,0.00008,0.00752,0.00001,0.00477,0.01850
1403715372.712551832199097,0.00641,0.00042,0.00132,0.00714,0.00043,0.00473,0.02044
1403715372.762551784515381,0.00711,0.00038,0.00018,0.00696,0.00001,0.00479,0.01944
1403715372.812552452087402,0.00660,0.00039,0.00258,0.00650,0.00702,0.00445,0.02755
1403715372.862552404403687,0.00629,0.00038,0.00087,0.00795,0.00001,0.00466,0.02015
1403715372.912552118301392,0.00720,0.00049,0.00140,0.00819,0.00001,0.00480,0.02209
1403715372.962552070617676,0.00655,0.00042,0.00023,0.00802,0.00002,0.00567,0.02091
1403715373.012551546096802,0.00574,0.00035,0.00555,0.00657,0.00861,0.00553,0.03236
1403715373.062551259994507,0.00583,0.00042,0.01187,0.00823,0.00004,0.00469,0.03109
1403715373.112551212310791,0.00595,0.00042,0.00043,0.00785,0.00001,0.00473,0.01941
1403715373.162551164627075,0.00686,0.00039,0.00019,0.00771,0.00576,0.00462,0.02553
1403715373.212551355361938,0.00597,0.00041,0.00107,0.00798,0.00002,0.00472,0.02017
1403715373.262551307678223,0.00592,0.00046,0.00350,0.00658,0.00396,0.00471,0.02513
1403715373.312551736831665,0.00572,0.00038,0.00003,0.00730,0.00001,0.00468,0.01813
1403715373.362551450729370,0.00585,0.00041,0.00060,0.00656,0.00375,0.00482,0.02199
1403715373.412550926208496,0.00584,0.00040,0.00111,0.00703,0.00412,0.00475,0.02327
1403715373.462550640106201,0.00693,0.00038,0.00375,0.00648,0.00538,0.00486,0.02779
1403715373.512549877166748,0.00625,0.00038,0.00029,0.00727,0.00005,0.00469,0.01893
1403715373.562549591064453,0.00619,0.00038,0.00085,0.00685,0.00000,0.00476,0.01904
1403715373.612548828125000,0.00627,0.00037,0.00031,0.00639,0.00696,0.00470,0.02500
1403715373.662546873092651,0.00596,0.00042,0.01152,0.00774,0.00298,0.00519,0.03383
1403715373.712545156478882,0.00659,0.00042,0.00847,0.00756,0.00220,0.00474,0.02997
1403715373.762543439865112,0.00717,0.00039,0.00079,0.00789,0.00002,0.00487,0.02113
1403715373.812541961669922,0.00619,0.00040,0.00114,0.00728,0.00043,0.00474,0.02019
1403715373.862540483474731,0.00726,0.00037,0.00130,0.00727,0.00035,0.00471,0.02127
1403715373.912539720535278,0.00602,0.00037,0.00056,0.00732,0.00001,0.00469,0.01897
1403715373.962539672851562,0.00583,0.00039,0.00028,0.00710,0.00002,0.00477,0.01839
1403715374.012539625167847,0.00586,0.00038,0.00616,0.00682,0.01067,0.00495,0.03484
1403715374.062540054321289,0.00748,0.00040,0.00129,0.00865,0.00001,0.00478,0.02260
1403715374.112540245056152,0.00637,0.00039,0.00116,0.00822,0.00001,0.00472,0.02086
1403715374.162541866302490,0.00595,0.00041,0.00003,0.00745,0.00001,0.00470,0.01854
1403715374.212541103363037,0.00625,0.00038,0.00116,0.00742,0.00040,0.00476,0.02035
1403715374.262539148330688,0.00631,0.00041,0.00872,0.00738,0.00617,0.00516,0.03415
1403715374.312538862228394,0.00598,0.00042,0.00578,0.00855,0.00031,0.00465,0.02569
1403715374.362540245056152,0.00587,0.00038,0.00080,0.00809,0.00001,0.00470,0.01985
1403715374.412539958953857,0.00656,0.00038,0.00166,0.00763,0.00001,0.00465,0.02088
1403715374.462540388107300,0.00589,0.00042,0.00019,0.00746,0.00082,0.00480,0.01958
1403715374.512541055679321,0.00573,0.00040,0.00133,0.00706,0.00045,0.00446,0.01944
1403715374.562542200088501,0.00614,0.00038,0.00060,0.00711,0.00112,0.00466,0.02001
1403715374.612544536590576,0.00646,0.00036,0.01261,0.00624,0.00419,0.00511,0.03496
1403715374.662543773651123,0.00666,0.00038,0.00036,0.00658,0.00001,0.00467,0.01867
1403715374.712543487548828,0.00589,0.00038,0.00080,0.00570,0.00041,0.00449,0.01767
1403715374.762542963027954,0.00572,0.00036,0.00046,0.00576,0.00038,0.00479,0.01747
1403715374.812542438507080,0.00594,0.00037,0.00148,0.00599,0.00040,0.00542,0.01961
1403715374.862540721893311,0.00590,0.00038,0.00019,0.00622,0.00558,0.00474,0.02301
1403715374.912540197372437,0.00596,0.00040,0.00052,0.00723,0.00465,0.00466,0.02343
1403715374.962539434432983,0.00817,0.00039,0.00457,0.00770,0.00467,0.00452,0.03002
1403715375.012539625167847,0.00668,0.00043,0.00076,0.00945,0.00001,0.00508,0.02240
1403715375.062540292739868,0.00580,0.00039,0.00094,0.00905,0.00040,0.00474,0.02132
1403715375.112540960311890,0.00586,0.00039,0.00587,0.00843,0.00202,0.00457,0.02715
1403715375.162538766860962,0.00588,0.00043,0.00518,0.00719,0.00001,0.00473,0.02342
1403715375.212534189224243,0.00633,0.00040,0.01220,0.00658,0.00267,0.00506,0.03325
1403715375.262532472610474,0.00599,0.00045,0.00057,0.00699,0.00091,0.00475,0.01966
1403715375.312526702880859,0.00577,0.00039,0.00023,0.00795,0.00047,0.00474,0.01955
1403715375.362523317337036,0.00601,0.00040,0.00080,0.00768,0.00001,0.00531,0.02021
1403715375.412523031234741,0.00643,0.00038,0.00027,0.00764,0.00001,0.00464,0.01937
1403715375.462521791458130,0.00596,0.00040,0.00024,0.00740,0.00047,0.00478,0.01924
1403715375.512517213821411,0.00775,0.00040,0.00190,0.00668,0.01265,0.00485,0.03424
1403715375.562516927719116,0.00593,0.00042,0.00119,0.00908,0.00001,0.00478,0.02140
1403715375.612516880035400,0.00609,0.00040,0.00069,0.00892,0.00076,0.00469,0.02154
1403715375.662517070770264,0.00590,0.00040,0.00067,0.00951,0.00001,0.00484,0.02131
1403715375.712517023086548,0.00588,0.00040,0.00445,0.00931,0.00002,0.00456,0.02462
1403715375.762516736984253,0.00602,0.00042,0.00107,0.00852,0.00001,0.00469,0.02073
1403715375.812516927719116,0.00599,0.00040,0.01114,0.00853,0.00001,0.00476,0.03082
1403715375.862515926361084,0.00620,0.00042,0.00044,0.00824,0.00046,0.00475,0.02052
1403715375.912515640258789,0.00611,0.00039,0.00101,0.00763,0.00011,0.00475,0.02001
1403715375.962517261505127,0.00612,0.00039,0.00292,0.00654,0.00758,0.00451,0.02806
1403715376.012518644332886,0.00592,0.00041,0.00069,0.00736,0.00071,0.00451,0.01960
1403715376.062519788742065,0.00742,0.00038,0.00104,0.00667,0.00073,0.00480,0.02104
1403715376.112520456314087,0.00582,0.00040,0.00015,0.00654,0.00213,0.00484,0.01987
1403715376.162521362304688,0.00586,0.00039,0.00048,0.00629,0.00518,0.00466,0.02287
1403715376.212521791458130,0.00598,0.00037,0.00042,0.00686,0.00041,0.00478,0.01882
1403715376.262519121170044,0.00647,0.00041,0.00094,0.00691,0.00009,0.00470,0.01952
1403715376.312517166137695,0.00644,0.00038,0.00250,0.00593,0.00359,0.00451,0.02336
1403715376.362515926361084,0.00686,0.00036,0.00036,0.00561,0.00001,0.00461,0.01780
1403715376.412516355514526,0.00642,0.00035,0.00585,0.00544,0.01201,0.00495,0.03501
1403715376.462518215179443,0.00612,0.00040,0.00066,0.00706,0.00058,0.00473,0.01955
1403715376.512520313262939,0.00615,0.00036,0.00026,0.00615,0.00234,0.00472,0.02000
1403715376.562521696090698,0.00596,0.00040,0.00082,0.00605,0.00396,0.00450,0.02169
1403715376.612522602081299,0.00812,0.00041,0.00044,0.00651,0.00191,0.00464,0.02203
1403715376.662522077560425,0.00649,0.00038,0.00022,0.00622,0.00267,0.00434,0.02031
1403715376.712519884109497,0.00698,0.00036,0.00033,0.00641,0.00382,0.00450,0.02239
1403715376.762518644332886,0.00603,0.00043,0.00036,0.00723,0.00113,0.00446,0.01964
1403715376.812517881393433,0.00599,0.00042,0.00421,0.00773,0.00048,0.00464,0.02347
1403715376.862518310546875,0.00679,0.00040,0.00481,0.00809,0.00044,0.00460,0.02513
1403715376.912519216537476,0.00601,0.00040,0.00048,0.00763,0.00404,0.00460,0.02315
1403715376.962519407272339,0.00712,0.00041,0.00059,0.00787,0.00001,0.00490,0.02088
1403715377.012518405914307,0.00751,0.00039,0.00723,0.00836,0.00050,0.00473,0.02872
1403715377.062516689300537,0.00691,0.00040,0.00047,0.00748,0.00299,0.00560,0.02386
1403715377.112516880035400,0.00742,0.00041,0.00054,0.00819,0.00091,0.00497,0.02244
1403715377.162517070770264,0.00749,0.00042,0.00043,0.00741,0.00070,0.00476,0.02122
1403715377.212517976760864,0.00741,0.00039,0.00049,0.00777,0.00233,0.00482,0.02322
1403715377.262517213821411,0.00645,0.00046,0.00079,0.00793,0.00046,0.00483,0.02092
1403715377.312517166137695,0.00638,0.00041,0.00063,0.00801,0.00045,0.00486,0.02074
1403715377.362516164779663,0.00602,0.00042,0.00071,0.00827,0.00001,0.00461,0.02004
1403715377.412516117095947,0.00723,0.00039,0.00061,0.00680,0.00309,0.00481,0.02293
1403715377.462516307830811,0.00639,0.00041,0.00487,0.00587,0.00097,0.00473,0.02324
1403715377.512516021728516,0.00592,0.00039,0.00280,0.00568,0.00543,0.00473,0.02496
1403715377.562516450881958,0.00720,0.00042,0.00269,0.00687,0.00483,0.00488,0.02690
1403715377.612517356872559,0.00659,0.00044,0.00682,0.00679,0.00078,0.00476,0.02619
1403715377.662516832351685,0.00638,0.00042,0.00054,0.00710,0.00146,0.00474,0.02064
1403715377.712516784667969,0.00867,0.00043,0.00059,0.00704,0.00074,0.00451,0.02197
1403715377.762516975402832,0.00617,0.00043,0.00548,0.00692,0.00036,0.00475,0.02411
1403715377.812516927719116,0.00613,0.00043,0.00080,0.00577,0.00099,0.00454,0.01866
1403715377.862516880035400,0.00749,0.00040,0.00125,0.00538,0.00002,0.00487,0.01940
1403715377.912516832351685,0.00648,0.00039,0.00081,0.00485,0.00099,0.00473,0.01826
1403715377.962516546249390,0.00635,0.00034,0.00052,0.00509,0.01075,0.00472,0.02777
1403715378.012516736984253,0.00611,0.00040,0.00003,0.00685,0.00001,0.00468,0.01809
1403715378.062517166137695,0.00625,0.00041,0.00285,0.00568,0.00152,0.00496,0.02166
1403715378.112518072128296,0.00777,0.00038,0.00620,0.00550,0.00760,0.00486,0.03231
1403715378.162518024444580,0.00651,0.00040,0.00077,0.00564,0.00346,0.00501,0.02179
1403715378.212517261505127,0.00653,0.00041,0.00573,0.00531,0.00196,0.00451,0.02445
1403715378.262516975402832,0.00848,0.00040,0.00041,0.00537,0.00038,0.00491,0.01996
1403715378.312516927719116,0.00629,0.00041,0.00117,0.00477,0.00084,0.00476,0.01824
1403715378.362516880035400,0.00616,0.00039,0.00066,0.00545,0.00564,0.00475,0.02305
1403715378.412516117095947,0.00762,0.00040,0.00594,0.00530,0.00412,0.00486,0.02824
1403715378.462515115737915,0.00647,0.00038,0.00091,0.00513,0.00001,0.00487,0.01776
1403715378.512513399124146,0.00641,0.00038,0.00112,0.00502,0.00093,0.00482,0.01868
1403715378.562512636184692,0.00620,0.00037,0.00003,0.00566,0.00001,0.00483,0.01709
1403715378.612511873245239,0.00633,0.00037,0.00023,0.00517,0.00001,0.00483,0.01694
1403715378.662510871887207,0.00634,0.00039,0.00712,0.00529,0.01416,0.00538,0.03868
1403715378.712510108947754,0.00616,0.00042,0.00480,0.00671,0.00158,0.00456,0.02425
1403715378.762510299682617,0.00609,0.00044,0.00004,0.00760,0.00203,0.00481,0.02101
1403715378.812510490417480,0.00774,0.00044,0.00365,0.00742,0.00001,0.00468,0.02394
1403715378.862510442733765,0.00622,0.00044,0.00004,0.00765,0.00001,0.00476,0.01912
1403715378.912510156631470,0.00579,0.00043,0.00186,0.00745,0.00048,0.00489,0.02090
1403715378.962509632110596,0.00837,0.00040,0.01573,0.00764,0.00001,0.00505,0.03721
1403715379.012508392333984,0.00643,0.00037,0.00469,0.00755,0.00001,0.00476,0.02381
1403715379.062508344650269,0.00630,0.00042,0.00023,0.00731,0.00001,0.00477,0.01903
1403715379.112508296966553,0.00629,0.00042,0.00009,0.00727,0.00001,0.00468,0.01875
1403715379.162508010864258,0.00667,0.00044,0.00068,0.00678,0.00047,0.00552,0.02056
1403715379.212507724761963,0.01557,0.00045,0.00011,0.00817,0.00001,0.00573,0.03005
1403715379.262508392333984,0.01125,0.00044,0.00642,0.00791,0.00551,0.00618,0.03771
1403715379.312508106231689,0.00773,0.00047,0.00351,0.00891,0.00215,0.00552,0.02830
1403715379.362508058547974,0.01538,0.00048,0.00065,0.00727,0.00001,0.00510,0.02889
1403715379.412508249282837,0.00912,0.00048,0.00304,0.00658,0.00077,0.00471,0.02469
1403715379.462509155273438,0.00602,0.00040,0.00025,0.00717,0.00048,0.00501,0.01934
1403715379.512509584426880,0.00603,0.00042,0.00637,0.00694,0.00120,0.00485,0.02581
1403715379.562509775161743,0.00603,0.00043,0.01478,0.00753,0.00001,0.00516,0.03394
1403715379.612510204315186,0.00614,0.00042,0.00578,0.00681,0.00046,0.00473,0.02434
1403715379.662510156631470,0.00599,0.00045,0.00004,0.00731,0.00001,0.00453,0.01833
1403715379.712509870529175,0.00820,0.00042,0.00022,0.00663,0.00001,0.00483,0.02032
1403715379.762509584426880,0.00684,0.00040,0.00030,0.00624,0.00001,0.00499,0.01878
1403715379.812508583068848,0.00671,0.00041,0.00117,0.00541,0.00042,0.00485,0.01896
1403715379.862508058547974,0.00648,0.00037,0.00095,0.00536,0.00641,0.00491,0.02448
1403715379.912507534027100,0.00804,0.00039,0.00060,0.00560,0.00229,0.00479,0.02171
1403715379.962507486343384,0.00636,0.00042,0.00079,0.00569,0.00001,0.00476,0.01802
1403715380.012507438659668,0.00633,0.00040,0.00136,0.00548,0.00378,0.00484,0.02220
1403715380.062507152557373,0.00645,0.00040,0.00082,0.00647,0.00047,0.00489,0.01949
1403715380.112505912780762,0.00624,0.00040,0.00281,0.00613,0.00128,0.00447,0.02134
1403715380.162504434585571,0.00610,0.00043,0.01318,0.00666,0.00201,0.00583,0.03421
1403715380.212502241134644,0.00625,0.00042,0.00578,0.00679,0.00078,0.00465,0.02467
1403715380.262501239776611,0.00607,0.00043,0.01420,0.00693,0.00199,0.00513,0.03474
1403715380.312501668930054,0.00607,0.00043,0.00023,0.00764,0.00002,0.00535,0.01975
1403715380.362501621246338,0.00597,0.00042,0.00049,0.00657,0.00044,0.00475,0.01865
1403715380.412501573562622,0.00813,0.00044,0.00024,0.00653,0.00045,0.00506,0.02085
1403715380.462501764297485,0.00826,0.00038,0.00047,0.00624,0.00117,0.00496,0.02149
1403715380.512501955032349,0.00667,0.00042,0.00118,0.00584,0.00044,0.00482,0.01937
1403715380.562502145767212,0.00656,0.00039,0.00018,0.00585,0.00043,0.00503,0.01844
1403715380.612502574920654,0.00661,0.00041,0.00108,0.00573,0.00137,0.00495,0.02015
1403715380.662502527236938,0.00631,0.00039,0.00124,0.00484,0.00002,0.00484,0.01765
1403715380.712502956390381,0.00641,0.00040,0.00072,0.00451,0.00414,0.00482,0.02101
1403715380.762502908706665,0.00647,0.00038,0.00870,0.00464,0.00747,0.00479,0.03246
1403715380.812503337860107,0.00819,0.00038,0.00505,0.00502,0.00061,0.00487,0.02411
1403715380.862503051757812,0.00675,0.00038,0.00716,0.00508,0.00895,0.00491,0.03324
1403715380.912503719329834,0.00652,0.00039,0.00149,0.00570,0.00043,0.00498,0.01952
1403715380.962503433227539,0.00641,0.00041,0.01221,0.00505,0.00602,0.00494,0.03505
1403715381.012503147125244,0.00780,0.00040,0.00087,0.00578,0.00000,0.00485,0.01970
1403715381.062502384185791,0.00646,0.00039,0.00042,0.00528,0.00143,0.00452,0.01851
1403715381.112500667572021,0.00646,0.00039,0.00045,0.00552,0.00073,0.00488,0.01843
1403715381.162500381469727,0.00625,0.00038,0.00052,0.00558,0.00042,0.00489,0.01803
1403715381.212499618530273,0.00609,0.00037,0.00026,0.00551,0.00035,0.00468,0.01727
1403715381.262500762939453,0.00626,0.00038,0.00003,0.00507,0.00001,0.00489,0.01665
1403715381.312500238418579,0.00630,0.00037,0.00094,0.00461,0.00002,0.00487,0.01710
1403715381.362498521804810,0.00612,0.00038,0.00847,0.00437,0.01574,0.00450,0.03958
1403715381.412498950958252,0.00813,0.00041,0.00549,0.00908,0.00039,0.00523,0.02872
1403715381.462499141693115,0.00803,0.00042,0.00594,0.00707,0.00713,0.00521,0.03380
1403715381.512499332427979,0.00717,0.00040,0.00125,0.00716,0.00002,0.00481,0.02082
1403715381.562499284744263,0.01024,0.00039,0.01177,0.00571,0.00241,0.00520,0.03571
1403715381.612499237060547,0.00691,0.00041,0.00097,0.00563,0.00042,0.00483,0.01916
1403715381.662499427795410,0.00694,0.00039,0.00073,0.00586,0.00106,0.00486,0.01983
1403715381.712499856948853,0.00704,0.00037,0.00055,0.00605,0.00038,0.00496,0.01935
1403715381.762499809265137,0.00720,0.00036,0.00067,0.00605,0.00108,0.00478,0.02014
1403715381.812500953674316,0.00686,0.00040,0.00071,0.00600,0.00140,0.00500,0.02038
1403715381.862501382827759,0.00686,0.00039,0.00087,0.00609,0.00002,0.00499,0.01922
1403715381.912500858306885,0.00666,0.00036,0.00136,0.00558,0.00038,0.00498,0.01932
1403715381.962501049041748,0.00664,0.00036,0.00876,0.00628,0.01498,0.00509,0.04212
1403715382.012500762939453,0.00662,0.00041,0.00363,0.00684,0.00036,0.00483,0.02269
1403715382.062501192092896,0.00679,0.00044,0.00262,0.00652,0.00583,0.00483,0.02703
1403715382.112501144409180,0.00789,0.00043,0.01483,0.00795,0.00233,0.00472,0.03815
1403715382.162502765655518,0.00685,0.00044,0.01075,0.00791,0.00024,0.00487,0.03106
1403715382.212502956390381,0.00656,0.00042,0.00003,0.00804,0.00001,0.00475,0.01980
1403715382.262503147125244,0.00670,0.00044,0.00009,0.00816,0.00114,0.00488,0.02141
1403715382.312503576278687,0.00678,0.00056,0.00004,0.00840,0.00001,0.00481,0.02059
1403715382.362503290176392,0.00676,0.00044,0.00073,0.00814,0.00001,0.00486,0.02094
1403715382.412503242492676,0.00674,0.00040,0.00064,0.00789,0.00001,0.00481,0.02049
1403715382.462502002716064,0.00650,0.00042,0.00234,0.00785,0.00144,0.00487,0.02342
1403715382.512501478195190,0.00635,0.00044,0.00004,0.00937,0.00125,0.00509,0.02253
1403715382.562500715255737,0.00646,0.00044,0.00810,0.00860,0.00001,0.00505,0.02866
1403715382.612500429153442,0.00658,0.00043,0.00283,0.00877,0.00001,0.00477,0.02338
1403715382.662500143051147,0.00830,0.00043,0.00263,0.00846,0.00001,0.00468,0.02451
1403715382.712500095367432,0.00622,0.00042,0.01219,0.00827,0.00208,0.00498,0.03417
1403715382.762500524520874,0.00780,0.00041,0.01066,0.00844,0.00001,0.00485,0.03217
1403715382.812500476837158,0.00674,0.00043,0.00048,0.00829,0.00051,0.00475,0.02121
1403715382.862500905990601,0.00693,0.00044,0.00036,0.00837,0.00050,0.00488,0.02148
1403715382.912502050399780,0.00654,0.00042,0.00004,0.00850,0.00001,0.00493,0.02043
1403715382.962502241134644,0.00669,0.00042,0.00046,0.00837,0.00001,0.00481,0.02074
1403715383.012502193450928,0.00653,0.00042,0.00067,0.00812,0.00002,0.00508,0.02084
1403715383.062502861022949,0.00626,0.00041,0.00004,0.00795,0.00001,0.00557,0.02024
1403715383.112502574920654,0.00677,0.00040,0.00094,0.00783,0.00045,0.00474,0.02113
1403715383.162504434585571,0.00662,0.00042,0.00579,0.00808,0.00232,0.00469,0.02792
1403715383.212505578994751,0.00803,0.00043,0.00209,0.00860,0.00001,0.00487,0.02403
1403715383.262504816055298,0.00632,0.00042,0.00246,0.00762,0.00001,0.00472,0.02156
1403715383.312503814697266,0.00647,0.00041,0.02776,0.00758,0.00001,0.00519,0.04742
1403715383.362504243850708,0.00621,0.00045,0.01039,0.00698,0.00088,0.00499,0.02990
1403715383.412503957748413,0.00635,0.00040,0.00060,0.00765,0.00001,0.00485,0.01985
1403715383.462503910064697,0.00608,0.00038,0.00019,0.00763,0.00044,0.00494,0.01967
1403715383.512503385543823,0.00855,0.00053,0.00035,0.00798,0.00001,0.00533,0.02275
1403715383.562503337860107,0.00660,0.00039,0.00004,0.00862,0.00001,0.00543,0.02110
1403715383.612503290176392,0.00682,0.00039,0.00256,0.00697,0.00111,0.00611,0.02396
1403715383.662503480911255,0.00613,0.00041,0.00004,0.00731,0.00001,0.00487,0.01877
1403715383.712504386901855,0.00620,0.00040,0.00021,0.00699,0.00044,0.00463,0.01887
1403715383.762505292892456,0.00777,0.00040,0.00403,0.00693,0.00394,0.00454,0.02762
1403715383.812506198883057,0.00605,0.00042,0.00128,0.00787,0.00049,0.00454,0.02065
1403715383.862507581710815,0.00602,0.00042,0.00245,0.00810,0.00001,0.00481,0.02181
1403715383.912509679794312,0.00604,0.00043,0.02127,0.00840,0.00001,0.00475,0.04089
1403715383.962510824203491,0.00604,0.00042,0.01056,0.00791,0.00001,0.00463,0.02957
1403715384.012511014938354,0.00615,0.00044,0.00003,0.00817,0.00001,0.00475,0.01954
1403715384.062511682510376,0.00625,0.00045,0.00032,0.00748,0.00002,0.00480,0.01932
1403715384.112511396408081,0.00618,0.00040,0.00008,0.00739,0.00001,0.00468,0.01874
1403715384.162511110305786,0.00599,0.00041,0.00039,0.00695,0.00045,0.00579,0.01998
1403715384.212511539459229,0.00621,0.00040,0.00071,0.00726,0.00115,0.00459,0.02031
1403715384.262511968612671,0.00873,0.00036,0.00045,0.00737,0.00001,0.00498,0.02190
1403715384.312513113021851,0.00839,0.00045,0.00106,0.00736,0.00001,0.00502,0.02228
1403715384.362513780593872,0.00741,0.00039,0.00189,0.00713,0.00301,0.00488,0.02471
1403715384.412514686584473,0.00731,0.00042,0.00110,0.00742,0.00117,0.00499,0.02240
1403715384.462514638900757,0.00704,0.00040,0.00103,0.00724,0.00196,0.00501,0.02268
1403715384.512515068054199,0.00663,0.00041,0.01736,0.00741,0.00117,0.00500,0.03797
1403715384.562513828277588,0.00703,0.00040,0.00933,0.00758,0.00118,0.00531,0.03082
1403715384.612514019012451,0.00677,0.00040,0.00028,0.00817,0.00001,0.00513,0.02076
1403715384.662513732910156,0.00699,0.00042,0.00022,0.00745,0.00002,0.00496,0.02006
1403715384.712513923645020,0.00682,0.00040,0.00004,0.00745,0.00001,0.00578,0.02050
1403715384.762513875961304,0.00667,0.00040,0.00153,0.00720,0.00045,0.00503,0.02129
1403715384.812513828277588,0.00654,0.00040,0.01814,0.00715,0.00239,0.00498,0.03959
1403715384.862514019012451,0.00830,0.00038,0.00071,0.00763,0.00001,0.00482,0.02185
1403715384.912514448165894,0.00642,0.00039,0.00078,0.00664,0.00001,0.00482,0.01906
1403715384.962513923645020,0.00620,0.00041,0.00092,0.00650,0.00213,0.00483,0.02099
1403715385.012513875961304,0.00666,0.00039,0.00084,0.00666,0.00001,0.00484,0.01940
1403715385.062514305114746,0.00629,0.00036,0.00101,0.00640,0.00110,0.00466,0.01983
1403715385.112515211105347,0.00597,0.00038,0.01248,0.00657,0.00688,0.00600,0.03828
1403715385.162517547607422,0.00759,0.00044,0.00697,0.00807,0.00048,0.00486,0.02841
1403715385.212519407272339,0.00593,0.00042,0.00022,0.00808,0.00001,0.00482,0.01948
1403715385.262519359588623,0.00753,0.00042,0.00003,0.00767,0.00001,0.00497,0.02062
1403715385.312519311904907,0.00632,0.00041,0.00014,0.00754,0.00001,0.00468,0.01909
1403715385.362519025802612,0.00583,0.00040,0.00024,0.00699,0.00001,0.00485,0.01831
1403715385.412518978118896,0.00734,0.00040,0.01235,0.00684,0.00375,0.00470,0.03538
1403715385.462518930435181,0.00591,0.00040,0.00003,0.00785,0.00001,0.00485,0.01906
1403715385.512519121170044,0.00603,0.00041,0.00003,0.00782,0.00001,0.00483,0.01913
1403715385.562518119812012,0.00611,0.00044,0.00004,0.00776,0.00001,0.00483,0.01918
1403715385.612517833709717,0.00685,0.00047,0.00004,0.00851,0.00001,0.00511,0.02099
1403715385.662517786026001,0.00605,0.00042,0.00004,0.00851,0.00001,0.00480,0.01982
1403715385.712517023086548,0.00590,0.00042,0.01017,0.00747,0.00553,0.00516,0.03465
1403715385.762516975402832,0.00606,0.00040,0.00748,0.00819,0.00001,0.00479,0.02693
1403715385.812516927719116,0.00598,0.00041,0.00019,0.00878,0.00003,0.00501,0.02040
1403715385.862516403198242,0.00604,0.00042,0.00019,0.00754,0.00045,0.00490,0.01954
1403715385.912516117095947,0.00803,0.00040,0.00043,0.00731,0.00073,0.00491,0.02181
1403715385.962514400482178,0.00811,0.00041,0.00037,0.00716,0.00046,0.00494,0.02145
1403715386.012510299682617,0.00677,0.00043,0.01213,0.00694,0.00196,0.00534,0.03358
1403715386.062508344650269,0.00663,0.00042,0.00088,0.00686,0.00043,0.00459,0.01980
1403715386.112505912780762,0.00667,0.00041,0.00004,0.00731,0.00001,0.00477,0.01920
1403715386.162505626678467,0.00662,0.00040,0.00004,0.00728,0.00001,0.00486,0.01920
1403715386.212505817413330,0.00631,0.00039,0.00052,0.00723,0.00001,0.00484,0.01931
1403715386.262505054473877,0.00664,0.00042,0.00075,0.00710,0.00001,0.00488,0.01980
1403715386.312505722045898,0.00639,0.00040,0.00541,0.00673,0.01127,0.00519,0.03539
1403715386.362505912780762,0.00649,0.00047,0.00807,0.00811,0.00120,0.00503,0.02937
1403715386.412504911422729,0.00656,0.00042,0.00108,0.00857,0.00002,0.00491,0.02158
1403715386.462503194808960,0.00641,0.00044,0.00997,0.00739,0.00223,0.00584,0.03228
1403715386.512501716613770,0.00762,0.00042,0.00018,0.00801,0.00047,0.00497,0.02167
1403715386.562502145767212,0.00635,0.00041,0.00030,0.00797,0.00001,0.00481,0.01984
1403715386.612502813339233,0.00626,0.00038,0.01229,0.00756,0.00487,0.00483,0.03619
1403715386.662501811981201,0.00627,0.00042,0.00028,0.00815,0.00001,0.00494,0.02007
1403715386.712502241134644,0.00621,0.00041,0.00003,0.00806,0.00001,0.00475,0.01947
1403715386.762504816055298,0.00633,0.00038,0.00011,0.00772,0.00001,0.00470,0.01924
1403715386.812506437301636,0.00634,0.00038,0.00021,0.00771,0.00001,0.00488,0.01952
1403715386.862508296966553,0.00621,0.00039,0.00014,0.00729,0.00044,0.00466,0.01913
1403715386.912509441375732,0.00646,0.00038,0.00004,0.00756,0.00716,0.00498,0.02658
1403715386.962510108947754,0.00629,0.00043,0.00683,0.00866,0.00250,0.00466,0.02937
1403715387.012510299682617,0.00634,0.00042,0.00146,0.00939,0.00001,0.00483,0.02244
1403715387.062510728836060,0.00757,0.00042,0.01832,0.01004,0.00001,0.00497,0.04132
1403715387.112510919570923,0.00762,0.00041,0.00017,0.00827,0.00001,0.00468,0.02116
1403715387.162509918212891,0.00628,0.00041,0.00027,0.00788,0.00001,0.00480,0.01964
1403715387.212508440017700,0.00646,0.00040,0.01183,0.00756,0.00614,0.00445,0.03684
1403715387.262508153915405,0.00617,0.00040,0.00015,0.00844,0.00001,0.00465,0.01981
1403715387.312508583068848,0.00615,0.00042,0.00018,0.00798,0.00001,0.00480,0.01954
1403715387.362508296966553,0.00618,0.00039,0.00063,0.00715,0.00069,0.00477,0.01982
1403715387.412508726119995,0.00604,0.00040,0.00022,0.00741,0.00044,0.00459,0.01911
1403715387.462508678436279,0.00725,0.00042,0.00033,0.00699,0.00002,0.00538,0.02038
1403715387.512509107589722,0.00658,0.00038,0.00015,0.00671,0.00001,0.00479,0.01862
1403715387.562509775161743,0.00763,0.00036,0.00024,0.00609,0.00965,0.00511,0.02907
1403715387.612510442733765,0.00808,0.00041,0.00037,0.00705,0.00204,0.00480,0.02275
1403715387.662512063980103,0.00658,0.00042,0.01630,0.00843,0.00615,0.00570,0.04358
1403715387.712513685226440,0.01177,0.00045,0.00018,0.00870,0.00003,0.00567,0.02682
1403715387.762513637542725,0.00899,0.00049,0.00034,0.00908,0.00001,0.00532,0.02423
1403715387.812515974044800,0.00719,0.00046,0.01164,0.00881,0.00826,0.00547,0.04183
1403715387.862516164779663,0.00869,0.00056,0.00070,0.00989,0.00054,0.00679,0.02717
1403715387.912516355514526,0.01055,0.00071,0.00086,0.01138,0.00002,0.00634,0.02985
1403715387.962516307830811,0.00680,0.00041,0.00101,0.00699,0.00001,0.00511,0.02032
1403715388.012516736984253,0.00678,0.00040,0.00595,0.00711,0.00551,0.00526,0.03100
1403715388.062517166137695,0.00655,0.00043,0.00070,0.00718,0.00047,0.00498,0.02031
1403715388.112518072128296,0.00655,0.00042,0.01057,0.00679,0.00117,0.00522,0.03071
1403715388.162518024444580,0.00751,0.00045,0.00085,0.00664,0.00001,0.00486,0.02032
1403715388.212517499923706,0.00674,0.00038,0.00071,0.00649,0.00001,0.00477,0.01909
1403715388.262517929077148,0.00622,0.00041,0.01288,0.00555,0.00706,0.00485,0.03697
1403715388.312519788742065,0.00610,0.00040,0.00022,0.00670,0.00114,0.00493,0.01949
1403715388.362519502639771,0.00692,0.00037,0.00038,0.00506,0.00040,0.00456,0.01769
1403715388.412520647048950,0.00610,0.00038,0.00563,0.00439,0.00989,0.00498,0.03137
1403715388.462520837783813,0.00599,0.00040,0.00934,0.00580,0.00617,0.00558,0.03329
1403715388.512521743774414,0.00635,0.00039,0.00003,0.00712,0.00001,0.00472,0.01862
1403715388.562522172927856,0.00647,0.00038,0.00044,0.00590,0.00005,0.00485,0.01809
1403715388.612522840499878,0.00615,0.00038,0.00144,0.00585,0.00628,0.00461,0.02472
1403715388.662522554397583,0.00605,0.00040,0.00020,0.00678,0.00046,0.00487,0.01877
1403715388.712522745132446,0.00780,0.00042,0.01006,0.00717,0.00117,0.00512,0.03174
1403715388.762522935867310,0.00624,0.00046,0.00014,0.00671,0.00001,0.00470,0.01826
1403715388.812522888183594,0.00591,0.00040,0.00067,0.00589,0.00001,0.00483,0.01770
1403715388.862523078918457,0.00629,0.00041,0.00765,0.00544,0.00705,0.00490,0.03174
1403715388.912523031234741,0.00648,0.00040,0.00629,0.00656,0.00296,0.00461,0.02730
1403715388.962522506713867,0.00640,0.00041,0.00094,0.00628,0.00002,0.00477,0.01882
1403715389.012522220611572,0.00612,0.00039,0.00323,0.00616,0.00381,0.00484,0.02455
1403715389.062522649765015,0.00612,0.00040,0.00705,0.00648,0.00077,0.00475,0.02556
1403715389.112522840499878,0.00659,0.00042,0.00392,0.00737,0.00198,0.00493,0.02522
1403715389.162522554397583,0.00594,0.00042,0.00243,0.00660,0.00004,0.00481,0.02023
1403715389.212522745132446,0.00579,0.00044,0.00019,0.00673,0.00208,0.00474,0.01998
1403715389.262522697448730,0.00803,0.00040,0.00004,0.00708,0.00001,0.00488,0.02044
1403715389.312522411346436,0.00611,0.00038,0.00791,0.00662,0.00305,0.00478,0.02883
1403715389.362522840499878,0.00600,0.00041,0.00032,0.00668,0.00001,0.00483,0.01825
1403715389.412522077560425,0.00813,0.00043,0.00184,0.00656,0.00529,0.00480,0.02704
1403715389.462521314620972,0.00603,0.00043,0.00888,0.00692,0.00001,0.00489,0.02715
1403715389.512520790100098,0.00626,0.00042,0.00653,0.00669,0.00198,0.00495,0.02683
1403715389.562520742416382,0.00628,0.00044,0.00165,0.00714,0.00062,0.00482,0.02094
1403715389.612520456314087,0.00609,0.00041,0.00255,0.00671,0.00028,0.00452,0.02057
1403715389.662519216537476,0.00645,0.00039,0.00791,0.00653,0.00138,0.00587,0.02854
1403715389.712519168853760,0.00590,0.00041,0.00146,0.00667,0.00398,0.00452,0.02296
1403715389.762518644332886,0.00606,0.00041,0.00168,0.00706,0.00001,0.00471,0.01992
1403715389.812518119812012,0.00663,0.00046,0.00474,0.00700,0.00001,0.00458,0.02341
1403715389.862517595291138,0.00595,0.00043,0.00028,0.00708,0.00047,0.00475,0.01896
1403715389.912516832351685,0.00615,0.00039,0.00648,0.00692,0.00199,0.00470,0.02663
1403715389.962516546249390,0.00845,0.00046,0.00671,0.00806,0.00001,0.00532,0.02901
1403715390.012517452239990,0.00702,0.00039,0.00157,0.00783,0.00061,0.00487,0.02229
1403715390.062517404556274,0.00617,0.00041,0.00849,0.00719,0.00001,0.00493,0.02720
1403715390.112516641616821,0.00780,0.00042,0.00778,0.00677,0.00001,0.00478,0.02757
1403715390.162516593933105,0.00710,0.00037,0.00022,0.00682,0.00148,0.00451,0.02050
1403715390.212517261505127,0.00620,0.00040,0.00533,0.00683,0.00118,0.00494,0.02487
1403715390.262517452239990,0.00603,0.00040,0.00751,0.00669,0.00001,0.00534,0.02598
1403715390.312519073486328,0.00627,0.00042,0.00025,0.00677,0.00046,0.00485,0.01902
1403715390.362519741058350,0.00623,0.00041,0.00054,0.00644,0.00192,0.00475,0.02030
1403715390.412519693374634,0.00723,0.00039,0.00004,0.00663,0.00568,0.00482,0.02478
1403715390.462520360946655,0.00665,0.00042,0.00128,0.00713,0.00048,0.00469,0.02066
1403715390.512520551681519,0.00722,0.00045,0.00784,0.00680,0.00202,0.00496,0.02929
1403715390.562521219253540,0.00637,0.00041,0.00385,0.00719,0.00001,0.00480,0.02262
1403715390.612521171569824,0.00624,0.00041,0.00217,0.00722,0.00046,0.00486,0.02137
1403715390.662521362304688,0.00800,0.00042,0.00739,0.00712,0.00200,0.00483,0.02977
1403715390.712521314620972,0.00605,0.00042,0.01061,0.00741,0.00001,0.00477,0.02926
1403715390.762521266937256,0.00598,0.00043,0.00022,0.00692,0.00050,0.00473,0.01879
1403715390.812522411346436,0.00605,0.00040,0.00494,0.00675,0.00119,0.00490,0.02422
1403715390.862524271011353,0.00596,0.00043,0.00336,0.00685,0.00116,0.00471,0.02248
1403715390.912524938583374,0.00589,0.00043,0.00026,0.00713,0.00051,0.00477,0.01898
1403715390.962525606155396,0.00590,0.00042,0.00811,0.00683,0.00204,0.00479,0.02808
1403715391.012525558471680,0.00598,0.00043,0.00018,0.00748,0.00002,0.00472,0.01882
1403715391.062526226043701,0.00583,0.00041,0.00025,0.00757,0.00219,0.00488,0.02113
1403715391.112526416778564,0.00710,0.00042,0.00769,0.00692,0.00001,0.00471,0.02684
1403715391.162526607513428,0.00617,0.00041,0.00068,0.00668,0.00031,0.00484,0.01908
1403715391.212526559829712,0.00744,0.00040,0.00016,0.00666,0.00046,0.00486,0.01997
1403715391.262526750564575,0.00603,0.00040,0.00487,0.00643,0.00583,0.00447,0.02803
1403715391.312527179718018,0.00701,0.00039,0.00811,0.00749,0.00001,0.00478,0.02779
1403715391.362526655197144,0.00605,0.00040,0.00036,0.00739,0.00048,0.00493,0.01961
1403715391.412526369094849,0.00606,0.00037,0.00428,0.00721,0.00201,0.00471,0.02464
1403715391.462526321411133,0.00670,0.00042,0.00431,0.00734,0.00001,0.00476,0.02354
1403715391.512525796890259,0.00610,0.00040,0.00020,0.00741,0.00047,0.00478,0.01936
1403715391.562526464462280,0.00613,0.00042,0.00734,0.00672,0.00001,0.00486,0.02547
1403715391.612527132034302,0.00613,0.00040,0.00027,0.00672,0.00113,0.00562,0.02028
1403715391.662527322769165,0.00601,0.00038,0.00866,0.00664,0.00419,0.00450,0.03039
1403715391.712527751922607,0.00690,0.00038,0.00582,0.00730,0.00001,0.00484,0.02525
1403715391.762528181076050,0.00776,0.00043,0.00111,0.00719,0.00001,0.00479,0.02128
1403715391.812528371810913,0.00630,0.00042,0.00045,0.00703,0.00044,0.00472,0.01938
1403715391.862527608871460,0.00694,0.00040,0.00677,0.00646,0.00197,0.00488,0.02742
1403715391.912527561187744,0.00678,0.00039,0.00607,0.00680,0.00224,0.00480,0.02708
1403715391.962527275085449,0.00619,0.00042,0.00093,0.00713,0.00048,0.00491,0.02006
1403715392.012527227401733,0.00593,0.00036,0.00474,0.00661,0.00417,0.00566,0.02747
1403715392.062527418136597,0.00803,0.00044,0.00005,0.00788,0.00135,0.00524,0.02300
1403715392.112527370452881,0.00631,0.00040,0.00292,0.00655,0.00046,0.00477,0.02140
1403715392.162527322769165,0.00610,0.00037,0.00194,0.00630,0.00460,0.00526,0.02457
1403715392.212527036666870,0.00666,0.00042,0.00215,0.00656,0.00158,0.00450,0.02187
1403715392.262526273727417,0.00619,0.00039,0.00761,0.00670,0.00205,0.00482,0.02776
1403715392.312525510787964,0.00738,0.00039,0.00210,0.00702,0.00423,0.00468,0.02580
1403715392.362523794174194,0.00713,0.00044,0.00080,0.00747,0.00001,0.00476,0.02061
1403715392.412523508071899,0.00643,0.00039,0.00553,0.00670,0.00193,0.00477,0.02575
1403715392.462522268295288,0.00628,0.00041,0.00653,0.00627,0.00367,0.00493,0.02810
1403715392.512521028518677,0.00733,0.00037,0.00269,0.00669,0.00239,0.00469,0.02416
1403715392.562520265579224,0.00658,0.00040,0.00039,0.00651,0.00045,0.00501,0.01933
1403715392.612519741058350,0.00649,0.00038,0.00053,0.00646,0.00480,0.00479,0.02345
1403715392.662519216537476,0.00614,0.00040,0.00062,0.00646,0.00087,0.00466,0.01916
1403715392.712519168853760,0.00686,0.00036,0.00150,0.00625,0.00001,0.00480,0.01979
1403715392.762520074844360,0.00708,0.00035,0.00062,0.00535,0.00431,0.00486,0.02258
1403715392.812519788742065,0.00642,0.00037,0.00037,0.00545,0.00076,0.00449,0.01786
1403715392.862519741058350,0.00801,0.00037,0.00092,0.00598,0.00499,0.00460,0.02487
1403715392.912517070770264,0.00619,0.00038,0.00658,0.00647,0.00773,0.00498,0.03234
1403715392.962516069412231,0.00611,0.00041,0.00017,0.00750,0.00001,0.00479,0.01899
1403715393.012515544891357,0.00633,0.00041,0.00142,0.00571,0.00001,0.00469,0.01856
1403715393.062514305114746,0.00741,0.00037,0.00469,0.00553,0.00688,0.00468,0.02956
1403715393.112512588500977,0.00660,0.00041,0.00469,0.00606,0.00164,0.00455,0.02394
1403715393.162511348724365,0.00650,0.00040,0.00055,0.00619,0.00041,0.00448,0.01854
1403715393.212511062622070,0.00634,0.00038,0.00034,0.00574,0.00110,0.00468,0.01859
1403715393.262511014938354,0.00749,0.00038,0.00434,0.00587,0.00510,0.00460,0.02779
1403715393.312510490417480,0.00644,0.00041,0.00942,0.00552,0.00408,0.00489,0.03077
1403715393.362510919570923,0.00627,0.00040,0.00227,0.00640,0.00114,0.00477,0.02125
1403715393.412510871887207,0.00777,0.00042,0.00049,0.00620,0.00042,0.00476,0.02006
1403715393.462510824203491,0.00773,0.00036,0.00028,0.00570,0.00106,0.00484,0.01997
1403715393.512511253356934,0.00684,0.00038,0.00156,0.00546,0.00730,0.00463,0.02617
1403715393.562510728836060,0.00640,0.00042,0.00060,0.00650,0.00002,0.00477,0.01870
1403715393.612510442733765,0.00599,0.00037,0.00149,0.00549,0.00188,0.00483,0.02006
1403715393.662509441375732,0.00625,0.00039,0.00024,0.00509,0.00090,0.00474,0.01761
1403715393.712508678436279,0.00629,0.00037,0.00111,0.00401,0.00240,0.00470,0.01888
1403715393.762507438659668,0.00605,0.00036,0.00119,0.00431,0.00036,0.00470,0.01697
1403715393.812506437301636,0.00724,0.00033,0.00332,0.00418,0.01923,0.00483,0.03913
1403715393.862506628036499,0.00621,0.00038,0.00091,0.00652,0.00293,0.00475,0.02170
1403715393.912507057189941,0.00617,0.00038,0.00004,0.00688,0.00202,0.00475,0.02025
1403715393.962507963180542,0.00796,0.00043,0.00268,0.00672,0.00035,0.00483,0.02298
1403715394.012508630752563,0.00612,0.00041,0.01282,0.00643,0.00544,0.00485,0.03607
1403715394.062509775161743,0.00824,0.00040,0.00026,0.00709,0.00001,0.00469,0.02069
1403715394.112511157989502,0.01096,0.00043,0.00026,0.00718,0.00038,0.00532,0.02454
1403715394.162513017654419,0.01316,0.00043,0.00091,0.00660,0.00221,0.00609,0.02941
1403715394.212512969970703,0.00663,0.00040,0.00116,0.00634,0.00344,0.00493,0.02290
1403715394.262513399124146,0.00683,0.00038,0.00064,0.00634,0.00078,0.00460,0.01958
1403715394.312513351440430,0.00647,0.00038,0.00063,0.00608,0.00373,0.00459,0.02189
1403715394.362512588500977,0.00626,0.00044,0.00716,0.00560,0.00673,0.00498,0.03117
1403715394.412511587142944,0.00618,0.00038,0.00018,0.00613,0.00001,0.00478,0.01767
1403715394.462511539459229,0.00797,0.00038,0.00191,0.00561,0.00042,0.00494,0.02124
1403715394.512511968612671,0.00830,0.00037,0.00045,0.00535,0.00039,0.00489,0.01974
1403715394.562513113021851,0.00659,0.00040,0.00042,0.00555,0.00214,0.00498,0.02007
1403715394.612513780593872,0.00619,0.00035,0.01266,0.00545,0.01428,0.00456,0.04349
1403715394.662516117095947,0.00601,0.00039,0.00009,0.00783,0.00001,0.00484,0.01917
1403715394.712516546249390,0.00627,0.00038,0.00029,0.00678,0.00010,0.00465,0.01847
1403715394.762515783309937,0.00643,0.00040,0.00027,0.00641,0.00001,0.00478,0.01830
1403715394.812515020370483,0.00566,0.00043,0.00064,0.00583,0.00066,0.00446,0.01769
1403715394.862513780593872,0.00611,0.00039,0.00182,0.00487,0.00008,0.00463,0.01792
1403715394.912513017654419,0.00760,0.00029,0.00021,0.00511,0.00079,0.00527,0.01927
1403715394.962513685226440,0.00627,0.00034,0.00054,0.00409,0.00792,0.00477,0.02393
1403715395.012515068054199,0.00607,0.00034,0.00165,0.00444,0.00714,0.00465,0.02428
1403715395.062515497207642,0.00701,0.00044,0.00035,0.00506,0.00065,0.00483,0.01834
1403715395.112515687942505,0.00611,0.00035,0.00030,0.00518,0.00040,0.00486,0.01721
1403715395.162515878677368,0.00595,0.00037,0.00023,0.00526,0.00077,0.00486,0.01743
1403715395.212516784667969,0.00590,0.00034,0.00589,0.00543,0.00143,0.00472,0.02371
1403715395.262516975402832,0.00607,0.00036,0.00024,0.00589,0.00002,0.00461,0.01718
1403715395.312517881393433,0.00579,0.00036,0.00031,0.00522,0.00001,0.00457,0.01626
1403715395.362518548965454,0.00740,0.00035,0.00024,0.00462,0.00001,0.00477,0.01738
1403715395.412518501281738,0.00605,0.00036,0.00021,0.00408,0.00001,0.00470,0.01540
1403715395.462517261505127,0.00615,0.00034,0.00508,0.00397,0.01247,0.00545,0.03346
1403715395.512517690658569,0.00601,0.00037,0.00033,0.00468,0.00001,0.00489,0.01628
1403715395.562518596649170,0.00626,0.00053,0.00027,0.00496,0.00101,0.00486,0.01790
1403715395.612518310546875,0.00758,0.00038,0.00072,0.00459,0.00495,0.00466,0.02287
1403715395.662518262863159,0.00599,0.00036,0.00016,0.00496,0.00007,0.00481,0.01634
1403715395.712518215179443,0.00635,0.00034,0.00020,0.00435,0.00001,0.00481,0.01606
1403715395.762518167495728,0.00759,0.00034,0.00016,0.00431,0.00001,0.00476,0.01716
1403715395.812519311904907,0.00598,0.00033,0.00199,0.00361,0.02013,0.00496,0.03699
1403715395.862520217895508,0.00571,0.00036,0.00032,0.00586,0.00105,0.00464,0.01795
1403715395.912520408630371,0.00568,0.00038,0.01138,0.00592,0.00216,0.00460,0.03011
1403715395.962520360946655,0.00579,0.00034,0.00010,0.00651,0.00001,0.00459,0.01734
1403715396.012520790100098,0.00662,0.00037,0.00009,0.00618,0.00000,0.00477,0.01803
1403715396.062520742416382,0.00590,0.00037,0.00335,0.00597,0.01437,0.00485,0.03482
1403715396.112520933151245,0.00572,0.00044,0.00019,0.00823,0.00001,0.00478,0.01937
1403715396.162521123886108,0.00723,0.00039,0.00018,0.00831,0.00001,0.00499,0.02111
1403715396.212519884109497,0.00676,0.00041,0.00569,0.00835,0.00627,0.00520,0.03268
1403715396.262519836425781,0.00701,0.00048,0.00107,0.01007,0.00001,0.00511,0.02375
1403715396.312519788742065,0.00699,0.00044,0.00040,0.00845,0.00001,0.00474,0.02103
1403715396.362519264221191,0.00635,0.00041,0.00004,0.00864,0.00001,0.00492,0.02035
1403715396.412518978118896,0.00635,0.00042,0.00368,0.00871,0.00207,0.00463,0.02587
1403715396.462518930435181,0.00751,0.00049,0.00081,0.00898,0.00001,0.00471,0.02251
1403715396.512518167495728,0.00619,0.00044,0.01198,0.00868,0.00001,0.00480,0.03210
1403715396.562517881393433,0.00619,0.00040,0.00249,0.00836,0.00001,0.00493,0.02238
1403715396.612516880035400,0.00619,0.00041,0.00018,0.00779,0.00001,0.00477,0.01935
1403715396.662514925003052,0.00617,0.00039,0.00150,0.00702,0.00194,0.00488,0.02190
1403715396.712512731552124,0.00604,0.00040,0.00579,0.00669,0.00026,0.00468,0.02386
1403715396.762511730194092,0.00591,0.00039,0.00051,0.00591,0.00001,0.00473,0.01746
1403715396.812510967254639,0.00634,0.00036,0.00014,0.00541,0.00026,0.00471,0.01722
1403715396.862510442733765,0.00622,0.00036,0.00029,0.00592,0.00007,0.00468,0.01755
1403715396.912509202957153,0.00601,0.00034,0.00007,0.00479,0.00001,0.00483,0.01606
1403715396.962508916854858,0.00605,0.00033,0.00027,0.00456,0.00001,0.00473,0.01596
1403715397.012509584426880,0.00845,0.00033,0.00030,0.00426,0.00012,0.00477,0.01824
1403715397.062510490417480,0.00576,0.00034,0.00005,0.00423,0.00001,0.00464,0.01502
1403715397.112511396408081,0.00566,0.00034,0.00016,0.00420,0.01873,0.00531,0.03440
1403715397.162512063980103,0.00632,0.00038,0.00087,0.00667,0.00228,0.00489,0.02142
1403715397.212512016296387,0.00610,0.00040,0.00024,0.00681,0.00001,0.00477,0.01832
1403715397.262512445449829,0.00586,0.00039,0.00028,0.00685,0.00044,0.00459,0.01840
1403715397.312513351440430,0.00625,0.00038,0.00808,0.00726,0.00072,0.00475,0.02744
1403715397.362513780593872,0.00582,0.00038,0.00160,0.00732,0.00765,0.00473,0.02750
1403715397.412513732910156,0.00757,0.00043,0.00211,0.00818,0.00206,0.00484,0.02519
1403715397.462513685226440,0.00604,0.00040,0.00065,0.00882,0.00001,0.00475,0.02067
1403715397.512514352798462,0.00600,0.00040,0.00070,0.00880,0.00001,0.00462,0.02052
1403715397.562513828277588,0.00791,0.00042,0.01109,0.00847,0.00001,0.00500,0.03289
1403715397.612512826919556,0.00584,0.00042,0.00012,0.00853,0.00001,0.00453,0.01946
1403715397.662512063980103,0.00683,0.00042,0.00079,0.00810,0.00002,0.00498,0.02114
1403715397.712510108947754,0.00600,0.00041,0.00482,0.00704,0.00193,0.00482,0.02502
1403715397.762509584426880,0.00683,0.00040,0.00055,0.00689,0.00122,0.00487,0.02077
1403715397.812511444091797,0.00631,0.00036,0.00251,0.00665,0.00001,0.00460,0.02044
1403715397.862511634826660,0.00612,0.00037,0.00028,0.00641,0.00001,0.00467,0.01786
1403715397.912512302398682,0.00582,0.00036,0.00545,0.00623,0.01667,0.00471,0.03925
1403715397.962512493133545,0.00738,0.00041,0.00253,0.00905,0.00001,0.00464,0.02403
1403715398.012512922286987,0.00675,0.00040,0.00072,0.00911,0.00001,0.00475,0.02174
1403715398.062513351440430,0.00605,0.00042,0.00112,0.00890,0.00001,0.00469,0.02119
1403715398.112514019012451,0.00766,0.00042,0.00141,0.00812,0.00001,0.00457,0.02219
1403715398.162514448165894,0.00600,0.00042,0.00661,0.00773,0.00048,0.00475,0.02598
1403715398.212518453598022,0.00583,0.00041,0.00118,0.00761,0.00049,0.00497,0.02048
1403715398.262521028518677,0.00701,0.00039,0.00020,0.00780,0.00001,0.00494,0.02034
1403715398.312523365020752,0.00720,0.00043,0.00237,0.00774,0.00609,0.00521,0.02905
1403715398.362524509429932,0.00874,0.00047,0.00141,0.00843,0.00477,0.00550,0.02931
1403715398.412524700164795,0.00609,0.00040,0.00075,0.00904,0.00001,0.00483,0.02112
1403715398.462523937225342,0.00619,0.00042,0.00004,0.00925,0.00001,0.00487,0.02077
1403715398.512522935867310,0.00669,0.00044,0.00890,0.00890,0.00001,0.00476,0.02971
1403715398.562520742416382,0.00613,0.00042,0.01076,0.00907,0.00001,0.00475,0.03113
1403715398.612518787384033,0.00599,0.00040,0.00091,0.00910,0.00001,0.00461,0.02101
1403715398.662517786026001,0.00742,0.00046,0.00004,0.00894,0.00001,0.00467,0.02153
1403715398.712517023086548,0.00604,0.00041,0.00042,0.00835,0.00001,0.00470,0.01994
1403715398.762516498565674,0.00649,0.00036,0.00374,0.00787,0.00049,0.00502,0.02398
1403715398.812515735626221,0.00603,0.00040,0.01130,0.00720,0.00008,0.00477,0.02978
1403715398.862515687942505,0.00707,0.00039,0.00025,0.00694,0.00001,0.00487,0.01953
1403715398.912515401840210,0.00597,0.00037,0.00025,0.00660,0.00038,0.00480,0.01837
1403715398.962514400482178,0.00614,0.00037,0.00084,0.00662,0.00006,0.00476,0.01880
1403715399.012513160705566,0.00616,0.00038,0.00091,0.00656,0.00000,0.00488,0.01890
1403715399.062512397766113,0.00590,0.00038,0.00008,0.00666,0.00001,0.00565,0.01868
1403715399.112511157989502,0.00614,0.00036,0.00003,0.00655,0.01250,0.00481,0.03040
1403715399.162511348724365,0.00614,0.00040,0.00792,0.00893,0.00202,0.00484,0.03026
1403715399.212511539459229,0.00725,0.00045,0.00018,0.00918,0.00001,0.00463,0.02170
1403715399.262511968612671,0.00627,0.00040,0.00072,0.00922,0.00001,0.00472,0.02134
1403715399.312511920928955,0.00616,0.00040,0.00034,0.00912,0.00048,0.00493,0.02143
1403715399.362510919570923,0.00588,0.00043,0.00004,0.00946,0.00001,0.00475,0.02057
1403715399.412510633468628,0.00571,0.00037,0.01506,0.00980,0.00001,0.00481,0.03576
1403715399.462509870529175,0.00584,0.00041,0.00003,0.00958,0.00001,0.00470,0.02057
1403715399.512508630752563,0.00607,0.00040,0.00040,0.00949,0.00001,0.00467,0.02105
1403715399.562507867813110,0.00611,0.00039,0.00010,0.00932,0.00001,0.00481,0.02073
1403715399.612507343292236,0.00624,0.00040,0.00012,0.00845,0.00001,0.00544,0.02066
1403715399.662506580352783,0.00610,0.00042,0.00030,0.00824,0.00051,0.00475,0.02033
1403715399.712505817413330,0.00774,0.00038,0.00042,0.00804,0.00047,0.00461,0.02165
1403715399.762506246566772,0.00805,0.00041,0.00667,0.00798,0.00375,0.00479,0.03165
1403715399.812505483627319,0.00662,0.00036,0.00010,0.00904,0.00009,0.00472,0.02093
1403715399.862504959106445,0.00664,0.00040,0.00003,0.00900,0.00001,0.00500,0.02109
1403715399.912504911422729,0.00646,0.00039,0.00144,0.00893,0.00220,0.00471,0.02413
1403715399.962504148483276,0.00653,0.00040,0.00004,0.00963,0.00001,0.00485,0.02146
1403715400.012503385543823,0.00642,0.00042,0.01615,0.00939,0.00001,0.00663,0.03902
1403715400.062503576278687,0.00630,0.00042,0.00004,0.00957,0.00001,0.00489,0.02122
1403715400.112503051757812,0.00641,0.00040,0.00041,0.00949,0.00001,0.00498,0.02169
1403715400.162502288818359,0.00622,0.00041,0.00090,0.01006,0.00001,0.00496,0.02256
1403715400.212502002716064,0.00655,0.00040,0.00004,0.00951,0.00001,0.00492,0.02142
1403715400.262500524520874,0.00635,0.00042,0.01636,0.00933,0.00001,0.00514,0.03760
1403715400.312500476837158,0.00794,0.00042,0.00039,0.00949,0.00001,0.00472,0.02297
1403715400.362498760223389,0.00627,0.00042,0.00778,0.00957,0.00001,0.00573,0.02978
1403715400.412496805191040,0.00677,0.00044,0.00183,0.00993,0.00001,0.00523,0.02420
1403715400.462495803833008,0.00684,0.00044,0.00049,0.00952,0.00050,0.00511,0.02289
1403715400.512493848800659,0.00641,0.00038,0.00176,0.00840,0.00001,0.00478,0.02174
1403715400.562492847442627,0.00621,0.00040,0.00086,0.00796,0.00001,0.00477,0.02021
1403715400.612489938735962,0.00626,0.00039,0.01240,0.00614,0.00468,0.00524,0.03510
1403715400.662489891052246,0.00613,0.00040,0.00051,0.00653,0.00001,0.00471,0.01828
1403715400.712489604949951,0.00617,0.00037,0.00159,0.00670,0.00259,0.00492,0.02234
1403715400.762490272521973,0.00797,0.00037,0.00018,0.00631,0.00001,0.00486,0.01969
1403715400.812492132186890,0.00660,0.00038,0.00028,0.00578,0.00001,0.00467,0.01771
1403715400.862493038177490,0.00746,0.00038,0.00679,0.00551,0.01207,0.00511,0.03732
1403715400.912492752075195,0.00637,0.00042,0.00321,0.00750,0.00050,0.00450,0.02251
1403715400.962493419647217,0.00639,0.00041,0.00645,0.00724,0.00031,0.00488,0.02569
1403715401.012492895126343,0.00640,0.00040,0.00035,0.00705,0.00197,0.00473,0.02090
1403715401.062493085861206,0.00619,0.00041,0.00102,0.00691,0.00001,0.00479,0.01933
1403715401.112493276596069,0.00618,0.00039,0.00107,0.00598,0.00194,0.00482,0.02039
1403715401.162492513656616,0.00728,0.00041,0.00027,0.00627,0.00002,0.00476,0.01902
1403715401.212491750717163,0.00634,0.00036,0.00522,0.00580,0.01255,0.00514,0.03541
1403715401.262490749359131,0.00624,0.00038,0.00008,0.00842,0.00001,0.00480,0.01994
1403715401.312492370605469,0.00636,0.00042,0.01549,0.00754,0.00203,0.00536,0.03722
1403715401.362491607666016,0.00809,0.00042,0.00035,0.00756,0.00088,0.00473,0.02204
1403715401.412491321563721,0.00875,0.00042,0.00105,0.00728,0.00001,0.00503,0.02254
1403715401.462491273880005,0.00658,0.00041,0.00479,0.00680,0.00272,0.00455,0.02584
1403715401.512491464614868,0.00640,0.00042,0.00151,0.00768,0.00201,0.00503,0.02306
1403715401.562491655349731,0.00662,0.00040,0.00659,0.00707,0.00162,0.00482,0.02714
1403715401.612491607666016,0.00626,0.00041,0.00465,0.00750,0.00001,0.00497,0.02380
1403715401.662491321563721,0.00607,0.00041,0.00107,0.00704,0.00072,0.00589,0.02120
1403715401.712490797042847,0.00606,0.00042,0.00257,0.00725,0.00225,0.00477,0.02332
1403715401.762490749359131,0.00630,0.00041,0.00123,0.00722,0.00116,0.00509,0.02140
1403715401.812490701675415,0.00774,0.00044,0.00122,0.00714,0.00226,0.00471,0.02353
1403715401.862491607666016,0.00738,0.00039,0.00131,0.00672,0.00001,0.00485,0.02065
1403715401.912493228912354,0.00633,0.00040,0.02594,0.00720,0.00354,0.00521,0.04862
1403715401.962493658065796,0.00833,0.00039,0.00033,0.00700,0.00002,0.00519,0.02126
1403715402.012493371963501,0.00608,0.00037,0.00069,0.00666,0.00001,0.00489,0.01869
1403715402.062492847442627,0.00610,0.00040,0.00100,0.00633,0.00351,0.00493,0.02227
1403715402.112493276596069,0.00611,0.00041,0.00046,0.00679,0.00114,0.00500,0.01990
1403715402.162493467330933,0.00620,0.00040,0.00476,0.00618,0.00368,0.00462,0.02585
1403715402.212493419647217,0.00729,0.00040,0.00101,0.00599,0.00186,0.00498,0.02152
1403715402.262492656707764,0.00607,0.00040,0.00109,0.00574,0.00002,0.00476,0.01808
1403715402.312490701675415,0.00612,0.00040,0.00099,0.00518,0.00151,0.00491,0.01910
1403715402.362490653991699,0.00788,0.00045,0.00028,0.00555,0.00042,0.00484,0.01941
1403715402.412491321563721,0.00603,0.00037,0.00147,0.00536,0.00533,0.00469,0.02327
1403715402.462492465972900,0.00606,0.00041,0.00116,0.00671,0.00001,0.00564,0.01999
1403715402.512491703033447,0.00870,0.00043,0.02174,0.00770,0.00650,0.00618,0.05127
1403715402.562491893768311,0.00606,0.00051,0.00036,0.00680,0.00119,0.00477,0.01969
1403715402.612492084503174,0.00607,0.00039,0.00058,0.00600,0.00002,0.00488,0.01794
1403715402.662492275238037,0.00657,0.00044,0.00142,0.00508,0.00105,0.00486,0.01941
1403715402.712491035461426,0.00580,0.00037,0.00039,0.00450,0.00059,0.00457,0.01621
1403715402.762488603591919,0.00680,0.00036,0.00306,0.00396,0.00966,0.00470,0.02855
1403715402.812488079071045,0.00606,0.00037,0.00009,0.00516,0.00001,0.00465,0.01634
1403715402.862487316131592,0.00591,0.00038,0.00100,0.00466,0.00038,0.00479,0.01711
1403715402.912485599517822,0.00598,0.00036,0.00074,0.00430,0.00035,0.00493,0.01666
1403715402.962485074996948,0.00686,0.00036,0.00018,0.00460,0.00002,0.00477,0.01680
1403715403.012485027313232,0.00592,0.00035,0.00021,0.00450,0.00433,0.00485,0.02017
1403715403.062484502792358,0.00781,0.00036,0.00511,0.00505,0.01024,0.00450,0.03307
1403715403.112480640411377,0.00590,0.00039,0.01787,0.00622,0.00343,0.00474,0.03856
1403715403.162479162216187,0.00679,0.00039,0.00175,0.00649,0.00004,0.00480,0.02026
1403715403.212476730346680,0.00610,0.00041,0.00018,0.00635,0.00002,0.00473,0.01778
1403715403.262475013732910,0.00611,0.00036,0.00021,0.00617,0.00002,0.00473,0.01762
1403715403.312472105026245,0.00593,0.00039,0.00041,0.00596,0.00707,0.00467,0.02442
1403715403.362472057342529,0.00602,0.00041,0.00301,0.00713,0.00040,0.00474,0.02172
1403715403.412472248077393,0.00590,0.00040,0.00020,0.00669,0.00001,0.00478,0.01796
1403715403.462472438812256,0.00588,0.00040,0.00022,0.00656,0.00001,0.00478,0.01784
1403715403.512472152709961,0.00586,0.00039,0.00289,0.00610,0.00188,0.00489,0.02201
1403715403.562472820281982,0.00630,0.00039,0.00098,0.00645,0.00113,0.00486,0.02012
1403715403.612473487854004,0.00771,0.00042,0.00027,0.00601,0.00108,0.00489,0.02038
1403715403.662474155426025,0.00647,0.00039,0.00015,0.00619,0.00548,0.00473,0.02341
1403715403.712472915649414,0.00601,0.00040,0.01956,0.00625,0.00371,0.00457,0.04050
1403715403.762472629547119,0.00791,0.00040,0.00054,0.00743,0.00001,0.00484,0.02113
1403715403.812472343444824,0.00610,0.00040,0.00058,0.00673,0.00116,0.00479,0.01976
1403715403.862471818923950,0.00737,0.00040,0.00030,0.00677,0.00118,0.00492,0.02094
1403715403.912471532821655,0.00593,0.00039,0.00039,0.00651,0.00047,0.00526,0.01894
1403715403.962471246719360,0.00653,0.00042,0.00131,0.00605,0.00092,0.00486,0.02009
1403715404.012470960617065,0.00622,0.00037,0.00029,0.00612,0.00001,0.00477,0.01779
1403715404.062470912933350,0.00596,0.00039,0.00188,0.00544,0.00002,0.00470,0.01840
1403715404.112469911575317,0.00591,0.00045,0.00291,0.00540,0.00590,0.00470,0.02526
1403715404.162470102310181,0.00763,0.00035,0.00169,0.00598,0.00002,0.00479,0.02047
1403715404.212471008300781,0.00586,0.00036,0.00160,0.00521,0.00000,0.00469,0.01771
1403715404.262472152709961,0.00706,0.00035,0.00012,0.00531,0.00001,0.00477,0.01763
1403715404.312474727630615,0.00692,0.00037,0.00663,0.00453,0.01467,0.00515,0.03826
1403715404.362476110458374,0.00587,0.00042,0.00004,0.00721,0.00007,0.00470,0.01831
1403715404.412477016448975,0.00595,0.00040,0.01092,0.00628,0.00186,0.00462,0.03004
1403715404.462478160858154,0.00767,0.00038,0.00015,0.00637,0.00001,0.00476,0.01934
1403715404.512478590011597,0.00643,0.00037,0.00138,0.00593,0.00001,0.00465,0.01877
1403715404.562479496002197,0.00590,0.00038,0.00083,0.00690,0.00198,0.00596,0.02195
1403715404.612479925155640,0.00896,0.00036,0.00109,0.00568,0.00001,0.00551,0.02161
1403715404.662480354309082,0.00624,0.00036,0.00131,0.00471,0.00000,0.00482,0.01744
1403715404.712480783462524,0.00797,0.00035,0.00179,0.00430,0.00584,0.00471,0.02497
1403715404.762481212615967,0.00646,0.00034,0.00059,0.00460,0.00001,0.00466,0.01667
1403715404.812480688095093,0.00658,0.00034,0.00089,0.00446,0.01082,0.00481,0.02790
1403715404.862480401992798,0.00781,0.00040,0.00120,0.00532,0.00039,0.00486,0.01998
1403715404.912480115890503,0.00680,0.00037,0.00046,0.00564,0.00747,0.00439,0.02514
1403715404.962480068206787,0.00605,0.00040,0.00055,0.00672,0.00075,0.00447,0.01893
1403715405.012480497360229,0.00609,0.00039,0.00813,0.00651,0.00743,0.00477,0.03332
1403715405.062481164932251,0.00674,0.00042,0.00003,0.00783,0.00001,0.00470,0.01973
1403715405.112482070922852,0.00617,0.00039,0.00079,0.00776,0.00047,0.00459,0.02016
1403715405.162482738494873,0.00626,0.00041,0.00494,0.00786,0.00200,0.00479,0.02627
1403715405.212483167648315,0.00609,0.00041,0.00091,0.00796,0.00001,0.00472,0.02008
1403715405.262483358383179,0.00846,0.00039,0.00028,0.00783,0.00001,0.00464,0.02161
1403715405.312484264373779,0.00685,0.00037,0.00188,0.00701,0.00102,0.00481,0.02195
1403715405.362483978271484,0.00685,0.00039,0.00057,0.00677,0.00381,0.00478,0.02317
1403715405.412484169006348,0.00734,0.00041,0.00016,0.00699,0.00128,0.00481,0.02099
1403715405.462483882904053,0.00712,0.00038,0.00259,0.00575,0.00335,0.00479,0.02398
1403715405.512483358383179,0.00622,0.00037,0.00029,0.00577,0.00002,0.00462,0.01729
1403715405.562483072280884,0.00646,0.00035,0.00052,0.00560,0.00034,0.00472,0.01799
1403715405.612482547760010,0.00599,0.00036,0.00125,0.00523,0.01323,0.00480,0.03087
1403715405.662482261657715,0.00718,0.00040,0.00029,0.00727,0.00001,0.00474,0.01990
1403715405.712481975555420,0.00632,0.00037,0.00051,0.00693,0.00001,0.00484,0.01898
1403715405.762482404708862,0.00630,0.00038,0.00023,0.00688,0.00511,0.00483,0.02374
1403715405.812483072280884,0.00782,0.00047,0.00054,0.00689,0.00288,0.00483,0.02343
1403715405.862483263015747,0.00624,0.00041,0.00721,0.00639,0.00063,0.00476,0.02564
1403715405.912483930587769,0.00817,0.00038,0.00315,0.00563,0.00417,0.00507,0.02657
1403715405.962485551834106,0.00987,0.00038,0.00066,0.00512,0.00001,0.00488,0.02092
1403715406.012487411499023,0.00697,0.00035,0.00181,0.00426,0.01171,0.00481,0.02991
1403715406.062487840652466,0.00710,0.00036,0.00123,0.00521,0.00218,0.00481,0.02089
1403715406.112487792968750,0.00667,0.00038,0.00050,0.00500,0.00001,0.00482,0.01738
1403715406.162487745285034,0.00645,0.00035,0.00031,0.00484,0.00034,0.00493,0.01722
1403715406.212487936019897,0.00625,0.00035,0.00525,0.00480,0.01007,0.00505,0.03176
1403715406.262487649917603,0.00606,0.00037,0.00093,0.00571,0.00001,0.00478,0.01785
1403715406.312488079071045,0.00617,0.00037,0.00003,0.00569,0.00000,0.00478,0.01705
1403715406.362488508224487,0.00780,0.00037,0.00067,0.00548,0.00135,0.00486,0.02052
1403715406.412488937377930,0.00711,0.00034,0.00046,0.00532,0.00001,0.00471,0.01795
1403715406.462490320205688,0.00628,0.00037,0.00703,0.00450,0.00976,0.00500,0.03295
1403715406.512490034103394,0.00724,0.00040,0.01058,0.00493,0.00661,0.00494,0.03469
1403715406.562489748001099,0.00701,0.00035,0.00018,0.00556,0.00001,0.00475,0.01786
1403715406.612489700317383,0.00635,0.00037,0.00075,0.00488,0.00176,0.00470,0.01881
1403715406.662489175796509,0.01363,0.00045,0.00057,0.00540,0.00005,0.00561,0.02571
1403715406.712488889694214,0.00759,0.00048,0.00040,0.00468,0.00042,0.00511,0.01869
1403715406.762489080429077,0.00627,0.00034,0.00040,0.00426,0.00033,0.00552,0.01712
1403715406.812489271163940,0.00601,0.00034,0.00048,0.00428,0.00715,0.00468,0.02294
1403715406.862488985061646,0.00666,0.00035,0.00010,0.00487,0.00001,0.00469,0.01667
1403715406.912489414215088,0.00731,0.00032,0.00005,0.00467,0.00001,0.00480,0.01717
1403715406.962490320205688,0.00620,0.00036,0.00038,0.00419,0.00854,0.00466,0.02432
1403715407.012490272521973,0.00619,0.00037,0.00019,0.00484,0.00041,0.00477,0.01676
1403715407.062490463256836,0.00705,0.00035,0.00478,0.00435,0.00660,0.00480,0.02793
1403715407.112489938735962,0.00627,0.00035,0.00807,0.00497,0.00339,0.00455,0.02759
1403715407.162489175796509,0.00606,0.00043,0.00037,0.00546,0.00001,0.00458,0.01691
1403715407.212488412857056,0.00658,0.00039,0.00560,0.00471,0.00117,0.00474,0.02320
1403715407.262487649917603,0.00648,0.00035,0.00128,0.00417,0.00033,0.00476,0.01738
1403715407.312488317489624,0.00754,0.00035,0.00003,0.00395,0.00217,0.00557,0.01962
1403715407.362488031387329,0.00655,0.00035,0.00118,0.00384,0.00033,0.00485,0.01710
1403715407.412486553192139,0.00623,0.00032,0.00062,0.00387,0.01124,0.00472,0.02701
1403715407.462487220764160,0.00698,0.00039,0.00109,0.00541,0.00004,0.00478,0.01869
1403715407.512487888336182,0.00620,0.00036,0.00090,0.00512,0.00001,0.00472,0.01731
1403715407.562489748001099,0.00670,0.00036,0.00218,0.00477,0.00011,0.00474,0.01885
1403715407.612489700317383,0.00871,0.00036,0.00150,0.00468,0.00949,0.00464,0.02938
1403715407.662489891052246,0.00769,0.00037,0.00386,0.00484,0.00282,0.00455,0.02413
1403715407.712488651275635,0.00904,0.00037,0.00407,0.00354,0.00332,0.00457,0.02490
1403715407.762488603591919,0.00891,0.00031,0.00305,0.00276,0.00089,0.00444,0.02036
1403715407.812487840652466,0.01037,0.00031,0.00218,0.00235,0.00104,0.00450,0.02076
1403715407.862487077713013,0.00829,0.00029,0.00143,0.00187,0.00228,0.00441,0.01857
1403715407.912486076354980,0.00851,0.00029,0.00048,0.00126,0.00026,0.00441,0.01521
1403715407.962486028671265,0.00801,0.00027,0.00047,0.00112,0.00000,0.00451,0.01438
1403715408.012485980987549,0.00860,0.00044,0.00152,0.00090,0.00005,0.00446,0.01597
1403715408.062486410140991,0.01137,0.00025,0.00119,0.00062,0.00001,0.00446,0.01789
1403715408.112486839294434,0.01857,0.00025,0.00140,0.00040,0.00019,0.00442,0.02524
1403715408.162488698959351,0.01475,0.00024,0.00050,0.00041,0.00056,0.00447,0.02092
1403715408.212489366531372,0.01846,0.00024,0.00071,0.00038,0.00005,0.00439,0.02422
1403715408.262490272521973,0.01091,0.00024,0.00098,0.00037,0.00000,0.00451,0.01702
1403715408.312490463256836,0.00895,0.00025,0.00049,0.00036,0.00057,0.00443,0.01506
1403715408.362491130828857,0.00926,0.00021,0.00050,0.00044,0.01052,0.00468,0.02560
1403715408.412491559982300,0.00805,0.00027,0.00176,0.00147,0.00000,0.00450,0.01606
1403715408.462491512298584,0.00789,0.00028,0.00071,0.00150,0.00068,0.00461,0.01567
1403715408.512492895126343,0.00807,0.00025,0.00132,0.00167,0.00139,0.00461,0.01732
1403715408.562493324279785,0.00767,0.00029,0.00228,0.00170,0.00402,0.00510,0.02107
1403715408.612493515014648,0.00836,0.00029,0.00090,0.00243,0.00477,0.00449,0.02122
1403715408.662493705749512,0.00706,0.00031,0.00060,0.00307,0.00000,0.00471,0.01576
1403715408.712494850158691,0.00857,0.00034,0.00122,0.00310,0.00652,0.00482,0.02455
1403715408.762495040893555,0.00959,0.00033,0.00124,0.00385,0.00247,0.00506,0.02254
1403715408.812495946884155,0.00626,0.00028,0.00092,0.00335,0.00421,0.00457,0.01960
1403715408.862498521804810,0.00816,0.00028,0.00078,0.00385,0.00502,0.00474,0.02282
1403715408.912499427795410,0.00800,0.00031,0.00146,0.00362,0.00247,0.00489,0.02075
1403715408.962500095367432,0.00789,0.00033,0.00063,0.00360,0.00033,0.00470,0.01748
1403715409.012499809265137,0.00656,0.00032,0.00056,0.00359,0.00000,0.00471,0.01575
1403715409.062500715255737,0.00758,0.00033,0.00126,0.00335,0.00912,0.00480,0.02645
1403715409.112499237060547,0.00634,0.00034,0.00042,0.00432,0.00000,0.00526,0.01669
1403715409.162496566772461,0.00704,0.00033,0.00110,0.00400,0.00739,0.00490,0.02477
1403715409.212494373321533,0.00771,0.00034,0.00097,0.00405,0.00139,0.00472,0.01918
1403715409.262493371963501,0.00795,0.00034,0.00145,0.00425,0.00283,0.00472,0.02155
1403715409.312490463256836,0.00794,0.00031,0.00175,0.00403,0.00678,0.00481,0.02562
1403715409.362489461898804,0.00634,0.00034,0.00105,0.00479,0.00010,0.00493,0.01755
1403715409.412483453750610,0.00660,0.00034,0.00260,0.00443,0.00730,0.00480,0.02607
1403715409.462480306625366,0.00641,0.00037,0.00196,0.00458,0.00191,0.00462,0.01985
1403715409.512479305267334,0.00730,0.00037,0.00034,0.00501,0.00818,0.00468,0.02588
1403715409.562480211257935,0.00633,0.00036,0.00056,0.00619,0.00098,0.00469,0.01911
1403715409.612483739852905,0.00606,0.00041,0.00060,0.00659,0.00552,0.00468,0.02386
1403715409.662484169006348,0.00608,0.00040,0.00003,0.00746,0.00197,0.00519,0.02113
1403715409.712485074996948,0.00624,0.00043,0.00336,0.00768,0.00205,0.00495,0.02473
1403715409.762485980987549,0.00754,0.00042,0.00460,0.00783,0.00036,0.00473,0.02546
1403715409.812485456466675,0.00782,0.00040,0.00004,0.00779,0.00119,0.00480,0.02204
1403715409.862484455108643,0.00624,0.00040,0.00680,0.00747,0.00007,0.00477,0.02575
1403715409.912483692169189,0.00638,0.00039,0.00026,0.00732,0.00001,0.00471,0.01908
1403715409.962482452392578,0.00799,0.00039,0.00004,0.00699,0.00121,0.00488,0.02149
1403715410.012479066848755,0.00659,0.00037,0.00091,0.00646,0.00139,0.00496,0.02067
1403715410.062477350234985,0.00639,0.00039,0.00516,0.00614,0.00193,0.00476,0.02477
1403715410.112475395202637,0.00660,0.00037,0.00046,0.00642,0.00232,0.00462,0.02080
1403715410.162475109100342,0.00652,0.00039,0.00046,0.00627,0.00183,0.00461,0.02009
1403715410.212474822998047,0.00618,0.00041,0.00109,0.00745,0.00046,0.00483,0.02043
1403715410.262474060058594,0.00612,0.00041,0.00157,0.00663,0.00045,0.00487,0.02006
1403715410.312474727630615,0.00710,0.00038,0.00659,0.00664,0.00400,0.00482,0.02954
1403715410.362474679946899,0.00765,0.00045,0.00061,0.00665,0.00046,0.00484,0.02065
1403715410.412474393844604,0.00625,0.00039,0.00018,0.00696,0.00001,0.00474,0.01852
1403715410.462473630905151,0.00607,0.00039,0.00341,0.00668,0.00573,0.00472,0.02701
1403715410.512471675872803,0.00588,0.00043,0.01069,0.00763,0.00145,0.00516,0.03124
1403715410.562471628189087,0.00613,0.00041,0.00031,0.00749,0.00001,0.00486,0.01922
1403715410.612470626831055,0.00588,0.00040,0.00010,0.00737,0.00036,0.00463,0.01875
1403715410.662469863891602,0.00600,0.00040,0.00509,0.00726,0.00044,0.00466,0.02386
1403715410.712470293045044,0.00581,0.00040,0.00003,0.00728,0.00037,0.00472,0.01862
1403715410.762472391128540,0.00683,0.00040,0.00010,0.00750,0.00067,0.00508,0.02059
1403715410.812474012374878,0.00794,0.00065,0.00044,0.00771,0.00040,0.00493,0.02207
1403715410.862475156784058,0.01246,0.00069,0.00652,0.00759,0.00358,0.00526,0.03611
1403715410.912472724914551,0.00808,0.00038,0.00362,0.00734,0.00038,0.00474,0.02453
1403715410.962467670440674,0.00612,0.00040,0.00003,0.00743,0.00001,0.00467,0.01866
1403715411.012462615966797,0.00624,0.00039,0.00063,0.00717,0.00001,0.00466,0.01909
1403715411.062460660934448,0.00606,0.00040,0.00176,0.00694,0.00173,0.00464,0.02154
1403715411.112457036972046,0.00595,0.00036,0.00882,0.00668,0.00422,0.00485,0.03088
1403715411.162456035614014,0.00588,0.00040,0.00033,0.00717,0.00007,0.00475,0.01860
1403715411.212458133697510,0.00737,0.00039,0.00004,0.00713,0.00007,0.00470,0.01969
1403715411.262460231781006,0.00612,0.00039,0.00348,0.00703,0.00097,0.00472,0.02272
1403715411.312462329864502,0.00812,0.00039,0.00543,0.00734,0.00196,0.00483,0.02808
1403715411.362463712692261,0.00617,0.00040,0.00004,0.00785,0.00040,0.00490,0.01976
1403715411.412464857101440,0.00622,0.00040,0.00004,0.00745,0.00146,0.00483,0.02040
1403715411.462465763092041,0.00643,0.00041,0.00527,0.00760,0.00208,0.00468,0.02647
1403715411.512466192245483,0.00640,0.00041,0.00327,0.00811,0.00036,0.00492,0.02347
1403715411.562466621398926,0.00653,0.00042,0.00003,0.00800,0.00001,0.00483,0.01983
1403715411.612467050552368,0.00799,0.00042,0.00004,0.00792,0.00001,0.00490,0.02127
1403715411.662467956542969,0.00625,0.00042,0.00172,0.00791,0.00007,0.00490,0.02126
1403715411.712468385696411,0.00640,0.00041,0.00797,0.00777,0.00173,0.00485,0.02913
1403715411.762469053268433,0.00605,0.00042,0.01052,0.00801,0.00001,0.00477,0.02977
1403715411.812468290328979,0.00622,0.00041,0.00010,0.00810,0.00001,0.00485,0.01969
1403715411.862468004226685,0.00614,0.00043,0.00549,0.00791,0.00001,0.00475,0.02473
1403715411.912467718124390,0.00619,0.00041,0.00209,0.00804,0.00001,0.00491,0.02165
1403715411.962467670440674,0.00612,0.00042,0.00039,0.00814,0.00001,0.00486,0.01995
1403715412.012467622756958,0.00611,0.00042,0.00040,0.00832,0.00001,0.00549,0.02076
1403715412.062467813491821,0.00626,0.00042,0.00489,0.00802,0.00001,0.00468,0.02427
1403715412.112468004226685,0.00625,0.00040,0.00145,0.00812,0.00001,0.00489,0.02112
1403715412.162467718124390,0.00715,0.00043,0.00004,0.00800,0.00001,0.00485,0.02048
1403715412.212467908859253,0.00623,0.00040,0.00004,0.00789,0.00001,0.00480,0.01937
1403715412.262467861175537,0.00589,0.00041,0.00188,0.00773,0.00047,0.00492,0.02130
1403715412.312468051910400,0.00594,0.00042,0.00756,0.00791,0.00001,0.00467,0.02650
1403715412.362467527389526,0.00617,0.00037,0.01041,0.00811,0.00001,0.00490,0.02996
1403715412.412467718124390,0.00620,0.00041,0.00010,0.00810,0.00001,0.00471,0.01954
1403715412.462467908859253,0.00621,0.00041,0.00562,0.00806,0.00001,0.00478,0.02509
1403715412.512467622756958,0.00614,0.00041,0.00205,0.00804,0.00001,0.00476,0.02141
1403715412.562468051910400,0.00607,0.00042,0.00043,0.00863,0.00001,0.00543,0.02099
1403715412.612468242645264,0.00611,0.00041,0.00039,0.00803,0.00001,0.00476,0.01970
1403715412.662468433380127,0.00601,0.00041,0.00459,0.00805,0.00001,0.00487,0.02394
1403715412.712468147277832,0.00805,0.00042,0.00141,0.00802,0.00001,0.00473,0.02265
1403715412.762468099594116,0.00626,0.00042,0.00022,0.00782,0.00001,0.00483,0.01956
1403715412.812468051910400,0.00604,0.00042,0.00003,0.00773,0.00001,0.00475,0.01898
1403715412.862468004226685,0.00597,0.00043,0.00168,0.00766,0.00007,0.00466,0.02047
1403715412.912467956542969,0.00885,0.00040,0.00760,0.00839,0.00040,0.00504,0.03069
1403715412.962467432022095,0.00949,0.00038,0.01047,0.00772,0.00037,0.00497,0.03341
1403715413.012467145919800,0.00573,0.00040,0.00004,0.00768,0.00007,0.00466,0.01858
1403715413.062468051910400,0.00609,0.00041,0.00522,0.00756,0.00036,0.00478,0.02442
1403715413.112468004226685,0.00585,0.00043,0.00200,0.00836,0.00008,0.00483,0.02154
1403715413.162468433380127,0.00585,0.00041,0.00004,0.00777,0.00038,0.00474,0.01919
1403715413.212469100952148,0.00623,0.00042,0.00053,0.00758,0.00038,0.00468,0.01981
1403715413.262471437454224,0.00925,0.00039,0.00278,0.00758,0.00037,0.00482,0.02519
1403715413.312472105026245,0.00671,0.00042,0.00244,0.00667,0.00195,0.00497,0.02316
1403715413.362474203109741,0.00653,0.00038,0.00083,0.00725,0.00001,0.00481,0.01980
1403715413.412475347518921,0.00662,0.00039,0.00104,0.00653,0.00000,0.00467,0.01924
1403715413.462478399276733,0.00643,0.00035,0.00076,0.00651,0.00284,0.00460,0.02149
1403715413.512477636337280,0.00629,0.00040,0.00764,0.00673,0.00106,0.00470,0.02683
1403715413.562478780746460,0.00846,0.00040,0.00327,0.00687,0.00398,0.00475,0.02773
1403715413.612477779388428,0.00672,0.00039,0.00063,0.00740,0.00117,0.00464,0.02094
1403715413.662478208541870,0.00638,0.00041,0.00555,0.00825,0.00043,0.00479,0.02581
1403715413.712477684020996,0.00830,0.00041,0.00334,0.00747,0.00037,0.00491,0.02480
1403715413.762477397918701,0.00670,0.00040,0.00130,0.00771,0.00038,0.00480,0.02130
1403715413.812478065490723,0.00780,0.00044,0.00688,0.00714,0.00158,0.00483,0.02866
1403715413.862478017807007,0.00669,0.00042,0.00022,0.00769,0.00001,0.00495,0.01997
1403715413.912477731704712,0.00644,0.00040,0.00076,0.00691,0.00001,0.00481,0.01932
1403715413.962477445602417,0.00638,0.00043,0.00179,0.00564,0.00001,0.00466,0.01891
1403715414.012477159500122,0.00888,0.00034,0.00091,0.00502,0.00039,0.00467,0.02022
1403715414.062477111816406,0.00662,0.00038,0.00046,0.00481,0.00063,0.00479,0.01769
1403715414.112477302551270,0.00664,0.00036,0.00331,0.00474,0.00776,0.00477,0.02758
1403715414.162477016448975,0.00647,0.00038,0.00060,0.00536,0.00035,0.00479,0.01796
1403715414.212476015090942,0.00635,0.00037,0.00028,0.00501,0.00002,0.00479,0.01682
1403715414.262477159500122,0.00603,0.00036,0.00275,0.00494,0.00312,0.00478,0.02198
1403715414.312478065490723,0.00662,0.00034,0.00050,0.00476,0.00199,0.00515,0.01937
1403715414.362479686737061,0.00912,0.00032,0.00015,0.00526,0.00038,0.00490,0.02013
1403715414.412479639053345,0.00683,0.00032,0.00120,0.00482,0.00639,0.00512,0.02467
1403715414.462478876113892,0.00697,0.00037,0.00015,0.00571,0.00001,0.00490,0.01810
1403715414.512478113174438,0.00785,0.00037,0.00009,0.00562,0.00001,0.00474,0.01868
1403715414.562478303909302,0.00661,0.00035,0.00394,0.00539,0.00090,0.00501,0.02220
1403715414.612478494644165,0.00665,0.00032,0.00003,0.00545,0.00001,0.00494,0.01740
1403715414.662478685379028,0.00667,0.00038,0.00020,0.00543,0.00034,0.00501,0.01803
1403715414.712480545043945,0.00679,0.00037,0.00205,0.00528,0.00416,0.00488,0.02353
1403715414.762481451034546,0.00682,0.00072,0.00102,0.00609,0.00141,0.00532,0.02138
1403715414.812482118606567,0.00668,0.00036,0.00067,0.00566,0.00001,0.00512,0.01850
1403715414.862481832504272,0.00676,0.00040,0.00352,0.00509,0.00145,0.00485,0.02207
1403715414.912482023239136,0.00640,0.00037,0.00592,0.00555,0.00608,0.00465,0.02897
1403715414.962481737136841,0.00658,0.00040,0.00070,0.00546,0.00036,0.00507,0.01855
1403715415.012481451034546,0.00789,0.00053,0.00032,0.00697,0.00066,0.00575,0.02213
1403715415.062481880187988,0.01539,0.00045,0.00049,0.00621,0.00004,0.00583,0.02841
1403715415.112481832504272,0.01427,0.00047,0.00053,0.00517,0.00001,0.00593,0.02638
1403715415.162482738494873,0.00890,0.00040,0.00718,0.00559,0.01653,0.00715,0.04574
1403715415.212483167648315,0.00790,0.00052,0.00178,0.00347,0.00041,0.00508,0.01916
1403715415.262483119964600,0.00601,0.00038,0.00072,0.00231,0.00001,0.00492,0.01435
1403715415.312483072280884,0.00590,0.00034,0.00092,0.00206,0.00158,0.00487,0.01570
1403715415.362482786178589,0.00610,0.00031,0.00035,0.00160,0.00088,0.00476,0.01400
1403715415.412482738494873,0.00628,0.00030,0.00059,0.00084,0.00026,0.00468,0.01296
1403715415.462483167648315,0.00852,0.00028,0.00023,0.00072,0.00340,0.00479,0.01796
1403715415.512483358383179,0.00718,0.00027,0.00080,0.00082,0.00237,0.00482,0.01628
1403715415.562484025955200,0.00684,0.00028,0.00018,0.00138,0.00065,0.00487,0.01419
1403715415.612483978271484,0.00724,0.00030,0.00019,0.00154,0.00586,0.00476,0.01989
1403715415.662483692169189,0.00657,0.00028,0.00016,0.00150,0.00019,0.00475,0.01345
1403715415.712482690811157,0.00705,0.00027,0.00027,0.00137,0.00000,0.00465,0.01361
1403715415.762482404708862,0.00797,0.00026,0.00018,0.00136,0.00182,0.00481,0.01640
1403715415.812485456466675,0.00601,0.00028,0.00051,0.00120,0.00001,0.00464,0.01265
1403715415.862486600875854,0.00656,0.00028,0.00048,0.00121,0.00000,0.00477,0.01330
1403715415.912487745285034,0.00605,0.00028,0.00003,0.00123,0.00175,0.00470,0.01403
1403715415.962485790252686,0.00598,0.00028,0.00008,0.00114,0.00031,0.00485,0.01264
1403715416.012485504150391,0.00621,0.00023,0.00003,0.00112,0.00360,0.00472,0.01591
1403715416.062486410140991,0.00611,0.00026,0.00002,0.00113,0.00197,0.00479,0.01429
1403715416.112486124038696,0.00584,0.00029,0.00003,0.00125,0.00181,0.00473,0.01394
1403715416.162486553192139,0.00598,0.00027,0.00002,0.00132,0.00073,0.00471,0.01304
1403715416.212486982345581,0.00615,0.00029,0.00003,0.00147,0.00450,0.00471,0.01713
1403715416.262486934661865,0.00592,0.00028,0.00002,0.00159,0.00019,0.00471,0.01272
1403715416.312487125396729,0.00743,0.00027,0.00002,0.00163,0.00000,0.00471,0.01407
1403715416.362486839294434,0.00571,0.00029,0.00003,0.00161,0.00134,0.00470,0.01367
1403715416.412486791610718,0.00593,0.00029,0.00003,0.00180,0.00006,0.00464,0.01276
1403715416.462486743927002,0.00580,0.00028,0.00003,0.00181,0.00000,0.00476,0.01268
1403715416.512486934661865,0.00574,0.00027,0.00003,0.00181,0.00073,0.00475,0.01334
1403715416.562487363815308,0.00563,0.00029,0.00003,0.00178,0.00009,0.00479,0.01261
1403715416.612487077713013,0.00589,0.00029,0.00003,0.00182,0.00344,0.00479,0.01626
1403715416.662487268447876,0.00591,0.00029,0.00003,0.00203,0.00119,0.00477,0.01422
1403715416.712487220764160,0.00574,0.00032,0.00003,0.00194,0.00030,0.00470,0.01304
1403715416.762487173080444,0.00592,0.00027,0.00003,0.00200,0.00007,0.00475,0.01303
1403715416.812487363815308,0.00585,0.00027,0.00003,0.00182,0.00630,0.00466,0.01892
1403715416.862487077713013,0.00703,0.00031,0.00003,0.00236,0.00006,0.00476,0.01455
1403715416.912487506866455,0.00592,0.00033,0.00008,0.00214,0.00002,0.00469,0.01317
1403715416.962487697601318,0.00576,0.00030,0.00008,0.00198,0.00070,0.00469,0.01351
1403715417.012487649917603,0.00573,0.00029,0.00010,0.00191,0.00027,0.00474,0.01303
1403715417.062487840652466,0.00578,0.00026,0.00009,0.00204,0.00026,0.00474,0.01315
1403715417.112488031387329,0.00585,0.00031,0.00003,0.00224,0.00074,0.00480,0.01397
1403715417.162487745285034,0.00562,0.00030,0.00008,0.00226,0.00009,0.00483,0.01318
1403715417.212487936019897,0.00594,0.00032,0.00003,0.00224,0.00227,0.00468,0.01549
1403715417.262487888336182,0.00596,0.00031,0.00003,0.00241,0.00249,0.00508,0.01628
1403715417.312488079071045,0.00638,0.00037,0.00004,0.00257,0.00034,0.00470,0.01441
1403715417.362488031387329,0.00572,0.00030,0.00003,0.00249,0.00007,0.00473,0.01334
1403715417.412487983703613,0.00681,0.00029,0.00003,0.00244,0.00266,0.00465,0.01689
1403715417.462487936019897,0.00580,0.00030,0.00003,0.00248,0.00006,0.00466,0.01333
1403715417.512487888336182,0.00558,0.00029,0.00003,0.00248,0.00007,0.00469,0.01314
1403715417.562488317489624,0.00586,0.00030,0.00003,0.00252,0.00078,0.00483,0.01432
1403715417.612488269805908,0.00582,0.00032,0.00003,0.00244,0.00006,0.00474,0.01342
1403715417.662488222122192,0.00605,0.00029,0.00003,0.00251,0.00000,0.00477,0.01364
1403715417.712487936019897,0.00599,0.00032,0.00003,0.00243,0.00081,0.00485,0.01443
1403715417.762487888336182,0.00590,0.00030,0.00003,0.00249,0.00010,0.00475,0.01356
1403715417.812488079071045,0.00592,0.00027,0.00010,0.00246,0.00229,0.00474,0.01576
1403715417.862488031387329,0.00611,0.00030,0.00003,0.00248,0.00097,0.00468,0.01457
1403715417.912487983703613,0.00614,0.00030,0.00003,0.00245,0.00032,0.00465,0.01389
1403715417.962487936019897,0.00586,0.00030,0.00003,0.00248,0.00007,0.00470,0.01343
1403715418.012487888336182,0.00592,0.00035,0.00003,0.00248,0.00256,0.00461,0.01596
1403715418.062488079071045,0.00593,0.00030,0.00002,0.00249,0.00007,0.00468,0.01348
1403715418.112488031387329,0.00672,0.00030,0.00003,0.00250,0.00006,0.00492,0.01454
1403715418.162487983703613,0.00573,0.00030,0.00003,0.00251,0.00075,0.00480,0.01412
1403715418.212487936019897,0.00592,0.00030,0.00003,0.00258,0.00007,0.00481,0.01371
1403715418.262487888336182,0.00576,0.00030,0.00003,0.00250,0.00000,0.00485,0.01345
1403715418.312488079071045,0.00579,0.00031,0.00005,0.00246,0.00074,0.00483,0.01417
1403715418.362488031387329,0.00582,0.00029,0.00003,0.00251,0.00010,0.00476,0.01351
1403715418.412487983703613,0.00569,0.00029,0.00009,0.00247,0.00215,0.00474,0.01543
1403715418.462487936019897,0.00590,0.00026,0.00003,0.00249,0.00095,0.00477,0.01440
1403715418.512487888336182,0.00626,0.00030,0.00005,0.00246,0.00032,0.00479,0.01418
1403715418.562488079071045,0.00974,0.00029,0.00003,0.00236,0.00006,0.00471,0.01719
1403715418.612488031387329,0.00691,0.00030,0.00008,0.00240,0.00252,0.00469,0.01690
1403715418.662487983703613,0.00600,0.00031,0.00003,0.00238,0.00006,0.00476,0.01353
1403715418.712487936019897,0.00589,0.00032,0.00003,0.00236,0.00006,0.00488,0.01354
1403715418.762487888336182,0.00584,0.00030,0.00003,0.00238,0.00073,0.00491,0.01419
1403715418.812488079071045,0.00585,0.00032,0.00003,0.00236,0.00006,0.00479,0.01341
