# timestamp (sec),slam_feats_in_state,msckf_feats_used,slam_feats_updated,slam_feats_delayed_init,clones
1403715278.862667798995972,0,6,0,0,5
1403715278.912043809890747,32,34,0,32,6
1403715278.962008714675903,31,4,31,0,7
1403715279.011577606201172,29,0,29,0,8
1403715279.061478137969971,29,0,29,0,9
1403715279.111168861389160,29,1,29,0,10
1403715279.161116123199463,28,1,28,0,11
1403715279.211287975311279,28,1,28,0,11
1403715279.261307716369629,33,0,28,5,11
1403715279.311068773269653,37,0,33,4,11
1403715279.360238313674927,38,0,37,1,11
1403715279.409260511398315,47,0,38,9,11
1403715279.458699464797974,47,0,47,0,11
1403715279.507994890213013,48,23,47,1,11
1403715279.557545423507690,48,0,48,0,11
1403715279.606813192367554,49,1,48,1,11
1403715279.656507015228271,49,0,49,0,11
1403715279.706533193588257,49,0,49,0,11
1403715279.756521224975586,49,0,49,0,11
1403715279.806699275970459,49,0,49,0,11
1403715279.856188058853149,49,0,49,0,11
1403715279.905455112457275,49,0,49,0,11
1403715279.954866170883179,49,2,49,0,11
1403715280.004575252532959,49,0,49,0,11
1403715280.054443597793579,49,0,49,0,11
1403715280.104766845703125,49,19,49,0,11
1403715280.156473875045776,48,0,47,0,11
1403715280.208496332168579,48,1,46,0,11
1403715280.259402751922607,47,0,21,1,11
1403715280.309812307357788,47,0,19,1,11
1403715280.359995126724243,46,0,17,23,11
1403715280.410002231597900,45,0,39,2,11
1403715280.459867000579834,45,1,39,3,11
1403715280.509913682937622,45,0,41,1,11
1403715280.559800148010254,46,2,42,3,11
1403715280.609956741333008,45,1,44,1,11
1403715280.659668684005737,47,1,44,3,11
1403715280.709706068038940,48,21,45,2,11
1403715280.759710073471069,48,2,46,1,11
1403715280.809733390808105,47,1,45,2,11
1403715280.859789371490479,47,1,46,0,11
1403715280.909929275512695,46,2,44,0,11
1403715280.960105657577515,47,1,42,3,11
1403715281.010161399841309,43,0,42,1,11
1403715281.060247421264648,43,0,42,0,11
1403715281.110359668731689,43,0,42,0,11
1403715281.160507678985596,44,0,40,3,11
1403715281.210672855377197,44,1,44,0,11
1403715281.261034011840820,43,0,43,0,11
1403715281.311441421508789,48,14,42,6,11
1403715281.361386299133301,47,1,47,0,11
1403715281.411450147628784,47,0,47,0,11
1403715281.461578369140625,50,12,46,3,11
1403715281.511434555053711,50,1,47,0,11
1403715281.561408281326294,50,0,46,1,11
1403715281.611390590667725,50,0,45,2,11
1403715281.661358118057251,50,0,46,1,11
1403715281.711326122283936,42,0,39,1,11
1403715281.761364459991455,46,8,38,7,11
1403715281.811326503753662,44,0,43,0,11
1403715281.861373186111450,43,6,42,0,11
1403715281.911342144012451,49,3,41,7,11
1403715281.961344480514526,49,0,48,0,11
1403715282.011360406875610,48,0,46,0,11
1403715282.061489343643188,50,9,45,2,11
1403715282.111455678939819,49,0,43,1,11
1403715282.161483526229858,48,0,43,1,11
1403715282.211513519287109,47,0,43,3,11
1403715282.261545896530151,47,0,46,0,11
1403715282.311533689498901,45,1,45,0,11
1403715282.361630678176880,50,23,43,5,11
1403715282.411620616912842,48,0,45,0,11
1403715282.461664438247681,47,0,45,1,11
1403715282.511687278747559,49,3,45,3,11
1403715282.561683177947998,47,0,46,0,11
1403715282.611666679382324,44,0,44,0,11
1403715282.661631107330322,48,5,43,4,11
1403715282.711630105972290,48,2,45,0,11
1403715282.761627674102783,47,0,45,0,11
1403715282.811579942703247,47,1,45,2,11
1403715282.861591815948486,46,0,46,0,11
1403715282.911558151245117,46,0,46,0,11
1403715282.961513757705688,49,19,44,4,11
1403715283.011644124984741,49,0,44,0,11
1403715283.061713695526123,48,0,44,0,11
1403715283.111668348312378,49,2,44,4,11
1403715283.161740064620972,50,19,47,2,11
1403715283.211719512939453,50,1,49,0,11
1403715283.261770963668823,49,5,48,1,11
1403715283.311820030212402,49,27,48,1,11
1403715283.361832141876221,49,0,49,0,11
1403715283.411837816238403,49,0,49,0,11
1403715283.461819648742676,46,0,46,0,11
1403715283.511788845062256,41,0,41,0,11
1403715283.561785221099854,49,5,40,9,11
1403715283.611786842346191,48,2,48,0,11
1403715283.661893844604492,48,0,48,0,11
1403715283.712074518203735,50,2,48,2,11
1403715283.762319087982178,50,13,50,0,11
1403715283.812448978424072,49,0,49,0,11
1403715283.862541675567627,50,5,49,1,11
1403715283.912661075592041,50,22,50,0,11
1403715283.962531328201294,50,0,48,0,11
1403715284.012332916259766,50,0,48,0,11
1403715284.062074899673462,50,0,47,2,11
1403715284.112048625946045,50,24,50,0,11
1403715284.162133932113647,49,4,49,0,11
1403715284.212254524230957,49,0,49,0,11
1403715284.262337207794189,48,1,48,0,11
1403715284.312415838241577,48,0,48,0,11
1403715284.362456321716309,48,12,48,0,11
1403715284.412389516830444,49,0,47,1,11
1403715284.462442636489868,50,5,47,1,11
1403715284.512397289276123,50,18,49,1,11
1403715284.562387228012085,50,0,50,0,11
1403715284.612363100051880,50,0,49,0,11
1403715284.662322759628296,50,1,48,1,11
1403715284.712287187576294,50,19,49,0,11
1403715284.762272834777832,50,3,47,1,11
1403715284.812252759933472,50,0,48,0,11
1403715284.862243890762329,49,0,48,1,11
1403715284.912223815917969,49,1,48,0,11
1403715284.962225437164307,49,4,48,0,11
1403715285.012233257293701,48,0,48,0,11
1403715285.062247514724731,50,1,45,2,11
1403715285.112307786941528,50,17,46,0,11
1403715285.162298440933228,48,0,45,1,11
1403715285.212307929992676,46,1,45,0,11
1403715285.262287855148315,45,0,45,0,11
1403715285.312254428863525,49,13,45,4,11
1403715285.362209558486938,50,2,46,1,11
1403715285.412144184112549,50,0,46,0,11
1403715285.462098836898804,48,0,46,1,11
1403715285.512053251266479,48,0,46,1,11
1403715285.561965703964233,48,8,46,0,11
1403715285.611950635910034,48,0,44,2,11
1403715285.661974191665649,48,0,43,2,11
1403715285.712013721466064,50,18,45,4,11
1403715285.762013912200928,48,0,47,0,11
1403715285.812010765075684,46,0,45,1,11
1403715285.861989498138428,46,0,45,1,11
1403715285.911919832229614,50,14,46,4,11
1403715285.961872100830078,50,2,50,0,11
1403715286.011854648590088,50,1,50,0,11
1403715286.061837196350098,50,1,50,0,11
1403715286.111834287643433,50,0,50,0,11
1403715286.161844015121460,49,12,49,0,11
1403715286.211872577667236,49,0,49,0,11
1403715286.261870861053467,48,0,48,0,11
1403715286.311906337738037,50,15,48,2,11
1403715286.361888170242310,49,1,48,0,11
1403715286.411884784698486,49,0,48,0,11
1403715286.461875438690186,48,3,47,1,11
1403715286.511926174163818,48,10,44,2,11
1403715286.561928272247314,50,0,46,2,11
1403715286.611969232559204,47,2,46,0,11
1403715286.662003278732300,44,0,42,1,11
1403715286.712040185928345,41,0,37,0,11
1403715286.762001991271973,43,6,31,7,11
1403715286.811947584152222,40,1,35,3,11
1403715286.861883401870728,43,8,37,5,11
1403715286.911852359771729,46,10,40,5,11
1403715286.961847543716431,46,0,45,0,11
1403715287.011877298355103,44,0,42,0,11
1403715287.061899662017822,42,0,40,0,11
1403715287.111946821212769,47,0,38,7,11
1403715287.161984920501709,47,0,44,0,11
1403715287.212013483047485,44,0,39,2,11
1403715287.262018203735352,44,2,39,1,11
1403715287.312042951583862,46,9,38,6,11
1403715287.362055778503418,45,7,42,1,11
1403715287.412061929702759,44,0,43,1,11
1403715287.462067127227783,46,7,41,3,11
1403715287.512049674987793,48,5,44,2,11
1403715287.562048196792603,47,0,46,1,11
1403715287.612040758132935,43,0,43,0,11
1403715287.662035703659058,39,1,36,0,11
1403715287.712048768997192,39,1,34,0,11
1403715287.762086868286133,43,1,34,7,11
1403715287.812103509902954,39,2,38,1,11
1403715287.862125158309937,39,0,39,0,11
1403715287.912091970443726,47,2,36,8,11
1403715287.962082862854004,47,2,44,1,11
1403715288.012073040008545,45,2,42,1,11
1403715288.062090158462524,46,4,39,4,11
1403715288.112095355987549,48,1,43,3,11
1403715288.162117958068848,46,0,44,2,11
1403715288.212151288986206,47,0,45,1,11
1403715288.262148141860962,46,0,46,0,11
1403715288.312162876129150,47,1,44,1,11
1403715288.362172126770020,46,1,45,1,11
1403715288.412184238433838,50,0,46,4,11
1403715288.462193489074707,50,6,50,0,11
1403715288.512210607528687,50,2,49,0,11
1403715288.562245368957520,50,5,49,0,11
1403715288.612249851226807,50,0,49,1,11
1403715288.662240266799927,50,4,50,0,11
1403715288.712224721908569,50,2,50,0,11
1403715288.762218713760376,49,0,49,0,11
1403715288.812223196029663,49,1,48,0,11
1403715288.862254142761230,49,0,48,0,11
1403715288.912310838699341,49,0,48,1,11
1403715288.962342977523804,49,1,49,0,11
1403715289.012359142303467,49,0,49,0,11
1403715289.062365770339966,50,6,49,1,11
1403715289.112363100051880,50,4,48,0,11
1403715289.162369728088379,50,6,47,0,11
1403715289.212343215942383,50,0,46,2,11
1403715289.262342453002930,49,4,47,0,11
1403715289.312345743179321,49,1,46,1,11
1403715289.362349748611450,48,0,46,1,11
1403715289.412350416183472,47,0,46,1,11
1403715289.462357521057129,46,0,46,0,11
1403715289.512362718582153,45,0,44,0,11
1403715289.562360525131226,47,0,44,2,11
1403715289.612363100051880,40,3,40,0,11
1403715289.662358760833740,45,1,40,5,11
1403715289.712364673614502,48,0,45,3,11
1403715289.762375354766846,48,8,46,2,11
1403715289.812385320663452,48,0,48,0,11
1403715289.862390041351318,48,4,46,2,11
1403715289.912374019622803,50,8,48,2,11
1403715289.962359666824341,50,12,50,0,11
1403715290.012344121932983,50,1,50,0,11
1403715290.062338352203369,50,0,50,0,11
1403715290.112334251403809,50,0,50,0,11
1403715290.162327527999878,50,1,50,0,11
1403715290.212326049804688,50,3,50,0,11
1403715290.262339353561401,50,0,49,0,11
1403715290.312331199645996,50,1,50,0,11
1403715290.362335920333862,49,9,48,0,11
1403715290.412342071533203,48,0,48,0,11
1403715290.462325096130371,49,2,48,1,11
1403715290.512296915054321,48,2,48,0,11
1403715290.562259674072266,49,6,48,1,11
1403715290.612252235412598,50,1,48,1,11
1403715290.662250518798828,50,0,49,0,11
1403715290.712241649627686,50,1,49,1,11
1403715290.762235164642334,49,1,49,0,11
1403715290.812239170074463,50,1,49,1,11
1403715290.862245559692383,50,0,50,0,11
1403715290.912246942520142,50,1,50,0,11
1403715290.962249994277954,49,12,49,0,11
1403715291.012254238128662,50,2,49,1,11
1403715291.062244892120361,49,3,49,0,11
1403715291.112235069274902,48,5,46,0,11
1403715291.162219762802124,50,5,47,2,11
1403715291.212224483489990,49,0,49,0,11
1403715291.262225151062012,49,0,48,0,11
1403715291.312219619750977,49,0,48,0,11
1403715291.362213850021362,48,0,47,1,11
1403715291.412218570709229,48,1,48,0,11
1403715291.462214469909668,48,0,48,0,11
1403715291.512192726135254,47,1,46,0,11
1403715291.562196493148804,47,11,44,3,11
1403715291.612209796905518,47,0,47,0,11
1403715291.662216663360596,46,1,46,0,11
1403715291.712218761444092,43,6,43,0,11
1403715291.762215137481689,43,0,41,2,11
1403715291.812206268310547,44,0,43,1,11
1403715291.862194299697876,47,0,42,5,11
1403715291.912184000015259,47,0,47,0,11
1403715291.962173461914062,46,0,46,0,11
1403715292.012173891067505,45,1,45,0,11
1403715292.062179803848267,44,1,44,0,11
1403715292.112157106399536,49,9,43,6,11
1403715292.162116289138794,50,8,49,1,11
1403715292.212100028991699,50,0,47,0,11
1403715292.262072563171387,50,0,50,0,11
1403715292.312026262283325,49,6,49,0,11
1403715292.361969232559204,48,3,38,0,11
1403715292.411968231201172,45,2,21,1,11
1403715292.461965322494507,42,5,21,5,11
1403715292.511966466903687,34,1,11,8,11
1403715292.561969995498657,33,0,13,0,11
1403715292.611977815628052,32,1,9,13,11
1403715292.661982297897339,28,2,13,3,11
1403715292.711974620819092,28,1,15,4,11
1403715292.761962413787842,28,0,15,8,11
1403715292.811948299407959,28,0,16,1,11
1403715292.861911296844482,27,0,15,3,11
1403715292.911898374557495,27,1,16,7,11
1403715292.961881875991821,27,0,22,2,11
1403715293.011912107467651,27,0,23,2,11
1403715293.061924219131470,27,2,26,1,11
1403715293.111901760101318,32,1,27,5,11
1403715293.161908864974976,31,1,30,0,11
1403715293.211913824081421,36,0,29,7,11
1403715293.261912107467651,36,1,35,1,11
1403715293.311928749084473,46,1,33,11,11
1403715293.361934661865234,48,2,44,2,11
1403715293.411907434463501,47,2,46,1,11
1403715293.461943387985229,50,5,47,3,11
1403715293.511979103088379,50,3,50,0,11
1403715293.562003850936890,48,0,47,0,11
1403715293.612060546875000,50,1,46,2,11
1403715293.662083148956299,46,2,45,0,11
1403715293.712090730667114,49,11,45,4,11
1403715293.762085199356079,50,0,47,1,11
1403715293.812059164047241,48,3,45,0,11
1403715293.862053871154785,48,0,40,1,11
1403715293.912038803100586,46,0,38,1,11
1403715293.961989879608154,49,14,39,8,11
1403715294.011972188949585,48,1,46,1,11
1403715294.061929225921631,49,1,43,2,11
1403715294.111905813217163,50,3,47,2,11
1403715294.161906957626343,48,0,47,0,11
1403715294.211915254592896,47,0,46,0,11
1403715294.261929512023926,46,2,41,2,11
1403715294.311937570571899,46,4,39,4,11
1403715294.361942291259766,41,0,41,0,11
1403715294.411946535110474,42,1,41,1,11
1403715294.461953878402710,47,10,42,5,11
1403715294.511954545974731,47,0,46,0,11
1403715294.561950206756592,50,10,46,3,11
1403715294.611950635910034,50,0,48,1,11
1403715294.661957979202271,50,5,48,0,11
1403715294.711953401565552,48,6,48,0,11
1403715294.761943340301514,48,0,48,0,11
1403715294.811917066574097,47,3,45,2,11
1403715294.861903905868530,47,1,47,0,11
1403715294.911875724792480,48,6,46,2,11
1403715294.961843252182007,48,2,47,0,11
1403715295.011834859848022,45,1,43,0,11
1403715295.061813354492188,48,3,43,4,11
1403715295.111810684204102,46,0,46,0,11
1403715295.161802291870117,49,4,45,4,11
1403715295.211792469024658,49,0,49,0,11
1403715295.261797189712524,49,14,49,0,11
1403715295.311810493469238,49,0,49,0,11
1403715295.361821174621582,49,1,49,0,11
1403715295.411829710006714,49,0,49,0,11
1403715295.461835145950317,49,0,49,0,11
1403715295.511834859848022,48,7,47,0,11
1403715295.561833620071411,46,0,46,0,11
1403715295.611829996109009,46,0,45,0,11
1403715295.661815166473389,49,1,45,3,11
1403715295.711806535720825,48,0,47,0,11
1403715295.761801481246948,48,3,47,0,11
1403715295.811801433563232,47,2,46,0,11
1403715295.861804485321045,49,26,42,2,11
1403715295.911798954010010,45,0,42,0,11
1403715295.961807727813721,41,0,39,2,11
1403715296.011788606643677,41,0,40,0,11
1403715296.061763525009155,39,0,38,0,11
1403715296.111739158630371,43,0,37,6,11
1403715296.161736965179443,42,0,42,0,11
1403715296.211730718612671,42,2,41,0,11
1403715296.261710643768311,42,3,40,1,11
1403715296.311710357666016,41,4,39,1,11
1403715296.361715555191040,39,1,38,0,11
1403715296.411694288253784,48,2,35,11,11
1403715296.461636304855347,48,25,45,2,11
1403715296.511622667312622,48,0,47,0,11
1403715296.561564445495605,49,20,46,3,11
1403715296.611547231674194,48,0,48,0,11
1403715296.661539316177368,48,2,48,0,11
1403715296.711539745330811,48,0,47,1,11
1403715296.761540412902832,48,1,48,0,11
1403715296.811542510986328,48,3,47,0,11
1403715296.861542701721191,48,1,47,0,11
1403715296.911542892456055,48,1,47,1,11
1403715296.961531877517700,48,1,48,0,11
1403715297.011519670486450,48,0,47,1,11
1403715297.061500787734985,48,26,46,1,11
1403715297.111496210098267,48,0,46,0,11
1403715297.161499738693237,47,36,44,2,11
1403715297.211497783660889,45,0,44,1,11
1403715297.261500597000122,44,0,43,0,11
1403715297.311511754989624,45,0,42,1,11
1403715297.361525774002075,45,0,42,1,11
1403715297.411538600921631,44,0,43,0,11
1403715297.461540460586548,44,1,43,1,11
1403715297.511540651321411,43,2,42,0,11
1403715297.561541318893433,42,0,40,0,11
1403715297.611544370651245,39,2,37,1,11
1403715297.661561489105225,47,14,35,11,11
1403715297.711569786071777,46,1,45,0,11
1403715297.761588335037231,48,26,43,5,11
1403715297.811591148376465,47,0,47,0,11
1403715297.861588716506958,46,2,46,0,11
1403715297.911576032638550,45,5,45,0,11
1403715297.961566925048828,44,3,42,0,11
1403715298.011570930480957,41,1,36,0,11
1403715298.061574697494507,38,5,33,1,11
1403715298.111574411392212,34,2,33,0,11
1403715298.161574125289917,33,1,31,1,11
1403715298.211580991744995,44,0,31,13,11
1403715298.261555433273315,46,15,40,4,11
1403715298.311534404754639,45,2,42,0,11
1403715298.361532449722290,48,16,40,6,11
1403715298.411527633666992,48,1,46,1,11
1403715298.461530208587646,47,1,47,0,11
1403715298.511547565460205,47,1,46,0,11
1403715298.561568737030029,47,0,45,0,11
1403715298.611578464508057,47,2,45,1,11
1403715298.661603212356567,50,18,46,4,11
1403715298.711594820022583,49,2,49,0,11
1403715298.761588811874390,49,0,49,0,11
1403715298.811589002609253,48,0,48,0,11
1403715298.861605167388916,50,9,48,2,11
1403715298.911629199981689,50,0,50,0,11
1403715298.961648464202881,48,17,48,0,11
1403715299.011648416519165,48,0,48,0,11
1403715299.061643123626709,48,3,48,0,11
1403715299.111637592315674,48,1,48,0,11
1403715299.161628961563110,48,0,48,0,11
1403715299.211626529693604,48,0,48,0,11
1403715299.261629581451416,49,13,48,1,11
1403715299.311626911163330,49,0,47,1,11
1403715299.361611604690552,45,4,41,0,11
1403715299.411614894866943,44,1,39,1,11
1403715299.461611986160278,46,0,34,6,11
1403715299.511607646942139,40,1,36,0,11
1403715299.561604738235474,47,20,37,9,11
1403715299.611605882644653,45,0,44,0,11
1403715299.661606788635254,44,0,43,1,11
1403715299.711604833602905,44,0,43,0,11
1403715299.761603355407715,43,1,41,1,11
1403715299.811599969863892,41,1,39,0,11
1403715299.861588954925537,48,4,39,8,11
1403715299.911579847335815,46,2,44,0,11
1403715299.961556911468506,46,2,35,0,11
1403715300.011561393737793,44,2,14,1,11
1403715300.061562538146973,40,2,13,6,11
1403715300.111578941345215,42,9,18,22,11
1403715300.161607742309570,46,2,35,6,11
1403715300.211619377136230,45,1,39,0,11
1403715300.261622905731201,44,1,36,3,11
1403715300.311618328094482,43,0,37,2,11
1403715300.361607789993286,41,2,39,2,11
1403715300.411608219146729,45,0,40,4,11
1403715300.461598873138428,45,0,41,0,11
1403715300.511626958847046,47,3,40,5,11
1403715300.561618089675903,45,1,44,0,11
1403715300.611614227294922,45,1,44,0,11
1403715300.661615848541260,47,0,44,3,11
1403715300.711615562438965,50,11,47,3,11
1403715300.761612892150879,50,2,50,0,11
1403715300.811611652374268,49,16,49,0,11
1403715300.861605882644653,49,0,49,0,11
1403715300.911603212356567,49,0,49,0,11
1403715300.961599111557007,49,0,49,0,11
1403715301.011595726013184,48,0,47,0,11
1403715301.061594486236572,49,0,47,1,11
1403715301.111589670181274,50,3,48,2,11
1403715301.161587238311768,50,2,50,0,11
1403715301.211585521697998,49,0,49,0,11
1403715301.261590480804443,47,2,47,0,11
1403715301.311589956283569,49,9,47,2,11
1403715301.361593246459961,50,2,49,1,11
1403715301.411591529846191,50,8,50,0,11
1403715301.461592197418213,50,0,50,0,11
1403715301.511603116989136,50,1,50,0,11
1403715301.561613321304321,50,1,50,0,11
1403715301.611616373062134,49,4,49,0,11
1403715301.661611080169678,49,2,49,0,11
1403715301.711602687835693,49,7,49,0,11
1403715301.761593103408813,50,0,49,1,11
1403715301.811586856842041,50,1,49,0,11
1403715301.861585140228271,49,0,48,0,11
1403715301.911585807800293,50,7,48,2,11
1403715301.961585283279419,50,0,49,0,11
1403715302.011587142944336,50,6,49,0,11
1403715302.061588764190674,50,0,49,1,11
1403715302.111591339111328,50,0,50,0,11
1403715302.161592721939087,49,1,49,0,11
1403715302.211591958999634,49,8,49,0,11
1403715302.261590719223022,49,0,48,0,11
1403715302.311592340469360,50,9,45,1,11
1403715302.361594676971436,50,0,46,1,11
1403715302.411604881286621,49,0,47,2,11
1403715302.461606264114380,49,0,49,0,11
1403715302.511607408523560,50,4,48,1,11
1403715302.561609268188477,50,0,49,0,11
1403715302.611607313156128,50,6,49,1,11
1403715302.661604642868042,50,0,50,0,11
1403715302.711604833602905,50,0,50,0,11
1403715302.761608123779297,50,1,50,0,11
1403715302.811614990234375,50,7,50,0,11
1403715302.861617088317871,50,0,49,0,11
1403715302.911616086959839,50,10,48,0,11
1403715302.961618185043335,50,0,48,1,11
1403715303.011619806289673,49,1,45,1,11
1403715303.061620712280273,48,7,44,1,11
1403715303.111619234085083,49,2,42,3,11
1403715303.161611080169678,49,0,43,1,11
1403715303.211591482162476,50,5,43,4,11
1403715303.261575222015381,48,2,43,0,11
1403715303.311571359634399,45,1,38,0,11
1403715303.361574411392212,43,1,35,2,11
1403715303.411615371704102,46,16,38,6,11
1403715303.461625576019287,45,1,41,1,11
1403715303.511636972427368,47,2,41,2,11
1403715303.561642408370972,48,37,42,4,11
1403715303.611644506454468,44,0,42,0,11
1403715303.661640405654907,41,0,39,0,11
1403715303.711634874343872,39,2,34,2,11
1403715303.761629819869995,39,1,34,1,11
1403715303.811620473861694,39,3,31,5,11
1403715303.861611127853394,36,4,34,0,11
1403715303.911604404449463,32,1,32,0,11
1403715303.961596488952637,32,0,30,1,11
1403715304.011594057083130,36,1,31,4,11
1403715304.061592578887939,34,0,34,0,11
1403715304.111591577529907,33,0,32,1,11
1403715304.161597490310669,48,8,30,17,11
1403715304.211596250534058,49,0,47,1,11
1403715304.261598110198975,49,10,48,1,11
1403715304.311608791351318,49,27,49,0,11
1403715304.361610174179077,49,0,49,0,11
1403715304.411612749099731,49,0,49,0,11
1403715304.461616516113281,49,0,47,0,11
1403715304.511624574661255,49,0,45,0,11
1403715304.561632156372070,48,0,44,1,11
1403715304.611632585525513,47,0,42,1,11
1403715304.661633491516113,46,0,42,1,11
1403715304.711633682250977,44,0,41,1,11
1403715304.761627912521362,49,0,40,5,11
1403715304.811631679534912,48,0,44,1,11
1403715304.861642122268677,50,7,43,4,11
1403715304.911644458770752,49,19,45,0,11
1403715304.961642265319824,48,0,45,1,11
1403715305.011642456054688,47,0,46,1,11
1403715305.061642646789551,46,0,46,0,11
1403715305.111641645431519,46,0,46,0,11
1403715305.161636829376221,46,0,46,0,11
1403715305.211632013320923,46,0,46,0,11
1403715305.261627912521362,46,0,45,0,11
1403715305.311628818511963,47,0,45,1,11
1403715305.361617326736450,49,15,46,3,11
1403715305.411619186401367,49,0,49,0,11
1403715305.461617231369019,50,5,49,1,11
1403715305.511613368988037,50,16,50,0,11
1403715305.561613321304321,50,0,49,0,11
1403715305.611613273620605,49,0,48,0,11
1403715305.661613941192627,49,0,47,1,11
1403715305.711613178253174,49,0,47,0,11
1403715305.761610746383667,49,1,46,1,11
1403715305.811608314514160,48,0,47,0,11
1403715305.861604452133179,48,2,46,2,11
1403715305.911602497100830,49,0,48,1,11
1403715305.961599826812744,49,12,49,0,11
1403715306.011598825454712,49,0,49,0,11
1403715306.061600208282471,50,4,48,1,11
1403715306.111603021621704,49,32,47,0,11
1403715306.161602735519409,49,1,46,1,11
1403715306.211602926254272,49,0,47,1,11
1403715306.261601209640503,48,0,48,0,11
1403715306.311599254608154,49,1,48,1,11
1403715306.361597537994385,50,2,48,1,11
1403715306.411596536636353,50,1,47,0,11
1403715306.461597442626953,49,5,46,0,11
1403715306.511599540710449,48,1,46,1,11
1403715306.561600685119629,47,8,45,1,11
1403715306.611599206924438,46,0,44,0,11
1403715306.661595582962036,44,0,42,1,11
1403715306.711595773696899,46,17,40,6,11
1403715306.761596441268921,46,2,45,1,11
1403715306.811599969863892,44,2,43,0,11
1403715306.861603021621704,44,2,41,1,11
1403715306.911603689193726,42,4,41,0,11
1403715306.961609601974487,41,3,41,0,11
1403715307.011617422103882,41,1,40,0,11
1403715307.061625719070435,36,6,35,0,11
1403715307.111639976501465,36,0,35,0,11
1403715307.161649227142334,49,8,35,14,11
1403715307.211648941040039,48,0,48,0,11
1403715307.261651039123535,49,0,47,1,11
1403715307.311658859252930,50,11,47,1,11
1403715307.361663579940796,49,3,47,0,11
1403715307.411669492721558,44,1,42,1,11
1403715307.461682558059692,40,5,39,1,11
1403715307.511693716049194,49,2,40,9,11
1403715307.561699867248535,45,20,41,1,11
1403715307.611703395843506,45,2,41,1,11
1403715307.661701202392578,40,0,40,0,11
1403715307.711700677871704,39,0,39,0,11
1403715307.761699914932251,39,2,35,4,11
1403715307.811695814132690,36,1,36,0,11
1403715307.861694812774658,30,0,28,0,11
1403715307.911695718765259,33,6,26,6,11
1403715307.961698055267334,48,7,32,16,11
1403715308.011697053909302,48,1,45,1,11
1403715308.061696290969849,47,1,46,0,11
1403715308.111696720123291,46,0,46,0,11
1403715308.161699771881104,50,16,45,4,11
1403715308.211700677871704,49,1,48,0,11
1403715308.261701583862305,48,1,47,0,11
1403715308.311702966690063,45,0,44,0,11
1403715308.361704349517822,43,1,42,0,11
1403715308.411702632904053,46,6,38,7,11
1403715308.461692094802856,45,21,41,4,11
1403715308.511693239212036,45,0,43,0,11
1403715308.561686754226685,49,5,43,4,11
1403715308.611687421798706,47,1,46,1,11
1403715308.661689043045044,47,0,47,0,11
1403715308.711692810058594,47,0,46,0,11
1403715308.761699914932251,49,7,46,2,11
1403715308.811707258224487,48,0,48,0,11
1403715308.861711263656616,48,0,48,0,11
1403715308.911715507507324,48,0,48,0,11
1403715308.961714982986450,48,0,48,0,11
1403715309.011710405349731,49,15,48,1,11
1403715309.061708211898804,50,19,49,1,11
1403715309.111707925796509,50,0,50,0,11
1403715309.161707639694214,50,3,50,0,11
1403715309.211714267730713,50,2,50,0,11
1403715309.261727809906006,49,3,49,0,11
1403715309.311726331710815,49,2,49,0,11
1403715309.361730098724365,50,6,49,1,11
1403715309.411735773086548,50,2,50,0,11
1403715309.461742162704468,50,1,50,0,11
1403715309.511750936508179,50,1,50,0,11
1403715309.561754703521729,49,1,48,0,11
1403715309.611752033233643,49,11,48,0,11
1403715309.661756515502930,50,13,48,2,11
1403715309.711753368377686,50,1,49,0,11
1403715309.761750459671021,50,3,48,0,11
1403715309.811747312545776,49,1,46,1,11
1403715309.861745119094849,48,0,47,0,11
1403715309.911744594573975,47,2,47,0,11
1403715309.961743593215942,50,3,47,3,11
1403715310.011745452880859,50,1,50,0,11
1403715310.061751842498779,50,1,50,0,11
1403715310.111755371093750,50,0,49,0,11
1403715310.161764383316040,48,17,47,0,11
1403715310.211769819259644,47,9,43,2,11
1403715310.261775016784668,45,10,40,2,11
1403715310.311775207519531,44,0,41,2,11
1403715310.361775159835815,47,0,42,5,11
1403715310.411770105361938,47,0,45,0,11
1403715310.461761474609375,45,2,42,0,11
1403715310.511754989624023,43,0,40,1,11
1403715310.561747074127197,43,1,37,4,11
1403715310.611740350723267,42,1,39,0,11
1403715310.661736726760864,41,1,39,1,11
1403715310.711733341217041,39,3,39,0,11
1403715310.761728048324585,45,2,37,8,11
1403715310.811727285385132,47,8,44,3,11
1403715310.861732959747314,48,21,46,2,11
1403715310.911732673645020,48,1,48,0,11
1403715310.961730480194092,47,0,46,0,11
1403715311.011730909347534,46,0,46,0,11
1403715311.061732053756714,49,22,46,3,11
1403715311.111736059188843,48,2,46,0,11
1403715311.161736726760864,48,0,45,0,11
1403715311.211738109588623,48,0,46,2,11
1403715311.261738061904907,48,0,48,0,11
1403715311.311744213104248,50,13,48,2,11
1403715311.361747503280640,50,5,50,0,11
1403715311.411748647689819,50,3,50,0,11
1403715311.461751222610474,49,19,49,0,11
1403715311.511752605438232,48,1,48,0,11
1403715311.561752796173096,46,0,45,0,11
1403715311.611750364303589,45,0,44,0,11
1403715311.661750316619873,49,12,41,5,11
1403715311.711747884750366,48,0,44,1,11
1403715311.761746168136597,47,0,44,2,11
1403715311.811745405197144,46,0,46,0,11
1403715311.861745119094849,46,0,46,0,11
1403715311.911744832992554,50,9,46,4,11
1403715311.961740732192993,50,4,50,0,11
1403715312.011743068695068,50,18,50,0,11
1403715312.061740398406982,50,19,49,0,11
1403715312.111739397048950,49,0,48,0,11
1403715312.161742210388184,46,0,44,1,11
1403715312.211742877960205,44,0,43,0,11
1403715312.261744022369385,47,7,40,6,11
1403715312.311745166778564,44,1,42,0,11
1403715312.361746549606323,40,2,39,1,11
1403715312.411747217178345,38,3,38,0,11
1403715312.461747884750366,36,2,34,0,11
1403715312.511748313903809,42,7,34,6,11
1403715312.561747074127197,41,2,37,3,11
1403715312.611752986907959,48,4,39,8,11
1403715312.661752939224243,46,14,44,2,11
1403715312.711752891540527,45,0,44,0,11
1403715312.761749505996704,48,3,43,4,11
1403715312.811751842498779,48,3,47,1,11
1403715312.861753463745117,49,5,46,2,11
1403715312.911751985549927,47,0,47,0,11
1403715312.961747646331787,49,6,46,3,11
1403715313.011743307113647,48,1,47,0,11
1403715313.061739683151245,50,1,46,2,11
1403715313.111740827560425,44,7,40,1,11
1403715313.161740064620972,47,2,40,4,11
1403715313.211735248565674,49,2,44,4,11
1403715313.261731863021851,48,11,47,1,11
1403715313.311730623245239,48,0,47,0,11
1403715313.361729383468628,48,7,46,1,11
1403715313.411728858947754,48,0,46,1,11
1403715313.461726665496826,50,1,46,2,11
1403715313.511724233627319,49,0,47,0,11
1403715313.561721324920654,50,5,47,2,11
1403715313.611720323562622,49,0,49,0,11
1403715313.661717891693115,49,0,46,0,11
1403715313.711722850799561,50,11,46,1,11
1403715313.761720895767212,50,2,45,3,11
1403715313.811723232269287,50,1,48,0,11
1403715313.861725807189941,50,11,47,2,11
1403715313.911728858947754,50,0,45,0,11
1403715313.961743593215942,49,7,42,1,11
1403715314.011756181716919,47,0,41,1,11
1403715314.061765432357788,47,1,41,3,11
1403715314.111764907836914,47,0,44,2,11
1403715314.161774158477783,48,2,43,4,11
1403715314.211779594421387,41,1,37,1,11
1403715314.261782407760620,36,0,35,0,11
1403715314.311783790588379,45,1,34,10,11
1403715314.361779689788818,44,1,41,0,11
1403715314.411777734756470,42,0,39,1,11
1403715314.461776971817017,46,2,40,5,11
1403715314.511776447296143,47,0,45,2,11
1403715314.561777591705322,48,4,44,2,11
1403715314.611780643463135,49,0,45,1,11
1403715314.661782741546631,48,1,46,1,11
1403715314.711783885955811,46,0,46,0,11
1403715314.761781692504883,49,7,46,3,11
1403715314.811784982681274,49,2,49,0,11
1403715314.861784219741821,49,0,48,1,11
1403715314.911786079406738,49,3,49,0,11
1403715314.961784601211548,49,3,49,0,11
1403715315.011787414550781,50,5,49,1,11
1403715315.061789274215698,50,4,50,0,11
1403715315.111785173416138,50,7,49,0,11
1403715315.161782503128052,49,8,49,0,11
1403715315.211784839630127,50,1,48,1,11
1403715315.261788129806519,50,4,48,0,11
1403715315.311793327331543,49,3,48,0,11
1403715315.361799001693726,48,10,48,0,11
1403715315.411800861358643,48,0,48,0,11
1403715315.461801052093506,47,0,47,0,11
1403715315.511801958084106,49,3,46,2,11
1403715315.561801433563232,50,2,46,1,11
1403715315.611800432205200,50,4,47,1,11
1403715315.661799430847168,49,7,46,1,11
1403715315.711801052093506,50,5,48,1,11
1403715315.761805295944214,49,8,47,1,11
1403715315.811807155609131,48,0,44,0,11
1403715315.861809015274048,48,5,44,1,11
1403715315.911810398101807,49,4,44,4,11
1403715315.961812734603882,50,9,47,1,11
1403715316.011811494827271,50,2,48,1,11
1403715316.061810493469238,49,1,48,1,11
1403715316.111809015274048,48,2,48,0,11
1403715316.161808013916016,45,2,42,2,11
1403715316.211805343627930,47,1,43,3,11
1403715316.261801242828369,46,10,42,2,11
1403715316.311797857284546,47,4,42,4,11
1403715316.361798286437988,48,3,44,3,11
1403715316.411799669265747,48,0,44,0,11
1403715316.461804389953613,48,4,42,2,11
1403715316.511816501617432,44,6,41,2,11
1403715316.561830997467041,47,2,41,5,11
1403715316.611841917037964,46,0,45,0,11
1403715316.661852598190308,45,1,44,0,11
1403715316.711855411529541,47,0,44,2,11
1403715316.761856555938721,47,0,46,1,11
1403715316.811854600906372,47,0,47,0,11
1403715316.861859560012817,49,22,45,2,11
1403715316.911863088607788,50,7,46,1,11
1403715316.961868047714233,49,4,47,1,11
1403715317.011871576309204,47,0,46,0,11
1403715317.061873674392700,46,3,43,2,11
1403715317.111872673034668,48,14,43,4,11
1403715317.161870002746582,48,2,44,1,11
1403715317.211871385574341,46,0,43,1,11
1403715317.261869192123413,46,1,43,2,11
1403715317.311872005462646,44,0,44,0,11
1403715317.361876249313354,44,0,43,0,11
1403715317.411876201629639,43,0,42,0,11
1403715317.461878299713135,50,11,41,8,11
1403715317.511877775192261,49,3,48,0,11
1403715317.561877727508545,49,1,47,1,11
1403715317.611877679824829,49,15,48,1,11
1403715317.661877393722534,48,1,47,0,11
1403715317.711879014968872,47,10,44,1,11
1403715317.761879205703735,48,0,44,2,11
1403715317.811880826950073,45,1,45,0,11
1403715317.861882448196411,46,0,45,1,11
1403715317.911883115768433,45,2,44,0,11
1403715317.961882591247559,45,8,40,5,11
1403715318.011883258819580,42,0,42,0,11
1403715318.061884880065918,48,5,39,8,11
1403715318.111885070800781,48,1,46,1,11
1403715318.161883831024170,48,0,46,2,11
1403715318.211883544921875,50,22,48,2,11
1403715318.261883258819580,49,0,49,0,11
1403715318.311881542205811,50,7,49,1,11
1403715318.361881971359253,50,1,50,0,11
1403715318.411879301071167,50,0,49,0,11
1403715318.461878061294556,48,0,46,0,11
1403715318.511873722076416,46,0,45,0,11
1403715318.561861753463745,48,18,42,4,11
1403715318.611861467361450,48,0,46,0,11
1403715318.661857128143311,49,2,46,3,11
1403715318.711856603622437,47,0,47,0,11
1403715318.761868238449097,47,0,45,0,11
1403715318.811877727508545,47,18,43,2,11
1403715318.861881971359253,46,1,44,1,11
1403715318.911882162094116,50,3,45,4,11
1403715318.961884498596191,48,0,48,0,11
1403715319.011884927749634,48,1,48,0,11
1403715319.061886072158813,48,1,47,0,11
1403715319.111886024475098,46,0,45,0,11
1403715319.161888599395752,48,8,42,4,11
1403715319.211888790130615,44,1,41,1,11
1403715319.261895656585693,43,0,41,1,11
1403715319.311911344528198,50,14,40,8,11
1403715319.361919164657593,48,0,46,0,11
1403715319.411924123764038,48,16,46,2,11
1403715319.461925029754639,46,1,46,0,11
1403715319.511924743652344,46,2,43,3,11
1403715319.561925172805786,44,0,44,0,11
1403715319.611922979354858,44,1,44,0,11
1403715319.661921501159668,42,1,42,0,11
1403715319.711915016174316,42,0,42,0,11
1403715319.761915206909180,48,12,41,6,11
1403715319.811913013458252,46,0,44,0,11
1403715319.861911296844482,46,0,44,1,11
1403715319.911906719207764,49,8,45,4,11
1403715319.961907386779785,48,13,44,1,11
1403715320.011908292770386,50,14,39,2,11
1403715320.061912298202515,47,0,28,2,11
1403715320.111919403076172,42,1,21,3,11
1403715320.161924600601196,37,3,20,7,11
1403715320.211925983428955,33,1,24,6,11
1403715320.261926651000977,32,2,27,2,11
1403715320.311927556991577,31,0,27,0,11
1403715320.361925601959229,39,0,22,15,11
1403715320.411932945251465,38,2,32,0,11
1403715320.461954116821289,50,1,16,13,11
1403715320.511967897415161,44,10,26,1,11
1403715320.561980009078979,47,6,25,16,11
1403715320.611982107162476,47,10,40,7,11
1403715320.661983251571655,48,1,47,1,11
1403715320.711981058120728,47,1,43,1,11
1403715320.761981725692749,47,0,45,1,11
1403715320.811986684799194,48,10,44,4,11
1403715320.861984014511108,48,1,48,0,11
1403715320.911982059478760,48,1,47,0,11
1403715320.961978197097778,48,0,47,0,11
1403715321.011973619461060,46,0,46,0,11
1403715321.061972379684448,46,2,44,1,11
1403715321.111975669860840,50,6,43,4,11
1403715321.161972284317017,50,18,46,1,11
1403715321.211972236633301,50,12,42,2,11
1403715321.261974096298218,49,0,38,0,11
1403715321.311982154846191,48,0,21,4,11
1403715321.361983299255371,46,0,17,5,11
1403715321.411998510360718,44,4,21,14,11
1403715321.462002038955688,43,0,31,7,11
1403715321.511998176574707,42,0,32,0,11
1403715321.561999082565308,42,0,31,4,11
1403715321.611998081207275,42,0,29,6,11
1403715321.662010669708252,42,0,32,1,11
1403715321.712015867233276,47,0,30,11,11
1403715321.762024164199829,49,9,41,5,11
1403715321.812026023864746,50,11,45,3,11
1403715321.862026691436768,49,1,47,0,11
1403715321.912024259567261,50,1,47,2,11
1403715321.962022304534912,49,2,49,0,11
1403715322.012028932571411,50,9,49,1,11
1403715322.062035560607910,50,3,50,0,11
1403715322.112046241760254,49,1,48,0,11
1403715322.162049055099487,49,1,48,0,11
1403715322.212047338485718,49,1,48,1,11
1403715322.262045145034790,48,2,48,0,11
1403715322.312044143676758,49,0,48,1,11
1403715322.362033367156982,47,33,44,1,11
1403715322.412035942077637,47,9,42,3,11
1403715322.462038040161133,48,0,42,3,11
1403715322.512039899826050,45,0,40,0,11
1403715322.562041521072388,44,1,34,4,11
1403715322.612047433853149,46,1,35,6,11
1403715322.662056446075439,44,1,41,2,11
1403715322.712063789367676,44,1,42,2,11
1403715322.762067794799805,43,6,41,0,11
1403715322.812071800231934,41,2,39,0,11
1403715322.862075567245483,41,2,39,1,11
1403715322.912077426910400,38,1,37,0,11
1403715322.962080478668213,50,13,37,12,11
1403715323.012081384658813,48,7,48,0,11
1403715323.062081813812256,46,0,46,0,11
1403715323.112083196640015,45,4,45,0,11
1403715323.162083148956299,45,1,45,0,11
1403715323.212084293365479,49,21,44,5,11
1403715323.262089252471924,50,20,48,1,11
1403715323.312091588973999,47,0,47,0,11
1403715323.362092971801758,47,0,47,0,11
1403715323.412094116210938,46,2,46,0,11
1403715323.462095022201538,44,0,44,0,11
1403715323.512097120285034,45,2,44,1,11
1403715323.562097311019897,48,8,43,4,11
1403715323.612088918685913,49,6,46,1,11
1403715323.662078380584717,44,2,41,1,11
1403715323.712068557739258,44,1,39,1,11
1403715323.762060642242432,42,1,33,0,11
1403715323.812057256698608,47,0,35,9,11
1403715323.862056970596313,50,24,42,6,11
1403715323.912056207656860,46,0,44,0,11
1403715323.962054729461670,44,1,40,2,11
1403715324.012058258056641,40,1,36,1,11
1403715324.062067508697510,38,0,34,0,11
1403715324.112077951431274,37,0,31,1,11
1403715324.162083864212036,41,0,32,6,11
1403715324.212089538574219,41,0,37,4,11
1403715324.262092828750610,46,1,41,5,11
1403715324.312097072601318,46,0,46,0,11
1403715324.362101316452026,46,0,46,0,11
1403715324.412114858627319,49,15,46,3,11
1403715324.462125062942505,50,16,49,1,11
1403715324.512128591537476,50,1,50,0,11
1403715324.562135696411133,50,1,50,0,11
1403715324.612147569656372,50,0,50,0,11
1403715324.662159919738770,50,0,50,0,11
1403715324.712174415588379,50,2,49,0,11
1403715324.762191295623779,50,15,49,0,11
1403715324.812195062637329,50,1,48,1,11
1403715324.862201213836670,50,0,48,0,11
1403715324.912206888198853,50,0,49,1,11
1403715324.962210893630981,50,0,50,0,11
1403715325.012215614318848,50,14,50,0,11
1403715325.062219619750977,50,14,50,0,11
1403715325.112220764160156,50,0,49,0,11
1403715325.162221193313599,50,0,49,1,11
1403715325.212222337722778,50,0,50,0,11
1403715325.262223958969116,50,0,50,0,11
1403715325.312228441238403,50,1,50,0,11
1403715325.362233877182007,50,13,50,0,11
1403715325.412239313125610,50,0,49,0,11
1403715325.462241649627686,50,0,50,0,11
1403715325.512242078781128,50,0,49,0,11
1403715325.562239646911621,49,0,48,0,11
1403715325.612235069274902,50,12,48,2,11
1403715325.662230014801025,50,15,50,0,11
1403715325.712229490280151,50,0,49,0,11
1403715325.762226819992065,50,0,49,0,11
1403715325.812223672866821,50,0,48,1,11
1403715325.862220525741577,50,0,50,0,11
1403715325.912218093872070,50,2,50,0,11
1403715325.962213516235352,50,12,49,0,11
1403715326.012212038040161,50,0,49,0,11
1403715326.062211036682129,49,0,49,0,11
1403715326.112210750579834,49,0,49,0,11
1403715326.162210464477539,49,0,49,0,11
1403715326.212213516235352,50,10,49,1,11
1403715326.262214899063110,50,15,50,0,11
1403715326.312221288681030,50,0,50,0,11
1403715326.362226963043213,50,1,50,0,11
1403715326.412229299545288,50,2,50,0,11
1403715326.462227821350098,50,2,50,0,11
1403715326.512225866317749,50,2,50,0,11
1403715326.562225341796875,50,15,49,0,11
1403715326.612224817276001,49,2,49,0,11
1403715326.662226676940918,50,1,48,1,11
1403715326.712230205535889,50,0,48,0,11
1403715326.762234687805176,50,0,48,1,11
1403715326.812247276306152,50,25,49,1,11
1403715326.862251996994019,50,14,50,0,11
1403715326.912251949310303,50,0,50,0,11
1403715326.962251901626587,50,0,49,0,11
1403715327.012254238128662,50,1,49,0,11
1403715327.062256574630737,49,0,49,0,11
1403715327.112258434295654,49,0,49,0,11
1403715327.162264585494995,50,11,49,1,11
1403715327.212267398834229,50,0,50,0,11
1403715327.262271404266357,50,1,50,0,11
1403715327.312273025512695,49,0,49,0,11
1403715327.362274885177612,49,1,49,0,11
1403715327.412278175354004,49,20,49,0,11
1403715327.462277173995972,48,13,47,1,11
1403715327.512276172637939,47,0,47,0,11
1403715327.562276601791382,47,0,47,0,11
1403715327.612277269363403,47,0,47,0,11
1403715327.662277460098267,49,0,47,2,11
1403715327.712278604507446,49,0,49,0,11
1403715327.762281656265259,50,11,48,1,11
1403715327.812282323837280,50,2,49,0,11
1403715327.862285614013672,49,0,49,0,11
1403715327.912292242050171,48,0,47,0,11
1403715327.962290525436401,48,1,47,0,11
1403715328.012290954589844,48,15,47,1,11
1403715328.062287569046021,50,9,48,2,11
1403715328.112285852432251,50,2,50,0,11
1403715328.162286758422852,50,4,49,0,11
1403715328.212284088134766,50,1,49,0,11
1403715328.262283325195312,48,1,48,0,11
1403715328.312282323837280,48,0,48,0,11
1403715328.362278938293457,49,8,47,1,11
1403715328.412277460098267,50,2,48,1,11
1403715328.462274789810181,49,1,49,0,11
1403715328.512261152267456,50,30,49,1,11
1403715328.562258720397949,50,0,50,0,11
1403715328.612247467041016,50,14,50,0,11
1403715328.662237644195557,50,9,50,0,11
1403715328.712240219116211,50,0,49,0,11
1403715328.762240648269653,50,0,49,0,11
1403715328.812241077423096,48,0,47,0,11
1403715328.862238883972168,49,0,47,1,11
1403715328.912235260009766,48,1,48,0,11
1403715328.962229013442993,48,4,47,0,11
1403715329.012227058410645,48,1,47,0,11
1403715329.062224864959717,49,1,47,2,11
1403715329.112232208251953,50,26,48,1,11
1403715329.162236690521240,49,2,46,0,11
1403715329.212245464324951,47,14,44,0,11
1403715329.262251377105713,47,7,43,2,11
1403715329.312257528305054,46,0,46,0,11
1403715329.362259864807129,46,0,46,0,11
1403715329.412262678146362,46,0,46,0,11
1403715329.462261915206909,45,0,44,0,11
1403715329.512259483337402,45,0,44,0,11
1403715329.562256813049316,48,1,44,4,11
1403715329.612255811691284,48,1,48,0,11
1403715329.662255287170410,48,0,47,1,11
1403715329.712257385253906,50,18,48,2,11
1403715329.762258291244507,50,0,50,0,11
1403715329.812256574630737,50,11,50,0,11
1403715329.862257719039917,50,4,50,0,11
1403715329.912256717681885,50,0,50,0,11
1403715329.962256669998169,50,11,50,0,11
1403715330.012255430221558,50,0,50,0,11
1403715330.062253713607788,50,0,49,0,11
1403715330.112247943878174,50,1,47,0,11
1403715330.162248134613037,50,1,46,0,11
1403715330.212238311767578,49,36,45,2,11
1403715330.262237787246704,48,1,47,1,11
1403715330.312237262725830,50,15,48,2,11
1403715330.362236499786377,50,0,50,0,11
1403715330.412234783172607,50,10,50,0,11
1403715330.462228775024414,50,5,50,0,11
1403715330.512225151062012,50,0,50,0,11
1403715330.562221765518188,50,15,50,0,11
1403715330.612216472625732,50,0,50,0,11
1403715330.662212371826172,50,0,50,0,11
1403715330.712213754653931,50,0,50,0,11
1403715330.762215852737427,50,0,50,0,11
1403715330.812211036682129,50,30,50,0,11
1403715330.862215757369995,50,1,50,0,11
1403715330.912221670150757,50,9,50,0,11
1403715330.962227821350098,50,0,50,0,11
1403715331.012233972549438,50,7,50,0,11
1403715331.062238693237305,50,5,49,0,11
1403715331.112240791320801,50,2,49,0,11
1403715331.162237644195557,50,9,49,1,11
1403715331.212234735488892,50,1,50,0,11
1403715331.262230634689331,50,0,50,0,11
1403715331.312224626541138,50,0,50,0,11
1403715331.362219333648682,50,0,50,0,11
1403715331.412211418151855,50,33,50,0,11
1403715331.462207078933716,50,3,49,0,11
1403715331.512205123901367,50,12,49,0,11
1403715331.562207698822021,50,0,49,1,11
1403715331.612208127975464,50,8,50,0,11
1403715331.662207365036011,50,7,50,0,11
1403715331.712206363677979,50,3,50,0,11
1403715331.762206554412842,50,14,50,0,11
1403715331.812207460403442,50,0,50,0,11
1403715331.862207651138306,50,1,50,0,11
1403715331.912209510803223,50,3,49,0,11
1403715331.962211370468140,50,0,49,0,11
1403715332.012212038040161,49,24,48,1,11
1403715332.062214851379395,49,2,49,0,11
1403715332.112217426300049,50,10,49,1,11
1403715332.162217378616333,50,0,50,0,11
1403715332.212218284606934,50,8,49,0,11
1403715332.262219429016113,50,6,49,0,11
1403715332.312218904495239,50,1,49,1,11
1403715332.362219572067261,50,14,49,0,11
1403715332.412219762802124,50,0,49,0,11
1403715332.462220668792725,50,0,49,1,11
1403715332.512219429016113,50,0,50,0,11
1403715332.562223196029663,50,0,49,0,11
1403715332.612228631973267,50,24,49,0,11
1403715332.662234067916870,50,2,49,1,11
1403715332.712242841720581,50,10,50,0,11
1403715332.762239933013916,50,0,50,0,11
1403715332.812240123748779,49,8,49,0,11
1403715332.862241268157959,50,5,49,1,11
1403715332.912241458892822,50,2,50,0,11
1403715332.962238073348999,50,15,49,0,11
1403715333.012230157852173,49,0,47,0,11
1403715333.062230348587036,47,0,45,1,11
1403715333.112230539321899,47,0,46,0,11
1403715333.162225961685181,47,4,46,1,11
1403715333.212217569351196,50,19,46,3,11
1403715333.262217283248901,50,2,50,0,11
1403715333.312224388122559,50,7,49,0,11
1403715333.362225770950317,50,0,49,0,11
1403715333.412227153778076,50,8,49,1,11
1403715333.462227106094360,50,7,50,0,11
1403715333.512226581573486,50,1,48,0,11
1403715333.562216520309448,49,39,47,0,11
1403715333.612214803695679,50,4,46,3,11
1403715333.662213802337646,49,1,47,0,11
1403715333.712213754653931,49,0,45,0,11
1403715333.762212991714478,47,4,45,0,11
1403715333.812212944030762,50,15,44,5,11
1403715333.862213611602783,50,2,47,0,11
1403715333.912217378616333,49,7,47,0,11
1403715333.962225675582886,48,2,43,1,11
1403715334.012236595153809,49,5,41,1,11
1403715334.062246084213257,48,2,43,3,11
1403715334.112253665924072,48,0,46,2,11
1403715334.162259101867676,50,28,48,2,11
1403715334.212260007858276,50,4,49,0,11
1403715334.262257337570190,50,2,48,0,11
1403715334.312256336212158,49,0,44,1,11
1403715334.362253904342651,50,1,44,2,11
1403715334.412253856658936,49,15,44,2,11
1403715334.462253332138062,50,1,42,2,11
1403715334.512253046035767,48,6,42,1,11
1403715334.562249660491943,47,0,44,2,11
1403715334.612245559692383,48,1,30,3,11
1403715334.662251710891724,48,2,27,3,11
1403715334.712256669998169,42,1,26,10,11
1403715334.762266159057617,50,18,39,10,11
1403715334.812273979187012,49,4,48,0,11
1403715334.862273216247559,49,1,47,0,11
1403715334.912276744842529,48,1,45,1,11
1403715334.962277889251709,48,1,46,1,11
1403715335.012287139892578,46,37,45,0,11
1403715335.062289237976074,48,4,45,3,11
1403715335.112289428710938,49,3,46,2,11
1403715335.162288904190063,47,1,46,0,11
1403715335.212288856506348,47,0,44,1,11
1403715335.262287855148315,47,0,43,0,11
1403715335.312286615371704,45,2,39,3,11
1403715335.362284183502197,47,10,40,5,11
1403715335.412283182144165,49,2,45,4,11
1403715335.462283372879028,49,2,46,1,11
1403715335.512284517288208,48,1,46,0,11
1403715335.562285423278809,46,2,45,0,11
1403715335.612287044525146,50,29,44,4,11
1403715335.662288665771484,50,0,47,1,11
1403715335.712286472320557,50,0,47,1,11
1403715335.762286186218262,48,0,46,0,11
1403715335.812287807464600,46,4,45,0,11
1403715335.862287759780884,42,0,40,1,11
1403715335.912287712097168,43,1,40,1,11
1403715335.962291240692139,47,28,41,5,11
1403715336.012291669845581,47,0,43,3,11
1403715336.062292098999023,45,2,43,0,11
1403715336.112292051315308,44,0,43,0,11
1403715336.162292242050171,44,0,38,1,11
1403715336.212292909622192,48,18,38,6,11
1403715336.262293815612793,45,0,43,1,11
1403715336.312295436859131,45,0,43,0,11
1403715336.362296581268311,43,1,43,0,11
1403715336.412299394607544,43,0,40,0,11
1403715336.462300062179565,42,0,40,0,11
1403715336.512299299240112,40,0,39,1,11
1403715336.562298297882080,49,12,39,10,11
1403715336.612298488616943,48,0,47,0,11
1403715336.662298917770386,48,3,47,0,11
1403715336.712300777435303,48,0,47,0,11
1403715336.762303590774536,49,7,44,3,11
1403715336.812306642532349,48,15,46,1,11
1403715336.862308740615845,47,0,45,0,11
1403715336.912309408187866,46,1,45,0,11
1403715336.962310552597046,43,0,41,1,11
1403715337.012311458587646,42,0,41,0,11
1403715337.062312602996826,42,0,39,0,11
1403715337.112313508987427,39,0,35,2,11
1403715337.162312984466553,45,0,34,9,11
1403715337.212312698364258,45,1,44,0,11
1403715337.262312173843384,45,0,42,1,11
1403715337.312311649322510,43,0,41,0,11
1403715337.362309217453003,42,18,37,3,11
1403715337.412307739257812,45,7,37,6,11
1403715337.462307691574097,42,0,39,1,11
1403715337.512306690216064,41,0,38,1,11
1403715337.562306404113770,38,2,36,0,11
1403715337.612305164337158,36,3,32,0,11
1403715337.662304878234863,31,0,29,0,11
1403715337.712305068969727,27,2,25,0,11
1403715337.762306213378906,25,2,25,0,11
1403715337.812306642532349,34,0,23,11,11
1403715337.862306833267212,31,1,30,0,11
1403715337.912307262420654,28,1,28,0,11
1403715337.962305784225464,41,5,26,14,11
1403715338.012305974960327,42,1,37,4,11
1403715338.062306880950928,40,1,39,0,11
1403715338.112307310104370,40,2,37,1,11
1403715338.162307977676392,34,6,33,0,11
1403715338.212309122085571,32,2,30,2,11
1403715338.262309789657593,34,0,32,2,11
1403715338.312310457229614,36,0,34,2,11
1403715338.362310886383057,33,5,33,0,11
1403715338.412311315536499,34,1,33,1,11
1403715338.462311744689941,38,2,34,4,11
1403715338.512312173843384,38,2,38,0,11
1403715338.562313318252563,45,0,36,9,11
1403715338.612313032150269,43,3,39,1,11
1403715338.662313461303711,41,2,38,0,11
1403715338.712313652038574,43,2,35,5,11
1403715338.762311935424805,42,0,39,1,11
1403715338.812310934066772,39,7,37,0,11
1403715338.862308740615845,36,4,36,0,11
1403715338.912307500839233,36,5,34,1,11
1403715338.962301969528198,35,1,35,0,11
1403715339.012300491333008,34,3,34,0,11
1403715339.062297582626343,40,3,33,7,11
1403715339.112295627593994,43,3,40,3,11
1403715339.162292957305908,44,2,42,1,11
1403715339.212291479110718,44,7,42,1,11
1403715339.262291669845581,42,1,42,0,11
1403715339.312291145324707,44,1,42,2,11
1403715339.362290859222412,46,0,42,3,11
1403715339.412290334701538,45,3,44,0,11
1403715339.462289810180664,44,1,43,1,11
1403715339.512290000915527,47,1,42,4,11
1403715339.562288999557495,49,3,46,2,11
1403715339.612288951873779,48,2,48,0,11
1403715339.662289381027222,48,0,47,1,11
1403715339.712290287017822,47,0,46,0,11
1403715339.762291669845581,46,1,45,1,11
1403715339.812291622161865,45,13,44,0,11
1403715339.862291097640991,44,0,42,0,11
1403715339.912286758422852,43,1,41,2,11
1403715339.962282180786133,43,1,43,0,11
1403715340.012278556823730,44,1,42,1,11
1403715340.062271595001221,44,0,43,0,11
1403715340.112266302108765,48,1,42,5,11
1403715340.162261486053467,47,1,46,0,11
1403715340.212256908416748,47,4,44,2,11
1403715340.262255668640137,46,2,44,1,11
1403715340.312254667282104,50,0,46,4,11
1403715340.362257242202759,50,1,46,0,11
1403715340.412272691726685,49,5,43,0,11
1403715340.462279319763184,48,0,41,2,11
1403715340.512291193008423,48,1,41,4,11
1403715340.562296867370605,48,0,44,2,11
1403715340.612302541732788,48,0,46,1,11
1403715340.662303209304810,47,0,47,0,11
1403715340.712302684783936,48,1,47,1,11
1403715340.762299537658691,48,0,48,0,11
1403715340.812299251556396,48,1,47,0,11
1403715340.862297534942627,48,0,47,0,11
1403715340.912297725677490,48,0,46,1,11
1403715340.962297201156616,49,6,44,2,11
1403715341.012297630310059,49,3,43,1,11
1403715341.062306880950928,49,4,43,2,11
1403715341.112314462661743,48,3,44,3,11
1403715341.162318706512451,49,2,45,2,11
1403715341.212323188781738,48,0,46,1,11
1403715341.262325286865234,47,3,47,0,11
1403715341.312329053878784,45,1,44,0,11
1403715341.362330913543701,44,3,43,0,11
1403715341.412330865859985,42,0,42,0,11
1403715341.462329387664795,46,0,42,4,11
1403715341.512328386306763,44,0,44,0,11
1403715341.562325716018677,48,1,43,5,11
1403715341.612324953079224,45,5,44,1,11
1403715341.662326574325562,49,7,44,5,11
1403715341.712327241897583,45,3,45,0,11
1403715341.762325763702393,45,0,45,0,11
1403715341.812323808670044,48,1,45,3,11
1403715341.862325191497803,47,0,47,0,11
1403715341.912326574325562,48,3,47,1,11
1403715341.962323665618896,48,1,48,0,11
1403715342.012323141098022,47,0,47,0,11
1403715342.062324047088623,47,0,47,0,11
1403715342.112325906753540,49,2,44,2,11
1403715342.162328481674194,50,2,39,1,11
1403715342.212331533432007,49,8,42,2,11
1403715342.262339830398560,50,7,44,6,11
1403715342.312351703643799,50,5,50,0,11
1403715342.362357139587402,50,0,49,0,11
1403715342.412358999252319,50,0,49,1,11
1403715342.462357044219971,50,0,50,0,11
1403715342.512357473373413,50,4,50,0,11
1403715342.562355756759644,50,4,48,0,11
1403715342.612346649169922,50,0,47,0,11
1403715342.662341594696045,48,2,46,0,11
1403715342.712344408035278,47,1,43,0,11
1403715342.762351274490356,46,1,41,2,11
1403715342.812345266342163,47,9,42,3,11
1403715342.862337112426758,49,0,33,3,11
1403715342.912333726882935,48,4,25,2,11
1403715342.962335586547852,44,0,17,6,11
1403715343.012331724166870,42,1,21,9,11
1403715343.062331438064575,40,0,30,8,11
1403715343.112324476242065,45,1,27,8,11
1403715343.162323236465454,45,1,30,1,11
1403715343.212325334548950,41,0,26,6,11
1403715343.262318372726440,39,0,30,3,11
1403715343.312316656112671,38,0,31,3,11
1403715343.362316370010376,42,1,33,6,11
1403715343.412314653396606,45,7,40,5,11
1403715343.462315082550049,45,1,45,0,11
1403715343.512315750122070,42,0,41,1,11
1403715343.562316179275513,45,0,39,5,11
1403715343.612315177917480,46,2,43,1,11
1403715343.662314176559448,49,5,45,4,11
1403715343.712311267852783,48,1,47,1,11
1403715343.762306213378906,47,9,44,1,11
1403715343.812305212020874,44,1,43,0,11
1403715343.862307310104370,43,0,42,0,11
1403715343.912304639816284,43,0,41,0,11
1403715343.962302207946777,43,1,35,3,11
1403715344.012302398681641,48,2,36,7,11
1403715344.062299966812134,44,3,39,4,11
1403715344.112298011779785,45,1,41,1,11
1403715344.162298679351807,44,2,42,1,11
1403715344.212301015853882,46,4,42,4,11
1403715344.262302875518799,47,1,45,2,11
1403715344.312305450439453,47,2,44,0,11
1403715344.362306118011475,46,4,40,3,11
1403715344.412306547164917,43,1,39,1,11
1403715344.462311506271362,47,3,38,7,11
1403715344.512315273284912,44,3,43,1,11
1403715344.562321901321411,43,2,43,0,11
1403715344.612326622009277,43,2,43,0,11
1403715344.662332773208618,43,4,41,0,11
1403715344.712336301803589,44,1,39,1,11
1403715344.762336254119873,49,2,41,8,11
1403715344.812336921691895,48,2,46,1,11
1403715344.862336397171021,48,1,45,1,11
1403715344.912334203720093,48,3,44,1,11
1403715344.962330102920532,46,3,44,0,11
1403715345.012325763702393,46,4,43,3,11
1403715345.062323808670044,48,4,44,4,11
1403715345.112323999404907,46,3,44,0,11
1403715345.162325620651245,49,1,44,3,11
1403715345.212328195571899,48,1,46,1,11
1403715345.262329578399658,47,2,43,0,11
1403715345.312329769134521,50,1,43,4,11
1403715345.362330436706543,49,3,47,1,11
1403715345.412331342697144,48,1,48,0,11
1403715345.462331295013428,48,7,46,2,11
1403715345.512330532073975,49,3,44,2,11
1403715345.562330722808838,49,3,46,0,11
1403715345.612330675125122,50,9,46,3,11
1403715345.662331104278564,45,6,42,0,11
1403715345.712331295013428,44,1,43,1,11
1403715345.762331485748291,43,1,41,0,11
1403715345.812331438064575,45,0,41,4,11
1403715345.862331390380859,45,2,45,0,11
1403715345.912331342697144,45,2,44,0,11
1403715345.962331533432007,46,2,44,1,11
1403715346.012331962585449,48,7,44,4,11
1403715346.062332153320312,47,5,44,2,11
1403715346.112331151962280,46,2,45,0,11
1403715346.162326812744141,48,10,45,3,11
1403715346.212322950363159,48,4,46,2,11
1403715346.262318134307861,50,7,46,2,11
1403715346.312317371368408,48,0,45,0,11
1403715346.362317085266113,47,3,45,1,11
1403715346.412316322326660,46,2,46,0,11
1403715346.462316274642944,46,5,45,0,11
1403715346.512315750122070,44,5,42,0,11
1403715346.562316179275513,47,8,42,4,11
1403715346.612316131591797,49,3,46,3,11
1403715346.662317276000977,50,1,49,1,11
1403715346.712317228317261,50,0,50,0,11
1403715346.762317180633545,49,9,48,0,11
1403715346.812317848205566,49,9,47,1,11
1403715346.862316131591797,50,4,48,2,11
1403715346.912313699722290,50,0,49,0,11
1403715346.962311506271362,50,1,48,0,11
1403715347.012311220169067,50,2,48,1,11
1403715347.062314510345459,49,14,49,0,11
1403715347.112316370010376,49,10,49,0,11
1403715347.162316083908081,50,3,49,1,11
1403715347.212314844131470,50,0,49,0,11
1403715347.262313127517700,50,2,49,0,11
1403715347.312310457229614,48,0,48,0,11
1403715347.362308740615845,50,6,47,2,11
1403715347.412307500839233,47,4,44,0,11
1403715347.462307929992676,49,4,44,3,11
1403715347.512307882308960,46,2,46,0,11
1403715347.562309741973877,45,2,45,0,11
1403715347.612309455871582,49,7,44,4,11
1403715347.662309885025024,50,8,45,1,11
1403715347.712311267852783,50,6,45,1,11
1403715347.762313127517700,46,3,44,0,11
1403715347.812313795089722,43,0,41,0,11
1403715347.862313508987427,39,1,38,0,11
1403715347.912312030792236,39,3,36,1,11
1403715347.962309598922729,48,5,36,11,11
1403715348.012309312820435,48,2,45,1,11
1403715348.062309503555298,41,2,40,1,11
1403715348.112308740615845,41,1,38,1,11
1403715348.162307262420654,40,1,36,0,11
1403715348.212304353713989,45,0,31,9,11
1403715348.262300729751587,47,1,38,3,11
1403715348.312297821044922,45,0,38,3,11
1403715348.362293004989624,45,1,39,3,11
1403715348.412289381027222,47,11,41,4,11
1403715348.462286710739136,46,1,43,0,11
1403715348.512284994125366,44,2,40,0,11
1403715348.562285423278809,47,7,38,6,11
1403715348.612285614013672,46,0,41,3,11
1403715348.662285566329956,45,1,41,0,11
1403715348.712286233901978,45,0,39,1,11
1403715348.762288570404053,44,13,37,5,11
1403715348.812289237976074,44,0,42,1,11
1403715348.862287759780884,42,1,42,0,11
1403715348.912287950515747,43,1,41,2,11
1403715348.962289810180664,44,1,43,1,11
1403715349.012289524078369,50,7,44,6,11
1403715349.062287807464600,50,1,50,0,11
1403715349.112286090850830,50,1,48,0,11
1403715349.162286281585693,50,5,49,0,11
1403715349.212283611297607,49,1,49,0,11
1403715349.262283086776733,49,1,49,0,11
1403715349.312283039093018,48,15,47,1,11
1403715349.362282752990723,50,13,48,2,11
1403715349.412282705307007,50,0,49,0,11
1403715349.462281942367554,50,1,49,0,11
1403715349.512281894683838,50,0,49,1,11
1403715349.562280893325806,50,0,50,0,11
1403715349.612278461456299,50,8,50,0,11
1403715349.662276029586792,50,0,50,0,11
1403715349.712273359298706,49,0,48,0,11
1403715349.762270689010620,50,4,47,1,11
1403715349.812269210815430,50,2,48,1,11
1403715349.862269163131714,49,3,47,1,11
1403715349.912266492843628,47,26,45,1,11
1403715349.962266683578491,48,10,43,3,11
1403715350.012269258499146,48,3,46,0,11
1403715350.062272071838379,46,0,46,0,11
1403715350.112271308898926,46,0,46,0,11
1403715350.162271976470947,45,1,44,0,11
1403715350.212273597717285,49,0,43,5,11
1403715350.262273311614990,49,0,47,1,11
1403715350.312273263931274,49,1,47,0,11
1403715350.362270355224609,50,13,46,2,11
1403715350.412269830703735,50,1,47,2,11
1403715350.462271213531494,50,1,49,0,11
1403715350.512271165847778,48,22,48,0,11
1403715350.562272787094116,50,6,48,2,11
1403715350.612272739410400,50,0,50,0,11
1403715350.662272453308105,49,1,49,0,11
1403715350.712272405624390,49,0,49,0,11
1403715350.762271642684937,49,0,47,0,11
1403715350.812272071838379,49,1,47,0,11
1403715350.862272262573242,48,0,47,1,11
1403715350.912273168563843,48,0,48,0,11
1403715350.962270975112915,50,8,48,2,11
1403715351.012265443801880,50,19,50,0,11
1403715351.062265872955322,50,0,50,0,11
1403715351.112265825271606,50,15,50,0,11
1403715351.162266731262207,50,7,50,0,11
1403715351.212266445159912,50,0,50,0,11
1403715351.262266874313354,50,3,50,0,11
1403715351.312264204025269,49,1,47,0,11
1403715351.362261533737183,48,2,45,0,11
1403715351.412262439727783,47,1,44,1,11
1403715351.462262153625488,48,0,45,2,11
1403715351.512262821197510,47,4,47,0,11
1403715351.562261343002319,50,4,46,3,11
1403715351.612259864807129,50,10,49,0,11
1403715351.662259578704834,50,1,48,1,11
1403715351.712258100509644,49,13,46,0,11
1403715351.762259006500244,48,3,43,2,11
1403715351.812259197235107,43,1,40,0,11
1403715351.862258434295654,43,0,40,1,11
1403715351.912257909774780,41,0,40,0,11
1403715351.962257862091064,41,0,40,0,11
1403715352.012256860733032,39,1,39,0,11
1403715352.062259674072266,39,1,39,0,11
1403715352.112262010574341,39,0,39,0,11
1403715352.162260293960571,46,9,38,7,11
1403715352.212257862091064,47,3,41,1,11
1403715352.262257575988770,46,0,43,0,11
1403715352.312256097793579,48,6,43,5,11
1403715352.362254142761230,50,1,48,2,11
1403715352.412254333496094,50,19,50,0,11
1403715352.462253570556641,50,0,50,0,11
1403715352.512252807617188,47,0,47,0,11
1403715352.562252044677734,47,1,46,0,11
1403715352.612250804901123,46,1,45,0,11
1403715352.662250757217407,46,3,45,1,11
1403715352.712250471115112,46,0,45,0,11
1403715352.762251615524292,47,9,45,2,11
1403715352.812253236770630,46,1,46,0,11
1403715352.862252235412598,46,1,46,0,11
1403715352.912251710891724,48,1,46,2,11
1403715352.962253570556641,49,2,48,1,11
1403715353.012257337570190,49,30,48,1,11
1403715353.062258958816528,49,0,49,0,11
1403715353.112259387969971,49,0,49,0,11
1403715353.162259340286255,48,0,48,0,11
1403715353.212257146835327,47,2,47,0,11
1403715353.262257575988770,47,0,47,0,11
1403715353.312258005142212,47,1,47,0,11
1403715353.362258434295654,48,4,47,1,11
1403715353.412258625030518,49,1,48,1,11
1403715353.462258577346802,49,0,49,0,11
1403715353.512258291244507,49,0,49,0,11
1403715353.562258481979370,49,2,48,0,11
1403715353.612257957458496,50,23,48,1,11
1403715353.662258148193359,50,0,47,1,11
1403715353.712259292602539,50,1,49,0,11
1403715353.762258291244507,50,1,49,1,11
1403715353.812258481979370,49,13,49,0,11
1403715353.862258195877075,49,0,49,0,11
1403715353.912258625030518,49,0,49,0,11
1403715353.962258815765381,49,2,49,0,11
1403715354.012257814407349,49,0,49,0,11
1403715354.062255859375000,48,0,48,0,11
1403715354.112253665924072,48,1,48,0,11
1403715354.162255287170410,48,0,48,0,11
1403715354.212259531021118,49,17,48,1,11
1403715354.262259721755981,49,1,48,0,11
1403715354.312261104583740,49,1,47,0,11
1403715354.362261295318604,49,0,47,1,11
1403715354.412261724472046,50,9,47,2,11
1403715354.462260961532593,50,1,48,0,11
1403715354.512260675430298,49,0,48,0,11
1403715354.562260389328003,48,1,47,1,11
1403715354.612259149551392,48,0,48,0,11
1403715354.662257909774780,48,0,48,0,11
1403715354.712255716323853,48,0,48,0,11
1403715354.762255668640137,48,0,48,0,11
1403715354.812257528305054,48,13,46,1,11
1403715354.862255811691284,50,3,47,2,11
1403715354.912254810333252,50,0,49,1,11
1403715354.962251186370850,50,0,50,0,11
1403715355.012251615524292,50,10,50,0,11
1403715355.062254667282104,49,0,49,0,11
1403715355.112256288528442,49,0,49,0,11
1403715355.162257194519043,50,1,48,1,11
1403715355.212256431579590,48,5,48,0,11
1403715355.262257099151611,45,1,45,0,11
1403715355.312260866165161,45,1,43,2,11
1403715355.362262248992920,45,0,45,0,11
1403715355.412261962890625,47,7,44,3,11
1403715355.462263584136963,48,2,46,1,11
1403715355.512263536453247,47,0,45,0,11
1403715355.562264204025269,44,0,41,0,11
1403715355.612265586853027,49,5,41,6,11
1403715355.662265539169312,44,2,42,0,11
1403715355.712267398834229,47,3,41,4,11
1403715355.762266874313354,44,0,42,0,11
1403715355.812265634536743,47,3,40,3,11
1403715355.862265586853027,45,2,41,2,11
1403715355.912264585494995,44,1,43,1,11
1403715355.962265014648438,44,0,44,0,11
1403715356.012264490127563,47,3,44,3,11
1403715356.062264919281006,49,3,46,3,11
1403715356.112265348434448,49,0,49,0,11
1403715356.162266016006470,50,0,49,1,11
1403715356.212265014648438,50,1,50,0,11
1403715356.262264728546143,48,14,48,0,11
1403715356.312264442443848,47,1,47,0,11
1403715356.362262487411499,47,1,46,1,11
1403715356.412263631820679,48,4,47,1,11
1403715356.462262868881226,48,0,48,0,11
1403715356.512266397476196,49,1,48,1,11
1403715356.562271595001221,49,0,48,0,11
1403715356.612273693084717,50,5,49,1,11
1403715356.662279605865479,50,3,50,0,11
1403715356.712280035018921,49,0,49,0,11
1403715356.762279987335205,48,0,48,0,11
1403715356.812279939651489,48,1,47,0,11
1403715356.862279653549194,48,11,44,1,11
1403715356.912277221679688,45,5,42,0,11
1403715356.962275981903076,43,3,39,1,11
1403715357.012275934219360,43,2,37,1,11
1403715357.062276601791382,40,0,35,2,11
1403715357.112276554107666,37,1,34,0,11
1403715357.162277698516846,37,0,33,2,11
1403715357.212277173995972,36,0,33,2,11
1403715357.262277841567993,38,1,34,3,11
1403715357.312278747558594,37,2,36,0,11
1403715357.362282037734985,34,0,33,0,11
1403715357.412285566329956,42,0,33,8,11
1403715357.462288618087769,46,2,41,5,11
1403715357.512292146682739,46,1,45,1,11
1403715357.562293767929077,45,1,45,0,11
1403715357.612294197082520,48,10,45,3,11
1403715357.662296056747437,47,1,47,0,11
1403715357.712298393249512,45,0,45,0,11
1403715357.762298822402954,45,0,45,0,11
1403715357.812298536300659,46,0,44,1,11
1403715357.862298965454102,45,0,44,1,11
1403715357.912301063537598,49,1,44,4,11
1403715357.962301969528198,46,0,45,0,11
1403715358.012302875518799,46,0,45,0,11
1403715358.062304496765137,47,1,45,2,11
1403715358.112307786941528,46,0,46,0,11
1403715358.162311077117920,48,6,46,2,11
1403715358.212312221527100,47,9,45,0,11
1403715358.262312173843384,46,3,43,0,11
1403715358.312312364578247,46,1,43,2,11
1403715358.362312555313110,45,0,44,1,11
1403715358.412312746047974,46,2,43,1,11
1403715358.462312221527100,46,2,44,0,11
1403715358.512311458587646,44,0,43,1,11
1403715358.562311172485352,41,1,41,0,11
1403715358.612310886383057,45,3,38,4,11
1403715358.662308454513550,46,2,42,1,11
1403715358.712306976318359,44,1,39,3,11
1403715358.762306213378906,47,3,38,6,11
1403715358.812301397323608,45,11,41,3,11
1403715358.862301826477051,41,0,41,0,11
1403715358.912299871444702,40,4,40,0,11
1403715358.962297439575195,41,1,39,1,11
1403715359.012294292449951,41,2,40,0,11
1403715359.062292337417603,40,1,40,0,11
1403715359.112289190292358,41,1,39,1,11
1403715359.162290096282959,41,0,41,0,11
1403715359.212290525436401,41,2,40,0,11
1403715359.262288331985474,47,0,39,7,11
1403715359.312288284301758,48,3,45,2,11
1403715359.362287521362305,50,7,47,2,11
1403715359.412285566329956,49,7,49,0,11
1403715359.462283849716187,50,6,49,1,11
1403715359.512279987335205,50,1,50,0,11
1403715359.562276840209961,50,1,50,0,11
1403715359.612275600433350,50,0,49,0,11
1403715359.662273406982422,50,5,48,0,11
1403715359.712273120880127,50,2,48,1,11
1403715359.762273311614990,49,2,49,0,11
1403715359.812271118164062,49,0,48,0,11
1403715359.862273216247559,49,0,48,0,11
1403715359.912275552749634,49,1,48,1,11
1403715359.962277650833130,50,5,48,1,11
1403715360.012276172637939,49,6,48,0,11
1403715360.062275409698486,48,3,45,1,11
1403715360.112274646759033,48,0,46,1,11
1403715360.162273883819580,47,0,47,0,11
1403715360.212275028228760,50,1,47,3,11
1403715360.262274265289307,50,4,50,0,11
1403715360.312274217605591,50,1,50,0,11
1403715360.362273216247559,50,0,50,0,11
1403715360.412270545959473,49,2,49,0,11
1403715360.462269544601440,49,0,49,0,11
1403715360.512268066406250,48,2,47,0,11
1403715360.562267303466797,47,11,45,2,11
1403715360.612266778945923,49,6,47,2,11
1403715360.662266731262207,50,7,48,1,11
1403715360.712266921997070,46,2,43,0,11
1403715360.762267351150513,46,0,41,1,11
1403715360.812267780303955,44,2,40,1,11
1403715360.862266778945923,44,7,41,1,11
1403715360.912266016006470,44,2,42,2,11
1403715360.962264537811279,44,2,44,0,11
1403715361.012263298034668,47,1,42,3,11
1403715361.062263011932373,47,0,43,0,11
1403715361.112262010574341,47,0,43,1,11
1403715361.162261724472046,48,1,43,4,11
1403715361.212260723114014,50,2,46,2,11
1403715361.262259960174561,49,1,45,1,11
1403715361.312259435653687,45,3,43,1,11
1403715361.362259149551392,41,4,39,0,11
1403715361.412259817123413,42,4,36,4,11
1403715361.462259769439697,39,0,37,0,11
1403715361.512260675430298,38,0,36,0,11
1403715361.562261343002319,38,1,34,4,11
1403715361.612261772155762,38,0,38,0,11
1403715361.662263393402100,38,0,38,0,11
1403715361.712264060974121,48,4,38,10,11
1403715361.762264728546143,49,0,48,1,11
1403715361.812265872955322,49,2,49,0,11
1403715361.862265110015869,50,0,49,1,11
1403715361.912265777587891,50,4,50,0,11
1403715361.962263584136963,49,3,48,0,11
1403715362.012262582778931,49,7,47,1,11
1403715362.062262296676636,49,2,48,1,11
1403715362.112262964248657,49,0,49,0,11
1403715362.162263631820679,49,1,49,0,11
1403715362.212262630462646,49,4,46,1,11
1403715362.262263536453247,46,0,45,0,11
1403715362.312263488769531,46,0,43,3,11
1403715362.362262248992920,49,6,45,3,11
1403715362.412260770797729,49,1,48,0,11
1403715362.462262392044067,49,1,48,1,11
1403715362.512260675430298,49,1,47,1,11
1403715362.562259912490845,50,3,46,1,11
1403715362.612258195877075,47,4,43,0,11
1403715362.662258625030518,47,0,43,1,11
1403715362.712259292602539,47,0,44,2,11
1403715362.762259483337402,44,1,43,0,11
1403715362.812263488769531,49,5,42,6,11
1403715362.862266540527344,48,0,48,0,11
1403715362.912268161773682,48,0,46,0,11
1403715362.962268590927124,48,5,45,2,11
1403715363.012263774871826,49,14,46,2,11
1403715363.062265634536743,47,2,45,0,11
1403715363.112267971038818,47,0,45,0,11
1403715363.162269115447998,49,0,45,4,11
1403715363.212268114089966,50,3,49,1,11
1403715363.262266874313354,50,5,50,0,11
1403715363.312266349792480,50,0,50,0,11
1403715363.362267017364502,50,2,50,0,11
1403715363.412266731262207,50,18,49,0,11
1403715363.462267160415649,46,0,44,0,11
1403715363.512267827987671,45,0,40,1,11
1403715363.562268972396851,47,0,34,5,11
1403715363.612269163131714,45,11,37,4,11
1403715363.662269115447998,44,0,39,2,11
1403715363.712269067764282,42,1,38,1,11
1403715363.762268543243408,42,0,38,1,11
1403715363.812268257141113,40,1,36,1,11
1403715363.862268209457397,34,2,31,0,11
1403715363.912267208099365,32,2,28,0,11
1403715363.962267160415649,25,0,18,2,11
1403715364.012266874313354,26,2,14,7,11
1403715364.062265634536743,42,0,19,20,11
1403715364.112265348434448,42,2,38,2,11
1403715364.162262439727783,42,0,39,1,11
1403715364.212256431579590,48,3,39,6,11
1403715364.262251853942871,46,2,44,0,11
1403715364.312245368957520,45,0,44,1,11
1403715364.362242460250854,45,0,45,0,11
1403715364.412238836288452,46,1,45,1,11
1403715364.462236881256104,50,15,46,4,11
1403715364.512238502502441,50,0,50,0,11
1403715364.562239885330200,50,4,50,0,11
1403715364.612239122390747,50,10,50,0,11
1403715364.662239789962769,49,2,49,0,11
1403715364.712240219116211,49,0,49,0,11
1403715364.762238740921021,48,13,48,0,11
1403715364.812239646911621,48,4,45,2,11
1403715364.862239837646484,44,1,40,1,11
1403715364.912239551544189,44,0,41,1,11
1403715364.962239742279053,40,1,40,0,11
1403715365.012239456176758,41,0,40,1,11
1403715365.062239408493042,50,5,40,9,11
1403715365.112238168716431,46,1,46,0,11
1403715365.162237167358398,48,3,46,2,11
1403715365.212238073348999,49,6,48,1,11
1403715365.262239456176758,49,0,49,0,11
1403715365.312241077423096,48,3,48,0,11
1403715365.362243652343750,48,10,46,2,11
1403715365.412244796752930,49,2,48,1,11
1403715365.462244272232056,49,5,48,0,11
1403715365.512242555618286,49,0,47,1,11
1403715365.562242269515991,48,2,48,0,11
1403715365.612240314483643,47,1,46,0,11
1403715365.662239551544189,48,1,44,3,11
1403715365.712237358093262,47,6,45,1,11
1403715365.762236356735229,47,0,46,0,11
1403715365.812235355377197,48,2,44,4,11
1403715365.862235307693481,46,1,46,0,11
1403715365.912235975265503,46,6,44,2,11
1403715365.962237596511841,46,4,44,1,11
1403715366.012238979339600,46,0,44,0,11
1403715366.062242031097412,45,1,44,1,11
1403715366.112245321273804,45,2,45,0,11
1403715366.162245750427246,45,0,45,0,11
1403715366.212246894836426,45,1,43,0,11
1403715366.262244224548340,49,8,44,4,11
1403715366.312243700027466,50,5,48,2,11
1403715366.362239837646484,49,0,49,0,11
1403715366.412238121032715,50,0,49,1,11
1403715366.462236642837524,50,0,50,0,11
1403715366.512235879898071,50,8,49,0,11
1403715366.562236070632935,50,10,49,0,11
1403715366.612236261367798,50,1,47,1,11
1403715366.662235736846924,49,5,47,0,11
1403715366.712235927581787,49,0,46,2,11
1403715366.762235164642334,49,0,48,0,11
1403715366.812234878540039,48,12,48,0,11
1403715366.862235069274902,50,7,48,2,11
1403715366.912235260009766,50,5,50,0,11
1403715366.962235212326050,50,1,50,0,11
1403715367.012235641479492,50,0,50,0,11
1403715367.062236785888672,50,0,49,0,11
1403715367.112236976623535,50,8,49,0,11
1403715367.162237167358398,48,9,48,0,11
1403715367.212236642837524,47,0,47,0,11
1403715367.262237071990967,49,1,46,3,11
1403715367.312237977981567,49,0,48,0,11
1403715367.362238168716431,49,0,48,0,11
1403715367.412238359451294,50,11,48,2,11
1403715367.462238788604736,49,4,49,0,11
1403715367.512239456176758,50,5,49,1,11
1403715367.562238931655884,50,1,49,0,11
1403715367.612238883972168,49,0,48,0,11
1403715367.662238597869873,49,1,48,1,11
1403715367.712238550186157,50,7,49,1,11
1403715367.762238264083862,50,9,50,0,11
1403715367.812238454818726,50,0,50,0,11
1403715367.862238168716431,50,2,49,0,11
1403715367.912237405776978,50,14,49,0,11
1403715367.962237119674683,50,1,49,1,11
1403715368.012235879898071,50,11,49,0,11
1403715368.062236547470093,48,3,47,0,11
1403715368.112236976623535,47,1,45,2,11
1403715368.162237405776978,47,1,46,0,11
1403715368.212238073348999,47,1,46,0,11
1403715368.262238264083862,45,1,44,1,11
1403715368.312237977981567,50,2,44,5,11
1403715368.362238883972168,50,10,49,0,11
1403715368.412238836288452,49,1,48,0,11
1403715368.462238550186157,49,2,47,1,11
1403715368.512238025665283,49,6,46,1,11
1403715368.562238454818726,49,0,47,0,11
1403715368.612236976623535,49,17,47,2,11
1403715368.662236690521240,50,2,48,1,11
1403715368.712236404418945,50,1,49,0,11
1403715368.762235641479492,48,10,48,0,11
1403715368.812235832214355,48,0,48,0,11
1403715368.862235307693481,44,0,44,0,11
1403715368.912234544754028,43,0,43,0,11
1403715368.962232351303101,48,1,41,7,11
1403715369.012230873107910,46,1,44,1,11
1403715369.062229394912720,46,0,45,0,11
1403715369.112227201461792,50,5,45,5,11
1403715369.162225961685181,50,0,50,0,11
1403715369.212223768234253,50,14,50,0,11
1403715369.262222290039062,50,1,49,0,11
1403715369.312219858169556,49,1,48,0,11
1403715369.362217426300049,49,25,47,2,11
1403715369.412216663360596,48,1,47,0,11
1403715369.462216138839722,48,0,46,0,11
1403715369.512216329574585,47,2,46,0,11
1403715369.562216520309448,46,0,45,1,11
1403715369.612217426300049,46,0,45,0,11
1403715369.662216663360596,46,2,46,0,11
1403715369.712216854095459,46,1,43,1,11
1403715369.762217283248901,45,2,43,0,11
1403715369.812216281890869,49,7,43,6,11
1403715369.862217903137207,50,7,48,1,11
1403715369.912218093872070,49,0,49,0,11
1403715369.962218761444092,50,19,49,1,11
1403715370.012218236923218,49,0,49,0,11
1403715370.062217950820923,49,0,49,0,11
1403715370.112217903137207,50,0,48,1,11
1403715370.162219047546387,50,13,49,0,11
1403715370.212218999862671,50,0,49,1,11
1403715370.262219190597534,50,1,50,0,11
1403715370.312220096588135,50,0,50,0,11
1403715370.362219810485840,50,1,50,0,11
1403715370.412220001220703,49,7,49,0,11
1403715370.462220668792725,49,8,49,0,11
1403715370.512220382690430,49,0,49,0,11
1403715370.562219858169556,50,15,49,1,11
1403715370.612219333648682,50,0,50,0,11
1403715370.662218093872070,50,0,50,0,11
1403715370.712216854095459,50,1,50,0,11
1403715370.762215614318848,50,13,50,0,11
1403715370.812214136123657,50,1,50,0,11
1403715370.862214326858521,50,0,50,0,11
1403715370.912214040756226,50,1,50,0,11
1403715370.962212562561035,50,0,50,0,11
1403715371.012212753295898,49,7,49,0,11
1403715371.062212944030762,49,6,49,0,11
1403715371.112213134765625,49,0,49,0,11
1403715371.162212848663330,50,14,49,1,11
1403715371.212213277816772,50,3,50,0,11
1403715371.262214422225952,48,1,48,0,11
1403715371.312216520309448,45,1,45,0,11
1403715371.362220048904419,50,9,45,5,11
1403715371.412221908569336,49,1,48,0,11
1403715371.462224721908569,48,1,47,0,11
1403715371.512228012084961,46,2,45,0,11
1403715371.562230110168457,46,2,45,0,11
1403715371.612229585647583,49,1,44,4,11
1403715371.662229299545288,49,8,47,1,11
1403715371.712229013442993,48,11,46,1,11
1403715371.762228488922119,50,9,46,3,11
1403715371.812228202819824,49,0,48,0,11
1403715371.862227439880371,48,0,46,0,11
1403715371.912227153778076,47,0,45,0,11
1403715371.962227106094360,48,1,44,3,11
1403715372.012226581573486,46,1,45,0,11
1403715372.062226772308350,42,2,41,0,11
1403715372.112226724624634,41,1,41,0,11
1403715372.162226676940918,40,1,39,0,11
1403715372.212226390838623,48,5,38,9,11
1403715372.262226104736328,50,1,47,2,11
1403715372.312226533889771,49,8,49,0,11
1403715372.362226247787476,50,7,49,1,11
1403715372.412226200103760,48,0,46,0,11
1403715372.462226390838623,48,2,44,0,11
1403715372.512225866317749,47,0,44,1,11
1403715372.562226772308350,47,9,44,3,11
1403715372.612225294113159,46,1,45,0,11
1403715372.662225723266602,46,0,44,0,11
1403715372.712225675582886,47,0,43,2,11
1403715372.762225389480591,45,0,40,2,11
1403715372.812225103378296,46,0,41,2,11
1403715372.862224340438843,46,1,43,2,11
1403715372.912224054336548,49,8,42,5,11
1403715372.962223291397095,47,9,44,1,11
1403715373.012222766876221,48,4,45,3,11
1403715373.062222242355347,50,3,48,2,11
1403715373.112222194671631,50,0,47,0,11
1403715373.162222146987915,50,9,46,0,11
1403715373.212222099304199,45,0,44,0,11
1403715373.262221813201904,44,5,40,4,11
1403715373.312222003936768,41,0,41,0,11
1403715373.362221956253052,41,1,41,0,11
1403715373.412221908569336,41,0,41,0,11
1403715373.462222099304199,40,4,40,0,11
1403715373.512222051620483,47,0,39,7,11
1403715373.562223434448242,49,5,44,3,11
1403715373.612223625183105,49,2,46,2,11
1403715373.662223339080811,49,3,48,1,11
1403715373.712223291397095,47,1,47,0,11
1403715373.762224674224854,49,11,45,3,11
1403715373.812224388122559,48,1,47,0,11
1403715373.862223386764526,48,5,45,1,11
1403715373.912222862243652,46,2,45,0,11
1403715373.962222814559937,49,3,45,4,11
1403715374.012222766876221,48,2,48,0,11
1403715374.062222957611084,48,4,48,0,11
1403715374.112224102020264,50,7,45,2,11
1403715374.162227153778076,50,2,45,0,11
1403715374.212225914001465,49,2,46,2,11
1403715374.262225389480591,49,3,45,1,11
1403715374.312225818634033,50,2,45,2,11
1403715374.362229824066162,50,4,46,2,11
1403715374.412229061126709,50,0,48,1,11
1403715374.462230920791626,49,1,47,1,11
1403715374.512231826782227,49,0,47,0,11
1403715374.562232971191406,49,9,47,1,11
1403715374.612233877182007,49,0,47,1,11
1403715374.662232875823975,50,8,46,1,11
1403715374.712232112884521,45,6,42,1,11
1403715374.762230873107910,47,1,43,4,11
1403715374.812229633331299,46,0,43,0,11
1403715374.862226963043213,48,0,43,2,11
1403715374.912223577499390,48,10,45,3,11
1403715374.962220907211304,48,0,47,0,11
1403715375.012220144271851,48,0,47,0,11
1403715375.062219858169556,49,2,47,2,11
1403715375.112219572067261,47,0,46,0,11
1403715375.162220239639282,47,1,43,3,11
1403715375.212220430374146,48,8,45,3,11
1403715375.262220144271851,49,1,45,2,11
1403715375.312219381332397,49,5,48,1,11
1403715375.362220764160156,45,2,43,0,11
1403715375.412220239639282,44,0,43,0,11
1403715375.462219953536987,43,1,43,0,11
1403715375.512221574783325,47,2,41,5,11
1403715375.562223196029663,46,1,44,0,11
1403715375.612223863601685,46,0,42,2,11
1403715375.662223339080811,47,3,43,1,11
1403715375.712223052978516,46,0,44,1,11
1403715375.762222290039062,48,1,44,2,11
1403715375.812222003936768,46,10,43,2,11
1403715375.862221717834473,46,3,44,2,11
1403715375.912221908569336,46,1,45,1,11
1403715375.962221860885620,47,3,44,3,11
1403715376.012222290039062,46,3,46,0,11
1403715376.062222957611084,45,1,43,1,11
1403715376.112223386764526,49,2,44,4,11
1403715376.162223577499390,46,0,43,0,11
1403715376.212223529815674,42,3,39,0,11
1403715376.262224912643433,42,1,38,3,11
1403715376.312226295471191,42,1,39,1,11
1403715376.362228393554688,47,3,38,6,11
1403715376.412225484848022,48,3,44,3,11
1403715376.462223291397095,48,4,45,1,11
1403715376.512222051620483,48,1,43,2,11
1403715376.562223196029663,50,1,45,3,11
1403715376.612222194671631,49,2,47,2,11
1403715376.662222146987915,49,0,48,0,11
1403715376.712220668792725,49,1,47,0,11
1403715376.762220144271851,49,0,46,1,11
1403715376.812217712402344,49,1,44,2,11
1403715376.862215280532837,49,3,46,1,11
1403715376.912212848663330,47,2,45,1,11
1403715376.962211132049561,49,2,45,3,11
1403715377.012211084365845,48,4,43,1,11
1403715377.062212705612183,48,3,44,2,11
1403715377.112214565277100,48,2,44,2,11
1403715377.162215232849121,47,1,42,0,11
1403715377.212215900421143,47,3,39,3,11
1403715377.262215375900269,46,0,40,2,11
1403715377.312215566635132,45,1,42,2,11
1403715377.362214088439941,45,0,43,1,11
1403715377.412214279174805,44,0,42,0,11
1403715377.462214231491089,45,1,37,3,11
1403715377.512214183807373,48,0,39,5,11
1403715377.562215328216553,47,2,41,4,11
1403715377.612216234207153,49,5,43,2,11
1403715377.662216424942017,48,1,44,2,11
1403715377.712216377258301,47,2,42,2,11
1403715377.762216806411743,49,3,41,3,11
1403715377.812216997146606,46,5,40,1,11
1403715377.862217664718628,48,11,40,4,11
1403715377.912217855453491,48,1,42,3,11
1403715377.962217330932617,48,0,43,3,11
1403715378.012217283248901,48,0,44,1,11
1403715378.062217950820923,46,1,40,2,11
1403715378.112217664718628,44,0,39,1,11
1403715378.162217617034912,42,0,37,1,11
1403715378.212218046188354,48,12,36,8,11
1403715378.262217998504639,47,0,41,2,11
1403715378.312218427658081,47,0,41,3,11
1403715378.362218618392944,45,0,44,0,11
1403715378.412218570709229,45,3,42,2,11
1403715378.462217092514038,44,6,40,3,11
1403715378.512216091156006,43,4,41,1,11
1403715378.562215566635132,43,0,42,0,11
1403715378.612214803695679,46,1,41,4,11
1403715378.662214517593384,47,1,44,1,11
1403715378.712213277816772,50,8,45,4,11
1403715378.762213230133057,50,2,49,0,11
1403715378.812212705612183,50,10,48,1,11
1403715378.862212657928467,49,0,48,0,11
1403715378.912212610244751,48,0,47,1,11
1403715378.962212324142456,49,11,47,2,11
1403715379.012212276458740,49,12,49,0,11
1403715379.062211990356445,49,5,48,0,11
1403715379.112211227416992,49,0,47,0,11
1403715379.162210702896118,49,0,47,1,11
1403715379.212211132049561,48,0,48,0,11
1403715379.262211322784424,48,0,48,0,11
1403715379.312211751937866,50,6,47,2,11
1403715379.362211942672729,49,1,48,0,11
1403715379.412212371826172,50,8,48,2,11
1403715379.462212562561035,50,1,49,0,11
1403715379.512212753295898,50,0,48,0,11
1403715379.562212228775024,49,10,48,0,11
1403715379.612211704254150,49,13,47,2,11
1403715379.662211418151855,48,5,47,0,11
1403715379.712211370468140,49,14,44,2,11
1403715379.762211084365845,48,0,47,0,11
1403715379.812210321426392,47,1,46,1,11
1403715379.862210035324097,48,8,45,3,11
1403715379.912209749221802,48,4,44,2,11
1403715379.962209701538086,47,3,44,1,11
1403715380.012209415435791,49,7,45,3,11
1403715380.062209367752075,48,0,48,0,11
1403715380.112208127975464,47,3,46,0,11
1403715380.162206649780273,50,7,46,3,11
1403715380.212203979492188,49,11,47,1,11
1403715380.262202739715576,49,9,46,0,11
1403715380.312202453613281,48,9,45,1,11
1403715380.362202167510986,47,0,44,2,11
1403715380.412202358245850,46,1,45,0,11
1403715380.462201356887817,48,19,43,4,11
1403715380.512201786041260,48,1,45,2,11
1403715380.562202453613281,47,0,44,1,11
1403715380.612203121185303,47,7,44,1,11
1403715380.662203550338745,48,1,44,3,11
1403715380.712204217910767,44,2,40,0,11
1403715380.762204647064209,41,3,36,2,11
1403715380.812206268310547,47,2,38,8,11
1403715380.862206459045410,43,3,39,1,11
1403715380.912208080291748,49,2,40,7,11
1403715380.962208747863770,50,21,46,3,11
1403715381.012208461761475,48,0,44,0,11
1403715381.062207937240601,48,16,41,2,11
1403715381.112206220626831,45,2,40,1,11
1403715381.162205696105957,42,4,38,1,11
1403715381.212204456329346,44,0,38,3,11
1403715381.262205600738525,41,3,37,1,11
1403715381.312205314636230,39,1,36,0,11
1403715381.362203836441040,39,0,36,2,11
1403715381.412204027175903,38,1,37,0,11
1403715381.462203979492188,48,13,35,10,11
1403715381.512203931808472,48,1,45,1,11
1403715381.562203407287598,47,31,44,3,11
1403715381.612203598022461,48,0,45,1,11
1403715381.662202835083008,50,10,46,2,11
1403715381.712202548980713,48,1,47,0,11
1403715381.762202262878418,49,2,46,1,11
1403715381.812201976776123,49,2,47,1,11
1403715381.862202167510986,49,1,48,1,11
1403715381.912202119827271,49,1,49,0,11
1403715381.962202310562134,49,1,49,0,11
1403715382.012202501296997,49,0,48,0,11
1403715382.062203168869019,49,8,47,1,11
1403715382.112202882766724,48,17,48,0,11
1403715382.162203550338745,50,26,46,2,11
1403715382.212203741073608,49,0,47,0,11
1403715382.262203454971313,48,8,47,1,11
1403715382.312203645706177,49,0,47,1,11
1403715382.362203836441040,49,0,47,0,11
1403715382.412203550338745,49,3,47,1,11
1403715382.462203502655029,46,0,45,0,11
1403715382.512203216552734,46,0,45,0,11
1403715382.562203407287598,43,0,42,0,11
1403715382.612203598022461,42,0,41,0,11
1403715382.662204027175903,48,0,41,7,11
1403715382.712204217910767,48,17,47,0,11
1403715382.762204647064209,50,25,47,2,11
1403715382.812204599380493,50,0,49,1,11
1403715382.862204790115356,50,8,50,0,11
1403715382.912205219268799,50,0,50,0,11
1403715382.962205171585083,50,0,49,0,11
1403715383.012205123901367,50,3,50,0,11
1403715383.062206029891968,50,1,49,0,11
1403715383.112206220626831,50,1,49,1,11
1403715383.162207841873169,50,1,50,0,11
1403715383.212209463119507,50,0,50,0,11
1403715383.262208700180054,50,2,50,0,11
1403715383.312208414077759,50,14,50,0,11
1403715383.362208366394043,50,25,49,0,11
1403715383.412207841873169,50,0,49,0,11
1403715383.462207555770874,49,10,49,0,11
1403715383.512206792831421,49,2,49,0,11
1403715383.562205314636230,47,0,47,0,11
1403715383.612203359603882,44,2,43,1,11
1403715383.662201642990112,45,0,43,1,11
1403715383.712200880050659,45,0,44,0,11
1403715383.762202262878418,44,0,44,0,11
1403715383.812202215194702,43,2,42,0,11
1403715383.862203836441040,43,0,42,0,11
1403715383.912206411361694,47,7,42,5,11
1403715383.962210655212402,50,21,45,3,11
1403715384.012212038040161,50,18,47,0,11
1403715384.062213659286499,47,7,46,0,11
1403715384.112213134765625,44,0,43,0,11
1403715384.162212610244751,43,0,42,0,11
1403715384.212212085723877,42,1,42,0,11
1403715384.262212753295898,41,0,41,0,11
1403715384.312213659286499,41,0,40,0,11
1403715384.362214326858521,41,2,40,1,11
1403715384.412215709686279,41,2,41,0,11
1403715384.462215900421143,40,0,40,0,11
1403715384.512217044830322,46,1,38,7,11
1403715384.562215328216553,49,14,45,3,11
1403715384.612214326858521,49,37,48,1,11
1403715384.662213802337646,50,6,47,1,11
1403715384.712214231491089,50,1,45,0,11
1403715384.762214899063110,49,0,43,0,11
1403715384.812216043472290,46,0,43,2,11
1403715384.862217903137207,46,0,43,1,11
1403715384.912219762802124,39,1,38,0,11
1403715384.962220668792725,36,0,35,0,11
1403715385.012220621109009,35,1,35,0,11
1403715385.062221050262451,35,1,35,0,11
1403715385.112220525741577,35,0,35,0,11
1403715385.162223339080811,46,1,35,11,11
1403715385.212227344512939,49,20,45,4,11
1403715385.262226819992065,50,1,48,1,11
1403715385.312227725982666,50,1,48,0,11
1403715385.362227916717529,49,0,48,0,11
1403715385.412228345870972,50,0,48,2,11
1403715385.462227344512939,50,0,50,0,11
1403715385.512225627899170,50,22,50,0,11
1403715385.562221288681030,50,1,50,0,11
1403715385.612222433090210,50,0,50,0,11
1403715385.662223577499390,50,0,50,0,11
1403715385.712225198745728,50,1,49,0,11
1403715385.762225866317749,50,3,49,0,11
1403715385.812227487564087,49,19,49,0,11
1403715385.862227439880371,49,1,48,0,11
1403715385.912227153778076,48,2,47,0,11
1403715385.962226152420044,47,1,47,0,11
1403715386.012224674224854,46,1,46,0,11
1403715386.062224149703979,46,1,46,0,11
1403715386.112223148345947,48,12,44,2,11
1403715386.162223100662231,49,0,46,1,11
1403715386.212223529815674,48,1,47,1,11
1403715386.262223720550537,48,0,48,0,11
1403715386.312224626541138,47,0,47,0,11
1403715386.362224340438843,50,1,47,3,11
1403715386.412223577499390,50,23,50,0,11
1403715386.462223768234253,49,1,49,0,11
1403715386.512223482131958,49,0,49,0,11
1403715386.562224626541138,47,0,46,1,11
1403715386.612224817276001,46,0,46,0,11
1403715386.662225246429443,44,0,44,0,11
1403715386.712224245071411,47,10,43,4,11
1403715386.762223482131958,47,0,47,0,11
1403715386.812222480773926,47,0,47,0,11
1403715386.862221002578735,47,0,47,0,11
1403715386.912222146987915,47,0,45,0,11
1403715386.962223052978516,47,0,45,0,11
1403715387.012224197387695,48,18,44,4,11
1403715387.062224864959717,46,0,46,0,11
1403715387.112226486206055,49,10,45,4,11
1403715387.162226915359497,48,1,48,0,11
1403715387.212226867675781,46,0,45,0,11
1403715387.262226581573486,45,0,45,0,11
1403715387.312227725982666,48,14,42,4,11
1403715387.362227201461792,47,1,44,1,11
1403715387.412226915359497,46,0,43,1,11
1403715387.462226867675781,44,0,41,1,11
1403715387.512227296829224,41,0,41,0,11
1403715387.562228441238403,41,1,40,0,11
1403715387.612230300903320,49,12,40,8,11
1403715387.662233352661133,49,14,47,1,11
1403715387.712236404418945,49,10,48,1,11
1403715387.762236118316650,48,0,47,0,11
1403715387.812237024307251,46,1,45,0,11
1403715387.862236738204956,46,3,44,1,11
1403715387.912237644195557,48,12,43,3,11
1403715387.962237358093262,46,0,45,0,11
1403715388.012237310409546,46,1,44,0,11
1403715388.062237024307251,45,1,44,1,11
1403715388.112236738204956,45,1,44,1,11
1403715388.162236452102661,43,0,43,0,11
1403715388.212236404418945,49,7,43,6,11
1403715388.262236833572388,49,14,48,1,11
1403715388.312238693237305,49,15,49,0,11
1403715388.362238645553589,46,0,44,0,11
1403715388.412239313125610,44,0,42,0,11
1403715388.462239503860474,43,1,41,0,11
1403715388.512241363525391,49,4,40,7,11
1403715388.562242269515991,45,1,44,0,11
1403715388.612242698669434,41,0,41,0,11
1403715388.662242889404297,42,0,41,1,11
1403715388.712243318557739,42,0,42,0,11
1403715388.762243509292603,41,1,40,0,11
1403715388.812242984771729,49,7,39,9,11
1403715388.862243175506592,49,11,48,1,11
1403715388.912243127822876,49,14,49,0,11
1403715388.962242841720581,49,2,48,0,11
1403715389.012242078781128,48,1,47,0,11
1403715389.062241792678833,48,0,45,2,11
1403715389.112241983413696,49,10,47,2,11
1403715389.162242174148560,49,1,49,0,11
1403715389.212242126464844,49,0,47,1,11
1403715389.262242078781128,48,1,48,0,11
1403715389.312242507934570,47,0,46,0,11
1403715389.362242460250854,46,0,44,0,11
1403715389.412242412567139,50,8,43,4,11
1403715389.462241888046265,48,10,46,1,11
1403715389.512241363525391,48,13,44,1,11
1403715389.562241315841675,47,0,45,1,11
1403715389.612241029739380,48,0,45,3,11
1403715389.662240266799927,48,0,48,0,11
1403715389.712240457534790,50,7,47,2,11
1403715389.762240171432495,50,4,49,0,11
1403715389.812240123748779,49,0,49,0,11
1403715389.862240076065063,50,0,49,1,11
1403715389.912239789962769,50,11,50,0,11
1403715389.962239265441895,50,2,50,0,11
1403715390.012238264083862,49,3,48,0,11
1403715390.062238693237305,49,9,47,1,11
1403715390.112238645553589,48,13,46,2,11
1403715390.162238836288452,48,2,48,0,11
1403715390.212239503860474,48,1,47,1,11
1403715390.262240171432495,48,4,47,0,11
1403715390.312241315841675,49,3,46,2,11
1403715390.362241268157959,48,3,47,1,11
1403715390.412241697311401,48,0,48,0,11
1403715390.462241172790527,49,5,47,2,11
1403715390.512240886688232,50,3,49,1,11
1403715390.562240600585938,50,0,50,0,11
1403715390.612240076065063,50,2,50,0,11
1403715390.662239789962769,50,8,50,0,11
1403715390.712240219116211,48,10,47,0,11
1403715390.762241125106812,47,0,45,0,11
1403715390.812242269515991,49,9,45,4,11
1403715390.862243652343750,49,0,49,0,11
1403715390.912243843078613,50,2,49,1,11
1403715390.962244510650635,50,2,50,0,11
1403715391.012244224548340,50,0,50,0,11
1403715391.062244415283203,50,6,50,0,11
1403715391.112244129180908,49,0,49,0,11
1403715391.162244319915771,48,0,48,0,11
1403715391.212245464324951,49,2,48,1,11
1403715391.262246131896973,50,8,49,1,11
1403715391.312246322631836,50,9,50,0,11
1403715391.362246274948120,49,0,49,0,11
1403715391.412246704101562,50,7,49,1,11
1403715391.462246656417847,50,0,50,0,11
1403715391.512246608734131,50,3,50,0,11
1403715391.562246799468994,49,1,49,0,11
1403715391.612246751785278,48,0,48,0,11
1403715391.662248134613037,48,13,47,1,11
1403715391.712248563766479,48,1,48,0,11
1403715391.762248754501343,48,1,48,0,11
1403715391.812249183654785,48,1,48,0,11
1403715391.862249612808228,48,3,46,2,11
1403715391.912250280380249,50,8,48,2,11
1403715391.962250232696533,50,0,50,0,11
1403715392.012250423431396,49,4,48,0,11
1403715392.062250137329102,48,0,47,0,11
1403715392.112249612808228,48,0,46,2,11
1403715392.162249803543091,50,4,47,2,11
1403715392.212249755859375,49,0,47,0,11
1403715392.262249708175659,49,16,46,2,11
1403715392.312250137329102,48,0,48,0,11
1403715392.362249612808228,46,5,46,0,11
1403715392.412250995635986,46,4,45,0,11
1403715392.462251424789429,47,2,43,1,11
1403715392.512251853942871,48,6,43,3,11
1403715392.562252759933472,47,0,45,1,11
1403715392.612254142761230,45,2,43,1,11
1403715392.662255287170410,42,1,42,0,11
1403715392.712257146835327,42,3,42,0,11
1403715392.762259483337402,43,0,39,3,11
1403715392.812261819839478,43,5,40,3,11
1403715392.862263202667236,47,6,43,4,11
1403715392.912264108657837,49,0,46,2,11
1403715392.962264060974121,47,1,46,0,11
1403715393.012263774871826,48,2,42,4,11
1403715393.062262535095215,47,0,43,0,11
1403715393.112259864807129,46,13,43,0,11
1403715393.162258386611938,42,1,41,0,11
1403715393.212258100509644,43,1,41,2,11
1403715393.262257814407349,43,0,40,0,11
1403715393.312257289886475,49,5,39,7,11
1403715393.362257480621338,47,1,43,3,11
1403715393.412256956100464,46,0,43,2,11
1403715393.462257146835327,43,2,40,3,11
1403715393.512256383895874,42,2,38,2,11
1403715393.562254428863525,45,2,40,3,11
1403715393.612254142761230,44,0,42,2,11
1403715393.662252664566040,43,2,40,1,11
1403715393.712251186370850,45,4,40,3,11
1403715393.762250423431396,42,0,40,1,11
1403715393.812251567840576,47,2,40,5,11
1403715393.862251996994019,45,2,42,0,11
1403715393.912252902984619,48,0,43,4,11
1403715393.962253332138062,47,0,46,1,11
1403715394.012253761291504,49,18,44,3,11
1403715394.062254667282104,48,0,45,0,11
1403715394.112255573272705,48,1,45,2,11
1403715394.162256479263306,49,1,47,2,11
1403715394.212256669998169,49,2,48,0,11
1403715394.262257099151611,48,0,46,0,11
1403715394.312257289886475,45,0,45,0,11
1403715394.362258434295654,45,3,41,4,11
1403715394.412260293960571,45,0,45,0,11
1403715394.462259531021118,42,0,41,0,11
1403715394.512258768081665,39,2,38,0,11
1403715394.562258243560791,37,0,36,0,11
1403715394.612256526947021,48,18,34,12,11
1403715394.662255287170410,47,0,44,0,11
1403715394.712254524230957,43,1,41,0,11
1403715394.762253284454346,42,0,37,1,11
1403715394.812252283096313,42,1,35,2,11
1403715394.862251520156860,36,1,32,0,11
1403715394.912251234054565,35,0,27,3,11
1403715394.962251186370850,34,0,28,0,11
1403715395.012252569198608,34,0,28,4,11
1403715395.062252998352051,33,0,31,1,11
1403715395.112253904342651,40,5,32,7,11
1403715395.162253618240356,39,0,39,0,11
1403715395.212254524230957,45,3,39,6,11
1403715395.262253999710083,45,1,44,0,11
1403715395.312254190444946,43,2,41,0,11
1403715395.362254619598389,41,0,38,0,11
1403715395.412254571914673,39,0,37,0,11
1403715395.462255477905273,36,0,35,0,11
1403715395.512255430221558,34,0,34,0,11
1403715395.562255382537842,34,0,34,0,11
1403715395.612255096435547,41,9,32,7,11
1403715395.662254571914673,39,0,36,0,11
1403715395.712254524230957,38,4,33,2,11
1403715395.762254476547241,35,0,34,0,11
1403715395.812254667282104,45,1,31,14,11
1403715395.862256526947021,43,0,42,0,11
1403715395.912257194519043,43,0,42,0,11
1403715395.962257385253906,41,0,41,0,11
1403715396.012257814407349,41,0,40,0,11
1403715396.062258243560791,40,0,40,0,11
1403715396.112257242202759,39,0,39,0,11
1403715396.162256240844727,38,0,37,0,11
1403715396.212254762649536,47,4,34,9,11
1403715396.262253999710083,46,0,42,1,11
1403715396.312253475189209,48,19,43,5,11
1403715396.362253189086914,48,0,48,0,11
1403715396.412252426147461,50,1,48,2,11
1403715396.462252140045166,50,0,50,0,11
1403715396.512251615524292,50,0,50,0,11
1403715396.562250137329102,48,0,48,0,11
1403715396.612247943878174,48,0,47,0,11
1403715396.662246227264404,46,0,46,0,11
1403715396.712244987487793,46,0,46,0,11
1403715396.762244224548340,42,1,42,0,11
1403715396.812243938446045,45,0,41,4,11
1403715396.862243890762329,44,0,44,0,11
1403715396.912243127822876,44,17,43,1,11
1403715396.962243795394897,43,0,43,0,11
1403715397.012244224548340,41,0,41,0,11
1403715397.062244892120361,41,0,40,0,11
1403715397.112244844436646,40,0,39,0,11
1403715397.162244558334351,40,0,39,1,11
1403715397.212244033813477,37,0,37,0,11
1403715397.262243509292603,37,0,37,0,11
1403715397.312241792678833,37,0,36,0,11
1403715397.362240314483643,42,2,36,5,11
1403715397.412239551544189,41,1,40,0,11
1403715397.462239503860474,41,1,40,0,11
1403715397.512238979339600,46,20,40,6,11
1403715397.562239646911621,48,8,45,3,11
1403715397.612239599227905,47,0,46,0,11
1403715397.662239313125610,46,0,45,0,11
1403715397.712238550186157,44,2,44,0,11
1403715397.762238264083862,40,2,40,0,11
1403715397.812238216400146,38,3,38,0,11
1403715397.862238407135010,38,1,38,0,11
1403715397.912238121032715,38,2,38,0,11
1403715397.962238311767578,45,3,37,8,11
1403715398.012238740921021,45,1,42,3,11
1403715398.062239408493042,45,0,43,0,11
1403715398.112240076065063,48,19,39,4,11
1403715398.162240982055664,46,6,41,2,11
1403715398.212245702743530,45,0,43,2,11
1403715398.262247800827026,44,0,43,0,11
1403715398.312250137329102,49,0,43,5,11
1403715398.362251043319702,48,0,48,0,11
1403715398.412250995635986,48,1,48,0,11
1403715398.462250947952271,48,0,48,0,11
1403715398.512250661849976,47,12,47,0,11
1403715398.562250137329102,47,1,47,0,11
1403715398.612249135971069,46,0,46,0,11
1403715398.662248611450195,45,0,44,0,11
1403715398.712248086929321,48,12,43,4,11
1403715398.762248039245605,48,5,46,2,11
1403715398.812248468399048,47,1,47,0,11
1403715398.862248659133911,47,1,47,0,11
1403715398.912248611450195,47,0,47,0,11
1403715398.962247848510742,47,0,47,0,11
1403715399.012247323989868,47,0,47,0,11
1403715399.062247037887573,47,0,47,0,11
1403715399.112246274948120,50,7,47,3,11
1403715399.162246704101562,50,19,50,0,11
1403715399.212246894836426,50,0,50,0,11
1403715399.262247562408447,50,0,50,0,11
1403715399.312248468399048,50,7,50,0,11
1403715399.362248897552490,50,1,50,0,11
1403715399.412248849868774,50,0,50,0,11
1403715399.462249040603638,50,0,50,0,11
1403715399.512248277664185,50,0,49,0,11
1403715399.562247276306152,50,0,49,0,11
1403715399.612246274948120,50,0,49,1,11
1403715399.662245512008667,50,0,50,0,11
1403715399.712244510650635,50,5,50,0,11
1403715399.762242555618286,50,18,50,0,11
1403715399.812243700027466,50,0,50,0,11
1403715399.862241744995117,50,0,50,0,11
1403715399.912239074707031,50,10,49,0,11
1403715399.962235927581787,50,1,48,0,11
1403715400.012233734130859,50,0,45,1,11
1403715400.062231540679932,50,0,46,1,11
1403715400.112231254577637,49,0,47,2,11
1403715400.162232637405396,49,0,49,0,11
1403715400.212233304977417,49,0,49,0,11
1403715400.262234210968018,49,0,48,0,11
1403715400.312235116958618,50,6,48,1,11
1403715400.362234592437744,50,18,49,1,11
1403715400.412232637405396,50,0,50,0,11
1403715400.462231874465942,50,0,50,0,11
1403715400.512228012084961,49,11,48,0,11
1403715400.562228202819824,49,3,47,1,11
1403715400.612227916717529,45,0,42,0,11
1403715400.662227869033813,44,0,41,0,11
1403715400.712226867675781,44,0,40,2,11
1403715400.762228250503540,44,0,41,1,11
1403715400.812230587005615,44,0,40,1,11
1403715400.862230539321899,43,3,39,0,11
1403715400.912229537963867,49,0,38,8,11
1403715400.962231397628784,48,17,45,1,11
1403715401.012230396270752,47,0,45,0,11
1403715401.062229871749878,44,1,43,0,11
1403715401.112229585647583,47,1,41,6,11
1403715401.162228822708130,49,1,47,2,11
1403715401.212227821350098,50,23,49,1,11
1403715401.262227296829224,50,0,50,0,11
1403715401.312227010726929,50,0,50,0,11
1403715401.362226009368896,49,0,47,0,11
1403715401.412224769592285,49,1,44,0,11
1403715401.462222814559937,49,1,43,2,11
1403715401.512222766876221,48,1,41,2,11
1403715401.562220335006714,49,16,42,2,11
1403715401.612221240997314,49,8,37,3,11
1403715401.662221431732178,49,3,34,2,11
1403715401.712219953536987,48,5,34,7,11
1403715401.762220859527588,48,4,41,6,11
1403715401.812229394912720,49,19,47,2,11
1403715401.862235546112061,49,2,48,0,11
1403715401.912241697311401,50,16,47,1,11
1403715401.962246179580688,50,8,47,1,11
1403715402.012247562408447,50,0,46,1,11
1403715402.062244653701782,49,1,46,1,11
1403715402.112246513366699,46,1,29,0,11
1403715402.162251472473145,50,8,27,4,11
1403715402.212251663208008,48,3,27,16,11
1403715402.262251138687134,46,2,40,0,11
1403715402.312250852584839,44,6,38,2,11
1403715402.362251996994019,42,0,37,4,11
1403715402.412252664566040,49,2,36,7,11
1403715402.462255954742432,49,0,43,1,11
1403715402.512259006500244,50,3,44,4,11
1403715402.562259197235107,48,8,47,0,11
1403715402.612260580062866,47,1,46,0,11
1403715402.662261247634888,49,9,46,2,11
1403715402.712260007858276,48,1,47,0,11
1403715402.762258529663086,46,0,43,2,11
1403715402.812258243560791,41,0,38,0,11
1403715402.862258195877075,38,0,35,0,11
1403715402.912257671356201,47,1,34,12,11
1403715402.962256908416748,46,3,44,2,11
1403715403.012256145477295,46,2,44,2,11
1403715403.062256097793579,49,7,45,4,11
1403715403.112254381179810,50,4,48,1,11
1403715403.162252187728882,50,5,47,0,11
1403715403.212247848510742,50,0,45,1,11
1403715403.262240648269653,48,9,47,1,11
1403715403.312236309051514,48,4,47,0,11
1403715403.362235307693481,48,0,47,0,11
1403715403.412234067916870,48,1,45,1,11
1403715403.462233781814575,47,0,46,0,11
1403715403.512233257293701,48,1,46,2,11
1403715403.562233924865723,48,1,48,0,11
1403715403.612232685089111,48,6,46,1,11
1403715403.662231683731079,49,2,44,2,11
1403715403.712229967117310,48,2,45,1,11
1403715403.762227535247803,47,3,44,2,11
1403715403.812227487564087,46,0,45,0,11
1403715403.862224817276001,47,5,41,4,11
1403715403.912224531173706,48,5,43,2,11
1403715403.962224483489990,46,0,45,0,11
1403715404.012223958969116,48,0,44,3,11
1403715404.062224626541138,47,2,45,0,11
1403715404.112225055694580,45,1,43,1,11
1403715404.162225723266602,41,1,41,0,11
1403715404.212226152420044,42,2,39,2,11
1403715404.262226343154907,45,0,39,5,11
1403715404.312227964401245,45,0,43,1,11
1403715404.362227916717529,49,5,44,4,11
1403715404.412227392196655,47,1,46,0,11
1403715404.462227582931519,47,4,43,3,11
1403715404.512227058410645,46,1,44,1,11
1403715404.562226533889771,45,1,43,1,11
1403715404.612226724624634,47,7,43,3,11
1403715404.662227153778076,43,4,41,0,11
1403715404.712227106094360,46,7,39,4,11
1403715404.762226819992065,45,2,41,2,11
1403715404.812225103378296,44,3,43,0,11
1403715404.862223386764526,44,1,43,1,11
1403715404.912223100662231,44,0,43,0,11
1403715404.962221860885620,50,3,43,6,11
1403715405.012222290039062,49,3,47,1,11
1403715405.062222957611084,48,1,47,0,11
1403715405.112224102020264,45,1,44,1,11
1403715405.162225484848022,46,0,44,1,11
1403715405.212226629257202,47,2,44,1,11
1403715405.262227773666382,50,3,45,4,11
1403715405.312230110168457,49,8,49,0,11
1403715405.362229585647583,48,1,46,1,11
1403715405.412229776382446,47,1,45,1,11
1403715405.462229728698730,45,2,43,1,11
1403715405.512229681015015,47,1,41,4,11
1403715405.562230348587036,48,1,44,3,11
1403715405.612230062484741,45,1,43,0,11
1403715405.662230014801025,43,0,42,0,11
1403715405.712230920791626,44,0,39,4,11
1403715405.762233495712280,49,4,40,6,11
1403715405.812235116958618,47,4,44,0,11
1403715405.862235784530640,44,0,41,2,11
1403715405.912237405776978,47,14,42,4,11
1403715405.962237834930420,42,0,42,0,11
1403715406.012238025665283,40,0,40,0,11
1403715406.062238454818726,41,0,40,1,11
1403715406.112238645553589,41,1,36,2,11
1403715406.162238836288452,40,1,37,1,11
1403715406.212238788604736,37,1,37,0,11
1403715406.262238740921021,43,1,36,7,11
1403715406.312238693237305,42,0,39,0,11
1403715406.362238407135010,43,0,36,3,11
1403715406.412239074707031,43,1,35,6,11
1403715406.462239265441895,41,0,38,1,11
1403715406.512240648269653,43,9,33,5,11
1403715406.562239646911621,46,2,38,4,11
1403715406.612238645553589,44,0,41,2,11
1403715406.662237644195557,40,1,40,0,11
1403715406.712236642837524,40,0,40,0,11
1403715406.762235641479492,46,8,36,8,11
1403715406.812235355377197,49,4,43,4,11
1403715406.862234830856323,47,2,45,1,11
1403715406.912234783172607,46,0,44,0,11
1403715406.962234735488892,45,0,43,1,11
1403715407.012234449386597,44,9,42,2,11
1403715407.062234401702881,43,1,42,0,11
1403715407.112234830856323,48,2,42,5,11
1403715407.162233352661133,48,8,43,3,11
1403715407.212231159210205,47,2,41,0,11
1403715407.262229204177856,40,2,36,1,11
1403715407.312227964401245,39,0,35,2,11
1403715407.362228155136108,44,0,36,6,11
1403715407.412225961685181,46,4,40,6,11
1403715407.462224245071411,48,1,45,2,11
1403715407.512223482131958,48,2,48,0,11
1403715407.562223911285400,47,4,46,0,11
1403715407.612223625183105,48,13,44,2,11
1403715407.662225008010864,46,4,44,1,11
1403715407.712225914001465,40,3,31,0,11
1403715407.762223005294800,38,7,25,3,11
1403715407.812221050262451,29,7,17,0,11
1403715407.862220048904419,30,2,9,7,11
1403715407.912219285964966,23,3,12,1,11
1403715407.962218761444092,15,0,9,0,11
1403715408.012218713760376,12,3,8,0,11
1403715408.062218904495239,9,2,4,2,11
1403715408.112219572067261,9,3,4,1,11
1403715408.162219762802124,7,0,3,0,11
1403715408.212218999862671,9,2,3,4,11
1403715408.262219667434692,8,0,3,1,11
1403715408.312219858169556,9,1,6,1,11
1403715408.362219572067261,8,2,6,0,11
1403715408.412219524383545,6,0,5,0,11
1403715408.462219476699829,5,1,4,0,11
1403715408.512219905853271,8,3,2,4,11
1403715408.562221288681030,13,1,6,7,11
1403715408.612221002578735,14,6,13,1,11
1403715408.662220478057861,15,1,14,1,11
1403715408.712219476699829,18,2,15,3,11
1403715408.762219190597534,23,0,18,5,11
1403715408.812218189239502,25,3,22,3,11
1403715408.862217664718628,30,2,23,6,11
1403715408.912216663360596,26,2,24,2,11
1403715408.962214946746826,31,4,26,5,11
1403715409.012213468551636,31,3,30,1,11
1403715409.062212228775024,33,3,30,3,11
1403715409.112210512161255,35,3,30,5,11
1403715409.162207603454590,38,1,34,4,11
1403715409.212205886840820,39,0,35,4,11
1403715409.262204647064209,38,2,38,0,11
1403715409.312203168869019,38,3,38,0,11
1403715409.362200975418091,39,2,37,2,11
1403715409.412201166152954,42,1,38,4,11
1403715409.462202310562134,43,2,40,3,11
1403715409.512203693389893,48,5,41,6,11
1403715409.562204599380493,46,0,45,0,11
1403715409.612203359603882,45,0,45,0,11
1403715409.662202358245850,48,3,44,4,11
1403715409.712200880050659,47,0,47,0,11
1403715409.762199163436890,47,1,46,0,11
1403715409.812198400497437,49,1,46,3,11
1403715409.862197637557983,49,0,49,0,11
1403715409.912196636199951,50,6,48,1,11
1403715409.962196350097656,49,4,46,0,11
1403715410.012194871902466,47,1,44,1,11
1403715410.062192916870117,47,1,45,1,11
1403715410.112190961837769,49,0,46,3,11
1403715410.162189722061157,49,1,49,0,11
1403715410.212187051773071,50,6,49,1,11
1403715410.262186288833618,47,5,45,0,11
1403715410.312186956405640,46,1,45,0,11
1403715410.362189531326294,46,4,45,1,11
1403715410.412191867828369,46,0,44,1,11
1403715410.462197303771973,49,7,45,3,11
1403715410.512201309204102,50,3,48,1,11
1403715410.562202930450439,48,2,48,0,11
1403715410.612204551696777,48,0,47,0,11
1403715410.662206172943115,48,0,47,0,11
1403715410.712205648422241,47,0,47,0,11
1403715410.762205123901367,49,8,47,2,11
1403715410.812204837799072,50,3,49,1,11
1403715410.862204551696777,50,2,50,0,11
1403715410.912204504013062,50,1,49,0,11
1403715410.962203502655029,50,0,49,0,11
1403715411.012202739715576,49,0,48,0,11
1403715411.062203884124756,48,4,47,0,11
1403715411.112204074859619,48,8,47,1,11
1403715411.162204265594482,47,2,47,0,11
1403715411.212202787399292,47,0,47,0,11
1403715411.262200832366943,47,0,47,0,11
1403715411.312199354171753,47,0,47,0,11
1403715411.362194538116455,49,10,47,2,11
1403715411.412193775177002,49,3,48,1,11
1403715411.462193727493286,48,2,48,0,11
1403715411.512193202972412,46,0,46,0,11
1403715411.562192678451538,46,0,46,0,11
1403715411.612191915512085,46,1,46,0,11
1403715411.662191390991211,49,1,45,3,11
1403715411.712190866470337,49,4,48,0,11
1403715411.762190818786621,49,2,48,1,11
1403715411.812190532684326,49,0,49,0,11
1403715411.862190485000610,49,1,49,0,11
1403715411.912189722061157,49,0,49,0,11
1403715411.962188959121704,49,10,49,0,11
1403715412.012187957763672,50,14,49,1,11
1403715412.062187910079956,50,2,50,0,11
1403715412.112188100814819,50,0,50,0,11
1403715412.162188053131104,50,0,49,0,11
1403715412.212188005447388,50,0,49,0,11
1403715412.262187957763672,50,0,49,1,11
1403715412.312188148498535,50,3,50,0,11
1403715412.362187862396240,50,2,50,0,11
1403715412.412187814712524,50,0,50,0,11
1403715412.462187767028809,50,0,50,0,11
1403715412.512187719345093,50,0,50,0,11
1403715412.562188386917114,50,10,50,0,11
1403715412.612188339233398,50,12,50,0,11
1403715412.662188291549683,50,2,49,0,11
1403715412.712187528610229,50,0,48,0,11
1403715412.762188434600830,48,0,47,0,11
1403715412.812189102172852,47,0,47,0,11
1403715412.862189531326294,47,0,47,0,11
1403715412.912189722061157,48,3,47,1,11
1403715412.962190151214600,48,2,48,0,11
1403715413.012189865112305,48,0,47,0,11
1403715413.062189817428589,48,0,47,0,11
1403715413.112189531326294,47,0,47,0,11
1403715413.162189245223999,48,8,46,1,11
1403715413.212189197540283,49,6,48,1,11
1403715413.262188911437988,49,2,49,0,11
1403715413.312188863754272,49,0,48,0,11
1403715413.362188816070557,48,0,46,0,11
1403715413.412188529968262,49,0,46,2,11
1403715413.462188005447388,49,0,46,1,11
1403715413.512188434600830,49,6,47,1,11
1403715413.562189340591431,49,4,47,2,11
1403715413.612189054489136,49,0,49,0,11
1403715413.662189722061157,49,1,47,0,11
1403715413.712189197540283,49,1,46,0,11
1403715413.762189149856567,48,4,46,2,11
1403715413.812189102172852,49,6,47,2,11
1403715413.862189769744873,49,5,47,1,11
1403715413.912189483642578,48,2,46,0,11
1403715413.962189674377441,46,13,41,2,11
1403715414.012189388275146,44,2,42,1,11
1403715414.062189340591431,43,1,42,1,11
1403715414.112189769744873,48,0,42,6,11
1403715414.162189245223999,48,0,46,0,11
1403715414.212189197540283,47,0,45,0,11
1403715414.262189149856567,44,1,44,0,11
1403715414.312190532684326,49,9,43,6,11
1403715414.362190723419189,49,2,48,1,11
1403715414.412190675735474,48,7,48,0,11
1403715414.462191343307495,49,1,48,1,11
1403715414.512192010879517,49,0,49,0,11
1403715414.562191724777222,50,13,48,1,11
1403715414.612194061279297,50,0,42,0,11
1403715414.662195682525635,49,0,41,0,11
1403715414.712196111679077,43,0,42,1,11
1403715414.762194871902466,43,0,43,0,11
1403715414.812193393707275,43,1,43,0,11
1403715414.862191915512085,43,1,43,0,11
1403715414.912188291549683,46,5,43,3,11
1403715414.962188005447388,48,0,45,2,11
1403715415.012188196182251,48,3,46,0,11
1403715415.062189102172852,46,0,42,1,11
1403715415.112189531326294,45,0,42,2,11
1403715415.162189483642578,49,5,38,6,11
1403715415.212189435958862,49,0,40,0,11
1403715415.262188911437988,44,1,34,1,11
1403715415.312189340591431,43,0,32,5,11
1403715415.362189054489136,40,0,34,3,11
1403715415.412188529968262,40,0,36,1,11
1403715415.462187528610229,41,1,36,3,11
1403715415.512186765670776,39,12,35,1,11
1403715415.562186956405640,38,0,35,0,11
1403715415.612186431884766,39,5,33,5,11
1403715415.662185907363892,39,0,29,1,11
1403715415.712185621261597,34,2,24,0,11
1403715415.762185096740723,29,0,24,2,11
1403715415.812188148498535,27,0,25,1,11
1403715415.862189531326294,27,0,26,0,11
1403715415.912191152572632,26,0,25,0,11
1403715415.962189197540283,26,0,25,0,11
1403715416.012188434600830,26,0,25,1,11
1403715416.062189340591431,26,0,26,0,11
1403715416.112189054489136,26,0,26,0,11
1403715416.162189006805420,26,0,26,0,11
1403715416.212188959121704,26,0,26,0,11
1403715416.262188911437988,26,0,25,0,11
1403715416.312188863754272,27,1,25,1,11
1403715416.362188577651978,27,0,26,1,11
1403715416.412188768386841,27,0,27,0,11
1403715416.462188482284546,27,0,27,0,11
1403715416.512188434600830,27,0,26,0,11
1403715416.562188625335693,27,0,27,0,11
1403715416.612188339233398,27,0,27,0,11
1403715416.662188291549683,27,0,27,0,11
1403715416.712188005447388,27,0,27,0,11
1403715416.762187957763672,27,0,27,0,11
1403715416.812188148498535,30,0,27,3,11
1403715416.862188100814819,30,0,30,0,11
1403715416.912188053131104,30,1,30,0,11
1403715416.962188005447388,30,0,30,0,11
1403715417.012187719345093,30,0,30,0,11
1403715417.062187910079956,30,0,30,0,11
1403715417.112187862396240,30,0,30,0,11
1403715417.162187814712524,30,0,30,0,11
1403715417.212188005447388,30,0,30,0,11
1403715417.262187719345093,31,0,30,1,11
1403715417.312188148498535,32,0,31,1,11
1403715417.362188100814819,32,0,32,0,11
1403715417.412188053131104,32,0,32,0,11
1403715417.462187767028809,32,0,32,0,11
1403715417.512187719345093,33,1,32,1,11
1403715417.562187910079956,33,0,33,0,11
1403715417.612187623977661,33,0,33,0,11
1403715417.662187576293945,33,0,33,0,11
1403715417.712187528610229,33,0,33,0,11
1403715417.762187480926514,33,0,33,0,11
1403715417.812187671661377,33,0,33,0,11
1403715417.862187623977661,33,0,33,0,11
1403715417.912187576293945,33,0,33,0,11
1403715417.962187290191650,33,0,33,0,11
1403715418.012187242507935,33,0,33,0,11
1403715418.062187433242798,33,0,33,0,11
1403715418.112187385559082,33,1,33,0,11
1403715418.162187337875366,33,0,33,0,11
1403715418.212187290191650,33,0,33,0,11
1403715418.262187242507935,33,0,33,0,11
1403715418.312187433242798,33,0,33,0,11
1403715418.362187385559082,33,0,33,0,11
1403715418.412187337875366,33,0,33,0,11
1403715418.462187290191650,33,0,33,0,11
1403715418.512187242507935,33,0,32,0,11
1403715418.562187433242798,33,0,32,0,11
1403715418.612187385559082,32,0,32,0,11
1403715418.662187337875366,32,0,32,0,11
1403715418.712187290191650,32,1,32,0,11
1403715418.762187242507935,32,0,32,0,11
1403715418.812187433242798,32,0,32,0,11
