# timestamp (sec),tracking,propagation,msckf update,slam update,slam delayed,re-tri & marg,total
1403715278.865181922912598,0.00395,0.00008,0.00032,0.00000,0.00000,0.00125,0.00561
1403715278.901616334915161,0.00463,0.00019,0.00367,0.00000,0.00695,0.00122,0.01666
1403715278.951306104660034,0.00431,0.00010,0.00040,0.00219,0.00000,0.00115,0.00816
1403715278.995417594909668,0.00386,0.00011,0.00004,0.00143,0.00003,0.00139,0.00686
1403715279.042375326156616,0.00475,0.00010,0.00003,0.00135,0.00000,0.00163,0.00786
1403715279.092499256134033,0.00383,0.00012,0.00046,0.00032,0.00051,0.00128,0.00652
1403715279.142080068588257,0.00387,0.00012,0.00043,0.00053,0.00000,0.00132,0.00628
1403715279.192122697830200,0.00442,0.00012,0.00073,0.00018,0.00115,0.00133,0.00792
1403715279.244837284088135,0.00423,0.00012,0.00007,0.00100,0.00462,0.00178,0.01182
1403715279.295929670333862,0.00441,0.00013,0.00020,0.00192,0.00453,0.00146,0.01266
1403715279.344609022140503,0.00360,0.00013,0.00001,0.00339,0.00146,0.00133,0.00992
1403715279.393447160720825,0.00402,0.00013,0.00001,0.00342,0.00924,0.00126,0.01809
1403715279.443083286285400,0.00405,0.00015,0.00002,0.00488,0.00000,0.00127,0.01036
1403715279.493196249008179,0.00420,0.00020,0.01103,0.00349,0.00139,0.00134,0.02165
1403715279.541312932968140,0.00429,0.00014,0.00001,0.00478,0.00005,0.00135,0.01062
1403715279.592049121856689,0.00411,0.00013,0.00110,0.00274,0.00170,0.00137,0.01114
1403715279.643207311630249,0.00420,0.00013,0.00023,0.00235,0.00080,0.00151,0.00921
1403715279.693335294723511,0.00420,0.00016,0.00024,0.00401,0.00092,0.00146,0.01099
1403715279.743473768234253,0.00434,0.00019,0.00001,0.00542,0.00000,0.00134,0.01130
1403715279.793801307678223,0.00432,0.00016,0.00004,0.00536,0.00003,0.00151,0.01141
1403715279.844363689422607,0.00385,0.00014,0.00005,0.00539,0.00000,0.00154,0.01097
1403715279.894580364227295,0.00391,0.00014,0.00057,0.00548,0.00000,0.00135,0.01146
1403715279.944987058639526,0.00411,0.00015,0.00021,0.00558,0.00124,0.00156,0.01284
1403715279.997687339782715,0.00401,0.00014,0.00001,0.00351,0.00000,0.00128,0.00895
1403715280.047960281372070,0.00410,0.00013,0.00014,0.00066,0.00028,0.00127,0.00658
1403715280.101511478424072,0.00423,0.00019,0.00962,0.00240,0.00184,0.00137,0.01965
1403715280.152907133102417,0.00425,0.00022,0.00009,0.00470,0.00003,0.00143,0.01072
1403715280.204987764358521,0.00441,0.00017,0.00004,0.00457,0.00113,0.00145,0.01178
1403715280.256191968917847,0.00393,0.00011,0.00010,0.00459,0.00000,0.00130,0.01002
1403715280.307303428649902,0.00434,0.00013,0.00001,0.00472,0.00000,0.00131,0.01051
1403715280.357493400573730,0.00414,0.00015,0.00001,0.00478,0.00000,0.00134,0.01042
1403715280.407374858856201,0.00489,0.00013,0.00001,0.00477,0.00058,0.00149,0.01187
1403715280.456809282302856,0.00435,0.00020,0.00042,0.00486,0.00000,0.00136,0.01120
1403715280.506413221359253,0.00405,0.00013,0.00030,0.00487,0.00000,0.00149,0.01085
1403715280.555681467056274,0.00442,0.00013,0.00089,0.00403,0.00000,0.00148,0.01096
1403715280.605823755264282,0.00518,0.00016,0.00046,0.00080,0.00014,0.00131,0.00806
1403715280.655697822570801,0.00426,0.00014,0.00077,0.00023,0.00425,0.00142,0.01106
1403715280.706523656845093,0.00459,0.00014,0.00986,0.00220,0.00356,0.00131,0.02165
1403715280.756547451019287,0.00487,0.00015,0.00116,0.00426,0.00195,0.00145,0.01385
1403715280.806547641754150,0.00420,0.00014,0.00011,0.00379,0.00084,0.00124,0.01032
1403715280.856527566909790,0.00429,0.00013,0.00046,0.00418,0.00016,0.00125,0.01047
1403715280.906701087951660,0.00567,0.00011,0.00127,0.00431,0.00015,0.00136,0.01288
1403715280.956696748733521,0.00467,0.00014,0.00036,0.00399,0.00206,0.00140,0.01262
1403715281.006587028503418,0.00670,0.00017,0.00073,0.00500,0.00000,0.00139,0.01398
1403715281.056900978088379,0.00435,0.00012,0.00007,0.00395,0.00000,0.00139,0.00987
1403715281.107007265090942,0.00453,0.00016,0.00001,0.00360,0.00000,0.00128,0.00959
1403715281.157072782516479,0.00389,0.00010,0.00058,0.00372,0.00311,0.00134,0.01273
1403715281.207157611846924,0.00557,0.00017,0.00074,0.00406,0.00000,0.00172,0.01227
1403715281.257227659225464,0.00442,0.00020,0.00006,0.00407,0.00000,0.00158,0.01032
1403715281.307588815689087,0.00470,0.00013,0.00674,0.00083,0.00662,0.00135,0.02038
1403715281.357604980468750,0.00476,0.00014,0.00065,0.00035,0.00034,0.00128,0.00752
1403715281.407606363296509,0.00410,0.00013,0.00060,0.00026,0.00269,0.00133,0.00912
1403715281.457490682601929,0.00422,0.00012,0.00510,0.00236,0.00293,0.00150,0.01622
1403715281.507468461990356,0.00469,0.00014,0.00009,0.00219,0.00000,0.00134,0.00844
1403715281.557465553283691,0.00462,0.00017,0.00033,0.00039,0.00000,0.00142,0.00692
1403715281.607466936111450,0.00438,0.00011,0.00050,0.00023,0.00206,0.00144,0.00871
1403715281.657382726669312,0.00405,0.00014,0.00068,0.00126,0.00236,0.00135,0.00985
1403715281.707500696182251,0.00478,0.00012,0.00030,0.00179,0.00000,0.00140,0.00839
1403715281.757500648498535,0.00477,0.00014,0.00141,0.00034,0.00163,0.00133,0.00961
1403715281.807500839233398,0.00723,0.00013,0.00033,0.00020,0.00109,0.00140,0.01037
1403715281.857453584671021,0.00503,0.00012,0.00045,0.00040,0.00153,0.00138,0.00890
1403715281.907459259033203,0.00425,0.00012,0.00003,0.00065,0.00160,0.00144,0.00808
1403715281.957458734512329,0.00493,0.00012,0.00014,0.00027,0.00063,0.00135,0.00744
1403715282.007458925247192,0.00461,0.00012,0.00030,0.00011,0.00158,0.00134,0.00806
1403715282.057459115982056,0.00435,0.00012,0.00015,0.00023,0.00223,0.00135,0.00844
1403715282.107458353042603,0.00429,0.00010,0.00017,0.00022,0.00061,0.00144,0.00684
1403715282.157458543777466,0.00394,0.00011,0.00042,0.00010,0.00146,0.00138,0.00742
1403715282.207458496093750,0.00478,0.00020,0.00016,0.00024,0.00049,0.00137,0.00724
1403715282.257457494735718,0.00434,0.00011,0.00020,0.00022,0.00064,0.00142,0.00694
1403715282.307457923889160,0.00371,0.00013,0.00044,0.00011,0.00146,0.00141,0.00727
1403715282.357457876205444,0.00436,0.00013,0.00187,0.00025,0.00245,0.00141,0.01047
1403715282.407456874847412,0.00429,0.00011,0.00031,0.00020,0.00058,0.00149,0.00697
1403715282.457456588745117,0.00427,0.00013,0.00032,0.00011,0.00127,0.00138,0.00747
1403715282.507456541061401,0.00369,0.00015,0.00009,0.00022,0.00164,0.00133,0.00712
1403715282.557456493377686,0.00395,0.00012,0.00017,0.00020,0.00039,0.00163,0.00646
1403715282.607456445693970,0.00473,0.00011,0.00035,0.00009,0.00111,0.00152,0.00791
1403715282.657456398010254,0.00409,0.00012,0.00009,0.00017,0.00171,0.00155,0.00772
1403715282.707456350326538,0.00400,0.00012,0.00023,0.00017,0.00042,0.00140,0.00634
1403715282.757456302642822,0.00612,0.00014,0.00028,0.00009,0.00114,0.00147,0.00924
1403715282.807456493377686,0.00454,0.00012,0.00028,0.00022,0.00040,0.00146,0.00700
1403715282.857456445693970,0.00460,0.00011,0.00016,0.00019,0.00042,0.00148,0.00696
1403715282.907456398010254,0.00411,0.00012,0.00026,0.00009,0.00099,0.00147,0.00702
1403715282.957456111907959,0.00452,0.00012,0.00076,0.00018,0.00263,0.00145,0.00966
1403715283.007456779479980,0.00447,0.00013,0.00010,0.00017,0.00044,0.00145,0.00674
1403715283.057456731796265,0.00441,0.00012,0.00025,0.00011,0.00107,0.00144,0.00740
1403715283.107456684112549,0.00428,0.00014,0.00014,0.00018,0.00141,0.00177,0.00792
1403715283.157457828521729,0.00447,0.00011,0.00010,0.00016,0.00093,0.00142,0.00719
1403715283.207457780838013,0.00425,0.00011,0.00030,0.00008,0.00106,0.00142,0.00723
1403715283.257457733154297,0.00434,0.00013,0.00027,0.00017,0.00114,0.00145,0.00750
1403715283.307459592819214,0.00415,0.00012,0.00043,0.00016,0.00318,0.00166,0.00970
1403715283.357459306716919,0.00371,0.00012,0.00021,0.00010,0.00093,0.00177,0.00683
1403715283.407459259033203,0.00371,0.00013,0.00007,0.00018,0.00033,0.00145,0.00587
1403715283.457459211349487,0.00381,0.00012,0.00018,0.00017,0.00001,0.00148,0.00576
1403715283.507459163665771,0.00416,0.00012,0.00030,0.00004,0.00091,0.00140,0.00694
1403715283.557459354400635,0.00542,0.00011,0.00007,0.00013,0.00167,0.00144,0.00884
1403715283.607459306716919,0.00424,0.00014,0.00012,0.00016,0.00000,0.00153,0.00620
1403715283.657459020614624,0.00402,0.00014,0.00020,0.00005,0.00086,0.00174,0.00703
1403715283.707458972930908,0.00395,0.00012,0.00014,0.00012,0.00048,0.00150,0.00632
1403715283.757458925247192,0.00379,0.00011,0.00001,0.00016,0.00024,0.00153,0.00584
1403715283.807458877563477,0.00387,0.00012,0.00018,0.00006,0.00089,0.00176,0.00687
1403715283.857458829879761,0.00369,0.00011,0.00007,0.00015,0.00043,0.00154,0.00599
1403715283.907458782196045,0.00387,0.00013,0.00001,0.00017,0.00126,0.00170,0.00715
1403715283.957458496093750,0.00381,0.00012,0.00016,0.00006,0.00085,0.00156,0.00655
1403715284.007458448410034,0.00390,0.00011,0.00007,0.00014,0.00032,0.00155,0.00609
1403715284.057458639144897,0.00398,0.00012,0.00004,0.00016,0.00000,0.00155,0.00586
1403715284.107458353042603,0.00389,0.00013,0.00020,0.00006,0.00161,0.00178,0.00768
1403715284.157458305358887,0.00373,0.00015,0.00011,0.00014,0.00081,0.00150,0.00642
1403715284.207458257675171,0.00376,0.00011,0.00002,0.00016,0.00000,0.00150,0.00555
1403715284.257457971572876,0.00391,0.00011,0.00020,0.00006,0.00089,0.00152,0.00668
1403715284.307458162307739,0.00426,0.00010,0.00008,0.00013,0.00051,0.00146,0.00653
1403715284.357458114624023,0.00382,0.00011,0.00004,0.00017,0.00021,0.00151,0.00586
1403715284.407457828521729,0.00384,0.00011,0.00018,0.00006,0.00082,0.00150,0.00651
1403715284.457457780838013,0.00378,0.00011,0.00006,0.00014,0.00041,0.00153,0.00603
1403715284.507457733154297,0.00382,0.00010,0.00004,0.00015,0.00135,0.00149,0.00695
1403715284.557457685470581,0.00421,0.00012,0.00014,0.00006,0.00088,0.00148,0.00688
1403715284.607457637786865,0.00378,0.00012,0.00007,0.00012,0.00032,0.00151,0.00593
1403715284.657457590103149,0.00382,0.00011,0.00001,0.00020,0.00000,0.00150,0.00563
1403715284.707457304000854,0.00376,0.00014,0.00015,0.00006,0.00262,0.00174,0.00847
1403715284.757457256317139,0.00406,0.00012,0.00007,0.00013,0.00112,0.00145,0.00694
1403715284.807457447052002,0.00409,0.00011,0.00001,0.00015,0.00000,0.00153,0.00589
1403715284.857457160949707,0.00420,0.00023,0.00030,0.00006,0.00077,0.00148,0.00704
1403715284.907450199127197,0.00424,0.00010,0.00012,0.00011,0.00193,0.00166,0.00816
1403715284.957466363906860,0.00428,0.00010,0.00001,0.00022,0.00022,0.00174,0.00658
1403715285.007483482360840,0.00379,0.00011,0.00014,0.00011,0.00079,0.00145,0.00639
1403715285.057495355606079,0.00380,0.00013,0.00008,0.00019,0.00105,0.00159,0.00684
1403715285.107498645782471,0.00403,0.00014,0.00001,0.00022,0.00180,0.00172,0.00792
1403715285.157505273818970,0.00378,0.00013,0.00014,0.00012,0.00070,0.00165,0.00651
1403715285.207520484924316,0.00417,0.00013,0.00021,0.00015,0.00027,0.00150,0.00644
1403715285.257520437240601,0.00409,0.00012,0.00003,0.00015,0.00000,0.00148,0.00587
1403715285.307520866394043,0.00369,0.00012,0.00013,0.00006,0.00219,0.00169,0.00789
1403715285.357520818710327,0.00416,0.00012,0.00009,0.00010,0.00196,0.00165,0.00808
1403715285.407520771026611,0.00406,0.00012,0.00003,0.00012,0.00000,0.00142,0.00576
1403715285.457520961761475,0.00387,0.00011,0.00015,0.00004,0.00060,0.00145,0.00623
1403715285.507520914077759,0.00399,0.00011,0.00006,0.00009,0.00122,0.00140,0.00686
1403715285.557521104812622,0.00423,0.00011,0.00004,0.00013,0.00043,0.00152,0.00645
1403715285.607521295547485,0.00360,0.00011,0.00011,0.00005,0.00066,0.00167,0.00620
1403715285.657521247863770,0.00381,0.00011,0.00007,0.00009,0.00092,0.00141,0.00641
1403715285.707521200180054,0.00371,0.00010,0.00001,0.00011,0.00356,0.00140,0.00889
1403715285.757521152496338,0.00380,0.00010,0.00027,0.00003,0.00049,0.00140,0.00611
1403715285.807520389556885,0.00379,0.00011,0.00025,0.00008,0.00020,0.00145,0.00588
1403715285.857520341873169,0.00394,0.00011,0.00002,0.00011,0.00000,0.00141,0.00559
1403715285.907397031784058,0.00388,0.00011,0.00024,0.00003,0.00489,0.00172,0.01087
1403715285.957421541213989,0.00378,0.00012,0.00004,0.00028,0.00376,0.00143,0.00942
1403715286.007418870925903,0.00336,0.00011,0.00001,0.00030,0.00000,0.00148,0.00526
1403715286.057473897933960,0.00363,0.00013,0.00021,0.00019,0.00056,0.00146,0.00618
1403715286.107521772384644,0.00375,0.00011,0.00005,0.00028,0.00076,0.00145,0.00639
1403715286.157596349716187,0.00334,0.00011,0.00002,0.00028,0.00542,0.00195,0.01112
1403715286.207664012908936,0.00363,0.00014,0.00015,0.00077,0.00098,0.00159,0.00727
1403715286.257629871368408,0.00477,0.00026,0.00024,0.00128,0.00289,0.00230,0.01174
1403715286.307651519775391,0.00506,0.00014,0.00088,0.00085,0.00768,0.00153,0.01614
1403715286.357585668563843,0.00510,0.00013,0.00048,0.00140,0.00078,0.00149,0.00939
1403715286.407527446746826,0.00401,0.00065,0.00019,0.00123,0.00025,0.00145,0.00778
1403715286.457509994506836,0.00434,0.00015,0.00004,0.00121,0.00000,0.00176,0.00750
1403715286.507482528686523,0.00401,0.00012,0.00085,0.00120,0.00375,0.00172,0.01165
1403715286.557430267333984,0.00409,0.00014,0.00246,0.00104,0.00276,0.00154,0.01203
1403715286.607373476028442,0.00423,0.00022,0.00018,0.00103,0.00000,0.00162,0.00730
1403715286.657199859619141,0.00400,0.00012,0.00056,0.00108,0.00040,0.00170,0.00786
1403715286.707045555114746,0.00398,0.00012,0.00013,0.00112,0.00011,0.00150,0.00696
1403715286.757007837295532,0.00342,0.00011,0.00026,0.00101,0.00000,0.00146,0.00626
1403715286.806984663009644,0.00418,0.00012,0.00006,0.00067,0.00012,0.00162,0.00678
1403715286.857237100601196,0.00374,0.00013,0.00015,0.00022,0.00948,0.00150,0.01522
1403715286.907272338867188,0.00417,0.00015,0.00008,0.00053,0.00292,0.00144,0.00929
1403715286.957354068756104,0.00349,0.00016,0.00040,0.00030,0.00038,0.00142,0.00615
1403715287.007352352142334,0.00372,0.00012,0.00016,0.00039,0.00002,0.00139,0.00580
1403715287.057313442230225,0.00429,0.00011,0.00026,0.00037,0.00000,0.00143,0.00646
1403715287.107312202453613,0.00349,0.00011,0.00025,0.00029,0.00164,0.00175,0.00753
1403715287.157384157180786,0.00351,0.00011,0.00029,0.00033,0.00385,0.00147,0.00955
1403715287.207428455352783,0.00347,0.00011,0.00012,0.00023,0.00001,0.00149,0.00544
1403715287.257452487945557,0.00332,0.00011,0.00009,0.00016,0.00034,0.00158,0.00560
1403715287.307462453842163,0.00380,0.00010,0.00019,0.00009,0.00010,0.00139,0.00567
1403715287.357511043548584,0.00394,0.00009,0.00029,0.00007,0.00181,0.00167,0.00788
1403715287.407512664794922,0.00371,0.00010,0.00013,0.00006,0.00001,0.00140,0.00541
1403715287.457508802413940,0.00360,0.00009,0.00034,0.00006,0.00122,0.00137,0.00668
1403715287.507520198822021,0.00338,0.00009,0.00002,0.00008,0.00200,0.00137,0.00694
1403715287.557519912719727,0.00390,0.00010,0.00004,0.00009,0.00044,0.00146,0.00604
1403715287.607517242431641,0.00375,0.00010,0.00015,0.00007,0.00091,0.00146,0.00643
1403715287.657517194747925,0.00377,0.00011,0.00024,0.00000,0.00001,0.00145,0.00557
1403715287.707517147064209,0.00397,0.00009,0.00014,0.00000,0.00117,0.00142,0.00679
1403715287.757517099380493,0.00356,0.00009,0.00008,0.00000,0.00117,0.00142,0.00633
1403715287.807517290115356,0.00404,0.00009,0.00009,0.00000,0.00002,0.00141,0.00565
1403715287.857512235641479,0.00349,0.00010,0.00013,0.00000,0.00018,0.00140,0.00530
1403715287.907420396804810,0.00387,0.00009,0.00027,0.00000,0.00236,0.00135,0.00793
1403715287.957255363464355,0.00400,0.00010,0.00015,0.00008,0.00293,0.00158,0.00884
1403715288.007196664810181,0.00392,0.00011,0.00019,0.00021,0.00066,0.00140,0.00650
1403715288.057253599166870,0.00380,0.00010,0.00033,0.00023,0.00360,0.00142,0.00947
1403715288.107267141342163,0.00366,0.00011,0.00001,0.00049,0.00291,0.00166,0.00883
1403715288.157310247421265,0.00411,0.00011,0.00012,0.00061,0.00306,0.00134,0.00935
1403715288.207368850708008,0.00365,0.00011,0.00004,0.00093,0.00213,0.00167,0.00853
1403715288.257476091384888,0.00368,0.00012,0.00004,0.00117,0.00000,0.00146,0.00647
1403715288.307448625564575,0.00360,0.00012,0.00013,0.00066,0.00092,0.00139,0.00681
1403715288.357476711273193,0.00364,0.00013,0.00001,0.00038,0.00033,0.00139,0.00588
1403715288.407476663589478,0.00369,0.00013,0.00010,0.00013,0.00076,0.00148,0.00629
1403715288.457476615905762,0.00360,0.00010,0.00007,0.00006,0.00070,0.00138,0.00591
1403715288.507476568222046,0.00353,0.00012,0.00006,0.00000,0.00044,0.00140,0.00555
1403715288.557476758956909,0.00375,0.00010,0.00001,0.00000,0.00062,0.00145,0.00593
1403715288.607476711273193,0.00317,0.00011,0.00001,0.00000,0.00003,0.00149,0.00481
1403715288.657476663589478,0.00355,0.00013,0.00001,0.00000,0.00062,0.00149,0.00579
1403715288.707476615905762,0.00359,0.00009,0.00004,0.00000,0.00177,0.00145,0.00695
1403715288.757476568222046,0.00353,0.00010,0.00003,0.00000,0.00012,0.00143,0.00521
1403715288.807476758956909,0.00355,0.00009,0.00002,0.00000,0.00060,0.00144,0.00570
1403715288.857476711273193,0.00345,0.00009,0.00001,0.00000,0.00000,0.00148,0.00502
1403715288.907476663589478,0.00346,0.00010,0.00001,0.00000,0.00083,0.00149,0.00589
1403715288.957476615905762,0.00357,0.00010,0.00003,0.00000,0.00016,0.00153,0.00539
1403715289.007476568222046,0.00346,0.00010,0.00001,0.00000,0.00110,0.00148,0.00615
1403715289.057476758956909,0.00346,0.00009,0.00001,0.00000,0.00091,0.00147,0.00595
1403715289.107476711273193,0.00368,0.00009,0.00001,0.00000,0.00063,0.00151,0.00592
1403715289.157476663589478,0.00350,0.00012,0.00001,0.00000,0.00062,0.00141,0.00566
1403715289.207476615905762,0.00361,0.00010,0.00001,0.00000,0.00003,0.00149,0.00523
1403715289.257476568222046,0.00438,0.00010,0.00001,0.00000,0.00042,0.00143,0.00634
1403715289.307476758956909,0.00372,0.00010,0.00001,0.00000,0.00108,0.00142,0.00632
1403715289.357476711273193,0.00386,0.00010,0.00006,0.00000,0.00011,0.00143,0.00556
1403715289.407476902008057,0.00340,0.00009,0.00011,0.00000,0.00028,0.00147,0.00536
1403715289.457476854324341,0.00339,0.00010,0.00003,0.00000,0.00000,0.00144,0.00496
1403715289.507476806640625,0.00338,0.00012,0.00007,0.00000,0.00015,0.00149,0.00522
1403715289.557476997375488,0.00361,0.00011,0.00004,0.00000,0.00002,0.00149,0.00527
1403715289.607476949691772,0.00486,0.00010,0.00027,0.00000,0.00023,0.00145,0.00690
1403715289.657476902008057,0.00390,0.00011,0.00006,0.00000,0.00021,0.00144,0.00572
1403715289.707476854324341,0.00380,0.00010,0.00015,0.00000,0.00058,0.00147,0.00610
1403715289.757476806640625,0.00365,0.00009,0.00005,0.00000,0.00021,0.00144,0.00543
1403715289.807476997375488,0.00332,0.00010,0.00001,0.00000,0.00021,0.00149,0.00512
1403715289.857476949691772,0.00322,0.00011,0.00005,0.00000,0.00009,0.00142,0.00488
1403715289.907476902008057,0.00371,0.00012,0.00001,0.00000,0.00038,0.00147,0.00569
1403715289.957476854324341,0.00367,0.00009,0.00001,0.00000,0.00012,0.00150,0.00539
1403715290.007476806640625,0.00371,0.00012,0.00001,0.00000,0.00000,0.00182,0.00566
1403715290.057476997375488,0.00377,0.00009,0.00008,0.00000,0.00000,0.00149,0.00544
1403715290.107476949691772,0.00352,0.00010,0.00010,0.00000,0.00013,0.00137,0.00522
1403715290.157476902008057,0.00342,0.00010,0.00001,0.00000,0.00084,0.00136,0.00572
1403715290.207476854324341,0.00336,0.00010,0.00001,0.00000,0.00019,0.00146,0.00512
1403715290.257476806640625,0.00360,0.00009,0.00001,0.00000,0.00023,0.00146,0.00539
1403715290.307476997375488,0.00345,0.00009,0.00005,0.00000,0.00016,0.00141,0.00516
1403715290.357476949691772,0.00380,0.00010,0.00001,0.00000,0.00056,0.00141,0.00588
1403715290.407476902008057,0.00359,0.00009,0.00001,0.00000,0.00029,0.00148,0.00546
1403715290.457476854324341,0.00353,0.00010,0.00014,0.00000,0.00059,0.00141,0.00576
1403715290.507476806640625,0.00447,0.00010,0.00007,0.00000,0.00097,0.00147,0.00709
1403715290.557476997375488,0.00367,0.00010,0.00010,0.00000,0.00012,0.00143,0.00543
1403715290.607476949691772,0.00376,0.00010,0.00001,0.00000,0.00000,0.00147,0.00533
1403715290.657476902008057,0.00392,0.00010,0.00001,0.00000,0.00000,0.00150,0.00552
1403715290.707476854324341,0.00362,0.00010,0.00016,0.00000,0.00070,0.00137,0.00595
1403715290.757467031478882,0.00413,0.00010,0.00015,0.00000,0.00161,0.00156,0.00756
1403715290.807466506958008,0.00358,0.00011,0.00001,0.00006,0.00105,0.00147,0.00626
1403715290.857469797134399,0.00408,0.00009,0.00001,0.00006,0.00150,0.00178,0.00752
1403715290.907473802566528,0.00367,0.00009,0.00001,0.00006,0.00030,0.00144,0.00558
1403715290.957479476928711,0.00394,0.00013,0.00036,0.00005,0.00092,0.00149,0.00690
1403715291.007509946823120,0.00356,0.00010,0.00027,0.00002,0.00137,0.00145,0.00675
1403715291.057517051696777,0.00363,0.00010,0.00007,0.00007,0.00159,0.00145,0.00691
1403715291.107517004013062,0.00373,0.00010,0.00023,0.00002,0.00090,0.00146,0.00643
1403715291.157516956329346,0.00367,0.00010,0.00001,0.00003,0.00013,0.00145,0.00539
1403715291.207516908645630,0.00372,0.00010,0.00002,0.00000,0.00002,0.00157,0.00544
1403715291.257516860961914,0.00392,0.00010,0.00014,0.00000,0.00000,0.00145,0.00561
1403715291.307517051696777,0.00481,0.00010,0.00010,0.00000,0.00109,0.00282,0.00893
1403715291.357519865036011,0.00411,0.00011,0.00034,0.00000,0.00072,0.00143,0.00671
1403715291.407519817352295,0.00397,0.00010,0.00004,0.00003,0.00166,0.00167,0.00748
1403715291.457529067993164,0.00410,0.00012,0.00005,0.00003,0.00199,0.00158,0.00788
1403715291.507559776306152,0.00371,0.00029,0.00008,0.00005,0.00044,0.00144,0.00601
1403715291.557568311691284,0.00355,0.00009,0.00007,0.00007,0.00063,0.00150,0.00590
1403715291.607568264007568,0.00400,0.00010,0.00002,0.00003,0.00047,0.00143,0.00605
1403715291.657568216323853,0.00362,0.00011,0.00009,0.00001,0.00174,0.00143,0.00701
1403715291.707568168640137,0.00391,0.00012,0.00013,0.00000,0.00058,0.00143,0.00617
1403715291.757568120956421,0.00353,0.00012,0.00012,0.00000,0.00071,0.00146,0.00595
1403715291.807568311691284,0.00370,0.00012,0.00001,0.00000,0.00046,0.00143,0.00572
1403715291.857568264007568,0.00405,0.00009,0.00038,0.00000,0.00000,0.00176,0.00629
1403715291.907568216323853,0.00368,0.00010,0.00001,0.00000,0.00087,0.00142,0.00607
1403715291.957568168640137,0.00386,0.00010,0.00010,0.00000,0.00052,0.00146,0.00604
1403715292.007568120956421,0.00375,0.00009,0.00002,0.00000,0.00143,0.00143,0.00673
1403715292.057568311691284,0.00404,0.00011,0.00012,0.00000,0.00074,0.00255,0.00756
1403715292.107568264007568,0.00378,0.00010,0.00002,0.00000,0.00053,0.00206,0.00648
1403715292.157528877258301,0.00362,0.00010,0.00003,0.00000,0.00131,0.00145,0.00651
1403715292.207525968551636,0.00359,0.00010,0.00001,0.00006,0.00021,0.00152,0.00549
1403715292.257536649703979,0.00385,0.00010,0.00003,0.00002,0.00252,0.00167,0.00819
1403715292.307536840438843,0.00359,0.00010,0.00012,0.00001,0.00081,0.00149,0.00614
1403715292.357536792755127,0.00361,0.00010,0.00002,0.00002,0.00029,0.00145,0.00548
1403715292.407537221908569,0.00406,0.00010,0.00015,0.00000,0.00061,0.00148,0.00640
1403715292.457537174224854,0.00450,0.00011,0.00015,0.00000,0.00000,0.00146,0.00622
1403715292.507537126541138,0.00362,0.00009,0.00021,0.00000,0.00110,0.00164,0.00666
1403715292.557537317276001,0.00375,0.00010,0.00006,0.00000,0.00043,0.00139,0.00574
1403715292.607537269592285,0.00388,0.00011,0.00028,0.00000,0.00227,0.00191,0.00845
1403715292.657537221908569,0.00414,0.00012,0.00012,0.00000,0.00087,0.00165,0.00691
1403715292.707537174224854,0.00338,0.00011,0.00017,0.00000,0.00024,0.00146,0.00536
1403715292.757537126541138,0.00398,0.00012,0.00019,0.00000,0.00060,0.00176,0.00666
1403715292.807537317276001,0.00362,0.00009,0.00020,0.00000,0.00062,0.00141,0.00595
1403715292.857537269592285,0.00455,0.00011,0.00012,0.00000,0.00064,0.00172,0.00715
1403715292.907537221908569,0.00485,0.00009,0.00009,0.00000,0.00065,0.00148,0.00717
1403715292.957537174224854,0.00423,0.00010,0.00007,0.00000,0.00021,0.00152,0.00613
1403715293.007537126541138,0.00368,0.00009,0.00017,0.00000,0.00114,0.00168,0.00677
1403715293.057537317276001,0.00411,0.00009,0.00030,0.00000,0.00000,0.00149,0.00599
1403715293.107537269592285,0.00391,0.00011,0.00019,0.00000,0.00073,0.00151,0.00645
1403715293.157537221908569,0.00441,0.00010,0.00040,0.00000,0.00076,0.00145,0.00712
1403715293.207537174224854,0.00410,0.00010,0.00014,0.00000,0.00178,0.00162,0.00774
1403715293.257537126541138,0.00383,0.00011,0.00019,0.00000,0.00095,0.00153,0.00661
1403715293.307537317276001,0.00391,0.00010,0.00018,0.00000,0.00007,0.00150,0.00576
1403715293.357537269592285,0.00399,0.00010,0.00030,0.00000,0.00047,0.00149,0.00635
1403715293.407537221908569,0.00382,0.00010,0.00032,0.00000,0.00077,0.00144,0.00646
1403715293.457537174224854,0.00494,0.00013,0.00020,0.00000,0.00253,0.00144,0.00925
1403715293.507537126541138,0.00401,0.00010,0.00004,0.00000,0.00061,0.00154,0.00630
1403715293.557537317276001,0.00383,0.00009,0.00010,0.00000,0.00019,0.00145,0.00567
1403715293.607537269592285,0.00395,0.00009,0.00004,0.00000,0.00076,0.00148,0.00632
1403715293.657537221908569,0.00384,0.00009,0.00012,0.00000,0.00000,0.00151,0.00556
1403715293.707537174224854,0.00376,0.00009,0.00017,0.00000,0.00239,0.00172,0.00812
1403715293.757537126541138,0.00379,0.00009,0.00001,0.00000,0.00089,0.00148,0.00626
1403715293.807537317276001,0.00361,0.00010,0.00009,0.00000,0.00229,0.00163,0.00772
1403715293.857537269592285,0.00374,0.00010,0.00001,0.00000,0.00072,0.00146,0.00602
1403715293.907537221908569,0.00499,0.00012,0.00015,0.00000,0.00000,0.00152,0.00677
1403715293.957537174224854,0.00399,0.00010,0.00007,0.00000,0.00000,0.00153,0.00569
1403715294.007537126541138,0.00397,0.00009,0.00011,0.00000,0.00356,0.00145,0.00920
1403715294.057537317276001,0.00386,0.00010,0.00004,0.00000,0.00204,0.00175,0.00779
1403715294.107537269592285,0.00391,0.00010,0.00001,0.00000,0.00069,0.00162,0.00633
1403715294.157537221908569,0.00389,0.00010,0.00014,0.00000,0.00019,0.00151,0.00584
1403715294.207537174224854,0.00392,0.00011,0.00027,0.00000,0.00076,0.00154,0.00661
1403715294.257537126541138,0.00369,0.00010,0.00026,0.00000,0.00000,0.00150,0.00555
1403715294.307537317276001,0.00380,0.00011,0.00031,0.00000,0.00179,0.00169,0.00770
1403715294.357537269592285,0.00521,0.00012,0.00007,0.00000,0.00004,0.00148,0.00692
1403715294.407537221908569,0.00395,0.00011,0.00016,0.00000,0.00026,0.00150,0.00597
1403715294.457537174224854,0.00395,0.00010,0.00003,0.00000,0.00331,0.00148,0.00887
1403715294.507537126541138,0.00377,0.00010,0.00005,0.00000,0.00000,0.00153,0.00545
1403715294.557537317276001,0.00378,0.00010,0.00003,0.00000,0.00000,0.00150,0.00541
1403715294.607537269592285,0.00379,0.00009,0.00001,0.00000,0.00361,0.00141,0.00890
1403715294.657537221908569,0.00375,0.00009,0.00006,0.00000,0.00194,0.00170,0.00755
1403715294.707537174224854,0.00354,0.00010,0.00005,0.00000,0.00026,0.00154,0.00548
1403715294.757537126541138,0.00604,0.00010,0.00001,0.00000,0.00022,0.00149,0.00786
1403715294.807537317276001,0.00446,0.00010,0.00014,0.00000,0.00045,0.00159,0.00674
1403715294.857537269592285,0.00433,0.00011,0.00004,0.00000,0.00000,0.00158,0.00605
1403715294.907537221908569,0.00440,0.00011,0.00004,0.00000,0.00385,0.00174,0.01013
1403715294.957537174224854,0.00422,0.00011,0.00004,0.00000,0.00000,0.00157,0.00594
1403715295.007537126541138,0.00429,0.00010,0.00018,0.00000,0.00000,0.00160,0.00618
1403715295.057537317276001,0.00404,0.00010,0.00004,0.00000,0.00263,0.00181,0.00861
1403715295.107537269592285,0.00413,0.00010,0.00004,0.00000,0.00000,0.00155,0.00583
1403715295.157537221908569,0.00399,0.00012,0.00015,0.00000,0.00000,0.00154,0.00580
1403715295.207537174224854,0.00384,0.00010,0.00007,0.00000,0.00231,0.00165,0.00798
1403715295.257537126541138,0.00387,0.00009,0.00004,0.00000,0.00171,0.00170,0.00742
1403715295.307537317276001,0.00382,0.00010,0.00001,0.00000,0.00371,0.00145,0.00909
1403715295.357537269592285,0.00383,0.00010,0.00001,0.00000,0.00003,0.00144,0.00541
1403715295.407537221908569,0.00383,0.00010,0.00004,0.00000,0.00020,0.00147,0.00563
1403715295.457537174224854,0.00389,0.00010,0.00001,0.00000,0.00000,0.00146,0.00546
1403715295.507537126541138,0.00375,0.00010,0.00006,0.00000,0.00096,0.00154,0.00641
1403715295.557537317276001,0.00384,0.00010,0.00003,0.00000,0.00000,0.00151,0.00548
1403715295.607537269592285,0.00534,0.00010,0.00003,0.00000,0.00000,0.00153,0.00701
1403715295.657537221908569,0.00418,0.00010,0.00002,0.00000,0.00129,0.00143,0.00702
1403715295.707537174224854,0.00422,0.00010,0.00001,0.00000,0.00000,0.00153,0.00586
1403715295.757537126541138,0.00436,0.00010,0.00004,0.00000,0.00000,0.00161,0.00611
1403715295.807537317276001,0.00421,0.00010,0.00010,0.00000,0.00047,0.00156,0.00644
1403715295.857537269592285,0.00412,0.00011,0.00001,0.00000,0.00085,0.00159,0.00669
1403715295.907537221908569,0.00393,0.00009,0.00007,0.00000,0.00149,0.00157,0.00716
1403715295.957537174224854,0.00412,0.00010,0.00004,0.00000,0.00000,0.00160,0.00587
1403715296.007537126541138,0.00382,0.00011,0.00001,0.00000,0.00012,0.00154,0.00560
1403715296.057537317276001,0.00408,0.00010,0.00027,0.00000,0.00000,0.00152,0.00597
1403715296.107537269592285,0.00391,0.00009,0.00007,0.00000,0.00047,0.00147,0.00601
1403715296.157537221908569,0.00405,0.00010,0.00003,0.00000,0.00140,0.00147,0.00705
1403715296.207537174224854,0.00387,0.00012,0.00004,0.00000,0.00000,0.00152,0.00556
1403715296.257537126541138,0.00376,0.00009,0.00004,0.00000,0.00073,0.00142,0.00604
1403715296.307537317276001,0.00577,0.00010,0.00009,0.00000,0.00000,0.00182,0.00779
1403715296.357537269592285,0.00578,0.00019,0.00012,0.00000,0.00000,0.00255,0.00864
1403715296.407537221908569,0.00424,0.00011,0.00011,0.00000,0.00074,0.00148,0.00669
1403715296.457537174224854,0.00404,0.00012,0.00036,0.00000,0.00085,0.00153,0.00689
1403715296.507537126541138,0.00392,0.00010,0.00002,0.00000,0.00231,0.00176,0.00811
1403715296.557537317276001,0.00389,0.00008,0.00009,0.00000,0.00000,0.00159,0.00565
1403715296.607537269592285,0.00387,0.00010,0.00011,0.00000,0.00000,0.00163,0.00572
1403715296.657537221908569,0.00371,0.00010,0.00004,0.00000,0.00000,0.00153,0.00538
1403715296.707537174224854,0.00379,0.00010,0.00004,0.00000,0.00104,0.00152,0.00649
1403715296.757537126541138,0.00371,0.00011,0.00001,0.00000,0.00168,0.00150,0.00701
1403715296.807537317276001,0.00383,0.00010,0.00001,0.00000,0.00000,0.00152,0.00546
1403715296.857537269592285,0.00374,0.00010,0.00009,0.00000,0.00562,0.00189,0.01143
1403715296.907537221908569,0.00377,0.00014,0.00001,0.00000,0.00000,0.00149,0.00540
1403715296.957537174224854,0.00379,0.00009,0.00001,0.00000,0.00000,0.00150,0.00538
1403715297.007545232772827,0.00360,0.00010,0.00017,0.00000,0.00122,0.00162,0.00671
1403715297.057547092437744,0.00339,0.00009,0.00021,0.00005,0.00051,0.00154,0.00579
1403715297.107559680938721,0.00334,0.00012,0.00002,0.00006,0.00503,0.00182,0.01038
1403715297.157550096511841,0.00376,0.00011,0.00004,0.00028,0.00000,0.00143,0.00562
1403715297.207522392272949,0.00397,0.00009,0.00007,0.00022,0.00000,0.00143,0.00578
1403715297.257484436035156,0.00497,0.00013,0.00021,0.00024,0.00000,0.00144,0.00700
1403715297.307389736175537,0.00569,0.00012,0.00005,0.00019,0.00156,0.00155,0.00915
1403715297.357271432876587,0.00460,0.00010,0.00016,0.00014,0.00299,0.00151,0.00949
1403715297.407317876815796,0.00428,0.00012,0.00006,0.00026,0.00001,0.00150,0.00622
1403715297.457359313964844,0.00435,0.00010,0.00009,0.00014,0.00432,0.00181,0.01081
1403715297.507363319396973,0.00442,0.00011,0.00012,0.00013,0.00001,0.00158,0.00637
1403715297.557363510131836,0.00419,0.00012,0.00013,0.00003,0.00001,0.00161,0.00608
1403715297.607363462448120,0.00453,0.00010,0.00020,0.00003,0.00041,0.00159,0.00684
1403715297.657363414764404,0.00414,0.00010,0.00011,0.00000,0.00038,0.00149,0.00623
1403715297.707363367080688,0.00426,0.00010,0.00001,0.00000,0.00163,0.00180,0.00779
1403715297.757363319396973,0.00389,0.00009,0.00026,0.00000,0.00000,0.00148,0.00572
1403715297.807394981384277,0.00407,0.00009,0.00023,0.00000,0.00134,0.00162,0.00735
1403715297.857394933700562,0.00390,0.00009,0.00021,0.00002,0.00347,0.00145,0.00913
1403715297.907394886016846,0.00419,0.00011,0.00008,0.00002,0.00078,0.00150,0.00669
1403715297.957394838333130,0.00394,0.00009,0.00028,0.00000,0.00060,0.00146,0.00638
1403715298.007394790649414,0.00410,0.00009,0.00003,0.00000,0.00010,0.00146,0.00579
1403715298.057400941848755,0.00408,0.00010,0.00042,0.00000,0.00446,0.00187,0.01094
1403715298.107400894165039,0.00543,0.00009,0.00018,0.00001,0.00015,0.00167,0.00753
1403715298.157400846481323,0.00425,0.00009,0.00019,0.00002,0.00021,0.00146,0.00621
1403715298.207400798797607,0.00383,0.00010,0.00019,0.00000,0.00021,0.00143,0.00576
1403715298.257400751113892,0.00394,0.00009,0.00010,0.00000,0.00060,0.00144,0.00617
1403715298.307400941848755,0.00397,0.00008,0.00006,0.00000,0.00130,0.00138,0.00680
1403715298.357400894165039,0.00376,0.00010,0.00005,0.00000,0.00000,0.00145,0.00535
1403715298.407400846481323,0.00390,0.00010,0.00001,0.00000,0.00053,0.00148,0.00601
1403715298.457400798797607,0.00616,0.00011,0.00005,0.00000,0.00205,0.00156,0.00992
1403715298.507400751113892,0.00455,0.00009,0.00013,0.00000,0.00083,0.00148,0.00708
1403715298.557391166687012,0.00454,0.00010,0.00001,0.00000,0.00079,0.00154,0.00698
1403715298.607391119003296,0.00429,0.00010,0.00007,0.00001,0.00000,0.00165,0.00612
1403715298.657383680343628,0.00438,0.00013,0.00001,0.00002,0.00746,0.00167,0.01367
1403715298.707388877868652,0.00456,0.00011,0.00016,0.00006,0.00016,0.00157,0.00662
1403715298.757390499114990,0.00414,0.00009,0.00004,0.00007,0.00021,0.00192,0.00647
1403715298.807394266128540,0.00395,0.00010,0.00003,0.00007,0.00027,0.00175,0.00617
1403715298.857408046722412,0.00432,0.00009,0.00001,0.00007,0.00062,0.00163,0.00674
1403715298.907407999038696,0.00437,0.00010,0.00015,0.00002,0.00112,0.00180,0.00756
1403715298.957407951354980,0.00423,0.00010,0.00008,0.00003,0.00000,0.00148,0.00592
1403715299.007407903671265,0.00437,0.00011,0.00032,0.00000,0.00101,0.00178,0.00758
1403715299.057408094406128,0.00425,0.00010,0.00005,0.00000,0.00039,0.00155,0.00635
1403715299.107408046722412,0.00419,0.00012,0.00004,0.00000,0.00010,0.00157,0.00602
1403715299.157407999038696,0.00407,0.00012,0.00001,0.00000,0.00009,0.00157,0.00587
1403715299.207407951354980,0.00418,0.00010,0.00001,0.00000,0.00000,0.00158,0.00586
1403715299.257407903671265,0.00420,0.00012,0.00004,0.00000,0.00083,0.00155,0.00675
1403715299.307408094406128,0.00375,0.00012,0.00004,0.00000,0.00005,0.00172,0.00568
1403715299.357408046722412,0.00392,0.00010,0.00012,0.00000,0.00005,0.00143,0.00563
1403715299.407407999038696,0.00419,0.00010,0.00005,0.00000,0.00002,0.00150,0.00586
1403715299.457407951354980,0.00422,0.00011,0.00005,0.00000,0.00005,0.00146,0.00588
1403715299.507407903671265,0.00524,0.00012,0.00013,0.00000,0.00011,0.00146,0.00707
1403715299.557408094406128,0.00604,0.00012,0.00007,0.00000,0.00000,0.00177,0.00800
1403715299.607408046722412,0.00480,0.00010,0.00012,0.00000,0.00085,0.00173,0.00760
1403715299.657407999038696,0.00442,0.00011,0.00010,0.00000,0.00024,0.00152,0.00639
1403715299.707407951354980,0.00400,0.00011,0.00004,0.00000,0.00005,0.00157,0.00576
1403715299.757407903671265,0.00412,0.00010,0.00006,0.00000,0.00010,0.00147,0.00584
1403715299.807408094406128,0.00407,0.00012,0.00005,0.00000,0.00000,0.00150,0.00574
1403715299.857408046722412,0.00407,0.00010,0.00011,0.00000,0.00063,0.00145,0.00635
1403715299.907407999038696,0.00463,0.00010,0.00004,0.00000,0.00003,0.00149,0.00630
1403715299.957407951354980,0.00400,0.00009,0.00006,0.00000,0.00005,0.00139,0.00559
1403715300.007407903671265,0.00414,0.00010,0.00012,0.00000,0.00000,0.00145,0.00580
1403715300.057408094406128,0.00480,0.00013,0.00007,0.00000,0.00014,0.00148,0.00662
1403715300.107408046722412,0.00388,0.00010,0.00010,0.00000,0.00044,0.00141,0.00593
1403715300.157407999038696,0.00403,0.00010,0.00004,0.00000,0.00000,0.00142,0.00560
1403715300.207407951354980,0.00461,0.00010,0.00008,0.00000,0.00018,0.00147,0.00644
1403715300.257407903671265,0.00404,0.00012,0.00008,0.00000,0.00022,0.00146,0.00591
1403715300.307408094406128,0.00395,0.00011,0.00003,0.00000,0.00000,0.00151,0.00560
1403715300.357408046722412,0.00399,0.00011,0.00004,0.00000,0.00003,0.00153,0.00569
1403715300.407407999038696,0.00404,0.00011,0.00004,0.00000,0.00000,0.00154,0.00574
1403715300.457407951354980,0.00397,0.00011,0.00005,0.00000,0.00077,0.00140,0.00629
1403715300.507407903671265,0.00378,0.00010,0.00004,0.00000,0.00002,0.00149,0.00542
1403715300.557408094406128,0.00387,0.00010,0.00007,0.00000,0.00004,0.00148,0.00556
1403715300.607408046722412,0.00400,0.00010,0.00006,0.00000,0.00021,0.00146,0.00584
1403715300.657407999038696,0.00392,0.00011,0.00001,0.00000,0.00006,0.00146,0.00556
1403715300.707407951354980,0.00377,0.00011,0.00001,0.00000,0.00043,0.00148,0.00580
1403715300.757407903671265,0.00357,0.00012,0.00001,0.00000,0.00035,0.00145,0.00550
1403715300.807408094406128,0.00400,0.00010,0.00004,0.00000,0.00020,0.00151,0.00584
1403715300.857408046722412,0.00462,0.00011,0.00001,0.00000,0.00021,0.00152,0.00647
1403715300.907407999038696,0.00399,0.00010,0.00006,0.00000,0.00000,0.00152,0.00566
1403715300.957407951354980,0.00426,0.00013,0.00007,0.00000,0.00002,0.00156,0.00603
1403715301.007407903671265,0.00377,0.00012,0.00018,0.00000,0.00000,0.00149,0.00556
1403715301.057408094406128,0.00367,0.00010,0.00006,0.00000,0.00127,0.00139,0.00649
1403715301.107408046722412,0.00373,0.00010,0.00001,0.00000,0.00003,0.00152,0.00539
1403715301.157407999038696,0.00477,0.00012,0.00005,0.00000,0.00002,0.00153,0.00648
1403715301.207407951354980,0.00408,0.00012,0.00006,0.00000,0.00016,0.00151,0.00592
1403715301.257407903671265,0.00416,0.00010,0.00011,0.00000,0.00004,0.00148,0.00590
1403715301.307408094406128,0.00376,0.00011,0.00005,0.00000,0.00083,0.00146,0.00622
1403715301.357408046722412,0.00372,0.00011,0.00003,0.00000,0.00042,0.00148,0.00576
1403715301.407407999038696,0.00554,0.00010,0.00001,0.00000,0.00071,0.00266,0.00902
1403715301.457407951354980,0.00373,0.00010,0.00001,0.00000,0.00014,0.00151,0.00548
1403715301.507407903671265,0.00373,0.00026,0.00005,0.00015,0.00000,0.00147,0.00566
1403715301.557408094406128,0.00370,0.00010,0.00004,0.00000,0.00002,0.00166,0.00551
1403715301.607408046722412,0.00486,0.00010,0.00010,0.00000,0.00000,0.00171,0.00677
1403715301.657407999038696,0.00408,0.00009,0.00010,0.00000,0.00076,0.00148,0.00650
1403715301.707407951354980,0.00403,0.00012,0.00001,0.00000,0.00053,0.00145,0.00614
1403715301.757407903671265,0.00384,0.00010,0.00003,0.00000,0.00001,0.00192,0.00592
1403715301.807408094406128,0.00372,0.00010,0.00003,0.00000,0.00029,0.00169,0.00583
1403715301.857408046722412,0.00396,0.00011,0.00004,0.00000,0.00004,0.00155,0.00569
1403715301.907407999038696,0.00380,0.00011,0.00003,0.00000,0.00107,0.00139,0.00639
1403715301.957407951354980,0.00346,0.00010,0.00001,0.00000,0.00122,0.00143,0.00622
1403715302.007407903671265,0.00398,0.00010,0.00001,0.00000,0.00058,0.00153,0.00620
1403715302.057408094406128,0.00381,0.00011,0.00012,0.00000,0.00030,0.00149,0.00584
1403715302.107408046722412,0.00376,0.00011,0.00003,0.00000,0.00000,0.00150,0.00540
1403715302.157407999038696,0.00406,0.00012,0.00019,0.00000,0.00123,0.00147,0.00708
1403715302.207407951354980,0.00374,0.00010,0.00001,0.00000,0.00000,0.00149,0.00535
1403715302.257407903671265,0.00373,0.00010,0.00002,0.00000,0.00117,0.00140,0.00642
1403715302.307408094406128,0.00365,0.00011,0.00005,0.00000,0.00014,0.00148,0.00544
1403715302.357408046722412,0.00523,0.00011,0.00001,0.00000,0.00003,0.00154,0.00692
1403715302.407407999038696,0.00415,0.00011,0.00009,0.00000,0.00028,0.00168,0.00630
1403715302.457407951354980,0.00426,0.00010,0.00001,0.00000,0.00003,0.00157,0.00597
1403715302.507407903671265,0.00423,0.00010,0.00001,0.00000,0.00134,0.00181,0.00750
1403715302.557407855987549,0.00437,0.00014,0.00001,0.00000,0.00087,0.00166,0.00705
1403715302.607412099838257,0.00439,0.00009,0.00004,0.00006,0.00025,0.00159,0.00642
1403715302.657413244247437,0.00411,0.00010,0.00001,0.00006,0.00052,0.00179,0.00659
1403715302.707416772842407,0.00442,0.00010,0.00002,0.00006,0.00000,0.00162,0.00621
1403715302.757419109344482,0.00423,0.00012,0.00012,0.00005,0.00111,0.00180,0.00742
1403715302.807423114776611,0.00415,0.00012,0.00004,0.00006,0.00000,0.00155,0.00593
1403715302.857427120208740,0.00397,0.00012,0.00004,0.00005,0.00113,0.00147,0.00677
1403715302.907432794570923,0.00410,0.00011,0.00005,0.00005,0.00243,0.00177,0.00852
1403715302.957440614700317,0.00419,0.00011,0.00001,0.00006,0.00003,0.00152,0.00592
1403715303.007440567016602,0.00429,0.00013,0.00005,0.00002,0.00021,0.00152,0.00623
1403715303.057440757751465,0.00408,0.00010,0.00006,0.00002,0.00002,0.00161,0.00589
1403715303.107498645782471,0.00405,0.00012,0.00006,0.00000,0.00143,0.00165,0.00731
1403715303.157500743865967,0.00423,0.00014,0.00005,0.00007,0.00044,0.00156,0.00650
1403715303.207500696182251,0.00392,0.00010,0.00005,0.00003,0.00017,0.00150,0.00577
1403715303.257500648498535,0.00366,0.00009,0.00001,0.00003,0.00017,0.00173,0.00569
1403715303.307500839233398,0.00393,0.00009,0.00007,0.00000,0.00001,0.00144,0.00554
1403715303.357500791549683,0.00466,0.00009,0.00006,0.00000,0.00078,0.00156,0.00714
1403715303.407500743865967,0.00424,0.00010,0.00008,0.00000,0.00000,0.00154,0.00596
1403715303.457500696182251,0.00383,0.00011,0.00007,0.00000,0.00071,0.00156,0.00628
1403715303.507500648498535,0.00401,0.00028,0.00023,0.00000,0.00064,0.00155,0.00672
1403715303.557500839233398,0.00414,0.00010,0.00007,0.00000,0.00002,0.00145,0.00579
1403715303.607500791549683,0.00697,0.00009,0.00006,0.00000,0.00015,0.00185,0.00912
1403715303.657500743865967,0.00451,0.00009,0.00020,0.00000,0.00002,0.00151,0.00633
1403715303.707500696182251,0.00457,0.00010,0.00012,0.00000,0.00020,0.00158,0.00657
1403715303.757500648498535,0.00450,0.00011,0.00007,0.00000,0.00011,0.00162,0.00641
1403715303.807500839233398,0.00426,0.00012,0.00008,0.00000,0.00015,0.00159,0.00620
1403715303.857500791549683,0.00451,0.00011,0.00008,0.00000,0.00005,0.00159,0.00635
1403715303.907500743865967,0.00431,0.00011,0.00014,0.00000,0.00033,0.00162,0.00651
1403715303.957500696182251,0.00414,0.00012,0.00005,0.00000,0.00051,0.00149,0.00631
1403715304.007500648498535,0.00408,0.00011,0.00005,0.00000,0.00000,0.00151,0.00576
1403715304.057500839233398,0.00400,0.00014,0.00001,0.00000,0.00016,0.00148,0.00579
1403715304.107500791549683,0.00413,0.00012,0.00006,0.00000,0.00028,0.00148,0.00606
1403715304.157500743865967,0.00388,0.00011,0.00001,0.00000,0.00440,0.00167,0.01007
1403715304.207500696182251,0.00348,0.00011,0.00004,0.00000,0.00004,0.00147,0.00514
1403715304.257500648498535,0.00401,0.00012,0.00003,0.00000,0.00002,0.00139,0.00558
1403715304.307500839233398,0.00372,0.00008,0.00001,0.00000,0.00017,0.00144,0.00542
1403715304.357500791549683,0.00337,0.00009,0.00003,0.00000,0.00012,0.00174,0.00535
1403715304.407500743865967,0.00356,0.00009,0.00001,0.00000,0.00013,0.00143,0.00522
1403715304.457500696182251,0.00394,0.00011,0.00000,0.00000,0.00000,0.00140,0.00545
1403715304.507500648498535,0.00380,0.00012,0.00001,0.00000,0.00016,0.00143,0.00552
1403715304.557500839233398,0.00361,0.00011,0.00001,0.00000,0.00014,0.00143,0.00530
1403715304.607500791549683,0.00369,0.00010,0.00001,0.00000,0.00000,0.00144,0.00524
1403715304.657500743865967,0.00394,0.00012,0.00008,0.00000,0.00016,0.00140,0.00569
1403715304.707500696182251,0.00503,0.00009,0.00001,0.00000,0.00061,0.00170,0.00744
1403715304.757500648498535,0.00453,0.00010,0.00005,0.00000,0.00366,0.00179,0.01013
1403715304.807500839233398,0.00439,0.00013,0.00005,0.00000,0.00005,0.00146,0.00608
1403715304.857500791549683,0.00433,0.00010,0.00001,0.00000,0.00003,0.00156,0.00603
1403715304.907500743865967,0.00416,0.00011,0.00004,0.00000,0.00055,0.00156,0.00643
1403715304.957500696182251,0.00415,0.00011,0.00001,0.00000,0.00029,0.00150,0.00606
1403715305.007500648498535,0.00402,0.00011,0.00001,0.00000,0.00011,0.00150,0.00575
1403715305.057500839233398,0.00424,0.00013,0.00001,0.00000,0.00000,0.00160,0.00598
1403715305.107500791549683,0.00396,0.00011,0.00001,0.00000,0.00030,0.00150,0.00588
1403715305.157500743865967,0.00412,0.00011,0.00001,0.00000,0.00014,0.00154,0.00592
1403715305.207500696182251,0.00412,0.00010,0.00001,0.00000,0.00000,0.00151,0.00574
1403715305.257500648498535,0.00434,0.00013,0.00001,0.00000,0.00269,0.00154,0.00872
1403715305.307500839233398,0.00395,0.00011,0.00001,0.00000,0.00103,0.00183,0.00693
1403715305.357500791549683,0.00400,0.00011,0.00001,0.00000,0.00332,0.00196,0.00940
1403715305.407500743865967,0.00410,0.00010,0.00002,0.00000,0.00006,0.00155,0.00582
1403715305.457500696182251,0.00420,0.00011,0.00004,0.00000,0.00002,0.00153,0.00590
1403715305.507500648498535,0.00421,0.00012,0.00001,0.00000,0.00014,0.00157,0.00605
1403715305.557500839233398,0.00412,0.00010,0.00001,0.00000,0.00013,0.00155,0.00592
1403715305.607500791549683,0.00404,0.00010,0.00001,0.00000,0.00010,0.00148,0.00573
1403715305.657500743865967,0.00403,0.00010,0.00003,0.00000,0.00000,0.00153,0.00570
1403715305.707500696182251,0.00415,0.00009,0.00001,0.00000,0.00017,0.00149,0.00592
1403715305.757500648498535,0.00427,0.00012,0.00001,0.00000,0.00015,0.00156,0.00610
1403715305.807500839233398,0.00427,0.00011,0.00001,0.00000,0.00000,0.00150,0.00589
1403715305.857500791549683,0.00435,0.00011,0.00004,0.00000,0.00168,0.00166,0.00783
1403715305.907500743865967,0.00434,0.00010,0.00001,0.00000,0.00023,0.00170,0.00639
1403715305.957500696182251,0.00430,0.00011,0.00001,0.00000,0.00136,0.00181,0.00759
1403715306.007500648498535,0.00411,0.00011,0.00001,0.00000,0.00005,0.00155,0.00583
1403715306.057500839233398,0.00420,0.00009,0.00001,0.00000,0.00003,0.00149,0.00583
1403715306.107500791549683,0.00407,0.00011,0.00001,0.00000,0.00014,0.00150,0.00583
1403715306.157500743865967,0.00400,0.00009,0.00005,0.00000,0.00014,0.00149,0.00577
1403715306.207500696182251,0.00411,0.00014,0.00001,0.00000,0.00057,0.00148,0.00632
1403715306.257500648498535,0.00405,0.00009,0.00001,0.00000,0.00000,0.00151,0.00567
1403715306.307500839233398,0.00422,0.00010,0.00005,0.00000,0.00049,0.00144,0.00630
1403715306.357500791549683,0.00406,0.00009,0.00004,0.00000,0.00013,0.00143,0.00575
1403715306.407500743865967,0.00391,0.00010,0.00005,0.00000,0.00000,0.00146,0.00551
1403715306.457500696182251,0.00712,0.00010,0.00009,0.00000,0.00082,0.00234,0.01047
1403715306.507500648498535,0.00375,0.00010,0.00007,0.00000,0.00020,0.00146,0.00557
1403715306.557500839233398,0.00364,0.00013,0.00008,0.00000,0.00103,0.00137,0.00626
1403715306.607500791549683,0.00594,0.00010,0.00008,0.00000,0.00004,0.00178,0.00793
1403715306.657500743865967,0.00436,0.00009,0.00007,0.00000,0.00002,0.00150,0.00603
1403715306.707500696182251,0.00410,0.00011,0.00005,0.00000,0.00036,0.00142,0.00604
1403715306.757500648498535,0.00445,0.00009,0.00005,0.00000,0.00033,0.00170,0.00661
1403715306.807500839233398,0.00411,0.00010,0.00013,0.00000,0.00007,0.00143,0.00585
1403715306.857500791549683,0.00395,0.00008,0.00011,0.00000,0.00000,0.00138,0.00553
1403715306.907500743865967,0.00376,0.00010,0.00016,0.00000,0.00033,0.00137,0.00574
1403715306.957500696182251,0.00511,0.00010,0.00011,0.00000,0.00038,0.00150,0.00720
1403715307.007504701614380,0.00446,0.00010,0.00031,0.00000,0.00000,0.00141,0.00629
1403715307.057504892349243,0.00466,0.00011,0.00022,0.00000,0.00013,0.00136,0.00648
1403715307.107504844665527,0.00369,0.00011,0.00001,0.00000,0.00006,0.00148,0.00535
1403715307.157524824142456,0.00392,0.00010,0.00011,0.00000,0.00429,0.00173,0.01015
1403715307.207543134689331,0.00503,0.00009,0.00006,0.00010,0.00003,0.00161,0.00693
1403715307.257556676864624,0.00412,0.00010,0.00003,0.00010,0.00000,0.00141,0.00576
1403715307.307579517364502,0.00409,0.00013,0.00021,0.00006,0.00057,0.00138,0.00645
1403715307.357579469680786,0.00378,0.00013,0.00005,0.00004,0.00063,0.00143,0.00606
1403715307.407575368881226,0.00430,0.00012,0.00019,0.00002,0.00010,0.00147,0.00619
1403715307.457575321197510,0.00439,0.00009,0.00015,0.00000,0.00001,0.00178,0.00642
1403715307.507570266723633,0.00385,0.00009,0.00030,0.00000,0.00082,0.00135,0.00641
1403715307.557570457458496,0.00498,0.00009,0.00018,0.00000,0.00024,0.00172,0.00720
1403715307.607570409774780,0.00687,0.00010,0.00004,0.00000,0.00000,0.00151,0.00853
1403715307.657570362091064,0.00471,0.00010,0.00013,0.00000,0.00058,0.00178,0.00729
1403715307.707556962966919,0.00446,0.00010,0.00040,0.00000,0.00005,0.00143,0.00644
1403715307.757556915283203,0.00426,0.00011,0.00035,0.00000,0.00256,0.00151,0.00880
1403715307.807557106018066,0.00410,0.00010,0.00008,0.00000,0.00003,0.00148,0.00578
1403715307.857556819915771,0.00398,0.00010,0.00020,0.00000,0.00000,0.00146,0.00576
1403715307.907556772232056,0.00451,0.00012,0.00024,0.00000,0.00005,0.00147,0.00639
1403715307.957556724548340,0.00375,0.00010,0.00006,0.00000,0.00026,0.00169,0.00586
1403715308.007556676864624,0.00383,0.00009,0.00001,0.00000,0.00012,0.00172,0.00576
1403715308.057556867599487,0.00400,0.00009,0.00021,0.00000,0.00003,0.00144,0.00577
1403715308.107556819915771,0.00402,0.00012,0.00008,0.00000,0.00055,0.00163,0.00639
1403715308.157556772232056,0.00380,0.00010,0.00005,0.00000,0.00198,0.00175,0.00767
1403715308.207556724548340,0.00536,0.00009,0.00027,0.00000,0.00000,0.00174,0.00746
1403715308.257556676864624,0.00422,0.00010,0.00011,0.00000,0.00041,0.00144,0.00627
1403715308.307556867599487,0.00423,0.00010,0.00017,0.00000,0.00004,0.00141,0.00595
1403715308.357556819915771,0.00420,0.00010,0.00003,0.00000,0.00050,0.00145,0.00629
1403715308.407556772232056,0.00392,0.00011,0.00004,0.00000,0.00002,0.00147,0.00557
1403715308.457556724548340,0.00440,0.00012,0.00005,0.00000,0.00000,0.00144,0.00602
1403715308.507556676864624,0.00384,0.00011,0.00001,0.00000,0.00010,0.00143,0.00548
1403715308.557556867599487,0.00401,0.00010,0.00009,0.00000,0.00009,0.00144,0.00573
1403715308.607556819915771,0.00376,0.00011,0.00004,0.00000,0.00009,0.00151,0.00551
1403715308.657556772232056,0.00384,0.00012,0.00001,0.00000,0.00000,0.00147,0.00544
1403715308.707556724548340,0.00366,0.00011,0.00005,0.00000,0.00043,0.00141,0.00565
1403715308.757556676864624,0.00358,0.00009,0.00004,0.00000,0.00097,0.00145,0.00614
1403715308.807556867599487,0.00357,0.00010,0.00001,0.00000,0.00000,0.00143,0.00511
1403715308.857556819915771,0.00370,0.00011,0.00004,0.00000,0.00011,0.00146,0.00542
1403715308.907556772232056,0.00362,0.00010,0.00001,0.00000,0.00007,0.00143,0.00523
1403715308.957556724548340,0.00374,0.00010,0.00001,0.00000,0.00033,0.00139,0.00557
1403715309.007556676864624,0.00416,0.00011,0.00001,0.00000,0.00003,0.00140,0.00571
1403715309.057556867599487,0.00370,0.00012,0.00001,0.00000,0.00000,0.00142,0.00524
1403715309.107556819915771,0.00386,0.00010,0.00001,0.00000,0.00007,0.00147,0.00550
1403715309.157556772232056,0.00410,0.00010,0.00001,0.00000,0.00008,0.00139,0.00568
1403715309.207556724548340,0.00369,0.00010,0.00001,0.00000,0.00009,0.00139,0.00528
1403715309.257556676864624,0.00365,0.00010,0.00004,0.00000,0.00000,0.00140,0.00520
1403715309.307556867599487,0.00421,0.00009,0.00005,0.00000,0.00040,0.00146,0.00621
1403715309.357556819915771,0.00338,0.00010,0.00004,0.00000,0.00141,0.00170,0.00664
1403715309.407556772232056,0.00355,0.00011,0.00000,0.00000,0.00000,0.00140,0.00506
1403715309.457556724548340,0.00391,0.00009,0.00001,0.00000,0.00009,0.00153,0.00563
1403715309.507556676864624,0.00377,0.00009,0.00001,0.00000,0.00006,0.00140,0.00532
1403715309.557556867599487,0.00362,0.00009,0.00001,0.00000,0.00026,0.00138,0.00537
1403715309.607556819915771,0.00432,0.00011,0.00001,0.00000,0.00003,0.00143,0.00590
1403715309.657556772232056,0.00368,0.00011,0.00001,0.00000,0.00000,0.00149,0.00529
1403715309.707556724548340,0.00511,0.00010,0.00004,0.00000,0.00018,0.00157,0.00700
1403715309.757556676864624,0.00435,0.00010,0.00005,0.00000,0.00022,0.00158,0.00630
1403715309.807556867599487,0.00419,0.00011,0.00001,0.00000,0.00010,0.00164,0.00605
1403715309.857556819915771,0.00425,0.00011,0.00007,0.00000,0.00000,0.00163,0.00607
1403715309.907556772232056,0.00405,0.00012,0.00008,0.00000,0.00037,0.00160,0.00623
1403715309.957556724548340,0.00429,0.00011,0.00001,0.00000,0.00082,0.00162,0.00686
1403715310.007556676864624,0.00420,0.00011,0.00001,0.00000,0.00000,0.00156,0.00588
1403715310.057556867599487,0.00474,0.00013,0.00002,0.00000,0.00010,0.00151,0.00650
1403715310.107556819915771,0.00435,0.00009,0.00006,0.00000,0.00005,0.00150,0.00605
1403715310.157556772232056,0.00400,0.00010,0.00005,0.00000,0.00027,0.00149,0.00590
1403715310.207556724548340,0.00467,0.00010,0.00019,0.00000,0.00002,0.00147,0.00646
1403715310.257556676864624,0.00397,0.00010,0.00019,0.00000,0.00099,0.00143,0.00669
1403715310.307556867599487,0.00373,0.00008,0.00009,0.00000,0.00002,0.00144,0.00536
1403715310.357556819915771,0.00455,0.00010,0.00009,0.00000,0.00005,0.00145,0.00624
1403715310.407556772232056,0.00401,0.00010,0.00001,0.00000,0.00013,0.00139,0.00565
1403715310.457556724548340,0.00394,0.00009,0.00001,0.00000,0.00000,0.00139,0.00543
1403715310.507556676864624,0.00510,0.00011,0.00001,0.00000,0.00051,0.00149,0.00722
1403715310.557556867599487,0.00412,0.00009,0.00014,0.00000,0.00115,0.00169,0.00719
1403715310.607556819915771,0.00389,0.00009,0.00003,0.00000,0.00000,0.00169,0.00571
1403715310.657556772232056,0.00494,0.00015,0.00014,0.00000,0.00006,0.00177,0.00705
1403715310.707556724548340,0.00391,0.00012,0.00019,0.00000,0.00004,0.00179,0.00606
1403715310.757556676864624,0.00431,0.00014,0.00008,0.00000,0.00020,0.00178,0.00651
1403715310.807569503784180,0.00404,0.00014,0.00016,0.00000,0.00002,0.00156,0.00592
1403715310.857569456100464,0.00408,0.00010,0.00004,0.00000,0.00050,0.00150,0.00622
1403715310.907569408416748,0.00451,0.00013,0.00004,0.00000,0.00000,0.00154,0.00621
1403715310.957569360733032,0.00403,0.00013,0.00001,0.00000,0.00000,0.00164,0.00581
1403715311.007569313049316,0.00416,0.00010,0.00007,0.00000,0.00008,0.00151,0.00592
1403715311.057569503784180,0.00440,0.00011,0.00011,0.00000,0.00032,0.00147,0.00642
1403715311.107569456100464,0.00385,0.00010,0.00006,0.00000,0.00035,0.00151,0.00586
1403715311.157569408416748,0.00400,0.00009,0.00004,0.00000,0.00056,0.00146,0.00614
1403715311.207569360733032,0.00448,0.00010,0.00001,0.00000,0.00047,0.00149,0.00655
1403715311.257569313049316,0.00417,0.00010,0.00001,0.00000,0.00007,0.00149,0.00583
1403715311.307569503784180,0.00401,0.00011,0.00001,0.00000,0.00000,0.00149,0.00562
1403715311.357569456100464,0.00408,0.00009,0.00006,0.00000,0.00017,0.00146,0.00587
1403715311.407569408416748,0.00389,0.00009,0.00001,0.00000,0.00000,0.00150,0.00549
1403715311.457569360733032,0.00389,0.00010,0.00001,0.00000,0.00033,0.00144,0.00577
1403715311.507567405700684,0.00633,0.00021,0.00027,0.00000,0.00000,0.00243,0.00924
1403715311.557567596435547,0.00389,0.00010,0.00001,0.00000,0.00000,0.00153,0.00552
1403715311.607567548751831,0.00409,0.00012,0.00008,0.00000,0.00003,0.00150,0.00584
1403715311.657567501068115,0.00363,0.00009,0.00008,0.00000,0.00024,0.00145,0.00548
1403715311.707567453384399,0.00378,0.00009,0.00001,0.00000,0.00033,0.00144,0.00564
1403715311.757567405700684,0.00394,0.00009,0.00004,0.00000,0.00097,0.00140,0.00645
1403715311.807567596435547,0.00372,0.00009,0.00003,0.00000,0.00065,0.00144,0.00593
1403715311.857567548751831,0.00550,0.00010,0.00003,0.00000,0.00003,0.00168,0.00735
1403715311.907567501068115,0.00468,0.00010,0.00003,0.00000,0.00000,0.00152,0.00633
1403715311.957567453384399,0.00442,0.00009,0.00008,0.00000,0.00018,0.00149,0.00626
1403715312.007567405700684,0.00411,0.00010,0.00004,0.00000,0.00000,0.00158,0.00583
1403715312.057567596435547,0.00418,0.00010,0.00006,0.00000,0.00031,0.00154,0.00618
1403715312.107567548751831,0.00414,0.00010,0.00006,0.00000,0.00000,0.00151,0.00580
1403715312.157567501068115,0.00426,0.00009,0.00024,0.00000,0.00000,0.00155,0.00614
1403715312.207567453384399,0.00396,0.00009,0.00008,0.00000,0.00000,0.00149,0.00563
1403715312.257587432861328,0.00396,0.00009,0.00004,0.00000,0.00100,0.00141,0.00650
1403715312.307589054107666,0.00390,0.00010,0.00030,0.00007,0.00032,0.00145,0.00614
1403715312.357609748840332,0.00445,0.00010,0.00002,0.00009,0.00117,0.00163,0.00745
1403715312.407633066177368,0.00507,0.00011,0.00045,0.00009,0.00167,0.00150,0.00889
1403715312.457638263702393,0.00412,0.00011,0.00012,0.00006,0.00000,0.00149,0.00590
1403715312.507642745971680,0.00412,0.00009,0.00007,0.00008,0.00000,0.00146,0.00582
1403715312.557641744613647,0.00403,0.00010,0.00006,0.00009,0.00034,0.00144,0.00606
1403715312.607637882232666,0.00363,0.00010,0.00005,0.00006,0.00000,0.00169,0.00553
1403715312.657651901245117,0.00467,0.00009,0.00010,0.00002,0.00121,0.00164,0.00773
1403715312.707648277282715,0.00377,0.00010,0.00023,0.00007,0.00001,0.00139,0.00556
1403715312.757645606994629,0.00453,0.00015,0.00005,0.00008,0.00000,0.00147,0.00627
1403715312.807645797729492,0.00382,0.00010,0.00011,0.00002,0.00000,0.00147,0.00553
1403715312.857645511627197,0.00401,0.00011,0.00009,0.00003,0.00076,0.00137,0.00637
1403715312.907639265060425,0.00497,0.00010,0.00018,0.00004,0.00024,0.00143,0.00695
1403715312.957638502120972,0.00342,0.00012,0.00021,0.00006,0.00157,0.00137,0.00675
1403715313.007638931274414,0.00436,0.00010,0.00006,0.00006,0.00076,0.00169,0.00703
1403715313.057639122009277,0.00373,0.00010,0.00004,0.00002,0.00000,0.00147,0.00537
1403715313.107639074325562,0.00398,0.00013,0.00020,0.00001,0.00000,0.00142,0.00575
1403715313.157639026641846,0.00452,0.00009,0.00005,0.00000,0.00025,0.00141,0.00632
1403715313.207638978958130,0.00403,0.00009,0.00008,0.00000,0.00042,0.00148,0.00610
1403715313.257638931274414,0.00418,0.00010,0.00007,0.00000,0.00009,0.00142,0.00585
1403715313.307639122009277,0.00373,0.00010,0.00003,0.00000,0.00011,0.00149,0.00547
1403715313.357639074325562,0.00525,0.00009,0.00005,0.00000,0.00000,0.00144,0.00683
1403715313.407639026641846,0.00413,0.00010,0.00003,0.00000,0.00000,0.00143,0.00570
1403715313.457638978958130,0.00383,0.00011,0.00005,0.00000,0.00021,0.00144,0.00565
1403715313.507638931274414,0.00446,0.00009,0.00001,0.00000,0.00020,0.00139,0.00616
1403715313.557639122009277,0.00408,0.00010,0.00005,0.00000,0.00051,0.00139,0.00613
1403715313.607639074325562,0.00434,0.00011,0.00005,0.00000,0.00043,0.00148,0.00642
1403715313.657639026641846,0.00396,0.00010,0.00002,0.00000,0.00000,0.00149,0.00557
1403715313.707638978958130,0.00405,0.00010,0.00005,0.00000,0.00019,0.00150,0.00588
1403715313.757638931274414,0.00367,0.00012,0.00004,0.00000,0.00016,0.00155,0.00554
1403715313.807639122009277,0.00365,0.00010,0.00001,0.00000,0.00010,0.00140,0.00526
1403715313.857639074325562,0.00354,0.00008,0.00003,0.00000,0.00005,0.00138,0.00510
1403715313.907639026641846,0.00362,0.00009,0.00004,0.00000,0.00025,0.00141,0.00542
1403715313.957638978958130,0.00364,0.00010,0.00004,0.00000,0.00000,0.00141,0.00519
1403715314.007638931274414,0.00380,0.00010,0.00002,0.00000,0.00000,0.00150,0.00541
1403715314.057639122009277,0.00432,0.00011,0.00001,0.00000,0.00023,0.00148,0.00615
1403715314.107639074325562,0.00375,0.00009,0.00004,0.00000,0.00014,0.00153,0.00555
1403715314.157639026641846,0.00385,0.00010,0.00011,0.00000,0.00046,0.00145,0.00597
1403715314.207638978958130,0.00498,0.00011,0.00005,0.00000,0.00040,0.00173,0.00728
1403715314.257638931274414,0.00397,0.00011,0.00009,0.00000,0.00000,0.00147,0.00564
1403715314.307639122009277,0.00387,0.00009,0.00006,0.00000,0.00018,0.00142,0.00562
1403715314.357639074325562,0.00476,0.00009,0.00006,0.00000,0.00000,0.00143,0.00635
1403715314.407639026641846,0.00377,0.00010,0.00004,0.00000,0.00010,0.00143,0.00544
1403715314.457638978958130,0.00387,0.00009,0.00004,0.00000,0.00003,0.00145,0.00548
1403715314.507638931274414,0.00375,0.00010,0.00002,0.00000,0.00014,0.00147,0.00548
1403715314.557639122009277,0.00380,0.00008,0.00006,0.00000,0.00000,0.00146,0.00540
1403715314.607639074325562,0.00359,0.00010,0.00006,0.00000,0.00011,0.00142,0.00528
1403715314.657639026641846,0.00404,0.00009,0.00005,0.00000,0.00019,0.00141,0.00579
1403715314.707638978958130,0.00354,0.00010,0.00005,0.00000,0.00002,0.00145,0.00517
1403715314.757638931274414,0.00395,0.00009,0.00001,0.00000,0.00081,0.00161,0.00648
1403715314.807639122009277,0.00375,0.00012,0.00001,0.00000,0.00045,0.00147,0.00580
1403715314.857639074325562,0.00372,0.00010,0.00001,0.00000,0.00000,0.00145,0.00528
1403715314.907639026641846,0.00434,0.00010,0.00002,0.00000,0.00045,0.00147,0.00638
1403715314.957638978958130,0.00431,0.00013,0.00003,0.00000,0.00000,0.00141,0.00588
1403715315.007638931274414,0.00388,0.00009,0.00010,0.00000,0.00006,0.00150,0.00563
1403715315.057639122009277,0.00424,0.00010,0.00009,0.00000,0.00003,0.00139,0.00586
1403715315.107639074325562,0.00383,0.00009,0.00004,0.00000,0.00010,0.00146,0.00552
1403715315.157639026641846,0.00448,0.00009,0.00006,0.00000,0.00000,0.00141,0.00604
1403715315.207638978958130,0.00447,0.00009,0.00006,0.00000,0.00016,0.00139,0.00616
1403715315.257638931274414,0.00356,0.00010,0.00004,0.00000,0.00018,0.00148,0.00535
1403715315.307639122009277,0.00380,0.00010,0.00005,0.00000,0.00002,0.00150,0.00548
1403715315.357639074325562,0.00369,0.00010,0.00001,0.00000,0.00059,0.00140,0.00579
1403715315.407639026641846,0.00365,0.00010,0.00004,0.00000,0.00040,0.00143,0.00562
1403715315.457638978958130,0.00421,0.00013,0.00004,0.00000,0.00000,0.00148,0.00586
1403715315.507638931274414,0.00385,0.00010,0.00002,0.00000,0.00057,0.00140,0.00595
1403715315.557639122009277,0.00396,0.00009,0.00003,0.00000,0.00000,0.00143,0.00551
1403715315.607639074325562,0.00434,0.00011,0.00003,0.00000,0.00005,0.00143,0.00596
1403715315.657639026641846,0.00375,0.00009,0.00007,0.00000,0.00003,0.00144,0.00539
1403715315.707638978958130,0.00457,0.00009,0.00005,0.00000,0.00016,0.00164,0.00652
1403715315.757638692855835,0.00406,0.00009,0.00013,0.00000,0.00000,0.00147,0.00575
1403715315.807638883590698,0.00395,0.00011,0.00006,0.00000,0.00015,0.00147,0.00574
1403715315.857638835906982,0.00383,0.00010,0.00005,0.00000,0.00017,0.00145,0.00559
1403715315.907638788223267,0.00373,0.00011,0.00001,0.00000,0.00003,0.00151,0.00540
1403715315.957638740539551,0.00397,0.00010,0.00001,0.00000,0.00056,0.00155,0.00620
1403715316.007638692855835,0.00351,0.00011,0.00001,0.00000,0.00041,0.00148,0.00552
1403715316.057638883590698,0.00443,0.00010,0.00005,0.00000,0.00000,0.00148,0.00606
1403715316.107638835906982,0.00462,0.00010,0.00012,0.00000,0.00047,0.00156,0.00688
1403715316.157638788223267,0.00558,0.00010,0.00004,0.00000,0.00000,0.00172,0.00743
1403715316.207638740539551,0.00400,0.00011,0.00009,0.00000,0.00007,0.00144,0.00572
1403715316.257638692855835,0.00422,0.00009,0.00015,0.00000,0.00013,0.00143,0.00602
1403715316.307638883590698,0.00374,0.00009,0.00009,0.00000,0.00011,0.00142,0.00544
1403715316.357638835906982,0.00509,0.00009,0.00007,0.00000,0.00000,0.00142,0.00666
1403715316.407638788223267,0.00381,0.00010,0.00007,0.00000,0.00013,0.00144,0.00555
1403715316.457638740539551,0.00462,0.00016,0.00018,0.00000,0.00016,0.00143,0.00656
1403715316.507638692855835,0.00389,0.00009,0.00004,0.00000,0.00000,0.00146,0.00548
1403715316.557638883590698,0.00550,0.00010,0.00008,0.00000,0.00089,0.00201,0.00859
1403715316.607638835906982,0.00371,0.00010,0.00004,0.00000,0.00030,0.00156,0.00570
1403715316.657638788223267,0.00368,0.00009,0.00012,0.00000,0.00008,0.00144,0.00541
1403715316.707638740539551,0.00378,0.00009,0.00004,0.00000,0.00066,0.00147,0.00604
1403715316.757638692855835,0.00362,0.00010,0.00004,0.00000,0.00000,0.00149,0.00525
1403715316.807638883590698,0.00373,0.00009,0.00005,0.00000,0.00006,0.00148,0.00542
1403715316.857638835906982,0.00493,0.00009,0.00010,0.00000,0.00008,0.00150,0.00670
1403715316.907638788223267,0.00402,0.00009,0.00004,0.00000,0.00053,0.00145,0.00613
1403715316.957638740539551,0.00386,0.00010,0.00001,0.00000,0.00000,0.00151,0.00547
1403715317.007638692855835,0.00382,0.00009,0.00005,0.00000,0.00022,0.00150,0.00568
1403715317.057638883590698,0.00390,0.00009,0.00009,0.00000,0.00006,0.00152,0.00566
1403715317.107638835906982,0.00390,0.00009,0.00005,0.00000,0.00000,0.00147,0.00551
1403715317.157638788223267,0.00485,0.00009,0.00005,0.00000,0.00028,0.00139,0.00667
1403715317.207638740539551,0.00513,0.00010,0.00007,0.00000,0.00023,0.00145,0.00698
1403715317.257638692855835,0.00408,0.00009,0.00009,0.00000,0.00008,0.00148,0.00582
1403715317.307638883590698,0.00410,0.00010,0.00008,0.00000,0.00062,0.00151,0.00641
1403715317.357638835906982,0.00415,0.00010,0.00003,0.00000,0.00000,0.00156,0.00584
1403715317.407638788223267,0.00425,0.00010,0.00003,0.00000,0.00015,0.00156,0.00610
1403715317.457638740539551,0.00404,0.00011,0.00001,0.00000,0.00009,0.00149,0.00573
1403715317.507638692855835,0.00356,0.00009,0.00006,0.00000,0.00027,0.00176,0.00574
1403715317.557638883590698,0.00399,0.00009,0.00005,0.00000,0.00000,0.00155,0.00569
1403715317.607638835906982,0.00375,0.00011,0.00004,0.00000,0.00016,0.00156,0.00561
1403715317.657638788223267,0.00381,0.00012,0.00004,0.00000,0.00003,0.00168,0.00569
1403715317.707633256912231,0.00420,0.00009,0.00004,0.00000,0.00074,0.00144,0.00651
1403715317.757633209228516,0.00374,0.00010,0.00008,0.00002,0.00220,0.00149,0.00764
1403715317.807633399963379,0.00380,0.00009,0.00004,0.00002,0.00024,0.00151,0.00570
1403715317.857633352279663,0.00535,0.00010,0.00006,0.00000,0.00008,0.00149,0.00708
1403715317.907633304595947,0.00438,0.00010,0.00008,0.00000,0.00052,0.00159,0.00667
1403715317.957633256912231,0.00430,0.00010,0.00009,0.00000,0.00000,0.00146,0.00596
1403715318.007633209228516,0.00428,0.00009,0.00006,0.00000,0.00011,0.00151,0.00605
1403715318.057633399963379,0.00426,0.00011,0.00004,0.00000,0.00006,0.00151,0.00598
1403715318.107633352279663,0.00387,0.00010,0.00005,0.00000,0.00021,0.00156,0.00579
1403715318.157633304595947,0.00390,0.00010,0.00008,0.00000,0.00000,0.00156,0.00565
1403715318.207633256912231,0.00412,0.00010,0.00001,0.00000,0.00010,0.00155,0.00588
1403715318.257633209228516,0.00372,0.00011,0.00001,0.00000,0.00005,0.00156,0.00544
1403715318.307633399963379,0.00392,0.00010,0.00001,0.00000,0.00035,0.00151,0.00589
1403715318.357633352279663,0.00377,0.00011,0.00001,0.00000,0.00063,0.00157,0.00608
1403715318.407633304595947,0.00403,0.00009,0.00001,0.00000,0.00063,0.00150,0.00627
1403715318.457633256912231,0.00402,0.00010,0.00005,0.00000,0.00009,0.00152,0.00578
1403715318.507633209228516,0.00398,0.00010,0.00011,0.00000,0.00065,0.00149,0.00633
1403715318.557633399963379,0.00383,0.00009,0.00005,0.00000,0.00000,0.00151,0.00549
1403715318.607633352279663,0.00461,0.00010,0.00004,0.00000,0.00027,0.00157,0.00659
1403715318.657633304595947,0.00378,0.00012,0.00007,0.00000,0.00005,0.00155,0.00557
1403715318.707633256912231,0.00401,0.00011,0.00011,0.00000,0.00021,0.00150,0.00594
1403715318.757633209228516,0.00396,0.00010,0.00010,0.00000,0.00000,0.00148,0.00564
1403715318.807633399963379,0.00393,0.00010,0.00013,0.00000,0.00008,0.00149,0.00573
1403715318.857633352279663,0.00551,0.00010,0.00008,0.00000,0.00003,0.00148,0.00721
1403715318.907633304595947,0.00390,0.00009,0.00006,0.00000,0.00014,0.00158,0.00576
1403715318.957633256912231,0.00435,0.00009,0.00004,0.00000,0.00024,0.00149,0.00621
1403715319.007633209228516,0.00434,0.00010,0.00004,0.00000,0.00042,0.00152,0.00642
1403715319.057633399963379,0.00384,0.00010,0.00005,0.00000,0.00016,0.00157,0.00571
1403715319.107633352279663,0.00374,0.00009,0.00008,0.00000,0.00051,0.00163,0.00605
1403715319.157633304595947,0.00409,0.00012,0.00019,0.00000,0.00038,0.00156,0.00634
1403715319.207633256912231,0.00432,0.00009,0.00012,0.00000,0.00008,0.00152,0.00613
1403715319.257633209228516,0.00368,0.00011,0.00004,0.00000,0.00000,0.00149,0.00531
1403715319.307633399963379,0.00394,0.00010,0.00006,0.00000,0.00020,0.00150,0.00579
1403715319.357633352279663,0.00389,0.00011,0.00004,0.00000,0.00000,0.00143,0.00547
1403715319.407633304595947,0.00385,0.00010,0.00003,0.00000,0.00043,0.00148,0.00589
1403715319.457633256912231,0.00383,0.00009,0.00003,0.00000,0.00000,0.00148,0.00543
1403715319.507633209228516,0.00389,0.00009,0.00006,0.00000,0.00013,0.00145,0.00562
1403715319.557633399963379,0.00388,0.00010,0.00007,0.00000,0.00015,0.00145,0.00564
1403715319.607633352279663,0.00477,0.00009,0.00005,0.00000,0.00027,0.00143,0.00661
1403715319.657633304595947,0.00413,0.00010,0.00020,0.00000,0.00011,0.00151,0.00605
1403715319.707633256912231,0.00410,0.00010,0.00003,0.00000,0.00057,0.00145,0.00625
1403715319.757633209228516,0.00343,0.00011,0.00010,0.00000,0.00030,0.00147,0.00540
1403715319.807633399963379,0.00330,0.00011,0.00008,0.00000,0.00007,0.00146,0.00502
1403715319.857633352279663,0.00392,0.00010,0.00001,0.00000,0.00000,0.00151,0.00555
1403715319.907633304595947,0.00338,0.00011,0.00001,0.00000,0.00059,0.00150,0.00559
1403715319.957633256912231,0.00394,0.00010,0.00007,0.00000,0.00000,0.00147,0.00558
1403715320.007633209228516,0.00409,0.00011,0.00011,0.00000,0.00094,0.00167,0.00691
1403715320.057633399963379,0.00332,0.00009,0.00015,0.00000,0.00000,0.00145,0.00502
1403715320.107633352279663,0.00393,0.00011,0.00033,0.00000,0.00038,0.00148,0.00623
1403715320.157633304595947,0.00419,0.00011,0.00017,0.00000,0.00139,0.00166,0.00752
1403715320.207633256912231,0.00358,0.00010,0.00012,0.00000,0.00176,0.00140,0.00695
1403715320.257633209228516,0.00379,0.00009,0.00020,0.00000,0.00010,0.00152,0.00571
1403715320.307633399963379,0.00469,0.00009,0.00004,0.00000,0.00086,0.00140,0.00708
1403715320.357633352279663,0.00424,0.00010,0.00002,0.00000,0.00020,0.00143,0.00600
1403715320.407632827758789,0.00368,0.00010,0.00019,0.00000,0.00051,0.00145,0.00593
1403715320.457632780075073,0.00369,0.00009,0.00006,0.00000,0.00000,0.00145,0.00530
1403715320.507632017135620,0.00389,0.00009,0.00034,0.00000,0.00113,0.00138,0.00684
1403715320.557632207870483,0.00531,0.00010,0.00009,0.00000,0.00132,0.00167,0.00849
1403715320.607632160186768,0.00411,0.00010,0.00034,0.00000,0.00018,0.00150,0.00622
1403715320.657632112503052,0.00449,0.00009,0.00015,0.00000,0.00000,0.00145,0.00618
1403715320.707632064819336,0.00370,0.00009,0.00021,0.00000,0.00058,0.00145,0.00604
1403715320.757632017135620,0.00383,0.00009,0.00006,0.00000,0.00134,0.00139,0.00672
1403715320.807632207870483,0.00373,0.00009,0.00004,0.00000,0.00129,0.00143,0.00658
1403715320.857632160186768,0.00368,0.00011,0.00011,0.00000,0.00034,0.00144,0.00569
1403715320.907632112503052,0.00357,0.00013,0.00001,0.00000,0.00000,0.00143,0.00514
1403715320.957632064819336,0.00569,0.00011,0.00005,0.00000,0.00020,0.00148,0.00753
1403715321.007632017135620,0.00395,0.00009,0.00003,0.00000,0.00054,0.00148,0.00610
1403715321.057632207870483,0.00399,0.00010,0.00001,0.00000,0.00000,0.00150,0.00561
1403715321.107632160186768,0.00432,0.00010,0.00007,0.00000,0.00221,0.00187,0.00856
1403715321.157632112503052,0.00432,0.00009,0.00001,0.00000,0.00078,0.00148,0.00667
1403715321.207632064819336,0.00394,0.00011,0.00001,0.00000,0.00019,0.00171,0.00596
1403715321.257632017135620,0.00441,0.00009,0.00001,0.00000,0.00000,0.00150,0.00600
1403715321.307632207870483,0.00334,0.00010,0.00001,0.00000,0.00039,0.00156,0.00541
1403715321.357632160186768,0.00417,0.00014,0.00001,0.00000,0.00045,0.00151,0.00628
1403715321.407632112503052,0.00391,0.00012,0.00005,0.00000,0.00023,0.00151,0.00583
1403715321.457632064819336,0.00383,0.00014,0.00001,0.00000,0.00009,0.00154,0.00561
1403715321.507632017135620,0.00339,0.00009,0.00001,0.00000,0.00038,0.00156,0.00544
1403715321.557632207870483,0.00401,0.00010,0.00001,0.00000,0.00018,0.00156,0.00587
1403715321.607632160186768,0.00607,0.00010,0.00001,0.00000,0.00042,0.00247,0.00908
1403715321.657632112503052,0.00461,0.00011,0.00004,0.00000,0.00000,0.00159,0.00635
1403715321.707632064819336,0.00390,0.00009,0.00004,0.00000,0.00047,0.00152,0.00603
1403715321.757632017135620,0.00377,0.00009,0.00001,0.00000,0.00022,0.00148,0.00556
1403715321.807632207870483,0.00338,0.00010,0.00001,0.00000,0.00020,0.00158,0.00526
1403715321.857632160186768,0.00410,0.00010,0.00008,0.00000,0.00000,0.00152,0.00580
1403715321.907632112503052,0.00340,0.00009,0.00005,0.00000,0.00007,0.00146,0.00507
1403715321.957632064819336,0.00371,0.00012,0.00008,0.00000,0.00033,0.00146,0.00569
1403715322.007632017135620,0.00415,0.00011,0.00005,0.00000,0.00023,0.00149,0.00603
1403715322.057632207870483,0.00524,0.00009,0.00006,0.00000,0.00005,0.00170,0.00715
1403715322.107631921768188,0.00385,0.00009,0.00012,0.00000,0.00028,0.00152,0.00586
1403715322.157631874084473,0.00468,0.00010,0.00001,0.00000,0.00024,0.00149,0.00653
1403715322.207631826400757,0.00416,0.00010,0.00012,0.00000,0.00007,0.00152,0.00597
1403715322.257631778717041,0.00409,0.00010,0.00004,0.00000,0.00000,0.00154,0.00577
1403715322.307631969451904,0.00428,0.00010,0.00005,0.00000,0.00022,0.00158,0.00623
1403715322.357631921768188,0.00355,0.00009,0.00013,0.00000,0.00017,0.00146,0.00540
1403715322.407631874084473,0.00390,0.00010,0.00010,0.00000,0.00019,0.00148,0.00577
1403715322.457631826400757,0.00390,0.00010,0.00005,0.00000,0.00000,0.00154,0.00559
1403715322.507631778717041,0.00390,0.00009,0.00009,0.00000,0.00005,0.00143,0.00556
1403715322.557631969451904,0.00563,0.00010,0.00011,0.00000,0.00029,0.00149,0.00763
1403715322.607631921768188,0.00360,0.00010,0.00009,0.00000,0.00068,0.00176,0.00623
1403715322.657631874084473,0.00374,0.00010,0.00004,0.00000,0.00005,0.00143,0.00536
1403715322.707631826400757,0.00382,0.00010,0.00003,0.00000,0.00020,0.00176,0.00591
1403715322.757631778717041,0.00375,0.00010,0.00008,0.00000,0.00022,0.00149,0.00564
1403715322.807631969451904,0.00346,0.00009,0.00004,0.00000,0.00000,0.00146,0.00506
1403715322.857631921768188,0.00408,0.00010,0.00003,0.00000,0.00000,0.00151,0.00573
1403715322.907631874084473,0.00344,0.00010,0.00005,0.00000,0.00012,0.00146,0.00517
1403715322.957631826400757,0.00376,0.00010,0.00005,0.00000,0.00003,0.00143,0.00536
1403715323.007631778717041,0.00339,0.00009,0.00005,0.00000,0.00015,0.00146,0.00515
1403715323.057631969451904,0.00381,0.00009,0.00004,0.00000,0.00000,0.00145,0.00538
1403715323.107631921768188,0.00368,0.00010,0.00004,0.00000,0.00062,0.00141,0.00585
1403715323.157631874084473,0.00392,0.00010,0.00005,0.00000,0.00025,0.00142,0.00574
1403715323.207631826400757,0.00432,0.00009,0.00005,0.00000,0.00042,0.00144,0.00632
1403715323.257631778717041,0.00442,0.00009,0.00003,0.00000,0.00005,0.00147,0.00606
1403715323.307631969451904,0.00406,0.00010,0.00007,0.00000,0.00014,0.00147,0.00584
1403715323.357631921768188,0.00396,0.00011,0.00004,0.00000,0.00021,0.00146,0.00577
1403715323.407631874084473,0.00395,0.00011,0.00007,0.00000,0.00000,0.00161,0.00574
1403715323.457631826400757,0.00349,0.00010,0.00003,0.00000,0.00000,0.00150,0.00511
1403715323.507631778717041,0.00408,0.00012,0.00010,0.00000,0.00014,0.00147,0.00590
1403715323.557631969451904,0.00468,0.00010,0.00006,0.00000,0.00000,0.00156,0.00641
1403715323.607631921768188,0.00430,0.00010,0.00014,0.00000,0.00016,0.00145,0.00614
1403715323.657631874084473,0.00455,0.00010,0.00015,0.00000,0.00000,0.00142,0.00622
1403715323.707631826400757,0.00496,0.00012,0.00017,0.00000,0.00028,0.00174,0.00727
1403715323.757631778717041,0.00370,0.00010,0.00005,0.00000,0.00048,0.00144,0.00577
1403715323.807631969451904,0.00400,0.00009,0.00009,0.00000,0.00032,0.00137,0.00587
1403715323.857631921768188,0.00489,0.00011,0.00004,0.00000,0.00006,0.00147,0.00658
1403715323.907631874084473,0.00377,0.00010,0.00011,0.00000,0.00013,0.00139,0.00551
1403715323.957631826400757,0.00579,0.00012,0.00008,0.00000,0.00018,0.00146,0.00764
1403715324.007631778717041,0.00423,0.00009,0.00005,0.00000,0.00000,0.00177,0.00613
1403715324.057631969451904,0.00367,0.00009,0.00005,0.00000,0.00000,0.00138,0.00519
1403715324.107631921768188,0.00349,0.00009,0.00001,0.00000,0.00023,0.00166,0.00548
1403715324.157631874084473,0.00354,0.00009,0.00003,0.00000,0.00000,0.00142,0.00508
1403715324.207631826400757,0.00404,0.00010,0.00004,0.00000,0.00013,0.00140,0.00572
1403715324.257631778717041,0.00365,0.00011,0.00001,0.00000,0.00019,0.00143,0.00539
1403715324.307631969451904,0.00348,0.00009,0.00001,0.00000,0.00014,0.00139,0.00512
1403715324.357631921768188,0.00412,0.00010,0.00001,0.00000,0.00036,0.00179,0.00638
1403715324.407631874084473,0.00389,0.00010,0.00004,0.00000,0.00041,0.00149,0.00592
1403715324.457631826400757,0.00341,0.00009,0.00003,0.00000,0.00005,0.00150,0.00508
1403715324.507631778717041,0.00345,0.00011,0.00006,0.00000,0.00030,0.00150,0.00542
1403715324.557631969451904,0.00387,0.00009,0.00003,0.00000,0.00011,0.00151,0.00561
1403715324.607631921768188,0.00344,0.00009,0.00003,0.00000,0.00000,0.00142,0.00498
1403715324.657631874084473,0.00335,0.00011,0.00001,0.00000,0.00000,0.00155,0.00501
1403715324.707631826400757,0.00377,0.00010,0.00001,0.00000,0.00015,0.00152,0.00555
1403715324.757631778717041,0.00379,0.00009,0.00001,0.00000,0.00000,0.00145,0.00534
1403715324.807631969451904,0.00380,0.00008,0.00004,0.00000,0.00009,0.00144,0.00545
1403715324.857631921768188,0.00381,0.00009,0.00001,0.00000,0.00021,0.00144,0.00556
1403715324.907631874084473,0.00359,0.00009,0.00001,0.00000,0.00036,0.00143,0.00548
1403715324.957631826400757,0.00378,0.00009,0.00001,0.00000,0.00029,0.00145,0.00562
1403715325.007631778717041,0.00394,0.00011,0.00004,0.00000,0.00036,0.00146,0.00591
1403715325.057631969451904,0.00378,0.00010,0.00003,0.00000,0.00004,0.00145,0.00541
1403715325.107631921768188,0.00372,0.00010,0.00001,0.00000,0.00031,0.00143,0.00556
1403715325.157631874084473,0.00372,0.00010,0.00001,0.00000,0.00013,0.00145,0.00541
1403715325.207631826400757,0.00366,0.00011,0.00001,0.00000,0.00000,0.00144,0.00522
1403715325.257631778717041,0.00364,0.00009,0.00001,0.00000,0.00000,0.00137,0.00511
1403715325.307631969451904,0.00373,0.00010,0.00001,0.00000,0.00019,0.00148,0.00550
1403715325.357631921768188,0.00365,0.00010,0.00001,0.00000,0.00000,0.00142,0.00518
1403715325.407631874084473,0.00367,0.00009,0.00001,0.00000,0.00010,0.00142,0.00529
1403715325.457631826400757,0.00363,0.00010,0.00001,0.00000,0.00020,0.00145,0.00539
1403715325.507631778717041,0.00359,0.00009,0.00001,0.00000,0.00034,0.00142,0.00545
1403715325.557631969451904,0.00376,0.00009,0.00001,0.00000,0.00027,0.00141,0.00554
1403715325.607631921768188,0.00392,0.00010,0.00001,0.00000,0.00034,0.00141,0.00578
1403715325.657631874084473,0.00383,0.00010,0.00001,0.00000,0.00005,0.00147,0.00546
1403715325.707631826400757,0.00395,0.00011,0.00004,0.00000,0.00027,0.00149,0.00586
1403715325.757631778717041,0.00356,0.00010,0.00001,0.00000,0.00009,0.00141,0.00517
1403715325.807631969451904,0.00356,0.00010,0.00001,0.00000,0.00000,0.00143,0.00510
1403715325.857631921768188,0.00346,0.00009,0.00001,0.00000,0.00000,0.00148,0.00504
1403715325.907631874084473,0.00344,0.00009,0.00001,0.00000,0.00021,0.00141,0.00516
1403715325.957631826400757,0.00360,0.00012,0.00001,0.00000,0.00000,0.00171,0.00545
1403715326.007631778717041,0.00456,0.00009,0.00005,0.00000,0.00014,0.00151,0.00635
1403715326.057631969451904,0.00392,0.00009,0.00004,0.00000,0.00023,0.00149,0.00578
1403715326.107631921768188,0.00388,0.00009,0.00005,0.00000,0.00034,0.00148,0.00584
1403715326.157631874084473,0.00389,0.00009,0.00004,0.00000,0.00032,0.00152,0.00585
1403715326.207631826400757,0.00408,0.00008,0.00001,0.00000,0.00037,0.00144,0.00598
1403715326.257631778717041,0.00352,0.00009,0.00003,0.00000,0.00005,0.00152,0.00522
1403715326.307631969451904,0.00350,0.00009,0.00001,0.00000,0.00028,0.00150,0.00538
1403715326.357631921768188,0.00405,0.00011,0.00001,0.00000,0.00013,0.00150,0.00580
1403715326.407631874084473,0.00340,0.00009,0.00001,0.00000,0.00000,0.00148,0.00498
1403715326.457631826400757,0.00395,0.00010,0.00005,0.00000,0.00000,0.00149,0.00559
1403715326.507631778717041,0.00380,0.00008,0.00001,0.00000,0.00018,0.00148,0.00556
1403715326.557631969451904,0.00377,0.00009,0.00007,0.00000,0.00029,0.00146,0.00568
1403715326.607631921768188,0.00390,0.00010,0.00001,0.00000,0.00012,0.00147,0.00560
1403715326.657631874084473,0.00538,0.00010,0.00001,0.00000,0.00023,0.00146,0.00719
1403715326.707631826400757,0.00327,0.00013,0.00004,0.00000,0.00029,0.00150,0.00523
1403715326.757631778717041,0.00356,0.00010,0.00004,0.00000,0.00029,0.00151,0.00551
1403715326.807631969451904,0.00384,0.00009,0.00001,0.00000,0.00036,0.00149,0.00580
1403715326.857631921768188,0.00377,0.00011,0.00001,0.00000,0.00007,0.00152,0.00547
1403715326.907631874084473,0.00389,0.00010,0.00003,0.00000,0.00026,0.00144,0.00571
1403715326.957631826400757,0.00384,0.00009,0.00003,0.00000,0.00012,0.00143,0.00552
1403715327.007631778717041,0.00393,0.00008,0.00000,0.00000,0.00000,0.00142,0.00544
1403715327.057631969451904,0.00399,0.00013,0.00001,0.00000,0.00000,0.00149,0.00562
1403715327.107631921768188,0.00520,0.00010,0.00004,0.00000,0.00021,0.00150,0.00704
1403715327.157631874084473,0.00426,0.00010,0.00002,0.00000,0.00025,0.00152,0.00614
1403715327.207631826400757,0.00427,0.00011,0.00005,0.00000,0.00013,0.00153,0.00609
1403715327.257631778717041,0.00424,0.00010,0.00005,0.00000,0.00023,0.00150,0.00611
1403715327.307631969451904,0.00400,0.00011,0.00007,0.00000,0.00025,0.00155,0.00597
1403715327.357631921768188,0.00427,0.00009,0.00004,0.00000,0.00029,0.00149,0.00618
1403715327.407631874084473,0.00577,0.00009,0.00008,0.00000,0.00032,0.00178,0.00804
1403715327.457631826400757,0.00403,0.00009,0.00009,0.00000,0.00005,0.00165,0.00592
1403715327.507631778717041,0.00439,0.00011,0.00013,0.00000,0.00025,0.00165,0.00652
1403715327.557631969451904,0.00384,0.00011,0.00004,0.00000,0.00012,0.00161,0.00572
1403715327.607631921768188,0.00421,0.00009,0.00004,0.00000,0.00000,0.00161,0.00594
1403715327.657631874084473,0.00418,0.00009,0.00001,0.00000,0.00050,0.00157,0.00635
1403715327.707631826400757,0.00392,0.00010,0.00007,0.00000,0.00014,0.00158,0.00580
1403715327.757631778717041,0.00386,0.00009,0.00004,0.00000,0.00023,0.00159,0.00580
1403715327.807631969451904,0.00404,0.00010,0.00001,0.00000,0.00013,0.00163,0.00590
1403715327.857631921768188,0.00427,0.00010,0.00006,0.00000,0.00023,0.00162,0.00628
1403715327.907631874084473,0.00395,0.00009,0.00004,0.00000,0.00019,0.00184,0.00611
1403715327.957631826400757,0.00384,0.00010,0.00011,0.00000,0.00087,0.00177,0.00668
1403715328.007631778717041,0.00409,0.00010,0.00002,0.00000,0.00035,0.00154,0.00611
1403715328.057631969451904,0.00429,0.00010,0.00001,0.00000,0.00010,0.00152,0.00602
1403715328.107631921768188,0.00431,0.00009,0.00003,0.00000,0.00018,0.00153,0.00614
1403715328.157631874084473,0.00399,0.00010,0.00003,0.00000,0.00011,0.00156,0.00579
1403715328.207631826400757,0.00442,0.00010,0.00004,0.00000,0.00000,0.00154,0.00610
1403715328.257631778717041,0.00413,0.00010,0.00004,0.00000,0.00038,0.00151,0.00617
1403715328.307631969451904,0.00421,0.00010,0.00001,0.00000,0.00013,0.00153,0.00598
1403715328.357631921768188,0.00430,0.00011,0.00004,0.00000,0.00021,0.00159,0.00624
1403715328.407631874084473,0.00409,0.00010,0.00001,0.00000,0.00012,0.00162,0.00594
1403715328.457631826400757,0.00397,0.00010,0.00001,0.00000,0.00019,0.00154,0.00580
1403715328.507631778717041,0.00473,0.00010,0.00001,0.00000,0.00020,0.00155,0.00659
1403715328.557631969451904,0.00420,0.00010,0.00004,0.00000,0.00076,0.00151,0.00661
1403715328.607631921768188,0.00428,0.00010,0.00001,0.00000,0.00032,0.00153,0.00624
1403715328.657631874084473,0.00439,0.00011,0.00001,0.00000,0.00007,0.00159,0.00617
1403715328.707631826400757,0.00418,0.00011,0.00003,0.00000,0.00015,0.00151,0.00599
1403715328.757631778717041,0.00421,0.00010,0.00001,0.00000,0.00012,0.00154,0.00598
1403715328.807631969451904,0.00458,0.00011,0.00001,0.00000,0.00000,0.00153,0.00623
1403715328.857631921768188,0.00417,0.00010,0.00001,0.00000,0.00045,0.00155,0.00627
1403715328.907631874084473,0.00350,0.00011,0.00004,0.00000,0.00013,0.00174,0.00552
1403715328.957631826400757,0.00358,0.00009,0.00001,0.00000,0.00023,0.00156,0.00548
1403715329.007631778717041,0.00388,0.00012,0.00004,0.00000,0.00012,0.00151,0.00567
1403715329.057631969451904,0.00345,0.00011,0.00005,0.00000,0.00020,0.00153,0.00535
1403715329.107631921768188,0.00389,0.00010,0.00001,0.00000,0.00019,0.00155,0.00574
1403715329.157631874084473,0.00404,0.00009,0.00005,0.00000,0.00071,0.00153,0.00643
1403715329.207631826400757,0.00340,0.00010,0.00004,0.00000,0.00027,0.00171,0.00552
1403715329.257631778717041,0.00401,0.00010,0.00003,0.00000,0.00005,0.00149,0.00568
1403715329.307631969451904,0.00385,0.00010,0.00003,0.00000,0.00015,0.00152,0.00566
1403715329.357631921768188,0.00361,0.00011,0.00004,0.00000,0.00010,0.00178,0.00564
1403715329.407631874084473,0.00339,0.00011,0.00001,0.00000,0.00000,0.00143,0.00494
1403715329.457631826400757,0.00358,0.00011,0.00006,0.00000,0.00029,0.00142,0.00546
1403715329.507631778717041,0.00398,0.00009,0.00004,0.00000,0.00012,0.00154,0.00578
1403715329.557631969451904,0.00645,0.00011,0.00002,0.00000,0.00019,0.00170,0.00847
1403715329.607631921768188,0.00474,0.00009,0.00003,0.00000,0.00010,0.00157,0.00653
1403715329.657631874084473,0.00468,0.00010,0.00007,0.00000,0.00017,0.00161,0.00662
1403715329.707631826400757,0.00442,0.00010,0.00001,0.00000,0.00016,0.00165,0.00634
1403715329.757631778717041,0.00448,0.00010,0.00001,0.00000,0.00048,0.00167,0.00673
1403715329.807631969451904,0.00455,0.00011,0.00001,0.00000,0.00029,0.00169,0.00664
1403715329.857631921768188,0.00417,0.00010,0.00001,0.00000,0.00006,0.00166,0.00600
1403715329.907631874084473,0.00488,0.00010,0.00005,0.00000,0.00018,0.00163,0.00683
1403715329.957631826400757,0.00470,0.00011,0.00004,0.00000,0.00011,0.00166,0.00661
1403715330.007631778717041,0.00460,0.00010,0.00001,0.00000,0.00000,0.00165,0.00637
1403715330.057631969451904,0.00476,0.00012,0.00001,0.00000,0.00027,0.00172,0.00689
1403715330.107631921768188,0.00405,0.00009,0.00027,0.00000,0.00131,0.00158,0.00730
1403715330.157631874084473,0.00488,0.00010,0.00001,0.00000,0.00018,0.00160,0.00677
1403715330.207631826400757,0.00474,0.00010,0.00006,0.00000,0.00011,0.00160,0.00661
1403715330.257631778717041,0.00393,0.00009,0.00004,0.00000,0.00015,0.00161,0.00583
1403715330.307631969451904,0.00438,0.00009,0.00008,0.00000,0.00013,0.00159,0.00626
1403715330.357631921768188,0.00445,0.00010,0.00001,0.00000,0.00048,0.00158,0.00663
1403715330.407631874084473,0.00434,0.00010,0.00001,0.00000,0.00027,0.00163,0.00636
1403715330.457631826400757,0.00420,0.00009,0.00001,0.00000,0.00006,0.00162,0.00599
1403715330.507631778717041,0.00451,0.00011,0.00001,0.00000,0.00015,0.00157,0.00637
1403715330.557631969451904,0.00417,0.00009,0.00001,0.00000,0.00012,0.00159,0.00598
1403715330.607631921768188,0.00449,0.00010,0.00001,0.00000,0.00000,0.00165,0.00624
1403715330.657631874084473,0.00485,0.00010,0.00001,0.00000,0.00026,0.00163,0.00685
1403715330.707631826400757,0.00417,0.00011,0.00017,0.00000,0.00133,0.00161,0.00739
1403715330.757631778717041,0.00432,0.00011,0.00001,0.00000,0.00017,0.00157,0.00618
1403715330.807631969451904,0.00480,0.00009,0.00001,0.00000,0.00013,0.00161,0.00665
1403715330.857631921768188,0.00421,0.00010,0.00004,0.00000,0.00015,0.00161,0.00611
1403715330.907631874084473,0.00435,0.00010,0.00003,0.00000,0.00012,0.00158,0.00618
1403715330.957631826400757,0.00519,0.00011,0.00001,0.00000,0.00046,0.00158,0.00735
1403715331.007631778717041,0.00450,0.00010,0.00004,0.00000,0.00021,0.00158,0.00643
1403715331.057631969451904,0.00427,0.00010,0.00005,0.00000,0.00006,0.00160,0.00609
1403715331.107631921768188,0.00479,0.00010,0.00007,0.00000,0.00010,0.00155,0.00661
1403715331.157631874084473,0.00401,0.00011,0.00007,0.00000,0.00010,0.00182,0.00611
1403715331.207631826400757,0.00381,0.00010,0.00006,0.00000,0.00000,0.00172,0.00569
1403715331.257631778717041,0.00447,0.00011,0.00008,0.00000,0.00020,0.00159,0.00645
1403715331.307631969451904,0.00414,0.00010,0.00005,0.00000,0.00100,0.00159,0.00688
1403715331.357631921768188,0.00423,0.00009,0.00001,0.00000,0.00013,0.00155,0.00601
1403715331.407631874084473,0.00402,0.00010,0.00004,0.00000,0.00011,0.00157,0.00585
1403715331.457631826400757,0.00414,0.00010,0.00004,0.00000,0.00017,0.00162,0.00607
1403715331.507631778717041,0.00519,0.00012,0.00001,0.00000,0.00014,0.00160,0.00706
1403715331.557631969451904,0.00414,0.00011,0.00001,0.00000,0.00044,0.00150,0.00620
1403715331.607631921768188,0.00379,0.00009,0.00001,0.00000,0.00026,0.00173,0.00587
1403715331.657631874084473,0.00409,0.00010,0.00001,0.00000,0.00007,0.00163,0.00589
1403715331.707631826400757,0.00674,0.00010,0.00020,0.00000,0.00037,0.00169,0.00910
1403715331.757631778717041,0.00404,0.00010,0.00001,0.00000,0.00012,0.00159,0.00586
1403715331.807631969451904,0.00405,0.00012,0.00006,0.00000,0.00000,0.00157,0.00579
1403715331.857631921768188,0.00381,0.00010,0.00004,0.00000,0.00016,0.00152,0.00564
1403715331.907631874084473,0.00382,0.00010,0.00007,0.00000,0.00092,0.00149,0.00639
1403715331.957631826400757,0.00404,0.00010,0.00003,0.00000,0.00014,0.00149,0.00580
1403715332.007631778717041,0.00430,0.00009,0.00001,0.00000,0.00013,0.00165,0.00618
1403715332.057631969451904,0.00414,0.00010,0.00001,0.00000,0.00015,0.00157,0.00597
1403715332.107631921768188,0.00415,0.00010,0.00001,0.00000,0.00012,0.00158,0.00596
1403715332.157631874084473,0.00414,0.00010,0.00001,0.00000,0.00043,0.00155,0.00623
1403715332.207631826400757,0.00388,0.00013,0.00001,0.00000,0.00028,0.00156,0.00586
1403715332.257631778717041,0.00376,0.00011,0.00001,0.00000,0.00006,0.00150,0.00544
1403715332.307631969451904,0.00371,0.00008,0.00001,0.00000,0.00015,0.00150,0.00544
1403715332.357631921768188,0.00329,0.00009,0.00001,0.00000,0.00012,0.00151,0.00501
1403715332.407631874084473,0.00430,0.00010,0.00001,0.00000,0.00000,0.00152,0.00593
1403715332.457631826400757,0.00380,0.00010,0.00001,0.00000,0.00018,0.00161,0.00570
1403715332.507645368576050,0.00395,0.00010,0.00001,0.00000,0.00138,0.00144,0.00688
1403715332.557645797729492,0.00409,0.00010,0.00001,0.00006,0.00014,0.00152,0.00592
1403715332.607647180557251,0.00388,0.00011,0.00001,0.00006,0.00013,0.00156,0.00575
1403715332.657648324966431,0.00419,0.00012,0.00001,0.00006,0.00016,0.00192,0.00645
1403715332.707648277282715,0.00396,0.00010,0.00001,0.00005,0.00010,0.00145,0.00568
1403715332.757649421691895,0.00399,0.00009,0.00001,0.00006,0.00044,0.00180,0.00640
1403715332.807652711868286,0.00397,0.00009,0.00001,0.00005,0.00024,0.00183,0.00619
1403715332.857656955718994,0.00395,0.00009,0.00001,0.00005,0.00006,0.00157,0.00573
1403715332.907656908035278,0.00406,0.00010,0.00010,0.00001,0.00012,0.00154,0.00594
1403715332.957656860351562,0.00446,0.00012,0.00008,0.00002,0.00011,0.00148,0.00627
1403715333.007656812667847,0.00386,0.00010,0.00004,0.00000,0.00000,0.00153,0.00554
1403715333.057657003402710,0.00406,0.00009,0.00005,0.00000,0.00015,0.00146,0.00581
1403715333.107656955718994,0.00431,0.00010,0.00001,0.00000,0.00127,0.00139,0.00709
1403715333.157656908035278,0.00386,0.00010,0.00003,0.00000,0.00012,0.00150,0.00562
1403715333.207656860351562,0.00383,0.00010,0.00001,0.00000,0.00013,0.00152,0.00559
1403715333.257656812667847,0.00374,0.00011,0.00003,0.00000,0.00012,0.00150,0.00549
1403715333.307657003402710,0.00377,0.00009,0.00005,0.00000,0.00008,0.00151,0.00550
1403715333.357656955718994,0.00382,0.00010,0.00001,0.00000,0.00041,0.00149,0.00582
1403715333.407656908035278,0.00318,0.00009,0.00001,0.00000,0.00024,0.00147,0.00499
1403715333.457656860351562,0.00533,0.00012,0.00004,0.00000,0.00006,0.00183,0.00737
1403715333.507656812667847,0.00445,0.00013,0.00013,0.00000,0.00011,0.00154,0.00636
1403715333.557657003402710,0.00428,0.00011,0.00006,0.00000,0.00011,0.00153,0.00609
1403715333.607656955718994,0.00446,0.00010,0.00005,0.00000,0.00000,0.00161,0.00622
1403715333.657656908035278,0.00449,0.00013,0.00007,0.00000,0.00010,0.00156,0.00635
1403715333.707656860351562,0.00394,0.00010,0.00005,0.00000,0.00091,0.00178,0.00678
1403715333.757656812667847,0.00382,0.00009,0.00010,0.00000,0.00006,0.00155,0.00562
1403715333.807657003402710,0.00435,0.00009,0.00006,0.00000,0.00011,0.00153,0.00613
1403715333.857656955718994,0.00350,0.00010,0.00006,0.00000,0.00009,0.00148,0.00522
1403715333.907656908035278,0.00353,0.00012,0.00007,0.00000,0.00005,0.00147,0.00524
1403715333.957656860351562,0.00418,0.00010,0.00005,0.00000,0.00034,0.00146,0.00613
1403715334.007656812667847,0.00343,0.00010,0.00001,0.00000,0.00077,0.00146,0.00577
1403715334.057657003402710,0.00327,0.00009,0.00003,0.00000,0.00006,0.00145,0.00491
1403715334.107656955718994,0.00421,0.00010,0.00004,0.00000,0.00006,0.00142,0.00583
1403715334.157656908035278,0.00334,0.00010,0.00002,0.00000,0.00011,0.00156,0.00513
1403715334.207656860351562,0.00340,0.00011,0.00004,0.00000,0.00000,0.00144,0.00500
1403715334.257656812667847,0.00378,0.00009,0.00002,0.00000,0.00009,0.00149,0.00546
1403715334.307657003402710,0.00518,0.00011,0.00007,0.00000,0.00048,0.00178,0.00762
1403715334.357656955718994,0.00391,0.00010,0.00013,0.00000,0.00000,0.00157,0.00571
1403715334.407656908035278,0.00437,0.00009,0.00001,0.00000,0.00013,0.00156,0.00615
1403715334.457656860351562,0.00384,0.00009,0.00004,0.00000,0.00009,0.00156,0.00561
1403715334.507656812667847,0.00386,0.00009,0.00008,0.00000,0.00003,0.00152,0.00558
1403715334.557657003402710,0.00379,0.00010,0.00001,0.00000,0.00034,0.00155,0.00579
1403715334.607656955718994,0.00390,0.00010,0.00006,0.00000,0.00065,0.00149,0.00620
1403715334.657656908035278,0.00443,0.00010,0.00001,0.00000,0.00007,0.00158,0.00618
1403715334.707656860351562,0.00385,0.00009,0.00006,0.00000,0.00005,0.00151,0.00557
1403715334.757656812667847,0.00402,0.00009,0.00005,0.00000,0.00005,0.00152,0.00573
1403715334.807657003402710,0.00450,0.00011,0.00001,0.00000,0.00000,0.00161,0.00622
1403715334.857656955718994,0.00404,0.00009,0.00004,0.00000,0.00103,0.00150,0.00669
1403715334.907656908035278,0.00363,0.00010,0.00007,0.00000,0.00048,0.00147,0.00575
1403715334.957656860351562,0.00350,0.00010,0.00004,0.00000,0.00000,0.00151,0.00516
1403715335.007656812667847,0.00394,0.00010,0.00004,0.00000,0.00012,0.00152,0.00573
1403715335.057657003402710,0.00380,0.00010,0.00004,0.00000,0.00005,0.00148,0.00547
1403715335.107656955718994,0.00383,0.00009,0.00008,0.00000,0.00003,0.00152,0.00556
1403715335.157656908035278,0.00345,0.00011,0.00001,0.00000,0.00023,0.00149,0.00529
1403715335.207656860351562,0.00318,0.00009,0.00001,0.00000,0.00071,0.00157,0.00556
1403715335.257656812667847,0.00340,0.00010,0.00004,0.00000,0.00003,0.00147,0.00506
1403715335.307657003402710,0.00338,0.00008,0.00003,0.00000,0.00003,0.00145,0.00498
1403715335.357656955718994,0.00408,0.00010,0.00001,0.00000,0.00007,0.00149,0.00575
1403715335.407656908035278,0.00346,0.00010,0.00001,0.00000,0.00000,0.00143,0.00499
1403715335.457656860351562,0.00366,0.00010,0.00005,0.00000,0.00076,0.00144,0.00602
1403715335.507656812667847,0.00330,0.00011,0.00003,0.00000,0.00051,0.00149,0.00545
1403715335.557657003402710,0.00361,0.00012,0.00003,0.00000,0.00000,0.00148,0.00525
1403715335.607656955718994,0.00382,0.00009,0.00006,0.00000,0.00028,0.00149,0.00574
1403715335.657656908035278,0.00313,0.00009,0.00001,0.00000,0.00006,0.00145,0.00474
1403715335.707656860351562,0.00465,0.00010,0.00001,0.00000,0.00004,0.00153,0.00634
1403715335.757656812667847,0.00422,0.00009,0.00002,0.00000,0.00016,0.00151,0.00599
1403715335.807657003402710,0.00367,0.00009,0.00007,0.00000,0.00087,0.00147,0.00617
1403715335.857656955718994,0.00387,0.00012,0.00003,0.00000,0.00003,0.00156,0.00561
1403715335.907656908035278,0.00391,0.00011,0.00006,0.00000,0.00003,0.00162,0.00573
1403715335.957656860351562,0.00358,0.00011,0.00007,0.00000,0.00005,0.00158,0.00538
1403715336.007656812667847,0.00374,0.00010,0.00006,0.00000,0.00000,0.00150,0.00540
1403715336.057657003402710,0.00363,0.00010,0.00007,0.00000,0.00051,0.00149,0.00579
1403715336.107656955718994,0.00490,0.00011,0.00004,0.00000,0.00050,0.00147,0.00703
1403715336.157656908035278,0.00377,0.00011,0.00023,0.00000,0.00000,0.00150,0.00561
1403715336.207656860351562,0.00538,0.00012,0.00016,0.00000,0.00006,0.00156,0.00728
1403715336.257656812667847,0.00399,0.00011,0.00009,0.00000,0.00037,0.00154,0.00609
1403715336.307657003402710,0.00384,0.00010,0.00004,0.00000,0.00003,0.00150,0.00551
1403715336.357656955718994,0.00395,0.00010,0.00002,0.00000,0.00017,0.00153,0.00576
1403715336.407656908035278,0.00376,0.00010,0.00004,0.00000,0.00036,0.00154,0.00581
1403715336.457656860351562,0.00403,0.00011,0.00005,0.00000,0.00000,0.00150,0.00568
1403715336.507656812667847,0.00389,0.00010,0.00006,0.00000,0.00015,0.00149,0.00569
1403715336.557657003402710,0.00393,0.00010,0.00001,0.00000,0.00005,0.00150,0.00558
1403715336.607656955718994,0.00339,0.00009,0.00004,0.00000,0.00000,0.00151,0.00503
1403715336.657656908035278,0.00545,0.00011,0.00005,0.00000,0.00076,0.00171,0.00807
1403715336.707656860351562,0.00423,0.00009,0.00007,0.00000,0.00046,0.00156,0.00642
1403715336.757656812667847,0.00659,0.00013,0.00001,0.00000,0.00072,0.00148,0.00893
1403715336.807657003402710,0.00428,0.00012,0.00005,0.00000,0.00000,0.00159,0.00604
1403715336.857656955718994,0.00436,0.00011,0.00001,0.00000,0.00036,0.00158,0.00642
1403715336.907656908035278,0.00437,0.00010,0.00004,0.00000,0.00000,0.00159,0.00611
1403715336.957656860351562,0.00419,0.00011,0.00004,0.00000,0.00000,0.00161,0.00596
1403715337.007656812667847,0.00413,0.00010,0.00007,0.00000,0.00039,0.00157,0.00626
1403715337.057657003402710,0.00395,0.00011,0.00004,0.00000,0.00000,0.00157,0.00566
1403715337.107656955718994,0.00398,0.00010,0.00001,0.00000,0.00012,0.00153,0.00574
1403715337.157656908035278,0.00383,0.00010,0.00006,0.00000,0.00003,0.00152,0.00555
1403715337.207656860351562,0.00387,0.00011,0.00001,0.00000,0.00191,0.00166,0.00756
1403715337.257656812667847,0.00349,0.00010,0.00009,0.00000,0.00063,0.00151,0.00581
1403715337.307657003402710,0.00382,0.00011,0.00004,0.00000,0.00034,0.00148,0.00580
1403715337.357656955718994,0.00388,0.00009,0.00008,0.00000,0.00042,0.00151,0.00598
1403715337.407656908035278,0.00364,0.00010,0.00006,0.00000,0.00000,0.00147,0.00528
1403715337.457656860351562,0.00491,0.00012,0.00005,0.00000,0.00031,0.00155,0.00695
1403715337.507656812667847,0.00417,0.00012,0.00007,0.00000,0.00000,0.00149,0.00585
1403715337.557657003402710,0.00352,0.00010,0.00007,0.00000,0.00000,0.00147,0.00517
1403715337.607656955718994,0.00454,0.00012,0.00009,0.00000,0.00026,0.00149,0.00650
1403715337.657656908035278,0.00442,0.00009,0.00006,0.00000,0.00000,0.00145,0.00603
1403715337.707677364349365,0.00389,0.00009,0.00008,0.00000,0.00032,0.00143,0.00581
1403715337.757677078247070,0.00482,0.00010,0.00021,0.00002,0.00000,0.00148,0.00664
1403715337.807677268981934,0.00400,0.00009,0.00014,0.00001,0.00077,0.00144,0.00646
1403715337.857677221298218,0.00403,0.00010,0.00014,0.00000,0.00038,0.00146,0.00610
1403715337.907677173614502,0.00432,0.00011,0.00013,0.00000,0.00000,0.00175,0.00630
1403715337.957689285278320,0.00353,0.00011,0.00030,0.00000,0.00052,0.00152,0.00599
1403715338.007692337036133,0.00442,0.00010,0.00023,0.00002,0.00026,0.00150,0.00653
1403715338.057694673538208,0.00383,0.00010,0.00015,0.00002,0.00023,0.00151,0.00585
1403715338.107694625854492,0.00420,0.00011,0.00012,0.00000,0.00001,0.00148,0.00592
1403715338.157735347747803,0.00405,0.00010,0.00027,0.00000,0.00034,0.00147,0.00622
1403715338.207735300064087,0.00447,0.00009,0.00010,0.00002,0.00096,0.00137,0.00703
1403715338.257735252380371,0.00364,0.00009,0.00013,0.00002,0.00000,0.00148,0.00537
1403715338.307735443115234,0.00476,0.00009,0.00005,0.00000,0.00008,0.00145,0.00643
1403715338.357736587524414,0.00413,0.00011,0.00014,0.00000,0.00000,0.00145,0.00584
1403715338.407736063003540,0.00403,0.00010,0.00031,0.00000,0.00011,0.00144,0.00600
1403715338.457736015319824,0.00409,0.00010,0.00010,0.00000,0.00092,0.00141,0.00662
1403715338.507736444473267,0.00447,0.00010,0.00011,0.00000,0.00000,0.00145,0.00613
1403715338.557736635208130,0.00433,0.00010,0.00007,0.00000,0.00026,0.00144,0.00621
1403715338.607736825942993,0.00465,0.00011,0.00027,0.00000,0.00013,0.00142,0.00658
1403715338.657736778259277,0.00405,0.00010,0.00011,0.00000,0.00027,0.00146,0.00599
1403715338.707736492156982,0.00418,0.00010,0.00011,0.00000,0.00002,0.00148,0.00589
1403715338.757736444473267,0.00449,0.00011,0.00016,0.00000,0.00011,0.00145,0.00632
1403715338.807736635208130,0.00424,0.00010,0.00009,0.00000,0.00014,0.00144,0.00601
1403715338.857736587524414,0.00387,0.00010,0.00012,0.00000,0.00000,0.00145,0.00555
1403715338.907736539840698,0.00416,0.00010,0.00012,0.00000,0.00003,0.00144,0.00586
1403715338.957736492156982,0.00405,0.00010,0.00004,0.00000,0.00000,0.00144,0.00563
1403715339.007736444473267,0.00384,0.00010,0.00006,0.00000,0.00009,0.00137,0.00546
1403715339.057736635208130,0.00419,0.00010,0.00006,0.00000,0.00055,0.00143,0.00633
1403715339.107736587524414,0.00399,0.00010,0.00006,0.00000,0.00007,0.00144,0.00566
1403715339.157736539840698,0.00413,0.00010,0.00012,0.00000,0.00022,0.00146,0.00604
1403715339.207736492156982,0.00427,0.00010,0.00005,0.00000,0.00025,0.00149,0.00616
1403715339.257736444473267,0.00435,0.00011,0.00012,0.00000,0.00023,0.00145,0.00627
1403715339.307736635208130,0.00425,0.00010,0.00004,0.00000,0.00009,0.00146,0.00595
1403715339.357736587524414,0.00438,0.00010,0.00022,0.00000,0.00016,0.00138,0.00624
1403715339.407736539840698,0.00416,0.00009,0.00006,0.00000,0.00008,0.00139,0.00577
1403715339.457736492156982,0.00383,0.00011,0.00005,0.00000,0.00000,0.00146,0.00545
1403715339.507736444473267,0.00396,0.00010,0.00006,0.00000,0.00003,0.00138,0.00553
1403715339.557736635208130,0.00458,0.00009,0.00008,0.00000,0.00008,0.00143,0.00627
1403715339.607736587524414,0.00376,0.00010,0.00005,0.00000,0.00006,0.00140,0.00537
1403715339.657736539840698,0.00383,0.00010,0.00001,0.00000,0.00028,0.00139,0.00562
1403715339.707736492156982,0.00380,0.00011,0.00006,0.00000,0.00012,0.00148,0.00557
1403715339.757736444473267,0.00402,0.00010,0.00005,0.00000,0.00017,0.00142,0.00576
1403715339.807736635208130,0.00389,0.00009,0.00005,0.00000,0.00031,0.00144,0.00579
1403715339.857736587524414,0.00404,0.00011,0.00006,0.00000,0.00023,0.00145,0.00589
1403715339.907736539840698,0.00390,0.00011,0.00007,0.00000,0.00009,0.00146,0.00562
1403715339.957736492156982,0.00374,0.00010,0.00004,0.00000,0.00019,0.00143,0.00551
1403715340.007736444473267,0.00382,0.00010,0.00005,0.00000,0.00007,0.00138,0.00541
1403715340.057736635208130,0.00364,0.00010,0.00007,0.00000,0.00003,0.00145,0.00529
1403715340.107736587524414,0.00365,0.00010,0.00004,0.00000,0.00009,0.00142,0.00530
1403715340.157736539840698,0.00369,0.00011,0.00005,0.00000,0.00005,0.00146,0.00536
1403715340.207736492156982,0.00461,0.00009,0.00007,0.00000,0.00005,0.00139,0.00622
1403715340.257736444473267,0.00366,0.00017,0.00027,0.00000,0.00025,0.00144,0.00579
1403715340.307736635208130,0.00378,0.00010,0.00004,0.00000,0.00014,0.00163,0.00569
1403715340.357736587524414,0.00341,0.00009,0.00004,0.00000,0.00013,0.00140,0.00507
1403715340.407736539840698,0.00420,0.00009,0.00005,0.00000,0.00021,0.00136,0.00592
1403715340.457736492156982,0.00392,0.00012,0.00001,0.00000,0.00022,0.00146,0.00573
1403715340.507736444473267,0.00416,0.00011,0.00006,0.00000,0.00012,0.00143,0.00588
1403715340.557736635208130,0.00387,0.00012,0.00001,0.00000,0.00019,0.00147,0.00565
1403715340.607736587524414,0.00392,0.00009,0.00001,0.00000,0.00008,0.00145,0.00554
1403715340.657736539840698,0.00436,0.00011,0.00002,0.00000,0.00003,0.00150,0.00602
1403715340.707736492156982,0.00375,0.00010,0.00004,0.00000,0.00007,0.00143,0.00539
1403715340.757736444473267,0.00411,0.00010,0.00004,0.00000,0.00007,0.00151,0.00583
1403715340.807736635208130,0.00413,0.00010,0.00004,0.00000,0.00005,0.00153,0.00585
1403715340.857736587524414,0.00394,0.00012,0.00003,0.00000,0.00032,0.00155,0.00597
1403715340.907736539840698,0.00387,0.00011,0.00001,0.00000,0.00013,0.00152,0.00563
1403715340.957736492156982,0.00373,0.00011,0.00004,0.00000,0.00033,0.00169,0.00589
1403715341.007736444473267,0.00430,0.00011,0.00004,0.00000,0.00029,0.00150,0.00623
1403715341.057736635208130,0.00411,0.00010,0.00005,0.00000,0.00030,0.00148,0.00605
1403715341.107736587524414,0.00447,0.00010,0.00006,0.00000,0.00016,0.00149,0.00628
1403715341.157736778259277,0.00432,0.00011,0.00011,0.00000,0.00025,0.00150,0.00629
1403715341.207736730575562,0.00421,0.00011,0.00006,0.00000,0.00009,0.00145,0.00592
1403715341.257736682891846,0.00407,0.00010,0.00008,0.00000,0.00004,0.00148,0.00578
1403715341.307736873626709,0.00442,0.00010,0.00008,0.00000,0.00009,0.00143,0.00612
1403715341.357736825942993,0.00403,0.00012,0.00009,0.00000,0.00005,0.00147,0.00575
1403715341.407736778259277,0.00398,0.00011,0.00004,0.00000,0.00004,0.00146,0.00563
1403715341.457736730575562,0.00446,0.00010,0.00001,0.00000,0.00028,0.00148,0.00633
1403715341.507736682891846,0.00412,0.00010,0.00005,0.00000,0.00008,0.00146,0.00582
1403715341.557736873626709,0.00391,0.00011,0.00006,0.00000,0.00023,0.00142,0.00572
1403715341.607736825942993,0.00379,0.00009,0.00007,0.00000,0.00022,0.00142,0.00559
1403715341.657736778259277,0.00434,0.00011,0.00008,0.00000,0.00024,0.00142,0.00619
1403715341.707736730575562,0.00349,0.00011,0.00009,0.00000,0.00007,0.00143,0.00517
1403715341.757736682891846,0.00370,0.00010,0.00001,0.00000,0.00015,0.00141,0.00536
1403715341.807736873626709,0.00598,0.00013,0.00007,0.00000,0.00003,0.00172,0.00794
1403715341.857736825942993,0.00334,0.00012,0.00003,0.00000,0.00012,0.00148,0.00509
1403715341.907736778259277,0.00377,0.00012,0.00004,0.00000,0.00009,0.00171,0.00573
1403715341.957736730575562,0.00367,0.00011,0.00004,0.00000,0.00009,0.00142,0.00533
1403715342.007736682891846,0.00384,0.00010,0.00001,0.00000,0.00018,0.00160,0.00572
1403715342.057736873626709,0.00358,0.00012,0.00004,0.00000,0.00023,0.00147,0.00544
1403715342.107736825942993,0.00372,0.00010,0.00001,0.00000,0.00011,0.00148,0.00541
1403715342.157736778259277,0.00356,0.00011,0.00001,0.00000,0.00020,0.00146,0.00534
1403715342.207736730575562,0.00352,0.00009,0.00004,0.00000,0.00042,0.00144,0.00551
1403715342.257736682891846,0.00510,0.00013,0.00004,0.00000,0.00021,0.00148,0.00696
1403715342.307736873626709,0.00412,0.00009,0.00006,0.00000,0.00028,0.00145,0.00600
1403715342.357736825942993,0.00384,0.00009,0.00003,0.00000,0.00014,0.00159,0.00569
1403715342.407736778259277,0.00391,0.00010,0.00004,0.00000,0.00004,0.00149,0.00558
1403715342.457736730575562,0.00343,0.00011,0.00001,0.00000,0.00013,0.00152,0.00521
1403715342.507736682891846,0.00372,0.00014,0.00005,0.00000,0.00007,0.00146,0.00544
1403715342.557736873626709,0.00400,0.00011,0.00005,0.00000,0.00008,0.00146,0.00570
1403715342.607736825942993,0.00423,0.00012,0.00004,0.00000,0.00016,0.00147,0.00601
1403715342.657736778259277,0.00390,0.00010,0.00006,0.00000,0.00024,0.00147,0.00576
1403715342.707736730575562,0.00403,0.00010,0.00004,0.00000,0.00005,0.00147,0.00570
1403715342.757736682891846,0.00413,0.00010,0.00011,0.00000,0.00016,0.00148,0.00599
1403715342.807736873626709,0.00378,0.00011,0.00004,0.00000,0.00045,0.00147,0.00584
1403715342.857736825942993,0.00390,0.00011,0.00006,0.00000,0.00016,0.00146,0.00569
1403715342.907736778259277,0.00455,0.00011,0.00004,0.00000,0.00026,0.00148,0.00644
1403715342.957736730575562,0.00383,0.00010,0.00006,0.00000,0.00009,0.00146,0.00556
1403715343.007736682891846,0.00392,0.00010,0.00006,0.00000,0.00003,0.00144,0.00555
1403715343.057736873626709,0.00465,0.00010,0.00006,0.00000,0.00010,0.00146,0.00637
1403715343.107736825942993,0.00381,0.00010,0.00014,0.00000,0.00005,0.00144,0.00556
1403715343.157736778259277,0.00372,0.00010,0.00010,0.00000,0.00005,0.00144,0.00541
1403715343.207736730575562,0.00396,0.00010,0.00007,0.00000,0.00010,0.00147,0.00569
1403715343.257736682891846,0.00528,0.00013,0.00006,0.00000,0.00021,0.00152,0.00720
1403715343.307736873626709,0.00426,0.00011,0.00004,0.00000,0.00005,0.00150,0.00596
1403715343.357736825942993,0.00400,0.00011,0.00012,0.00000,0.00015,0.00149,0.00587
1403715343.407736778259277,0.00386,0.00011,0.00006,0.00000,0.00035,0.00151,0.00589
1403715343.457736730575562,0.00397,0.00010,0.00007,0.00000,0.00037,0.00151,0.00603
1403715343.507736682891846,0.00375,0.00010,0.00007,0.00000,0.00008,0.00148,0.00549
1403715343.557736873626709,0.00444,0.00010,0.00005,0.00000,0.00008,0.00150,0.00617
1403715343.607736825942993,0.00395,0.00010,0.00008,0.00000,0.00023,0.00148,0.00584
1403715343.657736778259277,0.00386,0.00009,0.00001,0.00000,0.00011,0.00149,0.00556
1403715343.707736730575562,0.00380,0.00010,0.00009,0.00000,0.00006,0.00149,0.00553
1403715343.757736682891846,0.00387,0.00011,0.00007,0.00000,0.00000,0.00149,0.00554
1403715343.807736873626709,0.00398,0.00010,0.00007,0.00000,0.00043,0.00146,0.00605
1403715343.857736825942993,0.00367,0.00012,0.00006,0.00000,0.00014,0.00168,0.00568
1403715343.907736778259277,0.00375,0.00010,0.00009,0.00000,0.00005,0.00136,0.00535
1403715343.957736730575562,0.00466,0.00009,0.00007,0.00000,0.00015,0.00147,0.00643
1403715344.007736682891846,0.00433,0.00010,0.00007,0.00000,0.00020,0.00144,0.00614
1403715344.057736873626709,0.00414,0.00010,0.00009,0.00000,0.00024,0.00141,0.00598
1403715344.107736825942993,0.00413,0.00010,0.00005,0.00000,0.00024,0.00138,0.00590
1403715344.157736778259277,0.00408,0.00010,0.00009,0.00000,0.00003,0.00147,0.00577
1403715344.207736730575562,0.00490,0.00011,0.00008,0.00000,0.00009,0.00141,0.00659
1403715344.257736444473267,0.00410,0.00009,0.00011,0.00000,0.00008,0.00142,0.00580
1403715344.307736635208130,0.00436,0.00010,0.00015,0.00000,0.00006,0.00142,0.00609
1403715344.357736587524414,0.00390,0.00010,0.00009,0.00000,0.00000,0.00144,0.00552
1403715344.407736539840698,0.00429,0.00009,0.00007,0.00000,0.00034,0.00143,0.00623
1403715344.457736492156982,0.00402,0.00010,0.00001,0.00000,0.00015,0.00152,0.00580
1403715344.507736444473267,0.00423,0.00010,0.00008,0.00000,0.00016,0.00148,0.00605
1403715344.557736396789551,0.00350,0.00009,0.00010,0.00000,0.00021,0.00139,0.00529
1403715344.607736349105835,0.00416,0.00009,0.00011,0.00000,0.00012,0.00146,0.00595
1403715344.657736301422119,0.00414,0.00009,0.00006,0.00000,0.00021,0.00139,0.00588
1403715344.707736253738403,0.00391,0.00011,0.00006,0.00000,0.00020,0.00135,0.00563
1403715344.757736206054688,0.00396,0.00011,0.00002,0.00000,0.00010,0.00166,0.00585
1403715344.807736396789551,0.00397,0.00011,0.00006,0.00000,0.00002,0.00146,0.00563
1403715344.857736349105835,0.00392,0.00010,0.00005,0.00000,0.00016,0.00143,0.00567
1403715344.907736301422119,0.00387,0.00011,0.00007,0.00000,0.00005,0.00144,0.00554
1403715344.957736253738403,0.00439,0.00011,0.00012,0.00000,0.00019,0.00146,0.00627
1403715345.007736206054688,0.00389,0.00009,0.00015,0.00000,0.00023,0.00143,0.00580
1403715345.057736396789551,0.00452,0.00009,0.00008,0.00000,0.00017,0.00142,0.00629
1403715345.107736349105835,0.00390,0.00009,0.00016,0.00000,0.00009,0.00143,0.00567
1403715345.157736301422119,0.00476,0.00010,0.00006,0.00000,0.00024,0.00136,0.00652
1403715345.207736253738403,0.00398,0.00011,0.00005,0.00000,0.00010,0.00147,0.00570
1403715345.257736206054688,0.00390,0.00009,0.00005,0.00000,0.00017,0.00140,0.00561
1403715345.307736396789551,0.00385,0.00009,0.00001,0.00000,0.00032,0.00143,0.00571
1403715345.357736349105835,0.00386,0.00009,0.00004,0.00000,0.00007,0.00138,0.00545
1403715345.407736301422119,0.00495,0.00012,0.00001,0.00000,0.00003,0.00143,0.00654
1403715345.457736253738403,0.00385,0.00012,0.00013,0.00000,0.00014,0.00142,0.00565
1403715345.507736206054688,0.00502,0.00009,0.00006,0.00000,0.00020,0.00167,0.00704
1403715345.557736396789551,0.00389,0.00008,0.00007,0.00000,0.00010,0.00139,0.00554
1403715345.607736349105835,0.00421,0.00010,0.00011,0.00000,0.00038,0.00142,0.00622
1403715345.657736301422119,0.00397,0.00009,0.00005,0.00000,0.00015,0.00148,0.00575
1403715345.707736253738403,0.00441,0.00009,0.00004,0.00000,0.00021,0.00138,0.00614
1403715345.757736206054688,0.00404,0.00009,0.00006,0.00000,0.00017,0.00145,0.00583
1403715345.807736396789551,0.00404,0.00010,0.00004,0.00000,0.00007,0.00146,0.00571
1403715345.857736349105835,0.00438,0.00011,0.00005,0.00000,0.00012,0.00139,0.00606
1403715345.907736301422119,0.00428,0.00009,0.00005,0.00000,0.00024,0.00147,0.00614
1403715345.957736253738403,0.00425,0.00015,0.00009,0.00000,0.00028,0.00151,0.00627
1403715346.007736206054688,0.00397,0.00010,0.00004,0.00000,0.00002,0.00152,0.00565
1403715346.057736396789551,0.00386,0.00010,0.00011,0.00000,0.00028,0.00141,0.00576
1403715346.107736349105835,0.00568,0.00010,0.00006,0.00000,0.00015,0.00167,0.00765
1403715346.157736301422119,0.00411,0.00010,0.00006,0.00000,0.00010,0.00152,0.00589
1403715346.207736253738403,0.00396,0.00010,0.00007,0.00000,0.00014,0.00151,0.00579
1403715346.257736206054688,0.00423,0.00009,0.00004,0.00000,0.00021,0.00155,0.00612
1403715346.307736396789551,0.00391,0.00011,0.00007,0.00000,0.00011,0.00153,0.00573
1403715346.357736349105835,0.00392,0.00009,0.00004,0.00000,0.00018,0.00152,0.00575
1403715346.407736301422119,0.00386,0.00010,0.00006,0.00000,0.00025,0.00150,0.00577
1403715346.457736253738403,0.00440,0.00010,0.00009,0.00000,0.00011,0.00149,0.00619
1403715346.507736206054688,0.00382,0.00010,0.00012,0.00000,0.00019,0.00146,0.00568
1403715346.557736396789551,0.00430,0.00010,0.00009,0.00000,0.00022,0.00145,0.00616
1403715346.607736349105835,0.00410,0.00010,0.00006,0.00000,0.00002,0.00158,0.00586
1403715346.657736301422119,0.00396,0.00010,0.00005,0.00000,0.00049,0.00146,0.00606
1403715346.707736253738403,0.00380,0.00010,0.00005,0.00000,0.00015,0.00143,0.00553
1403715346.757736206054688,0.00472,0.00009,0.00005,0.00000,0.00003,0.00150,0.00640
1403715346.807736396789551,0.00412,0.00011,0.00005,0.00000,0.00003,0.00151,0.00582
1403715346.857736349105835,0.00468,0.00010,0.00005,0.00000,0.00020,0.00149,0.00652
1403715346.907736301422119,0.00388,0.00013,0.00006,0.00000,0.00009,0.00151,0.00567
1403715346.957736253738403,0.00397,0.00009,0.00007,0.00000,0.00017,0.00152,0.00582
1403715347.007736206054688,0.00342,0.00010,0.00004,0.00000,0.00028,0.00174,0.00558
1403715347.057736396789551,0.00379,0.00009,0.00004,0.00000,0.00011,0.00147,0.00550
1403715347.107736349105835,0.00387,0.00010,0.00004,0.00000,0.00031,0.00148,0.00581
1403715347.157736301422119,0.00386,0.00010,0.00001,0.00000,0.00018,0.00147,0.00562
1403715347.207736253738403,0.00377,0.00010,0.00001,0.00000,0.00003,0.00147,0.00538
1403715347.257736206054688,0.00396,0.00010,0.00005,0.00000,0.00041,0.00142,0.00594
1403715347.307736396789551,0.00349,0.00011,0.00006,0.00000,0.00035,0.00148,0.00549
1403715347.357736349105835,0.00428,0.00009,0.00007,0.00000,0.00003,0.00141,0.00588
1403715347.407736301422119,0.00386,0.00011,0.00008,0.00000,0.00003,0.00148,0.00556
1403715347.457736253738403,0.00405,0.00010,0.00005,0.00000,0.00018,0.00149,0.00587
1403715347.507736206054688,0.00489,0.00010,0.00007,0.00000,0.00009,0.00150,0.00665
1403715347.557736396789551,0.00445,0.00010,0.00005,0.00000,0.00015,0.00151,0.00626
1403715347.607736349105835,0.00419,0.00013,0.00004,0.00000,0.00020,0.00150,0.00606
1403715347.657736301422119,0.00414,0.00010,0.00003,0.00000,0.00008,0.00153,0.00589
1403715347.707736253738403,0.00409,0.00010,0.00006,0.00000,0.00016,0.00151,0.00592
1403715347.757736206054688,0.00401,0.00011,0.00004,0.00000,0.00015,0.00151,0.00582
1403715347.807736396789551,0.00356,0.00009,0.00003,0.00000,0.00010,0.00149,0.00527
1403715347.857736349105835,0.00383,0.00011,0.00008,0.00000,0.00035,0.00149,0.00587
1403715347.907736301422119,0.00401,0.00009,0.00007,0.00000,0.00040,0.00148,0.00606
1403715347.957736253738403,0.00361,0.00011,0.00003,0.00000,0.00000,0.00145,0.00520
1403715348.007736206054688,0.00393,0.00012,0.00008,0.00000,0.00000,0.00146,0.00559
1403715348.057736396789551,0.00516,0.00010,0.00018,0.00000,0.00043,0.00167,0.00754
1403715348.107736349105835,0.00416,0.00012,0.00007,0.00000,0.00007,0.00148,0.00590
1403715348.157736301422119,0.00408,0.00010,0.00006,0.00000,0.00006,0.00143,0.00573
1403715348.207736253738403,0.00412,0.00013,0.00006,0.00000,0.00011,0.00150,0.00591
1403715348.257736206054688,0.00409,0.00010,0.00010,0.00000,0.00000,0.00147,0.00576
1403715348.307736396789551,0.00470,0.00011,0.00006,0.00000,0.00003,0.00143,0.00633
1403715348.357736349105835,0.00414,0.00010,0.00010,0.00000,0.00009,0.00143,0.00585
1403715348.407736301422119,0.00384,0.00010,0.00006,0.00000,0.00004,0.00138,0.00542
1403715348.457736253738403,0.00401,0.00010,0.00003,0.00000,0.00035,0.00147,0.00597
1403715348.507736206054688,0.00380,0.00009,0.00003,0.00000,0.00028,0.00142,0.00563
1403715348.557736396789551,0.00470,0.00013,0.00007,0.00000,0.00000,0.00143,0.00633
1403715348.607736349105835,0.00416,0.00010,0.00007,0.00000,0.00033,0.00149,0.00615
1403715348.657736301422119,0.00425,0.00010,0.00003,0.00000,0.00035,0.00145,0.00619
1403715348.707736253738403,0.00402,0.00010,0.00004,0.00000,0.00005,0.00144,0.00566
1403715348.757736206054688,0.00391,0.00010,0.00004,0.00000,0.00000,0.00145,0.00551
1403715348.807736396789551,0.00413,0.00008,0.00004,0.00000,0.00009,0.00147,0.00581
1403715348.857736349105835,0.00386,0.00009,0.00008,0.00000,0.00029,0.00141,0.00573
1403715348.907736301422119,0.00373,0.00011,0.00007,0.00000,0.00000,0.00145,0.00536
1403715348.957736253738403,0.00391,0.00010,0.00001,0.00000,0.00009,0.00143,0.00554
1403715349.007736206054688,0.00434,0.00009,0.00001,0.00000,0.00006,0.00148,0.00598
1403715349.057736396789551,0.00377,0.00009,0.00006,0.00000,0.00033,0.00138,0.00562
1403715349.107736349105835,0.00396,0.00010,0.00001,0.00000,0.00050,0.00139,0.00596
1403715349.157736301422119,0.00382,0.00010,0.00001,0.00000,0.00000,0.00151,0.00543
1403715349.207736253738403,0.00400,0.00010,0.00002,0.00000,0.00031,0.00147,0.00591
1403715349.257736206054688,0.00343,0.00011,0.00004,0.00000,0.00028,0.00177,0.00562
1403715349.307736396789551,0.00372,0.00010,0.00004,0.00000,0.00003,0.00141,0.00530
1403715349.357736349105835,0.00355,0.00009,0.00001,0.00000,0.00000,0.00137,0.00502
1403715349.407736301422119,0.00379,0.00010,0.00001,0.00000,0.00009,0.00149,0.00548
1403715349.457736253738403,0.00397,0.00010,0.00001,0.00000,0.00031,0.00149,0.00588
1403715349.507736206054688,0.00388,0.00010,0.00001,0.00000,0.00000,0.00145,0.00543
1403715349.557736396789551,0.00401,0.00011,0.00001,0.00000,0.00042,0.00146,0.00601
1403715349.607736349105835,0.00394,0.00010,0.00001,0.00000,0.00006,0.00151,0.00562
1403715349.657736301422119,0.00384,0.00010,0.00004,0.00000,0.00034,0.00151,0.00583
1403715349.707736253738403,0.00419,0.00009,0.00001,0.00000,0.00043,0.00148,0.00620
1403715349.757736206054688,0.00401,0.00011,0.00003,0.00000,0.00000,0.00143,0.00559
1403715349.807736396789551,0.00370,0.00010,0.00001,0.00000,0.00027,0.00147,0.00555
1403715349.857736349105835,0.00332,0.00009,0.00001,0.00000,0.00028,0.00144,0.00514
1403715349.907736301422119,0.00385,0.00011,0.00001,0.00000,0.00004,0.00140,0.00540
1403715349.957736253738403,0.00342,0.00010,0.00001,0.00000,0.00000,0.00147,0.00501
1403715350.007736206054688,0.00464,0.00013,0.00005,0.00000,0.00008,0.00146,0.00635
1403715350.057736396789551,0.00406,0.00011,0.00010,0.00000,0.00031,0.00148,0.00607
1403715350.107736349105835,0.00411,0.00010,0.00001,0.00000,0.00000,0.00149,0.00572
1403715350.157736301422119,0.00419,0.00011,0.00010,0.00000,0.00034,0.00154,0.00628
1403715350.207736253738403,0.00392,0.00012,0.00009,0.00000,0.00005,0.00149,0.00568
1403715350.257736206054688,0.00382,0.00011,0.00001,0.00000,0.00029,0.00152,0.00575
1403715350.307736396789551,0.00373,0.00011,0.00001,0.00000,0.00042,0.00147,0.00574
1403715350.357736349105835,0.00378,0.00010,0.00001,0.00000,0.00000,0.00146,0.00534
1403715350.407736301422119,0.00390,0.00010,0.00005,0.00000,0.00020,0.00148,0.00573
1403715350.457736253738403,0.00521,0.00013,0.00004,0.00000,0.00020,0.00148,0.00707
1403715350.507736206054688,0.00423,0.00011,0.00004,0.00000,0.00003,0.00151,0.00592
1403715350.557736396789551,0.00431,0.00010,0.00004,0.00000,0.00036,0.00150,0.00632
1403715350.607736349105835,0.00396,0.00009,0.00003,0.00000,0.00009,0.00157,0.00574
1403715350.657736301422119,0.00395,0.00010,0.00001,0.00000,0.00037,0.00150,0.00594
1403715350.707736253738403,0.00398,0.00010,0.00004,0.00000,0.00000,0.00157,0.00568
1403715350.757736206054688,0.00389,0.00009,0.00001,0.00000,0.00039,0.00153,0.00591
1403715350.807736396789551,0.00416,0.00010,0.00004,0.00000,0.00006,0.00153,0.00589
1403715350.857736349105835,0.00406,0.00010,0.00001,0.00000,0.00026,0.00150,0.00593
1403715350.907736301422119,0.00397,0.00009,0.00001,0.00000,0.00036,0.00150,0.00593
1403715350.957736253738403,0.00399,0.00014,0.00001,0.00000,0.00000,0.00161,0.00575
1403715351.007736206054688,0.00394,0.00009,0.00001,0.00000,0.00068,0.00150,0.00623
1403715351.057736396789551,0.00385,0.00010,0.00001,0.00000,0.00016,0.00154,0.00567
1403715351.107736349105835,0.00428,0.00009,0.00002,0.00000,0.00004,0.00154,0.00597
1403715351.157736301422119,0.00401,0.00013,0.00003,0.00000,0.00029,0.00151,0.00598
1403715351.207736253738403,0.00394,0.00009,0.00001,0.00000,0.00009,0.00152,0.00565
1403715351.257736206054688,0.00378,0.00009,0.00004,0.00000,0.00027,0.00145,0.00563
1403715351.307736396789551,0.00392,0.00009,0.00005,0.00000,0.00000,0.00147,0.00553
1403715351.357736349105835,0.00389,0.00010,0.00004,0.00000,0.00032,0.00149,0.00584
1403715351.407736301422119,0.00404,0.00010,0.00006,0.00000,0.00005,0.00148,0.00573
1403715351.457736253738403,0.00399,0.00009,0.00001,0.00000,0.00022,0.00149,0.00580
1403715351.507736206054688,0.00394,0.00012,0.00008,0.00000,0.00029,0.00147,0.00589
1403715351.557736396789551,0.00350,0.00010,0.00005,0.00000,0.00000,0.00147,0.00513
1403715351.607736349105835,0.00479,0.00010,0.00001,0.00000,0.00048,0.00149,0.00687
1403715351.657736301422119,0.00561,0.00011,0.00005,0.00000,0.00016,0.00147,0.00740
1403715351.707736253738403,0.00429,0.00010,0.00010,0.00000,0.00003,0.00154,0.00606
1403715351.757736206054688,0.00476,0.00011,0.00014,0.00000,0.00028,0.00143,0.00673
1403715351.807736396789551,0.00426,0.00010,0.00013,0.00000,0.00008,0.00154,0.00611
1403715351.857736349105835,0.00895,0.00020,0.00020,0.00000,0.00031,0.00282,0.01247
1403715351.907736301422119,0.00387,0.00010,0.00010,0.00000,0.00000,0.00138,0.00546
1403715351.957736253738403,0.00388,0.00009,0.00016,0.00000,0.00012,0.00144,0.00568
1403715352.007736206054688,0.00388,0.00010,0.00007,0.00000,0.00005,0.00151,0.00561
1403715352.057736396789551,0.00489,0.00010,0.00004,0.00000,0.00009,0.00152,0.00663
1403715352.107736349105835,0.00393,0.00009,0.00007,0.00000,0.00020,0.00152,0.00582
1403715352.157736301422119,0.00426,0.00010,0.00001,0.00000,0.00010,0.00153,0.00600
1403715352.207736253738403,0.00396,0.00009,0.00005,0.00000,0.00048,0.00152,0.00611
1403715352.257736206054688,0.00417,0.00009,0.00003,0.00000,0.00013,0.00150,0.00593
1403715352.307736396789551,0.00397,0.00012,0.00004,0.00000,0.00000,0.00153,0.00565
1403715352.357736349105835,0.00397,0.00010,0.00005,0.00000,0.00031,0.00146,0.00589
1403715352.407736301422119,0.00397,0.00010,0.00006,0.00000,0.00021,0.00151,0.00584
1403715352.457736253738403,0.00412,0.00011,0.00009,0.00000,0.00030,0.00149,0.00611
1403715352.507736206054688,0.00456,0.00010,0.00007,0.00000,0.00000,0.00152,0.00626
1403715352.557736396789551,0.00500,0.00011,0.00002,0.00000,0.00013,0.00152,0.00679
1403715352.607736349105835,0.00410,0.00010,0.00008,0.00000,0.00041,0.00148,0.00617
1403715352.657736301422119,0.00429,0.00010,0.00006,0.00000,0.00005,0.00156,0.00605
1403715352.707736253738403,0.00422,0.00010,0.00006,0.00000,0.00019,0.00154,0.00611
1403715352.757736206054688,0.00392,0.00012,0.00005,0.00000,0.00007,0.00154,0.00570
1403715352.807736396789551,0.00417,0.00012,0.00006,0.00000,0.00043,0.00167,0.00646
1403715352.857736349105835,0.00401,0.00019,0.00007,0.00000,0.00012,0.00149,0.00588
1403715352.907736301422119,0.00370,0.00009,0.00009,0.00000,0.00000,0.00149,0.00536
1403715352.957736253738403,0.00380,0.00009,0.00009,0.00000,0.00017,0.00148,0.00563
1403715353.007736206054688,0.00534,0.00010,0.00007,0.00000,0.00008,0.00144,0.00704
1403715353.057736396789551,0.00415,0.00010,0.00024,0.00000,0.00034,0.00150,0.00632
1403715353.107736349105835,0.00407,0.00010,0.00005,0.00000,0.00030,0.00151,0.00603
1403715353.157736301422119,0.00415,0.00010,0.00005,0.00000,0.00006,0.00155,0.00591
1403715353.207736253738403,0.00403,0.00010,0.00001,0.00000,0.00040,0.00154,0.00608
1403715353.257736206054688,0.00423,0.00010,0.00003,0.00000,0.00003,0.00153,0.00593
1403715353.307736396789551,0.00426,0.00011,0.00005,0.00000,0.00019,0.00153,0.00614
1403715353.357736349105835,0.00377,0.00010,0.00004,0.00000,0.00003,0.00150,0.00544
1403715353.407736301422119,0.00396,0.00009,0.00008,0.00000,0.00034,0.00152,0.00600
1403715353.457736253738403,0.00393,0.00010,0.00006,0.00000,0.00012,0.00152,0.00574
1403715353.507736206054688,0.00387,0.00011,0.00004,0.00000,0.00000,0.00150,0.00551
1403715353.557736396789551,0.00395,0.00010,0.00001,0.00000,0.00083,0.00150,0.00640
1403715353.607736349105835,0.00402,0.00010,0.00003,0.00000,0.00009,0.00151,0.00575
1403715353.657736301422119,0.00365,0.00010,0.00006,0.00000,0.00027,0.00145,0.00553
1403715353.707736253738403,0.00365,0.00011,0.00001,0.00000,0.00025,0.00146,0.00549
1403715353.757736206054688,0.00394,0.00011,0.00001,0.00000,0.00006,0.00147,0.00559
1403715353.807736396789551,0.00391,0.00009,0.00001,0.00000,0.00020,0.00150,0.00572
1403715353.857736349105835,0.00343,0.00010,0.00003,0.00000,0.00003,0.00150,0.00509
1403715353.907736301422119,0.00330,0.00010,0.00001,0.00000,0.00020,0.00147,0.00509
1403715353.957736253738403,0.00381,0.00010,0.00001,0.00000,0.00005,0.00149,0.00545
1403715354.007736206054688,0.00392,0.00010,0.00001,0.00000,0.00032,0.00150,0.00585
1403715354.057736396789551,0.00399,0.00010,0.00001,0.00000,0.00013,0.00148,0.00571
1403715354.107736349105835,0.00373,0.00010,0.00004,0.00000,0.00000,0.00147,0.00534
1403715354.157736301422119,0.00447,0.00010,0.00001,0.00000,0.00065,0.00150,0.00673
1403715354.207736253738403,0.00395,0.00011,0.00007,0.00000,0.00005,0.00151,0.00569
1403715354.257736206054688,0.00384,0.00010,0.00005,0.00000,0.00024,0.00145,0.00568
1403715354.307736396789551,0.00370,0.00011,0.00006,0.00000,0.00020,0.00148,0.00554
1403715354.357736349105835,0.00387,0.00009,0.00004,0.00000,0.00006,0.00144,0.00550
1403715354.407736301422119,0.00385,0.00010,0.00004,0.00000,0.00021,0.00148,0.00567
1403715354.457736253738403,0.00398,0.00010,0.00005,0.00000,0.00003,0.00145,0.00562
1403715354.507736206054688,0.00359,0.00010,0.00001,0.00000,0.00022,0.00149,0.00541
1403715354.557736396789551,0.00323,0.00010,0.00005,0.00000,0.00002,0.00149,0.00490
1403715354.607736349105835,0.00491,0.00012,0.00004,0.00000,0.00027,0.00151,0.00685
1403715354.657736301422119,0.00396,0.00012,0.00003,0.00000,0.00011,0.00152,0.00574
1403715354.707736253738403,0.00373,0.00009,0.00004,0.00000,0.00034,0.00152,0.00571
1403715354.757736206054688,0.00425,0.00011,0.00001,0.00000,0.00081,0.00175,0.00693
1403715354.807736396789551,0.00380,0.00010,0.00003,0.00000,0.00016,0.00220,0.00629
1403715354.857736349105835,0.00363,0.00009,0.00001,0.00000,0.00025,0.00151,0.00550
1403715354.907736301422119,0.00379,0.00011,0.00006,0.00000,0.00017,0.00152,0.00565
1403715354.957736253738403,0.00405,0.00012,0.00001,0.00000,0.00007,0.00152,0.00576
1403715355.007736206054688,0.00376,0.00009,0.00006,0.00000,0.00038,0.00153,0.00583
1403715355.057736396789551,0.00418,0.00009,0.00008,0.00000,0.00003,0.00152,0.00590
1403715355.107736349105835,0.00394,0.00010,0.00006,0.00000,0.00036,0.00140,0.00586
1403715355.157736301422119,0.00403,0.00012,0.00001,0.00000,0.00030,0.00149,0.00595
1403715355.207736253738403,0.00389,0.00009,0.00004,0.00000,0.00031,0.00140,0.00573
1403715355.257736206054688,0.00398,0.00009,0.00010,0.00000,0.00009,0.00145,0.00571
1403715355.307736396789551,0.00537,0.00009,0.00006,0.00000,0.00012,0.00147,0.00711
1403715355.357736349105835,0.00404,0.00011,0.00010,0.00000,0.00079,0.00138,0.00642
1403715355.407736301422119,0.00386,0.00010,0.00006,0.00000,0.00005,0.00141,0.00547
1403715355.457736253738403,0.00393,0.00012,0.00002,0.00000,0.00058,0.00138,0.00603
1403715355.507736206054688,0.00397,0.00012,0.00003,0.00000,0.00008,0.00144,0.00564
1403715355.557736396789551,0.00521,0.00011,0.00006,0.00000,0.00000,0.00145,0.00683
1403715355.607736349105835,0.00486,0.00016,0.00006,0.00000,0.00021,0.00151,0.00679
1403715355.657736301422119,0.00412,0.00009,0.00014,0.00000,0.00000,0.00148,0.00584
1403715355.707736253738403,0.00383,0.00011,0.00013,0.00000,0.00013,0.00149,0.00569
1403715355.757736206054688,0.00384,0.00009,0.00004,0.00000,0.00020,0.00151,0.00568
1403715355.807736396789551,0.00508,0.00013,0.00005,0.00000,0.00038,0.00151,0.00716
1403715355.857736349105835,0.00416,0.00012,0.00004,0.00000,0.00049,0.00153,0.00634
1403715355.907736301422119,0.00405,0.00010,0.00004,0.00000,0.00005,0.00151,0.00576
1403715355.957736253738403,0.00412,0.00010,0.00011,0.00000,0.00086,0.00171,0.00691
1403715356.007736206054688,0.00407,0.00010,0.00003,0.00000,0.00005,0.00151,0.00575
1403715356.057736396789551,0.00393,0.00010,0.00004,0.00000,0.00038,0.00147,0.00593
1403715356.107736349105835,0.00346,0.00009,0.00001,0.00000,0.00029,0.00177,0.00562
1403715356.157736301422119,0.00402,0.00010,0.00001,0.00000,0.00026,0.00149,0.00588
1403715356.207736253738403,0.00386,0.00009,0.00004,0.00000,0.00013,0.00143,0.00555
1403715356.257736206054688,0.00413,0.00008,0.00003,0.00000,0.00000,0.00143,0.00568
1403715356.307736396789551,0.00364,0.00010,0.00008,0.00000,0.00030,0.00140,0.00551
1403715356.357736349105835,0.00471,0.00009,0.00007,0.00000,0.00038,0.00140,0.00666
1403715356.407736301422119,0.00367,0.00009,0.00008,0.00000,0.00016,0.00149,0.00548
1403715356.457736253738403,0.00401,0.00009,0.00003,0.00000,0.00048,0.00142,0.00605
1403715356.507736206054688,0.00376,0.00010,0.00003,0.00000,0.00003,0.00148,0.00539
1403715356.557736396789551,0.00415,0.00011,0.00004,0.00000,0.00033,0.00146,0.00608
1403715356.607736349105835,0.00378,0.00009,0.00006,0.00000,0.00004,0.00145,0.00543
1403715356.657736301422119,0.00387,0.00009,0.00003,0.00000,0.00015,0.00146,0.00560
1403715356.707736253738403,0.00407,0.00009,0.00005,0.00000,0.00022,0.00147,0.00591
1403715356.757736206054688,0.00472,0.00012,0.00010,0.00000,0.00024,0.00149,0.00667
1403715356.807736396789551,0.00413,0.00009,0.00007,0.00000,0.00013,0.00143,0.00584
1403715356.857736349105835,0.00404,0.00010,0.00006,0.00000,0.00000,0.00144,0.00564
1403715356.907736301422119,0.00553,0.00010,0.00005,0.00000,0.00029,0.00276,0.00873
1403715356.957736253738403,0.00382,0.00009,0.00006,0.00000,0.00029,0.00140,0.00565
1403715357.007736206054688,0.00513,0.00009,0.00014,0.00000,0.00009,0.00142,0.00688
1403715357.057736396789551,0.00416,0.00010,0.00012,0.00000,0.00014,0.00135,0.00587
1403715357.107736349105835,0.00439,0.00011,0.00005,0.00000,0.00003,0.00142,0.00602
1403715357.157736301422119,0.00400,0.00009,0.00005,0.00000,0.00032,0.00143,0.00590
1403715357.207736253738403,0.00476,0.00009,0.00003,0.00000,0.00002,0.00144,0.00634
1403715357.257736206054688,0.00405,0.00010,0.00009,0.00000,0.00006,0.00147,0.00576
1403715357.307736396789551,0.00367,0.00008,0.00004,0.00000,0.00055,0.00142,0.00576
1403715357.357736349105835,0.00415,0.00009,0.00011,0.00000,0.00019,0.00142,0.00597
1403715357.407736301422119,0.00415,0.00010,0.00005,0.00000,0.00009,0.00154,0.00593
1403715357.457736253738403,0.00429,0.00009,0.00008,0.00000,0.00000,0.00147,0.00594
1403715357.507736206054688,0.00371,0.00011,0.00007,0.00000,0.00013,0.00146,0.00547
1403715357.557736396789551,0.00384,0.00010,0.00004,0.00000,0.00049,0.00145,0.00591
1403715357.607736349105835,0.00356,0.00009,0.00003,0.00000,0.00008,0.00140,0.00515
1403715357.657736301422119,0.00466,0.00010,0.00015,0.00000,0.00025,0.00142,0.00658
1403715357.707736253738403,0.00394,0.00010,0.00003,0.00000,0.00003,0.00141,0.00551
1403715357.757736206054688,0.00463,0.00009,0.00003,0.00000,0.00018,0.00138,0.00631
1403715357.807736396789551,0.00405,0.00009,0.00015,0.00000,0.00002,0.00145,0.00577
1403715357.857736349105835,0.00398,0.00010,0.00006,0.00000,0.00003,0.00143,0.00560
1403715357.907736301422119,0.00363,0.00010,0.00005,0.00000,0.00032,0.00146,0.00556
1403715357.957736253738403,0.00362,0.00009,0.00009,0.00000,0.00030,0.00146,0.00556
1403715358.007736206054688,0.00483,0.00010,0.00005,0.00000,0.00013,0.00144,0.00655
1403715358.057736396789551,0.00411,0.00010,0.00004,0.00000,0.00000,0.00151,0.00577
1403715358.107736349105835,0.00413,0.00010,0.00005,0.00000,0.00014,0.00146,0.00589
1403715358.157736301422119,0.00426,0.00010,0.00005,0.00000,0.00053,0.00146,0.00641
1403715358.207736253738403,0.00389,0.00010,0.00001,0.00000,0.00016,0.00152,0.00567
1403715358.257736206054688,0.00401,0.00009,0.00010,0.00000,0.00024,0.00143,0.00588
1403715358.307736396789551,0.00383,0.00010,0.00005,0.00000,0.00022,0.00140,0.00561
1403715358.357736349105835,0.00372,0.00009,0.00006,0.00000,0.00013,0.00140,0.00539
1403715358.407736301422119,0.00384,0.00010,0.00011,0.00000,0.00002,0.00148,0.00555
1403715358.457736253738403,0.00392,0.00010,0.00005,0.00000,0.00003,0.00152,0.00562
1403715358.507736206054688,0.00378,0.00009,0.00004,0.00000,0.00022,0.00147,0.00560
1403715358.557736396789551,0.00362,0.00009,0.00010,0.00000,0.00032,0.00145,0.00557
1403715358.607736349105835,0.00421,0.00010,0.00008,0.00000,0.00009,0.00147,0.00596
1403715358.657736301422119,0.00401,0.00010,0.00007,0.00000,0.00000,0.00147,0.00565
1403715358.707736253738403,0.00453,0.00010,0.00021,0.00000,0.00010,0.00139,0.00634
1403715358.757736206054688,0.00474,0.00011,0.00012,0.00000,0.00036,0.00139,0.00672
1403715358.807736396789551,0.00481,0.00010,0.00019,0.00000,0.00008,0.00146,0.00664
1403715358.857736349105835,0.00521,0.00011,0.00005,0.00000,0.00014,0.00145,0.00696
1403715358.907736301422119,0.00407,0.00010,0.00008,0.00000,0.00015,0.00150,0.00590
1403715358.957736253738403,0.00484,0.00011,0.00006,0.00000,0.00008,0.00147,0.00657
1403715359.007736206054688,0.00417,0.00010,0.00010,0.00000,0.00000,0.00150,0.00587
1403715359.057736396789551,0.00360,0.00011,0.00006,0.00000,0.00000,0.00147,0.00524
1403715359.107736349105835,0.00478,0.00010,0.00007,0.00000,0.00018,0.00142,0.00655
1403715359.157736301422119,0.00434,0.00012,0.00012,0.00000,0.00033,0.00150,0.00640
1403715359.207736253738403,0.00402,0.00011,0.00005,0.00000,0.00005,0.00149,0.00573
1403715359.257736206054688,0.00409,0.00011,0.00008,0.00000,0.00009,0.00153,0.00590
1403715359.307736396789551,0.00406,0.00011,0.00008,0.00000,0.00028,0.00148,0.00601
1403715359.357736349105835,0.00360,0.00010,0.00003,0.00000,0.00037,0.00141,0.00552
1403715359.407736301422119,0.00378,0.00010,0.00007,0.00000,0.00018,0.00143,0.00554
1403715359.457736253738403,0.00460,0.00009,0.00005,0.00000,0.00032,0.00151,0.00657
1403715359.507736206054688,0.00389,0.00010,0.00007,0.00000,0.00037,0.00151,0.00594
1403715359.557736396789551,0.00387,0.00010,0.00006,0.00000,0.00008,0.00149,0.00560
1403715359.607736349105835,0.00399,0.00010,0.00004,0.00000,0.00000,0.00145,0.00558
1403715359.657736301422119,0.00386,0.00011,0.00003,0.00000,0.00014,0.00148,0.00562
1403715359.707736253738403,0.00395,0.00010,0.00003,0.00000,0.00015,0.00150,0.00573
1403715359.757736206054688,0.00372,0.00009,0.00001,0.00000,0.00033,0.00151,0.00566
1403715359.807736396789551,0.00363,0.00009,0.00001,0.00000,0.00000,0.00141,0.00515
1403715359.857736349105835,0.00378,0.00009,0.00005,0.00000,0.00003,0.00140,0.00536
1403715359.907736301422119,0.00387,0.00009,0.00001,0.00000,0.00046,0.00148,0.00591
1403715359.957736253738403,0.00384,0.00010,0.00005,0.00000,0.00040,0.00147,0.00585
1403715360.007736206054688,0.00380,0.00010,0.00006,0.00000,0.00047,0.00147,0.00591
1403715360.057736396789551,0.00379,0.00011,0.00002,0.00000,0.00032,0.00148,0.00571
1403715360.107736349105835,0.00379,0.00011,0.00005,0.00000,0.00023,0.00151,0.00569
1403715360.157736301422119,0.00376,0.00011,0.00001,0.00000,0.00007,0.00146,0.00540
1403715360.207736253738403,0.00370,0.00010,0.00001,0.00000,0.00000,0.00143,0.00524
1403715360.257736206054688,0.00394,0.00009,0.00001,0.00000,0.00014,0.00145,0.00564
1403715360.307736396789551,0.00359,0.00010,0.00001,0.00000,0.00026,0.00146,0.00542
1403715360.357736349105835,0.00373,0.00010,0.00001,0.00000,0.00032,0.00144,0.00560
1403715360.407736301422119,0.00368,0.00010,0.00003,0.00000,0.00000,0.00147,0.00528
1403715360.457736253738403,0.00455,0.00010,0.00001,0.00000,0.00013,0.00148,0.00627
1403715360.507736206054688,0.00394,0.00010,0.00006,0.00000,0.00025,0.00150,0.00584
1403715360.557736396789551,0.00455,0.00010,0.00008,0.00000,0.00073,0.00148,0.00695
1403715360.607736349105835,0.00386,0.00010,0.00008,0.00000,0.00042,0.00152,0.00599
1403715360.657736301422119,0.00400,0.00010,0.00010,0.00000,0.00009,0.00149,0.00578
1403715360.707736253738403,0.00394,0.00009,0.00009,0.00000,0.00014,0.00148,0.00574
1403715360.757736206054688,0.00518,0.00010,0.00012,0.00000,0.00005,0.00146,0.00692
1403715360.807736396789551,0.00433,0.00009,0.00011,0.00000,0.00000,0.00152,0.00605
1403715360.857736349105835,0.00397,0.00009,0.00010,0.00000,0.00009,0.00143,0.00569
1403715360.907736301422119,0.00475,0.00009,0.00016,0.00000,0.00015,0.00140,0.00655
1403715360.957736253738403,0.00392,0.00010,0.00014,0.00000,0.00031,0.00175,0.00622
1403715361.007736206054688,0.00382,0.00009,0.00003,0.00000,0.00002,0.00148,0.00545
1403715361.057736396789551,0.00395,0.00009,0.00001,0.00000,0.00003,0.00150,0.00557
1403715361.107736349105835,0.00511,0.00009,0.00004,0.00000,0.00026,0.00147,0.00698
1403715361.157735824584961,0.00437,0.00009,0.00011,0.00000,0.00029,0.00153,0.00640
1403715361.207735776901245,0.00437,0.00010,0.00004,0.00000,0.00036,0.00153,0.00640
1403715361.257735729217529,0.00383,0.00011,0.00006,0.00000,0.00008,0.00156,0.00564
1403715361.307736158370972,0.00435,0.00010,0.00020,0.00000,0.00025,0.00152,0.00642
1403715361.357736110687256,0.00413,0.00009,0.00022,0.00000,0.00006,0.00146,0.00596
1403715361.407736063003540,0.00494,0.00009,0.00021,0.00000,0.00000,0.00142,0.00667
1403715361.457736015319824,0.00456,0.00012,0.00007,0.00000,0.00027,0.00133,0.00634
1403715361.507735967636108,0.00431,0.00009,0.00003,0.00000,0.00016,0.00148,0.00607
1403715361.557736158370972,0.00412,0.00010,0.00005,0.00000,0.00015,0.00147,0.00589
1403715361.607736110687256,0.00376,0.00010,0.00003,0.00000,0.00000,0.00144,0.00533
1403715361.657736063003540,0.00364,0.00009,0.00003,0.00000,0.00028,0.00143,0.00548
1403715361.707736015319824,0.00386,0.00009,0.00001,0.00000,0.00018,0.00144,0.00558
1403715361.757735967636108,0.00396,0.00009,0.00004,0.00000,0.00019,0.00148,0.00576
1403715361.807736158370972,0.00372,0.00009,0.00004,0.00000,0.00023,0.00150,0.00559
1403715361.857736110687256,0.00550,0.00009,0.00004,0.00000,0.00007,0.00169,0.00740
1403715361.907736063003540,0.00435,0.00009,0.00010,0.00000,0.00016,0.00149,0.00621
1403715361.957736015319824,0.00651,0.00037,0.00011,0.00000,0.00037,0.00215,0.00951
1403715362.007735967636108,0.00426,0.00010,0.00011,0.00000,0.00025,0.00151,0.00623
1403715362.057736158370972,0.00417,0.00009,0.00004,0.00000,0.00022,0.00154,0.00607
1403715362.107736110687256,0.00421,0.00009,0.00006,0.00000,0.00015,0.00154,0.00604
1403715362.157736063003540,0.00426,0.00009,0.00006,0.00000,0.00016,0.00149,0.00605
1403715362.207736015319824,0.00391,0.00009,0.00014,0.00000,0.00000,0.00151,0.00566
1403715362.257735967636108,0.00390,0.00009,0.00006,0.00000,0.00025,0.00144,0.00574
1403715362.307736158370972,0.00364,0.00009,0.00006,0.00000,0.00006,0.00145,0.00531
1403715362.357736110687256,0.00379,0.00009,0.00004,0.00000,0.00016,0.00144,0.00552
1403715362.407736063003540,0.00599,0.00008,0.00010,0.00000,0.00069,0.00148,0.00834
1403715362.457736015319824,0.00428,0.00009,0.00009,0.00000,0.00007,0.00146,0.00600
1403715362.507735967636108,0.00411,0.00009,0.00010,0.00000,0.00014,0.00151,0.00596
1403715362.557736158370972,0.00362,0.00009,0.00003,0.00000,0.00024,0.00161,0.00559
1403715362.607736110687256,0.00401,0.00009,0.00009,0.00000,0.00018,0.00148,0.00584
1403715362.657736063003540,0.00387,0.00009,0.00004,0.00000,0.00012,0.00143,0.00555
1403715362.707736015319824,0.00383,0.00010,0.00004,0.00000,0.00010,0.00143,0.00550
1403715362.757735967636108,0.00341,0.00009,0.00005,0.00000,0.00012,0.00141,0.00508
1403715362.807736158370972,0.00386,0.00009,0.00004,0.00000,0.00000,0.00143,0.00543
1403715362.857736110687256,0.00539,0.00009,0.00005,0.00000,0.00022,0.00164,0.00739
1403715362.907736063003540,0.00425,0.00009,0.00004,0.00000,0.00000,0.00150,0.00589
1403715362.957736015319824,0.00409,0.00009,0.00005,0.00000,0.00052,0.00171,0.00645
1403715363.007735967636108,0.00392,0.00009,0.00004,0.00000,0.00036,0.00149,0.00590
1403715363.057736158370972,0.00424,0.00010,0.00001,0.00000,0.00000,0.00154,0.00589
1403715363.107736110687256,0.00422,0.00011,0.00001,0.00000,0.00013,0.00155,0.00603
1403715363.157736063003540,0.00417,0.00010,0.00001,0.00000,0.00026,0.00152,0.00607
1403715363.207736015319824,0.00399,0.00009,0.00003,0.00000,0.00015,0.00149,0.00576
1403715363.257735967636108,0.00402,0.00009,0.00003,0.00000,0.00010,0.00146,0.00571
1403715363.307736158370972,0.00388,0.00009,0.00001,0.00000,0.00009,0.00146,0.00552
1403715363.357736110687256,0.00390,0.00010,0.00004,0.00000,0.00013,0.00159,0.00576
1403715363.407736063003540,0.00363,0.00010,0.00015,0.00000,0.00043,0.00148,0.00578
1403715363.457736015319824,0.00359,0.00009,0.00008,0.00000,0.00021,0.00142,0.00540
1403715363.507735967636108,0.00462,0.00009,0.00007,0.00000,0.00000,0.00143,0.00621
1403715363.557736158370972,0.00554,0.00010,0.00005,0.00000,0.00036,0.00178,0.00783
1403715363.607736110687256,0.00440,0.00010,0.00015,0.00000,0.00033,0.00155,0.00653
1403715363.657736063003540,0.00447,0.00010,0.00014,0.00000,0.00000,0.00152,0.00623
1403715363.707735776901245,0.00423,0.00009,0.00013,0.00000,0.00008,0.00152,0.00605
1403715363.757735729217529,0.00399,0.00010,0.00005,0.00000,0.00021,0.00150,0.00584
1403715363.807735919952393,0.00386,0.00008,0.00008,0.00000,0.00013,0.00139,0.00554
1403715363.857735872268677,0.00416,0.00009,0.00009,0.00000,0.00008,0.00150,0.00592
1403715363.907735824584961,0.00562,0.00010,0.00004,0.00000,0.00000,0.00169,0.00745
1403715363.957735776901245,0.00503,0.00009,0.00018,0.00000,0.00003,0.00138,0.00672
1403715364.007735729217529,0.00395,0.00010,0.00016,0.00000,0.00034,0.00147,0.00602
1403715364.057735919952393,0.00405,0.00009,0.00007,0.00000,0.00025,0.00146,0.00592
1403715364.107735872268677,0.00424,0.00010,0.00005,0.00000,0.00038,0.00144,0.00621
1403715364.157735824584961,0.00600,0.00012,0.00006,0.00000,0.00024,0.00169,0.00810
1403715364.207735776901245,0.00436,0.00010,0.00007,0.00000,0.00011,0.00149,0.00614
1403715364.257735729217529,0.00477,0.00010,0.00008,0.00000,0.00000,0.00147,0.00643
1403715364.307735919952393,0.00395,0.00011,0.00003,0.00000,0.00003,0.00155,0.00567
1403715364.357735872268677,0.00408,0.00011,0.00007,0.00000,0.00016,0.00158,0.00599
1403715364.407735824584961,0.00392,0.00011,0.00009,0.00000,0.00003,0.00150,0.00564
1403715364.457735776901245,0.00400,0.00010,0.00004,0.00000,0.00044,0.00148,0.00605
1403715364.507735729217529,0.00372,0.00011,0.00001,0.00000,0.00000,0.00152,0.00536
1403715364.557735919952393,0.00419,0.00010,0.00004,0.00000,0.00000,0.00149,0.00582
1403715364.607735872268677,0.00383,0.00011,0.00004,0.00000,0.00031,0.00151,0.00580
1403715364.657735824584961,0.00390,0.00012,0.00001,0.00000,0.00022,0.00149,0.00573
1403715364.707735776901245,0.00403,0.00009,0.00006,0.00000,0.00070,0.00144,0.00632
1403715364.757735729217529,0.00387,0.00011,0.00004,0.00000,0.00024,0.00149,0.00576
1403715364.807735919952393,0.00378,0.00010,0.00005,0.00000,0.00007,0.00147,0.00548
1403715364.857735872268677,0.00411,0.00010,0.00007,0.00000,0.00000,0.00142,0.00570
1403715364.907735824584961,0.00501,0.00010,0.00006,0.00000,0.00003,0.00167,0.00687
1403715364.957735776901245,0.00410,0.00009,0.00004,0.00000,0.00009,0.00143,0.00576
1403715365.007735729217529,0.00407,0.00010,0.00010,0.00000,0.00005,0.00146,0.00579
1403715365.057735919952393,0.00371,0.00009,0.00004,0.00000,0.00038,0.00148,0.00569
1403715365.107735872268677,0.00368,0.00009,0.00006,0.00000,0.00000,0.00145,0.00527
1403715365.157735824584961,0.00462,0.00012,0.00004,0.00000,0.00000,0.00150,0.00628
1403715365.207735776901245,0.00528,0.00018,0.00014,0.00000,0.00029,0.00150,0.00739
1403715365.257735729217529,0.00426,0.00010,0.00007,0.00000,0.00005,0.00154,0.00603
1403715365.307735919952393,0.00455,0.00013,0.00017,0.00000,0.00064,0.00167,0.00715
1403715365.357735872268677,0.00375,0.00010,0.00004,0.00000,0.00025,0.00151,0.00565
1403715365.407735824584961,0.00353,0.00010,0.00004,0.00000,0.00004,0.00155,0.00526
1403715365.457735776901245,0.00417,0.00011,0.00004,0.00000,0.00020,0.00151,0.00604
1403715365.507735729217529,0.00388,0.00010,0.00006,0.00000,0.00000,0.00151,0.00555
1403715365.557735919952393,0.00385,0.00010,0.00001,0.00000,0.00007,0.00145,0.00548
1403715365.607735872268677,0.00413,0.00009,0.00004,0.00000,0.00000,0.00152,0.00578
1403715365.657735824584961,0.00390,0.00010,0.00006,0.00000,0.00035,0.00148,0.00589
1403715365.707735776901245,0.00389,0.00012,0.00007,0.00000,0.00012,0.00149,0.00568
1403715365.757735729217529,0.00391,0.00009,0.00001,0.00000,0.00046,0.00147,0.00595
1403715365.807735919952393,0.00504,0.00010,0.00011,0.00000,0.00017,0.00166,0.00709
1403715365.857735872268677,0.00418,0.00010,0.00006,0.00000,0.00005,0.00159,0.00597
1403715365.907735824584961,0.00438,0.00008,0.00006,0.00000,0.00060,0.00147,0.00659
1403715365.957735776901245,0.00405,0.00012,0.00013,0.00000,0.00014,0.00172,0.00616
1403715366.007735729217529,0.00397,0.00011,0.00001,0.00000,0.00003,0.00153,0.00564
1403715366.057735919952393,0.00374,0.00010,0.00004,0.00000,0.00016,0.00149,0.00553
1403715366.107735872268677,0.00383,0.00010,0.00001,0.00000,0.00000,0.00149,0.00543
1403715366.157735824584961,0.00373,0.00009,0.00001,0.00000,0.00000,0.00152,0.00536
1403715366.207735776901245,0.00388,0.00010,0.00003,0.00000,0.00000,0.00151,0.00552
1403715366.257735729217529,0.00382,0.00011,0.00005,0.00000,0.00032,0.00150,0.00580
1403715366.307735919952393,0.00371,0.00010,0.00005,0.00000,0.00013,0.00149,0.00548
1403715366.357735872268677,0.00371,0.00011,0.00001,0.00000,0.00096,0.00138,0.00616
1403715366.407735824584961,0.00405,0.00009,0.00004,0.00000,0.00015,0.00148,0.00582
1403715366.457735776901245,0.00369,0.00010,0.00004,0.00000,0.00005,0.00144,0.00531
1403715366.507735729217529,0.00348,0.00010,0.00001,0.00000,0.00059,0.00147,0.00565
1403715366.557735919952393,0.00318,0.00010,0.00003,0.00000,0.00008,0.00149,0.00488
1403715366.607735872268677,0.00328,0.00011,0.00003,0.00000,0.00000,0.00145,0.00487
1403715366.657735824584961,0.00369,0.00010,0.00005,0.00000,0.00013,0.00154,0.00550
1403715366.707735776901245,0.00532,0.00010,0.00001,0.00000,0.00000,0.00154,0.00696
1403715366.757735729217529,0.00428,0.00010,0.00005,0.00000,0.00000,0.00153,0.00596
1403715366.807735919952393,0.00414,0.00009,0.00003,0.00000,0.00000,0.00155,0.00581
1403715366.857735872268677,0.00400,0.00010,0.00003,0.00000,0.00030,0.00160,0.00604
1403715366.907735824584961,0.00412,0.00009,0.00003,0.00000,0.00008,0.00161,0.00594
1403715366.957735776901245,0.00397,0.00010,0.00001,0.00000,0.00074,0.00157,0.00638
1403715367.007735729217529,0.00628,0.00010,0.00001,0.00000,0.00027,0.00237,0.00903
1403715367.057735919952393,0.00390,0.00011,0.00003,0.00000,0.00005,0.00158,0.00566
1403715367.107735872268677,0.00407,0.00010,0.00001,0.00000,0.00057,0.00154,0.00628
1403715367.157735824584961,0.00399,0.00010,0.00003,0.00000,0.00008,0.00160,0.00580
1403715367.207735776901245,0.00397,0.00010,0.00006,0.00000,0.00000,0.00156,0.00569
1403715367.257735729217529,0.00395,0.00009,0.00004,0.00000,0.00070,0.00156,0.00634
1403715367.307735919952393,0.00413,0.00010,0.00001,0.00000,0.00000,0.00157,0.00582
1403715367.357735872268677,0.00382,0.00010,0.00006,0.00000,0.00000,0.00151,0.00549
1403715367.407735824584961,0.00416,0.00013,0.00006,0.00000,0.00000,0.00179,0.00613
1403715367.457735776901245,0.00380,0.00011,0.00003,0.00000,0.00031,0.00170,0.00596
1403715367.507735729217529,0.00383,0.00010,0.00007,0.00000,0.00005,0.00182,0.00586
1403715367.557735919952393,0.00389,0.00010,0.00001,0.00000,0.00060,0.00150,0.00610
1403715367.607735872268677,0.00383,0.00009,0.00004,0.00000,0.00008,0.00147,0.00552
1403715367.657735824584961,0.00375,0.00010,0.00001,0.00000,0.00006,0.00152,0.00544
1403715367.707735776901245,0.00380,0.00011,0.00001,0.00000,0.00052,0.00150,0.00595
1403715367.757735729217529,0.00380,0.00010,0.00001,0.00000,0.00006,0.00148,0.00545
1403715367.807735919952393,0.00378,0.00010,0.00006,0.00000,0.00000,0.00149,0.00543
1403715367.857735872268677,0.00379,0.00010,0.00001,0.00000,0.00062,0.00148,0.00600
1403715367.907735824584961,0.00364,0.00011,0.00004,0.00000,0.00000,0.00147,0.00526
1403715367.957735776901245,0.00377,0.00010,0.00002,0.00000,0.00000,0.00151,0.00540
1403715368.007735729217529,0.00382,0.00011,0.00004,0.00000,0.00000,0.00146,0.00542
1403715368.057735919952393,0.00376,0.00009,0.00006,0.00000,0.00032,0.00158,0.00581
1403715368.107735872268677,0.00486,0.00011,0.00007,0.00000,0.00006,0.00143,0.00653
1403715368.157735824584961,0.00418,0.00010,0.00005,0.00000,0.00053,0.00141,0.00627
1403715368.207735776901245,0.00361,0.00010,0.00005,0.00000,0.00006,0.00151,0.00533
1403715368.257735729217529,0.00381,0.00011,0.00006,0.00000,0.00005,0.00148,0.00550
1403715368.307735919952393,0.00378,0.00009,0.00005,0.00000,0.00045,0.00147,0.00584
1403715368.357735872268677,0.00435,0.00008,0.00001,0.00000,0.00000,0.00156,0.00600
1403715368.407735824584961,0.00365,0.00010,0.00001,0.00000,0.00000,0.00145,0.00521
1403715368.457735776901245,0.00384,0.00009,0.00004,0.00000,0.00041,0.00144,0.00583
1403715368.507735729217529,0.00410,0.00010,0.00003,0.00000,0.00000,0.00154,0.00578
1403715368.557735919952393,0.00381,0.00010,0.00004,0.00000,0.00000,0.00154,0.00550
1403715368.607735872268677,0.00371,0.00013,0.00001,0.00000,0.00000,0.00149,0.00533
1403715368.657735824584961,0.00361,0.00010,0.00001,0.00000,0.00077,0.00140,0.00590
1403715368.707735776901245,0.00374,0.00011,0.00001,0.00000,0.00006,0.00149,0.00541
1403715368.757735729217529,0.00371,0.00013,0.00005,0.00000,0.00049,0.00151,0.00589
1403715368.807735919952393,0.00371,0.00010,0.00001,0.00000,0.00007,0.00146,0.00535
1403715368.857735872268677,0.00432,0.00009,0.00008,0.00000,0.00003,0.00148,0.00601
1403715368.907735824584961,0.00390,0.00009,0.00006,0.00000,0.00038,0.00150,0.00593
1403715368.957735776901245,0.00391,0.00014,0.00004,0.00000,0.00000,0.00185,0.00595
1403715369.007735729217529,0.00382,0.00011,0.00003,0.00000,0.00000,0.00140,0.00536
1403715369.057735919952393,0.00352,0.00009,0.00001,0.00000,0.00041,0.00163,0.00566
1403715369.107735872268677,0.00403,0.00011,0.00001,0.00000,0.00000,0.00150,0.00564
1403715369.157735824584961,0.00385,0.00013,0.00001,0.00000,0.00000,0.00145,0.00544
1403715369.207735776901245,0.00380,0.00009,0.00001,0.00000,0.00000,0.00149,0.00539
1403715369.257735729217529,0.00374,0.00010,0.00005,0.00000,0.00062,0.00145,0.00597
1403715369.307735919952393,0.00407,0.00010,0.00004,0.00000,0.00005,0.00154,0.00581
1403715369.357735872268677,0.00366,0.00010,0.00001,0.00000,0.00049,0.00138,0.00564
1403715369.407735824584961,0.00458,0.00009,0.00010,0.00000,0.00023,0.00139,0.00639
1403715369.457735776901245,0.00395,0.00009,0.00002,0.00000,0.00003,0.00147,0.00556
1403715369.507735729217529,0.00389,0.00009,0.00007,0.00000,0.00033,0.00149,0.00587
1403715369.557735919952393,0.00383,0.00010,0.00003,0.00000,0.00000,0.00143,0.00539
1403715369.607735872268677,0.00410,0.00010,0.00004,0.00000,0.00000,0.00143,0.00568
1403715369.657735824584961,0.00375,0.00009,0.00007,0.00000,0.00036,0.00136,0.00563
1403715369.707735776901245,0.00389,0.00009,0.00004,0.00000,0.00000,0.00147,0.00549
1403715369.757735729217529,0.00525,0.00011,0.00003,0.00000,0.00000,0.00151,0.00690
1403715369.807735919952393,0.00380,0.00012,0.00002,0.00000,0.00000,0.00173,0.00567
1403715369.857735872268677,0.00421,0.00011,0.00008,0.00000,0.00056,0.00154,0.00649
1403715369.907735824584961,0.00402,0.00010,0.00001,0.00000,0.00006,0.00159,0.00577
1403715369.957735776901245,0.00399,0.00010,0.00001,0.00000,0.00074,0.00158,0.00641
1403715370.007735729217529,0.00396,0.00010,0.00004,0.00000,0.00020,0.00156,0.00586
1403715370.057735919952393,0.00474,0.00010,0.00001,0.00000,0.00003,0.00152,0.00640
1403715370.107735872268677,0.00397,0.00010,0.00004,0.00000,0.00035,0.00149,0.00595
1403715370.157735824584961,0.00376,0.00008,0.00004,0.00000,0.00000,0.00149,0.00537
1403715370.207735776901245,0.00452,0.00009,0.00001,0.00000,0.00000,0.00150,0.00612
1403715370.257735729217529,0.00390,0.00010,0.00005,0.00000,0.00024,0.00151,0.00579
1403715370.307735919952393,0.00392,0.00009,0.00004,0.00000,0.00052,0.00150,0.00606
1403715370.357735872268677,0.00409,0.00009,0.00004,0.00000,0.00000,0.00149,0.00572
1403715370.407735824584961,0.00414,0.00010,0.00003,0.00000,0.00000,0.00142,0.00570
1403715370.457735776901245,0.00426,0.00009,0.00004,0.00000,0.00041,0.00145,0.00626
1403715370.507735729217529,0.00404,0.00012,0.00004,0.00000,0.00005,0.00154,0.00579
1403715370.557735919952393,0.00382,0.00009,0.00001,0.00000,0.00065,0.00143,0.00600
1403715370.607735872268677,0.00400,0.00011,0.00001,0.00000,0.00019,0.00164,0.00594
1403715370.657735824584961,0.00394,0.00010,0.00004,0.00000,0.00000,0.00153,0.00561
1403715370.707735776901245,0.00375,0.00009,0.00001,0.00000,0.00034,0.00147,0.00566
1403715370.757735729217529,0.00387,0.00010,0.00003,0.00000,0.00000,0.00152,0.00552
1403715370.807735919952393,0.00362,0.00011,0.00004,0.00000,0.00000,0.00143,0.00519
1403715370.857735872268677,0.00374,0.00011,0.00005,0.00000,0.00024,0.00140,0.00554
1403715370.907735824584961,0.00369,0.00009,0.00001,0.00000,0.00057,0.00156,0.00592
1403715370.957735776901245,0.00344,0.00011,0.00001,0.00000,0.00000,0.00191,0.00548
1403715371.007735729217529,0.00386,0.00010,0.00001,0.00000,0.00000,0.00151,0.00548
1403715371.057735919952393,0.00395,0.00010,0.00001,0.00000,0.00044,0.00152,0.00602
1403715371.107735872268677,0.00390,0.00011,0.00005,0.00000,0.00005,0.00150,0.00562
1403715371.157735824584961,0.00384,0.00011,0.00004,0.00000,0.00057,0.00149,0.00604
1403715371.207735776901245,0.00395,0.00011,0.00001,0.00000,0.00016,0.00148,0.00570
1403715371.257735729217529,0.00386,0.00009,0.00004,0.00000,0.00000,0.00145,0.00545
1403715371.307735919952393,0.00374,0.00010,0.00007,0.00000,0.00026,0.00142,0.00558
1403715371.357735872268677,0.00387,0.00009,0.00003,0.00000,0.00000,0.00144,0.00543
1403715371.407735824584961,0.00481,0.00010,0.00001,0.00000,0.00000,0.00151,0.00643
1403715371.457735776901245,0.00420,0.00009,0.00006,0.00000,0.00023,0.00147,0.00606
1403715371.507735729217529,0.00410,0.00010,0.00008,0.00000,0.00038,0.00151,0.00618
1403715371.557735919952393,0.00418,0.00010,0.00005,0.00000,0.00000,0.00150,0.00583
1403715371.607735872268677,0.00371,0.00012,0.00007,0.00000,0.00000,0.00150,0.00539
1403715371.657735824584961,0.00377,0.00012,0.00011,0.00000,0.00030,0.00151,0.00580
1403715371.707735776901245,0.00368,0.00012,0.00004,0.00000,0.00006,0.00148,0.00539
1403715371.757735729217529,0.00364,0.00009,0.00003,0.00000,0.00050,0.00141,0.00568
1403715371.807735919952393,0.00525,0.00011,0.00001,0.00000,0.00012,0.00144,0.00693
1403715371.857735872268677,0.00412,0.00010,0.00007,0.00000,0.00000,0.00146,0.00575
1403715371.907735824584961,0.00411,0.00010,0.00010,0.00000,0.00023,0.00141,0.00596
1403715371.957735776901245,0.00398,0.00010,0.00004,0.00000,0.00029,0.00147,0.00587
1403715372.007735729217529,0.00395,0.00009,0.00005,0.00000,0.00000,0.00143,0.00552
1403715372.057735919952393,0.00452,0.00010,0.00007,0.00000,0.00017,0.00140,0.00626
1403715372.107735872268677,0.00329,0.00009,0.00004,0.00000,0.00018,0.00142,0.00502
1403715372.157735824584961,0.00367,0.00009,0.00007,0.00000,0.00000,0.00142,0.00526
1403715372.207735776901245,0.00388,0.00011,0.00004,0.00000,0.00000,0.00138,0.00540
1403715372.257735729217529,0.00357,0.00008,0.00005,0.00000,0.00019,0.00142,0.00532
1403715372.307735919952393,0.00362,0.00009,0.00005,0.00000,0.00005,0.00139,0.00519
1403715372.357735872268677,0.00320,0.00010,0.00005,0.00000,0.00086,0.00151,0.00571
1403715372.407735824584961,0.00434,0.00009,0.00001,0.00000,0.00012,0.00151,0.00606
1403715372.457735776901245,0.00467,0.00010,0.00007,0.00000,0.00000,0.00150,0.00634
1403715372.507735729217529,0.00426,0.00010,0.00014,0.00000,0.00023,0.00146,0.00618
1403715372.557735919952393,0.00392,0.00010,0.00003,0.00000,0.00019,0.00140,0.00563
1403715372.607735872268677,0.00381,0.00010,0.00009,0.00000,0.00000,0.00146,0.00546
1403715372.657735824584961,0.00398,0.00010,0.00004,0.00000,0.00013,0.00140,0.00566
1403715372.707735776901245,0.00362,0.00010,0.00004,0.00000,0.00016,0.00139,0.00531
1403715372.757735729217529,0.00440,0.00010,0.00004,0.00000,0.00000,0.00143,0.00597
1403715372.807735919952393,0.00405,0.00010,0.00005,0.00000,0.00000,0.00144,0.00565
1403715372.857735872268677,0.00398,0.00010,0.00004,0.00000,0.00019,0.00149,0.00579
1403715372.907735824584961,0.00385,0.00011,0.00008,0.00000,0.00002,0.00151,0.00558
1403715372.957735776901245,0.00388,0.00011,0.00001,0.00000,0.00088,0.00145,0.00633
1403715373.007735729217529,0.00384,0.00010,0.00005,0.00000,0.00038,0.00147,0.00584
1403715373.057735919952393,0.00426,0.00011,0.00001,0.00000,0.00000,0.00143,0.00581
1403715373.107735872268677,0.00393,0.00010,0.00004,0.00000,0.00023,0.00147,0.00577
1403715373.157735824584961,0.00388,0.00010,0.00007,0.00000,0.00006,0.00141,0.00553
1403715373.207735776901245,0.00476,0.00010,0.00009,0.00000,0.00000,0.00148,0.00644
1403715373.257735729217529,0.00383,0.00010,0.00007,0.00000,0.00003,0.00143,0.00546
1403715373.307735919952393,0.00348,0.00010,0.00006,0.00000,0.00043,0.00144,0.00551
1403715373.357735872268677,0.00384,0.00009,0.00005,0.00000,0.00000,0.00147,0.00545
1403715373.407735824584961,0.00505,0.00009,0.00006,0.00000,0.00000,0.00146,0.00667
1403715373.457735776901245,0.00385,0.00012,0.00011,0.00000,0.00008,0.00149,0.00566
1403715373.507735729217529,0.00399,0.00010,0.00005,0.00000,0.00002,0.00145,0.00561
1403715373.557735919952393,0.00410,0.00010,0.00006,0.00000,0.00069,0.00146,0.00640
1403715373.607735872268677,0.00385,0.00009,0.00005,0.00000,0.00031,0.00147,0.00577
1403715373.657735824584961,0.00391,0.00010,0.00008,0.00000,0.00000,0.00148,0.00557
1403715373.707735776901245,0.00392,0.00010,0.00006,0.00000,0.00008,0.00141,0.00556
1403715373.757735729217529,0.00480,0.00010,0.00010,0.00000,0.00026,0.00139,0.00666
1403715373.807735919952393,0.00418,0.00010,0.00010,0.00000,0.00000,0.00148,0.00586
1403715373.857735872268677,0.00397,0.00009,0.00004,0.00000,0.00003,0.00136,0.00550
1403715373.907735824584961,0.00396,0.00009,0.00005,0.00000,0.00023,0.00145,0.00578
1403715373.957735776901245,0.00398,0.00010,0.00001,0.00000,0.00028,0.00140,0.00576
1403715374.007735729217529,0.00394,0.00009,0.00008,0.00000,0.00000,0.00140,0.00551
1403715374.057735919952393,0.00394,0.00010,0.00004,0.00000,0.00005,0.00141,0.00554
1403715374.107735872268677,0.00447,0.00009,0.00005,0.00000,0.00002,0.00144,0.00607
1403715374.157735824584961,0.00392,0.00009,0.00003,0.00000,0.00058,0.00138,0.00600
1403715374.207735776901245,0.00419,0.00009,0.00006,0.00000,0.00022,0.00146,0.00602
1403715374.257735729217529,0.00391,0.00010,0.00003,0.00000,0.00000,0.00147,0.00552
1403715374.307735919952393,0.00368,0.00009,0.00007,0.00000,0.00044,0.00145,0.00574
1403715374.357735872268677,0.00394,0.00009,0.00003,0.00000,0.00023,0.00149,0.00577
1403715374.407735824584961,0.00332,0.00009,0.00004,0.00000,0.00000,0.00142,0.00488
1403715374.457735776901245,0.00516,0.00010,0.00007,0.00000,0.00002,0.00143,0.00677
1403715374.507735729217529,0.00397,0.00010,0.00007,0.00000,0.00007,0.00146,0.00566
1403715374.557735919952393,0.00386,0.00009,0.00006,0.00000,0.00020,0.00139,0.00560
1403715374.607735872268677,0.00377,0.00010,0.00005,0.00000,0.00000,0.00148,0.00541
1403715374.657735824584961,0.00376,0.00010,0.00006,0.00000,0.00027,0.00144,0.00563
1403715374.707735776901245,0.00362,0.00009,0.00008,0.00000,0.00002,0.00144,0.00526
1403715374.757735729217529,0.00420,0.00009,0.00005,0.00000,0.00039,0.00145,0.00618
1403715374.807735919952393,0.00373,0.00010,0.00002,0.00000,0.00021,0.00148,0.00554
1403715374.857735872268677,0.00382,0.00011,0.00004,0.00000,0.00000,0.00145,0.00542
1403715374.907735824584961,0.00381,0.00010,0.00006,0.00000,0.00032,0.00142,0.00571
1403715374.957735776901245,0.00359,0.00011,0.00003,0.00000,0.00021,0.00146,0.00540
1403715375.007735729217529,0.00450,0.00009,0.00001,0.00000,0.00041,0.00139,0.00640
1403715375.057735919952393,0.00398,0.00010,0.00008,0.00000,0.00002,0.00137,0.00555
1403715375.107735872268677,0.00384,0.00009,0.00008,0.00000,0.00007,0.00141,0.00549
1403715375.157735824584961,0.00389,0.00009,0.00011,0.00000,0.00008,0.00145,0.00562
1403715375.207735776901245,0.00392,0.00010,0.00007,0.00000,0.00000,0.00170,0.00578
1403715375.257735729217529,0.00453,0.00009,0.00001,0.00000,0.00025,0.00138,0.00626
1403715375.307735919952393,0.00366,0.00010,0.00009,0.00000,0.00008,0.00147,0.00540
1403715375.357735872268677,0.00414,0.00010,0.00012,0.00000,0.00031,0.00139,0.00605
1403715375.407735824584961,0.00412,0.00010,0.00004,0.00000,0.00010,0.00147,0.00583
1403715375.457735776901245,0.00399,0.00011,0.00006,0.00000,0.00000,0.00144,0.00559
1403715375.507735729217529,0.00422,0.00009,0.00006,0.00000,0.00029,0.00145,0.00611
1403715375.557735919952393,0.00378,0.00009,0.00006,0.00000,0.00040,0.00138,0.00572
1403715375.607735872268677,0.00386,0.00009,0.00005,0.00000,0.00029,0.00141,0.00570
1403715375.657735824584961,0.00414,0.00009,0.00002,0.00000,0.00003,0.00140,0.00568
1403715375.707735776901245,0.00379,0.00012,0.00003,0.00000,0.00007,0.00141,0.00541
1403715375.757735729217529,0.00345,0.00008,0.00004,0.00000,0.00005,0.00136,0.00499
1403715375.807735919952393,0.00411,0.00009,0.00008,0.00000,0.00011,0.00141,0.00581
1403715375.857735872268677,0.00382,0.00009,0.00004,0.00000,0.00020,0.00136,0.00551
1403715375.907735824584961,0.00414,0.00009,0.00011,0.00000,0.00006,0.00140,0.00579
1403715375.957736015319824,0.00477,0.00010,0.00014,0.00000,0.00021,0.00182,0.00703
1403715376.007735967636108,0.00392,0.00009,0.00008,0.00000,0.00016,0.00140,0.00565
1403715376.057736158370972,0.00392,0.00008,0.00010,0.00000,0.00000,0.00139,0.00550
1403715376.107736110687256,0.00426,0.00009,0.00008,0.00000,0.00025,0.00143,0.00610
1403715376.157736063003540,0.00425,0.00010,0.00006,0.00000,0.00018,0.00137,0.00596
1403715376.207736015319824,0.00392,0.00009,0.00006,0.00000,0.00020,0.00137,0.00565
1403715376.257735967636108,0.00442,0.00009,0.00007,0.00000,0.00009,0.00138,0.00605
1403715376.307736158370972,0.00399,0.00009,0.00005,0.00000,0.00007,0.00137,0.00558
1403715376.357736110687256,0.00447,0.00009,0.00012,0.00000,0.00010,0.00151,0.00631
1403715376.407736063003540,0.00391,0.00010,0.00012,0.00000,0.00017,0.00134,0.00564
1403715376.457736015319824,0.00428,0.00009,0.00005,0.00000,0.00018,0.00135,0.00595
1403715376.507735967636108,0.00453,0.00010,0.00006,0.00000,0.00007,0.00138,0.00615
1403715376.557736158370972,0.00413,0.00009,0.00006,0.00000,0.00013,0.00135,0.00575
1403715376.607736110687256,0.00410,0.00009,0.00010,0.00000,0.00011,0.00135,0.00576
1403715376.657736063003540,0.00366,0.00009,0.00003,0.00000,0.00000,0.00168,0.00546
1403715376.707736015319824,0.00371,0.00009,0.00004,0.00000,0.00032,0.00137,0.00553
1403715376.757735967636108,0.00425,0.00009,0.00005,0.00000,0.00014,0.00140,0.00593
1403715376.807736158370972,0.00420,0.00010,0.00006,0.00000,0.00033,0.00139,0.00607
1403715376.857736110687256,0.00408,0.00009,0.00006,0.00000,0.00007,0.00140,0.00570
1403715376.907736063003540,0.00379,0.00010,0.00003,0.00000,0.00018,0.00143,0.00553
1403715376.957736015319824,0.00444,0.00009,0.00011,0.00000,0.00007,0.00144,0.00615
1403715377.007735967636108,0.00378,0.00011,0.00011,0.00000,0.00027,0.00142,0.00570
1403715377.057736158370972,0.00457,0.00008,0.00007,0.00000,0.00011,0.00221,0.00704
1403715377.107736110687256,0.00517,0.00010,0.00009,0.00000,0.00007,0.00162,0.00705
1403715377.157736063003540,0.00413,0.00015,0.00009,0.00000,0.00013,0.00139,0.00590
1403715377.207736015319824,0.00516,0.00010,0.00005,0.00000,0.00010,0.00167,0.00708
1403715377.257735967636108,0.00396,0.00010,0.00002,0.00000,0.00006,0.00144,0.00558
1403715377.307736158370972,0.00402,0.00010,0.00006,0.00000,0.00039,0.00137,0.00594
1403715377.357736110687256,0.00397,0.00014,0.00008,0.00000,0.00031,0.00161,0.00611
1403715377.407736063003540,0.00385,0.00012,0.00008,0.00000,0.00028,0.00138,0.00572
1403715377.457736015319824,0.00553,0.00009,0.00005,0.00000,0.00005,0.00165,0.00738
1403715377.507735967636108,0.00430,0.00010,0.00008,0.00000,0.00026,0.00141,0.00615
1403715377.557736158370972,0.00384,0.00008,0.00006,0.00000,0.00004,0.00141,0.00543
1403715377.607736110687256,0.00390,0.00009,0.00005,0.00000,0.00030,0.00141,0.00576
1403715377.657736063003540,0.00384,0.00009,0.00004,0.00000,0.00010,0.00141,0.00550
1403715377.707736015319824,0.00400,0.00009,0.00004,0.00000,0.00004,0.00142,0.00559
1403715377.757735967636108,0.00449,0.00010,0.00005,0.00000,0.00020,0.00139,0.00624
1403715377.807736158370972,0.00405,0.00010,0.00007,0.00000,0.00010,0.00146,0.00578
1403715377.857736110687256,0.00406,0.00010,0.00005,0.00000,0.00005,0.00145,0.00572
1403715377.907736063003540,0.00408,0.00009,0.00011,0.00000,0.00028,0.00142,0.00597
1403715377.957736015319824,0.00472,0.00011,0.00005,0.00000,0.00013,0.00140,0.00643
1403715378.007735967636108,0.00398,0.00009,0.00008,0.00000,0.00054,0.00143,0.00611
1403715378.057736158370972,0.00393,0.00010,0.00005,0.00000,0.00005,0.00151,0.00563
1403715378.107736110687256,0.00390,0.00010,0.00005,0.00000,0.00021,0.00148,0.00574
1403715378.157736063003540,0.00363,0.00009,0.00005,0.00000,0.00002,0.00139,0.00519
1403715378.207736015319824,0.00424,0.00012,0.00006,0.00000,0.00018,0.00143,0.00603
1403715378.257735967636108,0.00452,0.00011,0.00004,0.00000,0.00008,0.00141,0.00615
1403715378.307736158370972,0.00379,0.00009,0.00006,0.00000,0.00024,0.00142,0.00560
1403715378.357736110687256,0.00515,0.00009,0.00007,0.00000,0.00013,0.00163,0.00707
1403715378.407736063003540,0.00405,0.00010,0.00007,0.00000,0.00009,0.00142,0.00573
1403715378.457736015319824,0.00374,0.00010,0.00006,0.00000,0.00004,0.00145,0.00540
1403715378.507735967636108,0.00445,0.00008,0.00005,0.00000,0.00041,0.00146,0.00645
1403715378.557736158370972,0.00401,0.00010,0.00010,0.00000,0.00010,0.00146,0.00576
1403715378.607736110687256,0.00388,0.00009,0.00002,0.00000,0.00039,0.00153,0.00591
1403715378.657736063003540,0.00386,0.00009,0.00005,0.00000,0.00003,0.00148,0.00551
1403715378.707736015319824,0.00370,0.00010,0.00001,0.00000,0.00018,0.00146,0.00546
1403715378.757735967636108,0.00396,0.00009,0.00001,0.00000,0.00003,0.00146,0.00555
1403715378.807736158370972,0.00389,0.00011,0.00006,0.00000,0.00025,0.00145,0.00576
1403715378.857736110687256,0.00390,0.00010,0.00001,0.00000,0.00007,0.00143,0.00551
1403715378.907736063003540,0.00333,0.00010,0.00004,0.00000,0.00050,0.00166,0.00563
1403715378.957736015319824,0.00364,0.00011,0.00002,0.00000,0.00017,0.00147,0.00541
1403715379.007735967636108,0.00367,0.00009,0.00003,0.00000,0.00005,0.00146,0.00530
1403715379.057736158370972,0.00394,0.00010,0.00006,0.00000,0.00023,0.00140,0.00573
1403715379.107736110687256,0.00505,0.00011,0.00006,0.00000,0.00036,0.00160,0.00717
1403715379.157736063003540,0.00399,0.00009,0.00004,0.00000,0.00009,0.00152,0.00574
1403715379.207736015319824,0.00414,0.00011,0.00001,0.00000,0.00038,0.00153,0.00616
1403715379.257735967636108,0.00390,0.00010,0.00003,0.00000,0.00000,0.00154,0.00558
1403715379.307736158370972,0.00401,0.00010,0.00001,0.00000,0.00014,0.00153,0.00579
1403715379.357736110687256,0.00417,0.00010,0.00001,0.00000,0.00003,0.00155,0.00586
1403715379.407736063003540,0.00410,0.00010,0.00004,0.00000,0.00023,0.00153,0.00599
1403715379.457736015319824,0.00416,0.00011,0.00001,0.00000,0.00007,0.00155,0.00589
1403715379.507735967636108,0.00411,0.00011,0.00004,0.00000,0.00041,0.00148,0.00614
1403715379.557736158370972,0.00390,0.00010,0.00001,0.00000,0.00015,0.00148,0.00565
1403715379.607736110687256,0.00406,0.00010,0.00005,0.00000,0.00005,0.00166,0.00593
1403715379.657736063003540,0.00419,0.00011,0.00004,0.00000,0.00073,0.00150,0.00657
1403715379.707736015319824,0.00406,0.00009,0.00001,0.00000,0.00035,0.00154,0.00606
1403715379.757735967636108,0.00423,0.00012,0.00005,0.00000,0.00007,0.00152,0.00599
1403715379.807736158370972,0.00405,0.00010,0.00004,0.00000,0.00033,0.00151,0.00602
1403715379.857736110687256,0.00402,0.00010,0.00006,0.00000,0.00000,0.00147,0.00565
1403715379.907736063003540,0.00414,0.00011,0.00004,0.00000,0.00011,0.00146,0.00586
1403715379.957736015319824,0.00412,0.00011,0.00004,0.00000,0.00002,0.00143,0.00572
1403715380.007735967636108,0.00498,0.00011,0.00006,0.00000,0.00024,0.00168,0.00708
1403715380.057736158370972,0.00415,0.00009,0.00012,0.00000,0.00003,0.00146,0.00585
1403715380.107736110687256,0.00414,0.00009,0.00006,0.00000,0.00036,0.00142,0.00607
1403715380.157736063003540,0.00395,0.00010,0.00003,0.00000,0.00013,0.00149,0.00570
1403715380.207736015319824,0.00394,0.00010,0.00001,0.00000,0.00006,0.00152,0.00562
1403715380.257735967636108,0.00397,0.00009,0.00004,0.00000,0.00046,0.00149,0.00604
1403715380.307736158370972,0.00402,0.00010,0.00004,0.00000,0.00029,0.00143,0.00587
1403715380.357736110687256,0.00383,0.00010,0.00001,0.00000,0.00008,0.00148,0.00550
1403715380.407736063003540,0.00364,0.00009,0.00005,0.00000,0.00027,0.00142,0.00547
1403715380.457736015319824,0.00398,0.00009,0.00008,0.00000,0.00000,0.00150,0.00564
1403715380.507735967636108,0.00549,0.00010,0.00005,0.00000,0.00007,0.00174,0.00746
1403715380.557736158370972,0.00437,0.00010,0.00006,0.00000,0.00041,0.00151,0.00645
1403715380.607736110687256,0.00457,0.00010,0.00008,0.00000,0.00016,0.00153,0.00645
1403715380.657736063003540,0.00413,0.00010,0.00009,0.00000,0.00000,0.00154,0.00587
1403715380.707736015319824,0.00425,0.00009,0.00008,0.00000,0.00020,0.00146,0.00608
1403715380.757735967636108,0.00412,0.00009,0.00012,0.00000,0.00012,0.00149,0.00594
1403715380.807736158370972,0.00401,0.00010,0.00006,0.00000,0.00004,0.00148,0.00570
1403715380.857736110687256,0.00400,0.00010,0.00006,0.00000,0.00030,0.00144,0.00590
1403715380.907736063003540,0.00380,0.00010,0.00003,0.00000,0.00030,0.00144,0.00567
1403715380.957736015319824,0.00384,0.00009,0.00004,0.00000,0.00000,0.00158,0.00554
1403715381.007735967636108,0.00567,0.00011,0.00007,0.00000,0.00025,0.00172,0.00782
1403715381.057736158370972,0.00435,0.00010,0.00006,0.00000,0.00048,0.00150,0.00649
1403715381.107736110687256,0.00417,0.00010,0.00005,0.00000,0.00000,0.00148,0.00581
1403715381.157736063003540,0.00398,0.00010,0.00005,0.00000,0.00042,0.00141,0.00597
1403715381.207736015319824,0.00374,0.00010,0.00007,0.00000,0.00009,0.00165,0.00564
1403715381.257735967636108,0.00398,0.00009,0.00001,0.00000,0.00000,0.00148,0.00556
1403715381.307736158370972,0.00398,0.00009,0.00005,0.00000,0.00014,0.00143,0.00569
1403715381.357736110687256,0.00386,0.00010,0.00001,0.00000,0.00011,0.00142,0.00550
1403715381.407736063003540,0.00391,0.00009,0.00004,0.00000,0.00000,0.00141,0.00545
1403715381.457736015319824,0.00447,0.00009,0.00008,0.00000,0.00029,0.00143,0.00636
1403715381.507735967636108,0.00403,0.00009,0.00009,0.00000,0.00019,0.00151,0.00591
1403715381.557736158370972,0.00380,0.00010,0.00004,0.00000,0.00039,0.00146,0.00580
1403715381.607736110687256,0.00526,0.00009,0.00002,0.00000,0.00026,0.00185,0.00748
1403715381.657736063003540,0.00424,0.00009,0.00012,0.00000,0.00042,0.00155,0.00642
1403715381.707736015319824,0.00417,0.00009,0.00006,0.00000,0.00000,0.00156,0.00589
1403715381.757735967636108,0.00418,0.00010,0.00007,0.00000,0.00041,0.00147,0.00623
1403715381.807736158370972,0.00399,0.00010,0.00005,0.00000,0.00005,0.00154,0.00573
1403715381.857736110687256,0.00390,0.00009,0.00004,0.00000,0.00000,0.00151,0.00555
1403715381.907736063003540,0.00413,0.00009,0.00005,0.00000,0.00011,0.00149,0.00586
1403715381.957736015319824,0.00393,0.00011,0.00005,0.00000,0.00007,0.00149,0.00565
1403715382.007735967636108,0.00422,0.00011,0.00001,0.00000,0.00020,0.00156,0.00609
1403715382.057736158370972,0.00412,0.00010,0.00005,0.00000,0.00028,0.00152,0.00608
1403715382.107736110687256,0.00419,0.00012,0.00001,0.00000,0.00012,0.00152,0.00595
1403715382.157736063003540,0.00417,0.00010,0.00005,0.00000,0.00063,0.00151,0.00647
1403715382.207736015319824,0.00403,0.00010,0.00001,0.00000,0.00025,0.00150,0.00589
1403715382.257735967636108,0.00412,0.00011,0.00001,0.00000,0.00042,0.00150,0.00615
1403715382.307736158370972,0.00406,0.00011,0.00004,0.00000,0.00000,0.00148,0.00569
1403715382.357736110687256,0.00398,0.00010,0.00005,0.00000,0.00030,0.00145,0.00587
1403715382.407736063003540,0.00392,0.00009,0.00005,0.00000,0.00006,0.00139,0.00550
1403715382.457736015319824,0.00380,0.00010,0.00004,0.00000,0.00000,0.00152,0.00545
1403715382.507735967636108,0.00543,0.00009,0.00001,0.00000,0.00012,0.00169,0.00735
1403715382.557736158370972,0.00391,0.00009,0.00004,0.00000,0.00004,0.00148,0.00556
1403715382.607736110687256,0.00413,0.00009,0.00001,0.00000,0.00018,0.00152,0.00594
1403715382.657736063003540,0.00423,0.00009,0.00005,0.00000,0.00026,0.00157,0.00620
1403715382.707736015319824,0.00409,0.00010,0.00001,0.00000,0.00010,0.00156,0.00585
1403715382.757735967636108,0.00419,0.00009,0.00004,0.00000,0.00047,0.00151,0.00630
1403715382.807736158370972,0.00394,0.00009,0.00001,0.00000,0.00022,0.00149,0.00575
1403715382.857736110687256,0.00426,0.00010,0.00006,0.00000,0.00037,0.00155,0.00634
1403715382.907736063003540,0.00409,0.00009,0.00001,0.00000,0.00000,0.00148,0.00566
1403715382.957736015319824,0.00408,0.00009,0.00001,0.00000,0.00033,0.00155,0.00606
1403715383.007735967636108,0.00411,0.00010,0.00001,0.00000,0.00005,0.00153,0.00580
1403715383.057736158370972,0.00406,0.00010,0.00001,0.00000,0.00038,0.00154,0.00609
1403715383.107736110687256,0.00386,0.00009,0.00001,0.00000,0.00010,0.00146,0.00552
1403715383.157736063003540,0.00414,0.00010,0.00001,0.00000,0.00005,0.00151,0.00581
1403715383.207736015319824,0.00398,0.00009,0.00001,0.00000,0.00018,0.00150,0.00577
1403715383.257735967636108,0.00406,0.00009,0.00001,0.00000,0.00027,0.00149,0.00592
1403715383.307736158370972,0.00393,0.00009,0.00001,0.00000,0.00010,0.00151,0.00563
1403715383.357736110687256,0.00395,0.00009,0.00001,0.00000,0.00050,0.00147,0.00602
1403715383.407736063003540,0.00391,0.00009,0.00001,0.00000,0.00023,0.00146,0.00570
1403715383.457736015319824,0.00353,0.00009,0.00001,0.00000,0.00035,0.00171,0.00568
1403715383.507735967636108,0.00382,0.00010,0.00001,0.00000,0.00000,0.00146,0.00539
1403715383.557736158370972,0.00417,0.00010,0.00006,0.00000,0.00030,0.00152,0.00615
1403715383.607736110687256,0.00441,0.00013,0.00011,0.00000,0.00002,0.00150,0.00617
1403715383.657736063003540,0.00363,0.00009,0.00004,0.00000,0.00029,0.00144,0.00548
1403715383.707736015319824,0.00385,0.00008,0.00001,0.00000,0.00007,0.00152,0.00553
1403715383.757735967636108,0.00410,0.00010,0.00005,0.00000,0.00000,0.00137,0.00562
1403715383.807736158370972,0.00554,0.00009,0.00001,0.00000,0.00017,0.00148,0.00728
1403715383.857736110687256,0.00422,0.00009,0.00002,0.00000,0.00025,0.00148,0.00606
1403715383.907736063003540,0.00444,0.00009,0.00005,0.00000,0.00006,0.00147,0.00611
1403715383.957736015319824,0.00434,0.00010,0.00001,0.00000,0.00043,0.00146,0.00634
1403715384.007735967636108,0.00416,0.00010,0.00004,0.00000,0.00016,0.00147,0.00592
1403715384.057736158370972,0.00414,0.00009,0.00009,0.00000,0.00040,0.00150,0.00622
1403715384.107736110687256,0.00427,0.00009,0.00004,0.00000,0.00000,0.00152,0.00592
1403715384.157736063003540,0.00413,0.00009,0.00005,0.00000,0.00024,0.00156,0.00607
1403715384.207736015319824,0.00387,0.00010,0.00004,0.00000,0.00000,0.00154,0.00555
1403715384.257735967636108,0.00391,0.00009,0.00004,0.00000,0.00028,0.00148,0.00579
1403715384.307736158370972,0.00383,0.00009,0.00001,0.00000,0.00006,0.00146,0.00545
1403715384.357736110687256,0.00407,0.00008,0.00008,0.00000,0.00048,0.00149,0.00620
1403715384.407736063003540,0.00410,0.00010,0.00003,0.00000,0.00010,0.00149,0.00583
1403715384.457736015319824,0.00399,0.00009,0.00004,0.00000,0.00023,0.00145,0.00580
1403715384.507735967636108,0.00387,0.00009,0.00005,0.00000,0.00005,0.00148,0.00554
1403715384.557736158370972,0.00388,0.00010,0.00004,0.00000,0.00030,0.00150,0.00580
1403715384.607736110687256,0.00388,0.00012,0.00001,0.00000,0.00019,0.00150,0.00570
1403715384.657736063003540,0.00394,0.00009,0.00001,0.00000,0.00038,0.00146,0.00588
1403715384.707736015319824,0.00370,0.00010,0.00005,0.00000,0.00000,0.00146,0.00531
1403715384.757735967636108,0.00389,0.00012,0.00005,0.00000,0.00021,0.00146,0.00574
1403715384.807736158370972,0.00523,0.00011,0.00003,0.00000,0.00000,0.00174,0.00712
1403715384.857736110687256,0.00411,0.00011,0.00008,0.00000,0.00021,0.00154,0.00605
1403715384.907736063003540,0.00441,0.00011,0.00012,0.00000,0.00005,0.00153,0.00622
1403715384.957736015319824,0.00406,0.00010,0.00004,0.00000,0.00064,0.00148,0.00633
1403715385.007735967636108,0.00380,0.00009,0.00004,0.00000,0.00007,0.00149,0.00550
1403715385.057736158370972,0.00379,0.00009,0.00005,0.00000,0.00021,0.00151,0.00566
1403715385.107736110687256,0.00353,0.00009,0.00001,0.00000,0.00006,0.00153,0.00522
1403715385.157736063003540,0.00437,0.00023,0.00005,0.00000,0.00012,0.00153,0.00630
1403715385.207736015319824,0.00406,0.00008,0.00001,0.00000,0.00017,0.00142,0.00574
1403715385.257735967636108,0.00370,0.00009,0.00001,0.00000,0.00027,0.00174,0.00582
1403715385.307736158370972,0.00361,0.00010,0.00004,0.00000,0.00000,0.00151,0.00526
1403715385.357736110687256,0.00374,0.00010,0.00005,0.00000,0.00084,0.00146,0.00619
1403715385.407736063003540,0.00371,0.00009,0.00001,0.00000,0.00000,0.00153,0.00534
1403715385.457736015319824,0.00383,0.00011,0.00001,0.00000,0.00012,0.00152,0.00558
1403715385.507735967636108,0.00382,0.00011,0.00001,0.00000,0.00006,0.00149,0.00549
1403715385.557736158370972,0.00382,0.00009,0.00006,0.00000,0.00041,0.00150,0.00589
1403715385.607736110687256,0.00397,0.00010,0.00002,0.00000,0.00009,0.00148,0.00567
1403715385.657736063003540,0.00374,0.00011,0.00005,0.00000,0.00020,0.00145,0.00555
1403715385.707736015319824,0.00364,0.00008,0.00001,0.00000,0.00007,0.00147,0.00527
1403715385.757735967636108,0.00384,0.00009,0.00001,0.00000,0.00012,0.00151,0.00557
1403715385.807736158370972,0.00399,0.00013,0.00004,0.00000,0.00017,0.00146,0.00580
1403715385.857736110687256,0.00377,0.00010,0.00005,0.00000,0.00030,0.00147,0.00570
1403715385.907736063003540,0.00375,0.00011,0.00005,0.00000,0.00000,0.00144,0.00535
1403715385.957736015319824,0.00383,0.00010,0.00005,0.00000,0.00107,0.00176,0.00680
1403715386.007735967636108,0.00509,0.00011,0.00008,0.00000,0.00000,0.00174,0.00701
1403715386.057736158370972,0.00410,0.00010,0.00005,0.00000,0.00009,0.00148,0.00581
1403715386.107736110687256,0.00397,0.00009,0.00003,0.00000,0.00006,0.00148,0.00563
1403715386.157736063003540,0.00386,0.00009,0.00008,0.00000,0.00035,0.00146,0.00584
1403715386.207736015319824,0.00394,0.00011,0.00004,0.00000,0.00009,0.00153,0.00572
1403715386.257735967636108,0.00384,0.00013,0.00004,0.00000,0.00014,0.00149,0.00564
1403715386.307736158370972,0.00379,0.00013,0.00004,0.00000,0.00004,0.00146,0.00546
1403715386.357736110687256,0.00374,0.00009,0.00001,0.00000,0.00013,0.00143,0.00540
1403715386.407736063003540,0.00410,0.00008,0.00004,0.00000,0.00014,0.00142,0.00579
1403715386.457736015319824,0.00375,0.00009,0.00004,0.00000,0.00028,0.00148,0.00564
1403715386.507735967636108,0.00370,0.00009,0.00005,0.00000,0.00000,0.00152,0.00536
1403715386.557736158370972,0.00374,0.00012,0.00012,0.00000,0.00127,0.00170,0.00695
1403715386.607736110687256,0.00353,0.00009,0.00004,0.00000,0.00000,0.00154,0.00520
1403715386.657736063003540,0.00364,0.00009,0.00002,0.00000,0.00010,0.00148,0.00532
1403715386.707736015319824,0.00357,0.00010,0.00004,0.00000,0.00006,0.00144,0.00521
1403715386.757735967636108,0.00385,0.00009,0.00005,0.00000,0.00025,0.00148,0.00572
1403715386.807736158370972,0.00362,0.00012,0.00001,0.00000,0.00006,0.00146,0.00527
1403715386.857736110687256,0.00385,0.00010,0.00002,0.00000,0.00008,0.00151,0.00555
1403715386.907736063003540,0.00369,0.00011,0.00001,0.00000,0.00005,0.00149,0.00534
1403715386.957736015319824,0.00345,0.00009,0.00001,0.00000,0.00011,0.00148,0.00513
1403715387.007735967636108,0.00377,0.00009,0.00004,0.00000,0.00015,0.00147,0.00552
1403715387.057736158370972,0.00349,0.00009,0.00001,0.00000,0.00029,0.00148,0.00536
1403715387.107736110687256,0.00388,0.00009,0.00001,0.00000,0.00000,0.00145,0.00544
1403715387.157736063003540,0.00370,0.00012,0.00006,0.00000,0.00116,0.00155,0.00659
1403715387.207736015319824,0.00376,0.00009,0.00000,0.00000,0.00000,0.00149,0.00535
1403715387.257735967636108,0.00442,0.00009,0.00001,0.00000,0.00010,0.00149,0.00611
1403715387.307736158370972,0.00370,0.00009,0.00003,0.00000,0.00002,0.00150,0.00534
1403715387.357736110687256,0.00374,0.00010,0.00006,0.00000,0.00026,0.00146,0.00562
1403715387.407736063003540,0.00467,0.00010,0.00006,0.00000,0.00005,0.00147,0.00636
1403715387.457736015319824,0.00386,0.00011,0.00005,0.00000,0.00004,0.00150,0.00556
1403715387.507735967636108,0.00385,0.00010,0.00006,0.00000,0.00003,0.00147,0.00551
1403715387.557736158370972,0.00364,0.00011,0.00001,0.00000,0.00012,0.00149,0.00538
1403715387.607736110687256,0.00382,0.00011,0.00003,0.00000,0.00014,0.00145,0.00555
1403715387.657736063003540,0.00374,0.00010,0.00001,0.00000,0.00031,0.00147,0.00563
1403715387.707736015319824,0.00357,0.00009,0.00001,0.00000,0.00000,0.00146,0.00512
1403715387.757735967636108,0.00443,0.00009,0.00003,0.00000,0.00110,0.00173,0.00739
1403715387.807736158370972,0.00381,0.00011,0.00002,0.00000,0.00024,0.00147,0.00565
1403715387.857736110687256,0.00407,0.00010,0.00004,0.00000,0.00008,0.00148,0.00576
1403715387.907736063003540,0.00394,0.00013,0.00005,0.00000,0.00000,0.00148,0.00559
1403715387.957736015319824,0.00397,0.00012,0.00001,0.00000,0.00042,0.00149,0.00601
1403715388.007735967636108,0.00381,0.00011,0.00006,0.00000,0.00005,0.00152,0.00555
1403715388.057736158370972,0.00396,0.00010,0.00001,0.00000,0.00003,0.00148,0.00558
1403715388.107736110687256,0.00475,0.00010,0.00006,0.00000,0.00004,0.00154,0.00649
1403715388.157736063003540,0.00386,0.00012,0.00010,0.00000,0.00010,0.00149,0.00568
1403715388.207736015319824,0.00425,0.00009,0.00001,0.00000,0.00005,0.00151,0.00590
1403715388.257735967636108,0.00375,0.00012,0.00017,0.00000,0.00017,0.00151,0.00572
1403715388.307736158370972,0.00377,0.00011,0.00006,0.00000,0.00017,0.00146,0.00558
1403715388.357736110687256,0.00371,0.00009,0.00003,0.00000,0.00106,0.00155,0.00644
1403715388.407736063003540,0.00483,0.00010,0.00005,0.00000,0.00013,0.00177,0.00687
1403715388.457736015319824,0.00393,0.00010,0.00004,0.00000,0.00005,0.00148,0.00561
1403715388.507735967636108,0.00407,0.00010,0.00004,0.00000,0.00000,0.00151,0.00572
1403715388.557736158370972,0.00396,0.00013,0.00004,0.00000,0.00038,0.00143,0.00594
1403715388.607736110687256,0.00397,0.00011,0.00006,0.00000,0.00005,0.00150,0.00569
1403715388.657736063003540,0.00376,0.00012,0.00001,0.00000,0.00031,0.00151,0.00571
1403715388.707736015319824,0.00373,0.00009,0.00004,0.00000,0.00002,0.00149,0.00538
1403715388.757735967636108,0.00369,0.00016,0.00001,0.00000,0.00010,0.00145,0.00541
1403715388.807736158370972,0.00514,0.00010,0.00006,0.00000,0.00002,0.00175,0.00706
1403715388.857736110687256,0.00409,0.00011,0.00007,0.00000,0.00003,0.00151,0.00582
1403715388.907736063003540,0.00414,0.00010,0.00001,0.00000,0.00017,0.00150,0.00592
1403715388.957736015319824,0.00395,0.00009,0.00006,0.00000,0.00123,0.00152,0.00684
1403715389.007735967636108,0.00386,0.00009,0.00001,0.00000,0.00013,0.00154,0.00563
1403715389.057736158370972,0.00415,0.00010,0.00001,0.00000,0.00000,0.00157,0.00583
1403715389.107736110687256,0.00363,0.00010,0.00006,0.00000,0.00000,0.00155,0.00535
1403715389.157736063003540,0.00351,0.00012,0.00004,0.00000,0.00033,0.00157,0.00557
1403715389.207736015319824,0.00363,0.00012,0.00004,0.00000,0.00005,0.00157,0.00541
1403715389.257735967636108,0.00467,0.00010,0.00006,0.00000,0.00031,0.00156,0.00670
1403715389.307736158370972,0.00406,0.00009,0.00008,0.00000,0.00002,0.00161,0.00586
1403715389.357736110687256,0.00410,0.00009,0.00004,0.00000,0.00038,0.00160,0.00621
1403715389.407736063003540,0.00431,0.00010,0.00003,0.00000,0.00002,0.00157,0.00603
1403715389.457736015319824,0.00426,0.00011,0.00006,0.00000,0.00000,0.00156,0.00598
1403715389.507735967636108,0.00367,0.00010,0.00009,0.00000,0.00007,0.00158,0.00551
1403715389.557736158370972,0.00387,0.00012,0.00001,0.00000,0.00101,0.00156,0.00657
1403715389.607736110687256,0.00396,0.00009,0.00001,0.00000,0.00012,0.00155,0.00573
1403715389.657736063003540,0.00380,0.00010,0.00004,0.00000,0.00001,0.00156,0.00551
1403715389.707736015319824,0.00385,0.00011,0.00001,0.00000,0.00000,0.00155,0.00552
1403715389.757735967636108,0.00401,0.00009,0.00001,0.00000,0.00032,0.00153,0.00596
1403715389.807736158370972,0.00394,0.00010,0.00006,0.00000,0.00038,0.00157,0.00605
1403715389.857736110687256,0.00379,0.00011,0.00001,0.00000,0.00028,0.00152,0.00571
1403715389.907736063003540,0.00401,0.00010,0.00001,0.00000,0.00004,0.00155,0.00570
1403715389.957736015319824,0.00395,0.00009,0.00003,0.00000,0.00038,0.00151,0.00597
1403715390.007735967636108,0.00375,0.00010,0.00003,0.00000,0.00000,0.00151,0.00540
1403715390.057736158370972,0.00380,0.00010,0.00009,0.00000,0.00000,0.00151,0.00550
1403715390.107736110687256,0.00367,0.00011,0.00011,0.00000,0.00007,0.00145,0.00541
1403715390.157736063003540,0.00415,0.00010,0.00005,0.00000,0.00086,0.00142,0.00659
1403715390.207736015319824,0.00388,0.00009,0.00005,0.00000,0.00013,0.00149,0.00565
1403715390.257735967636108,0.00350,0.00010,0.00005,0.00000,0.00000,0.00161,0.00525
1403715390.307736158370972,0.00452,0.00010,0.00003,0.00000,0.00000,0.00152,0.00617
1403715390.357736110687256,0.00402,0.00010,0.00001,0.00000,0.00031,0.00152,0.00596
1403715390.407736063003540,0.00403,0.00010,0.00001,0.00000,0.00032,0.00144,0.00590
1403715390.457736015319824,0.00394,0.00010,0.00004,0.00000,0.00012,0.00149,0.00569
1403715390.507735967636108,0.00383,0.00009,0.00005,0.00000,0.00002,0.00151,0.00551
1403715390.557736158370972,0.00393,0.00010,0.00001,0.00000,0.00022,0.00151,0.00578
1403715390.607736110687256,0.00374,0.00011,0.00007,0.00000,0.00000,0.00152,0.00544
1403715390.657736063003540,0.00389,0.00009,0.00004,0.00000,0.00000,0.00151,0.00554
1403715390.707736015319824,0.00378,0.00010,0.00007,0.00000,0.00022,0.00140,0.00557
1403715390.757735967636108,0.00383,0.00010,0.00004,0.00000,0.00072,0.00149,0.00619
1403715390.807736158370972,0.00439,0.00009,0.00004,0.00000,0.00012,0.00154,0.00617
1403715390.857736110687256,0.00347,0.00010,0.00005,0.00000,0.00023,0.00151,0.00536
1403715390.907736063003540,0.00404,0.00013,0.00005,0.00000,0.00000,0.00152,0.00573
1403715390.957736015319824,0.00374,0.00010,0.00001,0.00000,0.00034,0.00170,0.00588
1403715391.007735967636108,0.00356,0.00011,0.00001,0.00000,0.00028,0.00150,0.00547
1403715391.057736158370972,0.00368,0.00010,0.00001,0.00000,0.00009,0.00151,0.00538
1403715391.107736110687256,0.00367,0.00010,0.00007,0.00000,0.00002,0.00146,0.00533
1403715391.157736063003540,0.00362,0.00010,0.00004,0.00000,0.00024,0.00149,0.00549
1403715391.207736015319824,0.00423,0.00010,0.00007,0.00000,0.00000,0.00151,0.00591
1403715391.257735967636108,0.00384,0.00009,0.00004,0.00000,0.00000,0.00150,0.00548
1403715391.307736158370972,0.00378,0.00009,0.00009,0.00000,0.00010,0.00144,0.00550
1403715391.357736110687256,0.00435,0.00010,0.00005,0.00000,0.00084,0.00148,0.00682
1403715391.407736063003540,0.00370,0.00010,0.00006,0.00000,0.00012,0.00151,0.00549
1403715391.457736015319824,0.00399,0.00011,0.00004,0.00000,0.00021,0.00149,0.00585
1403715391.507735967636108,0.00387,0.00010,0.00004,0.00000,0.00000,0.00152,0.00555
1403715391.557736158370972,0.00375,0.00010,0.00005,0.00000,0.00022,0.00148,0.00560
1403715391.607736110687256,0.00449,0.00010,0.00004,0.00000,0.00019,0.00154,0.00635
1403715391.657736063003540,0.00386,0.00009,0.00006,0.00000,0.00007,0.00153,0.00561
1403715391.707736015319824,0.00396,0.00010,0.00006,0.00000,0.00002,0.00150,0.00564
1403715391.757735967636108,0.00378,0.00009,0.00001,0.00000,0.00054,0.00151,0.00592
1403715391.807736158370972,0.00400,0.00010,0.00006,0.00000,0.00000,0.00152,0.00568
1403715391.857736110687256,0.00377,0.00009,0.00005,0.00000,0.00000,0.00146,0.00536
1403715391.907736063003540,0.00356,0.00008,0.00009,0.00000,0.00021,0.00150,0.00544
1403715391.957736015319824,0.00428,0.00008,0.00006,0.00000,0.00065,0.00141,0.00648
1403715392.007735967636108,0.00415,0.00010,0.00004,0.00000,0.00012,0.00148,0.00589
1403715392.057736158370972,0.00389,0.00012,0.00004,0.00000,0.00010,0.00145,0.00561
1403715392.107736110687256,0.00405,0.00010,0.00005,0.00000,0.00000,0.00148,0.00567
1403715392.157736063003540,0.00363,0.00009,0.00007,0.00000,0.00035,0.00141,0.00555
1403715392.207736015319824,0.00409,0.00010,0.00006,0.00000,0.00015,0.00150,0.00591
1403715392.257735967636108,0.00415,0.00009,0.00009,0.00000,0.00007,0.00142,0.00583
1403715392.307736158370972,0.00372,0.00009,0.00005,0.00000,0.00002,0.00145,0.00534
1403715392.357736110687256,0.00394,0.00010,0.00008,0.00000,0.00036,0.00146,0.00593
1403715392.407736063003540,0.00397,0.00010,0.00007,0.00000,0.00000,0.00144,0.00558
1403715392.457736015319824,0.00436,0.00009,0.00008,0.00000,0.00000,0.00136,0.00589
1403715392.507735967636108,0.00425,0.00010,0.00013,0.00000,0.00022,0.00138,0.00608
1403715392.557736158370972,0.00358,0.00010,0.00009,0.00000,0.00068,0.00139,0.00584
1403715392.607736110687256,0.00420,0.00012,0.00005,0.00000,0.00006,0.00141,0.00584
1403715392.657736063003540,0.00373,0.00009,0.00010,0.00000,0.00010,0.00145,0.00546
1403715392.707736015319824,0.00390,0.00010,0.00004,0.00000,0.00000,0.00150,0.00554
1403715392.757735967636108,0.00366,0.00009,0.00008,0.00000,0.00013,0.00149,0.00544
1403715392.807736158370972,0.00442,0.00009,0.00003,0.00000,0.00014,0.00147,0.00615
1403715392.857736110687256,0.00417,0.00009,0.00006,0.00000,0.00004,0.00150,0.00586
1403715392.907736063003540,0.00427,0.00009,0.00003,0.00000,0.00002,0.00148,0.00590
1403715392.957736015319824,0.00404,0.00009,0.00008,0.00000,0.00045,0.00144,0.00610
1403715393.007735967636108,0.00411,0.00009,0.00006,0.00000,0.00020,0.00142,0.00588
1403715393.057736158370972,0.00422,0.00009,0.00007,0.00000,0.00005,0.00150,0.00594
1403715393.107736110687256,0.00444,0.00010,0.00005,0.00000,0.00028,0.00141,0.00626
1403715393.157736063003540,0.00401,0.00009,0.00006,0.00000,0.00043,0.00151,0.00611
1403715393.207736015319824,0.00400,0.00010,0.00004,0.00000,0.00007,0.00147,0.00568
1403715393.257735967636108,0.00392,0.00010,0.00009,0.00000,0.00018,0.00148,0.00577
1403715393.307736158370972,0.00471,0.00010,0.00004,0.00000,0.00000,0.00151,0.00637
1403715393.357736110687256,0.00398,0.00010,0.00005,0.00000,0.00025,0.00144,0.00582
1403715393.407736063003540,0.00399,0.00009,0.00006,0.00000,0.00015,0.00146,0.00575
1403715393.457736015319824,0.00398,0.00009,0.00007,0.00000,0.00003,0.00144,0.00561
1403715393.507735967636108,0.00492,0.00009,0.00008,0.00000,0.00002,0.00146,0.00658
1403715393.557736158370972,0.00377,0.00009,0.00005,0.00000,0.00038,0.00151,0.00579
1403715393.607736110687256,0.00362,0.00010,0.00006,0.00000,0.00022,0.00144,0.00544
1403715393.657736063003540,0.00390,0.00012,0.00007,0.00000,0.00017,0.00141,0.00567
1403715393.707736015319824,0.00381,0.00009,0.00008,0.00000,0.00019,0.00137,0.00554
1403715393.757735967636108,0.00462,0.00010,0.00004,0.00000,0.00019,0.00146,0.00641
1403715393.807736158370972,0.00399,0.00009,0.00016,0.00000,0.00003,0.00146,0.00574
1403715393.857736110687256,0.00395,0.00010,0.00010,0.00000,0.00024,0.00145,0.00584
1403715393.907736063003540,0.00509,0.00011,0.00001,0.00000,0.00000,0.00150,0.00671
1403715393.957736015319824,0.00383,0.00010,0.00008,0.00000,0.00004,0.00142,0.00547
1403715394.007735967636108,0.00405,0.00010,0.00005,0.00000,0.00014,0.00143,0.00576
1403715394.057736158370972,0.00393,0.00009,0.00002,0.00000,0.00037,0.00146,0.00587
1403715394.107736110687256,0.00409,0.00009,0.00002,0.00000,0.00003,0.00145,0.00568
1403715394.157736063003540,0.00389,0.00009,0.00005,0.00000,0.00029,0.00144,0.00576
1403715394.207736015319824,0.00380,0.00010,0.00005,0.00000,0.00020,0.00148,0.00563
1403715394.257735967636108,0.00382,0.00009,0.00006,0.00000,0.00005,0.00148,0.00551
1403715394.307736158370972,0.00389,0.00010,0.00013,0.00000,0.00034,0.00140,0.00586
1403715394.357736110687256,0.00502,0.00010,0.00006,0.00000,0.00011,0.00143,0.00673
1403715394.407736063003540,0.00432,0.00009,0.00011,0.00000,0.00004,0.00142,0.00598
1403715394.457736015319824,0.00403,0.00012,0.00007,0.00000,0.00045,0.00142,0.00610
1403715394.507735967636108,0.00381,0.00009,0.00005,0.00000,0.00000,0.00147,0.00541
1403715394.557736158370972,0.00511,0.00010,0.00005,0.00000,0.00005,0.00149,0.00680
1403715394.607736110687256,0.00399,0.00009,0.00004,0.00000,0.00007,0.00146,0.00565
1403715394.657736063003540,0.00411,0.00009,0.00006,0.00000,0.00032,0.00147,0.00605
1403715394.707736015319824,0.00403,0.00010,0.00006,0.00000,0.00002,0.00156,0.00578
1403715394.757735967636108,0.00395,0.00011,0.00009,0.00000,0.00019,0.00147,0.00582
1403715394.807736158370972,0.00357,0.00009,0.00006,0.00000,0.00015,0.00149,0.00535
1403715394.857736110687256,0.00395,0.00011,0.00021,0.00000,0.00000,0.00141,0.00569
1403715394.907736063003540,0.00510,0.00010,0.00007,0.00000,0.00059,0.00170,0.00756
1403715394.957736015319824,0.00393,0.00010,0.00003,0.00000,0.00000,0.00147,0.00553
1403715395.007735967636108,0.00417,0.00010,0.00003,0.00000,0.00003,0.00147,0.00581
1403715395.057736158370972,0.00393,0.00010,0.00006,0.00000,0.00028,0.00145,0.00582
1403715395.107736110687256,0.00378,0.00010,0.00006,0.00000,0.00039,0.00143,0.00575
1403715395.157736063003540,0.00389,0.00011,0.00005,0.00000,0.00004,0.00148,0.00557
1403715395.207736015319824,0.00373,0.00010,0.00007,0.00000,0.00004,0.00142,0.00535
1403715395.257735967636108,0.00442,0.00009,0.00004,0.00000,0.00031,0.00144,0.00630
1403715395.307736158370972,0.00400,0.00009,0.00005,0.00000,0.00002,0.00150,0.00566
1403715395.357736110687256,0.00397,0.00010,0.00026,0.00000,0.00006,0.00148,0.00586
1403715395.407736063003540,0.00448,0.00011,0.00001,0.00000,0.00007,0.00162,0.00628
1403715395.457736015319824,0.00398,0.00011,0.00008,0.00000,0.00037,0.00153,0.00608
1403715395.507735967636108,0.00397,0.00008,0.00006,0.00000,0.00037,0.00145,0.00593
1403715395.557736158370972,0.00443,0.00012,0.00004,0.00000,0.00000,0.00187,0.00647
1403715395.607736110687256,0.00440,0.00010,0.00003,0.00000,0.00002,0.00153,0.00609
1403715395.657736063003540,0.00412,0.00009,0.00005,0.00000,0.00024,0.00173,0.00623
1403715395.707736015319824,0.00420,0.00009,0.00007,0.00000,0.00038,0.00159,0.00632
1403715395.757735967636108,0.00399,0.00010,0.00005,0.00000,0.00002,0.00155,0.00571
1403715395.807736158370972,0.00419,0.00011,0.00009,0.00000,0.00023,0.00147,0.00609
1403715395.857736110687256,0.00400,0.00010,0.00004,0.00000,0.00016,0.00151,0.00581
1403715395.907736063003540,0.00401,0.00010,0.00001,0.00000,0.00000,0.00151,0.00563
1403715395.957736015319824,0.00381,0.00009,0.00003,0.00000,0.00075,0.00163,0.00632
1403715396.007735967636108,0.00396,0.00011,0.00005,0.00000,0.00000,0.00152,0.00563
1403715396.057736158370972,0.00344,0.00010,0.00005,0.00000,0.00035,0.00155,0.00549
1403715396.107736110687256,0.00345,0.00011,0.00001,0.00000,0.00034,0.00150,0.00541
1403715396.157736063003540,0.00335,0.00012,0.00001,0.00000,0.00000,0.00152,0.00499
1403715396.207736015319824,0.00335,0.00012,0.00001,0.00000,0.00000,0.00151,0.00499
1403715396.257735967636108,0.00318,0.00011,0.00007,0.00000,0.00014,0.00146,0.00496
1403715396.307736158370972,0.00401,0.00012,0.00001,0.00000,0.00042,0.00151,0.00607
1403715396.357736110687256,0.00369,0.00012,0.00001,0.00000,0.00003,0.00146,0.00531
1403715396.407736063003540,0.00364,0.00010,0.00007,0.00000,0.00020,0.00144,0.00545
1403715396.457736015319824,0.00385,0.00010,0.00003,0.00000,0.00008,0.00148,0.00555
1403715396.507735967636108,0.00354,0.00009,0.00001,0.00000,0.00000,0.00145,0.00510
1403715396.557736158370972,0.00493,0.00012,0.00013,0.00000,0.00063,0.00176,0.00758
1403715396.607736110687256,0.00403,0.00010,0.00003,0.00000,0.00000,0.00152,0.00569
1403715396.657736063003540,0.00402,0.00011,0.00005,0.00000,0.00035,0.00150,0.00603
1403715396.707736015319824,0.00417,0.00011,0.00004,0.00000,0.00030,0.00154,0.00616
1403715396.757735967636108,0.00389,0.00011,0.00009,0.00000,0.00000,0.00152,0.00560
1403715396.807736158370972,0.00376,0.00009,0.00004,0.00000,0.00000,0.00149,0.00537
1403715396.857736110687256,0.00421,0.00009,0.00001,0.00000,0.00009,0.00146,0.00586
1403715396.907736063003540,0.00366,0.00009,0.00004,0.00000,0.00035,0.00145,0.00559
1403715396.957736015319824,0.00395,0.00009,0.00003,0.00000,0.00000,0.00143,0.00551
1403715397.007735967636108,0.00419,0.00010,0.00004,0.00000,0.00016,0.00140,0.00589
1403715397.057736158370972,0.00434,0.00010,0.00005,0.00000,0.00000,0.00175,0.00624
1403715397.107736110687256,0.00343,0.00010,0.00009,0.00000,0.00039,0.00142,0.00544
1403715397.157736063003540,0.00396,0.00009,0.00007,0.00000,0.00048,0.00153,0.00613
1403715397.207736015319824,0.00395,0.00009,0.00007,0.00000,0.00000,0.00146,0.00557
1403715397.257735967636108,0.00380,0.00014,0.00006,0.00000,0.00048,0.00169,0.00617
1403715397.307736158370972,0.00397,0.00013,0.00013,0.00000,0.00043,0.00148,0.00614
1403715397.357736110687256,0.00382,0.00009,0.00000,0.00000,0.00000,0.00144,0.00535
1403715397.407736063003540,0.00377,0.00009,0.00001,0.00000,0.00000,0.00167,0.00554
1403715397.457736015319824,0.00385,0.00010,0.00001,0.00000,0.00007,0.00159,0.00562
1403715397.507735967636108,0.00380,0.00010,0.00004,0.00000,0.00021,0.00150,0.00565
1403715397.557736158370972,0.00375,0.00010,0.00004,0.00000,0.00000,0.00156,0.00545
1403715397.607736110687256,0.00363,0.00009,0.00001,0.00000,0.00051,0.00145,0.00570
1403715397.657736063003540,0.00370,0.00009,0.00004,0.00000,0.00000,0.00150,0.00535
1403715397.707736015319824,0.00372,0.00009,0.00010,0.00000,0.00036,0.00146,0.00574
1403715397.757735967636108,0.00445,0.00010,0.00008,0.00000,0.00035,0.00148,0.00647
1403715397.807736158370972,0.00341,0.00010,0.00003,0.00000,0.00000,0.00151,0.00505
1403715397.857736110687256,0.00403,0.00011,0.00004,0.00000,0.00033,0.00149,0.00600
1403715397.907736063003540,0.00377,0.00011,0.00004,0.00000,0.00027,0.00147,0.00565
1403715397.957736015319824,0.00353,0.00009,0.00006,0.00000,0.00000,0.00147,0.00515
1403715398.007735967636108,0.00391,0.00011,0.00001,0.00000,0.00000,0.00144,0.00548
1403715398.057736158370972,0.00361,0.00011,0.00004,0.00000,0.00005,0.00151,0.00532
1403715398.107736110687256,0.00411,0.00011,0.00006,0.00000,0.00018,0.00166,0.00612
1403715398.157736063003540,0.00367,0.00010,0.00003,0.00000,0.00000,0.00150,0.00531
1403715398.207736015319824,0.00366,0.00009,0.00005,0.00000,0.00059,0.00147,0.00586
1403715398.257735967636108,0.00351,0.00010,0.00006,0.00000,0.00000,0.00143,0.00510
1403715398.307736158370972,0.00470,0.00009,0.00005,0.00000,0.00037,0.00150,0.00671
1403715398.357736110687256,0.00400,0.00010,0.00007,0.00000,0.00034,0.00153,0.00604
1403715398.407736063003540,0.00409,0.00011,0.00005,0.00000,0.00004,0.00153,0.00582
1403715398.457736015319824,0.00390,0.00013,0.00004,0.00000,0.00030,0.00156,0.00593
1403715398.507735967636108,0.00396,0.00011,0.00004,0.00000,0.00023,0.00146,0.00580
1403715398.557736158370972,0.00382,0.00009,0.00005,0.00000,0.00026,0.00175,0.00597
1403715398.607736110687256,0.00363,0.00009,0.00005,0.00000,0.00000,0.00148,0.00526
1403715398.657736063003540,0.00387,0.00010,0.00003,0.00000,0.00005,0.00146,0.00551
1403715398.707736015319824,0.00436,0.00009,0.00001,0.00000,0.00035,0.00147,0.00628
1403715398.757735967636108,0.00373,0.00009,0.00004,0.00000,0.00000,0.00147,0.00534
1403715398.807736158370972,0.00370,0.00009,0.00005,0.00000,0.00049,0.00147,0.00580
1403715398.857736110687256,0.00404,0.00011,0.00006,0.00000,0.00037,0.00143,0.00601
1403715398.907736063003540,0.00343,0.00010,0.00001,0.00000,0.00026,0.00143,0.00523
1403715398.957736015319824,0.00349,0.00009,0.00002,0.00000,0.00030,0.00144,0.00534
1403715399.007735967636108,0.00359,0.00010,0.00001,0.00000,0.00000,0.00148,0.00518
1403715399.057736158370972,0.00417,0.00009,0.00001,0.00000,0.00021,0.00145,0.00594
1403715399.107736110687256,0.00395,0.00010,0.00002,0.00000,0.00043,0.00146,0.00596
1403715399.157736063003540,0.00381,0.00011,0.00001,0.00000,0.00024,0.00150,0.00567
1403715399.207736015319824,0.00403,0.00010,0.00001,0.00000,0.00000,0.00150,0.00564
1403715399.257735967636108,0.00388,0.00010,0.00001,0.00000,0.00006,0.00157,0.00561
1403715399.307736158370972,0.00385,0.00010,0.00001,0.00000,0.00038,0.00153,0.00587
1403715399.357736110687256,0.00379,0.00010,0.00001,0.00000,0.00000,0.00177,0.00566
1403715399.407736063003540,0.00355,0.00010,0.00001,0.00000,0.00050,0.00148,0.00565
1403715399.457736015319824,0.00379,0.00010,0.00001,0.00000,0.00054,0.00149,0.00593
1403715399.507735967636108,0.00400,0.00010,0.00001,0.00000,0.00027,0.00149,0.00587
1403715399.557736158370972,0.00419,0.00011,0.00001,0.00000,0.00030,0.00151,0.00611
1403715399.607736110687256,0.00402,0.00012,0.00005,0.00000,0.00032,0.00151,0.00602
1403715399.657736063003540,0.00399,0.00009,0.00005,0.00000,0.00020,0.00148,0.00581
1403715399.707736015319824,0.00394,0.00011,0.00007,0.00000,0.00056,0.00154,0.00622
1403715399.757735967636108,0.00362,0.00012,0.00003,0.00000,0.00020,0.00150,0.00548
1403715399.807736158370972,0.00379,0.00010,0.00004,0.00000,0.00000,0.00151,0.00543
1403715399.857736110687256,0.00381,0.00010,0.00001,0.00000,0.00006,0.00149,0.00547
1403715399.907736063003540,0.00388,0.00010,0.00001,0.00000,0.00020,0.00146,0.00565
1403715399.957736015319824,0.00367,0.00010,0.00004,0.00000,0.00000,0.00149,0.00530
1403715400.007735967636108,0.00369,0.00009,0.00001,0.00000,0.00035,0.00149,0.00563
1403715400.057736158370972,0.00363,0.00009,0.00001,0.00000,0.00033,0.00147,0.00553
1403715400.107736110687256,0.00388,0.00009,0.00001,0.00000,0.00025,0.00149,0.00572
1403715400.157736063003540,0.00379,0.00010,0.00001,0.00000,0.00030,0.00146,0.00565
1403715400.207736015319824,0.00387,0.00010,0.00001,0.00000,0.00042,0.00148,0.00589
1403715400.257735967636108,0.00369,0.00011,0.00001,0.00000,0.00021,0.00150,0.00552
1403715400.307736158370972,0.00390,0.00010,0.00001,0.00000,0.00023,0.00148,0.00572
1403715400.357736110687256,0.00380,0.00012,0.00001,0.00000,0.00021,0.00151,0.00565
1403715400.407736063003540,0.00375,0.00010,0.00001,0.00000,0.00000,0.00150,0.00536
1403715400.457736015319824,0.00388,0.00010,0.00001,0.00000,0.00006,0.00150,0.00555
1403715400.507735967636108,0.00382,0.00010,0.00006,0.00000,0.00016,0.00149,0.00563
1403715400.557736158370972,0.00386,0.00010,0.00004,0.00000,0.00000,0.00148,0.00548
1403715400.607736110687256,0.00479,0.00009,0.00009,0.00000,0.00031,0.00147,0.00676
1403715400.657736063003540,0.00413,0.00011,0.00005,0.00000,0.00065,0.00151,0.00645
1403715400.707736015319824,0.00404,0.00009,0.00005,0.00000,0.00009,0.00148,0.00576
1403715400.757735967636108,0.00400,0.00010,0.00005,0.00000,0.00027,0.00150,0.00591
1403715400.807736158370972,0.00393,0.00010,0.00002,0.00000,0.00024,0.00151,0.00581
1403715400.857736110687256,0.00411,0.00010,0.00008,0.00000,0.00021,0.00147,0.00597
1403715400.907736063003540,0.00389,0.00014,0.00007,0.00000,0.00023,0.00148,0.00581
1403715400.957736015319824,0.00392,0.00010,0.00001,0.00000,0.00039,0.00151,0.00592
1403715401.007735967636108,0.00559,0.00011,0.00002,0.00000,0.00000,0.00178,0.00749
1403715401.057736158370972,0.00430,0.00010,0.00006,0.00000,0.00003,0.00155,0.00604
1403715401.107736110687256,0.00432,0.00010,0.00014,0.00000,0.00011,0.00155,0.00623
1403715401.157736063003540,0.00419,0.00010,0.00006,0.00000,0.00041,0.00159,0.00635
1403715401.207736015319824,0.00406,0.00010,0.00002,0.00000,0.00025,0.00159,0.00602
1403715401.257735967636108,0.00414,0.00009,0.00009,0.00000,0.00023,0.00159,0.00616
1403715401.307736158370972,0.00411,0.00011,0.00003,0.00000,0.00005,0.00154,0.00584
1403715401.357736110687256,0.00399,0.00010,0.00019,0.00000,0.00010,0.00156,0.00595
1403715401.407736063003540,0.00431,0.00010,0.00004,0.00000,0.00021,0.00157,0.00623
1403715401.457736015319824,0.00419,0.00012,0.00005,0.00000,0.00020,0.00159,0.00615
1403715401.507735967636108,0.00422,0.00009,0.00005,0.00000,0.00021,0.00156,0.00613
1403715401.557736158370972,0.00395,0.00011,0.00009,0.00000,0.00103,0.00155,0.00674
1403715401.607736110687256,0.00391,0.00010,0.00001,0.00000,0.00000,0.00151,0.00554
1403715401.657736063003540,0.00465,0.00011,0.00006,0.00000,0.00002,0.00184,0.00669
1403715401.707736015319824,0.00380,0.00013,0.00008,0.00000,0.00009,0.00156,0.00565
1403715401.757735967636108,0.00409,0.00011,0.00001,0.00000,0.00029,0.00155,0.00604
1403715401.807736158370972,0.00404,0.00011,0.00007,0.00000,0.00025,0.00156,0.00604
1403715401.857736110687256,0.00395,0.00010,0.00004,0.00000,0.00034,0.00154,0.00596
1403715401.907736063003540,0.00385,0.00010,0.00006,0.00000,0.00000,0.00156,0.00556
1403715401.957736015319824,0.00388,0.00010,0.00004,0.00000,0.00010,0.00154,0.00567
1403715402.007735967636108,0.00547,0.00010,0.00007,0.00000,0.00022,0.00180,0.00768
1403715402.057736158370972,0.00458,0.00010,0.00005,0.00000,0.00016,0.00162,0.00651
1403715402.107736110687256,0.00452,0.00010,0.00012,0.00000,0.00022,0.00159,0.00655
1403715402.157736063003540,0.00446,0.00010,0.00017,0.00000,0.00032,0.00157,0.00662
1403715402.207736015319824,0.00401,0.00011,0.00009,0.00000,0.00029,0.00154,0.00604
1403715402.257735967636108,0.00388,0.00013,0.00004,0.00000,0.00000,0.00156,0.00560
1403715402.307736158370972,0.00400,0.00009,0.00010,0.00000,0.00009,0.00170,0.00599
1403715402.357736110687256,0.00424,0.00011,0.00005,0.00000,0.00028,0.00167,0.00636
1403715402.407736063003540,0.00496,0.00011,0.00004,0.00000,0.00022,0.00156,0.00689
1403715402.457736015319824,0.00406,0.00010,0.00007,0.00000,0.00018,0.00157,0.00599
1403715402.507735967636108,0.00413,0.00010,0.00006,0.00000,0.00000,0.00156,0.00585
1403715402.557736158370972,0.00414,0.00011,0.00011,0.00000,0.00045,0.00158,0.00638
1403715402.607736110687256,0.00383,0.00011,0.00001,0.00000,0.00014,0.00155,0.00565
1403715402.657736063003540,0.00436,0.00010,0.00007,0.00000,0.00011,0.00155,0.00619
1403715402.707736015319824,0.00498,0.00011,0.00010,0.00000,0.00021,0.00154,0.00694
1403715402.757735967636108,0.00391,0.00010,0.00011,0.00000,0.00021,0.00156,0.00590
1403715402.807736158370972,0.00394,0.00012,0.00007,0.00000,0.00025,0.00152,0.00590
1403715402.857736110687256,0.00405,0.00010,0.00007,0.00000,0.00000,0.00152,0.00575
1403715402.907736063003540,0.00428,0.00010,0.00006,0.00000,0.00002,0.00157,0.00603
1403715402.957736015319824,0.00412,0.00010,0.00005,0.00000,0.00040,0.00151,0.00619
1403715403.007735967636108,0.00462,0.00011,0.00007,0.00000,0.00003,0.00152,0.00635
1403715403.057736158370972,0.00403,0.00010,0.00009,0.00000,0.00009,0.00151,0.00582
1403715403.107736110687256,0.00468,0.00010,0.00006,0.00000,0.00000,0.00153,0.00637
1403715403.157736063003540,0.00412,0.00010,0.00008,0.00000,0.00038,0.00155,0.00624
1403715403.207736015319824,0.00416,0.00010,0.00001,0.00000,0.00007,0.00156,0.00591
1403715403.257735967636108,0.00400,0.00010,0.00004,0.00000,0.00041,0.00155,0.00611
1403715403.307736158370972,0.00397,0.00010,0.00001,0.00000,0.00019,0.00158,0.00585
1403715403.357736110687256,0.00399,0.00011,0.00001,0.00000,0.00022,0.00157,0.00591
1403715403.407736063003540,0.00389,0.00010,0.00004,0.00000,0.00024,0.00157,0.00584
1403715403.457736015319824,0.00394,0.00010,0.00001,0.00000,0.00029,0.00156,0.00590
1403715403.507735967636108,0.00405,0.00011,0.00001,0.00000,0.00003,0.00156,0.00576
1403715403.557736158370972,0.00415,0.00010,0.00004,0.00000,0.00047,0.00155,0.00631
1403715403.607736110687256,0.00463,0.00011,0.00007,0.00000,0.00004,0.00162,0.00647
1403715403.657736063003540,0.00433,0.00011,0.00002,0.00000,0.00030,0.00158,0.00634
1403715403.707736015319824,0.00473,0.00012,0.00005,0.00000,0.00000,0.00191,0.00680
1403715403.757735967636108,0.00388,0.00010,0.00011,0.00000,0.00031,0.00161,0.00601
1403715403.807736158370972,0.00452,0.00011,0.00006,0.00000,0.00006,0.00160,0.00636
1403715403.857736110687256,0.00428,0.00010,0.00010,0.00000,0.00036,0.00165,0.00649
1403715403.907736063003540,0.00374,0.00010,0.00001,0.00000,0.00020,0.00186,0.00591
1403715403.957736015319824,0.00409,0.00009,0.00004,0.00000,0.00012,0.00160,0.00595
1403715404.007735967636108,0.00410,0.00010,0.00008,0.00000,0.00025,0.00160,0.00613
1403715404.057736158370972,0.00398,0.00013,0.00009,0.00000,0.00000,0.00166,0.00587
1403715404.107736110687256,0.00526,0.00013,0.00010,0.00000,0.00002,0.00156,0.00708
1403715404.157736063003540,0.00639,0.00014,0.00034,0.00000,0.00042,0.00169,0.00897
1403715404.207736015319824,0.00427,0.00019,0.00022,0.00000,0.00000,0.00151,0.00619
1403715404.257735967636108,0.00417,0.00009,0.00006,0.00000,0.00032,0.00156,0.00620
1403715404.307736158370972,0.00423,0.00010,0.00004,0.00000,0.00000,0.00158,0.00595
1403715404.357736110687256,0.00405,0.00011,0.00006,0.00000,0.00027,0.00160,0.00608
1403715404.407736063003540,0.00617,0.00012,0.00008,0.00000,0.00006,0.00190,0.00834
1403715404.457736015319824,0.00469,0.00010,0.00013,0.00000,0.00033,0.00158,0.00683
1403715404.507735967636108,0.00424,0.00010,0.00008,0.00000,0.00018,0.00159,0.00619
1403715404.557736158370972,0.00430,0.00010,0.00006,0.00000,0.00003,0.00158,0.00607
1403715404.607736110687256,0.00416,0.00011,0.00008,0.00000,0.00019,0.00160,0.00614
1403715404.657736063003540,0.00437,0.00009,0.00004,0.00000,0.00000,0.00157,0.00608
1403715404.707736015319824,0.00398,0.00011,0.00009,0.00000,0.00035,0.00155,0.00608
1403715404.757735967636108,0.00453,0.00010,0.00007,0.00000,0.00024,0.00155,0.00649
1403715404.807736158370972,0.00457,0.00010,0.00004,0.00000,0.00000,0.00155,0.00626
1403715404.857736110687256,0.00441,0.00010,0.00004,0.00000,0.00028,0.00154,0.00637
1403715404.907736063003540,0.00390,0.00009,0.00004,0.00000,0.00000,0.00151,0.00555
1403715404.957736015319824,0.00392,0.00010,0.00004,0.00000,0.00051,0.00152,0.00609
1403715405.007735967636108,0.00350,0.00009,0.00001,0.00000,0.00007,0.00154,0.00521
1403715405.057736158370972,0.00373,0.00011,0.00004,0.00000,0.00023,0.00153,0.00563
1403715405.107736110687256,0.00467,0.00009,0.00005,0.00000,0.00011,0.00154,0.00646
1403715405.157736063003540,0.00392,0.00016,0.00001,0.00000,0.00004,0.00162,0.00574
1403715405.207736015319824,0.00392,0.00011,0.00005,0.00000,0.00025,0.00155,0.00588
1403715405.257735967636108,0.00463,0.00009,0.00008,0.00000,0.00000,0.00154,0.00634
1403715405.307736158370972,0.00495,0.00011,0.00005,0.00000,0.00037,0.00174,0.00722
1403715405.357736110687256,0.00432,0.00010,0.00006,0.00000,0.00020,0.00161,0.00630
1403715405.407736063003540,0.00457,0.00010,0.00003,0.00000,0.00012,0.00158,0.00639
1403715405.457736015319824,0.00431,0.00010,0.00022,0.00000,0.00022,0.00165,0.00650
1403715405.507735967636108,0.00426,0.00010,0.00006,0.00000,0.00000,0.00156,0.00599
1403715405.557736158370972,0.00398,0.00010,0.00001,0.00000,0.00031,0.00159,0.00599
1403715405.607736110687256,0.00410,0.00009,0.00004,0.00000,0.00006,0.00157,0.00586
1403715405.657736063003540,0.00485,0.00010,0.00012,0.00000,0.00031,0.00157,0.00695
1403715405.707736015319824,0.00423,0.00010,0.00008,0.00000,0.00010,0.00160,0.00612
1403715405.757735967636108,0.00388,0.00011,0.00001,0.00000,0.00003,0.00155,0.00558
1403715405.807736158370972,0.00408,0.00010,0.00005,0.00000,0.00028,0.00158,0.00609
1403715405.857736110687256,0.00436,0.00010,0.00007,0.00000,0.00036,0.00156,0.00646
1403715405.907736063003540,0.00398,0.00011,0.00006,0.00000,0.00030,0.00151,0.00597
1403715405.957736015319824,0.00512,0.00010,0.00009,0.00000,0.00018,0.00195,0.00744
1403715406.007735967636108,0.00419,0.00011,0.00009,0.00000,0.00011,0.00155,0.00605
1403715406.057736158370972,0.00433,0.00011,0.00004,0.00000,0.00006,0.00158,0.00612
1403715406.107736110687256,0.00393,0.00012,0.00006,0.00000,0.00000,0.00156,0.00568
1403715406.157736063003540,0.00431,0.00010,0.00006,0.00000,0.00018,0.00155,0.00619
1403715406.207736015319824,0.00461,0.00011,0.00006,0.00000,0.00035,0.00177,0.00691
1403715406.257735967636108,0.00354,0.00009,0.00006,0.00000,0.00020,0.00150,0.00539
1403715406.307736158370972,0.00350,0.00011,0.00004,0.00000,0.00004,0.00157,0.00527
1403715406.357736110687256,0.00368,0.00010,0.00004,0.00000,0.00002,0.00154,0.00539
1403715406.407736063003540,0.00497,0.00011,0.00011,0.00000,0.00019,0.00187,0.00725
1403715406.457736015319824,0.00399,0.00010,0.00013,0.00000,0.00026,0.00155,0.00603
1403715406.507735967636108,0.00425,0.00011,0.00011,0.00000,0.00060,0.00151,0.00657
1403715406.557736158370972,0.00419,0.00010,0.00008,0.00000,0.00007,0.00157,0.00600
1403715406.607736110687256,0.00399,0.00010,0.00005,0.00000,0.00008,0.00152,0.00574
1403715406.657736063003540,0.00465,0.00010,0.00007,0.00000,0.00005,0.00155,0.00643
1403715406.707736015319824,0.00521,0.00010,0.00007,0.00000,0.00000,0.00153,0.00691
1403715406.757735967636108,0.00380,0.00009,0.00010,0.00000,0.00030,0.00160,0.00590
1403715406.807736158370972,0.00405,0.00010,0.00005,0.00000,0.00016,0.00156,0.00592
1403715406.857736110687256,0.00409,0.00010,0.00004,0.00000,0.00013,0.00162,0.00599
1403715406.907736063003540,0.00389,0.00010,0.00001,0.00000,0.00005,0.00156,0.00561
1403715406.957736015319824,0.00493,0.00012,0.00006,0.00000,0.00040,0.00189,0.00740
1403715407.007735967636108,0.00463,0.00012,0.00008,0.00000,0.00009,0.00161,0.00652
1403715407.057736158370972,0.00406,0.00011,0.00008,0.00000,0.00026,0.00156,0.00607
1403715407.107736110687256,0.00401,0.00010,0.00011,0.00000,0.00043,0.00156,0.00621
1403715407.157736063003540,0.00360,0.00010,0.00004,0.00000,0.00002,0.00158,0.00535
1403715407.207736015319824,0.00415,0.00010,0.00008,0.00000,0.00016,0.00155,0.00605
1403715407.257735967636108,0.00495,0.00010,0.00014,0.00000,0.00038,0.00177,0.00735
1403715407.307736158370972,0.00473,0.00010,0.00008,0.00000,0.00000,0.00161,0.00653
1403715407.357736110687256,0.00388,0.00009,0.00006,0.00000,0.00033,0.00149,0.00585
1403715407.407736063003540,0.00439,0.00011,0.00009,0.00000,0.00008,0.00161,0.00629
1403715407.457736015319824,0.00418,0.00010,0.00009,0.00000,0.00005,0.00158,0.00601
1403715407.507735967636108,0.00377,0.00012,0.00007,0.00000,0.00025,0.00150,0.00571
1403715407.557736158370972,0.00491,0.00010,0.00013,0.00000,0.00032,0.00176,0.00722
1403715407.607736110687256,0.00436,0.00010,0.00011,0.00000,0.00006,0.00155,0.00619
1403715407.657736063003540,0.00513,0.00010,0.00010,0.00000,0.00014,0.00178,0.00726
1403715407.707736253738403,0.00604,0.00010,0.00021,0.00000,0.00031,0.00152,0.00818
1403715407.757735967636108,0.00569,0.00010,0.00024,0.00000,0.00000,0.00164,0.00767
1403715407.807736158370972,0.00629,0.00013,0.00042,0.00000,0.00010,0.00143,0.00838
1403715407.857736110687256,0.00626,0.00012,0.00026,0.00000,0.00033,0.00139,0.00836
1403715407.907736063003540,0.00680,0.00010,0.00010,0.00000,0.00000,0.00142,0.00841
1403715407.957736015319824,0.00524,0.00009,0.00008,0.00000,0.00021,0.00166,0.00729
1403715408.007736921310425,0.00711,0.00011,0.00022,0.00000,0.00004,0.00137,0.00885
1403715408.057737112045288,0.00993,0.00010,0.00022,0.00000,0.00000,0.00148,0.01173
1403715408.107737064361572,0.01341,0.00011,0.00022,0.00000,0.00004,0.00139,0.01517
1403715408.157737016677856,0.01064,0.00011,0.00010,0.00000,0.00010,0.00142,0.01237
1403715408.207736968994141,0.01957,0.00010,0.00014,0.00000,0.00002,0.00150,0.02134
1403715408.257737636566162,0.00878,0.00009,0.00015,0.00000,0.00008,0.00150,0.01060
1403715408.307737827301025,0.00794,0.00006,0.00015,0.00000,0.00008,0.00138,0.00960
1403715408.357737779617310,0.00642,0.00010,0.00010,0.00000,0.00000,0.00145,0.00807
1403715408.407737731933594,0.00585,0.00008,0.00021,0.00000,0.00000,0.00144,0.00757
1403715408.457737684249878,0.00592,0.00010,0.00014,0.00000,0.00009,0.00156,0.00781
1403715408.507737874984741,0.00548,0.00009,0.00023,0.00000,0.00000,0.00149,0.00729
1403715408.557738065719604,0.00505,0.00010,0.00012,0.00000,0.00017,0.00144,0.00688
1403715408.607738018035889,0.00579,0.00009,0.00012,0.00000,0.00004,0.00147,0.00751
1403715408.657737970352173,0.00364,0.00009,0.00008,0.00000,0.00004,0.00165,0.00550
1403715408.707737922668457,0.00493,0.00013,0.00010,0.00000,0.00012,0.00147,0.00676
1403715408.757737874984741,0.00489,0.00010,0.00005,0.00000,0.00050,0.00149,0.00702
1403715408.807738065719604,0.00438,0.00011,0.00011,0.00000,0.00016,0.00152,0.00629
1403715408.857738018035889,0.00490,0.00009,0.00009,0.00000,0.00013,0.00149,0.00670
1403715408.907737970352173,0.00486,0.00011,0.00018,0.00000,0.00016,0.00148,0.00679
1403715408.957737922668457,0.00580,0.00010,0.00007,0.00000,0.00000,0.00185,0.00782
1403715409.007737874984741,0.00425,0.00011,0.00008,0.00000,0.00006,0.00154,0.00603
1403715409.057738065719604,0.00556,0.00010,0.00008,0.00000,0.00017,0.00180,0.00771
1403715409.107738018035889,0.00404,0.00011,0.00013,0.00000,0.00014,0.00155,0.00597
1403715409.157737970352173,0.00532,0.00010,0.00004,0.00000,0.00033,0.00179,0.00760
1403715409.207737922668457,0.00456,0.00010,0.00012,0.00000,0.00004,0.00153,0.00635
1403715409.257737874984741,0.00529,0.00011,0.00010,0.00000,0.00014,0.00177,0.00742
1403715409.307738065719604,0.00409,0.00012,0.00017,0.00000,0.00007,0.00156,0.00600
1403715409.357738018035889,0.00442,0.00010,0.00011,0.00000,0.00015,0.00153,0.00632
1403715409.407737970352173,0.00485,0.00010,0.00009,0.00000,0.00028,0.00156,0.00688
1403715409.457737922668457,0.00440,0.00010,0.00010,0.00000,0.00013,0.00154,0.00626
1403715409.507737874984741,0.00518,0.00011,0.00010,0.00000,0.00022,0.00180,0.00741
1403715409.557738065719604,0.00399,0.00010,0.00003,0.00000,0.00000,0.00155,0.00568
1403715409.607738018035889,0.00466,0.00011,0.00008,0.00000,0.00008,0.00159,0.00651
1403715409.657737970352173,0.00552,0.00011,0.00005,0.00000,0.00008,0.00179,0.00755
1403715409.707737922668457,0.00466,0.00011,0.00010,0.00000,0.00035,0.00160,0.00682
1403715409.757737874984741,0.00455,0.00011,0.00005,0.00000,0.00017,0.00161,0.00649
1403715409.807738065719604,0.00440,0.00010,0.00001,0.00000,0.00012,0.00166,0.00629
1403715409.857738018035889,0.00447,0.00010,0.00006,0.00000,0.00009,0.00164,0.00636
1403715409.907737970352173,0.00434,0.00010,0.00005,0.00000,0.00018,0.00163,0.00630
1403715409.957737922668457,0.00426,0.00011,0.00011,0.00000,0.00032,0.00162,0.00642
1403715410.007737874984741,0.00582,0.00010,0.00010,0.00000,0.00028,0.00185,0.00816
1403715410.057738065719604,0.00427,0.00011,0.00014,0.00000,0.00020,0.00165,0.00637
1403715410.107738018035889,0.00448,0.00010,0.00007,0.00000,0.00014,0.00163,0.00642
1403715410.157737970352173,0.00434,0.00011,0.00014,0.00000,0.00021,0.00164,0.00644
1403715410.207737922668457,0.00387,0.00010,0.00009,0.00000,0.00038,0.00160,0.00604
1403715410.257737874984741,0.00365,0.00010,0.00005,0.00000,0.00009,0.00162,0.00551
1403715410.307738065719604,0.00509,0.00010,0.00012,0.00000,0.00019,0.00160,0.00710
1403715410.357738018035889,0.00417,0.00011,0.00008,0.00000,0.00012,0.00167,0.00615
1403715410.407737970352173,0.00424,0.00010,0.00001,0.00000,0.00006,0.00157,0.00599
1403715410.457737922668457,0.00406,0.00012,0.00007,0.00000,0.00006,0.00162,0.00593
1403715410.507737874984741,0.00389,0.00011,0.00001,0.00000,0.00017,0.00161,0.00579
1403715410.557738065719604,0.00369,0.00013,0.00007,0.00000,0.00062,0.00160,0.00611
1403715410.607738018035889,0.00401,0.00013,0.00001,0.00000,0.00021,0.00158,0.00594
1403715410.657737970352173,0.00404,0.00011,0.00001,0.00000,0.00017,0.00160,0.00593
1403715410.707737922668457,0.00378,0.00011,0.00001,0.00000,0.00015,0.00178,0.00582
1403715410.757737874984741,0.00397,0.00013,0.00001,0.00000,0.00017,0.00159,0.00587
1403715410.807738065719604,0.00409,0.00010,0.00007,0.00000,0.00030,0.00160,0.00616
1403715410.857738018035889,0.00394,0.00010,0.00004,0.00000,0.00040,0.00158,0.00606
1403715410.907737970352173,0.00397,0.00011,0.00001,0.00000,0.00021,0.00154,0.00583
1403715410.957737922668457,0.00389,0.00010,0.00001,0.00000,0.00013,0.00159,0.00572
1403715411.007737874984741,0.00408,0.00010,0.00003,0.00000,0.00005,0.00157,0.00583
1403715411.057738065719604,0.00385,0.00010,0.00001,0.00000,0.00006,0.00156,0.00558
1403715411.107738018035889,0.00450,0.00010,0.00001,0.00000,0.00016,0.00159,0.00635
1403715411.157737970352173,0.00389,0.00011,0.00009,0.00000,0.00055,0.00156,0.00621
1403715411.207737922668457,0.00389,0.00010,0.00001,0.00000,0.00017,0.00157,0.00574
1403715411.257737874984741,0.00473,0.00011,0.00005,0.00000,0.00019,0.00159,0.00666
1403715411.307738065719604,0.00448,0.00015,0.00005,0.00000,0.00013,0.00161,0.00642
1403715411.357738018035889,0.00438,0.00010,0.00005,0.00000,0.00013,0.00192,0.00658
1403715411.407737970352173,0.00403,0.00009,0.00004,0.00000,0.00028,0.00181,0.00625
1403715411.457737922668457,0.00416,0.00012,0.00004,0.00000,0.00028,0.00165,0.00625
1403715411.507737874984741,0.00431,0.00011,0.00005,0.00000,0.00018,0.00160,0.00623
1403715411.557738065719604,0.00417,0.00011,0.00004,0.00000,0.00011,0.00163,0.00607
1403715411.607738018035889,0.00434,0.00011,0.00001,0.00000,0.00006,0.00161,0.00613
1403715411.657737970352173,0.00434,0.00010,0.00004,0.00000,0.00020,0.00159,0.00627
1403715411.707737922668457,0.00417,0.00011,0.00001,0.00000,0.00012,0.00161,0.00602
1403715411.757737874984741,0.00423,0.00010,0.00001,0.00000,0.00052,0.00161,0.00647
1403715411.807738065719604,0.00403,0.00010,0.00001,0.00000,0.00059,0.00163,0.00637
1403715411.857738018035889,0.00399,0.00010,0.00001,0.00000,0.00016,0.00163,0.00589
1403715411.907737970352173,0.00394,0.00010,0.00001,0.00000,0.00014,0.00161,0.00580
1403715411.957737922668457,0.00405,0.00010,0.00001,0.00000,0.00011,0.00164,0.00592
1403715412.007737874984741,0.00414,0.00010,0.00001,0.00000,0.00027,0.00160,0.00612
1403715412.057738065719604,0.00426,0.00009,0.00001,0.00000,0.00029,0.00167,0.00631
1403715412.107738018035889,0.00404,0.00011,0.00001,0.00000,0.00018,0.00164,0.00597
1403715412.157737970352173,0.00413,0.00011,0.00001,0.00000,0.00013,0.00162,0.00600
1403715412.207737922668457,0.00425,0.00013,0.00001,0.00000,0.00006,0.00162,0.00607
1403715412.257737874984741,0.00360,0.00012,0.00001,0.00000,0.00020,0.00162,0.00555
1403715412.307738065719604,0.00374,0.00013,0.00001,0.00000,0.00012,0.00163,0.00563
1403715412.357738018035889,0.00405,0.00009,0.00001,0.00000,0.00049,0.00161,0.00626
1403715412.407737970352173,0.00394,0.00009,0.00001,0.00000,0.00053,0.00161,0.00617
1403715412.457737922668457,0.00404,0.00010,0.00001,0.00000,0.00016,0.00169,0.00599
1403715412.507737874984741,0.00420,0.00009,0.00001,0.00000,0.00014,0.00162,0.00606
1403715412.557738065719604,0.00394,0.00010,0.00001,0.00000,0.00011,0.00159,0.00575
1403715412.607738018035889,0.00405,0.00010,0.00001,0.00000,0.00027,0.00160,0.00603
1403715412.657737970352173,0.00422,0.00012,0.00001,0.00000,0.00027,0.00165,0.00627
1403715412.707737922668457,0.00402,0.00010,0.00006,0.00000,0.00018,0.00158,0.00594
1403715412.757737874984741,0.00401,0.00011,0.00002,0.00000,0.00013,0.00160,0.00587
1403715412.807738065719604,0.00394,0.00011,0.00001,0.00000,0.00006,0.00163,0.00575
1403715412.857738018035889,0.00404,0.00010,0.00001,0.00000,0.00020,0.00158,0.00593
1403715412.907737970352173,0.00394,0.00011,0.00001,0.00000,0.00014,0.00159,0.00577
1403715412.957737922668457,0.00381,0.00009,0.00001,0.00000,0.00052,0.00158,0.00602
1403715413.007737874984741,0.00359,0.00010,0.00001,0.00000,0.00052,0.00184,0.00606
1403715413.057738065719604,0.00400,0.00010,0.00001,0.00000,0.00016,0.00163,0.00590
1403715413.107738018035889,0.00391,0.00010,0.00001,0.00000,0.00014,0.00158,0.00575
1403715413.157737970352173,0.00393,0.00010,0.00001,0.00000,0.00010,0.00157,0.00572
1403715413.207737922668457,0.00403,0.00011,0.00001,0.00000,0.00028,0.00159,0.00603
1403715413.257737874984741,0.00419,0.00010,0.00006,0.00000,0.00023,0.00159,0.00618
1403715413.307738065719604,0.00407,0.00010,0.00006,0.00000,0.00015,0.00158,0.00596
1403715413.357738018035889,0.00363,0.00011,0.00007,0.00000,0.00012,0.00158,0.00551
1403715413.407737970352173,0.00384,0.00011,0.00009,0.00000,0.00005,0.00156,0.00566
1403715413.457737922668457,0.00656,0.00009,0.00006,0.00000,0.00008,0.00188,0.00867
1403715413.507737874984741,0.00452,0.00011,0.00007,0.00000,0.00011,0.00160,0.00641
1403715413.557738065719604,0.00429,0.00010,0.00007,0.00000,0.00045,0.00158,0.00649
1403715413.607738018035889,0.00450,0.00012,0.00006,0.00000,0.00040,0.00160,0.00667
1403715413.657737970352173,0.00439,0.00010,0.00004,0.00000,0.00014,0.00161,0.00629
1403715413.707737922668457,0.00418,0.00011,0.00005,0.00000,0.00013,0.00158,0.00605
1403715413.757737874984741,0.00424,0.00011,0.00010,0.00000,0.00010,0.00162,0.00617
1403715413.807738065719604,0.00423,0.00010,0.00012,0.00000,0.00021,0.00158,0.00625
1403715413.857738018035889,0.00649,0.00010,0.00007,0.00000,0.00012,0.00194,0.00871
1403715413.907737970352173,0.00469,0.00010,0.00010,0.00000,0.00008,0.00160,0.00658
1403715413.957737922668457,0.00456,0.00010,0.00007,0.00000,0.00012,0.00160,0.00646
1403715414.007737874984741,0.00450,0.00010,0.00006,0.00000,0.00048,0.00156,0.00672
1403715414.057738065719604,0.00425,0.00010,0.00004,0.00000,0.00004,0.00167,0.00610
1403715414.107738018035889,0.00434,0.00010,0.00009,0.00000,0.00011,0.00159,0.00623
1403715414.157737970352173,0.00410,0.00011,0.00006,0.00000,0.00026,0.00161,0.00614
1403715414.207737922668457,0.00573,0.00010,0.00006,0.00000,0.00026,0.00194,0.00809
1403715414.257737874984741,0.00393,0.00010,0.00004,0.00000,0.00012,0.00164,0.00584
1403715414.307738065719604,0.00492,0.00013,0.00001,0.00000,0.00009,0.00163,0.00678
1403715414.357738018035889,0.00442,0.00009,0.00001,0.00000,0.00011,0.00162,0.00625
1403715414.407737970352173,0.00699,0.00010,0.00004,0.00000,0.00075,0.00208,0.00995
1403715414.457737922668457,0.00474,0.00010,0.00004,0.00000,0.00005,0.00191,0.00684
1403715414.507737874984741,0.00462,0.00009,0.00005,0.00000,0.00005,0.00167,0.00647
1403715414.557738065719604,0.00418,0.00010,0.00001,0.00000,0.00013,0.00175,0.00618
1403715414.607738018035889,0.00425,0.00010,0.00004,0.00000,0.00042,0.00207,0.00688
1403715414.657737970352173,0.00427,0.00010,0.00005,0.00000,0.00004,0.00171,0.00617
1403715414.707737922668457,0.00421,0.00011,0.00008,0.00000,0.00010,0.00172,0.00622
1403715414.757737874984741,0.00576,0.00012,0.00013,0.00000,0.00065,0.00171,0.00837
1403715414.807738065719604,0.00474,0.00013,0.00006,0.00000,0.00021,0.00181,0.00694
1403715414.857738018035889,0.00451,0.00010,0.00011,0.00000,0.00012,0.00188,0.00672
1403715414.907737970352173,0.00442,0.00010,0.00007,0.00000,0.00009,0.00172,0.00640
1403715414.957737922668457,0.00442,0.00010,0.00009,0.00000,0.00047,0.00165,0.00673
1403715415.007737874984741,0.00421,0.00010,0.00013,0.00000,0.00060,0.00158,0.00663
1403715415.057738065719604,0.00601,0.00012,0.00007,0.00000,0.00003,0.00183,0.00806
1403715415.107738018035889,0.00439,0.00010,0.00007,0.00000,0.00002,0.00165,0.00623
1403715415.157737970352173,0.00440,0.00010,0.00008,0.00000,0.00012,0.00160,0.00631
1403715415.207737922668457,0.00397,0.00010,0.00005,0.00000,0.00038,0.00160,0.00610
1403715415.257737874984741,0.00389,0.00012,0.00004,0.00000,0.00002,0.00177,0.00584
1403715415.307738065719604,0.00377,0.00012,0.00004,0.00000,0.00010,0.00163,0.00566
1403715415.357738018035889,0.00416,0.00010,0.00011,0.00000,0.00043,0.00159,0.00640
1403715415.407737970352173,0.00782,0.00011,0.00008,0.00000,0.00010,0.00162,0.00973
1403715415.457737922668457,0.00477,0.00010,0.00012,0.00000,0.00011,0.00171,0.00681
1403715415.507737874984741,0.00476,0.00011,0.00005,0.00000,0.00000,0.00164,0.00655
1403715415.557738065719604,0.00450,0.00011,0.00007,0.00000,0.00024,0.00171,0.00664
1403715415.607738018035889,0.00429,0.00010,0.00005,0.00000,0.00085,0.00187,0.00718
1403715415.657737970352173,0.00448,0.00010,0.00005,0.00000,0.00000,0.00167,0.00630
1403715415.707737922668457,0.00502,0.00011,0.00009,0.00000,0.00000,0.00163,0.00685
1403715415.757737874984741,0.00453,0.00009,0.00005,0.00000,0.00009,0.00165,0.00641
1403715415.807738065719604,0.00423,0.00011,0.00004,0.00000,0.00027,0.00163,0.00628
1403715415.857738018035889,0.00426,0.00013,0.00004,0.00000,0.00000,0.00200,0.00643
1403715415.907737970352173,0.00429,0.00009,0.00001,0.00000,0.00003,0.00156,0.00599
1403715415.957737922668457,0.00394,0.00010,0.00016,0.00000,0.00105,0.00191,0.00716
1403715416.007737874984741,0.00413,0.00009,0.00001,0.00000,0.00008,0.00157,0.00586
1403715416.057738065719604,0.00396,0.00013,0.00001,0.00000,0.00012,0.00159,0.00581
1403715416.107738018035889,0.00386,0.00010,0.00001,0.00000,0.00000,0.00159,0.00556
1403715416.157737970352173,0.00388,0.00010,0.00001,0.00000,0.00023,0.00163,0.00584
1403715416.207737922668457,0.00399,0.00010,0.00001,0.00000,0.00074,0.00161,0.00645
1403715416.257737874984741,0.00390,0.00011,0.00001,0.00000,0.00000,0.00166,0.00568
1403715416.307738065719604,0.00376,0.00010,0.00001,0.00000,0.00000,0.00158,0.00545
1403715416.357738018035889,0.00383,0.00010,0.00004,0.00000,0.00008,0.00159,0.00564
1403715416.407737970352173,0.00370,0.00010,0.00001,0.00000,0.00025,0.00160,0.00566
1403715416.457737922668457,0.00426,0.00010,0.00001,0.00000,0.00000,0.00164,0.00601
1403715416.507737874984741,0.00381,0.00010,0.00001,0.00000,0.00004,0.00158,0.00554
1403715416.557738065719604,0.00393,0.00011,0.00011,0.00000,0.00099,0.00158,0.00671
1403715416.607738018035889,0.00413,0.00010,0.00001,0.00000,0.00007,0.00159,0.00590
1403715416.657737970352173,0.00397,0.00012,0.00001,0.00000,0.00011,0.00164,0.00585
1403715416.707737922668457,0.00366,0.00010,0.00001,0.00000,0.00000,0.00159,0.00535
1403715416.757737874984741,0.00377,0.00010,0.00001,0.00000,0.00022,0.00161,0.00571
1403715416.807738065719604,0.00415,0.00010,0.00001,0.00000,0.00072,0.00158,0.00655
1403715416.857738018035889,0.00396,0.00012,0.00001,0.00000,0.00000,0.00203,0.00612
1403715416.907737970352173,0.00381,0.00010,0.00001,0.00000,0.00000,0.00156,0.00547
1403715416.957737922668457,0.00331,0.00010,0.00001,0.00000,0.00010,0.00160,0.00512
1403715417.007737874984741,0.00377,0.00009,0.00001,0.00000,0.00026,0.00160,0.00573
1403715417.057738065719604,0.00376,0.00012,0.00001,0.00000,0.00000,0.00159,0.00548
1403715417.107738018035889,0.00370,0.00011,0.00001,0.00000,0.00004,0.00155,0.00540
1403715417.157737970352173,0.00454,0.00011,0.00011,0.00000,0.00099,0.00165,0.00740
1403715417.207737922668457,0.00385,0.00010,0.00001,0.00000,0.00007,0.00157,0.00560
1403715417.257737874984741,0.00369,0.00010,0.00001,0.00000,0.00011,0.00157,0.00548
1403715417.307738065719604,0.00386,0.00011,0.00001,0.00000,0.00000,0.00159,0.00558
1403715417.357738018035889,0.00370,0.00009,0.00001,0.00000,0.00023,0.00156,0.00559
1403715417.407737970352173,0.00398,0.00010,0.00001,0.00000,0.00076,0.00161,0.00645
1403715417.457737922668457,0.00390,0.00010,0.00001,0.00000,0.00000,0.00156,0.00557
1403715417.507737874984741,0.00415,0.00011,0.00001,0.00000,0.00000,0.00186,0.00613
1403715417.557738065719604,0.00376,0.00012,0.00001,0.00000,0.00010,0.00160,0.00559
1403715417.607738018035889,0.00411,0.00009,0.00001,0.00000,0.00029,0.00161,0.00611
1403715417.657737970352173,0.00405,0.00010,0.00001,0.00000,0.00000,0.00162,0.00578
1403715417.707737922668457,0.00407,0.00010,0.00001,0.00000,0.00004,0.00156,0.00577
1403715417.757737874984741,0.00391,0.00010,0.00013,0.00000,0.00108,0.00155,0.00677
1403715417.807738065719604,0.00396,0.00009,0.00001,0.00000,0.00007,0.00157,0.00571
1403715417.857738018035889,0.00404,0.00010,0.00001,0.00000,0.00011,0.00161,0.00588
1403715417.907737970352173,0.00399,0.00010,0.00001,0.00000,0.00000,0.00156,0.00566
1403715417.957737922668457,0.00393,0.00011,0.00001,0.00000,0.00024,0.00158,0.00587
1403715418.007737874984741,0.00407,0.00010,0.00001,0.00000,0.00070,0.00155,0.00644
1403715418.057738065719604,0.00399,0.00010,0.00001,0.00000,0.00000,0.00162,0.00572
1403715418.107738018035889,0.00386,0.00010,0.00001,0.00000,0.00000,0.00159,0.00556
1403715418.157737970352173,0.00385,0.00010,0.00001,0.00000,0.00009,0.00158,0.00564
1403715418.207737922668457,0.00396,0.00010,0.00001,0.00000,0.00026,0.00155,0.00587
1403715418.257737874984741,0.00384,0.00010,0.00001,0.00000,0.00000,0.00157,0.00552
1403715418.307738065719604,0.00383,0.00010,0.00001,0.00000,0.00004,0.00161,0.00559
1403715418.357738018035889,0.00338,0.00010,0.00011,0.00000,0.00097,0.00153,0.00609
1403715418.407737970352173,0.00361,0.00010,0.00001,0.00000,0.00007,0.00159,0.00538
1403715418.457737922668457,0.00389,0.00010,0.00001,0.00000,0.00010,0.00154,0.00563
1403715418.507737874984741,0.00370,0.00009,0.00001,0.00000,0.00000,0.00157,0.00537
1403715418.557738065719604,0.00366,0.00012,0.00005,0.00000,0.00020,0.00161,0.00565
1403715418.607738018035889,0.00664,0.00011,0.00005,0.00000,0.00092,0.00154,0.00926
1403715418.657737970352173,0.00365,0.00009,0.00002,0.00000,0.00000,0.00158,0.00534
1403715418.707737922668457,0.00402,0.00011,0.00001,0.00000,0.00000,0.00159,0.00573
1403715418.757737874984741,0.00421,0.00011,0.00001,0.00000,0.00009,0.00167,0.00610
1403715418.807738065719604,0.00423,0.00010,0.00001,0.00000,0.00026,0.00164,0.00623
