# timestamp (sec),tracking,propagation,msckf update,slam update,slam delayed,re-tri & marg,total
1403715278.863985061645508,0.00264,0.00011,0.00034,0.00000,0.00000,0.00144,0.00454
1403715278.911744594573975,0.00271,0.00011,0.00330,0.00000,0.00659,0.00129,0.01401
1403715278.961818218231201,0.00243,0.00017,0.00051,0.00206,0.00000,0.00121,0.00640
1403715279.011806249618530,0.00244,0.00013,0.00007,0.00212,0.00000,0.00136,0.00612
1403715279.061684608459473,0.00266,0.00014,0.00003,0.00218,0.00000,0.00132,0.00634
1403715279.111341714859009,0.00252,0.00013,0.00040,0.00210,0.00000,0.00128,0.00643
1403715279.161275863647461,0.00246,0.00016,0.00044,0.00208,0.00000,0.00133,0.00648
1403715279.211400747299194,0.00260,0.00013,0.00057,0.00213,0.00000,0.00144,0.00688
1403715279.261552572250366,0.00239,0.00013,0.00001,0.00225,0.00425,0.00143,0.01046
1403715279.311716318130493,0.00214,0.00015,0.00005,0.00274,0.00379,0.00139,0.01025
1403715279.361174821853638,0.00214,0.00016,0.00001,0.00321,0.00106,0.00135,0.00793
1403715279.410499572753906,0.00250,0.00016,0.00001,0.00345,0.00875,0.00187,0.01676
1403715279.459504365921021,0.00259,0.00016,0.00001,0.00473,0.00000,0.00166,0.00917
1403715279.508960962295532,0.00224,0.00017,0.01028,0.00475,0.00117,0.00138,0.01998
1403715279.558841943740845,0.00221,0.00018,0.00001,0.00513,0.00005,0.00140,0.00898
1403715279.609036922454834,0.00204,0.00016,0.00120,0.00491,0.00111,0.00161,0.01103
1403715279.659277200698853,0.00216,0.00017,0.00001,0.00553,0.00000,0.00134,0.00923
1403715279.709196329116821,0.00232,0.00019,0.00001,0.00539,0.00000,0.00135,0.00927
1403715279.759141206741333,0.00235,0.00018,0.00001,0.00566,0.00000,0.00135,0.00956
1403715279.809268951416016,0.00244,0.00017,0.00004,0.00523,0.00000,0.00144,0.00933
1403715279.859085321426392,0.00223,0.00018,0.00005,0.00540,0.00000,0.00142,0.00929
1403715279.908712625503540,0.00222,0.00023,0.00057,0.00532,0.00000,0.00137,0.00971
1403715279.958482980728149,0.00216,0.00017,0.00125,0.00532,0.00003,0.00144,0.01036
1403715280.008178234100342,0.00219,0.00020,0.00002,0.00521,0.00000,0.00161,0.00923
1403715280.057939052581787,0.00262,0.00017,0.00005,0.00554,0.00000,0.00143,0.00981
1403715280.107980966567993,0.00248,0.00017,0.00966,0.00511,0.00004,0.00129,0.01875
1403715280.158925056457520,0.00209,0.00016,0.00001,0.00544,0.00003,0.00137,0.00910
1403715280.209417343139648,0.00238,0.00019,0.00107,0.00497,0.00006,0.00135,0.01002
1403715280.259784698486328,0.00248,0.00018,0.00017,0.00511,0.00000,0.00134,0.00927
1403715280.309852361679077,0.00227,0.00020,0.00002,0.00495,0.00000,0.00135,0.00879
1403715280.359840631484985,0.00214,0.00017,0.00001,0.00475,0.00000,0.00142,0.00851
1403715280.409878969192505,0.00249,0.00016,0.00010,0.00673,0.00026,0.00226,0.01200
1403715280.459973812103271,0.00247,0.00016,0.00042,0.00489,0.00000,0.00143,0.00938
1403715280.510220766067505,0.00220,0.00019,0.00011,0.00494,0.00000,0.00146,0.00891
1403715280.560217380523682,0.00228,0.00017,0.00088,0.00492,0.00082,0.00160,0.01066
1403715280.610387563705444,0.00274,0.00017,0.00045,0.00454,0.00312,0.00132,0.01234
1403715280.660441398620605,0.00232,0.00019,0.00051,0.00520,0.00001,0.00138,0.00961
1403715280.710665225982666,0.00237,0.00017,0.00945,0.00509,0.00120,0.00143,0.01970
1403715280.760679006576538,0.00242,0.00016,0.00111,0.00477,0.00117,0.00135,0.01098
1403715280.810696601867676,0.00227,0.00016,0.00167,0.00405,0.00017,0.00134,0.00968
1403715280.860647201538086,0.00279,0.00016,0.00047,0.00402,0.00015,0.00145,0.00903
1403715280.910499334335327,0.00235,0.00015,0.00095,0.00419,0.00025,0.00142,0.00932
1403715280.960344314575195,0.00255,0.00016,0.00027,0.00409,0.00198,0.00136,0.01042
1403715281.010177135467529,0.00393,0.00015,0.00032,0.00341,0.00000,0.00152,0.00933
1403715281.060098886489868,0.00245,0.00019,0.00004,0.00264,0.00015,0.00146,0.00694
1403715281.110120773315430,0.00248,0.00018,0.00013,0.00259,0.00024,0.00154,0.00715
1403715281.160063505172729,0.00247,0.00015,0.00028,0.00282,0.00316,0.00138,0.01027
1403715281.210259199142456,0.00231,0.00018,0.00064,0.00361,0.00000,0.00132,0.00805
1403715281.260386466979980,0.00242,0.00016,0.00016,0.00353,0.00003,0.00136,0.00767
1403715281.310545921325684,0.00228,0.00013,0.00458,0.00322,0.01029,0.00133,0.02183
1403715281.360615015029907,0.00225,0.00019,0.00004,0.00541,0.00000,0.00137,0.00925
1403715281.410599470138550,0.00243,0.00016,0.00682,0.00532,0.00111,0.00132,0.01716
1403715281.460676670074463,0.00229,0.00017,0.00001,0.00590,0.00000,0.00138,0.00975
1403715281.510658264160156,0.00350,0.00017,0.00003,0.00553,0.00000,0.00149,0.01072
1403715281.560594558715820,0.00276,0.00022,0.00260,0.00543,0.00018,0.00134,0.01253
1403715281.610485553741455,0.00262,0.00018,0.00011,0.00530,0.00000,0.00148,0.00969
1403715281.660451889038086,0.00259,0.00020,0.00028,0.00493,0.00000,0.00155,0.00955
1403715281.710437059402466,0.00267,0.00018,0.00059,0.00404,0.00016,0.00156,0.00921
1403715281.760478019714355,0.00241,0.00015,0.00067,0.00376,0.00000,0.00142,0.00841
1403715281.810487747192383,0.00238,0.00013,0.00008,0.00332,0.00002,0.00130,0.00724
1403715281.860555887222290,0.00240,0.00017,0.00067,0.00319,0.00015,0.00145,0.00803
1403715281.910583734512329,0.00243,0.00015,0.00013,0.00331,0.00744,0.00135,0.01480
1403715281.960624456405640,0.00357,0.00017,0.00107,0.00490,0.00000,0.00142,0.01113
1403715282.010623455047607,0.00256,0.00016,0.00413,0.00453,0.00305,0.00139,0.01583
1403715282.060583353042603,0.00243,0.00020,0.00882,0.00533,0.00111,0.00148,0.01935
1403715282.110621690750122,0.00263,0.00017,0.00012,0.00520,0.00018,0.00132,0.00962
1403715282.160583734512329,0.00263,0.00019,0.00176,0.00390,0.00000,0.00145,0.00994
1403715282.210576295852661,0.00258,0.00018,0.00015,0.00251,0.00032,0.00142,0.00715
1403715282.260695934295654,0.00263,0.00017,0.00027,0.00337,0.00094,0.00142,0.00880
1403715282.310685157775879,0.00252,0.00016,0.00018,0.00447,0.00069,0.00146,0.00950
1403715282.360603332519531,0.00257,0.00017,0.00012,0.00488,0.00017,0.00144,0.00934
1403715282.410637617111206,0.00256,0.00016,0.00085,0.00452,0.00028,0.00141,0.00978
1403715282.460634708404541,0.00256,0.00016,0.00013,0.00459,0.00003,0.00141,0.00889
1403715282.510662317276001,0.00246,0.00016,0.00631,0.00434,0.00425,0.00134,0.01887
1403715282.560707569122314,0.00392,0.00018,0.00019,0.00486,0.00000,0.00151,0.01067
1403715282.610877513885498,0.00295,0.00016,0.00367,0.00402,0.00220,0.00143,0.01442
1403715282.660904169082642,0.00375,0.00016,0.00605,0.00371,0.00524,0.00142,0.02032
1403715282.710889339447021,0.00285,0.00017,0.00026,0.00109,0.00001,0.00142,0.00580
1403715282.760880708694458,0.00283,0.00016,0.00115,0.00076,0.00101,0.00161,0.00751
1403715282.810882568359375,0.00249,0.00017,0.00088,0.00056,0.00246,0.00142,0.00798
1403715282.860775470733643,0.00252,0.00015,0.00019,0.00328,0.00037,0.00146,0.00797
1403715282.910779714584351,0.00376,0.00019,0.00053,0.00276,0.00056,0.00152,0.00932
1403715282.960809230804443,0.00273,0.00019,0.00015,0.00088,0.00000,0.00155,0.00550
1403715283.010778665542603,0.00245,0.00015,0.00025,0.00075,0.00075,0.00141,0.00576
1403715283.060824632644653,0.00247,0.00016,0.00063,0.00040,0.00232,0.00144,0.00741
1403715283.110917091369629,0.00265,0.00015,0.00809,0.00333,0.00270,0.00146,0.01838
1403715283.160866737365723,0.00251,0.00017,0.00024,0.00345,0.00068,0.00144,0.00850
1403715283.210889816284180,0.00262,0.00016,0.00013,0.00461,0.00083,0.00148,0.00983
1403715283.260835647583008,0.00260,0.00015,0.00196,0.00441,0.00080,0.00144,0.01136
1403715283.310868501663208,0.00268,0.00018,0.00004,0.00441,0.00000,0.00154,0.00884
1403715283.360829591751099,0.00265,0.00020,0.00036,0.00430,0.00006,0.00150,0.00907
1403715283.410787820816040,0.00257,0.00020,0.00021,0.00412,0.00110,0.00149,0.00969
1403715283.460752248764038,0.00257,0.00017,0.00009,0.00421,0.00000,0.00151,0.00857
1403715283.510732173919678,0.00259,0.00022,0.00017,0.00359,0.00101,0.00136,0.00894
1403715283.560727357864380,0.00214,0.00015,0.00004,0.00390,0.00000,0.00142,0.00766
1403715283.610731363296509,0.00348,0.00020,0.00002,0.00392,0.00000,0.00173,0.00935
1403715283.660738945007324,0.00284,0.00016,0.00006,0.00409,0.00000,0.00155,0.00870
1403715283.710800647735596,0.00279,0.00017,0.00858,0.00378,0.00776,0.00179,0.02489
1403715283.760772228240967,0.00269,0.00016,0.00005,0.00532,0.00000,0.00158,0.00980
1403715283.810777187347412,0.00343,0.00019,0.00301,0.00496,0.00109,0.00150,0.01418
1403715283.860768795013428,0.00269,0.00018,0.00647,0.00511,0.00108,0.00163,0.01716
1403715283.910777568817139,0.00274,0.00018,0.00008,0.00515,0.00000,0.00150,0.00965
1403715283.960791349411011,0.00284,0.00019,0.00002,0.00543,0.00000,0.00159,0.01008
1403715284.010839700698853,0.00302,0.00017,0.00002,0.00513,0.00000,0.00164,0.00999
1403715284.060898542404175,0.00289,0.00019,0.00002,0.00530,0.00000,0.00153,0.00993
1403715284.110922098159790,0.00347,0.00018,0.00042,0.00493,0.00000,0.00153,0.01054
1403715284.160924673080444,0.00288,0.00020,0.01111,0.00498,0.00167,0.00176,0.02261
1403715284.210954189300537,0.00285,0.00019,0.00004,0.00532,0.00000,0.00159,0.01001
1403715284.260952711105347,0.00268,0.00018,0.00011,0.00550,0.00017,0.00164,0.01028
1403715284.310955524444580,0.00274,0.00016,0.00808,0.00514,0.00000,0.00151,0.01762
1403715284.360979318618774,0.00276,0.00018,0.00002,0.00530,0.00000,0.00157,0.00983
1403715284.411045789718628,0.00263,0.00018,0.00303,0.00493,0.00017,0.00161,0.01255
1403715284.461080551147461,0.00374,0.00024,0.00695,0.00513,0.00121,0.00156,0.01883
1403715284.511108398437500,0.00341,0.00016,0.00006,0.00535,0.00000,0.00158,0.01057
1403715284.561136007308960,0.00266,0.00022,0.00001,0.00569,0.00000,0.00245,0.01104
1403715284.611205577850342,0.00267,0.00024,0.00002,0.00539,0.00000,0.00158,0.00990
1403715284.661349058151245,0.00285,0.00016,0.00046,0.00469,0.00001,0.00158,0.00975
1403715284.711358547210693,0.00275,0.00020,0.00002,0.00467,0.00000,0.00160,0.00923
1403715284.761585474014282,0.00244,0.00018,0.00932,0.00415,0.00246,0.00144,0.01998
1403715284.811566114425659,0.00234,0.00023,0.00007,0.00526,0.00001,0.00154,0.00945
1403715284.861535549163818,0.00246,0.00029,0.00010,0.00526,0.00017,0.00155,0.00983
1403715284.911500930786133,0.00264,0.00020,0.00591,0.00537,0.00121,0.00146,0.01679
1403715284.961435079574585,0.00249,0.00019,0.00004,0.00584,0.00000,0.00144,0.01000
1403715285.011424064636230,0.00346,0.00018,0.00315,0.00573,0.00000,0.00159,0.01410
1403715285.061433553695679,0.00305,0.00018,0.00585,0.00576,0.00000,0.00160,0.01643
1403715285.111434698104858,0.00304,0.00019,0.00050,0.00547,0.00000,0.00152,0.01073
1403715285.161450862884521,0.00261,0.00019,0.00008,0.00504,0.00000,0.00155,0.00948
1403715285.211429357528687,0.00261,0.00019,0.00069,0.00461,0.00015,0.00154,0.00979
1403715285.261482477188110,0.00259,0.00019,0.00008,0.00473,0.00000,0.00163,0.00922
1403715285.311515808105469,0.00339,0.00019,0.00002,0.00452,0.00000,0.00153,0.00966
1403715285.361547231674194,0.00326,0.00018,0.00571,0.00467,0.00539,0.00163,0.02084
1403715285.411534547805786,0.00320,0.00019,0.00001,0.00528,0.00003,0.00152,0.01024
1403715285.461538076400757,0.00251,0.00017,0.00001,0.00509,0.00000,0.00155,0.00934
1403715285.511560440063477,0.00263,0.00021,0.00580,0.00490,0.00129,0.00146,0.01630
1403715285.561551809310913,0.00270,0.00019,0.00011,0.00517,0.00017,0.00149,0.00984
1403715285.611562252044678,0.00270,0.00020,0.00242,0.00486,0.00121,0.00147,0.01286
1403715285.661560297012329,0.00251,0.00019,0.00619,0.00526,0.00000,0.00146,0.01562
1403715285.711549520492554,0.00309,0.00019,0.00001,0.00511,0.00000,0.00144,0.00985
1403715285.761529207229614,0.00250,0.00017,0.00009,0.00506,0.00000,0.00149,0.00931
1403715285.811433076858521,0.00249,0.00015,0.00010,0.00455,0.00000,0.00149,0.00878
1403715285.861326932907104,0.00244,0.00019,0.00007,0.00443,0.00000,0.00152,0.00867
1403715285.911279678344727,0.00252,0.00018,0.00001,0.00423,0.00000,0.00167,0.00861
1403715285.961258888244629,0.00248,0.00017,0.00530,0.00395,0.00593,0.00143,0.01926
1403715286.011255264282227,0.00309,0.00017,0.00011,0.00515,0.00077,0.00149,0.01078
1403715286.061243057250977,0.00303,0.00019,0.00001,0.00542,0.00000,0.00148,0.01013
1403715286.111210823059082,0.00249,0.00019,0.00730,0.00535,0.00109,0.00146,0.01790
1403715286.161206483840942,0.00304,0.00019,0.00009,0.00545,0.00000,0.00148,0.01025
1403715286.211208105087280,0.00322,0.00020,0.00109,0.00497,0.00112,0.00150,0.01210
1403715286.261216402053833,0.00251,0.00019,0.00625,0.00492,0.00000,0.00150,0.01537
1403715286.311225652694702,0.00260,0.00019,0.00010,0.00510,0.00000,0.00145,0.00944
1403715286.361243486404419,0.00446,0.00018,0.00015,0.00478,0.00000,0.00162,0.01119
1403715286.411256551742554,0.00347,0.00017,0.00037,0.00411,0.00000,0.00154,0.00966
1403715286.461266994476318,0.00269,0.00017,0.00042,0.00408,0.00000,0.00246,0.00981
1403715286.511282920837402,0.00234,0.00021,0.00033,0.00361,0.00000,0.00152,0.00801
1403715286.561295032501221,0.00240,0.00019,0.00009,0.00349,0.00883,0.00148,0.01649
1403715286.611294269561768,0.00239,0.00018,0.00042,0.00478,0.00020,0.00152,0.00949
1403715286.661300420761108,0.00236,0.00018,0.00019,0.00437,0.00000,0.00149,0.00859
1403715286.711304187774658,0.00228,0.00018,0.00494,0.00377,0.00602,0.00148,0.01867
1403715286.761285305023193,0.00230,0.00017,0.00210,0.00383,0.00058,0.00146,0.01044
1403715286.811293601989746,0.00209,0.00016,0.00011,0.00407,0.00104,0.00144,0.00891
1403715286.861279249191284,0.00216,0.00018,0.00316,0.00367,0.00726,0.00151,0.01794
1403715286.911254882812500,0.00309,0.00019,0.00691,0.00507,0.00004,0.00143,0.01673
1403715286.961254119873047,0.00229,0.00018,0.00021,0.00416,0.00000,0.00145,0.00828
1403715287.011291980743408,0.00225,0.00015,0.00024,0.00398,0.00000,0.00149,0.00810
1403715287.061330318450928,0.00216,0.00015,0.00031,0.00359,0.00024,0.00149,0.00795
1403715287.111400127410889,0.00222,0.00017,0.00013,0.00360,0.00016,0.00153,0.00780
1403715287.161480903625488,0.00210,0.00017,0.00038,0.00332,0.00015,0.00147,0.00759
1403715287.211559772491455,0.00219,0.00015,0.00041,0.00296,0.00000,0.00142,0.00713
1403715287.261591434478760,0.00209,0.00038,0.00046,0.00283,0.00013,0.00170,0.00760
1403715287.311666011810303,0.00328,0.00015,0.00057,0.00250,0.00622,0.00147,0.01418
1403715287.361699581146240,0.00231,0.00016,0.00076,0.00275,0.00055,0.00134,0.00787
1403715287.411714315414429,0.00217,0.00015,0.00004,0.00276,0.00000,0.00138,0.00650
1403715287.461827039718628,0.00228,0.00016,0.00338,0.00250,0.00933,0.00139,0.01905
1403715287.511854648590088,0.00243,0.00018,0.00732,0.00384,0.00022,0.00135,0.01534
1403715287.561831712722778,0.00231,0.00016,0.00002,0.00383,0.00000,0.00144,0.00777
1403715287.611768722534180,0.00249,0.00017,0.00009,0.00366,0.00001,0.00139,0.00782
1403715287.661758184432983,0.00267,0.00017,0.00042,0.00310,0.00014,0.00146,0.00796
1403715287.711754798889160,0.00239,0.00015,0.00011,0.00313,0.00001,0.00138,0.00716
1403715287.761780023574829,0.00278,0.00016,0.00006,0.00295,0.00000,0.00134,0.00729
1403715287.811799049377441,0.00245,0.00018,0.00027,0.00260,0.00000,0.00140,0.00691
1403715287.861806869506836,0.00259,0.00016,0.00013,0.00251,0.01311,0.00140,0.01992
1403715287.911786079406738,0.00223,0.00017,0.00010,0.00411,0.00110,0.00143,0.00914
1403715287.961781501770020,0.00259,0.00019,0.00046,0.00401,0.00019,0.00137,0.00881
1403715288.011780261993408,0.00268,0.00019,0.00071,0.00401,0.00016,0.00137,0.00911
1403715288.061807632446289,0.00234,0.00020,0.00019,0.00345,0.00203,0.00132,0.00953
1403715288.111845493316650,0.00272,0.00016,0.00567,0.00334,0.00209,0.00142,0.01539
1403715288.161867380142212,0.00255,0.00020,0.00016,0.00347,0.00015,0.00139,0.00792
1403715288.211891889572144,0.00240,0.00017,0.00001,0.00368,0.00152,0.00147,0.00925
1403715288.261903047561646,0.00238,0.00015,0.00001,0.00382,0.00000,0.00146,0.00784
1403715288.311910867691040,0.00233,0.00017,0.00005,0.00390,0.00496,0.00143,0.01284
1403715288.361899375915527,0.00234,0.00024,0.00006,0.00419,0.00001,0.00146,0.00831
1403715288.411895751953125,0.00238,0.00035,0.00003,0.00436,0.00000,0.00151,0.00863
1403715288.461906433105469,0.00286,0.00016,0.00010,0.00389,0.00103,0.00144,0.00948
1403715288.511897563934326,0.00293,0.00018,0.00050,0.00376,0.00062,0.00146,0.00946
1403715288.561959505081177,0.00266,0.00020,0.00014,0.00381,0.00431,0.00142,0.01255
1403715288.611966848373413,0.00251,0.00024,0.00013,0.00459,0.00025,0.00147,0.00919
1403715288.661985397338867,0.00249,0.00019,0.00306,0.00458,0.00113,0.00150,0.01294
1403715288.712034702301025,0.00246,0.00018,0.00623,0.00464,0.00325,0.00148,0.01824
1403715288.762054204940796,0.00256,0.00022,0.00001,0.00549,0.00000,0.00159,0.00987
1403715288.812068223953247,0.00231,0.00020,0.00009,0.00538,0.00000,0.00144,0.00943
1403715288.862088918685913,0.00228,0.00021,0.00004,0.00516,0.00000,0.00147,0.00917
1403715288.912116527557373,0.00235,0.00018,0.00011,0.00504,0.00001,0.00141,0.00911
1403715288.962132930755615,0.00244,0.00047,0.00016,0.00498,0.00074,0.00177,0.01057
1403715289.012140989303589,0.00259,0.00022,0.00214,0.00474,0.00000,0.00141,0.01109
1403715289.062143087387085,0.00227,0.00017,0.00100,0.00471,0.00132,0.00145,0.01093
1403715289.112145185470581,0.00247,0.00020,0.00018,0.00490,0.00003,0.00148,0.00925
1403715289.162159442901611,0.00224,0.00020,0.00017,0.00426,0.00020,0.00143,0.00850
1403715289.212123870849609,0.00228,0.00017,0.00007,0.00388,0.00016,0.00147,0.00802
1403715289.262125492095947,0.00224,0.00017,0.00131,0.00356,0.00159,0.00145,0.01033
1403715289.312110424041748,0.00226,0.00018,0.00611,0.00338,0.00169,0.00149,0.01512
1403715289.362119197845459,0.00228,0.00018,0.00010,0.00481,0.00027,0.00143,0.00907
1403715289.412124156951904,0.00219,0.00019,0.00020,0.00482,0.00034,0.00147,0.00921
1403715289.462131261825562,0.00243,0.00019,0.00005,0.00486,0.00000,0.00129,0.00882
1403715289.512126207351685,0.00218,0.00021,0.00010,0.00505,0.00056,0.00139,0.00950
1403715289.562123537063599,0.00269,0.00019,0.00009,0.00445,0.00000,0.00140,0.00884
1403715289.612084388732910,0.00259,0.00019,0.00432,0.00405,0.00423,0.00139,0.01678
1403715289.662076234817505,0.00250,0.00019,0.00017,0.00454,0.00059,0.00148,0.00947
1403715289.712060213088989,0.00247,0.00018,0.00092,0.00470,0.00269,0.00148,0.01243
1403715289.762036323547363,0.00239,0.00019,0.00334,0.00484,0.00000,0.00153,0.01230
1403715289.812037467956543,0.00238,0.00019,0.00008,0.00500,0.00000,0.00148,0.00914
1403715289.862039327621460,0.00292,0.00018,0.00498,0.00441,0.00019,0.00154,0.01423
1403715289.912033081054688,0.00300,0.00019,0.00490,0.00450,0.00380,0.00162,0.01803
1403715289.962030410766602,0.00243,0.00018,0.00001,0.00556,0.00000,0.00152,0.00971
1403715290.012024879455566,0.00308,0.00021,0.00055,0.00507,0.00000,0.00144,0.01035
1403715290.062026977539062,0.00315,0.00018,0.00001,0.00530,0.00000,0.00158,0.01023
1403715290.112020015716553,0.00303,0.00018,0.00359,0.00500,0.00001,0.00146,0.01328
1403715290.162001132965088,0.00249,0.00020,0.00001,0.00515,0.00000,0.00142,0.00928
1403715290.211983442306519,0.00301,0.00020,0.00339,0.00507,0.00005,0.00153,0.01324
1403715290.261998891830444,0.00241,0.00019,0.00001,0.00507,0.00000,0.00156,0.00923
1403715290.312039852142334,0.00235,0.00018,0.00001,0.00509,0.00067,0.00152,0.00983
1403715290.362047195434570,0.00305,0.00020,0.00011,0.00511,0.00063,0.00149,0.01059
1403715290.412078142166138,0.00302,0.00059,0.00002,0.00528,0.00000,0.00185,0.01076
1403715290.462052345275879,0.00275,0.00016,0.00099,0.00487,0.00001,0.00140,0.01018
1403715290.512015342712402,0.00528,0.00042,0.00577,0.00477,0.00219,0.00153,0.01997
1403715290.561964750289917,0.00251,0.00022,0.00043,0.00537,0.00000,0.00140,0.00994
1403715290.611958503723145,0.00240,0.00020,0.00005,0.00533,0.00000,0.00152,0.00950
1403715290.661982774734497,0.00245,0.00018,0.00001,0.00554,0.00000,0.00148,0.00966
1403715290.711968660354614,0.00302,0.00019,0.00436,0.00455,0.00123,0.00153,0.01489
1403715290.761952400207520,0.00267,0.00023,0.00022,0.00531,0.00000,0.00145,0.00988
1403715290.811960935592651,0.00242,0.00022,0.00303,0.00434,0.00107,0.00139,0.01247
1403715290.861954927444458,0.00235,0.00018,0.00004,0.00466,0.00000,0.00139,0.00862
1403715290.911948680877686,0.00235,0.00016,0.00046,0.00467,0.00003,0.00146,0.00913
1403715290.961943149566650,0.00319,0.00018,0.00036,0.00458,0.00321,0.00161,0.01314
1403715291.011963367462158,0.00331,0.00019,0.00002,0.00539,0.00000,0.00151,0.01042
1403715291.061937093734741,0.00324,0.00018,0.00476,0.00508,0.00158,0.00152,0.01635
1403715291.111946821212769,0.00269,0.00017,0.00374,0.00550,0.00000,0.00146,0.01356
1403715291.161947965621948,0.00264,0.00017,0.00074,0.00547,0.00000,0.00146,0.01049
1403715291.211940765380859,0.00343,0.00017,0.00046,0.00520,0.00000,0.00147,0.01074
1403715291.261939048767090,0.00253,0.00019,0.00112,0.00504,0.00000,0.00141,0.01030
1403715291.311939716339111,0.00290,0.00017,0.00492,0.00488,0.00227,0.00146,0.01659
1403715291.361944437026978,0.00254,0.00020,0.00055,0.00521,0.00000,0.00147,0.00998
1403715291.411936521530151,0.00233,0.00018,0.00053,0.00503,0.00119,0.00147,0.01074
1403715291.461943387985229,0.00243,0.00021,0.00010,0.00505,0.00000,0.00152,0.00931
1403715291.511968612670898,0.00329,0.00019,0.00221,0.00447,0.00006,0.00162,0.01184
1403715291.561963081359863,0.00395,0.00017,0.00016,0.00427,0.00003,0.00150,0.01008
1403715291.611960649490356,0.00272,0.00016,0.00038,0.00419,0.00717,0.00161,0.01623
1403715291.661943674087524,0.00263,0.00020,0.00212,0.00537,0.00003,0.00144,0.01179
1403715291.711929798126221,0.00250,0.00019,0.00298,0.00501,0.00220,0.00154,0.01443
1403715291.761929988861084,0.00262,0.00019,0.00013,0.00524,0.00002,0.00153,0.00974
1403715291.811921834945679,0.00250,0.00019,0.00010,0.00534,0.00000,0.00151,0.00964
1403715291.861910104751587,0.00308,0.00017,0.00302,0.00428,0.00426,0.00152,0.01634
1403715291.911917448043823,0.00372,0.00017,0.00372,0.00543,0.00004,0.00153,0.01463
1403715291.961930274963379,0.00321,0.00017,0.00007,0.00567,0.00000,0.00143,0.01056
1403715292.011940002441406,0.00319,0.00016,0.00006,0.00556,0.00000,0.00147,0.01045
1403715292.061972618103027,0.00323,0.00018,0.00073,0.00544,0.00000,0.00156,0.01114
1403715292.111929893493652,0.00246,0.00017,0.00636,0.00537,0.00034,0.00146,0.01618
1403715292.161953926086426,0.00240,0.00016,0.00001,0.00520,0.00000,0.00153,0.00931
1403715292.211926937103271,0.00252,0.00021,0.00001,0.00500,0.00000,0.00153,0.00926
1403715292.261878252029419,0.00243,0.00017,0.00306,0.00212,0.00058,0.00148,0.00984
1403715292.311879396438599,0.00251,0.00023,0.00009,0.00266,0.00233,0.00143,0.00925
1403715292.361851215362549,0.00250,0.00018,0.00187,0.00250,0.00138,0.00144,0.00988
1403715292.411837100982666,0.00354,0.00019,0.00070,0.00456,0.00001,0.00150,0.01050
1403715292.461823463439941,0.00384,0.00019,0.00214,0.00424,0.00596,0.00137,0.01775
1403715292.511814594268799,0.00259,0.00016,0.00332,0.00963,0.00115,0.00149,0.01835
1403715292.561783075332642,0.00239,0.00018,0.00089,0.00589,0.00000,0.00143,0.01079
1403715292.611756563186646,0.00358,0.00021,0.00055,0.00587,0.00000,0.00148,0.01170
1403715292.661727666854858,0.00244,0.00019,0.00111,0.00546,0.00000,0.00140,0.01060
1403715292.711696386337280,0.00330,0.00019,0.00082,0.00527,0.00212,0.00148,0.01317
1403715292.761666774749756,0.00268,0.00019,0.00042,0.00545,0.00000,0.00141,0.01015
1403715292.811636924743652,0.00261,0.00020,0.00184,0.00503,0.00000,0.00149,0.01117
1403715292.861607313156128,0.00258,0.00016,0.00190,0.00446,0.00144,0.00146,0.01200
1403715292.911608934402466,0.00247,0.00018,0.00081,0.00495,0.00002,0.00157,0.01000
1403715292.961616754531860,0.00244,0.00019,0.00313,0.00468,0.00516,0.00138,0.01699
1403715293.011621713638306,0.00236,0.00019,0.00307,0.00557,0.00000,0.00142,0.01262
1403715293.061631202697754,0.00243,0.00017,0.00114,0.00488,0.00000,0.00134,0.00996
1403715293.111639499664307,0.00278,0.00020,0.00045,0.00461,0.00116,0.00144,0.01063
1403715293.161647319793701,0.00237,0.00019,0.00134,0.00433,0.00140,0.00151,0.01116
1403715293.211657762527466,0.00237,0.00018,0.00034,0.00417,0.00013,0.00139,0.00858
1403715293.261654615402222,0.00305,0.00018,0.00631,0.00418,0.00658,0.00162,0.02194
1403715293.311653375625610,0.00253,0.00019,0.00018,0.00499,0.00000,0.00143,0.00932
1403715293.361654520034790,0.00254,0.00019,0.00015,0.00447,0.00000,0.00141,0.00876
1403715293.411639928817749,0.00263,0.00020,0.00113,0.00408,0.00014,0.00187,0.01006
1403715293.461667537689209,0.00328,0.00017,0.00049,0.00408,0.00015,0.00149,0.00967
1403715293.511683702468872,0.00248,0.00017,0.00007,0.00419,0.00000,0.00140,0.00830
1403715293.561699867248535,0.00313,0.00016,0.00013,0.00378,0.00292,0.00142,0.01154
1403715293.611723184585571,0.00270,0.00018,0.00043,0.00394,0.00000,0.00144,0.00869
1403715293.661751747131348,0.00339,0.00016,0.00472,0.00359,0.00844,0.00147,0.02178
1403715293.711755990982056,0.00262,0.00022,0.00010,0.00509,0.00000,0.00145,0.00949
1403715293.761753320693970,0.00245,0.00020,0.00004,0.00517,0.00000,0.00149,0.00936
1403715293.811756849288940,0.00248,0.00018,0.00432,0.00468,0.00175,0.00146,0.01487
1403715293.861762285232544,0.00251,0.00016,0.00545,0.00507,0.00109,0.00140,0.01568
1403715293.911760807037354,0.00244,0.00017,0.00009,0.00559,0.00000,0.00142,0.00971
1403715293.961755514144897,0.00245,0.00019,0.00001,0.00522,0.00000,0.00152,0.00939
1403715294.011743545532227,0.00305,0.00016,0.00289,0.00477,0.00110,0.00133,0.01331
1403715294.061739921569824,0.00439,0.00019,0.00002,0.00518,0.00000,0.00153,0.01132
1403715294.111731052398682,0.00274,0.00020,0.00551,0.00442,0.00109,0.00147,0.01542
1403715294.161724805831909,0.00274,0.00022,0.00054,0.00449,0.00016,0.00151,0.00968
1403715294.211722373962402,0.00275,0.00020,0.00050,0.00439,0.00018,0.00156,0.00959
1403715294.261723995208740,0.00258,0.00020,0.00342,0.00446,0.00427,0.00155,0.01648
1403715294.311725139617920,0.00319,0.00017,0.00019,0.00450,0.00000,0.00147,0.00952
1403715294.361732721328735,0.00255,0.00017,0.00208,0.00395,0.00000,0.00148,0.01024
1403715294.411735057830811,0.00249,0.00017,0.00001,0.00416,0.00580,0.00145,0.01408
1403715294.461739301681519,0.00277,0.00016,0.00096,0.00521,0.00228,0.00169,0.01308
1403715294.511740207672119,0.00326,0.00020,0.00005,0.00579,0.00000,0.00150,0.01080
1403715294.561732530593872,0.00367,0.00038,0.00004,0.00633,0.00000,0.00138,0.01181
1403715294.611729383468628,0.00247,0.00017,0.01062,0.00579,0.00000,0.00144,0.02048
1403715294.661740064620972,0.00242,0.00016,0.00001,0.00563,0.00000,0.00139,0.00961
1403715294.711742401123047,0.00367,0.00019,0.00540,0.00452,0.00000,0.00137,0.01515
1403715294.761721611022949,0.00267,0.00016,0.00007,0.00445,0.00001,0.00157,0.00893
1403715294.811665534973145,0.00263,0.00018,0.00036,0.00409,0.00002,0.00141,0.00868
1403715294.861618995666504,0.00254,0.00017,0.00009,0.00352,0.00214,0.00134,0.00982
1403715294.911568880081177,0.00263,0.00016,0.00034,0.00387,0.00001,0.00153,0.00854
1403715294.961492300033569,0.00254,0.00018,0.00019,0.00322,0.00014,0.00138,0.00766
1403715295.011471271514893,0.00388,0.00018,0.00020,0.00194,0.00013,0.00137,0.00771
1403715295.061442375183105,0.00257,0.00020,0.00014,0.00165,0.00024,0.00141,0.00621
1403715295.111431837081909,0.00267,0.00017,0.00035,0.00127,0.00090,0.00156,0.00692
1403715295.161432981491089,0.00266,0.00018,0.00037,0.00162,0.00041,0.00146,0.00671
1403715295.211339235305786,0.00263,0.00014,0.00157,0.00184,0.00985,0.00155,0.01758
1403715295.261336565017700,0.00263,0.00019,0.00499,0.00277,0.00319,0.00138,0.01515
1403715295.311379432678223,0.00263,0.00017,0.00330,0.00337,0.00481,0.00140,0.01569
1403715295.361413478851318,0.00257,0.00019,0.00024,0.00422,0.00070,0.00142,0.00934
1403715295.411432504653931,0.00404,0.00019,0.00018,0.00519,0.00020,0.00142,0.01122
1403715295.461441278457642,0.00290,0.00018,0.00029,0.00465,0.00000,0.00153,0.00955
1403715295.511443138122559,0.00368,0.00020,0.00015,0.00494,0.00002,0.00148,0.01048
1403715295.561444282531738,0.00364,0.00019,0.00370,0.00426,0.00105,0.00153,0.01437
1403715295.611436605453491,0.00341,0.00017,0.00002,0.00473,0.00000,0.00156,0.00990
1403715295.661436557769775,0.00349,0.00016,0.00001,0.00482,0.00003,0.00158,0.01009
1403715295.711423873901367,0.00283,0.00018,0.00010,0.00458,0.00002,0.00148,0.00920
1403715295.761410474777222,0.00280,0.00019,0.00004,0.00431,0.00002,0.00160,0.00896
1403715295.811436176300049,0.00278,0.00018,0.00296,0.00401,0.00244,0.00161,0.01399
1403715295.861453771591187,0.00268,0.00016,0.00466,0.00415,0.00116,0.00154,0.01435
1403715295.911449193954468,0.00251,0.00023,0.00068,0.00407,0.00407,0.00154,0.01310
1403715295.961514234542847,0.00259,0.00019,0.00839,0.00444,0.00213,0.00142,0.01915
1403715296.011496543884277,0.00273,0.00023,0.00014,0.00483,0.00001,0.00143,0.00937
1403715296.061486005783081,0.00249,0.00018,0.00001,0.00475,0.00000,0.00138,0.00881
1403715296.111485719680786,0.00253,0.00018,0.00014,0.00447,0.00000,0.00140,0.00872
1403715296.161492109298706,0.00271,0.00017,0.00227,0.00401,0.00358,0.00170,0.01443
1403715296.211488246917725,0.00250,0.00019,0.00010,0.00497,0.00000,0.00150,0.00926
1403715296.261486291885376,0.00354,0.00018,0.00061,0.00401,0.00053,0.00150,0.01036
1403715296.311486005783081,0.00279,0.00018,0.00043,0.00390,0.00000,0.00148,0.00877
1403715296.361491918563843,0.00274,0.00017,0.00020,0.00368,0.00051,0.00149,0.00880
1403715296.411509037017822,0.00278,0.00016,0.00018,0.00353,0.00284,0.00161,0.01111
1403715296.461528062820435,0.00268,0.00020,0.00434,0.00363,0.00252,0.00157,0.01495
1403715296.511541128158569,0.00265,0.00023,0.00009,0.00370,0.00000,0.00151,0.00818
1403715296.561579942703247,0.00263,0.00016,0.00617,0.00369,0.00357,0.00154,0.01776
1403715296.611608982086182,0.00270,0.00019,0.00011,0.00399,0.00070,0.00145,0.00914
1403715296.661620616912842,0.00267,0.00019,0.00048,0.00417,0.00000,0.00148,0.00900
1403715296.711622714996338,0.00266,0.00017,0.00049,0.00414,0.00000,0.00155,0.00901
1403715296.761622905731201,0.00254,0.00017,0.00063,0.00388,0.00160,0.00150,0.01032
1403715296.811620473861694,0.00286,0.00017,0.01268,0.00428,0.00216,0.00148,0.02364
1403715296.861636638641357,0.00258,0.00018,0.00006,0.00484,0.00000,0.00164,0.00931
1403715296.911660432815552,0.00270,0.00019,0.00002,0.00462,0.00000,0.00156,0.00910
1403715296.961718320846558,0.00318,0.00018,0.00007,0.00433,0.00000,0.00153,0.00930
1403715297.011780261993408,0.00277,0.00017,0.00039,0.00392,0.00034,0.00158,0.00917
1403715297.061905384063721,0.00262,0.00020,0.00484,0.00385,0.00068,0.00152,0.01370
1403715297.111964702606201,0.00251,0.00018,0.00017,0.00375,0.00015,0.00148,0.00826
1403715297.162055969238281,0.00322,0.00019,0.00474,0.00373,0.00289,0.00153,0.01630
1403715297.212061643600464,0.00272,0.00024,0.00010,0.00386,0.00000,0.00146,0.00838
1403715297.262058734893799,0.00255,0.00017,0.00007,0.00375,0.00000,0.00143,0.00797
1403715297.312033891677856,0.00316,0.00017,0.00001,0.00349,0.00000,0.00156,0.00840
1403715297.362004041671753,0.00252,0.00017,0.00010,0.00355,0.00073,0.00145,0.00853
1403715297.411997079849243,0.00249,0.00019,0.00834,0.00387,0.00724,0.00142,0.02356
1403715297.461990118026733,0.00232,0.00022,0.00008,0.00508,0.00000,0.00140,0.00910
1403715297.511985778808594,0.00266,0.00020,0.00001,0.00463,0.00000,0.00145,0.00896
1403715297.561984062194824,0.00350,0.00021,0.00013,0.00414,0.00000,0.00149,0.00947
1403715297.611980199813843,0.00273,0.00018,0.00012,0.00399,0.00052,0.00158,0.00912
1403715297.661978483200073,0.00503,0.00018,0.00411,0.00385,0.00169,0.00170,0.01655
1403715297.711978912353516,0.00392,0.00018,0.00040,0.00387,0.00017,0.00167,0.01021
1403715297.761971712112427,0.00396,0.00016,0.00493,0.00388,0.00093,0.00158,0.01546
1403715297.811953306198120,0.00405,0.00018,0.00018,0.00379,0.00016,0.00172,0.01009
1403715297.861942052841187,0.00390,0.00021,0.00048,0.00347,0.00000,0.00157,0.00964
1403715297.911926984786987,0.00296,0.00016,0.00133,0.00328,0.00000,0.00163,0.00937
1403715297.961910724639893,0.00293,0.00015,0.00070,0.00311,0.00001,0.00159,0.00849
1403715298.011916637420654,0.00289,0.00014,0.00370,0.00289,0.00891,0.00156,0.02009
1403715298.061922550201416,0.00357,0.00019,0.00055,0.00414,0.00000,0.00153,0.00998
1403715298.111938714981079,0.00270,0.00018,0.00465,0.00380,0.00217,0.00151,0.01501
1403715298.161952972412109,0.00475,0.00019,0.00098,0.00443,0.00016,0.00150,0.01200
1403715298.211943149566650,0.00303,0.00017,0.00953,0.00411,0.00193,0.00152,0.02030
1403715298.261942625045776,0.00291,0.00021,0.00344,0.00406,0.00072,0.00156,0.01289
1403715298.311940670013428,0.00345,0.00020,0.00031,0.00410,0.00017,0.00161,0.00984
1403715298.361934900283813,0.00283,0.00019,0.00436,0.00413,0.00145,0.00163,0.01459
1403715298.411933183670044,0.00357,0.00016,0.00044,0.00424,0.00001,0.00152,0.00993
1403715298.461932182312012,0.00272,0.00020,0.00038,0.00427,0.00000,0.00153,0.00910
1403715298.511932373046875,0.00339,0.00018,0.00002,0.00427,0.00000,0.00165,0.00950
1403715298.561939477920532,0.00334,0.00018,0.00007,0.00568,0.00000,0.00211,0.01139
1403715298.611943244934082,0.00335,0.00019,0.00073,0.00382,0.00017,0.00157,0.00982
1403715298.661942958831787,0.00273,0.00018,0.00001,0.00377,0.00000,0.00154,0.00823
1403715298.711961507797241,0.00328,0.00019,0.00770,0.00366,0.00254,0.00144,0.01883
1403715298.761951684951782,0.00258,0.00015,0.00010,0.00392,0.00016,0.00145,0.00836
1403715298.811938524246216,0.00249,0.00022,0.00785,0.00420,0.00244,0.00135,0.01854
1403715298.861908435821533,0.00263,0.00018,0.00233,0.00465,0.00172,0.00139,0.01291
1403715298.911894083023071,0.00263,0.00025,0.00010,0.00493,0.00000,0.00146,0.00937
1403715298.961878061294556,0.00359,0.00020,0.00431,0.00412,0.00031,0.00150,0.01403
1403715299.011887550354004,0.00281,0.00016,0.00008,0.00439,0.00058,0.00151,0.00952
1403715299.061905384063721,0.00296,0.00019,0.00014,0.00438,0.00001,0.00159,0.00926
1403715299.111924171447754,0.00356,0.00019,0.00052,0.00431,0.00000,0.00170,0.01029
1403715299.161946296691895,0.00340,0.00019,0.00012,0.00393,0.00000,0.00161,0.00924
1403715299.211956262588501,0.00279,0.00018,0.00002,0.00383,0.00000,0.00154,0.00837
1403715299.261960029602051,0.00342,0.00018,0.00006,0.00388,0.00001,0.00166,0.00922
1403715299.311965703964233,0.00266,0.00023,0.00397,0.00365,0.00310,0.00154,0.01515
1403715299.361964464187622,0.00275,0.00018,0.00229,0.00366,0.00057,0.00160,0.01106
1403715299.411965608596802,0.00270,0.00018,0.00631,0.00367,0.00420,0.00160,0.01867
1403715299.461966991424561,0.00268,0.00018,0.00098,0.00384,0.00072,0.00153,0.00995
1403715299.511964797973633,0.00420,0.00020,0.00469,0.00289,0.00329,0.00142,0.01670
1403715299.561963796615601,0.00278,0.00020,0.00108,0.00303,0.00247,0.00142,0.01098
1403715299.611962556838989,0.00328,0.00017,0.00013,0.00360,0.00014,0.00133,0.00867
1403715299.661957025527954,0.00356,0.00018,0.00017,0.00320,0.00051,0.00157,0.00919
1403715299.711942672729492,0.00261,0.00016,0.00025,0.00311,0.00000,0.00136,0.00749
1403715299.761938095092773,0.00262,0.00016,0.00037,0.00318,0.00014,0.00148,0.00796
1403715299.811933994293213,0.00319,0.00021,0.00073,0.00295,0.00000,0.00148,0.00858
1403715299.861924648284912,0.00331,0.00015,0.00082,0.00298,0.00000,0.00156,0.00882
1403715299.911916255950928,0.00261,0.00015,0.00021,0.00211,0.00565,0.00150,0.01224
1403715299.961898803710938,0.00249,0.00016,0.00024,0.00237,0.00000,0.00149,0.00675
1403715300.011904716491699,0.00263,0.00015,0.00131,0.00047,0.00912,0.00143,0.01511
1403715300.061906337738037,0.00435,0.00019,0.00425,0.00082,0.00253,0.00148,0.01363
1403715300.111910820007324,0.00275,0.00020,0.00099,0.00054,0.00331,0.00142,0.00922
1403715300.161925315856934,0.00259,0.00025,0.00121,0.00184,0.00109,0.00141,0.00838
1403715300.211935520172119,0.00252,0.00018,0.00068,0.00279,0.00271,0.00143,0.01032
1403715300.261935472488403,0.00324,0.00019,0.00040,0.00367,0.00024,0.00146,0.00920
1403715300.311927080154419,0.00253,0.00016,0.00004,0.00398,0.00014,0.00141,0.00827
1403715300.361912488937378,0.00252,0.00019,0.00049,0.00415,0.00059,0.00140,0.00934
1403715300.411903142929077,0.00320,0.00020,0.00016,0.00409,0.00000,0.00142,0.00907
1403715300.461899518966675,0.00266,0.00020,0.00017,0.00393,0.00000,0.00149,0.00846
1403715300.511894941329956,0.00269,0.00017,0.00019,0.00377,0.00103,0.00154,0.00938
1403715300.561906576156616,0.00265,0.00016,0.00102,0.00401,0.00014,0.00156,0.00954
1403715300.611925601959229,0.00256,0.00019,0.00443,0.00422,0.00607,0.00151,0.01898
1403715300.661939859390259,0.00309,0.00018,0.00438,0.00483,0.00211,0.00152,0.01612
1403715300.711940526962280,0.00250,0.00019,0.00023,0.00571,0.00121,0.00151,0.01135
1403715300.761941194534302,0.00254,0.00019,0.00001,0.00569,0.00000,0.00153,0.00997
1403715300.811942577362061,0.00259,0.00017,0.00325,0.00550,0.00000,0.00146,0.01297
1403715300.861940383911133,0.00259,0.00020,0.00058,0.00593,0.00000,0.00148,0.01078
1403715300.911942243576050,0.00256,0.00019,0.00001,0.00583,0.00000,0.00147,0.01007
1403715300.961945772171021,0.00307,0.00018,0.00781,0.00553,0.00000,0.00140,0.01801
1403715301.011951446533203,0.00254,0.00019,0.00001,0.00563,0.00000,0.00148,0.00986
1403715301.061953783035278,0.00247,0.00019,0.00015,0.00564,0.00021,0.00147,0.01014
1403715301.111959218978882,0.00261,0.00018,0.00009,0.00542,0.00003,0.00149,0.00983
1403715301.161959409713745,0.00244,0.00022,0.00001,0.00543,0.00000,0.00153,0.00964
1403715301.211958408355713,0.00306,0.00019,0.00411,0.00511,0.00117,0.00161,0.01524
1403715301.261964082717896,0.00252,0.00019,0.00432,0.00545,0.00117,0.00155,0.01520
1403715301.311965465545654,0.00244,0.00019,0.00058,0.00561,0.00000,0.00143,0.01026
1403715301.361982583999634,0.00246,0.00020,0.00001,0.00568,0.00000,0.00149,0.00985
1403715301.411992788314819,0.00247,0.00019,0.00232,0.00562,0.00000,0.00142,0.01202
1403715301.462029457092285,0.00254,0.00017,0.00061,0.00529,0.00002,0.00145,0.01009
1403715301.512068033218384,0.00239,0.00019,0.00002,0.00518,0.00000,0.00142,0.00920
1403715301.562101125717163,0.00229,0.00019,0.00614,0.00530,0.00036,0.00139,0.01567
1403715301.612108469009399,0.00211,0.00017,0.00005,0.00526,0.00003,0.00139,0.00902
1403715301.662105321884155,0.00315,0.00018,0.00003,0.00526,0.00000,0.00150,0.01011
1403715301.712093591690063,0.00266,0.00020,0.00003,0.00483,0.00005,0.00147,0.00924
1403715301.762068510055542,0.00250,0.00019,0.00004,0.00476,0.00000,0.00160,0.00910
1403715301.812027215957642,0.00258,0.00018,0.00294,0.00467,0.00020,0.00151,0.01210
1403715301.862025976181030,0.00239,0.00017,0.00340,0.00466,0.00122,0.00145,0.01329
1403715301.912025213241577,0.00235,0.00020,0.00044,0.00546,0.00020,0.00150,0.01015
1403715301.962024211883545,0.00254,0.00019,0.00001,0.00551,0.00000,0.00152,0.00979
1403715302.012025833129883,0.00236,0.00019,0.00324,0.00531,0.00003,0.00145,0.01259
1403715302.062026977539062,0.00238,0.00020,0.00055,0.00486,0.00112,0.00141,0.01052
1403715302.112036705017090,0.00245,0.00019,0.00009,0.00503,0.00018,0.00146,0.00941
1403715302.162039041519165,0.00231,0.00019,0.00560,0.00501,0.00031,0.00141,0.01484
1403715302.212029695510864,0.00242,0.00019,0.00751,0.00545,0.00000,0.00158,0.01715
1403715302.262028217315674,0.00242,0.00018,0.00001,0.00565,0.00000,0.00148,0.00975
1403715302.312028884887695,0.00246,0.00020,0.00011,0.00584,0.00000,0.00158,0.01020
1403715302.362026929855347,0.00229,0.00020,0.00003,0.00548,0.00000,0.00176,0.00977
1403715302.412025213241577,0.00228,0.00018,0.00340,0.00526,0.00000,0.00145,0.01258
1403715302.462025642395020,0.00234,0.00019,0.00358,0.00516,0.00000,0.00144,0.01272
1403715302.512030124664307,0.00234,0.00021,0.00027,0.00534,0.00017,0.00135,0.00969
1403715302.562034606933594,0.00229,0.00020,0.00003,0.00499,0.00000,0.00148,0.00899
1403715302.612033367156982,0.00217,0.00018,0.00307,0.00492,0.00031,0.00148,0.01211
1403715302.662032842636108,0.00236,0.00017,0.00063,0.00504,0.00002,0.00144,0.00966
1403715302.712032556533813,0.00253,0.00016,0.00005,0.00514,0.00019,0.00145,0.00953
1403715302.762028455734253,0.00253,0.00020,0.00512,0.00502,0.00019,0.00145,0.01452
1403715302.812028884887695,0.00231,0.00018,0.00638,0.00475,0.00004,0.00150,0.01517
1403715302.862028121948242,0.00225,0.00019,0.00013,0.00498,0.00001,0.00158,0.00913
1403715302.912029504776001,0.00232,0.00020,0.00007,0.00452,0.00117,0.00151,0.00979
1403715302.962032318115234,0.00226,0.00019,0.00015,0.00463,0.00018,0.00152,0.00893
1403715303.012036561965942,0.00293,0.00021,0.00296,0.00452,0.00240,0.00141,0.01443
1403715303.062043428421021,0.00416,0.00019,0.00293,0.00460,0.00217,0.00154,0.01559
1403715303.112053394317627,0.00390,0.00020,0.00010,0.00551,0.00021,0.00155,0.01147
1403715303.162057399749756,0.00301,0.00019,0.00010,0.00492,0.00021,0.00173,0.01018
1403715303.212084054946899,0.00306,0.00018,0.00155,0.00468,0.00113,0.00163,0.01223
1403715303.262093544006348,0.00304,0.00017,0.00101,0.00452,0.00128,0.00161,0.01164
1403715303.312100648880005,0.00294,0.00016,0.00085,0.00441,0.00002,0.00164,0.01001
1403715303.362105607986450,0.00295,0.00017,0.00387,0.00400,0.00209,0.00163,0.01471
1403715303.412105798721313,0.00283,0.00018,0.00508,0.00419,0.00311,0.00170,0.01710
1403715303.462105751037598,0.00274,0.00023,0.00016,0.00457,0.00018,0.00162,0.00949
1403715303.512103796005249,0.00288,0.00019,0.00074,0.00463,0.00000,0.00163,0.01007
1403715303.562093019485474,0.00261,0.00018,0.00267,0.00394,0.00019,0.00168,0.01127
1403715303.612079858779907,0.00235,0.00017,0.01197,0.00320,0.00298,0.00149,0.02215
1403715303.662069559097290,0.00316,0.00017,0.00032,0.00217,0.00212,0.00155,0.00949
1403715303.712057113647461,0.00363,0.00016,0.00076,0.00185,0.00013,0.00152,0.00804
1403715303.762048721313477,0.00294,0.00016,0.00048,0.00176,0.00061,0.00141,0.00735
1403715303.812045812606812,0.00264,0.00015,0.00074,0.00203,0.00129,0.00148,0.00834
1403715303.862040042877197,0.00268,0.00017,0.00071,0.00232,0.00062,0.00148,0.00799
1403715303.912030220031738,0.00274,0.00017,0.00075,0.00225,0.00003,0.00144,0.00738
1403715303.962029218673706,0.00238,0.00015,0.00079,0.00241,0.00168,0.00150,0.00892
1403715304.012026548385620,0.00323,0.00015,0.00004,0.00217,0.00265,0.00150,0.00976
1403715304.062024831771851,0.00253,0.00015,0.00012,0.00250,0.00000,0.00149,0.00679
1403715304.112023115158081,0.00262,0.00018,0.00037,0.00229,0.00003,0.00145,0.00694
1403715304.162021875381470,0.00251,0.00014,0.00019,0.00212,0.00000,0.00149,0.00645
1403715304.212027311325073,0.00248,0.00015,0.00062,0.00206,0.01806,0.00148,0.02485
1403715304.262027740478516,0.00252,0.00019,0.00966,0.00477,0.00016,0.00145,0.01875
1403715304.312031030654907,0.00257,0.00017,0.00058,0.00512,0.00001,0.00153,0.00997
1403715304.362031459808350,0.00232,0.00018,0.00003,0.00488,0.00021,0.00150,0.00911
1403715304.412035703659058,0.00249,0.00018,0.00060,0.00512,0.00019,0.00156,0.01014
1403715304.462041854858398,0.00322,0.00018,0.00066,0.00478,0.00061,0.00156,0.01101
1403715304.512055397033691,0.00329,0.00019,0.00108,0.00476,0.00000,0.00155,0.01088
1403715304.562077045440674,0.00350,0.00020,0.00605,0.00467,0.00003,0.00167,0.01612
1403715304.612082719802856,0.00268,0.00023,0.00014,0.00453,0.00124,0.00149,0.01032
1403715304.662092208862305,0.00285,0.00020,0.00008,0.00496,0.00000,0.00156,0.00964
1403715304.712099075317383,0.00260,0.00021,0.00001,0.00493,0.00062,0.00145,0.00983
1403715304.762108802795410,0.00258,0.00019,0.00067,0.00465,0.00020,0.00166,0.00995
1403715304.812120914459229,0.00260,0.00020,0.00059,0.00447,0.00000,0.00142,0.00929
1403715304.862140417098999,0.00276,0.00020,0.00912,0.00444,0.00018,0.00149,0.01820
1403715304.912143468856812,0.00260,0.00018,0.00055,0.00402,0.00072,0.00135,0.00943
1403715304.962144613265991,0.00234,0.00019,0.00011,0.00417,0.00021,0.00137,0.00839
1403715305.012148141860962,0.00232,0.00018,0.00008,0.00420,0.00004,0.00178,0.00861
1403715305.062148809432983,0.00228,0.00019,0.00012,0.00398,0.00042,0.00140,0.00840
1403715305.112150192260742,0.00232,0.00019,0.00001,0.00467,0.00004,0.00150,0.00875
1403715305.162149429321289,0.00258,0.00018,0.00596,0.00446,0.00007,0.00152,0.01479
1403715305.212147474288940,0.00231,0.00021,0.00001,0.00482,0.00000,0.00146,0.00882
1403715305.262142419815063,0.00254,0.00018,0.00001,0.00479,0.00000,0.00160,0.00913
1403715305.312143564224243,0.00335,0.00018,0.00001,0.00452,0.00000,0.00168,0.00975
1403715305.362141847610474,0.00318,0.00020,0.00010,0.00432,0.00000,0.00154,0.00934
1403715305.412142038345337,0.00257,0.00016,0.00005,0.00446,0.00060,0.00148,0.00931
1403715305.462134838104248,0.00269,0.00023,0.00847,0.00422,0.00059,0.00151,0.01772
1403715305.512135028839111,0.00254,0.00020,0.00001,0.00456,0.00000,0.00147,0.00879
1403715305.562134981155396,0.00264,0.00018,0.00007,0.00413,0.00019,0.00144,0.00865
1403715305.612135410308838,0.00262,0.00017,0.00011,0.00473,0.00003,0.00152,0.00917
1403715305.662132501602173,0.00327,0.00017,0.00007,0.00427,0.00004,0.00148,0.00932
1403715305.712132215499878,0.00329,0.00016,0.00005,0.00431,0.00114,0.00149,0.01045
1403715305.762125968933105,0.00263,0.00023,0.00595,0.00402,0.00005,0.00151,0.01439
1403715305.812122106552124,0.00267,0.00020,0.00010,0.00430,0.00015,0.00152,0.00895
1403715305.862115144729614,0.00259,0.00018,0.00008,0.00441,0.00017,0.00163,0.00906
1403715305.912111997604370,0.00335,0.00020,0.00002,0.00437,0.00000,0.00151,0.00944
1403715305.962111473083496,0.00257,0.00019,0.00008,0.00439,0.00002,0.00144,0.00869
1403715306.012109279632568,0.00272,0.00018,0.00002,0.00455,0.00124,0.00146,0.01017
1403715306.062111616134644,0.00264,0.00018,0.01033,0.00449,0.00119,0.00149,0.02033
1403715306.112115621566772,0.00264,0.00018,0.00001,0.00461,0.00000,0.00137,0.00882
1403715306.162110805511475,0.00276,0.00020,0.00030,0.00455,0.00003,0.00156,0.00940
1403715306.212104558944702,0.00265,0.00018,0.00163,0.00419,0.00003,0.00150,0.01017
1403715306.262097358703613,0.00260,0.00020,0.00001,0.00405,0.00020,0.00143,0.00850
1403715306.312094449996948,0.00246,0.00018,0.00007,0.00407,0.00018,0.00143,0.00839
1403715306.362076997756958,0.00255,0.00019,0.00733,0.00416,0.00229,0.00139,0.01791
1403715306.412070989608765,0.00244,0.00020,0.00041,0.00448,0.00000,0.00172,0.00925
1403715306.462063789367676,0.00327,0.00017,0.00138,0.00401,0.00000,0.00148,0.01032
1403715306.512063503265381,0.00271,0.00024,0.00015,0.00381,0.00001,0.00145,0.00836
1403715306.562062978744507,0.00328,0.00015,0.00070,0.00358,0.00115,0.00148,0.01034
1403715306.612061023712158,0.00272,0.00018,0.00054,0.00352,0.00000,0.00148,0.00844
1403715306.662061214447021,0.00329,0.00017,0.00620,0.00348,0.00428,0.00151,0.01892
1403715306.712057590484619,0.00326,0.00019,0.00057,0.00352,0.00002,0.00148,0.00903
1403715306.762056112289429,0.00467,0.00017,0.00041,0.00342,0.00033,0.00150,0.01050
1403715306.812057256698608,0.00381,0.00019,0.00013,0.00346,0.00107,0.00158,0.01023
1403715306.862057924270630,0.00300,0.00018,0.00184,0.00313,0.00020,0.00154,0.00990
1403715306.912060260772705,0.00339,0.00018,0.00031,0.00278,0.00000,0.00143,0.00808
1403715306.962070226669312,0.00262,0.00015,0.00306,0.00261,0.00864,0.00154,0.01862
1403715307.012085437774658,0.00287,0.00017,0.00030,0.00343,0.00232,0.00142,0.01052
1403715307.062106609344482,0.00261,0.00019,0.00187,0.00305,0.00014,0.00147,0.00934
1403715307.112133264541626,0.00434,0.00018,0.00010,0.00324,0.00084,0.00153,0.01023
1403715307.162152528762817,0.00279,0.00019,0.00137,0.00344,0.00000,0.00159,0.00939
1403715307.212153196334839,0.00345,0.00019,0.00006,0.00364,0.00000,0.00159,0.00893
1403715307.262156248092651,0.00350,0.00019,0.00007,0.00365,0.00494,0.00146,0.01379
1403715307.312165498733521,0.00278,0.00018,0.00814,0.00422,0.00347,0.00154,0.02034
1403715307.362163782119751,0.00256,0.00020,0.00091,0.00462,0.00019,0.00145,0.00994
1403715307.412165641784668,0.00405,0.00019,0.00064,0.00422,0.00002,0.00146,0.01058
1403715307.462176084518433,0.00283,0.00016,0.00137,0.00400,0.00033,0.00156,0.01025
1403715307.512183666229248,0.00299,0.00016,0.00009,0.00363,0.00000,0.00152,0.00839
1403715307.562189817428589,0.00278,0.00017,0.00082,0.00291,0.00333,0.00145,0.01146
1403715307.612197399139404,0.00275,0.00017,0.00083,0.00356,0.00000,0.00156,0.00887
1403715307.662211656570435,0.00331,0.00017,0.00575,0.00287,0.00615,0.00144,0.01969
1403715307.712217569351196,0.00259,0.00016,0.00019,0.00336,0.00000,0.00139,0.00769
1403715307.762225866317749,0.00363,0.00017,0.00154,0.00285,0.00014,0.00160,0.00994
1403715307.812229871749878,0.00338,0.00017,0.00057,0.00293,0.00000,0.00155,0.00860
1403715307.862231254577637,0.00277,0.00018,0.00032,0.00255,0.00000,0.00145,0.00727
1403715307.912246942520142,0.00252,0.00016,0.00240,0.00247,0.00609,0.00147,0.01512
1403715307.962266683578491,0.00393,0.00017,0.00498,0.00245,0.01019,0.00138,0.02310
1403715308.012264013290405,0.00318,0.00014,0.00031,0.00422,0.00108,0.00154,0.01047
1403715308.062263011932373,0.00253,0.00017,0.00021,0.00389,0.00034,0.00148,0.00863
1403715308.112265348434448,0.00255,0.00018,0.00026,0.00403,0.00001,0.00148,0.00851
1403715308.162266731262207,0.00261,0.00018,0.00052,0.00335,0.00069,0.00149,0.00885
1403715308.212266445159912,0.00249,0.00021,0.00069,0.00348,0.00000,0.00147,0.00834
1403715308.262261629104614,0.00254,0.00020,0.00082,0.00312,0.00766,0.00145,0.01579
1403715308.312256574630737,0.00304,0.00019,0.00601,0.00455,0.00172,0.00144,0.01695
1403715308.362256526947021,0.00238,0.00020,0.00007,0.00447,0.00000,0.00137,0.00850
1403715308.412255287170410,0.00343,0.00023,0.00014,0.00399,0.00000,0.00156,0.00936
1403715308.462254047393799,0.00269,0.00019,0.00073,0.00386,0.00001,0.00158,0.00907
1403715308.512242078781128,0.00277,0.00018,0.00411,0.00373,0.00734,0.00163,0.01977
1403715308.562235832214355,0.00322,0.00019,0.00488,0.00449,0.00003,0.00154,0.01435
1403715308.612235784530640,0.00252,0.00019,0.00007,0.00431,0.00000,0.00147,0.00855
1403715308.662235260009766,0.00255,0.00018,0.00054,0.00453,0.00230,0.00144,0.01154
1403715308.712237596511841,0.00242,0.00021,0.00005,0.00471,0.00000,0.00146,0.00886
1403715308.762240648269653,0.00238,0.00017,0.00001,0.00466,0.00019,0.00150,0.00892
1403715308.812244653701782,0.00235,0.00018,0.00001,0.00489,0.00000,0.00149,0.00893
1403715308.862246751785278,0.00247,0.00020,0.00001,0.00485,0.00000,0.00151,0.00904
1403715308.912252426147461,0.00248,0.00019,0.00458,0.00473,0.00218,0.00162,0.01579
1403715308.962250471115112,0.00250,0.00023,0.00810,0.00517,0.00000,0.00141,0.01741
1403715309.012251377105713,0.00315,0.00019,0.00001,0.00549,0.00000,0.00155,0.01041
1403715309.062244653701782,0.00255,0.00016,0.00001,0.00551,0.00000,0.00163,0.00987
1403715309.112243413925171,0.00250,0.00021,0.00453,0.00514,0.00000,0.00148,0.01386
1403715309.162238836288452,0.00305,0.00020,0.00446,0.00511,0.00000,0.00162,0.01445
1403715309.212234735488892,0.00254,0.00018,0.00001,0.00518,0.00000,0.00152,0.00945
1403715309.262232542037964,0.00246,0.00024,0.00067,0.00526,0.00000,0.00147,0.01010
1403715309.312224626541138,0.00241,0.00017,0.00075,0.00533,0.00000,0.00152,0.01019
1403715309.362213611602783,0.00239,0.00017,0.00024,0.00514,0.00000,0.00161,0.00954
1403715309.412206411361694,0.00321,0.00019,0.00001,0.00535,0.00000,0.00156,0.01033
1403715309.462198495864868,0.00276,0.00020,0.00045,0.00516,0.00000,0.00156,0.01013
1403715309.512198209762573,0.00375,0.00018,0.00515,0.00512,0.00000,0.00150,0.01570
1403715309.562194347381592,0.00296,0.00022,0.00474,0.00499,0.00000,0.00155,0.01447
1403715309.612185478210449,0.00282,0.00021,0.00005,0.00504,0.00000,0.00161,0.00972
1403715309.662181615829468,0.00280,0.00022,0.00024,0.00504,0.00000,0.00150,0.00980
1403715309.712173938751221,0.00268,0.00020,0.00470,0.00496,0.00016,0.00156,0.01428
1403715309.762165069580078,0.00284,0.00019,0.00441,0.00521,0.00000,0.00185,0.01451
1403715309.812161684036255,0.00280,0.00020,0.00017,0.00504,0.00000,0.00152,0.00973
1403715309.862160682678223,0.00257,0.00020,0.00002,0.00508,0.00000,0.00158,0.00944
1403715309.912160158157349,0.00278,0.00019,0.00002,0.00515,0.00000,0.00165,0.00979
1403715309.962160110473633,0.00286,0.00020,0.00516,0.00498,0.00065,0.00162,0.01547
1403715310.012168169021606,0.00247,0.00018,0.00005,0.00501,0.00000,0.00154,0.00925
1403715310.062185764312744,0.00288,0.00019,0.01018,0.00497,0.00113,0.00156,0.02091
1403715310.112200736999512,0.00244,0.00017,0.00454,0.00492,0.00000,0.00157,0.01363
1403715310.162207365036011,0.00278,0.00019,0.00206,0.00488,0.00000,0.00159,0.01150
1403715310.212201118469238,0.00281,0.00017,0.00025,0.00431,0.00001,0.00146,0.00902
1403715310.262193918228149,0.00273,0.00018,0.00051,0.00381,0.00000,0.00139,0.00861
1403715310.312192440032959,0.00264,0.00015,0.00084,0.00375,0.00552,0.00137,0.01427
1403715310.362192630767822,0.00335,0.00017,0.00447,0.00477,0.00002,0.00160,0.01439
1403715310.412189006805420,0.00298,0.00020,0.00140,0.00437,0.00000,0.00149,0.01045
1403715310.462185382843018,0.00454,0.00018,0.00089,0.00395,0.00000,0.00148,0.01104
1403715310.512181997299194,0.00363,0.00019,0.00015,0.00403,0.00000,0.00151,0.00950
1403715310.562176942825317,0.00329,0.00020,0.00113,0.00371,0.00185,0.00146,0.01165
1403715310.612172365188599,0.00268,0.00019,0.00018,0.00396,0.00000,0.00154,0.00856
1403715310.662162303924561,0.00322,0.00020,0.00619,0.00358,0.00227,0.00155,0.01701
1403715310.712158441543579,0.00251,0.00018,0.00044,0.00389,0.00372,0.00159,0.01233
1403715310.762156963348389,0.00316,0.00019,0.00023,0.00425,0.00132,0.00156,0.01072
1403715310.812160253524780,0.00260,0.00019,0.00012,0.00426,0.00021,0.00154,0.00892
1403715310.862170696258545,0.00260,0.00016,0.00001,0.00383,0.00000,0.00155,0.00815
1403715310.912172555923462,0.00260,0.00018,0.00001,0.00409,0.00060,0.00142,0.00891
1403715310.962168455123901,0.00255,0.00020,0.00345,0.00407,0.00323,0.00151,0.01502
1403715311.012167215347290,0.00300,0.00017,0.00996,0.00450,0.00060,0.00152,0.01977
1403715311.062168121337891,0.00249,0.00017,0.00012,0.00460,0.00001,0.00141,0.00881
1403715311.112173557281494,0.00310,0.00016,0.00012,0.00438,0.00018,0.00157,0.00950
1403715311.162175655364990,0.00265,0.00016,0.00004,0.00458,0.00116,0.00158,0.01018
1403715311.212177515029907,0.00267,0.00017,0.00011,0.00465,0.00002,0.00157,0.00919
1403715311.262182950973511,0.00263,0.00020,0.00483,0.00459,0.00136,0.00165,0.01527
1403715311.312185525894165,0.00264,0.00019,0.00008,0.00467,0.00016,0.00145,0.00919
1403715311.362193584442139,0.00334,0.00016,0.00079,0.00454,0.00118,0.00152,0.01154
1403715311.412199497222900,0.00270,0.00017,0.00032,0.00435,0.00020,0.00161,0.00936
1403715311.462202548980713,0.00263,0.00016,0.00016,0.00411,0.00015,0.00147,0.00869
1403715311.512208461761475,0.00274,0.00017,0.00001,0.00436,0.00000,0.00146,0.00875
1403715311.562209844589233,0.00266,0.00017,0.00136,0.00401,0.00329,0.00151,0.01300
1403715311.612208604812622,0.00255,0.00016,0.00899,0.00475,0.00229,0.00158,0.02033
1403715311.662204980850220,0.00325,0.00018,0.00419,0.00507,0.00017,0.00155,0.01441
1403715311.712201595306396,0.00267,0.00018,0.00009,0.00520,0.00000,0.00146,0.00960
1403715311.762199640274048,0.00433,0.00017,0.00001,0.00511,0.00000,0.00158,0.01121
1403715311.812197923660278,0.00278,0.00016,0.00011,0.00479,0.00124,0.00151,0.01059
1403715311.862196922302246,0.00279,0.00018,0.00548,0.00485,0.00000,0.00154,0.01484
1403715311.912196397781372,0.00363,0.00020,0.00031,0.00473,0.00018,0.00162,0.01067
1403715311.962203741073608,0.00355,0.00018,0.00085,0.00472,0.00069,0.00156,0.01156
1403715312.012204408645630,0.00276,0.00019,0.00027,0.00507,0.00000,0.00150,0.00979
1403715312.062205314636230,0.00342,0.00017,0.00078,0.00496,0.00059,0.00154,0.01147
1403715312.112200975418091,0.00351,0.00018,0.00065,0.00487,0.00000,0.00160,0.01081
1403715312.162204027175903,0.00352,0.00017,0.00146,0.00396,0.00117,0.00155,0.01184
1403715312.212202787399292,0.00265,0.00016,0.00792,0.00364,0.00019,0.00152,0.01609
1403715312.262210845947266,0.00316,0.00018,0.00349,0.00341,0.00188,0.00152,0.01365
1403715312.312209129333496,0.00345,0.00018,0.00632,0.00318,0.00343,0.00151,0.01808
1403715312.362210988998413,0.00285,0.00019,0.00018,0.00220,0.00015,0.00152,0.00709
1403715312.412211656570435,0.00345,0.00017,0.00046,0.00080,0.00016,0.00140,0.00643
1403715312.462216138839722,0.00268,0.00014,0.00306,0.00050,0.00169,0.00148,0.00955
1403715312.512216329574585,0.00337,0.00014,0.00056,0.00038,0.00067,0.00144,0.00657
1403715312.562214612960815,0.00262,0.00014,0.00046,0.00083,0.00011,0.00140,0.00556
1403715312.612215280532837,0.00309,0.00018,0.00010,0.00031,0.00010,0.00150,0.00529
1403715312.662216186523438,0.00297,0.00012,0.00025,0.00023,0.00016,0.00151,0.00524
1403715312.712216854095459,0.00261,0.00013,0.00052,0.00013,0.00061,0.00145,0.00545
1403715312.762212038040161,0.00291,0.00011,0.00008,0.00064,0.00017,0.00147,0.00537
1403715312.812215089797974,0.00271,0.00014,0.00031,0.00052,0.00201,0.00152,0.00721
1403715312.862219095230103,0.00253,0.00015,0.00040,0.00055,0.00098,0.00140,0.00602
1403715312.912221908569336,0.00278,0.00013,0.00020,0.00047,0.00129,0.00147,0.00633
1403715312.962221145629883,0.00240,0.00014,0.00034,0.00062,0.00010,0.00143,0.00503
1403715313.012221097946167,0.00228,0.00014,0.00018,0.00071,0.00016,0.00144,0.00492
1403715313.062220096588135,0.00237,0.00012,0.00058,0.00053,0.00335,0.00145,0.00840
1403715313.112220764160156,0.00292,0.00013,0.00035,0.00042,0.00048,0.00146,0.00578
1403715313.162220716476440,0.00297,0.00016,0.00034,0.00049,0.00058,0.00151,0.00605
1403715313.212222099304199,0.00322,0.00014,0.00042,0.00055,0.00060,0.00147,0.00640
1403715313.262222290039062,0.00336,0.00013,0.00021,0.00086,0.00000,0.00160,0.00616
1403715313.312224149703979,0.00281,0.00014,0.00003,0.00072,0.00195,0.00151,0.00717
1403715313.362224817276001,0.00293,0.00014,0.00004,0.00108,0.00075,0.00144,0.00637
1403715313.412218570709229,0.00311,0.00014,0.00005,0.00096,0.00463,0.00146,0.01035
1403715313.462217092514038,0.00241,0.00013,0.00003,0.00170,0.00537,0.00142,0.01105
1403715313.512216567993164,0.00274,0.00016,0.00004,0.00236,0.00403,0.00149,0.01082
1403715313.562216281890869,0.00256,0.00017,0.00010,0.00263,0.00001,0.00137,0.00684
1403715313.612213611602783,0.00251,0.00018,0.00001,0.00249,0.00051,0.00149,0.00720
1403715313.662207126617432,0.00251,0.00016,0.00734,0.00238,0.00763,0.00146,0.02148
1403715313.712208986282349,0.00342,0.00019,0.00340,0.00364,0.00284,0.00147,0.01497
1403715313.762201070785522,0.00259,0.00018,0.00074,0.00434,0.00017,0.00160,0.00962
1403715313.812200546264648,0.00237,0.00018,0.00169,0.00402,0.00000,0.00157,0.00982
1403715313.862196207046509,0.00299,0.00017,0.00076,0.00315,0.00001,0.00150,0.00858
1403715313.912188768386841,0.00257,0.00017,0.00110,0.00154,0.00102,0.00136,0.00776
1403715313.962186813354492,0.00268,0.00021,0.00129,0.00145,0.00059,0.00149,0.00771
1403715314.012192249298096,0.00258,0.00019,0.00140,0.00109,0.00084,0.00151,0.00763
1403715314.062199831008911,0.00260,0.00021,0.00064,0.00139,0.00104,0.00148,0.00736
1403715314.112197160720825,0.00247,0.00017,0.00071,0.00109,0.00034,0.00147,0.00625
1403715314.162196874618530,0.00258,0.00015,0.00023,0.00060,0.00067,0.00143,0.00566
1403715314.212198257446289,0.00322,0.00016,0.00034,0.00056,0.00009,0.00145,0.00583
1403715314.262195587158203,0.00278,0.00013,0.00080,0.00034,0.00468,0.00150,0.01023
1403715314.312196254730225,0.00263,0.00014,0.00010,0.00043,0.00086,0.00150,0.00566
1403715314.362195968627930,0.00295,0.00015,0.00017,0.00060,0.00012,0.00147,0.00546
1403715314.412197113037109,0.00236,0.00013,0.00041,0.00042,0.00185,0.00146,0.00663
1403715314.462196826934814,0.00266,0.00013,0.00004,0.00060,0.00010,0.00147,0.00500
1403715314.512197256088257,0.00235,0.00014,0.00015,0.00041,0.00026,0.00143,0.00475
1403715314.562198877334595,0.00254,0.00015,0.00036,0.00031,0.00084,0.00139,0.00559
1403715314.612200021743774,0.00244,0.00015,0.00041,0.00039,0.00029,0.00143,0.00512
1403715314.662200927734375,0.00250,0.00015,0.00017,0.00056,0.00055,0.00144,0.00537
1403715314.712202548980713,0.00266,0.00015,0.00011,0.00052,0.00037,0.00145,0.00527
1403715314.762203216552734,0.00258,0.00012,0.00006,0.00057,0.00210,0.00144,0.00688
1403715314.812201023101807,0.00248,0.00014,0.00007,0.00052,0.00016,0.00139,0.00476
1403715314.862202405929565,0.00242,0.00015,0.00012,0.00036,0.00235,0.00141,0.00679
1403715314.912202119827271,0.00248,0.00014,0.00005,0.00040,0.00135,0.00140,0.00583
1403715314.962204694747925,0.00238,0.00014,0.00023,0.00029,0.00041,0.00139,0.00485
1403715315.012205600738525,0.00265,0.00014,0.00015,0.00055,0.00181,0.00140,0.00670
1403715315.062206983566284,0.00261,0.00012,0.00016,0.00059,0.00015,0.00141,0.00505
1403715315.112210988998413,0.00240,0.00012,0.00006,0.00085,0.00134,0.00139,0.00616
1403715315.162214517593384,0.00234,0.00014,0.00001,0.00115,0.00089,0.00142,0.00595
1403715315.212215185165405,0.00257,0.00011,0.00025,0.00118,0.00218,0.00141,0.00770
1403715315.262217521667480,0.00277,0.00014,0.00011,0.00175,0.00532,0.00150,0.01159
1403715315.312217950820923,0.00243,0.00016,0.00034,0.00217,0.00090,0.00143,0.00743
1403715315.362222433090210,0.00277,0.00021,0.00036,0.00238,0.00855,0.00155,0.01581
1403715315.412223577499390,0.00242,0.00017,0.00043,0.00357,0.00000,0.00140,0.00799
1403715315.462225437164307,0.00235,0.00018,0.00420,0.00358,0.00521,0.00149,0.01701
1403715315.512226343154907,0.00253,0.00016,0.00377,0.00433,0.00109,0.00150,0.01339
1403715315.562222003936768,0.00238,0.00017,0.00309,0.00477,0.00000,0.00147,0.01188
1403715315.612215280532837,0.00235,0.00020,0.00585,0.00511,0.00000,0.00148,0.01499
1403715315.662217140197754,0.00250,0.00020,0.00043,0.00468,0.00000,0.00148,0.00929
1403715315.712221384048462,0.00247,0.00023,0.00160,0.00490,0.00000,0.00144,0.01065
1403715315.762225866317749,0.00296,0.00017,0.00121,0.00490,0.00000,0.00151,0.01075
1403715315.812228202819824,0.00264,0.00019,0.00430,0.00435,0.00000,0.00154,0.01303
1403715315.862229824066162,0.00243,0.00020,0.00009,0.00436,0.00037,0.00150,0.00895
1403715315.912228822708130,0.00251,0.00016,0.00012,0.00442,0.00019,0.00157,0.00896
1403715315.962228775024414,0.00314,0.00020,0.00004,0.00459,0.00065,0.00157,0.01019
1403715316.012228250503540,0.00240,0.00019,0.00031,0.00468,0.00000,0.00161,0.00920
1403715316.062228202819824,0.00245,0.00019,0.00401,0.00431,0.00134,0.00156,0.01386
1403715316.112224102020264,0.00263,0.00020,0.00327,0.00451,0.00300,0.00170,0.01531
1403715316.162221193313599,0.00257,0.00017,0.00340,0.00457,0.00000,0.00152,0.01223
1403715316.212212085723877,0.00253,0.00020,0.00536,0.00420,0.00062,0.00151,0.01442
1403715316.262205362319946,0.00242,0.00018,0.00088,0.00381,0.00001,0.00150,0.00880
1403715316.312201261520386,0.00302,0.00016,0.00420,0.00359,0.00259,0.00156,0.01513
1403715316.362204074859619,0.00263,0.00017,0.00032,0.00337,0.00027,0.00153,0.00829
1403715316.412208318710327,0.00252,0.00023,0.00005,0.00355,0.00077,0.00148,0.00860
1403715316.462219238281250,0.00223,0.00023,0.00035,0.00357,0.00015,0.00155,0.00808
1403715316.512232542037964,0.00244,0.00017,0.00112,0.00367,0.00606,0.00149,0.01495
1403715316.562235593795776,0.00225,0.00018,0.00062,0.00467,0.00000,0.00158,0.00931
1403715316.612240791320801,0.00298,0.00019,0.00002,0.00453,0.00000,0.00164,0.00937
1403715316.662236690521240,0.00247,0.00018,0.00077,0.00393,0.00254,0.00167,0.01156
1403715316.712239265441895,0.00251,0.00016,0.00012,0.00415,0.00314,0.00151,0.01160
1403715316.762240648269653,0.00243,0.00019,0.00177,0.00504,0.00139,0.00155,0.01237
1403715316.812247037887573,0.00257,0.00019,0.00492,0.00505,0.00020,0.00156,0.01449
1403715316.862256288528442,0.00260,0.00023,0.00940,0.00527,0.00067,0.00164,0.01981
1403715316.912266016006470,0.00245,0.00019,0.00498,0.00524,0.00086,0.00159,0.01530
1403715316.962273120880127,0.00242,0.00017,0.00002,0.00571,0.00000,0.00156,0.00987
1403715317.012279272079468,0.00236,0.00018,0.00032,0.00503,0.00000,0.00163,0.00952
1403715317.062291860580444,0.00234,0.00022,0.00116,0.00439,0.00000,0.00159,0.00970
1403715317.112306833267212,0.00324,0.00018,0.00015,0.00424,0.00029,0.00161,0.00970
1403715317.162312269210815,0.00245,0.00019,0.00484,0.00399,0.00517,0.00159,0.01823
1403715317.212313175201416,0.00318,0.00018,0.00013,0.00493,0.00000,0.00157,0.01000
1403715317.262315273284912,0.00285,0.00018,0.00056,0.00489,0.00066,0.00163,0.01078
1403715317.312314987182617,0.00288,0.00020,0.00053,0.00455,0.00003,0.00161,0.00980
1403715317.362313508987427,0.00280,0.00019,0.00010,0.00444,0.00178,0.00155,0.01087
1403715317.412312030792236,0.00275,0.00017,0.00119,0.00459,0.00560,0.00161,0.01592
1403715317.462311506271362,0.00289,0.00025,0.00898,0.00522,0.00000,0.00173,0.01907
1403715317.512308359146118,0.00240,0.00018,0.00431,0.00522,0.00083,0.00159,0.01453
1403715317.562307119369507,0.00249,0.00019,0.00017,0.00507,0.00019,0.00158,0.00969
1403715317.612304687500000,0.00267,0.00020,0.00008,0.00520,0.00000,0.00161,0.00976
1403715317.662305831909180,0.00301,0.00021,0.00326,0.00482,0.00191,0.00159,0.01480
1403715317.712304592132568,0.00275,0.00018,0.00054,0.00537,0.00000,0.00165,0.01050
1403715317.762305974960327,0.00269,0.00019,0.01189,0.00493,0.00281,0.00154,0.02405
1403715317.812303781509399,0.00259,0.00017,0.00046,0.00533,0.00000,0.00162,0.01019
1403715317.862300634384155,0.00252,0.00018,0.00021,0.00448,0.00019,0.00160,0.00918
1403715317.912298440933228,0.00388,0.00019,0.00008,0.00434,0.00014,0.00163,0.01026
1403715317.962299346923828,0.00301,0.00020,0.00046,0.00321,0.00015,0.00162,0.00865
1403715318.012297630310059,0.00293,0.00018,0.00017,0.00308,0.00056,0.00164,0.00857
1403715318.062297582626343,0.00263,0.00018,0.00187,0.00313,0.01513,0.00173,0.02467
1403715318.112293720245361,0.00266,0.00019,0.00399,0.00547,0.00000,0.00165,0.01395
1403715318.162295341491699,0.00274,0.00020,0.00010,0.00531,0.00000,0.00163,0.00999
1403715318.212297677993774,0.00354,0.00021,0.00001,0.00513,0.00000,0.00175,0.01065
1403715318.262296915054321,0.00336,0.00019,0.00250,0.00483,0.00128,0.00165,0.01381
1403715318.312291383743286,0.00266,0.00019,0.00010,0.00479,0.00019,0.00170,0.00962
1403715318.362289428710938,0.00266,0.00020,0.01032,0.00439,0.00126,0.00167,0.02052
1403715318.412280797958374,0.00268,0.00017,0.00060,0.00244,0.00017,0.00152,0.00757
1403715318.462278604507446,0.00281,0.00017,0.01175,0.00286,0.00150,0.00162,0.02071
1403715318.512273073196411,0.00347,0.00019,0.00047,0.00174,0.00087,0.00157,0.00831
1403715318.562263727188110,0.00343,0.00018,0.00012,0.00216,0.00036,0.00165,0.00790
1403715318.612261295318604,0.00257,0.00017,0.00023,0.00199,0.00069,0.00160,0.00726
1403715318.662253618240356,0.00237,0.00022,0.00098,0.00280,0.00181,0.00151,0.00969
1403715318.712246417999268,0.00231,0.00020,0.00043,0.00320,0.00414,0.00154,0.01182
1403715318.762248039245605,0.00435,0.00017,0.00087,0.00374,0.00001,0.00160,0.01073
1403715318.812250852584839,0.00539,0.00018,0.00009,0.00366,0.00000,0.00179,0.01111
1403715318.862250566482544,0.00280,0.00020,0.00016,0.00364,0.00222,0.00164,0.01066
1403715318.912251710891724,0.00273,0.00017,0.00005,0.00412,0.00000,0.00166,0.00872
1403715318.962237596511841,0.00292,0.00016,0.00226,0.00364,0.01173,0.00162,0.02234
1403715319.012235403060913,0.00294,0.00023,0.00101,0.00542,0.00000,0.00158,0.01120
1403715319.062230825424194,0.00284,0.00017,0.01152,0.00503,0.00046,0.00165,0.02166
1403715319.112230777740479,0.00287,0.00020,0.00151,0.00550,0.00018,0.00170,0.01196
1403715319.162232160568237,0.00265,0.00020,0.00090,0.00542,0.00000,0.00173,0.01090
1403715319.212232828140259,0.00268,0.00018,0.00096,0.00538,0.00000,0.00158,0.01078
1403715319.262238264083862,0.00251,0.00020,0.00010,0.00480,0.00001,0.00161,0.00924
1403715319.312245845794678,0.00249,0.00018,0.00127,0.00480,0.00258,0.00156,0.01289
1403715319.362256765365601,0.00279,0.00019,0.01152,0.00513,0.00247,0.00155,0.02366
1403715319.412252902984619,0.00234,0.00020,0.00008,0.00542,0.00000,0.00162,0.00965
1403715319.462252616882324,0.00284,0.00018,0.00091,0.00508,0.00018,0.00150,0.01069
1403715319.512250900268555,0.00265,0.00017,0.00005,0.00502,0.00000,0.00172,0.00961
1403715319.562248468399048,0.00328,0.00017,0.00231,0.00466,0.00237,0.00156,0.01436
1403715319.612243652343750,0.00451,0.00019,0.00085,0.00509,0.00000,0.00166,0.01232
1403715319.662239313125610,0.00357,0.00017,0.00589,0.00477,0.00565,0.00164,0.02169
1403715319.712227821350098,0.00362,0.00021,0.00002,0.00599,0.00070,0.00175,0.01228
1403715319.762222528457642,0.00311,0.00020,0.00002,0.00614,0.00000,0.00169,0.01116
1403715319.812218189239502,0.00363,0.00020,0.00008,0.00596,0.00000,0.00170,0.01157
1403715319.862216711044312,0.00272,0.00018,0.00075,0.00595,0.00069,0.00162,0.01192
1403715319.912215471267700,0.00271,0.00018,0.00403,0.00596,0.00070,0.00159,0.01516
1403715319.962216377258301,0.00271,0.00019,0.01046,0.00608,0.00000,0.00151,0.02095
1403715320.012220144271851,0.00258,0.00019,0.00070,0.00417,0.00001,0.00157,0.00922
1403715320.062227487564087,0.00256,0.00020,0.00012,0.00228,0.00019,0.00154,0.00690
1403715320.112237453460693,0.00317,0.00020,0.00246,0.00149,0.00083,0.00159,0.00974
1403715320.162226915359497,0.00239,0.00021,0.00601,0.00211,0.00642,0.00154,0.01869
1403715320.212231636047363,0.00232,0.00016,0.00027,0.00324,0.00050,0.00153,0.00802
1403715320.262231349945068,0.00251,0.00017,0.00067,0.00362,0.00724,0.00156,0.01578
1403715320.312233924865723,0.00237,0.00021,0.00022,0.00448,0.00050,0.00154,0.00932
1403715320.362237453460693,0.00309,0.00019,0.00042,0.00505,0.00000,0.00161,0.01037
1403715320.412240982055664,0.00283,0.00017,0.00051,0.00464,0.00000,0.00155,0.00971
1403715320.462252140045166,0.00278,0.00016,0.00033,0.00446,0.00016,0.00147,0.00937
1403715320.512260675430298,0.00245,0.00017,0.00031,0.00405,0.00287,0.00153,0.01138
1403715320.562278270721436,0.00238,0.00018,0.00810,0.00474,0.00484,0.00160,0.02184
1403715320.612277746200562,0.00267,0.00021,0.00128,0.00554,0.00000,0.00162,0.01133
1403715320.662278890609741,0.00262,0.00020,0.00594,0.00523,0.00142,0.00155,0.01695
1403715320.712280273437500,0.00261,0.00020,0.00106,0.00536,0.00019,0.00161,0.01103
1403715320.762281656265259,0.00395,0.00019,0.00529,0.00537,0.00278,0.00168,0.01926
1403715320.812282323837280,0.00279,0.00019,0.00017,0.00572,0.00000,0.00170,0.01058
1403715320.862278938293457,0.00294,0.00020,0.00081,0.00526,0.00068,0.00167,0.01155
1403715320.912275075912476,0.00273,0.00020,0.00598,0.00529,0.00255,0.00159,0.01834
1403715320.962270021438599,0.00286,0.00019,0.00009,0.00582,0.00001,0.00162,0.01060
1403715321.012266874313354,0.00254,0.00018,0.00009,0.00567,0.00000,0.00164,0.01012
1403715321.062263965606689,0.00282,0.00022,0.00005,0.00566,0.00000,0.00177,0.01052
1403715321.112261533737183,0.00284,0.00019,0.00001,0.00566,0.00000,0.00180,0.01051
1403715321.162257671356201,0.00274,0.00017,0.00658,0.00545,0.00248,0.00166,0.01908
1403715321.212254524230957,0.00261,0.00018,0.00001,0.00560,0.00000,0.00172,0.01013
1403715321.262251853942871,0.00230,0.00017,0.00592,0.00556,0.00021,0.00165,0.01582
1403715321.312252521514893,0.00254,0.00019,0.01066,0.00567,0.00033,0.00173,0.02113
1403715321.362250089645386,0.00244,0.00020,0.00486,0.00613,0.00000,0.00171,0.01534
1403715321.412259817123413,0.00247,0.00020,0.00001,0.00626,0.00000,0.00172,0.01066
1403715321.462259531021118,0.00247,0.00019,0.00002,0.00589,0.00000,0.00164,0.01022
1403715321.512250423431396,0.00244,0.00022,0.00544,0.00578,0.00000,0.00160,0.01548
1403715321.562245845794678,0.00244,0.00023,0.00070,0.00548,0.00022,0.00159,0.01066
1403715321.612241268157959,0.00249,0.00019,0.00001,0.00590,0.00000,0.00168,0.01027
1403715321.662254810333252,0.00256,0.00021,0.00002,0.00597,0.00000,0.00164,0.01040
1403715321.712255716323853,0.00253,0.00020,0.00002,0.00577,0.00000,0.00166,0.01018
1403715321.762259483337402,0.00251,0.00018,0.00645,0.00443,0.00142,0.00163,0.01662
1403715321.812264919281006,0.00235,0.00019,0.00055,0.00469,0.00037,0.00158,0.00973
1403715321.862264633178711,0.00290,0.00020,0.00604,0.00380,0.00044,0.00159,0.01497
1403715321.912252426147461,0.00236,0.00017,0.00817,0.00378,0.00596,0.00153,0.02197
1403715321.962241888046265,0.00233,0.00021,0.00484,0.00342,0.00056,0.00154,0.01290
1403715322.012224912643433,0.00247,0.00020,0.00013,0.00402,0.00042,0.00148,0.00871
1403715322.062215328216553,0.00234,0.00016,0.00017,0.00450,0.00017,0.00152,0.00887
1403715322.112210750579834,0.00217,0.00019,0.00059,0.00394,0.00757,0.00154,0.01600
1403715322.162209272384644,0.00313,0.00022,0.00089,0.00492,0.00000,0.00161,0.01077
1403715322.212206363677979,0.00253,0.00019,0.00020,0.00374,0.00040,0.00153,0.00860
1403715322.262202262878418,0.00244,0.00019,0.00016,0.00328,0.00016,0.00144,0.00768
1403715322.312196254730225,0.00275,0.00017,0.00199,0.00276,0.00046,0.00148,0.00961
1403715322.362181663513184,0.00325,0.00017,0.00048,0.00239,0.00968,0.00159,0.01757
1403715322.412178277969360,0.00260,0.00019,0.00099,0.00384,0.00000,0.00157,0.00920
1403715322.462158203125000,0.00284,0.00018,0.00095,0.00318,0.00800,0.00154,0.01670
1403715322.512150764465332,0.00253,0.00020,0.00381,0.00411,0.00400,0.00161,0.01626
1403715322.562140464782715,0.00252,0.00019,0.00474,0.00464,0.00018,0.00160,0.01387
1403715322.612133264541626,0.00240,0.00018,0.00048,0.00460,0.00067,0.00150,0.00983
1403715322.662129640579224,0.00246,0.00020,0.00032,0.00543,0.00000,0.00157,0.00998
1403715322.712131977081299,0.00242,0.00019,0.00348,0.00464,0.00423,0.00152,0.01649
1403715322.762131929397583,0.00275,0.00020,0.00255,0.00457,0.00072,0.00146,0.01226
1403715322.812133550643921,0.00353,0.00017,0.00059,0.00445,0.00135,0.00158,0.01167
1403715322.862133741378784,0.00295,0.00018,0.00024,0.00435,0.00062,0.00163,0.00997
1403715322.912135362625122,0.00271,0.00018,0.00940,0.00379,0.00587,0.00164,0.02360
1403715322.962135076522827,0.00334,0.00019,0.00017,0.00443,0.00031,0.00162,0.01006
1403715323.012133836746216,0.00349,0.00018,0.00011,0.00469,0.00019,0.00160,0.01027
1403715323.062132835388184,0.00266,0.00018,0.00015,0.00449,0.00001,0.00161,0.00909
1403715323.112130165100098,0.00252,0.00018,0.00050,0.00442,0.00384,0.00161,0.01307
1403715323.162124156951904,0.00263,0.00018,0.00080,0.00487,0.00484,0.00148,0.01481
1403715323.212114095687866,0.00256,0.00021,0.00015,0.00576,0.00000,0.00156,0.01024
1403715323.262110471725464,0.00419,0.00018,0.00084,0.00490,0.00020,0.00161,0.01192
1403715323.312104463577271,0.00271,0.00020,0.00043,0.00499,0.00207,0.00156,0.01197
1403715323.362099885940552,0.00275,0.00019,0.00717,0.00533,0.00122,0.00154,0.01819
1403715323.412097930908203,0.00346,0.00021,0.00008,0.00581,0.00000,0.00162,0.01118
1403715323.462096929550171,0.00269,0.00019,0.00069,0.00551,0.00000,0.00172,0.01081
1403715323.512095451354980,0.00259,0.00019,0.00694,0.00493,0.00361,0.00158,0.01985
1403715323.562088727951050,0.00324,0.00022,0.00039,0.00562,0.00000,0.00161,0.01109
1403715323.612074851989746,0.00411,0.00021,0.00061,0.00488,0.00000,0.00158,0.01140
1403715323.662060022354126,0.00345,0.00017,0.00141,0.00443,0.00003,0.00156,0.01106
1403715323.712047100067139,0.00348,0.00021,0.00161,0.00357,0.00021,0.00166,0.01073
1403715323.762039184570312,0.00367,0.00019,0.00100,0.00313,0.00000,0.00155,0.00954
1403715323.812042713165283,0.00278,0.00016,0.00107,0.00325,0.00773,0.00156,0.01655
1403715323.862049102783203,0.00356,0.00019,0.00030,0.00379,0.00064,0.00155,0.01002
1403715323.912051916122437,0.00321,0.00022,0.00253,0.00314,0.00015,0.00155,0.01081
1403715323.962056636810303,0.00337,0.00020,0.00174,0.00311,0.00902,0.00158,0.01903
1403715324.012067556381226,0.00344,0.00019,0.00038,0.00474,0.00001,0.00165,0.01040
1403715324.062088966369629,0.00277,0.00017,0.00106,0.00436,0.00001,0.00165,0.01002
1403715324.112099885940552,0.00261,0.00017,0.00126,0.00440,0.00224,0.00151,0.01219
1403715324.162103652954102,0.00259,0.00019,0.00270,0.00482,0.00186,0.00154,0.01371
1403715324.212106227874756,0.00320,0.00019,0.00467,0.00530,0.00127,0.00164,0.01627
1403715324.262108087539673,0.00336,0.00022,0.00002,0.00543,0.00022,0.00161,0.01085
1403715324.312122583389282,0.00274,0.00020,0.00534,0.00532,0.00134,0.00158,0.01651
1403715324.362127780914307,0.00328,0.00022,0.00012,0.00565,0.00019,0.00158,0.01105
1403715324.412126541137695,0.00352,0.00020,0.00004,0.00590,0.00003,0.00167,0.01136
1403715324.462141513824463,0.00283,0.00024,0.00593,0.00559,0.00068,0.00168,0.01696
1403715324.512157917022705,0.00276,0.00018,0.00450,0.00558,0.00000,0.00177,0.01479
1403715324.562176227569580,0.00352,0.00019,0.00066,0.00525,0.00021,0.00173,0.01156
1403715324.612198352813721,0.00354,0.00018,0.00061,0.00531,0.00000,0.00169,0.01134
1403715324.662216901779175,0.00271,0.00019,0.00023,0.00524,0.00001,0.00169,0.01007
1403715324.712228298187256,0.00270,0.00019,0.00005,0.00493,0.00025,0.00170,0.00983
1403715324.762235879898071,0.00276,0.00020,0.00008,0.00510,0.00005,0.00161,0.00982
1403715324.812246322631836,0.00349,0.00017,0.00343,0.00477,0.00154,0.00166,0.01506
1403715324.862252473831177,0.00386,0.00024,0.00003,0.00652,0.00132,0.00164,0.01361
1403715324.912262678146362,0.00249,0.00021,0.00517,0.00564,0.00000,0.00164,0.01516
1403715324.962265014648438,0.00248,0.00019,0.01027,0.00568,0.00020,0.00160,0.02043
1403715325.012264251708984,0.00235,0.00020,0.00011,0.00571,0.00000,0.00154,0.00992
1403715325.062265634536743,0.00265,0.00022,0.00472,0.00568,0.00085,0.00169,0.01582
1403715325.112259626388550,0.00240,0.00021,0.00402,0.00582,0.00000,0.00167,0.01414
1403715325.162256956100464,0.00238,0.00020,0.00059,0.00588,0.00000,0.00159,0.01064
1403715325.212253570556641,0.00225,0.00021,0.00059,0.00587,0.00000,0.00162,0.01054
1403715325.262253999710083,0.00245,0.00017,0.00112,0.00570,0.00000,0.00160,0.01104
1403715325.312259912490845,0.00241,0.00019,0.00032,0.00563,0.00019,0.00162,0.01036
1403715325.362261295318604,0.00235,0.00022,0.00154,0.00567,0.00000,0.00155,0.01133
1403715325.412256002426147,0.00287,0.00017,0.00243,0.00566,0.00000,0.00167,0.01280
1403715325.462256431579590,0.00264,0.00020,0.00001,0.00554,0.00000,0.00163,0.01003
1403715325.512257337570190,0.00236,0.00019,0.00466,0.00545,0.00000,0.00160,0.01427
1403715325.562247753143311,0.00274,0.00019,0.00990,0.00520,0.00018,0.00157,0.01979
1403715325.612239360809326,0.00268,0.00019,0.00008,0.00521,0.00005,0.00169,0.00991
1403715325.662231683731079,0.00264,0.00021,0.00423,0.00511,0.00021,0.00159,0.01398
1403715325.712228059768677,0.00269,0.00020,0.00311,0.00526,0.00263,0.00165,0.01553
1403715325.762225389480591,0.00264,0.00020,0.00058,0.00601,0.00000,0.00157,0.01101
1403715325.812224388122559,0.00235,0.00022,0.00057,0.00572,0.00000,0.00154,0.01040
1403715325.862222194671631,0.00236,0.00019,0.00107,0.00574,0.00000,0.00160,0.01096
1403715325.912220954895020,0.00241,0.00020,0.00036,0.00577,0.00019,0.00150,0.01043
1403715325.962219715118408,0.00264,0.00017,0.00203,0.00566,0.00000,0.00155,0.01206
1403715326.012218475341797,0.00253,0.00018,0.00316,0.00561,0.00000,0.00160,0.01308
1403715326.062218427658081,0.00319,0.00019,0.00012,0.00549,0.00019,0.00159,0.01077
1403715326.112219810485840,0.00325,0.00021,0.00412,0.00563,0.00128,0.00161,0.01611
1403715326.162219762802124,0.00262,0.00018,0.00963,0.00586,0.00000,0.00160,0.01990
1403715326.212222099304199,0.00262,0.00020,0.00075,0.00570,0.00000,0.00167,0.01095
1403715326.262227773666382,0.00258,0.00020,0.00439,0.00559,0.00000,0.00166,0.01442
1403715326.312245845794678,0.00319,0.00018,0.00315,0.00463,0.00001,0.00153,0.01269
1403715326.362262964248657,0.00260,0.00018,0.00001,0.00576,0.00069,0.00151,0.01075
1403715326.412272214889526,0.00265,0.00020,0.00060,0.00583,0.00000,0.00157,0.01085
1403715326.462274789810181,0.00258,0.00020,0.00117,0.00572,0.00019,0.00161,0.01148
1403715326.512272596359253,0.00257,0.00021,0.00072,0.00608,0.00000,0.00163,0.01122
1403715326.562267780303955,0.00246,0.00021,0.00154,0.00586,0.00000,0.00154,0.01162
1403715326.612266540527344,0.00224,0.00020,0.00198,0.00598,0.00000,0.00160,0.01200
1403715326.662270307540894,0.00302,0.00020,0.00046,0.00598,0.00000,0.00169,0.01136
1403715326.712281227111816,0.00279,0.00024,0.00449,0.00580,0.00000,0.00170,0.01502
1403715326.762299060821533,0.00295,0.00020,0.00918,0.00591,0.00127,0.00170,0.02121
1403715326.812306880950928,0.00294,0.00021,0.00131,0.00599,0.00000,0.00164,0.01209
1403715326.862314701080322,0.00280,0.00021,0.00448,0.00688,0.00000,0.00193,0.01629
1403715326.912314653396606,0.00269,0.00020,0.00325,0.00569,0.00001,0.00165,0.01349
1403715326.962307929992676,0.00272,0.00020,0.00022,0.00556,0.00000,0.00170,0.01040
1403715327.012299060821533,0.00278,0.00018,0.00140,0.00545,0.00068,0.00163,0.01212
1403715327.062297105789185,0.00270,0.00022,0.00019,0.00539,0.00084,0.00170,0.01105
1403715327.112296819686890,0.00254,0.00019,0.00128,0.00574,0.00000,0.00166,0.01142
1403715327.162293195724487,0.00266,0.00019,0.00185,0.00577,0.00000,0.00214,0.01262
1403715327.212293863296509,0.00249,0.00020,0.01143,0.00594,0.00000,0.00155,0.02161
1403715327.262293100357056,0.00242,0.00018,0.00002,0.00581,0.00000,0.00168,0.01011
1403715327.312292575836182,0.00235,0.00021,0.00419,0.00575,0.00000,0.00166,0.01417
1403715327.362289190292358,0.00235,0.00020,0.00797,0.00562,0.00000,0.00175,0.01791
1403715327.412289619445801,0.00231,0.00019,0.00082,0.00554,0.00000,0.00158,0.01045
1403715327.462288141250610,0.00232,0.00020,0.00307,0.00544,0.00130,0.00159,0.01392
1403715327.512286901473999,0.00219,0.00024,0.00197,0.00551,0.00000,0.00153,0.01145
1403715327.562286138534546,0.00226,0.00019,0.00008,0.00569,0.00021,0.00157,0.01000
1403715327.612287282943726,0.00221,0.00020,0.00002,0.00579,0.00000,0.00160,0.00982
1403715327.662287950515747,0.00263,0.00019,0.00020,0.00554,0.00000,0.00156,0.01014
1403715327.712290048599243,0.00218,0.00018,0.00011,0.00505,0.00066,0.00157,0.00975
1403715327.762292861938477,0.00224,0.00017,0.00042,0.00523,0.00130,0.00153,0.01088
1403715327.812299728393555,0.00221,0.00017,0.01051,0.00563,0.00018,0.00155,0.02025
1403715327.862302303314209,0.00264,0.00018,0.00001,0.00560,0.00000,0.00158,0.01003
1403715327.912306547164917,0.00325,0.00019,0.00392,0.00549,0.00000,0.00161,0.01448
1403715327.962309598922729,0.00403,0.00021,0.00750,0.00542,0.00000,0.00160,0.01876
1403715328.012309312820435,0.00386,0.00019,0.00083,0.00494,0.00000,0.00169,0.01151
1403715328.062309741973877,0.00302,0.00020,0.00154,0.00502,0.00123,0.00166,0.01267
1403715328.112309932708740,0.00291,0.00019,0.00075,0.00526,0.00083,0.00172,0.01167
1403715328.162306070327759,0.00376,0.00021,0.00022,0.00561,0.00000,0.00175,0.01155
1403715328.212304115295410,0.00366,0.00018,0.00025,0.00540,0.00000,0.00167,0.01116
1403715328.262303113937378,0.00345,0.00020,0.00092,0.00518,0.00001,0.00167,0.01143
1403715328.312302112579346,0.00350,0.00022,0.00002,0.00525,0.00000,0.00171,0.01070
1403715328.362310647964478,0.00271,0.00020,0.00060,0.00502,0.00000,0.00179,0.01033
1403715328.412312746047974,0.00271,0.00021,0.00918,0.00507,0.00078,0.00177,0.01972
1403715328.462316513061523,0.00351,0.00021,0.00059,0.00514,0.00019,0.00172,0.01136
1403715328.512320041656494,0.00366,0.00020,0.01287,0.00526,0.00126,0.00164,0.02489
1403715328.562322139739990,0.00347,0.00019,0.00649,0.00550,0.00000,0.00172,0.01738
1403715328.612317562103271,0.00258,0.00018,0.00080,0.00518,0.00001,0.00159,0.01035
1403715328.662313938140869,0.00285,0.00020,0.00059,0.00528,0.00070,0.00176,0.01137
1403715328.712317228317261,0.00272,0.00023,0.00069,0.00526,0.00034,0.00166,0.01090
1403715328.762318134307861,0.00351,0.00020,0.00043,0.00552,0.00000,0.00175,0.01142
1403715328.812317371368408,0.00289,0.00019,0.00024,0.00566,0.00000,0.00168,0.01068
1403715328.862313985824585,0.00339,0.00020,0.00058,0.00554,0.00000,0.00175,0.01146
1403715328.912309408187866,0.00258,0.00020,0.00056,0.00549,0.00000,0.00168,0.01051
1403715328.962309122085571,0.00266,0.00018,0.00002,0.00559,0.00000,0.00173,0.01018
1403715329.012314796447754,0.00267,0.00021,0.00887,0.00556,0.00000,0.00170,0.01901
1403715329.062313795089722,0.00265,0.00019,0.00102,0.00506,0.00000,0.00165,0.01058
1403715329.112315654754639,0.00258,0.00016,0.01119,0.00494,0.00071,0.00161,0.02118
1403715329.162310600280762,0.00260,0.00017,0.00632,0.00500,0.00020,0.00167,0.01597
1403715329.212311744689941,0.00254,0.00021,0.00060,0.00501,0.00001,0.00158,0.00994
1403715329.262312889099121,0.00253,0.00019,0.00021,0.00486,0.00003,0.00162,0.00944
1403715329.312312841415405,0.00253,0.00019,0.00033,0.00483,0.00080,0.00154,0.01022
1403715329.362313032150269,0.00389,0.00021,0.00006,0.00519,0.00000,0.00161,0.01097
1403715329.412311553955078,0.00295,0.00021,0.00005,0.00519,0.00000,0.00165,0.01005
1403715329.462305307388306,0.00424,0.00022,0.00141,0.00497,0.00003,0.00181,0.01268
1403715329.512300252914429,0.00321,0.00018,0.00027,0.00493,0.00000,0.00178,0.01037
1403715329.562298059463501,0.00324,0.00021,0.00030,0.00498,0.00001,0.00178,0.01052
1403715329.612302780151367,0.00311,0.00017,0.00419,0.00497,0.00322,0.00175,0.01742
1403715329.662304639816284,0.00312,0.00019,0.00036,0.00550,0.00000,0.00184,0.01102
1403715329.712312698364258,0.00303,0.00021,0.00841,0.00546,0.00130,0.00181,0.02022
1403715329.762315988540649,0.00296,0.00020,0.00601,0.00568,0.00000,0.00187,0.01673
1403715329.812312602996826,0.00321,0.00020,0.00041,0.00566,0.00000,0.00188,0.01136
1403715329.862314701080322,0.00328,0.00020,0.00002,0.00564,0.00000,0.00184,0.01098
1403715329.912314653396606,0.00285,0.00018,0.00361,0.00529,0.00070,0.00179,0.01443
1403715329.962318658828735,0.00286,0.00019,0.00006,0.00550,0.00019,0.00178,0.01059
1403715330.012325763702393,0.00293,0.00021,0.01646,0.00552,0.00000,0.00185,0.02697
1403715330.062326192855835,0.00381,0.00020,0.00058,0.00551,0.00000,0.00189,0.01200
1403715330.112321615219116,0.00297,0.00016,0.00021,0.00430,0.00020,0.00178,0.00962
1403715330.162323951721191,0.00386,0.00018,0.00006,0.00347,0.00000,0.00175,0.00934
1403715330.212317466735840,0.00396,0.00019,0.00373,0.00297,0.00055,0.00172,0.01313
1403715330.262318611145020,0.00300,0.00019,0.00032,0.00338,0.00048,0.00173,0.00910
1403715330.312319993972778,0.00281,0.00016,0.00436,0.00398,0.00759,0.00176,0.02067
1403715330.362319707870483,0.00284,0.00021,0.00547,0.00574,0.00127,0.00165,0.01719
1403715330.412324666976929,0.00357,0.00020,0.00175,0.00571,0.00000,0.00174,0.01298
1403715330.462332010269165,0.00274,0.00021,0.00005,0.00580,0.00000,0.00166,0.01047
1403715330.512335538864136,0.00241,0.00020,0.00415,0.00574,0.00068,0.00172,0.01489
1403715330.562337636947632,0.00266,0.00022,0.00002,0.00600,0.00000,0.00164,0.01055
1403715330.612339019775391,0.00280,0.00018,0.01397,0.00596,0.00000,0.00168,0.02459
1403715330.662339925765991,0.00282,0.00019,0.00005,0.00599,0.00000,0.00171,0.01077
1403715330.712341070175171,0.00372,0.00019,0.00001,0.00596,0.00000,0.00173,0.01162
1403715330.762342929840088,0.00295,0.00026,0.00007,0.00601,0.00000,0.00177,0.01105
1403715330.812344312667847,0.00282,0.00020,0.00342,0.00591,0.00000,0.00175,0.01410
1403715330.862344741821289,0.00270,0.00022,0.00092,0.00594,0.00000,0.00179,0.01157
1403715330.912344694137573,0.00291,0.00022,0.00346,0.00594,0.00000,0.00175,0.01428
1403715330.962344408035278,0.00288,0.00023,0.00560,0.00599,0.00000,0.00165,0.01636
1403715331.012345790863037,0.00264,0.00020,0.00030,0.00612,0.00000,0.00174,0.01098
1403715331.062348127365112,0.00257,0.00019,0.00010,0.00595,0.00000,0.00164,0.01046
1403715331.112348318099976,0.00253,0.00025,0.00433,0.00572,0.00000,0.00169,0.01453
1403715331.162345647811890,0.00246,0.00023,0.00021,0.00577,0.00000,0.00171,0.01039
1403715331.212326765060425,0.00244,0.00020,0.01431,0.00578,0.00001,0.00163,0.02437
1403715331.262324094772339,0.00260,0.00022,0.00013,0.00542,0.00003,0.00162,0.01003
1403715331.312315225601196,0.00270,0.00017,0.00003,0.00512,0.00000,0.00159,0.00961
1403715331.362306833267212,0.00247,0.00022,0.00012,0.00505,0.00081,0.00169,0.01034
1403715331.412302494049072,0.00239,0.00021,0.00325,0.00532,0.00081,0.00171,0.01369
1403715331.462296724319458,0.00261,0.00019,0.00113,0.00510,0.00019,0.00167,0.01089
1403715331.512297868728638,0.00246,0.00020,0.00351,0.00542,0.00000,0.00164,0.01324
1403715331.562304496765137,0.00224,0.00020,0.00566,0.00524,0.00020,0.00171,0.01525
1403715331.612306118011475,0.00226,0.00019,0.00097,0.00554,0.00093,0.00166,0.01155
1403715331.662305831909180,0.00226,0.00020,0.00002,0.00565,0.00000,0.00162,0.00976
1403715331.712305307388306,0.00234,0.00023,0.00435,0.00558,0.00068,0.00169,0.01487
1403715331.762306690216064,0.00233,0.00019,0.00002,0.00595,0.00000,0.00159,0.01008
1403715331.812312602996826,0.00235,0.00021,0.02297,0.00578,0.00000,0.00153,0.03284
1403715331.862315416336060,0.00220,0.00021,0.00057,0.00484,0.00000,0.00162,0.00944
1403715331.912322521209717,0.00235,0.00018,0.00015,0.00439,0.00001,0.00162,0.00869
1403715331.962329626083374,0.00230,0.00026,0.00019,0.00412,0.00057,0.00155,0.00899
1403715332.012337923049927,0.00246,0.00019,0.00231,0.00482,0.00160,0.00163,0.01302
1403715332.062347888946533,0.00233,0.00021,0.00109,0.00572,0.00000,0.00162,0.01098
1403715332.112352371215820,0.00228,0.00017,0.00347,0.00561,0.00000,0.00155,0.01309
1403715332.162355899810791,0.00271,0.00019,0.00585,0.00565,0.00000,0.00160,0.01600
1403715332.212356328964233,0.00233,0.00024,0.00119,0.00566,0.00000,0.00160,0.01102
1403715332.262355089187622,0.00225,0.00023,0.00004,0.00570,0.00000,0.00158,0.00980
1403715332.312353134155273,0.00241,0.00017,0.00332,0.00566,0.00000,0.00158,0.01314
1403715332.362352371215820,0.00218,0.00022,0.00002,0.00569,0.00000,0.00157,0.00968
1403715332.412354707717896,0.00231,0.00025,0.01223,0.00588,0.00000,0.00167,0.02234
1403715332.462354660034180,0.00224,0.00020,0.00057,0.00571,0.00000,0.00164,0.01037
1403715332.512355804443359,0.00232,0.00020,0.00058,0.00572,0.00000,0.00163,0.01047
1403715332.562357425689697,0.00223,0.00019,0.00002,0.00555,0.00000,0.00166,0.00965
1403715332.612359046936035,0.00226,0.00020,0.00174,0.00526,0.00018,0.00156,0.01119
1403715332.662360191345215,0.00266,0.00021,0.00116,0.00553,0.00000,0.00174,0.01130
1403715332.712360858917236,0.00263,0.00020,0.00370,0.00562,0.00001,0.00155,0.01370
1403715332.762363672256470,0.00241,0.00016,0.00559,0.00551,0.00065,0.00165,0.01597
1403715332.812363862991333,0.00237,0.00025,0.00141,0.00556,0.00021,0.00164,0.01144
1403715332.862360954284668,0.00246,0.00020,0.00039,0.00542,0.00001,0.00152,0.01000
1403715332.912355422973633,0.00252,0.00019,0.00350,0.00501,0.00126,0.00149,0.01396
1403715332.962350130081177,0.00388,0.00020,0.00079,0.00538,0.00000,0.00166,0.01192
1403715333.012332677841187,0.00290,0.00020,0.01084,0.00517,0.00120,0.00163,0.02193
1403715333.062339305877686,0.00270,0.00019,0.00051,0.00495,0.00000,0.00166,0.01001
1403715333.112344980239868,0.00255,0.00020,0.00002,0.00497,0.00065,0.00172,0.01013
1403715333.162352085113525,0.00246,0.00027,0.00031,0.00499,0.00000,0.00164,0.00968
1403715333.212360620498657,0.00241,0.00023,0.00084,0.00489,0.00177,0.00155,0.01168
1403715333.262365579605103,0.00248,0.00021,0.00031,0.00543,0.00127,0.00169,0.01140
1403715333.312371730804443,0.00244,0.00020,0.00159,0.00563,0.00067,0.00163,0.01216
1403715333.362375974655151,0.00248,0.00023,0.00531,0.00575,0.00000,0.00165,0.01542
1403715333.412379503250122,0.00280,0.00018,0.00119,0.00584,0.00000,0.00163,0.01164
1403715333.462383508682251,0.00244,0.00021,0.00093,0.00552,0.00000,0.00172,0.01082
1403715333.512397050857544,0.00247,0.00026,0.01406,0.00501,0.00000,0.00159,0.02340
1403715333.562402963638306,0.00270,0.00020,0.00013,0.00401,0.00035,0.00161,0.00901
1403715333.612412452697754,0.00233,0.00019,0.00950,0.00416,0.00018,0.00181,0.01818
1403715333.662413597106934,0.00232,0.00022,0.00021,0.00381,0.00053,0.00163,0.00873
1403715333.712410688400269,0.00230,0.00017,0.00006,0.00441,0.00001,0.00156,0.00851
1403715333.762410640716553,0.00239,0.00020,0.00041,0.00394,0.00016,0.00153,0.00864
1403715333.812414407730103,0.00244,0.00018,0.00050,0.00384,0.00071,0.00153,0.00921
1403715333.862419843673706,0.00228,0.00015,0.00009,0.00399,0.00016,0.00151,0.00819
1403715333.912428140640259,0.00220,0.00019,0.00054,0.00394,0.00179,0.00156,0.01023
1403715333.962445497512817,0.00231,0.00020,0.00267,0.00429,0.00482,0.00192,0.01621
1403715334.012456655502319,0.00218,0.00019,0.00123,0.00477,0.00000,0.00154,0.00992
1403715334.062466382980347,0.00225,0.00019,0.00082,0.00362,0.00001,0.00149,0.00837
1403715334.112491130828857,0.00223,0.00021,0.01139,0.00450,0.00280,0.00166,0.02280
1403715334.162487506866455,0.00226,0.00021,0.00021,0.00564,0.00000,0.00156,0.00989
1403715334.212492942810059,0.00327,0.00022,0.00825,0.00555,0.00000,0.00168,0.01898
1403715334.262490749359131,0.00285,0.00020,0.00014,0.00535,0.00000,0.00162,0.01015
1403715334.312490224838257,0.00257,0.00022,0.00029,0.00516,0.00000,0.00164,0.00988
1403715334.362488746643066,0.00234,0.00020,0.00028,0.00497,0.00018,0.00168,0.00965
1403715334.412487983703613,0.00262,0.00018,0.00011,0.00478,0.00017,0.00166,0.00951
1403715334.462487459182739,0.00267,0.00018,0.00008,0.00449,0.00000,0.00164,0.00907
1403715334.512487411499023,0.00263,0.00019,0.00057,0.00367,0.00015,0.00159,0.00880
1403715334.562486410140991,0.00261,0.00017,0.00005,0.00384,0.00131,0.00162,0.00960
1403715334.612486600875854,0.00262,0.00019,0.00008,0.00430,0.00160,0.00167,0.01046
1403715334.662484645843506,0.00241,0.00019,0.00012,0.00452,0.00133,0.00178,0.01033
1403715334.712482452392578,0.00253,0.00022,0.00978,0.00449,0.00125,0.00160,0.01988
1403715334.762479066848755,0.00234,0.00019,0.01190,0.00450,0.00124,0.00158,0.02174
1403715334.812476873397827,0.00230,0.00020,0.00777,0.00452,0.00129,0.00166,0.01774
1403715334.862476825714111,0.00263,0.00019,0.00016,0.00450,0.00067,0.00168,0.00983
1403715334.912476778030396,0.00271,0.00021,0.00013,0.00440,0.00000,0.00168,0.00912
1403715334.962476730346680,0.00339,0.00019,0.00016,0.00356,0.00001,0.00158,0.00889
1403715335.012477159500122,0.00263,0.00021,0.00034,0.00321,0.00000,0.00160,0.00799
1403715335.062477350234985,0.00258,0.00021,0.00014,0.00288,0.00038,0.00158,0.00776
1403715335.112477779388428,0.00327,0.00016,0.00030,0.00291,0.00000,0.00170,0.00834
1403715335.162477731704712,0.00344,0.00022,0.00002,0.00286,0.00000,0.00165,0.00818
1403715335.212478637695312,0.00270,0.00017,0.00008,0.00260,0.00033,0.00170,0.00759
1403715335.262478590011597,0.00235,0.00021,0.00021,0.00255,0.00003,0.00161,0.00696
1403715335.312476873397827,0.00236,0.00015,0.00179,0.00242,0.01529,0.00168,0.02369
1403715335.362478017807007,0.00232,0.00018,0.01076,0.00509,0.00114,0.00159,0.02109
1403715335.412477016448975,0.00231,0.00021,0.00812,0.00490,0.00000,0.00169,0.01723
1403715335.462476491928101,0.00263,0.00020,0.00006,0.00463,0.00000,0.00156,0.00909
1403715335.512475013732910,0.00256,0.00022,0.00014,0.00438,0.00018,0.00152,0.00901
1403715335.562475442886353,0.00272,0.00019,0.00058,0.00415,0.00062,0.00152,0.00978
1403715335.612476110458374,0.00246,0.00019,0.00084,0.00370,0.00003,0.00156,0.00878
1403715335.662474870681763,0.00279,0.00019,0.00168,0.00369,0.00036,0.00159,0.01031
1403715335.712478637695312,0.00257,0.00021,0.00433,0.00370,0.00671,0.00158,0.01909
1403715335.762479305267334,0.00249,0.00018,0.00033,0.00478,0.00000,0.00159,0.00938
1403715335.812480211257935,0.00243,0.00020,0.00038,0.00454,0.00103,0.00156,0.01014
1403715335.862483024597168,0.00226,0.00020,0.00011,0.00447,0.00038,0.00167,0.00907
1403715335.912484645843506,0.00291,0.00020,0.00112,0.00431,0.00148,0.00158,0.01160
1403715335.962484836578369,0.00242,0.00019,0.00775,0.00479,0.00129,0.00160,0.01806
1403715336.012486219406128,0.00241,0.00020,0.00738,0.00447,0.00000,0.00160,0.01607
1403715336.062485218048096,0.00230,0.00019,0.00034,0.00430,0.00000,0.00155,0.00868
1403715336.112483501434326,0.00241,0.00020,0.00039,0.00401,0.00001,0.00151,0.00853
1403715336.162482976913452,0.00282,0.00018,0.00071,0.00352,0.00000,0.00152,0.00875
1403715336.212483167648315,0.00239,0.00019,0.00061,0.00334,0.00354,0.00155,0.01162
1403715336.262484788894653,0.00246,0.00021,0.00051,0.00380,0.00001,0.00156,0.00854
1403715336.312488079071045,0.00298,0.00018,0.00063,0.00381,0.00436,0.00155,0.01352
1403715336.362489938735962,0.00266,0.00019,0.00006,0.00458,0.00000,0.00158,0.00908
1403715336.412492036819458,0.00264,0.00023,0.00019,0.00426,0.00000,0.00165,0.00896
1403715336.462492942810059,0.00253,0.00020,0.00398,0.00413,0.00173,0.00155,0.01413
1403715336.512491226196289,0.00255,0.00022,0.00002,0.00449,0.00067,0.00151,0.00946
1403715336.562490224838257,0.00251,0.00022,0.00544,0.00406,0.00137,0.00151,0.01511
1403715336.612485408782959,0.00252,0.00021,0.00590,0.00418,0.00368,0.00163,0.01811
1403715336.662484645843506,0.00267,0.00021,0.00013,0.00484,0.00001,0.00157,0.00944
1403715336.712484359741211,0.00298,0.00022,0.00421,0.00452,0.00038,0.00158,0.01388
1403715336.762484073638916,0.00242,0.00022,0.00083,0.00403,0.00000,0.00162,0.00913
1403715336.812485218048096,0.00244,0.00024,0.00005,0.00384,0.00060,0.00153,0.00871
1403715336.862485408782959,0.00238,0.00019,0.00142,0.00382,0.00332,0.00156,0.01268
1403715336.912486076354980,0.00227,0.00019,0.00051,0.00421,0.00040,0.00156,0.00914
1403715336.962487459182739,0.00236,0.00019,0.00010,0.00389,0.00001,0.00157,0.00812
1403715337.012487411499023,0.00295,0.00024,0.00017,0.00341,0.00001,0.00157,0.00834
1403715337.062488317489624,0.00242,0.00018,0.00069,0.00325,0.00527,0.00158,0.01338
1403715337.112487316131592,0.00252,0.00021,0.00077,0.00388,0.00001,0.00155,0.00894
1403715337.162486076354980,0.00238,0.00019,0.00293,0.00358,0.00698,0.00173,0.01779
1403715337.212484359741211,0.00238,0.00019,0.00446,0.00484,0.00144,0.00155,0.01486
1403715337.262482881546021,0.00232,0.00023,0.00388,0.00486,0.00010,0.00154,0.01294
1403715337.312483310699463,0.00219,0.00021,0.00436,0.00475,0.00141,0.00162,0.01454
1403715337.362483263015747,0.00264,0.00017,0.00055,0.00452,0.00000,0.00161,0.00950
1403715337.412483453750610,0.00243,0.00019,0.00052,0.00406,0.00000,0.00158,0.00878
1403715337.462483167648315,0.00235,0.00020,0.00017,0.00385,0.00042,0.00147,0.00846
1403715337.512484073638916,0.00227,0.00022,0.00068,0.00315,0.00056,0.00158,0.00846
1403715337.562481403350830,0.00275,0.00018,0.00295,0.00308,0.01205,0.00156,0.02256
1403715337.612479686737061,0.00231,0.00019,0.00063,0.00459,0.00017,0.00150,0.00939
1403715337.662478923797607,0.00268,0.00021,0.00134,0.00415,0.00000,0.00155,0.00994
1403715337.712477684020996,0.00270,0.00021,0.00084,0.00332,0.00004,0.00152,0.00863
1403715337.762476682662964,0.00255,0.00020,0.00136,0.00302,0.00218,0.00145,0.01078
1403715337.812476873397827,0.00267,0.00020,0.00046,0.00320,0.00055,0.00141,0.00850
1403715337.862476587295532,0.00236,0.00016,0.00018,0.00291,0.00120,0.00149,0.00831
1403715337.912477016448975,0.00287,0.00015,0.00024,0.00279,0.00549,0.00157,0.01310
1403715337.962476015090942,0.00271,0.00017,0.00038,0.00314,0.00001,0.00152,0.00793
1403715338.012479066848755,0.00399,0.00015,0.00079,0.00245,0.00053,0.00148,0.00939
1403715338.062477588653564,0.00237,0.00018,0.00030,0.00255,0.00038,0.00145,0.00722
1403715338.112474203109741,0.00270,0.00017,0.00065,0.00254,0.00803,0.00159,0.01568
1403715338.162475347518921,0.00259,0.00016,0.00109,0.00353,0.00162,0.00149,0.01047
1403715338.212473869323730,0.00287,0.00017,0.00088,0.00332,0.00000,0.00144,0.00868
1403715338.262470960617065,0.00250,0.00018,0.00017,0.00318,0.00071,0.00147,0.00821
1403715338.312468528747559,0.00277,0.00017,0.00027,0.00289,0.00021,0.00147,0.00778
1403715338.362465381622314,0.00273,0.00017,0.00028,0.00290,0.00015,0.00149,0.00772
1403715338.412463665008545,0.00301,0.00019,0.00042,0.00313,0.00014,0.00151,0.00840
1403715338.462461471557617,0.00334,0.00016,0.00114,0.00312,0.00648,0.00158,0.01581
1403715338.512462139129639,0.00352,0.00020,0.00090,0.00312,0.00018,0.00151,0.00944
1403715338.562461853027344,0.00286,0.00017,0.00161,0.00267,0.00589,0.00150,0.01470
1403715338.612464904785156,0.00332,0.00023,0.00168,0.00311,0.00049,0.00148,0.01032
1403715338.662465095520020,0.00279,0.00019,0.00034,0.00350,0.00069,0.00156,0.00907
1403715338.712463617324829,0.00252,0.00020,0.00029,0.00264,0.00103,0.00142,0.00810
1403715338.762463808059692,0.00291,0.00016,0.00015,0.00227,0.00016,0.00140,0.00705
1403715338.812459468841553,0.00250,0.00020,0.00081,0.00244,0.00046,0.00148,0.00790
1403715338.862456798553467,0.00261,0.00019,0.00063,0.00299,0.00479,0.00150,0.01272
1403715338.912451505661011,0.00245,0.00020,0.00108,0.00370,0.00032,0.00147,0.00921
1403715338.962448358535767,0.00257,0.00022,0.00007,0.00361,0.00000,0.00146,0.00793
1403715339.012445926666260,0.00278,0.00019,0.00095,0.00355,0.00657,0.00151,0.01555
1403715339.062443733215332,0.00334,0.00019,0.00146,0.00441,0.00141,0.00160,0.01241
1403715339.112443685531616,0.00291,0.00022,0.00052,0.00428,0.00000,0.00145,0.00938
1403715339.162442684173584,0.00316,0.00018,0.00023,0.00433,0.00150,0.00153,0.01094
1403715339.212440490722656,0.00303,0.00018,0.00072,0.00445,0.00125,0.00159,0.01123
1403715339.262439489364624,0.00290,0.00020,0.00030,0.00473,0.00038,0.00160,0.01010
1403715339.312437057495117,0.00360,0.00022,0.00546,0.00461,0.00097,0.00149,0.01635
1403715339.362436056137085,0.00421,0.00018,0.00083,0.00486,0.00254,0.00155,0.01418
1403715339.412434816360474,0.00318,0.00021,0.00341,0.00485,0.00000,0.00159,0.01324
1403715339.462433576583862,0.00345,0.00020,0.00016,0.00449,0.00141,0.00144,0.01115
1403715339.512436389923096,0.00359,0.00021,0.00031,0.00451,0.00078,0.00155,0.01095
1403715339.562435150146484,0.00290,0.00018,0.00154,0.00479,0.00255,0.00162,0.01359
1403715339.612438917160034,0.00338,0.00020,0.00008,0.00552,0.00000,0.00152,0.01070
1403715339.662441492080688,0.00265,0.00020,0.00257,0.00541,0.00000,0.00144,0.01227
1403715339.712443113327026,0.00344,0.00020,0.00004,0.00548,0.00000,0.00154,0.01071
1403715339.762444019317627,0.00284,0.00019,0.00157,0.00490,0.00000,0.00149,0.01099
1403715339.812441349029541,0.00265,0.00019,0.00123,0.00418,0.00178,0.00152,0.01154
1403715339.862437009811401,0.00288,0.00022,0.00089,0.00394,0.00169,0.00151,0.01114
1403715339.912429094314575,0.00341,0.00020,0.00243,0.00402,0.00367,0.00159,0.01531
1403715339.962422370910645,0.00267,0.00021,0.00023,0.00429,0.00135,0.00162,0.01036
1403715340.012416839599609,0.00269,0.00020,0.00017,0.00452,0.00284,0.00150,0.01193
1403715340.062409877777100,0.00268,0.00023,0.00066,0.00484,0.00066,0.00153,0.01061
1403715340.112406015396118,0.00265,0.00021,0.00006,0.00506,0.00247,0.00163,0.01208
1403715340.162400960922241,0.00268,0.00021,0.00388,0.00548,0.00129,0.00160,0.01515
1403715340.212399005889893,0.00290,0.00019,0.00180,0.00536,0.00000,0.00148,0.01172
1403715340.262397527694702,0.00275,0.00018,0.00398,0.00479,0.00021,0.00155,0.01344
1403715340.312395811080933,0.00241,0.00019,0.00002,0.00470,0.00484,0.00144,0.01361
1403715340.362394094467163,0.00255,0.00020,0.00161,0.00501,0.00000,0.00148,0.01086
1403715340.412400245666504,0.00291,0.00018,0.00015,0.00466,0.00000,0.00154,0.00944
1403715340.462398529052734,0.00259,0.00021,0.00256,0.00428,0.00080,0.00152,0.01195
1403715340.512402534484863,0.00278,0.00019,0.00183,0.00464,0.00166,0.00150,0.01261
1403715340.562400817871094,0.00338,0.00020,0.00008,0.00491,0.00071,0.00155,0.01084
1403715340.612400531768799,0.00287,0.00022,0.00070,0.00513,0.00040,0.00164,0.01095
1403715340.662398338317871,0.00326,0.00018,0.00013,0.00485,0.00033,0.00169,0.01044
1403715340.712397575378418,0.00325,0.00020,0.00043,0.00510,0.00080,0.00150,0.01128
1403715340.762400627136230,0.00365,0.00020,0.00337,0.00525,0.00019,0.00163,0.01429
1403715340.812400341033936,0.00336,0.00019,0.00061,0.00541,0.00000,0.00154,0.01111
1403715340.862400531768799,0.00269,0.00021,0.00337,0.00470,0.00018,0.00151,0.01267
1403715340.912400960922241,0.00267,0.00022,0.00019,0.00441,0.00017,0.00148,0.00915
1403715340.962403774261475,0.00262,0.00019,0.00415,0.00389,0.00137,0.00155,0.01377
1403715341.012403964996338,0.00259,0.00020,0.00033,0.00425,0.00017,0.00154,0.00908
1403715341.062419176101685,0.00264,0.00020,0.00358,0.00341,0.00190,0.00153,0.01327
1403715341.112429380416870,0.00248,0.00019,0.00057,0.00400,0.00049,0.00150,0.00925
1403715341.162435770034790,0.00286,0.00020,0.00166,0.00358,0.00504,0.00152,0.01486
1403715341.212440967559814,0.00256,0.00020,0.00035,0.00407,0.00070,0.00150,0.00937
1403715341.262443542480469,0.00259,0.00019,0.00163,0.00385,0.00001,0.00151,0.00978
1403715341.312448263168335,0.00302,0.00018,0.00095,0.00364,0.00113,0.00152,0.01044
1403715341.362451314926147,0.00252,0.00018,0.00137,0.00368,0.00280,0.00147,0.01202
1403715341.412451505661011,0.00266,0.00021,0.00008,0.00415,0.00000,0.00148,0.00858
1403715341.462450504302979,0.00291,0.00020,0.00015,0.00391,0.00374,0.00151,0.01242
1403715341.512449502944946,0.00258,0.00019,0.00017,0.00460,0.00341,0.00147,0.01243
1403715341.562445640563965,0.00346,0.00020,0.00110,0.00529,0.00535,0.00160,0.01701
1403715341.612445354461670,0.00262,0.00020,0.00136,0.00573,0.00000,0.00154,0.01146
1403715341.662446260452271,0.00264,0.00022,0.00398,0.00552,0.00021,0.00150,0.01407
1403715341.712446212768555,0.00294,0.00022,0.00369,0.00479,0.00021,0.00162,0.01347
1403715341.762443780899048,0.00303,0.00016,0.00013,0.00482,0.00065,0.00157,0.01035
1403715341.812441587448120,0.00328,0.00019,0.00057,0.00470,0.00055,0.00156,0.01086
1403715341.862441301345825,0.00265,0.00020,0.00313,0.00457,0.00496,0.00157,0.01708
1403715341.912440776824951,0.00338,0.00019,0.00007,0.00545,0.00000,0.00159,0.01068
1403715341.962438106536865,0.00250,0.00016,0.00035,0.00544,0.00335,0.00160,0.01340
1403715342.012436389923096,0.00262,0.00018,0.00005,0.00603,0.00125,0.00158,0.01170
1403715342.062434911727905,0.00262,0.00018,0.00117,0.00625,0.00000,0.00160,0.01183
1403715342.112436771392822,0.00346,0.00019,0.00306,0.00590,0.00000,0.00167,0.01428
1403715342.162435770034790,0.00326,0.00023,0.00008,0.00595,0.00019,0.00162,0.01132
1403715342.212433338165283,0.00259,0.00023,0.00075,0.00583,0.00001,0.00150,0.01090
1403715342.262427091598511,0.00308,0.00020,0.00647,0.00563,0.00021,0.00155,0.01714
1403715342.312416791915894,0.00258,0.00016,0.00491,0.00529,0.00038,0.00159,0.01491
1403715342.362410068511963,0.00255,0.00019,0.00005,0.00418,0.00018,0.00155,0.00870
1403715342.412407398223877,0.00326,0.00018,0.00030,0.00306,0.00053,0.00147,0.00880
1403715342.462407588958740,0.00318,0.00019,0.00327,0.00217,0.00115,0.00156,0.01153
1403715342.512415647506714,0.00297,0.00020,0.00063,0.00282,0.00070,0.00147,0.00880
1403715342.562415122985840,0.00340,0.00018,0.00098,0.00167,0.00049,0.00151,0.00822
1403715342.612410783767700,0.00324,0.00019,0.00029,0.00086,0.00027,0.00156,0.00641
1403715342.662410259246826,0.00260,0.00017,0.00063,0.00046,0.00148,0.00147,0.00682
1403715342.712413311004639,0.00283,0.00018,0.00069,0.00094,0.00105,0.00147,0.00716
1403715342.762415409088135,0.00362,0.00017,0.00019,0.00111,0.00021,0.00152,0.00684
1403715342.812417745590210,0.00303,0.00016,0.00010,0.00101,0.00117,0.00150,0.00697
1403715342.862416505813599,0.00351,0.00016,0.00062,0.00090,0.00279,0.00151,0.00949
1403715342.912416696548462,0.00264,0.00016,0.00023,0.00137,0.00100,0.00150,0.00690
1403715342.962415933609009,0.00327,0.00016,0.00009,0.00161,0.00021,0.00155,0.00688
1403715343.012418985366821,0.00336,0.00016,0.00025,0.00175,0.00074,0.00160,0.00787
1403715343.062416553497314,0.00269,0.00016,0.00105,0.00194,0.00348,0.00157,0.01089
1403715343.112419605255127,0.00268,0.00018,0.00008,0.00254,0.00054,0.00153,0.00755
1403715343.162419319152832,0.00259,0.00014,0.00024,0.00261,0.00011,0.00155,0.00724
1403715343.212418317794800,0.00255,0.00015,0.00034,0.00275,0.00093,0.00157,0.00829
1403715343.262415885925293,0.00300,0.00015,0.00038,0.00270,0.00443,0.00157,0.01224
1403715343.312415122985840,0.00325,0.00017,0.00143,0.00318,0.01106,0.00151,0.02060
1403715343.362416267395020,0.00250,0.00018,0.00096,0.00468,0.00705,0.00157,0.01694
1403715343.412416934967041,0.00313,0.00020,0.00401,0.00595,0.00000,0.00153,0.01483
1403715343.462418317794800,0.00325,0.00018,0.00134,0.00587,0.00020,0.00159,0.01244
1403715343.512419939041138,0.00396,0.00019,0.00319,0.00524,0.00119,0.00151,0.01529
1403715343.562423467636108,0.00302,0.00018,0.00476,0.00485,0.00325,0.00167,0.01773
1403715343.612425327301025,0.00259,0.00020,0.00033,0.00562,0.00057,0.00155,0.01086
1403715343.662425279617310,0.00265,0.00017,0.00044,0.00514,0.00021,0.00151,0.01012
1403715343.712431192398071,0.00279,0.00016,0.00092,0.00415,0.00059,0.00150,0.01011
1403715343.762438058853149,0.00263,0.00020,0.00017,0.00353,0.00001,0.00150,0.00804
1403715343.812442064285278,0.00260,0.00018,0.00103,0.00314,0.00348,0.00150,0.01193
1403715343.862441301345825,0.00243,0.00019,0.00085,0.00346,0.00069,0.00147,0.00909
1403715343.912447452545166,0.00324,0.00018,0.00073,0.00410,0.00016,0.00146,0.00987
1403715343.962453126907349,0.00313,0.00018,0.00057,0.00369,0.00776,0.00139,0.01673
1403715344.012455940246582,0.00268,0.00018,0.00171,0.00509,0.00194,0.00142,0.01303
1403715344.062456369400024,0.00377,0.00019,0.00531,0.00516,0.00022,0.00147,0.01612
1403715344.112457513809204,0.00263,0.00020,0.00066,0.00490,0.00236,0.00148,0.01223
1403715344.162454366683960,0.00302,0.00020,0.00131,0.00463,0.00238,0.00158,0.01312
1403715344.212452888488770,0.00312,0.00020,0.00178,0.00367,0.00021,0.00146,0.01044
1403715344.262450218200684,0.00258,0.00020,0.00239,0.00294,0.00046,0.00150,0.01008
1403715344.312450408935547,0.00325,0.00017,0.00091,0.00297,0.00098,0.00149,0.00976
1403715344.362453460693359,0.00454,0.00018,0.00093,0.00396,0.00060,0.00160,0.01180
1403715344.412454843521118,0.00279,0.00017,0.00082,0.00442,0.00000,0.00152,0.00972
1403715344.462454557418823,0.00387,0.00018,0.00033,0.00401,0.00031,0.00154,0.01024
1403715344.512455224990845,0.00278,0.00018,0.00089,0.00389,0.00145,0.00154,0.01073
1403715344.562451124191284,0.00340,0.00015,0.00009,0.00371,0.00058,0.00154,0.00947
1403715344.612451791763306,0.00276,0.00018,0.00094,0.00389,0.00433,0.00146,0.01356
1403715344.662453651428223,0.00290,0.00019,0.00074,0.00454,0.00130,0.00153,0.01120
1403715344.712455511093140,0.00393,0.00017,0.00043,0.00452,0.00338,0.00160,0.01402
1403715344.762457847595215,0.00266,0.00021,0.00065,0.00511,0.00000,0.00149,0.01013
1403715344.812457561492920,0.00267,0.00020,0.00015,0.00495,0.00062,0.00156,0.01016
1403715344.862455368041992,0.00266,0.00019,0.00230,0.00491,0.00121,0.00158,0.01286
1403715344.912450075149536,0.00358,0.00019,0.00343,0.00496,0.00536,0.00153,0.01906
1403715344.962448835372925,0.00298,0.00018,0.00155,0.00605,0.00000,0.00164,0.01241
1403715345.012449026107788,0.00259,0.00021,0.00177,0.00548,0.00020,0.00145,0.01171
1403715345.062450408935547,0.00690,0.00018,0.00403,0.00462,0.00067,0.00155,0.01797
1403715345.112451314926147,0.00397,0.00017,0.00225,0.00371,0.00246,0.00147,0.01404
1403715345.162451744079590,0.00270,0.00017,0.00132,0.00441,0.00242,0.00149,0.01251
1403715345.212451934814453,0.00391,0.00022,0.00102,0.00467,0.00222,0.00141,0.01346
1403715345.262452363967896,0.00345,0.00017,0.00013,0.00452,0.00209,0.00150,0.01185
1403715345.312452077865601,0.00340,0.00018,0.00014,0.00461,0.00076,0.00149,0.01058
1403715345.362449645996094,0.00436,0.00019,0.00060,0.00445,0.00000,0.00152,0.01113
1403715345.412449121475220,0.00281,0.00019,0.00082,0.00446,0.00098,0.00161,0.01086
1403715345.462448596954346,0.00286,0.00019,0.00059,0.00430,0.00446,0.00162,0.01402
1403715345.512448787689209,0.00422,0.00020,0.00415,0.00492,0.00123,0.00170,0.01641
1403715345.562449693679810,0.00264,0.00018,0.00214,0.00447,0.00000,0.00161,0.01105
1403715345.612450599670410,0.00268,0.00019,0.00094,0.00428,0.00297,0.00151,0.01257
1403715345.662450551986694,0.00330,0.00019,0.00371,0.00471,0.00359,0.00157,0.01708
1403715345.712449312210083,0.00300,0.00019,0.00047,0.00515,0.00001,0.00156,0.01038
1403715345.762447834014893,0.00320,0.00020,0.00245,0.00495,0.00245,0.00163,0.01488
1403715345.812449693679810,0.00256,0.00019,0.00062,0.00477,0.00020,0.00160,0.00994
1403715345.862452983856201,0.00323,0.00020,0.00052,0.00471,0.00139,0.00150,0.01155
1403715345.912459373474121,0.00359,0.00019,0.00443,0.00479,0.00051,0.00148,0.01498
1403715345.962463855743408,0.00269,0.00018,0.00111,0.00532,0.00000,0.00159,0.01089
1403715346.012463331222534,0.00415,0.00018,0.00077,0.00505,0.00031,0.00168,0.01215
1403715346.062466144561768,0.00267,0.00018,0.00457,0.00437,0.00243,0.00159,0.01582
1403715346.112466335296631,0.00247,0.00018,0.00036,0.00503,0.00245,0.00151,0.01200
1403715346.162466764450073,0.00225,0.00018,0.00021,0.00555,0.00000,0.00156,0.00975
1403715346.212468385696411,0.00225,0.00018,0.00040,0.00512,0.00021,0.00157,0.00972
1403715346.262472629547119,0.00229,0.00018,0.00399,0.00478,0.00458,0.00149,0.01730
1403715346.312476634979248,0.00359,0.00020,0.00002,0.00583,0.00000,0.00159,0.01123
1403715346.362476348876953,0.00280,0.00020,0.00321,0.00573,0.00001,0.00163,0.01358
1403715346.412476062774658,0.00251,0.00019,0.00456,0.00546,0.00020,0.00156,0.01447
1403715346.462474822998047,0.00259,0.00020,0.00139,0.00585,0.00000,0.00157,0.01160
1403715346.512473821640015,0.00271,0.00018,0.00396,0.00515,0.00004,0.00151,0.01355
1403715346.562470674514771,0.00322,0.00019,0.00374,0.00511,0.00336,0.00173,0.01735
1403715346.612468481063843,0.00278,0.00019,0.00075,0.00567,0.00013,0.00164,0.01116
1403715346.662467002868652,0.00279,0.00017,0.00317,0.00552,0.00068,0.00165,0.01398
1403715346.712466716766357,0.00269,0.00021,0.00015,0.00563,0.00001,0.00159,0.01028
1403715346.762469053268433,0.00284,0.00018,0.00040,0.00530,0.00000,0.00163,0.01035
1403715346.812470912933350,0.00341,0.00020,0.00050,0.00524,0.00021,0.00168,0.01124
1403715346.862469673156738,0.00259,0.00018,0.00830,0.00494,0.00325,0.00163,0.02089
1403715346.912467718124390,0.00254,0.00021,0.00011,0.00580,0.00000,0.00161,0.01026
1403715346.962466239929199,0.00345,0.00018,0.00055,0.00543,0.00131,0.00159,0.01252
1403715347.012465953826904,0.00365,0.00019,0.00411,0.00556,0.00065,0.00166,0.01581
1403715347.062467575073242,0.00283,0.00020,0.00002,0.00580,0.00000,0.00288,0.01173
1403715347.112465381622314,0.00259,0.00018,0.00673,0.00577,0.00004,0.00175,0.01705
1403715347.162462711334229,0.00283,0.00023,0.00317,0.00576,0.00020,0.00169,0.01389
1403715347.212460041046143,0.00267,0.00021,0.00001,0.00578,0.00000,0.00160,0.01027
1403715347.262457609176636,0.00359,0.00019,0.00198,0.00567,0.00003,0.00167,0.01314
1403715347.312454462051392,0.00274,0.00019,0.00094,0.00532,0.00068,0.00167,0.01154
1403715347.362452507019043,0.00343,0.00021,0.00074,0.00543,0.00000,0.00167,0.01148
1403715347.412451505661011,0.00290,0.00020,0.00013,0.00492,0.00022,0.00159,0.00995
1403715347.462451934814453,0.00266,0.00019,0.00580,0.00443,0.00438,0.00156,0.01903
1403715347.512449979782104,0.00330,0.00019,0.00781,0.00466,0.00122,0.00148,0.01867
1403715347.562450647354126,0.00262,0.00019,0.00008,0.00511,0.00001,0.00160,0.00960
1403715347.612449884414673,0.00256,0.00019,0.00008,0.00488,0.00465,0.00158,0.01393
1403715347.662449598312378,0.00329,0.00019,0.00009,0.00559,0.00000,0.00166,0.01082
1403715347.712449312210083,0.00258,0.00019,0.00479,0.00486,0.00201,0.00150,0.01593
1403715347.762449741363525,0.00452,0.00020,0.00171,0.00440,0.00136,0.00162,0.01380
1403715347.812450170516968,0.00278,0.00017,0.00032,0.00427,0.00001,0.00158,0.00914
1403715347.862448215484619,0.00277,0.00018,0.00051,0.00390,0.00140,0.00154,0.01030
1403715347.912447929382324,0.00272,0.00018,0.00030,0.00394,0.00001,0.00147,0.00863
1403715347.962447643280029,0.00246,0.00018,0.00059,0.00381,0.00000,0.00154,0.00859
1403715348.012446641921997,0.00261,0.00021,0.00070,0.00363,0.00020,0.00180,0.00916
1403715348.062446355819702,0.00260,0.00016,0.00228,0.00278,0.00938,0.00147,0.01868
1403715348.112444400787354,0.00387,0.00020,0.00597,0.00400,0.00251,0.00158,0.01813
1403715348.162443161010742,0.00291,0.00020,0.00021,0.00361,0.00001,0.00160,0.00854
1403715348.212441921234131,0.00294,0.00020,0.00024,0.00329,0.00039,0.00152,0.00860
1403715348.262439489364624,0.00276,0.00018,0.00020,0.00288,0.00037,0.00154,0.00793
1403715348.312437534332275,0.00277,0.00021,0.00862,0.00298,0.00788,0.00166,0.02411
1403715348.362434864044189,0.00281,0.00018,0.00032,0.00317,0.00136,0.00153,0.00938
1403715348.412432909011841,0.00271,0.00021,0.00004,0.00325,0.00000,0.00150,0.00771
1403715348.462431192398071,0.00268,0.00020,0.00021,0.00318,0.00027,0.00150,0.00805
1403715348.512431621551514,0.00377,0.00017,0.00054,0.00293,0.00014,0.00156,0.00911
1403715348.562433004379272,0.00300,0.00017,0.00059,0.00284,0.00001,0.00156,0.00818
1403715348.612434148788452,0.00281,0.00018,0.00011,0.00220,0.00100,0.00160,0.00790
1403715348.662441968917847,0.00273,0.00016,0.00552,0.00213,0.01430,0.00158,0.02643
1403715348.712440252304077,0.00266,0.00017,0.00341,0.00430,0.00343,0.00161,0.01558
1403715348.762435197830200,0.00275,0.00016,0.00063,0.00310,0.00001,0.00149,0.00814
1403715348.812435626983643,0.00285,0.00019,0.00009,0.00106,0.00000,0.00154,0.00575
1403715348.862434148788452,0.00277,0.00019,0.00158,0.00055,0.00052,0.00145,0.00706
1403715348.912430763244629,0.00261,0.00021,0.00121,0.00049,0.00878,0.00149,0.01480
1403715348.962432146072388,0.00261,0.00016,0.00081,0.00313,0.00025,0.00143,0.00839
1403715349.012429475784302,0.00222,0.00016,0.00001,0.00350,0.00000,0.00143,0.00733
1403715349.062428712844849,0.00243,0.00018,0.00735,0.00341,0.01012,0.00156,0.02506
1403715349.112424850463867,0.00239,0.00018,0.00001,0.00523,0.00000,0.00150,0.00932
1403715349.162422895431519,0.00301,0.00022,0.00002,0.00523,0.00000,0.00156,0.01005
1403715349.212418079376221,0.00270,0.00023,0.00028,0.00509,0.00018,0.00164,0.01013
1403715349.262416362762451,0.00325,0.00019,0.00366,0.00530,0.00255,0.00152,0.01647
1403715349.312414646148682,0.00253,0.00022,0.00333,0.00560,0.00000,0.00158,0.01327
1403715349.362414598464966,0.00251,0.00022,0.00002,0.00571,0.00000,0.00150,0.00996
1403715349.412415027618408,0.00243,0.00018,0.00011,0.00562,0.00000,0.00157,0.00991
1403715349.462417125701904,0.00326,0.00018,0.00167,0.00507,0.00063,0.00174,0.01256
1403715349.512418746948242,0.00323,0.00020,0.00452,0.00499,0.00067,0.00162,0.01523
1403715349.562421560287476,0.00341,0.00021,0.00063,0.00523,0.00064,0.00155,0.01168
1403715349.612425565719604,0.00255,0.00020,0.00001,0.00529,0.00000,0.00163,0.00967
1403715349.662430286407471,0.00262,0.00019,0.00683,0.00512,0.00125,0.00152,0.01754
1403715349.712433576583862,0.00423,0.00020,0.00699,0.00504,0.00001,0.00157,0.01804
1403715349.762434720993042,0.00363,0.00021,0.00031,0.00477,0.00000,0.00166,0.01059
1403715349.812436103820801,0.00284,0.00020,0.00081,0.00447,0.00000,0.00157,0.00990
1403715349.862437725067139,0.00366,0.00018,0.00016,0.00440,0.00357,0.00163,0.01362
1403715349.912440299987793,0.00280,0.00020,0.00368,0.00476,0.00000,0.00162,0.01307
1403715349.962442636489868,0.00274,0.00019,0.00012,0.00438,0.00000,0.00161,0.00903
1403715350.012444972991943,0.00250,0.00019,0.00015,0.00394,0.00028,0.00174,0.00881
1403715350.062443971633911,0.00282,0.00020,0.00006,0.00355,0.00121,0.00159,0.00943
1403715350.112429380416870,0.00245,0.00020,0.00322,0.00359,0.00225,0.00159,0.01330
1403715350.162421226501465,0.00244,0.00019,0.00028,0.00353,0.00152,0.00158,0.00955
1403715350.212416410446167,0.00244,0.00019,0.00008,0.00414,0.00000,0.00153,0.00838
1403715350.262406826019287,0.00233,0.00018,0.01072,0.00388,0.00537,0.00150,0.02398
1403715350.312403678894043,0.00224,0.00020,0.00560,0.00467,0.00410,0.00156,0.01836
1403715350.362406969070435,0.00241,0.00021,0.00029,0.00515,0.00000,0.00153,0.00959
1403715350.412406206130981,0.00314,0.00018,0.00032,0.00475,0.00000,0.00162,0.01002
1403715350.462418079376221,0.00261,0.00017,0.00017,0.00459,0.00000,0.00152,0.00906
1403715350.512428283691406,0.00358,0.00018,0.00047,0.00398,0.00411,0.00158,0.01389
1403715350.562435150146484,0.00275,0.00020,0.00006,0.00527,0.00000,0.00187,0.01014
1403715350.612439632415771,0.00349,0.00018,0.00010,0.00502,0.00018,0.00169,0.01066
1403715350.662438631057739,0.00340,0.00018,0.00002,0.00511,0.00000,0.00166,0.01037
1403715350.712438106536865,0.00332,0.00018,0.00345,0.00489,0.00132,0.00162,0.01478
1403715350.762435913085938,0.00275,0.00019,0.00002,0.00516,0.00066,0.00155,0.01033
1403715350.812436819076538,0.00332,0.00020,0.00002,0.00465,0.00000,0.00164,0.00982
1403715350.862437486648560,0.00263,0.00019,0.00939,0.00448,0.00032,0.00155,0.01855
1403715350.912438392639160,0.00261,0.00019,0.00499,0.00465,0.00146,0.00161,0.01551
1403715350.962425947189331,0.00338,0.00021,0.00692,0.00512,0.00083,0.00155,0.01801
1403715351.012416839599609,0.00241,0.00018,0.00005,0.00496,0.00017,0.00147,0.00924
1403715351.062416076660156,0.00234,0.00020,0.00005,0.00466,0.00018,0.00153,0.00896
1403715351.112414836883545,0.00250,0.00018,0.00010,0.00561,0.00025,0.00188,0.01052
1403715351.162409782409668,0.00241,0.00020,0.00008,0.00484,0.00018,0.00152,0.00923
1403715351.212412118911743,0.00255,0.00017,0.00010,0.00499,0.00032,0.00154,0.00966
1403715351.262411832809448,0.00233,0.00018,0.00038,0.00506,0.00000,0.00154,0.00949
1403715351.312413930892944,0.00257,0.00020,0.00002,0.00494,0.00305,0.00153,0.01230
1403715351.362412452697754,0.00240,0.00018,0.00051,0.00548,0.00000,0.00158,0.01014
1403715351.412414073944092,0.00244,0.00018,0.00045,0.00516,0.00001,0.00160,0.00984
1403715351.462412595748901,0.00338,0.00017,0.00802,0.00495,0.00363,0.00152,0.02167
1403715351.512411594390869,0.00251,0.00019,0.00486,0.00556,0.00019,0.00152,0.01482
1403715351.562411546707153,0.00261,0.00020,0.00525,0.00576,0.00000,0.00154,0.01536
1403715351.612413167953491,0.00327,0.00018,0.00035,0.00521,0.00017,0.00155,0.01073
1403715351.662407398223877,0.00426,0.00020,0.00012,0.00513,0.00000,0.00168,0.01139
1403715351.712403297424316,0.00374,0.00018,0.00022,0.00440,0.00139,0.00146,0.01140
1403715351.762395858764648,0.00281,0.00017,0.00062,0.00421,0.00059,0.00153,0.00994
1403715351.812393903732300,0.00268,0.00018,0.00024,0.00395,0.00001,0.00144,0.00849
1403715351.862392663955688,0.00387,0.00021,0.00019,0.00367,0.00001,0.00158,0.00952
1403715351.912392377853394,0.00286,0.00017,0.00061,0.00366,0.00000,0.00158,0.00889
1403715351.962392330169678,0.00264,0.00015,0.00046,0.00348,0.00025,0.00155,0.00854
1403715352.012392044067383,0.00268,0.00019,0.00004,0.00384,0.00000,0.00163,0.00838
1403715352.062391042709351,0.00452,0.00017,0.00002,0.00382,0.01141,0.00170,0.02163
1403715352.112387895584106,0.00275,0.00018,0.00454,0.00576,0.00004,0.00161,0.01488
1403715352.162385225296021,0.00293,0.00019,0.00103,0.00556,0.00126,0.00162,0.01259
1403715352.212379932403564,0.00282,0.00018,0.00852,0.00554,0.00000,0.00170,0.01877
1403715352.262378454208374,0.00279,0.00019,0.00010,0.00536,0.00021,0.00168,0.01033
1403715352.312376499176025,0.00270,0.00019,0.00012,0.00559,0.00019,0.00162,0.01041
1403715352.362371921539307,0.00282,0.00019,0.00046,0.00552,0.00002,0.00160,0.01062
1403715352.412370204925537,0.00270,0.00019,0.00478,0.00548,0.00125,0.00165,0.01605
1403715352.462369918823242,0.00273,0.00021,0.00177,0.00589,0.00000,0.00162,0.01223
1403715352.512368202209473,0.00343,0.00020,0.00047,0.00522,0.00000,0.00161,0.01093
1403715352.562365293502808,0.00264,0.00019,0.00017,0.00526,0.00000,0.00158,0.00983
1403715352.612362861633301,0.00268,0.00019,0.00690,0.00485,0.00252,0.00171,0.01886
1403715352.662365198135376,0.00249,0.00017,0.00029,0.00564,0.00069,0.00153,0.01080
1403715352.712364673614502,0.00339,0.00019,0.00380,0.00510,0.00004,0.00153,0.01405
1403715352.762364625930786,0.00277,0.00020,0.00075,0.00504,0.00063,0.00160,0.01100
1403715352.812366247177124,0.00284,0.00020,0.00607,0.00512,0.00088,0.00149,0.01660
1403715352.862363576889038,0.00250,0.00018,0.00040,0.00549,0.00000,0.00161,0.01018
1403715352.912361145019531,0.00276,0.00017,0.00021,0.00526,0.00000,0.00153,0.00992
1403715352.962356805801392,0.00257,0.00017,0.00063,0.00513,0.00121,0.00153,0.01124
1403715353.012353420257568,0.00228,0.00019,0.00093,0.00545,0.00260,0.00149,0.01293
1403715353.062353134155273,0.00226,0.00019,0.00192,0.00517,0.00003,0.00155,0.01112
1403715353.112352132797241,0.00225,0.00020,0.00001,0.00525,0.00000,0.00157,0.00929
1403715353.162351369857788,0.00222,0.00020,0.00008,0.00432,0.00018,0.00159,0.00860
1403715353.212344884872437,0.00222,0.00018,0.00444,0.00444,0.00245,0.00145,0.01517
1403715353.262344837188721,0.00227,0.00022,0.00704,0.00458,0.00065,0.00146,0.01623
1403715353.312342405319214,0.00214,0.00018,0.00004,0.00567,0.00122,0.00155,0.01080
1403715353.362342119216919,0.00275,0.00021,0.00050,0.00590,0.00000,0.00154,0.01090
1403715353.412340641021729,0.00262,0.00020,0.00544,0.00598,0.00004,0.00150,0.01579
1403715353.462341547012329,0.00265,0.00018,0.00005,0.00496,0.00000,0.00149,0.00933
1403715353.512342214584351,0.00343,0.00020,0.00021,0.00481,0.00030,0.00154,0.01049
1403715353.562343597412109,0.00259,0.00019,0.00015,0.00526,0.00030,0.00159,0.01008
1403715353.612343311309814,0.00368,0.00020,0.00008,0.00544,0.00024,0.00162,0.01126
1403715353.662343978881836,0.00364,0.00019,0.00005,0.00520,0.00004,0.00171,0.01082
1403715353.712343692779541,0.00285,0.00019,0.00005,0.00497,0.00000,0.00176,0.00982
1403715353.762344598770142,0.00273,0.00017,0.00046,0.00466,0.00028,0.00165,0.00995
1403715353.812345743179321,0.00273,0.00016,0.00331,0.00510,0.00241,0.00161,0.01533
1403715353.862346172332764,0.00278,0.00020,0.00479,0.00519,0.00082,0.00179,0.01557
1403715353.912346124649048,0.00269,0.00020,0.00202,0.00505,0.00005,0.00165,0.01166
1403715353.962346792221069,0.00277,0.00017,0.00005,0.00355,0.00018,0.00150,0.00821
1403715354.012351512908936,0.00276,0.00019,0.00514,0.00278,0.00032,0.00156,0.01276
1403715354.062355041503906,0.00353,0.00020,0.00889,0.00329,0.00222,0.00150,0.01963
1403715354.112356901168823,0.00271,0.00023,0.00013,0.00476,0.00041,0.00166,0.00990
1403715354.162357091903687,0.00268,0.00018,0.00006,0.00545,0.00000,0.00161,0.00998
1403715354.212354183197021,0.00270,0.00023,0.00005,0.00537,0.00022,0.00156,0.01013
1403715354.262354373931885,0.00263,0.00017,0.00052,0.00508,0.00003,0.00158,0.01000
1403715354.312348604202271,0.00269,0.00018,0.00020,0.00488,0.00022,0.00155,0.00973
1403715354.362345218658447,0.00264,0.00018,0.00008,0.00514,0.00000,0.00155,0.00959
1403715354.412345170974731,0.00256,0.00018,0.00111,0.00507,0.00243,0.00160,0.01296
1403715354.462345361709595,0.00252,0.00019,0.00444,0.00576,0.00314,0.00159,0.01763
1403715354.512345314025879,0.00249,0.00019,0.00212,0.00638,0.00000,0.00155,0.01273
1403715354.562345027923584,0.00250,0.00022,0.00001,0.00645,0.00000,0.00152,0.01072
1403715354.612342357635498,0.00237,0.00020,0.00369,0.00610,0.00000,0.00162,0.01398
1403715354.662340164184570,0.00253,0.00020,0.00868,0.00626,0.00003,0.00154,0.01925
1403715354.712339162826538,0.00236,0.00019,0.00002,0.00616,0.00000,0.00149,0.01023
1403715354.762338876724243,0.00249,0.00020,0.00002,0.00622,0.00000,0.00149,0.01043
1403715354.812339782714844,0.00228,0.00021,0.00001,0.00617,0.00003,0.00154,0.01025
1403715354.862339735031128,0.00220,0.00017,0.00001,0.00615,0.00004,0.00153,0.01010
1403715354.912339687347412,0.00238,0.00019,0.00001,0.00615,0.00000,0.00154,0.01028
1403715354.962340831756592,0.00261,0.00021,0.00001,0.00615,0.00000,0.00158,0.01057
1403715355.012340784072876,0.00255,0.00019,0.00121,0.00613,0.00004,0.00153,0.01164
1403715355.062339544296265,0.00305,0.00024,0.00445,0.00608,0.00127,0.00152,0.01661
1403715355.112337112426758,0.00242,0.00020,0.00286,0.00602,0.00000,0.00151,0.01302
1403715355.162335157394409,0.00277,0.00018,0.00001,0.00543,0.00000,0.00161,0.01001
1403715355.212334632873535,0.00249,0.00017,0.00315,0.00528,0.00144,0.00149,0.01404
1403715355.262332201004028,0.00252,0.00019,0.00789,0.00537,0.00051,0.00155,0.01804
1403715355.312329530715942,0.00320,0.00019,0.00017,0.00554,0.00000,0.00155,0.01065
1403715355.362328052520752,0.00358,0.00019,0.00010,0.00495,0.00000,0.00167,0.01049
1403715355.412328720092773,0.00352,0.00020,0.00039,0.00459,0.00075,0.00154,0.01098
1403715355.462326526641846,0.00265,0.00018,0.00015,0.00483,0.00001,0.00150,0.00933
1403715355.512327194213867,0.00420,0.00016,0.00007,0.00429,0.00016,0.00167,0.01056
1403715355.562327146530151,0.00284,0.00021,0.00031,0.00382,0.00000,0.00154,0.00873
1403715355.612328767776489,0.00262,0.00019,0.00368,0.00360,0.00662,0.00161,0.01832
1403715355.662328958511353,0.00352,0.00021,0.00263,0.00437,0.00353,0.00159,0.01584
1403715355.712329149246216,0.00370,0.00018,0.00124,0.00499,0.00253,0.00163,0.01427
1403715355.762327909469604,0.00335,0.00019,0.00047,0.00573,0.00001,0.00162,0.01136
1403715355.812325954437256,0.00348,0.00018,0.00079,0.00568,0.00000,0.00159,0.01173
1403715355.862321853637695,0.00262,0.00018,0.00610,0.00510,0.00360,0.00158,0.01918
1403715355.912321567535400,0.00253,0.00019,0.00005,0.00563,0.00000,0.00156,0.00996
1403715355.962321281433105,0.00298,0.00020,0.00011,0.00549,0.00032,0.00164,0.01075
1403715356.012322425842285,0.00264,0.00019,0.00004,0.00563,0.00000,0.00161,0.01011
1403715356.062323570251465,0.00335,0.00020,0.00380,0.00546,0.00138,0.00157,0.01577
1403715356.112325191497803,0.00260,0.00019,0.00014,0.00573,0.00000,0.00160,0.01026
1403715356.162326097488403,0.00341,0.00019,0.00001,0.00580,0.00000,0.00169,0.01112
1403715356.212325334548950,0.00276,0.00018,0.00687,0.00565,0.00129,0.00158,0.01834
1403715356.262325763702393,0.00341,0.00019,0.00161,0.00580,0.00021,0.00164,0.01286
1403715356.312325716018677,0.00271,0.00019,0.00055,0.00567,0.00087,0.00160,0.01159
1403715356.362325906753540,0.00305,0.00019,0.00038,0.00554,0.00000,0.00158,0.01074
1403715356.412325859069824,0.00344,0.00021,0.00113,0.00538,0.00017,0.00160,0.01193
1403715356.462326526641846,0.00319,0.00019,0.00521,0.00544,0.00124,0.00151,0.01679
1403715356.512325048446655,0.00350,0.00019,0.00252,0.00556,0.00018,0.00166,0.01361
1403715356.562324523925781,0.00343,0.00020,0.00033,0.00557,0.00018,0.00156,0.01128
1403715356.612324953079224,0.00259,0.00017,0.00059,0.00554,0.00018,0.00162,0.01069
1403715356.662322998046875,0.00412,0.00019,0.00118,0.00578,0.00247,0.00165,0.01539
1403715356.712323427200317,0.00274,0.00023,0.00065,0.00611,0.00000,0.00164,0.01137
1403715356.762321233749390,0.00272,0.00018,0.00052,0.00601,0.00000,0.00163,0.01107
1403715356.812318325042725,0.00261,0.00024,0.00633,0.00555,0.00018,0.00172,0.01664
1403715356.862318038940430,0.00414,0.00020,0.00040,0.00517,0.00134,0.00163,0.01288
1403715356.912310838699341,0.00285,0.00018,0.00251,0.00478,0.00119,0.00159,0.01309
1403715356.962306261062622,0.00415,0.00018,0.00111,0.00430,0.00017,0.00154,0.01147
1403715357.012306690216064,0.00381,0.00025,0.00092,0.00345,0.00139,0.00156,0.01138
1403715357.062305688858032,0.00357,0.00018,0.00053,0.00353,0.00468,0.00157,0.01405
1403715357.112304925918579,0.00340,0.00020,0.00025,0.00356,0.00240,0.00151,0.01132
1403715357.162305831909180,0.00330,0.00018,0.00026,0.00422,0.00016,0.00144,0.00956
1403715357.212305545806885,0.00334,0.00017,0.00018,0.00421,0.00154,0.00151,0.01095
1403715357.262303590774536,0.00410,0.00017,0.00060,0.00419,0.00118,0.00156,0.01180
1403715357.312303304672241,0.00352,0.00018,0.00083,0.00417,0.00000,0.00160,0.01030
1403715357.362302303314209,0.00305,0.00016,0.00031,0.00352,0.00027,0.00155,0.00887
1403715357.412296056747437,0.00355,0.00017,0.00304,0.00360,0.00706,0.00159,0.01901
1403715357.462293624877930,0.00310,0.00017,0.00055,0.00443,0.00000,0.00157,0.00982
1403715357.512289524078369,0.00271,0.00016,0.00037,0.00407,0.00474,0.00151,0.01356
1403715357.562285423278809,0.00322,0.00022,0.00431,0.00452,0.00568,0.00149,0.01944
1403715357.612287998199463,0.00292,0.00017,0.00013,0.00536,0.00017,0.00156,0.01031
1403715357.662292003631592,0.00301,0.00018,0.00023,0.00543,0.00018,0.00159,0.01063
1403715357.712293624877930,0.00269,0.00018,0.00015,0.00539,0.00094,0.00153,0.01089
1403715357.762293577194214,0.00278,0.00017,0.00130,0.00559,0.00000,0.00154,0.01138
1403715357.812295436859131,0.00260,0.00018,0.00284,0.00527,0.00086,0.00162,0.01337
1403715357.862295866012573,0.00302,0.00021,0.00416,0.00490,0.00152,0.00156,0.01537
1403715357.912297248840332,0.00264,0.00019,0.00048,0.00524,0.00001,0.00153,0.01009
1403715357.962300777435303,0.00325,0.00019,0.00060,0.00462,0.00017,0.00154,0.01037
1403715358.012306213378906,0.00255,0.00016,0.00241,0.00438,0.00237,0.00151,0.01337
1403715358.062310934066772,0.00315,0.00018,0.00007,0.00492,0.00015,0.00150,0.00997
1403715358.112309932708740,0.00240,0.00020,0.00027,0.00486,0.00110,0.00150,0.01033
1403715358.162309885025024,0.00279,0.00018,0.00112,0.00510,0.00439,0.00158,0.01518
1403715358.212312936782837,0.00259,0.00019,0.00035,0.00597,0.00143,0.00152,0.01205
1403715358.262312889099121,0.00255,0.00019,0.00004,0.00607,0.00000,0.00153,0.01039
1403715358.312312841415405,0.00280,0.00020,0.00014,0.00557,0.00000,0.00152,0.01022
1403715358.362313270568848,0.00261,0.00018,0.00010,0.00536,0.00000,0.00146,0.00971
1403715358.412318944931030,0.00288,0.00019,0.00533,0.00508,0.00483,0.00140,0.01972
1403715358.462322235107422,0.00238,0.00019,0.00123,0.00582,0.00021,0.00151,0.01133
1403715358.512327194213867,0.00257,0.00018,0.00017,0.00558,0.00068,0.00151,0.01068
1403715358.562328815460205,0.00290,0.00016,0.00020,0.00563,0.00080,0.00152,0.01122
1403715358.612329244613647,0.00384,0.00021,0.00385,0.00530,0.00021,0.00156,0.01497
1403715358.662326097488403,0.00269,0.00019,0.00048,0.00450,0.00018,0.00153,0.00957
1403715358.712324619293213,0.00430,0.00018,0.00085,0.00416,0.00107,0.00153,0.01209
1403715358.762325048446655,0.00333,0.00019,0.00054,0.00349,0.00157,0.00151,0.01064
1403715358.812323331832886,0.00278,0.00019,0.00169,0.00320,0.00014,0.00154,0.00954
1403715358.862322092056274,0.00241,0.00018,0.00050,0.00330,0.00420,0.00149,0.01208
1403715358.912320852279663,0.00344,0.00019,0.00074,0.00379,0.00000,0.00159,0.00974
1403715358.962317943572998,0.00294,0.00017,0.00032,0.00381,0.00000,0.00162,0.00887
1403715359.012315273284912,0.00291,0.00024,0.00031,0.00380,0.00482,0.00152,0.01359
1403715359.062313318252563,0.00262,0.00019,0.00059,0.00473,0.00000,0.00159,0.00972
1403715359.112312078475952,0.00275,0.00017,0.00064,0.00450,0.00342,0.00155,0.01304
1403715359.162314653396606,0.00311,0.00020,0.00148,0.00498,0.00585,0.00167,0.01729
1403715359.212315320968628,0.00268,0.00022,0.00170,0.00602,0.00018,0.00158,0.01238
1403715359.262315988540649,0.00442,0.00020,0.00465,0.00595,0.00000,0.00166,0.01690
1403715359.312313318252563,0.00291,0.00020,0.00644,0.00574,0.00011,0.00163,0.01704
1403715359.362312316894531,0.00367,0.00019,0.00028,0.00555,0.00017,0.00164,0.01150
1403715359.412313461303711,0.00362,0.00018,0.00126,0.00566,0.00000,0.00171,0.01243
1403715359.462314844131470,0.00282,0.00019,0.00749,0.00535,0.00303,0.00162,0.02051
1403715359.512314558029175,0.00268,0.00018,0.00015,0.00619,0.00001,0.00166,0.01086
1403715359.562316656112671,0.00342,0.00019,0.00002,0.00622,0.00000,0.00168,0.01153
1403715359.612316370010376,0.00342,0.00019,0.00092,0.00606,0.00000,0.00166,0.01226
1403715359.662317752838135,0.00269,0.00020,0.00007,0.00580,0.00000,0.00160,0.01036
1403715359.712316989898682,0.00268,0.00018,0.00002,0.00556,0.00000,0.00163,0.01006
1403715359.762316703796387,0.00268,0.00019,0.00011,0.00477,0.00018,0.00166,0.00959
1403715359.812318086624146,0.00261,0.00017,0.00772,0.00489,0.00169,0.00162,0.01870
1403715359.862317323684692,0.00338,0.00017,0.00190,0.00514,0.00292,0.00152,0.01503
1403715359.912314891815186,0.00271,0.00019,0.00599,0.00585,0.00010,0.00161,0.01645
1403715359.962312936782837,0.00259,0.00017,0.00012,0.00532,0.00018,0.00159,0.00997
1403715360.012314796447754,0.00265,0.00020,0.00083,0.00556,0.00000,0.00158,0.01082
1403715360.062315225601196,0.00257,0.00019,0.00670,0.00507,0.00103,0.00173,0.01728
1403715360.112315654754639,0.00254,0.00021,0.00002,0.00577,0.00069,0.00156,0.01080
1403715360.162315845489502,0.00329,0.00020,0.00013,0.00572,0.00019,0.00163,0.01116
1403715360.212315559387207,0.00251,0.00019,0.00009,0.00574,0.00002,0.00151,0.01006
1403715360.262315511703491,0.00255,0.00017,0.00001,0.00554,0.00000,0.00160,0.00989
1403715360.312315940856934,0.00254,0.00023,0.00008,0.00527,0.00001,0.00158,0.00971
1403715360.362316370010376,0.00261,0.00017,0.00089,0.00519,0.00017,0.00153,0.01057
1403715360.412316083908081,0.00259,0.00019,0.00704,0.00513,0.00112,0.00158,0.01765
1403715360.462317228317261,0.00260,0.00017,0.00098,0.00569,0.00127,0.00152,0.01223
1403715360.512316465377808,0.00310,0.00019,0.00612,0.00585,0.00000,0.00164,0.01690
1403715360.562316417694092,0.00281,0.00019,0.00051,0.00570,0.00000,0.00160,0.01082
1403715360.612316131591797,0.00348,0.00020,0.00008,0.00533,0.00000,0.00164,0.01074
1403715360.662315607070923,0.00353,0.00019,0.00528,0.00509,0.00310,0.00164,0.01882
1403715360.712313890457153,0.00234,0.00018,0.00080,0.00502,0.00001,0.00151,0.00987
1403715360.762314081192017,0.00255,0.00019,0.00032,0.00470,0.00000,0.00158,0.00935
1403715360.812315702438354,0.00351,0.00018,0.00089,0.00445,0.00031,0.00158,0.01092
1403715360.862315893173218,0.00347,0.00019,0.00011,0.00458,0.00000,0.00159,0.00996
1403715360.912316322326660,0.00282,0.00015,0.00040,0.00432,0.00015,0.00159,0.00943
1403715360.962316513061523,0.00315,0.00016,0.00090,0.00415,0.00000,0.00160,0.00996
1403715361.012319087982178,0.00350,0.00015,0.00508,0.00412,0.00257,0.00160,0.01703
1403715361.062321662902832,0.00256,0.00014,0.00104,0.00373,0.00415,0.00145,0.01307
1403715361.112323284149170,0.00343,0.00016,0.00276,0.00459,0.00678,0.00159,0.01932
1403715361.162324905395508,0.00271,0.00018,0.00013,0.00596,0.00023,0.00162,0.01083
1403715361.212324857711792,0.00269,0.00021,0.00009,0.00561,0.00000,0.00165,0.01025
1403715361.262320041656494,0.00273,0.00017,0.00451,0.00514,0.00126,0.00159,0.01541
1403715361.312322139739990,0.00372,0.00018,0.00150,0.00430,0.00017,0.00155,0.01142
1403715361.362319946289062,0.00280,0.00017,0.00028,0.00347,0.00449,0.00156,0.01277
1403715361.412318706512451,0.00399,0.00017,0.00074,0.00350,0.00000,0.00143,0.00984
1403715361.462316513061523,0.00320,0.00018,0.00057,0.00259,0.00025,0.00149,0.00828
1403715361.512317419052124,0.00255,0.00021,0.00029,0.00265,0.00439,0.00162,0.01171
1403715361.562317609786987,0.00366,0.00020,0.00086,0.00278,0.00038,0.00152,0.00940
1403715361.612317085266113,0.00323,0.00018,0.00057,0.00314,0.00386,0.00158,0.01256
1403715361.662320852279663,0.00329,0.00017,0.00023,0.00388,0.00345,0.00163,0.01265
1403715361.712323665618896,0.00315,0.00019,0.00071,0.00368,0.00118,0.00159,0.01051
1403715361.762325525283813,0.00277,0.00017,0.00007,0.00386,0.00001,0.00155,0.00843
1403715361.812328100204468,0.00271,0.00017,0.00021,0.00375,0.00039,0.00156,0.00878
1403715361.862325906753540,0.00282,0.00015,0.00519,0.00418,0.00917,0.00154,0.02305
1403715361.912325143814087,0.00319,0.00019,0.00009,0.00583,0.00010,0.00152,0.01092
1403715361.962321281433105,0.00372,0.00016,0.00002,0.00537,0.00000,0.00154,0.01081
1403715362.012316465377808,0.00301,0.00020,0.00533,0.00511,0.00252,0.00159,0.01776
1403715362.062314271926880,0.00296,0.00018,0.00015,0.00604,0.00019,0.00163,0.01114
1403715362.112313032150269,0.00291,0.00017,0.00269,0.00611,0.00018,0.00156,0.01361
1403715362.162312030792236,0.00289,0.00024,0.00042,0.00627,0.00000,0.00159,0.01141
1403715362.212311983108521,0.00270,0.00018,0.00357,0.00599,0.00000,0.00159,0.01403
1403715362.262311458587646,0.00421,0.00018,0.00120,0.00504,0.00062,0.00154,0.01279
1403715362.312311410903931,0.00353,0.00017,0.00016,0.00474,0.00135,0.00158,0.01153
1403715362.362311840057373,0.00372,0.00018,0.00019,0.00495,0.00060,0.00162,0.01127
1403715362.412312746047974,0.00281,0.00018,0.00017,0.00499,0.00000,0.00167,0.00981
1403715362.462313413619995,0.00369,0.00017,0.00338,0.00429,0.00620,0.00156,0.01930
1403715362.512312412261963,0.00340,0.00017,0.00501,0.00519,0.00243,0.00164,0.01784
1403715362.562313795089722,0.00269,0.00018,0.00015,0.00478,0.00018,0.00159,0.00956
1403715362.612314939498901,0.00291,0.00018,0.00307,0.00449,0.00378,0.00160,0.01603
1403715362.662316322326660,0.00336,0.00017,0.00048,0.00479,0.00020,0.00156,0.01057
1403715362.712317466735840,0.00340,0.00017,0.00016,0.00482,0.00078,0.00150,0.01085
1403715362.762320280075073,0.00360,0.00018,0.00051,0.00484,0.00018,0.00161,0.01093
1403715362.812327623367310,0.00273,0.00021,0.00633,0.00495,0.00545,0.00153,0.02120
1403715362.862333059310913,0.00268,0.00020,0.00065,0.00619,0.00000,0.00160,0.01133
1403715362.912334918975830,0.00355,0.00018,0.00050,0.00598,0.00000,0.00159,0.01181
1403715362.962335348129272,0.00265,0.00019,0.00043,0.00516,0.00003,0.00166,0.01012
1403715363.012330532073975,0.00253,0.00018,0.00557,0.00454,0.00362,0.00157,0.01802
1403715363.062328338623047,0.00268,0.00019,0.00127,0.00481,0.00145,0.00151,0.01192
1403715363.112323760986328,0.00258,0.00019,0.00236,0.00543,0.00253,0.00151,0.01460
1403715363.162317037582397,0.00258,0.00019,0.00009,0.00570,0.00019,0.00155,0.01030
1403715363.212314128875732,0.00255,0.00021,0.00181,0.00533,0.00001,0.00155,0.01145
1403715363.262311935424805,0.00330,0.00020,0.00016,0.00492,0.00035,0.00162,0.01056
1403715363.312312364578247,0.00336,0.00019,0.00692,0.00506,0.00102,0.00157,0.01811
1403715363.362314462661743,0.00246,0.00020,0.00015,0.00506,0.00018,0.00151,0.00956
1403715363.412311792373657,0.00326,0.00019,0.00501,0.00445,0.00369,0.00144,0.01804
1403715363.462316274642944,0.00438,0.00019,0.00044,0.00462,0.00061,0.00159,0.01183
1403715363.512318849563599,0.00388,0.00017,0.00044,0.00425,0.00038,0.00162,0.01074
1403715363.562321186065674,0.00392,0.00018,0.00022,0.00426,0.00020,0.00169,0.01047
1403715363.612325191497803,0.00367,0.00017,0.00177,0.00372,0.00705,0.00156,0.01795
1403715363.662325143814087,0.00369,0.00017,0.00022,0.00479,0.00138,0.00156,0.01182
1403715363.712323427200317,0.00278,0.00017,0.00055,0.00415,0.00248,0.00162,0.01175
1403715363.762320756912231,0.00343,0.00019,0.00008,0.00443,0.00000,0.00147,0.00960
1403715363.812319517135620,0.00279,0.00017,0.00074,0.00397,0.00138,0.00155,0.01060
1403715363.862318754196167,0.00384,0.00018,0.00131,0.00272,0.00025,0.00159,0.00989
1403715363.912316322326660,0.00286,0.00015,0.00098,0.00291,0.00644,0.00156,0.01491
1403715363.962316274642944,0.00309,0.00016,0.00101,0.00177,0.00046,0.00151,0.00800
1403715364.012315988540649,0.00348,0.00043,0.00072,0.00200,0.00279,0.00177,0.01119
1403715364.062316179275513,0.00382,0.00015,0.00505,0.00203,0.01215,0.00163,0.02484
1403715364.112314462661743,0.00304,0.00015,0.00028,0.00398,0.00000,0.00161,0.00906
1403715364.162312984466553,0.00360,0.00018,0.00058,0.00322,0.00016,0.00160,0.00934
1403715364.212310552597046,0.00258,0.00016,0.00010,0.00290,0.00218,0.00156,0.00948
1403715364.262307405471802,0.00269,0.00019,0.00029,0.00275,0.00062,0.00151,0.00806
1403715364.312306880950928,0.00322,0.00016,0.00010,0.00338,0.00028,0.00148,0.00863
1403715364.362303733825684,0.00256,0.00015,0.00022,0.00343,0.00027,0.00149,0.00812
1403715364.412313222885132,0.00453,0.00018,0.00553,0.00365,0.00881,0.00155,0.02426
1403715364.462312221527100,0.00284,0.00018,0.00011,0.00553,0.00030,0.00159,0.01056
1403715364.512314081192017,0.00367,0.00018,0.00087,0.00545,0.00022,0.00159,0.01199
1403715364.562317609786987,0.00365,0.00019,0.00262,0.00553,0.00067,0.00162,0.01427
1403715364.612322330474854,0.00359,0.00020,0.00573,0.00557,0.00019,0.00168,0.01697
1403715364.662327051162720,0.00362,0.00020,0.00468,0.00577,0.00018,0.00150,0.01595
1403715364.712328672409058,0.00367,0.00019,0.00011,0.00609,0.00000,0.00169,0.01176
1403715364.762331247329712,0.00358,0.00021,0.00100,0.00619,0.00000,0.00170,0.01268
1403715364.812333822250366,0.00274,0.00020,0.00245,0.00602,0.00000,0.00163,0.01304
1403715364.862336874008179,0.00351,0.00018,0.00036,0.00481,0.00000,0.00160,0.01046
1403715364.912339210510254,0.00264,0.00021,0.00051,0.00488,0.00000,0.00158,0.00984
1403715364.962342739105225,0.00330,0.00018,0.00742,0.00425,0.00278,0.00157,0.01951
1403715365.012343883514404,0.00248,0.00019,0.00402,0.00463,0.00478,0.00157,0.01767
1403715365.062345266342163,0.00251,0.00017,0.00002,0.00546,0.00000,0.00151,0.00968
1403715365.112344980239868,0.00369,0.00019,0.00132,0.00479,0.00021,0.00161,0.01181
1403715365.162345170974731,0.00369,0.00018,0.00056,0.00465,0.00187,0.00162,0.01257
1403715365.212346076965332,0.00270,0.00018,0.00410,0.00470,0.00243,0.00156,0.01567
1403715365.262346744537354,0.00290,0.00036,0.00368,0.00550,0.00143,0.00164,0.01550
1403715365.312347412109375,0.00271,0.00020,0.00041,0.00532,0.00000,0.00158,0.01022
1403715365.362348556518555,0.00255,0.00019,0.00101,0.00484,0.00000,0.00158,0.01017
1403715365.412348985671997,0.00247,0.00018,0.00144,0.00415,0.00018,0.00153,0.00995
1403715365.462346553802490,0.00258,0.00019,0.00020,0.00426,0.00016,0.00147,0.00886
1403715365.512344837188721,0.00252,0.00020,0.00016,0.00430,0.00028,0.00157,0.00903
1403715365.562344551086426,0.00256,0.00018,0.00519,0.00444,0.00648,0.00157,0.02042
1403715365.612341880798340,0.00349,0.00019,0.00399,0.00581,0.00129,0.00160,0.01638
1403715365.662341117858887,0.00297,0.00019,0.00560,0.00565,0.00000,0.00157,0.01598
1403715365.712339639663696,0.00367,0.00029,0.00019,0.00524,0.00065,0.00171,0.01175
1403715365.762339353561401,0.00358,0.00020,0.00005,0.00528,0.00000,0.00166,0.01077
1403715365.812338590621948,0.00354,0.00020,0.00316,0.00452,0.00228,0.00167,0.01537
1403715365.862339258193970,0.00265,0.00017,0.00013,0.00469,0.00233,0.00155,0.01152
1403715365.912340402603149,0.00272,0.00018,0.00008,0.00503,0.00000,0.00162,0.00963
1403715365.962341547012329,0.00268,0.00017,0.00023,0.00486,0.00064,0.00156,0.01013
1403715366.012343168258667,0.00265,0.00019,0.00005,0.00496,0.00122,0.00162,0.01070
1403715366.062345266342163,0.00337,0.00017,0.00005,0.00537,0.00000,0.00168,0.01064
1403715366.112345695495605,0.00286,0.00019,0.00115,0.00524,0.00000,0.00168,0.01111
1403715366.162348031997681,0.00257,0.00018,0.01198,0.00522,0.00480,0.00160,0.02636
1403715366.212348699569702,0.00319,0.00017,0.00371,0.00616,0.00000,0.00168,0.01491
1403715366.262348890304565,0.00260,0.00016,0.00540,0.00600,0.00000,0.00168,0.01585
1403715366.312350034713745,0.00256,0.00019,0.00002,0.00516,0.00000,0.00161,0.00955
1403715366.362353324890137,0.00253,0.00019,0.00014,0.00499,0.00001,0.00163,0.00949
1403715366.412353754043579,0.00264,0.00017,0.00300,0.00443,0.00201,0.00154,0.01380
1403715366.462353706359863,0.00243,0.00019,0.00008,0.00520,0.00000,0.00151,0.00941
1403715366.512352943420410,0.00255,0.00019,0.00009,0.00506,0.00018,0.00150,0.00957
1403715366.562353849411011,0.00244,0.00016,0.00001,0.00537,0.00000,0.00157,0.00955
1403715366.612355232238770,0.00256,0.00019,0.00002,0.00471,0.00022,0.00162,0.00931
1403715366.662354946136475,0.00321,0.00019,0.00041,0.00491,0.00000,0.00166,0.01039
1403715366.712355852127075,0.00255,0.00017,0.00011,0.00485,0.00018,0.00163,0.00949
1403715366.762358427047729,0.00243,0.00016,0.01138,0.00506,0.00479,0.00181,0.02563
1403715366.812359571456909,0.00236,0.00017,0.00374,0.00580,0.00000,0.00164,0.01371
1403715366.862359523773193,0.00248,0.00016,0.00453,0.00575,0.00124,0.00159,0.01575
1403715366.912358045578003,0.00309,0.00018,0.00009,0.00603,0.00003,0.00160,0.01101
1403715366.962357997894287,0.00306,0.00019,0.00002,0.00586,0.00069,0.00161,0.01143
1403715367.012358188629150,0.00312,0.00020,0.00349,0.00596,0.00000,0.00150,0.01426
1403715367.062359809875488,0.00255,0.00020,0.00001,0.00598,0.00000,0.00148,0.01024
1403715367.112359285354614,0.00387,0.00019,0.00083,0.00610,0.00000,0.00170,0.01269
1403715367.162359237670898,0.00378,0.00020,0.00003,0.00595,0.00000,0.00176,0.01172
1403715367.212357759475708,0.00316,0.00020,0.00026,0.00596,0.00000,0.00174,0.01133
1403715367.262358427047729,0.00286,0.00020,0.00017,0.00562,0.00002,0.00178,0.01066
1403715367.312359094619751,0.00288,0.00019,0.00081,0.00537,0.00022,0.00175,0.01122
1403715367.362360239028931,0.00381,0.00019,0.01001,0.00527,0.00247,0.00177,0.02352
1403715367.412359952926636,0.00293,0.00020,0.00387,0.00556,0.00019,0.00170,0.01445
1403715367.462360382080078,0.00360,0.00017,0.00451,0.00578,0.00001,0.00179,0.01585
1403715367.512360334396362,0.00356,0.00018,0.00002,0.00589,0.00000,0.00172,0.01137
1403715367.562359809875488,0.00355,0.00020,0.00003,0.00588,0.00000,0.00167,0.01134
1403715367.612359046936035,0.00352,0.00017,0.00307,0.00572,0.00068,0.00165,0.01480
1403715367.662360429763794,0.00271,0.00017,0.01350,0.00599,0.00000,0.00169,0.02407
1403715367.712360382080078,0.00355,0.00017,0.00077,0.00594,0.00001,0.00168,0.01213
1403715367.762360095977783,0.00277,0.00020,0.00003,0.00595,0.00000,0.00178,0.01073
1403715367.812361001968384,0.00360,0.00018,0.00005,0.00596,0.00000,0.00170,0.01149
1403715367.862360477447510,0.00342,0.00017,0.00032,0.00581,0.00000,0.00163,0.01135
1403715367.912358999252319,0.00264,0.00018,0.00056,0.00578,0.00126,0.00170,0.01212
1403715367.962352752685547,0.00330,0.00018,0.00937,0.00596,0.00000,0.00162,0.02043
1403715368.012355566024780,0.00257,0.00018,0.00399,0.00613,0.00000,0.00163,0.01450
1403715368.062356948852539,0.00267,0.00019,0.00426,0.00579,0.00001,0.00167,0.01460
1403715368.112357139587402,0.00256,0.00020,0.00013,0.00533,0.00000,0.00159,0.00981
1403715368.162357330322266,0.00253,0.00018,0.00070,0.00515,0.00000,0.00154,0.01010
1403715368.212358236312866,0.00245,0.00018,0.00115,0.00469,0.00195,0.00152,0.01194
1403715368.262358427047729,0.00249,0.00021,0.00788,0.00547,0.00002,0.00163,0.01769
1403715368.312358617782593,0.00264,0.00020,0.00006,0.00535,0.00079,0.00163,0.01067
1403715368.362358331680298,0.00265,0.00020,0.00011,0.00566,0.00001,0.00159,0.01022
1403715368.412359476089478,0.00333,0.00022,0.00006,0.00552,0.00001,0.00159,0.01074
1403715368.462359428405762,0.00264,0.00022,0.00010,0.00536,0.00000,0.00164,0.00996
1403715368.512358427047729,0.00326,0.00019,0.00001,0.00535,0.00000,0.00163,0.01045
1403715368.562355995178223,0.00318,0.00019,0.00756,0.00490,0.00248,0.00155,0.01986
1403715368.612355470657349,0.00263,0.00018,0.00239,0.00525,0.00241,0.00152,0.01438
1403715368.662355184555054,0.00250,0.00019,0.00338,0.00563,0.00245,0.00150,0.01564
1403715368.712355375289917,0.00301,0.00019,0.00001,0.00618,0.00000,0.00148,0.01087
1403715368.762355327606201,0.00241,0.00017,0.00008,0.00595,0.00000,0.00153,0.01015
1403715368.812355518341064,0.00238,0.00017,0.00001,0.00567,0.00125,0.00156,0.01105
1403715368.862354516983032,0.00430,0.00018,0.00818,0.00530,0.00000,0.00161,0.01956
1403715368.912353038787842,0.00341,0.00016,0.00020,0.00475,0.00000,0.00160,0.01012
1403715368.962350130081177,0.00267,0.00018,0.00012,0.00416,0.00000,0.00156,0.00870
1403715369.012347221374512,0.00270,0.00018,0.00016,0.00378,0.00000,0.00158,0.00840
1403715369.062344312667847,0.00259,0.00015,0.00026,0.00372,0.00000,0.00158,0.00830
1403715369.112341642379761,0.00264,0.00015,0.00035,0.00374,0.00000,0.00167,0.00855
1403715369.162339687347412,0.00265,0.00018,0.00312,0.00369,0.01031,0.00162,0.02157
1403715369.212336063385010,0.00254,0.00017,0.00002,0.00541,0.00249,0.00158,0.01220
1403715369.262334346771240,0.00264,0.00018,0.00363,0.00552,0.00000,0.00156,0.01354
1403715369.312334060668945,0.00253,0.00017,0.00056,0.00553,0.00002,0.00155,0.01038
1403715369.362331390380859,0.00259,0.00018,0.00152,0.00511,0.00002,0.00158,0.01100
1403715369.412330150604248,0.00322,0.00018,0.00860,0.00503,0.00240,0.00157,0.02100
1403715369.462326765060425,0.00254,0.00019,0.00814,0.00544,0.00144,0.00146,0.01922
1403715369.512328147888184,0.00262,0.00018,0.00004,0.00606,0.00000,0.00158,0.01048
1403715369.562328815460205,0.00315,0.00019,0.00001,0.00560,0.00000,0.00151,0.01047
1403715369.612332105636597,0.00314,0.00018,0.00005,0.00533,0.00000,0.00157,0.01027
1403715369.662331819534302,0.00364,0.00017,0.00012,0.00519,0.00017,0.00162,0.01090
1403715369.712334394454956,0.00366,0.00024,0.00046,0.00455,0.00017,0.00168,0.01077
1403715369.762338399887085,0.00281,0.00019,0.00252,0.00467,0.00158,0.00164,0.01341
1403715369.812339782714844,0.00341,0.00021,0.00016,0.00461,0.00003,0.00158,0.01000
1403715369.862345457077026,0.00264,0.00018,0.00049,0.00441,0.00357,0.00152,0.01282
1403715369.912348508834839,0.00257,0.00019,0.00002,0.00502,0.00023,0.00159,0.00961
1403715369.962353944778442,0.00254,0.00017,0.00077,0.00488,0.00021,0.00160,0.01018
1403715370.012355566024780,0.00258,0.00018,0.00531,0.00486,0.00381,0.00156,0.01830
1403715370.062356472015381,0.00247,0.00021,0.00508,0.00551,0.00127,0.00155,0.01609
1403715370.112355947494507,0.00236,0.00023,0.00009,0.00550,0.00020,0.00160,0.00999
1403715370.162353515625000,0.00256,0.00020,0.00778,0.00570,0.00136,0.00148,0.01909
1403715370.212350368499756,0.00255,0.00018,0.00004,0.00593,0.00000,0.00152,0.01022
1403715370.262350320816040,0.00231,0.00022,0.00002,0.00579,0.00068,0.00170,0.01071
1403715370.312350749969482,0.00260,0.00018,0.00057,0.00568,0.00000,0.00159,0.01062
1403715370.362349748611450,0.00260,0.00018,0.00364,0.00557,0.00002,0.00156,0.01357
1403715370.412348508834839,0.00320,0.00016,0.00360,0.00514,0.00119,0.00160,0.01490
1403715370.462345600128174,0.00313,0.00020,0.00043,0.00520,0.00064,0.00155,0.01115
1403715370.512340068817139,0.00242,0.00023,0.00008,0.00547,0.00124,0.00158,0.01102
1403715370.562334775924683,0.00219,0.00019,0.00001,0.00518,0.00122,0.00152,0.01032
1403715370.612328290939331,0.00218,0.00026,0.00473,0.00485,0.00140,0.00147,0.01489
1403715370.662322521209717,0.00245,0.00018,0.00483,0.00511,0.00104,0.00159,0.01521
1403715370.712320566177368,0.00253,0.00024,0.00077,0.00591,0.00000,0.00152,0.01098
1403715370.762315511703491,0.00309,0.00021,0.00662,0.00522,0.00000,0.00161,0.01676
1403715370.812311410903931,0.00392,0.00019,0.00015,0.00510,0.00003,0.00162,0.01102
1403715370.862313270568848,0.00363,0.00018,0.00011,0.00467,0.00003,0.00157,0.01019
1403715370.912311792373657,0.00264,0.00018,0.00005,0.00483,0.00003,0.00158,0.00931
1403715370.962305545806885,0.00333,0.00018,0.00042,0.00485,0.00384,0.00165,0.01428
1403715371.012300252914429,0.00258,0.00019,0.00229,0.00544,0.00244,0.00158,0.01453
1403715371.062293291091919,0.00248,0.00020,0.00002,0.00603,0.00000,0.00165,0.01039
1403715371.112291812896729,0.00245,0.00019,0.00118,0.00562,0.00018,0.00155,0.01118
1403715371.162292480468750,0.00232,0.00019,0.00005,0.00580,0.00000,0.00158,0.00995
1403715371.212293386459351,0.00241,0.00021,0.00462,0.00548,0.00017,0.00164,0.01453
1403715371.262291669845581,0.00232,0.00019,0.00446,0.00578,0.00000,0.00152,0.01426
1403715371.312291860580444,0.00260,0.00018,0.00154,0.00534,0.00000,0.00155,0.01121
1403715371.362288236618042,0.00258,0.00018,0.01076,0.00510,0.00239,0.00155,0.02256
1403715371.412286996841431,0.00271,0.00018,0.00119,0.00530,0.00140,0.00155,0.01234
1403715371.462288379669189,0.00247,0.00020,0.00016,0.00564,0.00128,0.00155,0.01130
1403715371.512291908264160,0.00250,0.00019,0.00019,0.00549,0.00003,0.00155,0.00994
1403715371.562295913696289,0.00241,0.00020,0.00005,0.00555,0.00140,0.00146,0.01107
1403715371.612297058105469,0.00302,0.00018,0.00055,0.00536,0.00183,0.00155,0.01250
1403715371.662296772003174,0.00330,0.00020,0.00083,0.00580,0.00000,0.00160,0.01174
1403715371.712296485900879,0.00356,0.00020,0.00184,0.00554,0.00001,0.00157,0.01272
1403715371.762294769287109,0.00276,0.00018,0.00059,0.00541,0.00004,0.00164,0.01061
1403715371.812293291091919,0.00269,0.00019,0.00352,0.00526,0.00298,0.00159,0.01622
1403715371.862290620803833,0.00243,0.00020,0.00399,0.00579,0.00128,0.00154,0.01523
1403715371.912289381027222,0.00262,0.00020,0.00183,0.00606,0.00000,0.00165,0.01236
1403715371.962289094924927,0.00246,0.00020,0.00664,0.00520,0.00003,0.00148,0.01601
1403715372.012290000915527,0.00239,0.00017,0.00009,0.00484,0.00135,0.00148,0.01032
1403715372.062288999557495,0.00280,0.00019,0.00014,0.00458,0.00000,0.00158,0.00929
1403715372.112288236618042,0.00236,0.00017,0.00028,0.00442,0.00003,0.00159,0.00886
1403715372.162287950515747,0.00242,0.00020,0.00129,0.00422,0.00416,0.00159,0.01388
1403715372.212288141250610,0.00330,0.00018,0.00681,0.00497,0.00361,0.00147,0.02035
1403715372.262287616729736,0.00251,0.00018,0.00042,0.00525,0.00002,0.00152,0.00989
1403715372.312289237976074,0.00296,0.00019,0.00076,0.00509,0.00123,0.00160,0.01184
1403715372.362289667129517,0.00329,0.00020,0.00095,0.00536,0.00016,0.00159,0.01157
1403715372.412288188934326,0.00251,0.00018,0.00007,0.00507,0.00132,0.00155,0.01070
1403715372.462287902832031,0.00263,0.00023,0.00213,0.00482,0.00429,0.00155,0.01565
1403715372.512288093566895,0.00317,0.00017,0.00050,0.00501,0.00018,0.00212,0.01117
1403715372.562286853790283,0.00355,0.00021,0.00448,0.00468,0.00133,0.00159,0.01584
1403715372.612288475036621,0.00254,0.00017,0.00483,0.00482,0.00270,0.00161,0.01667
1403715372.662287712097168,0.00246,0.00020,0.00005,0.00541,0.00000,0.00155,0.00967
1403715372.712287902832031,0.00225,0.00019,0.00066,0.00496,0.00003,0.00163,0.00971
1403715372.762288570404053,0.00241,0.00020,0.00046,0.00443,0.00128,0.00152,0.01030
1403715372.812288522720337,0.00218,0.00019,0.00432,0.00471,0.00416,0.00160,0.01718
1403715372.862288236618042,0.00233,0.00018,0.00269,0.00547,0.00125,0.00148,0.01339
1403715372.912287473678589,0.00262,0.00020,0.00044,0.00506,0.00017,0.00151,0.01000
1403715372.962289333343506,0.00229,0.00020,0.00042,0.00526,0.00068,0.00147,0.01032
1403715373.012289524078369,0.00232,0.00020,0.00111,0.00509,0.00018,0.00157,0.01047
1403715373.062289476394653,0.00238,0.00024,0.00731,0.00503,0.00241,0.00143,0.01880
1403715373.112289428710938,0.00226,0.00017,0.00010,0.00542,0.00000,0.00146,0.00942
1403715373.162290096282959,0.00279,0.00020,0.00060,0.00508,0.00342,0.00147,0.01355
1403715373.212290287017822,0.00277,0.00018,0.00303,0.00520,0.00137,0.00152,0.01406
1403715373.262290477752686,0.00239,0.00022,0.00064,0.00484,0.00000,0.00143,0.00953
1403715373.312290668487549,0.00305,0.00018,0.00049,0.00547,0.00326,0.00247,0.01493
1403715373.362289905548096,0.00252,0.00021,0.00013,0.00469,0.00060,0.00160,0.00975
1403715373.412288904190063,0.00257,0.00018,0.00156,0.00445,0.00427,0.00157,0.01460
1403715373.462288856506348,0.00242,0.00020,0.00119,0.00488,0.00465,0.00155,0.01488
1403715373.512288093566895,0.00239,0.00021,0.00029,0.00526,0.00002,0.00153,0.00971
1403715373.562288284301758,0.00428,0.00019,0.00031,0.00514,0.00000,0.00170,0.01162
1403715373.612287998199463,0.00276,0.00019,0.00097,0.00488,0.00017,0.00159,0.01057
1403715373.662287473678589,0.00345,0.00020,0.00456,0.00485,0.00586,0.00151,0.02043
1403715373.712286710739136,0.00334,0.00020,0.00464,0.00509,0.00000,0.00162,0.01489
1403715373.762286424636841,0.00269,0.00024,0.00049,0.00505,0.00001,0.00165,0.01012
1403715373.812285661697388,0.00256,0.00020,0.00090,0.00466,0.00324,0.00163,0.01319
1403715373.862283706665039,0.00256,0.00020,0.00486,0.00525,0.00254,0.00152,0.01694
1403715373.912283182144165,0.00262,0.00018,0.00012,0.00605,0.00001,0.00157,0.01055
1403715373.962282419204712,0.00330,0.00019,0.00010,0.00564,0.00000,0.00155,0.01078
1403715374.012281894683838,0.00306,0.00018,0.00224,0.00530,0.00088,0.00151,0.01317
1403715374.062282800674438,0.00344,0.00019,0.00035,0.00530,0.00001,0.00145,0.01074
1403715374.112283706665039,0.00268,0.00017,0.00736,0.00506,0.00422,0.00152,0.02102
1403715374.162284374237061,0.00252,0.00020,0.00022,0.00591,0.00000,0.00150,0.01035
1403715374.212283372879028,0.00252,0.00024,0.00011,0.00590,0.00000,0.00149,0.01026
1403715374.262282371520996,0.00254,0.00022,0.00123,0.00562,0.00135,0.00150,0.01247
1403715374.312281370162964,0.00280,0.00026,0.00398,0.00584,0.00000,0.00155,0.01443
1403715374.362283706665039,0.00279,0.00017,0.00083,0.00540,0.00000,0.00153,0.01073
1403715374.412283658981323,0.00224,0.00021,0.00147,0.00522,0.00037,0.00156,0.01107
1403715374.462285995483398,0.00298,0.00023,0.00238,0.00466,0.00163,0.00160,0.01349
1403715374.512288093566895,0.00248,0.00022,0.00075,0.00496,0.00003,0.00153,0.00997
1403715374.562290906906128,0.00265,0.00019,0.00008,0.00472,0.00193,0.00149,0.01105
1403715374.612293004989624,0.00235,0.00020,0.00407,0.00496,0.00083,0.00147,0.01388
1403715374.662293434143066,0.00226,0.00025,0.00002,0.00517,0.00000,0.00162,0.00931
1403715374.712296247482300,0.00241,0.00020,0.00478,0.00460,0.00257,0.00154,0.01610
1403715374.762296438217163,0.00217,0.00018,0.00041,0.00492,0.00000,0.00160,0.00928
1403715374.812295436859131,0.00225,0.00019,0.00002,0.00477,0.00000,0.00155,0.00878
1403715374.862290382385254,0.00227,0.00017,0.00465,0.00443,0.00370,0.00185,0.01707
1403715374.912287950515747,0.00229,0.00023,0.00173,0.00533,0.00256,0.00153,0.01368
1403715374.962286949157715,0.00228,0.00021,0.00014,0.00565,0.00019,0.00152,0.01000
1403715375.012284994125366,0.00227,0.00024,0.00736,0.00582,0.00022,0.00153,0.01743
1403715375.062283277511597,0.00264,0.00019,0.00229,0.00534,0.00040,0.00153,0.01239
1403715375.112283229827881,0.00232,0.00022,0.00003,0.00545,0.00004,0.00156,0.00962
1403715375.162281274795532,0.00253,0.00017,0.00062,0.00497,0.00031,0.00153,0.01013
1403715375.212280988693237,0.00220,0.00021,0.00155,0.00487,0.00363,0.00146,0.01391
1403715375.262280702590942,0.00269,0.00018,0.00008,0.00544,0.00000,0.00156,0.00996
1403715375.312275409698486,0.00284,0.00019,0.00334,0.00498,0.00249,0.00153,0.01536
1403715375.362273216247559,0.00247,0.00021,0.00046,0.00503,0.00000,0.00150,0.00967
1403715375.412274360656738,0.00244,0.00017,0.00010,0.00451,0.00000,0.00155,0.00878
1403715375.462275505065918,0.00243,0.00019,0.00011,0.00444,0.00570,0.00158,0.01444
1403715375.512276411056519,0.00239,0.00020,0.00011,0.00522,0.00017,0.00154,0.00964
1403715375.562277793884277,0.00229,0.00025,0.00031,0.00551,0.00000,0.00158,0.00995
1403715375.612278699874878,0.00229,0.00017,0.00950,0.00571,0.00369,0.00153,0.02290
1403715375.662279605865479,0.00232,0.00017,0.00008,0.00590,0.00023,0.00151,0.01021
1403715375.712280273437500,0.00267,0.00020,0.00057,0.00573,0.00064,0.00213,0.01195
1403715375.762282848358154,0.00268,0.00019,0.00084,0.00567,0.00000,0.00162,0.01100
1403715375.812284231185913,0.00241,0.00017,0.00363,0.00530,0.00125,0.00151,0.01427
1403715375.862285852432251,0.00274,0.00019,0.00538,0.00505,0.00122,0.00150,0.01608
1403715375.912286758422852,0.00370,0.00017,0.00122,0.00476,0.00116,0.00155,0.01257
1403715375.962286472320557,0.00292,0.00016,0.00010,0.00456,0.00000,0.00163,0.00938
1403715376.012286901473999,0.00311,0.00018,0.00078,0.00389,0.00016,0.00161,0.00973
1403715376.062287807464600,0.00296,0.00022,0.00032,0.00386,0.00017,0.00157,0.00910
1403715376.112288951873779,0.00328,0.00017,0.00049,0.00346,0.00037,0.00154,0.00932
1403715376.162289619445801,0.00264,0.00018,0.00063,0.00407,0.00000,0.00158,0.00910
1403715376.212290287017822,0.00289,0.00019,0.00419,0.00380,0.00994,0.00165,0.02266
1403715376.262287616729736,0.00392,0.00020,0.00243,0.00510,0.00349,0.00148,0.01662
1403715376.312287092208862,0.00285,0.00018,0.00143,0.00554,0.00001,0.00158,0.01159
1403715376.362286806106567,0.00286,0.00021,0.00047,0.00424,0.00455,0.00154,0.01386
1403715376.412286281585693,0.00368,0.00018,0.00044,0.00465,0.00077,0.00152,0.01124
1403715376.462287902832031,0.00253,0.00018,0.00119,0.00435,0.00251,0.00151,0.01227
1403715376.512289047241211,0.00358,0.00020,0.00017,0.00462,0.00115,0.00148,0.01121
1403715376.562289953231812,0.00366,0.00017,0.00059,0.00440,0.00016,0.00152,0.01050
1403715376.612292051315308,0.00395,0.00017,0.00056,0.00430,0.00682,0.00158,0.01739
1403715376.662290573120117,0.00244,0.00017,0.00020,0.00497,0.00093,0.00143,0.01014
1403715376.712284803390503,0.00313,0.00017,0.00033,0.00514,0.00032,0.00150,0.01060
1403715376.762281179428101,0.00319,0.00022,0.00014,0.00597,0.00034,0.00148,0.01133
1403715376.812273740768433,0.00269,0.00018,0.00586,0.00603,0.00000,0.00152,0.01629
1403715376.862267971038818,0.00268,0.00019,0.00034,0.00607,0.00112,0.00155,0.01196
1403715376.912262439727783,0.00272,0.00020,0.00386,0.00602,0.00019,0.00148,0.01446
1403715376.962261199951172,0.00274,0.00020,0.00038,0.00607,0.00000,0.00152,0.01091
1403715377.012261390686035,0.00348,0.00020,0.00034,0.00534,0.00019,0.00152,0.01107
1403715377.062262058258057,0.00336,0.00019,0.00269,0.00533,0.00000,0.00153,0.01311
1403715377.112261772155762,0.00271,0.00020,0.00330,0.00511,0.00046,0.00143,0.01322
1403715377.162262201309204,0.00269,0.00020,0.00044,0.00587,0.00000,0.00159,0.01079
1403715377.212262392044067,0.00311,0.00020,0.00005,0.00560,0.00004,0.00161,0.01060
1403715377.262262344360352,0.00321,0.00020,0.00113,0.00536,0.00123,0.00144,0.01257
1403715377.312262535095215,0.00257,0.00021,0.00222,0.00505,0.00018,0.00160,0.01184
1403715377.362264394760132,0.00433,0.00019,0.00008,0.00546,0.00005,0.00158,0.01169
1403715377.412266016006470,0.00475,0.00017,0.00466,0.00485,0.00111,0.00165,0.01719
1403715377.462268590927124,0.00287,0.00017,0.00063,0.00497,0.00000,0.00170,0.01035
1403715377.512268543243408,0.00346,0.00020,0.00076,0.00414,0.00285,0.00156,0.01297
1403715377.562269449234009,0.00342,0.00017,0.00422,0.00421,0.00061,0.00159,0.01423
1403715377.612269163131714,0.00269,0.00018,0.00051,0.00402,0.00016,0.00160,0.00915
1403715377.662268400192261,0.00269,0.00019,0.00040,0.00429,0.00204,0.00151,0.01113
1403715377.712267637252808,0.00332,0.00020,0.00032,0.00538,0.00248,0.00167,0.01337
1403715377.762267827987671,0.00269,0.00021,0.00088,0.00496,0.00069,0.00151,0.01094
1403715377.812268733978271,0.00267,0.00020,0.00090,0.00461,0.00018,0.00161,0.01018
1403715377.862268924713135,0.00257,0.00019,0.00054,0.00442,0.00120,0.00156,0.01048
1403715377.912268638610840,0.00337,0.00018,0.00385,0.00435,0.00207,0.00163,0.01546
1403715377.962268829345703,0.00341,0.00018,0.00672,0.00465,0.00112,0.00159,0.01768
1403715378.012268304824829,0.00253,0.00020,0.00171,0.00434,0.00300,0.00156,0.01335
1403715378.062268495559692,0.00236,0.00020,0.00013,0.00452,0.00018,0.00155,0.00894
1403715378.112267971038818,0.00237,0.00020,0.00065,0.00400,0.00075,0.00156,0.00952
1403715378.162267923355103,0.00312,0.00018,0.00446,0.00367,0.00112,0.00152,0.01407
1403715378.212268829345703,0.00263,0.00022,0.00053,0.00394,0.00034,0.00158,0.00924
1403715378.262269973754883,0.00253,0.00021,0.00032,0.00412,0.00017,0.00164,0.00899
1403715378.312272071838379,0.00257,0.00020,0.00041,0.00367,0.00000,0.00156,0.00841
1403715378.362272739410400,0.00330,0.00019,0.00021,0.00317,0.00057,0.00160,0.00904
1403715378.412272691726685,0.00258,0.00020,0.00064,0.00278,0.00020,0.00157,0.00797
1403715378.462272644042969,0.00286,0.00017,0.00051,0.00243,0.01131,0.00150,0.01878
1403715378.512272357940674,0.00241,0.00021,0.00124,0.00389,0.00262,0.00160,0.01196
1403715378.562273263931274,0.00244,0.00020,0.00563,0.00417,0.00215,0.00162,0.01621
1403715378.612274169921875,0.00235,0.00022,0.00036,0.00467,0.00091,0.00152,0.01004
1403715378.662275075912476,0.00241,0.00017,0.00005,0.00497,0.00000,0.00162,0.00922
1403715378.712275266647339,0.00331,0.00020,0.00493,0.00472,0.00130,0.00162,0.01609
1403715378.762276172637939,0.00262,0.00020,0.00445,0.00474,0.00000,0.00166,0.01366
1403715378.812276363372803,0.00250,0.00021,0.00008,0.00453,0.00036,0.00161,0.00930
1403715378.862277030944824,0.00274,0.00019,0.00005,0.00473,0.00000,0.00157,0.00928
1403715378.912278175354004,0.00258,0.00021,0.00653,0.00465,0.00135,0.00157,0.01690
1403715378.962278366088867,0.00261,0.00022,0.00040,0.00517,0.00000,0.00163,0.01004
1403715379.012276887893677,0.00261,0.00019,0.00024,0.00519,0.00000,0.00171,0.00995
1403715379.062276363372803,0.00248,0.00018,0.00073,0.00520,0.00000,0.00167,0.01027
1403715379.112274408340454,0.00246,0.00024,0.00135,0.00499,0.00000,0.00163,0.01068
1403715379.162271499633789,0.00256,0.00023,0.00599,0.00459,0.00000,0.00163,0.01500
1403715379.212273359298706,0.00242,0.00017,0.00013,0.00426,0.00019,0.00161,0.00879
1403715379.262273073196411,0.00244,0.00017,0.01000,0.00464,0.00135,0.00155,0.02015
1403715379.312276124954224,0.00268,0.00017,0.00382,0.00477,0.00066,0.00164,0.01374
1403715379.362276315689087,0.00278,0.00019,0.00295,0.00513,0.00000,0.00162,0.01267
1403715379.412275552749634,0.00270,0.00024,0.00025,0.00518,0.00000,0.00163,0.01000
1403715379.462273836135864,0.00341,0.00021,0.00002,0.00523,0.00000,0.00168,0.01055
1403715379.512271165847778,0.00262,0.00019,0.00561,0.00512,0.00000,0.00166,0.01521
1403715379.562269210815430,0.00271,0.00021,0.00006,0.00513,0.00000,0.00168,0.00979
1403715379.612268686294556,0.00266,0.00020,0.00006,0.00489,0.00022,0.00167,0.00969
1403715379.662267684936523,0.00340,0.00021,0.00002,0.00489,0.00070,0.00166,0.01088
1403715379.712268352508545,0.00353,0.00021,0.00139,0.00473,0.00021,0.00167,0.01172
1403715379.762269258499146,0.00345,0.00021,0.00526,0.00467,0.00039,0.00167,0.01565
1403715379.812271118164062,0.00263,0.00019,0.00037,0.00450,0.00018,0.00160,0.00947
1403715379.862273216247559,0.00264,0.00019,0.00912,0.00438,0.00184,0.00158,0.01976
1403715379.912273645401001,0.00275,0.00018,0.00436,0.00419,0.00064,0.00155,0.01367
1403715379.962274074554443,0.00389,0.00020,0.00309,0.00434,0.00055,0.00169,0.01375
1403715380.012274265289307,0.00300,0.00020,0.00080,0.00430,0.00021,0.00168,0.01020
1403715380.062273740768433,0.00298,0.00019,0.00024,0.00430,0.00001,0.00162,0.00934
1403715380.112272024154663,0.00292,0.00017,0.00139,0.00377,0.00534,0.00172,0.01532
1403715380.162271022796631,0.00295,0.00019,0.00006,0.00390,0.00004,0.00173,0.00887
1403715380.212269306182861,0.00287,0.00023,0.00055,0.00304,0.00044,0.00167,0.00881
1403715380.262268304824829,0.00375,0.00017,0.00131,0.00304,0.00038,0.00168,0.01034
1403715380.312268972396851,0.00378,0.00019,0.00046,0.00323,0.00130,0.00162,0.01058
1403715380.362267494201660,0.00284,0.00018,0.00360,0.00371,0.00404,0.00172,0.01609
1403715380.412268161773682,0.00359,0.00017,0.00008,0.00387,0.00017,0.00165,0.00954
1403715380.462270498275757,0.00359,0.00017,0.00441,0.00380,0.00551,0.00166,0.01913
1403715380.512274265289307,0.00275,0.00019,0.01473,0.00424,0.00000,0.00157,0.02348
1403715380.562275886535645,0.00266,0.00017,0.00293,0.00376,0.00118,0.00155,0.01227
1403715380.612277030944824,0.00385,0.00018,0.00010,0.00419,0.00063,0.00161,0.01057
1403715380.662277698516846,0.00305,0.00016,0.00010,0.00428,0.00079,0.00168,0.01006
1403715380.712280511856079,0.00307,0.00017,0.00105,0.00381,0.00117,0.00163,0.01091
1403715380.762283086776733,0.00298,0.00016,0.00127,0.00367,0.00012,0.00170,0.00989
1403715380.812284231185913,0.00284,0.00017,0.00057,0.00360,0.00138,0.00175,0.01031
1403715380.862284183502197,0.00290,0.00018,0.00059,0.00350,0.00000,0.00164,0.00881
1403715380.912284612655640,0.00347,0.00019,0.00083,0.00338,0.00038,0.00178,0.01002
1403715380.962285041809082,0.00359,0.00017,0.00155,0.00311,0.00220,0.00163,0.01226
1403715381.012284994125366,0.00333,0.00018,0.00097,0.00339,0.00058,0.00168,0.01013
1403715381.062284946441650,0.00253,0.00022,0.00081,0.00310,0.00000,0.00159,0.00826
1403715381.112285137176514,0.00234,0.00018,0.00846,0.00307,0.00686,0.00149,0.02240
1403715381.162285089492798,0.00328,0.00021,0.01047,0.00432,0.00120,0.00156,0.02103
1403715381.212285041809082,0.00242,0.00019,0.00011,0.00434,0.00000,0.00164,0.00870
1403715381.262285232543945,0.00272,0.00019,0.00016,0.00376,0.00000,0.00158,0.00843
1403715381.312285661697388,0.00349,0.00020,0.00030,0.00360,0.00000,0.00166,0.00925
1403715381.362286329269409,0.00238,0.00020,0.00035,0.00338,0.00000,0.00150,0.00782
1403715381.412285804748535,0.00345,0.00019,0.00008,0.00302,0.00036,0.00153,0.00862
1403715381.462284088134766,0.00258,0.00017,0.00012,0.00322,0.00015,0.00158,0.00784
1403715381.512284278869629,0.00329,0.00018,0.00064,0.00321,0.00065,0.00162,0.00958
1403715381.562283992767334,0.00251,0.00016,0.00007,0.00341,0.00057,0.00159,0.00830
1403715381.612284183502197,0.00314,0.00016,0.00001,0.00319,0.00000,0.00157,0.00808
1403715381.662287473678589,0.00323,0.00016,0.00002,0.00303,0.00000,0.00162,0.00806
1403715381.712290763854980,0.00247,0.00018,0.00862,0.00290,0.00840,0.00165,0.02422
1403715381.762292861938477,0.00239,0.00020,0.00951,0.00413,0.00175,0.00152,0.01950
1403715381.812294960021973,0.00430,0.00017,0.00009,0.00453,0.00000,0.00163,0.01072
1403715381.862295627593994,0.00285,0.00017,0.00011,0.00430,0.00000,0.00153,0.00896
1403715381.912295103073120,0.00448,0.00020,0.00042,0.00425,0.00000,0.00167,0.01103
1403715381.962295532226562,0.00293,0.00017,0.00030,0.00405,0.00001,0.00166,0.00912
1403715382.012296676635742,0.00292,0.00018,0.00035,0.00403,0.00000,0.00168,0.00916
1403715382.062299966812134,0.00283,0.00017,0.00002,0.00403,0.00064,0.00167,0.00935
1403715382.112302303314209,0.00278,0.00019,0.00033,0.00383,0.00036,0.00180,0.00929
1403715382.162307262420654,0.00382,0.00018,0.00059,0.00363,0.00093,0.00164,0.01078
1403715382.212310314178467,0.00290,0.00017,0.00006,0.00386,0.00001,0.00162,0.00862
1403715382.262313365936279,0.00283,0.00017,0.00007,0.00352,0.00017,0.00161,0.00837
1403715382.312315940856934,0.00264,0.00019,0.00555,0.00374,0.00591,0.00160,0.01963
1403715382.362321615219116,0.00240,0.00018,0.01297,0.00479,0.00065,0.00163,0.02263
1403715382.412322282791138,0.00234,0.00017,0.00065,0.00442,0.00000,0.00146,0.00904
1403715382.462322711944580,0.00348,0.00019,0.00491,0.00411,0.00049,0.00158,0.01477
1403715382.512322664260864,0.00263,0.00017,0.00013,0.00426,0.00017,0.00163,0.00900
1403715382.562322616577148,0.00255,0.00019,0.00012,0.00423,0.00075,0.00158,0.00943
1403715382.612321376800537,0.00250,0.00018,0.00031,0.00454,0.00001,0.00166,0.00921
1403715382.662321567535400,0.00247,0.00019,0.00007,0.00453,0.00018,0.00171,0.00915
1403715382.712321281433105,0.00257,0.00019,0.00034,0.00471,0.00085,0.00164,0.01029
1403715382.762321233749390,0.00271,0.00019,0.00036,0.00458,0.00040,0.00165,0.00990
1403715382.812321662902832,0.00267,0.00019,0.00049,0.00449,0.00065,0.00163,0.01012
1403715382.862322330474854,0.00246,0.00019,0.00052,0.00415,0.00016,0.00162,0.00911
1403715382.912324190139771,0.00248,0.00020,0.00386,0.00404,0.00226,0.00157,0.01440
1403715382.962324619293213,0.00246,0.00016,0.01271,0.00421,0.00183,0.00150,0.02287
1403715383.012325048446655,0.00236,0.00018,0.00720,0.00445,0.00081,0.00156,0.01656
1403715383.062325716018677,0.00235,0.00019,0.00375,0.00444,0.00001,0.00155,0.01229
1403715383.112326383590698,0.00243,0.00016,0.00001,0.00457,0.00000,0.00160,0.00878
1403715383.162327051162720,0.00241,0.00021,0.00019,0.00447,0.00081,0.00157,0.00966
1403715383.212326526641846,0.00266,0.00022,0.00002,0.00472,0.00069,0.00156,0.00987
1403715383.262326240539551,0.00270,0.00018,0.00025,0.00484,0.00000,0.00155,0.00952
1403715383.312326669692993,0.00268,0.00019,0.00050,0.00477,0.00019,0.00158,0.00990
1403715383.362326622009277,0.00239,0.00017,0.00047,0.00480,0.00001,0.00156,0.00941
1403715383.412326097488403,0.00231,0.00020,0.00009,0.00454,0.00000,0.00165,0.00879
1403715383.462326526641846,0.00270,0.00018,0.00002,0.00466,0.00000,0.00158,0.00913
1403715383.512327671051025,0.00240,0.00021,0.00411,0.00456,0.00103,0.00157,0.01388
1403715383.562329769134521,0.00239,0.00017,0.01157,0.00488,0.00065,0.00147,0.02113
1403715383.612330675125122,0.00335,0.00019,0.00659,0.00304,0.00000,0.00158,0.01475
1403715383.662332057952881,0.00326,0.00019,0.00002,0.00307,0.00554,0.00155,0.01362
1403715383.712332010269165,0.00258,0.00017,0.00017,0.00419,0.00020,0.00154,0.00885
1403715383.762330770492554,0.00371,0.00019,0.00032,0.00396,0.00000,0.00161,0.00978
1403715383.812330484390259,0.00260,0.00018,0.00025,0.00399,0.00000,0.00154,0.00855
1403715383.862330198287964,0.00255,0.00020,0.00001,0.00377,0.00000,0.00159,0.00813
1403715383.912330150604248,0.00324,0.00016,0.00027,0.00375,0.00020,0.00159,0.00920
1403715383.962330102920532,0.00326,0.00019,0.00007,0.00373,0.00035,0.00162,0.00922
1403715384.012330293655396,0.00315,0.00018,0.00045,0.00388,0.00000,0.00163,0.00929
1403715384.062330961227417,0.00266,0.00017,0.00067,0.00371,0.00000,0.00167,0.00888
1403715384.112331628799438,0.00268,0.00019,0.00002,0.00373,0.00369,0.00158,0.01188
1403715384.162332534790039,0.00275,0.00019,0.01353,0.00426,0.00240,0.00157,0.02471
1403715384.212333202362061,0.00251,0.00016,0.00624,0.00485,0.00000,0.00172,0.01550
1403715384.262334108352661,0.00324,0.00017,0.00049,0.00453,0.00000,0.00167,0.01011
1403715384.312334299087524,0.00256,0.00017,0.00003,0.00449,0.00065,0.00158,0.00948
1403715384.362333536148071,0.00264,0.00021,0.00012,0.00423,0.00017,0.00156,0.00893
1403715384.412332296371460,0.00232,0.00017,0.00002,0.00445,0.00000,0.00155,0.00852
1403715384.462333440780640,0.00244,0.00019,0.00071,0.00421,0.00018,0.00157,0.00932
1403715384.512333154678345,0.00340,0.00019,0.00679,0.00364,0.00136,0.00169,0.01709
1403715384.562336683273315,0.00270,0.00018,0.00009,0.00333,0.00043,0.00188,0.00862
1403715384.612335920333862,0.00278,0.00020,0.00018,0.00255,0.00016,0.00155,0.00742
1403715384.662337541580200,0.00267,0.00019,0.00015,0.00228,0.00016,0.00167,0.00711
1403715384.712336778640747,0.00283,0.00017,0.00051,0.00234,0.00025,0.00162,0.00773
1403715384.762337446212769,0.00268,0.00018,0.00631,0.00254,0.01430,0.00170,0.02771
1403715384.812337398529053,0.00267,0.00016,0.00392,0.00454,0.00460,0.00149,0.01739
1403715384.862336635589600,0.00257,0.00018,0.00011,0.00491,0.00000,0.00164,0.00942
1403715384.912336349487305,0.00259,0.00020,0.00028,0.00350,0.00000,0.00156,0.00814
1403715384.962335348129272,0.00243,0.00017,0.00005,0.00341,0.00000,0.00152,0.00758
1403715385.012335538864136,0.00253,0.00017,0.00006,0.00334,0.00000,0.00152,0.00761
1403715385.062336921691895,0.00240,0.00016,0.00524,0.00294,0.00739,0.00152,0.01966
1403715385.112336874008179,0.00245,0.00020,0.00113,0.00402,0.00626,0.00156,0.01562
1403715385.162340641021729,0.00331,0.00021,0.00002,0.00494,0.00005,0.00162,0.01014
1403715385.212341547012329,0.00253,0.00018,0.00021,0.00449,0.00003,0.00156,0.00901
1403715385.262343406677246,0.00249,0.00016,0.00009,0.00443,0.00022,0.00162,0.00902
1403715385.312344551086426,0.00332,0.00023,0.00011,0.00437,0.00064,0.00180,0.01047
1403715385.362344980239868,0.00275,0.00019,0.00442,0.00431,0.00235,0.00163,0.01565
1403715385.412345409393311,0.00269,0.00018,0.00167,0.00438,0.00295,0.00155,0.01343
1403715385.462345600128174,0.00359,0.00018,0.00002,0.00517,0.00000,0.00162,0.01059
1403715385.512346267700195,0.00354,0.00018,0.00011,0.00487,0.00001,0.00165,0.01037
1403715385.562347650527954,0.00354,0.00018,0.00006,0.00469,0.00000,0.00158,0.01005
1403715385.612347126007080,0.00267,0.00019,0.00016,0.00448,0.00017,0.00169,0.00936
1403715385.662346124649048,0.00268,0.00019,0.00509,0.00453,0.00023,0.00165,0.01438
1403715385.712345600128174,0.00265,0.00018,0.00110,0.00486,0.00026,0.00167,0.01073
1403715385.762346982955933,0.00280,0.00017,0.00008,0.00473,0.00021,0.00161,0.00961
1403715385.812348842620850,0.00267,0.00022,0.00083,0.00455,0.00067,0.00165,0.01058
1403715385.862350940704346,0.00278,0.00018,0.00568,0.00462,0.00181,0.00180,0.01686
1403715385.912353038787842,0.00270,0.00019,0.00006,0.00490,0.00063,0.00165,0.01013
1403715385.962355613708496,0.00347,0.00019,0.00472,0.00469,0.00181,0.00171,0.01659
1403715386.012358665466309,0.00261,0.00020,0.00170,0.00512,0.00003,0.00161,0.01127
1403715386.062361478805542,0.00264,0.00021,0.00009,0.00455,0.00001,0.00150,0.00901
1403715386.112364053726196,0.00269,0.00018,0.00064,0.00380,0.00000,0.00152,0.00883
1403715386.162367105484009,0.00258,0.00021,0.00013,0.00358,0.00030,0.00164,0.00843
1403715386.212368488311768,0.00252,0.00024,0.00034,0.00385,0.00037,0.00167,0.00900
1403715386.262369155883789,0.00313,0.00015,0.00687,0.00417,0.00465,0.00154,0.02052
1403715386.312367916107178,0.00320,0.00018,0.00262,0.00308,0.00150,0.00160,0.01218
1403715386.362364768981934,0.00260,0.00022,0.00002,0.00303,0.00023,0.00158,0.00767
1403715386.412360668182373,0.00261,0.00020,0.00092,0.00228,0.00189,0.00156,0.00946
1403715386.462361097335815,0.00234,0.00021,0.00513,0.00427,0.00039,0.00148,0.01382
1403715386.512359142303467,0.00225,0.00018,0.00074,0.00431,0.00027,0.00143,0.00918
1403715386.562360525131226,0.00284,0.00015,0.00029,0.00433,0.00343,0.00154,0.01260
1403715386.612360477447510,0.00243,0.00016,0.00057,0.00494,0.00190,0.00155,0.01155
1403715386.662361383438110,0.00237,0.00019,0.00067,0.00530,0.00018,0.00152,0.01023
1403715386.712360382080078,0.00245,0.00019,0.00047,0.00537,0.00018,0.00156,0.01022
1403715386.762356519699097,0.00237,0.00017,0.00008,0.00509,0.00000,0.00160,0.00932
1403715386.812355756759644,0.00258,0.00020,0.00011,0.00449,0.00018,0.00156,0.00911
1403715386.862354755401611,0.00245,0.00018,0.00715,0.00454,0.00266,0.00155,0.01853
1403715386.912356138229370,0.00241,0.00019,0.00373,0.00517,0.00044,0.00158,0.01353
1403715386.962356328964233,0.00241,0.00016,0.00046,0.00585,0.00021,0.00168,0.01078
1403715387.012358427047729,0.00248,0.00018,0.00099,0.00569,0.00070,0.00156,0.01160
1403715387.062361955642700,0.00247,0.00018,0.00883,0.00595,0.00000,0.00160,0.01904
1403715387.112364768981934,0.00256,0.00017,0.00800,0.00564,0.00019,0.00157,0.01813
1403715387.162366151809692,0.00243,0.00025,0.00005,0.00564,0.00000,0.00152,0.00989
1403715387.212368011474609,0.00246,0.00018,0.00008,0.00555,0.00082,0.00153,0.01061
1403715387.262367963790894,0.00340,0.00021,0.00105,0.00545,0.00000,0.00163,0.01173
1403715387.312366247177124,0.00260,0.00021,0.00046,0.00522,0.00000,0.00163,0.01013
1403715387.362364768981934,0.00290,0.00020,0.00008,0.00492,0.00017,0.00160,0.00986
1403715387.412362098693848,0.00261,0.00020,0.00007,0.00503,0.00000,0.00155,0.00947
1403715387.462362051010132,0.00280,0.00019,0.00520,0.00351,0.00576,0.00156,0.01902
1403715387.512363910675049,0.00254,0.00018,0.00346,0.00389,0.00063,0.00167,0.01238
1403715387.562363386154175,0.00250,0.00017,0.00025,0.00314,0.00091,0.00154,0.00852
1403715387.612362861633301,0.00254,0.00019,0.00013,0.00297,0.00101,0.00152,0.00837
1403715387.662363529205322,0.00264,0.00017,0.00838,0.00337,0.00158,0.00155,0.01769
1403715387.712359428405762,0.00249,0.00020,0.00709,0.00357,0.00163,0.00164,0.01662
1403715387.762359619140625,0.00392,0.00019,0.00012,0.00512,0.00003,0.00160,0.01096
1403715387.812358617782593,0.00280,0.00019,0.00003,0.00489,0.00000,0.00158,0.00948
1403715387.862356185913086,0.00262,0.00021,0.00030,0.00405,0.00118,0.00156,0.00991
1403715387.912354946136475,0.00271,0.00023,0.00030,0.00430,0.00018,0.00161,0.00932
1403715387.962354183197021,0.00269,0.00020,0.00019,0.00435,0.00015,0.00163,0.00923
1403715388.012353420257568,0.00321,0.00016,0.00030,0.00419,0.00000,0.00167,0.00953
1403715388.062353372573853,0.00276,0.00018,0.00152,0.00410,0.00764,0.00161,0.01781
1403715388.112352848052979,0.00266,0.00019,0.00361,0.00528,0.00126,0.00160,0.01460
1403715388.162352561950684,0.00333,0.00019,0.00036,0.00529,0.00000,0.00159,0.01076
1403715388.212352991104126,0.00248,0.00017,0.00015,0.00513,0.00018,0.00156,0.00967
1403715388.262351036071777,0.00337,0.00019,0.00860,0.00505,0.00136,0.00163,0.02022
1403715388.312350511550903,0.00264,0.00017,0.00928,0.00518,0.00127,0.00150,0.02005
1403715388.362348079681396,0.00268,0.00019,0.00123,0.00490,0.00000,0.00147,0.01048
1403715388.412347316741943,0.00273,0.00019,0.00010,0.00354,0.00032,0.00151,0.00839
1403715388.462347984313965,0.00336,0.00018,0.00014,0.00370,0.00001,0.00158,0.00896
1403715388.512346506118774,0.00308,0.00016,0.00023,0.00337,0.00016,0.00153,0.00854
1403715388.562345266342163,0.00326,0.00017,0.00049,0.00291,0.00055,0.00163,0.00901
1403715388.612344503402710,0.00263,0.00018,0.00005,0.00265,0.00000,0.00159,0.00711
1403715388.662344217300415,0.00272,0.00019,0.00008,0.00207,0.00102,0.00154,0.00761
1403715388.712342977523804,0.00320,0.00016,0.00024,0.00208,0.00204,0.00154,0.00927
1403715388.762344360351562,0.00313,0.00014,0.00113,0.00253,0.00002,0.00147,0.00842
1403715388.812344074249268,0.00261,0.00016,0.00015,0.00251,0.01021,0.00154,0.01718
1403715388.862344503402710,0.00365,0.00019,0.00327,0.00310,0.01108,0.00142,0.02270
1403715388.912345170974731,0.00327,0.00017,0.00790,0.00504,0.00000,0.00154,0.01793
1403715388.962345600128174,0.00288,0.00020,0.00132,0.00445,0.00031,0.00154,0.01069
1403715389.012347459793091,0.00318,0.00020,0.00049,0.00469,0.00000,0.00169,0.01025
1403715389.062349081039429,0.00331,0.00020,0.00464,0.00451,0.00064,0.00161,0.01491
1403715389.112349748611450,0.00249,0.00020,0.00106,0.00427,0.00001,0.00158,0.00961
1403715389.162348031997681,0.00288,0.00019,0.00027,0.00416,0.00021,0.00159,0.00929
1403715389.212348461151123,0.00254,0.00018,0.00028,0.00402,0.00001,0.00158,0.00862
1403715389.262348413467407,0.00270,0.00016,0.00001,0.00381,0.00000,0.00154,0.00823
1403715389.312347173690796,0.00321,0.00017,0.00038,0.00381,0.00230,0.00158,0.01145
1403715389.362347841262817,0.00254,0.00018,0.00061,0.00431,0.00402,0.00158,0.01323
1403715389.412346363067627,0.00386,0.00021,0.00312,0.00501,0.00188,0.00161,0.01569
1403715389.462345361709595,0.00268,0.00020,0.00349,0.00533,0.00000,0.00154,0.01325
1403715389.512345075607300,0.00276,0.00022,0.00730,0.00502,0.00010,0.00164,0.01706
1403715389.562344312667847,0.00256,0.00018,0.00010,0.00475,0.00123,0.00163,0.01044
1403715389.612344980239868,0.00331,0.00019,0.00002,0.00507,0.00000,0.00160,0.01019
1403715389.662344217300415,0.00259,0.00020,0.00433,0.00489,0.00197,0.00160,0.01559
1403715389.712344169616699,0.00337,0.00019,0.00429,0.00568,0.00000,0.00167,0.01521
1403715389.762343645095825,0.00268,0.00021,0.00051,0.00567,0.00000,0.00155,0.01063
1403715389.812343835830688,0.00253,0.00019,0.00149,0.00565,0.00000,0.00154,0.01141
1403715389.862343549728394,0.00317,0.00020,0.00002,0.00571,0.00000,0.00162,0.01071
1403715389.912343263626099,0.00332,0.00021,0.00059,0.00569,0.00000,0.00167,0.01148
1403715389.962342739105225,0.00266,0.00020,0.00721,0.00550,0.00000,0.00174,0.01733
1403715390.012342453002930,0.00303,0.00020,0.00314,0.00549,0.00000,0.00157,0.01343
1403715390.062341213226318,0.00278,0.00020,0.00326,0.00547,0.00000,0.00166,0.01337
1403715390.112340211868286,0.00276,0.00021,0.00678,0.00545,0.00000,0.00159,0.01679
1403715390.162339687347412,0.00352,0.00019,0.00040,0.00514,0.00000,0.00159,0.01085
1403715390.212339401245117,0.00257,0.00018,0.00014,0.00489,0.00000,0.00168,0.00946
1403715390.262339115142822,0.00235,0.00019,0.00097,0.00480,0.00597,0.00156,0.01584
1403715390.312339067459106,0.00253,0.00022,0.00376,0.00552,0.00000,0.00155,0.01358
1403715390.362339258193970,0.00240,0.00019,0.00029,0.00560,0.00000,0.00151,0.01001
1403715390.412340164184570,0.00232,0.00019,0.00066,0.00547,0.00063,0.00160,0.01087
1403715390.462338685989380,0.00280,0.00019,0.00008,0.00533,0.00000,0.00159,0.00999
1403715390.512338638305664,0.00252,0.00022,0.00044,0.00559,0.00000,0.00162,0.01040
1403715390.562336921691895,0.00258,0.00017,0.00769,0.00502,0.00226,0.00151,0.01923
1403715390.612337350845337,0.00262,0.00021,0.00176,0.00542,0.00064,0.00160,0.01225
1403715390.662337064743042,0.00262,0.00018,0.00241,0.00569,0.00128,0.00159,0.01376
1403715390.712341070175171,0.00328,0.00018,0.00686,0.00517,0.00000,0.00162,0.01712
1403715390.762344837188721,0.00323,0.00018,0.00026,0.00455,0.00000,0.00159,0.00982
1403715390.812347173690796,0.00307,0.00022,0.00011,0.00466,0.00001,0.00164,0.00971
1403715390.862350225448608,0.00259,0.00018,0.00019,0.00418,0.00059,0.00157,0.00931
1403715390.912351608276367,0.00267,0.00023,0.00032,0.00420,0.00458,0.00153,0.01354
1403715390.962353706359863,0.00255,0.00019,0.00014,0.00509,0.00020,0.00153,0.00971
1403715391.012353897094727,0.00247,0.00020,0.00470,0.00521,0.00213,0.00158,0.01629
1403715391.062355518341064,0.00254,0.00020,0.00002,0.00579,0.00000,0.00163,0.01019
1403715391.112355709075928,0.00273,0.00018,0.00065,0.00561,0.00000,0.00153,0.01071
1403715391.162356615066528,0.00315,0.00019,0.00562,0.00546,0.00123,0.00165,0.01729
1403715391.212357282638550,0.00274,0.00021,0.00214,0.00552,0.00067,0.00169,0.01296
1403715391.262357473373413,0.00275,0.00018,0.00111,0.00547,0.00000,0.00158,0.01109
1403715391.312358379364014,0.00273,0.00019,0.00720,0.00559,0.00000,0.00169,0.01740
1403715391.362358331680298,0.00350,0.00019,0.00409,0.00540,0.00000,0.00165,0.01482
1403715391.412358760833740,0.00265,0.00021,0.00037,0.00531,0.00067,0.00159,0.01081
1403715391.462358713150024,0.00346,0.00019,0.00109,0.00536,0.00001,0.00161,0.01171
1403715391.512358903884888,0.00330,0.00020,0.00003,0.00563,0.00129,0.00162,0.01206
1403715391.562358617782593,0.00320,0.00018,0.00033,0.00573,0.00000,0.00158,0.01103
1403715391.612358093261719,0.00284,0.00019,0.00394,0.00544,0.00000,0.00167,0.01409
1403715391.662357568740845,0.00292,0.00017,0.00075,0.00536,0.00000,0.00172,0.01092
1403715391.712357759475708,0.00451,0.00025,0.00772,0.00533,0.00144,0.00187,0.02112
1403715391.762357234954834,0.00295,0.00018,0.00527,0.00561,0.00000,0.00158,0.01559
1403715391.812357425689697,0.00272,0.00021,0.00236,0.00507,0.00000,0.00153,0.01189
1403715391.862357378005981,0.00338,0.00018,0.00016,0.00470,0.00000,0.00163,0.01006
1403715391.912358283996582,0.00397,0.00017,0.00354,0.00445,0.00471,0.00169,0.01854
1403715391.962357521057129,0.00341,0.00018,0.00317,0.00540,0.00000,0.00163,0.01380
1403715392.012356758117676,0.00263,0.00018,0.00258,0.00490,0.00001,0.00161,0.01192
1403715392.062355041503906,0.00329,0.00019,0.00050,0.00477,0.00000,0.00155,0.01030
1403715392.112352848052979,0.00262,0.00017,0.00127,0.00382,0.00017,0.00155,0.00960
1403715392.162353515625000,0.00262,0.00017,0.00230,0.00264,0.00030,0.00146,0.00949
1403715392.212353706359863,0.00314,0.00017,0.00066,0.00268,0.00097,0.00151,0.00914
1403715392.262355566024780,0.00236,0.00016,0.00157,0.00290,0.00546,0.00152,0.01395
1403715392.312357425689697,0.00234,0.00020,0.00008,0.00411,0.00626,0.00148,0.01447
1403715392.362363576889038,0.00277,0.00022,0.00314,0.00427,0.00227,0.00140,0.01406
1403715392.412367582321167,0.00348,0.00019,0.00172,0.00437,0.00076,0.00151,0.01203
1403715392.462370872497559,0.00277,0.00017,0.00334,0.00409,0.00359,0.00151,0.01546
1403715392.512368917465210,0.00304,0.00018,0.00169,0.00471,0.00198,0.00146,0.01305
1403715392.562365293502808,0.00298,0.00018,0.00083,0.00454,0.00303,0.00145,0.01301
1403715392.612359762191772,0.00253,0.00019,0.00027,0.00466,0.00280,0.00153,0.01198
1403715392.662358760833740,0.00357,0.00018,0.00083,0.00454,0.00000,0.00156,0.01068
1403715392.712355375289917,0.00257,0.00016,0.00067,0.00382,0.00015,0.00150,0.00887
1403715392.762350082397461,0.00259,0.00020,0.00122,0.00396,0.00627,0.00147,0.01571
1403715392.812350273132324,0.00363,0.00016,0.00054,0.00385,0.00133,0.00158,0.01109
1403715392.862352132797241,0.00262,0.00018,0.00002,0.00354,0.00127,0.00152,0.00916
1403715392.912353038787842,0.00333,0.00018,0.00070,0.00321,0.00214,0.00140,0.01096
1403715392.962353229522705,0.00272,0.00018,0.00249,0.00360,0.00041,0.00150,0.01090
1403715393.012350559234619,0.00397,0.00019,0.00026,0.00334,0.00017,0.00145,0.00939
1403715393.062345027923584,0.00323,0.00017,0.00363,0.00275,0.00448,0.00156,0.01582
1403715393.112338542938232,0.00247,0.00019,0.00312,0.00237,0.00111,0.00152,0.01078
1403715393.162334680557251,0.00379,0.00019,0.00017,0.00180,0.00085,0.00150,0.00830
1403715393.212327480316162,0.00257,0.00016,0.00083,0.00221,0.00606,0.00154,0.01338
1403715393.262325525283813,0.00329,0.00018,0.00065,0.00355,0.00031,0.00158,0.00956
1403715393.312323331832886,0.00325,0.00019,0.00038,0.00380,0.00000,0.00151,0.00914
1403715393.362316370010376,0.00431,0.00019,0.00062,0.00351,0.00571,0.00164,0.01599
1403715393.412314891815186,0.00350,0.00016,0.00013,0.00440,0.00017,0.00152,0.00988
1403715393.462314367294312,0.00258,0.00018,0.00025,0.00398,0.00000,0.00144,0.00843
1403715393.512314081192017,0.00338,0.00018,0.00061,0.00384,0.00076,0.00161,0.01039
1403715393.562313556671143,0.00263,0.00016,0.00061,0.00361,0.00376,0.00157,0.01235
1403715393.612313747406006,0.00263,0.00017,0.00041,0.00380,0.00000,0.00152,0.00854
1403715393.662312746047974,0.00332,0.00019,0.00064,0.00336,0.00447,0.00159,0.01357
1403715393.712311267852783,0.00277,0.00018,0.00404,0.00340,0.00246,0.00159,0.01445
1403715393.762310743331909,0.00263,0.00019,0.00016,0.00328,0.00070,0.00153,0.00848
1403715393.812311172485352,0.00266,0.00017,0.00037,0.00294,0.00278,0.00156,0.01048
1403715393.862311124801636,0.00393,0.00016,0.00075,0.00302,0.00108,0.00163,0.01056
1403715393.912312030792236,0.00409,0.00016,0.00297,0.00317,0.01346,0.00162,0.02548
1403715393.962312459945679,0.00332,0.00016,0.00045,0.00480,0.00001,0.00153,0.01028
1403715394.012312650680542,0.00341,0.00017,0.00015,0.00462,0.00000,0.00152,0.00988
1403715394.062313079833984,0.00349,0.00018,0.00010,0.00434,0.00018,0.00165,0.00993
1403715394.112312555313110,0.00285,0.00022,0.00014,0.00449,0.00003,0.00163,0.00937
1403715394.162310838699341,0.00283,0.00023,0.00006,0.00453,0.00243,0.00166,0.01174
1403715394.212310791015625,0.00266,0.00020,0.00506,0.00460,0.00096,0.00163,0.01512
1403715394.262310266494751,0.00270,0.00018,0.00018,0.00450,0.00116,0.00155,0.01028
1403715394.312309980392456,0.00270,0.00021,0.00238,0.00433,0.00081,0.00159,0.01203
1403715394.362309455871582,0.00257,0.00016,0.00044,0.00365,0.00000,0.00144,0.00825
1403715394.412308931350708,0.00358,0.00019,0.00091,0.00325,0.00015,0.00154,0.00962
1403715394.462308645248413,0.00267,0.00018,0.00018,0.00305,0.00265,0.00161,0.01035
1403715394.512307882308960,0.00260,0.00017,0.00020,0.00309,0.00220,0.00148,0.00973
1403715394.562307834625244,0.00271,0.00015,0.00013,0.00334,0.00003,0.00146,0.00781
1403715394.612307071685791,0.00266,0.00020,0.00432,0.00334,0.00562,0.00155,0.01769
1403715394.662306308746338,0.00263,0.00016,0.00016,0.00379,0.00001,0.00146,0.00822
1403715394.712304115295410,0.00260,0.00016,0.00016,0.00368,0.00004,0.00151,0.00816
1403715394.762301445007324,0.00224,0.00017,0.00013,0.00342,0.00019,0.00148,0.00762
1403715394.812300920486450,0.00308,0.00017,0.00009,0.00334,0.00116,0.00154,0.00938
1403715394.862299919128418,0.00282,0.00019,0.00042,0.00276,0.00000,0.00155,0.00774
1403715394.912299871444702,0.00236,0.00014,0.00009,0.00274,0.00136,0.00147,0.00817
1403715394.962299823760986,0.00230,0.00014,0.00085,0.00275,0.00453,0.00157,0.01214
1403715395.012300968170166,0.00258,0.00015,0.00005,0.00333,0.00008,0.00154,0.00772
1403715395.062301397323608,0.00257,0.00015,0.00007,0.00335,0.00006,0.00143,0.00764
1403715395.112301111221313,0.00255,0.00017,0.00006,0.00323,0.00000,0.00146,0.00746
1403715395.162300825119019,0.00249,0.00017,0.00001,0.00321,0.00000,0.00150,0.00739
1403715395.212300777435303,0.00244,0.00017,0.00013,0.00273,0.00348,0.00146,0.01041
1403715395.262300968170166,0.00309,0.00019,0.00005,0.00335,0.00000,0.00159,0.00827
1403715395.312301635742188,0.00375,0.00021,0.00024,0.00288,0.00036,0.00167,0.00911
1403715395.362302541732788,0.00280,0.00015,0.00507,0.00300,0.00230,0.00169,0.01501
1403715395.412302732467651,0.00358,0.00017,0.00007,0.00326,0.00008,0.00170,0.00886
1403715395.462303161621094,0.00278,0.00016,0.00025,0.00298,0.00000,0.00161,0.00779
1403715395.512303829193115,0.00352,0.00014,0.00041,0.00274,0.00000,0.00169,0.00850
1403715395.562305212020874,0.00364,0.00018,0.00008,0.00297,0.00174,0.00165,0.01026
1403715395.612305402755737,0.00356,0.00017,0.00048,0.00298,0.00165,0.00163,0.01047
1403715395.662305593490601,0.00287,0.00018,0.00006,0.00302,0.00162,0.00159,0.00934
1403715395.712305545806885,0.00353,0.00017,0.00015,0.00338,0.00000,0.00164,0.00886
1403715395.762305736541748,0.00336,0.00017,0.00009,0.00300,0.00001,0.00163,0.00826
1403715395.812305212020874,0.00258,0.00016,0.00960,0.00262,0.00328,0.00154,0.01978
1403715395.862303733825684,0.00310,0.00017,0.00002,0.00322,0.00000,0.00157,0.00809
1403715395.912302732467651,0.00248,0.00019,0.00001,0.00303,0.00000,0.00157,0.00729
1403715395.962304830551147,0.00324,0.00015,0.00372,0.00291,0.01424,0.00161,0.02587
1403715396.012302875518799,0.00306,0.00018,0.00013,0.00506,0.00138,0.00150,0.01132
1403715396.062301158905029,0.00377,0.00019,0.00007,0.00551,0.00000,0.00167,0.01121
1403715396.112303256988525,0.00296,0.00020,0.00009,0.00529,0.00018,0.00163,0.01036
1403715396.162304878234863,0.00292,0.00019,0.00411,0.00521,0.00122,0.00167,0.01531
1403715396.212305784225464,0.00283,0.00021,0.00012,0.00509,0.00001,0.00174,0.01000
1403715396.262307643890381,0.00283,0.00026,0.00009,0.00482,0.00000,0.00172,0.00971
1403715396.312308788299561,0.00285,0.00019,0.00032,0.00479,0.00000,0.00174,0.00990
1403715396.362309932708740,0.00285,0.00022,0.00005,0.00485,0.00000,0.00167,0.00964
1403715396.412313461303711,0.00365,0.00018,0.00948,0.00450,0.00238,0.00158,0.02176
1403715396.462314605712891,0.00271,0.00018,0.00057,0.00495,0.00000,0.00171,0.01012
1403715396.512316703796387,0.00302,0.00016,0.00081,0.00458,0.00000,0.00177,0.01034
1403715396.562318801879883,0.00271,0.00018,0.00013,0.00456,0.00451,0.00157,0.01366
1403715396.612320423126221,0.00274,0.00017,0.01114,0.00508,0.00012,0.00159,0.02084
1403715396.662321090698242,0.00278,0.00017,0.00014,0.00469,0.00000,0.00166,0.00944
1403715396.712323188781738,0.00276,0.00018,0.00045,0.00456,0.00016,0.00158,0.00969
1403715396.762325763702393,0.00242,0.00017,0.00009,0.00456,0.00015,0.00159,0.00898
1403715396.812326908111572,0.00237,0.00016,0.00012,0.00424,0.00000,0.00156,0.00846
1403715396.862327337265015,0.00275,0.00017,0.00013,0.00420,0.00000,0.00162,0.00887
1403715396.912326812744141,0.00270,0.00016,0.00004,0.00409,0.00001,0.00155,0.00856
1403715396.962327480316162,0.00341,0.00017,0.00012,0.00370,0.00000,0.00164,0.00904
1403715397.012327671051025,0.00265,0.00016,0.00540,0.00343,0.00732,0.00159,0.02055
1403715397.062328815460205,0.00285,0.00017,0.00002,0.00453,0.00000,0.00171,0.00929
1403715397.112328767776489,0.00251,0.00019,0.00005,0.00445,0.00000,0.00155,0.00875
1403715397.162328720092773,0.00318,0.00018,0.00001,0.00445,0.00004,0.00161,0.00947
1403715397.212326765060425,0.00249,0.00016,0.00999,0.00411,0.00238,0.00150,0.02065
1403715397.262326002120972,0.00316,0.00017,0.00007,0.00443,0.00000,0.00160,0.00944
1403715397.312323570251465,0.00318,0.00019,0.00001,0.00413,0.00000,0.00150,0.00901
1403715397.362321376800537,0.00246,0.00017,0.00007,0.00405,0.00128,0.00163,0.00966
1403715397.412320852279663,0.00251,0.00017,0.00006,0.00391,0.00003,0.00151,0.00819
1403715397.462320327758789,0.00245,0.00016,0.00001,0.00200,0.00000,0.00151,0.00614
1403715397.512320280075073,0.00252,0.00017,0.00011,0.00170,0.00038,0.00152,0.00640
1403715397.562318563461304,0.00362,0.00026,0.00086,0.00181,0.00151,0.00148,0.00954
1403715397.612315893173218,0.00267,0.00018,0.00366,0.00321,0.00511,0.00159,0.01642
1403715397.662314176559448,0.00239,0.00018,0.00018,0.00339,0.00016,0.00145,0.00775
1403715397.712310075759888,0.00286,0.00022,0.00153,0.00361,0.00000,0.00145,0.00968
1403715397.762309074401855,0.00274,0.00018,0.00025,0.00328,0.00067,0.00146,0.00858
1403715397.812318086624146,0.00224,0.00018,0.00470,0.00363,0.01448,0.00140,0.02663
1403715397.862320899963379,0.00247,0.00019,0.00002,0.00649,0.00000,0.00145,0.01063
1403715397.912321090698242,0.00254,0.00018,0.00070,0.00623,0.00000,0.00147,0.01113
1403715397.962320804595947,0.00255,0.00017,0.00069,0.00585,0.00000,0.00145,0.01072
1403715398.012321233749390,0.00260,0.00019,0.00004,0.00559,0.00212,0.00134,0.01188
1403715398.062322139739990,0.00220,0.00020,0.00008,0.00595,0.00000,0.00147,0.00990
1403715398.112323760986328,0.00231,0.00019,0.00068,0.00549,0.00018,0.00157,0.01043
1403715398.162325143814087,0.00277,0.00023,0.00091,0.00583,0.00065,0.00153,0.01193
1403715398.212331533432007,0.00326,0.00018,0.00431,0.00515,0.00195,0.00154,0.01639
1403715398.262334346771240,0.00252,0.00025,0.00441,0.00569,0.00123,0.00152,0.01561
1403715398.312335014343262,0.00283,0.00019,0.00014,0.00599,0.00005,0.00154,0.01074
1403715398.362334489822388,0.00240,0.00020,0.00025,0.00602,0.00000,0.00169,0.01056
1403715398.412334442138672,0.00252,0.00018,0.00669,0.00582,0.00248,0.00160,0.01929
1403715398.462335348129272,0.00272,0.00020,0.00033,0.00634,0.00000,0.00158,0.01118
1403715398.512336730957031,0.00262,0.00019,0.00044,0.00608,0.00000,0.00152,0.01084
1403715398.562343358993530,0.00331,0.00019,0.00296,0.00596,0.00126,0.00160,0.01527
1403715398.612349271774292,0.00261,0.00020,0.00087,0.00605,0.00000,0.00156,0.01128
1403715398.662353277206421,0.00260,0.00017,0.00004,0.00588,0.00000,0.00164,0.01034
1403715398.712358713150024,0.00250,0.00018,0.00242,0.00549,0.00020,0.00148,0.01227
1403715398.762364625930786,0.00259,0.00019,0.00897,0.00565,0.00019,0.00152,0.01911
1403715398.812364339828491,0.00247,0.00018,0.00163,0.00549,0.00348,0.00148,0.01473
1403715398.862363815307617,0.00359,0.00020,0.00395,0.00610,0.00124,0.00154,0.01662
1403715398.912362337112427,0.00271,0.00018,0.00005,0.00645,0.00021,0.00159,0.01120
1403715398.962360382080078,0.00266,0.00019,0.00011,0.00635,0.00000,0.00149,0.01080
1403715399.012359619140625,0.00245,0.00018,0.00359,0.00615,0.00244,0.00156,0.01638
1403715399.062358379364014,0.00265,0.00018,0.00001,0.00666,0.00000,0.00147,0.01098
1403715399.112357139587402,0.00262,0.00018,0.00001,0.00667,0.00000,0.00153,0.01102
1403715399.162357330322266,0.00255,0.00018,0.00242,0.00658,0.00000,0.00150,0.01323
1403715399.212357282638550,0.00280,0.00020,0.00006,0.00682,0.00000,0.00164,0.01152
1403715399.262357711791992,0.00274,0.00020,0.00002,0.00672,0.00000,0.00155,0.01124
1403715399.312358140945435,0.00268,0.00020,0.00011,0.00678,0.00000,0.00160,0.01137
1403715399.362358093261719,0.00260,0.00019,0.00477,0.00655,0.00000,0.00161,0.01573
1403715399.412358045578003,0.00261,0.00019,0.00679,0.00675,0.00000,0.00165,0.01799
1403715399.462358474731445,0.00335,0.00019,0.00128,0.00650,0.00019,0.00168,0.01319
1403715399.512358665466309,0.00270,0.00020,0.00023,0.00680,0.00000,0.00157,0.01151
1403715399.562358856201172,0.00274,0.00023,0.00002,0.00852,0.00000,0.00237,0.01388
1403715399.612359285354614,0.00270,0.00019,0.00370,0.00656,0.00000,0.00161,0.01478
1403715399.662360906600952,0.00342,0.00019,0.00015,0.00637,0.00018,0.00153,0.01184
1403715399.712360143661499,0.00271,0.00019,0.00002,0.00662,0.00000,0.00155,0.01109
1403715399.762356519699097,0.00335,0.00018,0.00127,0.00628,0.00019,0.00162,0.01291
1403715399.812354087829590,0.00254,0.00018,0.00012,0.00647,0.00018,0.00158,0.01108
1403715399.862352609634399,0.00258,0.00020,0.00001,0.00677,0.00000,0.00153,0.01110
1403715399.912352561950684,0.00266,0.00017,0.00200,0.00664,0.00000,0.00159,0.01306
1403715399.962351560592651,0.00260,0.00021,0.00648,0.00666,0.00000,0.00166,0.01761
1403715400.012350559234619,0.00247,0.00022,0.00763,0.00698,0.00000,0.00157,0.01887
1403715400.062350273132324,0.00256,0.00018,0.00356,0.00670,0.00000,0.00150,0.01450
1403715400.112349510192871,0.00266,0.00019,0.00023,0.00679,0.00000,0.00158,0.01145
1403715400.162349224090576,0.00255,0.00019,0.00001,0.00679,0.00000,0.00149,0.01104
1403715400.212349176406860,0.00260,0.00020,0.00372,0.00649,0.00000,0.00151,0.01452
1403715400.262350797653198,0.00254,0.00017,0.00001,0.00654,0.00000,0.00155,0.01083
1403715400.312352418899536,0.00257,0.00020,0.00009,0.00628,0.00019,0.00163,0.01095
1403715400.362355709075928,0.00258,0.00020,0.00325,0.00648,0.00000,0.00160,0.01411
1403715400.412360191345215,0.00252,0.00018,0.00008,0.00609,0.00019,0.00152,0.01059
1403715400.462360620498657,0.00324,0.00021,0.00001,0.00662,0.00000,0.00159,0.01168
1403715400.512361764907837,0.00257,0.00018,0.00166,0.00616,0.00000,0.00146,0.01203
1403715400.562360763549805,0.00260,0.00019,0.00682,0.00571,0.00198,0.00156,0.01885
1403715400.612360477447510,0.00352,0.00020,0.00729,0.00529,0.00000,0.00160,0.01790
1403715400.662359952926636,0.00274,0.00033,0.00021,0.00527,0.00410,0.00152,0.01417
1403715400.712360620498657,0.00259,0.00039,0.00014,0.00527,0.00023,0.00190,0.01051
1403715400.762359619140625,0.00300,0.00017,0.00033,0.00494,0.00000,0.00154,0.00999
1403715400.812359571456909,0.00290,0.00018,0.00008,0.00468,0.00459,0.00157,0.01400
1403715400.862359046936035,0.00272,0.00020,0.00001,0.00536,0.00000,0.00179,0.01009
1403715400.912358999252319,0.00358,0.00020,0.00012,0.00514,0.00018,0.00163,0.01085
1403715400.962358713150024,0.00348,0.00018,0.00002,0.00506,0.00253,0.00158,0.01285
1403715401.012357711791992,0.00270,0.00017,0.00041,0.00552,0.00000,0.00156,0.01035
1403715401.062357187271118,0.00264,0.00018,0.00053,0.00521,0.00017,0.00146,0.01020
1403715401.112356901168823,0.00337,0.00019,0.00075,0.00479,0.00118,0.00153,0.01181
1403715401.162354707717896,0.00328,0.00019,0.01357,0.00486,0.00429,0.00148,0.02766
1403715401.212353944778442,0.00245,0.00018,0.00612,0.00541,0.00094,0.00155,0.01666
1403715401.262352943420410,0.00251,0.00016,0.00014,0.00618,0.00000,0.00153,0.01053
1403715401.312352418899536,0.00324,0.00020,0.00035,0.00609,0.00018,0.00157,0.01162
1403715401.362351417541504,0.00492,0.00020,0.00002,0.00589,0.00000,0.00170,0.01274
1403715401.412354230880737,0.00383,0.00019,0.00009,0.00409,0.00000,0.00170,0.00990
1403715401.462357759475708,0.00329,0.00021,0.00038,0.00243,0.00041,0.00153,0.00824
1403715401.512359380722046,0.00292,0.00021,0.00074,0.00201,0.00092,0.00164,0.00844
1403715401.562361478805542,0.00372,0.00016,0.00030,0.00341,0.00175,0.00157,0.01092
1403715401.612362146377563,0.00296,0.00016,0.00057,0.00440,0.00026,0.00155,0.00990
1403715401.662362337112427,0.00376,0.00018,0.00106,0.00488,0.00001,0.00162,0.01152
1403715401.712363958358765,0.00284,0.00019,0.00273,0.00434,0.00000,0.00163,0.01173
1403715401.762362241744995,0.00363,0.00017,0.00834,0.00422,0.00527,0.00156,0.02319
1403715401.812363624572754,0.00259,0.00016,0.00469,0.00471,0.00264,0.00178,0.01658
1403715401.862365484237671,0.00344,0.00016,0.00088,0.00563,0.00000,0.00164,0.01176
1403715401.912370443344116,0.00266,0.00018,0.00894,0.00524,0.00021,0.00147,0.01869
1403715401.962370395660400,0.00337,0.00019,0.00017,0.00422,0.00033,0.00161,0.00989
1403715402.012370824813843,0.00325,0.00017,0.00010,0.00460,0.00018,0.00164,0.00993
1403715402.062372684478760,0.00333,0.00017,0.00048,0.00404,0.00052,0.00161,0.01015
1403715402.112370252609253,0.00434,0.00018,0.00044,0.00483,0.00126,0.00164,0.01268
1403715402.162370443344116,0.00278,0.00017,0.00107,0.00428,0.00130,0.00159,0.01120
1403715402.212369918823242,0.00266,0.00019,0.00050,0.00433,0.00015,0.00155,0.00936
1403715402.262368679046631,0.00261,0.00018,0.00103,0.00419,0.00000,0.00156,0.00957
1403715402.312364578247070,0.00305,0.00019,0.00057,0.00383,0.00016,0.00160,0.00941
1403715402.362361431121826,0.00279,0.00017,0.00439,0.00373,0.00747,0.00152,0.02008
1403715402.412359237670898,0.00335,0.00020,0.00337,0.00447,0.00150,0.00160,0.01449
1403715402.462359666824341,0.00343,0.00018,0.00018,0.00472,0.00000,0.00152,0.01002
1403715402.512360095977783,0.00270,0.00018,0.00403,0.00417,0.00336,0.00152,0.01598
1403715402.562360286712646,0.00323,0.00016,0.00001,0.00452,0.00000,0.00166,0.00958
1403715402.612359046936035,0.00289,0.00017,0.00012,0.00401,0.00018,0.00164,0.00902
1403715402.662354707717896,0.00367,0.00017,0.00700,0.00364,0.00451,0.00166,0.02066
1403715402.712355852127075,0.00343,0.00019,0.00065,0.00378,0.00020,0.00164,0.00988
1403715402.762358665466309,0.00281,0.00017,0.00018,0.00356,0.00028,0.00153,0.00855
1403715402.812360525131226,0.00279,0.00016,0.00020,0.00348,0.00016,0.00150,0.00830
1403715402.862363815307617,0.00292,0.00016,0.00244,0.00310,0.00579,0.00155,0.01597
1403715402.912367820739746,0.00275,0.00018,0.00010,0.00387,0.00032,0.00156,0.00878
1403715402.962371826171875,0.00254,0.00021,0.00080,0.00368,0.00609,0.00144,0.01477
1403715403.012373447418213,0.00311,0.00020,0.00238,0.00468,0.00135,0.00156,0.01328
1403715403.062373161315918,0.00267,0.00020,0.00155,0.00491,0.00017,0.00156,0.01107
1403715403.112369298934937,0.00261,0.00019,0.00937,0.00471,0.00158,0.00151,0.01996
1403715403.162368774414062,0.00309,0.00018,0.00001,0.00508,0.00000,0.00156,0.00992
1403715403.212370872497559,0.00255,0.00017,0.00008,0.00507,0.00004,0.00163,0.00956
1403715403.262374877929688,0.00260,0.00018,0.00473,0.00454,0.00356,0.00160,0.01722
1403715403.312375307083130,0.00244,0.00017,0.00006,0.00491,0.00001,0.00159,0.00917
1403715403.362375974655151,0.00316,0.00020,0.00013,0.00470,0.00034,0.00153,0.01006
1403715403.412376880645752,0.00257,0.00019,0.00010,0.00492,0.00018,0.00157,0.00954
1403715403.462378501892090,0.00311,0.00021,0.00133,0.00497,0.00360,0.00155,0.01477
1403715403.512377977371216,0.00260,0.00020,0.00002,0.00565,0.00000,0.00161,0.01008
1403715403.562377452850342,0.00271,0.00020,0.00580,0.00539,0.00000,0.00151,0.01562
1403715403.612376689910889,0.00340,0.00019,0.00481,0.00499,0.00000,0.00153,0.01493
1403715403.662375926971436,0.00249,0.00019,0.00059,0.00499,0.00020,0.00160,0.01007
1403715403.712370634078979,0.00243,0.00019,0.00705,0.00491,0.00123,0.00166,0.01747
1403715403.762369871139526,0.00255,0.00019,0.00012,0.00499,0.00019,0.00158,0.00962
1403715403.812369823455811,0.00259,0.00022,0.00038,0.00497,0.00022,0.00154,0.00993
1403715403.862366914749146,0.00258,0.00019,0.00348,0.00444,0.00365,0.00152,0.01586
1403715403.912366390228271,0.00305,0.00020,0.00005,0.00536,0.00066,0.00153,0.01085
1403715403.962366580963135,0.00257,0.00018,0.00038,0.00529,0.00017,0.00185,0.01044
1403715404.012367010116577,0.00264,0.00020,0.00459,0.00538,0.00084,0.00160,0.01525
1403715404.062367200851440,0.00282,0.00019,0.00027,0.00514,0.00061,0.00160,0.01063
1403715404.112366914749146,0.00275,0.00019,0.00059,0.00498,0.00001,0.00169,0.01022
1403715404.162365913391113,0.00308,0.00018,0.00388,0.00454,0.00328,0.00143,0.01640
1403715404.212366104125977,0.00233,0.00018,0.00078,0.00469,0.00237,0.00164,0.01199
1403715404.262366056442261,0.00233,0.00018,0.00099,0.00502,0.00000,0.00151,0.01003
1403715404.312366485595703,0.00238,0.00018,0.00352,0.00468,0.00156,0.00148,0.01379
1403715404.362366676330566,0.00245,0.00019,0.00066,0.00500,0.00019,0.00157,0.01006
1403715404.412366867065430,0.00380,0.00018,0.00087,0.00481,0.00063,0.00160,0.01189
1403715404.462367773056030,0.00366,0.00020,0.00612,0.00414,0.00449,0.00156,0.02017
1403715404.512369155883789,0.00267,0.00017,0.00086,0.00435,0.00000,0.00163,0.00968
1403715404.562371015548706,0.00261,0.00018,0.00068,0.00394,0.00005,0.00163,0.00909
1403715404.612371206283569,0.00346,0.00017,0.00041,0.00374,0.00460,0.00161,0.01399
1403715404.662371635437012,0.00341,0.00017,0.00053,0.00444,0.00002,0.00157,0.01014
1403715404.712371110916138,0.00259,0.00017,0.00177,0.00394,0.00523,0.00148,0.01518
1403715404.762371778488159,0.00309,0.00017,0.00068,0.00451,0.00152,0.00154,0.01151
1403715404.812372207641602,0.00289,0.00019,0.00074,0.00481,0.00065,0.00158,0.01085
1403715404.862372636795044,0.00262,0.00017,0.00017,0.00494,0.00017,0.00154,0.00961
1403715404.912374734878540,0.00369,0.00019,0.00028,0.00494,0.00142,0.00151,0.01202
1403715404.962376832962036,0.00364,0.00018,0.00537,0.00485,0.00085,0.00158,0.01648
1403715405.012379884719849,0.00333,0.00018,0.00015,0.00462,0.00016,0.00157,0.01001
1403715405.062382459640503,0.00254,0.00019,0.00172,0.00471,0.00479,0.00150,0.01545
1403715405.112385749816895,0.00265,0.00018,0.00057,0.00562,0.00019,0.00157,0.01078
1403715405.162389278411865,0.00361,0.00019,0.00339,0.00538,0.00000,0.00160,0.01417
1403715405.212392091751099,0.00274,0.00022,0.00055,0.00489,0.00021,0.00152,0.01013
1403715405.262393951416016,0.00359,0.00018,0.00034,0.00458,0.00133,0.00159,0.01162
1403715405.312397480010986,0.00268,0.00018,0.00316,0.00339,0.00081,0.00151,0.01173
1403715405.362397432327271,0.00262,0.00021,0.00012,0.00362,0.00063,0.00154,0.00873
1403715405.412397623062134,0.00309,0.00019,0.00106,0.00285,0.00047,0.00152,0.00917
1403715405.462397336959839,0.00336,0.00016,0.00059,0.00221,0.00292,0.00158,0.01081
1403715405.512395858764648,0.00258,0.00019,0.00028,0.00277,0.00149,0.00150,0.00882
1403715405.562393665313721,0.00318,0.00014,0.00020,0.00310,0.00786,0.00167,0.01615
1403715405.612393140792847,0.00255,0.00017,0.00013,0.00402,0.00001,0.00165,0.00852
1403715405.662391424179077,0.00271,0.00018,0.00015,0.00395,0.00113,0.00165,0.00976
1403715405.712390422821045,0.00314,0.00017,0.00009,0.00419,0.00475,0.00153,0.01387
1403715405.762391090393066,0.00263,0.00018,0.00213,0.00448,0.00209,0.00151,0.01302
1403715405.812392473220825,0.00255,0.00018,0.00345,0.00389,0.00376,0.00152,0.01535
1403715405.862392902374268,0.00418,0.00021,0.00013,0.00347,0.00019,0.00156,0.00974
1403715405.912395238876343,0.00373,0.00018,0.00026,0.00304,0.00311,0.00153,0.01185
1403715405.962400197982788,0.00282,0.00020,0.00552,0.00246,0.00382,0.00146,0.01628
1403715406.012403249740601,0.00239,0.00020,0.00027,0.00287,0.00010,0.00153,0.00736
1403715406.062405586242676,0.00271,0.00018,0.00030,0.00207,0.00068,0.00147,0.00741
1403715406.112407445907593,0.00262,0.00018,0.00027,0.00244,0.00449,0.00159,0.01161
1403715406.162410020828247,0.00310,0.00018,0.00025,0.00204,0.00238,0.00152,0.00947
1403715406.212409019470215,0.00268,0.00017,0.00022,0.00162,0.00023,0.00146,0.00639
1403715406.262409687042236,0.00251,0.00017,0.00025,0.00067,0.00113,0.00147,0.00620
1403715406.312409639358521,0.00281,0.00017,0.00012,0.00053,0.00034,0.00156,0.00553
1403715406.362409353256226,0.00280,0.00015,0.00027,0.00047,0.00069,0.00155,0.00593
1403715406.412405014038086,0.00264,0.00014,0.00065,0.00037,0.00921,0.00155,0.01456
1403715406.462403774261475,0.00272,0.00014,0.00010,0.00082,0.00002,0.00151,0.00531
1403715406.512402772903442,0.00340,0.00013,0.00005,0.00047,0.00000,0.00159,0.00564
1403715406.562397718429565,0.00283,0.00013,0.00035,0.00027,0.00601,0.00156,0.01115
1403715406.612397909164429,0.00262,0.00015,0.00026,0.00058,0.00047,0.00152,0.00560
1403715406.662398338317871,0.00268,0.00013,0.00021,0.00091,0.00018,0.00151,0.00562
1403715406.712398767471313,0.00280,0.00014,0.00053,0.00071,0.00131,0.00156,0.00706
1403715406.762399196624756,0.00235,0.00014,0.00010,0.00087,0.00173,0.00150,0.00670
1403715406.812399387359619,0.00253,0.00014,0.00008,0.00096,0.00019,0.00148,0.00538
1403715406.862401247024536,0.00243,0.00014,0.00018,0.00088,0.00707,0.00156,0.01227
1403715406.912401199340820,0.00310,0.00015,0.00039,0.00168,0.00093,0.00152,0.00777
1403715406.962401866912842,0.00262,0.00016,0.00042,0.00162,0.00467,0.00160,0.01109
1403715407.012403488159180,0.00275,0.00017,0.00024,0.00202,0.00656,0.00154,0.01327
1403715407.062406063079834,0.00326,0.00020,0.00186,0.00235,0.00829,0.00162,0.01758
1403715407.112407684326172,0.00267,0.00016,0.00022,0.00243,0.00015,0.00152,0.00715
1403715407.162410736083984,0.00261,0.00017,0.00066,0.00222,0.00261,0.00148,0.00976
1403715407.212413787841797,0.00266,0.00015,0.00035,0.00260,0.00358,0.00146,0.01081
1403715407.262416601181030,0.00277,0.00018,0.00145,0.00269,0.00152,0.00152,0.01012
1403715407.312418460845947,0.00240,0.00017,0.00010,0.00294,0.00057,0.00144,0.00762
1403715407.362419128417969,0.00262,0.00016,0.00016,0.00240,0.00107,0.00152,0.00792
1403715407.412418603897095,0.00228,0.00016,0.00012,0.00170,0.00053,0.00152,0.00631
1403715407.462417602539062,0.00242,0.00015,0.00023,0.00164,0.00343,0.00151,0.00938
1403715407.512418270111084,0.00329,0.00019,0.00090,0.00156,0.00015,0.00157,0.00766
1403715407.562420129776001,0.00364,0.00016,0.00052,0.00171,0.00003,0.00155,0.00762
1403715407.612422943115234,0.00336,0.00018,0.00122,0.00141,0.00164,0.00147,0.00927
1403715407.662424087524414,0.00331,0.00015,0.00054,0.00155,0.00146,0.00150,0.00852
1403715407.712425708770752,0.00380,0.00016,0.00015,0.00144,0.00011,0.00143,0.00708
1403715407.762426376342773,0.00363,0.00014,0.00047,0.00097,0.00024,0.00145,0.00691
1403715407.812427997589111,0.00440,0.00015,0.00092,0.00089,0.00105,0.00144,0.00886
1403715407.862427234649658,0.00400,0.00015,0.00042,0.00058,0.00053,0.00143,0.00711
1403715407.912426471710205,0.00395,0.00014,0.00024,0.00033,0.00139,0.00145,0.00749
1403715407.962426424026489,0.00346,0.00014,0.00023,0.00014,0.00002,0.00147,0.00546
1403715408.012426137924194,0.00360,0.00014,0.00061,0.00009,0.00002,0.00141,0.00588
1403715408.062426328659058,0.00489,0.00013,0.00082,0.00006,0.00065,0.00142,0.00797
1403715408.112426280975342,0.00720,0.00014,0.00039,0.00006,0.00000,0.00146,0.00926
1403715408.162425994873047,0.00550,0.00011,0.00022,0.00005,0.00000,0.00145,0.00734
1403715408.212425947189331,0.00809,0.00013,0.00051,0.00004,0.00046,0.00150,0.01073
1403715408.262425661087036,0.00457,0.00012,0.00026,0.00005,0.00000,0.00148,0.00647
1403715408.312425851821899,0.00375,0.00010,0.00014,0.00005,0.00086,0.00157,0.00646
1403715408.362426280975342,0.00314,0.00014,0.00021,0.00004,0.00018,0.00147,0.00520
1403715408.412426948547363,0.00356,0.00011,0.00062,0.00004,0.00045,0.00143,0.00622
1403715408.462427854537964,0.00345,0.00013,0.00028,0.00005,0.00077,0.00146,0.00614
1403715408.512427806854248,0.00344,0.00012,0.00019,0.00009,0.00111,0.00148,0.00644
1403715408.562428474426270,0.00332,0.00014,0.00117,0.00016,0.00412,0.00157,0.01048
1403715408.612428188323975,0.00366,0.00014,0.00036,0.00040,0.00262,0.00156,0.00873
1403715408.662427902221680,0.00265,0.00013,0.00029,0.00052,0.00202,0.00148,0.00709
1403715408.712427854537964,0.00330,0.00015,0.00018,0.00076,0.00301,0.00154,0.00894
1403715408.762427568435669,0.00267,0.00012,0.00007,0.00091,0.00016,0.00152,0.00545
1403715408.812427043914795,0.00293,0.00015,0.00016,0.00093,0.00163,0.00148,0.00730
1403715408.862423896789551,0.00304,0.00013,0.00015,0.00112,0.00468,0.00155,0.01068
1403715408.912424564361572,0.00321,0.00014,0.00096,0.00116,0.00368,0.00148,0.01063
1403715408.962424755096436,0.00332,0.00016,0.00052,0.00180,0.00273,0.00167,0.01020
1403715409.012425899505615,0.00248,0.00016,0.00031,0.00224,0.00209,0.00154,0.00883
1403715409.062428712844849,0.00243,0.00016,0.00066,0.00232,0.00670,0.00149,0.01377
1403715409.112429857254028,0.00301,0.00017,0.00089,0.00231,0.00483,0.00154,0.01275
1403715409.162430524826050,0.00245,0.00019,0.00008,0.00303,0.00219,0.00152,0.00946
1403715409.212431192398071,0.00308,0.00017,0.00050,0.00246,0.00026,0.00147,0.00793
1403715409.262432813644409,0.00266,0.00016,0.00083,0.00246,0.00269,0.00150,0.01032
1403715409.312434911727905,0.00260,0.00017,0.00091,0.00208,0.00123,0.00143,0.00841
1403715409.362436056137085,0.00298,0.00015,0.00028,0.00163,0.00228,0.00147,0.00879
1403715409.412434339523315,0.00307,0.00018,0.00045,0.00150,0.00018,0.00148,0.00686
1403715409.462433338165283,0.00253,0.00018,0.00059,0.00130,0.00213,0.00149,0.00822
1403715409.512431383132935,0.00285,0.00015,0.00040,0.00166,0.00342,0.00148,0.00997
1403715409.562430381774902,0.00257,0.00017,0.00062,0.00185,0.00022,0.00144,0.00687
1403715409.612432718276978,0.00303,0.00015,0.00024,0.00209,0.00086,0.00148,0.00786
1403715409.662434577941895,0.00275,0.00019,0.00018,0.00302,0.00181,0.00168,0.00964
1403715409.712435722351074,0.00250,0.00015,0.00005,0.00308,0.00015,0.00156,0.00748
1403715409.762437582015991,0.00268,0.00015,0.00015,0.00307,0.00055,0.00156,0.00815
1403715409.812437534332275,0.00260,0.00014,0.00002,0.00282,0.00028,0.00153,0.00739
1403715409.862436771392822,0.00252,0.00014,0.00001,0.00270,0.00184,0.00156,0.00877
1403715409.912435770034790,0.00359,0.00017,0.00003,0.00278,0.00526,0.00168,0.01350
1403715409.962436199188232,0.00262,0.00021,0.00034,0.00329,0.00590,0.00163,0.01399
1403715410.012434482574463,0.00262,0.00020,0.00097,0.00381,0.00114,0.00161,0.01037
1403715410.062428951263428,0.00235,0.00018,0.00021,0.00386,0.00469,0.00157,0.01285
1403715410.112422466278076,0.00244,0.00017,0.00028,0.00426,0.00233,0.00159,0.01107
1403715410.162414789199829,0.00233,0.00021,0.00599,0.00467,0.00314,0.00152,0.01786
1403715410.212411642074585,0.00259,0.00017,0.00070,0.00516,0.00017,0.00156,0.01035
1403715410.262409448623657,0.00234,0.00019,0.00416,0.00529,0.00000,0.00153,0.01351
1403715410.312411308288574,0.00236,0.00021,0.00045,0.00513,0.00124,0.00154,0.01093
1403715410.362415790557861,0.00309,0.00019,0.00069,0.00556,0.00003,0.00155,0.01112
1403715410.412419795989990,0.00270,0.00020,0.00021,0.00526,0.00065,0.00164,0.01066
1403715410.462424039840698,0.00260,0.00019,0.00770,0.00541,0.00149,0.00164,0.01904
1403715410.512426137924194,0.00321,0.00019,0.00001,0.00587,0.00000,0.00165,0.01094
1403715410.562426805496216,0.00260,0.00021,0.00118,0.00568,0.00000,0.00165,0.01134
1403715410.612426757812500,0.00252,0.00019,0.00002,0.00573,0.00004,0.00168,0.01018
1403715410.662426710128784,0.00250,0.00019,0.00002,0.00573,0.00005,0.00160,0.01009
1403715410.712425947189331,0.00318,0.00020,0.00002,0.00573,0.00000,0.00167,0.01081
1403715410.762427806854248,0.00253,0.00021,0.00520,0.00566,0.00004,0.00160,0.01523
1403715410.812428951263428,0.00328,0.00021,0.00014,0.00560,0.00003,0.00160,0.01087
1403715410.862430334091187,0.00254,0.00022,0.00351,0.00550,0.00003,0.00159,0.01339
1403715410.912430524826050,0.00267,0.00017,0.00502,0.00541,0.00003,0.00154,0.01484
1403715410.962425470352173,0.00250,0.00015,0.00004,0.00546,0.00000,0.00162,0.00978
1403715411.012421131134033,0.00257,0.00017,0.00003,0.00512,0.00004,0.00167,0.00959
1403715411.062416791915894,0.00252,0.00021,0.00601,0.00504,0.00243,0.00156,0.01776
1403715411.112414598464966,0.00259,0.00016,0.00010,0.00524,0.00019,0.00155,0.00982
1403715411.162412881851196,0.00251,0.00018,0.00005,0.00552,0.00003,0.00161,0.00990
1403715411.212413549423218,0.00308,0.00019,0.00011,0.00541,0.00020,0.00162,0.01061
1403715411.262414216995239,0.00259,0.00019,0.00010,0.00545,0.00130,0.00165,0.01128
1403715411.312415599822998,0.00280,0.00019,0.00030,0.00542,0.00000,0.00167,0.01039
1403715411.362416982650757,0.00335,0.00019,0.00424,0.00533,0.00242,0.00150,0.01704
1403715411.412418842315674,0.00251,0.00018,0.00002,0.00599,0.00004,0.00152,0.01025
1403715411.462420940399170,0.00254,0.00019,0.00333,0.00596,0.00003,0.00157,0.01362
1403715411.512418270111084,0.00268,0.00018,0.00438,0.00594,0.00003,0.00153,0.01474
1403715411.562416076660156,0.00284,0.00047,0.00002,0.00603,0.00000,0.00180,0.01116
1403715411.612413883209229,0.00288,0.00017,0.00002,0.00604,0.00004,0.00163,0.01078
1403715411.662410497665405,0.00276,0.00019,0.00531,0.00769,0.00177,0.00182,0.01954
1403715411.712410211563110,0.00248,0.00017,0.00064,0.00640,0.00000,0.00156,0.01126
1403715411.762409448623657,0.00263,0.00019,0.00617,0.00616,0.00000,0.00164,0.01678
1403715411.812409639358521,0.00254,0.00024,0.00005,0.00623,0.00000,0.00161,0.01068
1403715411.862409591674805,0.00252,0.00018,0.00001,0.00623,0.00000,0.00151,0.01047
1403715411.912409782409668,0.00233,0.00021,0.00001,0.00627,0.00000,0.00151,0.01033
1403715411.962409496307373,0.00229,0.00023,0.00420,0.00619,0.00000,0.00152,0.01444
1403715412.012409687042236,0.00254,0.00019,0.00005,0.00628,0.00000,0.00159,0.01065
1403715412.062409877777100,0.00249,0.00021,0.00337,0.00615,0.00000,0.00158,0.01381
1403715412.112409114837646,0.00239,0.00022,0.00381,0.00615,0.00000,0.00160,0.01417
1403715412.162409067153931,0.00230,0.00025,0.00002,0.00625,0.00000,0.00163,0.01045
1403715412.212409257888794,0.00230,0.00021,0.00005,0.00621,0.00000,0.00166,0.01044
1403715412.262409687042236,0.00220,0.00023,0.00524,0.00614,0.00000,0.00169,0.01551
1403715412.312410116195679,0.00223,0.00020,0.00001,0.00621,0.00000,0.00156,0.01022
1403715412.362410306930542,0.00223,0.00017,0.00562,0.00616,0.00000,0.00161,0.01581
1403715412.412410736083984,0.00234,0.00019,0.00005,0.00623,0.00000,0.00154,0.01036
1403715412.462410926818848,0.00259,0.00021,0.00002,0.00631,0.00000,0.00151,0.01064
1403715412.512410879135132,0.00258,0.00019,0.00001,0.00624,0.00000,0.00162,0.01065
1403715412.562411785125732,0.00331,0.00019,0.00423,0.00614,0.00000,0.00154,0.01541
1403715412.612411737442017,0.00320,0.00022,0.00006,0.00611,0.00000,0.00157,0.01116
1403715412.662412166595459,0.00311,0.00020,0.00326,0.00576,0.00000,0.00159,0.01393
1403715412.712411642074585,0.00257,0.00020,0.00337,0.00577,0.00000,0.00157,0.01349
1403715412.762413024902344,0.00246,0.00019,0.00011,0.00593,0.00002,0.00166,0.01036
1403715412.812413454055786,0.00323,0.00020,0.00002,0.00601,0.00004,0.00162,0.01111
1403715412.862414121627808,0.00304,0.00017,0.00484,0.00581,0.00126,0.00162,0.01674
1403715412.912414312362671,0.00234,0.00020,0.00001,0.00604,0.00000,0.00160,0.01019
1403715412.962414264678955,0.00250,0.00018,0.00507,0.00604,0.00000,0.00154,0.01534
1403715413.012414216995239,0.00248,0.00019,0.00005,0.00601,0.00000,0.00154,0.01028
1403715413.062415122985840,0.00247,0.00020,0.00001,0.00604,0.00000,0.00157,0.01030
1403715413.112415075302124,0.00311,0.00022,0.00002,0.00604,0.00000,0.00147,0.01086
1403715413.162415742874146,0.00269,0.00016,0.00411,0.00592,0.00000,0.00156,0.01445
1403715413.212416410446167,0.00251,0.00020,0.00005,0.00619,0.00000,0.00156,0.01052
1403715413.262417793273926,0.00272,0.00018,0.00335,0.00605,0.00000,0.00161,0.01392
1403715413.312419652938843,0.00241,0.00019,0.00260,0.00597,0.00000,0.00153,0.01271
1403715413.362420082092285,0.00232,0.00019,0.00010,0.00573,0.00130,0.00158,0.01124
1403715413.412420272827148,0.00225,0.00019,0.00005,0.00584,0.00000,0.00148,0.00981
1403715413.462420701980591,0.00387,0.00023,0.00407,0.00557,0.00031,0.00158,0.01563
1403715413.512420654296875,0.00270,0.00020,0.00005,0.00633,0.00000,0.00152,0.01080
1403715413.562421798706055,0.00269,0.00020,0.00593,0.00610,0.00000,0.00154,0.01645
1403715413.612422943115234,0.00269,0.00021,0.00091,0.00585,0.00000,0.00153,0.01119
1403715413.662422895431519,0.00353,0.00021,0.00019,0.00595,0.00000,0.00161,0.01150
1403715413.712423801422119,0.00318,0.00021,0.00010,0.00594,0.00003,0.00152,0.01099
1403715413.762424230575562,0.00293,0.00020,0.00381,0.00541,0.00127,0.00166,0.01528
1403715413.812423467636108,0.00372,0.00021,0.00104,0.00485,0.00017,0.00167,0.01166
1403715413.862423419952393,0.00275,0.00017,0.00226,0.00468,0.00305,0.00164,0.01456
1403715413.912422895431519,0.00271,0.00018,0.00322,0.00476,0.00004,0.00163,0.01254
1403715413.962422847747803,0.00273,0.00018,0.00065,0.00428,0.00000,0.00157,0.00941
1403715414.012423515319824,0.00385,0.00017,0.00325,0.00400,0.00294,0.00166,0.01588
1403715414.062423944473267,0.00296,0.00021,0.00025,0.00438,0.00076,0.00152,0.01008
1403715414.112424373626709,0.00292,0.00022,0.00012,0.00445,0.00000,0.00156,0.00928
1403715414.162424087524414,0.00270,0.00018,0.00004,0.00411,0.00420,0.00157,0.01281
1403715414.212424755096436,0.00280,0.00019,0.00329,0.00422,0.00026,0.00159,0.01235
1403715414.262424945831299,0.00265,0.00019,0.00036,0.00446,0.00001,0.00156,0.00923
1403715414.312424659729004,0.00338,0.00021,0.00011,0.00431,0.00129,0.00173,0.01103
1403715414.362424373626709,0.00331,0.00018,0.00040,0.00432,0.00305,0.00160,0.01286
1403715414.412422180175781,0.00326,0.00016,0.00002,0.00499,0.00005,0.00163,0.01011
1403715414.462421417236328,0.00254,0.00017,0.00002,0.00497,0.00124,0.00158,0.01051
1403715414.512421607971191,0.00322,0.00016,0.00002,0.00527,0.00009,0.00158,0.01035
1403715414.562420845031738,0.00255,0.00024,0.00410,0.00523,0.00129,0.00167,0.01509
1403715414.612420558929443,0.00256,0.00017,0.00238,0.00549,0.00038,0.00152,0.01251
1403715414.662420272827148,0.00257,0.00026,0.00001,0.00555,0.00000,0.00160,0.00998
1403715414.712419986724854,0.00248,0.00018,0.00012,0.00544,0.00000,0.00165,0.00987
1403715414.762419462203979,0.00266,0.00020,0.00001,0.00533,0.00022,0.00156,0.00999
1403715414.812419652938843,0.00270,0.00019,0.00353,0.00502,0.00096,0.00149,0.01389
1403715414.862419128417969,0.00268,0.00017,0.00001,0.00513,0.00012,0.00158,0.00971
1403715414.912418365478516,0.00252,0.00018,0.00029,0.00498,0.00000,0.00163,0.00960
1403715414.962418556213379,0.00253,0.00018,0.00018,0.00470,0.00001,0.00165,0.00924
1403715415.012418270111084,0.00486,0.00018,0.00005,0.00448,0.00021,0.00164,0.01142
1403715415.062418222427368,0.00380,0.00021,0.00028,0.00405,0.00004,0.00155,0.00993
1403715415.112417697906494,0.00374,0.00018,0.00004,0.00389,0.00004,0.00170,0.00960
1403715415.162416934967041,0.00289,0.00021,0.00094,0.00353,0.00135,0.00150,0.01041
1403715415.212417125701904,0.00277,0.00016,0.00010,0.00284,0.00155,0.00162,0.00903
1403715415.262418031692505,0.00280,0.00018,0.00050,0.00234,0.00026,0.00155,0.00763
1403715415.312418699264526,0.00259,0.00018,0.00042,0.00199,0.00043,0.00148,0.00709
1403715415.362418651580811,0.00350,0.00017,0.00018,0.00199,0.00034,0.00151,0.00767
1403715415.412418603897095,0.00275,0.00019,0.00032,0.00216,0.00216,0.00156,0.00915
1403715415.462418317794800,0.00259,0.00015,0.00024,0.00197,0.00020,0.00153,0.00669
1403715415.512417554855347,0.00245,0.00018,0.00006,0.00183,0.00000,0.00158,0.00610
1403715415.562416791915894,0.00238,0.00015,0.00047,0.00140,0.00230,0.00157,0.00827
1403715415.612416267395020,0.00241,0.00014,0.00009,0.00052,0.00015,0.00155,0.00487
1403715415.662416219711304,0.00227,0.00013,0.00018,0.00025,0.00019,0.00153,0.00456
1403715415.712416410446167,0.00270,0.00012,0.00028,0.00021,0.00022,0.00160,0.00513
1403715415.762416124343872,0.00407,0.00014,0.00011,0.00026,0.00157,0.00163,0.00778
1403715415.812415122985840,0.00292,0.00015,0.00007,0.00039,0.00057,0.00165,0.00576
1403715415.862414836883545,0.00313,0.00015,0.00006,0.00033,0.00002,0.00174,0.00543
1403715415.912414550781250,0.00284,0.00012,0.00004,0.00021,0.00185,0.00178,0.00685
1403715415.962414741516113,0.00279,0.00015,0.00006,0.00018,0.00012,0.00169,0.00500
1403715416.012414693832397,0.00286,0.00012,0.00003,0.00020,0.00179,0.00166,0.00666
1403715416.062414646148682,0.00286,0.00013,0.00008,0.00018,0.00034,0.00170,0.00529
1403715416.112414836883545,0.00270,0.00014,0.00001,0.00033,0.00000,0.00174,0.00492
1403715416.162414789199829,0.00282,0.00014,0.00004,0.00026,0.00166,0.00171,0.00663
1403715416.212415456771851,0.00283,0.00013,0.00003,0.00029,0.00021,0.00175,0.00523
1403715416.262415170669556,0.00279,0.00012,0.00004,0.00023,0.00013,0.00168,0.00499
1403715416.312415361404419,0.00267,0.00013,0.00018,0.00019,0.00332,0.00172,0.00820
1403715416.362415552139282,0.00267,0.00012,0.00007,0.00018,0.00119,0.00174,0.00597
1403715416.412415504455566,0.00270,0.00014,0.00006,0.00026,0.00073,0.00169,0.00558
1403715416.462415218353271,0.00274,0.00011,0.00001,0.00037,0.00005,0.00172,0.00499
1403715416.512415170669556,0.00264,0.00013,0.00005,0.00017,0.00182,0.00172,0.00653
1403715416.562415122985840,0.00266,0.00013,0.00001,0.00025,0.00005,0.00177,0.00487
1403715416.612415313720703,0.00279,0.00013,0.00006,0.00016,0.00152,0.00175,0.00641
1403715416.662415027618408,0.00268,0.00013,0.00002,0.00035,0.00009,0.00169,0.00497
1403715416.712414979934692,0.00267,0.00014,0.00005,0.00025,0.00017,0.00172,0.00500
1403715416.762415170669556,0.00345,0.00014,0.00001,0.00035,0.00146,0.00175,0.00716
1403715416.812415361404419,0.00273,0.00013,0.00005,0.00031,0.00029,0.00171,0.00522
1403715416.862415552139282,0.00262,0.00012,0.00001,0.00046,0.00003,0.00173,0.00498
1403715416.912415266036987,0.00273,0.00012,0.00010,0.00044,0.00285,0.00171,0.00796
1403715416.962415218353271,0.00343,0.00014,0.00003,0.00043,0.00098,0.00177,0.00677
1403715417.012415170669556,0.00264,0.00011,0.00001,0.00051,0.00058,0.00178,0.00562
1403715417.062415599822998,0.00263,0.00014,0.00001,0.00051,0.00005,0.00178,0.00512
1403715417.112415552139282,0.00331,0.00014,0.00001,0.00052,0.00164,0.00172,0.00734
1403715417.162415742874146,0.00269,0.00013,0.00001,0.00050,0.00005,0.00177,0.00515
1403715417.212415933609009,0.00280,0.00013,0.00001,0.00050,0.00164,0.00170,0.00678
1403715417.262415885925293,0.00281,0.00014,0.00001,0.00052,0.00000,0.00175,0.00523
1403715417.312416076660156,0.00258,0.00014,0.00001,0.00053,0.00000,0.00175,0.00501
1403715417.362416505813599,0.00349,0.00013,0.00004,0.00051,0.00213,0.00177,0.00808
1403715417.412416458129883,0.00248,0.00013,0.00001,0.00060,0.00007,0.00165,0.00495
1403715417.462416410446167,0.00249,0.00014,0.00001,0.00059,0.00003,0.00166,0.00493
1403715417.512416601181030,0.00239,0.00012,0.00018,0.00054,0.00457,0.00167,0.00947
1403715417.562417030334473,0.00246,0.00015,0.00001,0.00086,0.00208,0.00157,0.00714
1403715417.612417221069336,0.00244,0.00016,0.00004,0.00090,0.00183,0.00158,0.00695
1403715417.662417411804199,0.00241,0.00013,0.00001,0.00119,0.00005,0.00158,0.00538
1403715417.712417602539062,0.00269,0.00015,0.00005,0.00116,0.00378,0.00163,0.00946
1403715417.762417793273926,0.00279,0.00014,0.00005,0.00156,0.00015,0.00162,0.00630
1403715417.812418222427368,0.00275,0.00013,0.00001,0.00173,0.00085,0.00158,0.00705
1403715417.862418174743652,0.00282,0.00013,0.00001,0.00173,0.00000,0.00159,0.00628
1403715417.912418127059937,0.00283,0.00015,0.00001,0.00173,0.00000,0.00163,0.00636
1403715417.962418317794800,0.00370,0.00015,0.00002,0.00173,0.00330,0.00168,0.01057
1403715418.012418270111084,0.00287,0.00014,0.00001,0.00224,0.00008,0.00160,0.00694
1403715418.062418460845947,0.00358,0.00015,0.00002,0.00229,0.00004,0.00172,0.00780
1403715418.112418651580811,0.00363,0.00014,0.00065,0.00223,0.00251,0.00166,0.01082
1403715418.162418603897095,0.00365,0.00013,0.00001,0.00253,0.00126,0.00164,0.00922
1403715418.212418556213379,0.00278,0.00014,0.00001,0.00256,0.00023,0.00160,0.00732
1403715418.262418508529663,0.00338,0.00016,0.00001,0.00257,0.00005,0.00172,0.00789
1403715418.312418699264526,0.00265,0.00016,0.00002,0.00256,0.00122,0.00160,0.00821
1403715418.362418651580811,0.00345,0.00014,0.00001,0.00262,0.00005,0.00169,0.00797
1403715418.412418603897095,0.00343,0.00014,0.00002,0.00263,0.00084,0.00162,0.00867
1403715418.462418556213379,0.00277,0.00014,0.00001,0.00257,0.00000,0.00160,0.00710
1403715418.512418508529663,0.00308,0.00014,0.00001,0.00257,0.00000,0.00158,0.00739
1403715418.562418699264526,0.00370,0.00015,0.00007,0.00262,0.00079,0.00168,0.00902
1403715418.612418651580811,0.00284,0.00016,0.00002,0.00256,0.00008,0.00164,0.00728
1403715418.662418603897095,0.00319,0.00015,0.00001,0.00254,0.00004,0.00168,0.00762
1403715418.712418556213379,0.00321,0.00015,0.00059,0.00251,0.00150,0.00163,0.00959
1403715418.762418508529663,0.00272,0.00016,0.00001,0.00250,0.00040,0.00155,0.00734
1403715418.812418699264526,0.00325,0.00013,0.00001,0.00246,0.00024,0.00171,0.00780
