# timestamp (sec),tracking,propagation,msckf update,slam update,slam delayed,re-tri & marg,total
1403715278.863872766494751,0.00894,0.00009,0.00035,0.00000,0.00000,0.00253,0.01192
1403715278.910355567932129,0.00836,0.00011,0.00368,0.00000,0.00691,0.00209,0.02115
1403715278.959035396575928,0.00918,0.00012,0.00068,0.00207,0.00000,0.00218,0.01423
1403715279.006997346878052,0.00881,0.00012,0.00007,0.00197,0.00000,0.00242,0.01340
1403715279.055640459060669,0.00909,0.00011,0.00003,0.00219,0.00000,0.00248,0.01389
1403715279.105610609054565,0.00754,0.00015,0.00041,0.00210,0.00000,0.00225,0.01245
1403715279.155989885330200,0.00733,0.00013,0.00050,0.00210,0.00011,0.00219,0.01236
1403715279.206655740737915,0.00740,0.00014,0.00060,0.00233,0.00000,0.00219,0.01266
1403715279.256999254226685,0.00717,0.00012,0.00001,0.00229,0.00471,0.00291,0.01721
1403715279.305187225341797,0.00713,0.00012,0.00001,0.00285,0.00418,0.00238,0.01668
1403715279.353539228439331,0.00740,0.00013,0.00001,0.00330,0.00126,0.00256,0.01466
1403715279.402153015136719,0.00896,0.00013,0.00001,0.00328,0.01001,0.00241,0.02480
1403715279.451475143432617,0.00768,0.00016,0.00007,0.00430,0.00021,0.00271,0.01512
1403715279.500986099243164,0.00803,0.00026,0.01128,0.00350,0.00129,0.00234,0.02671
1403715279.549660444259644,0.00814,0.00015,0.00012,0.00371,0.00043,0.00224,0.01479
1403715279.599402666091919,0.00908,0.00013,0.00129,0.00377,0.00169,0.00223,0.01819
1403715279.649500608444214,0.00782,0.00013,0.00008,0.00555,0.00001,0.00218,0.01577
1403715279.699434280395508,0.00906,0.00015,0.00007,0.00548,0.00018,0.00241,0.01735
1403715279.749329090118408,0.00756,0.00023,0.00001,0.00586,0.00000,0.00227,0.01594
1403715279.799474239349365,0.00813,0.00024,0.00006,0.00566,0.00000,0.00204,0.01613
1403715279.849516391754150,0.00715,0.00024,0.00005,0.00564,0.00000,0.00226,0.01535
1403715279.899610996246338,0.00714,0.00015,0.00065,0.00559,0.00000,0.00207,0.01560
1403715279.949390649795532,0.00739,0.00018,0.00139,0.00619,0.00004,0.00227,0.01747
1403715280.001111745834351,0.00762,0.00015,0.00001,0.00547,0.00000,0.00239,0.01565
1403715280.052326202392578,0.00788,0.00015,0.00009,0.00504,0.00015,0.00236,0.01568
1403715280.103826284408569,0.00801,0.00016,0.00984,0.00508,0.00006,0.00234,0.02550
1403715280.154983997344971,0.00830,0.00015,0.00013,0.00520,0.00037,0.00221,0.01635
1403715280.206219911575317,0.01009,0.00016,0.00114,0.00532,0.00006,0.00225,0.01902
1403715280.256579637527466,0.00849,0.00015,0.00022,0.00510,0.00000,0.00204,0.01601
1403715280.307091474533081,0.00945,0.00016,0.00001,0.00513,0.00000,0.00235,0.01710
1403715280.357046365737915,0.00891,0.00015,0.00001,0.00527,0.00000,0.00232,0.01666
1403715280.406660318374634,0.00878,0.00015,0.00001,0.00523,0.00000,0.00244,0.01661
1403715280.456143617630005,0.00762,0.00014,0.00043,0.00521,0.00000,0.00241,0.01581
1403715280.505917787551880,0.00797,0.00014,0.00006,0.00497,0.00000,0.00208,0.01523
1403715280.555496454238892,0.00832,0.00015,0.00101,0.00492,0.00079,0.00260,0.01779
1403715280.605772495269775,0.00976,0.00018,0.00048,0.00199,0.00335,0.00208,0.01785
1403715280.656139135360718,0.00863,0.00014,0.00054,0.00175,0.00028,0.00213,0.01347
1403715280.706838369369507,0.00749,0.00017,0.00869,0.00238,0.00373,0.00207,0.02454
1403715280.756942749023438,0.00838,0.00017,0.00196,0.00481,0.00124,0.00211,0.01867
1403715280.806959152221680,0.00801,0.00016,0.00059,0.00490,0.00107,0.00226,0.01699
1403715280.856906652450562,0.00794,0.00014,0.00011,0.00507,0.00000,0.00186,0.01512
1403715280.906950950622559,0.00924,0.00014,0.00132,0.00489,0.00000,0.00218,0.01778
1403715280.957169532775879,0.00760,0.00014,0.00028,0.00422,0.00194,0.00225,0.01642
1403715281.007117271423340,0.00927,0.00016,0.00023,0.00372,0.00000,0.00210,0.01548
1403715281.057033061981201,0.00780,0.00020,0.00008,0.00169,0.00029,0.00217,0.01224
1403715281.107162475585938,0.00885,0.00014,0.00014,0.00115,0.00025,0.00194,0.01248
1403715281.157414197921753,0.00712,0.00020,0.00056,0.00167,0.00282,0.00209,0.01448
1403715281.207603693008423,0.00789,0.00014,0.00089,0.00454,0.00000,0.00252,0.01598
1403715281.257781028747559,0.00926,0.00014,0.00004,0.00347,0.00000,0.00247,0.01538
1403715281.308275699615479,0.00923,0.00014,0.00469,0.00197,0.00900,0.00240,0.02742
1403715281.358622312545776,0.00823,0.00018,0.00116,0.00190,0.00131,0.00190,0.01468
1403715281.408734321594238,0.00804,0.00015,0.00028,0.00348,0.00157,0.00230,0.01582
1403715281.458693265914917,0.00940,0.00017,0.00626,0.00509,0.00247,0.00229,0.02568
1403715281.508638143539429,0.00959,0.00012,0.00008,0.00306,0.00000,0.00224,0.01509
1403715281.558542728424072,0.00975,0.00017,0.00032,0.00157,0.00079,0.00221,0.01481
1403715281.608633279800415,0.00770,0.00015,0.00035,0.00122,0.00103,0.00201,0.01246
1403715281.658641576766968,0.00778,0.00015,0.00556,0.00281,0.00422,0.00221,0.02272
1403715281.708644628524780,0.00766,0.00019,0.00063,0.00465,0.00000,0.00213,0.01526
1403715281.758665561676025,0.01169,0.00014,0.00029,0.00454,0.00000,0.00225,0.01892
1403715281.808640718460083,0.00913,0.00014,0.00012,0.00406,0.00001,0.00248,0.01594
1403715281.858670711517334,0.00784,0.00014,0.00031,0.00383,0.00000,0.00224,0.01436
1403715281.908600568771362,0.00783,0.00010,0.00011,0.00382,0.00807,0.00250,0.02243
1403715281.958594322204590,0.00795,0.00015,0.00004,0.00516,0.00000,0.00230,0.01559
1403715282.008686780929565,0.00774,0.00014,0.00001,0.00516,0.00003,0.00225,0.01533
1403715282.058712005615234,0.00839,0.00015,0.00465,0.00483,0.00355,0.00240,0.02395
1403715282.108745813369751,0.00860,0.00015,0.00011,0.00559,0.00032,0.00233,0.01709
1403715282.158829927444458,0.00883,0.00016,0.00064,0.00422,0.00000,0.00240,0.01624
1403715282.208781957626343,0.00770,0.00016,0.00001,0.00312,0.00000,0.00240,0.01340
1403715282.258948087692261,0.00803,0.00014,0.00564,0.00292,0.00132,0.00239,0.02045
1403715282.309011459350586,0.00791,0.00015,0.01095,0.00476,0.00235,0.00234,0.02846
1403715282.358833551406860,0.00805,0.00012,0.00001,0.00576,0.00000,0.00234,0.01629
1403715282.408661603927612,0.00791,0.00016,0.00019,0.00162,0.00001,0.00216,0.01204
1403715282.458682775497437,0.00763,0.00014,0.00023,0.00060,0.00057,0.00230,0.01147
1403715282.508687496185303,0.00643,0.00017,0.00068,0.00054,0.00308,0.00221,0.01311
1403715282.558699846267700,0.00877,0.00015,0.00026,0.00326,0.00079,0.00260,0.01584
1403715282.608643770217896,0.01031,0.00015,0.00012,0.00395,0.00004,0.00219,0.01675
1403715282.658635139465332,0.00858,0.00010,0.00037,0.00377,0.00692,0.00278,0.02253
1403715282.708699941635132,0.01117,0.00015,0.00052,0.00476,0.00000,0.00264,0.01925
1403715282.758702278137207,0.00822,0.00015,0.00001,0.00497,0.00000,0.00286,0.01622
1403715282.808609485626221,0.00894,0.00019,0.00010,0.00484,0.00018,0.00281,0.01708
1403715282.858573913574219,0.00826,0.00016,0.00472,0.00490,0.00239,0.00299,0.02342
1403715282.908622264862061,0.01083,0.00018,0.00887,0.00522,0.00252,0.00231,0.02994
1403715282.958600997924805,0.00974,0.00018,0.00037,0.00524,0.00000,0.00292,0.01845
1403715283.008595466613770,0.00895,0.00012,0.00007,0.00524,0.00000,0.00234,0.01672
1403715283.058551073074341,0.00771,0.00024,0.00024,0.00504,0.00003,0.00284,0.01610
1403715283.108642339706421,0.00926,0.00017,0.00010,0.00430,0.00061,0.00249,0.01692
1403715283.158763647079468,0.00765,0.00015,0.01160,0.00473,0.00315,0.00209,0.02938
1403715283.208810567855835,0.00917,0.00015,0.00039,0.00533,0.00031,0.00214,0.01748
1403715283.258818626403809,0.00830,0.00016,0.00021,0.00539,0.00001,0.00254,0.01661
1403715283.308802127838135,0.00836,0.00013,0.00010,0.00410,0.00001,0.00204,0.01474
1403715283.358792066574097,0.00875,0.00012,0.00013,0.00242,0.00028,0.00263,0.01432
1403715283.408815383911133,0.00890,0.00015,0.00027,0.00261,0.00069,0.00222,0.01485
1403715283.458811283111572,0.00822,0.00015,0.00371,0.00158,0.00342,0.00280,0.01989
1403715283.508853197097778,0.00831,0.00039,0.00605,0.00133,0.00464,0.00224,0.02296
1403715283.558917760848999,0.01073,0.00014,0.00048,0.00169,0.00137,0.00263,0.01705
1403715283.608886718750000,0.00965,0.00019,0.00037,0.00222,0.00051,0.00236,0.01531
1403715283.658824205398560,0.00768,0.00012,0.00039,0.00140,0.00052,0.00262,0.01272
1403715283.708754301071167,0.00889,0.00013,0.00033,0.00116,0.00060,0.00218,0.01329
1403715283.758543252944946,0.00960,0.00014,0.00444,0.00171,0.00524,0.00316,0.02430
1403715283.808398723602295,0.00994,0.00015,0.00023,0.00336,0.00061,0.00228,0.01657
1403715283.858382701873779,0.00808,0.00016,0.00001,0.00205,0.00000,0.00271,0.01300
1403715283.908349990844727,0.00903,0.00015,0.00026,0.00169,0.00080,0.00226,0.01419
1403715283.958334445953369,0.00795,0.00015,0.00045,0.00091,0.00138,0.00262,0.01346
1403715284.008283615112305,0.00927,0.00014,0.00018,0.00165,0.00059,0.00230,0.01413
1403715284.058237314224243,0.00698,0.00012,0.00052,0.00163,0.00301,0.00273,0.01499
1403715284.108127117156982,0.01109,0.00014,0.00753,0.00237,0.00656,0.00217,0.02987
1403715284.158153533935547,0.00843,0.00016,0.00014,0.00423,0.00108,0.00233,0.01638
1403715284.208251953125000,0.00883,0.00015,0.00008,0.00507,0.00146,0.00220,0.01779
1403715284.258472442626953,0.01101,0.00015,0.00005,0.00536,0.00126,0.00229,0.02012
1403715284.308587789535522,0.00825,0.00014,0.00001,0.00618,0.00000,0.00262,0.01720
1403715284.358560800552368,0.00840,0.00025,0.00707,0.00590,0.00018,0.00242,0.02422
1403715284.408801794052124,0.00847,0.00015,0.00004,0.00619,0.00000,0.00242,0.01727
1403715284.508806228637695,0.00804,0.00023,0.00001,0.00660,0.00000,0.00256,0.01745
1403715284.558845520019531,0.00866,0.00016,0.00046,0.00637,0.00000,0.00248,0.01813
1403715284.608913660049438,0.00876,0.00012,0.00079,0.00611,0.00000,0.00225,0.01804
1403715284.658956766128540,0.00840,0.00016,0.00001,0.00640,0.00000,0.00217,0.01715
1403715284.708801507949829,0.00811,0.00015,0.00330,0.00597,0.00000,0.00256,0.02010
1403715284.808988094329834,0.00967,0.00018,0.01118,0.00040,0.00001,0.00243,0.02388
1403715284.858988285064697,0.00828,0.00019,0.00015,0.00038,0.00061,0.00229,0.01190
1403715284.958987951278687,0.00824,0.00015,0.00096,0.00006,0.00328,0.00219,0.01488
1403715285.008994102478027,0.00814,0.00011,0.00001,0.00053,0.00000,0.00202,0.01081
1403715285.058994531631470,0.00793,0.00022,0.00021,0.00033,0.00047,0.00275,0.01191
1403715285.108983993530273,0.00958,0.00013,0.00213,0.00012,0.00381,0.00235,0.01813
1403715285.158942699432373,0.00834,0.00022,0.00012,0.00125,0.00026,0.00283,0.01302
1403715285.208943367004395,0.00758,0.00015,0.00032,0.00059,0.00001,0.00230,0.01095
1403715285.258955240249634,0.00780,0.00014,0.00059,0.00043,0.00215,0.00286,0.01396
1403715285.308948993682861,0.00773,0.00013,0.00036,0.00135,0.00145,0.00241,0.01342
1403715285.358959913253784,0.00708,0.00015,0.00015,0.00059,0.00000,0.00271,0.01069
1403715285.408959865570068,0.00828,0.00014,0.00033,0.00027,0.00129,0.00243,0.01273
1403715285.458959817886353,0.00797,0.00018,0.00219,0.00010,0.00344,0.00280,0.01668
1403715285.508991479873657,0.00822,0.00014,0.00010,0.00076,0.00041,0.00209,0.01172
1403715285.559006690979004,0.00738,0.00015,0.00061,0.00048,0.00084,0.00252,0.01197
1403715285.609015226364136,0.00817,0.00013,0.00041,0.00029,0.00188,0.00218,0.01305
1403715285.659015178680420,0.00779,0.00014,0.00021,0.00029,0.00064,0.00253,0.01159
1403715285.709037542343140,0.00766,0.00014,0.00134,0.00061,0.00225,0.00202,0.01402
1403715285.759053468704224,0.00885,0.00014,0.00052,0.00032,0.00193,0.00270,0.01446
1403715285.809052467346191,0.00830,0.00013,0.00004,0.00044,0.00000,0.00233,0.01125
1403715285.859054327011108,0.00726,0.00016,0.00027,0.00032,0.00088,0.00207,0.01095
1403715285.909033536911011,0.01018,0.00014,0.00059,0.00030,0.00176,0.00258,0.01554
1403715285.959072589874268,0.00794,0.00013,0.00011,0.00089,0.00000,0.00216,0.01124
1403715286.009109735488892,0.00794,0.00013,0.00032,0.00071,0.00076,0.00203,0.01189
1403715286.059115171432495,0.00800,0.00013,0.00124,0.00022,0.00410,0.00209,0.01578
1403715286.109153509140015,0.00883,0.00013,0.00020,0.00078,0.00044,0.00235,0.01272
1403715286.159182786941528,0.00697,0.00016,0.00028,0.00064,0.00140,0.00215,0.01159
1403715286.209185838699341,0.00834,0.00013,0.00024,0.00048,0.00106,0.00231,0.01255
1403715286.259211063385010,0.00758,0.00013,0.00019,0.00065,0.00058,0.00228,0.01140
1403715286.309205293655396,0.00692,0.00013,0.00090,0.00057,0.00323,0.00226,0.01400
1403715286.359220266342163,0.00744,0.00013,0.00032,0.00056,0.00187,0.00253,0.01284
1403715286.409250020980835,0.00696,0.00012,0.00017,0.00107,0.00056,0.00246,0.01134
1403715286.459228515625000,0.00875,0.00015,0.00106,0.00084,0.00344,0.00274,0.01698
1403715286.509258985519409,0.00621,0.00013,0.00019,0.00062,0.00030,0.00218,0.00963
1403715286.559276819229126,0.00655,0.00012,0.00029,0.00039,0.00066,0.00219,0.01020
1403715286.609293222427368,0.00751,0.00015,0.00035,0.00056,0.00119,0.00214,0.01190
1403715286.659356355667114,0.00858,0.00014,0.00021,0.00106,0.00304,0.00215,0.01517
1403715286.709371328353882,0.00848,0.00013,0.00008,0.00114,0.00012,0.00213,0.01209
1403715286.759330987930298,0.00921,0.00013,0.00008,0.00104,0.00064,0.00249,0.01359
1403715286.809307336807251,0.00728,0.00012,0.00017,0.00079,0.00036,0.00246,0.01118
1403715286.859297037124634,0.00760,0.00012,0.00001,0.00135,0.00000,0.00220,0.01128
1403715286.909358024597168,0.00744,0.00013,0.00014,0.00134,0.00381,0.00231,0.01518
1403715286.959391832351685,0.00731,0.00014,0.00003,0.00152,0.00000,0.00222,0.01123
1403715287.009474992752075,0.00679,0.00011,0.00001,0.00153,0.00000,0.00226,0.01070
1403715287.059668302536011,0.00689,0.00011,0.00004,0.00140,0.00923,0.00219,0.01985
1403715287.109723091125488,0.00843,0.00013,0.00001,0.00334,0.00000,0.00249,0.01441
1403715287.159808397293091,0.00691,0.00012,0.00025,0.00289,0.00000,0.00243,0.01261
1403715287.209962844848633,0.00793,0.00013,0.00062,0.00231,0.00186,0.00258,0.01542
1403715287.260260820388794,0.00746,0.00014,0.00062,0.00244,0.00919,0.00251,0.02235
1403715287.310398817062378,0.00793,0.00033,0.00318,0.00303,0.00970,0.00206,0.02623
1403715287.360449790954590,0.00753,0.00021,0.00008,0.00419,0.00329,0.00196,0.01725
1403715287.410472154617310,0.00939,0.00016,0.00010,0.00477,0.00018,0.00229,0.01689
1403715287.460494518280029,0.00974,0.00015,0.00050,0.00443,0.00014,0.00225,0.01721
1403715287.510720729827881,0.00919,0.00014,0.00460,0.00463,0.00408,0.00223,0.02487
1403715287.560748815536499,0.00790,0.00025,0.00001,0.00565,0.00000,0.00206,0.01588
1403715287.610799312591553,0.00781,0.00017,0.00006,0.00540,0.00000,0.00254,0.01598
1403715287.660978555679321,0.00880,0.00014,0.00457,0.00475,0.00240,0.00227,0.02292
1403715287.711154699325562,0.00918,0.00014,0.00041,0.00272,0.00002,0.00234,0.01480
1403715287.761292695999146,0.00845,0.00015,0.00010,0.00217,0.00000,0.00226,0.01313
1403715287.811527252197266,0.00831,0.00016,0.00222,0.00125,0.00716,0.00222,0.02131
1403715287.861581087112427,0.00846,0.00011,0.00070,0.00251,0.00019,0.00213,0.01410
1403715287.911651372909546,0.00922,0.00013,0.00063,0.00192,0.00231,0.00213,0.01634
1403715287.961658000946045,0.00834,0.00015,0.00083,0.00248,0.00039,0.00196,0.01415
1403715288.011608362197876,0.00809,0.00010,0.00013,0.00189,0.00000,0.00226,0.01247
1403715288.061586141586304,0.00990,0.00013,0.00079,0.00168,0.00015,0.00232,0.01498
1403715288.111630439758301,0.00743,0.00014,0.00013,0.00181,0.00240,0.00240,0.01430
1403715288.161556005477905,0.00971,0.00012,0.00027,0.00224,0.00000,0.00236,0.01470
1403715288.211457252502441,0.00866,0.00012,0.00001,0.00199,0.00000,0.00226,0.01305
1403715288.261391878128052,0.00842,0.00012,0.00005,0.00093,0.00292,0.00229,0.01473
1403715288.311369180679321,0.00765,0.00012,0.00009,0.00062,0.00028,0.00224,0.01099
1403715288.361281156539917,0.00831,0.00012,0.00024,0.00041,0.00219,0.00235,0.01362
1403715288.411274194717407,0.00880,0.00011,0.00049,0.00073,0.00146,0.00231,0.01390
1403715288.461304187774658,0.00703,0.00011,0.00004,0.00104,0.00340,0.00238,0.01400
1403715288.511328697204590,0.00713,0.00012,0.00106,0.00096,0.00137,0.00234,0.01297
1403715288.561399698257446,0.00850,0.00011,0.00007,0.00130,0.00104,0.00258,0.01360
1403715288.611428260803223,0.00710,0.00013,0.00006,0.00103,0.00113,0.00252,0.01198
1403715288.661457538604736,0.00711,0.00014,0.00007,0.00079,0.00227,0.00245,0.01283
1403715288.711469888687134,0.00689,0.00012,0.00015,0.00111,0.00286,0.00238,0.01352
1403715288.761445760726929,0.00708,0.00013,0.00016,0.00180,0.00504,0.00301,0.01722
1403715288.811448574066162,0.00660,0.00013,0.00001,0.00245,0.00000,0.00249,0.01169
1403715288.861445665359497,0.00685,0.00014,0.00016,0.00226,0.00154,0.00251,0.01346
1403715288.911461114883423,0.00725,0.00014,0.00013,0.00221,0.00013,0.00224,0.01210
1403715288.961478710174561,0.00707,0.00013,0.00005,0.00214,0.00038,0.00220,0.01198
1403715289.011550903320312,0.00700,0.00013,0.00011,0.00164,0.00861,0.00214,0.01962
1403715289.061652421951294,0.00770,0.00038,0.00011,0.00189,0.00744,0.00219,0.01971
1403715289.111725807189941,0.00766,0.00015,0.00020,0.00261,0.00238,0.00218,0.01519
1403715289.161738634109497,0.00669,0.00019,0.00013,0.00316,0.00262,0.00248,0.01527
1403715289.211758136749268,0.00658,0.00017,0.00007,0.00352,0.00109,0.00220,0.01363
1403715289.261777639389038,0.00690,0.00014,0.00004,0.00375,0.00291,0.00245,0.01619
1403715289.311787843704224,0.00708,0.00014,0.00001,0.00408,0.00062,0.00234,0.01427
1403715289.361833333969116,0.00703,0.00014,0.00029,0.00484,0.00166,0.00226,0.01622
1403715289.411869764328003,0.00698,0.00016,0.00008,0.00491,0.00016,0.00233,0.01463
1403715289.461912155151367,0.00971,0.00016,0.00013,0.00412,0.00263,0.00236,0.01911
1403715289.511938095092773,0.00674,0.00021,0.00009,0.00413,0.00089,0.00226,0.01431
1403715289.561970472335815,0.00689,0.00014,0.00017,0.00417,0.00104,0.00198,0.01440
1403715289.612008571624756,0.00687,0.00016,0.00096,0.00371,0.00596,0.00219,0.01986
1403715289.662043809890747,0.00885,0.00016,0.00145,0.00414,0.00104,0.00257,0.01821
1403715289.712056875228882,0.00760,0.00012,0.00013,0.00416,0.00471,0.00237,0.01911
1403715289.762051820755005,0.00807,0.00015,0.00258,0.00459,0.00447,0.00232,0.02217
1403715289.812110900878906,0.00848,0.00015,0.00005,0.00538,0.00338,0.00232,0.01975
1403715289.862108469009399,0.00774,0.00015,0.00001,0.00602,0.00000,0.00241,0.01633
1403715289.912119388580322,0.00866,0.00012,0.00102,0.00600,0.00018,0.00229,0.01827
1403715289.962139844894409,0.00804,0.00015,0.00055,0.00513,0.00000,0.00236,0.01624
1403715290.012098073959351,0.00748,0.00017,0.00397,0.00425,0.00000,0.00265,0.01853
1403715290.062066555023193,0.00755,0.00012,0.00034,0.00188,0.00061,0.00224,0.01275
1403715290.112035512924194,0.00737,0.00014,0.00028,0.00242,0.00048,0.00212,0.01281
1403715290.162090063095093,0.00795,0.00017,0.00050,0.00200,0.00100,0.00243,0.01404
1403715290.212223052978516,0.00780,0.00017,0.00052,0.00339,0.00100,0.00231,0.01519
1403715290.262300729751587,0.00808,0.00014,0.00024,0.00238,0.00014,0.00225,0.01322
1403715290.312380790710449,0.00680,0.00026,0.00011,0.00228,0.00042,0.00224,0.01211
1403715290.362432718276978,0.00903,0.00013,0.00015,0.00194,0.00072,0.00241,0.01438
1403715290.412478685379028,0.00910,0.00013,0.00017,0.00123,0.00053,0.00207,0.01322
1403715290.462469577789307,0.00605,0.00012,0.00027,0.00082,0.00039,0.00213,0.00979
1403715290.512461423873901,0.00687,0.00013,0.00025,0.00107,0.00056,0.00214,0.01102
1403715290.562432527542114,0.00681,0.00011,0.00026,0.00113,0.00082,0.00194,0.01107
1403715290.612472534179688,0.00694,0.00013,0.00016,0.00122,0.00472,0.00244,0.01560
1403715290.662456989288330,0.00785,0.00011,0.00008,0.00070,0.00049,0.00205,0.01129
1403715290.712455511093140,0.00688,0.00014,0.00009,0.00072,0.00037,0.00217,0.01036
1403715290.762410402297974,0.00841,0.00013,0.00037,0.00049,0.00353,0.00212,0.01507
1403715290.812384843826294,0.00702,0.00015,0.00016,0.00138,0.00531,0.00301,0.01702
1403715290.862426996231079,0.00715,0.00013,0.00014,0.00132,0.00158,0.00220,0.01252
1403715290.912436246871948,0.00737,0.00014,0.00011,0.00157,0.00107,0.00228,0.01254
1403715290.962452650070190,0.00672,0.00013,0.00046,0.00194,0.00343,0.00231,0.01500
1403715291.012463808059692,0.00708,0.00012,0.00065,0.00215,0.00060,0.00239,0.01299
1403715291.062468767166138,0.00708,0.00013,0.00020,0.00217,0.00002,0.00205,0.01164
1403715291.112504959106445,0.00782,0.00016,0.00046,0.00185,0.00310,0.00211,0.01549
1403715291.162489175796509,0.00685,0.00017,0.00031,0.00233,0.00621,0.00238,0.01824
1403715291.212473154067993,0.00711,0.00014,0.00011,0.00354,0.00233,0.00222,0.01545
1403715291.262452602386475,0.00717,0.00014,0.00019,0.00421,0.00024,0.00317,0.01513
1403715291.312467813491821,0.00636,0.00014,0.00037,0.00404,0.00641,0.00215,0.01947
1403715291.362425565719604,0.00696,0.00017,0.00487,0.00454,0.00296,0.00348,0.02298
1403715291.412420511245728,0.00891,0.00015,0.00118,0.00506,0.00258,0.00232,0.02020
1403715291.462371110916138,0.01211,0.00016,0.00002,0.00549,0.00113,0.00245,0.02136
1403715291.512305021286011,0.00940,0.00012,0.00164,0.00541,0.00000,0.00216,0.01873
1403715291.562243461608887,0.00989,0.00015,0.00121,0.00140,0.00141,0.00213,0.01620
1403715291.612238168716431,0.00823,0.00010,0.00041,0.00052,0.00137,0.00230,0.01294
1403715291.662246942520142,0.00930,0.00015,0.00184,0.00034,0.00229,0.00271,0.01662
1403715291.712250232696533,0.00854,0.00016,0.00035,0.00246,0.00057,0.00280,0.01488
1403715291.762267589569092,0.00821,0.00022,0.00015,0.00258,0.00019,0.00220,0.01355
1403715291.812308073043823,0.00828,0.00014,0.00013,0.00158,0.00035,0.00271,0.01320
1403715291.862350940704346,0.00871,0.00012,0.00076,0.00218,0.00002,0.00212,0.01390
1403715291.912345409393311,0.00753,0.00018,0.00006,0.00175,0.00135,0.00255,0.01342
1403715291.962336063385010,0.00959,0.00013,0.00004,0.00151,0.00094,0.00210,0.01431
1403715292.012355089187622,0.00767,0.00012,0.00025,0.00108,0.00519,0.00263,0.01695
1403715292.062374830245972,0.00875,0.00021,0.00027,0.00106,0.00029,0.00223,0.01281
1403715292.112379074096680,0.00859,0.00013,0.00013,0.00106,0.00093,0.00262,0.01346
1403715292.162375211715698,0.00894,0.00011,0.00011,0.00106,0.00060,0.00213,0.01295
1403715292.212381124496460,0.00808,0.00012,0.00004,0.00114,0.00019,0.00273,0.01230
1403715292.262463569641113,0.00784,0.00013,0.00013,0.00095,0.00548,0.00272,0.01725
1403715292.312462091445923,0.00738,0.00013,0.00030,0.00139,0.00087,0.00288,0.01295
1403715292.362461090087891,0.00862,0.00013,0.00023,0.00154,0.00050,0.00234,0.01336
1403715292.412448167800903,0.00729,0.00014,0.00045,0.00195,0.00064,0.00304,0.01351
1403715292.462434053421021,0.00911,0.00014,0.00053,0.00124,0.00021,0.00215,0.01338
1403715292.512434720993042,0.00713,0.00012,0.00025,0.00035,0.00011,0.00234,0.01029
1403715292.562440633773804,0.00939,0.00014,0.00045,0.00030,0.00276,0.00225,0.01528
1403715292.612455129623413,0.00982,0.00015,0.00036,0.00060,0.00367,0.00257,0.01717
1403715292.662491798400879,0.00682,0.00013,0.00016,0.00223,0.00000,0.00215,0.01150
1403715292.712520122528076,0.00938,0.00014,0.00087,0.00174,0.00171,0.00222,0.01606
1403715292.762545585632324,0.00749,0.00017,0.00064,0.00104,0.00133,0.00239,0.01306
1403715292.812579393386841,0.00708,0.00013,0.00065,0.00133,0.00027,0.00222,0.01168
1403715292.862584352493286,0.00728,0.00012,0.00076,0.00052,0.00144,0.00237,0.01250
1403715292.912591218948364,0.00874,0.00015,0.00058,0.00051,0.00455,0.00309,0.01762
1403715292.962601184844971,0.00721,0.00015,0.00026,0.00038,0.00109,0.00205,0.01115
1403715293.012628555297852,0.00714,0.00013,0.00089,0.00101,0.00184,0.00274,0.01375
1403715293.062601804733276,0.00731,0.00014,0.00017,0.00106,0.00020,0.00212,0.01101
1403715293.112600326538086,0.00679,0.00014,0.00023,0.00068,0.00011,0.00253,0.01047
1403715293.162606239318848,0.00951,0.00014,0.00043,0.00040,0.00191,0.00239,0.01479
1403715293.212631464004517,0.00715,0.00015,0.00015,0.00031,0.00545,0.00334,0.01653
1403715293.262586355209351,0.00739,0.00014,0.00012,0.00074,0.00799,0.00229,0.01865
1403715293.312576770782471,0.00692,0.00014,0.00031,0.00195,0.00058,0.00254,0.01245
1403715293.362519741058350,0.00725,0.00012,0.00113,0.00153,0.00162,0.00215,0.01379
1403715293.412497758865356,0.00646,0.00013,0.00014,0.00086,0.00021,0.00218,0.00998
1403715293.462519168853760,0.00797,0.00013,0.00029,0.00071,0.00954,0.00194,0.02059
1403715293.512533664703369,0.00885,0.00015,0.00041,0.00051,0.00161,0.00217,0.01369
1403715293.562556743621826,0.00703,0.00013,0.00024,0.00075,0.00021,0.00240,0.01075
1403715293.612581014633179,0.00727,0.00013,0.00025,0.00037,0.00126,0.00260,0.01188
1403715293.662638902664185,0.00778,0.00012,0.00006,0.00046,0.00324,0.00244,0.01410
1403715293.712697505950928,0.00715,0.00012,0.00011,0.00044,0.00852,0.00237,0.01871
1403715293.762703657150269,0.00834,0.00013,0.00017,0.00076,0.00121,0.00212,0.01274
1403715293.812719106674194,0.00748,0.00013,0.00020,0.00063,0.00039,0.00223,0.01106
1403715293.862723112106323,0.00744,0.00014,0.00051,0.00050,0.00126,0.00236,0.01221
1403715293.912731647491455,0.00688,0.00011,0.00017,0.00094,0.00124,0.00211,0.01145
1403715293.962745666503906,0.00752,0.00013,0.00008,0.00087,0.00018,0.00207,0.01086
1403715294.012766838073730,0.00763,0.00013,0.00014,0.00090,0.00243,0.00311,0.01435
1403715294.062797069549561,0.00794,0.00013,0.00010,0.00134,0.00473,0.00267,0.01690
1403715294.112846374511719,0.00709,0.00013,0.00014,0.00174,0.00562,0.00238,0.01712
1403715294.162884712219238,0.00719,0.00017,0.00014,0.00233,0.00441,0.00240,0.01664
1403715294.212913751602173,0.00725,0.00013,0.00014,0.00203,0.00642,0.00238,0.01834
1403715294.262917280197144,0.00917,0.00014,0.00019,0.00242,0.00033,0.00225,0.01450
1403715294.312946081161499,0.00692,0.00014,0.00490,0.00151,0.00669,0.00240,0.02256
1403715294.362955331802368,0.00749,0.00018,0.00247,0.00180,0.00177,0.00244,0.01615
1403715294.412952899932861,0.00733,0.00011,0.00017,0.00074,0.00550,0.00243,0.01628
1403715294.462954044342041,0.00839,0.00015,0.00043,0.00048,0.00064,0.00225,0.01234
1403715294.512954711914062,0.00659,0.00013,0.00047,0.00020,0.00081,0.00226,0.01047
1403715294.562966108322144,0.00701,0.00011,0.00019,0.00067,0.00064,0.00210,0.01071
1403715294.612967729568481,0.00675,0.00012,0.00018,0.00050,0.00025,0.00206,0.00985
1403715294.662967681884766,0.00762,0.00011,0.00015,0.00026,0.00115,0.00216,0.01145
1403715294.712967634201050,0.01051,0.00013,0.00044,0.00012,0.00044,0.00201,0.01365
1403715294.762956619262695,0.00733,0.00012,0.00041,0.00025,0.00055,0.00237,0.01104
1403715294.812952280044556,0.00751,0.00013,0.00033,0.00047,0.00277,0.00252,0.01374
1403715294.862950563430786,0.00712,0.00011,0.00016,0.00054,0.00000,0.00219,0.01012
1403715294.912947416305542,0.00706,0.00011,0.00023,0.00031,0.00104,0.00225,0.01099
1403715294.962941408157349,0.00752,0.00011,0.00026,0.00030,0.00109,0.00230,0.01157
1403715295.012939214706421,0.00663,0.00012,0.00032,0.00025,0.00042,0.00222,0.00997
1403715295.062937974929810,0.00685,0.00012,0.00013,0.00033,0.00139,0.00224,0.01105
1403715295.112937450408936,0.00871,0.00012,0.00007,0.00043,0.00110,0.00220,0.01262
1403715295.162936210632324,0.00759,0.00013,0.00006,0.00044,0.00090,0.00238,0.01151
1403715295.212933301925659,0.00735,0.00011,0.00007,0.00024,0.00001,0.00229,0.01008
1403715295.262932777404785,0.00716,0.00010,0.00003,0.00020,0.00353,0.00243,0.01345
1403715295.312929153442383,0.00727,0.00012,0.00030,0.00004,0.00044,0.00226,0.01044
1403715295.362925529479980,0.00713,0.00013,0.00049,0.00017,0.00026,0.00214,0.01033
1403715295.412923097610474,0.00701,0.00011,0.00006,0.00011,0.00207,0.00219,0.01155
1403715295.462923049926758,0.00691,0.00011,0.00003,0.00013,0.00000,0.00218,0.00937
1403715295.512923002243042,0.00701,0.00012,0.00005,0.00005,0.00110,0.00226,0.01058
1403715295.562919855117798,0.00666,0.00012,0.00009,0.00016,0.00111,0.00229,0.01043
1403715295.612919092178345,0.00683,0.00011,0.00009,0.00011,0.00008,0.00228,0.00950
1403715295.662917852401733,0.00730,0.00010,0.00005,0.00012,0.00273,0.00236,0.01266
1403715295.712917804718018,0.00642,0.00010,0.00007,0.00004,0.00089,0.00214,0.00966
1403715295.762921094894409,0.00725,0.00011,0.00011,0.00014,0.00077,0.00220,0.01057
1403715295.812920808792114,0.00853,0.00011,0.00018,0.00010,0.00026,0.00218,0.01136
1403715295.862920045852661,0.00703,0.00012,0.00019,0.00011,0.00238,0.00200,0.01184
1403715295.912918567657471,0.00852,0.00011,0.00020,0.00003,0.00054,0.00234,0.01174
1403715295.962914705276489,0.01030,0.00011,0.00022,0.00015,0.00026,0.00231,0.01335
1403715296.012914657592773,0.00811,0.00010,0.00020,0.00005,0.00190,0.00277,0.01312
1403715296.062914848327637,0.00706,0.00009,0.00011,0.00005,0.00000,0.00234,0.00967
1403715296.112914800643921,0.00847,0.00010,0.00015,0.00002,0.00093,0.00243,0.01210
1403715296.162912130355835,0.00718,0.00012,0.00032,0.00014,0.00060,0.00246,0.01082
1403715296.212912082672119,0.00694,0.00011,0.00009,0.00005,0.00000,0.00229,0.00949
1403715296.262912034988403,0.00713,0.00011,0.00008,0.00005,0.00309,0.00271,0.01317
1403715296.312910795211792,0.00668,0.00010,0.00040,0.00002,0.00088,0.00239,0.01048
1403715296.362909078598022,0.00677,0.00011,0.00045,0.00012,0.00060,0.00224,0.01028
1403715296.412909030914307,0.00952,0.00011,0.00006,0.00005,0.00010,0.00240,0.01224
1403715296.462919235229492,0.00687,0.00010,0.00025,0.00004,0.00462,0.00231,0.01419
1403715296.512994050979614,0.00816,0.00018,0.00007,0.00012,0.01069,0.00218,0.02140
1403715296.563046216964722,0.00738,0.00012,0.00021,0.00112,0.00000,0.00269,0.01153
1403715296.613081455230713,0.00709,0.00011,0.00005,0.00093,0.00143,0.00236,0.01196
1403715296.663092613220215,0.00707,0.00011,0.00001,0.00087,0.00000,0.00231,0.01037
1403715296.713095664978027,0.00696,0.00012,0.00020,0.00039,0.00064,0.00231,0.01062
1403715296.763096570968628,0.00712,0.00013,0.00007,0.00033,0.00013,0.00218,0.00995
1403715296.813098430633545,0.00769,0.00011,0.00021,0.00020,0.00010,0.00238,0.01069
1403715296.863099575042725,0.00697,0.00012,0.00008,0.00014,0.00382,0.00239,0.01351
1403715296.913057565689087,0.00696,0.00010,0.00047,0.00024,0.00222,0.00252,0.01251
1403715296.962981700897217,0.00762,0.00012,0.00033,0.00038,0.01137,0.00252,0.02234
1403715297.013002872467041,0.00741,0.00011,0.00052,0.00266,0.00000,0.00234,0.01303
1403715297.063004970550537,0.00607,0.00012,0.00001,0.00184,0.01421,0.00225,0.02450
1403715297.113002061843872,0.00812,0.00016,0.00060,0.00295,0.00559,0.00231,0.01972
1403715297.163084506988525,0.01008,0.00012,0.00011,0.00346,0.00016,0.00219,0.01612
1403715297.213151931762695,0.00738,0.00015,0.00383,0.00274,0.00217,0.00241,0.01869
1403715297.263166666030884,0.00786,0.00015,0.00036,0.00216,0.00041,0.00210,0.01304
1403715297.313183784484863,0.00759,0.00014,0.00059,0.00242,0.00182,0.00208,0.01464
1403715297.363223314285278,0.00738,0.00018,0.00055,0.00186,0.00311,0.00209,0.01518
1403715297.413257598876953,0.00728,0.00015,0.00201,0.00211,0.00331,0.00206,0.01692
1403715297.463324785232544,0.00802,0.00016,0.00535,0.00231,0.00118,0.00231,0.01932
1403715297.513359785079956,0.00761,0.00015,0.00035,0.00252,0.00058,0.00218,0.01339
1403715297.563383817672729,0.00793,0.00014,0.00093,0.00291,0.00414,0.00234,0.01839
1403715297.613358020782471,0.00867,0.00016,0.00013,0.00315,0.00015,0.00223,0.01449
1403715297.663350343704224,0.01026,0.00015,0.00014,0.00247,0.00078,0.00217,0.01598
1403715297.713360786437988,0.00817,0.00014,0.00018,0.00197,0.00029,0.00244,0.01319
1403715297.763409852981567,0.00779,0.00013,0.00020,0.00233,0.00035,0.00224,0.01305
1403715297.813466310501099,0.00755,0.00014,0.00028,0.00245,0.00306,0.00251,0.01598
1403715297.863498210906982,0.00784,0.00013,0.00035,0.00306,0.00103,0.00232,0.01474
1403715297.913541316986084,0.00777,0.00013,0.00089,0.00321,0.00019,0.00241,0.01460
1403715297.963561058044434,0.00811,0.00022,0.00173,0.00322,0.00014,0.00241,0.01582
1403715298.013549327850342,0.00752,0.00015,0.00162,0.00288,0.00136,0.00242,0.01594
1403715298.063482761383057,0.01005,0.00014,0.00370,0.00289,0.00747,0.00260,0.02685
1403715298.113422393798828,0.00840,0.00014,0.00244,0.00334,0.00303,0.00275,0.02010
1403715298.163508176803589,0.00801,0.00012,0.00418,0.00403,0.00430,0.00267,0.02331
1403715298.213649272918701,0.00824,0.00016,0.00624,0.00417,0.00172,0.00232,0.02285
1403715298.263692140579224,0.00857,0.00012,0.00062,0.00205,0.00181,0.00217,0.01534
1403715298.313720703125000,0.00814,0.00015,0.00020,0.00170,0.00000,0.00235,0.01255
1403715298.363744974136353,0.00856,0.00015,0.00090,0.00099,0.00172,0.00238,0.01471
1403715298.413752794265747,0.00691,0.00011,0.00061,0.00114,0.00199,0.00218,0.01294
1403715298.463748931884766,0.00759,0.00014,0.00006,0.00107,0.00001,0.00220,0.01107
1403715298.513744354248047,0.00770,0.00015,0.00047,0.00038,0.00100,0.00237,0.01207
1403715298.563726186752319,0.00762,0.00013,0.00010,0.00110,0.00036,0.00221,0.01151
1403715298.613710641860962,0.00708,0.00015,0.00126,0.00091,0.00368,0.00271,0.01578
1403715298.663676500320435,0.00719,0.00016,0.00021,0.00152,0.00147,0.00228,0.01283
1403715298.713661432266235,0.00827,0.00008,0.00009,0.00050,0.00060,0.00245,0.01198
1403715298.763659715652466,0.00770,0.00014,0.00015,0.00046,0.00078,0.00250,0.01172
1403715298.813649654388428,0.00742,0.00011,0.00017,0.00030,0.00289,0.00291,0.01381
1403715298.863608837127686,0.00672,0.00011,0.00012,0.00118,0.00055,0.00274,0.01142
1403715298.913562297821045,0.00752,0.00014,0.00001,0.00201,0.00000,0.00220,0.01189
1403715298.963525533676147,0.00663,0.00013,0.00032,0.00169,0.00043,0.00252,0.01172
1403715299.013524532318115,0.00735,0.00014,0.00007,0.00186,0.00053,0.00224,0.01220
1403715299.063521862030029,0.00704,0.00013,0.00008,0.00232,0.00012,0.00272,0.01241
1403715299.113542556762695,0.00783,0.00015,0.00001,0.00250,0.00027,0.00237,0.01313
1403715299.163550615310669,0.00619,0.00013,0.00008,0.00245,0.00048,0.00267,0.01200
1403715299.213496685028076,0.00722,0.00012,0.00279,0.00285,0.00926,0.00267,0.02492
1403715299.263496875762939,0.00716,0.00031,0.00001,0.00378,0.00457,0.00219,0.01802
1403715299.313498973846436,0.00777,0.00014,0.00006,0.00400,0.00107,0.00226,0.01529
1403715299.363511085510254,0.01008,0.00016,0.00151,0.00380,0.00286,0.00254,0.02095
1403715299.413516283035278,0.01015,0.00016,0.00421,0.00377,0.00458,0.00249,0.02536
1403715299.463521957397461,0.00817,0.00015,0.00059,0.00417,0.00003,0.00223,0.01534
1403715299.513496398925781,0.00838,0.00017,0.00046,0.00370,0.00015,0.00235,0.01520
1403715299.563488245010376,0.00818,0.00011,0.00060,0.00038,0.00181,0.00227,0.01336
1403715299.613486051559448,0.00950,0.00019,0.00049,0.00045,0.00120,0.00205,0.01387
1403715299.663486957550049,0.00776,0.00034,0.00133,0.00018,0.00189,0.00205,0.01355
1403715299.713497638702393,0.00755,0.00013,0.00029,0.00228,0.00094,0.00210,0.01328
1403715299.763496637344360,0.00820,0.00013,0.00054,0.00242,0.00001,0.00224,0.01353
1403715299.813507795333862,0.00796,0.00013,0.00022,0.00228,0.00371,0.00224,0.01654
1403715299.863505125045776,0.00831,0.00013,0.00062,0.00244,0.00000,0.00207,0.01358
1403715299.913496255874634,0.00817,0.00014,0.00037,0.00157,0.00107,0.00226,0.01358
1403715299.963505506515503,0.00706,0.00013,0.00024,0.00090,0.00300,0.00196,0.01329
1403715300.013518810272217,0.00693,0.00014,0.00072,0.00035,0.00524,0.00211,0.01548
1403715300.063522100448608,0.00892,0.00016,0.00105,0.00070,0.00108,0.00242,0.01434
1403715300.113510847091675,0.00724,0.00013,0.00030,0.00149,0.00025,0.00189,0.01130
1403715300.163502454757690,0.00696,0.00013,0.00041,0.00109,0.00119,0.00212,0.01189
1403715300.213505506515503,0.00683,0.00017,0.00015,0.00106,0.00029,0.00204,0.01054
1403715300.263499975204468,0.00721,0.00013,0.00027,0.00074,0.00117,0.00214,0.01165
1403715300.313516855239868,0.00616,0.00013,0.00006,0.00123,0.00190,0.00254,0.01203
1403715300.363533020019531,0.00777,0.00014,0.00025,0.00102,0.00062,0.00212,0.01193
1403715300.413546562194824,0.00715,0.00018,0.00021,0.00170,0.00188,0.00245,0.01357
1403715300.463559627532959,0.00950,0.00014,0.00017,0.00176,0.00044,0.00232,0.01431
1403715300.513560771942139,0.00733,0.00013,0.00021,0.00209,0.00011,0.00223,0.01212
1403715300.563575506210327,0.00743,0.00017,0.00024,0.00153,0.00137,0.00231,0.01306
1403715300.613586187362671,0.00653,0.00013,0.00015,0.00150,0.00316,0.00264,0.01411
1403715300.663576602935791,0.00641,0.00013,0.00010,0.00154,0.00036,0.00216,0.01070
1403715300.713573455810547,0.00722,0.00013,0.00030,0.00179,0.00013,0.00233,0.01189
1403715300.763570547103882,0.00645,0.00014,0.00012,0.00183,0.00132,0.00238,0.01224
1403715300.813562870025635,0.00645,0.00013,0.00006,0.00163,0.00028,0.00221,0.01076
1403715300.863555669784546,0.00704,0.00013,0.00001,0.00174,0.00003,0.00227,0.01123
1403715300.913549184799194,0.00652,0.00013,0.00006,0.00164,0.00199,0.00254,0.01288
1403715300.963541746139526,0.00701,0.00013,0.00063,0.00207,0.00019,0.00263,0.01266
1403715301.013495445251465,0.00668,0.00013,0.00108,0.00231,0.01174,0.00232,0.02427
1403715301.063486337661743,0.00768,0.00015,0.00002,0.00405,0.00053,0.00242,0.01485
1403715301.113476514816284,0.00748,0.00014,0.00005,0.00369,0.00003,0.00206,0.01345
1403715301.163458108901978,0.00690,0.00014,0.00009,0.00361,0.00465,0.00250,0.01789
1403715301.213444471359253,0.00810,0.00029,0.00441,0.00307,0.00406,0.00205,0.02197
1403715301.263422966003418,0.00745,0.00017,0.00045,0.00336,0.00031,0.00208,0.01381
1403715301.313387632369995,0.00720,0.00011,0.00035,0.00324,0.00047,0.00211,0.01349
1403715301.363343477249146,0.00751,0.00015,0.00065,0.00428,0.00531,0.00215,0.02004
1403715301.413322448730469,0.00701,0.00017,0.00001,0.00522,0.00000,0.00210,0.01451
1403715301.463289260864258,0.00853,0.00015,0.00001,0.00641,0.00004,0.00243,0.01757
1403715301.513308286666870,0.00742,0.00018,0.00010,0.00504,0.00029,0.00205,0.01508
1403715301.563339233398438,0.00755,0.00011,0.00001,0.00524,0.00000,0.00233,0.01524
1403715301.613342046737671,0.00890,0.00017,0.00250,0.00495,0.00255,0.00210,0.02116
1403715301.663358449935913,0.00765,0.00016,0.00009,0.00570,0.00000,0.00231,0.01590
1403715301.713367462158203,0.00770,0.00022,0.00007,0.00590,0.00003,0.00202,0.01593
1403715301.763346910476685,0.00764,0.00020,0.00010,0.00560,0.00018,0.00223,0.01594
1403715301.813371658325195,0.00757,0.00015,0.00425,0.00537,0.00162,0.00193,0.02089
1403715301.863417625427246,0.00791,0.00015,0.00162,0.00546,0.00000,0.00206,0.01720
1403715301.913455247879028,0.00764,0.00016,0.00331,0.00527,0.00019,0.00204,0.01861
1403715301.963442325592041,0.00815,0.00014,0.00310,0.00492,0.00036,0.00230,0.01896
1403715302.013437032699585,0.00758,0.00018,0.00047,0.00522,0.00020,0.00225,0.01589
1403715302.063435316085815,0.00704,0.00015,0.00063,0.00499,0.00042,0.00258,0.01581
1403715302.113431215286255,0.00737,0.00015,0.00014,0.00573,0.00002,0.00248,0.01589
1403715302.163440465927124,0.00775,0.00012,0.00389,0.00535,0.00040,0.00230,0.01981
1403715302.213438510894775,0.00812,0.00021,0.00162,0.00612,0.00000,0.00231,0.01838
1403715302.263442754745483,0.00761,0.00037,0.00002,0.00613,0.00000,0.00243,0.01657
1403715302.313441991806030,0.00882,0.00019,0.00005,0.00552,0.00000,0.00236,0.01694
1403715302.363461971282959,0.00810,0.00015,0.00327,0.00565,0.00021,0.00214,0.01952
1403715302.413466691970825,0.01029,0.00018,0.00558,0.00612,0.00000,0.00246,0.02464
1403715302.463455200195312,0.00886,0.00016,0.00090,0.00592,0.00000,0.00240,0.01824
1403715302.513439416885376,0.00831,0.00016,0.00151,0.00601,0.00000,0.00236,0.01835
1403715302.563415050506592,0.00832,0.00016,0.00231,0.00576,0.00000,0.00258,0.01915
1403715302.613397121429443,0.00910,0.00016,0.00001,0.00497,0.00000,0.00225,0.01650
1403715302.663382768630981,0.00835,0.00012,0.00017,0.00387,0.00050,0.00238,0.01540
1403715302.713376998901367,0.00879,0.00025,0.00043,0.00456,0.00033,0.00215,0.01651
1403715302.763369321823120,0.00843,0.00021,0.00460,0.00394,0.00050,0.00259,0.02026
1403715302.813321352005005,0.00844,0.00016,0.00243,0.00286,0.00020,0.00260,0.01668
1403715302.863309621810913,0.00828,0.00017,0.00126,0.00064,0.00115,0.00226,0.01376
1403715302.913313865661621,0.00735,0.00016,0.00068,0.00052,0.00108,0.00219,0.01197
1403715302.963319540023804,0.00857,0.00014,0.00379,0.00060,0.00433,0.00234,0.01977
1403715303.013337850570679,0.00863,0.00013,0.00017,0.00142,0.00398,0.00224,0.01656
1403715303.063347578048706,0.00964,0.00014,0.00032,0.00110,0.00060,0.00244,0.01424
1403715303.113357305526733,0.00829,0.00012,0.00017,0.00078,0.00059,0.00230,0.01225
1403715303.163357734680176,0.00915,0.00013,0.00030,0.00061,0.00048,0.00224,0.01291
1403715303.213361740112305,0.00991,0.00012,0.00041,0.00035,0.00065,0.00229,0.01373
1403715303.263361692428589,0.00967,0.00008,0.00009,0.00020,0.00004,0.00238,0.01245
1403715303.313361883163452,0.00976,0.00012,0.00035,0.00011,0.00050,0.00229,0.01313
1403715303.363361835479736,0.00763,0.00011,0.00028,0.00024,0.00110,0.00230,0.01166
1403715303.413356065750122,0.00921,0.00016,0.00005,0.00048,0.00065,0.00231,0.01285
1403715303.463355064392090,0.00758,0.00011,0.00017,0.00034,0.00052,0.00237,0.01110
1403715303.513355016708374,0.01243,0.00023,0.00027,0.00008,0.00085,0.00264,0.01650
1403715303.563355207443237,0.01015,0.00011,0.00030,0.00008,0.00365,0.00246,0.01674
1403715303.613355159759521,0.00839,0.00010,0.00037,0.00011,0.00029,0.00236,0.01163
1403715303.663355588912964,0.00936,0.00011,0.00011,0.00020,0.00038,0.00239,0.01255
1403715303.713355541229248,0.00808,0.00012,0.00015,0.00009,0.00067,0.00216,0.01128
1403715303.763356208801270,0.00957,0.00011,0.00005,0.00025,0.00027,0.00241,0.01267
1403715303.813356399536133,0.00748,0.00010,0.00023,0.00005,0.00061,0.00254,0.01102
1403715303.863356351852417,0.00735,0.00011,0.00017,0.00008,0.00036,0.00228,0.01035
1403715303.913356304168701,0.00802,0.00012,0.00015,0.00008,0.00021,0.00225,0.01083
1403715303.963356256484985,0.01065,0.00012,0.00017,0.00012,0.00057,0.00248,0.01412
1403715304.013356208801270,0.00803,0.00011,0.00003,0.00008,0.00064,0.00243,0.01132
1403715304.063356399536133,0.00803,0.00013,0.00007,0.00007,0.00437,0.00258,0.01525
1403715304.113356351852417,0.00780,0.00012,0.00016,0.00002,0.00030,0.00248,0.01087
1403715304.163356304168701,0.00786,0.00014,0.00001,0.00007,0.00227,0.00263,0.01297
1403715304.213356256484985,0.00766,0.00012,0.00014,0.00005,0.00014,0.00237,0.01048
1403715304.263356208801270,0.00783,0.00013,0.00006,0.00004,0.00039,0.00289,0.01134
1403715304.313355445861816,0.00932,0.00011,0.00004,0.00012,0.00024,0.00261,0.01244
1403715304.363355398178101,0.00724,0.00010,0.00003,0.00006,0.00015,0.00244,0.01002
1403715304.413355350494385,0.00784,0.00011,0.00006,0.00005,0.00025,0.00234,0.01066
1403715304.463355302810669,0.00730,0.00012,0.00030,0.00005,0.00029,0.00258,0.01063
1403715304.513355255126953,0.00743,0.00012,0.00018,0.00005,0.00428,0.00242,0.01448
1403715304.563355445861816,0.00711,0.00011,0.00006,0.00004,0.00079,0.00229,0.01040
1403715304.613355398178101,0.00725,0.00012,0.00002,0.00006,0.00063,0.00256,0.01063
1403715304.663355350494385,0.00687,0.00011,0.00007,0.00006,0.00443,0.00256,0.01409
1403715304.713355302810669,0.00673,0.00011,0.00004,0.00004,0.00023,0.00237,0.00952
1403715304.763355255126953,0.00780,0.00011,0.00016,0.00005,0.00203,0.00257,0.01272
1403715304.813355445861816,0.00683,0.00013,0.00002,0.00006,0.00051,0.00234,0.00989
1403715304.863355398178101,0.00704,0.00011,0.00005,0.00004,0.00023,0.00225,0.00972
1403715304.913355350494385,0.00664,0.00012,0.00002,0.00006,0.00064,0.00253,0.01001
1403715304.963355302810669,0.00660,0.00010,0.00010,0.00006,0.00051,0.00216,0.00954
1403715305.013355255126953,0.00678,0.00010,0.00014,0.00003,0.00019,0.00233,0.00957
1403715305.063355445861816,0.00648,0.00011,0.00002,0.00005,0.00028,0.00236,0.00931
1403715305.113355398178101,0.00665,0.00011,0.00003,0.00006,0.00374,0.00256,0.01314
1403715305.163355350494385,0.00703,0.00011,0.00005,0.00004,0.00081,0.00227,0.01032
1403715305.213355302810669,0.00667,0.00011,0.00002,0.00005,0.00062,0.00236,0.00983
1403715305.263355255126953,0.00680,0.00012,0.00002,0.00005,0.00366,0.00234,0.01300
1403715305.313355684280396,0.00678,0.00011,0.00003,0.00004,0.00024,0.00232,0.00952
1403715305.363355636596680,0.00682,0.00011,0.00005,0.00006,0.00162,0.00241,0.01106
1403715305.413355588912964,0.00668,0.00009,0.00002,0.00006,0.00016,0.00232,0.00933
1403715305.463355541229248,0.00700,0.00011,0.00007,0.00004,0.00021,0.00229,0.00972
1403715305.513355493545532,0.00675,0.00012,0.00003,0.00006,0.00020,0.00241,0.00957
1403715305.563355684280396,0.00685,0.00011,0.00003,0.00006,0.00019,0.00222,0.00945
1403715305.613355636596680,0.00794,0.00012,0.00004,0.00004,0.00020,0.00229,0.01062
1403715305.663355588912964,0.00677,0.00011,0.00003,0.00006,0.00013,0.00238,0.00947
1403715305.713355541229248,0.00692,0.00010,0.00003,0.00005,0.00082,0.00223,0.01015
1403715305.763355493545532,0.00713,0.00011,0.00004,0.00005,0.00031,0.00235,0.00999
1403715305.813355684280396,0.00762,0.00011,0.00002,0.00006,0.00019,0.00242,0.01042
1403715305.863355636596680,0.00904,0.00011,0.00008,0.00006,0.00076,0.00262,0.01267
1403715305.913355588912964,0.00744,0.00011,0.00006,0.00004,0.00022,0.00234,0.01022
1403715305.963355541229248,0.00738,0.00013,0.00002,0.00006,0.00060,0.00233,0.01052
1403715306.013355493545532,0.00746,0.00011,0.00005,0.00006,0.00015,0.00240,0.01023
1403715306.063355684280396,0.00742,0.00011,0.00005,0.00005,0.00021,0.00260,0.01044
1403715306.113355636596680,0.00873,0.00010,0.00002,0.00006,0.00018,0.00240,0.01149
1403715306.163355588912964,0.00742,0.00012,0.00002,0.00006,0.00016,0.00229,0.01006
1403715306.213355541229248,0.00730,0.00010,0.00004,0.00004,0.00021,0.00233,0.01003
1403715306.263355493545532,0.00866,0.00010,0.00002,0.00005,0.00012,0.00237,0.01132
1403715306.313355684280396,0.00736,0.00011,0.00002,0.00005,0.00089,0.00232,0.01076
1403715306.363355636596680,0.00720,0.00009,0.00008,0.00004,0.00030,0.00235,0.01006
1403715306.413355588912964,0.00714,0.00011,0.00006,0.00006,0.00017,0.00237,0.00990
1403715306.463355541229248,0.00760,0.00011,0.00008,0.00005,0.00093,0.00233,0.01109
1403715306.513355493545532,0.00716,0.00012,0.00003,0.00004,0.00022,0.00233,0.00990
1403715306.563355684280396,0.01043,0.00011,0.00011,0.00004,0.00121,0.00275,0.01465
1403715306.613355636596680,0.01067,0.00012,0.00013,0.00004,0.00031,0.00289,0.01417
1403715306.663355588912964,0.00757,0.00011,0.00014,0.00004,0.00022,0.00231,0.01039
1403715306.713355541229248,0.00719,0.00011,0.00018,0.00005,0.00034,0.00239,0.01026
1403715306.763355493545532,0.00782,0.00011,0.00020,0.00005,0.00017,0.00212,0.01047
1403715306.813355684280396,0.00744,0.00012,0.00016,0.00003,0.00020,0.00228,0.01023
1403715306.863355636596680,0.00732,0.00010,0.00032,0.00005,0.00030,0.00222,0.01030
1403715306.913355588912964,0.01014,0.00011,0.00062,0.00005,0.00305,0.00307,0.01702
1403715306.963355541229248,0.00738,0.00011,0.00039,0.00003,0.00077,0.00235,0.01102
1403715307.013355493545532,0.00807,0.00011,0.00007,0.00006,0.00063,0.00216,0.01110
1403715307.063355684280396,0.00722,0.00012,0.00017,0.00004,0.00219,0.00243,0.01217
1403715307.113355636596680,0.00713,0.00013,0.00005,0.00004,0.00063,0.00214,0.01012
1403715307.163355588912964,0.00704,0.00012,0.00011,0.00004,0.00247,0.00234,0.01211
1403715307.213355541229248,0.00680,0.00011,0.00027,0.00004,0.00042,0.00223,0.00988
1403715307.263355493545532,0.00706,0.00011,0.00012,0.00003,0.00021,0.00226,0.00978
1403715307.313355684280396,0.00773,0.00011,0.00002,0.00006,0.00060,0.00218,0.01070
1403715307.363355636596680,0.00968,0.00012,0.00019,0.00005,0.00050,0.00235,0.01289
1403715307.413355588912964,0.00828,0.00014,0.00026,0.00003,0.00019,0.00219,0.01109
1403715307.463355541229248,0.00764,0.00012,0.00056,0.00004,0.00393,0.00246,0.01475
1403715307.513355493545532,0.00747,0.00010,0.00005,0.00005,0.00202,0.00261,0.01230
1403715307.563355684280396,0.00733,0.00009,0.00015,0.00004,0.00078,0.00218,0.01057
1403715307.613353013992310,0.00724,0.00011,0.00017,0.00004,0.00074,0.00218,0.01047
1403715307.663352966308594,0.00747,0.00011,0.00024,0.00005,0.00121,0.00228,0.01137
1403715307.713349342346191,0.00954,0.00012,0.00017,0.00003,0.00077,0.00283,0.01346
1403715307.763349294662476,0.00752,0.00014,0.00017,0.00005,0.00099,0.00237,0.01124
1403715307.813349485397339,0.00927,0.00011,0.00035,0.00005,0.00028,0.00224,0.01231
1403715307.863349437713623,0.00719,0.00024,0.00085,0.00003,0.00021,0.00247,0.01098
1403715307.913335323333740,0.00963,0.00014,0.00061,0.00004,0.00405,0.00253,0.01699
1403715307.963335275650024,0.00925,0.00010,0.00016,0.00005,0.00028,0.00243,0.01227
1403715308.013335227966309,0.00749,0.00010,0.00012,0.00004,0.00020,0.00247,0.01042
1403715308.063335657119751,0.01005,0.00011,0.00015,0.00004,0.00313,0.00245,0.01594
1403715308.113335132598877,0.00925,0.00014,0.00035,0.00011,0.00047,0.00257,0.01289
1403715308.163335800170898,0.00767,0.00012,0.00018,0.00010,0.00053,0.00240,0.01100
1403715308.213336229324341,0.00759,0.00011,0.00008,0.00011,0.00010,0.00240,0.01039
1403715308.263338565826416,0.00766,0.00010,0.00003,0.00010,0.00184,0.00238,0.01212
1403715308.313338756561279,0.00747,0.00016,0.00026,0.00011,0.00028,0.00260,0.01088
1403715308.363339900970459,0.00765,0.00012,0.00014,0.00013,0.00371,0.00244,0.01419
1403715308.413340568542480,0.00732,0.00012,0.00034,0.00009,0.00026,0.00234,0.01048
1403715308.463341712951660,0.00749,0.00011,0.00028,0.00008,0.00009,0.00243,0.01048
1403715308.513341665267944,0.00690,0.00013,0.00006,0.00005,0.00207,0.00256,0.01177
1403715308.563341856002808,0.00759,0.00012,0.00009,0.00005,0.00008,0.00230,0.01023
1403715308.613341808319092,0.00717,0.00011,0.00004,0.00003,0.00386,0.00214,0.01336
1403715308.663341760635376,0.00660,0.00013,0.00001,0.00004,0.00244,0.00238,0.01159
1403715308.713341712951660,0.00623,0.00010,0.00003,0.00003,0.00014,0.00234,0.00888
1403715308.763341665267944,0.00627,0.00011,0.00002,0.00003,0.00029,0.00230,0.00902
1403715308.813341856002808,0.00661,0.00013,0.00001,0.00004,0.00030,0.00232,0.00941
1403715308.863341808319092,0.00595,0.00012,0.00002,0.00003,0.00031,0.00219,0.00862
1403715308.913341760635376,0.00627,0.00010,0.00002,0.00003,0.00010,0.00226,0.00879
1403715308.963341712951660,0.00698,0.00010,0.00001,0.00004,0.00310,0.00249,0.01272
1403715309.013341665267944,0.00705,0.00010,0.00002,0.00003,0.00013,0.00215,0.00948
1403715309.063341856002808,0.00735,0.00011,0.00002,0.00003,0.00013,0.00222,0.00986
1403715309.113341808319092,0.00778,0.00010,0.00001,0.00004,0.00030,0.00235,0.01058
1403715309.163341760635376,0.00660,0.00011,0.00002,0.00004,0.00011,0.00228,0.00916
1403715309.213341712951660,0.00646,0.00011,0.00002,0.00003,0.00073,0.00233,0.00968
1403715309.263341665267944,0.00778,0.00012,0.00009,0.00003,0.00074,0.00232,0.01107
1403715309.313341856002808,0.00963,0.00012,0.00015,0.00002,0.00014,0.00248,0.01254
1403715309.363341808319092,0.00764,0.00009,0.00005,0.00003,0.00011,0.00225,0.01017
1403715309.413341760635376,0.00877,0.00011,0.00003,0.00004,0.00027,0.00241,0.01163
1403715309.463341712951660,0.00753,0.00011,0.00002,0.00003,0.00055,0.00246,0.01069
1403715309.513341665267944,0.00885,0.00011,0.00011,0.00002,0.00016,0.00248,0.01174
1403715309.563341856002808,0.00769,0.00011,0.00002,0.00005,0.00236,0.00266,0.01289
1403715309.613341808319092,0.00678,0.00011,0.00003,0.00003,0.00012,0.00231,0.00938
1403715309.663341760635376,0.00697,0.00013,0.00002,0.00003,0.00011,0.00229,0.00956
1403715309.713341712951660,0.00687,0.00011,0.00001,0.00004,0.00117,0.00235,0.01055
1403715309.763341665267944,0.00656,0.00012,0.00002,0.00003,0.00011,0.00237,0.00921
1403715309.813341856002808,0.00805,0.00010,0.00008,0.00004,0.00240,0.00265,0.01333
1403715309.863341808319092,0.00659,0.00011,0.00001,0.00004,0.00453,0.00221,0.01349
1403715309.913341760635376,0.00696,0.00011,0.00002,0.00003,0.00014,0.00229,0.00955
1403715309.963341712951660,0.00750,0.00011,0.00002,0.00003,0.00027,0.00227,0.01020
1403715310.013341665267944,0.00891,0.00011,0.00001,0.00004,0.00028,0.00241,0.01176
1403715310.063341856002808,0.00688,0.00012,0.00014,0.00002,0.00077,0.00230,0.01024
1403715310.113341808319092,0.00780,0.00010,0.00002,0.00003,0.00017,0.00237,0.01050
1403715310.163341760635376,0.00675,0.00011,0.00019,0.00003,0.00238,0.00248,0.01195
1403715310.213341712951660,0.00716,0.00010,0.00007,0.00000,0.00036,0.00237,0.01007
1403715310.263341665267944,0.00818,0.00010,0.00006,0.00004,0.00002,0.00236,0.01075
1403715310.313341856002808,0.00832,0.00010,0.00011,0.00002,0.00188,0.00264,0.01306
1403715310.363341808319092,0.00769,0.00012,0.00017,0.00000,0.00010,0.00239,0.01047
1403715310.413341760635376,0.00778,0.00012,0.00017,0.00000,0.00332,0.00231,0.01371
1403715310.463341712951660,0.01094,0.00010,0.00007,0.00000,0.00443,0.00283,0.01837
1403715310.513341665267944,0.00947,0.00012,0.00003,0.00000,0.00038,0.00236,0.01236
1403715310.563341856002808,0.00767,0.00010,0.00009,0.00000,0.00023,0.00235,0.01044
1403715310.613341808319092,0.01034,0.00012,0.00005,0.00000,0.00020,0.00271,0.01342
1403715310.663340806961060,0.00780,0.00011,0.00024,0.00000,0.00044,0.00243,0.01102
1403715310.713340520858765,0.00908,0.00013,0.00025,0.00000,0.00000,0.00247,0.01192
1403715310.763340473175049,0.00784,0.00012,0.00010,0.00000,0.00128,0.00255,0.01189
1403715310.813340663909912,0.00750,0.00012,0.00016,0.00000,0.00027,0.00252,0.01057
1403715310.863340616226196,0.00940,0.00011,0.00005,0.00000,0.00105,0.00261,0.01322
1403715310.913336277008057,0.00758,0.00011,0.00014,0.00000,0.00250,0.00269,0.01302
1403715310.963336229324341,0.00911,0.00011,0.00004,0.00007,0.00010,0.00247,0.01190
1403715311.013334989547729,0.00736,0.00010,0.00014,0.00006,0.00399,0.00245,0.01410
1403715311.063336610794067,0.00735,0.00011,0.00015,0.00002,0.00373,0.00240,0.01377
1403715311.113337039947510,0.00747,0.00010,0.00023,0.00007,0.00000,0.00243,0.01031
1403715311.163337230682373,0.00755,0.00010,0.00007,0.00007,0.00400,0.00241,0.01419
1403715311.213337421417236,0.00881,0.00011,0.00002,0.00006,0.00001,0.00248,0.01148
1403715311.263334274291992,0.00820,0.00011,0.00008,0.00006,0.00170,0.00236,0.01251
1403715311.313334465026855,0.00724,0.00014,0.00001,0.00020,0.00000,0.00242,0.01002
1403715311.363336563110352,0.00746,0.00010,0.00010,0.00018,0.00118,0.00242,0.01145
1403715311.413333415985107,0.00721,0.00010,0.00003,0.00021,0.00037,0.00244,0.01037
1403715311.463336706161499,0.00737,0.00012,0.00030,0.00019,0.00091,0.00241,0.01130
1403715311.513338088989258,0.00710,0.00011,0.00010,0.00019,0.00165,0.00248,0.01163
1403715311.563337802886963,0.00856,0.00011,0.00022,0.00015,0.00010,0.00255,0.01168
1403715311.613337755203247,0.00717,0.00012,0.00025,0.00010,0.00295,0.00262,0.01321
1403715311.663332700729370,0.01043,0.00011,0.00027,0.00008,0.00402,0.00268,0.01759
1403715311.713332414627075,0.00965,0.00010,0.00014,0.00009,0.00001,0.00248,0.01247
1403715311.763332605361938,0.00694,0.00010,0.00032,0.00008,0.00347,0.00258,0.01349
1403715311.813332796096802,0.00873,0.00009,0.00005,0.00007,0.00010,0.00247,0.01151
1403715311.863332748413086,0.00782,0.00011,0.00008,0.00003,0.00000,0.00252,0.01056
1403715311.913332700729370,0.00928,0.00011,0.00020,0.00002,0.00001,0.00252,0.01214
1403715311.963332653045654,0.00825,0.00011,0.00012,0.00000,0.00081,0.00249,0.01177
1403715312.013332605361938,0.00915,0.00011,0.00012,0.00000,0.00000,0.00258,0.01196
1403715312.063332796096802,0.00756,0.00010,0.00031,0.00000,0.00057,0.00244,0.01099
1403715312.113332748413086,0.00761,0.00010,0.00027,0.00000,0.00142,0.00239,0.01179
1403715312.163333177566528,0.00895,0.00010,0.00047,0.00000,0.00023,0.00246,0.01221
1403715312.213333129882812,0.00714,0.00011,0.00043,0.00000,0.00265,0.00247,0.01280
1403715312.263332843780518,0.00765,0.00009,0.00029,0.00000,0.00662,0.00284,0.01749
1403715312.313332319259644,0.00846,0.00011,0.00039,0.00008,0.00010,0.00234,0.01148
1403715312.363331317901611,0.00702,0.00009,0.00002,0.00008,0.00201,0.00211,0.01133
1403715312.413331508636475,0.00729,0.00010,0.00012,0.00002,0.00011,0.00216,0.00981
1403715312.463331937789917,0.00730,0.00011,0.00024,0.00002,0.00000,0.00217,0.00984
1403715312.513331890106201,0.00837,0.00010,0.00021,0.00000,0.00015,0.00216,0.01100
1403715312.563332080841064,0.00994,0.00011,0.00029,0.00006,0.00071,0.00224,0.01336
1403715312.613332748413086,0.00724,0.00009,0.00054,0.00006,0.00000,0.00226,0.01019
1403715312.663332462310791,0.00746,0.00013,0.00030,0.00005,0.00050,0.00220,0.01065
1403715312.713332653045654,0.00742,0.00010,0.00021,0.00006,0.00074,0.00242,0.01095
1403715312.763332843780518,0.00899,0.00010,0.00007,0.00007,0.00000,0.00247,0.01170
1403715312.813332796096802,0.00934,0.00011,0.00036,0.00008,0.00174,0.00294,0.01458
1403715312.863332748413086,0.00679,0.00010,0.00028,0.00000,0.00469,0.00222,0.01408
1403715312.913332700729370,0.00659,0.00009,0.00014,0.00000,0.00000,0.00227,0.00910
1403715312.963332653045654,0.00686,0.00010,0.00018,0.00000,0.00135,0.00270,0.01120
1403715313.013332605361938,0.00955,0.00010,0.00016,0.00000,0.00009,0.00255,0.01244
1403715313.063332796096802,0.00755,0.00010,0.00019,0.00000,0.00063,0.00237,0.01085
1403715313.113331317901611,0.00756,0.00009,0.00056,0.00000,0.00216,0.00243,0.01280
1403715313.163331270217896,0.00672,0.00010,0.00001,0.00000,0.00067,0.00223,0.00973
1403715313.213331222534180,0.00682,0.00010,0.00011,0.00000,0.00000,0.00224,0.00928
1403715313.263331174850464,0.00794,0.00011,0.00011,0.00000,0.00043,0.00224,0.01083
1403715313.313331365585327,0.00835,0.00011,0.00001,0.00000,0.00062,0.00232,0.01141
1403715313.363331317901611,0.00735,0.00010,0.00015,0.00000,0.00140,0.00226,0.01126
1403715313.413331270217896,0.00688,0.00011,0.00006,0.00000,0.00153,0.00234,0.01092
1403715313.463331222534180,0.00688,0.00010,0.00002,0.00000,0.00248,0.00242,0.01189
1403715313.513331174850464,0.00798,0.00011,0.00001,0.00000,0.00000,0.00239,0.01049
1403715313.563331365585327,0.00819,0.00011,0.00002,0.00000,0.00180,0.00270,0.01282
1403715313.613331317901611,0.00773,0.00011,0.00007,0.00000,0.00011,0.00246,0.01048
1403715313.663331270217896,0.00754,0.00010,0.00007,0.00000,0.00020,0.00230,0.01022
1403715313.713331222534180,0.00755,0.00010,0.00014,0.00000,0.00118,0.00227,0.01123
1403715313.763331174850464,0.00775,0.00012,0.00008,0.00000,0.00026,0.00250,0.01072
1403715313.813331365585327,0.00729,0.00011,0.00027,0.00000,0.00000,0.00250,0.01017
1403715313.863331317901611,0.00746,0.00010,0.00005,0.00000,0.00029,0.00248,0.01039
1403715313.913331270217896,0.00712,0.00010,0.00001,0.00000,0.00010,0.00249,0.00982
1403715313.963331222534180,0.00850,0.00011,0.00001,0.00000,0.00063,0.00239,0.01164
1403715314.013331174850464,0.00727,0.00010,0.00010,0.00000,0.00023,0.00238,0.01008
1403715314.063331365585327,0.00744,0.00010,0.00001,0.00000,0.00117,0.00235,0.01107
1403715314.113331317901611,0.00852,0.00010,0.00001,0.00000,0.00000,0.00260,0.01122
1403715314.163331270217896,0.01144,0.00010,0.00009,0.00000,0.00106,0.00269,0.01538
1403715314.213330984115601,0.00772,0.00011,0.00012,0.00000,0.00002,0.00238,0.01036
1403715314.263330936431885,0.00805,0.00012,0.00017,0.00000,0.00013,0.00244,0.01091
1403715314.313331127166748,0.00897,0.00011,0.00007,0.00000,0.00055,0.00248,0.01218
1403715314.363331079483032,0.00735,0.00009,0.00008,0.00000,0.00007,0.00238,0.00997
1403715314.413331031799316,0.01000,0.00009,0.00004,0.00000,0.00000,0.00238,0.01252
1403715314.463330984115601,0.00936,0.00010,0.00005,0.00000,0.00021,0.00226,0.01198
1403715314.513330936431885,0.00685,0.00009,0.00006,0.00000,0.00000,0.00236,0.00937
1403715314.563331127166748,0.00786,0.00010,0.00008,0.00000,0.00018,0.00240,0.01061
1403715314.613331079483032,0.00871,0.00011,0.00005,0.00000,0.00011,0.00245,0.01143
1403715314.663331031799316,0.00747,0.00010,0.00010,0.00000,0.00042,0.00246,0.01055
1403715314.713330984115601,0.00722,0.00010,0.00005,0.00000,0.00063,0.00236,0.01036
1403715314.763330936431885,0.00741,0.00010,0.00001,0.00000,0.00077,0.00238,0.01067
1403715314.813331127166748,0.00747,0.00011,0.00001,0.00000,0.00000,0.00245,0.01003
1403715314.863331079483032,0.00756,0.00010,0.00006,0.00000,0.00009,0.00245,0.01026
1403715314.913331031799316,0.00721,0.00012,0.00004,0.00000,0.00039,0.00230,0.01006
1403715314.963330984115601,0.00774,0.00011,0.00004,0.00000,0.00119,0.00240,0.01149
1403715315.013330936431885,0.00727,0.00010,0.00003,0.00000,0.00000,0.00240,0.00981
1403715315.063331127166748,0.00746,0.00009,0.00004,0.00000,0.00018,0.00237,0.01014
1403715315.113331079483032,0.00755,0.00009,0.00005,0.00000,0.00000,0.00238,0.01008
1403715315.163331031799316,0.00866,0.00009,0.00004,0.00000,0.00016,0.00242,0.01136
1403715315.213330984115601,0.00739,0.00009,0.00014,0.00000,0.00011,0.00235,0.01008
1403715315.263330936431885,0.00693,0.00011,0.00005,0.00000,0.00086,0.00224,0.01019
1403715315.313331127166748,0.00813,0.00011,0.00005,0.00000,0.00073,0.00235,0.01137
1403715315.363331079483032,0.00754,0.00009,0.00007,0.00000,0.00066,0.00230,0.01066
1403715315.413331031799316,0.00956,0.00011,0.00005,0.00000,0.00000,0.00249,0.01221
1403715315.463330984115601,0.00798,0.00010,0.00008,0.00000,0.00009,0.00241,0.01066
1403715315.513330936431885,0.00762,0.00011,0.00006,0.00000,0.00035,0.00246,0.01060
1403715315.563331127166748,0.00835,0.00010,0.00013,0.00000,0.00119,0.00223,0.01200
1403715315.613331079483032,0.00703,0.00010,0.00005,0.00000,0.00000,0.00236,0.00954
1403715315.663331031799316,0.00746,0.00009,0.00004,0.00000,0.00012,0.00229,0.01000
1403715315.713330984115601,0.00695,0.00009,0.00006,0.00000,0.00020,0.00222,0.00953
1403715315.763330936431885,0.00724,0.00010,0.00005,0.00000,0.00014,0.00229,0.00983
1403715315.813331127166748,0.00890,0.00011,0.00014,0.00000,0.00011,0.00238,0.01163
1403715315.863331079483032,0.00867,0.00010,0.00012,0.00000,0.00094,0.00209,0.01192
1403715315.913331031799316,0.00685,0.00009,0.00003,0.00000,0.00066,0.00221,0.00984
1403715315.963330984115601,0.00660,0.00009,0.00006,0.00000,0.00121,0.00255,0.01051
1403715316.013330936431885,0.00656,0.00010,0.00001,0.00000,0.00000,0.00227,0.00894
1403715316.063331127166748,0.00687,0.00010,0.00009,0.00000,0.00009,0.00229,0.00944
1403715316.113331079483032,0.00912,0.00010,0.00006,0.00000,0.00029,0.00220,0.01178
1403715316.163331031799316,0.00735,0.00010,0.00016,0.00000,0.00069,0.00225,0.01055
1403715316.213330984115601,0.00676,0.00011,0.00006,0.00000,0.00000,0.00227,0.00920
1403715316.263330936431885,0.00946,0.00010,0.00014,0.00000,0.00008,0.00222,0.01200
1403715316.313331127166748,0.00680,0.00010,0.00009,0.00000,0.00003,0.00236,0.00938
1403715316.363331079483032,0.00693,0.00010,0.00015,0.00000,0.00049,0.00219,0.00987
1403715316.413331031799316,0.00782,0.00011,0.00021,0.00000,0.00014,0.00222,0.01050
1403715316.463330984115601,0.00819,0.00010,0.00005,0.00000,0.00062,0.00228,0.01124
1403715316.513330936431885,0.00679,0.00010,0.00017,0.00000,0.00050,0.00233,0.00989
1403715316.563331127166748,0.00727,0.00011,0.00024,0.00000,0.00110,0.00252,0.01123
1403715316.613331079483032,0.00654,0.00010,0.00001,0.00000,0.00000,0.00245,0.00910
1403715316.663331031799316,0.00667,0.00009,0.00001,0.00000,0.00119,0.00233,0.01028
1403715316.713330984115601,0.00771,0.00011,0.00004,0.00000,0.00011,0.00233,0.01029
1403715316.763337850570679,0.00749,0.00010,0.00001,0.00000,0.00101,0.00243,0.01104
1403715316.813338041305542,0.00851,0.00009,0.00001,0.00003,0.00157,0.00254,0.01275
1403715316.863337993621826,0.00736,0.00010,0.00007,0.00002,0.00007,0.00242,0.01004
1403715316.913337945938110,0.00722,0.00011,0.00005,0.00000,0.00012,0.00235,0.00985
1403715316.963337898254395,0.00872,0.00010,0.00005,0.00000,0.00040,0.00239,0.01166
1403715317.013337850570679,0.00705,0.00011,0.00006,0.00000,0.00125,0.00225,0.01071
1403715317.063338041305542,0.01179,0.00010,0.00006,0.00000,0.00096,0.00264,0.01555
1403715317.113337993621826,0.00803,0.00010,0.00010,0.00000,0.00049,0.00236,0.01109
1403715317.163337945938110,0.00796,0.00011,0.00005,0.00000,0.00084,0.00234,0.01129
1403715317.213337898254395,0.00743,0.00010,0.00005,0.00000,0.00000,0.00242,0.01000
1403715317.263337850570679,0.00792,0.00012,0.00021,0.00000,0.00152,0.00229,0.01206
1403715317.313338041305542,0.00739,0.00010,0.00009,0.00000,0.00026,0.00237,0.01022
1403715317.363337993621826,0.00747,0.00010,0.00004,0.00000,0.00085,0.00236,0.01082
1403715317.413337945938110,0.00761,0.00010,0.00004,0.00000,0.00199,0.00227,0.01202
1403715317.463337898254395,0.00737,0.00009,0.00001,0.00000,0.00006,0.00238,0.00991
1403715317.513337850570679,0.00698,0.00010,0.00004,0.00000,0.00018,0.00232,0.00963
1403715317.563338041305542,0.00751,0.00012,0.00007,0.00000,0.00040,0.00234,0.01044
1403715317.613337993621826,0.00741,0.00011,0.00005,0.00000,0.00371,0.00277,0.01405
1403715317.663337945938110,0.00777,0.00012,0.00005,0.00000,0.00093,0.00257,0.01144
1403715317.713337898254395,0.00728,0.00010,0.00024,0.00000,0.00070,0.00238,0.01070
1403715317.763337850570679,0.00962,0.00009,0.00006,0.00000,0.00059,0.00264,0.01300
1403715317.813338041305542,0.00779,0.00009,0.00008,0.00000,0.00000,0.00245,0.01041
1403715317.863337993621826,0.01051,0.00013,0.00006,0.00000,0.00159,0.00249,0.01478
1403715317.913337945938110,0.00975,0.00013,0.00027,0.00000,0.00025,0.00254,0.01293
1403715317.963337898254395,0.00803,0.00011,0.00025,0.00000,0.00083,0.00257,0.01179
1403715318.013337850570679,0.00920,0.00010,0.00013,0.00000,0.00172,0.00267,0.01383
1403715318.063338041305542,0.00914,0.00011,0.00003,0.00000,0.00004,0.00245,0.01177
1403715318.113337993621826,0.00769,0.00011,0.00009,0.00000,0.00018,0.00248,0.01055
1403715318.163337945938110,0.00760,0.00011,0.00008,0.00000,0.00019,0.00241,0.01039
1403715318.213337898254395,0.00761,0.00012,0.00001,0.00000,0.00328,0.00259,0.01361
1403715318.263337850570679,0.00761,0.00011,0.00003,0.00000,0.00065,0.00258,0.01098
1403715318.313338041305542,0.00881,0.00010,0.00001,0.00000,0.00074,0.00247,0.01213
1403715318.363337993621826,0.00887,0.00012,0.00001,0.00000,0.00060,0.00257,0.01216
1403715318.413337945938110,0.00932,0.00009,0.00004,0.00000,0.00057,0.00244,0.01247
1403715318.463337898254395,0.00749,0.00010,0.00003,0.00000,0.00081,0.00241,0.01085
1403715318.513337850570679,0.00737,0.00011,0.00005,0.00000,0.00003,0.00241,0.00996
1403715318.563338041305542,0.00829,0.00010,0.00008,0.00000,0.00012,0.00231,0.01089
1403715318.613337993621826,0.00719,0.00011,0.00001,0.00000,0.00030,0.00241,0.01002
1403715318.663337945938110,0.00736,0.00011,0.00010,0.00000,0.00000,0.00239,0.00996
1403715318.713337898254395,0.01312,0.00010,0.00022,0.00000,0.00004,0.00266,0.01615
1403715318.763337850570679,0.00997,0.00010,0.00004,0.00000,0.00003,0.00246,0.01260
1403715318.813338041305542,0.00809,0.00011,0.00013,0.00000,0.00046,0.00244,0.01123
1403715318.863337993621826,0.00936,0.00011,0.00005,0.00000,0.00007,0.00241,0.01199
1403715318.913337945938110,0.00768,0.00010,0.00004,0.00000,0.00028,0.00247,0.01056
1403715318.963337898254395,0.00940,0.00010,0.00001,0.00000,0.00009,0.00251,0.01210
1403715319.013337850570679,0.00750,0.00010,0.00007,0.00000,0.00051,0.00242,0.01060
1403715319.063338041305542,0.00743,0.00010,0.00004,0.00000,0.00012,0.00244,0.01014
1403715319.113337993621826,0.00746,0.00010,0.00006,0.00000,0.00003,0.00234,0.01000
1403715319.163337945938110,0.00759,0.00012,0.00008,0.00000,0.00014,0.00256,0.01048
1403715319.213337898254395,0.00770,0.00010,0.00015,0.00000,0.00030,0.00236,0.01062
1403715319.263337850570679,0.00769,0.00012,0.00011,0.00000,0.00111,0.00226,0.01128
1403715319.313338041305542,0.00703,0.00010,0.00001,0.00000,0.00005,0.00230,0.00948
1403715319.363337993621826,0.01007,0.00010,0.00003,0.00000,0.00000,0.00251,0.01272
1403715319.413337945938110,0.00961,0.00010,0.00008,0.00000,0.00042,0.00244,0.01266
1403715319.463337898254395,0.00777,0.00010,0.00011,0.00000,0.00002,0.00247,0.01047
1403715319.513337850570679,0.00746,0.00010,0.00010,0.00000,0.00016,0.00240,0.01022
1403715319.563338041305542,0.00969,0.00010,0.00012,0.00000,0.00000,0.00243,0.01234
1403715319.613337993621826,0.00879,0.00011,0.00014,0.00000,0.00203,0.00236,0.01343
1403715319.663337945938110,0.00889,0.00009,0.00014,0.00000,0.00010,0.00243,0.01165
1403715319.713337898254395,0.00870,0.00010,0.00011,0.00000,0.00000,0.00243,0.01135
1403715319.763337850570679,0.00709,0.00010,0.00001,0.00000,0.00006,0.00234,0.00960
1403715319.813338041305542,0.00697,0.00012,0.00001,0.00000,0.00021,0.00240,0.00971
1403715319.863337993621826,0.00745,0.00010,0.00001,0.00000,0.00306,0.00242,0.01305
1403715319.913337945938110,0.00821,0.00010,0.00007,0.00000,0.00322,0.00268,0.01428
1403715319.963337898254395,0.00867,0.00010,0.00001,0.00000,0.00000,0.00231,0.01109
1403715320.013337850570679,0.00914,0.00010,0.00016,0.00000,0.00227,0.00267,0.01434
1403715320.063338041305542,0.00644,0.00010,0.00019,0.00000,0.00000,0.00221,0.00893
1403715320.113337993621826,0.00966,0.00012,0.00037,0.00000,0.00042,0.00245,0.01302
1403715320.163337945938110,0.00743,0.00012,0.00011,0.00000,0.00000,0.00241,0.01006
1403715320.213337898254395,0.00688,0.00010,0.00007,0.00000,0.00206,0.00247,0.01158
1403715320.263337850570679,0.00713,0.00009,0.00024,0.00000,0.00074,0.00247,0.01067
1403715320.313338041305542,0.00877,0.00010,0.00001,0.00000,0.00000,0.00234,0.01123
1403715320.363337993621826,0.00762,0.00011,0.00024,0.00000,0.00000,0.00238,0.01035
1403715320.413337945938110,0.00734,0.00010,0.00033,0.00000,0.00091,0.00239,0.01109
1403715320.463337898254395,0.01154,0.00010,0.00003,0.00000,0.00277,0.00267,0.01711
1403715320.513337850570679,0.00768,0.00010,0.00043,0.00000,0.00248,0.00238,0.01307
1403715320.563338041305542,0.00835,0.00014,0.00007,0.00000,0.00217,0.00237,0.01310
1403715320.613337993621826,0.00724,0.00009,0.00006,0.00000,0.00229,0.00245,0.01213
1403715320.663337945938110,0.00690,0.00012,0.00013,0.00000,0.00000,0.00236,0.00951
1403715320.713337898254395,0.00728,0.00010,0.00027,0.00000,0.00047,0.00231,0.01043
1403715320.763337850570679,0.00704,0.00011,0.00006,0.00000,0.00000,0.00235,0.00955
1403715320.813338041305542,0.00638,0.00012,0.00001,0.00000,0.00176,0.00242,0.01069
1403715320.863337993621826,0.00943,0.00012,0.00009,0.00000,0.00000,0.00240,0.01204
1403715320.913337945938110,0.00887,0.00011,0.00001,0.00000,0.00000,0.00239,0.01138
1403715320.963337898254395,0.00738,0.00010,0.00001,0.00000,0.00000,0.00245,0.00994
1403715321.013337850570679,0.00882,0.00010,0.00001,0.00000,0.00382,0.00262,0.01537
1403715321.063338041305542,0.00826,0.00009,0.00001,0.00000,0.00276,0.00246,0.01358
1403715321.113337993621826,0.00652,0.00025,0.00001,0.00000,0.00239,0.00234,0.01151
1403715321.163337945938110,0.00738,0.00011,0.00001,0.00000,0.00276,0.00229,0.01255
1403715321.213337898254395,0.00642,0.00010,0.00001,0.00000,0.00183,0.00282,0.01117
1403715321.263337850570679,0.00653,0.00009,0.00000,0.00000,0.00000,0.00236,0.00899
1403715321.313338041305542,0.00559,0.00011,0.00001,0.00000,0.00046,0.00235,0.00851
1403715321.363337993621826,0.00682,0.00011,0.00001,0.00000,0.00000,0.00236,0.00930
1403715321.413337945938110,0.00658,0.00013,0.00001,0.00000,0.00183,0.00229,0.01085
1403715321.463337898254395,0.00738,0.00009,0.00001,0.00000,0.00000,0.00250,0.00998
1403715321.513337850570679,0.00818,0.00011,0.00001,0.00000,0.00000,0.00246,0.01077
1403715321.563338041305542,0.00746,0.00011,0.00001,0.00000,0.00000,0.00246,0.01004
1403715321.613337993621826,0.00649,0.00012,0.00001,0.00000,0.00052,0.00229,0.00943
1403715321.663337945938110,0.00683,0.00011,0.00004,0.00000,0.00041,0.00239,0.00979
1403715321.713337898254395,0.00693,0.00010,0.00004,0.00000,0.00034,0.00228,0.00969
1403715321.763337850570679,0.00802,0.00010,0.00004,0.00000,0.00031,0.00239,0.01086
1403715321.813338041305542,0.00607,0.00012,0.00007,0.00000,0.00021,0.00222,0.00871
1403715321.863337993621826,0.00659,0.00010,0.00000,0.00000,0.00000,0.00230,0.00901
1403715321.913337945938110,0.00620,0.00012,0.00001,0.00000,0.00010,0.00221,0.00864
1403715321.963337898254395,0.00711,0.00010,0.00006,0.00000,0.00000,0.00231,0.00959
1403715322.013337850570679,0.01094,0.00010,0.00001,0.00000,0.00029,0.00241,0.01375
1403715322.063338041305542,0.00822,0.00011,0.00004,0.00000,0.00000,0.00252,0.01089
1403715322.113337993621826,0.00921,0.00010,0.00010,0.00000,0.00000,0.00245,0.01187
1403715322.163337945938110,0.00789,0.00011,0.00004,0.00000,0.00000,0.00250,0.01053
1403715322.213337898254395,0.00806,0.00011,0.00006,0.00000,0.00051,0.00242,0.01115
1403715322.263337850570679,0.00840,0.00010,0.00011,0.00000,0.00038,0.00246,0.01145
1403715322.313338041305542,0.00904,0.00010,0.00004,0.00000,0.00034,0.00233,0.01184
1403715322.363337993621826,0.00765,0.00010,0.00010,0.00000,0.00028,0.00231,0.01043
1403715322.413337945938110,0.00754,0.00011,0.00006,0.00000,0.00012,0.00250,0.01033
1403715322.463337898254395,0.00727,0.00009,0.00008,0.00000,0.00000,0.00248,0.00992
1403715322.513337850570679,0.01197,0.00011,0.00018,0.00000,0.00008,0.00256,0.01490
1403715322.563338041305542,0.00830,0.00009,0.00013,0.00000,0.00044,0.00238,0.01134
1403715322.613337993621826,0.00744,0.00010,0.00003,0.00000,0.00021,0.00237,0.01015
1403715322.663337945938110,0.00730,0.00009,0.00005,0.00000,0.00000,0.00240,0.00984
1403715322.713337898254395,0.00733,0.00011,0.00005,0.00000,0.00000,0.00237,0.00986
1403715322.763337850570679,0.00690,0.00011,0.00008,0.00000,0.00000,0.00236,0.00946
1403715322.813338041305542,0.00628,0.00011,0.00004,0.00000,0.00026,0.00235,0.00904
1403715322.863337993621826,0.00641,0.00009,0.00005,0.00000,0.00038,0.00226,0.00920
1403715322.913337945938110,0.00605,0.00010,0.00004,0.00000,0.00027,0.00224,0.00871
1403715322.963337898254395,0.00650,0.00011,0.00008,0.00000,0.00018,0.00226,0.00913
1403715323.013337850570679,0.00685,0.00011,0.00001,0.00000,0.00000,0.00222,0.00919
1403715323.063338041305542,0.00688,0.00010,0.00010,0.00000,0.00055,0.00224,0.00986
1403715323.113337993621826,0.00633,0.00010,0.00004,0.00000,0.00005,0.00225,0.00877
1403715323.163337945938110,0.00871,0.00010,0.00005,0.00000,0.00024,0.00229,0.01139
1403715323.213337898254395,0.00661,0.00010,0.00006,0.00000,0.00017,0.00236,0.00930
1403715323.263337850570679,0.00774,0.00010,0.00001,0.00000,0.00000,0.00231,0.01016
1403715323.313338041305542,0.00778,0.00012,0.00005,0.00000,0.00000,0.00241,0.01036
1403715323.363337993621826,0.00709,0.00012,0.00006,0.00000,0.00000,0.00235,0.00962
1403715323.413337945938110,0.00718,0.00011,0.00007,0.00000,0.00021,0.00225,0.00981
1403715323.463337898254395,0.00701,0.00010,0.00005,0.00000,0.00036,0.00227,0.00979
1403715323.513337850570679,0.00713,0.00011,0.00014,0.00000,0.00028,0.00233,0.01000
1403715323.563338041305542,0.00690,0.00010,0.00006,0.00000,0.00016,0.00220,0.00943
1403715323.613337993621826,0.00735,0.00012,0.00012,0.00000,0.00000,0.00222,0.00981
1403715323.663337945938110,0.00750,0.00011,0.00013,0.00000,0.00034,0.00222,0.01029
1403715323.713337898254395,0.00912,0.00013,0.00025,0.00000,0.00069,0.00214,0.01233
1403715323.763337850570679,0.00730,0.00010,0.00006,0.00000,0.00023,0.00211,0.00980
1403715323.813338041305542,0.00856,0.00011,0.00011,0.00000,0.00000,0.00210,0.01088
1403715323.863337993621826,0.00843,0.00009,0.00005,0.00000,0.00000,0.00226,0.01083
1403715323.913337945938110,0.00712,0.00012,0.00023,0.00000,0.00000,0.00232,0.00979
1403715323.963337898254395,0.00997,0.00013,0.00010,0.00000,0.00000,0.00241,0.01261
1403715324.013337850570679,0.00706,0.00010,0.00025,0.00000,0.00008,0.00231,0.00981
1403715324.063338041305542,0.00700,0.00010,0.00016,0.00000,0.00025,0.00214,0.00964
1403715324.113334417343140,0.00685,0.00010,0.00018,0.00000,0.00024,0.00226,0.00963
1403715324.163334369659424,0.00705,0.00014,0.00004,0.00000,0.00018,0.00240,0.00982
1403715324.213334321975708,0.00717,0.00011,0.00015,0.00000,0.00000,0.00261,0.01004
1403715324.263334274291992,0.00702,0.00011,0.00004,0.00000,0.00199,0.00214,0.01130
1403715324.313334465026855,0.00672,0.00009,0.00001,0.00000,0.00098,0.00228,0.01007
1403715324.363334417343140,0.00718,0.00010,0.00001,0.00000,0.00044,0.00219,0.00992
1403715324.413334369659424,0.00651,0.00011,0.00001,0.00000,0.00026,0.00214,0.00903
1403715324.463334321975708,0.00687,0.00010,0.00001,0.00000,0.00000,0.00211,0.00909
1403715324.513334274291992,0.00707,0.00011,0.00019,0.00000,0.00103,0.00246,0.01086
1403715324.563334465026855,0.00898,0.00010,0.00001,0.00000,0.00000,0.00237,0.01146
1403715324.613334417343140,0.00676,0.00011,0.00001,0.00000,0.00007,0.00230,0.00926
1403715324.663334369659424,0.00980,0.00009,0.00001,0.00000,0.00062,0.00240,0.01293
1403715324.713334321975708,0.00679,0.00011,0.00012,0.00000,0.00014,0.00238,0.00953
1403715324.763334274291992,0.00700,0.00010,0.00005,0.00000,0.00044,0.00221,0.00979
1403715324.813334465026855,0.00644,0.00010,0.00001,0.00000,0.00000,0.00222,0.00877
1403715324.863334417343140,0.00689,0.00010,0.00001,0.00000,0.00105,0.00219,0.01025
1403715324.913334369659424,0.00751,0.00013,0.00001,0.00000,0.00033,0.00236,0.01034
1403715324.963334321975708,0.00724,0.00010,0.00005,0.00000,0.00039,0.00238,0.01016
1403715325.013334274291992,0.00710,0.00009,0.00001,0.00000,0.00008,0.00213,0.00942
1403715325.063334465026855,0.00808,0.00011,0.00004,0.00000,0.00000,0.00215,0.01038
1403715325.113334417343140,0.00680,0.00009,0.00001,0.00000,0.00098,0.00221,0.01010
1403715325.163334369659424,0.00616,0.00010,0.00001,0.00000,0.00000,0.00227,0.00854
1403715325.213334321975708,0.00734,0.00009,0.00005,0.00000,0.00029,0.00229,0.01006
1403715325.263334274291992,0.00719,0.00010,0.00001,0.00000,0.00018,0.00228,0.00975
1403715325.313334465026855,0.00707,0.00009,0.00001,0.00000,0.00018,0.00215,0.00951
1403715325.363334417343140,0.00732,0.00010,0.00003,0.00000,0.00014,0.00227,0.00986
1403715325.413334369659424,0.00671,0.00011,0.00001,0.00000,0.00000,0.00240,0.00923
1403715325.463334321975708,0.00696,0.00011,0.00004,0.00000,0.00052,0.00227,0.00991
1403715325.513334274291992,0.00646,0.00010,0.00001,0.00000,0.00031,0.00209,0.00898
1403715325.563334465026855,0.00647,0.00010,0.00001,0.00000,0.00021,0.00225,0.00904
1403715325.613334417343140,0.00675,0.00011,0.00001,0.00000,0.00008,0.00246,0.00940
1403715325.663334369659424,0.00664,0.00011,0.00001,0.00000,0.00000,0.00224,0.00900
1403715325.713334321975708,0.00887,0.00010,0.00005,0.00000,0.00034,0.00226,0.01163
1403715325.763334274291992,0.00876,0.00010,0.00001,0.00000,0.00000,0.00236,0.01123
1403715325.813334465026855,0.00867,0.00011,0.00001,0.00000,0.00056,0.00235,0.01170
1403715325.863334417343140,0.00736,0.00010,0.00001,0.00000,0.00014,0.00234,0.00994
1403715325.913334369659424,0.00747,0.00009,0.00001,0.00000,0.00037,0.00234,0.01027
1403715325.963334321975708,0.00806,0.00010,0.00001,0.00000,0.00015,0.00231,0.01062
1403715326.013334274291992,0.00692,0.00010,0.00001,0.00000,0.00000,0.00233,0.00935
1403715326.063334465026855,0.00762,0.00010,0.00001,0.00000,0.00057,0.00229,0.01058
1403715326.113334417343140,0.00688,0.00010,0.00001,0.00000,0.00014,0.00233,0.00946
1403715326.163334369659424,0.00747,0.00010,0.00001,0.00000,0.00022,0.00230,0.01009
1403715326.213334321975708,0.00738,0.00010,0.00001,0.00000,0.00007,0.00228,0.00984
1403715326.263334274291992,0.00824,0.00009,0.00001,0.00000,0.00000,0.00230,0.01064
1403715326.313334465026855,0.00826,0.00009,0.00001,0.00000,0.00048,0.00238,0.01123
1403715326.363334417343140,0.00878,0.00010,0.00001,0.00000,0.00000,0.00230,0.01119
1403715326.413334369659424,0.00874,0.00010,0.00001,0.00000,0.00024,0.00240,0.01149
1403715326.463334321975708,0.00896,0.00010,0.00001,0.00000,0.00022,0.00228,0.01157
1403715326.513334274291992,0.00721,0.00010,0.00003,0.00000,0.00021,0.00226,0.00982
1403715326.563334465026855,0.00724,0.00009,0.00004,0.00000,0.00016,0.00230,0.00983
1403715326.613334417343140,0.00726,0.00010,0.00001,0.00000,0.00000,0.00231,0.00967
1403715326.663334369659424,0.00685,0.00010,0.00001,0.00000,0.00051,0.00234,0.00981
1403715326.713334321975708,0.00676,0.00012,0.00001,0.00000,0.00013,0.00243,0.00945
1403715326.763334274291992,0.00712,0.00009,0.00004,0.00000,0.00020,0.00230,0.00976
1403715326.813334465026855,0.01276,0.00011,0.00001,0.00000,0.00007,0.00281,0.01576
1403715326.863334417343140,0.01002,0.00010,0.00011,0.00000,0.00000,0.00249,0.01273
1403715326.913334369659424,0.00963,0.00011,0.00005,0.00000,0.00046,0.00248,0.01272
1403715326.963334321975708,0.00801,0.00011,0.00001,0.00000,0.00000,0.00241,0.01053
1403715327.013334274291992,0.00783,0.00010,0.00005,0.00000,0.00018,0.00230,0.01047
1403715327.063334465026855,0.00746,0.00012,0.00001,0.00000,0.00022,0.00235,0.01016
1403715327.113334417343140,0.00702,0.00011,0.00005,0.00000,0.00021,0.00239,0.00978
1403715327.163334369659424,0.00707,0.00011,0.00001,0.00000,0.00017,0.00242,0.00978
1403715327.213334321975708,0.00789,0.00010,0.00004,0.00000,0.00000,0.00239,0.01042
1403715327.263334274291992,0.00726,0.00011,0.00005,0.00000,0.00054,0.00235,0.01031
1403715327.313334465026855,0.00713,0.00011,0.00004,0.00000,0.00009,0.00235,0.00972
1403715327.363334417343140,0.00700,0.00010,0.00001,0.00000,0.00095,0.00230,0.01036
1403715327.413334369659424,0.00680,0.00010,0.00001,0.00000,0.00006,0.00230,0.00927
1403715327.463334321975708,0.00652,0.00011,0.00002,0.00000,0.00000,0.00227,0.00893
1403715327.513334274291992,0.00652,0.00010,0.00008,0.00000,0.00034,0.00217,0.00921
1403715327.563334465026855,0.00643,0.00010,0.00001,0.00000,0.00000,0.00222,0.00876
1403715327.613334417343140,0.00635,0.00011,0.00001,0.00000,0.00020,0.00233,0.00900
1403715327.663334369659424,0.00764,0.00010,0.00004,0.00000,0.00022,0.00233,0.01033
1403715327.713334321975708,0.00700,0.00009,0.00004,0.00000,0.00021,0.00214,0.00948
1403715327.763334274291992,0.00727,0.00010,0.00004,0.00000,0.00016,0.00233,0.00990
1403715327.813334465026855,0.00628,0.00010,0.00001,0.00000,0.00000,0.00227,0.00866
1403715327.863334417343140,0.00632,0.00010,0.00005,0.00000,0.00049,0.00229,0.00925
1403715327.913334369659424,0.00678,0.00010,0.00001,0.00000,0.00010,0.00225,0.00924
1403715327.963334321975708,0.00657,0.00013,0.00005,0.00000,0.00084,0.00242,0.01002
1403715328.013334274291992,0.00701,0.00009,0.00001,0.00000,0.00005,0.00230,0.00946
1403715328.063334465026855,0.00740,0.00010,0.00001,0.00000,0.00000,0.00229,0.00980
1403715328.113334417343140,0.00639,0.00010,0.00002,0.00000,0.00034,0.00230,0.00915
1403715328.163334369659424,0.00615,0.00009,0.00003,0.00000,0.00000,0.00221,0.00849
1403715328.213334321975708,0.00682,0.00010,0.00004,0.00000,0.00016,0.00222,0.00933
1403715328.263334274291992,0.00673,0.00010,0.00005,0.00000,0.00019,0.00231,0.00937
1403715328.313334465026855,0.00741,0.00010,0.00001,0.00000,0.00020,0.00245,0.01017
1403715328.363334417343140,0.00764,0.00011,0.00001,0.00000,0.00015,0.00235,0.01025
1403715328.413334369659424,0.00717,0.00009,0.00001,0.00000,0.00000,0.00234,0.00961
1403715328.463334321975708,0.00746,0.00011,0.00001,0.00000,0.00040,0.00231,0.01029
1403715328.513334274291992,0.00730,0.00011,0.00001,0.00000,0.00010,0.00228,0.00979
1403715328.563334465026855,0.00702,0.00011,0.00001,0.00000,0.00079,0.00230,0.01023
1403715328.613334417343140,0.00730,0.00011,0.00001,0.00000,0.00003,0.00248,0.00993
1403715328.663334369659424,0.00776,0.00010,0.00001,0.00000,0.00000,0.00231,0.01018
1403715328.713334321975708,0.00730,0.00011,0.00001,0.00000,0.00034,0.00229,0.01004
1403715328.763334274291992,0.00846,0.00010,0.00001,0.00000,0.00000,0.00231,0.01088
1403715328.813334465026855,0.00777,0.00010,0.00001,0.00000,0.00020,0.00236,0.01044
1403715328.863334417343140,0.00732,0.00010,0.00001,0.00000,0.00021,0.00237,0.01001
1403715328.913334369659424,0.00699,0.00011,0.00004,0.00000,0.00022,0.00238,0.00973
1403715328.963334321975708,0.00810,0.00011,0.00001,0.00000,0.00018,0.00235,0.01074
1403715329.013334274291992,0.00710,0.00012,0.00001,0.00000,0.00000,0.00231,0.00954
1403715329.063334465026855,0.00637,0.00010,0.00004,0.00000,0.00040,0.00219,0.00911
1403715329.113334417343140,0.00695,0.00010,0.00005,0.00000,0.00008,0.00221,0.00939
1403715329.163334369659424,0.00667,0.00010,0.00008,0.00000,0.00066,0.00217,0.00968
1403715329.213334321975708,0.00726,0.00011,0.00004,0.00000,0.00002,0.00238,0.00981
1403715329.263334274291992,0.01138,0.00011,0.00002,0.00000,0.00000,0.00239,0.01389
1403715329.313334465026855,0.00819,0.00012,0.00010,0.00000,0.00024,0.00255,0.01119
1403715329.363334417343140,0.01018,0.00014,0.00004,0.00000,0.00000,0.00264,0.01300
1403715329.413334369659424,0.00793,0.00013,0.00002,0.00000,0.00016,0.00253,0.01077
1403715329.463334321975708,0.00819,0.00012,0.00005,0.00000,0.00013,0.00249,0.01098
1403715329.513334274291992,0.00821,0.00011,0.00007,0.00000,0.00013,0.00264,0.01116
1403715329.563334465026855,0.00996,0.00013,0.00004,0.00000,0.00010,0.00262,0.01286
1403715329.613334417343140,0.00734,0.00011,0.00005,0.00000,0.00000,0.00248,0.00999
1403715329.663334369659424,0.00718,0.00010,0.00001,0.00000,0.00034,0.00242,0.01005
1403715329.713334321975708,0.00728,0.00010,0.00001,0.00000,0.00005,0.00241,0.00985
1403715329.763334274291992,0.00667,0.00011,0.00001,0.00000,0.00049,0.00227,0.00955
1403715329.813334465026855,0.00700,0.00011,0.00006,0.00000,0.00106,0.00251,0.01075
1403715329.863334417343140,0.00686,0.00011,0.00001,0.00000,0.00000,0.00245,0.00943
1403715329.913334369659424,0.00746,0.00018,0.00003,0.00000,0.00038,0.00266,0.01072
1403715329.963334321975708,0.00774,0.00011,0.00001,0.00000,0.00000,0.00242,0.01027
1403715330.013334274291992,0.00746,0.00012,0.00001,0.00000,0.00017,0.00240,0.01017
1403715330.063334465026855,0.00833,0.00013,0.00004,0.00000,0.00015,0.00249,0.01113
1403715330.113334417343140,0.00686,0.00010,0.00002,0.00000,0.00020,0.00221,0.00939
1403715330.163334369659424,0.00752,0.00011,0.00004,0.00000,0.00012,0.00248,0.01026
1403715330.213334321975708,0.00762,0.00011,0.00005,0.00000,0.00000,0.00247,0.01026
1403715330.263334274291992,0.00682,0.00012,0.00004,0.00000,0.00033,0.00227,0.00958
1403715330.313334465026855,0.00711,0.00010,0.00001,0.00000,0.00004,0.00247,0.00974
1403715330.363334417343140,0.00783,0.00010,0.00001,0.00000,0.00044,0.00232,0.01070
1403715330.413334369659424,0.00676,0.00010,0.00004,0.00000,0.00106,0.00238,0.01034
1403715330.463334321975708,0.00676,0.00011,0.00001,0.00000,0.00000,0.00246,0.00933
1403715330.513334274291992,0.00746,0.00010,0.00001,0.00000,0.00019,0.00241,0.01016
1403715330.563334465026855,0.00669,0.00009,0.00001,0.00000,0.00000,0.00235,0.00915
1403715330.613334417343140,0.00674,0.00010,0.00001,0.00000,0.00018,0.00241,0.00943
1403715330.663334369659424,0.00745,0.00009,0.00001,0.00000,0.00018,0.00231,0.01005
1403715330.713334321975708,0.00717,0.00011,0.00001,0.00000,0.00020,0.00243,0.00991
1403715330.763334274291992,0.00675,0.00010,0.00001,0.00000,0.00014,0.00247,0.00947
1403715330.813334465026855,0.00747,0.00010,0.00001,0.00000,0.00000,0.00247,0.01005
1403715330.863334417343140,0.00703,0.00010,0.00005,0.00000,0.00036,0.00237,0.00991
1403715330.913334369659424,0.00742,0.00010,0.00001,0.00000,0.00005,0.00237,0.00995
1403715330.963334321975708,0.00691,0.00012,0.00004,0.00000,0.00042,0.00230,0.00979
1403715331.013334274291992,0.00755,0.00009,0.00004,0.00000,0.00105,0.00214,0.01088
1403715331.063334465026855,0.00764,0.00013,0.00002,0.00000,0.00000,0.00226,0.01005
1403715331.113334417343140,0.00907,0.00010,0.00002,0.00000,0.00018,0.00245,0.01181
1403715331.163334369659424,0.00773,0.00012,0.00003,0.00000,0.00000,0.00230,0.01019
1403715331.213334321975708,0.00696,0.00011,0.00001,0.00000,0.00019,0.00226,0.00952
1403715331.263334274291992,0.00732,0.00012,0.00006,0.00000,0.00020,0.00239,0.01008
1403715331.313334465026855,0.00777,0.00011,0.00007,0.00000,0.00019,0.00240,0.01054
1403715331.363334417343140,0.00960,0.00011,0.00004,0.00000,0.00016,0.00255,0.01246
1403715331.413334369659424,0.00743,0.00012,0.00001,0.00000,0.00000,0.00248,0.01004
1403715331.463334321975708,0.00732,0.00010,0.00008,0.00000,0.00038,0.00244,0.01031
1403715331.513334274291992,0.00689,0.00012,0.00005,0.00000,0.00002,0.00294,0.01003
1403715331.563334465026855,0.00754,0.00020,0.00016,0.00000,0.00034,0.00236,0.01060
1403715331.613334417343140,0.00853,0.00012,0.00001,0.00000,0.00093,0.00264,0.01224
1403715331.663334369659424,0.00765,0.00010,0.00001,0.00000,0.00000,0.00244,0.01019
1403715331.713334321975708,0.00758,0.00011,0.00002,0.00000,0.00020,0.00241,0.01033
1403715331.763334274291992,0.00752,0.00010,0.00001,0.00000,0.00000,0.00239,0.01001
1403715331.813334465026855,0.00780,0.00011,0.00001,0.00000,0.00017,0.00240,0.01050
1403715331.863334417343140,0.00809,0.00011,0.00001,0.00000,0.00021,0.00249,0.01092
1403715331.913334369659424,0.00895,0.00009,0.00001,0.00000,0.00021,0.00240,0.01166
1403715331.963334321975708,0.00926,0.00012,0.00001,0.00000,0.00016,0.00234,0.01189
1403715332.013334274291992,0.00813,0.00011,0.00001,0.00000,0.00000,0.00249,0.01073
1403715332.063334465026855,0.00741,0.00010,0.00001,0.00000,0.00035,0.00236,0.01023
1403715332.113334417343140,0.00769,0.00010,0.00001,0.00000,0.00003,0.00242,0.01026
1403715332.163334369659424,0.00754,0.00009,0.00001,0.00000,0.00032,0.00239,0.01035
1403715332.213334321975708,0.00757,0.00011,0.00006,0.00000,0.00084,0.00238,0.01095
1403715332.263334274291992,0.00728,0.00010,0.00001,0.00000,0.00000,0.00236,0.00975
1403715332.313334465026855,0.00867,0.00009,0.00004,0.00000,0.00020,0.00236,0.01135
1403715332.363334417343140,0.00732,0.00010,0.00001,0.00000,0.00000,0.00244,0.00986
1403715332.413334369659424,0.00774,0.00010,0.00001,0.00000,0.00017,0.00225,0.01027
1403715332.463334321975708,0.00768,0.00011,0.00001,0.00000,0.00021,0.00250,0.01051
1403715332.513334274291992,0.00699,0.00010,0.00001,0.00000,0.00020,0.00232,0.00961
1403715332.563334465026855,0.00784,0.00010,0.00001,0.00000,0.00017,0.00233,0.01045
1403715332.613334417343140,0.00724,0.00011,0.00001,0.00000,0.00000,0.00235,0.00970
1403715332.663334369659424,0.00761,0.00011,0.00005,0.00000,0.00030,0.00267,0.01075
1403715332.713334321975708,0.00876,0.00024,0.00008,0.00000,0.00002,0.00243,0.01153
1403715332.763334274291992,0.00740,0.00009,0.00001,0.00000,0.00029,0.00242,0.01020
1403715332.813334465026855,0.00647,0.00010,0.00001,0.00000,0.00081,0.00226,0.00965
1403715332.863334417343140,0.00651,0.00009,0.00001,0.00000,0.00000,0.00227,0.00888
1403715332.913334369659424,0.00698,0.00010,0.00002,0.00000,0.00020,0.00220,0.00951
1403715332.963334321975708,0.00638,0.00011,0.00005,0.00000,0.00000,0.00214,0.00868
1403715333.013334274291992,0.01083,0.00012,0.00004,0.00000,0.00016,0.00227,0.01343
1403715333.063334465026855,0.00768,0.00010,0.00007,0.00000,0.00018,0.00213,0.01016
1403715333.113334417343140,0.00816,0.00011,0.00004,0.00000,0.00019,0.00241,0.01092
1403715333.163334369659424,0.01011,0.00012,0.00009,0.00000,0.00016,0.00254,0.01301
1403715333.213334321975708,0.00820,0.00012,0.00011,0.00000,0.00000,0.00240,0.01083
1403715333.263334274291992,0.00839,0.00014,0.00007,0.00000,0.00027,0.00251,0.01138
1403715333.313334465026855,0.00779,0.00011,0.00004,0.00000,0.00002,0.00241,0.01038
1403715333.363334417343140,0.00785,0.00010,0.00001,0.00000,0.00020,0.00236,0.01053
1403715333.413334369659424,0.00915,0.00010,0.00010,0.00000,0.00055,0.00243,0.01234
1403715333.463334321975708,0.00726,0.00010,0.00019,0.00000,0.00000,0.00238,0.00993
1403715333.513334274291992,0.00774,0.00012,0.00004,0.00000,0.00020,0.00241,0.01052
1403715333.563334465026855,0.00916,0.00012,0.00001,0.00000,0.00097,0.00248,0.01274
1403715333.613334417343140,0.00757,0.00010,0.00001,0.00000,0.00016,0.00238,0.01022
1403715333.663334369659424,0.00968,0.00010,0.00005,0.00000,0.00019,0.00249,0.01251
1403715333.713334321975708,0.00890,0.00010,0.00003,0.00000,0.00017,0.00250,0.01171
1403715333.763334274291992,0.00716,0.00010,0.00005,0.00000,0.00015,0.00250,0.00997
1403715333.813334465026855,0.00764,0.00011,0.00003,0.00000,0.00000,0.00228,0.01007
1403715333.863334417343140,0.00804,0.00010,0.00006,0.00000,0.00018,0.00228,0.01065
1403715333.913334369659424,0.00766,0.00011,0.00004,0.00000,0.00000,0.00210,0.00991
1403715333.963334321975708,0.00872,0.00012,0.00009,0.00000,0.00011,0.00234,0.01137
1403715334.013334274291992,0.00814,0.00010,0.00001,0.00000,0.00054,0.00213,0.01092
1403715334.063334465026855,0.00867,0.00010,0.00001,0.00000,0.00000,0.00223,0.01100
1403715334.113334417343140,0.00752,0.00011,0.00005,0.00000,0.00016,0.00233,0.01017
1403715334.163334369659424,0.00763,0.00011,0.00005,0.00000,0.00088,0.00239,0.01107
1403715334.213334321975708,0.01236,0.00016,0.00004,0.00000,0.00011,0.00258,0.01524
1403715334.263334274291992,0.00778,0.00010,0.00002,0.00000,0.00020,0.00254,0.01066
1403715334.313334465026855,0.00784,0.00010,0.00001,0.00000,0.00020,0.00241,0.01057
1403715334.363334417343140,0.00783,0.00010,0.00004,0.00000,0.00015,0.00258,0.01070
1403715334.413334369659424,0.00806,0.00009,0.00005,0.00000,0.00000,0.00234,0.01053
1403715334.463334321975708,0.00847,0.00009,0.00005,0.00000,0.00013,0.00240,0.01114
1403715334.513334274291992,0.00780,0.00010,0.00004,0.00000,0.00000,0.00235,0.01029
1403715334.563334465026855,0.00769,0.00012,0.00005,0.00000,0.00005,0.00220,0.01010
1403715334.613334417343140,0.00778,0.00011,0.00006,0.00000,0.00056,0.00228,0.01079
1403715334.663334369659424,0.00774,0.00010,0.00008,0.00000,0.00000,0.00236,0.01027
1403715334.713334321975708,0.00734,0.00010,0.00009,0.00000,0.00018,0.00243,0.01014
1403715334.763336658477783,0.00699,0.00009,0.00031,0.00000,0.00291,0.00270,0.01301
1403715334.813337087631226,0.00699,0.00010,0.00005,0.00006,0.00007,0.00219,0.00945
1403715334.863337039947510,0.00688,0.00012,0.00001,0.00006,0.00020,0.00232,0.00959
1403715334.913336992263794,0.00698,0.00011,0.00001,0.00006,0.00016,0.00237,0.00970
1403715334.963336944580078,0.00830,0.00013,0.00004,0.00006,0.00013,0.00239,0.01105
1403715335.013336896896362,0.00742,0.00011,0.00004,0.00006,0.00000,0.00237,0.01000
1403715335.063337326049805,0.00753,0.00011,0.00004,0.00006,0.00006,0.00239,0.01019
1403715335.113337755203247,0.00894,0.00010,0.00009,0.00006,0.00000,0.00244,0.01165
1403715335.163337945938110,0.00737,0.00010,0.00007,0.00005,0.00002,0.00239,0.01000
1403715335.213338613510132,0.00933,0.00011,0.00001,0.00006,0.00155,0.00262,0.01368
1403715335.263339757919312,0.00727,0.00011,0.00002,0.00006,0.00000,0.00245,0.00990
1403715335.313341617584229,0.00745,0.00010,0.00008,0.00006,0.00014,0.00243,0.01026
1403715335.363343000411987,0.00753,0.00010,0.00006,0.00006,0.00367,0.00254,0.01395
1403715335.413342952728271,0.00729,0.00011,0.00001,0.00002,0.00004,0.00246,0.00993
1403715335.463342905044556,0.00822,0.00011,0.00010,0.00002,0.00013,0.00246,0.01103
1403715335.513342857360840,0.00875,0.00011,0.00005,0.00000,0.00009,0.00242,0.01141
1403715335.563343048095703,0.00873,0.00012,0.00001,0.00000,0.00008,0.00250,0.01144
1403715335.613343000411987,0.00786,0.00011,0.00006,0.00000,0.00000,0.00244,0.01047
1403715335.663342952728271,0.00700,0.00010,0.00006,0.00000,0.00004,0.00231,0.00951
1403715335.713342905044556,0.00687,0.00010,0.00005,0.00000,0.00000,0.00239,0.00941
1403715335.763342857360840,0.00749,0.00010,0.00004,0.00000,0.00047,0.00239,0.01049
1403715335.813339471817017,0.00715,0.00010,0.00004,0.00000,0.00271,0.00259,0.01259
1403715335.863339424133301,0.00721,0.00010,0.00004,0.00002,0.00000,0.00235,0.00972
1403715335.913339376449585,0.00752,0.00011,0.00004,0.00002,0.00013,0.00235,0.01016
1403715335.963339328765869,0.00821,0.00010,0.00007,0.00000,0.00373,0.00230,0.01441
1403715336.013339281082153,0.00971,0.00009,0.00002,0.00000,0.00004,0.00249,0.01235
1403715336.063339471817017,0.00803,0.00010,0.00008,0.00000,0.00012,0.00237,0.01070
1403715336.113338947296143,0.00786,0.00009,0.00008,0.00000,0.00039,0.00242,0.01084
1403715336.163338899612427,0.00747,0.00012,0.00004,0.00006,0.00003,0.00237,0.01009
1403715336.213338613510132,0.00791,0.00012,0.00004,0.00006,0.00000,0.00233,0.01046
1403715336.263338088989258,0.00911,0.00010,0.00015,0.00005,0.00002,0.00236,0.01179
1403715336.313337326049805,0.00923,0.00009,0.00008,0.00006,0.00000,0.00238,0.01184
1403715336.363336324691772,0.01032,0.00010,0.00004,0.00006,0.00052,0.00246,0.01351
1403715336.413335323333740,0.00884,0.00010,0.00021,0.00005,0.00233,0.00256,0.01410
1403715336.463334321975708,0.00753,0.00012,0.00003,0.00005,0.00000,0.00243,0.01016
1403715336.513333559036255,0.00867,0.00010,0.00016,0.00005,0.00013,0.00238,0.01149
1403715336.563332557678223,0.00918,0.00011,0.00011,0.00002,0.00438,0.00254,0.01634
1403715336.613332748413086,0.00745,0.00010,0.00006,0.00006,0.00000,0.00235,0.01001
1403715336.663332700729370,0.00745,0.00011,0.00004,0.00006,0.00020,0.00243,0.01030
1403715336.713332653045654,0.00843,0.00011,0.00008,0.00002,0.00000,0.00238,0.01103
1403715336.763332605361938,0.01045,0.00010,0.00008,0.00001,0.00000,0.00239,0.01304
1403715336.813332557678223,0.00787,0.00012,0.00028,0.00000,0.00044,0.00243,0.01114
1403715336.863332271575928,0.00724,0.00013,0.00020,0.00000,0.00009,0.00234,0.01000
1403715336.913332223892212,0.01053,0.00011,0.00023,0.00000,0.00080,0.00247,0.01415
1403715336.963332176208496,0.00722,0.00012,0.00016,0.00000,0.00102,0.00244,0.01095
1403715337.013332128524780,0.00763,0.00011,0.00020,0.00000,0.00151,0.00239,0.01184
1403715337.063332319259644,0.00884,0.00011,0.00005,0.00000,0.00029,0.00242,0.01171
1403715337.113332271575928,0.00882,0.00012,0.00013,0.00000,0.00020,0.00238,0.01166
1403715337.163323402404785,0.00748,0.00011,0.00022,0.00000,0.00430,0.00236,0.01446
1403715337.213323354721069,0.00785,0.00012,0.00005,0.00004,0.00000,0.00237,0.01044
1403715337.263323307037354,0.00851,0.00011,0.00004,0.00004,0.00029,0.00239,0.01139
1403715337.313323497772217,0.00693,0.00012,0.00010,0.00000,0.00061,0.00239,0.01015
1403715337.363323450088501,0.00742,0.00011,0.00007,0.00000,0.00000,0.00240,0.01001
1403715337.413323402404785,0.00729,0.00010,0.00003,0.00000,0.00055,0.00246,0.01043
1403715337.463322877883911,0.00858,0.00011,0.00020,0.00000,0.00049,0.00245,0.01183
1403715337.513322830200195,0.01027,0.00012,0.00020,0.00000,0.00088,0.00250,0.01398
1403715337.563323020935059,0.00771,0.00012,0.00022,0.00000,0.00119,0.00230,0.01155
1403715337.613321781158447,0.00928,0.00012,0.00005,0.00000,0.00115,0.00231,0.01290
1403715337.663324356079102,0.00876,0.00011,0.00015,0.00005,0.00192,0.00245,0.01345
1403715337.713324308395386,0.00910,0.00011,0.00010,0.00002,0.00017,0.00234,0.01184
1403715337.763324260711670,0.00742,0.00010,0.00030,0.00001,0.00169,0.00242,0.01194
1403715337.813324451446533,0.00885,0.00012,0.00018,0.00000,0.00001,0.00231,0.01146
1403715337.863324403762817,0.00993,0.00010,0.00010,0.00000,0.00000,0.00237,0.01250
1403715337.913324356079102,0.00838,0.00011,0.00014,0.00000,0.00033,0.00234,0.01129
1403715337.963324308395386,0.00703,0.00010,0.00017,0.00000,0.00000,0.00225,0.00955
1403715338.013324260711670,0.00961,0.00010,0.00033,0.00000,0.00000,0.00247,0.01252
1403715338.063324451446533,0.00859,0.00011,0.00016,0.00000,0.00165,0.00235,0.01286
1403715338.113324880599976,0.00771,0.00011,0.00034,0.00000,0.00091,0.00229,0.01136
1403715338.163324832916260,0.00950,0.00010,0.00043,0.00000,0.00148,0.00227,0.01378
1403715338.213324785232544,0.01058,0.00010,0.00017,0.00000,0.00000,0.00230,0.01315
1403715338.263324737548828,0.00893,0.00010,0.00015,0.00000,0.00177,0.00245,0.01341
1403715338.313324928283691,0.00887,0.00010,0.00025,0.00000,0.00010,0.00236,0.01169
1403715338.363324880599976,0.00848,0.00011,0.00032,0.00000,0.00057,0.00230,0.01179
1403715338.413324832916260,0.00812,0.00011,0.00012,0.00000,0.00037,0.00243,0.01116
1403715338.463324785232544,0.00881,0.00013,0.00007,0.00000,0.00000,0.00239,0.01140
1403715338.513324975967407,0.00832,0.00011,0.00030,0.00000,0.00023,0.00246,0.01143
1403715338.563324451446533,0.01063,0.00011,0.00036,0.00000,0.00070,0.00236,0.01417
1403715338.613324403762817,0.00971,0.00011,0.00040,0.00005,0.00117,0.00229,0.01374
1403715338.663324594497681,0.00800,0.00010,0.00011,0.00004,0.00132,0.00241,0.01198
1403715338.713324308395386,0.00948,0.00010,0.00017,0.00005,0.00073,0.00238,0.01291
1403715338.763324022293091,0.00866,0.00010,0.00022,0.00005,0.00159,0.00236,0.01298
1403715338.813323497772217,0.00951,0.00011,0.00030,0.00005,0.00000,0.00231,0.01228
1403715338.863322496414185,0.00865,0.00013,0.00005,0.00006,0.00132,0.00238,0.01258
1403715338.913321495056152,0.00808,0.00011,0.00014,0.00005,0.00088,0.00227,0.01151
1403715338.963320255279541,0.00867,0.00011,0.00004,0.00006,0.00033,0.00231,0.01151
1403715339.013319015502930,0.00972,0.00012,0.00023,0.00004,0.00091,0.00234,0.01337
1403715339.063319206237793,0.00833,0.00010,0.00030,0.00002,0.00002,0.00235,0.01112
1403715339.113319158554077,0.00959,0.00013,0.00013,0.00002,0.00000,0.00236,0.01223
1403715339.163319110870361,0.00859,0.00010,0.00021,0.00000,0.00046,0.00229,0.01164
1403715339.213316679000854,0.00856,0.00011,0.00019,0.00000,0.00236,0.00228,0.01350
1403715339.263316154479980,0.01060,0.00012,0.00015,0.00006,0.00105,0.00237,0.01436
1403715339.313315629959106,0.00757,0.00011,0.00026,0.00005,0.00068,0.00246,0.01114
1403715339.363314628601074,0.00903,0.00012,0.00013,0.00009,0.00210,0.00260,0.01407
1403715339.413314342498779,0.00773,0.00011,0.00019,0.00008,0.00000,0.00231,0.01042
1403715339.463313817977905,0.00849,0.00011,0.00016,0.00008,0.00133,0.00243,0.01260
1403715339.513311624526978,0.00736,0.00011,0.00015,0.00007,0.00107,0.00234,0.01109
1403715339.563313007354736,0.00804,0.00011,0.00010,0.00008,0.00078,0.00229,0.01138
1403715339.613320112228394,0.00881,0.00011,0.00002,0.00010,0.00166,0.00227,0.01296
1403715339.663318872451782,0.00885,0.00012,0.00010,0.00013,0.00002,0.00255,0.01178
1403715339.713318824768066,0.00854,0.00012,0.00004,0.00012,0.00012,0.00235,0.01129
1403715339.763318777084351,0.00877,0.00011,0.00015,0.00008,0.00031,0.00241,0.01182
1403715339.813315629959106,0.00836,0.00012,0.00017,0.00007,0.00324,0.00241,0.01438
1403715339.863317012786865,0.00776,0.00012,0.00025,0.00014,0.00078,0.00237,0.01143
1403715339.913319587707520,0.00834,0.00011,0.00022,0.00010,0.00052,0.00230,0.01159
1403715339.963320970535278,0.00827,0.00012,0.00021,0.00007,0.00226,0.00239,0.01330
1403715340.013322114944458,0.00959,0.00010,0.00008,0.00005,0.00033,0.00222,0.01238
1403715340.063322305679321,0.00891,0.00010,0.00010,0.00000,0.00118,0.00237,0.01267
1403715340.113325834274292,0.00746,0.00010,0.00004,0.00000,0.00104,0.00228,0.01092
1403715340.163325786590576,0.00880,0.00011,0.00004,0.00003,0.00165,0.00236,0.01300
1403715340.213325738906860,0.00894,0.00011,0.00046,0.00005,0.00035,0.00235,0.01226
1403715340.263325691223145,0.00792,0.00007,0.00032,0.00000,0.00009,0.00256,0.01097
1403715340.313325881958008,0.00919,0.00010,0.00002,0.00000,0.00000,0.00241,0.01172
1403715340.363325834274292,0.00762,0.00013,0.00011,0.00000,0.00057,0.00222,0.01065
1403715340.413325786590576,0.00996,0.00010,0.00028,0.00000,0.00161,0.00255,0.01450
1403715340.463325738906860,0.00759,0.00012,0.00003,0.00000,0.00073,0.00234,0.01082
1403715340.513325691223145,0.00813,0.00011,0.00018,0.00001,0.00095,0.00237,0.01175
1403715340.563325881958008,0.00719,0.00013,0.00001,0.00000,0.00143,0.00234,0.01110
1403715340.613325834274292,0.00750,0.00010,0.00001,0.00000,0.00003,0.00231,0.00994
1403715340.663325786590576,0.00706,0.00012,0.00001,0.00000,0.00068,0.00235,0.01023
1403715340.713325738906860,0.00807,0.00011,0.00013,0.00000,0.00051,0.00243,0.01124
1403715340.763325691223145,0.00817,0.00011,0.00001,0.00000,0.00071,0.00226,0.01127
1403715340.813325881958008,0.00736,0.00010,0.00012,0.00000,0.00003,0.00238,0.01000
1403715340.863325834274292,0.00727,0.00011,0.00011,0.00000,0.00008,0.00247,0.01005
1403715340.913325786590576,0.00864,0.00011,0.00009,0.00000,0.00011,0.00238,0.01133
1403715340.963325738906860,0.00750,0.00010,0.00005,0.00000,0.00037,0.00243,0.01044
1403715341.013325691223145,0.00711,0.00010,0.00008,0.00000,0.00022,0.00234,0.00985
1403715341.063325881958008,0.00724,0.00011,0.00001,0.00000,0.00038,0.00241,0.01014
1403715341.113325834274292,0.00824,0.00011,0.00020,0.00000,0.00077,0.00240,0.01172
1403715341.163325786590576,0.00782,0.00011,0.00018,0.00000,0.00159,0.00231,0.01201
1403715341.213325738906860,0.00797,0.00012,0.00038,0.00000,0.00026,0.00242,0.01114
1403715341.263325691223145,0.00760,0.00011,0.00004,0.00000,0.00088,0.00238,0.01102
1403715341.313325881958008,0.00846,0.00011,0.00009,0.00000,0.00070,0.00232,0.01168
1403715341.363325834274292,0.00800,0.00013,0.00027,0.00000,0.00047,0.00236,0.01123
1403715341.413325786590576,0.00699,0.00010,0.00009,0.00000,0.00019,0.00220,0.00956
1403715341.463325738906860,0.00840,0.00011,0.00001,0.00000,0.00086,0.00233,0.01171
1403715341.513325691223145,0.00905,0.00011,0.00014,0.00000,0.00024,0.00250,0.01204
1403715341.563325881958008,0.00834,0.00012,0.00011,0.00000,0.00094,0.00242,0.01193
1403715341.613325834274292,0.00757,0.00011,0.00014,0.00000,0.00089,0.00246,0.01117
1403715341.663325786590576,0.00995,0.00010,0.00019,0.00000,0.00133,0.00231,0.01387
1403715341.713325738906860,0.00707,0.00011,0.00012,0.00000,0.00046,0.00235,0.01011
1403715341.763325691223145,0.00675,0.00012,0.00001,0.00000,0.00082,0.00225,0.00994
1403715341.813325881958008,0.00607,0.00011,0.00004,0.00000,0.00006,0.00223,0.00851
1403715341.863325834274292,0.00719,0.00011,0.00003,0.00000,0.00139,0.00236,0.01108
1403715341.913325786590576,0.00746,0.00012,0.00019,0.00000,0.00142,0.00242,0.01161
1403715341.963325738906860,0.00721,0.00015,0.00002,0.00000,0.00034,0.00240,0.01011
1403715342.013325691223145,0.00720,0.00010,0.00001,0.00000,0.00077,0.00245,0.01053
1403715342.063325881958008,0.00710,0.00010,0.00001,0.00000,0.00071,0.00228,0.01019
1403715342.113325834274292,0.00729,0.00010,0.00001,0.00000,0.00051,0.00240,0.01032
1403715342.163325786590576,0.00726,0.00010,0.00001,0.00000,0.00016,0.00214,0.00967
1403715342.213325738906860,0.00640,0.00010,0.00003,0.00000,0.00041,0.00233,0.00928
1403715342.263325691223145,0.00751,0.00012,0.00009,0.00000,0.00042,0.00250,0.01064
1403715342.313325881958008,0.00720,0.00010,0.00004,0.00000,0.00007,0.00252,0.00992
1403715342.363325834274292,0.00632,0.00010,0.00001,0.00000,0.00028,0.00233,0.00904
1403715342.413325786590576,0.00720,0.00010,0.00001,0.00000,0.00035,0.00237,0.01003
1403715342.463325738906860,0.00749,0.00011,0.00001,0.00000,0.00044,0.00236,0.01041
1403715342.513325691223145,0.00639,0.00012,0.00004,0.00000,0.00017,0.00217,0.00889
1403715342.563325881958008,0.00904,0.00011,0.00006,0.00000,0.00025,0.00228,0.01174
1403715342.613325834274292,0.00767,0.00011,0.00002,0.00000,0.00029,0.00242,0.01050
1403715342.663325786590576,0.00732,0.00010,0.00026,0.00000,0.00021,0.00232,0.01021
1403715342.713325738906860,0.00753,0.00010,0.00016,0.00000,0.00008,0.00227,0.01015
1403715342.763325691223145,0.00722,0.00011,0.00007,0.00000,0.00015,0.00219,0.00974
1403715342.813325881958008,0.00836,0.00011,0.00010,0.00000,0.00035,0.00230,0.01122
1403715342.863325834274292,0.00693,0.00011,0.00001,0.00000,0.00022,0.00223,0.00951
1403715342.913325786590576,0.00702,0.00011,0.00002,0.00000,0.00007,0.00219,0.00941
1403715342.963325738906860,0.00725,0.00011,0.00017,0.00000,0.00007,0.00225,0.00984
1403715343.013325691223145,0.00855,0.00010,0.00007,0.00000,0.00024,0.00231,0.01126
1403715343.063325881958008,0.00772,0.00010,0.00010,0.00000,0.00016,0.00230,0.01038
1403715343.113325834274292,0.00740,0.00013,0.00012,0.00000,0.00084,0.00244,0.01093
1403715343.163325786590576,0.00860,0.00012,0.00004,0.00000,0.00014,0.00224,0.01115
1403715343.213325738906860,0.00874,0.00010,0.00004,0.00000,0.00016,0.00234,0.01138
1403715343.263325691223145,0.00959,0.00011,0.00004,0.00000,0.00013,0.00228,0.01216
1403715343.313325881958008,0.00813,0.00011,0.00007,0.00000,0.00007,0.00236,0.01074
1403715343.363325834274292,0.00790,0.00011,0.00010,0.00000,0.00033,0.00208,0.01052
1403715343.413325786590576,0.00745,0.00012,0.00010,0.00000,0.00030,0.00226,0.01023
1403715343.463325738906860,0.00739,0.00010,0.00013,0.00000,0.00010,0.00228,0.01000
1403715343.513325691223145,0.00738,0.00011,0.00021,0.00000,0.00007,0.00215,0.00992
1403715343.563325881958008,0.00879,0.00010,0.00005,0.00000,0.00052,0.00245,0.01191
1403715343.613325834274292,0.00809,0.00011,0.00007,0.00000,0.00007,0.00228,0.01061
1403715343.663325786590576,0.00653,0.00011,0.00002,0.00000,0.00013,0.00242,0.00921
1403715343.713325738906860,0.00677,0.00009,0.00023,0.00000,0.00030,0.00221,0.00960
1403715343.763325691223145,0.00776,0.00010,0.00006,0.00000,0.00014,0.00230,0.01035
1403715343.813325881958008,0.00658,0.00010,0.00007,0.00000,0.00066,0.00239,0.00979
1403715343.863325834274292,0.00611,0.00012,0.00009,0.00000,0.00011,0.00228,0.00871
1403715343.913325786590576,0.00800,0.00009,0.00008,0.00000,0.00006,0.00223,0.01047
1403715343.963325738906860,0.00696,0.00009,0.00008,0.00000,0.00022,0.00226,0.00961
1403715344.013325691223145,0.00643,0.00010,0.00005,0.00000,0.00021,0.00224,0.00902
1403715344.063325881958008,0.01074,0.00010,0.00007,0.00000,0.00010,0.00237,0.01339
1403715344.113325834274292,0.00720,0.00009,0.00015,0.00000,0.00007,0.00237,0.00988
1403715344.163325786590576,0.00748,0.00011,0.00014,0.00000,0.00015,0.00247,0.01035
1403715344.213325738906860,0.00778,0.00011,0.00008,0.00000,0.00004,0.00236,0.01038
1403715344.263325691223145,0.00931,0.00010,0.00009,0.00000,0.00010,0.00231,0.01192
1403715344.313325881958008,0.00786,0.00010,0.00013,0.00000,0.00007,0.00237,0.01053
1403715344.363325834274292,0.00934,0.00010,0.00014,0.00000,0.00013,0.00234,0.01204
1403715344.413325786590576,0.00851,0.00011,0.00002,0.00000,0.00021,0.00236,0.01121
1403715344.463325738906860,0.01110,0.00011,0.00008,0.00000,0.00036,0.00233,0.01398
1403715344.513325691223145,0.00914,0.00011,0.00015,0.00000,0.00007,0.00232,0.01178
1403715344.563325881958008,0.00880,0.00010,0.00010,0.00000,0.00023,0.00228,0.01151
1403715344.613325834274292,0.00875,0.00009,0.00009,0.00000,0.00023,0.00231,0.01148
1403715344.663325786590576,0.00869,0.00011,0.00004,0.00000,0.00003,0.00244,0.01132
1403715344.713325738906860,0.00769,0.00010,0.00004,0.00000,0.00006,0.00236,0.01024
1403715344.763325691223145,0.00844,0.00010,0.00005,0.00000,0.00006,0.00238,0.01101
1403715344.813325881958008,0.00877,0.00011,0.00007,0.00000,0.00024,0.00236,0.01155
1403715344.863325834274292,0.00774,0.00012,0.00004,0.00000,0.00010,0.00241,0.01040
1403715344.913325786590576,0.00786,0.00010,0.00009,0.00000,0.00002,0.00239,0.01046
1403715344.963325738906860,0.00781,0.00011,0.00009,0.00000,0.00017,0.00236,0.01054
1403715345.013325691223145,0.00913,0.00009,0.00008,0.00000,0.00040,0.00232,0.01202
1403715345.063325881958008,0.00958,0.00009,0.00016,0.00000,0.00028,0.00231,0.01241
1403715345.113325834274292,0.00801,0.00010,0.00006,0.00000,0.00007,0.00245,0.01069
1403715345.163325786590576,0.00846,0.00011,0.00005,0.00000,0.00021,0.00245,0.01128
1403715345.213325738906860,0.00881,0.00010,0.00008,0.00000,0.00015,0.00232,0.01146
1403715345.263325691223145,0.00802,0.00010,0.00005,0.00000,0.00000,0.00241,0.01059
1403715345.313325881958008,0.00882,0.00010,0.00006,0.00000,0.00003,0.00232,0.01133
1403715345.363325834274292,0.00750,0.00011,0.00010,0.00000,0.00006,0.00233,0.01010
1403715345.413325786590576,0.00725,0.00012,0.00001,0.00000,0.00022,0.00245,0.01005
1403715345.463325738906860,0.00916,0.00011,0.00006,0.00000,0.00017,0.00233,0.01184
1403715345.513325691223145,0.00743,0.00010,0.00009,0.00000,0.00008,0.00234,0.01003
1403715345.563325881958008,0.00947,0.00011,0.00006,0.00000,0.00017,0.00245,0.01225
1403715345.613325834274292,0.00794,0.00009,0.00010,0.00000,0.00051,0.00243,0.01108
1403715345.663325786590576,0.00787,0.00010,0.00009,0.00000,0.00024,0.00234,0.01064
1403715345.713325738906860,0.00657,0.00011,0.00010,0.00000,0.00010,0.00229,0.00916
1403715345.763325691223145,0.00727,0.00009,0.00005,0.00000,0.00026,0.00224,0.00991
1403715345.813325881958008,0.00724,0.00010,0.00001,0.00000,0.00018,0.00231,0.00984
1403715345.863325834274292,0.00926,0.00012,0.00004,0.00000,0.00010,0.00210,0.01163
1403715345.913325786590576,0.00762,0.00010,0.00015,0.00000,0.00002,0.00234,0.01024
1403715345.963325738906860,0.00687,0.00010,0.00004,0.00000,0.00005,0.00224,0.00931
1403715346.013325691223145,0.00701,0.00010,0.00006,0.00000,0.00021,0.00228,0.00966
1403715346.063325881958008,0.00820,0.00010,0.00008,0.00000,0.00012,0.00230,0.01081
1403715346.113325834274292,0.00754,0.00010,0.00009,0.00000,0.00025,0.00276,0.01074
1403715346.163325786590576,0.00659,0.00010,0.00006,0.00000,0.00012,0.00220,0.00906
1403715346.213325738906860,0.00743,0.00010,0.00006,0.00000,0.00035,0.00232,0.01026
1403715346.263325691223145,0.00972,0.00010,0.00001,0.00000,0.00017,0.00233,0.01234
1403715346.313325881958008,0.00705,0.00011,0.00015,0.00000,0.00006,0.00233,0.00970
1403715346.363325834274292,0.00784,0.00010,0.00006,0.00000,0.00025,0.00239,0.01063
1403715346.413325786590576,0.00785,0.00010,0.00009,0.00000,0.00044,0.00249,0.01098
1403715346.463325738906860,0.00721,0.00011,0.00007,0.00000,0.00006,0.00234,0.00979
1403715346.513325691223145,0.00689,0.00009,0.00016,0.00000,0.00000,0.00230,0.00945
1403715346.563325881958008,0.00717,0.00010,0.00006,0.00000,0.00006,0.00215,0.00954
1403715346.613325834274292,0.00724,0.00009,0.00005,0.00000,0.00018,0.00235,0.00991
1403715346.663325786590576,0.00745,0.00011,0.00001,0.00000,0.00014,0.00235,0.01005
1403715346.713325738906860,0.00709,0.00009,0.00001,0.00000,0.00020,0.00214,0.00952
1403715346.763325691223145,0.00957,0.00010,0.00005,0.00000,0.00012,0.00222,0.01206
1403715346.813325881958008,0.00740,0.00013,0.00011,0.00000,0.00065,0.00225,0.01053
1403715346.863325834274292,0.00779,0.00010,0.00001,0.00000,0.00016,0.00220,0.01026
1403715346.913325786590576,0.00748,0.00013,0.00004,0.00000,0.00006,0.00223,0.00994
1403715346.963325738906860,0.00770,0.00010,0.00007,0.00000,0.00022,0.00246,0.01054
1403715347.013325691223145,0.00966,0.00012,0.00005,0.00000,0.00029,0.00270,0.01281
1403715347.063325881958008,0.00819,0.00011,0.00004,0.00000,0.00000,0.00243,0.01076
1403715347.113325834274292,0.00736,0.00011,0.00001,0.00000,0.00000,0.00246,0.00994
1403715347.163325786590576,0.00717,0.00011,0.00004,0.00000,0.00006,0.00237,0.00976
1403715347.213325738906860,0.00723,0.00010,0.00007,0.00000,0.00015,0.00235,0.00990
1403715347.263325691223145,0.00673,0.00011,0.00010,0.00000,0.00005,0.00224,0.00924
1403715347.313325881958008,0.00717,0.00011,0.00005,0.00000,0.00053,0.00219,0.01005
1403715347.363325834274292,0.00749,0.00010,0.00001,0.00000,0.00011,0.00218,0.00988
1403715347.413325786590576,0.00799,0.00012,0.00013,0.00000,0.00049,0.00220,0.01093
1403715347.463325738906860,0.00898,0.00011,0.00006,0.00000,0.00016,0.00227,0.01157
1403715347.513325691223145,0.00974,0.00010,0.00013,0.00000,0.00006,0.00243,0.01246
1403715347.563325881958008,0.00777,0.00012,0.00004,0.00000,0.00021,0.00240,0.01054
1403715347.613325834274292,0.00780,0.00012,0.00006,0.00000,0.00028,0.00238,0.01065
1403715347.663325786590576,0.00796,0.00010,0.00005,0.00000,0.00000,0.00238,0.01049
1403715347.713325738906860,0.00756,0.00012,0.00006,0.00000,0.00000,0.00235,0.01009
1403715347.763325691223145,0.00904,0.00010,0.00006,0.00000,0.00006,0.00254,0.01179
1403715347.813325881958008,0.00747,0.00010,0.00004,0.00000,0.00008,0.00233,0.01002
1403715347.863325834274292,0.00747,0.00011,0.00006,0.00000,0.00004,0.00241,0.01009
1403715347.913325786590576,0.00701,0.00011,0.00009,0.00000,0.00034,0.00235,0.00990
1403715347.963325738906860,0.00767,0.00011,0.00013,0.00000,0.00013,0.00233,0.01038
1403715348.013325691223145,0.01053,0.00011,0.00005,0.00000,0.00088,0.00237,0.01395
1403715348.063325881958008,0.00681,0.00010,0.00007,0.00000,0.00012,0.00233,0.00943
1403715348.113325834274292,0.00662,0.00011,0.00001,0.00000,0.00007,0.00214,0.00895
1403715348.163325786590576,0.00834,0.00010,0.00005,0.00000,0.00012,0.00220,0.01082
1403715348.213325738906860,0.00696,0.00012,0.00010,0.00000,0.00021,0.00225,0.00964
1403715348.263325691223145,0.00679,0.00011,0.00005,0.00000,0.00000,0.00227,0.00920
1403715348.313325881958008,0.00773,0.00010,0.00006,0.00000,0.00000,0.00254,0.01043
1403715348.363325834274292,0.00735,0.00010,0.00008,0.00000,0.00005,0.00232,0.00990
1403715348.413325786590576,0.01028,0.00011,0.00008,0.00000,0.00006,0.00235,0.01288
1403715348.463325738906860,0.00773,0.00012,0.00004,0.00000,0.00000,0.00250,0.01039
1403715348.513325691223145,0.00869,0.00010,0.00005,0.00000,0.00022,0.00238,0.01144
1403715348.563325881958008,0.00793,0.00011,0.00010,0.00000,0.00034,0.00240,0.01087
1403715348.613325834274292,0.00913,0.00011,0.00007,0.00000,0.00063,0.00256,0.01250
1403715348.663325786590576,0.00758,0.00010,0.00001,0.00000,0.00006,0.00237,0.01011
1403715348.713325738906860,0.00929,0.00010,0.00009,0.00000,0.00035,0.00240,0.01223
1403715348.763325691223145,0.00760,0.00010,0.00012,0.00000,0.00000,0.00232,0.01015
1403715348.813325881958008,0.00783,0.00010,0.00008,0.00000,0.00014,0.00236,0.01052
1403715348.863325834274292,0.00950,0.00010,0.00010,0.00000,0.00000,0.00234,0.01204
1403715348.913325786590576,0.00775,0.00011,0.00013,0.00000,0.00000,0.00236,0.01034
1403715348.963325738906860,0.00772,0.00010,0.00005,0.00000,0.00042,0.00243,0.01072
1403715349.013325691223145,0.00744,0.00010,0.00001,0.00000,0.00005,0.00238,0.00997
1403715349.063325881958008,0.00767,0.00010,0.00003,0.00000,0.00000,0.00232,0.01012
1403715349.113325834274292,0.00750,0.00011,0.00004,0.00000,0.00018,0.00245,0.01027
1403715349.163325786590576,0.00754,0.00011,0.00001,0.00000,0.00026,0.00240,0.01033
1403715349.213325738906860,0.00753,0.00012,0.00001,0.00000,0.00038,0.00244,0.01048
1403715349.263325691223145,0.00716,0.00011,0.00001,0.00000,0.00003,0.00246,0.00977
1403715349.313325881958008,0.00773,0.00010,0.00002,0.00000,0.00116,0.00231,0.01131
1403715349.363325834274292,0.00777,0.00009,0.00001,0.00000,0.00000,0.00237,0.01023
1403715349.413325786590576,0.00894,0.00011,0.00001,0.00000,0.00182,0.00236,0.01324
1403715349.463325738906860,0.00739,0.00009,0.00001,0.00000,0.00000,0.00239,0.00987
1403715349.513325691223145,0.00760,0.00010,0.00008,0.00000,0.00000,0.00241,0.01019
1403715349.563327074050903,0.00749,0.00010,0.00004,0.00000,0.00357,0.00251,0.01371
1403715349.613327503204346,0.00725,0.00010,0.00001,0.00006,0.00017,0.00237,0.00996
1403715349.663327455520630,0.00742,0.00010,0.00009,0.00002,0.00000,0.00242,0.01005
1403715349.713327407836914,0.00771,0.00011,0.00016,0.00002,0.00099,0.00241,0.01139
1403715349.763327360153198,0.00985,0.00012,0.00005,0.00000,0.00195,0.00262,0.01459
1403715349.813327550888062,0.00795,0.00011,0.00002,0.00000,0.00246,0.00252,0.01306
1403715349.863327503204346,0.00773,0.00010,0.00003,0.00000,0.00010,0.00233,0.01029
1403715349.913327455520630,0.00793,0.00011,0.00009,0.00000,0.00211,0.00245,0.01268
1403715349.963327407836914,0.00723,0.00011,0.00001,0.00000,0.00000,0.00241,0.00976
1403715350.013327360153198,0.00926,0.00011,0.00015,0.00000,0.00287,0.00262,0.01501
1403715350.063327550888062,0.00760,0.00011,0.00017,0.00000,0.00000,0.00253,0.01041
1403715350.113327503204346,0.00791,0.00010,0.00010,0.00000,0.00000,0.00254,0.01065
1403715350.163327455520630,0.00710,0.00011,0.00005,0.00000,0.00286,0.00265,0.01276
1403715350.213327407836914,0.00710,0.00012,0.00014,0.00000,0.00019,0.00235,0.00989
1403715350.263327360153198,0.00755,0.00011,0.00011,0.00000,0.00000,0.00244,0.01021
1403715350.313327550888062,0.00765,0.00010,0.00001,0.00000,0.00384,0.00277,0.01437
1403715350.363327503204346,0.00770,0.00009,0.00012,0.00000,0.00141,0.00234,0.01165
1403715350.413327455520630,0.00689,0.00012,0.00004,0.00000,0.00187,0.00229,0.01120
1403715350.463327407836914,0.00718,0.00009,0.00025,0.00000,0.00009,0.00233,0.00994
1403715350.513327360153198,0.01006,0.00011,0.00004,0.00000,0.00187,0.00250,0.01457
1403715350.563327550888062,0.00795,0.00010,0.00002,0.00000,0.00000,0.00252,0.01058
1403715350.613325834274292,0.00819,0.00011,0.00014,0.00000,0.00193,0.00237,0.01275
1403715350.663326025009155,0.00790,0.00011,0.00010,0.00000,0.00000,0.00247,0.01058
1403715350.713324546813965,0.00786,0.00011,0.00014,0.00000,0.00000,0.00252,0.01063
1403715350.763324499130249,0.00804,0.00010,0.00012,0.00000,0.00280,0.00240,0.01346
1403715350.813324689865112,0.00783,0.00011,0.00001,0.00000,0.00019,0.00253,0.01067
1403715350.863324642181396,0.00884,0.00011,0.00001,0.00000,0.00000,0.00249,0.01144
1403715350.913324594497681,0.00781,0.00011,0.00001,0.00000,0.00073,0.00249,0.01114
1403715350.963322401046753,0.00938,0.00011,0.00001,0.00000,0.00067,0.00245,0.01261
1403715351.013322353363037,0.00943,0.00010,0.00005,0.00002,0.00031,0.00244,0.01236
1403715351.063322544097900,0.00804,0.00011,0.00001,0.00002,0.00123,0.00239,0.01181
1403715351.113322496414185,0.00834,0.00011,0.00003,0.00000,0.00026,0.00245,0.01120
1403715351.163322448730469,0.00714,0.00013,0.00001,0.00000,0.00000,0.00233,0.00960
1403715351.213322401046753,0.00716,0.00010,0.00005,0.00000,0.00044,0.00249,0.01023
1403715351.263322353363037,0.00772,0.00009,0.00004,0.00000,0.00000,0.00251,0.01036
1403715351.313322544097900,0.01098,0.00010,0.00005,0.00000,0.00000,0.00259,0.01372
1403715351.363322496414185,0.00709,0.00011,0.00014,0.00000,0.00064,0.00234,0.01032
1403715351.413322448730469,0.00720,0.00010,0.00010,0.00000,0.00002,0.00246,0.00988
1403715351.463322401046753,0.00744,0.00010,0.00011,0.00000,0.00000,0.00250,0.01015
1403715351.513322353363037,0.00720,0.00012,0.00008,0.00000,0.00044,0.00246,0.01029
1403715351.563322544097900,0.00673,0.00011,0.00005,0.00000,0.00017,0.00248,0.00953
1403715351.613322496414185,0.00787,0.00010,0.00004,0.00000,0.00025,0.00253,0.01079
1403715351.663322448730469,0.00867,0.00012,0.00018,0.00000,0.00029,0.00241,0.01167
1403715351.713322401046753,0.00951,0.00010,0.00005,0.00000,0.00029,0.00245,0.01240
1403715351.763322353363037,0.00782,0.00011,0.00007,0.00000,0.00000,0.00243,0.01042
1403715351.813322544097900,0.01072,0.00010,0.00022,0.00000,0.00024,0.00237,0.01365
1403715351.863322496414185,0.00758,0.00009,0.00008,0.00000,0.00020,0.00239,0.01034
1403715351.913322448730469,0.00771,0.00010,0.00004,0.00000,0.00000,0.00247,0.01032
1403715351.963322401046753,0.00786,0.00009,0.00007,0.00000,0.00043,0.00242,0.01087
1403715352.013322353363037,0.00751,0.00009,0.00001,0.00000,0.00000,0.00246,0.01006
1403715352.063322544097900,0.00732,0.00010,0.00001,0.00000,0.00000,0.00255,0.00998
1403715352.113322496414185,0.00885,0.00010,0.00006,0.00000,0.00035,0.00238,0.01173
1403715352.163322448730469,0.00736,0.00009,0.00004,0.00000,0.00016,0.00233,0.00998
1403715352.213322401046753,0.01112,0.00012,0.00006,0.00000,0.00018,0.00242,0.01390
1403715352.263322353363037,0.00768,0.00011,0.00005,0.00000,0.00008,0.00239,0.01030
1403715352.313322544097900,0.00739,0.00019,0.00006,0.00000,0.00026,0.00228,0.01018
1403715352.363322496414185,0.00783,0.00011,0.00005,0.00000,0.00038,0.00232,0.01069
1403715352.413322448730469,0.00695,0.00010,0.00005,0.00000,0.00012,0.00230,0.00952
1403715352.463322401046753,0.00682,0.00011,0.00003,0.00000,0.00010,0.00231,0.00937
1403715352.513322353363037,0.00748,0.00010,0.00004,0.00000,0.00000,0.00230,0.00992
1403715352.563322544097900,0.00724,0.00011,0.00004,0.00000,0.00041,0.00205,0.00985
1403715352.613322496414185,0.00688,0.00011,0.00004,0.00000,0.00000,0.00218,0.00921
1403715352.663322448730469,0.00759,0.00009,0.00006,0.00000,0.00000,0.00225,0.00998
1403715352.713322401046753,0.00676,0.00010,0.00004,0.00000,0.00033,0.00232,0.00954
1403715352.763322353363037,0.00702,0.00013,0.00004,0.00000,0.00054,0.00226,0.01000
1403715352.813322544097900,0.00810,0.00013,0.00004,0.00000,0.00017,0.00211,0.01055
1403715352.863322496414185,0.00948,0.00028,0.00002,0.00000,0.00007,0.00235,0.01220
1403715352.913322448730469,0.00734,0.00010,0.00013,0.00000,0.00020,0.00219,0.00996
1403715352.963322401046753,0.00726,0.00011,0.00007,0.00000,0.00026,0.00223,0.00993
1403715353.013322353363037,0.00713,0.00011,0.00006,0.00000,0.00006,0.00226,0.00963
1403715353.063322544097900,0.00753,0.00011,0.00005,0.00000,0.00002,0.00237,0.01008
1403715353.113322496414185,0.00862,0.00010,0.00004,0.00000,0.00000,0.00248,0.01124
1403715353.163322448730469,0.00904,0.00010,0.00008,0.00000,0.00041,0.00247,0.01209
1403715353.213322401046753,0.00764,0.00011,0.00004,0.00000,0.00000,0.00253,0.01031
1403715353.263322353363037,0.00774,0.00011,0.00005,0.00000,0.00000,0.00244,0.01033
1403715353.313322544097900,0.00740,0.00011,0.00005,0.00000,0.00035,0.00246,0.01037
1403715353.363322496414185,0.00788,0.00010,0.00007,0.00000,0.00042,0.00240,0.01087
1403715353.413322448730469,0.00744,0.00009,0.00001,0.00000,0.00058,0.00237,0.01050
1403715353.463322401046753,0.00762,0.00010,0.00001,0.00000,0.00003,0.00238,0.01014
1403715353.513322353363037,0.00774,0.00011,0.00003,0.00000,0.00020,0.00237,0.01045
1403715353.563322544097900,0.00720,0.00011,0.00001,0.00000,0.00025,0.00232,0.00988
1403715353.613322496414185,0.00731,0.00010,0.00001,0.00000,0.00004,0.00238,0.00983
1403715353.663322448730469,0.00729,0.00010,0.00001,0.00000,0.00003,0.00239,0.00982
1403715353.713322401046753,0.00715,0.00010,0.00001,0.00000,0.00000,0.00227,0.00953
1403715353.763322353363037,0.00838,0.00009,0.00007,0.00000,0.00038,0.00238,0.01130
1403715353.813322544097900,0.00735,0.00010,0.00001,0.00000,0.00000,0.00237,0.00983
1403715353.863322496414185,0.01021,0.00010,0.00004,0.00000,0.00000,0.00251,0.01287
1403715353.913322448730469,0.00703,0.00010,0.00005,0.00000,0.00033,0.00244,0.00996
1403715353.963322401046753,0.00880,0.00012,0.00004,0.00000,0.00053,0.00240,0.01188
1403715354.013322353363037,0.00795,0.00010,0.00004,0.00000,0.00068,0.00240,0.01119
1403715354.063322544097900,0.00778,0.00010,0.00006,0.00000,0.00002,0.00239,0.01036
1403715354.113322496414185,0.00971,0.00010,0.00001,0.00000,0.00021,0.00235,0.01237
1403715354.163322448730469,0.00748,0.00010,0.00004,0.00000,0.00016,0.00242,0.01020
1403715354.213322401046753,0.00781,0.00010,0.00003,0.00000,0.00003,0.00246,0.01044
1403715354.263322353363037,0.00892,0.00010,0.00007,0.00000,0.00002,0.00241,0.01152
1403715354.313322544097900,0.00714,0.00011,0.00001,0.00000,0.00000,0.00237,0.00962
1403715354.363322496414185,0.00874,0.00009,0.00004,0.00000,0.00037,0.00237,0.01161
1403715354.413322448730469,0.00772,0.00010,0.00004,0.00000,0.00029,0.00241,0.01056
1403715354.463322401046753,0.00715,0.00010,0.00004,0.00000,0.00000,0.00240,0.00969
1403715354.513322353363037,0.00732,0.00010,0.00004,0.00000,0.00037,0.00233,0.01016
1403715354.563322544097900,0.00749,0.00010,0.00005,0.00000,0.00051,0.00242,0.01058
1403715354.613322496414185,0.00806,0.00011,0.00001,0.00000,0.00048,0.00233,0.01099
1403715354.663322448730469,0.00705,0.00010,0.00004,0.00000,0.00000,0.00229,0.00948
1403715354.713322401046753,0.00698,0.00011,0.00001,0.00000,0.00022,0.00226,0.00958
1403715354.763322353363037,0.00784,0.00012,0.00001,0.00000,0.00007,0.00237,0.01041
1403715354.813322544097900,0.00722,0.00010,0.00001,0.00000,0.00005,0.00261,0.00999
1403715354.863322496414185,0.01062,0.00010,0.00001,0.00000,0.00003,0.00237,0.01313
1403715354.913322448730469,0.00894,0.00013,0.00004,0.00000,0.00000,0.00251,0.01162
1403715354.963322401046753,0.00784,0.00012,0.00003,0.00000,0.00069,0.00235,0.01103
1403715355.013322353363037,0.00746,0.00009,0.00004,0.00000,0.00026,0.00232,0.01017
1403715355.063322544097900,0.00682,0.00010,0.00006,0.00000,0.00000,0.00234,0.00933
1403715355.113322496414185,0.00695,0.00010,0.00004,0.00000,0.00035,0.00219,0.00962
1403715355.163322448730469,0.00766,0.00010,0.00004,0.00000,0.00031,0.00235,0.01045
1403715355.213322401046753,0.00737,0.00010,0.00013,0.00000,0.00062,0.00231,0.01052
1403715355.263322353363037,0.00691,0.00010,0.00006,0.00000,0.00000,0.00232,0.00939
1403715355.313322544097900,0.00734,0.00011,0.00009,0.00000,0.00020,0.00216,0.00989
1403715355.363322496414185,0.00710,0.00010,0.00005,0.00000,0.00000,0.00217,0.00943
1403715355.413322448730469,0.00711,0.00010,0.00005,0.00000,0.00049,0.00215,0.00989
1403715355.463322401046753,0.00933,0.00009,0.00004,0.00000,0.00000,0.00225,0.01171
1403715355.513322353363037,0.00763,0.00011,0.00004,0.00000,0.00000,0.00236,0.01014
1403715355.563322544097900,0.00741,0.00010,0.00013,0.00000,0.00040,0.00228,0.01031
1403715355.613322496414185,0.00721,0.00011,0.00005,0.00000,0.00034,0.00227,0.00999
1403715355.663322448730469,0.00743,0.00010,0.00011,0.00000,0.00000,0.00213,0.00977
1403715355.713322401046753,0.00728,0.00011,0.00011,0.00000,0.00046,0.00231,0.01027
1403715355.763322353363037,0.00720,0.00009,0.00011,0.00000,0.00042,0.00234,0.01016
1403715355.813322544097900,0.00890,0.00014,0.00004,0.00000,0.00024,0.00221,0.01152
1403715355.863322496414185,0.00775,0.00012,0.00002,0.00000,0.00000,0.00236,0.01025
1403715355.913322448730469,0.00724,0.00011,0.00004,0.00000,0.00083,0.00235,0.01056
1403715355.963322401046753,0.00719,0.00010,0.00007,0.00000,0.00000,0.00224,0.00960
1403715356.013322353363037,0.00741,0.00010,0.00005,0.00000,0.00167,0.00221,0.01145
1403715356.063322544097900,0.00672,0.00010,0.00004,0.00000,0.00000,0.00227,0.00913
1403715356.113322496414185,0.00619,0.00011,0.00005,0.00000,0.00000,0.00232,0.00867
1403715356.163322448730469,0.00733,0.00012,0.00001,0.00000,0.00039,0.00229,0.01015
1403715356.213322401046753,0.00665,0.00011,0.00001,0.00000,0.00009,0.00228,0.00914
1403715356.263322353363037,0.00708,0.00010,0.00004,0.00000,0.00000,0.00219,0.00940
1403715356.313322544097900,0.00732,0.00012,0.00007,0.00000,0.00019,0.00223,0.00993
1403715356.363322496414185,0.00701,0.00010,0.00006,0.00000,0.00130,0.00224,0.01071
1403715356.413322448730469,0.00695,0.00010,0.00001,0.00000,0.00058,0.00220,0.00985
1403715356.463322401046753,0.00726,0.00011,0.00001,0.00000,0.00000,0.00225,0.00964
1403715356.513322353363037,0.00673,0.00011,0.00001,0.00000,0.00010,0.00228,0.00922
1403715356.563322544097900,0.00609,0.00011,0.00001,0.00000,0.00000,0.00245,0.00865
1403715356.613322496414185,0.00738,0.00010,0.00001,0.00000,0.00125,0.00227,0.01101
1403715356.663322448730469,0.00622,0.00010,0.00001,0.00000,0.00000,0.00227,0.00861
1403715356.713322401046753,0.00661,0.00010,0.00001,0.00000,0.00000,0.00222,0.00893
1403715356.763322353363037,0.00890,0.00011,0.00006,0.00000,0.00018,0.00235,0.01160
1403715356.813322544097900,0.00665,0.00011,0.00004,0.00000,0.00008,0.00216,0.00904
1403715356.863322496414185,0.00663,0.00012,0.00008,0.00000,0.00000,0.00219,0.00902
1403715356.913322448730469,0.00646,0.00010,0.00012,0.00000,0.00015,0.00220,0.00903
1403715356.963322401046753,0.00881,0.00011,0.00012,0.00000,0.00040,0.00238,0.01184
1403715357.013322353363037,0.00699,0.00011,0.00013,0.00000,0.00015,0.00233,0.00971
1403715357.063322544097900,0.00766,0.00011,0.00007,0.00000,0.00000,0.00237,0.01022
1403715357.113322496414185,0.00918,0.00011,0.00009,0.00000,0.00000,0.00253,0.01191
1403715357.163322448730469,0.00691,0.00018,0.00002,0.00000,0.00000,0.00249,0.00960
1403715357.213322401046753,0.00671,0.00011,0.00004,0.00000,0.00118,0.00249,0.01053
1403715357.263322353363037,0.00865,0.00011,0.00007,0.00000,0.00000,0.00220,0.01103
1403715357.313322544097900,0.00759,0.00010,0.00007,0.00000,0.00019,0.00232,0.01027
1403715357.363322496414185,0.00744,0.00010,0.00020,0.00000,0.00011,0.00219,0.01004
1403715357.413322448730469,0.00721,0.00009,0.00004,0.00000,0.00007,0.00222,0.00963
1403715357.463322401046753,0.00802,0.00010,0.00007,0.00000,0.00000,0.00227,0.01046
1403715357.513322353363037,0.00700,0.00010,0.00009,0.00000,0.00084,0.00212,0.01015
1403715357.563322544097900,0.00704,0.00009,0.00004,0.00000,0.00073,0.00220,0.01009
1403715357.613322496414185,0.00940,0.00010,0.00004,0.00000,0.00032,0.00225,0.01212
1403715357.663322448730469,0.00707,0.00010,0.00007,0.00000,0.00000,0.00233,0.00958
1403715357.713322401046753,0.00704,0.00010,0.00005,0.00000,0.00000,0.00227,0.00946
1403715357.763322353363037,0.00742,0.00010,0.00001,0.00000,0.00000,0.00227,0.00980
1403715357.813322544097900,0.00687,0.00009,0.00006,0.00000,0.00189,0.00220,0.01112
1403715357.863322496414185,0.00787,0.00010,0.00006,0.00006,0.00000,0.00208,0.01017
1403715357.913322448730469,0.00713,0.00010,0.00004,0.00006,0.00008,0.00227,0.00969
1403715357.963322401046753,0.00690,0.00010,0.00009,0.00002,0.00003,0.00215,0.00930
1403715358.013322353363037,0.00682,0.00011,0.00001,0.00002,0.00007,0.00227,0.00930
1403715358.063322544097900,0.00849,0.00011,0.00006,0.00000,0.00001,0.00236,0.01104
1403715358.113322496414185,0.00683,0.00012,0.00010,0.00000,0.00065,0.00230,0.00999
1403715358.163322448730469,0.00655,0.00010,0.00005,0.00000,0.00091,0.00216,0.00977
1403715358.213322401046753,0.00642,0.00011,0.00001,0.00000,0.00012,0.00207,0.00873
1403715358.263322353363037,0.00888,0.00010,0.00009,0.00000,0.00000,0.00249,0.01155
1403715358.313322544097900,0.00763,0.00012,0.00003,0.00000,0.00000,0.00234,0.01013
1403715358.363322496414185,0.00726,0.00010,0.00004,0.00000,0.00000,0.00240,0.00979
1403715358.413322448730469,0.00856,0.00011,0.00008,0.00000,0.00146,0.00251,0.01272
1403715358.463322401046753,0.00746,0.00010,0.00010,0.00000,0.00000,0.00232,0.00999
1403715358.513322353363037,0.00754,0.00009,0.00006,0.00000,0.00000,0.00241,0.01011
1403715358.563322544097900,0.00754,0.00009,0.00004,0.00000,0.00003,0.00230,0.01000
1403715358.613322496414185,0.00900,0.00010,0.00006,0.00000,0.00017,0.00237,0.01170
1403715358.663322448730469,0.01126,0.00009,0.00010,0.00000,0.00000,0.00237,0.01381
1403715358.713322401046753,0.00892,0.00010,0.00028,0.00000,0.00026,0.00217,0.01173
1403715358.763322353363037,0.00894,0.00011,0.00018,0.00000,0.00014,0.00238,0.01175
1403715358.813322544097900,0.01139,0.00012,0.00020,0.00000,0.00015,0.00239,0.01425
1403715358.863322496414185,0.00999,0.00011,0.00021,0.00000,0.00000,0.00232,0.01263
1403715358.913322448730469,0.01105,0.00010,0.00015,0.00000,0.00000,0.00239,0.01370
1403715358.963322401046753,0.00891,0.00010,0.00010,0.00000,0.00007,0.00232,0.01150
1403715359.013322353363037,0.00922,0.00011,0.00013,0.00000,0.00053,0.00232,0.01232
1403715359.063322544097900,0.00842,0.00010,0.00009,0.00000,0.00000,0.00235,0.01097
1403715359.113322496414185,0.00756,0.00010,0.00006,0.00000,0.00000,0.00237,0.01009
1403715359.163322448730469,0.00750,0.00012,0.00009,0.00000,0.00012,0.00233,0.01016
1403715359.213322401046753,0.00931,0.00011,0.00006,0.00000,0.00025,0.00234,0.01208
1403715359.263322353363037,0.00729,0.00011,0.00002,0.00000,0.00000,0.00227,0.00968
1403715359.313322544097900,0.00726,0.00011,0.00008,0.00000,0.00047,0.00231,0.01023
1403715359.363322496414185,0.00785,0.00010,0.00005,0.00000,0.00041,0.00240,0.01081
1403715359.413322448730469,0.00982,0.00010,0.00006,0.00000,0.00025,0.00238,0.01262
1403715359.463322401046753,0.00729,0.00010,0.00006,0.00000,0.00010,0.00233,0.00988
1403715359.513322353363037,0.00763,0.00011,0.00006,0.00000,0.00000,0.00226,0.01006
1403715359.563322544097900,0.00867,0.00011,0.00002,0.00000,0.00023,0.00239,0.01142
1403715359.613322496414185,0.00732,0.00010,0.00013,0.00000,0.00085,0.00225,0.01066
1403715359.663322448730469,0.00822,0.00010,0.00005,0.00000,0.00000,0.00221,0.01059
1403715359.713322401046753,0.00718,0.00009,0.00004,0.00000,0.00000,0.00221,0.00953
1403715359.763322353363037,0.00740,0.00010,0.00007,0.00000,0.00015,0.00225,0.00997
1403715359.813322544097900,0.00767,0.00009,0.00006,0.00000,0.00021,0.00229,0.01032
1403715359.863322496414185,0.00691,0.00010,0.00005,0.00000,0.00000,0.00214,0.00920
1403715359.913322448730469,0.00812,0.00010,0.00007,0.00000,0.00042,0.00216,0.01086
1403715359.963322401046753,0.00732,0.00010,0.00005,0.00000,0.00079,0.00223,0.01049
1403715360.013322353363037,0.00719,0.00009,0.00002,0.00000,0.00041,0.00223,0.00993
1403715360.063322544097900,0.00695,0.00010,0.00004,0.00000,0.00009,0.00227,0.00945
1403715360.113322496414185,0.00635,0.00011,0.00001,0.00000,0.00000,0.00230,0.00877
1403715360.163322448730469,0.00857,0.00010,0.00005,0.00000,0.00016,0.00222,0.01111
1403715360.213322401046753,0.00637,0.00012,0.00009,0.00000,0.00058,0.00219,0.00935
1403715360.263322353363037,0.00740,0.00009,0.00004,0.00000,0.00000,0.00215,0.00968
1403715360.313322544097900,0.00665,0.00009,0.00014,0.00000,0.00000,0.00229,0.00917
1403715360.363322496414185,0.00683,0.00010,0.00004,0.00000,0.00012,0.00225,0.00933
1403715360.413322448730469,0.00667,0.00010,0.00001,0.00000,0.00019,0.00224,0.00921
1403715360.463322401046753,0.00661,0.00011,0.00004,0.00000,0.00013,0.00215,0.00904
1403715360.513322353363037,0.00723,0.00011,0.00005,0.00000,0.00014,0.00234,0.00987
1403715360.563322544097900,0.00764,0.00010,0.00006,0.00000,0.00058,0.00211,0.01051
1403715360.613322496414185,0.00825,0.00010,0.00002,0.00000,0.00019,0.00252,0.01107
1403715360.663322448730469,0.00802,0.00009,0.00022,0.00000,0.00009,0.00221,0.01063
1403715360.713322877883911,0.00680,0.00009,0.00031,0.00000,0.00007,0.00227,0.00954
1403715360.763322830200195,0.00707,0.00009,0.00007,0.00000,0.00014,0.00224,0.00962
1403715360.813323020935059,0.00940,0.00009,0.00007,0.00000,0.00053,0.00238,0.01248
1403715360.863322973251343,0.00686,0.00009,0.00006,0.00000,0.00000,0.00208,0.00909
1403715360.913322925567627,0.00673,0.00009,0.00014,0.00000,0.00000,0.00219,0.00916
1403715360.963322877883911,0.00652,0.00010,0.00011,0.00000,0.00011,0.00219,0.00904
1403715361.013322830200195,0.00833,0.00010,0.00001,0.00000,0.00014,0.00224,0.01082
1403715361.063323020935059,0.00694,0.00009,0.00002,0.00000,0.00025,0.00222,0.00953
1403715361.113322973251343,0.00787,0.00010,0.00001,0.00000,0.00021,0.00236,0.01054
1403715361.163322925567627,0.00700,0.00009,0.00001,0.00000,0.00050,0.00223,0.00983
1403715361.213322877883911,0.00729,0.00010,0.00004,0.00000,0.00019,0.00243,0.01005
1403715361.263322830200195,0.00825,0.00011,0.00005,0.00000,0.00007,0.00230,0.01078
1403715361.313323020935059,0.00717,0.00009,0.00025,0.00000,0.00005,0.00216,0.00971
1403715361.363322973251343,0.00833,0.00010,0.00018,0.00000,0.00030,0.00217,0.01108
1403715361.413322925567627,0.00846,0.00009,0.00034,0.00000,0.00043,0.00227,0.01159
1403715361.463322877883911,0.00780,0.00010,0.00004,0.00000,0.00000,0.00200,0.00995
1403715361.513322830200195,0.00645,0.00009,0.00009,0.00000,0.00000,0.00217,0.00880
1403715361.563323020935059,0.00701,0.00010,0.00005,0.00000,0.00032,0.00224,0.00971
1403715361.613322973251343,0.00642,0.00010,0.00001,0.00000,0.00011,0.00225,0.00890
1403715361.663322925567627,0.00666,0.00009,0.00001,0.00000,0.00004,0.00205,0.00885
1403715361.713322877883911,0.00725,0.00009,0.00005,0.00000,0.00006,0.00247,0.00992
1403715361.763322830200195,0.00817,0.00009,0.00001,0.00000,0.00018,0.00233,0.01077
1403715361.813323020935059,0.00689,0.00009,0.00004,0.00000,0.00015,0.00226,0.00943
1403715361.863322973251343,0.01120,0.00010,0.00004,0.00000,0.00002,0.00232,0.01368
1403715361.913322925567627,0.00762,0.00010,0.00011,0.00000,0.00017,0.00228,0.01028
1403715361.963322877883911,0.00788,0.00009,0.00006,0.00000,0.00026,0.00218,0.01048
1403715362.013322830200195,0.00805,0.00009,0.00004,0.00000,0.00068,0.00235,0.01120
1403715362.063323020935059,0.00785,0.00009,0.00007,0.00000,0.00000,0.00241,0.01042
1403715362.113322973251343,0.00772,0.00009,0.00018,0.00000,0.00000,0.00226,0.01025
1403715362.163322925567627,0.01125,0.00014,0.00009,0.00000,0.00047,0.00274,0.01470
1403715362.213322877883911,0.00746,0.00010,0.00010,0.00000,0.00006,0.00233,0.01005
1403715362.263322830200195,0.00732,0.00010,0.00005,0.00000,0.00003,0.00223,0.00974
1403715362.313323020935059,0.00747,0.00009,0.00008,0.00000,0.00021,0.00230,0.01016
1403715362.363322973251343,0.00965,0.00010,0.00008,0.00000,0.00016,0.00197,0.01196
1403715362.413322925567627,0.00812,0.00010,0.00007,0.00000,0.00051,0.00226,0.01105
1403715362.463322877883911,0.00687,0.00009,0.00010,0.00000,0.00000,0.00208,0.00914
1403715362.513322830200195,0.00672,0.00010,0.00010,0.00000,0.00006,0.00212,0.00909
1403715362.563323020935059,0.00742,0.00009,0.00004,0.00000,0.00020,0.00235,0.01010
1403715362.613322973251343,0.00716,0.00009,0.00006,0.00000,0.00046,0.00216,0.00993
1403715362.663322925567627,0.00983,0.00010,0.00005,0.00000,0.00000,0.00223,0.01221
1403715362.713322877883911,0.00939,0.00009,0.00009,0.00000,0.00000,0.00234,0.01191
1403715362.763322830200195,0.00777,0.00010,0.00012,0.00000,0.00032,0.00239,0.01070
1403715362.813323020935059,0.00915,0.00009,0.00006,0.00000,0.00000,0.00230,0.01160
1403715362.863322973251343,0.00735,0.00010,0.00004,0.00000,0.00003,0.00237,0.00988
1403715362.913322925567627,0.00735,0.00010,0.00004,0.00000,0.00040,0.00244,0.01034
1403715362.963322877883911,0.00905,0.00009,0.00004,0.00000,0.00015,0.00237,0.01170
1403715363.013322830200195,0.00719,0.00010,0.00007,0.00000,0.00033,0.00236,0.01004
1403715363.063323020935059,0.00743,0.00011,0.00001,0.00000,0.00000,0.00226,0.00980
1403715363.113322973251343,0.00907,0.00010,0.00001,0.00000,0.00008,0.00225,0.01152
1403715363.163322925567627,0.00792,0.00011,0.00004,0.00000,0.00013,0.00223,0.01042
1403715363.213322877883911,0.00735,0.00011,0.00004,0.00000,0.00075,0.00222,0.01047
1403715363.263322830200195,0.00735,0.00009,0.00001,0.00000,0.00000,0.00234,0.00980
1403715363.313323020935059,0.00840,0.00010,0.00004,0.00000,0.00000,0.00226,0.01081
1403715363.363322973251343,0.00835,0.00010,0.00004,0.00000,0.00032,0.00222,0.01103
1403715363.413322925567627,0.00698,0.00010,0.00004,0.00000,0.00000,0.00231,0.00942
1403715363.463322877883911,0.01002,0.00011,0.00008,0.00000,0.00003,0.00245,0.01270
1403715363.513322830200195,0.00764,0.00010,0.00015,0.00000,0.00034,0.00243,0.01066
1403715363.563323020935059,0.00756,0.00011,0.00007,0.00000,0.00011,0.00229,0.01014
1403715363.613322973251343,0.00769,0.00011,0.00006,0.00000,0.00030,0.00241,0.01056
1403715363.663322925567627,0.00784,0.00010,0.00004,0.00000,0.00000,0.00239,0.01038
1403715363.713322877883911,0.00765,0.00010,0.00011,0.00000,0.00005,0.00240,0.01031
1403715363.763322830200195,0.00764,0.00010,0.00011,0.00000,0.00007,0.00230,0.01023
1403715363.813323020935059,0.01268,0.00011,0.00006,0.00000,0.00048,0.00260,0.01593
1403715363.863322973251343,0.00922,0.00009,0.00008,0.00000,0.00000,0.00231,0.01171
1403715363.913322925567627,0.00763,0.00012,0.00006,0.00000,0.00009,0.00221,0.01012
1403715363.963322877883911,0.00835,0.00009,0.00017,0.00000,0.00016,0.00234,0.01111
1403715364.013322830200195,0.01087,0.00010,0.00010,0.00000,0.00194,0.00277,0.01578
1403715364.063323020935059,0.00738,0.00010,0.00009,0.00000,0.00000,0.00229,0.00986
1403715364.113322973251343,0.00826,0.00010,0.00010,0.00000,0.00072,0.00239,0.01159
1403715364.163322210311890,0.01066,0.00012,0.00006,0.00006,0.00000,0.00246,0.01337
1403715364.213320970535278,0.01054,0.00012,0.00004,0.00006,0.00059,0.00258,0.01392
1403715364.263319492340088,0.00932,0.00011,0.00029,0.00006,0.00000,0.00241,0.01219
1403715364.313319444656372,0.00768,0.00009,0.00006,0.00007,0.00032,0.00242,0.01064
1403715364.363317966461182,0.00790,0.00010,0.00005,0.00008,0.00152,0.00239,0.01204
1403715364.413317680358887,0.00688,0.00010,0.00013,0.00006,0.00204,0.00238,0.01159
1403715364.463317632675171,0.00636,0.00011,0.00005,0.00011,0.00001,0.00227,0.00892
1403715364.513309955596924,0.00684,0.00011,0.00010,0.00008,0.00082,0.00230,0.01025
1403715364.563306570053101,0.00747,0.00010,0.00001,0.00013,0.00268,0.00253,0.01292
1403715364.613306999206543,0.00736,0.00011,0.00004,0.00009,0.00189,0.00219,0.01168
1403715364.663307428359985,0.00712,0.00012,0.00006,0.00010,0.00001,0.00225,0.00965
1403715364.713315486907959,0.00734,0.00010,0.00017,0.00006,0.00198,0.00237,0.01202
1403715364.763321161270142,0.00689,0.00011,0.00010,0.00009,0.00077,0.00217,0.01013
1403715364.813324689865112,0.00760,0.00010,0.00014,0.00007,0.00025,0.00219,0.01036
1403715364.863324642181396,0.00683,0.00010,0.00009,0.00004,0.00001,0.00224,0.00931
1403715364.913324594497681,0.00703,0.00010,0.00006,0.00003,0.00001,0.00211,0.00932
1403715364.963324546813965,0.01043,0.00010,0.00007,0.00000,0.00129,0.00237,0.01426
1403715365.013324499130249,0.00811,0.00011,0.00013,0.00000,0.00191,0.00261,0.01287
1403715365.063324689865112,0.00697,0.00010,0.00003,0.00000,0.00010,0.00238,0.00959
1403715365.113324642181396,0.00794,0.00010,0.00011,0.00000,0.00031,0.00232,0.01078
1403715365.163324594497681,0.00700,0.00010,0.00026,0.00000,0.00268,0.00218,0.01223
1403715365.213324546813965,0.00722,0.00010,0.00007,0.00000,0.00143,0.00253,0.01135
1403715365.263326168060303,0.00789,0.00010,0.00008,0.00000,0.00030,0.00229,0.01066
1403715365.313325405120850,0.00998,0.00010,0.00113,0.00000,0.00167,0.00247,0.01535
1403715365.363325357437134,0.00720,0.00009,0.00018,0.00002,0.00062,0.00247,0.01058
1403715365.413327455520630,0.00701,0.00010,0.00015,0.00001,0.00063,0.00209,0.00999
1403715365.463327407836914,0.00794,0.00010,0.00015,0.00002,0.00016,0.00238,0.01076
1403715365.513327360153198,0.00859,0.00010,0.00016,0.00002,0.00091,0.00230,0.01208
1403715365.563328266143799,0.00776,0.00010,0.00005,0.00000,0.00168,0.00215,0.01174
1403715365.613328218460083,0.00883,0.00010,0.00018,0.00002,0.00086,0.00228,0.01226
1403715365.663328170776367,0.00870,0.00011,0.00002,0.00003,0.00003,0.00233,0.01122
1403715365.713328123092651,0.01279,0.00010,0.00014,0.00000,0.00030,0.00266,0.01600
1403715365.763328075408936,0.00796,0.00011,0.00007,0.00006,0.00250,0.00241,0.01311
1403715365.813328266143799,0.00914,0.00011,0.00010,0.00000,0.00079,0.00228,0.01243
1403715365.863328218460083,0.00793,0.00010,0.00006,0.00000,0.00017,0.00248,0.01074
1403715365.913328170776367,0.00777,0.00011,0.00005,0.00000,0.00016,0.00247,0.01056
1403715365.963328123092651,0.00764,0.00010,0.00009,0.00000,0.00024,0.00243,0.01050
1403715366.013328075408936,0.00765,0.00010,0.00006,0.00000,0.00000,0.00241,0.01023
1403715366.063328266143799,0.00772,0.00010,0.00001,0.00000,0.00005,0.00246,0.01034
1403715366.113328218460083,0.00708,0.00010,0.00004,0.00000,0.00021,0.00239,0.00981
1403715366.163328170776367,0.00760,0.00010,0.00001,0.00000,0.00038,0.00249,0.01057
1403715366.213328123092651,0.00886,0.00009,0.00001,0.00000,0.00011,0.00246,0.01153
1403715366.263328075408936,0.00759,0.00010,0.00001,0.00000,0.00094,0.00256,0.01120
1403715366.313328266143799,0.00858,0.00011,0.00001,0.00000,0.00004,0.00242,0.01116
1403715366.363330602645874,0.00758,0.00010,0.00006,0.00000,0.00224,0.00247,0.01245
1403715366.413330078125000,0.00893,0.00010,0.00001,0.00008,0.00094,0.00244,0.01249
1403715366.463330030441284,0.00901,0.00011,0.00001,0.00007,0.00054,0.00252,0.01225
1403715366.513326168060303,0.00861,0.00012,0.00004,0.00007,0.00035,0.00238,0.01156
1403715366.563328981399536,0.00877,0.00011,0.00002,0.00009,0.00079,0.00239,0.01218
1403715366.613327503204346,0.00735,0.00013,0.00001,0.00011,0.00000,0.00243,0.01002
1403715366.663326978683472,0.00852,0.00010,0.00001,0.00009,0.00005,0.00247,0.01123
1403715366.713325023651123,0.00770,0.00011,0.00004,0.00007,0.00102,0.00244,0.01138
1403715366.763323545455933,0.00722,0.00010,0.00002,0.00009,0.00141,0.00240,0.01124
1403715366.813322305679321,0.00720,0.00012,0.00019,0.00007,0.00044,0.00241,0.01044
1403715366.863321542739868,0.00731,0.00010,0.00004,0.00007,0.00088,0.00238,0.01077
1403715366.913319826126099,0.00826,0.00010,0.00001,0.00007,0.00005,0.00248,0.01097
1403715366.963319778442383,0.00725,0.00010,0.00002,0.00003,0.00185,0.00236,0.01162
1403715367.013318538665771,0.00748,0.00010,0.00001,0.00003,0.00114,0.00249,0.01124
1403715367.063318490982056,0.00726,0.00012,0.00002,0.00006,0.00054,0.00248,0.01048
1403715367.113318443298340,0.00856,0.00012,0.00004,0.00006,0.00003,0.00248,0.01129
1403715367.163320064544678,0.00716,0.00010,0.00001,0.00006,0.00120,0.00249,0.01102
1403715367.213320732116699,0.00894,0.00011,0.00001,0.00009,0.00000,0.00244,0.01159
1403715367.263320922851562,0.00843,0.00012,0.00001,0.00010,0.00005,0.00244,0.01116
1403715367.313321113586426,0.00846,0.00010,0.00005,0.00008,0.00100,0.00244,0.01214
1403715367.363321304321289,0.00720,0.00011,0.00012,0.00006,0.00183,0.00238,0.01168
1403715367.413322210311890,0.00783,0.00014,0.00003,0.00010,0.00134,0.00246,0.01189
1403715367.463322162628174,0.00961,0.00013,0.00001,0.00013,0.00157,0.00238,0.01383
1403715367.513322353363037,0.00759,0.00011,0.00019,0.00010,0.00017,0.00256,0.01073
1403715367.563323736190796,0.00672,0.00011,0.00001,0.00012,0.00314,0.00258,0.01267
1403715367.613324165344238,0.00699,0.00010,0.00006,0.00014,0.00131,0.00237,0.01097
1403715367.663324594497681,0.00751,0.00011,0.00006,0.00011,0.00128,0.00235,0.01142
1403715367.713324546813965,0.00725,0.00011,0.00014,0.00012,0.00018,0.00247,0.01027
1403715367.763325214385986,0.00669,0.00011,0.00015,0.00011,0.00115,0.00239,0.01059
1403715367.813326358795166,0.00673,0.00011,0.00025,0.00011,0.00001,0.00225,0.00946
1403715367.863327264785767,0.00699,0.00012,0.00021,0.00010,0.00017,0.00239,0.00998
1403715367.913328409194946,0.00802,0.00010,0.00013,0.00012,0.00157,0.00258,0.01251
1403715367.963329553604126,0.00750,0.00011,0.00001,0.00010,0.00151,0.00231,0.01154
1403715368.013331651687622,0.00729,0.00011,0.00015,0.00009,0.00134,0.00252,0.01150
1403715368.063332796096802,0.00925,0.00011,0.00002,0.00010,0.00298,0.00277,0.01523
1403715368.113333463668823,0.00743,0.00012,0.00001,0.00010,0.00020,0.00261,0.01047
1403715368.163333654403687,0.00970,0.00011,0.00006,0.00008,0.00284,0.00276,0.01555
1403715368.213333606719971,0.00894,0.00014,0.00006,0.00002,0.00131,0.00286,0.01334
1403715368.263333559036255,0.00956,0.00011,0.00011,0.00002,0.00087,0.00258,0.01326
1403715368.313333749771118,0.00838,0.00011,0.00012,0.00000,0.00019,0.00258,0.01138
1403715368.363337278366089,0.00842,0.00012,0.00004,0.00000,0.00143,0.00268,0.01269
1403715368.413337230682373,0.00896,0.00018,0.00002,0.00004,0.00000,0.00270,0.01191
1403715368.463337182998657,0.00750,0.00012,0.00001,0.00003,0.00000,0.00252,0.01018
1403715368.513337135314941,0.00973,0.00012,0.00003,0.00000,0.00112,0.00289,0.01389
1403715368.563338279724121,0.00776,0.00011,0.00024,0.00000,0.00154,0.00241,0.01206
1403715368.613338232040405,0.00728,0.00011,0.00011,0.00000,0.00029,0.00243,0.01022
1403715368.663338422775269,0.00741,0.00013,0.00010,0.00000,0.00343,0.00288,0.01395
1403715368.713338613510132,0.00758,0.00011,0.00022,0.00005,0.00010,0.00247,0.01052
1403715368.763341903686523,0.00730,0.00010,0.00014,0.00002,0.00309,0.00280,0.01345
1403715368.813345670700073,0.00763,0.00011,0.00001,0.00003,0.00208,0.00268,0.01254
1403715368.863347530364990,0.00781,0.00011,0.00019,0.00003,0.00085,0.00238,0.01138
1403715368.913348436355591,0.00729,0.00012,0.00003,0.00008,0.00027,0.00246,0.01025
1403715368.963348865509033,0.00802,0.00014,0.00005,0.00006,0.00131,0.00269,0.01228
1403715369.013349533081055,0.00671,0.00012,0.00047,0.00006,0.00000,0.00233,0.00970
1403715369.063351154327393,0.00683,0.00011,0.00014,0.00009,0.00269,0.00249,0.01235
1403715369.113351821899414,0.00713,0.00011,0.00001,0.00007,0.00107,0.00241,0.01079
1403715369.163351774215698,0.00667,0.00014,0.00001,0.00003,0.00132,0.00232,0.01049
1403715369.213351726531982,0.00680,0.00011,0.00001,0.00003,0.00032,0.00232,0.00958
1403715369.263351678848267,0.00794,0.00011,0.00002,0.00000,0.00342,0.00277,0.01427
1403715369.313351869583130,0.00787,0.00012,0.00009,0.00002,0.00000,0.00239,0.01048
1403715369.363351821899414,0.00788,0.00012,0.00006,0.00003,0.00279,0.00268,0.01356
1403715369.413351774215698,0.00786,0.00012,0.00006,0.00000,0.00092,0.00247,0.01143
1403715369.463347911834717,0.01149,0.00013,0.00007,0.00000,0.00077,0.00279,0.01524
1403715369.513345479965210,0.00821,0.00011,0.00005,0.00007,0.00060,0.00256,0.01158
1403715369.563338994979858,0.00830,0.00012,0.00005,0.00008,0.00154,0.00255,0.01264
1403715369.613335132598877,0.00799,0.00011,0.00001,0.00015,0.00000,0.00257,0.01084
1403715369.663333415985107,0.00789,0.00012,0.00009,0.00011,0.00189,0.00260,0.01269
1403715369.713332414627075,0.00791,0.00011,0.00029,0.00008,0.00106,0.00243,0.01188
1403715369.763332366943359,0.00789,0.00012,0.00012,0.00002,0.00127,0.00250,0.01192
1403715369.813332557678223,0.00750,0.00012,0.00003,0.00003,0.00037,0.00275,0.01081
1403715369.863332271575928,0.00767,0.00012,0.00002,0.00000,0.00354,0.00286,0.01421
1403715369.913332700729370,0.00752,0.00011,0.00001,0.00007,0.00000,0.00253,0.01024
1403715369.963333606719971,0.01039,0.00014,0.00006,0.00007,0.00247,0.00281,0.01594
1403715370.013337135314941,0.00809,0.00012,0.00026,0.00005,0.00314,0.00287,0.01452
1403715370.063338279724121,0.00796,0.00012,0.00001,0.00008,0.00043,0.00257,0.01117
1403715370.113337993621826,0.00970,0.00011,0.00002,0.00007,0.00027,0.00268,0.01285
1403715370.163337945938110,0.00790,0.00011,0.00004,0.00003,0.00081,0.00261,0.01151
1403715370.213337898254395,0.00733,0.00012,0.00002,0.00003,0.00001,0.00253,0.01004
1403715370.263337850570679,0.00715,0.00012,0.00012,0.00000,0.00189,0.00246,0.01174
1403715370.313338041305542,0.00689,0.00012,0.00018,0.00000,0.00105,0.00236,0.01061
1403715370.363335371017456,0.00758,0.00011,0.00004,0.00000,0.00170,0.00236,0.01178
1403715370.413333415985107,0.00713,0.00011,0.00004,0.00003,0.00082,0.00251,0.01064
1403715370.463333368301392,0.00721,0.00012,0.00001,0.00003,0.00313,0.00253,0.01303
1403715370.513334035873413,0.00697,0.00012,0.00013,0.00002,0.00242,0.00249,0.01216
1403715370.563334226608276,0.00748,0.00012,0.00002,0.00000,0.00161,0.00238,0.01161
1403715370.613334178924561,0.00706,0.00011,0.00013,0.00000,0.00199,0.00237,0.01166
1403715370.663334131240845,0.00668,0.00011,0.00003,0.00000,0.00006,0.00233,0.00920
1403715370.713337898254395,0.00764,0.00012,0.00001,0.00000,0.00040,0.00245,0.01062
1403715370.763338327407837,0.00670,0.00013,0.00001,0.00008,0.00039,0.00240,0.00971
1403715370.813339471817017,0.00688,0.00011,0.00015,0.00006,0.00003,0.00237,0.00960
1403715370.863342761993408,0.00769,0.00012,0.00001,0.00007,0.00142,0.00244,0.01176
1403715370.913343906402588,0.00614,0.00012,0.00001,0.00010,0.00055,0.00249,0.00940
1403715370.963347196578979,0.00617,0.00012,0.00001,0.00010,0.00018,0.00245,0.00903
1403715371.013350486755371,0.00774,0.00011,0.00001,0.00009,0.00049,0.00249,0.01093
1403715371.063354969024658,0.00753,0.00012,0.00001,0.00009,0.00294,0.00243,0.01311
1403715371.113356113433838,0.00775,0.00011,0.00012,0.00006,0.00193,0.00247,0.01245
1403715371.163360834121704,0.00748,0.00010,0.00001,0.00007,0.00187,0.00241,0.01194
1403715371.213360548019409,0.00729,0.00010,0.00003,0.00007,0.00146,0.00243,0.01138
1403715371.263360261917114,0.00956,0.00013,0.00011,0.00007,0.00005,0.00251,0.01242
1403715371.313359022140503,0.00794,0.00013,0.00013,0.00005,0.00004,0.00254,0.01083
1403715371.363358974456787,0.00776,0.00012,0.00005,0.00003,0.00039,0.00231,0.01066
1403715371.413358926773071,0.00843,0.00012,0.00006,0.00003,0.00002,0.00251,0.01117
1403715371.463358879089355,0.00774,0.00013,0.00022,0.00000,0.00106,0.00234,0.01150
1403715371.513358831405640,0.00764,0.00012,0.00015,0.00000,0.00047,0.00255,0.01093
1403715371.563331604003906,0.00817,0.00014,0.00015,0.00000,0.00169,0.00235,0.01249
1403715371.613329172134399,0.00676,0.00013,0.00004,0.00007,0.00064,0.00236,0.01001
1403715371.663327455520630,0.00788,0.00016,0.00037,0.00006,0.00132,0.00231,0.01210
1403715371.713325500488281,0.00945,0.00014,0.00032,0.00006,0.00062,0.00235,0.01295
1403715371.763324260711670,0.00688,0.00012,0.00021,0.00002,0.00219,0.00256,0.01198
1403715371.813323020935059,0.00712,0.00012,0.00026,0.00002,0.00267,0.00252,0.01271
1403715371.863322973251343,0.00728,0.00013,0.00004,0.00007,0.00005,0.00235,0.00992
1403715371.913329362869263,0.00772,0.00012,0.00012,0.00006,0.00070,0.00235,0.01105
1403715371.963331699371338,0.00714,0.00011,0.00029,0.00008,0.00093,0.00239,0.01094
1403715372.013333082199097,0.00663,0.00013,0.00018,0.00014,0.00003,0.00235,0.00946
1403715372.063333988189697,0.00778,0.00011,0.00017,0.00011,0.00087,0.00225,0.01128
1403715372.113333463668823,0.00650,0.00011,0.00019,0.00011,0.00055,0.00279,0.01025
1403715372.163332939147949,0.00769,0.00012,0.00004,0.00010,0.00025,0.00222,0.01042
1403715372.213331937789917,0.00869,0.00013,0.00020,0.00008,0.00047,0.00231,0.01188
1403715372.263331413269043,0.00893,0.00011,0.00027,0.00007,0.00390,0.00245,0.01572
1403715372.313330411911011,0.00784,0.00011,0.00001,0.00009,0.00101,0.00233,0.01140
1403715372.363329172134399,0.00725,0.00012,0.00017,0.00008,0.00178,0.00283,0.01224
1403715372.413330793380737,0.00831,0.00011,0.00027,0.00007,0.00180,0.00245,0.01302
1403715372.463333368301392,0.00810,0.00013,0.00012,0.00006,0.00038,0.00249,0.01128
1403715372.513333320617676,0.00779,0.00012,0.00016,0.00003,0.00000,0.00239,0.01050
1403715372.563333749771118,0.00677,0.00012,0.00021,0.00002,0.00059,0.00244,0.01016
1403715372.613328695297241,0.00748,0.00012,0.00017,0.00006,0.00242,0.00249,0.01275
1403715372.663328647613525,0.00671,0.00012,0.00002,0.00011,0.00071,0.00229,0.00996
1403715372.713328599929810,0.00680,0.00013,0.00020,0.00005,0.00044,0.00231,0.00994
1403715372.763328552246094,0.00616,0.00012,0.00033,0.00002,0.00118,0.00240,0.01022
1403715372.813328742980957,0.00728,0.00013,0.00003,0.00000,0.00001,0.00226,0.00972
1403715372.863328218460083,0.00931,0.00012,0.00001,0.00000,0.00411,0.00243,0.01598
1403715372.913327932357788,0.00690,0.00011,0.00003,0.00006,0.00133,0.00234,0.01078
1403715372.963327884674072,0.00791,0.00012,0.00023,0.00005,0.00177,0.00245,0.01254
1403715373.013327836990356,0.00917,0.00012,0.00012,0.00005,0.00184,0.00284,0.01413
1403715373.063327789306641,0.00777,0.00012,0.00008,0.00006,0.00023,0.00264,0.01089
1403715373.113327741622925,0.00758,0.00011,0.00013,0.00004,0.00000,0.00235,0.01021
1403715373.163327693939209,0.00923,0.00011,0.00033,0.00006,0.00124,0.00274,0.01372
1403715373.213327646255493,0.00914,0.00011,0.00013,0.00005,0.00020,0.00257,0.01220
1403715373.263326883316040,0.00826,0.00013,0.00027,0.00005,0.00062,0.00254,0.01186
1403715373.313326358795166,0.00935,0.00010,0.00044,0.00005,0.00007,0.00262,0.01264
1403715373.363323926925659,0.00806,0.00011,0.00032,0.00006,0.00171,0.00245,0.01270
1403715373.413323640823364,0.00767,0.00010,0.00010,0.00009,0.00139,0.00256,0.01191
1403715373.463322401046753,0.00898,0.00012,0.00033,0.00009,0.00363,0.00248,0.01564
1403715373.513320922851562,0.01002,0.00013,0.00002,0.00011,0.00167,0.00270,0.01466
1403715373.563317298889160,0.00804,0.00011,0.00036,0.00014,0.00023,0.00261,0.01150
1403715373.613313436508179,0.00828,0.00011,0.00025,0.00013,0.00155,0.00272,0.01306
1403715373.663309812545776,0.00796,0.00011,0.00005,0.00015,0.00022,0.00261,0.01112
1403715373.713308811187744,0.00815,0.00011,0.00014,0.00013,0.00047,0.00254,0.01154
1403715373.763309478759766,0.00816,0.00011,0.00014,0.00014,0.00080,0.00250,0.01185
1403715373.813311815261841,0.00815,0.00012,0.00015,0.00011,0.00020,0.00255,0.01128
1403715373.863314390182495,0.00941,0.00011,0.00005,0.00010,0.00156,0.00255,0.01378
1403715373.913316249847412,0.00960,0.00014,0.00040,0.00004,0.00006,0.00262,0.01284
1403715373.963320970535278,0.00942,0.00011,0.00049,0.00002,0.00082,0.00268,0.01354
1403715374.013320922851562,0.00909,0.00011,0.00018,0.00002,0.00128,0.00259,0.01326
1403715374.063321113586426,0.01126,0.00012,0.00015,0.00002,0.00257,0.00245,0.01657
1403715374.113321065902710,0.00815,0.00012,0.00003,0.00000,0.00072,0.00251,0.01154
1403715374.163321018218994,0.00826,0.00011,0.00009,0.00000,0.00002,0.00264,0.01113
1403715374.213320970535278,0.00937,0.00011,0.00004,0.00000,0.00025,0.00258,0.01236
1403715374.263320922851562,0.00952,0.00011,0.00001,0.00000,0.00004,0.00253,0.01220
1403715374.313321113586426,0.00936,0.00010,0.00009,0.00000,0.00011,0.00252,0.01218
1403715374.363321065902710,0.00978,0.00011,0.00008,0.00000,0.00011,0.00247,0.01255
1403715374.413321018218994,0.00917,0.00012,0.00025,0.00000,0.00008,0.00248,0.01209
1403715374.463320970535278,0.00961,0.00011,0.00008,0.00000,0.00018,0.00256,0.01254
1403715374.513320922851562,0.00776,0.00012,0.00030,0.00000,0.00010,0.00242,0.01070
1403715374.563321113586426,0.00948,0.00011,0.00006,0.00000,0.00007,0.00249,0.01221
1403715374.613321065902710,0.00777,0.00011,0.00006,0.00000,0.00061,0.00252,0.01107
1403715374.663321018218994,0.00847,0.00011,0.00010,0.00000,0.00044,0.00239,0.01151
1403715374.713320970535278,0.00766,0.00011,0.00006,0.00000,0.00019,0.00252,0.01052
1403715374.763320922851562,0.00780,0.00011,0.00001,0.00000,0.00004,0.00247,0.01044
1403715374.813321113586426,0.00790,0.00010,0.00004,0.00000,0.00013,0.00246,0.01063
1403715374.863321065902710,0.00784,0.00012,0.00001,0.00000,0.00004,0.00250,0.01051
1403715374.913321018218994,0.00786,0.00011,0.00001,0.00000,0.00012,0.00261,0.01071
1403715374.963320970535278,0.00808,0.00012,0.00012,0.00000,0.00032,0.00251,0.01114
1403715375.013320922851562,0.00900,0.00013,0.00012,0.00000,0.00008,0.00255,0.01188
1403715375.063321113586426,0.00944,0.00013,0.00015,0.00000,0.00014,0.00251,0.01236
1403715375.113321065902710,0.00808,0.00011,0.00022,0.00000,0.00036,0.00250,0.01127
1403715375.163321018218994,0.01106,0.00011,0.00009,0.00000,0.00002,0.00255,0.01384
1403715375.213320970535278,0.00783,0.00011,0.00007,0.00000,0.00037,0.00259,0.01097
1403715375.263320922851562,0.01070,0.00011,0.00007,0.00000,0.00030,0.00247,0.01366
1403715375.313321113586426,0.00765,0.00011,0.00003,0.00000,0.00017,0.00253,0.01050
1403715375.363321065902710,0.00858,0.00010,0.00007,0.00000,0.00002,0.00248,0.01127
1403715375.413321018218994,0.00945,0.00011,0.00004,0.00000,0.00011,0.00245,0.01215
1403715375.463320970535278,0.00925,0.00011,0.00007,0.00000,0.00004,0.00254,0.01200
1403715375.513320922851562,0.00759,0.00011,0.00012,0.00000,0.00010,0.00255,0.01047
1403715375.563321113586426,0.00778,0.00013,0.00005,0.00000,0.00032,0.00251,0.01080
1403715375.613321065902710,0.00755,0.00011,0.00006,0.00000,0.00007,0.00245,0.01023
1403715375.663321018218994,0.00925,0.00011,0.00006,0.00000,0.00004,0.00240,0.01186
1403715375.713320970535278,0.00952,0.00013,0.00013,0.00000,0.00034,0.00254,0.01266
1403715375.763320922851562,0.01003,0.00011,0.00007,0.00000,0.00002,0.00256,0.01280
1403715375.813321113586426,0.00918,0.00012,0.00011,0.00000,0.00036,0.00257,0.01233
1403715375.863321065902710,0.01056,0.00011,0.00008,0.00000,0.00028,0.00250,0.01352
1403715375.913321018218994,0.00881,0.00010,0.00004,0.00000,0.00024,0.00250,0.01169
1403715375.963320970535278,0.01042,0.00011,0.00014,0.00000,0.00003,0.00264,0.01334
1403715376.013320922851562,0.00886,0.00010,0.00004,0.00000,0.00026,0.00256,0.01182
1403715376.063321113586426,0.00892,0.00012,0.00022,0.00000,0.00000,0.00255,0.01181
1403715376.113321065902710,0.00988,0.00010,0.00010,0.00000,0.00009,0.00236,0.01254
1403715376.163321018218994,0.00904,0.00012,0.00009,0.00000,0.00023,0.00243,0.01190
1403715376.213320970535278,0.00868,0.00012,0.00007,0.00000,0.00007,0.00257,0.01151
1403715376.263320922851562,0.00985,0.00012,0.00008,0.00000,0.00004,0.00234,0.01243
1403715376.313321113586426,0.00917,0.00010,0.00015,0.00000,0.00024,0.00244,0.01212
1403715376.363321065902710,0.00941,0.00012,0.00014,0.00000,0.00017,0.00251,0.01234
1403715376.413321018218994,0.00998,0.00012,0.00008,0.00000,0.00029,0.00248,0.01295
1403715376.463320970535278,0.00978,0.00012,0.00009,0.00000,0.00024,0.00238,0.01262
1403715376.513320922851562,0.00896,0.00012,0.00007,0.00000,0.00023,0.00251,0.01189
1403715376.563321113586426,0.00916,0.00012,0.00014,0.00000,0.00003,0.00256,0.01200
1403715376.613321065902710,0.00923,0.00011,0.00009,0.00000,0.00029,0.00248,0.01220
1403715376.663321018218994,0.00901,0.00012,0.00001,0.00000,0.00005,0.00268,0.01187
1403715376.713320970535278,0.00944,0.00011,0.00001,0.00000,0.00014,0.00261,0.01231
1403715376.763320922851562,0.00934,0.00010,0.00002,0.00000,0.00011,0.00255,0.01212
1403715376.813321113586426,0.01014,0.00011,0.00001,0.00000,0.00026,0.00249,0.01301
1403715376.863321065902710,0.01008,0.00010,0.00006,0.00000,0.00015,0.00250,0.01290
1403715376.913321018218994,0.00971,0.00012,0.00007,0.00000,0.00026,0.00251,0.01267
1403715376.963320970535278,0.00862,0.00010,0.00006,0.00000,0.00015,0.00259,0.01152
1403715377.013320922851562,0.00881,0.00013,0.00010,0.00000,0.00041,0.00238,0.01183
1403715377.063321113586426,0.01149,0.00010,0.00005,0.00000,0.00021,0.00258,0.01442
1403715377.113321065902710,0.00824,0.00011,0.00006,0.00000,0.00033,0.00248,0.01122
1403715377.163321018218994,0.00989,0.00011,0.00011,0.00000,0.00002,0.00248,0.01262
1403715377.213320970535278,0.00905,0.00012,0.00006,0.00000,0.00022,0.00245,0.01191
1403715377.263320922851562,0.01166,0.00010,0.00005,0.00000,0.00015,0.00273,0.01469
1403715377.313321113586426,0.00855,0.00012,0.00031,0.00000,0.00012,0.00340,0.01250
1403715377.363321065902710,0.00723,0.00012,0.00006,0.00000,0.00009,0.00257,0.01007
1403715377.413321018218994,0.00695,0.00012,0.00006,0.00000,0.00014,0.00231,0.00958
1403715377.463320970535278,0.00691,0.00011,0.00009,0.00000,0.00018,0.00239,0.00968
1403715377.513320922851562,0.00930,0.00010,0.00010,0.00000,0.00026,0.00237,0.01213
1403715377.563321113586426,0.00712,0.00012,0.00005,0.00000,0.00015,0.00230,0.00974
1403715377.613321065902710,0.00713,0.00011,0.00004,0.00000,0.00047,0.00237,0.01011
1403715377.663321018218994,0.00852,0.00011,0.00005,0.00000,0.00011,0.00237,0.01116
1403715377.713320970535278,0.00704,0.00011,0.00006,0.00000,0.00025,0.00235,0.00982
1403715377.763320922851562,0.00987,0.00013,0.00006,0.00000,0.00000,0.00239,0.01245
1403715377.813321113586426,0.00791,0.00011,0.00011,0.00000,0.00040,0.00241,0.01093
1403715377.863321065902710,0.00742,0.00010,0.00006,0.00000,0.00015,0.00243,0.01016
1403715377.913321018218994,0.00739,0.00011,0.00009,0.00000,0.00011,0.00246,0.01016
1403715377.963320970535278,0.00708,0.00011,0.00006,0.00000,0.00009,0.00247,0.00981
1403715378.013320922851562,0.00726,0.00010,0.00001,0.00000,0.00008,0.00239,0.00985
1403715378.063321113586426,0.00827,0.00012,0.00009,0.00000,0.00044,0.00262,0.01154
1403715378.113321065902710,0.00703,0.00013,0.00006,0.00000,0.00015,0.00223,0.00960
1403715378.163321018218994,0.00699,0.00011,0.00006,0.00000,0.00012,0.00227,0.00954
1403715378.213320970535278,0.01133,0.00010,0.00010,0.00000,0.00042,0.00234,0.01429
1403715378.263320922851562,0.00823,0.00011,0.00009,0.00000,0.00007,0.00241,0.01092
1403715378.313321113586426,0.01070,0.00012,0.00001,0.00000,0.00073,0.00231,0.01388
1403715378.363321065902710,0.01080,0.00012,0.00006,0.00000,0.00000,0.00253,0.01352
1403715378.413321018218994,0.00830,0.00014,0.00013,0.00000,0.00031,0.00258,0.01146
1403715378.463320970535278,0.00819,0.00011,0.00001,0.00000,0.00014,0.00252,0.01097
1403715378.513320922851562,0.00767,0.00011,0.00005,0.00000,0.00010,0.00243,0.01036
1403715378.563321113586426,0.00730,0.00011,0.00004,0.00000,0.00003,0.00248,0.00998
1403715378.613321065902710,0.00737,0.00012,0.00001,0.00000,0.00004,0.00243,0.00996
1403715378.663321018218994,0.00781,0.00012,0.00010,0.00000,0.00022,0.00253,0.01078
1403715378.713320970535278,0.00708,0.00011,0.00001,0.00000,0.00009,0.00229,0.00957
1403715378.763320922851562,0.00737,0.00013,0.00001,0.00000,0.00039,0.00247,0.01036
1403715378.813321113586426,0.00773,0.00012,0.00001,0.00000,0.00031,0.00240,0.01057
1403715378.863321065902710,0.00702,0.00012,0.00006,0.00000,0.00060,0.00251,0.01030
1403715378.913321018218994,0.00659,0.00011,0.00001,0.00000,0.00064,0.00242,0.00976
1403715378.963320970535278,0.00768,0.00012,0.00004,0.00000,0.00000,0.00243,0.01027
1403715379.013320922851562,0.00709,0.00010,0.00005,0.00000,0.00031,0.00237,0.00992
1403715379.063321113586426,0.00682,0.00015,0.00005,0.00000,0.00010,0.00219,0.00931
1403715379.113321065902710,0.00731,0.00010,0.00001,0.00000,0.00011,0.00234,0.00987
1403715379.163321018218994,0.00668,0.00012,0.00001,0.00000,0.00000,0.00236,0.00916
1403715379.213320970535278,0.00675,0.00012,0.00001,0.00000,0.00004,0.00225,0.00917
1403715379.263320922851562,0.00674,0.00011,0.00001,0.00000,0.00020,0.00234,0.00940
1403715379.313321113586426,0.00710,0.00012,0.00001,0.00000,0.00008,0.00232,0.00963
1403715379.363321065902710,0.00669,0.00013,0.00001,0.00000,0.00036,0.00249,0.00968
1403715379.413321018218994,0.00874,0.00011,0.00004,0.00000,0.00027,0.00240,0.01156
1403715379.463320970535278,0.00707,0.00012,0.00005,0.00000,0.00052,0.00232,0.01008
1403715379.513320922851562,0.00796,0.00011,0.00001,0.00000,0.00063,0.00240,0.01111
1403715379.563321113586426,0.00809,0.00011,0.00001,0.00000,0.00000,0.00253,0.01074
1403715379.613321065902710,0.00818,0.00012,0.00006,0.00000,0.00029,0.00240,0.01105
1403715379.663321018218994,0.00789,0.00012,0.00005,0.00000,0.00010,0.00245,0.01061
1403715379.713320970535278,0.00829,0.00011,0.00001,0.00000,0.00008,0.00240,0.01089
1403715379.763320922851562,0.00816,0.00013,0.00003,0.00000,0.00000,0.00248,0.01081
1403715379.813321113586426,0.00810,0.00011,0.00006,0.00000,0.00002,0.00230,0.01059
1403715379.863321065902710,0.00788,0.00013,0.00006,0.00000,0.00019,0.00231,0.01057
1403715379.913321018218994,0.00761,0.00011,0.00010,0.00000,0.00002,0.00239,0.01024
1403715379.963320970535278,0.01030,0.00013,0.00001,0.00000,0.00070,0.00231,0.01345
1403715380.013320922851562,0.00809,0.00010,0.00006,0.00000,0.00022,0.00252,0.01098
1403715380.063321113586426,0.00808,0.00013,0.00006,0.00000,0.00053,0.00237,0.01117
1403715380.113321065902710,0.00874,0.00012,0.00001,0.00000,0.00056,0.00237,0.01180
1403715380.163321018218994,0.00792,0.00010,0.00006,0.00000,0.00000,0.00244,0.01052
1403715380.213320970535278,0.00800,0.00011,0.00006,0.00000,0.00024,0.00239,0.01080
1403715380.263320922851562,0.00802,0.00011,0.00004,0.00000,0.00009,0.00238,0.01066
1403715380.313321113586426,0.00792,0.00010,0.00005,0.00000,0.00005,0.00243,0.01056
1403715380.363321065902710,0.00799,0.00012,0.00004,0.00000,0.00000,0.00244,0.01060
1403715380.413321018218994,0.00763,0.00010,0.00005,0.00000,0.00002,0.00239,0.01020
1403715380.463320970535278,0.00788,0.00011,0.00006,0.00000,0.00019,0.00244,0.01068
1403715380.513320922851562,0.00987,0.00010,0.00013,0.00000,0.00041,0.00254,0.01305
1403715380.563321113586426,0.00807,0.00011,0.00009,0.00000,0.00047,0.00234,0.01107
1403715380.613321065902710,0.00764,0.00012,0.00001,0.00000,0.00023,0.00240,0.01040
1403715380.663321018218994,0.00869,0.00011,0.00007,0.00000,0.00047,0.00251,0.01184
1403715380.713320970535278,0.00765,0.00011,0.00008,0.00000,0.00045,0.00237,0.01067
1403715380.763320922851562,0.00774,0.00012,0.00010,0.00000,0.00000,0.00233,0.01028
1403715380.813321113586426,0.00758,0.00010,0.00007,0.00000,0.00017,0.00241,0.01032
1403715380.863321065902710,0.00960,0.00011,0.00009,0.00000,0.00000,0.00256,0.01237
1403715380.913321018218994,0.01020,0.00013,0.00009,0.00000,0.00000,0.00257,0.01299
1403715380.963320970535278,0.00878,0.00012,0.00004,0.00000,0.00000,0.00259,0.01154
1403715381.013320922851562,0.01318,0.00011,0.00008,0.00000,0.00000,0.00295,0.01631
1403715381.063321113586426,0.00855,0.00013,0.00010,0.00000,0.00066,0.00270,0.01212
1403715381.113321065902710,0.00888,0.00010,0.00009,0.00000,0.00033,0.00255,0.01195
1403715381.163321018218994,0.00866,0.00011,0.00010,0.00000,0.00042,0.00253,0.01181
1403715381.213320970535278,0.01006,0.00010,0.00004,0.00000,0.00010,0.00276,0.01306
1403715381.263320922851562,0.00989,0.00011,0.00001,0.00000,0.00037,0.00253,0.01291
1403715381.313321113586426,0.01000,0.00010,0.00006,0.00000,0.00018,0.00248,0.01282
1403715381.363321065902710,0.01253,0.00011,0.00004,0.00000,0.00000,0.00265,0.01534
1403715381.413321018218994,0.00722,0.00010,0.00013,0.00000,0.00017,0.00237,0.00999
1403715381.463320970535278,0.00707,0.00011,0.00008,0.00000,0.00022,0.00237,0.00986
1403715381.513320922851562,0.00796,0.00010,0.00008,0.00000,0.00000,0.00238,0.01052
1403715381.563321113586426,0.00811,0.00011,0.00005,0.00000,0.00034,0.00244,0.01105
1403715381.613321065902710,0.00700,0.00010,0.00007,0.00000,0.00000,0.00238,0.00955
1403715381.663321018218994,0.00736,0.00010,0.00007,0.00000,0.00064,0.00227,0.01045
1403715381.713320970535278,0.00783,0.00011,0.00005,0.00000,0.00029,0.00239,0.01066
1403715381.763320922851562,0.00794,0.00010,0.00007,0.00000,0.00038,0.00231,0.01081
1403715381.813321113586426,0.00797,0.00011,0.00004,0.00000,0.00009,0.00243,0.01065
1403715381.863321065902710,0.01169,0.00011,0.00005,0.00000,0.00028,0.00279,0.01492
1403715381.913321018218994,0.01026,0.00012,0.00005,0.00000,0.00027,0.00256,0.01327
1403715381.963320970535278,0.00851,0.00012,0.00005,0.00000,0.00000,0.00260,0.01128
1403715382.013320922851562,0.01010,0.00010,0.00006,0.00000,0.00013,0.00257,0.01296
1403715382.063321113586426,0.01007,0.00011,0.00005,0.00000,0.00018,0.00254,0.01295
1403715382.113321065902710,0.00948,0.00011,0.00005,0.00000,0.00011,0.00247,0.01221
1403715382.163321018218994,0.00911,0.00012,0.00005,0.00000,0.00021,0.00256,0.01205
1403715382.213320970535278,0.00800,0.00011,0.00004,0.00000,0.00000,0.00244,0.01059
1403715382.263320922851562,0.00939,0.00011,0.00005,0.00000,0.00056,0.00251,0.01261
1403715382.313321113586426,0.00935,0.00012,0.00006,0.00000,0.00025,0.00249,0.01228
1403715382.363321065902710,0.00897,0.00011,0.00005,0.00000,0.00057,0.00317,0.01287
1403715382.413321018218994,0.00808,0.00010,0.00004,0.00000,0.00035,0.00253,0.01111
1403715382.463320970535278,0.00796,0.00011,0.00006,0.00000,0.00026,0.00243,0.01082
1403715382.513320922851562,0.01231,0.00011,0.00004,0.00000,0.00024,0.00272,0.01543
1403715382.563321113586426,0.00785,0.00010,0.00004,0.00000,0.00000,0.00241,0.01039
1403715382.613321065902710,0.00970,0.00010,0.00004,0.00000,0.00009,0.00255,0.01248
1403715382.663321018218994,0.00802,0.00012,0.00001,0.00000,0.00016,0.00253,0.01085
1403715382.713320970535278,0.00923,0.00011,0.00001,0.00000,0.00009,0.00251,0.01195
1403715382.763320922851562,0.00793,0.00010,0.00001,0.00000,0.00021,0.00251,0.01076
1403715382.813321113586426,0.00798,0.00010,0.00001,0.00000,0.00000,0.00250,0.01059
1403715382.863321065902710,0.00803,0.00012,0.00006,0.00000,0.00053,0.00257,0.01129
1403715382.913321018218994,0.00784,0.00010,0.00006,0.00000,0.00024,0.00249,0.01074
1403715382.963320970535278,0.00813,0.00010,0.00001,0.00000,0.00031,0.00243,0.01098
1403715383.013320922851562,0.00810,0.00011,0.00001,0.00000,0.00032,0.00250,0.01103
1403715383.063321113586426,0.00804,0.00011,0.00001,0.00000,0.00060,0.00250,0.01126
1403715383.113321065902710,0.00790,0.00010,0.00004,0.00000,0.00024,0.00255,0.01083
1403715383.163321018218994,0.00788,0.00011,0.00002,0.00000,0.00000,0.00249,0.01050
1403715383.213320970535278,0.00977,0.00011,0.00001,0.00000,0.00011,0.00272,0.01272
1403715383.263320922851562,0.00818,0.00011,0.00001,0.00000,0.00017,0.00223,0.01069
1403715383.313321113586426,0.00769,0.00011,0.00001,0.00000,0.00005,0.00245,0.01030
1403715383.363321065902710,0.00833,0.00010,0.00001,0.00000,0.00019,0.00236,0.01100
1403715383.413321018218994,0.00705,0.00010,0.00001,0.00000,0.00000,0.00245,0.00960
1403715383.463320970535278,0.00642,0.00010,0.00004,0.00000,0.00049,0.00221,0.00926
1403715383.513320922851562,0.00818,0.00012,0.00004,0.00000,0.00023,0.00243,0.01101
1403715383.563321113586426,0.00663,0.00011,0.00006,0.00000,0.00028,0.00231,0.00939
1403715383.613321065902710,0.00737,0.00011,0.00010,0.00000,0.00029,0.00233,0.01020
1403715383.663321018218994,0.01119,0.00012,0.00006,0.00000,0.00049,0.00262,0.01447
1403715383.713320970535278,0.00814,0.00011,0.00002,0.00000,0.00024,0.00257,0.01108
1403715383.763320922851562,0.01395,0.00011,0.00009,0.00000,0.00000,0.00280,0.01696
1403715383.813321113586426,0.01012,0.00011,0.00005,0.00000,0.00009,0.00262,0.01299
1403715383.863321065902710,0.00858,0.00014,0.00006,0.00000,0.00015,0.00250,0.01143
1403715383.913321018218994,0.01011,0.00010,0.00007,0.00000,0.00000,0.00255,0.01283
1403715383.963320970535278,0.00835,0.00011,0.00004,0.00000,0.00015,0.00246,0.01111
1403715384.013320922851562,0.00849,0.00010,0.00001,0.00000,0.00000,0.00258,0.01119
1403715384.063321113586426,0.00801,0.00012,0.00010,0.00000,0.00051,0.00253,0.01127
1403715384.113321065902710,0.00940,0.00011,0.00005,0.00000,0.00024,0.00251,0.01231
1403715384.163321018218994,0.00792,0.00010,0.00004,0.00000,0.00019,0.00247,0.01072
1403715384.213320970535278,0.00784,0.00011,0.00002,0.00000,0.00036,0.00255,0.01088
1403715384.263320922851562,0.00760,0.00010,0.00006,0.00000,0.00044,0.00255,0.01075
1403715384.313321113586426,0.00933,0.00012,0.00001,0.00000,0.00042,0.00244,0.01233
1403715384.363321065902710,0.01274,0.00012,0.00001,0.00000,0.00000,0.00257,0.01544
1403715384.413321018218994,0.01028,0.00011,0.00013,0.00000,0.00009,0.00253,0.01314
1403715384.463320970535278,0.00844,0.00011,0.00006,0.00000,0.00014,0.00257,0.01131
1403715384.513320922851562,0.00871,0.00011,0.00006,0.00000,0.00000,0.00257,0.01146
1403715384.563321113586426,0.00801,0.00012,0.00005,0.00000,0.00007,0.00259,0.01085
1403715384.613321065902710,0.00947,0.00013,0.00001,0.00000,0.00000,0.00266,0.01226
1403715384.663321018218994,0.00956,0.00011,0.00004,0.00000,0.00049,0.00253,0.01273
1403715384.713320970535278,0.00779,0.00011,0.00006,0.00000,0.00022,0.00257,0.01075
1403715384.763320922851562,0.00966,0.00012,0.00001,0.00000,0.00020,0.00263,0.01261
1403715384.813321113586426,0.00940,0.00011,0.00005,0.00000,0.00025,0.00259,0.01240
1403715384.863321065902710,0.00743,0.00010,0.00006,0.00000,0.00039,0.00241,0.01039
1403715384.913321018218994,0.00757,0.00012,0.00011,0.00000,0.00110,0.00240,0.01131
1403715384.963320970535278,0.01087,0.00011,0.00001,0.00000,0.00000,0.00252,0.01351
1403715385.013320922851562,0.00823,0.00011,0.00006,0.00000,0.00009,0.00254,0.01102
1403715385.063321113586426,0.00808,0.00012,0.00008,0.00000,0.00005,0.00249,0.01082
1403715385.113321065902710,0.00792,0.00010,0.00001,0.00000,0.00000,0.00257,0.01059
1403715385.163321018218994,0.01012,0.00032,0.00006,0.00000,0.00004,0.00272,0.01326
1403715385.213320970535278,0.00808,0.00010,0.00006,0.00000,0.00000,0.00254,0.01077
1403715385.263320922851562,0.00768,0.00009,0.00010,0.00000,0.00036,0.00272,0.01095
1403715385.313321113586426,0.00756,0.00010,0.00007,0.00000,0.00007,0.00260,0.01040
1403715385.363321065902710,0.00788,0.00011,0.00001,0.00000,0.00017,0.00257,0.01075
1403715385.413321018218994,0.00806,0.00011,0.00002,0.00000,0.00025,0.00251,0.01095
1403715385.463320970535278,0.00787,0.00013,0.00005,0.00000,0.00020,0.00285,0.01110
1403715385.513320922851562,0.00972,0.00011,0.00027,0.00000,0.00109,0.00292,0.01411
1403715385.563321113586426,0.00703,0.00012,0.00001,0.00000,0.00000,0.00243,0.00958
1403715385.613321065902710,0.00749,0.00012,0.00002,0.00000,0.00007,0.00241,0.01011
1403715385.663321018218994,0.00747,0.00013,0.00001,0.00000,0.00006,0.00232,0.00999
1403715385.713320970535278,0.00763,0.00010,0.00003,0.00000,0.00000,0.00242,0.01018
1403715385.763320922851562,0.00798,0.00013,0.00001,0.00000,0.00005,0.00241,0.01058
1403715385.813321113586426,0.00950,0.00011,0.00006,0.00000,0.00000,0.00268,0.01235
1403715385.863321065902710,0.00770,0.00013,0.00006,0.00000,0.00032,0.00257,0.01077
1403715385.913321018218994,0.00808,0.00010,0.00019,0.00000,0.00004,0.00247,0.01088
1403715385.963320970535278,0.00781,0.00012,0.00006,0.00000,0.00015,0.00251,0.01064
1403715386.013320922851562,0.00910,0.00012,0.00009,0.00000,0.00021,0.00255,0.01207
1403715386.063321113586426,0.00903,0.00011,0.00005,0.00000,0.00018,0.00255,0.01192
1403715386.113321065902710,0.00792,0.00011,0.00005,0.00000,0.00105,0.00245,0.01158
1403715386.163321018218994,0.00792,0.00010,0.00004,0.00000,0.00000,0.00252,0.01058
1403715386.213320970535278,0.00897,0.00011,0.00002,0.00000,0.00011,0.00244,0.01165
1403715386.263320922851562,0.00777,0.00010,0.00001,0.00000,0.00005,0.00249,0.01042
1403715386.313321113586426,0.00702,0.00012,0.00001,0.00000,0.00000,0.00244,0.00960
1403715386.363321065902710,0.00671,0.00014,0.00005,0.00000,0.00004,0.00238,0.00932
1403715386.413321018218994,0.00686,0.00012,0.00004,0.00000,0.00000,0.00244,0.00947
1403715386.463320970535278,0.00981,0.00014,0.00007,0.00000,0.00058,0.00238,0.01297
1403715386.513320922851562,0.00780,0.00011,0.00017,0.00000,0.00024,0.00222,0.01053
1403715386.563321113586426,0.00755,0.00011,0.00006,0.00000,0.00008,0.00236,0.01016
1403715386.613321065902710,0.00784,0.00010,0.00001,0.00000,0.00075,0.00260,0.01130
1403715386.663321018218994,0.00805,0.00011,0.00006,0.00000,0.00016,0.00268,0.01106
1403715386.713320970535278,0.00760,0.00011,0.00004,0.00000,0.00101,0.00239,0.01114
1403715386.763320922851562,0.00808,0.00011,0.00004,0.00000,0.00000,0.00256,0.01079
1403715386.813321113586426,0.00829,0.00012,0.00004,0.00000,0.00007,0.00260,0.01112
1403715386.863321065902710,0.00955,0.00011,0.00005,0.00000,0.00002,0.00254,0.01228
1403715386.913321018218994,0.00767,0.00011,0.00001,0.00000,0.00000,0.00259,0.01038
1403715386.963320970535278,0.00782,0.00011,0.00005,0.00000,0.00004,0.00252,0.01055
1403715387.013320922851562,0.00758,0.00011,0.00004,0.00000,0.00046,0.00264,0.01083
1403715387.063321113586426,0.00773,0.00011,0.00004,0.00000,0.00053,0.00252,0.01094
1403715387.113321065902710,0.00891,0.00011,0.00005,0.00000,0.00023,0.00244,0.01174
1403715387.163320779800415,0.00913,0.00012,0.00029,0.00000,0.00000,0.00269,0.01223
1403715387.213317394256592,0.00902,0.00013,0.00001,0.00000,0.00146,0.00264,0.01326
1403715387.263317108154297,0.00732,0.00013,0.00006,0.00011,0.00010,0.00242,0.01014
1403715387.313315868377686,0.00782,0.00011,0.00007,0.00011,0.00102,0.00241,0.01153
1403715387.363317012786865,0.00915,0.00012,0.00004,0.00012,0.00000,0.00246,0.01189
1403715387.413317203521729,0.00997,0.00012,0.00006,0.00006,0.00008,0.00261,0.01290
1403715387.463317632675171,0.00778,0.00015,0.00004,0.00006,0.00002,0.00249,0.01055
1403715387.513318777084351,0.00816,0.00012,0.00010,0.00005,0.00000,0.00255,0.01097
1403715387.563320398330688,0.00772,0.00012,0.00004,0.00006,0.00003,0.00253,0.01050
1403715387.613320350646973,0.00762,0.00010,0.00001,0.00003,0.00155,0.00253,0.01184
1403715387.663320302963257,0.00772,0.00011,0.00001,0.00003,0.00156,0.00261,0.01204
1403715387.713320255279541,0.00928,0.00011,0.00018,0.00000,0.00023,0.00254,0.01233
1403715387.763320207595825,0.00732,0.00010,0.00004,0.00000,0.00000,0.00248,0.00995
1403715387.813319444656372,0.00777,0.00010,0.00001,0.00000,0.00094,0.00257,0.01139
1403715387.863319396972656,0.00897,0.00012,0.00001,0.00003,0.00047,0.00254,0.01214
1403715387.913319349288940,0.00975,0.00012,0.00012,0.00002,0.00320,0.00250,0.01571
1403715387.963319301605225,0.00940,0.00012,0.00011,0.00000,0.00001,0.00259,0.01223
1403715388.013319253921509,0.00809,0.00010,0.00005,0.00000,0.00000,0.00252,0.01077
1403715388.063319444656372,0.00941,0.00010,0.00001,0.00000,0.00005,0.00250,0.01206
1403715388.113319396972656,0.00790,0.00010,0.00004,0.00000,0.00000,0.00263,0.01067
1403715388.163319349288940,0.00930,0.00012,0.00028,0.00000,0.00003,0.00254,0.01227
1403715388.213319301605225,0.00797,0.00010,0.00004,0.00000,0.00153,0.00257,0.01220
1403715388.263319253921509,0.00776,0.00012,0.00041,0.00000,0.00131,0.00268,0.01228
1403715388.313319444656372,0.00917,0.00012,0.00002,0.00000,0.00033,0.00250,0.01214
1403715388.363319396972656,0.00869,0.00010,0.00002,0.00000,0.00000,0.00250,0.01131
1403715388.413321256637573,0.00952,0.00011,0.00022,0.00000,0.00086,0.00264,0.01334
1403715388.463321924209595,0.00792,0.00010,0.00027,0.00000,0.00097,0.00251,0.01176
1403715388.513321876525879,0.00895,0.00011,0.00009,0.00000,0.00337,0.00250,0.01502
1403715388.563322067260742,0.00668,0.00012,0.00022,0.00000,0.00000,0.00264,0.00965
1403715388.613322019577026,0.00771,0.00011,0.00011,0.00000,0.00000,0.00248,0.01041
1403715388.663321971893311,0.00752,0.00010,0.00001,0.00000,0.00013,0.00240,0.01016
1403715388.713321924209595,0.00810,0.00011,0.00011,0.00000,0.00000,0.00243,0.01075
1403715388.763321876525879,0.00847,0.00010,0.00001,0.00000,0.00021,0.00258,0.01137
1403715388.813321352005005,0.00802,0.00011,0.00032,0.00000,0.00109,0.00259,0.01213
1403715388.863322019577026,0.00785,0.00013,0.00001,0.00007,0.00058,0.00255,0.01119
1403715388.913321971893311,0.01012,0.00011,0.00001,0.00005,0.00024,0.00258,0.01310
1403715388.963321924209595,0.00775,0.00011,0.00007,0.00003,0.00214,0.00241,0.01251
1403715389.013321876525879,0.00672,0.00012,0.00002,0.00000,0.00041,0.00247,0.00975
1403715389.063322067260742,0.00825,0.00012,0.00001,0.00000,0.00064,0.00241,0.01142
1403715389.113322019577026,0.00873,0.00011,0.00026,0.00000,0.00474,0.00287,0.01671
1403715389.163321971893311,0.00771,0.00012,0.00013,0.00000,0.00000,0.00237,0.01033
1403715389.213321208953857,0.00780,0.00012,0.00019,0.00000,0.00000,0.00241,0.01052
1403715389.263321161270142,0.00767,0.00011,0.00018,0.00000,0.00011,0.00248,0.01055
1403715389.313321352005005,0.00775,0.00011,0.00015,0.00000,0.00053,0.00238,0.01092
1403715389.363321304321289,0.00778,0.00011,0.00010,0.00000,0.00000,0.00258,0.01058
1403715389.413321256637573,0.00709,0.00013,0.00001,0.00000,0.00141,0.00237,0.01102
1403715389.463321208953857,0.00697,0.00012,0.00032,0.00000,0.00042,0.00241,0.01024
1403715389.513321161270142,0.00791,0.00011,0.00004,0.00000,0.00000,0.00259,0.01066
1403715389.563321352005005,0.00779,0.00011,0.00015,0.00000,0.00085,0.00246,0.01138
1403715389.613320827484131,0.00869,0.00012,0.00029,0.00000,0.00046,0.00240,0.01195
1403715389.663320779800415,0.00735,0.00011,0.00004,0.00000,0.00235,0.00269,0.01254
1403715389.713320732116699,0.00805,0.00011,0.00001,0.00000,0.00499,0.00244,0.01559
1403715389.763320684432983,0.00757,0.00010,0.00001,0.00000,0.00000,0.00237,0.01005
1403715389.813320875167847,0.00753,0.00011,0.00001,0.00000,0.00000,0.00240,0.01004
1403715389.863320827484131,0.00779,0.00010,0.00001,0.00000,0.00000,0.00231,0.01021
1403715389.913320779800415,0.00763,0.00011,0.00001,0.00000,0.00048,0.00241,0.01064
1403715389.963320732116699,0.00747,0.00011,0.00003,0.00000,0.00000,0.00232,0.00994
1403715390.013320684432983,0.00765,0.00012,0.00001,0.00000,0.00063,0.00235,0.01075
1403715390.063320875167847,0.00934,0.00011,0.00033,0.00000,0.00041,0.00230,0.01248
1403715390.113320827484131,0.00728,0.00012,0.00035,0.00000,0.00000,0.00239,0.01014
1403715390.163325071334839,0.00775,0.00012,0.00022,0.00000,0.00072,0.00232,0.01114
1403715390.213325023651123,0.00758,0.00010,0.00015,0.00002,0.00017,0.00229,0.01030
1403715390.263324975967407,0.00715,0.00011,0.00006,0.00003,0.00113,0.00299,0.01146
1403715390.313325166702271,0.01125,0.00012,0.00005,0.00000,0.00213,0.00282,0.01638
1403715390.363325119018555,0.00922,0.00013,0.00001,0.00000,0.00000,0.00247,0.01184
1403715390.413325071334839,0.00774,0.00011,0.00001,0.00000,0.00000,0.00248,0.01034
1403715390.463325023651123,0.00791,0.00011,0.00006,0.00000,0.00000,0.00261,0.01069
1403715390.513324975967407,0.00734,0.00011,0.00009,0.00000,0.00029,0.00253,0.01037
1403715390.563325166702271,0.00768,0.00012,0.00001,0.00000,0.00000,0.00257,0.01037
1403715390.613325119018555,0.00745,0.00010,0.00008,0.00000,0.00083,0.00248,0.01095
1403715390.663325071334839,0.01083,0.00011,0.00016,0.00000,0.00024,0.00259,0.01392
1403715390.713325023651123,0.00775,0.00012,0.00010,0.00000,0.00000,0.00254,0.01052
1403715390.763324975967407,0.00728,0.00011,0.00004,0.00000,0.00019,0.00240,0.01002
1403715390.813325166702271,0.00878,0.00010,0.00001,0.00000,0.00033,0.00252,0.01174
1403715390.863325119018555,0.00719,0.00011,0.00004,0.00000,0.00103,0.00256,0.01093
1403715390.913325071334839,0.00881,0.00011,0.00009,0.00000,0.00074,0.00253,0.01227
1403715390.963325023651123,0.00715,0.00011,0.00004,0.00000,0.00000,0.00239,0.00970
1403715391.013324975967407,0.00734,0.00012,0.00004,0.00000,0.00000,0.00246,0.00997
1403715391.063325166702271,0.00877,0.00012,0.00001,0.00000,0.00000,0.00247,0.01137
1403715391.113325119018555,0.00971,0.00013,0.00007,0.00000,0.00009,0.00272,0.01272
1403715391.163325071334839,0.00784,0.00012,0.00018,0.00000,0.00000,0.00228,0.01042
1403715391.213325023651123,0.00832,0.00012,0.00007,0.00000,0.00100,0.00237,0.01188
1403715391.263325214385986,0.00784,0.00012,0.00012,0.00000,0.00005,0.00240,0.01053
1403715391.313325405120850,0.00761,0.00012,0.00022,0.00000,0.00000,0.00227,0.01021
1403715391.363325357437134,0.00750,0.00013,0.00006,0.00000,0.00016,0.00226,0.01011
1403715391.413325309753418,0.00764,0.00011,0.00013,0.00000,0.00009,0.00236,0.01033
1403715391.463325262069702,0.00811,0.00010,0.00009,0.00000,0.00092,0.00231,0.01153
1403715391.513325214385986,0.00845,0.00011,0.00008,0.00000,0.00096,0.00234,0.01194
1403715391.563325405120850,0.00858,0.00010,0.00002,0.00000,0.00000,0.00235,0.01105
1403715391.613325357437134,0.00762,0.00012,0.00005,0.00000,0.00010,0.00241,0.01030
1403715391.663325309753418,0.00837,0.00010,0.00015,0.00000,0.00094,0.00237,0.01192
1403715391.713325262069702,0.00915,0.00012,0.00005,0.00000,0.00000,0.00237,0.01169
1403715391.763325214385986,0.00763,0.00011,0.00020,0.00000,0.00000,0.00225,0.01019
1403715391.813325405120850,0.00937,0.00012,0.00017,0.00000,0.00016,0.00231,0.01213
1403715391.863325357437134,0.00748,0.00011,0.00012,0.00000,0.00022,0.00239,0.01033
1403715391.913325309753418,0.00950,0.00011,0.00020,0.00000,0.00000,0.00256,0.01236
1403715391.963325262069702,0.00760,0.00012,0.00005,0.00000,0.00023,0.00263,0.01062
1403715392.013323068618774,0.01151,0.00011,0.00027,0.00000,0.00027,0.00272,0.01489
1403715392.063323259353638,0.00793,0.00014,0.00027,0.00000,0.00099,0.00246,0.01180
1403715392.113323211669922,0.00959,0.00011,0.00038,0.00000,0.00224,0.00270,0.01501
1403715392.163323163986206,0.00885,0.00011,0.00012,0.00000,0.00000,0.00256,0.01164
1403715392.213323116302490,0.00790,0.00011,0.00045,0.00000,0.00058,0.00248,0.01153
1403715392.263323068618774,0.00829,0.00010,0.00010,0.00000,0.00109,0.00240,0.01198
1403715392.313323259353638,0.00914,0.00011,0.00014,0.00000,0.00000,0.00251,0.01192
1403715392.363323211669922,0.01069,0.00010,0.00015,0.00000,0.00118,0.00285,0.01499
1403715392.413323163986206,0.00964,0.00011,0.00038,0.00000,0.00096,0.00223,0.01333
1403715392.463323116302490,0.01015,0.00010,0.00011,0.00000,0.00000,0.00400,0.01437
1403715392.513323068618774,0.00791,0.00012,0.00021,0.00000,0.00000,0.00258,0.01082
1403715392.563323259353638,0.00942,0.00012,0.00051,0.00000,0.00047,0.00248,0.01300
1403715392.613323211669922,0.00821,0.00013,0.00004,0.00000,0.00043,0.00255,0.01136
1403715392.663323163986206,0.00941,0.00012,0.00008,0.00000,0.00064,0.00251,0.01277
1403715392.713323116302490,0.00786,0.00010,0.00021,0.00000,0.00130,0.00256,0.01202
1403715392.763323068618774,0.00795,0.00011,0.00007,0.00000,0.00000,0.00259,0.01072
1403715392.813323259353638,0.00802,0.00011,0.00027,0.00000,0.00019,0.00254,0.01112
1403715392.863323211669922,0.00933,0.00010,0.00001,0.00000,0.00088,0.00268,0.01301
1403715392.913323163986206,0.00769,0.00010,0.00014,0.00000,0.00098,0.00247,0.01139
1403715392.963323116302490,0.00780,0.00011,0.00012,0.00000,0.00018,0.00251,0.01073
1403715393.013323068618774,0.00787,0.00011,0.00004,0.00000,0.00142,0.00245,0.01189
1403715393.063323259353638,0.00915,0.00011,0.00014,0.00000,0.00000,0.00254,0.01194
1403715393.113323211669922,0.00783,0.00010,0.00013,0.00000,0.00191,0.00262,0.01260
1403715393.163323163986206,0.00885,0.00011,0.00004,0.00000,0.00026,0.00259,0.01185
1403715393.213323116302490,0.00765,0.00011,0.00006,0.00000,0.00013,0.00254,0.01049
1403715393.263323068618774,0.00998,0.00013,0.00007,0.00000,0.00059,0.00256,0.01332
1403715393.313323259353638,0.00715,0.00012,0.00020,0.00000,0.00042,0.00253,0.01043
1403715393.363323211669922,0.00718,0.00012,0.00008,0.00000,0.00000,0.00238,0.00976
1403715393.413323163986206,0.00704,0.00010,0.00018,0.00000,0.00050,0.00238,0.01020
1403715393.463323116302490,0.00810,0.00010,0.00015,0.00000,0.00064,0.00247,0.01148
1403715393.513323068618774,0.00835,0.00011,0.00008,0.00000,0.00010,0.00257,0.01120
1403715393.563323259353638,0.00813,0.00013,0.00007,0.00000,0.00000,0.00248,0.01082
1403715393.613323211669922,0.00683,0.00011,0.00007,0.00000,0.00065,0.00243,0.01008
1403715393.663323163986206,0.00851,0.00013,0.00011,0.00000,0.00000,0.00248,0.01123
1403715393.713323116302490,0.00868,0.00012,0.00008,0.00000,0.00029,0.00241,0.01158
1403715393.763323068618774,0.00829,0.00011,0.00009,0.00000,0.00019,0.00242,0.01110
1403715393.813323259353638,0.00766,0.00011,0.00018,0.00000,0.00022,0.00233,0.01050
1403715393.863323211669922,0.00826,0.00010,0.00008,0.00000,0.00009,0.00229,0.01082
1403715393.913323163986206,0.00838,0.00011,0.00005,0.00000,0.00020,0.00232,0.01107
1403715393.963323116302490,0.01018,0.00011,0.00008,0.00000,0.00000,0.00242,0.01280
1403715394.013323068618774,0.00749,0.00012,0.00012,0.00000,0.00021,0.00252,0.01046
1403715394.063323259353638,0.01024,0.00012,0.00007,0.00000,0.00015,0.00272,0.01331
1403715394.113323211669922,0.00797,0.00013,0.00004,0.00000,0.00009,0.00250,0.01073
1403715394.163323163986206,0.00811,0.00010,0.00008,0.00000,0.00004,0.00243,0.01077
1403715394.213323116302490,0.00813,0.00011,0.00001,0.00000,0.00023,0.00269,0.01117
1403715394.263323068618774,0.00800,0.00010,0.00004,0.00000,0.00015,0.00239,0.01069
1403715394.313323259353638,0.00804,0.00011,0.00012,0.00000,0.00038,0.00239,0.01104
1403715394.363323211669922,0.00986,0.00011,0.00009,0.00000,0.00002,0.00232,0.01241
1403715394.413323163986206,0.00812,0.00011,0.00011,0.00000,0.00031,0.00240,0.01103
1403715394.463323116302490,0.00770,0.00010,0.00026,0.00000,0.00023,0.00236,0.01065
1403715394.513323068618774,0.00871,0.00011,0.00017,0.00000,0.00077,0.00248,0.01224
1403715394.563323259353638,0.00795,0.00011,0.00015,0.00000,0.00000,0.00238,0.01059
1403715394.613323211669922,0.00974,0.00011,0.00006,0.00000,0.00013,0.00259,0.01264
1403715394.663323163986206,0.00777,0.00011,0.00010,0.00000,0.00008,0.00228,0.01034
1403715394.713323116302490,0.00783,0.00011,0.00006,0.00000,0.00003,0.00243,0.01045
1403715394.763323068618774,0.00765,0.00010,0.00013,0.00000,0.00000,0.00231,0.01020
1403715394.813323259353638,0.00722,0.00012,0.00029,0.00000,0.00026,0.00237,0.01027
1403715394.863323211669922,0.00952,0.00014,0.00014,0.00000,0.00009,0.00241,0.01230
1403715394.913323163986206,0.00799,0.00010,0.00004,0.00000,0.00108,0.00249,0.01170
1403715394.963323116302490,0.00778,0.00010,0.00017,0.00000,0.00000,0.00245,0.01050
1403715395.013323068618774,0.00800,0.00010,0.00010,0.00000,0.00042,0.00223,0.01086
1403715395.063323259353638,0.00689,0.00011,0.00001,0.00000,0.00013,0.00242,0.00956
1403715395.113323211669922,0.00655,0.00012,0.00009,0.00000,0.00083,0.00239,0.00998
1403715395.163323163986206,0.00663,0.00011,0.00006,0.00000,0.00035,0.00235,0.00949
1403715395.213323116302490,0.00746,0.00011,0.00005,0.00000,0.00015,0.00232,0.01009
1403715395.263323068618774,0.00891,0.00011,0.00005,0.00000,0.00008,0.00240,0.01155
1403715395.313323259353638,0.00845,0.00011,0.00009,0.00000,0.00000,0.00243,0.01108
1403715395.363323211669922,0.00819,0.00012,0.00012,0.00000,0.00000,0.00252,0.01095
1403715395.413323163986206,0.00785,0.00012,0.00005,0.00000,0.00092,0.00254,0.01148
1403715395.463323116302490,0.00779,0.00012,0.00006,0.00000,0.00008,0.00239,0.01044
1403715395.513323068618774,0.00739,0.00011,0.00007,0.00000,0.00079,0.00238,0.01074
1403715395.563323259353638,0.00831,0.00013,0.00001,0.00000,0.00000,0.00300,0.01145
1403715395.613323211669922,0.00777,0.00010,0.00009,0.00000,0.00020,0.00268,0.01084
1403715395.663323163986206,0.00752,0.00011,0.00004,0.00000,0.00009,0.00252,0.01028
1403715395.713323116302490,0.00704,0.00013,0.00006,0.00000,0.00063,0.00238,0.01023
1403715395.763323068618774,0.00670,0.00010,0.00007,0.00000,0.00036,0.00232,0.00955
1403715395.813323259353638,0.00689,0.00013,0.00009,0.00000,0.00055,0.00246,0.01013
1403715395.863323211669922,0.00653,0.00013,0.00005,0.00000,0.00000,0.00235,0.00906
1403715395.913323163986206,0.00698,0.00011,0.00004,0.00000,0.00000,0.00237,0.00949
1403715395.963323116302490,0.00649,0.00010,0.00001,0.00000,0.00000,0.00234,0.00894
1403715396.013323068618774,0.00664,0.00012,0.00006,0.00000,0.00102,0.00228,0.01014
1403715396.063323259353638,0.00866,0.00012,0.00007,0.00000,0.00000,0.00238,0.01123
1403715396.113323211669922,0.00713,0.00012,0.00002,0.00000,0.00061,0.00251,0.01039
1403715396.163323163986206,0.00958,0.00014,0.00006,0.00000,0.00000,0.00257,0.01235
1403715396.213323116302490,0.00806,0.00010,0.00020,0.00000,0.00012,0.00254,0.01102
1403715396.263323068618774,0.00706,0.00011,0.00005,0.00000,0.00005,0.00247,0.00975
1403715396.313323259353638,0.00733,0.00011,0.00005,0.00000,0.00032,0.00247,0.01028
1403715396.363323211669922,0.00795,0.00014,0.00001,0.00000,0.00037,0.00246,0.01093
1403715396.413323163986206,0.00786,0.00011,0.00008,0.00000,0.00136,0.00245,0.01185
1403715396.463323116302490,0.00701,0.00011,0.00006,0.00000,0.00000,0.00253,0.00971
1403715396.513323068618774,0.00788,0.00010,0.00001,0.00000,0.00000,0.00259,0.01059
1403715396.563323259353638,0.00739,0.00012,0.00001,0.00000,0.00000,0.00257,0.01009
1403715396.613323211669922,0.00727,0.00013,0.00001,0.00000,0.00057,0.00258,0.01056
1403715396.663323163986206,0.00727,0.00010,0.00005,0.00000,0.00000,0.00251,0.00994
1403715396.713323116302490,0.00728,0.00011,0.00007,0.00000,0.00120,0.00254,0.01120
1403715396.763323068618774,0.00703,0.00011,0.00004,0.00000,0.00000,0.00247,0.00965
1403715396.813323259353638,0.00833,0.00010,0.00005,0.00000,0.00004,0.00261,0.01112
1403715396.863323211669922,0.00813,0.00015,0.00001,0.00000,0.00005,0.00263,0.01097
1403715396.913323163986206,0.00852,0.00011,0.00009,0.00000,0.00026,0.00255,0.01153
1403715396.963323116302490,0.00801,0.00012,0.00007,0.00000,0.00032,0.00253,0.01105
1403715397.013323068618774,0.00790,0.00012,0.00005,0.00000,0.00095,0.00242,0.01143
1403715397.063323259353638,0.00734,0.00013,0.00004,0.00000,0.00000,0.00259,0.01010
1403715397.113323211669922,0.00920,0.00013,0.00005,0.00000,0.00000,0.00261,0.01200
1403715397.163323163986206,0.00793,0.00011,0.00002,0.00000,0.00000,0.00259,0.01064
1403715397.213323116302490,0.00801,0.00012,0.00005,0.00000,0.00064,0.00258,0.01139
1403715397.263323068618774,0.00761,0.00010,0.00006,0.00000,0.00000,0.00259,0.01036
1403715397.313323259353638,0.00809,0.00016,0.00005,0.00000,0.00193,0.00256,0.01278
1403715397.363323211669922,0.00745,0.00014,0.00006,0.00000,0.00000,0.00257,0.01021
1403715397.413323163986206,0.00752,0.00011,0.00003,0.00000,0.00000,0.00235,0.01001
1403715397.463323116302490,0.00661,0.00012,0.00001,0.00000,0.00000,0.00248,0.00922
1403715397.513323068618774,0.00807,0.00011,0.00001,0.00000,0.00019,0.00273,0.01112
1403715397.563323259353638,0.00613,0.00011,0.00004,0.00000,0.00021,0.00233,0.00882
1403715397.613323211669922,0.00674,0.00010,0.00004,0.00000,0.00091,0.00250,0.01029
1403715397.663323163986206,0.00670,0.00013,0.00005,0.00000,0.00028,0.00229,0.00945
1403715397.713323116302490,0.00831,0.00011,0.00006,0.00000,0.00000,0.00248,0.01096
1403715397.763323068618774,0.00781,0.00011,0.00007,0.00000,0.00000,0.00240,0.01039
1403715397.813323259353638,0.00964,0.00011,0.00011,0.00000,0.00055,0.00246,0.01288
1403715397.863323211669922,0.00756,0.00011,0.00004,0.00000,0.00000,0.00221,0.00991
1403715397.913323163986206,0.00787,0.00012,0.00004,0.00000,0.00078,0.00239,0.01120
1403715397.963323116302490,0.00789,0.00012,0.00007,0.00000,0.00000,0.00246,0.01053
1403715398.013323068618774,0.00655,0.00012,0.00001,0.00000,0.00000,0.00249,0.00917
1403715398.063323259353638,0.00762,0.00013,0.00005,0.00000,0.00000,0.00251,0.01031
1403715398.113323211669922,0.00810,0.00013,0.00006,0.00000,0.00014,0.00236,0.01080
1403715398.163323163986206,0.00758,0.00011,0.00008,0.00000,0.00019,0.00231,0.01027
1403715398.213323116302490,0.00940,0.00011,0.00008,0.00000,0.00035,0.00227,0.01220
1403715398.263323068618774,0.00827,0.00012,0.00006,0.00000,0.00030,0.00239,0.01114
1403715398.313323259353638,0.00771,0.00011,0.00006,0.00000,0.00000,0.00240,0.01028
1403715398.363323211669922,0.00761,0.00010,0.00006,0.00000,0.00013,0.00239,0.01029
1403715398.413323163986206,0.00803,0.00013,0.00005,0.00000,0.00030,0.00240,0.01091
1403715398.463323116302490,0.00775,0.00013,0.00004,0.00000,0.00000,0.00241,0.01032
1403715398.513323068618774,0.00772,0.00013,0.00007,0.00000,0.00093,0.00240,0.01125
1403715398.563323259353638,0.00760,0.00011,0.00004,0.00000,0.00000,0.00249,0.01024
1403715398.613323211669922,0.00796,0.00010,0.00004,0.00000,0.00000,0.00234,0.01045
1403715398.663323163986206,0.00773,0.00012,0.00001,0.00000,0.00000,0.00224,0.01009
1403715398.713323116302490,0.00738,0.00011,0.00001,0.00000,0.00016,0.00227,0.00992
1403715398.763323068618774,0.00840,0.00010,0.00004,0.00000,0.00049,0.00228,0.01133
1403715398.813323259353638,0.00746,0.00012,0.00004,0.00000,0.00033,0.00219,0.01014
1403715398.863323211669922,0.00818,0.00010,0.00004,0.00000,0.00019,0.00234,0.01085
1403715398.913323163986206,0.00761,0.00010,0.00005,0.00000,0.00000,0.00237,0.01013
1403715398.963323116302490,0.00731,0.00012,0.00006,0.00000,0.00011,0.00230,0.00990
1403715399.013323068618774,0.00742,0.00011,0.00004,0.00000,0.00025,0.00238,0.01020
1403715399.063323259353638,0.00643,0.00010,0.00001,0.00000,0.00000,0.00243,0.00898
1403715399.113323211669922,0.00673,0.00011,0.00001,0.00000,0.00130,0.00233,0.01049
1403715399.163323163986206,0.00725,0.00014,0.00001,0.00000,0.00000,0.00246,0.00986
1403715399.213323116302490,0.00755,0.00012,0.00005,0.00000,0.00000,0.00244,0.01016
1403715399.263323068618774,0.00749,0.00013,0.00001,0.00000,0.00000,0.00232,0.00995
1403715399.313323259353638,0.00761,0.00011,0.00001,0.00000,0.00052,0.00240,0.01064
1403715399.363323211669922,0.00733,0.00011,0.00001,0.00000,0.00092,0.00269,0.01106
1403715399.413323163986206,0.00693,0.00010,0.00001,0.00000,0.00051,0.00217,0.00971
1403715399.463323116302490,0.00811,0.00012,0.00001,0.00000,0.00020,0.00242,0.01085
1403715399.513323068618774,0.00726,0.00013,0.00001,0.00000,0.00000,0.00238,0.00978
1403715399.563323259353638,0.00788,0.00011,0.00001,0.00000,0.00011,0.00258,0.01070
1403715399.613323211669922,0.00807,0.00012,0.00005,0.00000,0.00024,0.00240,0.01089
1403715399.663323163986206,0.00711,0.00012,0.00006,0.00000,0.00000,0.00237,0.00967
1403715399.713323116302490,0.00907,0.00011,0.00001,0.00000,0.00122,0.00231,0.01272
1403715399.763323068618774,0.00731,0.00012,0.00005,0.00000,0.00000,0.00241,0.00989
1403715399.813323259353638,0.00733,0.00011,0.00005,0.00000,0.00000,0.00241,0.00990
1403715399.863323211669922,0.00815,0.00012,0.00004,0.00000,0.00000,0.00232,0.01063
1403715399.913323163986206,0.00760,0.00011,0.00001,0.00000,0.00013,0.00233,0.01019
1403715399.963323116302490,0.00745,0.00012,0.00001,0.00000,0.00147,0.00241,0.01146
1403715400.013323068618774,0.00782,0.00010,0.00001,0.00000,0.00193,0.00236,0.01223
1403715400.063323259353638,0.00754,0.00011,0.00001,0.00000,0.00019,0.00254,0.01040
1403715400.113323211669922,0.00752,0.00011,0.00001,0.00000,0.00000,0.00239,0.01003
1403715400.163323163986206,0.00822,0.00010,0.00001,0.00000,0.00032,0.00245,0.01111
1403715400.213312625885010,0.00758,0.00011,0.00001,0.00000,0.00154,0.00237,0.01162
1403715400.263312578201294,0.00733,0.00011,0.00001,0.00006,0.00107,0.00238,0.01097
1403715400.313312768936157,0.00794,0.00012,0.00002,0.00003,0.00135,0.00243,0.01189
1403715400.363312721252441,0.00759,0.00013,0.00001,0.00003,0.00000,0.00235,0.01010
1403715400.413312673568726,0.00775,0.00011,0.00003,0.00000,0.00001,0.00237,0.01028
1403715400.463312625885010,0.00812,0.00011,0.00003,0.00000,0.00000,0.00233,0.01060
1403715400.513312578201294,0.00778,0.00010,0.00006,0.00000,0.00014,0.00240,0.01048
1403715400.563312768936157,0.00767,0.00010,0.00001,0.00000,0.00132,0.00230,0.01140
1403715400.613316059112549,0.00751,0.00010,0.00008,0.00000,0.00203,0.00232,0.01204
1403715400.663316726684570,0.00619,0.00010,0.00007,0.00007,0.00034,0.00237,0.00915
1403715400.713316679000854,0.00916,0.00011,0.00004,0.00003,0.00000,0.00237,0.01171
1403715400.763316631317139,0.00773,0.00011,0.00005,0.00003,0.00048,0.00227,0.01068
1403715400.813316822052002,0.00710,0.00012,0.00003,0.00000,0.00123,0.00236,0.01083
1403715400.863316774368286,0.00763,0.00012,0.00007,0.00000,0.00141,0.00239,0.01161
1403715400.913316726684570,0.00895,0.00014,0.00023,0.00000,0.00184,0.00259,0.01375
1403715400.963316679000854,0.00705,0.00011,0.00012,0.00000,0.00000,0.00240,0.00967
1403715401.013316631317139,0.00849,0.00010,0.00004,0.00000,0.00012,0.00242,0.01117
1403715401.063316822052002,0.00713,0.00012,0.00005,0.00000,0.00000,0.00236,0.00966
1403715401.113316774368286,0.00710,0.00011,0.00006,0.00000,0.00008,0.00234,0.00968
1403715401.163316726684570,0.00818,0.00011,0.00015,0.00000,0.00164,0.00239,0.01248
1403715401.213316679000854,0.00686,0.00011,0.00005,0.00000,0.00182,0.00238,0.01121
1403715401.263316631317139,0.00669,0.00010,0.00016,0.00000,0.00067,0.00245,0.01006
1403715401.313316822052002,0.00735,0.00012,0.00001,0.00000,0.00000,0.00246,0.00993
1403715401.363316774368286,0.00738,0.00011,0.00001,0.00000,0.00052,0.00250,0.01053
1403715401.413316726684570,0.00741,0.00012,0.00004,0.00000,0.00144,0.00237,0.01139
1403715401.463316679000854,0.00721,0.00014,0.00004,0.00000,0.00200,0.00260,0.01199
1403715401.513316631317139,0.00775,0.00010,0.00001,0.00000,0.00094,0.00228,0.01108
1403715401.563316822052002,0.00735,0.00012,0.00001,0.00000,0.00000,0.00247,0.00995
1403715401.613316774368286,0.00764,0.00010,0.00007,0.00000,0.00000,0.00239,0.01020
1403715401.663316726684570,0.00996,0.00011,0.00006,0.00000,0.00000,0.00245,0.01258
1403715401.713316679000854,0.00768,0.00012,0.00026,0.00000,0.00008,0.00239,0.01054
1403715401.763316631317139,0.00780,0.00011,0.00011,0.00000,0.00069,0.00230,0.01102
1403715401.813316822052002,0.00793,0.00011,0.00012,0.00000,0.00053,0.00243,0.01111
1403715401.863316774368286,0.00791,0.00010,0.00007,0.00000,0.00046,0.00229,0.01083
1403715401.913316726684570,0.00773,0.00011,0.00016,0.00000,0.00000,0.00228,0.01028
1403715401.963316679000854,0.00717,0.00013,0.00005,0.00000,0.00013,0.00242,0.00990
1403715402.013316392898560,0.00717,0.00011,0.00009,0.00000,0.00101,0.00234,0.01072
1403715402.063316345214844,0.00892,0.00011,0.00001,0.00007,0.00060,0.00253,0.01225
1403715402.113316297531128,0.00795,0.00012,0.00006,0.00006,0.00030,0.00231,0.01081
1403715402.163315534591675,0.00820,0.00011,0.00010,0.00007,0.00000,0.00244,0.01092
1403715402.213315248489380,0.00776,0.00012,0.00015,0.00005,0.00191,0.00243,0.01242
1403715402.263315200805664,0.00719,0.00014,0.00006,0.00006,0.00000,0.00242,0.00986
1403715402.313315629959106,0.00770,0.00011,0.00005,0.00006,0.00007,0.00232,0.01031
1403715402.363315343856812,0.00740,0.00014,0.00005,0.00006,0.00029,0.00238,0.01031
1403715402.413314580917358,0.00774,0.00013,0.00005,0.00006,0.00045,0.00233,0.01077
1403715402.463313102722168,0.00731,0.00010,0.00011,0.00007,0.00017,0.00244,0.01020
1403715402.513313055038452,0.00977,0.00013,0.00006,0.00003,0.00000,0.00255,0.01255
1403715402.563313245773315,0.01129,0.00011,0.00001,0.00003,0.00010,0.00321,0.01475
1403715402.613313198089600,0.00821,0.00012,0.00007,0.00000,0.00111,0.00255,0.01206
1403715402.663313150405884,0.00781,0.00011,0.00002,0.00000,0.00027,0.00235,0.01056
1403715402.713313102722168,0.00790,0.00012,0.00005,0.00000,0.00027,0.00240,0.01074
1403715402.763313055038452,0.00753,0.00011,0.00003,0.00000,0.00000,0.00250,0.01018
1403715402.813313245773315,0.00788,0.00011,0.00007,0.00000,0.00200,0.00242,0.01249
1403715402.863313198089600,0.00778,0.00010,0.00007,0.00000,0.00000,0.00222,0.01017
1403715402.913313150405884,0.00692,0.00012,0.00006,0.00000,0.00006,0.00232,0.00949
1403715402.963313102722168,0.00724,0.00011,0.00006,0.00000,0.00017,0.00239,0.00997
1403715403.013313055038452,0.00751,0.00011,0.00002,0.00000,0.00037,0.00232,0.01033
1403715403.063313245773315,0.00670,0.00011,0.00011,0.00000,0.00081,0.00225,0.00998
1403715403.113313198089600,0.00679,0.00010,0.00003,0.00000,0.00000,0.00232,0.00925
1403715403.163313150405884,0.00887,0.00011,0.00002,0.00000,0.00000,0.00239,0.01139
1403715403.213313102722168,0.00753,0.00011,0.00004,0.00000,0.00085,0.00234,0.01087
1403715403.263313055038452,0.00862,0.00014,0.00005,0.00000,0.00021,0.00244,0.01146
1403715403.313313245773315,0.00655,0.00010,0.00004,0.00000,0.00044,0.00231,0.00944
1403715403.363313198089600,0.00688,0.00011,0.00004,0.00000,0.00000,0.00235,0.00938
1403715403.413313150405884,0.00733,0.00012,0.00001,0.00000,0.00156,0.00227,0.01128
1403715403.463313102722168,0.00770,0.00011,0.00001,0.00000,0.00000,0.00244,0.01026
1403715403.513313055038452,0.00778,0.00012,0.00006,0.00000,0.00008,0.00254,0.01058
1403715403.563313245773315,0.00838,0.00012,0.00001,0.00000,0.00022,0.00248,0.01121
1403715403.613313198089600,0.00852,0.00012,0.00008,0.00000,0.00012,0.00238,0.01121
1403715403.663313150405884,0.00764,0.00014,0.00005,0.00000,0.00048,0.00255,0.01087
1403715403.713313102722168,0.00754,0.00012,0.00001,0.00000,0.00026,0.00251,0.01043
1403715403.763313055038452,0.00967,0.00013,0.00005,0.00000,0.00000,0.00253,0.01238
1403715403.813313245773315,0.00909,0.00012,0.00006,0.00000,0.00038,0.00250,0.01214
1403715403.863313198089600,0.01041,0.00011,0.00005,0.00000,0.00016,0.00253,0.01325
1403715403.913313150405884,0.00869,0.00011,0.00004,0.00000,0.00024,0.00265,0.01173
1403715403.963313102722168,0.00891,0.00011,0.00002,0.00000,0.00000,0.00251,0.01155
1403715404.013313055038452,0.00953,0.00011,0.00011,0.00000,0.00086,0.00245,0.01307
1403715404.063313245773315,0.00780,0.00012,0.00023,0.00000,0.00000,0.00233,0.01048
1403715404.113313198089600,0.00961,0.00015,0.00006,0.00000,0.00065,0.00226,0.01273
1403715404.163313150405884,0.00982,0.00012,0.00013,0.00000,0.00046,0.00264,0.01319
1403715404.213313102722168,0.00778,0.00009,0.00011,0.00000,0.00006,0.00227,0.01032
1403715404.263313055038452,0.00764,0.00011,0.00006,0.00000,0.00026,0.00243,0.01050
1403715404.313313245773315,0.00779,0.00011,0.00004,0.00000,0.00011,0.00239,0.01045
1403715404.363313198089600,0.00756,0.00012,0.00004,0.00000,0.00000,0.00224,0.00996
1403715404.413313150405884,0.01001,0.00011,0.00014,0.00000,0.00049,0.00248,0.01324
1403715404.463313102722168,0.00784,0.00010,0.00014,0.00000,0.00011,0.00236,0.01055
1403715404.513313055038452,0.00757,0.00011,0.00010,0.00000,0.00015,0.00233,0.01027
1403715404.563313245773315,0.00758,0.00011,0.00006,0.00000,0.00000,0.00230,0.01005
1403715404.613313198089600,0.00887,0.00010,0.00005,0.00000,0.00021,0.00225,0.01147
1403715404.663313150405884,0.00859,0.00011,0.00011,0.00000,0.00015,0.00238,0.01134
1403715404.713313102722168,0.00889,0.00010,0.00007,0.00000,0.00068,0.00233,0.01207
1403715404.763313055038452,0.00756,0.00011,0.00012,0.00000,0.00020,0.00246,0.01046
1403715404.813313245773315,0.00864,0.00011,0.00008,0.00000,0.00006,0.00245,0.01134
1403715404.863313198089600,0.00609,0.00011,0.00005,0.00000,0.00015,0.00236,0.00876
1403715404.913313150405884,0.00742,0.00011,0.00015,0.00000,0.00007,0.00255,0.01030
1403715404.963313102722168,0.00657,0.00012,0.00001,0.00000,0.00034,0.00235,0.00938
1403715405.013313055038452,0.00642,0.00011,0.00007,0.00000,0.00042,0.00241,0.00943
1403715405.063313245773315,0.00804,0.00010,0.00005,0.00000,0.00010,0.00233,0.01063
1403715405.113313198089600,0.00681,0.00011,0.00011,0.00000,0.00011,0.00247,0.00961
1403715405.163313150405884,0.00697,0.00011,0.00005,0.00000,0.00005,0.00230,0.00949
1403715405.213313102722168,0.00789,0.00011,0.00006,0.00000,0.00023,0.00236,0.01066
1403715405.263313055038452,0.00705,0.00013,0.00012,0.00000,0.00021,0.00221,0.00972
1403715405.313313245773315,0.00798,0.00010,0.00008,0.00000,0.00045,0.00235,0.01096
1403715405.363313198089600,0.00686,0.00011,0.00008,0.00000,0.00024,0.00230,0.00959
1403715405.413313150405884,0.00732,0.00010,0.00006,0.00000,0.00006,0.00233,0.00988
1403715405.463313102722168,0.00873,0.00010,0.00009,0.00000,0.00011,0.00238,0.01142
1403715405.513313055038452,0.00692,0.00011,0.00006,0.00000,0.00006,0.00241,0.00957
1403715405.563313245773315,0.00728,0.00011,0.00004,0.00000,0.00022,0.00230,0.00997
1403715405.613313198089600,0.00649,0.00011,0.00006,0.00000,0.00049,0.00241,0.00957
1403715405.663313150405884,0.00803,0.00011,0.00005,0.00000,0.00011,0.00237,0.01067
1403715405.713313102722168,0.00980,0.00012,0.00009,0.00000,0.00008,0.00248,0.01256
1403715405.763313055038452,0.00766,0.00012,0.00007,0.00000,0.00023,0.00231,0.01039
1403715405.813313245773315,0.00757,0.00013,0.00006,0.00000,0.00006,0.00226,0.01008
1403715405.863313198089600,0.00791,0.00012,0.00010,0.00000,0.00033,0.00220,0.01065
1403715405.913313150405884,0.00787,0.00011,0.00007,0.00000,0.00013,0.00237,0.01057
1403715405.963313102722168,0.00741,0.00013,0.00022,0.00000,0.00013,0.00237,0.01025
1403715406.013313055038452,0.00905,0.00012,0.00012,0.00000,0.00019,0.00237,0.01185
1403715406.063313245773315,0.00678,0.00014,0.00010,0.00000,0.00004,0.00232,0.00939
1403715406.113313198089600,0.00719,0.00014,0.00009,0.00000,0.00000,0.00234,0.00975
1403715406.163313150405884,0.00672,0.00013,0.00007,0.00000,0.00022,0.00233,0.00947
1403715406.213313102722168,0.00656,0.00010,0.00009,0.00000,0.00045,0.00220,0.00941
1403715406.263313055038452,0.00781,0.00012,0.00004,0.00000,0.00033,0.00214,0.01044
1403715406.313313245773315,0.00621,0.00011,0.00005,0.00000,0.00002,0.00236,0.00876
1403715406.363313198089600,0.00690,0.00012,0.00007,0.00000,0.00017,0.00239,0.00965
1403715406.413313150405884,0.00709,0.00011,0.00007,0.00000,0.00006,0.00239,0.00971
1403715406.463313102722168,0.00882,0.00010,0.00006,0.00000,0.00029,0.00243,0.01170
1403715406.513313055038452,0.00816,0.00011,0.00008,0.00000,0.00009,0.00257,0.01100
1403715406.563313245773315,0.00968,0.00012,0.00013,0.00000,0.00057,0.00256,0.01306
1403715406.613313198089600,0.00788,0.00011,0.00007,0.00000,0.00022,0.00247,0.01074
1403715406.663313150405884,0.00762,0.00011,0.00010,0.00000,0.00002,0.00247,0.01033
1403715406.713313102722168,0.00999,0.00011,0.00020,0.00000,0.00000,0.00255,0.01284
1403715406.763313055038452,0.00745,0.00012,0.00008,0.00000,0.00015,0.00230,0.01010
1403715406.813313245773315,0.00738,0.00011,0.00007,0.00000,0.00040,0.00232,0.01028
1403715406.863313198089600,0.00770,0.00011,0.00004,0.00000,0.00024,0.00254,0.01064
1403715406.913313150405884,0.00946,0.00010,0.00001,0.00000,0.00003,0.00253,0.01214
1403715406.963313102722168,0.00752,0.00013,0.00004,0.00000,0.00014,0.00243,0.01026
1403715407.013313055038452,0.01263,0.00014,0.00008,0.00000,0.00043,0.00271,0.01599
1403715407.063313245773315,0.00830,0.00013,0.00011,0.00000,0.00018,0.00255,0.01128
1403715407.113313198089600,0.00806,0.00011,0.00013,0.00000,0.00006,0.00244,0.01080
1403715407.163313150405884,0.00744,0.00010,0.00006,0.00000,0.00047,0.00252,0.01059
1403715407.213313102722168,0.00925,0.00011,0.00009,0.00000,0.00004,0.00264,0.01214
1403715407.263313055038452,0.00762,0.00011,0.00004,0.00000,0.00028,0.00257,0.01062
1403715407.313313245773315,0.00940,0.00011,0.00001,0.00000,0.00000,0.00254,0.01205
1403715407.363313198089600,0.00798,0.00012,0.00002,0.00000,0.00016,0.00254,0.01082
1403715407.413313150405884,0.00764,0.00010,0.00007,0.00000,0.00032,0.00252,0.01066
1403715407.463313102722168,0.00790,0.00010,0.00010,0.00000,0.00010,0.00255,0.01074
1403715407.513313055038452,0.00792,0.00012,0.00012,0.00000,0.00002,0.00251,0.01070
1403715407.563313245773315,0.00954,0.00010,0.00031,0.00000,0.00049,0.00238,0.01282
1403715407.613313198089600,0.00783,0.00010,0.00010,0.00000,0.00023,0.00235,0.01061
1403715407.663313150405884,0.01122,0.00012,0.00011,0.00000,0.00016,0.00273,0.01433
1403715407.713313102722168,0.01462,0.00010,0.00021,0.00000,0.00003,0.00278,0.01774
1403715407.763313055038452,0.01147,0.00011,0.00022,0.00000,0.00028,0.00260,0.01467
1403715407.813313245773315,0.01063,0.00012,0.00020,0.00000,0.00004,0.00251,0.01349
1403715407.863313198089600,0.01186,0.00011,0.00022,0.00000,0.00019,0.00263,0.01502
1403715407.913313150405884,0.01175,0.00011,0.00018,0.00000,0.00000,0.00235,0.01440
1403715407.963313102722168,0.01069,0.00012,0.00021,0.00000,0.00014,0.00243,0.01358
1403715408.013313055038452,0.01153,0.00011,0.00011,0.00000,0.00024,0.00237,0.01436
1403715408.063313245773315,0.01630,0.00011,0.00030,0.00000,0.00005,0.00276,0.01952
1403715408.113313198089600,0.01394,0.00018,0.00033,0.00000,0.00002,0.00243,0.01690
1403715408.163313150405884,0.01545,0.00023,0.00025,0.00000,0.00012,0.00241,0.01845
1403715408.213313102722168,0.02181,0.00013,0.00023,0.00000,0.00010,0.00235,0.02461
1403715408.263313055038452,0.01643,0.00012,0.00015,0.00000,0.00012,0.00253,0.01934
1403715408.313313245773315,0.01431,0.00011,0.00022,0.00000,0.00000,0.00276,0.01740
1403715408.363313198089600,0.01304,0.00011,0.00018,0.00000,0.00014,0.00260,0.01607
1403715408.413313150405884,0.01322,0.00010,0.00040,0.00000,0.00002,0.00260,0.01635
1403715408.463313102722168,0.01133,0.00014,0.00016,0.00000,0.00002,0.00240,0.01406
1403715408.513313055038452,0.01000,0.00013,0.00018,0.00000,0.00005,0.00255,0.01292
1403715408.563313245773315,0.01100,0.00012,0.00011,0.00000,0.00008,0.00251,0.01381
1403715408.613313198089600,0.01065,0.00011,0.00014,0.00000,0.00013,0.00250,0.01353
1403715408.663313150405884,0.01164,0.00012,0.00015,0.00000,0.00015,0.00260,0.01467
1403715408.713313102722168,0.00959,0.00011,0.00021,0.00000,0.00022,0.00246,0.01259
1403715408.763313055038452,0.00941,0.00012,0.00004,0.00000,0.00015,0.00249,0.01221
1403715408.813313245773315,0.00984,0.00011,0.00016,0.00000,0.00015,0.00255,0.01282
1403715408.863313198089600,0.00963,0.00012,0.00018,0.00000,0.00019,0.00256,0.01269
1403715408.913313150405884,0.01006,0.00012,0.00021,0.00000,0.00000,0.00264,0.01302
1403715408.963313102722168,0.01083,0.00012,0.00013,0.00000,0.00021,0.00257,0.01386
1403715409.013313055038452,0.00836,0.00011,0.00011,0.00000,0.00006,0.00251,0.01115
1403715409.063313245773315,0.00814,0.00011,0.00009,0.00000,0.00000,0.00246,0.01081
1403715409.113313198089600,0.01039,0.00012,0.00005,0.00000,0.00019,0.00258,0.01333
1403715409.163313150405884,0.00807,0.00011,0.00010,0.00000,0.00034,0.00263,0.01124
1403715409.213313102722168,0.00818,0.00011,0.00012,0.00000,0.00026,0.00251,0.01117
1403715409.263313055038452,0.00953,0.00013,0.00009,0.00000,0.00014,0.00256,0.01245
1403715409.313313245773315,0.00794,0.00011,0.00013,0.00000,0.00014,0.00239,0.01071
1403715409.363313198089600,0.00990,0.00011,0.00012,0.00000,0.00008,0.00224,0.01244
1403715409.413313150405884,0.00956,0.00013,0.00018,0.00000,0.00011,0.00236,0.01234
1403715409.463313102722168,0.00786,0.00012,0.00021,0.00000,0.00018,0.00240,0.01077
1403715409.513313055038452,0.00947,0.00010,0.00009,0.00000,0.00013,0.00247,0.01226
1403715409.563313245773315,0.00952,0.00012,0.00007,0.00000,0.00006,0.00256,0.01233
1403715409.613313198089600,0.00682,0.00010,0.00006,0.00000,0.00002,0.00243,0.00944
1403715409.663313150405884,0.00690,0.00012,0.00006,0.00000,0.00020,0.00241,0.00968
1403715409.713313102722168,0.00782,0.00010,0.00006,0.00000,0.00018,0.00250,0.01067
1403715409.763313055038452,0.00715,0.00011,0.00005,0.00000,0.00026,0.00242,0.01001
1403715409.813313245773315,0.00702,0.00010,0.00007,0.00000,0.00021,0.00226,0.00967
1403715409.863313198089600,0.00793,0.00011,0.00001,0.00000,0.00014,0.00239,0.01058
1403715409.913313150405884,0.00995,0.00011,0.00009,0.00000,0.00033,0.00240,0.01289
1403715409.963313102722168,0.00741,0.00012,0.00005,0.00000,0.00035,0.00235,0.01029
1403715410.013313055038452,0.00784,0.00011,0.00005,0.00000,0.00011,0.00233,0.01044
1403715410.063313245773315,0.00703,0.00010,0.00005,0.00000,0.00035,0.00242,0.00995
1403715410.113313198089600,0.00703,0.00011,0.00013,0.00000,0.00041,0.00244,0.01013
1403715410.163313150405884,0.00940,0.00012,0.00011,0.00000,0.00007,0.00244,0.01214
1403715410.213313102722168,0.00660,0.00010,0.00013,0.00000,0.00003,0.00249,0.00935
1403715410.263313055038452,0.00659,0.00011,0.00023,0.00000,0.00014,0.00241,0.00948
1403715410.313313245773315,0.00786,0.00011,0.00012,0.00000,0.00018,0.00233,0.01060
1403715410.363313198089600,0.00828,0.00011,0.00005,0.00000,0.00019,0.00244,0.01107
1403715410.413313150405884,0.00679,0.00011,0.00006,0.00000,0.00013,0.00227,0.00936
1403715410.463313102722168,0.00690,0.00011,0.00001,0.00000,0.00081,0.00241,0.01025
1403715410.513313055038452,0.00654,0.00011,0.00001,0.00000,0.00026,0.00242,0.00935
1403715410.563313245773315,0.00766,0.00012,0.00008,0.00000,0.00018,0.00254,0.01058
1403715410.613313198089600,0.00755,0.00011,0.00014,0.00000,0.00008,0.00227,0.01016
1403715410.663313150405884,0.00719,0.00012,0.00001,0.00000,0.00015,0.00253,0.00999
1403715410.713313102722168,0.00725,0.00012,0.00007,0.00000,0.00046,0.00272,0.01064
1403715410.763313055038452,0.00770,0.00012,0.00001,0.00000,0.00008,0.00242,0.01033
1403715410.813313245773315,0.00756,0.00011,0.00003,0.00000,0.00000,0.00240,0.01011
1403715410.863313198089600,0.00727,0.00012,0.00007,0.00000,0.00010,0.00244,0.01000
1403715410.913313150405884,0.00713,0.00010,0.00006,0.00000,0.00035,0.00250,0.01014
1403715410.963313102722168,0.00726,0.00010,0.00001,0.00000,0.00027,0.00241,0.01005
1403715411.013313055038452,0.00737,0.00013,0.00004,0.00000,0.00012,0.00225,0.00991
1403715411.063313245773315,0.00735,0.00010,0.00001,0.00000,0.00048,0.00229,0.01023
1403715411.113313198089600,0.00759,0.00013,0.00005,0.00000,0.00027,0.00241,0.01045
1403715411.163313150405884,0.00669,0.00011,0.00002,0.00000,0.00018,0.00239,0.00938
1403715411.213313102722168,0.00864,0.00011,0.00007,0.00000,0.00007,0.00243,0.01132
1403715411.263313055038452,0.00668,0.00012,0.00004,0.00000,0.00011,0.00252,0.00947
1403715411.313313245773315,0.00716,0.00013,0.00006,0.00000,0.00037,0.00277,0.01050
1403715411.363313198089600,0.00674,0.00010,0.00004,0.00000,0.00000,0.00277,0.00966
1403715411.413313150405884,0.00775,0.00010,0.00001,0.00000,0.00000,0.00244,0.01029
1403715411.463313102722168,0.00761,0.00011,0.00005,0.00000,0.00015,0.00235,0.01028
1403715411.513313055038452,0.00768,0.00012,0.00001,0.00000,0.00038,0.00241,0.01061
1403715411.563313245773315,0.00754,0.00011,0.00004,0.00000,0.00019,0.00241,0.01029
1403715411.613313198089600,0.00739,0.00011,0.00001,0.00000,0.00013,0.00233,0.00997
1403715411.663313150405884,0.00720,0.00010,0.00001,0.00000,0.00046,0.00235,0.01013
1403715411.713313102722168,0.00696,0.00013,0.00005,0.00000,0.00026,0.00248,0.00988
1403715411.763313055038452,0.00676,0.00012,0.00001,0.00000,0.00061,0.00245,0.00995
1403715411.813313245773315,0.00689,0.00011,0.00001,0.00000,0.00008,0.00241,0.00950
1403715411.863313198089600,0.00675,0.00011,0.00001,0.00000,0.00013,0.00245,0.00946
1403715411.913313150405884,0.00674,0.00011,0.00001,0.00000,0.00034,0.00245,0.00965
1403715411.963313102722168,0.00723,0.00012,0.00001,0.00000,0.00000,0.00251,0.00987
1403715412.013313055038452,0.00697,0.00012,0.00001,0.00000,0.00000,0.00234,0.00944
1403715412.063313245773315,0.00706,0.00010,0.00001,0.00000,0.00016,0.00240,0.00973
1403715412.113313198089600,0.00805,0.00012,0.00004,0.00000,0.00037,0.00239,0.01097
1403715412.163313150405884,0.00769,0.00011,0.00001,0.00000,0.00042,0.00245,0.01067
1403715412.213313102722168,0.00764,0.00014,0.00001,0.00000,0.00012,0.00242,0.01033
1403715412.263313055038452,0.00698,0.00012,0.00001,0.00000,0.00098,0.00240,0.01049
1403715412.313313245773315,0.00654,0.00012,0.00001,0.00000,0.00024,0.00239,0.00930
1403715412.363313198089600,0.00659,0.00011,0.00002,0.00000,0.00052,0.00227,0.00952
1403715412.413313150405884,0.00767,0.00010,0.00001,0.00000,0.00007,0.00254,0.01039
1403715412.463313102722168,0.00742,0.00010,0.00001,0.00000,0.00011,0.00251,0.01016
1403715412.513313055038452,0.00785,0.00010,0.00001,0.00000,0.00030,0.00247,0.01073
1403715412.563313245773315,0.00902,0.00012,0.00001,0.00000,0.00000,0.00247,0.01161
1403715412.613313198089600,0.00750,0.00013,0.00001,0.00000,0.00000,0.00249,0.01013
1403715412.663313150405884,0.00792,0.00011,0.00001,0.00000,0.00015,0.00242,0.01062
1403715412.713313102722168,0.00852,0.00011,0.00001,0.00000,0.00036,0.00255,0.01155
1403715412.763313055038452,0.00733,0.00012,0.00005,0.00000,0.00040,0.00233,0.01023
1403715412.813313245773315,0.00726,0.00010,0.00001,0.00000,0.00011,0.00249,0.00998
1403715412.863313198089600,0.00750,0.00011,0.00005,0.00000,0.00042,0.00254,0.01062
1403715412.913313150405884,0.00878,0.00012,0.00001,0.00000,0.00025,0.00251,0.01167
1403715412.963313102722168,0.00726,0.00010,0.00001,0.00000,0.00052,0.00241,0.01030
1403715413.013313055038452,0.00855,0.00012,0.00001,0.00000,0.00007,0.00280,0.01154
1403715413.063313245773315,0.00647,0.00012,0.00001,0.00000,0.00034,0.00237,0.00931
1403715413.113313198089600,0.00653,0.00011,0.00001,0.00000,0.00029,0.00232,0.00926
1403715413.163313150405884,0.00635,0.00011,0.00001,0.00000,0.00000,0.00239,0.00886
1403715413.213313102722168,0.00665,0.00012,0.00001,0.00000,0.00000,0.00252,0.00930
1403715413.263313055038452,0.00858,0.00011,0.00001,0.00000,0.00015,0.00246,0.01130
1403715413.313313245773315,0.00628,0.00012,0.00006,0.00000,0.00030,0.00223,0.00899
1403715413.363313198089600,0.00677,0.00010,0.00004,0.00000,0.00020,0.00235,0.00946
1403715413.413313150405884,0.00618,0.00012,0.00001,0.00000,0.00010,0.00240,0.00881
1403715413.463313102722168,0.01162,0.00010,0.00001,0.00000,0.00042,0.00235,0.01451
1403715413.513313055038452,0.00792,0.00012,0.00005,0.00000,0.00062,0.00255,0.01126
1403715413.563313245773315,0.00771,0.00011,0.00015,0.00000,0.00047,0.00238,0.01082
1403715413.613313198089600,0.00736,0.00013,0.00008,0.00000,0.00006,0.00221,0.00985
1403715413.663313150405884,0.01017,0.00012,0.00006,0.00000,0.00031,0.00249,0.01315
1403715413.713313102722168,0.00842,0.00013,0.00004,0.00000,0.00018,0.00255,0.01132
1403715413.763313055038452,0.01330,0.00012,0.00006,0.00000,0.00000,0.00284,0.01632
1403715413.813313245773315,0.00855,0.00011,0.00010,0.00000,0.00000,0.00253,0.01129
1403715413.863313198089600,0.00802,0.00012,0.00007,0.00000,0.00012,0.00250,0.01082
1403715413.913313150405884,0.00812,0.00010,0.00011,0.00000,0.00026,0.00249,0.01107
1403715413.963313102722168,0.00782,0.00011,0.00009,0.00000,0.00015,0.00255,0.01071
1403715414.013313055038452,0.01101,0.00012,0.00002,0.00000,0.00030,0.00257,0.01401
1403715414.063313245773315,0.00801,0.00011,0.00004,0.00000,0.00014,0.00267,0.01098
1403715414.113313198089600,0.00801,0.00011,0.00005,0.00000,0.00019,0.00255,0.01090
1403715414.163313150405884,0.00942,0.00011,0.00003,0.00000,0.00016,0.00252,0.01224
1403715414.213313102722168,0.00958,0.00012,0.00018,0.00000,0.00007,0.00263,0.01258
1403715414.263313055038452,0.00813,0.00012,0.00005,0.00000,0.00011,0.00263,0.01104
1403715414.313313245773315,0.00840,0.00013,0.00005,0.00000,0.00046,0.00279,0.01182
1403715414.363313198089600,0.00755,0.00011,0.00001,0.00000,0.00000,0.00268,0.01035
1403715414.413313150405884,0.00766,0.00011,0.00001,0.00000,0.00000,0.00251,0.01029
1403715414.463313102722168,0.00742,0.00012,0.00001,0.00000,0.00016,0.00252,0.01023
1403715414.513313055038452,0.00865,0.00011,0.00001,0.00000,0.00016,0.00258,0.01152
1403715414.563313245773315,0.00872,0.00013,0.00006,0.00000,0.00062,0.00261,0.01214
1403715414.613313198089600,0.00712,0.00011,0.00005,0.00000,0.00029,0.00251,0.01007
1403715414.663313150405884,0.00747,0.00011,0.00001,0.00000,0.00012,0.00243,0.01013
1403715414.713313102722168,0.00875,0.00011,0.00004,0.00000,0.00024,0.00255,0.01167
1403715414.763313055038452,0.01249,0.00012,0.00004,0.00000,0.00018,0.00259,0.01543
1403715414.813313245773315,0.00801,0.00013,0.00005,0.00000,0.00004,0.00261,0.01084
1403715414.863313198089600,0.01368,0.00012,0.00007,0.00000,0.00011,0.00262,0.01659
1403715414.913313150405884,0.00851,0.00010,0.00004,0.00000,0.00057,0.00259,0.01181
1403715414.963313102722168,0.01039,0.00012,0.00008,0.00000,0.00000,0.00248,0.01308
1403715415.013313055038452,0.01003,0.00012,0.00008,0.00000,0.00000,0.00264,0.01288
1403715415.063313245773315,0.00889,0.00011,0.00001,0.00000,0.00015,0.00264,0.01180
1403715415.113313198089600,0.00849,0.00011,0.00009,0.00000,0.00012,0.00268,0.01150
1403715415.163313150405884,0.00844,0.00012,0.00001,0.00000,0.00050,0.00255,0.01162
1403715415.213313102722168,0.00751,0.00012,0.00006,0.00000,0.00030,0.00253,0.01052
1403715415.263313055038452,0.01037,0.00013,0.00011,0.00000,0.00010,0.00285,0.01355
1403715415.313313245773315,0.00768,0.00012,0.00006,0.00000,0.00047,0.00261,0.01094
1403715415.363313198089600,0.00821,0.00011,0.00005,0.00000,0.00010,0.00257,0.01104
1403715415.413313150405884,0.00767,0.00012,0.00007,0.00000,0.00124,0.00242,0.01151
1403715415.463313102722168,0.00693,0.00011,0.00007,0.00000,0.00010,0.00235,0.00955
1403715415.513313055038452,0.00676,0.00011,0.00006,0.00000,0.00041,0.00228,0.00961
1403715415.563313245773315,0.00709,0.00010,0.00001,0.00000,0.00000,0.00251,0.00971
1403715415.613313198089600,0.00755,0.00011,0.00006,0.00000,0.00000,0.00248,0.01021
1403715415.663313150405884,0.00689,0.00012,0.00005,0.00000,0.00009,0.00235,0.00951
1403715415.713313102722168,0.00759,0.00012,0.00028,0.00000,0.00004,0.00225,0.01029
1403715415.763313055038452,0.00997,0.00012,0.00001,0.00000,0.00192,0.00264,0.01467
1403715415.813313245773315,0.00707,0.00012,0.00006,0.00000,0.00229,0.00287,0.01241
1403715415.863313198089600,0.00756,0.00013,0.00001,0.00000,0.00009,0.00274,0.01053
1403715415.913313150405884,0.00731,0.00011,0.00002,0.00000,0.00062,0.00249,0.01054
1403715415.963313102722168,0.00713,0.00010,0.00004,0.00000,0.00003,0.00252,0.00982
1403715416.013313055038452,0.00782,0.00011,0.00001,0.00000,0.00053,0.00247,0.01094
1403715416.063313245773315,0.00763,0.00013,0.00001,0.00000,0.00013,0.00257,0.01048
1403715416.113313198089600,0.00773,0.00012,0.00001,0.00000,0.00042,0.00244,0.01072
1403715416.163313150405884,0.00784,0.00011,0.00001,0.00000,0.00000,0.00258,0.01054
1403715416.213313102722168,0.00780,0.00011,0.00001,0.00000,0.00000,0.00267,0.01059
1403715416.263313055038452,0.00822,0.00010,0.00001,0.00000,0.00012,0.00251,0.01096
1403715416.313313245773315,0.00783,0.00012,0.00006,0.00000,0.00112,0.00247,0.01161
1403715416.363313198089600,0.00761,0.00012,0.00001,0.00000,0.00040,0.00246,0.01060
1403715416.413313150405884,0.00740,0.00013,0.00001,0.00000,0.00113,0.00254,0.01122
1403715416.463313102722168,0.00786,0.00012,0.00001,0.00000,0.00027,0.00259,0.01085
1403715416.513313055038452,0.00736,0.00013,0.00001,0.00000,0.00035,0.00231,0.01017
1403715416.563313245773315,0.00772,0.00013,0.00001,0.00000,0.00004,0.00253,0.01043
1403715416.613313198089600,0.00810,0.00011,0.00001,0.00000,0.00020,0.00247,0.01089
1403715416.663313150405884,0.00795,0.00013,0.00001,0.00000,0.00051,0.00235,0.01096
1403715416.713313102722168,0.00736,0.00011,0.00001,0.00000,0.00057,0.00237,0.01042
1403715416.763313055038452,0.00756,0.00012,0.00001,0.00000,0.00000,0.00246,0.01015
1403715416.813313245773315,0.00794,0.00012,0.00001,0.00000,0.00000,0.00244,0.01051
1403715416.863313198089600,0.00759,0.00013,0.00001,0.00000,0.00051,0.00242,0.01067
1403715416.913313150405884,0.00787,0.00012,0.00001,0.00000,0.00163,0.00246,0.01209
1403715416.963313102722168,0.00731,0.00011,0.00001,0.00000,0.00096,0.00251,0.01089
1403715417.013313055038452,0.00771,0.00011,0.00001,0.00000,0.00133,0.00255,0.01171
1403715417.063313245773315,0.00740,0.00012,0.00001,0.00000,0.00006,0.00266,0.01024
1403715417.113313198089600,0.00725,0.00011,0.00001,0.00000,0.00034,0.00259,0.01031
1403715417.163313150405884,0.00747,0.00013,0.00001,0.00000,0.00004,0.00252,0.01017
1403715417.213313102722168,0.00775,0.00012,0.00001,0.00000,0.00023,0.00235,0.01046
1403715417.263313055038452,0.00758,0.00012,0.00001,0.00000,0.00011,0.00238,0.01020
1403715417.313313245773315,0.00796,0.00011,0.00001,0.00000,0.00056,0.00245,0.01109
1403715417.363313198089600,0.00757,0.00010,0.00001,0.00000,0.00000,0.00250,0.01018
1403715417.413313150405884,0.00778,0.00013,0.00001,0.00000,0.00000,0.00244,0.01036
1403715417.463313102722168,0.00761,0.00011,0.00001,0.00000,0.00012,0.00256,0.01042
1403715417.513313055038452,0.00657,0.00014,0.00002,0.00000,0.00137,0.00284,0.01094
1403715417.563313245773315,0.00707,0.00012,0.00001,0.00000,0.00098,0.00246,0.01064
1403715417.613313198089600,0.00704,0.00011,0.00001,0.00000,0.00120,0.00232,0.01068
1403715417.663313150405884,0.00697,0.00011,0.00001,0.00000,0.00030,0.00248,0.00987
1403715417.713313102722168,0.00950,0.00010,0.00001,0.00000,0.00037,0.00278,0.01277
1403715417.763313055038452,0.01013,0.00011,0.00001,0.00000,0.00004,0.00291,0.01320
1403715417.813313245773315,0.00704,0.00010,0.00001,0.00000,0.00045,0.00243,0.01004
1403715417.863313198089600,0.00747,0.00011,0.00001,0.00000,0.00035,0.00251,0.01045
1403715417.913313150405884,0.00706,0.00011,0.00001,0.00000,0.00061,0.00241,0.01020
1403715417.963313102722168,0.00718,0.00011,0.00001,0.00000,0.00000,0.00255,0.00985
1403715418.013313055038452,0.00711,0.00013,0.00001,0.00000,0.00000,0.00248,0.00973
1403715418.063313245773315,0.00694,0.00013,0.00001,0.00000,0.00011,0.00240,0.00960
1403715418.113313198089600,0.00687,0.00011,0.00001,0.00000,0.00147,0.00242,0.01088
1403715418.163313150405884,0.00687,0.00010,0.00001,0.00000,0.00131,0.00251,0.01080
1403715418.213313102722168,0.00783,0.00010,0.00001,0.00000,0.00082,0.00251,0.01126
1403715418.263313055038452,0.00706,0.00011,0.00001,0.00000,0.00007,0.00246,0.00971
1403715418.313313245773315,0.00762,0.00011,0.00001,0.00000,0.00034,0.00229,0.01037
1403715418.363313198089600,0.00705,0.00011,0.00001,0.00000,0.00004,0.00245,0.00965
1403715418.413313150405884,0.00708,0.00012,0.00001,0.00000,0.00042,0.00253,0.01015
1403715418.463313102722168,0.00771,0.00010,0.00001,0.00000,0.00012,0.00243,0.01037
1403715418.513313055038452,0.00762,0.00011,0.00001,0.00000,0.00055,0.00250,0.01079
1403715418.563313245773315,0.00729,0.00013,0.00005,0.00000,0.00000,0.00237,0.00985
1403715418.613313198089600,0.00722,0.00011,0.00006,0.00000,0.00000,0.00238,0.00976
1403715418.663313150405884,0.00611,0.00014,0.00001,0.00000,0.00010,0.00236,0.00872
1403715418.713313102722168,0.00610,0.00012,0.00001,0.00000,0.00135,0.00245,0.01003
1403715418.763313055038452,0.00676,0.00011,0.00001,0.00000,0.00096,0.00243,0.01027
1403715418.813313245773315,0.00666,0.00011,0.00001,0.00000,0.00090,0.00239,0.01007
