# timestamp (sec),tracking,propagation,msckf update,slam update,slam delayed,re-tri & marg,total
1403715278.862355709075928,0.00382,0.00012,0.00034,0.00000,0.00000,0.00151,0.00579
1403715278.910948276519775,0.00288,0.00011,0.00340,0.00000,0.00706,0.00151,0.01496
1403715278.961077690124512,0.00283,0.00013,0.00045,0.00215,0.00000,0.00125,0.00682
1403715279.011190891265869,0.00258,0.00014,0.00006,0.00215,0.00000,0.00143,0.00636
1403715279.061144590377808,0.00313,0.00015,0.00004,0.00219,0.00000,0.00140,0.00690
1403715279.111100196838379,0.00250,0.00013,0.00040,0.00210,0.00000,0.00132,0.00646
1403715279.161092519760132,0.00230,0.00014,0.00044,0.00233,0.00000,0.00138,0.00660
1403715279.211015701293945,0.00253,0.00015,0.00061,0.00225,0.00000,0.00141,0.00694
1403715279.261121988296509,0.00221,0.00013,0.00001,0.00217,0.00419,0.00141,0.01012
1403715279.311616182327271,0.00240,0.00014,0.00004,0.00268,0.00354,0.00145,0.01024
1403715279.361586809158325,0.00307,0.00014,0.00001,0.00336,0.00121,0.00152,0.00932
1403715279.412349224090576,0.00265,0.00017,0.00002,0.00353,0.00949,0.00141,0.01728
1403715279.462933540344238,0.00282,0.00018,0.00001,0.00508,0.00000,0.00165,0.00973
1403715279.513302803039551,0.00245,0.00016,0.01059,0.00480,0.00119,0.00137,0.02056
1403715279.564149618148804,0.00222,0.00017,0.00001,0.00543,0.00005,0.00151,0.00939
1403715279.614360332489014,0.00238,0.00018,0.00123,0.00507,0.00115,0.00160,0.01161
1403715279.664948940277100,0.00233,0.00019,0.00001,0.00566,0.00000,0.00144,0.00962
1403715279.715290069580078,0.00212,0.00018,0.00001,0.00565,0.00000,0.00141,0.00937
1403715279.765118122100830,0.00250,0.00021,0.00002,0.00567,0.00000,0.00143,0.00983
1403715279.815278768539429,0.00228,0.00019,0.00006,0.00556,0.00000,0.00153,0.00961
1403715279.865221261978149,0.00213,0.00017,0.00005,0.00527,0.00000,0.00144,0.00905
1403715279.914981126785278,0.00223,0.00018,0.00058,0.00568,0.00000,0.00142,0.01008
1403715279.964676856994629,0.00207,0.00018,0.00125,0.00564,0.00003,0.00151,0.01068
1403715280.015235185623169,0.00219,0.00017,0.00001,0.00580,0.00000,0.00172,0.00989
1403715280.065365076065063,0.00223,0.00016,0.00005,0.00513,0.00000,0.00145,0.00902
1403715280.115159034729004,0.00250,0.00020,0.01030,0.00499,0.00019,0.00131,0.01948
1403715280.164643764495850,0.00231,0.00016,0.00007,0.00547,0.00003,0.00139,0.00944
1403715280.214296817779541,0.00235,0.00024,0.00159,0.00507,0.00004,0.00134,0.01062
1403715280.264461517333984,0.00216,0.00016,0.00008,0.00516,0.00000,0.00137,0.00893
1403715280.314575433731079,0.00220,0.00017,0.00001,0.00553,0.00000,0.00137,0.00929
1403715280.364601135253906,0.00233,0.00017,0.00001,0.00516,0.00000,0.00149,0.00915
1403715280.414492368698120,0.00259,0.00020,0.00002,0.00486,0.00000,0.00140,0.00906
1403715280.464436292648315,0.00223,0.00016,0.00044,0.00449,0.00000,0.00137,0.00870
1403715280.514339923858643,0.00220,0.00016,0.00008,0.00450,0.00000,0.00144,0.00838
1403715280.564020872116089,0.00217,0.00016,0.00107,0.00469,0.00094,0.00159,0.01061
1403715280.613974332809448,0.00292,0.00016,0.00043,0.00478,0.00000,0.00137,0.00965
1403715280.663923501968384,0.00231,0.00017,0.00049,0.00471,0.00309,0.00143,0.01220
1403715280.714010953903198,0.00288,0.00036,0.00946,0.00494,0.00111,0.00189,0.02063
1403715280.764004468917847,0.00288,0.00016,0.00113,0.00486,0.00172,0.00136,0.01210
1403715280.814049482345581,0.00268,0.00019,0.00169,0.00481,0.00004,0.00170,0.01110
1403715280.864165067672729,0.00277,0.00017,0.00023,0.00451,0.00000,0.00143,0.00911
1403715280.914301633834839,0.00335,0.00016,0.00131,0.00437,0.00000,0.00183,0.01102
1403715280.964403390884399,0.00287,0.00016,0.00019,0.00352,0.00212,0.00142,0.01027
1403715281.014447450637817,0.00312,0.00017,0.00021,0.00385,0.00000,0.00220,0.00955
1403715281.064442157745361,0.00250,0.00015,0.00013,0.00359,0.00027,0.00146,0.00811
1403715281.114425182342529,0.00275,0.00017,0.00001,0.00400,0.00000,0.00204,0.00897
1403715281.164367437362671,0.00344,0.00016,0.00011,0.00333,0.00313,0.00147,0.01164
1403715281.214391708374023,0.00419,0.00017,0.00068,0.00365,0.00000,0.00189,0.01058
1403715281.264429092407227,0.00310,0.00015,0.00015,0.00372,0.00026,0.00152,0.00891
1403715281.314521789550781,0.00353,0.00016,0.00550,0.00378,0.00989,0.00186,0.02472
1403715281.364616155624390,0.00274,0.00015,0.00069,0.00582,0.00004,0.00150,0.01093
1403715281.414567470550537,0.00264,0.00017,0.00002,0.00521,0.00123,0.00144,0.01070
1403715281.464612007141113,0.00256,0.00017,0.00750,0.00530,0.00219,0.00143,0.01914
1403715281.514610052108765,0.00244,0.00017,0.00008,0.00582,0.00017,0.00146,0.01014
1403715281.564584732055664,0.00263,0.00023,0.00009,0.00622,0.00000,0.00142,0.01059
1403715281.614563703536987,0.00257,0.00018,0.00001,0.00545,0.00000,0.00146,0.00968
1403715281.664551734924316,0.00280,0.00017,0.00010,0.00493,0.00029,0.00170,0.00999
1403715281.714537620544434,0.00303,0.00017,0.00053,0.00405,0.00000,0.00132,0.00909
1403715281.764519691467285,0.00250,0.00016,0.00562,0.00401,0.00659,0.00142,0.02031
1403715281.814524888992310,0.00388,0.00017,0.00012,0.00455,0.00001,0.00148,0.01022
1403715281.864562511444092,0.00294,0.00019,0.00032,0.00425,0.00001,0.00153,0.00924
1403715281.914618015289307,0.00270,0.00016,0.00266,0.00416,0.00645,0.00137,0.01751
1403715281.964653968811035,0.00239,0.00018,0.00001,0.00556,0.00003,0.00146,0.00964
1403715282.014709949493408,0.00244,0.00016,0.00007,0.00553,0.00002,0.00153,0.00975
1403715282.064764261245728,0.00233,0.00018,0.00495,0.00572,0.00351,0.00148,0.01818
1403715282.114775419235229,0.00324,0.00018,0.00001,0.00517,0.00000,0.00159,0.01020
1403715282.164842367172241,0.00268,0.00016,0.00015,0.00518,0.00017,0.00160,0.00995
1403715282.214796781539917,0.00272,0.00019,0.00014,0.00510,0.00028,0.00156,0.01000
1403715282.264910936355591,0.00337,0.00016,0.00011,0.00503,0.00029,0.00150,0.01045
1403715282.314940690994263,0.00265,0.00018,0.00068,0.00542,0.00016,0.00145,0.01053
1403715282.365093946456909,0.00251,0.00016,0.01283,0.00540,0.00244,0.00158,0.02491
1403715282.414985656738281,0.00239,0.00018,0.00015,0.00609,0.00000,0.00149,0.01030
1403715282.465042829513550,0.00315,0.00017,0.00017,0.00494,0.00016,0.00157,0.01015
1403715282.515008449554443,0.00255,0.00022,0.00005,0.00519,0.00295,0.00153,0.01249
1403715282.564919710159302,0.00301,0.00018,0.00011,0.00570,0.00000,0.00150,0.01050
1403715282.614716768264771,0.00264,0.00019,0.00011,0.00443,0.00019,0.00144,0.00900
1403715282.664608001708984,0.00238,0.00017,0.00361,0.00338,0.00179,0.00144,0.01277
1403715282.714659690856934,0.00414,0.00016,0.00076,0.00337,0.00038,0.00154,0.01035
1403715282.764734745025635,0.00400,0.00017,0.00018,0.00319,0.00057,0.00161,0.00972
1403715282.814688444137573,0.00394,0.00016,0.00052,0.00457,0.00039,0.00160,0.01118
1403715282.864675998687744,0.00289,0.00016,0.00032,0.00468,0.00013,0.00154,0.00973
1403715282.914656400680542,0.00369,0.00021,0.00006,0.00500,0.00000,0.00164,0.01060
1403715282.964552164077759,0.00310,0.00017,0.00937,0.00467,0.00645,0.00172,0.02548
1403715283.014516353607178,0.00265,0.00016,0.00042,0.00569,0.00000,0.00155,0.01047
1403715283.064505577087402,0.00274,0.00016,0.00001,0.00591,0.00000,0.00158,0.01041
1403715283.114506483078003,0.00272,0.00019,0.00057,0.00583,0.00000,0.00152,0.01083
1403715283.164395093917847,0.00289,0.00018,0.00005,0.00500,0.00000,0.00161,0.00973
1403715283.214382648468018,0.00356,0.00018,0.00055,0.00429,0.00049,0.00145,0.01053
1403715283.264289855957031,0.00263,0.00021,0.00538,0.00426,0.00122,0.00158,0.01528
1403715283.314308404922485,0.00278,0.00021,0.01225,0.00500,0.00125,0.00161,0.02310
1403715283.364225387573242,0.00252,0.00021,0.00001,0.00579,0.00000,0.00161,0.01014
1403715283.414104700088501,0.00339,0.00019,0.00005,0.00553,0.00000,0.00167,0.01084
1403715283.463978290557861,0.00354,0.00019,0.00012,0.00469,0.00000,0.00151,0.01006
1403715283.513861894607544,0.00282,0.00026,0.00017,0.00427,0.00000,0.00156,0.00908
1403715283.563791751861572,0.00386,0.00015,0.00343,0.00399,0.00986,0.00152,0.02282
1403715283.613740444183350,0.00343,0.00020,0.00022,0.00556,0.00000,0.00151,0.01092
1403715283.663710832595825,0.00288,0.00017,0.00004,0.00557,0.00000,0.00158,0.01024
1403715283.713626861572266,0.00354,0.00018,0.00053,0.00532,0.00000,0.00162,0.01121
1403715283.763554573059082,0.00276,0.00018,0.00002,0.00562,0.00000,0.00204,0.01062
1403715283.813573360443115,0.00291,0.00019,0.00013,0.00529,0.00015,0.00161,0.01028
1403715283.863549947738647,0.00244,0.00019,0.00430,0.00507,0.00018,0.00169,0.01386
1403715283.913551092147827,0.00288,0.00020,0.00949,0.00509,0.00165,0.00141,0.02072
1403715283.963532447814941,0.00267,0.00021,0.00002,0.00584,0.00000,0.00189,0.01063
1403715284.013519763946533,0.00272,0.00018,0.00001,0.00576,0.00000,0.00148,0.01016
1403715284.063495874404907,0.00277,0.00021,0.00005,0.00577,0.00000,0.00206,0.01086
1403715284.113469600677490,0.00258,0.00019,0.01121,0.00554,0.00000,0.00160,0.02112
1403715284.163448333740234,0.00310,0.00023,0.00344,0.00552,0.00000,0.00160,0.01390
1403715284.213445663452148,0.00252,0.00019,0.00002,0.00530,0.00000,0.00150,0.00953
1403715284.263482093811035,0.00238,0.00016,0.00031,0.00528,0.00000,0.00164,0.00976
1403715284.313527584075928,0.00239,0.00017,0.00001,0.00564,0.00000,0.00150,0.00971
1403715284.363561630249023,0.00258,0.00017,0.00004,0.00575,0.00000,0.00191,0.01046
1403715284.413532733917236,0.00267,0.00017,0.00015,0.00510,0.00058,0.00160,0.01028
1403715284.463489055633545,0.00275,0.00018,0.00403,0.00607,0.00003,0.00229,0.01535
1403715284.513437509536743,0.00265,0.00016,0.00752,0.00467,0.00107,0.00157,0.01766
1403715284.563405513763428,0.00247,0.00019,0.00001,0.00565,0.00000,0.00156,0.00988
1403715284.613387107849121,0.00264,0.00024,0.00001,0.00526,0.00000,0.00153,0.00969
1403715284.663456439971924,0.00373,0.00020,0.00045,0.00493,0.00017,0.00192,0.01141
1403715284.713490724563599,0.00254,0.00019,0.01097,0.00524,0.00004,0.00153,0.02051
1403715284.763521194458008,0.00300,0.00029,0.00239,0.00494,0.00137,0.00179,0.01378
1403715284.813485622406006,0.00272,0.00022,0.00008,0.00537,0.00001,0.00146,0.00985
1403715284.863461256027222,0.00279,0.00022,0.00007,0.00566,0.00020,0.00155,0.01049
1403715284.913379907608032,0.00298,0.00018,0.00022,0.00623,0.00000,0.00157,0.01118
1403715284.963355064392090,0.00234,0.00016,0.00001,0.00569,0.00000,0.00158,0.00979
1403715285.013345956802368,0.00235,0.00017,0.00001,0.00559,0.00000,0.00149,0.00961
1403715285.063354253768921,0.00258,0.00027,0.00442,0.00519,0.00003,0.00209,0.01458
1403715285.113341093063354,0.00262,0.00027,0.00681,0.00487,0.00219,0.00163,0.01839
1403715285.163317918777466,0.00241,0.00018,0.00008,0.00557,0.00020,0.00190,0.01034
1403715285.213240146636963,0.00310,0.00021,0.00087,0.00533,0.00001,0.00157,0.01109
1403715285.263108968734741,0.00256,0.00026,0.00002,0.00569,0.00000,0.00179,0.01032
1403715285.313034534454346,0.00272,0.00021,0.00890,0.00587,0.00006,0.00167,0.01943
1403715285.363019943237305,0.00235,0.00018,0.00110,0.00572,0.00126,0.00149,0.01211
1403715285.413054466247559,0.00241,0.00019,0.00005,0.00561,0.00000,0.00152,0.00977
1403715285.463063716888428,0.00242,0.00020,0.00027,0.00560,0.00023,0.00187,0.01059
1403715285.513080596923828,0.00248,0.00020,0.00006,0.00564,0.00017,0.00178,0.01032
1403715285.563121080398560,0.00276,0.00017,0.00008,0.00549,0.00000,0.00146,0.00996
1403715285.613099336624146,0.00241,0.00022,0.00001,0.00544,0.00000,0.00147,0.00956
1403715285.663090229034424,0.00240,0.00024,0.00353,0.00482,0.00116,0.00148,0.01362
1403715285.713037729263306,0.00254,0.00017,0.00694,0.00479,0.00212,0.00158,0.01814
1403715285.763000249862671,0.00252,0.00018,0.00064,0.00550,0.00000,0.00168,0.01052
1403715285.812974452972412,0.00302,0.00017,0.00011,0.00492,0.00000,0.00174,0.00996
1403715285.862905979156494,0.00258,0.00019,0.00009,0.00464,0.00000,0.00150,0.00901
1403715285.912755489349365,0.00224,0.00022,0.00693,0.00416,0.00519,0.00135,0.02009
1403715285.962718248367310,0.00231,0.00017,0.00176,0.00537,0.00039,0.00151,0.01151
1403715286.012674331665039,0.00243,0.00018,0.00001,0.00633,0.00000,0.00146,0.01041
1403715286.062663316726685,0.00319,0.00019,0.00040,0.00636,0.00000,0.00156,0.01171
1403715286.112674713134766,0.00281,0.00020,0.00003,0.00627,0.00000,0.00187,0.01118
1403715286.162686824798584,0.00410,0.00025,0.00033,0.00614,0.00000,0.00165,0.01248
1403715286.212698221206665,0.00298,0.00018,0.00014,0.00583,0.00000,0.00198,0.01111
1403715286.262689590454102,0.00307,0.00017,0.00395,0.00562,0.00003,0.00172,0.01455
1403715286.312676906585693,0.00295,0.00023,0.00628,0.00527,0.00134,0.00170,0.01777
1403715286.362653732299805,0.00280,0.00019,0.00120,0.00553,0.00000,0.00164,0.01136
1403715286.412635564804077,0.00366,0.00020,0.00033,0.00542,0.00000,0.00168,0.01128
1403715286.462610006332397,0.00294,0.00021,0.00058,0.00570,0.00017,0.00166,0.01127
1403715286.512522697448730,0.00288,0.00017,0.00448,0.00389,0.00314,0.00156,0.01611
1403715286.562503814697266,0.00291,0.00019,0.00218,0.00421,0.00188,0.00172,0.01310
1403715286.612453460693359,0.00350,0.00020,0.00255,0.00425,0.00055,0.00162,0.01269
1403715286.662405252456665,0.00337,0.00020,0.00015,0.00413,0.00014,0.00165,0.00964
1403715286.712315320968628,0.00255,0.00017,0.00675,0.00383,0.00355,0.00152,0.01836
1403715286.762335300445557,0.00248,0.00017,0.00025,0.00367,0.00014,0.00148,0.00820
1403715286.812380790710449,0.00228,0.00016,0.00011,0.00241,0.00000,0.00146,0.00643
1403715286.862402200698853,0.00230,0.00017,0.00008,0.00238,0.00522,0.00150,0.01166
1403715286.912404298782349,0.00249,0.00019,0.00462,0.00261,0.00505,0.00142,0.01639
1403715286.962414741516113,0.00313,0.00018,0.00008,0.00423,0.00018,0.00168,0.00948
1403715287.012405872344971,0.00269,0.00018,0.00022,0.00410,0.00038,0.00144,0.00900
1403715287.062395334243774,0.00250,0.00019,0.00016,0.00400,0.00000,0.00141,0.00825
1403715287.112359046936035,0.00332,0.00028,0.00011,0.00452,0.00492,0.00154,0.01469
1403715287.162349700927734,0.00240,0.00020,0.00025,0.00384,0.00015,0.00140,0.00823
1403715287.212333440780640,0.00233,0.00018,0.00100,0.00460,0.00060,0.00150,0.01020
1403715287.262331247329712,0.00235,0.00019,0.00020,0.00225,0.00037,0.00141,0.00677
1403715287.312396526336670,0.00227,0.00017,0.00496,0.00228,0.00234,0.00145,0.01347
1403715287.362410068511963,0.00207,0.00017,0.00093,0.00283,0.00023,0.00138,0.00761
1403715287.412417888641357,0.00252,0.00015,0.00021,0.00324,0.00000,0.00146,0.00758
1403715287.462428092956543,0.00281,0.00016,0.00008,0.00313,0.00003,0.00150,0.00772
1403715287.512495040893555,0.00373,0.00015,0.00390,0.00285,0.01237,0.00230,0.02530
1403715287.562477588653564,0.00230,0.00015,0.00028,0.00377,0.00014,0.00143,0.00807
1403715287.612437725067139,0.00230,0.00015,0.00020,0.00372,0.00000,0.00137,0.00774
1403715287.662426233291626,0.00240,0.00018,0.00024,0.00305,0.00013,0.00143,0.00742
1403715287.712401390075684,0.00264,0.00015,0.00021,0.00305,0.00001,0.00151,0.00758
1403715287.762398719787598,0.00264,0.00015,0.00036,0.00220,0.00056,0.00140,0.00731
1403715287.812414407730103,0.00281,0.00016,0.00013,0.00222,0.00098,0.00158,0.00789
1403715287.862400770187378,0.00296,0.00016,0.00041,0.00218,0.00021,0.00153,0.00745
1403715287.912449359893799,0.00264,0.00013,0.00001,0.00244,0.01163,0.00144,0.01830
1403715287.962481260299683,0.00294,0.00019,0.00031,0.00403,0.00106,0.00154,0.01006
1403715288.012530326843262,0.00242,0.00020,0.00013,0.00379,0.00071,0.00154,0.00879
1403715288.062581539154053,0.00275,0.00017,0.00111,0.00333,0.00782,0.00146,0.01665
1403715288.112596511840820,0.00322,0.00017,0.00406,0.00367,0.00038,0.00163,0.01313
1403715288.162624120712280,0.00273,0.00018,0.00039,0.00392,0.00002,0.00148,0.00872
1403715288.212641000747681,0.00353,0.00017,0.00006,0.00344,0.00001,0.00151,0.00871
1403715288.262621164321899,0.00244,0.00018,0.00006,0.00337,0.00000,0.00144,0.00750
1403715288.312619686126709,0.00320,0.00019,0.00011,0.00309,0.00101,0.00153,0.00912
1403715288.362601041793823,0.00235,0.00017,0.00001,0.00332,0.00000,0.00150,0.00734
1403715288.412591457366943,0.00247,0.00015,0.00006,0.00372,0.00003,0.00154,0.00797
1403715288.462597846984863,0.00291,0.00018,0.00002,0.00334,0.00198,0.00166,0.01008
1403715288.512591361999512,0.00247,0.00019,0.00002,0.00364,0.00437,0.00153,0.01222
1403715288.562618970870972,0.00291,0.00019,0.00003,0.00424,0.00107,0.00153,0.00996
1403715288.612615108489990,0.00274,0.00024,0.00010,0.00442,0.00356,0.00181,0.01287
1403715288.662623643875122,0.00255,0.00021,0.00117,0.00507,0.00182,0.00161,0.01243
1403715288.712618827819824,0.00250,0.00019,0.00701,0.00483,0.00003,0.00148,0.01604
1403715288.762613773345947,0.00373,0.00017,0.00415,0.00474,0.00127,0.00153,0.01560
1403715288.812612295150757,0.00313,0.00019,0.00011,0.00466,0.00017,0.00148,0.00975
1403715288.862618923187256,0.00250,0.00020,0.00004,0.00489,0.00000,0.00151,0.00914
1403715288.912638425827026,0.00270,0.00017,0.00007,0.00468,0.00112,0.00155,0.01030
1403715288.962650299072266,0.00334,0.00017,0.00011,0.00509,0.00017,0.00160,0.01047
1403715289.012645721435547,0.00317,0.00019,0.00005,0.00554,0.00003,0.00163,0.01061
1403715289.062639236450195,0.00308,0.00018,0.00050,0.00539,0.00000,0.00154,0.01068
1403715289.112631559371948,0.00315,0.00019,0.00005,0.00515,0.00021,0.00164,0.01040
1403715289.162629842758179,0.00311,0.00019,0.00001,0.00495,0.00004,0.00160,0.00989
1403715289.212589740753174,0.00326,0.00018,0.00060,0.00462,0.00024,0.00159,0.01049
1403715289.262585878372192,0.00242,0.00017,0.00007,0.00458,0.00240,0.00141,0.01106
1403715289.312562942504883,0.00374,0.00021,0.00759,0.00522,0.00104,0.00158,0.01938
1403715289.362567424774170,0.00248,0.00017,0.00333,0.00534,0.00231,0.00156,0.01520
1403715289.412581205368042,0.00350,0.00022,0.00015,0.00562,0.00000,0.00154,0.01103
1403715289.462610960006714,0.00262,0.00019,0.00014,0.00490,0.00001,0.00154,0.00940
1403715289.512631177902222,0.00314,0.00019,0.00028,0.00483,0.00062,0.00159,0.01065
1403715289.562629222869873,0.00384,0.00020,0.00011,0.00441,0.00002,0.00163,0.01020
1403715289.612643480300903,0.00248,0.00019,0.00021,0.00376,0.00065,0.00147,0.00875
1403715289.662638902664185,0.00269,0.00018,0.00034,0.00390,0.00000,0.00145,0.00856
1403715289.712653636932373,0.00244,0.00015,0.00001,0.00365,0.00020,0.00155,0.00802
1403715289.762669324874878,0.00257,0.00018,0.00053,0.00350,0.00054,0.00141,0.00872
1403715289.812683105468750,0.00262,0.00020,0.00085,0.00366,0.00323,0.00154,0.01211
1403715289.862684726715088,0.00307,0.00017,0.00281,0.00423,0.00685,0.00151,0.01865
1403715289.912683248519897,0.00225,0.00016,0.00746,0.00554,0.00060,0.00164,0.01766
1403715289.962680339813232,0.00229,0.00019,0.00357,0.00589,0.00000,0.00149,0.01344
1403715290.012674093246460,0.00240,0.00024,0.00002,0.00652,0.00000,0.00163,0.01080
1403715290.062684535980225,0.00293,0.00018,0.00001,0.00567,0.00000,0.00159,0.01038
1403715290.112674474716187,0.00232,0.00019,0.00594,0.00577,0.00001,0.00169,0.01591
1403715290.162648439407349,0.00241,0.00018,0.00001,0.00575,0.00114,0.00147,0.01097
1403715290.212606906890869,0.00238,0.00019,0.00001,0.00605,0.00000,0.00154,0.01017
1403715290.262586593627930,0.00241,0.00020,0.00001,0.00588,0.00000,0.00151,0.01000
1403715290.312577962875366,0.00231,0.00021,0.00001,0.00589,0.00000,0.00147,0.00989
1403715290.362571477890015,0.00251,0.00018,0.00043,0.00540,0.00000,0.00145,0.00997
1403715290.412567377090454,0.00251,0.00020,0.00005,0.00639,0.00019,0.00156,0.01089
1403715290.462551116943359,0.00261,0.00029,0.00242,0.00573,0.00023,0.00145,0.01273
1403715290.512515306472778,0.00235,0.00021,0.00577,0.00484,0.00121,0.00140,0.01578
1403715290.562481880187988,0.00239,0.00020,0.00045,0.00512,0.00114,0.00148,0.01078
1403715290.612482309341431,0.00215,0.00017,0.00067,0.00520,0.00000,0.00150,0.00968
1403715290.662488222122192,0.00211,0.00019,0.00008,0.00541,0.00019,0.00153,0.00950
1403715290.712479829788208,0.00252,0.00019,0.00434,0.00532,0.00237,0.00158,0.01632
1403715290.762477159500122,0.00222,0.00019,0.00047,0.00606,0.00000,0.00152,0.01047
1403715290.812489032745361,0.00222,0.00017,0.00028,0.00541,0.00000,0.00147,0.00955
1403715290.862493038177490,0.00218,0.00017,0.00011,0.00613,0.00035,0.00162,0.01056
1403715290.912499427795410,0.00234,0.00018,0.00034,0.00555,0.00000,0.00143,0.00983
1403715290.962497472763062,0.00224,0.00018,0.00076,0.00540,0.00114,0.00179,0.01151
1403715291.012504100799561,0.00221,0.00018,0.00227,0.00568,0.00019,0.00143,0.01195
1403715291.062507867813110,0.00286,0.00021,0.00136,0.00522,0.00119,0.00187,0.01271
1403715291.112503528594971,0.00258,0.00024,0.00585,0.00525,0.00000,0.00145,0.01537
1403715291.162482738494873,0.00240,0.00016,0.00286,0.00484,0.00122,0.00158,0.01306
1403715291.212472677230835,0.00258,0.00017,0.00026,0.00544,0.00000,0.00160,0.01005
1403715291.262459754943848,0.00240,0.00018,0.00558,0.00476,0.00228,0.00151,0.01672
1403715291.312465906143188,0.00352,0.00018,0.00150,0.00541,0.00073,0.00151,0.01285
1403715291.362475156784058,0.00336,0.00020,0.00049,0.00523,0.00001,0.00152,0.01081
1403715291.412468910217285,0.00308,0.00021,0.00006,0.00554,0.00000,0.00153,0.01042
1403715291.462476968765259,0.00272,0.00024,0.00002,0.00507,0.00000,0.00149,0.00955
1403715291.512495279312134,0.00277,0.00019,0.00008,0.00500,0.00016,0.00153,0.00972
1403715291.562468767166138,0.00254,0.00015,0.00012,0.00450,0.00000,0.00148,0.00878
1403715291.612447500228882,0.00241,0.00016,0.00358,0.00436,0.00298,0.00148,0.01496
1403715291.662448644638062,0.00253,0.00019,0.00014,0.00454,0.00040,0.00147,0.00927
1403715291.712450742721558,0.00247,0.00019,0.00480,0.00462,0.00019,0.00149,0.01375
1403715291.762449741363525,0.00300,0.00019,0.00039,0.00409,0.00019,0.00164,0.00951
1403715291.812425613403320,0.00264,0.00017,0.00153,0.00412,0.00000,0.00156,0.01003
1403715291.862403869628906,0.00303,0.00017,0.00681,0.00343,0.00642,0.00162,0.02148
1403715291.912383556365967,0.00232,0.00016,0.00004,0.00424,0.00003,0.00145,0.00824
1403715291.962380647659302,0.00247,0.00016,0.00016,0.00384,0.00031,0.00151,0.00845
1403715292.012388706207275,0.00250,0.00016,0.00039,0.00404,0.00028,0.00142,0.00879
1403715292.062402963638306,0.00376,0.00017,0.00044,0.00434,0.00000,0.00159,0.01030
1403715292.112415313720703,0.00256,0.00016,0.00029,0.00391,0.00000,0.00141,0.00833
1403715292.162427663803101,0.00259,0.00016,0.00015,0.00404,0.00000,0.00151,0.00846
1403715292.212440490722656,0.00313,0.00016,0.00019,0.00394,0.00395,0.00142,0.01280
1403715292.262405395507812,0.00261,0.00016,0.00034,0.00475,0.00000,0.00160,0.00947
1403715292.312390804290771,0.00311,0.00020,0.00488,0.00459,0.00589,0.00158,0.02026
1403715292.362359285354614,0.00248,0.00017,0.00200,0.00578,0.00000,0.00150,0.01194
1403715292.412346363067627,0.00258,0.00019,0.00224,0.00522,0.00000,0.00149,0.01172
1403715292.462336063385010,0.00294,0.00021,0.00486,0.00450,0.00111,0.00174,0.01536
1403715292.512324333190918,0.00240,0.00018,0.00079,0.00507,0.00000,0.00147,0.00991
1403715292.562309503555298,0.00286,0.00021,0.00013,0.00487,0.00161,0.00152,0.01119
1403715292.612291097640991,0.00238,0.00021,0.00374,0.00480,0.00215,0.00143,0.01471
1403715292.662280321121216,0.00271,0.00019,0.00062,0.00531,0.00000,0.00135,0.01018
1403715292.712256431579590,0.00213,0.00017,0.00031,0.00485,0.00000,0.00140,0.00887
1403715292.762233257293701,0.00281,0.00019,0.00063,0.00475,0.00000,0.00158,0.00996
1403715292.812220573425293,0.00299,0.00018,0.00090,0.00395,0.00003,0.00153,0.00958
1403715292.862235069274902,0.00240,0.00020,0.00018,0.00332,0.00000,0.00143,0.00753
1403715292.912242650985718,0.00235,0.00015,0.00100,0.00316,0.00369,0.00152,0.01187
1403715292.962246894836426,0.00276,0.00029,0.00017,0.00570,0.00224,0.00142,0.01258
1403715293.012240648269653,0.00258,0.00018,0.00003,0.00412,0.00203,0.00139,0.01032
1403715293.062242031097412,0.00335,0.00019,0.00310,0.00426,0.00523,0.00164,0.01777
1403715293.112245559692383,0.00238,0.00017,0.00016,0.00512,0.00212,0.00148,0.01143
1403715293.162244319915771,0.00239,0.00020,0.00021,0.00482,0.00000,0.00152,0.00915
1403715293.212259531021118,0.00279,0.00019,0.00381,0.00375,0.00323,0.00173,0.01549
1403715293.262234687805176,0.00252,0.00020,0.00052,0.00433,0.00000,0.00145,0.00903
1403715293.312231779098511,0.00261,0.00019,0.00434,0.00364,0.00445,0.00149,0.01671
1403715293.362223148345947,0.00267,0.00022,0.00134,0.00514,0.00000,0.00176,0.01113
1403715293.412201404571533,0.00418,0.00025,0.00198,0.00457,0.00117,0.00183,0.01397
1403715293.462232351303101,0.00286,0.00018,0.00099,0.00437,0.00013,0.00165,0.01019
1403715293.512268066406250,0.00305,0.00018,0.00100,0.00409,0.00317,0.00148,0.01297
1403715293.562295913696289,0.00292,0.00019,0.00044,0.00418,0.00015,0.00141,0.00929
1403715293.612338066101074,0.00242,0.00021,0.00790,0.00424,0.00541,0.00148,0.02166
1403715293.662346601486206,0.00240,0.00016,0.00040,0.00507,0.00000,0.00143,0.00946
1403715293.712338685989380,0.00261,0.00017,0.00012,0.00512,0.00000,0.00140,0.00943
1403715293.762330293655396,0.00239,0.00017,0.00001,0.00470,0.00000,0.00143,0.00871
1403715293.812327861785889,0.00286,0.00017,0.00225,0.00396,0.00311,0.00240,0.01475
1403715293.862317562103271,0.00328,0.00020,0.00011,0.00515,0.00001,0.00186,0.01060
1403715293.912293434143066,0.00267,0.00019,0.00301,0.00434,0.00432,0.00150,0.01602
1403715293.962265253067017,0.00244,0.00017,0.00900,0.00533,0.00115,0.00147,0.01955
1403715294.012251377105713,0.00252,0.00019,0.00005,0.00574,0.00000,0.00156,0.01007
1403715294.062237262725830,0.00253,0.00019,0.00040,0.00537,0.00000,0.00154,0.01003
1403715294.112235546112061,0.00225,0.00018,0.00057,0.00551,0.00000,0.00145,0.00995
1403715294.162236928939819,0.00256,0.00020,0.00023,0.00471,0.00000,0.00159,0.00930
1403715294.212235212326050,0.00313,0.00019,0.00595,0.00430,0.00111,0.00144,0.01612
1403715294.262228012084961,0.00233,0.00019,0.00015,0.00423,0.00001,0.00139,0.00828
1403715294.312227010726929,0.00293,0.00017,0.00052,0.00354,0.00001,0.00143,0.00860
1403715294.362228631973267,0.00236,0.00018,0.00115,0.00350,0.00000,0.00144,0.00862
1403715294.412248373031616,0.00225,0.00016,0.00406,0.00353,0.00784,0.00149,0.01932
1403715294.462275743484497,0.00239,0.00017,0.00001,0.00490,0.00000,0.00147,0.00894
1403715294.512290000915527,0.00220,0.00018,0.00011,0.00419,0.00109,0.00149,0.00926
1403715294.562367677688599,0.00225,0.00017,0.00644,0.00407,0.00449,0.00151,0.01894
1403715294.612380504608154,0.00216,0.00018,0.00006,0.00498,0.00000,0.00150,0.00888
1403715294.662406921386719,0.00225,0.00018,0.00047,0.00494,0.00001,0.00142,0.00926
1403715294.712400674819946,0.00353,0.00017,0.00173,0.00403,0.00055,0.00155,0.01157
1403715294.762388944625854,0.00273,0.00020,0.00005,0.00458,0.00000,0.00144,0.00901
1403715294.812383174896240,0.00226,0.00019,0.00390,0.00372,0.00426,0.00144,0.01577
1403715294.862381219863892,0.00232,0.00019,0.00351,0.00443,0.00322,0.00148,0.01516
1403715294.912388801574707,0.00222,0.00017,0.00008,0.00509,0.00000,0.00142,0.00898
1403715294.962387561798096,0.00226,0.00017,0.00058,0.00504,0.00000,0.00151,0.00956
1403715295.012382507324219,0.00228,0.00018,0.00137,0.00495,0.00019,0.00151,0.01048
1403715295.062407970428467,0.00227,0.00018,0.00007,0.00494,0.00000,0.00143,0.00889
1403715295.112416982650757,0.00224,0.00019,0.00104,0.00418,0.00000,0.00145,0.00909
1403715295.162415504455566,0.00454,0.00028,0.00381,0.00361,0.00634,0.00157,0.02016
1403715295.212447643280029,0.00265,0.00016,0.00011,0.00439,0.00017,0.00145,0.00892
1403715295.262444496154785,0.00285,0.00019,0.00679,0.00403,0.00175,0.00157,0.01718
1403715295.312424182891846,0.00356,0.00017,0.00011,0.00459,0.00086,0.00183,0.01112
1403715295.362394094467163,0.00289,0.00027,0.00015,0.00520,0.00035,0.00159,0.01044
1403715295.412371397018433,0.00288,0.00020,0.00444,0.00557,0.00000,0.00163,0.01472
1403715295.462373495101929,0.00276,0.00021,0.00375,0.00499,0.00000,0.00144,0.01315
1403715295.512373924255371,0.00252,0.00020,0.00055,0.00502,0.00000,0.00149,0.00978
1403715295.562375307083130,0.00252,0.00017,0.00032,0.00465,0.00001,0.00135,0.00902
1403715295.612322330474854,0.00253,0.00021,0.00227,0.00446,0.00111,0.00151,0.01209
1403715295.662317514419556,0.00242,0.00016,0.00012,0.00425,0.00000,0.00146,0.00842
1403715295.712310314178467,0.00255,0.00020,0.00501,0.00444,0.00041,0.00152,0.01413
1403715295.762299299240112,0.00252,0.00021,0.00002,0.00469,0.00223,0.00144,0.01110
1403715295.812304973602295,0.00273,0.00028,0.00006,0.00532,0.00000,0.00191,0.01029
1403715295.862310886383057,0.00254,0.00023,0.00469,0.00457,0.00005,0.00161,0.01370
1403715295.912319183349609,0.00256,0.00018,0.00011,0.00456,0.00000,0.00150,0.00892
1403715295.962323427200317,0.00262,0.00018,0.00009,0.00421,0.00019,0.00151,0.00880
1403715296.012324810028076,0.00248,0.00018,0.00009,0.00427,0.00509,0.00142,0.01354
1403715296.062338113784790,0.00340,0.00017,0.00201,0.00467,0.00346,0.00156,0.01526
1403715296.112352132797241,0.00355,0.00019,0.00061,0.00582,0.00000,0.00159,0.01175
1403715296.162353754043579,0.00277,0.00018,0.00111,0.00501,0.00000,0.00147,0.01054
1403715296.212363719940186,0.00351,0.00018,0.00032,0.00507,0.00229,0.00157,0.01294
1403715296.262360811233521,0.00343,0.00018,0.00116,0.00475,0.00000,0.00165,0.01117
1403715296.312354564666748,0.00331,0.00018,0.00438,0.00410,0.00168,0.00157,0.01521
1403715296.362355947494507,0.00311,0.00020,0.00014,0.00398,0.00002,0.00154,0.00900
1403715296.412339448928833,0.00252,0.00020,0.00045,0.00363,0.00002,0.00147,0.00828
1403715296.462334871292114,0.00255,0.00017,0.00178,0.00361,0.00657,0.00149,0.01616
1403715296.512327909469604,0.00321,0.00017,0.00012,0.00448,0.00000,0.00160,0.00958
1403715296.562314987182617,0.00246,0.00017,0.00031,0.00431,0.00000,0.00155,0.00881
1403715296.612319707870483,0.00240,0.00018,0.00817,0.00430,0.00643,0.00150,0.02299
1403715296.662323474884033,0.00342,0.00018,0.00113,0.00514,0.00063,0.00153,0.01204
1403715296.712324857711792,0.00283,0.00017,0.00010,0.00541,0.00000,0.00157,0.01009
1403715296.762327671051025,0.00287,0.00018,0.00001,0.00518,0.00000,0.00159,0.00983
1403715296.812328815460205,0.00397,0.00020,0.00013,0.00501,0.00005,0.00173,0.01109
1403715296.862329006195068,0.00287,0.00018,0.00048,0.00465,0.00019,0.00171,0.01008
1403715296.912325382232666,0.00303,0.00018,0.00379,0.00489,0.00094,0.00165,0.01448
1403715296.962338447570801,0.00293,0.00021,0.00036,0.00496,0.00000,0.00167,0.01014
1403715297.012360811233521,0.00279,0.00016,0.00037,0.00481,0.00000,0.00224,0.01037
1403715297.062383651733398,0.00415,0.00019,0.00086,0.00491,0.00270,0.00174,0.01454
1403715297.112393140792847,0.00289,0.00020,0.00002,0.00534,0.00000,0.00178,0.01022
1403715297.162392854690552,0.00392,0.00022,0.00112,0.00480,0.00000,0.00185,0.01192
1403715297.212398767471313,0.00375,0.00020,0.00996,0.00456,0.00357,0.00173,0.02377
1403715297.262401342391968,0.00281,0.00020,0.00101,0.00525,0.00089,0.00173,0.01189
1403715297.312408924102783,0.00294,0.00024,0.00164,0.00494,0.00000,0.00167,0.01143
1403715297.362435817718506,0.00289,0.00019,0.01123,0.00490,0.00474,0.00175,0.02569
1403715297.412451982498169,0.00283,0.00026,0.00015,0.00618,0.00028,0.00184,0.01154
1403715297.462459564208984,0.00369,0.00018,0.00011,0.00567,0.00020,0.00174,0.01160
1403715297.512465953826904,0.00309,0.00019,0.00463,0.00566,0.00040,0.00173,0.01572
1403715297.562465190887451,0.00278,0.00019,0.00007,0.00532,0.00000,0.00180,0.01017
1403715297.612460851669312,0.00284,0.00019,0.00020,0.00454,0.00000,0.00175,0.00952
1403715297.662454128265381,0.00277,0.00020,0.00036,0.00438,0.00017,0.00173,0.00961
1403715297.712452173233032,0.00280,0.00016,0.00045,0.00435,0.00021,0.00191,0.00988
1403715297.762446641921997,0.00276,0.00018,0.00095,0.00432,0.00000,0.00172,0.00994
1403715297.812436580657959,0.00357,0.00019,0.00526,0.00399,0.00740,0.00170,0.02211
1403715297.862429857254028,0.00257,0.00016,0.00077,0.00522,0.00109,0.00227,0.01209
1403715297.912412166595459,0.00407,0.00020,0.00114,0.00430,0.00019,0.00167,0.01156
1403715297.962373971939087,0.00277,0.00018,0.00698,0.00395,0.00505,0.00166,0.02059
1403715298.012377738952637,0.00357,0.00021,0.00039,0.00450,0.00034,0.00181,0.01082
1403715298.062396287918091,0.00289,0.00020,0.00007,0.00531,0.00019,0.00160,0.01026
1403715298.112436056137085,0.00280,0.00017,0.00384,0.00624,0.00149,0.00170,0.01623
1403715298.162507295608521,0.00290,0.00017,0.00055,0.00371,0.00000,0.00163,0.00895
1403715298.212554693222046,0.00355,0.00017,0.00010,0.00325,0.00000,0.00163,0.00869
1403715298.262599945068359,0.00280,0.00016,0.00126,0.00290,0.00077,0.00159,0.00949
1403715298.312652826309204,0.00397,0.00015,0.00047,0.00309,0.00016,0.00171,0.00955
1403715298.362716436386108,0.00305,0.00019,0.00050,0.00318,0.01043,0.00174,0.01908
1403715298.412736415863037,0.00390,0.00017,0.00121,0.00412,0.00326,0.00164,0.01430
1403715298.462743759155273,0.00302,0.00020,0.00007,0.00503,0.00107,0.00178,0.01117
1403715298.512740612030029,0.00281,0.00018,0.00030,0.00497,0.00000,0.00181,0.01009
1403715298.562742948532104,0.00326,0.00021,0.00883,0.00494,0.00404,0.00206,0.02335
1403715298.612740039825439,0.00284,0.00019,0.00007,0.00562,0.00083,0.00156,0.01111
1403715298.662734508514404,0.00258,0.00022,0.00002,0.00629,0.00000,0.00170,0.01082
1403715298.712724685668945,0.00292,0.00019,0.00556,0.00648,0.00000,0.00186,0.01701
1403715298.762725114822388,0.00275,0.00018,0.00001,0.00638,0.00000,0.00172,0.01104
1403715298.812740087509155,0.00342,0.00018,0.00002,0.00637,0.00000,0.00171,0.01170
1403715298.862753868103027,0.00334,0.00030,0.01180,0.00632,0.00000,0.00187,0.02364
1403715298.912762403488159,0.00379,0.00020,0.00001,0.00635,0.00000,0.00180,0.01216
1403715298.962761402130127,0.00287,0.00022,0.00026,0.00573,0.00000,0.00184,0.01092
1403715299.012769699096680,0.00287,0.00018,0.00064,0.00579,0.00024,0.00169,0.01141
1403715299.062780618667603,0.00362,0.00019,0.00075,0.00565,0.00028,0.00171,0.01220
1403715299.112795114517212,0.00356,0.00023,0.00092,0.00556,0.00019,0.00172,0.01217
1403715299.162823200225830,0.00267,0.00020,0.00630,0.00581,0.00158,0.00169,0.01825
1403715299.212834596633911,0.00341,0.00019,0.00005,0.00582,0.00000,0.00170,0.01118
1403715299.262841224670410,0.00293,0.00020,0.00001,0.00582,0.00000,0.00176,0.01072
1403715299.312853574752808,0.00280,0.00024,0.00456,0.00533,0.00097,0.00166,0.01555
1403715299.362851619720459,0.00387,0.00022,0.00307,0.00490,0.00000,0.00170,0.01376
1403715299.412853956222534,0.00279,0.00020,0.00059,0.00286,0.00002,0.00176,0.00823
1403715299.462861061096191,0.00296,0.00024,0.00369,0.00292,0.00584,0.00175,0.01740
1403715299.512865781784058,0.00257,0.00021,0.00040,0.00352,0.00067,0.00161,0.00898
1403715299.562872171401978,0.00360,0.00020,0.00016,0.00392,0.00000,0.00165,0.00954
1403715299.612869977951050,0.00437,0.00017,0.00009,0.00364,0.00038,0.00169,0.01033
1403715299.662860870361328,0.00291,0.00020,0.00057,0.00334,0.00042,0.00170,0.00912
1403715299.712852239608765,0.00284,0.00020,0.00047,0.00324,0.00001,0.00158,0.00834
1403715299.762845039367676,0.00471,0.00017,0.00072,0.00314,0.01036,0.00171,0.02081
1403715299.812842369079590,0.00376,0.00022,0.00019,0.00465,0.00000,0.00170,0.01052
1403715299.862832307815552,0.00282,0.00019,0.00092,0.00438,0.00017,0.00170,0.01019
1403715299.912813425064087,0.00277,0.00020,0.00754,0.00432,0.00258,0.00177,0.01920
1403715299.962804555892944,0.00274,0.00022,0.00011,0.00407,0.00018,0.00164,0.00896
1403715300.012811899185181,0.00344,0.00020,0.00124,0.00414,0.00123,0.00181,0.01206
1403715300.062813043594360,0.00361,0.00019,0.00067,0.00400,0.00137,0.00167,0.01152
1403715300.112814664840698,0.00278,0.00018,0.00091,0.00328,0.00000,0.00160,0.00875
1403715300.162830114364624,0.00281,0.00018,0.00113,0.00318,0.00636,0.00162,0.01528
1403715300.212839365005493,0.00340,0.00019,0.00144,0.00398,0.00036,0.00173,0.01110
1403715300.262842178344727,0.00300,0.00026,0.00021,0.00427,0.00000,0.00160,0.00935
1403715300.312848806381226,0.00275,0.00017,0.00007,0.00394,0.01049,0.00170,0.01914
1403715300.362848281860352,0.00257,0.00019,0.00078,0.00569,0.00004,0.00155,0.01082
1403715300.412847757339478,0.00372,0.00021,0.00006,0.00559,0.00021,0.00165,0.01144
1403715300.462850809097290,0.00285,0.00020,0.00083,0.00558,0.00037,0.00171,0.01154
1403715300.512852907180786,0.00271,0.00019,0.00694,0.00569,0.00132,0.00174,0.01859
1403715300.562862634658813,0.00283,0.00019,0.00066,0.00561,0.00001,0.00182,0.01111
1403715300.612882375717163,0.00342,0.00021,0.00664,0.00512,0.00374,0.00169,0.02082
1403715300.662882089614868,0.00264,0.00020,0.00072,0.00594,0.00154,0.00155,0.01259
1403715300.712883234024048,0.00282,0.00022,0.00001,0.00651,0.00000,0.00167,0.01125
1403715300.762887239456177,0.00239,0.00021,0.00892,0.00666,0.00134,0.00152,0.02103
1403715300.812887191772461,0.00234,0.00021,0.00025,0.00676,0.00000,0.00150,0.01108
1403715300.862886428833008,0.00278,0.00020,0.00003,0.00672,0.00000,0.00168,0.01141
1403715300.912887573242188,0.00269,0.00020,0.00012,0.00677,0.00000,0.00151,0.01130
1403715300.962887763977051,0.00279,0.00018,0.00007,0.00657,0.00004,0.00168,0.01133
1403715301.012883663177490,0.00279,0.00022,0.00002,0.00680,0.00000,0.00159,0.01142
1403715301.062883615493774,0.00263,0.00021,0.00005,0.00775,0.00000,0.00259,0.01323
1403715301.112876653671265,0.00239,0.00021,0.00623,0.00588,0.00133,0.00181,0.01786
1403715301.162873744964600,0.00238,0.00021,0.00090,0.00555,0.00042,0.00156,0.01103
1403715301.212870597839355,0.00232,0.00020,0.00606,0.00582,0.00018,0.00160,0.01618
1403715301.262873888015747,0.00421,0.00035,0.00024,0.00711,0.00037,0.00315,0.01543
1403715301.312870502471924,0.00281,0.00020,0.00005,0.00616,0.00000,0.00163,0.01086
1403715301.362876892089844,0.00261,0.00027,0.00772,0.00602,0.00134,0.00160,0.01957
1403715301.412878274917603,0.00286,0.00021,0.00382,0.00668,0.00024,0.00176,0.01557
1403715301.462889194488525,0.00285,0.00020,0.00001,0.00636,0.00000,0.00166,0.01110
1403715301.512907743453979,0.00255,0.00021,0.00014,0.00571,0.00024,0.00163,0.01048
1403715301.562924623489380,0.00279,0.00023,0.00005,0.00606,0.00022,0.00164,0.01100
1403715301.612943172454834,0.00285,0.00020,0.00162,0.00605,0.00022,0.00168,0.01261
1403715301.662940025329590,0.00266,0.00019,0.00207,0.00639,0.00003,0.00178,0.01311
1403715301.712926626205444,0.00270,0.00022,0.00488,0.00639,0.00007,0.00165,0.01589
1403715301.762903690338135,0.00319,0.00020,0.00001,0.00638,0.00000,0.00158,0.01136
1403715301.812872409820557,0.00275,0.00021,0.00864,0.00641,0.00236,0.00167,0.02204
1403715301.862854242324829,0.00221,0.00019,0.00001,0.00679,0.00000,0.00159,0.01079
1403715301.912836313247681,0.00232,0.00019,0.00002,0.00682,0.00000,0.00157,0.01092
1403715301.962828397750854,0.00260,0.00021,0.00405,0.00633,0.00141,0.00175,0.01634
1403715302.012817621231079,0.00345,0.00019,0.00024,0.00991,0.00000,0.00157,0.01536
1403715302.062817335128784,0.00263,0.00021,0.00040,0.00648,0.00036,0.00270,0.01278
1403715302.112831592559814,0.00323,0.00022,0.00065,0.00704,0.00000,0.00162,0.01276
1403715302.162832260131836,0.00295,0.00026,0.00006,0.00709,0.00000,0.00167,0.01203
1403715302.212844133377075,0.00276,0.00019,0.00036,0.00704,0.00000,0.00180,0.01215
1403715302.262843132019043,0.00262,0.00020,0.00123,0.00642,0.00000,0.00168,0.01215
1403715302.312844276428223,0.00246,0.00021,0.00493,0.00622,0.00000,0.00197,0.01579
1403715302.362840890884399,0.00263,0.00020,0.00012,0.00632,0.00020,0.00177,0.01125
1403715302.412835359573364,0.00319,0.00036,0.00750,0.00620,0.00201,0.00241,0.02166
1403715302.462833404541016,0.00261,0.00022,0.00002,0.00665,0.00000,0.00169,0.01119
1403715302.512832641601562,0.00283,0.00022,0.00002,0.00669,0.00000,0.00176,0.01152
1403715302.562821865081787,0.00317,0.00021,0.01387,0.00652,0.00000,0.00182,0.02560
1403715302.612822055816650,0.00289,0.00018,0.00024,0.00685,0.00000,0.00178,0.01193
1403715302.662826776504517,0.00267,0.00016,0.00001,0.00653,0.00000,0.00166,0.01103
1403715302.712835311889648,0.00242,0.00019,0.00126,0.00644,0.00000,0.00165,0.01196
1403715302.762846946716309,0.00274,0.00021,0.00002,0.00659,0.00000,0.00199,0.01156
1403715302.812855482101440,0.00256,0.00020,0.00002,0.00666,0.00000,0.00165,0.01109
1403715302.862859964370728,0.00250,0.00023,0.00125,0.00672,0.00000,0.00163,0.01233
1403715302.912861108779907,0.00276,0.00021,0.00665,0.00659,0.00000,0.00186,0.01807
1403715302.962859392166138,0.00266,0.00021,0.00137,0.00655,0.00000,0.00167,0.01246
1403715303.012859106063843,0.00282,0.00022,0.00670,0.00663,0.00000,0.00175,0.01811
1403715303.062859535217285,0.00285,0.00025,0.00012,0.00617,0.00000,0.00176,0.01115
1403715303.112862348556519,0.00263,0.00020,0.00011,0.00592,0.00000,0.00156,0.01042
1403715303.162854909896851,0.00271,0.00021,0.01186,0.00574,0.00340,0.00158,0.02550
1403715303.212871074676514,0.00236,0.00017,0.00023,0.00687,0.00000,0.00168,0.01131
1403715303.262915611267090,0.00311,0.00032,0.00008,0.00739,0.00000,0.00175,0.01264
1403715303.312942743301392,0.00235,0.00018,0.00069,0.00589,0.00002,0.00171,0.01083
1403715303.362950086593628,0.00234,0.00020,0.00010,0.00552,0.00021,0.00165,0.01003
1403715303.412942886352539,0.00249,0.00023,0.00081,0.00510,0.00002,0.00156,0.01022
1403715303.462939977645874,0.00431,0.00029,0.00017,0.00452,0.00149,0.00219,0.01298
1403715303.512926340103149,0.00357,0.00021,0.00345,0.00498,0.00372,0.00173,0.01766
1403715303.562913894653320,0.00289,0.00019,0.00059,0.00437,0.00129,0.00163,0.01096
1403715303.612902164459229,0.00301,0.00018,0.00249,0.00390,0.00390,0.00197,0.01545
1403715303.662891864776611,0.00281,0.00019,0.00056,0.00356,0.00040,0.00161,0.00913
1403715303.712880849838257,0.00280,0.00020,0.00049,0.00369,0.00017,0.00163,0.00897
1403715303.762852430343628,0.00267,0.00018,0.00036,0.00338,0.01152,0.00161,0.01971
1403715303.812851667404175,0.00276,0.00018,0.00093,0.00507,0.00023,0.00160,0.01078
1403715303.862850666046143,0.00296,0.00020,0.00017,0.00390,0.00004,0.00180,0.00908
1403715303.912851333618164,0.00433,0.00022,0.00096,0.00320,0.00158,0.00169,0.01199
1403715303.962856769561768,0.00276,0.00019,0.00013,0.00371,0.00003,0.00158,0.00841
1403715304.012884378433228,0.00278,0.00020,0.01189,0.00348,0.01429,0.00172,0.03435
1403715304.062887907028198,0.00349,0.00020,0.00001,0.00588,0.00000,0.00180,0.01138
1403715304.112887859344482,0.00262,0.00017,0.00035,0.00508,0.00132,0.00163,0.01117
1403715304.162887096405029,0.00292,0.00021,0.00015,0.00465,0.00000,0.00162,0.00955
1403715304.212888479232788,0.00241,0.00019,0.00001,0.00455,0.00134,0.00172,0.01023
1403715304.262888908386230,0.00277,0.00020,0.00012,0.00478,0.00080,0.00160,0.01027
1403715304.312896490097046,0.00301,0.00018,0.00005,0.00454,0.00083,0.00173,0.01034
1403715304.362900972366333,0.00258,0.00018,0.00015,0.00479,0.00148,0.00165,0.01081
1403715304.412899017333984,0.00238,0.00017,0.00014,0.00497,0.00031,0.00165,0.00963
1403715304.462898492813110,0.00277,0.00020,0.01035,0.00554,0.00135,0.00203,0.02224
1403715304.512892723083496,0.00267,0.00020,0.00001,0.00530,0.00000,0.00156,0.00974
1403715304.562887430191040,0.00252,0.00021,0.00002,0.00574,0.00005,0.00197,0.01051
1403715304.612879514694214,0.00282,0.00021,0.00905,0.00516,0.00507,0.00166,0.02399
1403715304.662879705429077,0.00278,0.00020,0.00092,0.00596,0.00000,0.00161,0.01147
1403715304.712878942489624,0.00294,0.00018,0.00005,0.00566,0.00020,0.00160,0.01064
1403715304.762877464294434,0.00247,0.00020,0.00007,0.00549,0.00003,0.00163,0.00989
1403715304.812877178192139,0.00238,0.00023,0.00001,0.00544,0.00000,0.00168,0.00975
1403715304.862877845764160,0.00278,0.00020,0.00011,0.00531,0.00020,0.00175,0.01035
1403715304.912877559661865,0.00245,0.00021,0.00007,0.00509,0.00001,0.00157,0.00940
1403715304.962878942489624,0.00280,0.00030,0.00002,0.00680,0.00000,0.00165,0.01157
1403715305.012879371643066,0.00231,0.00018,0.00009,0.00484,0.00064,0.00163,0.00970
1403715305.062885046005249,0.00235,0.00021,0.00907,0.00493,0.00074,0.00152,0.01882
1403715305.112884998321533,0.00267,0.00018,0.00001,0.00522,0.00000,0.00169,0.00977
1403715305.162882566452026,0.00334,0.00022,0.00001,0.00511,0.00009,0.00172,0.01049
1403715305.212880611419678,0.00262,0.00020,0.00769,0.00532,0.00391,0.00169,0.02142
1403715305.262878179550171,0.00253,0.00027,0.00008,0.00569,0.00005,0.00168,0.01029
1403715305.312877893447876,0.00337,0.00021,0.00001,0.00565,0.00000,0.00162,0.01086
1403715305.362877130508423,0.00328,0.00023,0.00005,0.00563,0.00004,0.00164,0.01087
1403715305.412877321243286,0.00269,0.00020,0.00002,0.00580,0.00000,0.00171,0.01041
1403715305.462874889373779,0.00347,0.00021,0.00002,0.00576,0.00006,0.00169,0.01120
1403715305.512874603271484,0.00282,0.00023,0.00002,0.00591,0.00004,0.00164,0.01066
1403715305.562871932983398,0.00274,0.00021,0.00001,0.00569,0.00000,0.00170,0.01036
1403715305.612874269485474,0.00284,0.00018,0.00002,0.00553,0.00006,0.00156,0.01018
1403715305.662871599197388,0.00273,0.00020,0.00928,0.00537,0.00029,0.00186,0.01973
1403715305.712872266769409,0.00270,0.00019,0.00001,0.00560,0.00000,0.00168,0.01018
1403715305.762868881225586,0.00269,0.00019,0.00001,0.00532,0.00141,0.00169,0.01132
1403715305.812865495681763,0.00286,0.00020,0.00791,0.00560,0.00303,0.00176,0.02137
1403715305.862860202789307,0.00267,0.00020,0.00013,0.00610,0.00057,0.00170,0.01136
1403715305.912857532501221,0.00344,0.00021,0.00001,0.00632,0.00000,0.00171,0.01169
1403715305.962855577468872,0.00255,0.00021,0.00001,0.00612,0.00202,0.00159,0.01250
1403715306.012853622436523,0.00336,0.00021,0.00001,0.00616,0.00000,0.00168,0.01143
1403715306.062851190567017,0.00266,0.00020,0.00129,0.00606,0.00021,0.00164,0.01206
1403715306.112847089767456,0.00272,0.00032,0.00013,0.00610,0.00004,0.00166,0.01096
1403715306.162845134735107,0.00348,0.00021,0.00002,0.00609,0.00000,0.00155,0.01134
1403715306.212841987609863,0.00347,0.00021,0.00069,0.00598,0.00145,0.00169,0.01349
1403715306.262833356857300,0.00264,0.00018,0.01175,0.00645,0.00000,0.00163,0.02266
1403715306.312835216522217,0.00267,0.00023,0.00045,0.00652,0.00000,0.00163,0.01149
1403715306.362836837768555,0.00377,0.00019,0.00168,0.00646,0.00000,0.00171,0.01382
1403715306.412834882736206,0.00312,0.00022,0.00692,0.00664,0.00000,0.00159,0.01850
1403715306.462833881378174,0.00260,0.00020,0.00061,0.00605,0.00000,0.00166,0.01111
1403715306.512833595275879,0.00269,0.00021,0.00047,0.00562,0.00003,0.00170,0.01073
1403715306.562831878662109,0.00265,0.00043,0.00008,0.00582,0.00000,0.00204,0.01102
1403715306.612825870513916,0.00296,0.00019,0.00035,0.00502,0.00002,0.00171,0.01025
1403715306.662816524505615,0.00272,0.00018,0.00043,0.00462,0.00133,0.00187,0.01115
1403715306.712805986404419,0.00336,0.00020,0.00030,0.00389,0.00021,0.00168,0.00964
1403715306.762805700302124,0.00303,0.00024,0.00083,0.00347,0.00002,0.00164,0.00922
1403715306.812811613082886,0.00426,0.00020,0.00198,0.00341,0.00107,0.00170,0.01260
1403715306.862796068191528,0.00272,0.00017,0.00385,0.00393,0.01394,0.00162,0.02624
1403715306.912788152694702,0.00248,0.00018,0.00428,0.00649,0.00237,0.00229,0.01808
1403715306.962779045104980,0.00259,0.00017,0.00039,0.00522,0.00129,0.00161,0.01127
1403715307.012768268585205,0.00277,0.00019,0.00275,0.00450,0.00312,0.00176,0.01509
1403715307.062754631042480,0.00260,0.00020,0.00037,0.00447,0.00064,0.00155,0.00981
1403715307.112730264663696,0.00308,0.00032,0.00026,0.00476,0.00121,0.00163,0.01126
1403715307.162709951400757,0.00271,0.00020,0.00042,0.00466,0.00000,0.00167,0.00966
1403715307.212699890136719,0.00338,0.00019,0.00080,0.00450,0.00121,0.00171,0.01179
1403715307.262685060501099,0.00374,0.00019,0.00064,0.00472,0.00462,0.00156,0.01548
1403715307.312683343887329,0.00369,0.00020,0.00062,0.00572,0.00023,0.00179,0.01224
1403715307.362667560577393,0.00275,0.00020,0.01529,0.00583,0.00136,0.00169,0.02713
1403715307.412668466567993,0.00374,0.00033,0.00099,0.00806,0.00002,0.00221,0.01534
1403715307.462673902511597,0.00267,0.00021,0.00034,0.00624,0.00211,0.00166,0.01323
1403715307.512672662734985,0.00341,0.00026,0.00081,0.00508,0.00044,0.00166,0.01167
1403715307.562670230865479,0.00459,0.00019,0.00035,0.00647,0.00024,0.00166,0.01350
1403715307.612666368484497,0.00315,0.00020,0.00028,0.00396,0.00239,0.00161,0.01160
1403715307.662662506103516,0.00387,0.00019,0.00030,0.00620,0.00004,0.00180,0.01240
1403715307.712661981582642,0.00404,0.00018,0.00071,0.00350,0.00016,0.00201,0.01059
1403715307.762660026550293,0.00315,0.00017,0.00298,0.00329,0.01366,0.00178,0.02502
1403715307.812655925750732,0.00290,0.00018,0.00120,0.00448,0.00000,0.00178,0.01054
1403715307.862655401229858,0.00283,0.00020,0.00085,0.00324,0.00172,0.00164,0.01049
1403715307.912654638290405,0.00342,0.00019,0.00013,0.00349,0.00023,0.00161,0.00907
1403715307.962648868560791,0.00258,0.00020,0.00016,0.00328,0.00964,0.00165,0.01751
1403715308.012641191482544,0.00371,0.00020,0.00068,0.00451,0.00084,0.00175,0.01171
1403715308.062637805938721,0.00287,0.00018,0.00097,0.00418,0.00020,0.00174,0.01014
1403715308.112644195556641,0.00299,0.00025,0.01447,0.00415,0.00337,0.00172,0.02695
1403715308.162646055221558,0.00361,0.00019,0.00016,0.00515,0.00023,0.00166,0.01099
1403715308.212646961212158,0.00400,0.00021,0.00013,0.00412,0.00000,0.00176,0.01024
1403715308.262651681900024,0.00307,0.00019,0.00025,0.00389,0.00124,0.00174,0.01038
1403715308.312658309936523,0.00310,0.00023,0.00054,0.00348,0.00002,0.00178,0.00915
1403715308.362659931182861,0.00410,0.00020,0.00014,0.00326,0.00310,0.00171,0.01251
1403715308.412661552429199,0.00308,0.00021,0.00054,0.00345,0.00016,0.00183,0.00928
1403715308.462656736373901,0.00295,0.00021,0.00090,0.00385,0.00000,0.00178,0.00969
1403715308.512658357620239,0.00381,0.00019,0.00060,0.00344,0.00080,0.00183,0.01067
1403715308.562659740447998,0.00273,0.00019,0.00519,0.00351,0.00538,0.00174,0.01875
1403715308.612661123275757,0.00277,0.00021,0.00070,0.00463,0.00002,0.00165,0.00997
1403715308.662662029266357,0.00266,0.00021,0.00065,0.00467,0.00000,0.00166,0.00984
1403715308.712660789489746,0.00267,0.00024,0.01211,0.00489,0.00266,0.00154,0.02411
1403715308.762661695480347,0.00246,0.00018,0.01191,0.00522,0.00000,0.00174,0.02152
1403715308.812666654586792,0.00329,0.00022,0.00010,0.00519,0.00000,0.00180,0.01060
1403715308.862668275833130,0.00357,0.00021,0.00002,0.00511,0.00000,0.00175,0.01065
1403715308.912669658660889,0.00341,0.00021,0.00002,0.00506,0.00090,0.00176,0.01135
1403715308.962670326232910,0.00315,0.00023,0.00002,0.00509,0.00000,0.00166,0.01015
1403715309.012670040130615,0.00352,0.00022,0.00006,0.00551,0.00000,0.00169,0.01101
1403715309.062667846679688,0.00312,0.00022,0.00010,0.00512,0.00000,0.00176,0.01031
1403715309.112664222717285,0.00274,0.00020,0.00070,0.00515,0.00016,0.00177,0.01071
1403715309.162655830383301,0.00276,0.00021,0.00455,0.00525,0.00005,0.00165,0.01446
1403715309.212661504745483,0.00288,0.00020,0.00002,0.00514,0.00005,0.00172,0.01001
1403715309.262671709060669,0.00263,0.00021,0.00003,0.00511,0.00000,0.00178,0.00976
1403715309.312664270401001,0.00442,0.00021,0.01180,0.00521,0.00141,0.00167,0.02473
1403715309.362652778625488,0.00279,0.00020,0.01055,0.00515,0.00000,0.00169,0.02039
1403715309.412641525268555,0.00273,0.00021,0.00004,0.00506,0.00000,0.00180,0.00985
1403715309.462627410888672,0.00299,0.00020,0.00002,0.00507,0.00000,0.00182,0.01010
1403715309.512619972229004,0.00315,0.00020,0.00002,0.00497,0.00000,0.00180,0.01014
1403715309.562615871429443,0.00399,0.00020,0.00003,0.00493,0.00000,0.00182,0.01097
1403715309.612618446350098,0.00290,0.00024,0.00010,0.00485,0.00004,0.00182,0.00995
1403715309.662619113922119,0.00383,0.00022,0.00002,0.00483,0.00000,0.00184,0.01075
1403715309.712620496749878,0.00282,0.00019,0.00038,0.00476,0.00003,0.00174,0.00992
1403715309.762621402740479,0.00285,0.00022,0.00343,0.00471,0.00286,0.00180,0.01586
1403715309.812621593475342,0.00285,0.00027,0.00183,0.00539,0.00000,0.00181,0.01215
1403715309.862621068954468,0.00369,0.00020,0.01098,0.00548,0.00000,0.00199,0.02233
1403715309.912618398666382,0.00293,0.00020,0.01140,0.00557,0.00000,0.00180,0.02190
1403715309.962618827819824,0.00383,0.00020,0.00974,0.00540,0.00000,0.00187,0.02104
1403715310.012617588043213,0.00282,0.00020,0.00001,0.00541,0.00000,0.00178,0.01024
1403715310.062616348266602,0.00372,0.00020,0.00025,0.00530,0.00000,0.00178,0.01125
1403715310.112612724304199,0.00283,0.00019,0.00011,0.00522,0.00000,0.00167,0.01001
1403715310.162607908248901,0.00274,0.00020,0.00013,0.00470,0.00000,0.00177,0.00955
1403715310.212603092193604,0.00295,0.00021,0.00114,0.00469,0.00069,0.00176,0.01143
1403715310.262599468231201,0.00263,0.00022,0.00074,0.00549,0.00000,0.00164,0.01071
1403715310.312597036361694,0.00278,0.00019,0.00069,0.00413,0.00003,0.00167,0.00949
1403715310.362596750259399,0.00324,0.00020,0.00112,0.00404,0.00439,0.00156,0.01455
1403715310.412598609924316,0.00304,0.00020,0.00143,0.00458,0.00130,0.00153,0.01209
1403715310.462591886520386,0.00335,0.00020,0.00604,0.00462,0.00277,0.00188,0.01887
1403715310.512584686279297,0.00271,0.00023,0.01002,0.00474,0.00130,0.00167,0.02066
1403715310.562575101852417,0.00374,0.00018,0.00692,0.00646,0.00134,0.00174,0.02038
1403715310.612575054168701,0.00262,0.00023,0.00041,0.00444,0.00003,0.00207,0.00980
1403715310.662574768066406,0.00302,0.00018,0.00028,0.00411,0.00001,0.00156,0.00915
1403715310.712573051452637,0.00337,0.00033,0.00012,0.00565,0.00000,0.00175,0.01123
1403715310.762570858001709,0.00257,0.00019,0.00082,0.00383,0.00000,0.00165,0.00907
1403715310.812570333480835,0.00249,0.00020,0.00058,0.00361,0.00000,0.00177,0.00866
1403715310.862570524215698,0.00248,0.00019,0.00041,0.00374,0.00001,0.00165,0.00847
1403715310.912569522857666,0.00286,0.00019,0.00009,0.00346,0.00000,0.00184,0.00844
1403715310.962567567825317,0.00274,0.00021,0.00008,0.00336,0.00003,0.00166,0.00808
1403715311.012567281723022,0.00270,0.00017,0.00050,0.00340,0.00247,0.00171,0.01095
1403715311.062565803527832,0.00261,0.00019,0.00392,0.00381,0.00270,0.00171,0.01493
1403715311.112567663192749,0.00331,0.00021,0.01549,0.00430,0.00393,0.00174,0.02898
1403715311.162569761276245,0.00264,0.00018,0.00552,0.00482,0.00092,0.00167,0.01573
1403715311.212572813034058,0.00257,0.00019,0.00001,0.00502,0.00000,0.00171,0.00951
1403715311.262576103210449,0.00273,0.00020,0.00001,0.00523,0.00000,0.00168,0.00985
1403715311.312579154968262,0.00262,0.00021,0.00011,0.00482,0.00000,0.00166,0.00942
1403715311.362591028213501,0.00262,0.00018,0.00011,0.00483,0.00000,0.00163,0.00937
1403715311.412599325180054,0.00248,0.00019,0.00002,0.00460,0.00000,0.00165,0.00894
1403715311.462604761123657,0.00333,0.00019,0.00002,0.00441,0.00000,0.00179,0.00975
1403715311.512610197067261,0.00337,0.00021,0.00012,0.00385,0.00001,0.00160,0.00917
1403715311.562613010406494,0.00256,0.00018,0.00046,0.00348,0.00119,0.00163,0.00952
1403715311.612611293792725,0.00338,0.00020,0.00123,0.00342,0.00069,0.00179,0.01070
1403715311.662609338760376,0.00401,0.00019,0.00074,0.00357,0.00481,0.00180,0.01512
1403715311.712607622146606,0.00311,0.00018,0.01117,0.00413,0.00446,0.00231,0.02536
1403715311.762605190277100,0.00315,0.00019,0.00487,0.00489,0.00149,0.00174,0.01633
1403715311.812603473663330,0.00379,0.00017,0.00038,0.00471,0.00000,0.00180,0.01086
1403715311.862602233886719,0.00397,0.00020,0.00002,0.00480,0.00000,0.00170,0.01068
1403715311.912602186203003,0.00299,0.00020,0.00031,0.00458,0.00000,0.00174,0.00982
1403715311.962606668472290,0.00379,0.00019,0.00008,0.00420,0.00000,0.00185,0.01012
1403715312.012606620788574,0.00282,0.00023,0.00049,0.00395,0.00017,0.00178,0.00944
1403715312.062604427337646,0.00286,0.00019,0.00054,0.00432,0.00000,0.00170,0.00960
1403715312.112598896026611,0.00307,0.00020,0.00024,0.00392,0.00121,0.00168,0.01032
1403715312.162599325180054,0.00268,0.00017,0.00131,0.00220,0.00349,0.00183,0.01168
1403715312.212592124938965,0.00343,0.00020,0.01080,0.00235,0.00432,0.00171,0.02281
1403715312.262599229812622,0.00432,0.00020,0.00151,0.00226,0.00106,0.00171,0.01105
1403715312.312600374221802,0.00287,0.00019,0.00609,0.00220,0.00700,0.00162,0.01996
1403715312.362605094909668,0.00260,0.00016,0.00029,0.00134,0.00709,0.00164,0.01312
1403715312.412606477737427,0.00361,0.00019,0.00016,0.00083,0.00001,0.00163,0.00643
1403715312.462606906890869,0.00388,0.00018,0.00089,0.00037,0.00075,0.00160,0.00768
1403715312.512607097625732,0.00327,0.00016,0.00118,0.00047,0.00055,0.00156,0.00719
1403715312.562603712081909,0.00328,0.00015,0.00029,0.00098,0.00012,0.00165,0.00645
1403715312.612607955932617,0.00369,0.00015,0.00079,0.00053,0.00019,0.00165,0.00701
1403715312.662608623504639,0.00332,0.00013,0.00009,0.00050,0.00000,0.00170,0.00575
1403715312.712609052658081,0.00361,0.00014,0.00036,0.00014,0.00059,0.00179,0.00663
1403715312.762606620788574,0.00431,0.00014,0.00043,0.00038,0.00026,0.00192,0.00744
1403715312.812608480453491,0.00381,0.00014,0.00048,0.00035,0.00353,0.00172,0.01002
1403715312.862609863281250,0.00325,0.00014,0.00016,0.00036,0.00113,0.00164,0.00669
1403715312.912611007690430,0.00283,0.00013,0.00021,0.00039,0.00143,0.00159,0.00657
1403715312.962611436843872,0.00298,0.00017,0.00043,0.00041,0.00065,0.00161,0.00625
1403715313.012610435485840,0.00292,0.00014,0.00021,0.00054,0.00053,0.00162,0.00596
1403715313.062609195709229,0.00262,0.00013,0.00016,0.00046,0.00131,0.00159,0.00627
1403715313.112611532211304,0.00306,0.00014,0.00119,0.00041,0.00230,0.00158,0.00866
1403715313.162611007690430,0.00329,0.00014,0.00002,0.00039,0.00012,0.00163,0.00561
1403715313.212610960006714,0.00291,0.00014,0.00010,0.00040,0.00070,0.00177,0.00602
1403715313.262608766555786,0.00306,0.00014,0.00060,0.00031,0.00044,0.00161,0.00616
1403715313.312605619430542,0.00261,0.00015,0.00015,0.00068,0.00171,0.00191,0.00720
1403715313.362604141235352,0.00280,0.00013,0.00037,0.00085,0.00011,0.00168,0.00596
1403715313.412595748901367,0.00342,0.00015,0.00005,0.00098,0.00747,0.00172,0.01379
1403715313.462593793869019,0.00266,0.00017,0.00014,0.00170,0.00220,0.00168,0.00855
1403715313.512588739395142,0.00290,0.00015,0.00002,0.00207,0.00852,0.00172,0.01538
1403715313.562587499618530,0.00341,0.00018,0.00009,0.00298,0.00105,0.00168,0.00939
1403715313.612584352493286,0.00247,0.00019,0.00044,0.00340,0.00237,0.00168,0.01056
1403715313.662579774856567,0.00237,0.00020,0.00097,0.00376,0.00685,0.00166,0.01580
1403715313.712582826614380,0.00237,0.00018,0.00928,0.00502,0.00139,0.00171,0.01995
1403715313.762577295303345,0.00236,0.00020,0.00008,0.00497,0.00000,0.00167,0.00928
1403715313.812577486038208,0.00288,0.00018,0.00256,0.00486,0.00154,0.00173,0.01374
1403715313.862576007843018,0.00252,0.00017,0.00011,0.00529,0.00023,0.00177,0.01009
1403715313.912569046020508,0.00236,0.00021,0.00129,0.00466,0.00000,0.00181,0.01033
1403715313.962570667266846,0.00350,0.00023,0.00018,0.00322,0.00001,0.00165,0.00879
1403715314.012592315673828,0.00331,0.00021,0.00689,0.00270,0.00220,0.00163,0.01693
1403715314.062604427337646,0.00253,0.00020,0.00086,0.00259,0.00159,0.00161,0.00939
1403715314.112606048583984,0.00238,0.00017,0.00045,0.00150,0.00172,0.00155,0.00777
1403715314.162609338760376,0.00292,0.00021,0.00042,0.00140,0.00049,0.00158,0.00701
1403715314.212611436843872,0.00350,0.00021,0.00064,0.00068,0.00074,0.00164,0.00741
1403715314.262613058090210,0.00298,0.00017,0.00032,0.00123,0.00071,0.00168,0.00711
1403715314.312618732452393,0.00337,0.00017,0.00018,0.00128,0.00523,0.00166,0.01189
1403715314.362619876861572,0.00308,0.00017,0.00038,0.00152,0.00261,0.00166,0.00942
1403715314.412620782852173,0.00298,0.00015,0.00008,0.00196,0.00213,0.00165,0.00895
1403715314.462615966796875,0.00280,0.00016,0.00013,0.00221,0.00024,0.00167,0.00722
1403715314.512612342834473,0.00276,0.00016,0.00005,0.00185,0.00116,0.00157,0.00755
1403715314.562609910964966,0.00325,0.00022,0.00019,0.00197,0.00044,0.00171,0.00777
1403715314.612607002258301,0.00230,0.00017,0.00013,0.00250,0.00643,0.00154,0.01308
1403715314.662605762481689,0.00230,0.00018,0.00069,0.00339,0.00040,0.00166,0.00862
1403715314.712607860565186,0.00307,0.00017,0.00072,0.00358,0.00000,0.00167,0.00920
1403715314.762603044509888,0.00263,0.00016,0.00313,0.00366,0.01121,0.00184,0.02263
1403715314.812602043151855,0.00259,0.00019,0.00124,0.00519,0.00211,0.00167,0.01300
1403715314.862601995468140,0.00269,0.00020,0.00008,0.00592,0.00072,0.00167,0.01127
1403715314.912600755691528,0.00279,0.00020,0.00650,0.00610,0.00000,0.00168,0.01727
1403715314.962598800659180,0.00273,0.00020,0.00671,0.00617,0.00000,0.00175,0.01756
1403715315.012601375579834,0.00270,0.00019,0.00005,0.00588,0.00000,0.00160,0.01043
1403715315.062601327896118,0.00327,0.00020,0.00041,0.00570,0.00000,0.00168,0.01126
1403715315.112590551376343,0.00270,0.00017,0.00011,0.00502,0.00000,0.00174,0.00973
1403715315.162586927413940,0.00270,0.00017,0.00098,0.00492,0.00134,0.00163,0.01175
1403715315.212586402893066,0.00263,0.00019,0.00377,0.00498,0.00021,0.00158,0.01336
1403715315.262584686279297,0.00329,0.00019,0.00425,0.00525,0.00141,0.00164,0.01603
1403715315.312581062316895,0.00372,0.00022,0.00003,0.00590,0.00000,0.00187,0.01173
1403715315.362578868865967,0.00397,0.00024,0.00429,0.00580,0.00000,0.00181,0.01610
1403715315.412575006484985,0.00291,0.00021,0.00116,0.00582,0.00000,0.00172,0.01182
1403715315.462571144104004,0.00276,0.00019,0.00062,0.00584,0.00000,0.00172,0.01114
1403715315.512566089630127,0.00291,0.00031,0.00620,0.00568,0.00000,0.00170,0.01680
1403715315.562564611434937,0.00277,0.00019,0.00615,0.00530,0.00075,0.00199,0.01716
1403715315.612562894821167,0.00261,0.00019,0.00047,0.00669,0.00000,0.00162,0.01158
1403715315.662561893463135,0.00276,0.00020,0.00090,0.00496,0.00000,0.00171,0.01053
1403715315.712566614151001,0.00299,0.00020,0.00012,0.00480,0.00000,0.00220,0.01030
1403715315.762570858001709,0.00296,0.00019,0.00119,0.00420,0.00031,0.00163,0.01048
1403715315.812576293945312,0.00355,0.00020,0.00364,0.00322,0.00233,0.00192,0.01487
1403715315.862587690353394,0.00365,0.00019,0.00527,0.00358,0.00521,0.00171,0.01960
1403715315.912588834762573,0.00293,0.00019,0.00074,0.00405,0.00016,0.00204,0.01012
1403715315.962591171264648,0.00303,0.00019,0.00152,0.00418,0.00372,0.00158,0.01422
1403715316.012587308883667,0.00376,0.00021,0.00015,0.00459,0.00128,0.00219,0.01220
1403715316.062585830688477,0.00454,0.00020,0.00056,0.00455,0.00065,0.00175,0.01225
1403715316.112593412399292,0.00265,0.00020,0.00291,0.00459,0.00366,0.00168,0.01568
1403715316.162591695785522,0.00288,0.00018,0.00424,0.00494,0.00256,0.00169,0.01649
1403715316.212589740753174,0.00285,0.00024,0.00027,0.00515,0.00000,0.00207,0.01057
1403715316.262586355209351,0.00315,0.00017,0.00078,0.00486,0.00000,0.00172,0.01069
1403715316.312583684921265,0.00438,0.00018,0.00051,0.00407,0.00029,0.00169,0.01113
1403715316.362575769424438,0.00300,0.00017,0.00157,0.00402,0.00268,0.00172,0.01315
1403715316.412561893463135,0.00286,0.00021,0.00712,0.00466,0.00132,0.00175,0.01792
1403715316.462562084197998,0.00347,0.00021,0.00358,0.00461,0.00092,0.00176,0.01455
1403715316.512565612792969,0.00258,0.00021,0.00020,0.00430,0.00067,0.00168,0.00965
1403715316.562570333480835,0.00245,0.00020,0.00103,0.00421,0.00090,0.00182,0.01061
1403715316.612572908401489,0.00347,0.00019,0.00379,0.00436,0.00501,0.00168,0.01851
1403715316.662589073181152,0.00351,0.00021,0.00004,0.00550,0.00000,0.00177,0.01104
1403715316.712589263916016,0.00269,0.00018,0.00084,0.00533,0.00000,0.00171,0.01075
1403715316.762590169906616,0.00281,0.00020,0.00365,0.00529,0.00000,0.00177,0.01373
1403715316.812587976455688,0.00275,0.00021,0.00016,0.00523,0.00002,0.00167,0.01004
1403715316.862588167190552,0.00278,0.00020,0.00892,0.00500,0.00160,0.00175,0.02025
1403715316.912586688995361,0.00247,0.00020,0.00001,0.00526,0.00000,0.00186,0.00981
1403715316.962586402893066,0.00279,0.00018,0.00163,0.00518,0.00067,0.00174,0.01220
1403715317.012585401535034,0.00279,0.00018,0.00875,0.00505,0.00023,0.00168,0.01868
1403715317.062581539154053,0.00257,0.00020,0.00412,0.00399,0.00030,0.00238,0.01357
1403715317.112574100494385,0.00490,0.00031,0.00015,0.00416,0.00021,0.00185,0.01158
1403715317.162566184997559,0.00266,0.00017,0.00006,0.00402,0.00000,0.00170,0.00861
1403715317.212563753128052,0.00273,0.00026,0.00047,0.00505,0.00546,0.00167,0.01564
1403715317.262556791305542,0.00268,0.00020,0.00012,0.00328,0.00000,0.00168,0.00796
1403715317.312559843063354,0.00276,0.00019,0.00021,0.00246,0.00041,0.00167,0.00770
1403715317.362567901611328,0.00275,0.00019,0.00054,0.00282,0.00324,0.00165,0.01118
1403715317.412570238113403,0.00295,0.00019,0.00050,0.00375,0.00030,0.00186,0.00955
1403715317.462585210800171,0.00379,0.00026,0.00430,0.00351,0.01151,0.00174,0.02510
1403715317.512589931488037,0.00260,0.00017,0.00023,0.00559,0.00021,0.00180,0.01061
1403715317.562592744827271,0.00364,0.00022,0.00127,0.00541,0.00003,0.00177,0.01234
1403715317.612600564956665,0.00268,0.00021,0.00757,0.00497,0.00196,0.00165,0.01905
1403715317.662604808807373,0.00384,0.00022,0.01262,0.00484,0.00369,0.00169,0.02691
1403715317.712604522705078,0.00377,0.00018,0.00008,0.00548,0.00022,0.00185,0.01158
1403715317.762606859207153,0.00289,0.00017,0.00054,0.00567,0.00000,0.00187,0.01113
1403715317.812610149383545,0.00301,0.00023,0.00010,0.00550,0.00000,0.00171,0.01055
1403715317.862611532211304,0.00363,0.00027,0.00020,0.00500,0.00001,0.00174,0.01085
1403715317.912613868713379,0.00290,0.00018,0.00066,0.00435,0.00064,0.00172,0.01045
1403715317.962613105773926,0.00267,0.00027,0.00072,0.00356,0.00000,0.00165,0.00887
1403715318.012614488601685,0.00261,0.00018,0.00060,0.00340,0.00115,0.00175,0.00968
1403715318.062616348266602,0.00237,0.00020,0.00009,0.00473,0.00602,0.00171,0.01512
1403715318.112619400024414,0.00441,0.00030,0.00061,0.00379,0.00000,0.00163,0.01073
1403715318.162615776062012,0.00257,0.00020,0.00045,0.00343,0.00064,0.00168,0.00897
1403715318.212604045867920,0.00267,0.00025,0.01430,0.00366,0.00705,0.00162,0.02956
1403715318.262597322463989,0.00248,0.00020,0.01048,0.00531,0.00265,0.00157,0.02269
1403715318.312596321105957,0.00350,0.00025,0.00004,0.00682,0.00000,0.00166,0.01226
1403715318.362599134445190,0.00253,0.00020,0.00002,0.00468,0.00000,0.00161,0.00903
1403715318.412598371505737,0.00250,0.00028,0.00020,0.00130,0.00019,0.00158,0.00606
1403715318.462598323822021,0.00262,0.00018,0.00041,0.00086,0.00071,0.00154,0.00632
1403715318.512598037719727,0.00275,0.00021,0.00095,0.00032,0.00199,0.00150,0.00772
1403715318.562588930130005,0.00262,0.00018,0.00024,0.00292,0.00001,0.00158,0.00755
1403715318.612592697143555,0.00259,0.00020,0.00037,0.00202,0.00023,0.00149,0.00690
1403715318.662597417831421,0.00362,0.00019,0.00013,0.00241,0.00470,0.00165,0.01271
1403715318.712597131729126,0.00260,0.00019,0.00030,0.00205,0.00036,0.00155,0.00704
1403715318.762609004974365,0.00362,0.00017,0.00035,0.00247,0.00000,0.00173,0.00834
1403715318.812619209289551,0.00300,0.00020,0.00205,0.00231,0.00660,0.00170,0.01585
1403715318.862622737884521,0.00288,0.00018,0.00012,0.00329,0.00611,0.00158,0.01417
1403715318.912628650665283,0.00276,0.00018,0.00001,0.00402,0.00000,0.00164,0.00862
1403715318.962631702423096,0.00260,0.00018,0.00009,0.00385,0.00016,0.00167,0.00856
1403715319.012629985809326,0.00255,0.00019,0.00027,0.00406,0.00018,0.00165,0.00890
1403715319.062628030776978,0.00256,0.00020,0.00031,0.00414,0.00002,0.00173,0.00896
1403715319.112624645233154,0.00272,0.00017,0.00098,0.00387,0.00470,0.00157,0.01401
1403715319.162623882293701,0.00265,0.00020,0.00131,0.00439,0.00065,0.00161,0.01081
1403715319.212617874145508,0.00269,0.00042,0.00423,0.00417,0.00065,0.00169,0.01385
1403715319.262617588043213,0.00291,0.00020,0.00088,0.00443,0.00371,0.00160,0.01373
1403715319.312618970870972,0.00235,0.00020,0.00886,0.00493,0.00379,0.00159,0.02171
1403715319.362620115280151,0.00323,0.00021,0.00015,0.00488,0.00000,0.00160,0.01008
1403715319.412619829177856,0.00255,0.00021,0.00712,0.00474,0.00137,0.00178,0.01777
1403715319.462614774703979,0.00342,0.00021,0.00437,0.00440,0.00130,0.00163,0.01533
1403715319.512611865997314,0.00263,0.00019,0.00033,0.00442,0.00000,0.00163,0.00920
1403715319.562607288360596,0.00279,0.00019,0.00057,0.00432,0.00001,0.00162,0.00950
1403715319.612603902816772,0.00246,0.00020,0.00013,0.00419,0.00000,0.00170,0.00868
1403715319.662596225738525,0.00268,0.00020,0.00010,0.00387,0.00000,0.00169,0.00853
1403715319.712588310241699,0.00273,0.00021,0.00001,0.00387,0.00000,0.00176,0.00858
1403715319.762582302093506,0.00258,0.00020,0.00016,0.00373,0.00075,0.00167,0.00909
1403715319.812578201293945,0.00322,0.00030,0.00120,0.00394,0.00477,0.00171,0.01514
1403715319.862578392028809,0.00264,0.00018,0.00041,0.00477,0.00000,0.00162,0.00961
1403715319.912566661834717,0.00269,0.00023,0.01644,0.00762,0.00395,0.00158,0.03252
1403715319.962567806243896,0.00329,0.00019,0.00001,0.00531,0.00000,0.00170,0.01049
1403715320.012558221817017,0.00232,0.00020,0.00645,0.00321,0.00000,0.00155,0.01372
1403715320.062548398971558,0.00290,0.00021,0.00320,0.00206,0.00154,0.00161,0.01152
1403715320.112549304962158,0.00256,0.00024,0.00072,0.00138,0.00096,0.00151,0.00737
1403715320.162547349929810,0.00271,0.00021,0.00070,0.00139,0.00094,0.00154,0.00749
1403715320.212541341781616,0.00364,0.00017,0.00082,0.00220,0.00061,0.00159,0.00903
1403715320.262536764144897,0.00261,0.00016,0.00075,0.00164,0.00055,0.00156,0.00726
1403715320.312534809112549,0.00266,0.00018,0.00077,0.00139,0.00014,0.00170,0.00683
1403715320.362536191940308,0.00263,0.00018,0.00025,0.00090,0.00059,0.00168,0.00624
1403715320.412538528442383,0.00250,0.00018,0.00045,0.00106,0.00047,0.00156,0.00621
1403715320.462542772293091,0.00245,0.00014,0.00046,0.00060,0.00046,0.00158,0.00568
1403715320.512542724609375,0.00262,0.00017,0.00062,0.00058,0.00418,0.00162,0.00978
1403715320.562544345855713,0.00270,0.00014,0.00018,0.00054,0.00075,0.00157,0.00587
1403715320.612543106079102,0.00265,0.00014,0.00039,0.00077,0.00321,0.00155,0.00870
1403715320.662545442581177,0.00256,0.00015,0.00004,0.00086,0.00059,0.00152,0.00572
1403715320.712545633316040,0.00259,0.00017,0.00011,0.00077,0.00037,0.00155,0.00555
1403715320.762546300888062,0.00254,0.00016,0.00061,0.00105,0.00393,0.00150,0.00980
1403715320.812549114227295,0.00352,0.00016,0.00027,0.00117,0.00025,0.00171,0.00709
1403715320.862553358078003,0.00283,0.00016,0.00029,0.00112,0.00029,0.00155,0.00624
1403715320.912554979324341,0.00307,0.00016,0.00018,0.00139,0.00021,0.00177,0.00678
1403715320.962553739547729,0.00269,0.00015,0.00001,0.00125,0.00047,0.00163,0.00620
1403715321.012553215026855,0.00243,0.00014,0.00007,0.00132,0.00000,0.00166,0.00562
1403715321.062552452087402,0.00269,0.00016,0.00011,0.00096,0.00026,0.00162,0.00578
1403715321.112551689147949,0.00263,0.00015,0.00001,0.00135,0.01979,0.00169,0.02563
1403715321.162551879882812,0.00269,0.00017,0.00013,0.00371,0.00042,0.00165,0.00877
1403715321.212552785873413,0.00253,0.00019,0.00479,0.00407,0.01067,0.00155,0.02381
1403715321.262556552886963,0.00257,0.00018,0.00242,0.00605,0.00020,0.00157,0.01299
1403715321.312571048736572,0.00255,0.00018,0.00060,0.00558,0.00000,0.00201,0.01093
1403715321.362589359283447,0.00273,0.00019,0.01918,0.00644,0.00000,0.00161,0.03015
1403715321.412598848342896,0.00251,0.00021,0.00166,0.00672,0.00083,0.00216,0.01408
1403715321.462604761123657,0.00349,0.00076,0.00026,0.00249,0.00038,0.00265,0.01004
1403715321.512605905532837,0.00308,0.00021,0.00025,0.00113,0.00083,0.00152,0.00704
1403715321.562607049942017,0.00268,0.00021,0.00078,0.00089,0.00395,0.00156,0.01007
1403715321.612606287002563,0.00266,0.00018,0.00017,0.00455,0.00045,0.00160,0.00961
1403715321.662618875503540,0.00246,0.00019,0.00020,0.00490,0.00017,0.00158,0.00948
1403715321.712620258331299,0.00256,0.00018,0.00014,0.00524,0.00104,0.00159,0.01074
1403715321.762620687484741,0.00281,0.00023,0.00006,0.00544,0.00000,0.00171,0.01026
1403715321.812620639801025,0.00368,0.00019,0.00383,0.00557,0.00607,0.00156,0.02092
1403715321.862620353698730,0.00283,0.00029,0.00201,0.00617,0.00020,0.00190,0.01340
1403715321.912625074386597,0.00290,0.00018,0.00093,0.00607,0.00000,0.00159,0.01168
1403715321.962635517120361,0.00254,0.00021,0.01644,0.00585,0.00131,0.00162,0.02797
1403715322.012656211853027,0.00258,0.00018,0.00101,0.00599,0.00135,0.00154,0.01265
1403715322.062674045562744,0.00254,0.00017,0.00058,0.00646,0.00000,0.00161,0.01137
1403715322.112687110900879,0.00260,0.00019,0.00100,0.00609,0.00000,0.00188,0.01176
1403715322.162691831588745,0.00253,0.00023,0.00034,0.00540,0.00000,0.00160,0.01011
1403715322.212687492370605,0.00376,0.00019,0.00013,0.00499,0.00032,0.00156,0.01096
1403715322.262682676315308,0.00288,0.00021,0.00054,0.00486,0.00106,0.00163,0.01119
1403715322.312679290771484,0.00351,0.00019,0.00043,0.00514,0.00037,0.00150,0.01114
1403715322.362676382064819,0.00335,0.00018,0.00098,0.00482,0.00000,0.00174,0.01107
1403715322.412672996520996,0.00286,0.00021,0.00200,0.00472,0.00382,0.00162,0.01523
1403715322.462674617767334,0.00281,0.00025,0.00051,0.00465,0.00165,0.00165,0.01152
1403715322.512676715850830,0.00276,0.00022,0.00049,0.00517,0.00024,0.00157,0.01046
1403715322.562671184539795,0.00322,0.00020,0.01021,0.00457,0.00151,0.00150,0.02120
1403715322.612674713134766,0.00388,0.00019,0.00071,0.00478,0.00168,0.00167,0.01291
1403715322.662682771682739,0.00313,0.00027,0.00083,0.00536,0.00098,0.00205,0.01261
1403715322.712686061859131,0.00297,0.00021,0.00090,0.00531,0.00020,0.00165,0.01124
1403715322.762684822082520,0.00260,0.00022,0.00697,0.00565,0.00276,0.00163,0.01982
1403715322.812685251235962,0.00298,0.00021,0.00006,0.00556,0.00000,0.00165,0.01045
1403715322.862684249877930,0.00245,0.00020,0.00001,0.00534,0.00000,0.00157,0.00957
1403715322.912682294845581,0.00231,0.00016,0.00021,0.00516,0.00023,0.00158,0.00965
1403715322.962682247161865,0.00360,0.00022,0.00002,0.00517,0.00000,0.00165,0.01066
1403715323.012680053710938,0.00280,0.00019,0.00048,0.00497,0.00000,0.00170,0.01014
1403715323.062680006027222,0.00253,0.00018,0.00068,0.00494,0.00000,0.00166,0.00999
1403715323.112681150436401,0.00245,0.00023,0.00021,0.00480,0.00000,0.00167,0.00936
1403715323.162679672241211,0.00276,0.00017,0.01335,0.00441,0.01006,0.00152,0.03227
1403715323.212677717208862,0.00240,0.00020,0.00010,0.00599,0.00000,0.00194,0.01062
1403715323.262676954269409,0.00359,0.00018,0.00088,0.00580,0.00000,0.00165,0.01209
1403715323.312676429748535,0.00264,0.00020,0.00007,0.00562,0.00068,0.00164,0.01087
1403715323.362677335739136,0.00276,0.00021,0.00120,0.00604,0.00344,0.00169,0.01534
1403715323.412679672241211,0.00272,0.00021,0.00073,0.00559,0.00000,0.00163,0.01089
1403715323.462682008743286,0.00291,0.00030,0.00036,0.00552,0.00000,0.00202,0.01111
1403715323.512686491012573,0.00296,0.00020,0.00835,0.00536,0.00449,0.00163,0.02299
1403715323.562675237655640,0.00272,0.00022,0.00005,0.00597,0.00000,0.00171,0.01067
1403715323.612659692764282,0.00291,0.00023,0.00077,0.00440,0.00000,0.00152,0.00983
1403715323.662651538848877,0.00266,0.00018,0.00045,0.00365,0.00016,0.00158,0.00867
1403715323.712641239166260,0.00363,0.00020,0.00114,0.00367,0.00016,0.00161,0.01042
1403715323.762631416320801,0.00268,0.00019,0.00640,0.00364,0.01219,0.00169,0.02678
1403715323.812633037567139,0.00251,0.00017,0.00050,0.00447,0.00000,0.00155,0.00920
1403715323.862629890441895,0.00336,0.00017,0.00069,0.00427,0.00016,0.00158,0.01024
1403715323.912628412246704,0.00284,0.00020,0.00098,0.00376,0.00016,0.00153,0.00948
1403715323.962627887725830,0.00351,0.00034,0.00041,0.00414,0.00017,0.00158,0.01016
1403715324.012625455856323,0.00231,0.00016,0.00036,0.00393,0.00000,0.00163,0.00840
1403715324.062626600265503,0.00232,0.00016,0.00018,0.00349,0.00618,0.00160,0.01394
1403715324.112612247467041,0.00434,0.00017,0.00002,0.00465,0.00743,0.00162,0.01823
1403715324.162601709365845,0.00312,0.00020,0.00069,0.00593,0.00000,0.00191,0.01186
1403715324.212602376937866,0.00403,0.00019,0.00004,0.00595,0.00000,0.00172,0.01194
1403715324.262603759765625,0.00297,0.00032,0.00736,0.00588,0.00222,0.00214,0.02089
1403715324.312607288360596,0.00414,0.00028,0.00002,0.00648,0.00000,0.00192,0.01283
1403715324.362612009048462,0.00304,0.00021,0.00470,0.00609,0.00000,0.00170,0.01573
1403715324.412614822387695,0.00283,0.00023,0.00789,0.00625,0.00000,0.00170,0.01890
1403715324.462615013122559,0.00271,0.00023,0.00013,0.00576,0.00001,0.00162,0.01046
1403715324.512620449066162,0.00294,0.00026,0.00007,0.00555,0.00000,0.00171,0.01053
1403715324.562634229660034,0.00363,0.00018,0.00024,0.00509,0.00018,0.00170,0.01102
1403715324.612651824951172,0.00365,0.00019,0.00001,0.00439,0.00000,0.00173,0.00997
1403715324.662669897079468,0.00273,0.00019,0.00688,0.00322,0.00287,0.00176,0.01765
1403715324.712682485580444,0.00280,0.00023,0.00078,0.00246,0.00071,0.00164,0.00862
1403715324.762687206268311,0.00342,0.00020,0.00026,0.00165,0.00078,0.00162,0.00793
1403715324.812692165374756,0.00347,0.00019,0.00033,0.00164,0.00097,0.00162,0.00822
1403715324.862732887268066,0.00279,0.00021,0.00508,0.00231,0.00537,0.00167,0.01743
1403715324.912739992141724,0.00264,0.00020,0.00025,0.00400,0.00077,0.00162,0.00948
1403715324.962759494781494,0.00288,0.00018,0.00336,0.00533,0.00265,0.00155,0.01596
1403715325.012767553329468,0.00270,0.00021,0.00473,0.00595,0.00068,0.00166,0.01591
1403715325.062767744064331,0.00267,0.00023,0.00002,0.00667,0.00073,0.00166,0.01197
1403715325.112761259078979,0.00274,0.00019,0.00001,0.00696,0.00000,0.00162,0.01152
1403715325.162753820419312,0.00280,0.00022,0.00002,0.00700,0.00000,0.00223,0.01227
1403715325.212745904922485,0.00357,0.00021,0.00001,0.00703,0.00000,0.00165,0.01247
1403715325.262742757797241,0.00304,0.00020,0.00638,0.00697,0.00000,0.00172,0.01832
1403715325.312739372253418,0.00277,0.00018,0.00008,0.00696,0.00000,0.00167,0.01166
1403715325.362741231918335,0.00289,0.00022,0.00006,0.00707,0.00000,0.00211,0.01235
1403715325.412745952606201,0.00368,0.00020,0.00005,0.00697,0.00000,0.00184,0.01276
1403715325.462747573852539,0.00335,0.00022,0.00574,0.00702,0.00000,0.00176,0.01809
1403715325.512743711471558,0.00243,0.00020,0.00006,0.00629,0.00000,0.00187,0.01084
1403715325.562724113464355,0.00286,0.00020,0.00362,0.00551,0.00000,0.00162,0.01382
1403715325.612699747085571,0.00282,0.00023,0.00725,0.00527,0.00061,0.00167,0.01786
1403715325.662690401077271,0.00277,0.00023,0.00010,0.00589,0.00037,0.00167,0.01104
1403715325.712688207626343,0.00276,0.00021,0.00009,0.00642,0.00019,0.00163,0.01130
1403715325.762685775756836,0.00300,0.00022,0.00023,0.00673,0.00037,0.00197,0.01252
1403715325.812687397003174,0.00301,0.00021,0.00002,0.00699,0.00000,0.00177,0.01200
1403715325.862683057785034,0.00293,0.00020,0.00608,0.00730,0.00000,0.00214,0.01865
1403715325.912682533264160,0.00270,0.00018,0.00079,0.00703,0.00000,0.00164,0.01234
1403715325.962685346603394,0.00246,0.00026,0.00013,0.00695,0.00020,0.00177,0.01176
1403715326.012686729431152,0.00250,0.00022,0.00061,0.00711,0.00000,0.00161,0.01205
1403715326.062685966491699,0.00281,0.00020,0.00592,0.00707,0.00000,0.00211,0.01811
1403715326.112687349319458,0.00294,0.00020,0.00061,0.00707,0.00000,0.00167,0.01248
1403715326.162687063217163,0.00279,0.00022,0.00406,0.00646,0.00000,0.00173,0.01527
1403715326.212686061859131,0.00271,0.00019,0.00704,0.00640,0.00145,0.00159,0.01939
1403715326.262686967849731,0.00274,0.00022,0.00001,0.00693,0.00000,0.00159,0.01150
1403715326.312695026397705,0.00343,0.00019,0.00007,0.00647,0.00001,0.00160,0.01177
1403715326.362702131271362,0.00236,0.00021,0.00002,0.00664,0.00000,0.00155,0.01079
1403715326.412701368331909,0.00268,0.00021,0.00002,0.00728,0.00000,0.00177,0.01196
1403715326.462697029113770,0.00260,0.00021,0.00704,0.00635,0.00082,0.00158,0.01861
1403715326.512695312500000,0.00353,0.00021,0.00106,0.00667,0.00000,0.00182,0.01330
1403715326.562694549560547,0.00329,0.00020,0.00066,0.00650,0.00001,0.00159,0.01225
1403715326.612694740295410,0.00379,0.00021,0.00002,0.00642,0.00070,0.00166,0.01280
1403715326.662703752517700,0.00295,0.00019,0.00578,0.00609,0.00000,0.00199,0.01701
1403715326.712715625762939,0.00420,0.00022,0.00020,0.00644,0.00097,0.00166,0.01370
1403715326.762731790542603,0.00308,0.00020,0.00198,0.00624,0.00311,0.00219,0.01680
1403715326.812750101089478,0.00334,0.00019,0.00620,0.00700,0.00000,0.00181,0.01855
1403715326.862755775451660,0.00292,0.00024,0.00008,0.00683,0.00002,0.00174,0.01184
1403715326.912756681442261,0.00284,0.00018,0.00049,0.00668,0.00073,0.00178,0.01270
1403715326.962755918502808,0.00274,0.00021,0.00002,0.00686,0.00000,0.00181,0.01164
1403715327.012753725051880,0.00303,0.00019,0.00132,0.00682,0.00031,0.00194,0.01361
1403715327.062756538391113,0.00322,0.00023,0.00680,0.00709,0.00000,0.00200,0.01934
1403715327.112757682800293,0.00288,0.00018,0.00143,0.00690,0.00000,0.00179,0.01318
1403715327.162763833999634,0.00303,0.00020,0.01541,0.00675,0.00000,0.00184,0.02724
1403715327.212765216827393,0.00293,0.00017,0.00018,0.00671,0.00000,0.00176,0.01175
1403715327.262768507003784,0.00287,0.00019,0.00574,0.00645,0.00023,0.00186,0.01733
1403715327.312770605087280,0.00279,0.00021,0.00065,0.00658,0.00000,0.00190,0.01214
1403715327.362773895263672,0.00305,0.00021,0.00208,0.00664,0.00071,0.00169,0.01438
1403715327.412774085998535,0.00279,0.00020,0.00562,0.00655,0.00000,0.00179,0.01695
1403715327.462771654129028,0.00291,0.00025,0.00088,0.00664,0.00023,0.00177,0.01268
1403715327.512770652770996,0.00278,0.00021,0.00008,0.00656,0.00001,0.00214,0.01177
1403715327.562769412994385,0.00274,0.00019,0.00005,0.00652,0.00000,0.00181,0.01131
1403715327.612769842147827,0.00287,0.00018,0.00002,0.00653,0.00000,0.00179,0.01138
1403715327.662771224975586,0.00354,0.00020,0.00463,0.00645,0.00177,0.00171,0.01831
1403715327.712768793106079,0.00241,0.00019,0.00089,0.00664,0.00000,0.00167,0.01180
1403715327.762775182723999,0.00280,0.00018,0.01313,0.00712,0.00000,0.00162,0.02485
1403715327.812776088714600,0.00260,0.00021,0.00007,0.00656,0.00000,0.00186,0.01130
1403715327.862779140472412,0.00260,0.00028,0.00536,0.00643,0.00151,0.00212,0.01829
1403715327.912778377532959,0.00276,0.00017,0.00002,0.00666,0.00074,0.00170,0.01205
1403715327.962777614593506,0.00278,0.00021,0.00120,0.00671,0.00000,0.00159,0.01249
1403715328.012774944305420,0.00271,0.00019,0.00512,0.00632,0.00022,0.00155,0.01612
1403715328.062772274017334,0.00258,0.00021,0.00021,0.00643,0.00000,0.00159,0.01102
1403715328.112766981124878,0.00259,0.00020,0.00048,0.00618,0.00089,0.00167,0.01200
1403715328.162763595581055,0.00235,0.00022,0.00008,0.00726,0.00000,0.00175,0.01165
1403715328.212758779525757,0.00237,0.00021,0.00016,0.00602,0.00001,0.00161,0.01038
1403715328.262755393981934,0.00243,0.00025,0.00341,0.00581,0.00262,0.00154,0.01606
1403715328.312752723693848,0.00284,0.00023,0.00002,0.00648,0.00072,0.00158,0.01186
1403715328.362750768661499,0.00221,0.00025,0.01084,0.00668,0.00001,0.00151,0.02151
1403715328.412750482559204,0.00221,0.00023,0.00001,0.00639,0.00000,0.00162,0.01047
1403715328.462750434875488,0.00230,0.00021,0.00402,0.00644,0.00022,0.00164,0.01482
1403715328.512750864028931,0.00276,0.00021,0.00005,0.00649,0.00025,0.00157,0.01134
1403715328.562745571136475,0.00250,0.00019,0.00014,0.00667,0.00070,0.00154,0.01173
1403715328.612744092941284,0.00260,0.00022,0.00443,0.00685,0.00000,0.00161,0.01570
1403715328.662744522094727,0.00254,0.00020,0.00061,0.00669,0.00000,0.00162,0.01167
1403715328.712740421295166,0.00250,0.00020,0.00001,0.00671,0.00000,0.00165,0.01109
1403715328.762738466262817,0.00252,0.00021,0.00011,0.00675,0.00001,0.00164,0.01125
1403715328.812731266021729,0.00250,0.00020,0.00002,0.00658,0.00072,0.00157,0.01159
1403715328.862722635269165,0.00248,0.00019,0.00296,0.00650,0.00000,0.00188,0.01401
1403715328.912711620330811,0.00255,0.00020,0.00002,0.00678,0.00000,0.00157,0.01112
1403715328.962700128555298,0.00215,0.00022,0.01049,0.00660,0.00001,0.00164,0.02110
1403715329.012698650360107,0.00241,0.00021,0.00001,0.00709,0.00000,0.00153,0.01126
1403715329.062695980072021,0.00427,0.00021,0.00396,0.00632,0.00130,0.00176,0.01781
1403715329.112698554992676,0.00306,0.00020,0.00024,0.00617,0.00000,0.00175,0.01142
1403715329.162704229354858,0.00319,0.00019,0.00097,0.00641,0.00000,0.00175,0.01252
1403715329.212710618972778,0.00323,0.00022,0.00457,0.00612,0.00039,0.00177,0.01631
1403715329.262712955474854,0.00303,0.00021,0.00018,0.00623,0.00000,0.00183,0.01149
1403715329.312711715698242,0.00278,0.00023,0.00042,0.00628,0.00000,0.00173,0.01143
1403715329.362709522247314,0.00295,0.00022,0.00002,0.00644,0.00004,0.00174,0.01140
1403715329.412702798843384,0.00273,0.00021,0.00002,0.00637,0.00000,0.00175,0.01109
1403715329.462695598602295,0.00306,0.00022,0.00402,0.00640,0.00260,0.00178,0.01808
1403715329.512689113616943,0.00264,0.00023,0.00083,0.00693,0.00000,0.00191,0.01254
1403715329.562688112258911,0.00275,0.00025,0.00737,0.00657,0.00000,0.00172,0.01865
1403715329.612695217132568,0.00281,0.00024,0.01719,0.00657,0.00000,0.00182,0.02865
1403715329.662696599960327,0.00265,0.00021,0.00401,0.00618,0.00022,0.00177,0.01503
1403715329.712699174880981,0.00279,0.00020,0.00006,0.00639,0.00000,0.00170,0.01113
1403715329.762702226638794,0.00245,0.00019,0.00008,0.00635,0.00022,0.00173,0.01103
1403715329.812702655792236,0.00273,0.00023,0.00405,0.00636,0.00132,0.00176,0.01645
1403715329.862710952758789,0.00274,0.00022,0.00002,0.00667,0.00004,0.00174,0.01143
1403715329.912713050842285,0.00275,0.00021,0.00002,0.00673,0.00000,0.00167,0.01138
1403715329.962717294692993,0.00255,0.00020,0.00002,0.00674,0.00004,0.00174,0.01129
1403715330.012720346450806,0.00276,0.00022,0.00005,0.00687,0.00000,0.00178,0.01169
1403715330.062722682952881,0.00253,0.00022,0.00106,0.00669,0.00023,0.00172,0.01245
1403715330.112722635269165,0.00247,0.00021,0.00002,0.00672,0.00000,0.00165,0.01107
1403715330.162720918655396,0.00257,0.00018,0.00664,0.00656,0.00003,0.00165,0.01763
1403715330.212721586227417,0.00246,0.00020,0.01544,0.00637,0.00004,0.00168,0.02619
1403715330.262721776962280,0.00237,0.00021,0.00343,0.00612,0.00152,0.00168,0.01534
1403715330.312722444534302,0.00254,0.00019,0.00008,0.00600,0.00000,0.00168,0.01049
1403715330.362722158432007,0.00243,0.00023,0.00082,0.00606,0.00085,0.00171,0.01210
1403715330.412721157073975,0.00253,0.00022,0.00265,0.00668,0.00147,0.00161,0.01516
1403715330.462716579437256,0.00235,0.00021,0.00005,0.00689,0.00000,0.00170,0.01121
1403715330.512713432312012,0.00259,0.00018,0.00002,0.00695,0.00000,0.00166,0.01139
1403715330.562713146209717,0.00263,0.00018,0.00062,0.00670,0.00000,0.00167,0.01180
1403715330.612714052200317,0.00245,0.00021,0.00002,0.00673,0.00000,0.00167,0.01107
1403715330.662716388702393,0.00244,0.00018,0.00124,0.00680,0.00000,0.00157,0.01224
1403715330.712714195251465,0.00267,0.00021,0.00002,0.00679,0.00000,0.00161,0.01130
1403715330.762711048126221,0.00242,0.00018,0.00514,0.00660,0.00000,0.00162,0.01597
1403715330.812701463699341,0.00246,0.00020,0.01048,0.00663,0.00000,0.00167,0.02144
1403715330.862697601318359,0.00348,0.00019,0.00250,0.00606,0.00000,0.00171,0.01394
1403715330.912694931030273,0.00288,0.00031,0.00009,0.00610,0.00024,0.00206,0.01167
1403715330.962691068649292,0.00290,0.00021,0.00015,0.00628,0.00034,0.00171,0.01159
1403715331.012690305709839,0.00279,0.00025,0.00172,0.00701,0.00000,0.00172,0.01350
1403715331.062687873840332,0.00286,0.00020,0.00042,0.00692,0.00000,0.00165,0.01205
1403715331.112685918807983,0.00274,0.00028,0.00052,0.00710,0.00000,0.00169,0.01235
1403715331.162684440612793,0.00252,0.00021,0.00064,0.00667,0.00000,0.00169,0.01173
1403715331.212681055068970,0.00221,0.00022,0.00069,0.00649,0.00000,0.00163,0.01123
1403715331.262675285339355,0.00253,0.00021,0.00130,0.00639,0.00001,0.00160,0.01204
1403715331.312667608261108,0.00233,0.00021,0.00083,0.00644,0.00000,0.00165,0.01146
1403715331.362656116485596,0.00333,0.00022,0.00510,0.00614,0.00069,0.00172,0.01719
1403715331.412641048431396,0.00273,0.00019,0.01098,0.00676,0.00138,0.00174,0.02377
1403715331.462635040283203,0.00330,0.00021,0.00379,0.00643,0.00023,0.00170,0.01566
1403715331.512634515762329,0.00327,0.00021,0.00002,0.00657,0.00000,0.00173,0.01180
1403715331.562638521194458,0.00311,0.00021,0.00012,0.00582,0.00022,0.00159,0.01106
1403715331.612639188766479,0.00312,0.00021,0.00130,0.00576,0.00019,0.00163,0.01220
1403715331.662636280059814,0.00347,0.00020,0.00056,0.00580,0.00046,0.00169,0.01217
1403715331.712634563446045,0.00271,0.00020,0.00048,0.00554,0.00000,0.00173,0.01066
1403715331.762635469436646,0.00279,0.00021,0.00067,0.00441,0.00001,0.00165,0.00974
1403715331.812639951705933,0.00268,0.00022,0.00074,0.00415,0.00073,0.00167,0.01021
1403715331.862641811370850,0.00276,0.00020,0.00198,0.00537,0.00104,0.00177,0.01313
1403715331.912649631500244,0.00268,0.00018,0.00002,0.00566,0.00000,0.00175,0.01030
1403715331.962657690048218,0.00256,0.00019,0.00371,0.00567,0.00268,0.00179,0.01660
1403715332.012664794921875,0.00280,0.00020,0.00868,0.00617,0.00001,0.00170,0.01956
1403715332.062670230865479,0.00294,0.00018,0.00374,0.00604,0.00038,0.00180,0.01508
1403715332.112670898437500,0.00312,0.00019,0.00141,0.00637,0.00000,0.00165,0.01274
1403715332.162669897079468,0.00291,0.00020,0.00079,0.00686,0.00000,0.00179,0.01255
1403715332.212663173675537,0.00394,0.00031,0.01643,0.00645,0.00136,0.00174,0.03023
1403715332.262662172317505,0.00389,0.00022,0.00002,0.00662,0.00000,0.00177,0.01252
1403715332.312659740447998,0.00292,0.00020,0.00002,0.00666,0.00000,0.00177,0.01156
1403715332.362658500671387,0.00271,0.00019,0.00114,0.00649,0.00000,0.00180,0.01232
1403715332.412658929824829,0.00271,0.00023,0.00002,0.00643,0.00000,0.00183,0.01121
1403715332.462660074234009,0.00275,0.00021,0.00248,0.00623,0.00001,0.00169,0.01335
1403715332.512660741806030,0.00276,0.00021,0.00007,0.00622,0.00020,0.00184,0.01131
1403715332.562663793563843,0.00276,0.00019,0.00106,0.00619,0.00132,0.00175,0.01328
1403715332.612669706344604,0.00357,0.00024,0.00774,0.00630,0.00000,0.00194,0.01979
1403715332.662672758102417,0.00281,0.00022,0.00368,0.00629,0.00022,0.00168,0.01491
1403715332.712676286697388,0.00282,0.00020,0.00008,0.00651,0.00022,0.00175,0.01158
1403715332.762677431106567,0.00279,0.00019,0.00002,0.00686,0.00000,0.00179,0.01165
1403715332.812680006027222,0.00275,0.00020,0.01561,0.00685,0.00000,0.00168,0.02708
1403715332.862675905227661,0.00258,0.00019,0.00004,0.00686,0.00000,0.00160,0.01126
1403715332.912665367126465,0.00252,0.00016,0.00038,0.00643,0.00000,0.00173,0.01124
1403715332.962658882141113,0.00322,0.00021,0.00212,0.00623,0.00000,0.00170,0.01349
1403715333.012641668319702,0.00276,0.00022,0.00012,0.00553,0.00034,0.00161,0.01058
1403715333.062648296356201,0.00262,0.00022,0.00249,0.00604,0.00020,0.00170,0.01327
1403715333.112652778625488,0.00239,0.00022,0.00233,0.00619,0.00033,0.00168,0.01314
1403715333.162662506103516,0.00245,0.00020,0.00106,0.00650,0.00000,0.00165,0.01186
1403715333.212671995162964,0.00256,0.00031,0.00637,0.00623,0.00000,0.00209,0.01756
1403715333.262674331665039,0.00254,0.00021,0.00338,0.00632,0.00019,0.00154,0.01418
1403715333.312676429748535,0.00247,0.00019,0.00002,0.00673,0.00000,0.00162,0.01103
1403715333.362677335739136,0.00257,0.00019,0.00096,0.00849,0.00000,0.00167,0.01388
1403715333.412685871124268,0.00259,0.00019,0.01453,0.00585,0.00000,0.00183,0.02499
1403715333.462684631347656,0.00515,0.00038,0.00003,0.00656,0.00000,0.00188,0.01401
1403715333.512684345245361,0.00323,0.00021,0.00018,0.00577,0.00048,0.00184,0.01172
1403715333.562683820724487,0.00409,0.00021,0.00037,0.00644,0.00142,0.00190,0.01443
1403715333.612684011459351,0.00412,0.00022,0.00002,0.00632,0.00000,0.00188,0.01256
1403715333.662682771682739,0.00309,0.00018,0.00289,0.00555,0.00004,0.00193,0.01369
1403715333.712682962417603,0.00303,0.00021,0.00095,0.00536,0.00001,0.00186,0.01142
1403715333.762683153152466,0.00397,0.00025,0.00275,0.00484,0.00067,0.00175,0.01424
1403715333.812683343887329,0.00304,0.00017,0.00244,0.00499,0.00404,0.00175,0.01644
1403715333.862682104110718,0.00274,0.00019,0.00294,0.00659,0.00000,0.00174,0.01421
1403715333.912683010101318,0.00308,0.00021,0.00070,0.00628,0.00000,0.00162,0.01190
1403715333.962687730789185,0.00252,0.00022,0.00082,0.00615,0.00000,0.00165,0.01135
1403715334.012706756591797,0.00268,0.00021,0.02082,0.00609,0.00019,0.00168,0.03168
1403715334.062711954116821,0.00252,0.00019,0.00389,0.00623,0.00000,0.00177,0.01460
1403715334.112715244293213,0.00278,0.00024,0.00021,0.00629,0.00000,0.00162,0.01115
1403715334.162712097167969,0.00574,0.00034,0.00010,0.00605,0.00000,0.00220,0.01442
1403715334.212712526321411,0.00454,0.00022,0.00036,0.00558,0.00000,0.00189,0.01260
1403715334.262710332870483,0.00311,0.00022,0.00062,0.00531,0.00000,0.00181,0.01107
1403715334.312710046768188,0.00381,0.00023,0.00071,0.00517,0.00011,0.00191,0.01193
1403715334.362705707550049,0.00299,0.00018,0.00052,0.00477,0.00080,0.00183,0.01110
1403715334.412703275680542,0.00403,0.00021,0.00063,0.00491,0.00084,0.00182,0.01245
1403715334.462701082229614,0.00289,0.00018,0.00047,0.00440,0.00127,0.00179,0.01100
1403715334.512702465057373,0.00359,0.00032,0.00076,0.00469,0.00031,0.00246,0.01214
1403715334.562701225280762,0.00412,0.00028,0.00032,0.00440,0.00019,0.00175,0.01106
1403715334.612701654434204,0.00274,0.00021,0.01795,0.00394,0.00614,0.00174,0.03272
1403715334.662698984146118,0.00264,0.00017,0.00021,0.00446,0.00191,0.00157,0.01096
1403715334.712699174880981,0.00349,0.00017,0.01296,0.00448,0.00223,0.00179,0.02513
1403715334.762698650360107,0.00253,0.00018,0.00006,0.00512,0.00000,0.00170,0.00960
1403715334.812700271606445,0.00285,0.00022,0.00019,0.00484,0.00000,0.00175,0.00985
1403715334.862699508666992,0.00269,0.00021,0.00011,0.00437,0.00000,0.00162,0.00900
1403715334.912700653076172,0.00324,0.00020,0.00012,0.00392,0.00063,0.00166,0.00977
1403715334.962701797485352,0.00342,0.00019,0.00009,0.00390,0.00000,0.00162,0.00922
1403715335.012703895568848,0.00416,0.00019,0.00057,0.00372,0.00004,0.00168,0.01037
1403715335.062704563140869,0.00365,0.00019,0.00150,0.00428,0.00000,0.00168,0.01130
1403715335.112705707550049,0.00272,0.00018,0.00056,0.00317,0.00000,0.00170,0.00833
1403715335.162706136703491,0.00352,0.00019,0.00180,0.00298,0.00017,0.00173,0.01039
1403715335.212707042694092,0.00286,0.00019,0.00466,0.00308,0.01667,0.00202,0.02946
1403715335.262706756591797,0.00348,0.00020,0.00009,0.00551,0.00005,0.00164,0.01097
1403715335.312705039978027,0.00244,0.00018,0.01010,0.00523,0.00210,0.00165,0.02170
1403715335.362704038619995,0.00332,0.00019,0.00021,0.00609,0.00000,0.00164,0.01146
1403715335.412702798843384,0.00260,0.00021,0.00028,0.00500,0.00001,0.00162,0.00972
1403715335.462701797485352,0.00334,0.00022,0.00011,0.00494,0.00000,0.00173,0.01035
1403715335.512700080871582,0.00276,0.00023,0.00010,0.00442,0.00018,0.00164,0.00933
1403715335.562701225280762,0.00269,0.00019,0.00860,0.00442,0.00649,0.00157,0.02396
1403715335.612702131271362,0.00260,0.00041,0.00025,0.00513,0.00020,0.00205,0.01064
1403715335.662701368331909,0.00270,0.00022,0.00013,0.00526,0.00020,0.00160,0.01010
1403715335.712703704833984,0.00258,0.00020,0.00008,0.00497,0.00000,0.00169,0.00952
1403715335.762704372406006,0.00256,0.00019,0.00013,0.00469,0.00000,0.00168,0.00927
1403715335.812705278396606,0.00268,0.00019,0.00014,0.00429,0.00498,0.00155,0.01382
1403715335.862709045410156,0.00420,0.00020,0.00069,0.00502,0.00022,0.00164,0.01197
1403715335.912713527679443,0.00361,0.00022,0.00676,0.00469,0.00498,0.00158,0.02185
1403715335.962713956832886,0.00267,0.00022,0.00101,0.00560,0.00001,0.00160,0.01111
1403715336.012715816497803,0.00351,0.00019,0.00566,0.00558,0.00383,0.00173,0.02050
1403715336.062715530395508,0.00334,0.00019,0.00051,0.00571,0.00000,0.00167,0.01141
1403715336.112715721130371,0.00252,0.00021,0.00011,0.00577,0.00000,0.00177,0.01038
1403715336.162717580795288,0.00328,0.00022,0.00566,0.00494,0.00050,0.00158,0.01617
1403715336.212717533111572,0.00334,0.00023,0.00006,0.00532,0.00000,0.00163,0.01058
1403715336.262714624404907,0.00250,0.00020,0.00001,0.00498,0.00000,0.00159,0.00928
1403715336.312708139419556,0.00360,0.00020,0.00077,0.00472,0.00016,0.00176,0.01121
1403715336.362704277038574,0.00270,0.00023,0.00014,0.00446,0.00017,0.00160,0.00929
1403715336.412699937820435,0.00340,0.00021,0.00368,0.00412,0.00621,0.00165,0.01927
1403715336.462700605392456,0.00252,0.00019,0.00007,0.00504,0.00048,0.00170,0.01000
1403715336.512703418731689,0.00275,0.00020,0.00545,0.00548,0.00280,0.00173,0.01841
1403715336.562708616256714,0.00238,0.00025,0.00009,0.00601,0.00000,0.00163,0.01036
1403715336.612715005874634,0.00240,0.00019,0.00426,0.00574,0.00130,0.00165,0.01554
1403715336.662717342376709,0.00252,0.00019,0.00104,0.00547,0.00000,0.00151,0.01072
1403715336.712718963623047,0.00252,0.00021,0.00001,0.00551,0.00000,0.00157,0.00984
1403715336.762721061706543,0.00245,0.00021,0.00428,0.00526,0.00265,0.00163,0.01647
1403715336.812722206115723,0.00253,0.00029,0.00005,0.00633,0.00000,0.00205,0.01125
1403715336.862724304199219,0.00275,0.00021,0.00536,0.00586,0.00023,0.00173,0.01615
1403715336.912724733352661,0.00248,0.00020,0.00001,0.00568,0.00000,0.00159,0.00995
1403715336.962724924087524,0.00265,0.00024,0.00008,0.00526,0.00004,0.00156,0.00984
1403715337.012725353240967,0.00320,0.00022,0.00318,0.00468,0.00323,0.00155,0.01606
1403715337.062725543975830,0.00274,0.00020,0.00041,0.00485,0.00085,0.00156,0.01062
1403715337.112724304199219,0.00267,0.00038,0.00405,0.00497,0.00181,0.00199,0.01587
1403715337.162724494934082,0.00275,0.00022,0.00046,0.00480,0.00032,0.00159,0.01013
1403715337.212721824645996,0.00239,0.00020,0.00258,0.00477,0.00288,0.00158,0.01440
1403715337.262722492218018,0.00266,0.00021,0.00019,0.00473,0.00019,0.00155,0.00954
1403715337.312722921371460,0.00257,0.00020,0.00023,0.00457,0.00001,0.00152,0.00910
1403715337.362724781036377,0.00257,0.00022,0.00030,0.00425,0.00529,0.00153,0.01415
1403715337.412726163864136,0.00460,0.00020,0.00036,0.00497,0.00000,0.00167,0.01180
1403715337.462727308273315,0.00319,0.00021,0.00474,0.00504,0.00199,0.00151,0.01669
1403715337.512727022171021,0.00313,0.00020,0.00039,0.00423,0.00000,0.00155,0.00951
1403715337.562725067138672,0.00270,0.00022,0.00384,0.00428,0.00939,0.00156,0.02198
1403715337.612724542617798,0.00304,0.00021,0.00338,0.00471,0.00005,0.00155,0.01294
1403715337.662724733352661,0.00270,0.00021,0.00080,0.00395,0.00000,0.00162,0.00927
1403715337.712723493576050,0.00363,0.00020,0.00059,0.00331,0.00416,0.00157,0.01347
1403715337.762723445892334,0.00260,0.00019,0.00050,0.00367,0.00000,0.00166,0.00863
1403715337.812723159790039,0.00377,0.00019,0.00032,0.00358,0.00243,0.00163,0.01193
1403715337.862723112106323,0.00391,0.00019,0.00040,0.00342,0.00058,0.00168,0.01019
1403715337.912722349166870,0.00313,0.00017,0.00075,0.00331,0.00015,0.00168,0.00920
1403715337.962719440460205,0.00266,0.00017,0.00126,0.00305,0.00607,0.00167,0.01488
1403715338.012719392776489,0.00373,0.00018,0.00119,0.00337,0.00000,0.00156,0.01004
1403715338.062717676162720,0.00410,0.00020,0.00195,0.00287,0.00723,0.00155,0.01790
1403715338.112716674804688,0.00280,0.00020,0.00039,0.00393,0.00016,0.00162,0.00910
1403715338.162714481353760,0.00279,0.00018,0.00213,0.00376,0.00523,0.00151,0.01561
1403715338.212712526321411,0.00372,0.00019,0.00120,0.00425,0.00122,0.00153,0.01211
1403715338.262710332870483,0.00268,0.00023,0.00033,0.00508,0.00359,0.00152,0.01343
1403715338.312707901000977,0.00289,0.00020,0.00009,0.00428,0.00000,0.00151,0.00898
1403715338.362704515457153,0.00286,0.00023,0.00140,0.00419,0.00020,0.00161,0.01049
1403715338.412703514099121,0.00296,0.00021,0.00031,0.00402,0.00302,0.00152,0.01202
1403715338.462702989578247,0.00293,0.00019,0.00051,0.00406,0.00251,0.00159,0.01180
1403715338.512705564498901,0.00256,0.00018,0.00021,0.00396,0.00000,0.00160,0.00853
1403715338.562705755233765,0.00271,0.00018,0.00038,0.00349,0.00218,0.00150,0.01045
1403715338.612707138061523,0.00313,0.00022,0.00185,0.00348,0.00134,0.00156,0.01158
1403715338.662707567214966,0.00274,0.00017,0.00081,0.00380,0.00099,0.00159,0.01010
1403715338.712707757949829,0.00297,0.00019,0.00026,0.00375,0.00018,0.00153,0.00889
1403715338.762705564498901,0.00317,0.00018,0.00082,0.00319,0.00619,0.00156,0.01511
1403715338.812705755233765,0.00283,0.00017,0.00103,0.00350,0.00020,0.00161,0.00933
1403715338.862703800201416,0.00290,0.00019,0.00094,0.00366,0.00001,0.00161,0.00930
1403715338.912692070007324,0.00261,0.00017,0.00107,0.00337,0.00377,0.00186,0.01286
1403715338.962687730789185,0.00269,0.00018,0.00023,0.00402,0.00000,0.00156,0.00868
1403715339.012683629989624,0.00258,0.00018,0.00123,0.00349,0.00482,0.00199,0.01430
1403715339.062680721282959,0.00308,0.00030,0.00046,0.00479,0.00147,0.00153,0.01163
1403715339.112678289413452,0.00253,0.00020,0.00024,0.00481,0.00223,0.00151,0.01152
1403715339.162681341171265,0.00284,0.00020,0.00169,0.00577,0.00133,0.00156,0.01338
1403715339.212685108184814,0.00270,0.00020,0.00199,0.00588,0.00000,0.00157,0.01234
1403715339.262686252593994,0.00284,0.00021,0.00051,0.00538,0.00000,0.00152,0.01046
1403715339.312689304351807,0.00260,0.00021,0.00530,0.00530,0.00129,0.00160,0.01630
1403715339.362689971923828,0.00309,0.00020,0.00343,0.00544,0.00020,0.00150,0.01387
1403715339.412691831588745,0.00305,0.00021,0.00101,0.00519,0.00148,0.00157,0.01251
1403715339.462692499160767,0.00282,0.00021,0.00035,0.00533,0.00074,0.00181,0.01126
1403715339.512690067291260,0.00333,0.00033,0.00051,0.00611,0.00000,0.00157,0.01185
1403715339.562689065933228,0.00310,0.00019,0.00080,0.00535,0.00295,0.00193,0.01432
1403715339.612683773040771,0.00269,0.00020,0.00121,0.00524,0.00120,0.00155,0.01209
1403715339.662682771682739,0.00267,0.00021,0.00011,0.00535,0.00023,0.00154,0.01011
1403715339.712684154510498,0.00352,0.00021,0.00011,0.00529,0.00226,0.00161,0.01300
1403715339.762684583663940,0.00354,0.00020,0.00092,0.00464,0.00146,0.00162,0.01237
1403715339.812680006027222,0.00354,0.00025,0.00270,0.00371,0.00353,0.00157,0.01531
1403715339.862673521041870,0.00299,0.00022,0.00126,0.00347,0.00067,0.00170,0.01031
1403715339.912666320800781,0.00282,0.00020,0.00129,0.00270,0.00413,0.00161,0.01274
1403715339.962661743164062,0.00267,0.00019,0.00103,0.00288,0.00519,0.00155,0.01351
1403715340.012657880783081,0.00275,0.00021,0.00047,0.00293,0.00197,0.00159,0.00991
1403715340.062654495239258,0.00275,0.00021,0.00034,0.00308,0.00040,0.00155,0.00832
1403715340.112651348114014,0.00267,0.00020,0.00154,0.00264,0.00524,0.00170,0.01398
1403715340.162650108337402,0.00265,0.00022,0.00046,0.00373,0.00051,0.00154,0.00910
1403715340.212651014328003,0.00408,0.00019,0.00186,0.00360,0.00148,0.00145,0.01266
1403715340.262651205062866,0.00326,0.00017,0.00035,0.00384,0.00085,0.00160,0.01007
1403715340.312649250030518,0.00326,0.00018,0.00002,0.00382,0.00470,0.00149,0.01347
1403715340.362647533416748,0.00263,0.00018,0.00010,0.00438,0.00061,0.00149,0.00939
1403715340.412648916244507,0.00299,0.00022,0.00013,0.00446,0.00176,0.00160,0.01115
1403715340.462645292282104,0.00258,0.00021,0.00090,0.00435,0.00065,0.00148,0.01018
1403715340.512644767761230,0.00289,0.00022,0.00061,0.00478,0.00272,0.00156,0.01278
1403715340.562643527984619,0.00360,0.00020,0.00012,0.00509,0.00084,0.00162,0.01146
1403715340.612641811370850,0.00357,0.00018,0.00002,0.00514,0.00144,0.00161,0.01196
1403715340.662639141082764,0.00314,0.00022,0.00011,0.00502,0.00018,0.00164,0.01032
1403715340.712636232376099,0.00284,0.00019,0.00074,0.00515,0.00022,0.00168,0.01082
1403715340.762634038925171,0.00373,0.00021,0.00011,0.00548,0.00206,0.00166,0.01325
1403715340.812632083892822,0.00351,0.00025,0.00074,0.00666,0.00011,0.00202,0.01330
1403715340.862630844116211,0.00270,0.00020,0.00123,0.00537,0.00270,0.00149,0.01368
1403715340.912631273269653,0.00266,0.00022,0.00012,0.00537,0.00039,0.00155,0.01032
1403715340.962633371353149,0.00274,0.00020,0.00491,0.00508,0.00371,0.00160,0.01824
1403715341.012632846832275,0.00270,0.00018,0.00030,0.00539,0.00001,0.00161,0.01019
1403715341.062645196914673,0.00341,0.00030,0.00338,0.00490,0.00071,0.00166,0.01435
1403715341.112653970718384,0.00303,0.00021,0.00228,0.00504,0.00118,0.00171,0.01344
1403715341.162657737731934,0.00276,0.00021,0.00357,0.00465,0.00257,0.00165,0.01542
1403715341.212660312652588,0.00281,0.00021,0.00026,0.00491,0.00143,0.00162,0.01124
1403715341.262660026550293,0.00332,0.00020,0.00032,0.00492,0.00001,0.00153,0.01030
1403715341.312662839889526,0.00348,0.00018,0.00009,0.00495,0.00126,0.00166,0.01162
1403715341.362663507461548,0.00293,0.00025,0.00071,0.00480,0.00065,0.00157,0.01090
1403715341.412658691406250,0.00295,0.00019,0.00012,0.00427,0.00195,0.00166,0.01113
1403715341.462654113769531,0.00424,0.00021,0.00015,0.00329,0.00235,0.00152,0.01177
1403715341.512652397155762,0.00375,0.00028,0.00022,0.00243,0.00053,0.00162,0.00882
1403715341.562643766403198,0.00358,0.00019,0.00140,0.00229,0.00736,0.00156,0.01638
1403715341.612642049789429,0.00272,0.00019,0.00100,0.00414,0.00112,0.00158,0.01076
1403715341.662637948989868,0.00293,0.00022,0.00454,0.00579,0.00154,0.00162,0.01665
1403715341.712637424468994,0.00384,0.00020,0.00073,0.00540,0.00022,0.00157,0.01195
1403715341.762634277343750,0.00402,0.00021,0.00003,0.00529,0.00197,0.00162,0.01315
1403715341.812632322311401,0.00271,0.00020,0.00121,0.00564,0.00005,0.00157,0.01137
1403715341.862630605697632,0.00257,0.00024,0.00188,0.00544,0.00404,0.00160,0.01576
1403715341.912630081176758,0.00276,0.00021,0.00105,0.00628,0.00004,0.00162,0.01196
1403715341.962631702423096,0.00276,0.00018,0.00145,0.00599,0.00200,0.00167,0.01406
1403715342.012631893157959,0.00267,0.00017,0.00151,0.00666,0.00000,0.00160,0.01261
1403715342.062631845474243,0.00272,0.00019,0.00066,0.00676,0.00000,0.00170,0.01203
1403715342.112633943557739,0.00379,0.00020,0.00265,0.00628,0.00000,0.00170,0.01463
1403715342.162631750106812,0.00264,0.00021,0.00190,0.00609,0.00000,0.00163,0.01247
1403715342.212628602981567,0.00265,0.00022,0.00016,0.00530,0.00001,0.00152,0.00986
1403715342.262618064880371,0.00269,0.00023,0.00763,0.00499,0.00023,0.00158,0.01734
1403715342.312606573104858,0.00263,0.00017,0.00374,0.00461,0.00304,0.00163,0.01582
1403715342.362604141235352,0.00240,0.00017,0.00023,0.00420,0.00057,0.00149,0.00907
1403715342.412600755691528,0.00237,0.00018,0.00077,0.00426,0.00003,0.00155,0.00917
1403715342.462601661682129,0.00229,0.00021,0.00147,0.00304,0.00208,0.00146,0.01057
1403715342.512604236602783,0.00232,0.00021,0.00033,0.00393,0.00124,0.00155,0.00958
1403715342.562603235244751,0.00281,0.00021,0.00026,0.00431,0.00055,0.00148,0.00963
1403715342.612591505050659,0.00249,0.00021,0.00040,0.00425,0.00224,0.00162,0.01122
1403715342.662587881088257,0.00250,0.00019,0.00161,0.00397,0.00087,0.00156,0.01070
1403715342.712590217590332,0.00351,0.00031,0.00086,0.00414,0.00074,0.00146,0.01102
1403715342.762591361999512,0.00245,0.00020,0.00041,0.00443,0.00190,0.00145,0.01083
1403715342.812593460083008,0.00355,0.00035,0.00007,0.00644,0.00000,0.00155,0.01196
1403715342.862587451934814,0.00275,0.00019,0.00475,0.00525,0.00396,0.00155,0.01845
1403715342.912581920623779,0.00302,0.00019,0.00252,0.00574,0.00237,0.00152,0.01536
1403715342.962580919265747,0.00256,0.00022,0.00071,0.00634,0.00000,0.00170,0.01153
1403715343.012577056884766,0.00330,0.00026,0.00149,0.00615,0.00005,0.00158,0.01282
1403715343.062577009201050,0.00247,0.00018,0.00089,0.00452,0.00066,0.00157,0.01028
1403715343.112572431564331,0.00235,0.00021,0.00113,0.00339,0.00243,0.00158,0.01109
1403715343.162570714950562,0.00319,0.00019,0.00053,0.00264,0.00089,0.00156,0.00901
1403715343.212572574615479,0.00436,0.00019,0.00051,0.00262,0.00101,0.00176,0.01045
1403715343.262566328048706,0.00281,0.00020,0.00058,0.00269,0.00083,0.00161,0.00871
1403715343.312564373016357,0.00306,0.00021,0.00036,0.00267,0.00126,0.00162,0.00918
1403715343.362562417984009,0.00282,0.00020,0.00071,0.00266,0.00395,0.00155,0.01189
1403715343.412557840347290,0.00273,0.00022,0.00045,0.00263,0.00519,0.00158,0.01280
1403715343.462558984756470,0.00440,0.00020,0.00054,0.00387,0.00254,0.00158,0.01314
1403715343.512562513351440,0.00294,0.00021,0.00077,0.00524,0.00067,0.00165,0.01147
1403715343.562566280364990,0.00358,0.00021,0.00017,0.00514,0.00176,0.00167,0.01253
1403715343.612569808959961,0.00281,0.00021,0.00052,0.00536,0.00135,0.00168,0.01193
1403715343.662569761276245,0.00278,0.00019,0.00117,0.00560,0.00000,0.00166,0.01140
1403715343.712572336196899,0.00355,0.00019,0.00041,0.00534,0.00003,0.00169,0.01120
1403715343.762574195861816,0.00289,0.00017,0.00386,0.00479,0.00839,0.00167,0.02176
1403715343.812574863433838,0.00281,0.00020,0.00149,0.00595,0.00004,0.00155,0.01203
1403715343.862577199935913,0.00267,0.00020,0.00031,0.00537,0.00086,0.00168,0.01108
1403715343.912578105926514,0.00313,0.00020,0.00071,0.00515,0.00022,0.00170,0.01111
1403715343.962577819824219,0.00303,0.00019,0.00033,0.00437,0.00063,0.00165,0.01021
1403715344.012584686279297,0.00282,0.00017,0.00300,0.00390,0.00596,0.00163,0.01748
1403715344.062584400177002,0.00371,0.00019,0.00025,0.00451,0.00153,0.00159,0.01178
1403715344.112585544586182,0.00351,0.00020,0.00115,0.00434,0.00195,0.00160,0.01275
1403715344.162590503692627,0.00372,0.00023,0.00091,0.00457,0.00120,0.00162,0.01225
1403715344.212592840194702,0.00404,0.00019,0.00128,0.00439,0.00006,0.00158,0.01153
1403715344.262600421905518,0.00293,0.00019,0.00041,0.00436,0.00996,0.00159,0.01944
1403715344.312602758407593,0.00314,0.00022,0.00143,0.00551,0.00019,0.00168,0.01216
1403715344.362600326538086,0.00323,0.00018,0.00027,0.00494,0.00192,0.00153,0.01207
1403715344.412599802017212,0.00312,0.00022,0.00068,0.00421,0.00141,0.00157,0.01120
1403715344.462601900100708,0.00266,0.00018,0.00012,0.00371,0.00139,0.00154,0.00962
1403715344.512603998184204,0.00304,0.00019,0.00102,0.00306,0.00059,0.00156,0.00947
1403715344.562608003616333,0.00335,0.00026,0.00073,0.00352,0.00045,0.00162,0.00993
1403715344.612612009048462,0.00304,0.00018,0.00069,0.00290,0.00131,0.00161,0.00973
1403715344.662619829177856,0.00252,0.00016,0.00180,0.00292,0.00039,0.00271,0.01051
1403715344.712625026702881,0.00402,0.00018,0.00095,0.00256,0.00182,0.00159,0.01112
1403715344.762631416320801,0.00253,0.00018,0.00018,0.00296,0.00337,0.00251,0.01174
1403715344.812633514404297,0.00413,0.00020,0.00034,0.00354,0.00520,0.00155,0.01497
1403715344.862631082534790,0.00279,0.00023,0.00047,0.00463,0.00090,0.00263,0.01165
1403715344.912629365921021,0.00303,0.00022,0.00074,0.00460,0.00086,0.00164,0.01108
1403715344.962624311447144,0.00405,0.00017,0.00017,0.00486,0.00610,0.00275,0.01810
1403715345.012621164321899,0.00298,0.00019,0.00075,0.00602,0.00000,0.00160,0.01154
1403715345.062622070312500,0.00272,0.00017,0.00438,0.00563,0.00129,0.00236,0.01655
1403715345.112622737884521,0.00334,0.00020,0.00050,0.00531,0.00025,0.00161,0.01121
1403715345.162623882293701,0.00298,0.00019,0.00086,0.00506,0.00207,0.00232,0.01350
1403715345.212623834609985,0.00454,0.00021,0.00058,0.00534,0.00213,0.00161,0.01440
1403715345.262624263763428,0.00449,0.00019,0.00337,0.00530,0.00142,0.00182,0.01659
1403715345.312624216079712,0.00296,0.00019,0.00108,0.00583,0.00001,0.00168,0.01174
1403715345.362622976303101,0.00294,0.00019,0.00381,0.00538,0.00011,0.00171,0.01414
1403715345.412622451782227,0.00370,0.00021,0.00085,0.00501,0.00001,0.00173,0.01151
1403715345.462623596191406,0.00296,0.00024,0.00136,0.00487,0.00001,0.00181,0.01125
1403715345.512622833251953,0.00376,0.00020,0.00270,0.00468,0.00444,0.00179,0.01757
1403715345.562622308731079,0.00276,0.00021,0.00146,0.00450,0.00000,0.00171,0.01065
1403715345.612621068954468,0.00279,0.00020,0.00125,0.00415,0.00018,0.00162,0.01020
1403715345.662622213363647,0.00389,0.00023,0.00084,0.00382,0.00468,0.00166,0.01512
1403715345.712621688842773,0.00282,0.00020,0.00193,0.00528,0.00031,0.00159,0.01214
1403715345.762620687484741,0.00287,0.00021,0.00368,0.00541,0.00103,0.00180,0.01501
1403715345.812623023986816,0.00290,0.00018,0.00786,0.00532,0.00254,0.00284,0.02164
1403715345.862625122070312,0.00375,0.00020,0.00249,0.00579,0.00071,0.00171,0.01465
1403715345.912628173828125,0.00359,0.00018,0.00205,0.00549,0.00019,0.00161,0.01311
1403715345.962630033493042,0.00277,0.00024,0.00177,0.00569,0.00199,0.00160,0.01406
1403715346.012632131576538,0.00328,0.00021,0.00035,0.00568,0.00018,0.00163,0.01133
1403715346.062631845474243,0.00342,0.00020,0.00043,0.00522,0.00067,0.00169,0.01163
1403715346.112630367279053,0.00292,0.00020,0.00091,0.00509,0.00247,0.00180,0.01340
1403715346.162625551223755,0.00399,0.00021,0.00027,0.00563,0.00000,0.00177,0.01186
1403715346.212618350982666,0.00287,0.00019,0.00408,0.00519,0.00063,0.00164,0.01460
1403715346.262614727020264,0.00260,0.00023,0.00032,0.00500,0.00066,0.00179,0.01059
1403715346.312613725662231,0.00286,0.00020,0.00076,0.00433,0.00120,0.00273,0.01208
1403715346.362612724304199,0.00278,0.00018,0.00235,0.00450,0.00547,0.00202,0.01729
1403715346.412613391876221,0.00246,0.00019,0.00591,0.00546,0.00067,0.00168,0.01637
1403715346.462609529495239,0.00252,0.00020,0.00256,0.00575,0.00070,0.00170,0.01343
1403715346.512607574462891,0.00265,0.00020,0.00167,0.00558,0.00000,0.00162,0.01172
1403715346.562597274780273,0.00336,0.00020,0.00527,0.00497,0.00070,0.00167,0.01617
1403715346.612590074539185,0.00293,0.00020,0.00101,0.00503,0.00020,0.00161,0.01097
1403715346.662580728530884,0.00282,0.00020,0.00078,0.00414,0.00033,0.00160,0.00987
1403715346.712566852569580,0.00273,0.00021,0.00725,0.00440,0.00034,0.00165,0.01658
1403715346.762562274932861,0.00288,0.00019,0.00086,0.00438,0.00072,0.00162,0.01065
1403715346.812555551528931,0.00360,0.00022,0.00418,0.00517,0.00089,0.00182,0.01588
1403715346.862547397613525,0.00278,0.00020,0.00002,0.00532,0.00000,0.00170,0.01001
1403715346.912540674209595,0.00262,0.00021,0.00026,0.00423,0.00005,0.00174,0.00911
1403715346.962535381317139,0.00349,0.00019,0.00104,0.00330,0.00153,0.00168,0.01124
1403715347.012531757354736,0.00275,0.00021,0.00138,0.00380,0.00525,0.00160,0.01499
1403715347.062538862228394,0.00269,0.00020,0.00026,0.00546,0.00135,0.00159,0.01155
1403715347.112543344497681,0.00301,0.00017,0.00732,0.00528,0.00206,0.00160,0.01944
1403715347.162544965744019,0.00273,0.00023,0.00436,0.00620,0.00000,0.00169,0.01520
1403715347.212544679641724,0.00359,0.00022,0.00045,0.00607,0.00000,0.00184,0.01218
1403715347.262544393539429,0.00294,0.00020,0.00054,0.00591,0.00000,0.00170,0.01129
1403715347.312541723251343,0.00357,0.00021,0.00724,0.00555,0.00000,0.00173,0.01830
1403715347.362539768218994,0.00322,0.00019,0.00035,0.00530,0.00070,0.00165,0.01142
1403715347.412537574768066,0.00337,0.00022,0.00430,0.00477,0.00001,0.00163,0.01429
1403715347.462538003921509,0.00437,0.00021,0.00063,0.00505,0.00022,0.00175,0.01222
1403715347.512535810470581,0.00386,0.00019,0.00058,0.00488,0.00011,0.00174,0.01136
1403715347.562540292739868,0.00377,0.00021,0.00002,0.00481,0.00091,0.00181,0.01152
1403715347.612540006637573,0.00261,0.00021,0.00053,0.00475,0.00087,0.00167,0.01063
1403715347.662541151046753,0.00264,0.00023,0.00568,0.00480,0.00255,0.00173,0.01764
1403715347.712539911270142,0.00273,0.00018,0.00486,0.00501,0.00010,0.00191,0.01480
1403715347.762539863586426,0.00303,0.00020,0.00395,0.00402,0.00065,0.00165,0.01350
1403715347.812537908554077,0.00287,0.00020,0.00008,0.00404,0.00001,0.00193,0.00912
1403715347.862535715103149,0.00308,0.00019,0.00019,0.00368,0.00001,0.00169,0.00883
1403715347.912527561187744,0.00262,0.00018,0.00217,0.00308,0.01038,0.00159,0.02002
1403715347.962527275085449,0.00335,0.00022,0.00098,0.00378,0.00000,0.00163,0.00996
1403715348.012524843215942,0.00286,0.00019,0.00579,0.00361,0.00751,0.00158,0.02154
1403715348.062527656555176,0.00271,0.00021,0.00046,0.00409,0.00000,0.00162,0.00909
1403715348.112526178359985,0.00263,0.00020,0.00002,0.00390,0.00063,0.00164,0.00901
1403715348.162524223327637,0.00267,0.00020,0.00013,0.00327,0.00024,0.00163,0.00812
1403715348.212523221969604,0.00374,0.00019,0.00006,0.00314,0.00017,0.00166,0.00896
1403715348.262520790100098,0.00333,0.00021,0.00054,0.00287,0.00753,0.00164,0.01613
1403715348.312520027160645,0.00294,0.00020,0.00054,0.00343,0.00727,0.00159,0.01597
1403715348.362518072128296,0.00306,0.00019,0.00355,0.00377,0.00006,0.00161,0.01225
1403715348.412517309188843,0.00308,0.00020,0.00095,0.00331,0.00002,0.00192,0.00947
1403715348.462518215179443,0.00300,0.00019,0.00020,0.00269,0.00016,0.00176,0.00800
1403715348.512518882751465,0.00278,0.00017,0.00430,0.00287,0.00994,0.00182,0.02188
1403715348.562519788742065,0.00268,0.00024,0.00029,0.00398,0.00034,0.00165,0.00919
1403715348.612519502639771,0.00296,0.00045,0.00434,0.00404,0.00358,0.00192,0.01728
1403715348.662518739700317,0.00480,0.00021,0.00012,0.00404,0.00018,0.00168,0.01103
1403715348.712518453598022,0.00394,0.00021,0.00026,0.00408,0.00001,0.00159,0.01009
1403715348.762523412704468,0.00359,0.00021,0.00887,0.00361,0.00607,0.00174,0.02408
1403715348.812523603439331,0.00272,0.00022,0.00031,0.00434,0.00000,0.00175,0.00934
1403715348.862522125244141,0.00283,0.00020,0.00091,0.00365,0.00081,0.00287,0.01126
1403715348.912523984909058,0.00425,0.00021,0.00013,0.00378,0.00000,0.00159,0.00997
1403715348.962525606155396,0.00264,0.00019,0.00003,0.00385,0.00005,0.00266,0.00940
1403715349.012524604797363,0.00347,0.00018,0.00005,0.00370,0.00000,0.00166,0.00907
1403715349.062523603439331,0.00246,0.00018,0.00059,0.00364,0.00000,0.00268,0.00955
1403715349.112521409988403,0.00301,0.00018,0.00015,0.00387,0.00413,0.00162,0.01296
1403715349.162521362304688,0.00327,0.00021,0.00005,0.00422,0.00000,0.00153,0.00928
1403715349.212518215179443,0.00328,0.00020,0.00774,0.00416,0.00380,0.00162,0.02080
1403715349.262517929077148,0.00362,0.00018,0.00001,0.00496,0.00000,0.00259,0.01137
1403715349.312517404556274,0.00370,0.00019,0.00002,0.00495,0.00070,0.00163,0.01118
1403715349.362516880035400,0.00262,0.00021,0.00841,0.00500,0.00284,0.00265,0.02175
1403715349.412518024444580,0.00364,0.00020,0.00049,0.00529,0.00000,0.00180,0.01142
1403715349.462518215179443,0.00286,0.00020,0.00280,0.00525,0.00023,0.00283,0.01418
1403715349.512519121170044,0.00397,0.00019,0.00012,0.00557,0.00020,0.00170,0.01175
1403715349.562519788742065,0.00288,0.00025,0.00006,0.00567,0.00004,0.00284,0.01174
1403715349.612520694732666,0.00308,0.00025,0.00068,0.00561,0.00000,0.00175,0.01138
1403715349.662521123886108,0.00300,0.00026,0.00006,0.00555,0.00000,0.00176,0.01063
1403715349.712520122528076,0.00355,0.00021,0.00061,0.00556,0.00004,0.00170,0.01167
1403715349.762517929077148,0.00275,0.00020,0.00002,0.00556,0.00000,0.00285,0.01138
1403715349.812514543533325,0.00330,0.00023,0.01106,0.00562,0.00102,0.00160,0.02283
1403715349.862511634826660,0.00338,0.00018,0.00002,0.00537,0.00000,0.00279,0.01173
1403715349.912510156631470,0.00383,0.00021,0.00069,0.00456,0.00000,0.00168,0.01096
1403715349.962512254714966,0.00348,0.00022,0.01146,0.00415,0.00160,0.00272,0.02362
1403715350.012516021728516,0.00355,0.00020,0.00024,0.00421,0.00001,0.00155,0.00977
1403715350.062519073486328,0.00351,0.00022,0.00033,0.00346,0.00260,0.00267,0.01279
1403715350.112510919570923,0.00311,0.00019,0.00007,0.00369,0.00001,0.00168,0.00875
1403715350.162506818771362,0.00361,0.00031,0.00065,0.00297,0.00026,0.00272,0.01051
1403715350.212505340576172,0.00317,0.00025,0.00021,0.00366,0.00001,0.00175,0.00906
1403715350.262503147125244,0.00272,0.00018,0.00019,0.00417,0.00040,0.00310,0.01076
1403715350.312500715255737,0.00297,0.00018,0.00010,0.00279,0.00021,0.00160,0.00785
1403715350.362503290176392,0.00292,0.00025,0.00057,0.00288,0.00014,0.00259,0.00935
1403715350.412501573562622,0.00531,0.00035,0.00337,0.00288,0.01198,0.00177,0.02565
1403715350.462504148483276,0.00284,0.00017,0.00011,0.00424,0.00000,0.00184,0.00920
1403715350.512511730194092,0.00301,0.00017,0.00020,0.00383,0.00061,0.00162,0.00942
1403715350.562527179718018,0.00271,0.00018,0.01547,0.00413,0.00712,0.00169,0.03130
1403715350.612534523010254,0.00342,0.00019,0.00005,0.00565,0.00131,0.00161,0.01223
1403715350.662536621093750,0.00244,0.00018,0.00027,0.00571,0.00023,0.00174,0.01057
1403715350.712539196014404,0.00260,0.00020,0.00050,0.00565,0.00000,0.00175,0.01070
1403715350.762539148330688,0.00242,0.00020,0.00009,0.00558,0.00089,0.00168,0.01086
1403715350.812539339065552,0.00277,0.00020,0.00063,0.00596,0.00000,0.00164,0.01120
1403715350.862538099288940,0.00245,0.00020,0.00167,0.00591,0.00000,0.00161,0.01183
1403715350.912538766860962,0.00249,0.00022,0.00096,0.00597,0.00000,0.00180,0.01144
1403715350.962539672851562,0.00281,0.00023,0.00846,0.00590,0.00000,0.00184,0.01924
1403715351.012539386749268,0.00264,0.00025,0.00403,0.00610,0.00000,0.00163,0.01465
1403715351.062540054321289,0.00267,0.00030,0.00002,0.00604,0.00000,0.00165,0.01067
1403715351.112539768218994,0.00299,0.00019,0.00002,0.00595,0.00000,0.00174,0.01089
1403715351.162539720535278,0.00341,0.00024,0.01304,0.00558,0.00000,0.00177,0.02405
1403715351.212540388107300,0.00262,0.00019,0.00011,0.00552,0.00001,0.00158,0.01004
1403715351.262540578842163,0.00257,0.00047,0.00053,0.00542,0.00041,0.00213,0.01152
1403715351.312543392181396,0.00313,0.00019,0.00008,0.00549,0.00000,0.00163,0.01052
1403715351.362544059753418,0.00291,0.00027,0.00057,0.00539,0.00001,0.00197,0.01112
1403715351.412544488906860,0.00284,0.00020,0.00068,0.00540,0.00068,0.00157,0.01137
1403715351.462544679641724,0.00265,0.00029,0.00081,0.00577,0.00163,0.00187,0.01303
1403715351.512544870376587,0.00274,0.00022,0.00028,0.00605,0.00000,0.00185,0.01113
1403715351.562545776367188,0.00267,0.00021,0.00658,0.00580,0.00000,0.00170,0.01697
1403715351.612545490264893,0.00462,0.00019,0.00314,0.00566,0.00189,0.00185,0.01735
1403715351.662541866302490,0.00319,0.00023,0.00057,0.00577,0.00000,0.00172,0.01149
1403715351.712539672851562,0.00292,0.00019,0.00085,0.00516,0.00000,0.00165,0.01078
1403715351.762528657913208,0.00304,0.00020,0.00862,0.00473,0.00337,0.00163,0.02158
1403715351.812525033950806,0.00296,0.00019,0.00038,0.00462,0.00004,0.00167,0.00987
1403715351.862524271011353,0.00291,0.00022,0.00057,0.00404,0.00001,0.00172,0.00947
1403715351.912525177001953,0.00316,0.00019,0.00043,0.00405,0.00000,0.00157,0.00941
1403715351.962526559829712,0.00386,0.00017,0.00032,0.00393,0.00045,0.00168,0.01040
1403715352.012526750564575,0.00249,0.00016,0.00032,0.00454,0.00000,0.00148,0.00900
1403715352.062526226043701,0.00248,0.00020,0.00011,0.00433,0.00000,0.00167,0.00878
1403715352.112524271011353,0.00256,0.00017,0.00001,0.00408,0.00000,0.00166,0.00849
1403715352.162523508071899,0.00335,0.00019,0.00574,0.00405,0.00989,0.00174,0.02496
1403715352.212525606155396,0.00354,0.00018,0.00025,0.00589,0.00076,0.00176,0.01238
1403715352.262530088424683,0.00286,0.00018,0.00033,0.00591,0.00000,0.00169,0.01097
1403715352.312528610229492,0.00272,0.00021,0.00021,0.00573,0.00000,0.00170,0.01056
1403715352.362526893615723,0.00276,0.00018,0.00762,0.00565,0.00386,0.00163,0.02170
1403715352.412525177001953,0.00270,0.00019,0.00191,0.00611,0.00000,0.00168,0.01260
1403715352.462523221969604,0.00268,0.00021,0.00282,0.00615,0.00023,0.00164,0.01374
1403715352.512521266937256,0.00285,0.00020,0.00038,0.00576,0.00000,0.00167,0.01086
1403715352.562518835067749,0.00268,0.00020,0.00034,0.00591,0.00000,0.00162,0.01075
1403715352.612515926361084,0.00336,0.00021,0.00043,0.00559,0.00000,0.00167,0.01126
1403715352.662517070770264,0.00254,0.00020,0.00007,0.00555,0.00000,0.00157,0.00994
1403715352.712517261505127,0.00255,0.00020,0.00069,0.00509,0.00000,0.00175,0.01027
1403715352.762517452239990,0.00316,0.00022,0.00742,0.00502,0.00136,0.00161,0.01878
1403715352.812516450881958,0.00380,0.00021,0.00039,0.00516,0.00003,0.00168,0.01127
1403715352.862518072128296,0.00301,0.00023,0.00023,0.00515,0.00000,0.00170,0.01032
1403715352.912519216537476,0.00371,0.00016,0.00004,0.00505,0.00000,0.00167,0.01063
1403715352.962522745132446,0.00368,0.00019,0.00451,0.00431,0.00289,0.00173,0.01732
1403715353.012529134750366,0.00287,0.00019,0.00049,0.00459,0.00017,0.00164,0.00995
1403715353.062533617019653,0.00265,0.00018,0.00033,0.00425,0.00210,0.00166,0.01117
1403715353.112533807754517,0.00376,0.00038,0.00034,0.00616,0.00044,0.00230,0.01337
1403715353.162533521652222,0.00277,0.00017,0.00045,0.00412,0.00070,0.00180,0.01002
1403715353.212528228759766,0.00244,0.00022,0.00055,0.00285,0.00058,0.00156,0.00820
1403715353.262530326843262,0.00252,0.00019,0.00033,0.00330,0.00017,0.00161,0.00812
1403715353.312528610229492,0.00245,0.00020,0.00035,0.00344,0.00070,0.00169,0.00883
1403715353.362524509429932,0.00262,0.00022,0.00961,0.00408,0.00807,0.00160,0.02619
1403715353.412523746490479,0.00317,0.00020,0.00007,0.00536,0.00131,0.00165,0.01176
1403715353.462523460388184,0.00289,0.00022,0.00079,0.00605,0.00000,0.00181,0.01176
1403715353.512522935867310,0.00376,0.00028,0.00014,0.00549,0.00000,0.00166,0.01133
1403715353.562520980834961,0.00281,0.00022,0.00018,0.00507,0.00692,0.00163,0.01683
1403715353.612521648406982,0.00329,0.00022,0.00012,0.00620,0.00001,0.00158,0.01142
1403715353.662522077560425,0.00270,0.00021,0.00006,0.00616,0.00044,0.00160,0.01116
1403715353.712523221969604,0.00274,0.00019,0.00001,0.00637,0.00000,0.00163,0.01094
1403715353.762522697448730,0.00350,0.00023,0.00013,0.00628,0.00000,0.00176,0.01190
1403715353.812522888183594,0.00265,0.00020,0.00011,0.00583,0.00135,0.00167,0.01182
1403715353.862523317337036,0.00255,0.00020,0.00006,0.00612,0.00167,0.00166,0.01227
1403715353.912523031234741,0.00251,0.00020,0.00007,0.00677,0.00003,0.00170,0.01129
1403715353.962523460388184,0.00257,0.00020,0.01279,0.00663,0.00014,0.00166,0.02399
1403715354.012525558471680,0.00292,0.00020,0.00001,0.00647,0.00000,0.00165,0.01124
1403715354.062525749206543,0.00270,0.00019,0.00013,0.00600,0.00000,0.00170,0.01071
1403715354.112525939941406,0.00338,0.00020,0.00001,0.00584,0.00000,0.00162,0.01106
1403715354.162526845932007,0.00262,0.00019,0.00010,0.00566,0.00023,0.00164,0.01044
1403715354.212527990341187,0.00275,0.00019,0.00005,0.00564,0.00000,0.00164,0.01027
1403715354.262527704238892,0.00260,0.00018,0.00045,0.00564,0.00025,0.00164,0.01075
1403715354.312526702880859,0.00414,0.00020,0.00005,0.00520,0.00000,0.00174,0.01134
1403715354.362524509429932,0.00272,0.00018,0.00007,0.00520,0.00000,0.00169,0.00985
1403715354.412522315979004,0.00344,0.00022,0.00006,0.00505,0.00000,0.00169,0.01046
1403715354.462519407272339,0.00260,0.00019,0.00006,0.00507,0.00000,0.00164,0.00956
1403715354.512517929077148,0.00274,0.00018,0.00002,0.00508,0.00070,0.00160,0.01032
1403715354.562519073486328,0.00280,0.00021,0.01541,0.00543,0.00483,0.00166,0.03033
1403715354.612519025802612,0.00262,0.00019,0.00001,0.00592,0.00000,0.00160,0.01034
1403715354.662517547607422,0.00300,0.00017,0.00008,0.00568,0.00003,0.00155,0.01051
1403715354.712513446807861,0.00255,0.00020,0.00001,0.00567,0.00000,0.00161,0.01005
1403715354.762513160705566,0.00263,0.00021,0.00008,0.00573,0.00023,0.00160,0.01049
1403715354.812515258789062,0.00248,0.00023,0.00001,0.00570,0.00000,0.00159,0.01002
1403715354.862514495849609,0.00322,0.00042,0.00254,0.00561,0.00267,0.00191,0.01637
1403715354.912512540817261,0.00297,0.00022,0.00002,0.00621,0.00000,0.00168,0.01110
1403715354.962508201599121,0.00322,0.00021,0.00001,0.00623,0.00000,0.00166,0.01133
1403715355.012508630752563,0.00247,0.00025,0.00002,0.00624,0.00000,0.00166,0.01064
1403715355.062512159347534,0.00236,0.00019,0.00078,0.00618,0.00000,0.00159,0.01109
1403715355.112512350082397,0.00323,0.00024,0.00002,0.00612,0.00074,0.00183,0.01218
1403715355.162509918212891,0.00276,0.00019,0.01428,0.00613,0.00001,0.00168,0.02504
1403715355.212508440017700,0.00324,0.00017,0.00008,0.00603,0.00000,0.00161,0.01114
1403715355.262506008148193,0.00370,0.00019,0.00012,0.00566,0.00129,0.00158,0.01253
1403715355.312504053115845,0.00285,0.00020,0.00037,0.00516,0.00000,0.00158,0.01017
1403715355.362503051757812,0.00358,0.00018,0.00020,0.00535,0.00022,0.00163,0.01117
1403715355.412503242492676,0.00318,0.00018,0.00018,0.00512,0.00000,0.00213,0.01080
1403715355.462503194808960,0.00320,0.00020,0.00002,0.00450,0.00326,0.00166,0.01283
1403715355.512504100799561,0.00335,0.00022,0.00019,0.00518,0.00002,0.00172,0.01067
1403715355.562502622604370,0.00294,0.00019,0.00075,0.00479,0.00031,0.00161,0.01060
1403715355.612502098083496,0.00303,0.00020,0.00011,0.00481,0.00000,0.00164,0.00979
1403715355.662498235702515,0.00327,0.00021,0.00015,0.00432,0.00001,0.00163,0.00960
1403715355.712496519088745,0.00351,0.00020,0.00161,0.00374,0.00000,0.00159,0.01064
1403715355.762493848800659,0.00268,0.00017,0.00972,0.00348,0.00786,0.00157,0.02548
1403715355.812496185302734,0.00243,0.00016,0.00018,0.00441,0.00000,0.00150,0.00867
1403715355.862496137619019,0.00281,0.00018,0.00007,0.00408,0.00000,0.00151,0.00865
1403715355.912497520446777,0.00276,0.00028,0.00031,0.00430,0.00552,0.00156,0.01471
1403715355.962500572204590,0.00245,0.00022,0.00015,0.00491,0.00126,0.00160,0.01060
1403715356.012502193450928,0.00258,0.00018,0.00008,0.00496,0.00016,0.00160,0.00956
1403715356.062504291534424,0.00255,0.00024,0.00008,0.00513,0.00069,0.00157,0.01025
1403715356.112504482269287,0.00252,0.00021,0.00001,0.00517,0.00127,0.00159,0.01078
1403715356.162503957748413,0.00234,0.00019,0.00002,0.00739,0.00000,0.00164,0.01158
1403715356.212504863739014,0.00262,0.00019,0.00001,0.00524,0.00000,0.00162,0.00968
1403715356.262506246566772,0.00332,0.00019,0.00524,0.00496,0.00376,0.00165,0.01913
1403715356.312507152557373,0.00356,0.00020,0.00002,0.00586,0.00000,0.00166,0.01131
1403715356.362506389617920,0.00281,0.00018,0.00942,0.00579,0.00009,0.00159,0.01988
1403715356.412508487701416,0.00267,0.00018,0.00021,0.00573,0.00000,0.00162,0.01042
1403715356.462509393692017,0.00231,0.00018,0.00004,0.00535,0.00000,0.00164,0.00953
1403715356.512511730194092,0.00276,0.00022,0.00035,0.00567,0.00263,0.00160,0.01322
1403715356.562514066696167,0.00231,0.00020,0.00076,0.00620,0.00000,0.00162,0.01109
1403715356.612515687942505,0.00316,0.00019,0.00064,0.00604,0.00000,0.00165,0.01169
1403715356.662516355514526,0.00273,0.00023,0.00008,0.00604,0.00004,0.00157,0.01069
1403715356.712516069412231,0.00321,0.00021,0.00107,0.00582,0.00000,0.00157,0.01187
1403715356.762516021728516,0.00256,0.00020,0.00105,0.00481,0.00000,0.00159,0.01022
1403715356.812514781951904,0.00254,0.00021,0.00200,0.00431,0.00463,0.00147,0.01516
1403715356.862514972686768,0.00269,0.00021,0.00352,0.00444,0.00241,0.00154,0.01480
1403715356.912511587142944,0.00249,0.00020,0.00016,0.00436,0.00016,0.00146,0.00882
1403715356.962506771087646,0.00340,0.00026,0.00795,0.00389,0.00347,0.00169,0.02065
1403715357.012507200241089,0.00271,0.00020,0.00031,0.00371,0.00017,0.00163,0.00873
1403715357.062507867813110,0.00272,0.00019,0.00031,0.00311,0.00016,0.00161,0.00809
1403715357.112508058547974,0.00255,0.00021,0.00022,0.00299,0.00050,0.00160,0.00807
1403715357.162509918212891,0.00368,0.00017,0.00013,0.00345,0.00026,0.00163,0.00932
1403715357.212511062622070,0.00275,0.00018,0.00025,0.00365,0.00001,0.00164,0.00849
1403715357.262511968612671,0.00281,0.00016,0.00090,0.00334,0.00379,0.00176,0.01275
1403715357.312511682510376,0.00265,0.00016,0.00023,0.00409,0.00000,0.00201,0.00914
1403715357.362512350082397,0.00310,0.00017,0.00024,0.00282,0.00000,0.00162,0.00794
1403715357.412513494491577,0.00277,0.00018,0.00040,0.00301,0.00015,0.00164,0.00815
1403715357.462514162063599,0.00348,0.00018,0.00040,0.00305,0.00290,0.00169,0.01170
1403715357.512509822845459,0.00360,0.00017,0.00104,0.00315,0.01206,0.00164,0.02167
1403715357.562508344650269,0.00329,0.00019,0.00520,0.00465,0.00420,0.00158,0.01912
1403715357.612509489059448,0.00513,0.00021,0.00078,0.00513,0.00002,0.00159,0.01285
1403715357.662512302398682,0.00280,0.00018,0.00058,0.00470,0.00065,0.00164,0.01055
1403715357.712514877319336,0.00298,0.00020,0.00051,0.00495,0.00390,0.00156,0.01410
1403715357.762515306472778,0.00263,0.00018,0.00047,0.00571,0.00018,0.00159,0.01076
1403715357.812517642974854,0.00339,0.00019,0.00003,0.00619,0.00072,0.00164,0.01217
1403715357.862518548965454,0.00353,0.00022,0.00089,0.00594,0.00040,0.00166,0.01265
1403715357.912521839141846,0.00323,0.00020,0.00352,0.00591,0.00265,0.00156,0.01707
1403715357.962524652481079,0.00263,0.00020,0.00022,0.00612,0.00000,0.00163,0.01080
1403715358.012530088424683,0.00312,0.00020,0.00409,0.00595,0.00130,0.00165,0.01631
1403715358.062533378601074,0.00391,0.00023,0.00080,0.00621,0.00022,0.00173,0.01311
1403715358.112534046173096,0.00352,0.00022,0.00008,0.00648,0.00043,0.00160,0.01232
1403715358.162538290023804,0.00266,0.00020,0.00932,0.00632,0.00042,0.00161,0.02052
1403715358.212538719177246,0.00252,0.00021,0.00035,0.00611,0.00024,0.00167,0.01110
1403715358.262538671493530,0.00271,0.00018,0.00042,0.00592,0.00004,0.00167,0.01094
1403715358.312539100646973,0.00332,0.00021,0.00031,0.00579,0.00024,0.00163,0.01149
1403715358.362539529800415,0.00332,0.00019,0.00016,0.00540,0.00000,0.00160,0.01068
1403715358.412543058395386,0.00345,0.00020,0.00005,0.00501,0.00000,0.00159,0.01031
1403715358.462547779083252,0.00362,0.00020,0.00014,0.00418,0.00023,0.00169,0.01005
1403715358.512552738189697,0.00269,0.00018,0.00085,0.00213,0.00035,0.00159,0.00778
1403715358.562554836273193,0.00297,0.00018,0.00045,0.00134,0.00052,0.00150,0.00695
1403715358.612566232681274,0.00266,0.00017,0.00454,0.00109,0.00763,0.00174,0.01783
1403715358.662564992904663,0.00331,0.00021,0.00101,0.00195,0.00099,0.00155,0.00903
1403715358.712564706802368,0.00292,0.00017,0.00042,0.00180,0.00068,0.00155,0.00754
1403715358.762565851211548,0.00383,0.00019,0.00128,0.00149,0.00214,0.00151,0.01044
1403715358.812560319900513,0.00373,0.00017,0.00067,0.00207,0.00067,0.00153,0.00884
1403715358.862559795379639,0.00407,0.00018,0.00035,0.00204,0.00021,0.00153,0.00838
1403715358.912559032440186,0.00432,0.00016,0.00042,0.00163,0.00000,0.00154,0.00806
1403715358.962556600570679,0.00284,0.00016,0.00014,0.00130,0.00031,0.00155,0.00630
1403715359.012551546096802,0.00283,0.00017,0.00049,0.00147,0.00075,0.00149,0.00719
1403715359.062549114227295,0.00354,0.00018,0.00036,0.00210,0.00060,0.00159,0.00835
1403715359.112545490264893,0.00259,0.00014,0.00033,0.00231,0.00012,0.00154,0.00703
1403715359.162547826766968,0.00240,0.00017,0.00010,0.00259,0.00000,0.00149,0.00676
1403715359.212547779083252,0.00231,0.00016,0.00020,0.00252,0.00937,0.00156,0.01612
1403715359.262548923492432,0.00241,0.00017,0.00001,0.00355,0.00131,0.00167,0.00912
1403715359.312547206878662,0.00247,0.00019,0.00066,0.00384,0.00142,0.00162,0.01020
1403715359.362545967102051,0.00310,0.00020,0.00461,0.00413,0.01271,0.00165,0.02639
1403715359.412545680999756,0.00276,0.00020,0.00405,0.00622,0.00073,0.00174,0.01570
1403715359.462546586990356,0.00246,0.00020,0.00232,0.00619,0.00000,0.00158,0.01275
1403715359.512545585632324,0.00371,0.00021,0.00195,0.00610,0.00000,0.00174,0.01371
1403715359.562543153762817,0.00341,0.00019,0.00013,0.00649,0.00023,0.00168,0.01212
1403715359.612543582916260,0.00280,0.00021,0.00659,0.00626,0.00000,0.00190,0.01777
1403715359.662542819976807,0.00263,0.00022,0.00042,0.00631,0.00000,0.00168,0.01127
1403715359.712541580200195,0.00334,0.00020,0.00004,0.00612,0.00000,0.00161,0.01131
1403715359.762541055679321,0.00265,0.00018,0.00080,0.00569,0.00000,0.00169,0.01102
1403715359.812543392181396,0.00263,0.00019,0.00133,0.00556,0.00041,0.00161,0.01173
1403715359.862540721893311,0.00274,0.00019,0.00002,0.00583,0.00024,0.00170,0.01072
1403715359.912538051605225,0.00284,0.00021,0.00609,0.00520,0.00040,0.00179,0.01654
1403715359.962535858154297,0.00308,0.00020,0.00367,0.00510,0.00273,0.00163,0.01640
1403715360.012537240982056,0.00237,0.00019,0.00163,0.00540,0.00130,0.00148,0.01236
1403715360.062538385391235,0.00274,0.00020,0.00139,0.00592,0.00199,0.00155,0.01379
1403715360.112538576126099,0.00263,0.00022,0.00003,0.00643,0.00000,0.00169,0.01099
1403715360.162535905838013,0.00269,0.00022,0.00016,0.00593,0.00000,0.00157,0.01056
1403715360.212531566619873,0.00288,0.00028,0.00475,0.00524,0.00132,0.00152,0.01598
1403715360.262532234191895,0.00237,0.00020,0.00057,0.00741,0.00031,0.00155,0.01241
1403715360.312530994415283,0.00230,0.00019,0.00016,0.00512,0.00047,0.00161,0.00985
1403715360.362529754638672,0.00257,0.00022,0.00065,0.00562,0.00021,0.00159,0.01085
1403715360.412529230117798,0.00223,0.00018,0.00002,0.00576,0.00150,0.00151,0.01120
1403715360.462527275085449,0.00244,0.00018,0.00204,0.00611,0.00022,0.00186,0.01286
1403715360.512524604797363,0.00278,0.00027,0.00562,0.00587,0.00021,0.00165,0.01640
1403715360.562526464462280,0.00329,0.00020,0.00387,0.00589,0.00133,0.00168,0.01626
1403715360.612525939941406,0.00364,0.00022,0.00503,0.00567,0.00001,0.00167,0.01624
1403715360.662526130676270,0.00279,0.00018,0.00058,0.00558,0.00195,0.00161,0.01270
1403715360.712524175643921,0.00279,0.00019,0.00150,0.00546,0.00018,0.00165,0.01176
1403715360.762525320053101,0.00348,0.00021,0.00025,0.00557,0.00000,0.00156,0.01106
1403715360.812527656555176,0.00375,0.00018,0.00068,0.00509,0.00378,0.00152,0.01501
1403715360.862526893615723,0.00259,0.00020,0.00007,0.00557,0.00004,0.00160,0.01006
1403715360.912525415420532,0.00261,0.00021,0.00057,0.00513,0.00034,0.00154,0.01039
1403715360.962525129318237,0.00303,0.00018,0.00200,0.00487,0.00045,0.00145,0.01198
1403715361.012525320053101,0.00271,0.00016,0.00011,0.00449,0.00039,0.00153,0.00939
1403715361.062525749206543,0.00259,0.00019,0.00046,0.00424,0.00036,0.00158,0.00942
1403715361.112532854080200,0.00262,0.00018,0.00620,0.00434,0.00103,0.00164,0.01601
1403715361.162533521652222,0.00329,0.00018,0.00114,0.00487,0.00054,0.00157,0.01158
1403715361.212535142898560,0.00348,0.00039,0.00098,0.00381,0.00154,0.00153,0.01174
1403715361.262532472610474,0.00297,0.00020,0.00020,0.00323,0.00036,0.00150,0.00846
1403715361.312535524368286,0.00334,0.00019,0.00062,0.00243,0.00071,0.00148,0.00877
1403715361.362534761428833,0.00256,0.00019,0.00042,0.00252,0.00240,0.00152,0.00961
1403715361.412536621093750,0.00363,0.00019,0.00092,0.00311,0.00036,0.00159,0.00980
1403715361.462536573410034,0.00244,0.00016,0.00056,0.00362,0.00007,0.00152,0.00837
1403715361.512540340423584,0.00346,0.00022,0.00014,0.00290,0.00545,0.00164,0.01379
1403715361.562541484832764,0.00240,0.00019,0.00027,0.00330,0.00015,0.00156,0.00787
1403715361.612541675567627,0.00303,0.00018,0.00012,0.00332,0.00042,0.00155,0.00863
1403715361.662546396255493,0.00338,0.00016,0.00017,0.00385,0.00135,0.00167,0.01059
1403715361.712548494338989,0.00247,0.00017,0.00022,0.00428,0.00480,0.00164,0.01357
1403715361.762549638748169,0.00253,0.00018,0.00001,0.00551,0.00000,0.00159,0.00982
1403715361.812553882598877,0.00277,0.00019,0.00651,0.00471,0.00690,0.00196,0.02304
1403715361.862553119659424,0.00388,0.00017,0.00050,0.00583,0.00000,0.00166,0.01204
1403715361.912552356719971,0.00305,0.00020,0.00013,0.00594,0.00021,0.00162,0.01116
1403715361.962554454803467,0.00297,0.00018,0.00455,0.00552,0.00090,0.00174,0.01587
1403715362.012556791305542,0.00249,0.00019,0.00012,0.00538,0.00069,0.00161,0.01048
1403715362.062561511993408,0.00300,0.00018,0.00481,0.00542,0.00131,0.00179,0.01650
1403715362.112563848495483,0.00260,0.00018,0.00047,0.00544,0.00001,0.00160,0.01029
1403715362.162564992904663,0.00253,0.00017,0.00040,0.00546,0.00000,0.00169,0.01026
1403715362.212565660476685,0.00288,0.00019,0.00049,0.00546,0.00011,0.00168,0.01083
1403715362.262566328048706,0.00297,0.00017,0.00020,0.00487,0.00000,0.00163,0.00984
1403715362.312566995620728,0.00240,0.00016,0.00023,0.00475,0.00047,0.00167,0.00969
1403715362.362567186355591,0.00245,0.00016,0.00012,0.00453,0.00000,0.00169,0.00895
1403715362.412571907043457,0.00233,0.00016,0.00987,0.00463,0.01207,0.00171,0.03078
1403715362.462571382522583,0.00357,0.00017,0.00017,0.00624,0.00000,0.00172,0.01187
1403715362.512569189071655,0.00249,0.00017,0.00018,0.00528,0.00022,0.00159,0.00993
1403715362.562569856643677,0.00294,0.00028,0.00273,0.00737,0.00513,0.00155,0.02001
1403715362.612569093704224,0.00254,0.00026,0.00039,0.00385,0.00031,0.00162,0.00898
1403715362.662569999694824,0.00238,0.00018,0.00443,0.00562,0.00006,0.00158,0.01426
1403715362.712571144104004,0.00228,0.00017,0.00041,0.00395,0.00056,0.00154,0.00890
1403715362.762571334838867,0.00236,0.00018,0.00028,0.00420,0.00067,0.00158,0.00927
1403715362.812575578689575,0.00334,0.00020,0.00005,0.00457,0.00000,0.00162,0.00978
1403715362.862580299377441,0.00270,0.00026,0.00016,0.00393,0.00052,0.00152,0.00909
1403715362.912584781646729,0.00382,0.00028,0.00031,0.00416,0.00032,0.00160,0.01049
1403715362.962586879730225,0.00302,0.00020,0.00023,0.00434,0.00030,0.00177,0.00988
1403715363.012583494186401,0.00320,0.00027,0.01077,0.00443,0.00848,0.00172,0.02887
1403715363.062583923339844,0.00310,0.00019,0.00031,0.00653,0.00000,0.00173,0.01186
1403715363.112584590911865,0.00302,0.00018,0.00031,0.00650,0.00013,0.00203,0.01217
1403715363.162589073181152,0.00268,0.00018,0.00059,0.00625,0.00132,0.00162,0.01264
1403715363.212590456008911,0.00286,0.00028,0.00011,0.00661,0.00000,0.00198,0.01184
1403715363.262593269348145,0.00274,0.00029,0.00426,0.00633,0.00021,0.00164,0.01547
1403715363.312592744827271,0.00267,0.00020,0.00009,0.00679,0.00020,0.00164,0.01159
1403715363.362590312957764,0.00244,0.00021,0.00357,0.00629,0.00069,0.00159,0.01479
1403715363.412590980529785,0.00245,0.00020,0.00113,0.00627,0.00000,0.00167,0.01172
1403715363.462584733963013,0.00276,0.00021,0.00899,0.00588,0.00132,0.00166,0.02082
1403715363.512585401535034,0.00260,0.00021,0.00012,0.00492,0.00000,0.00173,0.00958
1403715363.562587022781372,0.00347,0.00018,0.00013,0.00452,0.00000,0.00174,0.01004
1403715363.612584352493286,0.00325,0.00029,0.00982,0.00459,0.00787,0.00212,0.02794
1403715363.662584066390991,0.00290,0.00017,0.00015,0.00645,0.00021,0.00164,0.01153
1403715363.712583780288696,0.00374,0.00020,0.00052,0.00468,0.00016,0.00170,0.01100
1403715363.762581110000610,0.00294,0.00019,0.00023,0.00463,0.00004,0.00170,0.00972
1403715363.812581300735474,0.00290,0.00017,0.00017,0.00425,0.00000,0.00166,0.00915
1403715363.862581014633179,0.00305,0.00017,0.00087,0.00238,0.00432,0.00227,0.01307
1403715363.912580728530884,0.00286,0.00016,0.00058,0.00278,0.00000,0.00150,0.00788
1403715363.962580442428589,0.00415,0.00016,0.00144,0.00113,0.00201,0.00195,0.01083
1403715364.012580156326294,0.00408,0.00014,0.00072,0.00156,0.00013,0.00159,0.00821
1403715364.062581539154053,0.00301,0.00015,0.00011,0.00151,0.00773,0.00198,0.01449
1403715364.112582921981812,0.00305,0.00015,0.00128,0.00192,0.01978,0.00179,0.02797
1403715364.162583112716675,0.00241,0.00019,0.00012,0.00523,0.00019,0.00149,0.00963
1403715364.212582588195801,0.00241,0.00018,0.00685,0.00432,0.00043,0.00149,0.01567
1403715364.262584686279297,0.00250,0.00023,0.00006,0.00420,0.00000,0.00158,0.00857
1403715364.312587022781372,0.00267,0.00018,0.00035,0.00339,0.00043,0.00144,0.00847
1403715364.362589359283447,0.00351,0.00019,0.00021,0.00328,0.00144,0.00161,0.01023
1403715364.412592649459839,0.00288,0.00019,0.00082,0.00372,0.00029,0.00158,0.00949
1403715364.462593555450439,0.00304,0.00026,0.00021,0.00380,0.00054,0.00233,0.01017
1403715364.512592315673828,0.00311,0.00019,0.00015,0.00442,0.00019,0.00163,0.00969
1403715364.562597513198853,0.00302,0.00018,0.00837,0.00474,0.00772,0.00200,0.02603
1403715364.612598419189453,0.00303,0.00019,0.00016,0.00568,0.00018,0.00159,0.01084
1403715364.662600994110107,0.00269,0.00020,0.00059,0.00568,0.00142,0.00181,0.01239
1403715364.712601184844971,0.00376,0.00020,0.00211,0.00569,0.00067,0.00165,0.01406
1403715364.762601613998413,0.00303,0.00029,0.00159,0.00564,0.00000,0.00201,0.01256
1403715364.812602281570435,0.00316,0.00019,0.00639,0.00559,0.00320,0.00156,0.02009
1403715364.862603187561035,0.00282,0.00030,0.00050,0.00584,0.00000,0.00209,0.01154
1403715364.912601947784424,0.00311,0.00019,0.00390,0.00593,0.00199,0.00169,0.01680
1403715364.962602853775024,0.00275,0.00031,0.00028,0.00512,0.00000,0.00197,0.01043
1403715365.012603521347046,0.00315,0.00019,0.00017,0.00494,0.00067,0.00164,0.01076
1403715365.062605381011963,0.00255,0.00018,0.00021,0.00573,0.00021,0.00163,0.01051
1403715365.112612962722778,0.00466,0.00027,0.00021,0.00462,0.00065,0.00174,0.01216
1403715365.162622213363647,0.00297,0.00020,0.00612,0.00397,0.00556,0.00159,0.02040
1403715365.212628841400146,0.00262,0.00021,0.00016,0.00459,0.00000,0.00176,0.00934
1403715365.262636899948120,0.00255,0.00021,0.01043,0.00464,0.00044,0.00163,0.01989
1403715365.312636137008667,0.00378,0.00029,0.00052,0.00464,0.00032,0.00165,0.01121
1403715365.362637042999268,0.00311,0.00027,0.00009,0.00259,0.00000,0.00202,0.00808
1403715365.412641525268555,0.00362,0.00020,0.00464,0.00244,0.00335,0.00169,0.01594
1403715365.462639570236206,0.00386,0.00021,0.00074,0.00204,0.00102,0.00161,0.00949
1403715365.512638092041016,0.00276,0.00020,0.00059,0.00250,0.00369,0.00164,0.01138
1403715365.562638998031616,0.00257,0.00019,0.00023,0.00220,0.00039,0.00188,0.00747
1403715365.612637758255005,0.00247,0.00026,0.00060,0.00184,0.00099,0.00165,0.00782
1403715365.662632465362549,0.00253,0.00022,0.00035,0.00281,0.00950,0.00172,0.01714
1403715365.712630271911621,0.00265,0.00019,0.00079,0.00346,0.00029,0.00161,0.00899
1403715365.762626171112061,0.00248,0.00017,0.00009,0.00391,0.01044,0.00161,0.01870
1403715365.812625646591187,0.00269,0.00023,0.00016,0.00543,0.00034,0.00158,0.01044
1403715365.862624645233154,0.00352,0.00019,0.00650,0.00588,0.00258,0.00172,0.02038
1403715365.912625312805176,0.00340,0.00019,0.00012,0.00634,0.00000,0.00159,0.01164
1403715365.962625265121460,0.00330,0.00019,0.00012,0.00545,0.00000,0.00185,0.01092
1403715366.012622594833374,0.00288,0.00020,0.00792,0.00521,0.00386,0.00164,0.02170
1403715366.062622070312500,0.00355,0.00021,0.00217,0.00587,0.00134,0.00166,0.01479
1403715366.112621784210205,0.00278,0.00022,0.00004,0.00624,0.00000,0.00169,0.01096
1403715366.162621974945068,0.00279,0.00022,0.00037,0.00622,0.00072,0.00172,0.01203
1403715366.212622642517090,0.00273,0.00021,0.00062,0.00637,0.00003,0.00182,0.01178
1403715366.262623071670532,0.00357,0.00023,0.00130,0.00632,0.00132,0.00168,0.01443
1403715366.312622547149658,0.00270,0.00019,0.00228,0.00652,0.00000,0.00206,0.01376
1403715366.362618207931519,0.00349,0.00021,0.00002,0.00650,0.00073,0.00168,0.01262
1403715366.412612915039062,0.00268,0.00018,0.00002,0.00633,0.00000,0.00169,0.01090
1403715366.462610483169556,0.00271,0.00043,0.00653,0.00448,0.00003,0.00196,0.01613
1403715366.512603998184204,0.00371,0.00021,0.00718,0.00429,0.00052,0.00163,0.01755
1403715366.562604665756226,0.00274,0.00017,0.00037,0.00421,0.00100,0.00163,0.01013
1403715366.612606287002563,0.00232,0.00019,0.00639,0.00518,0.00321,0.00154,0.01884
1403715366.662607431411743,0.00266,0.00019,0.00074,0.00598,0.00136,0.00164,0.01257
1403715366.712609529495239,0.00274,0.00019,0.00008,0.00616,0.00002,0.00169,0.01089
1403715366.762610435485840,0.00333,0.00018,0.00008,0.00604,0.00000,0.00170,0.01134
1403715366.812610149383545,0.00339,0.00018,0.00065,0.00568,0.00128,0.00151,0.01269
1403715366.862611055374146,0.00253,0.00022,0.00107,0.00569,0.00126,0.00174,0.01251
1403715366.912612915039062,0.00321,0.00019,0.00108,0.00586,0.00068,0.00158,0.01259
1403715366.962612390518188,0.00318,0.00018,0.00002,0.00606,0.00000,0.00175,0.01118
1403715367.012611865997314,0.00269,0.00021,0.00001,0.00619,0.00000,0.00161,0.01072
1403715367.062610149383545,0.00322,0.00020,0.00581,0.00582,0.00148,0.00168,0.01820
1403715367.112609386444092,0.00393,0.00018,0.00728,0.00596,0.00000,0.00184,0.01918
1403715367.162609100341797,0.00378,0.00020,0.00250,0.00575,0.00002,0.00182,0.01406
1403715367.212607145309448,0.00382,0.00020,0.00631,0.00540,0.00056,0.00175,0.01804
1403715367.262609004974365,0.00292,0.00019,0.00005,0.00605,0.00071,0.00182,0.01174
1403715367.312610387802124,0.00294,0.00019,0.00124,0.00642,0.00002,0.00172,0.01254
1403715367.362610578536987,0.00284,0.00021,0.00008,0.00606,0.00000,0.00170,0.01088
1403715367.412610054016113,0.00289,0.00020,0.00035,0.00607,0.00077,0.00175,0.01204
1403715367.462610721588135,0.00275,0.00020,0.00268,0.00668,0.00000,0.00180,0.01411
1403715367.512610673904419,0.00393,0.00022,0.00061,0.00565,0.00134,0.00171,0.01347
1403715367.562610149383545,0.00247,0.00020,0.00013,0.00577,0.00020,0.00159,0.01035
1403715367.612609863281250,0.00281,0.00019,0.00016,0.00629,0.00000,0.00173,0.01119
1403715367.662610769271851,0.00249,0.00017,0.01625,0.00619,0.00456,0.00230,0.03196
1403715367.712610483169556,0.00281,0.00019,0.00599,0.00657,0.00000,0.00185,0.01740
1403715367.762611389160156,0.00246,0.00016,0.00121,0.00646,0.00134,0.00167,0.01331
1403715367.812611103057861,0.00254,0.00017,0.00663,0.00654,0.00000,0.00170,0.01759
1403715367.862610816955566,0.00257,0.00020,0.00028,0.00676,0.00000,0.00164,0.01146
1403715367.912609577178955,0.00247,0.00022,0.00145,0.00677,0.00000,0.00164,0.01255
1403715367.962609767913818,0.00246,0.00018,0.00030,0.00616,0.00000,0.00161,0.01070
1403715368.012609720230103,0.00339,0.00020,0.00058,0.00596,0.00000,0.00162,0.01175
1403715368.062610626220703,0.00285,0.00020,0.00012,0.00584,0.00147,0.00161,0.01208
1403715368.112611293792725,0.00368,0.00029,0.00026,0.00648,0.00011,0.00199,0.01282
1403715368.162612438201904,0.00360,0.00020,0.00083,0.00650,0.00000,0.00166,0.01280
1403715368.212613821029663,0.00296,0.00020,0.00002,0.00593,0.00000,0.00172,0.01083
1403715368.262615919113159,0.00255,0.00020,0.01096,0.00547,0.00023,0.00162,0.02103
1403715368.312616348266602,0.00238,0.00022,0.00444,0.00532,0.00391,0.00157,0.01784
1403715368.362616300582886,0.00277,0.00029,0.00134,0.00637,0.00020,0.00161,0.01258
1403715368.412616014480591,0.00254,0.00019,0.00577,0.00675,0.00000,0.00167,0.01692
1403715368.462616682052612,0.00330,0.00021,0.00008,0.00658,0.00000,0.00169,0.01186
1403715368.512615919113159,0.00265,0.00022,0.00001,0.00668,0.00000,0.00157,0.01114
1403715368.562615394592285,0.00261,0.00020,0.00004,0.00656,0.00000,0.00162,0.01103
1403715368.612615585327148,0.00491,0.00023,0.00009,0.00649,0.00000,0.00170,0.01342
1403715368.662616014480591,0.00372,0.00022,0.00006,0.00679,0.00000,0.00161,0.01239
1403715368.712615489959717,0.00360,0.00022,0.00005,0.00638,0.00072,0.00172,0.01269
1403715368.762615203857422,0.00275,0.00020,0.00011,0.00645,0.00000,0.00185,0.01136
1403715368.812613725662231,0.00358,0.00018,0.00025,0.00584,0.00000,0.00175,0.01159
1403715368.862611055374146,0.00269,0.00021,0.01152,0.00516,0.00208,0.00174,0.02341
1403715368.912611246109009,0.00254,0.00017,0.00123,0.00507,0.00486,0.00168,0.01554
1403715368.962609052658081,0.00265,0.00022,0.00002,0.00607,0.00136,0.00174,0.01206
1403715369.012607812881470,0.00318,0.00019,0.00402,0.00586,0.00128,0.00181,0.01634
1403715369.062605381011963,0.00263,0.00017,0.00001,0.00606,0.00000,0.00166,0.01053
1403715369.112603425979614,0.00331,0.00020,0.00143,0.00598,0.00000,0.00163,0.01255
1403715369.162603855133057,0.00252,0.00020,0.00946,0.00609,0.00266,0.00160,0.02253
1403715369.212602138519287,0.00258,0.00044,0.00002,0.00631,0.00000,0.00193,0.01128
1403715369.262600898742676,0.00293,0.00019,0.00009,0.00585,0.00019,0.00156,0.01081
1403715369.312600374221802,0.00234,0.00018,0.00008,0.00628,0.00000,0.00163,0.01052
1403715369.362599134445190,0.00240,0.00021,0.00011,0.00551,0.00001,0.00158,0.00983
1403715369.412597417831421,0.00228,0.00019,0.00002,0.00574,0.00000,0.00162,0.00983
1403715369.462594270706177,0.00340,0.00020,0.01036,0.00514,0.00160,0.00176,0.02246
1403715369.512594938278198,0.00269,0.00017,0.00061,0.00538,0.00130,0.00176,0.01191
1403715369.562594890594482,0.00318,0.00022,0.00024,0.00546,0.00000,0.00158,0.01068
1403715369.612597465515137,0.00268,0.00021,0.00005,0.00486,0.00383,0.00163,0.01326
1403715369.662596225738525,0.00279,0.00021,0.00032,0.00353,0.00000,0.00165,0.00850
1403715369.712596893310547,0.00332,0.00020,0.00057,0.00155,0.00018,0.00162,0.00744
1403715369.762598991394043,0.00263,0.00019,0.00383,0.00168,0.00725,0.00165,0.01723
1403715369.812598943710327,0.00250,0.00020,0.00049,0.00271,0.00029,0.00164,0.00782
1403715369.862602472305298,0.00271,0.00017,0.00004,0.00297,0.00000,0.00160,0.00749
1403715369.912604093551636,0.00326,0.00019,0.00024,0.00276,0.00023,0.00168,0.00836
1403715369.962606430053711,0.00273,0.00017,0.00006,0.00330,0.00056,0.00163,0.00844
1403715370.012606859207153,0.00269,0.00018,0.00002,0.00302,0.01262,0.00159,0.02011
1403715370.062604188919067,0.00329,0.00022,0.00759,0.00492,0.00404,0.00172,0.02177
1403715370.112601757049561,0.00360,0.00020,0.00041,0.00542,0.00143,0.00170,0.01277
1403715370.162600278854370,0.00307,0.00020,0.00011,0.00581,0.00000,0.00170,0.01088
1403715370.212597370147705,0.00294,0.00018,0.00002,0.00587,0.00023,0.00170,0.01093
1403715370.262595415115356,0.00311,0.00019,0.00018,0.00684,0.00000,0.00192,0.01223
1403715370.312593460083008,0.00295,0.00019,0.00074,0.00582,0.00199,0.00169,0.01338
1403715370.362594604492188,0.00282,0.00019,0.00701,0.00616,0.00131,0.00177,0.01926
1403715370.412595033645630,0.00261,0.00017,0.00588,0.00599,0.00000,0.00161,0.01626
1403715370.462592840194702,0.00273,0.00020,0.00107,0.00604,0.00000,0.00162,0.01167
1403715370.512590169906616,0.00248,0.00020,0.00065,0.00587,0.00018,0.00161,0.01099
1403715370.562588453292847,0.00250,0.00020,0.00014,0.00613,0.00000,0.00180,0.01077
1403715370.612586498260498,0.00253,0.00022,0.00078,0.00615,0.00042,0.00169,0.01180
1403715370.662581920623779,0.00276,0.00020,0.01506,0.00584,0.00257,0.00170,0.02813
1403715370.712580919265747,0.00252,0.00018,0.00012,0.00616,0.00018,0.00163,0.01079
1403715370.762579679489136,0.00303,0.00018,0.00002,0.00616,0.00000,0.00163,0.01103
1403715370.812576770782471,0.00239,0.00020,0.00032,0.00589,0.00000,0.00160,0.01039
1403715370.862576723098755,0.00275,0.00025,0.00012,0.00560,0.00035,0.00163,0.01070
1403715370.912575960159302,0.00262,0.00020,0.00008,0.00620,0.00020,0.00158,0.01088
1403715370.962570667266846,0.00262,0.00021,0.00597,0.00627,0.00134,0.00174,0.01815
1403715371.012567043304443,0.00264,0.00022,0.00557,0.00664,0.00134,0.00169,0.01811
1403715371.062563896179199,0.00252,0.00018,0.00001,0.00689,0.00000,0.00160,0.01121
1403715371.112563133239746,0.00241,0.00019,0.00004,0.00661,0.00000,0.00168,0.01094
1403715371.162564516067505,0.00341,0.00019,0.00001,0.00624,0.00000,0.00168,0.01154
1403715371.212568283081055,0.00309,0.00021,0.00052,0.00588,0.00021,0.00175,0.01166
1403715371.262580156326294,0.00354,0.00019,0.01597,0.00623,0.00023,0.00174,0.02789
1403715371.312585592269897,0.00279,0.00026,0.00023,0.00615,0.00003,0.00188,0.01134
1403715371.362588167190552,0.00362,0.00017,0.00051,0.00617,0.00000,0.00171,0.01218
1403715371.412585735321045,0.00276,0.00020,0.00002,0.00601,0.00023,0.00176,0.01097
1403715371.462583541870117,0.00249,0.00020,0.00061,0.00582,0.00000,0.00176,0.01087
1403715371.512582778930664,0.00266,0.00019,0.00030,0.00597,0.00022,0.00160,0.01094
1403715371.562583684921265,0.00250,0.00020,0.00382,0.00602,0.00396,0.00158,0.01809
1403715371.612583160400391,0.00226,0.00020,0.00493,0.00640,0.00000,0.00159,0.01538
1403715371.662582635879517,0.00332,0.00022,0.00008,0.00609,0.00000,0.00164,0.01135
1403715371.712582588195801,0.00297,0.00020,0.00015,0.00559,0.00000,0.00173,0.01063
1403715371.762582778930664,0.00303,0.00020,0.00076,0.00555,0.00000,0.00169,0.01123
1403715371.812584400177002,0.00276,0.00022,0.00013,0.00496,0.00043,0.00164,0.01013
1403715371.862586498260498,0.00268,0.00022,0.00998,0.00467,0.00819,0.00178,0.02752
1403715371.912587404251099,0.00339,0.00017,0.00014,0.00582,0.00001,0.00168,0.01121
1403715371.962587594985962,0.00262,0.00017,0.00050,0.00554,0.00000,0.00166,0.01049
1403715372.012587785720825,0.00261,0.00022,0.00019,0.00515,0.00023,0.00202,0.01041
1403715372.062587499618530,0.00261,0.00018,0.00065,0.00511,0.00019,0.00154,0.01029
1403715372.112587451934814,0.00265,0.00020,0.00016,0.00525,0.00000,0.00165,0.00991
1403715372.162587404251099,0.00225,0.00021,0.00067,0.00494,0.00354,0.00155,0.01315
1403715372.212586879730225,0.00321,0.00020,0.00739,0.00622,0.00601,0.00181,0.02484
1403715372.262586116790771,0.00256,0.00018,0.00025,0.00660,0.00000,0.00157,0.01116
1403715372.312586307525635,0.00272,0.00018,0.00067,0.00674,0.00001,0.00162,0.01194
1403715372.362585306167603,0.00270,0.00019,0.00004,0.00669,0.00000,0.00165,0.01127
1403715372.412584066390991,0.00350,0.00019,0.00021,0.00576,0.00040,0.00167,0.01174
1403715372.462582826614380,0.00347,0.00020,0.00795,0.00542,0.00368,0.00161,0.02233
1403715372.512582540512085,0.00243,0.00019,0.00151,0.00561,0.00034,0.00154,0.01162
1403715372.562581539154053,0.00347,0.00019,0.00132,0.00612,0.00000,0.00157,0.01268
1403715372.612582921981812,0.00240,0.00019,0.00026,0.00597,0.00066,0.00157,0.01105
1403715372.662582159042358,0.00281,0.00021,0.00008,0.00615,0.00143,0.00155,0.01224
1403715372.712582588195801,0.00252,0.00018,0.00080,0.00635,0.00000,0.00154,0.01139
1403715372.762583971023560,0.00255,0.00017,0.00504,0.00618,0.00392,0.00153,0.01939
1403715372.812583923339844,0.00241,0.00020,0.00470,0.00661,0.00019,0.00159,0.01570
1403715372.862583875656128,0.00247,0.00019,0.00051,0.00706,0.00000,0.00189,0.01212
1403715372.912583351135254,0.00264,0.00020,0.00153,0.00602,0.00020,0.00160,0.01220
1403715372.962583780288696,0.00412,0.00020,0.00021,0.00588,0.00000,0.00164,0.01205
1403715373.012583732604980,0.00265,0.00019,0.00058,0.00552,0.00050,0.00163,0.01107
1403715373.062583684921265,0.00361,0.00022,0.00569,0.00561,0.00242,0.00158,0.01913
1403715373.112583160400391,0.00352,0.00018,0.00538,0.00589,0.00250,0.00162,0.01909
1403715373.162582397460938,0.00264,0.00022,0.00018,0.00528,0.00002,0.00158,0.00991
1403715373.212582111358643,0.00278,0.00021,0.00010,0.00477,0.00002,0.00158,0.00947
1403715373.262581348419189,0.00313,0.00020,0.00050,0.00382,0.00003,0.00163,0.00932
1403715373.312581539154053,0.00234,0.00016,0.00066,0.00339,0.00002,0.00158,0.00814
1403715373.362583160400391,0.00235,0.00017,0.00014,0.00313,0.00422,0.00159,0.01160
1403715373.412584066390991,0.00296,0.00017,0.00038,0.00349,0.00439,0.00158,0.01297
1403715373.462584257125854,0.00246,0.00017,0.00045,0.00470,0.00000,0.00196,0.00974
1403715373.512584924697876,0.00380,0.00028,0.00214,0.00670,0.01287,0.00161,0.02741
1403715373.562583923339844,0.00338,0.00029,0.00071,0.00588,0.00000,0.00156,0.01182
1403715373.612581014633179,0.00264,0.00018,0.00072,0.00527,0.00017,0.00156,0.01053
1403715373.662576198577881,0.00255,0.00022,0.00364,0.00499,0.00663,0.00151,0.01954
1403715373.712571859359741,0.00293,0.00022,0.00506,0.00538,0.00022,0.00158,0.01539
1403715373.762567996978760,0.00246,0.00021,0.00023,0.00537,0.00000,0.00168,0.00995
1403715373.812562704086304,0.00247,0.00021,0.00396,0.00703,0.00721,0.00151,0.02239
1403715373.862560272216797,0.00258,0.00022,0.00134,0.00633,0.00000,0.00166,0.01212
1403715373.912559270858765,0.00298,0.00019,0.00186,0.00549,0.00000,0.00164,0.01216
1403715373.962561130523682,0.00230,0.00019,0.00391,0.00513,0.00141,0.00164,0.01458
1403715374.012562513351440,0.00442,0.00026,0.00122,0.00519,0.00070,0.00165,0.01343
1403715374.062561750411987,0.00361,0.00019,0.00066,0.00570,0.00001,0.00157,0.01175
1403715374.112561225891113,0.00263,0.00018,0.00073,0.00520,0.00162,0.00157,0.01192
1403715374.162561416625977,0.00342,0.00019,0.00028,0.00502,0.00000,0.00165,0.01056
1403715374.212563991546631,0.00326,0.00017,0.00092,0.00434,0.00027,0.00167,0.01064
1403715374.262565612792969,0.00266,0.00020,0.00477,0.00448,0.00415,0.00166,0.01791
1403715374.312567710876465,0.00310,0.00020,0.00241,0.00504,0.00166,0.00154,0.01397
1403715374.362570524215698,0.00277,0.00044,0.00018,0.00580,0.00000,0.00195,0.01114
1403715374.412572383880615,0.00292,0.00022,0.00013,0.00524,0.00375,0.00164,0.01390
1403715374.462573766708374,0.00287,0.00020,0.00019,0.00570,0.00130,0.00159,0.01185
1403715374.512575626373291,0.00258,0.00019,0.00020,0.00573,0.00019,0.00165,0.01055
1403715374.562579154968262,0.00412,0.00019,0.00442,0.00554,0.00491,0.00157,0.02075
1403715374.612581014633179,0.00342,0.00017,0.00013,0.00585,0.00130,0.00171,0.01258
1403715374.662584543228149,0.00263,0.00022,0.00128,0.00575,0.00001,0.00166,0.01155
1403715374.712586879730225,0.00254,0.00020,0.00125,0.00501,0.00068,0.00156,0.01123
1403715374.762588262557983,0.00254,0.00021,0.00030,0.00532,0.00000,0.00169,0.01006
1403715374.812587976455688,0.00300,0.00018,0.00013,0.00508,0.00124,0.00166,0.01129
1403715374.862586259841919,0.00335,0.00025,0.00785,0.00541,0.00343,0.00162,0.02191
1403715374.912587165832520,0.00332,0.00019,0.00001,0.00609,0.00023,0.00176,0.01159
1403715374.962586402893066,0.00337,0.00020,0.00045,0.00597,0.00022,0.00166,0.01187
1403715375.012586593627930,0.00269,0.00021,0.00046,0.00573,0.00000,0.00161,0.01071
1403715375.062586784362793,0.00373,0.00022,0.00055,0.00547,0.00023,0.00163,0.01183
1403715375.112587213516235,0.00303,0.00051,0.00553,0.00479,0.00126,0.00198,0.01709
1403715375.162587881088257,0.00291,0.00020,0.00267,0.00477,0.00388,0.00172,0.01615
1403715375.212588310241699,0.00307,0.00020,0.00038,0.00534,0.00018,0.00156,0.01073
1403715375.262587547302246,0.00366,0.00019,0.00011,0.00559,0.00000,0.00167,0.01121
1403715375.312586069107056,0.00254,0.00021,0.00026,0.00519,0.00057,0.00160,0.01036
1403715375.362586975097656,0.00230,0.00018,0.00080,0.00483,0.00197,0.00161,0.01169
1403715375.412585735321045,0.00288,0.00019,0.00037,0.00505,0.00000,0.00160,0.01009
1403715375.462584972381592,0.00278,0.00019,0.00704,0.00483,0.00219,0.00157,0.01859
1403715375.512583255767822,0.00268,0.00020,0.00014,0.00524,0.00040,0.00167,0.01034
1403715375.562583446502686,0.00294,0.00022,0.00107,0.00567,0.00000,0.00170,0.01161
1403715375.612583637237549,0.00332,0.00021,0.00031,0.00460,0.00505,0.00161,0.01510
1403715375.662583351135254,0.00292,0.00020,0.00002,0.00567,0.00404,0.00159,0.01443
1403715375.712583303451538,0.00242,0.00022,0.00442,0.00589,0.00074,0.00168,0.01536
1403715375.762583255767822,0.00230,0.00019,0.00263,0.00600,0.00000,0.00162,0.01274
1403715375.812583684921265,0.00255,0.00021,0.00382,0.00490,0.00021,0.00158,0.01327
1403715375.862586259841919,0.00273,0.00019,0.00009,0.00467,0.00000,0.00163,0.00930
1403715375.912586927413940,0.00229,0.00019,0.00086,0.00446,0.00056,0.00166,0.01001
1403715375.962585449218750,0.00280,0.00024,0.00224,0.00441,0.00534,0.00165,0.01667
1403715376.012584209442139,0.00254,0.00020,0.00146,0.00513,0.00019,0.00167,0.01120
1403715376.062583923339844,0.00344,0.00018,0.00469,0.00559,0.00086,0.00161,0.01638
1403715376.112584114074707,0.00267,0.00018,0.00389,0.00567,0.00020,0.00157,0.01418
1403715376.162583827972412,0.00268,0.00022,0.00077,0.00565,0.00000,0.00153,0.01086
1403715376.212584018707275,0.00246,0.00018,0.00369,0.00558,0.00147,0.00163,0.01502
1403715376.262581586837769,0.00312,0.00021,0.00148,0.00587,0.00020,0.00155,0.01241
1403715376.312581062316895,0.00269,0.00018,0.00282,0.00582,0.00000,0.00153,0.01304
1403715376.362579584121704,0.00305,0.00020,0.00193,0.00495,0.00022,0.00153,0.01188
1403715376.412580728530884,0.00308,0.00018,0.00085,0.00473,0.00063,0.00165,0.01112
1403715376.462584257125854,0.00293,0.00019,0.00068,0.00482,0.00016,0.00163,0.01041
1403715376.512585878372192,0.00310,0.00018,0.00144,0.00460,0.00250,0.00158,0.01339
1403715376.562588214874268,0.00387,0.00018,0.00017,0.00491,0.00066,0.00168,0.01146
1403715376.612590789794922,0.00264,0.00023,0.00171,0.00430,0.00000,0.00161,0.01050
1403715376.662588834762573,0.00317,0.00017,0.00096,0.00189,0.00458,0.00160,0.01237
1403715376.712587118148804,0.00276,0.00018,0.00040,0.00110,0.00049,0.00150,0.00643
1403715376.762586355209351,0.00324,0.00021,0.00072,0.00083,0.00150,0.00166,0.00814
1403715376.812584638595581,0.00337,0.00020,0.00066,0.00152,0.00331,0.00159,0.01065
1403715376.862581491470337,0.00279,0.00015,0.00026,0.00306,0.00159,0.00156,0.00941
1403715376.912576913833618,0.00288,0.00024,0.00021,0.00301,0.00216,0.00154,0.01004
1403715376.962574720382690,0.00274,0.00017,0.00043,0.00340,0.00092,0.00160,0.00927
1403715377.012576341629028,0.00327,0.00024,0.00065,0.00367,0.00036,0.00158,0.00976
1403715377.062583923339844,0.00357,0.00019,0.00057,0.00384,0.00014,0.00165,0.00996
1403715377.112586975097656,0.00398,0.00019,0.00075,0.00362,0.00117,0.00165,0.01137
1403715377.162587642669678,0.00363,0.00019,0.00024,0.00326,0.00015,0.00161,0.00909
1403715377.212586641311646,0.00478,0.00019,0.00048,0.00332,0.00157,0.00163,0.01197
1403715377.262584447860718,0.00281,0.00018,0.00059,0.00336,0.00110,0.00161,0.00965
1403715377.312582969665527,0.00303,0.00018,0.00024,0.00421,0.00442,0.00173,0.01382
1403715377.362581253051758,0.00342,0.00017,0.00360,0.00493,0.00195,0.00185,0.01591
1403715377.412581920623779,0.00361,0.00021,0.00056,0.00482,0.00084,0.00161,0.01165
1403715377.462583065032959,0.00295,0.00021,0.00093,0.00455,0.00040,0.00168,0.01071
1403715377.512582540512085,0.00283,0.00021,0.00258,0.00347,0.00518,0.00185,0.01613
1403715377.562582969665527,0.00316,0.00019,0.00427,0.00397,0.00134,0.00170,0.01463
1403715377.612583875656128,0.00291,0.00025,0.00334,0.00353,0.00241,0.00167,0.01410
1403715377.662583112716675,0.00273,0.00025,0.00103,0.00418,0.00084,0.00161,0.01064
1403715377.712581872940063,0.00267,0.00021,0.00153,0.00381,0.00084,0.00163,0.01070
1403715377.762581348419189,0.00276,0.00021,0.00521,0.00356,0.00094,0.00165,0.01433
1403715377.812582492828369,0.00306,0.00023,0.00066,0.00394,0.00078,0.00224,0.01091
1403715377.862583160400391,0.00288,0.00018,0.00059,0.00370,0.00145,0.00171,0.01052
1403715377.912583827972412,0.00251,0.00018,0.00034,0.00337,0.00088,0.00209,0.00937
1403715377.962584495544434,0.00267,0.00019,0.00453,0.00363,0.00391,0.00165,0.01658
1403715378.012583971023560,0.00280,0.00019,0.00079,0.00401,0.00163,0.00165,0.01107
1403715378.062583208084106,0.00300,0.00019,0.00018,0.00427,0.00031,0.00162,0.00957
1403715378.112583637237549,0.00249,0.00021,0.00681,0.00394,0.00446,0.00162,0.01953
1403715378.162581920623779,0.00310,0.00018,0.00064,0.00430,0.00088,0.00165,0.01075
1403715378.212581157684326,0.00270,0.00018,0.00069,0.00391,0.00108,0.00165,0.01021
1403715378.262580156326294,0.00254,0.00019,0.00012,0.00388,0.00079,0.00159,0.00911
1403715378.312578439712524,0.00242,0.00018,0.00020,0.00383,0.00147,0.00162,0.00971
1403715378.362577676773071,0.00247,0.00018,0.00505,0.00345,0.00186,0.00161,0.01462
1403715378.412578344345093,0.00320,0.00028,0.00015,0.00301,0.00109,0.00204,0.00978
1403715378.462579011917114,0.00285,0.00018,0.00058,0.00303,0.00001,0.00164,0.00830
1403715378.512579917907715,0.00257,0.00018,0.00048,0.00251,0.00001,0.00160,0.00735
1403715378.562580823898315,0.00257,0.00018,0.00034,0.00245,0.01066,0.00166,0.01786
1403715378.612581491470337,0.00332,0.00018,0.00008,0.00393,0.00017,0.00155,0.00924
1403715378.662582159042358,0.00278,0.00019,0.00049,0.00395,0.00001,0.00154,0.00895
1403715378.712580680847168,0.00275,0.00018,0.00795,0.00357,0.00505,0.00166,0.02116
1403715378.762581110000610,0.00248,0.00020,0.00083,0.00458,0.00021,0.00166,0.00995
1403715378.812581539154053,0.00251,0.00020,0.00016,0.00428,0.00018,0.00158,0.00890
1403715378.862581968307495,0.00242,0.00020,0.00002,0.00451,0.00000,0.00172,0.00886
1403715378.912581920623779,0.00265,0.00020,0.00049,0.00410,0.00037,0.00165,0.00947
1403715378.962581634521484,0.00246,0.00019,0.00904,0.00418,0.00257,0.00163,0.02006
1403715379.012580633163452,0.00261,0.00027,0.00035,0.00447,0.00022,0.00203,0.00994
1403715379.062581777572632,0.00257,0.00022,0.00011,0.00472,0.00001,0.00163,0.00926
1403715379.112582206726074,0.00231,0.00020,0.00001,0.00444,0.00000,0.00170,0.00866
1403715379.162581443786621,0.00350,0.00020,0.00406,0.00441,0.00220,0.00166,0.01603
1403715379.212581634521484,0.00338,0.00020,0.00034,0.00460,0.00000,0.00166,0.01018
1403715379.262581110000610,0.00337,0.00019,0.00035,0.00457,0.00000,0.00167,0.01015
1403715379.312580823898315,0.00241,0.00020,0.00725,0.00448,0.00250,0.00162,0.01847
1403715379.362580776214600,0.00249,0.00018,0.00183,0.00495,0.00020,0.00166,0.01132
1403715379.412580490112305,0.00398,0.00021,0.00104,0.00512,0.00000,0.00180,0.01215
1403715379.462579488754272,0.00283,0.00027,0.00383,0.00503,0.00001,0.00175,0.01373
1403715379.512579441070557,0.00303,0.00032,0.00041,0.00486,0.00023,0.00215,0.01099
1403715379.562579393386841,0.00305,0.00021,0.00796,0.00477,0.00095,0.00173,0.01867
1403715379.612579584121704,0.00281,0.00019,0.00050,0.00473,0.00067,0.00169,0.01060
1403715379.662579536437988,0.00291,0.00022,0.00009,0.00498,0.00070,0.00201,0.01090
1403715379.712579250335693,0.00304,0.00020,0.00009,0.00508,0.00003,0.00176,0.01021
1403715379.762578010559082,0.00278,0.00020,0.00352,0.00491,0.00092,0.00172,0.01405
1403715379.812574148178101,0.00292,0.00021,0.00052,0.00438,0.00020,0.00175,0.00997
1403715379.862571477890015,0.00266,0.00021,0.00012,0.00463,0.00001,0.00160,0.00923
1403715379.912567853927612,0.00269,0.00020,0.00738,0.00415,0.00070,0.00166,0.01678
1403715379.962564945220947,0.00264,0.00019,0.00661,0.00451,0.00238,0.00163,0.01797
1403715380.012565851211548,0.00404,0.00021,0.00029,0.00464,0.00070,0.00176,0.01165
1403715380.062566995620728,0.00305,0.00027,0.00141,0.00434,0.00249,0.00169,0.01324
1403715380.112569570541382,0.00303,0.00020,0.00032,0.00488,0.00022,0.00179,0.01044
1403715380.162569761276245,0.00305,0.00021,0.00721,0.00478,0.00022,0.00179,0.01727
1403715380.212569475173950,0.00310,0.00020,0.00019,0.00494,0.00022,0.00184,0.01048
1403715380.262569665908813,0.00396,0.00020,0.00054,0.00421,0.00067,0.00184,0.01142
1403715380.312570810317993,0.00392,0.00022,0.00048,0.00548,0.00130,0.00179,0.01319
1403715380.362571716308594,0.00289,0.00021,0.00102,0.00449,0.00152,0.00169,0.01183
1403715380.412572383880615,0.00306,0.00018,0.00042,0.00609,0.00001,0.00260,0.01237
1403715380.462573289871216,0.00285,0.00020,0.00122,0.00422,0.00068,0.00167,0.01085
1403715380.512573480606079,0.00382,0.00019,0.00769,0.00495,0.00131,0.00179,0.01976
1403715380.562573909759521,0.00269,0.00018,0.01524,0.00406,0.00267,0.00167,0.02651
1403715380.612574338912964,0.00257,0.00017,0.00042,0.00471,0.00000,0.00211,0.00999
1403715380.662574529647827,0.00277,0.00019,0.00096,0.00401,0.00083,0.00165,0.01040
1403715380.712575197219849,0.00280,0.00021,0.00056,0.00389,0.00037,0.00157,0.00940
1403715380.762574195861816,0.00426,0.00019,0.00505,0.00348,0.00516,0.00184,0.01999
1403715380.812574625015259,0.00296,0.00019,0.00043,0.00408,0.00001,0.00165,0.00932
1403715380.862574815750122,0.00386,0.00019,0.00039,0.00427,0.00000,0.00225,0.01097
1403715380.912573575973511,0.00275,0.00022,0.00055,0.00311,0.00001,0.00158,0.00822
1403715380.962574243545532,0.00297,0.00017,0.00037,0.00289,0.00023,0.00162,0.00825
1403715381.012574195861816,0.00322,0.00019,0.00034,0.00285,0.00000,0.00168,0.00829
1403715381.062575340270996,0.00285,0.00017,0.00027,0.00300,0.00000,0.00168,0.00797
1403715381.112576246261597,0.00286,0.00018,0.00028,0.00302,0.00804,0.00168,0.01607
1403715381.162577152252197,0.00358,0.00019,0.01050,0.00381,0.00527,0.00165,0.02500
1403715381.212576627731323,0.00251,0.00022,0.00020,0.00436,0.00000,0.00154,0.00882
1403715381.262576580047607,0.00276,0.00021,0.00081,0.00426,0.00001,0.00162,0.00967
1403715381.312577247619629,0.00340,0.00021,0.00938,0.00419,0.00473,0.00178,0.02369
1403715381.362576723098755,0.00320,0.00019,0.00149,0.00426,0.00122,0.00155,0.01191
1403715381.412576198577881,0.00442,0.00020,0.00008,0.00462,0.00001,0.00161,0.01095
1403715381.462574720382690,0.00523,0.00020,0.00006,0.00415,0.00000,0.00176,0.01141
1403715381.512574672698975,0.00381,0.00018,0.00033,0.00375,0.00001,0.00201,0.01009
1403715381.562574148178101,0.00280,0.00017,0.00029,0.00363,0.00021,0.00212,0.00921
1403715381.612574100494385,0.00332,0.00023,0.00027,0.00367,0.00000,0.00174,0.00923
1403715381.662574291229248,0.00302,0.00017,0.00004,0.00443,0.00000,0.00177,0.00944
1403715381.712573766708374,0.00276,0.00017,0.00032,0.00344,0.00062,0.00181,0.00912
1403715381.762569427490234,0.00270,0.00017,0.00540,0.00327,0.01317,0.00171,0.02641
1403715381.812568664550781,0.00257,0.00018,0.00054,0.00534,0.00018,0.00183,0.01064
1403715381.862567901611328,0.00415,0.00020,0.00031,0.00526,0.00000,0.00185,0.01178
1403715381.912565946578979,0.00285,0.00023,0.00840,0.00530,0.00268,0.00157,0.02104
1403715381.962566852569580,0.00281,0.00022,0.00439,0.00567,0.00073,0.00163,0.01546
1403715382.012567520141602,0.00297,0.00022,0.01156,0.00585,0.00000,0.00163,0.02224
1403715382.062572956085205,0.00276,0.00020,0.00001,0.00565,0.00000,0.00171,0.01034
1403715382.112576961517334,0.00374,0.00022,0.00016,0.00508,0.00000,0.00174,0.01093
1403715382.162581682205200,0.00276,0.00027,0.00070,0.00494,0.00020,0.00172,0.01058
1403715382.212584257125854,0.00370,0.00020,0.00015,0.00475,0.00048,0.00194,0.01122
1403715382.262587070465088,0.00347,0.00021,0.00010,0.00530,0.00001,0.00168,0.01077
1403715382.312587976455688,0.00266,0.00021,0.00094,0.00435,0.00005,0.00170,0.00991
1403715382.362591266632080,0.00264,0.00019,0.00378,0.00408,0.00273,0.00165,0.01508
1403715382.412593126296997,0.00240,0.00018,0.00068,0.00406,0.00032,0.00166,0.00930
1403715382.462594270706177,0.00257,0.00019,0.00011,0.00379,0.00001,0.00158,0.00825
1403715382.512595415115356,0.00231,0.00016,0.00544,0.00350,0.00642,0.00163,0.01946
1403715382.562593698501587,0.00239,0.00017,0.00374,0.00454,0.00099,0.00170,0.01352
1403715382.612590551376343,0.00244,0.00019,0.01031,0.00663,0.00279,0.00157,0.02394
1403715382.662590026855469,0.00233,0.00020,0.00001,0.00602,0.00000,0.00160,0.01016
1403715382.712589979171753,0.00238,0.00021,0.00001,0.00582,0.00070,0.00158,0.01070
1403715382.762589216232300,0.00321,0.00019,0.00017,0.00608,0.00000,0.00168,0.01133
1403715382.812590122222900,0.00251,0.00018,0.00004,0.00609,0.00000,0.00171,0.01054
1403715382.862590074539185,0.00268,0.00019,0.00086,0.00580,0.00000,0.00168,0.01122
1403715382.912590265274048,0.00302,0.00023,0.00163,0.00573,0.00001,0.00167,0.01230
1403715382.962590456008911,0.00285,0.00018,0.00383,0.00569,0.00023,0.00185,0.01464
1403715383.012590646743774,0.00289,0.00026,0.00117,0.00551,0.00068,0.00166,0.01218
1403715383.062591552734375,0.00342,0.00023,0.00058,0.00578,0.00085,0.00176,0.01262
1403715383.112591981887817,0.00250,0.00018,0.00579,0.00595,0.00000,0.00175,0.01617
1403715383.162592649459839,0.00261,0.00021,0.00377,0.00576,0.00000,0.00175,0.01409
1403715383.212592124938965,0.00256,0.00021,0.00871,0.00579,0.00000,0.00159,0.01885
1403715383.262590646743774,0.00325,0.00021,0.00009,0.00480,0.00000,0.00163,0.00998
1403715383.312587022781372,0.00248,0.00019,0.00765,0.00438,0.00092,0.00185,0.01748
1403715383.362588167190552,0.00267,0.00017,0.00017,0.00408,0.00113,0.00172,0.00993
1403715383.412584781646729,0.00249,0.00019,0.00012,0.00360,0.00037,0.00159,0.00836
1403715383.462582111358643,0.00246,0.00023,0.00023,0.00447,0.00122,0.00166,0.01028
1403715383.512579679489136,0.00250,0.00020,0.00100,0.00546,0.00135,0.00176,0.01228
1403715383.562580347061157,0.00258,0.00020,0.00367,0.00647,0.00000,0.00168,0.01461
1403715383.612579822540283,0.00428,0.00020,0.00255,0.00514,0.00000,0.00174,0.01392
1403715383.662580966949463,0.00273,0.00020,0.00003,0.00535,0.00000,0.00166,0.00996
1403715383.712579250335693,0.00357,0.00019,0.00464,0.00503,0.00272,0.00168,0.01783
1403715383.762580156326294,0.00275,0.00024,0.00266,0.00540,0.00149,0.00169,0.01422
1403715383.812581300735474,0.00269,0.00022,0.00822,0.00578,0.00136,0.00163,0.01989
1403715383.862583160400391,0.00248,0.00022,0.00001,0.00613,0.00000,0.00166,0.01050
1403715383.912584543228149,0.00354,0.00021,0.00735,0.00671,0.00000,0.00188,0.01969
1403715383.962584972381592,0.00248,0.00022,0.00062,0.00590,0.00000,0.00169,0.01092
1403715384.012584924697876,0.00286,0.00021,0.00002,0.00581,0.00000,0.00173,0.01062
1403715384.062585353851318,0.00282,0.00021,0.00024,0.00549,0.00001,0.00175,0.01051
1403715384.112585306167603,0.00282,0.00019,0.00002,0.00539,0.00006,0.00171,0.01018
1403715384.162585020065308,0.00278,0.00019,0.00172,0.00518,0.00087,0.00176,0.01250
1403715384.212583303451538,0.00361,0.00024,0.00099,0.00532,0.00086,0.00167,0.01269
1403715384.262583017349243,0.00247,0.00020,0.00058,0.00490,0.00000,0.00198,0.01013
1403715384.312582015991211,0.00301,0.00023,0.00640,0.00467,0.00154,0.00177,0.01762
1403715384.362580776214600,0.00243,0.00019,0.00108,0.00495,0.00206,0.00159,0.01230
1403715384.412579774856567,0.00235,0.00019,0.00633,0.00516,0.00148,0.00192,0.01744
1403715384.462580919265747,0.00233,0.00020,0.00596,0.00545,0.00255,0.00170,0.01819
1403715384.512580633163452,0.00308,0.00021,0.00841,0.00572,0.00000,0.00186,0.01928
1403715384.562579870223999,0.00369,0.00020,0.00003,0.00574,0.00070,0.00163,0.01198
1403715384.612580060958862,0.00287,0.00021,0.00002,0.00609,0.00000,0.00172,0.01092
1403715384.662579059600830,0.00302,0.00022,0.00066,0.00571,0.00000,0.00165,0.01127
1403715384.712579727172852,0.00388,0.00020,0.00121,0.00521,0.00019,0.00176,0.01246
1403715384.762580633163452,0.00293,0.00021,0.00117,0.00501,0.00144,0.00169,0.01243
1403715384.812582254409790,0.00265,0.00021,0.00031,0.00509,0.00001,0.00170,0.00996
1403715384.862584114074707,0.00274,0.00019,0.00007,0.00516,0.00000,0.00173,0.00989
1403715384.912587404251099,0.00296,0.00020,0.00181,0.00447,0.00473,0.00178,0.01595
1403715384.962589740753174,0.00338,0.00022,0.00044,0.00552,0.00000,0.00174,0.01130
1403715385.012590646743774,0.00274,0.00018,0.00540,0.00508,0.00315,0.00178,0.01833
1403715385.062592267990112,0.00250,0.00018,0.00695,0.00570,0.00000,0.00164,0.01697
1403715385.112592220306396,0.00278,0.00020,0.00408,0.00546,0.00127,0.00162,0.01541
1403715385.162590980529785,0.00262,0.00020,0.00006,0.00562,0.00000,0.00170,0.01021
1403715385.212590456008911,0.00342,0.00020,0.00015,0.00544,0.00001,0.00157,0.01078
1403715385.262590885162354,0.00359,0.00019,0.00734,0.00525,0.00130,0.00176,0.01942
1403715385.312590360641479,0.00270,0.00017,0.00004,0.00563,0.00005,0.00161,0.01019
1403715385.362589597702026,0.00327,0.00020,0.00009,0.00544,0.00004,0.00168,0.01071
1403715385.412588834762573,0.00265,0.00018,0.00001,0.00557,0.00000,0.00230,0.01071
1403715385.462589502334595,0.00382,0.00018,0.00002,0.00532,0.00000,0.00168,0.01102
1403715385.512589931488037,0.00308,0.00031,0.00067,0.00535,0.00004,0.00213,0.01158
1403715385.562591314315796,0.00376,0.00019,0.00055,0.00543,0.00019,0.00179,0.01191
1403715385.612592220306396,0.00292,0.00019,0.00351,0.00528,0.00385,0.00169,0.01744
1403715385.662591457366943,0.00265,0.00020,0.00681,0.00741,0.00001,0.00221,0.01929
1403715385.712590456008911,0.00241,0.00018,0.00360,0.00600,0.00133,0.00161,0.01513
1403715385.762590408325195,0.00331,0.00027,0.00004,0.00721,0.00000,0.00151,0.01234
1403715385.812591552734375,0.00264,0.00020,0.00121,0.00618,0.00020,0.00162,0.01204
1403715385.862593412399292,0.00279,0.00019,0.00657,0.00630,0.00000,0.00158,0.01743
1403715385.912594318389893,0.00505,0.00022,0.00149,0.00620,0.00000,0.00168,0.01464
1403715385.962594985961914,0.00297,0.00020,0.00031,0.00569,0.00004,0.00166,0.01086
1403715386.012597084045410,0.00290,0.00019,0.00047,0.00513,0.00000,0.00176,0.01045
1403715386.062597751617432,0.00271,0.00018,0.00068,0.00460,0.00018,0.00168,0.01004
1403715386.112597703933716,0.00283,0.00017,0.00039,0.00444,0.00078,0.00171,0.01032
1403715386.162596940994263,0.00274,0.00016,0.00005,0.00455,0.00018,0.00171,0.00937
1403715386.212595701217651,0.00257,0.00018,0.00092,0.00483,0.00260,0.00164,0.01274
1403715386.262594461441040,0.00244,0.00018,0.00615,0.00551,0.00331,0.00167,0.01927
1403715386.312592983245850,0.00272,0.00019,0.00329,0.00577,0.00000,0.00164,0.01360
1403715386.362589120864868,0.00276,0.00018,0.00028,0.00625,0.00000,0.00169,0.01116
1403715386.412585020065308,0.00262,0.00020,0.00029,0.00492,0.00035,0.00155,0.00992
1403715386.462579011917114,0.00273,0.00018,0.01450,0.00512,0.00157,0.00164,0.02575
1403715386.512578248977661,0.00254,0.00019,0.00061,0.00620,0.00072,0.00270,0.01296
1403715386.562578201293945,0.00263,0.00017,0.00065,0.00578,0.00000,0.00166,0.01089
1403715386.612577915191650,0.00261,0.00018,0.00008,0.00681,0.00000,0.00213,0.01182
1403715386.662577152252197,0.00256,0.00018,0.00011,0.00533,0.00001,0.00156,0.00975
1403715386.712576866149902,0.00254,0.00019,0.00032,0.00527,0.00000,0.00160,0.00992
1403715386.762577772140503,0.00275,0.00016,0.00002,0.00532,0.00000,0.00163,0.00988
1403715386.812576770782471,0.00247,0.00020,0.00001,0.00527,0.00000,0.00167,0.00962
1403715386.862577199935913,0.00242,0.00017,0.00177,0.00526,0.00488,0.00157,0.01606
1403715386.912577867507935,0.00222,0.00020,0.00172,0.00638,0.00000,0.00171,0.01223
1403715386.962578058242798,0.00231,0.00019,0.00005,0.00653,0.00000,0.00165,0.01073
1403715387.012579441070557,0.00228,0.00020,0.00002,0.00633,0.00000,0.00161,0.01044
1403715387.062581062316895,0.00268,0.00022,0.01867,0.00646,0.00000,0.00157,0.02960
1403715387.112582445144653,0.00235,0.00017,0.00008,0.00580,0.00068,0.00156,0.01064
1403715387.162584066390991,0.00228,0.00017,0.00008,0.00548,0.00069,0.00157,0.01028
1403715387.212585687637329,0.00250,0.00019,0.00002,0.00554,0.00000,0.00162,0.00987
1403715387.262586593627930,0.00258,0.00020,0.00063,0.00548,0.00002,0.00160,0.01051
1403715387.312587022781372,0.00256,0.00024,0.00005,0.00499,0.00019,0.00167,0.00971
1403715387.362586975097656,0.00328,0.00021,0.00011,0.00473,0.00000,0.00166,0.00999
1403715387.412586450576782,0.00285,0.00019,0.00085,0.00472,0.00002,0.00168,0.01032
1403715387.462585687637329,0.00282,0.00020,0.00107,0.00441,0.00274,0.00169,0.01292
1403715387.512587785720825,0.00302,0.00023,0.00005,0.00467,0.00192,0.00207,0.01197
1403715387.562588691711426,0.00390,0.00023,0.00012,0.00466,0.00018,0.00175,0.01083
1403715387.612588882446289,0.00368,0.00025,0.00015,0.00448,0.00000,0.00170,0.01026
1403715387.662596464157104,0.00265,0.00019,0.01655,0.00461,0.00633,0.00175,0.03207
1403715387.712597370147705,0.00267,0.00017,0.00001,0.00570,0.00000,0.00167,0.01022
1403715387.762597322463989,0.00324,0.00020,0.00010,0.00519,0.00000,0.00167,0.01040
1403715387.812596559524536,0.00290,0.00025,0.00074,0.00513,0.00002,0.00203,0.01106
1403715387.862594366073608,0.00261,0.00019,0.00005,0.00511,0.00000,0.00160,0.00955
1403715387.912593841552734,0.00258,0.00019,0.00690,0.00500,0.00530,0.00166,0.02164
1403715387.962593793869019,0.00313,0.00023,0.00008,0.00607,0.00000,0.00178,0.01130
1403715388.012593746185303,0.00268,0.00020,0.00024,0.00533,0.00130,0.00177,0.01152
1403715388.062593460083008,0.00295,0.00019,0.00109,0.00537,0.00146,0.00165,0.01270
1403715388.112592697143555,0.00313,0.00020,0.00035,0.00557,0.00000,0.00206,0.01132
1403715388.162591457366943,0.00308,0.00019,0.00022,0.00557,0.00000,0.00171,0.01077
1403715388.212590694427490,0.00312,0.00023,0.00055,0.00526,0.00000,0.00178,0.01095
1403715388.262586116790771,0.00278,0.00021,0.01520,0.00418,0.00257,0.00170,0.02663
1403715388.312585353851318,0.00295,0.00018,0.00076,0.00385,0.00018,0.00166,0.00958
1403715388.362583398818970,0.00274,0.00016,0.00071,0.00346,0.00019,0.00160,0.00887
1403715388.412582159042358,0.00342,0.00031,0.00022,0.00394,0.00158,0.00209,0.01155
1403715388.462581634521484,0.00281,0.00017,0.00080,0.00294,0.00002,0.00161,0.00834
1403715388.512577056884766,0.00303,0.00030,0.00532,0.00250,0.01407,0.00161,0.02683
1403715388.562577009201050,0.00253,0.00018,0.00033,0.00430,0.00001,0.00177,0.00912
1403715388.612576723098755,0.00306,0.00021,0.00038,0.00449,0.00068,0.00169,0.01051
1403715388.662576198577881,0.00276,0.00018,0.00043,0.00440,0.00157,0.00158,0.01092
1403715388.712575435638428,0.00356,0.00017,0.00007,0.00487,0.00000,0.00171,0.01038
1403715388.762575626373291,0.00291,0.00022,0.00014,0.00463,0.00001,0.00168,0.00960
1403715388.812575340270996,0.00285,0.00018,0.00009,0.00441,0.00000,0.00219,0.00972
1403715388.862575054168701,0.00283,0.00019,0.00961,0.00433,0.01075,0.00186,0.02957
1403715388.912574768066406,0.00347,0.00017,0.00004,0.00609,0.00000,0.00163,0.01139
1403715388.962574958801270,0.00336,0.00018,0.00113,0.00594,0.00001,0.00166,0.01228
1403715389.012575149536133,0.00341,0.00019,0.00006,0.00583,0.00021,0.00170,0.01139
1403715389.062575817108154,0.00336,0.00021,0.00408,0.00562,0.00256,0.00177,0.01759
1403715389.112575769424438,0.00262,0.00019,0.00513,0.00581,0.00000,0.00168,0.01543
1403715389.162575483322144,0.00344,0.00021,0.00682,0.00559,0.00151,0.00155,0.01911
1403715389.212575197219849,0.00257,0.00020,0.00015,0.00599,0.00019,0.00156,0.01066
1403715389.262574911117554,0.00267,0.00018,0.00008,0.00560,0.00128,0.00161,0.01142
1403715389.312574386596680,0.00325,0.00021,0.00031,0.00589,0.00000,0.00162,0.01128
1403715389.362574577331543,0.00322,0.00021,0.00054,0.00507,0.00002,0.00157,0.01062
1403715389.412573814392090,0.00338,0.00020,0.00026,0.00508,0.00003,0.00184,0.01079
1403715389.462572813034058,0.00281,0.00020,0.00774,0.00521,0.00624,0.00163,0.02383
1403715389.512572526931763,0.00266,0.00021,0.00109,0.00635,0.00000,0.00165,0.01195
1403715389.562572479248047,0.00353,0.00041,0.00002,0.00630,0.00000,0.00218,0.01244
1403715389.612572669982910,0.00392,0.00022,0.00008,0.00608,0.00020,0.00174,0.01225
1403715389.662572145462036,0.00272,0.00020,0.00338,0.00643,0.00172,0.00169,0.01614
1403715389.712571382522583,0.00278,0.00019,0.00334,0.00634,0.00000,0.00170,0.01436
1403715389.762572050094604,0.00262,0.00019,0.00605,0.00635,0.00000,0.00179,0.01699
1403715389.812572956085205,0.00269,0.00021,0.00067,0.00631,0.00021,0.00166,0.01175
1403715389.862573623657227,0.00341,0.00022,0.00002,0.00667,0.00000,0.00172,0.01203
1403715389.912574768066406,0.00273,0.00021,0.00002,0.00636,0.00000,0.00182,0.01114
1403715389.962576389312744,0.00271,0.00021,0.00902,0.00619,0.00000,0.00165,0.01977
1403715390.012578010559082,0.00270,0.00022,0.00131,0.00607,0.00019,0.00158,0.01206
1403715390.062578439712524,0.00272,0.00026,0.00662,0.00614,0.00150,0.00206,0.01930
1403715390.112578630447388,0.00297,0.00025,0.00055,0.00577,0.00019,0.00163,0.01137
1403715390.162578821182251,0.00274,0.00020,0.00035,0.00574,0.00000,0.00175,0.01078
1403715390.212579250335693,0.00273,0.00020,0.00084,0.00563,0.00019,0.00162,0.01122
1403715390.262579917907715,0.00277,0.00018,0.00331,0.00551,0.00147,0.00155,0.01480
1403715390.312579154968262,0.00327,0.00022,0.00132,0.00539,0.00148,0.00159,0.01328
1403715390.362578392028809,0.00272,0.00022,0.00549,0.00568,0.00023,0.00154,0.01588
1403715390.412579774856567,0.00292,0.00020,0.00077,0.00573,0.00019,0.00168,0.01149
1403715390.462580442428589,0.00359,0.00020,0.00041,0.00574,0.00001,0.00169,0.01165
1403715390.512581348419189,0.00253,0.00018,0.00014,0.00578,0.00001,0.00155,0.01021
1403715390.562582731246948,0.00278,0.00025,0.00565,0.00515,0.00118,0.00200,0.01701
1403715390.612582683563232,0.00260,0.00017,0.00096,0.00557,0.00204,0.00152,0.01287
1403715390.662582635879517,0.00423,0.00020,0.00546,0.00597,0.00279,0.00169,0.02034
1403715390.712583303451538,0.00277,0.00019,0.00011,0.00593,0.00000,0.00173,0.01073
1403715390.762584209442139,0.00271,0.00021,0.00011,0.00570,0.00000,0.00169,0.01042
1403715390.812585353851318,0.00277,0.00019,0.00102,0.00537,0.00002,0.00164,0.01101
1403715390.862589120864868,0.00261,0.00018,0.00471,0.00537,0.00508,0.00165,0.01960
1403715390.912588834762573,0.00347,0.00021,0.00052,0.00626,0.00019,0.00162,0.01226
1403715390.962589502334595,0.00276,0.00021,0.00433,0.00658,0.00000,0.00172,0.01560
1403715391.012588500976562,0.00265,0.00021,0.00062,0.00625,0.00000,0.00167,0.01141
1403715391.062588453292847,0.00260,0.00019,0.00001,0.00632,0.00000,0.00185,0.01098
1403715391.112588644027710,0.00278,0.00019,0.00119,0.00617,0.00019,0.00162,0.01214
1403715391.162590265274048,0.00268,0.00019,0.00491,0.00674,0.00000,0.00174,0.01627
1403715391.212596416473389,0.00344,0.00019,0.00882,0.00654,0.00000,0.00170,0.02069
1403715391.262598514556885,0.00255,0.00020,0.00524,0.00647,0.00000,0.00176,0.01622
1403715391.312598466873169,0.00265,0.00018,0.00026,0.00601,0.00021,0.00166,0.01096
1403715391.362596273422241,0.00252,0.00019,0.00004,0.00632,0.00000,0.00163,0.01069
1403715391.412596225738525,0.00323,0.00019,0.00019,0.00611,0.00000,0.00168,0.01140
1403715391.462595224380493,0.00382,0.00019,0.00380,0.00565,0.00004,0.00184,0.01536
1403715391.512594461441040,0.00352,0.00020,0.00057,0.00587,0.00023,0.00163,0.01201
1403715391.562594413757324,0.00348,0.00020,0.00362,0.00649,0.00204,0.00161,0.01745
1403715391.612593650817871,0.00356,0.00019,0.00117,0.00603,0.00000,0.00182,0.01277
1403715391.662591695785522,0.00266,0.00020,0.00041,0.00576,0.00000,0.00164,0.01067
1403715391.712589502334595,0.00263,0.00019,0.00095,0.00547,0.00157,0.00169,0.01251
1403715391.762587785720825,0.00273,0.00021,0.00487,0.00540,0.00020,0.00164,0.01504
1403715391.812586545944214,0.00304,0.00021,0.00530,0.00521,0.00019,0.00164,0.01557
1403715391.862584114074707,0.00348,0.00019,0.00249,0.00485,0.00279,0.00164,0.01545
1403715391.912586450576782,0.00341,0.00019,0.00028,0.00552,0.00000,0.00157,0.01097
1403715391.962588071823120,0.00373,0.00047,0.00009,0.00691,0.00021,0.00166,0.01307
1403715392.012586832046509,0.00266,0.00026,0.00445,0.00517,0.00266,0.00161,0.01680
1403715392.062584877014160,0.00251,0.00021,0.00368,0.00536,0.00127,0.00162,0.01464
1403715392.112583160400391,0.00231,0.00019,0.00050,0.00540,0.00000,0.00154,0.00995
1403715392.162582874298096,0.00226,0.00045,0.00068,0.00480,0.00395,0.00195,0.01410
1403715392.212583065032959,0.00270,0.00018,0.00002,0.00564,0.00072,0.00153,0.01079
1403715392.262584924697876,0.00279,0.00029,0.00029,0.00566,0.00019,0.00178,0.01100
1403715392.312585353851318,0.00350,0.00018,0.00076,0.00551,0.00019,0.00165,0.01180
1403715392.362590074539185,0.00393,0.00021,0.00567,0.00493,0.00158,0.00205,0.01838
1403715392.412590742111206,0.00357,0.00022,0.00117,0.00421,0.00444,0.00158,0.01520
1403715392.462591648101807,0.00369,0.00027,0.00028,0.00473,0.00017,0.00191,0.01106
1403715392.512589931488037,0.00393,0.00018,0.00389,0.00432,0.00466,0.00158,0.01856
1403715392.562587976455688,0.00391,0.00029,0.00092,0.00477,0.00027,0.00229,0.01246
1403715392.612584590911865,0.00310,0.00020,0.00051,0.00491,0.00293,0.00159,0.01324
1403715392.662584066390991,0.00285,0.00027,0.00134,0.00406,0.00459,0.00232,0.01543
1403715392.712583303451538,0.00303,0.00017,0.00099,0.00470,0.00019,0.00162,0.01070
1403715392.762581110000610,0.00327,0.00027,0.00083,0.00430,0.00243,0.00207,0.01316
1403715392.812580347061157,0.00266,0.00018,0.00014,0.00453,0.00000,0.00160,0.00912
1403715392.862579345703125,0.00240,0.00017,0.00079,0.00427,0.00263,0.00180,0.01205
1403715392.912578582763672,0.00254,0.00017,0.00035,0.00486,0.00031,0.00161,0.00985
1403715392.962577342987061,0.00235,0.00020,0.00604,0.00486,0.00625,0.00176,0.02147
1403715393.012577295303345,0.00329,0.00020,0.00030,0.00493,0.00018,0.00150,0.01040
1403715393.062575578689575,0.00323,0.00021,0.00100,0.00435,0.00001,0.00164,0.01044
1403715393.112569808959961,0.00256,0.00019,0.00493,0.00411,0.00435,0.00165,0.01780
1403715393.162565469741821,0.00268,0.00020,0.00024,0.00437,0.00136,0.00164,0.01049
1403715393.212563276290894,0.00264,0.00019,0.00027,0.00429,0.00058,0.00166,0.00963
1403715393.262561082839966,0.00282,0.00022,0.00046,0.00354,0.00086,0.00162,0.00951
1403715393.312554359436035,0.00288,0.00020,0.00462,0.00364,0.00607,0.00168,0.01910
1403715393.362551689147949,0.00278,0.00021,0.00020,0.00339,0.00041,0.00155,0.00853
1403715393.412549972534180,0.00251,0.00019,0.00014,0.00255,0.00001,0.00154,0.00695
1403715393.462549924850464,0.00359,0.00018,0.00033,0.00155,0.00062,0.00173,0.00799
1403715393.512550115585327,0.00276,0.00017,0.00074,0.00144,0.00051,0.00163,0.00724
1403715393.562552928924561,0.00385,0.00027,0.00026,0.00171,0.00698,0.00162,0.01469
1403715393.612553596496582,0.00277,0.00017,0.00224,0.00275,0.01205,0.00156,0.02154
1403715393.662554979324341,0.00267,0.00026,0.00076,0.00471,0.00000,0.00158,0.00998
1403715393.712558507919312,0.00268,0.00023,0.00269,0.00367,0.00325,0.00159,0.01411
1403715393.762563943862915,0.00291,0.00019,0.00094,0.00380,0.00000,0.00166,0.00951
1403715393.812569141387939,0.00309,0.00018,0.00150,0.00319,0.00059,0.00163,0.01018
1403715393.862570047378540,0.00347,0.00017,0.00090,0.00288,0.00048,0.00164,0.00955
1403715393.912569522857666,0.00339,0.00019,0.00020,0.00263,0.00078,0.00169,0.00888
1403715393.962568521499634,0.00372,0.00023,0.00020,0.00234,0.00015,0.00169,0.00833
1403715394.012569427490234,0.00364,0.00018,0.00023,0.00255,0.01605,0.00161,0.02426
1403715394.062569379806519,0.00358,0.00022,0.00019,0.00449,0.00196,0.00176,0.01220
1403715394.112569093704224,0.00277,0.00020,0.00001,0.00472,0.00066,0.00168,0.01003
1403715394.162568092346191,0.00271,0.00020,0.00071,0.00437,0.00179,0.00169,0.01146
1403715394.212566137313843,0.00276,0.00021,0.00066,0.00451,0.00474,0.00158,0.01445
1403715394.262566566467285,0.00255,0.00018,0.00015,0.00563,0.00024,0.00159,0.01034
1403715394.312566280364990,0.00256,0.00029,0.00124,0.00445,0.00043,0.00154,0.01051
1403715394.362565994262695,0.00332,0.00018,0.00087,0.00455,0.00463,0.00168,0.01523
1403715394.412567615509033,0.00282,0.00018,0.00019,0.00442,0.00240,0.00162,0.01163
1403715394.462567329406738,0.00239,0.00019,0.00516,0.00416,0.00443,0.00155,0.01788
1403715394.512566566467285,0.00253,0.00018,0.00046,0.00427,0.00122,0.00157,0.01022
1403715394.562565326690674,0.00238,0.00018,0.00049,0.00430,0.00016,0.00165,0.00916
1403715394.612563371658325,0.00321,0.00017,0.00008,0.00355,0.00236,0.00163,0.01099
1403715394.662559986114502,0.00255,0.00018,0.00019,0.00314,0.00120,0.00160,0.00886
1403715394.712556362152100,0.00258,0.00019,0.00020,0.00274,0.00027,0.00165,0.00763
1403715394.762552976608276,0.00267,0.00017,0.00077,0.00264,0.00071,0.00153,0.00850
1403715394.812551259994507,0.00272,0.00018,0.00038,0.00300,0.00086,0.00160,0.00874
1403715394.862549304962158,0.00279,0.00018,0.00084,0.00251,0.00014,0.00145,0.00791
1403715394.912549018859863,0.00309,0.00017,0.00023,0.00242,0.01083,0.00159,0.01833
1403715394.962549686431885,0.00272,0.00016,0.00022,0.00260,0.00025,0.00152,0.00747
1403715395.012553453445435,0.00273,0.00016,0.00030,0.00217,0.00019,0.00148,0.00704
1403715395.062554836273193,0.00239,0.00018,0.00022,0.00176,0.00094,0.00150,0.00700
1403715395.112555265426636,0.00255,0.00018,0.00021,0.00216,0.00047,0.00155,0.00712
1403715395.162556171417236,0.00290,0.00016,0.00025,0.00279,0.00104,0.00156,0.00870
1403715395.212555885314941,0.00268,0.00019,0.00013,0.00310,0.00014,0.00153,0.00776
1403715395.262556552886963,0.00262,0.00017,0.00005,0.00328,0.00000,0.00153,0.00766
1403715395.312557220458984,0.00268,0.00018,0.00046,0.00314,0.00000,0.00155,0.00801
1403715395.362556219100952,0.00376,0.00017,0.00012,0.00275,0.00003,0.00168,0.00851
1403715395.412555456161499,0.00301,0.00016,0.00024,0.00233,0.00004,0.00170,0.00749
1403715395.462553739547729,0.00353,0.00015,0.00006,0.00192,0.00427,0.00170,0.01164
1403715395.512553930282593,0.00339,0.00013,0.00008,0.00229,0.00196,0.00179,0.00964
1403715395.562554597854614,0.00323,0.00018,0.00029,0.00233,0.00000,0.00167,0.00771
1403715395.612554073333740,0.00366,0.00017,0.00035,0.00230,0.00012,0.00181,0.00840
1403715395.662553548812866,0.00276,0.00017,0.00091,0.00248,0.00433,0.00175,0.01239
1403715395.712553262710571,0.00349,0.00018,0.00077,0.00285,0.00444,0.00173,0.01346
1403715395.762553453445435,0.00273,0.00017,0.00398,0.00340,0.00657,0.00171,0.01854
1403715395.812553644180298,0.00319,0.00019,0.00013,0.00411,0.00000,0.00158,0.00921
1403715395.862555980682373,0.00328,0.00020,0.00008,0.00409,0.00000,0.00165,0.00930
1403715395.912556171417236,0.00256,0.00019,0.00975,0.00400,0.00019,0.00162,0.01830
1403715395.962555885314941,0.00281,0.00020,0.00002,0.00403,0.00000,0.00162,0.00868
1403715396.012556791305542,0.00342,0.00021,0.00003,0.00411,0.00000,0.00169,0.00945
1403715396.062557697296143,0.00262,0.00017,0.00113,0.00389,0.00953,0.00168,0.01901
1403715396.112557172775269,0.00244,0.00020,0.00258,0.00535,0.00000,0.00156,0.01214
1403715396.162556648254395,0.00317,0.00021,0.00012,0.00515,0.00000,0.00171,0.01035
1403715396.212555170059204,0.00238,0.00019,0.00001,0.00486,0.00000,0.00169,0.00913
1403715396.262553215026855,0.00394,0.00021,0.00128,0.00474,0.00245,0.00174,0.01436
1403715396.312552213668823,0.00357,0.00020,0.00004,0.00536,0.00005,0.00178,0.01100
1403715396.362550973892212,0.00362,0.00021,0.00432,0.00513,0.00382,0.00166,0.01876
1403715396.412552356719971,0.00269,0.00020,0.00005,0.00598,0.00000,0.00160,0.01051
1403715396.462553977966309,0.00293,0.00019,0.00007,0.00558,0.00000,0.00194,0.01071
1403715396.512555599212646,0.00368,0.00020,0.00980,0.00556,0.00004,0.00150,0.02079
1403715396.562555551528931,0.00343,0.00035,0.00019,0.00552,0.00000,0.00169,0.01119
1403715396.612554550170898,0.00264,0.00020,0.00009,0.00504,0.00000,0.00177,0.00973
1403715396.662552833557129,0.00267,0.00024,0.00012,0.00480,0.00130,0.00165,0.01077
1403715396.712552309036255,0.00269,0.00018,0.00010,0.00470,0.00007,0.00174,0.00948
1403715396.762552261352539,0.00273,0.00020,0.00015,0.00409,0.00000,0.00164,0.00881
1403715396.812551259994507,0.00246,0.00017,0.00366,0.00383,0.00136,0.00175,0.01323
1403715396.862551689147949,0.00266,0.00017,0.00001,0.00421,0.00005,0.00167,0.00878
1403715396.912552595138550,0.00269,0.00019,0.00002,0.00392,0.00005,0.00171,0.00856
1403715396.962555646896362,0.00259,0.00018,0.00014,0.00377,0.00455,0.00166,0.01288
1403715397.012556552886963,0.00322,0.00018,0.00011,0.00419,0.00017,0.00153,0.00940
1403715397.062558412551880,0.00344,0.00020,0.00005,0.00430,0.00000,0.00174,0.00973
1403715397.112560033798218,0.00265,0.00019,0.00635,0.00392,0.00594,0.00156,0.02062
1403715397.162559747695923,0.00333,0.00018,0.00001,0.00509,0.00000,0.00163,0.01025
1403715397.212559938430786,0.00344,0.00018,0.00008,0.00499,0.00000,0.00161,0.01031
1403715397.262560606002808,0.00264,0.00019,0.00010,0.00473,0.00000,0.00167,0.00933
1403715397.312562942504883,0.00335,0.00018,0.00002,0.00475,0.00257,0.00192,0.01279
1403715397.362565040588379,0.00253,0.00017,0.00001,0.00609,0.00000,0.00215,0.01096
1403715397.412567377090454,0.00242,0.00017,0.00518,0.00530,0.00138,0.00161,0.01608
1403715397.462568521499634,0.00237,0.00022,0.00061,0.00524,0.00004,0.00155,0.01002
1403715397.512569427490234,0.00267,0.00019,0.00047,0.00523,0.00005,0.00163,0.01024
1403715397.562570810317993,0.00228,0.00020,0.00549,0.00505,0.00419,0.00174,0.01895
1403715397.612571477890015,0.00239,0.00022,0.00005,0.00605,0.00000,0.00148,0.01019
1403715397.662571668624878,0.00297,0.00025,0.00002,0.00586,0.00000,0.00169,0.01079
1403715397.712572574615479,0.00260,0.00019,0.00610,0.00563,0.00131,0.00180,0.01764
1403715397.762572526931763,0.00283,0.00020,0.00029,0.00657,0.00000,0.00156,0.01144
1403715397.812574625015259,0.00301,0.00021,0.00045,0.00542,0.00000,0.00164,0.01073
1403715397.862576246261597,0.00289,0.00019,0.00008,0.00508,0.00000,0.00163,0.00987
1403715397.912576675415039,0.00256,0.00022,0.00087,0.00504,0.00000,0.00165,0.01034
1403715397.962577581405640,0.00309,0.00018,0.00237,0.00505,0.00017,0.00162,0.01248
1403715398.012579441070557,0.00279,0.00020,0.00394,0.00501,0.00751,0.00159,0.02104
1403715398.062581300735474,0.00340,0.00021,0.00120,0.00622,0.00000,0.00165,0.01268
1403715398.112583637237549,0.00433,0.00021,0.00090,0.00579,0.00005,0.00166,0.01294
1403715398.162585973739624,0.00372,0.00020,0.00356,0.00543,0.00390,0.00159,0.01840
1403715398.212590217590332,0.00261,0.00019,0.00092,0.00610,0.00142,0.00174,0.01297
1403715398.262593269348145,0.00340,0.00021,0.00006,0.00618,0.00000,0.00169,0.01155
1403715398.312594652175903,0.00269,0.00022,0.00391,0.00569,0.00260,0.00153,0.01663
1403715398.362595081329346,0.00266,0.00025,0.00085,0.00652,0.00000,0.00169,0.01196
1403715398.412595748901367,0.00284,0.00020,0.00048,0.00616,0.00016,0.00158,0.01142
1403715398.462594985961914,0.00256,0.00024,0.00001,0.00629,0.00000,0.00157,0.01068
1403715398.512594699859619,0.00258,0.00020,0.00339,0.00690,0.00362,0.00159,0.01828
1403715398.562594652175903,0.00258,0.00021,0.00486,0.00668,0.00000,0.00162,0.01596
1403715398.612596035003662,0.00340,0.00024,0.00347,0.00671,0.00000,0.00157,0.01539
1403715398.662599325180054,0.00265,0.00019,0.00684,0.00605,0.00021,0.00164,0.01758
1403715398.712601661682129,0.00267,0.00018,0.00078,0.00588,0.00022,0.00157,0.01129
1403715398.762602567672729,0.00256,0.00019,0.00070,0.00563,0.00268,0.00166,0.01343
1403715398.812602043151855,0.00260,0.00018,0.00049,0.00574,0.00000,0.00168,0.01069
1403715398.862601518630981,0.00232,0.00021,0.00078,0.00539,0.00000,0.00155,0.01025
1403715398.912600040435791,0.00256,0.00020,0.00006,0.00491,0.00368,0.00149,0.01291
1403715398.962598323822021,0.00316,0.00019,0.00038,0.00580,0.00000,0.00199,0.01153
1403715399.012597084045410,0.00287,0.00024,0.00010,0.00565,0.00002,0.00157,0.01044
1403715399.062596082687378,0.00235,0.00020,0.00002,0.00564,0.00000,0.00164,0.00985
1403715399.112594604492188,0.00245,0.00020,0.00002,0.00558,0.00447,0.00160,0.01431
1403715399.162593364715576,0.00252,0.00020,0.00926,0.00657,0.00261,0.00165,0.02282
1403715399.212593555450439,0.00240,0.00020,0.00006,0.00729,0.00000,0.00162,0.01157
1403715399.262593507766724,0.00263,0.00020,0.00430,0.00711,0.00000,0.00168,0.01592
1403715399.312592983245850,0.00278,0.00020,0.00028,0.00715,0.00000,0.00177,0.01217
1403715399.362590789794922,0.00274,0.00019,0.00009,0.00697,0.00000,0.00177,0.01178
1403715399.412589788436890,0.00277,0.00021,0.00002,0.00700,0.00000,0.00168,0.01167
1403715399.462589979171753,0.00269,0.00018,0.00006,0.00709,0.00021,0.00169,0.01193
1403715399.512588500976562,0.00276,0.00024,0.00644,0.00711,0.00000,0.00178,0.01834
1403715399.562586784362793,0.00380,0.00020,0.00002,0.00714,0.00000,0.00195,0.01311
1403715399.612585067749023,0.00418,0.00022,0.00010,0.00712,0.00000,0.00171,0.01334
1403715399.662584066390991,0.00279,0.00019,0.00006,0.00715,0.00000,0.00181,0.01200
1403715399.712582826614380,0.00244,0.00021,0.00010,0.00687,0.00020,0.00161,0.01143
1403715399.762580871582031,0.00244,0.00021,0.00799,0.00724,0.00000,0.00157,0.01945
1403715399.812579870223999,0.00223,0.00018,0.00005,0.00689,0.00000,0.00160,0.01093
1403715399.862577199935913,0.00234,0.00020,0.00468,0.00684,0.00000,0.00170,0.01576
1403715399.912576198577881,0.00231,0.00019,0.00124,0.00687,0.00000,0.00163,0.01224
1403715399.962575197219849,0.00236,0.00018,0.00028,0.00679,0.00001,0.00166,0.01128
1403715400.012574195861816,0.00241,0.00021,0.00002,0.00671,0.00000,0.00159,0.01094
1403715400.062574386596680,0.00271,0.00019,0.00002,0.00680,0.00000,0.00167,0.01138
1403715400.112574577331543,0.00331,0.00020,0.00623,0.00673,0.00135,0.00162,0.01944
1403715400.162575006484985,0.00292,0.00021,0.00002,0.00719,0.00000,0.00164,0.01198
1403715400.212575435638428,0.00253,0.00020,0.00006,0.00716,0.00000,0.00170,0.01166
1403715400.262575864791870,0.00328,0.00020,0.00002,0.00817,0.00000,0.00157,0.01323
1403715400.312577009201050,0.00246,0.00022,0.00001,0.00698,0.00000,0.00152,0.01120
1403715400.362577915191650,0.00246,0.00023,0.00975,0.00699,0.00000,0.00157,0.02100
1403715400.412577629089355,0.00252,0.00021,0.00001,0.00695,0.00000,0.00162,0.01131
1403715400.462577342987061,0.00252,0.00020,0.00474,0.00654,0.00021,0.00167,0.01588
1403715400.512575387954712,0.00225,0.00019,0.00130,0.00632,0.00000,0.00152,0.01158
1403715400.562574625015259,0.00235,0.00022,0.00101,0.00606,0.00233,0.00196,0.01392
1403715400.612573862075806,0.00505,0.00020,0.00013,0.00528,0.00000,0.00162,0.01227
1403715400.662571907043457,0.00400,0.00019,0.00014,0.00434,0.00001,0.00168,0.01035
1403715400.712568521499634,0.00305,0.00019,0.00373,0.00385,0.00545,0.00174,0.01801
1403715400.762570619583130,0.00282,0.00019,0.00035,0.00450,0.00042,0.00166,0.00993
1403715400.812574625015259,0.00292,0.00020,0.00008,0.00495,0.00032,0.00163,0.01011
1403715400.862575292587280,0.00274,0.00020,0.00023,0.00461,0.00027,0.00171,0.00976
1403715400.912575006484985,0.00283,0.00020,0.00008,0.00520,0.00000,0.00159,0.00990
1403715400.962578058242798,0.00282,0.00016,0.00724,0.00454,0.00626,0.00163,0.02265
1403715401.012577533721924,0.00275,0.00022,0.00001,0.00625,0.00000,0.00165,0.01089
1403715401.062577962875366,0.00275,0.00021,0.00451,0.00556,0.00094,0.00183,0.01581
1403715401.112576961517334,0.00309,0.00019,0.00071,0.00583,0.00020,0.00172,0.01174
1403715401.162573337554932,0.00300,0.00027,0.01147,0.00569,0.00251,0.00207,0.02501
1403715401.212572097778320,0.00278,0.00020,0.00040,0.00613,0.00000,0.00156,0.01107
1403715401.262571096420288,0.00254,0.00017,0.00014,0.00603,0.00000,0.00160,0.01049
1403715401.312571525573730,0.00496,0.00020,0.00247,0.00563,0.00286,0.00174,0.01786
1403715401.362569332122803,0.00287,0.00019,0.00024,0.00702,0.00042,0.00167,0.01242
1403715401.412569761276245,0.00287,0.00019,0.00028,0.00611,0.00000,0.00162,0.01108
1403715401.462568998336792,0.00284,0.00021,0.00037,0.00535,0.00000,0.00176,0.01053
1403715401.512569665908813,0.00372,0.00022,0.00059,0.00546,0.00001,0.00176,0.01175
1403715401.562568664550781,0.00297,0.00026,0.00545,0.00504,0.00417,0.00183,0.01973
1403715401.612568616867065,0.00296,0.00020,0.00111,0.00591,0.00000,0.00173,0.01191
1403715401.662569761276245,0.00370,0.00021,0.00505,0.00505,0.00000,0.00176,0.01577
1403715401.712568044662476,0.00365,0.00021,0.00245,0.00386,0.00062,0.00196,0.01275
1403715401.762568473815918,0.00253,0.00020,0.00782,0.00423,0.00237,0.00156,0.01872
1403715401.812572002410889,0.00243,0.00021,0.00131,0.00250,0.00057,0.00155,0.00858
1403715401.862578868865967,0.00237,0.00020,0.00702,0.00297,0.00365,0.00157,0.01777
1403715401.912583589553833,0.00228,0.00018,0.00365,0.00144,0.00153,0.00160,0.01069
1403715401.962586641311646,0.00255,0.00019,0.00019,0.00347,0.00040,0.00153,0.00833
1403715402.012587070465088,0.00286,0.00017,0.00056,0.00414,0.00087,0.00154,0.01013
1403715402.062586784362793,0.00302,0.00031,0.00038,0.00566,0.00000,0.00159,0.01096
1403715402.112584352493286,0.00327,0.00022,0.00048,0.00366,0.00060,0.00164,0.00986
1403715402.162585258483887,0.00376,0.00019,0.00071,0.00362,0.00697,0.00172,0.01697
1403715402.212585449218750,0.00355,0.00021,0.00103,0.00452,0.00041,0.00166,0.01138
1403715402.262586116790771,0.00322,0.00020,0.00044,0.00454,0.00538,0.00284,0.01663
1403715402.312585115432739,0.00371,0.00019,0.00009,0.00540,0.00070,0.00171,0.01179
1403715402.362585306167603,0.00275,0.00020,0.00513,0.00431,0.00240,0.00290,0.01769
1403715402.412585496902466,0.00298,0.00021,0.00051,0.00452,0.00070,0.00165,0.01057
1403715402.462586879730225,0.00382,0.00019,0.00338,0.00440,0.00291,0.00186,0.01655
1403715402.512589216232300,0.00278,0.00020,0.00345,0.00523,0.00254,0.00166,0.01586
1403715402.562589406967163,0.00269,0.00019,0.00168,0.00502,0.00000,0.00167,0.01125
1403715402.612589836120605,0.00304,0.00022,0.00090,0.00404,0.00003,0.00194,0.01015
1403715402.662590980529785,0.00340,0.00019,0.00314,0.00381,0.00217,0.00153,0.01424
1403715402.712591171264648,0.00340,0.00020,0.00064,0.00386,0.00017,0.00169,0.00996
1403715402.762591600418091,0.00327,0.00023,0.00022,0.00286,0.00000,0.00156,0.00814
1403715402.812592506408691,0.00355,0.00017,0.00010,0.00262,0.00000,0.00165,0.00810
1403715402.862596750259399,0.00344,0.00017,0.00602,0.00286,0.01471,0.00160,0.02880
1403715402.912597179412842,0.00256,0.00021,0.00010,0.00489,0.00021,0.00166,0.00963
1403715402.962599039077759,0.00291,0.00018,0.00239,0.00491,0.00377,0.00171,0.01587
1403715403.012598991394043,0.00341,0.00022,0.00027,0.00541,0.00033,0.00171,0.01136
1403715403.062597036361694,0.00282,0.00017,0.00208,0.00566,0.00067,0.00163,0.01303
1403715403.112596035003662,0.00290,0.00020,0.00132,0.00504,0.00125,0.00167,0.01238
1403715403.162594079971313,0.00270,0.00018,0.00053,0.00501,0.00195,0.00151,0.01189
1403715403.212593555450439,0.00334,0.00019,0.00127,0.00536,0.00033,0.00172,0.01220
1403715403.262593746185303,0.00291,0.00020,0.00429,0.00513,0.00018,0.00166,0.01438
1403715403.312595605850220,0.00248,0.00021,0.00746,0.00495,0.00125,0.00167,0.01802
1403715403.362595558166504,0.00240,0.00020,0.00010,0.00513,0.00035,0.00153,0.00972
1403715403.412596940994263,0.00406,0.00029,0.00013,0.00721,0.00001,0.00170,0.01340
1403715403.462597370147705,0.00277,0.00020,0.00239,0.00520,0.00364,0.00156,0.01575
1403715403.512596368789673,0.00301,0.00020,0.00014,0.00543,0.00001,0.00167,0.01046
1403715403.562595605850220,0.00277,0.00023,0.00595,0.00573,0.00149,0.00182,0.01798
1403715403.612594842910767,0.00248,0.00021,0.00017,0.00527,0.00019,0.00168,0.01002
1403715403.662594795227051,0.00265,0.00020,0.00046,0.00554,0.00228,0.00164,0.01277
1403715403.712593793869019,0.00255,0.00020,0.00026,0.00561,0.00160,0.00165,0.01187
1403715403.762593269348145,0.00292,0.00021,0.00011,0.00547,0.00000,0.00173,0.01043
1403715403.812592506408691,0.00367,0.00021,0.00012,0.00536,0.00020,0.00175,0.01131
1403715403.862591743469238,0.00285,0.00021,0.00387,0.00469,0.00106,0.00155,0.01422
1403715403.912590742111206,0.00232,0.00023,0.00422,0.00555,0.00524,0.00173,0.01929
1403715403.962589502334595,0.00351,0.00033,0.00795,0.00660,0.00005,0.00163,0.02006
1403715404.012587785720825,0.00307,0.00021,0.00066,0.00585,0.00067,0.00177,0.01223
1403715404.062587738037109,0.00276,0.00022,0.00130,0.00552,0.00148,0.00169,0.01296
1403715404.112587451934814,0.00302,0.00020,0.00108,0.00515,0.00078,0.00165,0.01189
1403715404.162587881088257,0.00344,0.00019,0.00276,0.00447,0.00269,0.00169,0.01525
1403715404.212588548660278,0.00285,0.00017,0.00023,0.00504,0.00017,0.00150,0.00995
1403715404.262588500976562,0.00273,0.00018,0.00025,0.00456,0.00001,0.00163,0.00935
1403715404.312588691711426,0.00344,0.00018,0.00046,0.00417,0.00018,0.00162,0.01006
1403715404.362589836120605,0.00267,0.00020,0.00038,0.00461,0.00000,0.00161,0.00947
1403715404.412590503692627,0.00269,0.00019,0.00093,0.00399,0.00001,0.00152,0.00932
1403715404.462592124938965,0.00447,0.00019,0.00143,0.00360,0.00339,0.00177,0.01485
1403715404.512593746185303,0.00354,0.00019,0.00095,0.00373,0.00410,0.00164,0.01416
1403715404.562594652175903,0.00390,0.00019,0.00216,0.00435,0.00416,0.00158,0.01633
1403715404.612596035003662,0.00402,0.00020,0.00203,0.00471,0.00498,0.00164,0.01756
1403715404.662596702575684,0.00248,0.00019,0.00263,0.00549,0.00132,0.00152,0.01363
1403715404.712596416473389,0.00325,0.00051,0.00452,0.00590,0.00096,0.00197,0.01709
1403715404.762596607208252,0.00391,0.00019,0.00120,0.00549,0.00022,0.00159,0.01260
1403715404.812597036361694,0.00384,0.00020,0.00066,0.00531,0.00001,0.00161,0.01164
1403715404.862596988677979,0.00288,0.00020,0.00018,0.00523,0.00395,0.00161,0.01405
1403715404.912597179412842,0.00264,0.00022,0.00030,0.00571,0.00018,0.00173,0.01078
1403715404.962596654891968,0.00247,0.00021,0.00007,0.00578,0.00001,0.00156,0.01010
1403715405.012598752975464,0.00374,0.00019,0.00274,0.00617,0.00367,0.00166,0.01817
1403715405.062599182128906,0.00353,0.00021,0.00005,0.00608,0.00000,0.00173,0.01160
1403715405.112601041793823,0.00345,0.00020,0.00049,0.00595,0.00005,0.00164,0.01178
1403715405.162602901458740,0.00265,0.00020,0.00468,0.00578,0.00070,0.00167,0.01569
1403715405.212603807449341,0.00257,0.00020,0.00067,0.00543,0.00041,0.00159,0.01087
1403715405.262605428695679,0.00281,0.00018,0.00125,0.00546,0.00256,0.00169,0.01394
1403715405.312609434127808,0.00296,0.00018,0.00556,0.00568,0.00002,0.00162,0.01602
1403715405.362609148025513,0.00262,0.00020,0.00128,0.00501,0.00105,0.00158,0.01173
1403715405.412608861923218,0.00282,0.00019,0.00034,0.00491,0.00247,0.00153,0.01227
1403715405.462608575820923,0.00260,0.00022,0.00023,0.00473,0.00022,0.00154,0.00954
1403715405.512609243392944,0.00264,0.00020,0.00017,0.00465,0.00001,0.00157,0.00924
1403715405.562609910964966,0.00305,0.00022,0.00042,0.00429,0.00402,0.00269,0.01470
1403715405.612610578536987,0.00294,0.00017,0.00037,0.00466,0.00211,0.00154,0.01179
1403715405.662611722946167,0.00261,0.00019,0.00061,0.00499,0.00000,0.00288,0.01129
1403715405.712614297866821,0.00306,0.00017,0.00052,0.00429,0.00180,0.00155,0.01140
1403715405.762616395950317,0.00249,0.00021,0.00143,0.00407,0.00475,0.00276,0.01571
1403715405.812618970870972,0.00343,0.00018,0.00236,0.00388,0.00087,0.00158,0.01229
1403715405.862620353698730,0.00277,0.00018,0.00083,0.00264,0.00465,0.00280,0.01387
1403715405.912624835968018,0.00356,0.00021,0.00155,0.00252,0.00474,0.00158,0.01416
1403715405.962632894515991,0.00273,0.00019,0.00097,0.00221,0.00523,0.00283,0.01415
1403715406.012637615203857,0.00296,0.00019,0.00049,0.00255,0.00039,0.00154,0.00812
1403715406.062640666961670,0.00369,0.00019,0.00058,0.00254,0.00027,0.00297,0.01023
1403715406.112643957138062,0.00424,0.00017,0.00044,0.00270,0.00472,0.00160,0.01388
1403715406.162645339965820,0.00280,0.00017,0.00050,0.00301,0.00022,0.00271,0.00941
1403715406.212644577026367,0.00291,0.00017,0.00016,0.00248,0.00022,0.00151,0.00745
1403715406.262645006179810,0.00254,0.00025,0.00020,0.00361,0.00733,0.00277,0.01669
1403715406.312643766403198,0.00354,0.00018,0.00052,0.00276,0.00026,0.00157,0.00884
1403715406.362643480300903,0.00246,0.00016,0.00086,0.00293,0.00840,0.00276,0.01758
1403715406.412644147872925,0.00250,0.00018,0.00014,0.00345,0.00140,0.00169,0.00936
1403715406.462644815444946,0.00391,0.00017,0.00478,0.00278,0.00531,0.00273,0.01968
1403715406.512645483016968,0.00295,0.00019,0.00067,0.00261,0.00203,0.00162,0.01008
1403715406.562644720077515,0.00251,0.00019,0.00084,0.00220,0.00280,0.00264,0.01118
1403715406.612643718719482,0.00293,0.00019,0.00039,0.00212,0.00026,0.00149,0.00738
1403715406.662642478942871,0.00299,0.00016,0.00032,0.00245,0.00208,0.00263,0.01063
1403715406.712641477584839,0.00275,0.00017,0.00016,0.00230,0.00222,0.00157,0.00918
1403715406.762641191482544,0.00279,0.00016,0.00012,0.00250,0.00022,0.00263,0.00842
1403715406.812641620635986,0.00283,0.00017,0.00023,0.00259,0.00028,0.00161,0.00772
1403715406.862641811370850,0.00282,0.00016,0.00003,0.00228,0.00508,0.00254,0.01291
1403715406.912641525268555,0.00275,0.00015,0.00002,0.00261,0.00116,0.00155,0.00822
1403715406.962641239166260,0.00235,0.00017,0.00013,0.00275,0.00084,0.00260,0.00884
1403715407.012641191482544,0.00298,0.00018,0.00018,0.00266,0.00506,0.00171,0.01277
1403715407.062641143798828,0.00302,0.00017,0.00019,0.00365,0.00403,0.00164,0.01270
1403715407.112641096115112,0.00328,0.00017,0.00012,0.00263,0.00133,0.00155,0.00907
1403715407.162642002105713,0.00264,0.00017,0.00017,0.00286,0.00437,0.00147,0.01167
1403715407.212641954421997,0.00367,0.00020,0.00333,0.00312,0.00242,0.00154,0.01428
1403715407.262642383575439,0.00308,0.00018,0.00077,0.00333,0.00288,0.00154,0.01178
1403715407.312642574310303,0.00366,0.00019,0.00066,0.00327,0.00067,0.00155,0.01000
1403715407.362643241882324,0.00273,0.00017,0.00083,0.00353,0.00003,0.00158,0.00888
1403715407.412646293640137,0.00281,0.00019,0.00015,0.00263,0.00537,0.00157,0.01271
1403715407.462648153305054,0.00259,0.00018,0.00030,0.00266,0.00067,0.00154,0.00793
1403715407.512648582458496,0.00254,0.00021,0.00022,0.00185,0.00059,0.00161,0.00701
1403715407.562652111053467,0.00347,0.00020,0.00103,0.00177,0.00055,0.00175,0.00877
1403715407.612656354904175,0.00338,0.00017,0.00087,0.00246,0.00211,0.00159,0.01058
1403715407.662659168243408,0.00332,0.00015,0.00060,0.00200,0.00158,0.00154,0.00920
1403715407.712660551071167,0.00531,0.00017,0.00111,0.00189,0.00000,0.00150,0.00998
1403715407.762660741806030,0.00625,0.00016,0.00100,0.00152,0.00116,0.00257,0.01268
1403715407.812662363052368,0.00463,0.00018,0.00044,0.00165,0.00231,0.00150,0.01071
1403715407.862663507461548,0.00380,0.00015,0.00059,0.00132,0.00001,0.00255,0.00842
1403715407.912664175033569,0.00390,0.00016,0.00035,0.00102,0.00003,0.00152,0.00698
1403715407.962664604187012,0.00395,0.00014,0.00022,0.00080,0.00020,0.00261,0.00791
1403715408.012664318084717,0.00439,0.00014,0.00064,0.00076,0.00022,0.00151,0.00765
1403715408.062664508819580,0.00676,0.00014,0.00050,0.00051,0.00001,0.00215,0.01008
1403715408.112664461135864,0.01306,0.00014,0.00086,0.00033,0.00001,0.00158,0.01599
1403715408.162664413452148,0.00930,0.00016,0.00029,0.00031,0.00023,0.00189,0.01218
1403715408.212664365768433,0.00855,0.00015,0.00047,0.00031,0.00018,0.00148,0.01115
1403715408.262664794921875,0.00499,0.00014,0.00065,0.00030,0.00000,0.00191,0.00798
1403715408.312665939331055,0.00622,0.00014,0.00013,0.00033,0.00257,0.00152,0.01091
1403715408.362665891647339,0.00395,0.00012,0.00056,0.00052,0.00000,0.00172,0.00687
1403715408.412667274475098,0.00455,0.00014,0.00041,0.00051,0.00000,0.00154,0.00715
1403715408.462666749954224,0.00428,0.00013,0.00063,0.00050,0.00076,0.00153,0.00782
1403715408.512666940689087,0.00337,0.00014,0.00054,0.00063,0.00021,0.00154,0.00643
1403715408.562666893005371,0.00334,0.00013,0.00059,0.00063,0.00568,0.00154,0.01192
1403715408.612667083740234,0.00355,0.00015,0.00049,0.00135,0.00176,0.00152,0.00882
1403715408.662667036056519,0.00334,0.00015,0.00031,0.00161,0.00111,0.00153,0.00805
1403715408.712668180465698,0.00271,0.00014,0.00037,0.00180,0.00445,0.00156,0.01102
1403715408.762667655944824,0.00277,0.00017,0.00041,0.00219,0.00264,0.00157,0.00975
1403715408.812666416168213,0.00290,0.00016,0.00071,0.00216,0.00288,0.00147,0.01028
1403715408.862666368484497,0.00304,0.00015,0.00042,0.00249,0.00099,0.00155,0.00864
1403715408.912665367126465,0.00362,0.00021,0.00116,0.00228,0.00494,0.00151,0.01373
1403715408.962666034698486,0.00345,0.00017,0.00032,0.00280,0.00001,0.00153,0.00828
1403715409.012666225433350,0.00348,0.00018,0.00029,0.00280,0.00000,0.00158,0.00833
1403715409.062665939331055,0.00323,0.00017,0.00101,0.00260,0.00331,0.00160,0.01192
1403715409.112664699554443,0.00246,0.00017,0.00058,0.00276,0.00495,0.00161,0.01252
1403715409.162660598754883,0.00297,0.00016,0.00021,0.00325,0.00390,0.00159,0.01209
1403715409.212657451629639,0.00331,0.00020,0.00058,0.00325,0.00177,0.00159,0.01070
1403715409.262653589248657,0.00267,0.00039,0.00126,0.00312,0.00106,0.00195,0.01045
1403715409.312650680541992,0.00354,0.00016,0.00109,0.00281,0.00003,0.00160,0.00922
1403715409.362646341323853,0.00257,0.00016,0.00086,0.00283,0.00101,0.00198,0.00942
1403715409.412640333175659,0.00271,0.00015,0.00035,0.00280,0.00014,0.00150,0.00765
1403715409.462632179260254,0.00406,0.00016,0.00059,0.00297,0.00458,0.00209,0.01446
1403715409.512624740600586,0.00399,0.00015,0.00049,0.00342,0.00547,0.00166,0.01518
1403715409.562622308731079,0.00355,0.00019,0.00030,0.00400,0.00012,0.00167,0.00982
1403715409.612622976303101,0.00357,0.00018,0.00046,0.00367,0.00250,0.00165,0.01202
1403715409.662624120712280,0.00399,0.00016,0.00065,0.00428,0.00152,0.00172,0.01233
1403715409.712624311447144,0.00296,0.00017,0.00008,0.00475,0.00074,0.00172,0.01043
1403715409.762624740600586,0.00366,0.00020,0.00015,0.00474,0.00023,0.00172,0.01070
1403715409.812625408172607,0.00256,0.00017,0.00012,0.00457,0.00121,0.00174,0.01038
1403715409.862625837326050,0.00381,0.00018,0.00495,0.00439,0.00768,0.00167,0.02267
1403715409.912625312805176,0.00261,0.00020,0.00061,0.00585,0.00000,0.00172,0.01098
1403715409.962622642517090,0.00489,0.00025,0.00084,0.00527,0.00019,0.00173,0.01316
1403715410.012619018554688,0.00316,0.00020,0.00637,0.00522,0.00032,0.00182,0.01709
1403715410.062608003616333,0.00291,0.00021,0.00030,0.00491,0.00306,0.00170,0.01308
1403715410.112600088119507,0.00293,0.00020,0.00074,0.00543,0.00089,0.00171,0.01191
1403715410.162592172622681,0.00287,0.00022,0.00540,0.00539,0.00084,0.00169,0.01642
1403715410.212589263916016,0.00244,0.00018,0.00034,0.00555,0.00081,0.00161,0.01094
1403715410.262587308883667,0.00234,0.00019,0.00024,0.00553,0.00000,0.00171,0.01001
1403715410.312587022781372,0.00354,0.00019,0.00014,0.00549,0.00000,0.00164,0.01100
1403715410.362586736679077,0.00274,0.00019,0.00015,0.00557,0.00004,0.00170,0.01039
1403715410.412586212158203,0.00278,0.00021,0.00017,0.00520,0.00000,0.00169,0.01005
1403715410.462584495544434,0.00270,0.00043,0.00181,0.00487,0.00640,0.00211,0.01831
1403715410.512580156326294,0.00277,0.00020,0.00780,0.00626,0.00131,0.00167,0.02002
1403715410.562579154968262,0.00236,0.00022,0.00044,0.00636,0.00001,0.00169,0.01108
1403715410.612575769424438,0.00275,0.00020,0.00470,0.00624,0.00215,0.00186,0.01790
1403715410.662574768066406,0.00277,0.00019,0.00001,0.00688,0.00000,0.00165,0.01151
1403715410.712574243545532,0.00284,0.00022,0.00025,0.00679,0.00000,0.00173,0.01182
1403715410.762576580047607,0.00270,0.00021,0.00374,0.00646,0.00000,0.00172,0.01482
1403715410.812578678131104,0.00275,0.00020,0.00061,0.00669,0.00000,0.00169,0.01195
1403715410.862580776214600,0.00254,0.00018,0.00661,0.00645,0.00000,0.00172,0.01751
1403715410.912580251693726,0.00326,0.00020,0.00002,0.00644,0.00000,0.00163,0.01155
1403715410.962575912475586,0.00257,0.00017,0.00007,0.00654,0.00000,0.00157,0.01091
1403715411.012572288513184,0.00266,0.00018,0.00007,0.00626,0.00000,0.00172,0.01089
1403715411.062570810317993,0.00270,0.00018,0.00315,0.00616,0.00000,0.00161,0.01381
1403715411.112569808959961,0.00266,0.00019,0.00669,0.00609,0.00020,0.00170,0.01754
1403715411.162569046020508,0.00264,0.00048,0.00080,0.00566,0.00000,0.00196,0.01154
1403715411.212567567825317,0.00291,0.00028,0.00275,0.00566,0.00373,0.00172,0.01704
1403715411.262565851211548,0.00269,0.00029,0.00005,0.00651,0.00000,0.00213,0.01167
1403715411.312565803527832,0.00308,0.00020,0.00024,0.00659,0.00000,0.00170,0.01181
1403715411.362568616867065,0.00285,0.00018,0.00272,0.00663,0.00000,0.00202,0.01440
1403715411.412569999694824,0.00376,0.00019,0.00002,0.00642,0.00000,0.00168,0.01208
1403715411.462570905685425,0.00286,0.00018,0.00513,0.00618,0.00022,0.00199,0.01656
1403715411.512568473815918,0.00281,0.00020,0.00001,0.00642,0.00000,0.00153,0.01098
1403715411.562565088272095,0.00319,0.00031,0.00014,0.00634,0.00023,0.00203,0.01225
1403715411.612562894821167,0.00378,0.00018,0.00002,0.00649,0.00000,0.00160,0.01207
1403715411.662562131881714,0.00254,0.00029,0.00124,0.00674,0.00003,0.00204,0.01287
1403715411.712561130523682,0.00265,0.00020,0.00747,0.00645,0.00133,0.00162,0.01971
1403715411.762561321258545,0.00376,0.00045,0.00011,0.00694,0.00000,0.00202,0.01328
1403715411.812560558319092,0.00266,0.00023,0.00271,0.00770,0.00000,0.00164,0.01495
1403715411.862560510635376,0.00234,0.00020,0.00001,0.00894,0.00000,0.00169,0.01319
1403715411.912559509277344,0.00225,0.00018,0.00024,0.00684,0.00000,0.00158,0.01109
1403715411.962558746337891,0.00222,0.00021,0.00149,0.00672,0.00000,0.00158,0.01222
1403715412.012557268142700,0.00230,0.00018,0.00002,0.00648,0.00000,0.00158,0.01055
1403715412.062556505203247,0.00218,0.00019,0.00492,0.00625,0.00000,0.00154,0.01509
1403715412.112554311752319,0.00249,0.00019,0.00010,0.00640,0.00021,0.00154,0.01093
1403715412.162554979324341,0.00308,0.00024,0.00023,0.00817,0.00019,0.00159,0.01349
1403715412.212555408477783,0.00257,0.00021,0.00002,0.00666,0.00000,0.00160,0.01105
1403715412.262556076049805,0.00246,0.00020,0.00125,0.00661,0.00000,0.00162,0.01213
1403715412.312556505203247,0.00246,0.00021,0.00632,0.00654,0.00000,0.00168,0.01721
1403715412.362556934356689,0.00317,0.00018,0.00007,0.00668,0.00000,0.00162,0.01172
1403715412.412557840347290,0.00357,0.00040,0.00279,0.00641,0.00000,0.00199,0.01516
1403715412.462558269500732,0.00290,0.00020,0.00005,0.00632,0.00000,0.00157,0.01103
1403715412.512557983398438,0.00277,0.00022,0.00026,0.00643,0.00022,0.00165,0.01155
1403715412.562558889389038,0.00333,0.00036,0.00418,0.00642,0.00004,0.00170,0.01603
1403715412.612559318542480,0.00260,0.00023,0.00002,0.00617,0.00000,0.00159,0.01060
1403715412.662559509277344,0.00268,0.00023,0.00431,0.00605,0.00022,0.00170,0.01518
1403715412.712558269500732,0.00266,0.00020,0.00008,0.00614,0.00020,0.00163,0.01090
1403715412.762560606002808,0.00240,0.00019,0.00075,0.00634,0.00003,0.00170,0.01140
1403715412.812561273574829,0.00247,0.00019,0.00002,0.00630,0.00000,0.00171,0.01070
1403715412.862562656402588,0.00236,0.00023,0.00128,0.00610,0.00021,0.00164,0.01183
1403715412.912563800811768,0.00242,0.00019,0.01044,0.00661,0.00023,0.00162,0.02152
1403715412.962564229965210,0.00312,0.00018,0.00005,0.00662,0.00003,0.00167,0.01167
1403715413.012564420700073,0.00346,0.00021,0.00143,0.00649,0.00133,0.00171,0.01464
1403715413.062564611434937,0.00251,0.00021,0.00001,0.00682,0.00000,0.00168,0.01123
1403715413.112564563751221,0.00248,0.00023,0.00025,0.00667,0.00000,0.00166,0.01128
1403715413.162563800811768,0.00252,0.00026,0.00272,0.00633,0.00000,0.00156,0.01339
1403715413.212563037872314,0.00251,0.00021,0.00007,0.00634,0.00000,0.00168,0.01081
1403715413.262560844421387,0.00390,0.00038,0.00607,0.00901,0.00025,0.00172,0.02133
1403715413.312558650970459,0.00315,0.00022,0.00010,0.00632,0.00024,0.00173,0.01174
1403715413.362555980682373,0.00253,0.00018,0.00105,0.00605,0.00023,0.00169,0.01173
1403715413.412555456161499,0.00250,0.00023,0.00018,0.00613,0.00019,0.00166,0.01088
1403715413.462553262710571,0.00384,0.00019,0.00125,0.00614,0.00159,0.00163,0.01464
1403715413.512556076049805,0.00314,0.00024,0.01073,0.00688,0.00029,0.00185,0.02312
1403715413.562556505203247,0.00273,0.00022,0.00012,0.00624,0.00092,0.00179,0.01202
1403715413.612559080123901,0.00283,0.00020,0.00347,0.00620,0.00000,0.00282,0.01552
1403715413.662560701370239,0.00311,0.00023,0.00054,0.00572,0.00037,0.00165,0.01163
1403715413.712562084197998,0.00274,0.00019,0.00049,0.00599,0.00071,0.00293,0.01304
1403715413.762562274932861,0.00522,0.00023,0.00538,0.00822,0.00076,0.00171,0.02152
1403715413.812561511993408,0.00311,0.00020,0.00025,0.00663,0.00000,0.00279,0.01297
1403715413.862561225891113,0.00328,0.00021,0.00052,0.00757,0.00208,0.00170,0.01536
1403715413.912561416625977,0.00294,0.00021,0.00063,0.00617,0.00000,0.00287,0.01283
1403715413.962561845779419,0.00298,0.00019,0.00092,0.00657,0.00005,0.00240,0.01310
1403715414.012563228607178,0.00251,0.00018,0.00483,0.00516,0.00304,0.00281,0.01853
1403715414.062563419342041,0.00304,0.00022,0.00060,0.00577,0.00070,0.00171,0.01204
1403715414.112563848495483,0.00438,0.00019,0.00609,0.00501,0.00493,0.00286,0.02347
1403715414.162563562393188,0.00402,0.00020,0.00045,0.00563,0.00000,0.00163,0.01193
1403715414.212563514709473,0.00375,0.00020,0.00009,0.00557,0.00004,0.00273,0.01238
1403715414.262563228607178,0.00304,0.00019,0.00017,0.00518,0.00126,0.00172,0.01156
1403715414.312563657760620,0.00313,0.00020,0.00247,0.00545,0.00063,0.00290,0.01477
1403715414.362563371658325,0.00386,0.00018,0.00002,0.00530,0.00279,0.00188,0.01403
1403715414.412559270858765,0.00281,0.00018,0.00001,0.00513,0.00000,0.00292,0.01107
1403715414.462556362152100,0.00380,0.00018,0.00001,0.00532,0.00024,0.00179,0.01135
1403715414.512552976608276,0.00364,0.00019,0.00009,0.00528,0.00021,0.00291,0.01231
1403715414.562550544738770,0.00294,0.00022,0.00002,0.00553,0.00000,0.00175,0.01046
1403715414.612550973892212,0.00371,0.00017,0.00408,0.00565,0.00095,0.00307,0.01762
1403715414.662551164627075,0.00317,0.00027,0.00515,0.00569,0.00027,0.00183,0.01639
1403715414.712550163269043,0.00269,0.00020,0.00353,0.00566,0.00259,0.00288,0.01756
1403715414.762551069259644,0.00398,0.00021,0.00002,0.00631,0.00000,0.00173,0.01224
1403715414.812552213668823,0.00370,0.00022,0.00016,0.00630,0.00000,0.00280,0.01319
1403715414.862552881240845,0.00305,0.00017,0.00064,0.00517,0.00003,0.00163,0.01068
1403715414.912553787231445,0.00261,0.00019,0.00227,0.00497,0.00089,0.00293,0.01386
1403715414.962556123733521,0.00354,0.00021,0.00023,0.00456,0.00040,0.00163,0.01055
1403715415.012557268142700,0.00427,0.00020,0.00001,0.00505,0.00000,0.00186,0.01139
1403715415.062559366226196,0.00298,0.00019,0.00018,0.00372,0.00024,0.00179,0.00909
1403715415.112560033798218,0.00369,0.00019,0.00037,0.00342,0.00016,0.00179,0.00962
1403715415.162560462951660,0.00299,0.00018,0.00039,0.00336,0.00014,0.00165,0.00871
1403715415.212561368942261,0.00287,0.00017,0.00032,0.00312,0.00553,0.00175,0.01376
1403715415.262561321258545,0.00363,0.00020,0.00165,0.00300,0.00105,0.00173,0.01125
1403715415.312561273574829,0.00269,0.00020,0.00023,0.00235,0.00423,0.00277,0.01247
1403715415.362561941146851,0.00389,0.00026,0.00052,0.00269,0.00001,0.00167,0.00904
1403715415.412562608718872,0.00266,0.00019,0.00096,0.00233,0.00089,0.00280,0.00982
1403715415.462562799453735,0.00322,0.00016,0.00069,0.00228,0.00030,0.00154,0.00819
1403715415.512564897537231,0.00394,0.00015,0.00012,0.00209,0.00175,0.00170,0.00974
1403715415.562566995620728,0.00329,0.00016,0.00008,0.00169,0.00344,0.00180,0.01045
1403715415.612566947937012,0.00310,0.00015,0.00017,0.00072,0.00022,0.00200,0.00636
1403715415.662566900253296,0.00316,0.00016,0.00017,0.00031,0.00082,0.00189,0.00651
1403715415.712566614151001,0.00354,0.00019,0.00029,0.00061,0.00036,0.00173,0.00671
1403715415.762566804885864,0.00303,0.00014,0.00022,0.00069,0.00040,0.00177,0.00625
1403715415.812570810317993,0.00367,0.00015,0.00015,0.00089,0.00030,0.00179,0.00696
1403715415.862571001052856,0.00301,0.00016,0.00006,0.00043,0.00262,0.00169,0.00797
1403715415.912571430206299,0.00286,0.00014,0.00017,0.00035,0.00203,0.00174,0.00730
1403715415.962570667266846,0.00298,0.00021,0.00043,0.00039,0.00115,0.00253,0.00769
1403715416.012570619583130,0.00289,0.00013,0.00007,0.00051,0.00021,0.00200,0.00580
1403715416.062571763992310,0.00351,0.00014,0.00007,0.00058,0.00200,0.00173,0.00803
1403715416.112571477890015,0.00352,0.00015,0.00001,0.00069,0.00109,0.00169,0.00715
1403715416.162572383880615,0.00263,0.00014,0.00003,0.00056,0.00159,0.00166,0.00661
1403715416.212572097778320,0.00295,0.00014,0.00007,0.00038,0.00022,0.00171,0.00546
1403715416.262572526931763,0.00277,0.00013,0.00003,0.00045,0.00015,0.00171,0.00523
1403715416.312572717666626,0.00271,0.00014,0.00009,0.00026,0.00061,0.00173,0.00554
1403715416.362572908401489,0.00266,0.00016,0.00004,0.00053,0.00015,0.00169,0.00523
1403715416.412573099136353,0.00264,0.00016,0.00008,0.00049,0.00054,0.00172,0.00563
1403715416.462573528289795,0.00254,0.00013,0.00001,0.00077,0.00138,0.00170,0.00654
1403715416.512573957443237,0.00266,0.00014,0.00003,0.00073,0.00055,0.00168,0.00579
1403715416.562575101852417,0.00315,0.00012,0.00004,0.00074,0.00023,0.00169,0.00597
1403715416.612574815750122,0.00328,0.00014,0.00001,0.00048,0.00004,0.00178,0.00573
1403715416.662575006484985,0.00276,0.00015,0.00004,0.00034,0.00087,0.00170,0.00586
1403715416.712574958801270,0.00268,0.00017,0.00010,0.00030,0.00110,0.00168,0.00602
1403715416.762574911117554,0.00258,0.00013,0.00005,0.00051,0.00145,0.00168,0.00640
1403715416.812575340270996,0.00278,0.00013,0.00003,0.00059,0.00014,0.00172,0.00539
1403715416.862575292587280,0.00332,0.00015,0.00005,0.00058,0.00022,0.00178,0.00610
1403715416.912575483322144,0.00332,0.00016,0.00004,0.00074,0.00019,0.00165,0.00609
1403715416.962575912475586,0.00334,0.00015,0.00004,0.00082,0.00015,0.00167,0.00617
1403715417.012575864791870,0.00318,0.00013,0.00001,0.00095,0.00024,0.00172,0.00622
1403715417.062576293945312,0.00249,0.00015,0.00001,0.00095,0.00130,0.00168,0.00658
1403715417.112576246261597,0.00232,0.00014,0.00001,0.00095,0.00043,0.00168,0.00553
1403715417.162576436996460,0.00237,0.00015,0.00001,0.00096,0.00013,0.00163,0.00525
1403715417.212576389312744,0.00260,0.00013,0.00001,0.00094,0.00003,0.00169,0.00542
1403715417.262576818466187,0.00258,0.00015,0.00001,0.00095,0.00138,0.00169,0.00676
1403715417.312577724456787,0.00335,0.00016,0.00001,0.00107,0.00204,0.00209,0.00872
1403715417.362578630447388,0.00240,0.00012,0.00001,0.00139,0.00318,0.00164,0.00874
1403715417.412578582763672,0.00265,0.00014,0.00001,0.00151,0.00004,0.00166,0.00601
1403715417.462578773498535,0.00353,0.00020,0.00002,0.00159,0.00006,0.00171,0.00710
1403715417.512578725814819,0.00276,0.00013,0.00005,0.00126,0.00027,0.00164,0.00610
1403715417.562579154968262,0.00277,0.00016,0.00004,0.00138,0.00018,0.00171,0.00624
1403715417.612579584121704,0.00361,0.00015,0.00005,0.00178,0.00036,0.00170,0.00764
1403715417.662579774856567,0.00274,0.00015,0.00005,0.00149,0.00278,0.00170,0.00891
1403715417.712579727172852,0.00281,0.00015,0.00001,0.00170,0.00049,0.00166,0.00682
1403715417.762579917907715,0.00314,0.00031,0.00011,0.00248,0.00034,0.00167,0.00805
1403715417.812580347061157,0.00265,0.00013,0.00006,0.00186,0.00023,0.00160,0.00654
1403715417.862580537796021,0.00263,0.00015,0.00001,0.00205,0.00059,0.00173,0.00717
1403715417.912580251693726,0.00344,0.00015,0.00001,0.00160,0.00033,0.00174,0.00727
1403715417.962580204010010,0.00353,0.00015,0.00004,0.00141,0.00086,0.00176,0.00775
1403715418.012580156326294,0.00265,0.00014,0.00007,0.00149,0.00030,0.00158,0.00623
1403715418.062580585479736,0.00266,0.00017,0.00004,0.00174,0.00017,0.00163,0.00641
1403715418.112580537796021,0.00247,0.00013,0.00001,0.00178,0.00007,0.00159,0.00607
1403715418.162580490112305,0.00241,0.00013,0.00006,0.00147,0.00026,0.00156,0.00589
1403715418.212580442428589,0.00245,0.00014,0.00001,0.00226,0.00024,0.00169,0.00680
1403715418.262580394744873,0.00229,0.00014,0.00007,0.00173,0.00113,0.00161,0.00697
1403715418.312580585479736,0.00334,0.00014,0.00002,0.00200,0.00043,0.00167,0.00760
1403715418.362580537796021,0.00267,0.00015,0.00001,0.00211,0.00013,0.00187,0.00695
1403715418.412580490112305,0.00343,0.00015,0.00005,0.00195,0.00015,0.00168,0.00741
1403715418.462580442428589,0.00271,0.00012,0.00001,0.00212,0.00055,0.00165,0.00718
1403715418.512580394744873,0.00395,0.00013,0.00008,0.00202,0.00032,0.00174,0.00824
1403715418.562580585479736,0.00268,0.00016,0.00005,0.00198,0.00210,0.00161,0.00858
1403715418.612580537796021,0.00457,0.00018,0.00007,0.00231,0.00003,0.00172,0.00889
1403715418.662580490112305,0.00364,0.00017,0.00002,0.00237,0.00006,0.00169,0.00795
1403715418.712580442428589,0.00290,0.00019,0.00002,0.00231,0.00008,0.00170,0.00719
1403715418.762580394744873,0.00290,0.00017,0.00001,0.00233,0.00005,0.00166,0.00713
1403715418.812580585479736,0.00372,0.00014,0.00002,0.00229,0.00024,0.00172,0.00813
