# timestamp(s) tx ty tz qx qy qz qw
1403715278.86535 0.004010000 -0.013533000 0.050616000 0.805630000 -0.009088000 0.592336000 0.003966000
1403715278.91710 0.026270000 0.003027000 0.072931000 0.809541000 -0.007451000 0.587010000 0.002584000
1403715278.96725 0.032568000 0.006096000 0.089278000 0.808912000 -0.007643000 0.587873000 0.002725000
1403715279.01675 0.039050000 0.008247000 0.103977000 0.809142000 -0.007290000 0.587561000 0.003049000
1403715279.06609 0.045448000 0.010209000 0.114368000 0.809765000 -0.007314000 0.586701000 0.002794000
1403715279.11541 0.051833000 0.011855000 0.120893000 0.810392000 -0.007368000 0.585836000 0.002627000
1403715279.16502 0.058165000 0.013186000 0.122125000 0.811129000 -0.006736000 0.584819000 0.003222000
1403715279.21524 0.063906000 0.014096000 0.120337000 0.811984000 -0.006358000 0.583633000 0.003647000
1403715279.26551 0.068057000 0.013807000 0.116536000 0.812520000 -0.005552000 0.582898000 0.003114000
1403715279.31572 0.073177000 0.014023000 0.113509000 0.813372000 -0.005343000 0.581713000 0.002868000
1403715279.36542 0.077076000 0.013904000 0.110451000 0.813961000 -0.005674000 0.580888000 0.002128000
1403715279.41489 0.080254000 0.012358000 0.105408000 0.813660000 -0.005998000 0.581309000 0.000966000
1403715279.46435 0.081970000 0.011024000 0.105301000 0.814399000 -0.005957000 0.580274000 0.000937000
1403715279.51372 0.082693000 0.009009000 0.108261000 0.814454000 -0.005578000 0.580201000 0.000490000
1403715279.56309 0.085040000 0.007622000 0.116496000 0.814306000 -0.005043000 0.580413000 0.001206000
1403715279.61271 0.085711000 0.006433000 0.129662000 0.814865000 -0.004809000 0.579629000 0.001548000
1403715279.66228 0.085945000 0.005053000 0.145554000 0.815225000 -0.004430000 0.579125000 0.001693000
1403715279.71203 0.085571000 0.003556000 0.161698000 0.815271000 -0.004331000 0.579061000 0.001787000
1403715279.76235 0.084906000 0.002419000 0.178157000 0.815569000 -0.004270000 0.578641000 0.001776000
1403715279.81259 0.083946000 0.001132000 0.193108000 0.815914000 -0.004543000 0.578153000 0.001570000
1403715279.86291 0.082605000 0.000033000 0.207345000 0.816341000 -0.004336000 0.577552000 0.001534000
1403715279.91302 0.081299000 -0.000767000 0.219606000 0.816995000 -0.004235000 0.576626000 0.001761000
1403715279.96364 0.080476000 -0.000812000 0.229253000 0.818511000 -0.003966000 0.574472000 0.002202000
1403715280.01386 0.080067000 -0.000942000 0.235733000 0.822106000 -0.004138000 0.569315000 0.002250000
1403715280.06394 0.080226000 -0.001790000 0.238410000 0.826067000 -0.004257000 0.563551000 0.002215000
1403715280.11388 0.081267000 -0.003369000 0.241386000 0.830252000 -0.002286000 0.557358000 0.005356000
1403715280.16452 0.083801000 -0.004802000 0.245093000 0.832460000 -0.000426000 0.554030000 0.007825000
1403715280.21535 0.087273000 -0.005929000 0.249860000 0.833298000 0.002550000 0.552684000 0.012177000
1403715280.26628 0.092028000 -0.006577000 0.254869000 0.832840000 0.005247000 0.553256000 0.016059000
1403715280.31667 0.098732000 -0.006273000 0.259942000 0.832197000 0.007448000 0.554099000 0.019143000
1403715280.36657 0.106564000 -0.004853000 0.264602000 0.830855000 0.008959000 0.555990000 0.021779000
1403715280.41581 0.115714000 -0.003068000 0.268864000 0.829553000 0.009316000 0.557813000 0.024483000
1403715280.46533 0.125837000 -0.000462000 0.272819000 0.829054000 0.006226000 0.558603000 0.024355000
1403715280.51499 0.135947000 0.002883000 0.277460000 0.828005000 0.000140000 0.560232000 0.023399000
1403715280.56465 0.145352000 0.006037000 0.282545000 0.827112000 -0.007238000 0.561497000 0.023535000
1403715280.61471 0.154082000 0.009293000 0.287969000 0.825935000 -0.015915000 0.562981000 0.025118000
1403715280.66423 0.163285000 0.014490000 0.295610000 0.824924000 -0.025077000 0.563916000 0.029514000
1403715280.71405 0.171596000 0.018070000 0.301995000 0.823714000 -0.035179000 0.564875000 0.034250000
1403715280.76401 0.181105000 0.021337000 0.307953000 0.822830000 -0.045664000 0.565028000 0.040097000
1403715280.81405 0.190879000 0.025145000 0.313337000 0.822191000 -0.056409000 0.564508000 0.046385000
1403715280.86409 0.201007000 0.030340000 0.318640000 0.820753000 -0.066989000 0.564822000 0.053409000
1403715280.91410 0.210281000 0.035444000 0.323689000 0.819518000 -0.076373000 0.564744000 0.060171000
1403715280.96400 0.218960000 0.040505000 0.328685000 0.818053000 -0.084360000 0.565086000 0.065960000
1403715281.01388 0.226463000 0.045661000 0.333520000 0.816607000 -0.091680000 0.565462000 0.070716000
1403715281.06380 0.232698000 0.051840000 0.337791000 0.815175000 -0.097375000 0.565880000 0.076080000
1403715281.11369 0.235336000 0.056627000 0.340070000 0.813525000 -0.102136000 0.566822000 0.080357000
1403715281.16367 0.238682000 0.059753000 0.342510000 0.811884000 -0.105821000 0.567956000 0.084098000
1403715281.21378 0.242113000 0.062196000 0.344670000 0.810604000 -0.109363000 0.568587000 0.087579000
1403715281.26416 0.245032000 0.064559000 0.346645000 0.809490000 -0.113532000 0.568862000 0.090729000
1403715281.31470 0.245685000 0.057659000 0.342806000 0.807972000 -0.118177000 0.569514000 0.094183000
1403715281.36484 0.250876000 0.057907000 0.341168000 0.807135000 -0.123813000 0.568849000 0.098053000
1403715281.41497 0.261571000 0.054362000 0.340830000 0.806840000 -0.130187000 0.567169000 0.101884000
1403715281.46501 0.270970000 0.055436000 0.341375000 0.805494000 -0.137268000 0.566402000 0.107354000
1403715281.51498 0.280924000 0.057009000 0.341840000 0.804073000 -0.145391000 0.565205000 0.113450000
1403715281.56497 0.291015000 0.056530000 0.340570000 0.802600000 -0.154286000 0.563480000 0.120496000
1403715281.61495 0.300694000 0.057917000 0.339286000 0.800498000 -0.164360000 0.562022000 0.127750000
1403715281.66492 0.310522000 0.059062000 0.337456000 0.798106000 -0.175579000 0.560288000 0.135185000
1403715281.71490 0.320211000 0.059654000 0.335333000 0.795582000 -0.187269000 0.558073000 0.143297000
1403715281.76490 0.330077000 0.060769000 0.333098000 0.792911000 -0.199427000 0.555494000 0.151483000
1403715281.81487 0.339242000 0.061239000 0.330681000 0.790064000 -0.212237000 0.552603000 0.159325000
1403715281.86490 0.348337000 0.061648000 0.327926000 0.786235000 -0.225016000 0.550606000 0.167437000
1403715281.91489 0.357084000 0.062158000 0.325797000 0.782902000 -0.237729000 0.547466000 0.175583000
1403715281.96488 0.366852000 0.063190000 0.322497000 0.778816000 -0.250223000 0.545201000 0.183277000
1403715282.01490 0.375943000 0.063279000 0.318777000 0.775121000 -0.263302000 0.541979000 0.190049000
1403715282.06497 0.384472000 0.063621000 0.315230000 0.771176000 -0.275844000 0.539004000 0.196655000
1403715282.11498 0.396148000 0.063635000 0.311140000 0.767663000 -0.286471000 0.535460000 0.204722000
1403715282.16500 0.409267000 0.062884000 0.305184000 0.763605000 -0.297875000 0.532601000 0.210983000
1403715282.21498 0.423057000 0.062561000 0.299077000 0.759514000 -0.308157000 0.529557000 0.218513000
1403715282.26501 0.437331000 0.062592000 0.292908000 0.755699000 -0.318932000 0.525804000 0.225235000
1403715282.31499 0.451881000 0.062629000 0.287200000 0.751801000 -0.329393000 0.521997000 0.231979000
1403715282.36497 0.465387000 0.062877000 0.280836000 0.747284000 -0.339170000 0.518819000 0.239494000
1403715282.41493 0.479757000 0.062959000 0.274817000 0.744075000 -0.348302000 0.513562000 0.247571000
1403715282.46493 0.494565000 0.065047000 0.270310000 0.739919000 -0.358641000 0.509453000 0.253681000
1403715282.51488 0.509253000 0.065385000 0.264753000 0.735117000 -0.368026000 0.505990000 0.261026000
1403715282.56486 0.524069000 0.066187000 0.258836000 0.730187000 -0.377408000 0.502573000 0.267975000
1403715282.61484 0.539351000 0.067087000 0.253214000 0.724570000 -0.385849000 0.500249000 0.275445000
1403715282.66483 0.556458000 0.068066000 0.247740000 0.718758000 -0.394839000 0.498181000 0.281610000
1403715282.71479 0.572191000 0.070226000 0.242467000 0.712640000 -0.404562000 0.496191000 0.286826000
1403715282.76477 0.588363000 0.072226000 0.236177000 0.706181000 -0.414207000 0.494830000 0.291350000
1403715282.81474 0.604643000 0.074247000 0.229583000 0.700327000 -0.424070000 0.492214000 0.295689000
1403715282.86463 0.621722000 0.076123000 0.222539000 0.694606000 -0.432606000 0.489269000 0.301647000
1403715282.91459 0.639054000 0.077640000 0.215296000 0.688523000 -0.440767000 0.486622000 0.307991000
1403715282.96460 0.656350000 0.078646000 0.207877000 0.682559000 -0.449604000 0.483488000 0.313383000
1403715283.01453 0.673493000 0.080005000 0.200803000 0.676276000 -0.458414000 0.480481000 0.318819000
1403715283.06444 0.691460000 0.082595000 0.193399000 0.669586000 -0.467840000 0.477878000 0.323130000
1403715283.11447 0.707779000 0.083907000 0.186811000 0.662949000 -0.476854000 0.475309000 0.327400000
1403715283.16446 0.723759000 0.085605000 0.180800000 0.655878000 -0.485824000 0.473224000 0.331448000
1403715283.21445 0.739768000 0.087393000 0.174849000 0.648649000 -0.494498000 0.471123000 0.335812000
1403715283.26443 0.755689000 0.088513000 0.169766000 0.642244000 -0.502460000 0.467967000 0.340680000
1403715283.31442 0.772061000 0.089421000 0.164225000 0.635543000 -0.510508000 0.465287000 0.344927000
1403715283.36444 0.787368000 0.090233000 0.158903000 0.629151000 -0.517264000 0.462455000 0.350346000
1403715283.41445 0.801626000 0.091380000 0.153203000 0.624051000 -0.524722000 0.457897000 0.354342000
1403715283.46446 0.815008000 0.092693000 0.147422000 0.619453000 -0.532059000 0.452961000 0.357796000
1403715283.51446 0.827739000 0.093735000 0.142112000 0.615720000 -0.538479000 0.446885000 0.362247000
1403715283.56445 0.839908000 0.094875000 0.136835000 0.612282000 -0.544373000 0.440625000 0.366903000
1403715283.61443 0.852055000 0.095215000 0.132008000 0.609353000 -0.550112000 0.434536000 0.370465000
1403715283.66442 0.864328000 0.093120000 0.127058000 0.606974000 -0.554452000 0.429733000 0.373490000
1403715283.71442 0.875952000 0.092867000 0.122608000 0.604525000 -0.557840000 0.426330000 0.376308000
1403715283.76444 0.888194000 0.092276000 0.119115000 0.602367000 -0.560700000 0.423947000 0.378204000
1403715283.81449 0.900311000 0.091413000 0.115696000 0.599539000 -0.562852000 0.423643000 0.379837000
1403715283.86458 0.912776000 0.091687000 0.111984000 0.597714000 -0.563782000 0.422849000 0.382213000
1403715283.91462 0.925566000 0.090228000 0.109413000 0.595520000 -0.564848000 0.423593000 0.383238000
1403715283.96465 0.938362000 0.087870000 0.106864000 0.594300000 -0.565562000 0.423563000 0.384110000
1403715284.01468 0.950858000 0.083675000 0.103150000 0.594474000 -0.566913000 0.422560000 0.382955000
1403715284.06472 0.963987000 0.078944000 0.099328000 0.595380000 -0.567986000 0.421156000 0.381499000
1403715284.11476 0.978743000 0.073887000 0.095766000 0.595959000 -0.569102000 0.420624000 0.379515000
1403715284.16472 0.994232000 0.067657000 0.091208000 0.596357000 -0.570110000 0.420982000 0.376971000
1403715284.21469 1.010284000 0.060208000 0.086446000 0.595987000 -0.571659000 0.422670000 0.373304000
1403715284.26464 1.025168000 0.051322000 0.080622000 0.595737000 -0.572633000 0.424635000 0.369965000
1403715284.31462 1.038197000 0.043362000 0.075350000 0.594903000 -0.573713000 0.427409000 0.366423000
1403715284.36463 1.047007000 0.036795000 0.071348000 0.594840000 -0.573982000 0.429287000 0.363900000
1403715284.41462 1.056066000 0.028964000 0.069151000 0.596406000 -0.571639000 0.429069000 0.365280000
1403715284.46442 1.061638000 0.020922000 0.065657000 0.597816000 -0.569337000 0.428473000 0.367263000
1403715284.51446 1.063882000 0.014999000 0.061984000 0.600125000 -0.565421000 0.427513000 0.370651000
1403715284.56448 1.065777000 0.008269000 0.058521000 0.601797000 -0.562140000 0.427412000 0.373039000
1403715284.61450 1.067496000 0.001090000 0.055242000 0.603493000 -0.558486000 0.427402000 0.375789000
1403715284.66452 1.070846000 -0.007285000 0.052119000 0.605492000 -0.555385000 0.426834000 0.377809000
1403715284.71455 1.074143000 -0.015882000 0.048759000 0.606683000 -0.552944000 0.427169000 0.379097000
1403715284.76454 1.078657000 -0.025558000 0.045928000 0.607415000 -0.551107000 0.426947000 0.380847000
1403715284.81450 1.083024000 -0.035839000 0.042760000 0.606618000 -0.550492000 0.426622000 0.383363000
1403715284.86448 1.085783000 -0.045932000 0.039206000 0.603878000 -0.551189000 0.426775000 0.386504000
1403715284.91445 1.090291000 -0.056966000 0.037475000 0.599207000 -0.553883000 0.427648000 0.388950000
1403715284.96442 1.095175000 -0.068335000 0.036301000 0.592715000 -0.557375000 0.428344000 0.393120000
1403715285.01443 1.098247000 -0.079555000 0.034463000 0.584063000 -0.562324000 0.429896000 0.397305000
1403715285.06447 1.101430000 -0.089398000 0.031955000 0.575173000 -0.568091000 0.429842000 0.402100000
1403715285.11439 1.103990000 -0.095804000 0.031179000 0.567558000 -0.574044000 0.426622000 0.407855000
1403715285.16433 1.106741000 -0.100707000 0.031031000 0.560718000 -0.581151000 0.422066000 0.411970000
1403715285.21420 1.108143000 -0.105546000 0.031088000 0.554356000 -0.589667000 0.416493000 0.414145000
1403715285.26409 1.109611000 -0.109947000 0.032386000 0.548760000 -0.597783000 0.411630000 0.414823000
1403715285.31404 1.111128000 -0.113112000 0.035667000 0.544004000 -0.606079000 0.407263000 0.413359000
1403715285.36400 1.113199000 -0.115428000 0.041830000 0.540313000 -0.613658000 0.402819000 0.411366000
1403715285.41396 1.114907000 -0.117054000 0.051542000 0.538186000 -0.620073000 0.398130000 0.409094000
1403715285.46383 1.117031000 -0.117089000 0.064778000 0.536477000 -0.624641000 0.394355000 0.408045000
1403715285.51379 1.117324000 -0.117384000 0.080847000 0.534713000 -0.628333000 0.392084000 0.406879000
1403715285.56373 1.115992000 -0.117690000 0.098769000 0.532402000 -0.631216000 0.391382000 0.406121000
1403715285.61370 1.113629000 -0.118517000 0.117361000 0.530285000 -0.633510000 0.391122000 0.405570000
1403715285.66353 1.112183000 -0.118125000 0.135067000 0.528932000 -0.635189000 0.390069000 0.405726000
1403715285.71350 1.108228000 -0.121322000 0.153215000 0.527635000 -0.636637000 0.389653000 0.405542000
1403715285.76343 1.103550000 -0.124718000 0.169395000 0.526839000 -0.636045000 0.388704000 0.408407000
1403715285.81329 1.098593000 -0.129156000 0.185073000 0.526385000 -0.635952000 0.387694000 0.410094000
1403715285.86318 1.092749000 -0.135397000 0.199172000 0.527934000 -0.634701000 0.384588000 0.412956000
1403715285.91312 1.087145000 -0.142575000 0.213022000 0.530048000 -0.632630000 0.380976000 0.416755000
1403715285.96307 1.080898000 -0.150297000 0.226284000 0.532530000 -0.631373000 0.376806000 0.419282000
1403715286.01305 1.073403000 -0.157950000 0.239698000 0.534595000 -0.629637000 0.373454000 0.422253000
1403715286.06296 1.066449000 -0.166381000 0.254236000 0.536536000 -0.628196000 0.370465000 0.424563000
1403715286.11293 1.059035000 -0.174082000 0.267070000 0.537041000 -0.628103000 0.369269000 0.425104000
1403715286.16291 1.051616000 -0.181397000 0.279301000 0.536311000 -0.628958000 0.369947000 0.424170000
1403715286.21292 1.044308000 -0.188083000 0.291292000 0.535029000 -0.630819000 0.370991000 0.422111000
1403715286.26281 1.036348000 -0.192438000 0.307844000 0.534395000 -0.631838000 0.371835000 0.420644000
1403715286.31283 1.027296000 -0.200516000 0.320205000 0.534703000 -0.631508000 0.371371000 0.421157000
1403715286.36283 1.019023000 -0.209141000 0.333083000 0.535100000 -0.630891000 0.370800000 0.422080000
1403715286.41284 1.010781000 -0.218887000 0.345084000 0.535530000 -0.630303000 0.370204000 0.422936000
1403715286.46285 1.002292000 -0.229555000 0.356556000 0.535975000 -0.629195000 0.369574000 0.424569000
1403715286.51285 0.993762000 -0.240940000 0.368028000 0.536437000 -0.628697000 0.368324000 0.425808000
1403715286.56289 0.985190000 -0.252072000 0.380240000 0.536122000 -0.627899000 0.368187000 0.427498000
1403715286.61292 0.976233000 -0.263325000 0.391468000 0.534117000 -0.628104000 0.368704000 0.429257000
1403715286.66293 0.967009000 -0.275559000 0.402117000 0.530267000 -0.628650000 0.369098000 0.432878000
1403715286.71291 0.957417000 -0.288235000 0.411916000 0.524855000 -0.629125000 0.369937000 0.438037000
1403715286.76293 0.947894000 -0.300004000 0.420636000 0.519485000 -0.630959000 0.368862000 0.442682000
1403715286.81293 0.938497000 -0.311011000 0.428189000 0.515706000 -0.634461000 0.365078000 0.445225000
1403715286.86292 0.928740000 -0.322813000 0.433690000 0.512928000 -0.639096000 0.360421000 0.445597000
1403715286.91293 0.920086000 -0.333535000 0.439709000 0.511562000 -0.643248000 0.354986000 0.445558000
1403715286.96292 0.912016000 -0.344185000 0.446384000 0.510142000 -0.646820000 0.350317000 0.445710000
1403715287.01290 0.904113000 -0.354983000 0.453249000 0.508634000 -0.649467000 0.346248000 0.446761000
1403715287.06288 0.897203000 -0.366813000 0.461212000 0.506825000 -0.651917000 0.343346000 0.447488000
1403715287.11282 0.890952000 -0.378793000 0.468675000 0.505305000 -0.652839000 0.340841000 0.449772000
1403715287.16277 0.884969000 -0.391960000 0.476017000 0.502745000 -0.653067000 0.340410000 0.452627000
1403715287.21273 0.880129000 -0.405620000 0.483782000 0.499783000 -0.652140000 0.341294000 0.456563000
1403715287.26271 0.875563000 -0.420084000 0.490474000 0.497244000 -0.651728000 0.341617000 0.459671000
1403715287.31274 0.872786000 -0.437110000 0.495908000 0.494923000 -0.651446000 0.342760000 0.461719000
1403715287.36271 0.870569000 -0.456339000 0.499494000 0.493158000 -0.651434000 0.343523000 0.463056000
1403715287.41271 0.868720000 -0.472902000 0.504954000 0.491268000 -0.652230000 0.345401000 0.462547000
1403715287.46273 0.868212000 -0.489673000 0.510375000 0.488224000 -0.654359000 0.348004000 0.460808000
1403715287.51273 0.867648000 -0.505675000 0.517000000 0.484933000 -0.656954000 0.349747000 0.459270000
1403715287.56272 0.867164000 -0.520953000 0.523730000 0.480229000 -0.660660000 0.350579000 0.458260000
1403715287.61272 0.866154000 -0.535378000 0.530940000 0.474422000 -0.665814000 0.350355000 0.457019000
1403715287.66273 0.864337000 -0.549182000 0.539129000 0.467871000 -0.671239000 0.348924000 0.456932000
1403715287.71275 0.861281000 -0.561595000 0.548345000 0.460609000 -0.676778000 0.346503000 0.457981000
1403715287.76276 0.856955000 -0.572807000 0.558082000 0.453204000 -0.681801000 0.342771000 0.460718000
1403715287.81274 0.852240000 -0.583594000 0.567400000 0.445678000 -0.686048000 0.337434000 0.465669000
1403715287.86275 0.846056000 -0.593138000 0.577206000 0.437445000 -0.690379000 0.331738000 0.471136000
1403715287.91269 0.838510000 -0.602680000 0.588123000 0.428699000 -0.694464000 0.324760000 0.477983000
1403715287.96266 0.829999000 -0.611520000 0.598219000 0.419524000 -0.698803000 0.317054000 0.484923000
1403715288.01266 0.821213000 -0.619731000 0.607193000 0.409594000 -0.703613000 0.309323000 0.491407000
1403715288.06268 0.811920000 -0.627553000 0.616665000 0.399158000 -0.708335000 0.302421000 0.497469000
1403715288.11269 0.803096000 -0.634377000 0.625203000 0.389525000 -0.713210000 0.296476000 0.501701000
1403715288.16271 0.794526000 -0.640846000 0.631883000 0.381695000 -0.717312000 0.290747000 0.505212000
1403715288.21273 0.786271000 -0.647054000 0.635284000 0.375468000 -0.721020000 0.285370000 0.507660000
1403715288.26274 0.778038000 -0.653213000 0.635652000 0.370206000 -0.724518000 0.280729000 0.509129000
1403715288.31275 0.769998000 -0.660124000 0.633544000 0.366665000 -0.726532000 0.276027000 0.511387000
1403715288.36273 0.762867000 -0.667195000 0.629264000 0.363462000 -0.728712000 0.272904000 0.512248000
1403715288.41272 0.757397000 -0.675256000 0.624610000 0.360435000 -0.730613000 0.271441000 0.512455000
1403715288.46273 0.751625000 -0.681694000 0.620094000 0.357881000 -0.732042000 0.270894000 0.512496000
1403715288.51271 0.745067000 -0.687020000 0.618499000 0.356145000 -0.732559000 0.270491000 0.513180000
1403715288.56275 0.738075000 -0.689378000 0.617884000 0.354868000 -0.733573000 0.270750000 0.512478000
1403715288.61275 0.731134000 -0.691596000 0.620501000 0.353565000 -0.734066000 0.271877000 0.512077000
1403715288.66277 0.722487000 -0.693853000 0.626626000 0.353134000 -0.735124000 0.272068000 0.510752000
1403715288.71278 0.713312000 -0.694419000 0.634567000 0.353479000 -0.734743000 0.272137000 0.511025000
1403715288.76279 0.703587000 -0.694036000 0.642013000 0.355563000 -0.734117000 0.270071000 0.511576000
1403715288.81279 0.693940000 -0.693030000 0.648104000 0.357147000 -0.733736000 0.268602000 0.511791000
1403715288.86279 0.684016000 -0.691277000 0.651150000 0.358756000 -0.733390000 0.265800000 0.512624000
1403715288.91279 0.673870000 -0.688349000 0.650601000 0.359520000 -0.733110000 0.262054000 0.514415000
1403715288.96277 0.663768000 -0.685728000 0.646807000 0.358860000 -0.733602000 0.258309000 0.516067000
1403715289.01280 0.651631000 -0.676279000 0.641243000 0.356882000 -0.735236000 0.254962000 0.516775000
1403715289.06279 0.642796000 -0.674275000 0.631480000 0.353813000 -0.737385000 0.251684000 0.517432000
1403715289.11279 0.634162000 -0.671640000 0.619344000 0.350275000 -0.739703000 0.247257000 0.518662000
1403715289.16277 0.625638000 -0.669572000 0.605452000 0.347258000 -0.741629000 0.242552000 0.520160000
1403715289.21277 0.617899000 -0.668467000 0.591156000 0.344393000 -0.742995000 0.238232000 0.522108000
1403715289.26277 0.610766000 -0.667412000 0.577318000 0.340978000 -0.745194000 0.234559000 0.522878000
1403715289.31277 0.603900000 -0.666604000 0.563412000 0.337334000 -0.747195000 0.229708000 0.524538000
1403715289.36278 0.597576000 -0.665756000 0.549482000 0.332600000 -0.749324000 0.224823000 0.526636000
1403715289.41278 0.591569000 -0.665384000 0.534602000 0.326751000 -0.752575000 0.220068000 0.527670000
1403715289.46278 0.585688000 -0.665428000 0.518722000 0.320083000 -0.756184000 0.215406000 0.528519000
1403715289.51278 0.580238000 -0.665907000 0.502572000 0.313248000 -0.760119000 0.210096000 0.529107000
1403715289.56278 0.574721000 -0.667040000 0.485643000 0.305745000 -0.763704000 0.205153000 0.530272000
1403715289.61278 0.569936000 -0.668409000 0.468320000 0.298701000 -0.767650000 0.200194000 0.530485000
1403715289.66276 0.564652000 -0.670810000 0.449518000 0.293115000 -0.771344000 0.195409000 0.530025000
1403715289.71275 0.559339000 -0.674109000 0.430823000 0.287683000 -0.774374000 0.192701000 0.529575000
1403715289.76277 0.554011000 -0.678505000 0.413724000 0.284331000 -0.775747000 0.189885000 0.530393000
1403715289.81278 0.548892000 -0.683836000 0.398815000 0.281767000 -0.776807000 0.188557000 0.530684000
1403715289.86279 0.543760000 -0.690187000 0.386493000 0.279789000 -0.777033000 0.188520000 0.531411000
1403715289.91277 0.538546000 -0.697868000 0.376765000 0.278107000 -0.777164000 0.190193000 0.531506000
1403715289.96275 0.533287000 -0.706661000 0.369383000 0.278597000 -0.777307000 0.190809000 0.530819000
1403715290.01274 0.527610000 -0.716449000 0.364478000 0.279380000 -0.777379000 0.191939000 0.529895000
1403715290.06273 0.521584000 -0.726956000 0.362985000 0.281080000 -0.776386000 0.193360000 0.529934000
1403715290.11271 0.515377000 -0.737676000 0.364113000 0.283402000 -0.774171000 0.194911000 0.531368000
1403715290.16270 0.508895000 -0.749817000 0.368034000 0.286511000 -0.772730000 0.196443000 0.531235000
1403715290.21271 0.501416000 -0.762699000 0.374914000 0.290472000 -0.772387000 0.196641000 0.529506000
1403715290.26272 0.495620000 -0.776563000 0.383521000 0.293638000 -0.772823000 0.197665000 0.526736000
1403715290.31276 0.490138000 -0.792430000 0.392127000 0.296319000 -0.773147000 0.199022000 0.524241000
1403715290.36277 0.484478000 -0.809026000 0.399750000 0.298702000 -0.773890000 0.200320000 0.521289000
1403715290.41280 0.478941000 -0.826429000 0.406320000 0.299448000 -0.775439000 0.202797000 0.517590000
1403715290.46278 0.473831000 -0.844579000 0.412128000 0.300332000 -0.776763000 0.204386000 0.514457000
1403715290.51275 0.467393000 -0.863592000 0.417561000 0.300530000 -0.776186000 0.206609000 0.514325000
1403715290.56270 0.459658000 -0.883546000 0.423161000 0.300915000 -0.774748000 0.207652000 0.515845000
1403715290.61270 0.451577000 -0.904345000 0.428170000 0.299635000 -0.773129000 0.210089000 0.518027000
1403715290.66271 0.442951000 -0.924648000 0.431230000 0.298338000 -0.773025000 0.211494000 0.518360000
1403715290.71270 0.433131000 -0.945114000 0.434479000 0.297623000 -0.771299000 0.211543000 0.521314000
1403715290.76269 0.423260000 -0.966011000 0.437314000 0.296874000 -0.769143000 0.211469000 0.524943000
1403715290.81271 0.415384000 -0.987018000 0.440813000 0.295307000 -0.767782000 0.212526000 0.527387000
1403715290.86273 0.405841000 -1.008241000 0.443381000 0.293427000 -0.768016000 0.213911000 0.527536000
1403715290.91273 0.396582000 -1.029405000 0.444945000 0.292058000 -0.768725000 0.214032000 0.527214000
1403715290.96273 0.388066000 -1.050111000 0.445521000 0.288740000 -0.768967000 0.215841000 0.527951000
1403715291.01273 0.379359000 -1.071130000 0.446507000 0.284238000 -0.769329000 0.218524000 0.528762000
1403715291.06274 0.370207000 -1.091868000 0.447128000 0.278898000 -0.770242000 0.222154000 0.528763000
1403715291.11274 0.360849000 -1.112120000 0.447542000 0.273410000 -0.771730000 0.224938000 0.528283000
1403715291.16273 0.351325000 -1.131451000 0.447745000 0.267909000 -0.772814000 0.227695000 0.528336000
1403715291.21273 0.341393000 -1.149365000 0.447873000 0.262578000 -0.773978000 0.229086000 0.528707000
1403715291.26273 0.330857000 -1.165782000 0.447236000 0.257783000 -0.775187000 0.229070000 0.529302000
1403715291.31274 0.319770000 -1.180340000 0.445535000 0.253773000 -0.776486000 0.227629000 0.529956000
1403715291.36274 0.307865000 -1.193582000 0.443170000 0.249893000 -0.777457000 0.225750000 0.531179000
1403715291.41273 0.294936000 -1.205970000 0.439713000 0.246265000 -0.779196000 0.223317000 0.531354000
1403715291.46274 0.281569000 -1.216749000 0.435909000 0.242984000 -0.781011000 0.219990000 0.531588000
1403715291.51273 0.266845000 -1.226341000 0.431520000 0.240724000 -0.783666000 0.215051000 0.530728000
1403715291.56273 0.251714000 -1.234444000 0.426619000 0.237169000 -0.786316000 0.211330000 0.529903000
1403715291.61273 0.235790000 -1.241610000 0.421859000 0.233126000 -0.788903000 0.208430000 0.529000000
1403715291.66274 0.218913000 -1.248376000 0.417255000 0.229008000 -0.791041000 0.206172000 0.528491000
1403715291.71274 0.200613000 -1.255124000 0.413041000 0.225268000 -0.793199000 0.203999000 0.527707000
1403715291.76275 0.180028000 -1.261117000 0.408674000 0.224367000 -0.794105000 0.199032000 0.528623000
1403715291.81275 0.159671000 -1.266152000 0.404633000 0.224360000 -0.794406000 0.193597000 0.530190000
1403715291.86275 0.137029000 -1.271395000 0.400028000 0.227355000 -0.793790000 0.185083000 0.532871000
1403715291.91274 0.114329000 -1.275341000 0.393430000 0.230455000 -0.792792000 0.177276000 0.535671000
1403715291.96273 0.090918000 -1.280271000 0.385233000 0.231201000 -0.792901000 0.173167000 0.536532000
1403715292.01272 0.066952000 -1.286371000 0.377170000 0.232528000 -0.793177000 0.169231000 0.536806000
1403715292.06272 0.043000000 -1.293153000 0.369794000 0.233330000 -0.793188000 0.167229000 0.537071000
1403715292.11272 0.018922000 -1.300491000 0.362796000 0.234971000 -0.792903000 0.167617000 0.536655000
1403715292.16273 -0.004826000 -1.307777000 0.356904000 0.238086000 -0.792623000 0.169079000 0.535235000
1403715292.21269 -0.028392000 -1.314647000 0.353588000 0.243331000 -0.791516000 0.171184000 0.533844000
1403715292.26266 -0.051878000 -1.322440000 0.349744000 0.249770000 -0.789840000 0.174463000 0.532288000
1403715292.31264 -0.075590000 -1.331627000 0.345072000 0.258049000 -0.787734000 0.178359000 0.530163000
1403715292.36263 -0.099650000 -1.342451000 0.339982000 0.268152000 -0.784681000 0.181661000 0.528555000
1403715292.41262 -0.123217000 -1.355135000 0.334431000 0.277777000 -0.781214000 0.187290000 0.526752000
1403715292.46261 -0.147115000 -1.370636000 0.328059000 0.289293000 -0.778085000 0.192109000 0.523439000
1403715292.51260 -0.171839000 -1.385580000 0.323069000 0.299568000 -0.773291000 0.200335000 0.521675000
1403715292.56258 -0.195051000 -1.401421000 0.318457000 0.310305000 -0.766424000 0.209299000 0.522015000
1403715292.61256 -0.217798000 -1.418705000 0.313933000 0.322174000 -0.758163000 0.217850000 0.523388000
1403715292.66254 -0.239768000 -1.435928000 0.311206000 0.334175000 -0.747296000 0.227145000 0.527523000
1403715292.71253 -0.260376000 -1.453776000 0.308501000 0.346845000 -0.738156000 0.235490000 0.528553000
1403715292.76252 -0.280094000 -1.472202000 0.306957000 0.359640000 -0.728487000 0.243652000 0.529716000
1403715292.81251 -0.298293000 -1.490674000 0.307085000 0.372200000 -0.719935000 0.251822000 0.528910000
1403715292.86252 -0.315271000 -1.509886000 0.309284000 0.384719000 -0.713331000 0.259237000 0.525306000
1403715292.91253 -0.330518000 -1.528769000 0.313899000 0.396848000 -0.708752000 0.266714000 0.518695000
1403715292.96254 -0.344595000 -1.547712000 0.321523000 0.406824000 -0.705198000 0.276097000 0.510843000
1403715293.01253 -0.357552000 -1.566148000 0.333091000 0.415179000 -0.701132000 0.286386000 0.504008000
1403715293.06252 -0.369218000 -1.585797000 0.347681000 0.423220000 -0.696565000 0.296729000 0.497628000
1403715293.11252 -0.380933000 -1.605136000 0.363070000 0.430495000 -0.691598000 0.307334000 0.491846000
1403715293.16253 -0.392486000 -1.624620000 0.378221000 0.438194000 -0.687183000 0.315996000 0.485708000
1403715293.21255 -0.404299000 -1.643794000 0.393205000 0.446713000 -0.682185000 0.323526000 0.480002000
1403715293.26254 -0.415415000 -1.662016000 0.408428000 0.453864000 -0.676455000 0.332041000 0.475568000
1403715293.31254 -0.426669000 -1.679765000 0.423361000 0.461772000 -0.669615000 0.339123000 0.472629000
1403715293.36255 -0.437634000 -1.696153000 0.438370000 0.468917000 -0.662481000 0.346415000 0.470354000
1403715293.41253 -0.449272000 -1.712580000 0.453132000 0.474708000 -0.654921000 0.355268000 0.468525000
1403715293.46256 -0.460983000 -1.726634000 0.468570000 0.480823000 -0.648112000 0.362200000 0.466446000
1403715293.51257 -0.471595000 -1.739520000 0.482897000 0.487938000 -0.642996000 0.367210000 0.462201000
1403715293.56257 -0.482045000 -1.751443000 0.497441000 0.494913000 -0.638633000 0.371828000 0.457114000
1403715293.61258 -0.492517000 -1.762334000 0.511995000 0.502233000 -0.634989000 0.375127000 0.451476000
1403715293.66258 -0.502858000 -1.772240000 0.526909000 0.509824000 -0.631933000 0.377324000 0.445384000
1403715293.71258 -0.513766000 -1.781891000 0.543070000 0.517006000 -0.628258000 0.379915000 0.440069000
1403715293.76258 -0.524243000 -1.790108000 0.557798000 0.523944000 -0.624385000 0.382671000 0.434959000
1403715293.81256 -0.534520000 -1.797185000 0.572146000 0.530830000 -0.619999000 0.385420000 0.430432000
1403715293.86256 -0.544899000 -1.804903000 0.586820000 0.537206000 -0.615999000 0.388904000 0.425098000
1403715293.91256 -0.555258000 -1.812313000 0.600998000 0.543904000 -0.611418000 0.392109000 0.420223000
1403715293.96255 -0.565886000 -1.819509000 0.614403000 0.550370000 -0.605750000 0.396126000 0.416226000
1403715294.01255 -0.576648000 -1.826640000 0.625387000 0.556825000 -0.599473000 0.400741000 0.412291000
1403715294.06254 -0.587055000 -1.833222000 0.632643000 0.563400000 -0.592917000 0.405534000 0.408133000
1403715294.11255 -0.597827000 -1.839654000 0.637982000 0.569112000 -0.585884000 0.411674000 0.404198000
1403715294.16255 -0.608801000 -1.846171000 0.640521000 0.574191000 -0.578407000 0.418486000 0.400774000
1403715294.21255 -0.619871000 -1.852329000 0.639751000 0.579214000 -0.570829000 0.425319000 0.397201000
1403715294.26255 -0.630886000 -1.857850000 0.635881000 0.584305000 -0.563684000 0.432083000 0.392622000
1403715294.31255 -0.642015000 -1.863255000 0.629200000 0.589710000 -0.556535000 0.438062000 0.388088000
1403715294.36255 -0.653455000 -1.868196000 0.618931000 0.595692000 -0.549462000 0.443272000 0.383082000
1403715294.41255 -0.664795000 -1.872305000 0.606281000 0.601607000 -0.541752000 0.448560000 0.378641000
1403715294.46256 -0.676724000 -1.876949000 0.592224000 0.608195000 -0.533773000 0.452715000 0.374479000
1403715294.51256 -0.688893000 -1.879704000 0.578531000 0.614981000 -0.525763000 0.456450000 0.370169000
1403715294.56257 -0.701268000 -1.881384000 0.564254000 0.622846000 -0.518900000 0.458858000 0.363668000
1403715294.61257 -0.713930000 -1.882614000 0.549826000 0.631690000 -0.512216000 0.459813000 0.356616000
1403715294.66258 -0.726114000 -1.882937000 0.535358000 0.641072000 -0.504614000 0.459721000 0.350782000
1403715294.71257 -0.738546000 -1.883287000 0.520761000 0.650525000 -0.496903000 0.459410000 0.344741000
1403715294.76257 -0.751110000 -1.884053000 0.507076000 0.658994000 -0.488982000 0.460082000 0.339039000
1403715294.81255 -0.762979000 -1.885236000 0.493779000 0.666441000 -0.481334000 0.461891000 0.332913000
1403715294.86255 -0.774800000 -1.886444000 0.480875000 0.673316000 -0.473217000 0.464072000 0.327641000
1403715294.91253 -0.785892000 -1.887948000 0.468051000 0.679467000 -0.464504000 0.466950000 0.323292000
1403715294.96250 -0.796033000 -1.889810000 0.455861000 0.684124000 -0.455000000 0.471696000 0.320083000
1403715295.01249 -0.805707000 -1.891798000 0.443865000 0.687877000 -0.446244000 0.477314000 0.316011000
1403715295.06247 -0.815800000 -1.893433000 0.430657000 0.691778000 -0.437964000 0.482504000 0.311160000
1403715295.11247 -0.824202000 -1.895317000 0.418972000 0.694186000 -0.430179000 0.489733000 0.305308000
1403715295.16247 -0.832287000 -1.896775000 0.408143000 0.696135000 -0.422682000 0.497019000 0.299514000
1403715295.21247 -0.839781000 -1.897527000 0.398601000 0.698591000 -0.414989000 0.503445000 0.293765000
1403715295.26247 -0.848038000 -1.896309000 0.391301000 0.701707000 -0.407842000 0.508743000 0.287146000
1403715295.31248 -0.855836000 -1.895697000 0.387528000 0.705930000 -0.399588000 0.512901000 0.280936000
1403715295.36248 -0.863707000 -1.894494000 0.386867000 0.712296000 -0.391004000 0.514854000 0.273269000
1403715295.41248 -0.872237000 -1.894269000 0.388587000 0.718453000 -0.381356000 0.517237000 0.266192000
1403715295.46249 -0.880353000 -1.894192000 0.393087000 0.724625000 -0.371304000 0.519502000 0.259172000
1403715295.51248 -0.888511000 -1.893265000 0.397642000 0.730515000 -0.360914000 0.521701000 0.252818000
1403715295.56248 -0.896939000 -1.892202000 0.399349000 0.735878000 -0.350158000 0.523413000 0.248823000
1403715295.61247 -0.904861000 -1.889735000 0.397559000 0.740311000 -0.341281000 0.525021000 0.244582000
1403715295.66245 -0.913020000 -1.886911000 0.392267000 0.743044000 -0.333376000 0.527475000 0.241901000
1403715295.71246 -0.921139000 -1.884489000 0.383366000 0.744560000 -0.326724000 0.530681000 0.239289000
1403715295.76245 -0.928778000 -1.881207000 0.373078000 0.746602000 -0.320227000 0.533285000 0.235896000
1403715295.81245 -0.936225000 -1.877460000 0.361013000 0.747724000 -0.314540000 0.537281000 0.230871000
1403715295.86244 -0.943814000 -1.874641000 0.349651000 0.748263000 -0.309025000 0.541813000 0.225928000
1403715295.91243 -0.952999000 -1.870643000 0.338161000 0.749677000 -0.303725000 0.545423000 0.219657000
1403715295.96243 -0.961137000 -1.865854000 0.325878000 0.749895000 -0.299000000 0.550276000 0.213200000
1403715296.01240 -0.970154000 -1.860756000 0.312442000 0.750339000 -0.295044000 0.553986000 0.207462000
1403715296.06237 -0.980443000 -1.855362000 0.298596000 0.751419000 -0.293097000 0.556170000 0.200344000
1403715296.11234 -0.991703000 -1.849788000 0.284329000 0.753691000 -0.292592000 0.556051000 0.192736000
1403715296.16234 -1.004380000 -1.843966000 0.269853000 0.757852000 -0.291144000 0.553535000 0.185727000
1403715296.21233 -1.017956000 -1.838545000 0.255072000 0.762535000 -0.288498000 0.550349000 0.180071000
1403715296.26229 -1.032191000 -1.834147000 0.241700000 0.767475000 -0.285500000 0.546955000 0.174107000
1403715296.31229 -1.047183000 -1.829483000 0.226613000 0.773867000 -0.282219000 0.541433000 0.168322000
1403715296.36231 -1.062435000 -1.825696000 0.213939000 0.780189000 -0.277821000 0.535987000 0.163827000
1403715296.41232 -1.077268000 -1.823448000 0.203851000 0.784768000 -0.272819000 0.533390000 0.158757000
1403715296.46233 -1.091001000 -1.823351000 0.196938000 0.787534000 -0.268107000 0.533333000 0.153181000
1403715296.51236 -1.104936000 -1.823545000 0.192422000 0.789850000 -0.264596000 0.533190000 0.147767000
1403715296.56239 -1.118433000 -1.825589000 0.190640000 0.791330000 -0.259758000 0.534129000 0.145014000
1403715296.61243 -1.131660000 -1.829412000 0.191649000 0.792501000 -0.253965000 0.535121000 0.145221000
1403715296.66245 -1.144306000 -1.834830000 0.193964000 0.791957000 -0.247833000 0.538291000 0.147053000
1403715296.71245 -1.156332000 -1.841801000 0.195878000 0.791364000 -0.242857000 0.541074000 0.148332000
1403715296.76245 -1.167770000 -1.850249000 0.197779000 0.790730000 -0.239359000 0.543486000 0.148579000
1403715296.81245 -1.178671000 -1.859638000 0.199107000 0.790583000 -0.234560000 0.545292000 0.150390000
1403715296.86246 -1.186416000 -1.869544000 0.201495000 0.790197000 -0.229077000 0.547391000 0.153214000
1403715296.91246 -1.196346000 -1.879992000 0.202454000 0.790285000 -0.222414000 0.549544000 0.154862000
1403715296.96247 -1.205632000 -1.890300000 0.203129000 0.790372000 -0.215132000 0.552244000 0.155099000
1403715297.01249 -1.214556000 -1.899951000 0.202772000 0.792115000 -0.209115000 0.553347000 0.150436000
1403715297.06251 -1.223623000 -1.908719000 0.201151000 0.795650000 -0.204784000 0.552393000 0.140950000
1403715297.11251 -1.232164000 -1.917229000 0.199712000 0.798807000 -0.199411000 0.552159000 0.131389000
1403715297.16251 -1.239851000 -1.926248000 0.196187000 0.804624000 -0.194104000 0.548218000 0.119841000
1403715297.21251 -1.246498000 -1.935775000 0.192071000 0.810637000 -0.186958000 0.544138000 0.108756000
1403715297.26251 -1.251876000 -1.946123000 0.187917000 0.815279000 -0.178697000 0.542108000 0.097496000
1403715297.31250 -1.256176000 -1.958169000 0.183689000 0.818736000 -0.168986000 0.541759000 0.087253000
1403715297.36249 -1.259288000 -1.971636000 0.178351000 0.821705000 -0.158355000 0.541845000 0.078287000
1403715297.41248 -1.261471000 -1.986924000 0.173283000 0.823467000 -0.145951000 0.543455000 0.072504000
1403715297.46246 -1.262721000 -2.003062000 0.167534000 0.824907000 -0.134486000 0.544931000 0.067022000
1403715297.51246 -1.261980000 -2.021453000 0.163175000 0.825747000 -0.122586000 0.546969000 0.062759000
1403715297.56246 -1.260261000 -2.040706000 0.157992000 0.826872000 -0.113118000 0.547945000 0.056954000
1403715297.61247 -1.257828000 -2.060929000 0.152104000 0.829014000 -0.105278000 0.546985000 0.049597000
1403715297.66249 -1.254500000 -2.082134000 0.145944000 0.831118000 -0.098781000 0.545658000 0.041744000
1403715297.71249 -1.250013000 -2.104347000 0.140527000 0.832339000 -0.093344000 0.545342000 0.033173000
1403715297.76249 -1.244217000 -2.127840000 0.135550000 0.832854000 -0.087788000 0.545918000 0.024930000
1403715297.81248 -1.236721000 -2.152126000 0.131757000 0.830347000 -0.080968000 0.551018000 0.018625000
1403715297.86247 -1.226883000 -2.177676000 0.129538000 0.826559000 -0.073537000 0.557880000 0.012755000
1403715297.91246 -1.214515000 -2.203901000 0.127246000 0.822106000 -0.065206000 0.565531000 0.007998000
1403715297.96246 -1.202416000 -2.231583000 0.126638000 0.815525000 -0.057269000 0.575878000 0.001698000
1403715298.01246 -1.190768000 -2.260077000 0.126787000 -0.808610000 0.046915000 -0.586462000 0.003237000
1403715298.06247 -1.179398000 -2.289663000 0.126083000 -0.803471000 0.034723000 -0.594289000 0.007005000
1403715298.11248 -1.169521000 -2.319829000 0.125641000 -0.799509000 0.019755000 -0.600283000 0.007452000
1403715298.16251 -1.161122000 -2.350785000 0.124344000 -0.798320000 0.002471000 -0.602204000 0.005411000
1403715298.21253 -1.154057000 -2.381851000 0.122175000 -0.798470000 -0.015475000 -0.601832000 0.001990000
1403715298.26254 -1.148836000 -2.412224000 0.119651000 0.799009000 0.032717000 0.600428000 0.000301000
1403715298.31253 -1.145266000 -2.441343000 0.117955000 0.799787000 0.046749000 0.598460000 0.000886000
1403715298.36253 -1.143259000 -2.468605000 0.116364000 0.801937000 0.058142000 0.594573000 0.000552000
1403715298.41254 -1.141578000 -2.494060000 0.116125000 -0.804394000 -0.066717000 -0.590338000 0.000210000
1403715298.46253 -1.141784000 -2.517225000 0.116581000 -0.806459000 -0.073549000 -0.586697000 0.000540000
1403715298.51253 -1.142184000 -2.538692000 0.116975000 0.807449000 0.079884000 0.584504000 0.000728000
1403715298.56253 -1.142870000 -2.558001000 0.117617000 0.807900000 0.085943000 0.583005000 0.004065000
1403715298.61254 -1.143839000 -2.574840000 0.119132000 0.807729000 0.091120000 0.582410000 0.008307000
1403715298.66255 -1.144999000 -2.589245000 0.121741000 0.807199000 0.095597000 0.582355000 0.012367000
1403715298.71255 -1.147348000 -2.599572000 0.125123000 0.806770000 0.098478000 0.582386000 0.015840000
1403715298.76257 -1.149817000 -2.606606000 0.131508000 0.806220000 0.099198000 0.582970000 0.017718000
1403715298.81255 -1.153627000 -2.608713000 0.135828000 0.806978000 0.097421000 0.582251000 0.016725000
1403715298.86251 -1.158064000 -2.607545000 0.139038000 0.811864000 0.090366000 0.576760000 0.007646000
1403715298.91249 -1.162139000 -2.602227000 0.141932000 -0.817083000 -0.081534000 -0.570698000 0.005584000
1403715298.96248 -1.165792000 -2.593957000 0.144782000 -0.821975000 -0.074148000 -0.564326000 0.019869000
1403715299.01249 -1.168468000 -2.583254000 0.148036000 -0.825702000 -0.070957000 -0.558780000 0.030774000
1403715299.06250 -1.171029000 -2.572000000 0.151345000 -0.828178000 -0.070309000 -0.554550000 0.040642000
1403715299.11252 -1.172217000 -2.559908000 0.155256000 -0.829393000 -0.072603000 -0.551801000 0.048492000
1403715299.16253 -1.171953000 -2.547137000 0.159538000 -0.829886000 -0.076263000 -0.549913000 0.055401000
1403715299.21253 -1.170423000 -2.534091000 0.164410000 -0.830128000 -0.081478000 -0.548133000 0.061644000
1403715299.26253 -1.167391000 -2.520869000 0.169236000 -0.830297000 -0.087604000 -0.546189000 0.067896000
1403715299.31254 -1.163187000 -2.507376000 0.174095000 -0.829444000 -0.094468000 -0.545466000 0.074600000
1403715299.36253 -1.156958000 -2.494018000 0.178436000 -0.828801000 -0.102071000 -0.544111000 0.081324000
1403715299.41253 -1.149032000 -2.481052000 0.183508000 -0.827679000 -0.110232000 -0.543096000 0.088558000
1403715299.46254 -1.139671000 -2.467998000 0.188686000 -0.825787000 -0.119307000 -0.542850000 0.095686000
1403715299.51253 -1.128504000 -2.454991000 0.193902000 -0.822832000 -0.128844000 -0.543729000 0.103465000
1403715299.56253 -1.116388000 -2.441976000 0.198717000 -0.819707000 -0.139162000 -0.544360000 0.111297000
1403715299.61253 -1.102384000 -2.428922000 0.202780000 -0.815625000 -0.150060000 -0.546031000 0.118692000
1403715299.66253 -1.088201000 -2.415523000 0.205812000 -0.812490000 -0.161093000 -0.545694000 0.126992000
1403715299.71253 -1.073247000 -2.402505000 0.208649000 -0.808634000 -0.171851000 -0.545953000 0.136067000
1403715299.76252 -1.057541000 -2.389973000 0.211512000 -0.805741000 -0.184108000 -0.544191000 0.144022000
1403715299.81252 -1.040963000 -2.377724000 0.214230000 -0.801690000 -0.195761000 -0.543492000 0.153581000
1403715299.86250 -1.023642000 -2.365950000 0.215795000 -0.798178000 -0.207942000 -0.541448000 0.162807000
1403715299.91250 -1.005701000 -2.354259000 0.217668000 -0.793654000 -0.220900000 -0.540420000 0.171065000
1403715299.96248 -0.986284000 -2.342884000 0.219233000 -0.788919000 -0.233585000 -0.539325000 0.179372000
1403715300.01249 -0.966988000 -2.331612000 0.220823000 -0.785200000 -0.245116000 -0.537205000 0.186519000
1403715300.06249 -0.946727000 -2.320560000 0.223069000 -0.779006000 -0.255594000 -0.539116000 0.192808000
1403715300.11250 -0.926276000 -2.310407000 0.224844000 -0.773268000 -0.263890000 -0.541214000 0.198762000
1403715300.16251 -0.905656000 -2.301016000 0.226131000 -0.767621000 -0.272708000 -0.544079000 0.200914000
1403715300.21252 -0.884790000 -2.292454000 0.227790000 -0.762112000 -0.281533000 -0.547542000 0.200306000
1403715300.26252 -0.864736000 -2.284409000 0.229796000 -0.756588000 -0.287878000 -0.551671000 0.200897000
1403715300.31253 -0.845691000 -2.277000000 0.231827000 -0.753064000 -0.290400000 -0.553725000 0.204822000
1403715300.36253 -0.827804000 -2.269870000 0.233540000 -0.750387000 -0.290963000 -0.555312000 0.209494000
1403715300.41253 -0.807662000 -2.262754000 0.232731000 -0.749083000 -0.290321000 -0.555465000 0.214585000
1403715300.46253 -0.791697000 -2.257160000 0.234484000 -0.748395000 -0.288832000 -0.555499000 0.218867000
1403715300.51253 -0.776994000 -2.252671000 0.236441000 -0.747993000 -0.288414000 -0.555557000 0.220636000
1403715300.56254 -0.763448000 -2.249263000 0.237970000 -0.748694000 -0.287053000 -0.554660000 0.222284000
1403715300.61254 -0.750810000 -2.247000000 0.239473000 -0.749944000 -0.285980000 -0.553373000 0.222659000
1403715300.66254 -0.739077000 -2.245864000 0.240753000 -0.751039000 -0.284743000 -0.552533000 0.222642000
1403715300.71254 -0.728122000 -2.245678000 0.242104000 -0.752486000 -0.282865000 -0.551412000 0.222929000
1403715300.76254 -0.718005000 -2.246752000 0.243561000 -0.753151000 -0.281062000 -0.551602000 0.222492000
1403715300.81254 -0.708448000 -2.248994000 0.244953000 -0.753055000 -0.280217000 -0.552827000 0.220836000
1403715300.86254 -0.699488000 -2.252227000 0.246293000 -0.752518000 -0.280334000 -0.554740000 0.217698000
1403715300.91254 -0.691498000 -2.256494000 0.247123000 -0.752010000 -0.281158000 -0.556593000 0.213627000
1403715300.96254 -0.684513000 -2.261693000 0.247731000 -0.751508000 -0.282018000 -0.558351000 0.209633000
1403715301.01254 -0.678595000 -2.267557000 0.247995000 -0.751086000 -0.282484000 -0.559884000 0.206403000
1403715301.06254 -0.673889000 -2.274080000 0.248156000 -0.750205000 -0.282714000 -0.562085000 0.203287000
1403715301.11255 -0.670478000 -2.281141000 0.248364000 -0.748502000 -0.282770000 -0.565389000 0.200305000
1403715301.16254 -0.668631000 -2.288860000 0.248429000 -0.746523000 -0.283428000 -0.568815000 0.197033000
1403715301.21254 -0.668363000 -2.297245000 0.248511000 -0.744405000 -0.284127000 -0.572409000 0.193601000
1403715301.26254 -0.669992000 -2.305470000 0.247808000 -0.742884000 -0.285303000 -0.574852000 0.190448000
1403715301.31254 -0.673866000 -2.313830000 0.246692000 -0.741357000 -0.286251000 -0.576983000 0.188522000
1403715301.36253 -0.679977000 -2.322548000 0.245075000 -0.740712000 -0.286587000 -0.577932000 0.187638000
1403715301.41252 -0.688226000 -2.331233000 0.242677000 -0.741325000 -0.286457000 -0.577113000 0.187935000
1403715301.46252 -0.698501000 -2.339753000 0.239426000 -0.743472000 -0.284426000 -0.574234000 0.191331000
1403715301.51252 -0.710582000 -2.348433000 0.234888000 -0.747912000 -0.282278000 -0.568291000 0.194917000
1403715301.56252 -0.724210000 -2.357392000 0.229239000 -0.753376000 -0.280684000 -0.561030000 0.197198000
1403715301.61253 -0.739001000 -2.366641000 0.223084000 -0.758849000 -0.279141000 -0.553871000 0.198634000
1403715301.66253 -0.754399000 -2.376129000 0.216696000 -0.763215000 -0.277158000 -0.548267000 0.200222000
1403715301.71252 -0.770057000 -2.386120000 0.210025000 -0.765926000 -0.275992000 -0.545105000 0.200116000
1403715301.76252 -0.785752000 -2.396408000 0.202930000 -0.767288000 -0.275742000 -0.544009000 0.198217000
1403715301.81251 -0.801917000 -2.406510000 0.196850000 -0.766433000 -0.276923000 -0.545903000 0.194639000
1403715301.86250 -0.817757000 -2.416323000 0.190582000 -0.765345000 -0.278220000 -0.548152000 0.190706000
1403715301.91251 -0.834182000 -2.425791000 0.184586000 -0.764906000 -0.278931000 -0.549540000 0.187410000
1403715301.96250 -0.851174000 -2.434988000 0.178962000 -0.765589000 -0.278132000 -0.549289000 0.186540000
1403715302.01250 -0.868621000 -2.443493000 0.174187000 -0.765176000 -0.278282000 -0.550584000 0.184178000
1403715302.06250 -0.886840000 -2.451602000 0.169751000 -0.765145000 -0.278361000 -0.551352000 0.181880000
1403715302.11250 -0.905676000 -2.459446000 0.165531000 -0.766051000 -0.278546000 -0.550755000 0.179573000
1403715302.16251 -0.926141000 -2.466865000 0.162237000 -0.767859000 -0.278968000 -0.548969000 0.176642000
1403715302.21250 -0.946890000 -2.473744000 0.159830000 -0.769785000 -0.278922000 -0.547183000 0.173850000
1403715302.26250 -0.968044000 -2.479668000 0.157907000 -0.771971000 -0.278683000 -0.545095000 0.171080000
1403715302.31249 -0.989309000 -2.484728000 0.156752000 -0.773375000 -0.278723000 -0.544061000 0.167936000
1403715302.36249 -1.011320000 -2.489517000 0.155994000 -0.774230000 -0.277966000 -0.544015000 0.165376000
1403715302.41248 -1.033288000 -2.492593000 0.156005000 -0.774468000 -0.277054000 -0.544770000 0.163298000
1403715302.46248 -1.055687000 -2.494508000 0.156267000 -0.775184000 -0.274015000 -0.545025000 0.164175000
1403715302.51248 -1.078790000 -2.495300000 0.156850000 -0.777012000 -0.268894000 -0.543720000 0.168275000
1403715302.56248 -1.102044000 -2.495224000 0.157407000 -0.779411000 -0.264404000 -0.541483000 0.171480000
1403715302.61248 -1.125179000 -2.494481000 0.158379000 -0.781497000 -0.260186000 -0.539431000 0.174872000
1403715302.66249 -1.148424000 -2.493294000 0.159482000 -0.783213000 -0.257748000 -0.537839000 0.175703000
1403715302.71249 -1.171089000 -2.491676000 0.159786000 -0.785139000 -0.254534000 -0.535729000 0.178224000
1403715302.76250 -1.192807000 -2.490812000 0.157915000 -0.786969000 -0.252737000 -0.533539000 0.179279000
1403715302.81250 -1.213368000 -2.488017000 0.155506000 -0.789630000 -0.251328000 -0.529985000 0.180095000
1403715302.86251 -1.232427000 -2.484915000 0.152269000 -0.792006000 -0.251508000 -0.526643000 0.179211000
1403715302.91251 -1.250588000 -2.483740000 0.147387000 -0.793754000 -0.252640000 -0.523111000 0.180227000
1403715302.96251 -1.266992000 -2.478990000 0.143822000 -0.794670000 -0.255477000 -0.519815000 0.181724000
1403715303.01251 -1.282101000 -2.473795000 0.140132000 -0.794690000 -0.260520000 -0.516743000 0.183231000
1403715303.06250 -1.295781000 -2.467808000 0.136454000 -0.794000000 -0.266353000 -0.513701000 0.186363000
1403715303.11250 -1.308140000 -2.461212000 0.132494000 -0.792306000 -0.274322000 -0.510770000 0.190034000
1403715303.16249 -1.319199000 -2.453879000 0.128539000 -0.789187000 -0.283767000 -0.508782000 0.194425000
1403715303.21249 -1.328946000 -2.445361000 0.125212000 -0.784336000 -0.294086000 -0.508090000 0.200437000
1403715303.26249 -1.337719000 -2.435946000 0.123856000 -0.777220000 -0.305273000 -0.509532000 0.207639000
1403715303.31249 -1.345783000 -2.425464000 0.123030000 -0.768966000 -0.317477000 -0.511654000 0.214731000
1403715303.36250 -1.353628000 -2.413592000 0.121511000 -0.760095000 -0.330371000 -0.513865000 0.221481000
1403715303.41251 -1.360942000 -2.401477000 0.120335000 -0.751528000 -0.343222000 -0.515209000 0.227955000
1403715303.46252 -1.368307000 -2.389070000 0.118811000 -0.743792000 -0.355947000 -0.514907000 0.234405000
1403715303.51252 -1.377688000 -2.374344000 0.116186000 -0.737095000 -0.367697000 -0.512875000 0.241764000
1403715303.56252 -1.385270000 -2.360399000 0.114767000 -0.729514000 -0.380028000 -0.511763000 0.247964000
1403715303.61253 -1.393310000 -2.345940000 0.113197000 -0.723623000 -0.389846000 -0.507852000 0.257829000
1403715303.66252 -1.401694000 -2.331198000 0.112093000 -0.716925000 -0.398614000 -0.504671000 0.269133000
1403715303.71252 -1.410901000 -2.316036000 0.110511000 -0.710863000 -0.407408000 -0.500317000 0.279958000
1403715303.76252 -1.420743000 -2.300594000 0.108782000 -0.704551000 -0.415518000 -0.496141000 0.291200000
1403715303.81251 -1.430628000 -2.285001000 0.106835000 -0.697691000 -0.424200000 -0.492700000 0.300879000
1403715303.86250 -1.440793000 -2.269792000 0.105074000 -0.690935000 -0.431301000 -0.489377000 0.311606000
1403715303.91249 -1.450650000 -2.254889000 0.103043000 -0.685036000 -0.437632000 -0.486365000 0.320395000
1403715303.96249 -1.460167000 -2.240916000 0.101294000 -0.679968000 -0.443162000 -0.483990000 0.327114000
1403715304.01249 -1.469075000 -2.227455000 0.099275000 -0.676124000 -0.447853000 -0.481393000 0.332482000
1403715304.06249 -1.475335000 -2.212777000 0.095806000 -0.673068000 -0.451545000 -0.479386000 0.336564000
1403715304.11249 -1.483928000 -2.202288000 0.094207000 -0.670976000 -0.453443000 -0.477414000 0.340965000
1403715304.16249 -1.492142000 -2.193035000 0.092223000 -0.669172000 -0.454712000 -0.476288000 0.344377000
1403715304.21248 -1.500221000 -2.184346000 0.089529000 -0.668502000 -0.456173000 -0.474698000 0.345938000
1403715304.26247 -1.508121000 -2.176689000 0.086360000 -0.668803000 -0.457282000 -0.472781000 0.346517000
1403715304.31248 -1.515666000 -2.170066000 0.082996000 -0.669627000 -0.458306000 -0.470824000 0.346238000
1403715304.36248 -1.522879000 -2.164859000 0.079477000 -0.670801000 -0.458603000 -0.469403000 0.345498000
1403715304.41248 -1.529492000 -2.160383000 0.075117000 -0.672039000 -0.458953000 -0.468320000 0.344097000
1403715304.46248 -1.536638000 -2.158077000 0.072110000 -0.673203000 -0.458691000 -0.468267000 0.342236000
1403715304.51249 -1.541649000 -2.155113000 0.066359000 -0.672775000 -0.458874000 -0.470963000 0.339122000
1403715304.56249 -1.546449000 -2.152783000 0.057655000 -0.672996000 -0.458825000 -0.472978000 0.335928000
1403715304.61249 -1.551075000 -2.150953000 0.046442000 -0.673143000 -0.458443000 -0.475109000 0.333137000
1403715304.66248 -1.555987000 -2.149623000 0.033725000 -0.673267000 -0.456769000 -0.477222000 0.332164000
1403715304.71248 -1.560957000 -2.149665000 0.020841000 -0.673746000 -0.455499000 -0.478886000 0.330538000
1403715304.76248 -1.565972000 -2.149257000 0.007336000 -0.674642000 -0.455112000 -0.480031000 0.327570000
1403715304.81248 -1.571291000 -2.149793000 -0.004109000 -0.675508000 -0.454334000 -0.480714000 0.325859000
1403715304.86248 -1.576671000 -2.150263000 -0.012719000 -0.676720000 -0.453918000 -0.480827000 0.323750000
1403715304.91248 -1.581946000 -2.150324000 -0.018702000 -0.677432000 -0.453478000 -0.481428000 0.321979000
1403715304.96248 -1.587482000 -2.150676000 -0.021434000 -0.678673000 -0.453196000 -0.480769000 0.320746000
1403715305.01248 -1.593226000 -2.150916000 -0.020901000 -0.679134000 -0.452966000 -0.480795000 0.320055000
1403715305.06249 -1.599071000 -2.151316000 -0.017449000 -0.680297000 -0.452438000 -0.479542000 0.320212000
1403715305.11249 -1.604729000 -2.150715000 -0.012613000 -0.680858000 -0.452134000 -0.478924000 0.320374000
1403715305.16248 -1.610325000 -2.149771000 -0.007172000 -0.681590000 -0.452397000 -0.477819000 0.320095000
1403715305.21248 -1.615823000 -2.148982000 -0.002309000 -0.682816000 -0.452570000 -0.475685000 0.320417000
1403715305.26248 -1.621258000 -2.148365000 0.002182000 -0.683558000 -0.452625000 -0.474238000 0.320901000
1403715305.31248 -1.626864000 -2.148490000 0.006350000 -0.683442000 -0.453578000 -0.473671000 0.320640000
1403715305.36247 -1.632879000 -2.148914000 0.009923000 -0.684104000 -0.454082000 -0.471733000 0.321370000
1403715305.41247 -1.638972000 -2.149635000 0.013768000 -0.683568000 -0.455588000 -0.471282000 0.321043000
1403715305.46247 -1.644995000 -2.150025000 0.019504000 -0.682701000 -0.456724000 -0.470902000 0.321829000
1403715305.51247 -1.651135000 -2.150912000 0.027845000 -0.681436000 -0.457414000 -0.470543000 0.324047000
1403715305.56247 -1.657261000 -2.151950000 0.039123000 -0.679970000 -0.459075000 -0.470130000 0.325375000
1403715305.61247 -1.663372000 -2.153375000 0.052969000 -0.678860000 -0.461006000 -0.468973000 0.326629000
1403715305.66247 -1.669544000 -2.154900000 0.070134000 -0.677145000 -0.462532000 -0.468664000 0.328471000
1403715305.71247 -1.675286000 -2.155756000 0.089937000 -0.677180000 -0.462717000 -0.466219000 0.331601000
1403715305.76247 -1.680552000 -2.156928000 0.111281000 -0.676098000 -0.463865000 -0.465509000 0.333199000
1403715305.81247 -1.685007000 -2.158136000 0.132310000 -0.675666000 -0.464759000 -0.464263000 0.334566000
1403715305.86247 -1.688626000 -2.159191000 0.152640000 -0.675087000 -0.466266000 -0.463665000 0.334466000
1403715305.91247 -1.691788000 -2.160413000 0.172113000 -0.675104000 -0.467554000 -0.462668000 0.334014000
1403715305.96247 -1.694301000 -2.161180000 0.191122000 -0.674859000 -0.468361000 -0.462412000 0.333735000
1403715306.01247 -1.696456000 -2.161775000 0.209011000 -0.674940000 -0.468930000 -0.461909000 0.333467000
1403715306.06247 -1.698080000 -2.162604000 0.225794000 -0.675232000 -0.469832000 -0.461374000 0.332345000
1403715306.11247 -1.699421000 -2.163270000 0.241545000 -0.676348000 -0.470401000 -0.459747000 0.331525000
1403715306.16247 -1.700484000 -2.163571000 0.256557000 -0.678079000 -0.468733000 -0.457194000 0.333873000
1403715306.21247 -1.700848000 -2.163572000 0.271362000 -0.679509000 -0.464756000 -0.456147000 0.337935000
1403715306.26246 -1.700175000 -2.163013000 0.285677000 -0.680926000 -0.459279000 -0.456136000 0.342553000
1403715306.31246 -1.698311000 -2.163187000 0.299182000 -0.682587000 -0.451985000 -0.456984000 0.347780000
1403715306.36246 -1.695205000 -2.163733000 0.312932000 -0.684463000 -0.444168000 -0.458842000 0.351694000
1403715306.41246 -1.690307000 -2.165393000 0.326916000 -0.685619000 -0.435426000 -0.462793000 0.355182000
1403715306.46245 -1.683435000 -2.168407000 0.340881000 -0.687505000 -0.427222000 -0.467160000 0.355779000
1403715306.51245 -1.674803000 -2.173131000 0.354454000 -0.689583000 -0.419684000 -0.472526000 0.353637000
1403715306.56245 -1.664493000 -2.179484000 0.367665000 -0.691896000 -0.412252000 -0.478684000 0.349555000
1403715306.61244 -1.652567000 -2.187855000 0.381421000 -0.693933000 -0.403639000 -0.486076000 0.345344000
1403715306.66244 -1.639455000 -2.198201000 0.395419000 -0.695830000 -0.395198000 -0.494390000 0.339438000
1403715306.71243 -1.625484000 -2.211159000 0.409696000 -0.697968000 -0.387636000 -0.502962000 0.331073000
1403715306.76243 -1.610929000 -2.226675000 0.423268000 -0.699979000 -0.380903000 -0.512089000 0.320479000
1403715306.81243 -1.595947000 -2.244258000 0.436748000 -0.700896000 -0.372501000 -0.522658000 0.311152000
1403715306.86243 -1.581356000 -2.263475000 0.449945000 -0.701679000 -0.364002000 -0.533376000 0.301096000
1403715306.91243 -1.567052000 -2.285125000 0.461640000 -0.703043000 -0.356665000 -0.543442000 0.288428000
1403715306.96244 -1.553964000 -2.308794000 0.472968000 -0.705491000 -0.350823000 -0.551870000 0.273213000
1403715307.01244 -1.542395000 -2.334632000 0.482944000 -0.708090000 -0.345863000 -0.559752000 0.256253000
1403715307.06245 -1.533219000 -2.362091000 0.489492000 -0.711854000 -0.340414000 -0.565558000 0.239847000
1403715307.11247 -1.526349000 -2.390393000 0.491477000 -0.717800000 -0.334488000 -0.567870000 0.224511000
1403715307.16248 -1.521954000 -2.418687000 0.489031000 -0.725265000 -0.328517000 -0.567713000 0.209212000
1403715307.21248 -1.519824000 -2.446535000 0.483612000 -0.732450000 -0.321925000 -0.567327000 0.194989000
1403715307.26248 -1.520488000 -2.473522000 0.475588000 -0.739378000 -0.315537000 -0.566548000 0.181051000
1403715307.31248 -1.523437000 -2.499136000 0.464875000 -0.746252000 -0.307520000 -0.565459000 0.169691000
1403715307.36247 -1.529010000 -2.523434000 0.452545000 -0.754174000 -0.297741000 -0.562568000 0.161521000
1403715307.41247 -1.536644000 -2.545781000 0.439200000 -0.763441000 -0.285054000 -0.557644000 0.157911000
1403715307.46248 -1.546187000 -2.566935000 0.425986000 -0.771656000 -0.272001000 -0.553510000 0.155532000
1403715307.51248 -1.556613000 -2.587246000 0.413192000 -0.778985000 -0.259417000 -0.549903000 0.153269000
1403715307.56248 -1.567666000 -2.606217000 0.400825000 -0.785416000 -0.246782000 -0.547127000 0.151238000
1403715307.61248 -1.578690000 -2.623862000 0.388808000 -0.790801000 -0.234759000 -0.545396000 0.148543000
1403715307.66247 -1.589428000 -2.640630000 0.377244000 -0.795535000 -0.223118000 -0.544437000 0.144675000
1403715307.71247 -1.599739000 -2.657002000 0.364674000 -0.799936000 -0.212404000 -0.543868000 0.138548000
1403715307.76246 -1.608554000 -2.671191000 0.351444000 -0.803571000 -0.202078000 -0.544324000 0.130956000
1403715307.81245 -1.617488000 -2.686360000 0.338632000 -0.807000000 -0.191893000 -0.544971000 0.122208000
1403715307.86245 -1.625993000 -2.701275000 0.325936000 -0.809788000 -0.181710000 -0.546185000 0.113607000
1403715307.91245 -1.633955000 -2.715026000 0.313468000 -0.812513000 -0.171969000 -0.547119000 0.104453000
1403715307.96245 -1.641103000 -2.728014000 0.301151000 -0.814566000 -0.162314000 -0.548691000 0.095259000
1403715308.01245 -1.647485000 -2.739692000 0.289334000 -0.816268000 -0.152142000 -0.550524000 0.086505000
1403715308.06245 -1.652389000 -2.750491000 0.277563000 -0.817895000 -0.141950000 -0.552076000 0.078159000
1403715308.11245 -1.656909000 -2.760957000 0.265929000 -0.819321000 -0.131890000 -0.553537000 0.070109000
1403715308.16245 -1.660414000 -2.769953000 0.254455000 -0.820669000 -0.122871000 -0.554503000 0.062700000
1403715308.21244 -1.662996000 -2.778406000 0.242993000 -0.821347000 -0.114802000 -0.555920000 0.056230000
1403715308.26244 -1.665164000 -2.785834000 0.231192000 -0.822425000 -0.106544000 -0.556536000 0.050336000
1403715308.31244 -1.667189000 -2.792336000 0.219211000 -0.823204000 -0.098953000 -0.557332000 0.043884000
1403715308.36244 -1.668985000 -2.798098000 0.207172000 -0.823534000 -0.091246000 -0.558518000 0.039025000
1403715308.41244 -1.670002000 -2.802261000 0.194939000 -0.824392000 -0.083943000 -0.558618000 0.035740000
1403715308.46243 -1.670449000 -2.805240000 0.182657000 -0.824792000 -0.077345000 -0.559078000 0.034154000
1403715308.51243 -1.671851000 -2.809763000 0.169774000 -0.824852000 -0.071254000 -0.559780000 0.034475000
1403715308.56243 -1.669920000 -2.809490000 0.160148000 -0.825248000 -0.065999000 -0.559749000 0.035936000
1403715308.61243 -1.667054000 -2.808807000 0.153025000 -0.825695000 -0.061842000 -0.559451000 0.037654000
1403715308.66243 -1.664051000 -2.808766000 0.148768000 -0.825765000 -0.059090000 -0.559566000 0.038805000
1403715308.71243 -1.658666000 -2.807835000 0.146539000 -0.826432000 -0.056716000 -0.558720000 0.040312000
1403715308.76243 -1.652618000 -2.806734000 0.147104000 -0.826556000 -0.055462000 -0.558589000 0.041328000
1403715308.81244 -1.645355000 -2.805482000 0.149877000 -0.827266000 -0.055124000 -0.557534000 0.041796000
1403715308.86244 -1.636865000 -2.804017000 0.154308000 -0.828103000 -0.054345000 -0.556246000 0.043391000
1403715308.91244 -1.627718000 -2.802771000 0.159214000 -0.828806000 -0.053687000 -0.555080000 0.045659000
1403715308.96244 -1.617292000 -2.801751000 0.164549000 -0.828518000 -0.053546000 -0.555321000 0.048049000
1403715309.01244 -1.605734000 -2.801026000 0.169795000 -0.827537000 -0.053815000 -0.556481000 0.051132000
1403715309.06245 -1.593250000 -2.800753000 0.175406000 -0.826005000 -0.053493000 -0.558372000 0.055455000
1403715309.11245 -1.580252000 -2.801285000 0.181407000 -0.824723000 -0.053396000 -0.559787000 0.060161000
1403715309.16245 -1.566851000 -2.803011000 0.185800000 -0.823006000 -0.054191000 -0.561785000 0.064201000
1403715309.21245 -1.553029000 -2.805438000 0.190623000 -0.819998000 -0.054142000 -0.565518000 0.069729000
1403715309.26245 -1.538559000 -2.808923000 0.195948000 -0.815133000 -0.054160000 -0.571803000 0.075275000
1403715309.31245 -1.524536000 -2.813776000 0.201105000 -0.810611000 -0.055570000 -0.577531000 0.079242000
1403715309.36245 -1.510754000 -2.820268000 0.205392000 -0.808746000 -0.059471000 -0.579737000 0.079363000
1403715309.41244 -1.497376000 -2.828012000 0.209089000 -0.808193000 -0.065085000 -0.580209000 0.077108000
1403715309.46245 -1.484183000 -2.836461000 0.211831000 -0.808167000 -0.070893000 -0.579987000 0.073856000
1403715309.51245 -1.471329000 -2.845614000 0.214672000 -0.808115000 -0.076163000 -0.579727000 0.071181000
1403715309.56246 -1.458693000 -2.854738000 0.216793000 -0.808267000 -0.080894000 -0.579110000 0.069227000
1403715309.61245 -1.446650000 -2.863920000 0.219637000 -0.808262000 -0.084485000 -0.578748000 0.068015000
1403715309.66245 -1.435449000 -2.873583000 0.222586000 -0.808299000 -0.087538000 -0.578279000 0.067700000
1403715309.71245 -1.424798000 -2.883276000 0.224850000 -0.808758000 -0.089271000 -0.577227000 0.068921000
1403715309.76245 -1.415368000 -2.893089000 0.228069000 -0.809373000 -0.090418000 -0.575970000 0.070695000
1403715309.81245 -1.406613000 -2.903043000 0.231571000 -0.810196000 -0.090643000 -0.574344000 0.074132000
1403715309.86245 -1.397878000 -2.913410000 0.234575000 -0.811415000 -0.088870000 -0.572227000 0.079149000
1403715309.91245 -1.389413000 -2.923806000 0.237444000 -0.812886000 -0.086681000 -0.569623000 0.085046000
1403715309.96245 -1.381251000 -2.935283000 0.239386000 -0.812756000 -0.084620000 -0.569346000 0.090067000
1403715310.01246 -1.372675000 -2.947890000 0.240270000 -0.811283000 -0.083029000 -0.571037000 0.094035000
1403715310.06247 -1.363469000 -2.961725000 0.241029000 -0.808166000 -0.081078000 -0.575274000 0.096718000
1403715310.11248 -1.354203000 -2.977417000 0.241763000 -0.804920000 -0.078788000 -0.580057000 0.097106000
1403715310.16248 -1.345248000 -2.994574000 0.242253000 -0.801557000 -0.076368000 -0.585331000 0.095195000
1403715310.21247 -1.336753000 -3.013273000 0.243216000 -0.799160000 -0.074360000 -0.589623000 0.090330000
1403715310.26245 -1.329409000 -3.033393000 0.244949000 -0.797387000 -0.073111000 -0.593355000 0.082208000
1403715310.31246 -1.322878000 -3.056890000 0.249796000 -0.796158000 -0.072153000 -0.596443000 0.071988000
1403715310.36245 -1.318491000 -3.078041000 0.252469000 -0.795702000 -0.069114000 -0.598453000 0.062732000
1403715310.41245 -1.315724000 -3.099247000 0.255251000 -0.796204000 -0.064644000 -0.599153000 0.053813000
1403715310.46244 -1.314167000 -3.122010000 0.258221000 -0.797477000 -0.058767000 -0.598733000 0.045784000
1403715310.51244 -1.314371000 -3.143576000 0.260601000 -0.800209000 -0.053227000 -0.596111000 0.038535000
1403715310.56243 -1.316027000 -3.165659000 0.263651000 -0.803707000 -0.047985000 -0.592204000 0.032355000
1403715310.61242 -1.318643000 -3.186406000 0.266080000 -0.807554000 -0.043430000 -0.587577000 0.026914000
1403715310.66242 -1.321993000 -3.206628000 0.268091000 -0.811430000 -0.039434000 -0.582691000 0.022312000
1403715310.71241 -1.325761000 -3.226239000 0.269829000 -0.814664000 -0.035762000 -0.578527000 0.018715000
1403715310.76241 -1.329835000 -3.245001000 0.271823000 -0.817151000 -0.032630000 -0.575278000 0.015977000
1403715310.81240 -1.333794000 -3.262840000 0.274037000 -0.818735000 -0.029737000 -0.573219000 0.014468000
1403715310.86239 -1.337780000 -3.280188000 0.276001000 -0.819391000 -0.027064000 -0.572441000 0.013307000
1403715310.91238 -1.342737000 -3.297830000 0.277931000 -0.819619000 -0.024780000 -0.572237000 0.012483000
1403715310.96238 -1.346502000 -3.313868000 0.280049000 -0.820377000 -0.021929000 -0.571266000 0.012472000
1403715311.01237 -1.351635000 -3.331536000 0.281062000 -0.821649000 -0.018446000 -0.569527000 0.013823000
1403715311.06237 -1.354946000 -3.347015000 0.281955000 -0.822976000 -0.014040000 -0.567665000 0.016450000
1403715311.11237 -1.357270000 -3.362187000 0.282772000 -0.824122000 -0.010827000 -0.566019000 0.018095000
1403715311.16237 -1.358426000 -3.377030000 0.282964000 -0.824965000 -0.007633000 -0.564778000 0.020015000
1403715311.21238 -1.358991000 -3.392612000 0.283491000 -0.825254000 -0.004145000 -0.564290000 0.022703000
1403715311.26238 -1.358685000 -3.408746000 0.283427000 -0.825680000 -0.002006000 -0.563634000 0.023789000
1403715311.31238 -1.357439000 -3.425553000 0.283758000 -0.826133000 0.000427000 -0.562886000 0.025768000
1403715311.36238 -1.355169000 -3.443104000 0.284471000 -0.826945000 0.002145000 -0.561640000 0.026786000
1403715311.41239 -1.351477000 -3.461419000 0.285581000 -0.827477000 0.001953000 -0.560935000 0.025078000
1403715311.46239 -1.346775000 -3.480470000 0.287491000 -0.828005000 0.000202000 -0.560308000 0.021501000
1403715311.51239 -1.341535000 -3.500618000 0.289560000 -0.828345000 -0.002161000 -0.559974000 0.016378000
1403715311.56239 -1.335578000 -3.520880000 0.292350000 -0.828282000 -0.003747000 -0.560158000 0.012523000
1403715311.61239 -1.328369000 -3.542273000 0.295537000 -0.827729000 -0.004843000 -0.561022000 0.009737000
1403715311.66238 -1.320268000 -3.562905000 0.298621000 -0.827396000 -0.005545000 -0.561546000 0.007198000
1403715311.71238 -1.311487000 -3.582752000 0.301560000 -0.826914000 -0.004454000 -0.562263000 0.007351000
1403715311.76238 -1.301766000 -3.602517000 0.304031000 -0.826472000 -0.003202000 -0.562914000 0.007897000
1403715311.81238 -1.290937000 -3.622423000 0.306009000 -0.826088000 -0.001332000 -0.563472000 0.008659000
1403715311.86238 -1.279420000 -3.642098000 0.308367000 -0.825596000 0.001920000 -0.564163000 0.010403000
1403715311.91238 -1.267169000 -3.661623000 0.311039000 -0.824715000 0.003788000 -0.565442000 0.010318000
1403715311.96238 -1.254307000 -3.681460000 0.313513000 -0.824600000 0.004653000 -0.565636000 0.008288000
1403715312.01238 -1.240573000 -3.701542000 0.315886000 -0.824697000 0.004383000 -0.565538000 0.004650000
1403715312.06238 -1.226330000 -3.721782000 0.317929000 -0.824900000 0.003709000 -0.565266000 0.000557000
1403715312.11238 -1.211558000 -3.742055000 0.321048000 0.824210000 -0.003811000 0.566266000 0.002368000
1403715312.16238 -1.196890000 -3.762972000 0.324296000 0.823713000 -0.003671000 0.566968000 0.005478000
1403715312.21238 -1.181522000 -3.782918000 0.327629000 0.823572000 -0.004047000 0.567145000 0.007705000
1403715312.26237 -1.166071000 -3.802113000 0.330610000 0.823553000 -0.005212000 0.567145000 0.008910000
1403715312.31238 -1.150481000 -3.820689000 0.333252000 0.823324000 -0.007457000 0.567462000 0.008261000
1403715312.36237 -1.134619000 -3.839117000 0.335305000 0.823492000 -0.009962000 0.567197000 0.007048000
1403715312.41237 -1.118283000 -3.857343000 0.337231000 0.823227000 -0.012246000 0.567549000 0.005887000
1403715312.46237 -1.101395000 -3.875436000 0.338654000 0.822600000 -0.014528000 0.568417000 0.004486000
1403715312.51237 -1.084076000 -3.893381000 0.339772000 0.821302000 -0.015935000 0.570260000 0.003492000
1403715312.56237 -1.066592000 -3.911705000 0.340321000 0.820419000 -0.015696000 0.571530000 0.004474000
1403715312.61237 -1.048918000 -3.930162000 0.340495000 0.818534000 -0.014367000 0.574243000 0.006373000
1403715312.66237 -1.030627000 -3.948560000 0.339006000 0.815744000 -0.012023000 0.578221000 0.008778000
1403715312.71237 -1.012467000 -3.966870000 0.337019000 0.813124000 -0.010093000 0.581911000 0.010356000
1403715312.76237 -0.994905000 -3.984604000 0.334766000 0.811210000 -0.007406000 0.584577000 0.012367000
1403715312.81237 -0.978040000 -4.002240000 0.333078000 0.809558000 -0.003565000 0.586838000 0.014969000
1403715312.86237 -0.961897000 -4.018748000 0.331185000 0.806646000 0.000264000 0.590807000 0.016387000
1403715312.91237 -0.946707000 -4.034363000 0.330169000 0.803751000 0.003810000 0.594721000 0.016669000
1403715312.96237 -0.932783000 -4.048739000 0.332017000 0.801303000 0.007437000 0.597978000 0.016731000
1403715313.01236 -0.921107000 -4.060961000 0.336633000 0.799545000 0.010648000 0.600289000 0.016368000
1403715313.06236 -0.910570000 -4.071884000 0.343263000 0.798892000 0.014015000 0.601091000 0.016305000
1403715313.11236 -0.902000000 -4.081130000 0.352235000 0.799401000 0.017187000 0.600334000 0.016188000
1403715313.16236 -0.894383000 -4.088668000 0.363529000 0.799652000 0.019673000 0.599948000 0.015208000
1403715313.21235 -0.888441000 -4.094709000 0.375136000 0.800504000 0.020396000 0.598855000 0.012223000
1403715313.26235 -0.884753000 -4.099981000 0.386074000 0.802210000 0.020378000 0.596635000 0.008380000
1403715313.31235 -0.882660000 -4.105176000 0.395731000 0.804193000 0.020143000 0.594009000 0.004500000
1403715313.36235 -0.881525000 -4.109913000 0.404719000 0.806547000 0.019985000 0.590830000 0.001725000
1403715313.41235 -0.881278000 -4.113869000 0.413687000 0.809007000 0.020207000 0.587452000 0.000107000
1403715313.46235 -0.881804000 -4.118160000 0.421836000 -0.810943000 -0.018889000 -0.584820000 0.000893000
1403715313.51235 -0.882829000 -4.122668000 0.430730000 0.811886000 0.017262000 0.583560000 0.000779000
1403715313.56235 -0.883932000 -4.127849000 0.439909000 0.812926000 0.014793000 0.582170000 0.003332000
1403715313.61235 -0.885384000 -4.131480000 0.449052000 0.813982000 0.012915000 0.580698000 0.007556000
1403715313.66235 -0.887207000 -4.134638000 0.458439000 0.814354000 0.011292000 0.580138000 0.011821000
1403715313.71236 -0.889046000 -4.136290000 0.468230000 0.814470000 0.009653000 0.579928000 0.015165000
1403715313.76235 -0.891300000 -4.137453000 0.478314000 0.814933000 0.007076000 0.579278000 0.016467000
1403715313.81235 -0.893941000 -4.137783000 0.488858000 0.814932000 0.004737000 0.579275000 0.017410000
1403715313.86235 -0.896643000 -4.137278000 0.499256000 0.815121000 0.002622000 0.578987000 0.018577000
1403715313.91235 -0.899356000 -4.135079000 0.508805000 0.815021000 -0.000128000 0.579157000 0.017812000
1403715313.96235 -0.902540000 -4.132788000 0.518186000 0.814789000 -0.003454000 0.579540000 0.015480000
1403715314.01236 -0.905970000 -4.129557000 0.525801000 0.815415000 -0.006859000 0.578654000 0.014536000
1403715314.06237 -0.909658000 -4.126756000 0.532752000 0.816170000 -0.010025000 0.577477000 0.016936000
1403715314.11237 -0.913771000 -4.123669000 0.538443000 0.816614000 -0.013702000 0.576563000 0.022999000
1403715314.16238 -0.917939000 -4.120901000 0.543668000 0.816844000 -0.019689000 0.575726000 0.030293000
1403715314.21238 -0.922310000 -4.118073000 0.547934000 0.817568000 -0.026501000 0.573888000 0.039140000
1403715314.26238 -0.926496000 -4.114854000 0.552498000 0.817393000 -0.034320000 0.573038000 0.048144000
1403715314.31238 -0.929781000 -4.110202000 0.555205000 0.817939000 -0.043358000 0.570909000 0.056211000
1403715314.36238 -0.932965000 -4.105220000 0.557694000 0.817946000 -0.052484000 0.569289000 0.064184000
1403715314.41238 -0.935807000 -4.099608000 0.559341000 0.817579000 -0.061953000 0.568212000 0.069727000
1403715314.46237 -0.938045000 -4.093170000 0.560445000 0.817954000 -0.070039000 0.566066000 0.074932000
1403715314.51237 -0.938767000 -4.084820000 0.560828000 0.817658000 -0.077593000 0.565006000 0.078630000
1403715314.56236 -0.939266000 -4.076142000 0.562359000 0.817923000 -0.085400000 0.563297000 0.080032000
1403715314.61236 -0.939649000 -4.066638000 0.563911000 0.817365000 -0.092130000 0.562946000 0.080732000
1403715314.66236 -0.939835000 -4.056385000 0.564724000 0.816435000 -0.097238000 0.563253000 0.082008000
1403715314.71236 -0.939740000 -4.045268000 0.564648000 0.815833000 -0.101209000 0.563236000 0.083301000
1403715314.76236 -0.940200000 -4.034211000 0.564232000 0.815023000 -0.103855000 0.563642000 0.085201000
1403715314.81236 -0.938993000 -4.022163000 0.564329000 0.813500000 -0.105740000 0.565257000 0.086729000
1403715314.86236 -0.937330000 -4.009557000 0.564311000 0.812874000 -0.106532000 0.565651000 0.089023000
1403715314.91236 -0.935295000 -3.996398000 0.563999000 0.812167000 -0.107564000 0.566309000 0.090046000
1403715314.96236 -0.932867000 -3.982810000 0.563678000 0.811410000 -0.108678000 0.567217000 0.089821000
1403715315.01236 -0.929423000 -3.968426000 0.563588000 0.810782000 -0.109651000 0.568103000 0.088703000
1403715315.06236 -0.924660000 -3.953618000 0.563235000 0.809127000 -0.111057000 0.570476000 0.086815000
1403715315.11235 -0.920587000 -3.938334000 0.562426000 0.808575000 -0.111458000 0.571315000 0.085924000
1403715315.16235 -0.917130000 -3.922962000 0.561285000 0.808721000 -0.112088000 0.571186000 0.084581000
1403715315.21235 -0.914106000 -3.907117000 0.560650000 0.809089000 -0.112109000 0.570799000 0.083633000
1403715315.26235 -0.911077000 -3.891317000 0.560110000 0.809179000 -0.112424000 0.570638000 0.083439000
1403715315.31235 -0.908482000 -3.875626000 0.559756000 0.809210000 -0.114013000 0.570134000 0.084426000
1403715315.36235 -0.905983000 -3.860108000 0.560416000 0.808624000 -0.116731000 0.570053000 0.086842000
1403715315.41235 -0.903266000 -3.844885000 0.560852000 0.808019000 -0.121179000 0.569658000 0.088939000
1403715315.46235 -0.900738000 -3.829581000 0.561342000 0.807181000 -0.126902000 0.569197000 0.091484000
1403715315.51235 -0.898372000 -3.814368000 0.562334000 0.805938000 -0.133204000 0.569045000 0.094384000
1403715315.56235 -0.896027000 -3.799315000 0.563560000 0.804487000 -0.139658000 0.569074000 0.097211000
1403715315.61235 -0.894523000 -3.784372000 0.564751000 0.803060000 -0.146487000 0.568816000 0.100419000
1403715315.66235 -0.893496000 -3.769697000 0.566500000 0.801348000 -0.153799000 0.568630000 0.104147000
1403715315.71235 -0.892342000 -3.755288000 0.568160000 0.798670000 -0.163617000 0.569447000 0.105285000
1403715315.76235 -0.891706000 -3.741226000 0.569574000 0.795934000 -0.174510000 0.569948000 0.105801000
1403715315.81235 -0.891730000 -3.727982000 0.570309000 0.793496000 -0.185657000 0.569626000 0.106871000
1403715315.86235 -0.892292000 -3.715707000 0.570680000 0.791358000 -0.195980000 0.568511000 0.110180000
1403715315.91236 -0.893599000 -3.704287000 0.570749000 0.789667000 -0.205246000 0.566526000 0.115539000
1403715315.96236 -0.895698000 -3.693584000 0.570064000 0.787521000 -0.213729000 0.564898000 0.122557000
1403715316.01236 -0.898382000 -3.683690000 0.568592000 0.785900000 -0.222270000 0.562238000 0.129792000
1403715316.06236 -0.901796000 -3.674931000 0.566510000 0.784020000 -0.229663000 0.559751000 0.138726000
1403715316.11236 -0.905509000 -3.667269000 0.563782000 0.782515000 -0.236640000 0.556426000 0.148534000
1403715316.16236 -0.909262000 -3.660579000 0.559851000 0.781165000 -0.243664000 0.552464000 0.158722000
1403715316.21236 -0.913321000 -3.654258000 0.555528000 0.780171000 -0.250913000 0.547597000 0.168856000
1403715316.26235 -0.917919000 -3.648206000 0.551068000 0.780569000 -0.258347000 0.540103000 0.179606000
1403715316.31235 -0.922685000 -3.642043000 0.547068000 0.781164000 -0.266860000 0.531813000 0.189057000
1403715316.36235 -0.926518000 -3.635931000 0.541054000 0.782553000 -0.274308000 0.522527000 0.198320000
1403715316.41236 -0.929294000 -3.629305000 0.534800000 0.783594000 -0.281084000 0.514208000 0.206305000
1403715316.46237 -0.930246000 -3.622253000 0.528608000 0.783344000 -0.287208000 0.508438000 0.213013000
1403715316.51238 -0.928921000 -3.614827000 0.522315000 0.781911000 -0.293282000 0.505422000 0.217140000
1403715316.56239 -0.925684000 -3.607346000 0.515300000 0.779112000 -0.298504000 0.505051000 0.220914000
1403715316.61239 -0.922740000 -3.599277000 0.509580000 0.775710000 -0.303456000 0.506281000 0.223312000
1403715316.66239 -0.916012000 -3.591317000 0.501495000 0.771638000 -0.307027000 0.509214000 0.225853000
1403715316.71239 -0.908037000 -3.583127000 0.492186000 0.767316000 -0.311400000 0.512301000 0.227606000
1403715316.76239 -0.899006000 -3.575014000 0.482618000 0.763159000 -0.315966000 0.514462000 0.230397000
1403715316.81239 -0.888886000 -3.567302000 0.472610000 0.759317000 -0.320823000 0.515635000 0.233730000
1403715316.86239 -0.877174000 -3.560366000 0.462375000 0.755299000 -0.326583000 0.516068000 0.237783000
1403715316.91238 -0.865430000 -3.553007000 0.453021000 0.750792000 -0.333554000 0.516218000 0.242016000
1403715316.96238 -0.853141000 -3.545635000 0.444212000 0.745438000 -0.340316000 0.516453000 0.248562000
1403715317.01238 -0.840851000 -3.538345000 0.434976000 0.738843000 -0.348396000 0.517495000 0.254814000
1403715317.06239 -0.828797000 -3.530006000 0.425255000 0.733169000 -0.358100000 0.516396000 0.259928000
1403715317.11239 -0.816960000 -3.521554000 0.415043000 0.728332000 -0.368407000 0.513162000 0.265468000
1403715317.16240 -0.805361000 -3.513054000 0.404593000 0.723765000 -0.379266000 0.508709000 0.271177000
1403715317.21240 -0.793063000 -3.504462000 0.394668000 0.719132000 -0.390583000 0.503494000 0.277106000
1403715317.26240 -0.780902000 -3.495683000 0.385395000 0.714228000 -0.400652000 0.498306000 0.284689000
1403715317.31240 -0.768583000 -3.486751000 0.376320000 0.708731000 -0.411369000 0.493190000 0.291959000
1403715317.36240 -0.756226000 -3.477382000 0.367450000 0.702452000 -0.422998000 0.488570000 0.298217000
1403715317.41240 -0.743919000 -3.467657000 0.359142000 0.695061000 -0.435175000 0.485068000 0.303681000
1403715317.46240 -0.731610000 -3.457754000 0.350340000 0.688056000 -0.446919000 0.480939000 0.309096000
1403715317.51239 -0.718931000 -3.448386000 0.342530000 0.680991000 -0.457992000 0.476845000 0.314823000
1403715317.56240 -0.706137000 -3.439735000 0.334936000 0.673717000 -0.468098000 0.472915000 0.321469000
1403715317.61240 -0.692973000 -3.431426000 0.328082000 0.666096000 -0.478244000 0.469293000 0.327661000
1403715317.66240 -0.679865000 -3.422970000 0.322496000 0.658187000 -0.488472000 0.466215000 0.332910000
1403715317.71239 -0.667193000 -3.414813000 0.316230000 0.650500000 -0.498296000 0.462690000 0.338332000
1403715317.76239 -0.655038000 -3.406845000 0.309870000 0.642318000 -0.508591000 0.459880000 0.342451000
1403715317.81239 -0.643230000 -3.399371000 0.303784000 0.632921000 -0.520129000 0.458825000 0.344030000
1403715317.86239 -0.632315000 -3.392031000 0.297852000 0.623779000 -0.532001000 0.456854000 0.345194000
1403715317.91239 -0.622221000 -3.385210000 0.292643000 0.615817000 -0.541851000 0.453738000 0.348265000
1403715317.96239 -0.613268000 -3.378661000 0.287583000 0.608606000 -0.550551000 0.449776000 0.352411000
1403715318.01239 -0.605590000 -3.372203000 0.282284000 0.601825000 -0.558617000 0.445557000 0.356698000
1403715318.06239 -0.598968000 -3.365880000 0.277019000 0.595111000 -0.565342000 0.443092000 0.360418000
1403715318.11239 -0.593798000 -3.359886000 0.271662000 0.589297000 -0.571437000 0.441084000 0.362813000
1403715318.16239 -0.589982000 -3.354420000 0.266235000 0.584725000 -0.575923000 0.438825000 0.365845000
1403715318.21239 -0.587640000 -3.349233000 0.260609000 0.581822000 -0.579397000 0.435695000 0.368717000
1403715318.26238 -0.586844000 -3.343087000 0.254947000 0.578993000 -0.582305000 0.433592000 0.371061000
1403715318.31238 -0.587481000 -3.338479000 0.249082000 0.577123000 -0.584825000 0.430446000 0.373664000
1403715318.36238 -0.589966000 -3.334640000 0.243026000 0.574978000 -0.587519000 0.427070000 0.376607000
1403715318.41237 -0.593820000 -3.331088000 0.237338000 0.573935000 -0.589519000 0.422344000 0.380383000
1403715318.46237 -0.599126000 -3.327488000 0.231731000 0.573491000 -0.590805000 0.415877000 0.386140000
1403715318.51236 -0.605317000 -3.324467000 0.226086000 0.573464000 -0.592300000 0.408305000 0.391927000
1403715318.56235 -0.612055000 -3.321720000 0.220316000 0.572939000 -0.595340000 0.400432000 0.396190000
1403715318.61234 -0.619140000 -3.319401000 0.214313000 0.572527000 -0.600042000 0.391599000 0.398513000
1403715318.66234 -0.626388000 -3.317640000 0.208120000 0.571560000 -0.606120000 0.382560000 0.399481000
1403715318.71234 -0.633623000 -3.317300000 0.201631000 0.570345000 -0.613462000 0.373326000 0.398746000
1403715318.76234 -0.640837000 -3.318588000 0.195411000 0.566624000 -0.620935000 0.366831000 0.398512000
1403715318.81235 -0.648378000 -3.321621000 0.189467000 0.563051000 -0.627487000 0.359274000 0.400194000
1403715318.86236 -0.655620000 -3.327588000 0.184740000 0.557685000 -0.633062000 0.354295000 0.403355000
1403715318.91236 -0.662635000 -3.334777000 0.180275000 0.552280000 -0.637390000 0.350137000 0.407583000
1403715318.96238 -0.668451000 -3.343835000 0.175941000 0.546902000 -0.640801000 0.346530000 0.412540000
1403715319.01238 -0.674295000 -3.354727000 0.172031000 0.540512000 -0.644128000 0.344046000 0.417826000
1403715319.06238 -0.680552000 -3.367893000 0.168225000 0.533941000 -0.646955000 0.341143000 0.424237000
1403715319.11238 -0.686811000 -3.383223000 0.164047000 0.527420000 -0.648889000 0.338048000 0.431851000
1403715319.16238 -0.692877000 -3.399277000 0.160695000 0.520816000 -0.650757000 0.334508000 0.439739000
1403715319.21238 -0.698582000 -3.416773000 0.157488000 0.513624000 -0.653498000 0.330921000 0.446791000
1403715319.26238 -0.703722000 -3.435345000 0.154813000 0.506747000 -0.657382000 0.326177000 0.452400000
1403715319.31238 -0.708270000 -3.454969000 0.152615000 0.499958000 -0.660910000 0.321160000 0.458362000
1403715319.36239 -0.712202000 -3.475423000 0.150250000 0.492924000 -0.664767000 0.315768000 0.464113000
1403715319.41238 -0.715068000 -3.496935000 0.147818000 0.485322000 -0.668688000 0.311439000 0.469387000
1403715319.46239 -0.717787000 -3.518566000 0.145068000 0.476642000 -0.673334000 0.308795000 0.473371000
1403715319.51239 -0.719329000 -3.540877000 0.142118000 0.467599000 -0.678394000 0.305922000 0.477017000
1403715319.56238 -0.720346000 -3.564214000 0.139125000 0.459455000 -0.683250000 0.301884000 0.480558000
1403715319.61238 -0.720443000 -3.588203000 0.137385000 0.451478000 -0.687754000 0.299048000 0.483458000
1403715319.66238 -0.719594000 -3.613007000 0.137463000 0.445971000 -0.691070000 0.295258000 0.486164000
1403715319.71238 -0.717952000 -3.638907000 0.139439000 0.441084000 -0.693989000 0.293521000 0.487514000
1403715319.76237 -0.715251000 -3.665140000 0.145015000 0.438507000 -0.696167000 0.291174000 0.488141000
1403715319.81237 -0.711710000 -3.692003000 0.153889000 0.436223000 -0.697708000 0.290649000 0.488299000
1403715319.86237 -0.707468000 -3.719279000 0.165726000 0.434403000 -0.698935000 0.289828000 0.488655000
1403715319.91237 -0.702256000 -3.747046000 0.180097000 0.432338000 -0.700936000 0.288887000 0.488178000
1403715319.96237 -0.696364000 -3.775277000 0.195408000 0.430566000 -0.702012000 0.287617000 0.488946000
1403715320.01236 -0.690157000 -3.804516000 0.210404000 0.427797000 -0.703324000 0.286063000 0.490401000
1403715320.06236 -0.683372000 -3.834662000 0.224804000 0.424395000 -0.705231000 0.283668000 0.492006000
1403715320.11235 -0.676160000 -3.865163000 0.238306000 0.420257000 -0.706693000 0.280140000 0.495470000
1403715320.16235 -0.668715000 -3.894843000 0.251183000 0.414854000 -0.709249000 0.275672000 0.498865000
1403715320.21235 -0.660801000 -3.924806000 0.263824000 0.407307000 -0.711861000 0.271364000 0.503702000
1403715320.26234 -0.652106000 -3.954292000 0.276361000 0.397686000 -0.713876000 0.267201000 0.510716000
1403715320.31234 -0.642638000 -3.983025000 0.288045000 0.385042000 -0.716630000 0.264813000 0.517744000
1403715320.36234 -0.632410000 -4.012104000 0.299467000 0.370419000 -0.721183000 0.262499000 0.523240000
1403715320.41235 -0.621080000 -4.040190000 0.310523000 0.355139000 -0.727402000 0.259002000 0.526954000
1403715320.46236 -0.608748000 -4.066705000 0.321865000 0.339592000 -0.734039000 0.254174000 0.530339000
1403715320.51237 -0.595513000 -4.090801000 0.332393000 0.324366000 -0.741412000 0.248299000 0.532393000
1403715320.56238 -0.582086000 -4.113313000 0.342028000 0.308844000 -0.748476000 0.242610000 0.534359000
1403715320.61238 -0.568670000 -4.134632000 0.351722000 0.293150000 -0.755404000 0.237547000 0.535724000
1403715320.66238 -0.555908000 -4.153876000 0.361167000 0.277282000 -0.761882000 0.233401000 0.536818000
1403715320.71238 -0.543491000 -4.172635000 0.369072000 0.261673000 -0.767675000 0.230000000 0.537869000
1403715320.76238 -0.530855000 -4.192300000 0.377904000 0.246479000 -0.772675000 0.228869000 0.538368000
1403715320.81238 -0.518003000 -4.210287000 0.386210000 0.233098000 -0.776578000 0.228570000 0.538839000
1403715320.86237 -0.505399000 -4.226872000 0.393473000 0.222106000 -0.780981000 0.227953000 0.537378000
1403715320.91237 -0.493194000 -4.241829000 0.400101000 0.213842000 -0.785431000 0.226222000 0.534970000
1403715320.96237 -0.482093000 -4.254789000 0.406494000 0.208384000 -0.788980000 0.222847000 0.533317000
1403715321.01237 -0.471883000 -4.265304000 0.412824000 0.205138000 -0.791926000 0.218088000 0.532174000
1403715321.06237 -0.462700000 -4.273192000 0.419034000 0.203508000 -0.793826000 0.213004000 0.532028000
1403715321.11237 -0.454654000 -4.278722000 0.424866000 0.202669000 -0.795109000 0.208273000 0.532305000
1403715321.16236 -0.445788000 -4.281782000 0.430745000 0.202550000 -0.795898000 0.203998000 0.532827000
1403715321.21235 -0.440566000 -4.283929000 0.434715000 0.203028000 -0.796915000 0.200031000 0.532630000
1403715321.26236 -0.436356000 -4.285469000 0.437876000 0.203517000 -0.797714000 0.197249000 0.532284000
1403715321.31236 -0.433001000 -4.285647000 0.441074000 0.203351000 -0.798428000 0.196473000 0.531563000
1403715321.36236 -0.432441000 -4.283911000 0.443018000 0.203276000 -0.798827000 0.196501000 0.530982000
1403715321.41237 -0.433404000 -4.280497000 0.445016000 0.202744000 -0.798574000 0.197420000 0.531225000
1403715321.46237 -0.435720000 -4.275451000 0.447075000 0.202761000 -0.797777000 0.198233000 0.532113000
1403715321.51237 -0.438583000 -4.268754000 0.450113000 0.204269000 -0.797315000 0.198202000 0.532240000
1403715321.56237 -0.442899000 -4.261099000 0.452881000 0.206196000 -0.797256000 0.198505000 0.531471000
1403715321.61236 -0.448177000 -4.251845000 0.456258000 0.209745000 -0.796581000 0.197305000 0.531542000
1403715321.66237 -0.454503000 -4.241063000 0.460362000 0.211909000 -0.795350000 0.195923000 0.533035000
1403715321.71237 -0.461840000 -4.228698000 0.465802000 0.211453000 -0.793073000 0.195758000 0.536658000
1403715321.76237 -0.466554000 -4.214671000 0.474855000 0.209985000 -0.791405000 0.195333000 0.539841000
1403715321.81237 -0.475276000 -4.199220000 0.480134000 0.205203000 -0.789872000 0.197516000 0.543121000
1403715321.86237 -0.484663000 -4.182117000 0.485825000 0.199178000 -0.787374000 0.201034000 0.547683000
1403715321.91237 -0.493340000 -4.162168000 0.492206000 0.194282000 -0.785467000 0.202291000 0.551702000
1403715321.96238 -0.503741000 -4.140239000 0.497043000 0.189806000 -0.785676000 0.201095000 0.553397000
1403715322.01239 -0.514054000 -4.115517000 0.501244000 0.186281000 -0.788174000 0.197183000 0.552450000
1403715322.06240 -0.524858000 -4.088522000 0.505919000 0.182620000 -0.792236000 0.193774000 0.549057000
1403715322.11241 -0.536402000 -4.058740000 0.510903000 0.181404000 -0.795676000 0.188108000 0.546450000
1403715322.16241 -0.548404000 -4.027245000 0.515798000 0.183650000 -0.798054000 0.178396000 0.545489000
1403715322.21241 -0.561243000 -3.994551000 0.520805000 0.186526000 -0.799300000 0.167904000 0.546018000
1403715322.26240 -0.574766000 -3.960625000 0.525450000 0.187468000 -0.800718000 0.157682000 0.546665000
1403715322.31240 -0.588609000 -3.926271000 0.529686000 0.187050000 -0.802994000 0.147976000 0.546184000
1403715322.36240 -0.603805000 -3.891293000 0.531496000 0.184841000 -0.805375000 0.138493000 0.545917000
1403715322.41240 -0.619015000 -3.856707000 0.530994000 0.181078000 -0.807949000 0.128810000 0.545745000
1403715322.46240 -0.634392000 -3.822755000 0.527819000 0.176135000 -0.810866000 0.120203000 0.544999000
1403715322.51240 -0.650351000 -3.789661000 0.521425000 0.170894000 -0.813500000 0.112864000 0.544311000
1403715322.56240 -0.666536000 -3.757623000 0.512416000 0.166002000 -0.816188000 0.107623000 0.542862000
1403715322.61240 -0.682890000 -3.726917000 0.502336000 0.162399000 -0.818095000 0.102516000 0.542068000
1403715322.66240 -0.700309000 -3.697653000 0.491602000 0.159174000 -0.820042000 0.098912000 0.540751000
1403715322.71241 -0.718626000 -3.670260000 0.481816000 0.156561000 -0.820881000 0.096243000 0.540723000
1403715322.76241 -0.738472000 -3.644055000 0.471205000 0.154424000 -0.820786000 0.094482000 0.541790000
1403715322.81241 -0.759433000 -3.619074000 0.461485000 0.153195000 -0.821100000 0.092617000 0.541985000
1403715322.86241 -0.781474000 -3.595561000 0.453664000 0.152928000 -0.821380000 0.090789000 0.541946000
1403715322.91241 -0.804433000 -3.573621000 0.448851000 0.153277000 -0.820593000 0.088747000 0.543375000
1403715322.96241 -0.828207000 -3.553441000 0.446658000 0.153376000 -0.819848000 0.087360000 0.544695000
1403715323.01241 -0.852773000 -3.535219000 0.447445000 0.153890000 -0.819266000 0.086372000 0.545584000
1403715323.06241 -0.877816000 -3.519290000 0.449835000 0.153908000 -0.818815000 0.086111000 0.546295000
1403715323.11241 -0.904053000 -3.505547000 0.453689000 0.154569000 -0.818495000 0.085440000 0.546693000
1403715323.16241 -0.931351000 -3.493910000 0.456033000 0.155700000 -0.818308000 0.084730000 0.546764000
1403715323.21241 -0.959028000 -3.483178000 0.455986000 0.157448000 -0.817480000 0.083566000 0.547680000
1403715323.26242 -0.987443000 -3.473474000 0.453039000 0.158789000 -0.816422000 0.082838000 0.548980000
1403715323.31242 -1.016363000 -3.465249000 0.447429000 0.159715000 -0.816038000 0.082535000 0.549327000
1403715323.36242 -1.045249000 -3.458205000 0.440885000 0.159454000 -0.815668000 0.083468000 0.549811000
1403715323.41242 -1.074801000 -3.453192000 0.436404000 0.159569000 -0.815436000 0.083495000 0.550119000
1403715323.46242 -1.104812000 -3.450092000 0.434101000 0.159521000 -0.815884000 0.083655000 0.549443000
1403715323.51242 -1.135573000 -3.448835000 0.434626000 0.159622000 -0.815983000 0.083650000 0.549267000
1403715323.56242 -1.166550000 -3.449178000 0.437692000 0.159362000 -0.816349000 0.083603000 0.548806000
1403715323.61242 -1.197590000 -3.451152000 0.445112000 0.157923000 -0.812764000 0.085472000 0.554229000
1403715323.66241 -1.229351000 -3.454584000 0.454350000 0.155829000 -0.806890000 0.088321000 0.562889000
1403715323.71241 -1.260477000 -3.459080000 0.463750000 0.153893000 -0.800520000 0.090139000 0.572153000
1403715323.76239 -1.291964000 -3.465739000 0.471641000 0.151977000 -0.793444000 0.092112000 0.582122000
1403715323.81239 -1.320367000 -3.472267000 0.480365000 0.150334000 -0.787248000 0.094253000 0.590557000
1403715323.86239 -1.347411000 -3.479512000 0.488043000 0.149017000 -0.781602000 0.096189000 0.598030000
1403715323.91239 -1.372475000 -3.487686000 0.496170000 0.147969000 -0.775915000 0.097624000 0.605418000
1403715323.96239 -1.394286000 -3.496445000 0.504794000 0.146607000 -0.768728000 0.100373000 0.614402000
1403715324.01239 -1.412638000 -3.505389000 0.513431000 0.145113000 -0.763328000 0.103299000 0.620969000
1403715324.06238 -1.427517000 -3.514172000 0.520400000 0.144210000 -0.761077000 0.105679000 0.623536000
1403715324.11237 -1.438964000 -3.522985000 0.526643000 0.143386000 -0.763116000 0.108050000 0.620822000
1403715324.16236 -1.447391000 -3.531474000 0.532747000 0.142887000 -0.766940000 0.110011000 0.615860000
1403715324.21236 -1.453241000 -3.539675000 0.538815000 0.141918000 -0.770745000 0.112451000 0.610873000
1403715324.26235 -1.457069000 -3.547941000 0.546415000 0.140632000 -0.774171000 0.115658000 0.606222000
1403715324.31236 -1.458352000 -3.554485000 0.552347000 0.138580000 -0.777413000 0.120358000 0.601613000
1403715324.36236 -1.457543000 -3.560616000 0.558556000 0.134973000 -0.781726000 0.126654000 0.595522000
1403715324.41236 -1.453695000 -3.565109000 0.563630000 0.132647000 -0.788303000 0.131561000 0.586238000
1403715324.46237 -1.448326000 -3.567656000 0.568943000 0.131294000 -0.795812000 0.134399000 0.575659000
1403715324.51238 -1.442933000 -3.568867000 0.574568000 0.130543000 -0.802090000 0.135900000 0.566694000
1403715324.56239 -1.437322000 -3.569577000 0.580645000 0.130558000 -0.807199000 0.135801000 0.559413000
1403715324.61240 -1.432493000 -3.569370000 0.587175000 0.130829000 -0.810183000 0.134861000 0.555248000
1403715324.66242 -1.427845000 -3.568382000 0.593886000 0.131699000 -0.811629000 0.133117000 0.553348000
1403715324.71244 -1.424624000 -3.566485000 0.600979000 0.132624000 -0.811916000 0.131205000 0.553162000
1403715324.76245 -1.421915000 -3.563753000 0.607827000 0.134509000 -0.811447000 0.128156000 0.554109000
1403715324.81245 -1.419553000 -3.560363000 0.614424000 0.138325000 -0.810122000 0.122675000 0.556345000
1403715324.86246 -1.417377000 -3.556697000 0.620730000 0.142870000 -0.807817000 0.116481000 0.559868000
1403715324.91246 -1.415400000 -3.552956000 0.626816000 0.146643000 -0.804529000 0.111812000 0.564560000
1403715324.96247 -1.413037000 -3.549068000 0.632244000 0.148569000 -0.801030000 0.109978000 0.569371000
1403715325.01247 -1.410224000 -3.545173000 0.637214000 0.149785000 -0.797720000 0.109466000 0.573780000
1403715325.06247 -1.406691000 -3.541431000 0.641829000 0.150189000 -0.795140000 0.109963000 0.577151000
1403715325.11247 -1.402506000 -3.537313000 0.645627000 0.149838000 -0.792582000 0.111998000 0.580361000
1403715325.16247 -1.397633000 -3.533465000 0.649018000 0.150190000 -0.791232000 0.113052000 0.581905000
1403715325.21247 -1.391742000 -3.529362000 0.652223000 0.150424000 -0.790061000 0.114215000 0.583208000
1403715325.26248 -1.384917000 -3.524766000 0.653773000 0.150574000 -0.790094000 0.115816000 0.582808000
1403715325.31249 -1.376897000 -3.520453000 0.655266000 0.150773000 -0.790990000 0.117253000 0.581253000
1403715325.36249 -1.367880000 -3.515536000 0.656626000 0.151103000 -0.792951000 0.118109000 0.578313000
1403715325.41250 -1.358075000 -3.510692000 0.657306000 0.150807000 -0.795734000 0.120124000 0.574139000
1403715325.46250 -1.347753000 -3.505511000 0.657573000 0.150282000 -0.799187000 0.121776000 0.569111000
1403715325.51251 -1.337657000 -3.500103000 0.657586000 0.149624000 -0.802314000 0.123396000 0.564516000
1403715325.56250 -1.327580000 -3.494891000 0.657540000 0.147824000 -0.804536000 0.126104000 0.561219000
1403715325.61250 -1.318390000 -3.489487000 0.658216000 0.144019000 -0.806061000 0.131326000 0.558818000
1403715325.66250 -1.309874000 -3.482978000 0.658334000 0.140073000 -0.807319000 0.136528000 0.556755000
1403715325.71249 -1.302055000 -3.475620000 0.658457000 0.137199000 -0.808622000 0.140136000 0.554678000
1403715325.76249 -1.295066000 -3.467069000 0.658579000 0.135167000 -0.810169000 0.142273000 0.552372000
1403715325.81249 -1.288699000 -3.457042000 0.658791000 0.134784000 -0.811530000 0.142073000 0.550516000
1403715325.86249 -1.283575000 -3.446130000 0.658261000 0.135028000 -0.812499000 0.140870000 0.549334000
1403715325.91249 -1.278939000 -3.433527000 0.657678000 0.135461000 -0.813375000 0.139225000 0.548350000
1403715325.96249 -1.275413000 -3.419782000 0.656514000 0.136447000 -0.814207000 0.137092000 0.547407000
1403715326.01248 -1.273400000 -3.405150000 0.655022000 0.137696000 -0.814262000 0.133949000 0.547791000
1403715326.06248 -1.272790000 -3.389791000 0.653329000 0.139345000 -0.813608000 0.129875000 0.549324000
1403715326.11248 -1.273218000 -3.374026000 0.651112000 0.141791000 -0.812645000 0.124426000 0.551381000
1403715326.16248 -1.274459000 -3.358022000 0.648586000 0.144367000 -0.811259000 0.118884000 0.553971000
1403715326.21249 -1.276369000 -3.341955000 0.645157000 0.146320000 -0.810042000 0.114250000 0.556210000
1403715326.26249 -1.279104000 -3.326082000 0.641410000 0.148021000 -0.808248000 0.110081000 0.559202000
1403715326.31250 -1.282027000 -3.310803000 0.637823000 0.148513000 -0.805802000 0.107784000 0.563037000
1403715326.36250 -1.284727000 -3.295650000 0.634378000 0.148373000 -0.802004000 0.106219000 0.568764000
1403715326.41250 -1.287750000 -3.280992000 0.631362000 0.147471000 -0.797882000 0.106088000 0.574789000
1403715326.46250 -1.290793000 -3.266839000 0.628608000 0.146087000 -0.794701000 0.106478000 0.579458000
1403715326.51250 -1.292705000 -3.253005000 0.625700000 0.145009000 -0.791502000 0.106539000 0.584077000
1403715326.56250 -1.292844000 -3.239075000 0.622421000 0.144011000 -0.789398000 0.106317000 0.587204000
1403715326.61250 -1.291523000 -3.225063000 0.618671000 0.143756000 -0.787434000 0.105331000 0.590074000
1403715326.66250 -1.288774000 -3.210913000 0.614682000 0.142840000 -0.786704000 0.104998000 0.591327000
1403715326.71251 -1.284557000 -3.196392000 0.610208000 0.141919000 -0.787133000 0.104324000 0.591099000
1403715326.76252 -1.279015000 -3.182015000 0.604470000 0.140120000 -0.789605000 0.105011000 0.588101000
1403715326.81254 -1.272006000 -3.167166000 0.598037000 0.137948000 -0.793235000 0.106480000 0.583447000
1403715326.86254 -1.263555000 -3.152601000 0.591536000 0.135336000 -0.797006000 0.108029000 0.578615000
1403715326.91254 -1.253963000 -3.137040000 0.584788000 0.133878000 -0.800867000 0.108476000 0.573517000
1403715326.96254 -1.243863000 -3.121586000 0.578787000 0.131392000 -0.803700000 0.109803000 0.569865000
1403715327.01254 -1.233871000 -3.105866000 0.573268000 0.128500000 -0.806065000 0.112081000 0.566732000
1403715327.06254 -1.224170000 -3.089551000 0.568510000 0.125710000 -0.807818000 0.114455000 0.564382000
1403715327.11254 -1.214708000 -3.072742000 0.563845000 0.123360000 -0.809611000 0.116233000 0.561963000
1403715327.16254 -1.205755000 -3.055136000 0.559227000 0.121874000 -0.811414000 0.117349000 0.559449000
1403715327.21255 -1.197374000 -3.036650000 0.554554000 0.120263000 -0.813187000 0.118520000 0.556970000
1403715327.26255 -1.189649000 -3.017143000 0.550452000 0.118625000 -0.814861000 0.119389000 0.554686000
1403715327.31255 -1.182947000 -2.996759000 0.546948000 0.116826000 -0.816133000 0.120503000 0.552953000
1403715327.36255 -1.177319000 -2.975381000 0.543219000 0.115266000 -0.817313000 0.121316000 0.551358000
1403715327.41255 -1.172815000 -2.953242000 0.539258000 0.113415000 -0.818300000 0.122175000 0.550086000
1403715327.46255 -1.169190000 -2.929890000 0.535624000 0.113762000 -0.818838000 0.122176000 0.549214000
1403715327.51255 -1.166691000 -2.905377000 0.531955000 0.114691000 -0.818923000 0.123194000 0.548666000
1403715327.56255 -1.165693000 -2.879678000 0.528363000 0.118858000 -0.818445000 0.122166000 0.548722000
1403715327.61255 -1.166335000 -2.853287000 0.524477000 0.124687000 -0.817353000 0.120827000 0.549352000
1403715327.66255 -1.167889000 -2.826628000 0.520712000 0.131368000 -0.816392000 0.120502000 0.549296000
1403715327.71255 -1.170448000 -2.799791000 0.516725000 0.139269000 -0.815012000 0.120901000 0.549311000
1403715327.76255 -1.174328000 -2.773351000 0.511827000 0.147377000 -0.813233000 0.123722000 0.549204000
1403715327.81255 -1.179026000 -2.747209000 0.506582000 0.156508000 -0.811855000 0.126782000 0.548018000
1403715327.86255 -1.184003000 -2.721559000 0.501756000 0.165797000 -0.810192000 0.131494000 0.546634000
1403715327.91255 -1.190076000 -2.696154000 0.496636000 0.175744000 -0.807298000 0.136376000 0.546613000
1403715327.96255 -1.197046000 -2.670891000 0.491665000 0.185718000 -0.804062000 0.140980000 0.546917000
1403715328.01255 -1.204497000 -2.645573000 0.487140000 0.194706000 -0.800447000 0.144347000 0.548214000
1403715328.06255 -1.212583000 -2.620269000 0.483012000 0.201578000 -0.797321000 0.147625000 0.549411000
1403715328.11255 -1.220692000 -2.594963000 0.479530000 0.207170000 -0.793641000 0.149937000 0.552027000
1403715328.16255 -1.228853000 -2.570269000 0.476668000 0.211427000 -0.790116000 0.151299000 0.555089000
1403715328.21254 -1.236943000 -2.546056000 0.474583000 0.214718000 -0.786359000 0.151556000 0.559077000
1403715328.26254 -1.242895000 -2.520567000 0.472754000 0.216425000 -0.783026000 0.151833000 0.563007000
1403715328.31254 -1.249163000 -2.496848000 0.471310000 0.217489000 -0.780253000 0.150845000 0.566701000
1403715328.36254 -1.254521000 -2.473061000 0.469324000 0.217593000 -0.778251000 0.149113000 0.569863000
1403715328.41254 -1.258322000 -2.449594000 0.467642000 0.216883000 -0.776923000 0.147164000 0.572446000
1403715328.46254 -1.260445000 -2.426584000 0.466133000 0.215865000 -0.776631000 0.144914000 0.573800000
1403715328.51254 -1.261008000 -2.404352000 0.464571000 0.214327000 -0.777119000 0.143039000 0.574187000
1403715328.56254 -1.260005000 -2.382691000 0.462659000 0.213123000 -0.779393000 0.140988000 0.572055000
1403715328.61255 -1.257767000 -2.362110000 0.460529000 0.213748000 -0.782292000 0.139171000 0.568298000
1403715328.66255 -1.254624000 -2.342931000 0.458586000 0.215535000 -0.785358000 0.138209000 0.563609000
1403715328.71255 -1.250077000 -2.324801000 0.456968000 0.217928000 -0.786851000 0.139410000 0.560302000
1403715328.76255 -1.244643000 -2.308443000 0.454938000 0.221444000 -0.788593000 0.142976000 0.555555000
1403715328.81255 -1.238471000 -2.293624000 0.453190000 0.226781000 -0.788584000 0.148262000 0.552019000
1403715328.86255 -1.233674000 -2.281943000 0.451597000 0.233533000 -0.787029000 0.155509000 0.549422000
1403715328.91254 -1.227387000 -2.270186000 0.449236000 0.241972000 -0.784553000 0.163854000 0.546880000
1403715328.96254 -1.220570000 -2.259706000 0.446856000 0.252416000 -0.781049000 0.172893000 0.544386000
1403715329.01253 -1.213275000 -2.250394000 0.444408000 0.264035000 -0.776659000 0.183023000 0.541839000
1403715329.06253 -1.205566000 -2.241704000 0.441188000 0.276501000 -0.772295000 0.193357000 0.538257000
1403715329.11253 -1.198062000 -2.234222000 0.438413000 0.288974000 -0.767480000 0.205241000 0.534177000
1403715329.16253 -1.190394000 -2.227487000 0.435397000 0.302402000 -0.762633000 0.216254000 0.529318000
1403715329.21253 -1.183467000 -2.221613000 0.431929000 0.315863000 -0.757855000 0.226026000 0.524213000
1403715329.26254 -1.176817000 -2.215731000 0.427800000 0.328726000 -0.753503000 0.234585000 0.518790000
1403715329.31254 -1.170694000 -2.209313000 0.424058000 0.339371000 -0.749394000 0.242400000 0.514275000
1403715329.36254 -1.164134000 -2.203135000 0.419010000 0.347990000 -0.745986000 0.248978000 0.510311000
1403715329.41254 -1.157663000 -2.197144000 0.412789000 0.354786000 -0.742717000 0.254857000 0.507491000
1403715329.46253 -1.151968000 -2.192419000 0.405909000 0.360660000 -0.740591000 0.258969000 0.504366000
1403715329.51253 -1.145912000 -2.186767000 0.398911000 0.365425000 -0.738498000 0.261755000 0.502563000
1403715329.56253 -1.140161000 -2.181568000 0.391706000 0.368951000 -0.737637000 0.264318000 0.499902000
1403715329.61253 -1.134763000 -2.176399000 0.385621000 0.372183000 -0.736730000 0.265071000 0.498444000
1403715329.66254 -1.130110000 -2.171830000 0.380227000 0.373748000 -0.735631000 0.266114000 0.498340000
1403715329.71254 -1.125874000 -2.167883000 0.374632000 0.374508000 -0.734292000 0.266800000 0.499376000
1403715329.76254 -1.121541000 -2.164343000 0.368491000 0.374159000 -0.733206000 0.267972000 0.500604000
1403715329.81254 -1.118011000 -2.161932000 0.362411000 0.373744000 -0.732447000 0.268718000 0.501625000
1403715329.86254 -1.114378000 -2.159440000 0.355393000 0.372952000 -0.732385000 0.269253000 0.502018000
1403715329.91254 -1.114010000 -2.161223000 0.351249000 0.372300000 -0.732221000 0.269092000 0.502827000
1403715329.96254 -1.111003000 -2.159569000 0.343028000 0.371564000 -0.732382000 0.269581000 0.502875000
1403715330.01254 -1.107915000 -2.158125000 0.334277000 0.371535000 -0.732011000 0.271261000 0.502533000
1403715330.06253 -1.105353000 -2.157316000 0.325095000 0.372253000 -0.731061000 0.273655000 0.502087000
1403715330.11253 -1.103354000 -2.156039000 0.314740000 0.374129000 -0.730960000 0.274575000 0.500334000
1403715330.16253 -1.101906000 -2.154859000 0.304024000 0.376914000 -0.730094000 0.273864000 0.499898000
1403715330.21252 -1.100856000 -2.154111000 0.293345000 0.379706000 -0.729781000 0.272464000 0.499005000
1403715330.26252 -1.100048000 -2.153922000 0.282597000 0.382087000 -0.730259000 0.270643000 0.497477000
1403715330.31252 -1.099455000 -2.154230000 0.271470000 0.383821000 -0.730271000 0.269133000 0.496943000
1403715330.36252 -1.098923000 -2.154841000 0.260930000 0.384857000 -0.730718000 0.267929000 0.496135000
1403715330.41253 -1.098568000 -2.155496000 0.251623000 0.384819000 -0.730788000 0.268435000 0.495788000
1403715330.46253 -1.098329000 -2.156521000 0.244768000 0.383941000 -0.730184000 0.270057000 0.496478000
1403715330.51252 -1.096939000 -2.155713000 0.239575000 0.382712000 -0.730273000 0.272012000 0.496229000
1403715330.56252 -1.096869000 -2.157182000 0.238366000 0.382892000 -0.729844000 0.272044000 0.496703000
1403715330.61253 -1.097532000 -2.159674000 0.240400000 0.381774000 -0.728845000 0.273967000 0.497971000
1403715330.66253 -1.097320000 -2.160111000 0.245685000 0.378776000 -0.727461000 0.277752000 0.500184000
1403715330.71253 -1.097491000 -2.161555000 0.253886000 0.375693000 -0.726593000 0.282124000 0.501322000
1403715330.76253 -1.097195000 -2.162581000 0.263406000 0.373074000 -0.726437000 0.287990000 0.500166000
1403715330.81252 -1.096737000 -2.163335000 0.273414000 0.372302000 -0.725972000 0.294677000 0.497516000
1403715330.86251 -1.096143000 -2.163563000 0.283871000 0.375216000 -0.724607000 0.299487000 0.494434000
1403715330.91251 -1.095999000 -2.163577000 0.293687000 0.379593000 -0.722683000 0.305694000 0.490092000
1403715330.96250 -1.096531000 -2.163288000 0.303354000 0.385473000 -0.719415000 0.312475000 0.486016000
1403715331.01250 -1.097569000 -2.161675000 0.312976000 0.392739000 -0.715600000 0.319554000 0.481204000
1403715331.06250 -1.099214000 -2.158969000 0.322787000 0.400651000 -0.711656000 0.327305000 0.475285000
1403715331.11250 -1.102081000 -2.155356000 0.333661000 0.409934000 -0.706911000 0.334016000 0.469749000
1403715331.16250 -1.105855000 -2.151043000 0.345393000 0.421656000 -0.701699000 0.337647000 0.464563000
1403715331.21249 -1.111258000 -2.145495000 0.358417000 0.432256000 -0.696177000 0.340844000 0.460780000
1403715331.26249 -1.118273000 -2.138867000 0.372272000 0.442252000 -0.690564000 0.342504000 0.458504000
1403715331.31248 -1.126169000 -2.131929000 0.387369000 0.451973000 -0.685283000 0.341992000 0.457328000
1403715331.36247 -1.134878000 -2.124740000 0.404092000 0.460713000 -0.680027000 0.340673000 0.457437000
1403715331.41246 -1.144258000 -2.117526000 0.422118000 0.467137000 -0.675959000 0.340239000 0.457274000
1403715331.46245 -1.154345000 -2.110223000 0.440537000 0.470941000 -0.672921000 0.341356000 0.457020000
1403715331.51245 -1.164757000 -2.103179000 0.458947000 0.474427000 -0.670532000 0.341841000 0.456564000
1403715331.56245 -1.175317000 -2.096053000 0.477183000 0.476563000 -0.668448000 0.343302000 0.456300000
1403715331.61245 -1.186400000 -2.089115000 0.494507000 0.477924000 -0.667753000 0.344729000 0.454815000
1403715331.66245 -1.197948000 -2.082268000 0.511678000 0.479127000 -0.666141000 0.345228000 0.455535000
1403715331.71245 -1.210223000 -2.076664000 0.527392000 0.480829000 -0.663978000 0.343644000 0.458089000
1403715331.76245 -1.222483000 -2.070418000 0.544131000 0.482585000 -0.662620000 0.341171000 0.460053000
1403715331.81246 -1.234463000 -2.063990000 0.559407000 0.482906000 -0.661881000 0.339732000 0.461841000
1403715331.86246 -1.246032000 -2.057957000 0.573257000 0.481948000 -0.661937000 0.339602000 0.462856000
1403715331.91247 -1.257629000 -2.052342000 0.586066000 0.481070000 -0.662628000 0.338666000 0.463467000
1403715331.96247 -1.268760000 -2.046812000 0.596156000 0.479825000 -0.665290000 0.338315000 0.461195000
1403715332.01248 -1.279547000 -2.041594000 0.603462000 0.477133000 -0.668040000 0.339263000 0.459311000
1403715332.06249 -1.290249000 -2.036416000 0.607147000 0.475448000 -0.671033000 0.337732000 0.457822000
1403715332.11249 -1.301111000 -2.031511000 0.608036000 0.473936000 -0.673769000 0.335852000 0.456753000
1403715332.16250 -1.312056000 -2.027183000 0.607109000 0.470621000 -0.677880000 0.336194000 0.453838000
1403715332.21250 -1.323258000 -2.024000000 0.606119000 0.466372000 -0.681645000 0.339169000 0.450358000
1403715332.26249 -1.334828000 -2.021588000 0.605579000 0.462301000 -0.683570000 0.343938000 0.448015000
1403715332.31249 -1.346564000 -2.017827000 0.603960000 0.459397000 -0.684142000 0.348647000 0.446485000
1403715332.36249 -1.359736000 -2.016045000 0.605357000 0.459335000 -0.684663000 0.351088000 0.443830000
1403715332.41249 -1.373853000 -2.014720000 0.606882000 0.461312000 -0.684204000 0.352006000 0.441756000
1403715332.46249 -1.388988000 -2.013735000 0.608829000 0.464324000 -0.683693000 0.351200000 0.440030000
1403715332.51249 -1.405506000 -2.013551000 0.610998000 0.467143000 -0.683795000 0.350769000 0.437222000
1403715332.56249 -1.423223000 -2.014302000 0.612987000 0.470167000 -0.683316000 0.349274000 0.435923000
1403715332.61249 -1.442425000 -2.016066000 0.614939000 0.471384000 -0.681942000 0.349884000 0.436272000
1403715332.66249 -1.462916000 -2.018426000 0.617561000 0.472072000 -0.680261000 0.351139000 0.437143000
1403715332.71249 -1.484709000 -2.021685000 0.620735000 0.473108000 -0.678064000 0.352269000 0.438525000
1403715332.76249 -1.507413000 -2.025531000 0.623203000 0.475078000 -0.676193000 0.352523000 0.439080000
1403715332.81249 -1.531315000 -2.030488000 0.626555000 0.478005000 -0.673686000 0.352397000 0.439858000
1403715332.86248 -1.555983000 -2.036487000 0.629529000 0.481679000 -0.670856000 0.352240000 0.440300000
1403715332.91249 -1.580919000 -2.042975000 0.633922000 0.483148000 -0.664963000 0.356439000 0.444233000
1403715332.96249 -1.606268000 -2.050414000 0.639116000 0.483650000 -0.656570000 0.363180000 0.450665000
1403715333.01248 -1.631721000 -2.057857000 0.644430000 0.484174000 -0.647611000 0.370836000 0.456789000
1403715333.06248 -1.657612000 -2.064635000 0.649111000 0.484860000 -0.639839000 0.377831000 0.461260000
1403715333.11248 -1.683372000 -2.069841000 0.653003000 0.485867000 -0.633667000 0.382820000 0.464595000
1403715333.16247 -1.708959000 -2.073546000 0.656241000 0.487485000 -0.628997000 0.385784000 0.466789000
1403715333.21246 -1.734368000 -2.075385000 0.658080000 0.489193000 -0.626049000 0.387256000 0.467745000
1403715333.26246 -1.759502000 -2.075431000 0.658510000 0.491516000 -0.625175000 0.387107000 0.466601000
1403715333.31245 -1.784349000 -2.073910000 0.657758000 0.494051000 -0.625654000 0.386036000 0.464162000
1403715333.36245 -1.809007000 -2.070993000 0.655974000 0.496733000 -0.626537000 0.383734000 0.462013000
1403715333.41245 -1.833138000 -2.066639000 0.653330000 0.499116000 -0.627954000 0.381464000 0.459393000
1403715333.46246 -1.856899000 -2.060783000 0.650466000 0.500766000 -0.629236000 0.379763000 0.457247000
1403715333.51246 -1.880262000 -2.054251000 0.647948000 0.501012000 -0.629799000 0.379515000 0.456409000
1403715333.56246 -1.903166000 -2.046645000 0.645371000 0.500383000 -0.629896000 0.380422000 0.456208000
1403715333.61246 -1.925577000 -2.038016000 0.642560000 0.500073000 -0.629202000 0.380901000 0.457106000
1403715333.66246 -1.947459000 -2.028685000 0.638288000 0.500982000 -0.630454000 0.379973000 0.455155000
1403715333.71246 -1.969071000 -2.018489000 0.633404000 0.502836000 -0.632909000 0.377721000 0.451563000
1403715333.76247 -1.990374000 -2.006146000 0.629199000 0.505390000 -0.636696000 0.374213000 0.446278000
1403715333.81247 -2.011372000 -1.994232000 0.623362000 0.508226000 -0.639630000 0.371551000 0.441056000
1403715333.86247 -2.031893000 -1.982133000 0.618951000 0.511893000 -0.641242000 0.369975000 0.435767000
1403715333.91247 -2.052585000 -1.970478000 0.615662000 0.515472000 -0.641238000 0.370088000 0.431437000
1403715333.96248 -2.072858000 -1.959739000 0.612646000 0.519574000 -0.639144000 0.370951000 0.428876000
1403715334.01248 -2.092963000 -1.950018000 0.610373000 0.523197000 -0.636487000 0.373819000 0.425920000
1403715334.06249 -2.113023000 -1.941337000 0.608959000 0.527061000 -0.633847000 0.376930000 0.422338000
1403715334.11249 -2.133383000 -1.934125000 0.609546000 0.530650000 -0.631285000 0.379737000 0.419153000
1403715334.16249 -2.154114000 -1.926204000 0.610207000 0.534534000 -0.628738000 0.381672000 0.416280000
1403715334.21249 -2.175361000 -1.918739000 0.611205000 0.537502000 -0.626918000 0.383642000 0.413382000
1403715334.26249 -2.197005000 -1.912281000 0.612815000 0.540182000 -0.625481000 0.384934000 0.410856000
1403715334.31249 -2.218827000 -1.905979000 0.614285000 0.542186000 -0.623752000 0.386227000 0.409630000
1403715334.36249 -2.241256000 -1.899232000 0.615591000 0.544072000 -0.622293000 0.387147000 0.408478000
1403715334.41249 -2.265271000 -1.894672000 0.614964000 0.545264000 -0.620618000 0.388385000 0.408262000
1403715334.46249 -2.288418000 -1.890332000 0.613989000 0.546037000 -0.619867000 0.388854000 0.407923000
1403715334.51249 -2.311910000 -1.886682000 0.613545000 0.546648000 -0.618826000 0.389516000 0.408054000
1403715334.56249 -2.335873000 -1.883462000 0.613434000 0.547077000 -0.617304000 0.390324000 0.409010000
1403715334.61249 -2.360091000 -1.880881000 0.612834000 0.548257000 -0.615660000 0.390255000 0.409973000
1403715334.66249 -2.384759000 -1.878676000 0.612545000 0.549807000 -0.614337000 0.389005000 0.411069000
1403715334.71249 -2.409239000 -1.876196000 0.612264000 0.550184000 -0.613435000 0.388917000 0.411993000
1403715334.76249 -2.433817000 -1.875388000 0.612173000 0.550505000 -0.612695000 0.388639000 0.412927000
1403715334.81249 -2.458319000 -1.874735000 0.611994000 0.550820000 -0.612324000 0.387970000 0.413685000
1403715334.86249 -2.482959000 -1.874751000 0.613886000 0.551013000 -0.611853000 0.387380000 0.414677000
1403715334.91249 -2.507777000 -1.875211000 0.613060000 0.551079000 -0.611602000 0.387040000 0.415277000
1403715334.96248 -2.532369000 -1.876158000 0.612575000 0.551457000 -0.611854000 0.385747000 0.415607000
1403715335.01249 -2.556843000 -1.877667000 0.610664000 0.551483000 -0.611438000 0.385897000 0.416045000
1403715335.06249 -2.580647000 -1.879620000 0.608683000 0.552376000 -0.611070000 0.385704000 0.415579000
1403715335.11249 -2.604101000 -1.882063000 0.607378000 0.553167000 -0.610570000 0.385623000 0.415338000
1403715335.16249 -2.627280000 -1.884848000 0.606186000 0.554031000 -0.609803000 0.385313000 0.415600000
1403715335.21249 -2.650087000 -1.888326000 0.604640000 0.554462000 -0.609714000 0.385218000 0.415243000
1403715335.26249 -2.672589000 -1.892266000 0.603418000 0.555830000 -0.608742000 0.385078000 0.414972000
1403715335.31249 -2.694538000 -1.897300000 0.602327000 0.557462000 -0.607207000 0.385888000 0.414279000
1403715335.36249 -2.715665000 -1.902673000 0.602495000 0.559804000 -0.605388000 0.386995000 0.412746000
1403715335.41249 -2.736347000 -1.908076000 0.602366000 0.562525000 -0.602556000 0.389006000 0.411298000
1403715335.46249 -2.756398000 -1.914289000 0.602519000 0.565334000 -0.599944000 0.391065000 0.409307000
1403715335.51249 -2.776055000 -1.921015000 0.602166000 0.567080000 -0.598456000 0.393964000 0.406280000
1403715335.56249 -2.795622000 -1.928111000 0.601641000 0.567924000 -0.597207000 0.397500000 0.403485000
1403715335.61249 -2.814651000 -1.935643000 0.601084000 0.569256000 -0.595846000 0.400437000 0.400707000
1403715335.66248 -2.833274000 -1.943632000 0.600239000 0.571241000 -0.593709000 0.403727000 0.397741000
1403715335.71249 -2.851423000 -1.951904000 0.599573000 0.575180000 -0.590489000 0.405414000 0.395133000
1403715335.76249 -2.869492000 -1.960677000 0.598580000 0.578946000 -0.586527000 0.408168000 0.392691000
1403715335.81249 -2.887830000 -1.969632000 0.596957000 0.582576000 -0.582773000 0.410440000 0.390538000
1403715335.86249 -2.907361000 -1.977328000 0.594310000 0.585699000 -0.579394000 0.412655000 0.388557000
1403715335.91249 -2.926047000 -1.986494000 0.592577000 0.588771000 -0.576078000 0.414447000 0.386932000
1403715335.96249 -2.944622000 -1.996384000 0.590664000 0.590270000 -0.572665000 0.417998000 0.385894000
1403715336.01249 -2.963590000 -2.005610000 0.589181000 0.592413000 -0.568566000 0.420184000 0.386296000
1403715336.06250 -2.983878000 -2.014584000 0.586637000 0.593015000 -0.565040000 0.423566000 0.386854000
1403715336.11250 -3.002343000 -2.024956000 0.585358000 0.593022000 -0.561898000 0.427005000 0.387635000
1403715336.16250 -3.021136000 -2.035327000 0.583533000 0.593066000 -0.558185000 0.429791000 0.389849000
1403715336.21250 -3.039562000 -2.045529000 0.581979000 0.592434000 -0.555830000 0.432917000 0.390713000
1403715336.26250 -3.057833000 -2.054915000 0.579833000 0.592726000 -0.555026000 0.434560000 0.389589000
1403715336.31250 -3.076189000 -2.063748000 0.577546000 0.594529000 -0.555029000 0.433631000 0.387869000
1403715336.36250 -3.094481000 -2.072187000 0.575007000 0.597066000 -0.555650000 0.431952000 0.384946000
1403715336.41250 -3.112615000 -2.080246000 0.572919000 0.599368000 -0.556017000 0.429923000 0.383106000
1403715336.46250 -3.130515000 -2.088355000 0.571554000 0.601945000 -0.555529000 0.427428000 0.382563000
1403715336.51250 -3.147842000 -2.096594000 0.570272000 0.603034000 -0.555889000 0.426575000 0.381276000
1403715336.56250 -3.164941000 -2.105057000 0.569640000 0.603347000 -0.555910000 0.426304000 0.381054000
1403715336.61250 -3.181588000 -2.113803000 0.569208000 0.603153000 -0.555970000 0.426722000 0.380806000
1403715336.66251 -3.197013000 -2.123338000 0.568843000 0.603251000 -0.556098000 0.426303000 0.380932000
1403715336.71251 -3.212994000 -2.132400000 0.568692000 0.603135000 -0.556226000 0.425976000 0.381294000
1403715336.76251 -3.228651000 -2.141890000 0.568989000 0.602882000 -0.556483000 0.425742000 0.381581000
1403715336.81251 -3.243911000 -2.151760000 0.569876000 0.603007000 -0.556126000 0.425189000 0.382518000
1403715336.86251 -3.258598000 -2.161825000 0.571248000 0.602783000 -0.555796000 0.425099000 0.383451000
1403715336.91251 -3.272832000 -2.172296000 0.573244000 0.602602000 -0.555667000 0.425210000 0.383798000
1403715336.96252 -3.285304000 -2.182163000 0.575841000 0.602464000 -0.554969000 0.424988000 0.385269000
1403715337.01252 -3.298992000 -2.192747000 0.579562000 0.602784000 -0.554423000 0.424935000 0.385613000
1403715337.06252 -3.312065000 -2.203157000 0.584050000 0.604194000 -0.553159000 0.424757000 0.385417000
1403715337.11252 -3.324438000 -2.213348000 0.588830000 0.606475000 -0.552237000 0.424928000 0.382961000
1403715337.16252 -3.335958000 -2.223537000 0.593690000 0.610423000 -0.549647000 0.424686000 0.380676000
1403715337.21251 -3.346667000 -2.234076000 0.598322000 0.614172000 -0.547219000 0.425958000 0.376702000
1403715337.26251 -3.356418000 -2.245258000 0.602406000 0.617828000 -0.544759000 0.428615000 0.371235000
1403715337.31251 -3.365662000 -2.256840000 0.607059000 0.622056000 -0.541925000 0.431585000 0.364826000
1403715337.36251 -3.375432000 -2.269059000 0.613072000 0.625921000 -0.539658000 0.434592000 0.357942000
1403715337.41251 -3.385264000 -2.281738000 0.618896000 0.628808000 -0.537615000 0.437916000 0.351852000
1403715337.46251 -3.394782000 -2.295251000 0.624434000 0.630293000 -0.535306000 0.442371000 0.347110000
1403715337.51251 -3.404757000 -2.309803000 0.628980000 0.630461000 -0.534345000 0.447671000 0.341446000
1403715337.56250 -3.413378000 -2.326973000 0.630528000 0.630494000 -0.532358000 0.452202000 0.338506000
1403715337.61250 -3.422902000 -2.342538000 0.633905000 0.632100000 -0.529203000 0.453937000 0.338133000
1403715337.66250 -3.433940000 -2.358977000 0.638171000 0.633395000 -0.525599000 0.455364000 0.339411000
1403715337.71250 -3.445315000 -2.376093000 0.641601000 0.634986000 -0.522721000 0.455655000 0.340491000
1403715337.76250 -3.456993000 -2.393715000 0.644838000 0.636124000 -0.520752000 0.455815000 0.341169000
1403715337.81250 -3.469130000 -2.411815000 0.648105000 0.636519000 -0.519359000 0.456058000 0.342229000
1403715337.86250 -3.480973000 -2.430113000 0.650647000 0.636462000 -0.518468000 0.455955000 0.343819000
1403715337.91250 -3.493185000 -2.448918000 0.653509000 0.636774000 -0.517621000 0.454848000 0.345977000
1403715337.96250 -3.505346000 -2.467917000 0.656143000 0.636653000 -0.517357000 0.453754000 0.348025000
1403715338.01250 -3.517440000 -2.486749000 0.659036000 0.635406000 -0.518058000 0.453639000 0.349409000
1403715338.06250 -3.529482000 -2.505121000 0.660941000 0.633579000 -0.519386000 0.454019000 0.350261000
1403715338.11250 -3.541581000 -2.523636000 0.663180000 0.631597000 -0.520995000 0.454497000 0.350831000
1403715338.16250 -3.553360000 -2.541313000 0.665521000 0.630696000 -0.521568000 0.454979000 0.350974000
1403715338.21250 -3.565183000 -2.559822000 0.667283000 0.630144000 -0.521901000 0.455846000 0.350345000
1403715338.26250 -3.576086000 -2.577432000 0.669015000 0.629876000 -0.521711000 0.457498000 0.348954000
1403715338.31250 -3.587578000 -2.595750000 0.670651000 0.630480000 -0.521265000 0.459040000 0.346497000
1403715338.36250 -3.598999000 -2.613568000 0.672706000 0.631504000 -0.520476000 0.461351000 0.342728000
1403715338.41250 -3.610793000 -2.631466000 0.675182000 0.633458000 -0.517701000 0.464252000 0.339391000
1403715338.46250 -3.622961000 -2.649456000 0.677444000 0.636266000 -0.514163000 0.467015000 0.335706000
1403715338.51250 -3.635467000 -2.667924000 0.680002000 0.640033000 -0.509935000 0.469644000 0.331298000
1403715338.56250 -3.648424000 -2.686423000 0.683228000 0.644572000 -0.503582000 0.472319000 0.328401000
1403715338.61251 -3.662008000 -2.705250000 0.686917000 0.649713000 -0.496340000 0.474922000 0.325529000
1403715338.66251 -3.675959000 -2.723288000 0.690854000 0.655047000 -0.488377000 0.478032000 0.322316000
1403715338.71251 -3.690486000 -2.741554000 0.695017000 0.660714000 -0.480229000 0.480758000 0.318918000
1403715338.76251 -3.704889000 -2.758049000 0.699108000 0.666095000 -0.473033000 0.483420000 0.314422000
1403715338.81250 -3.720289000 -2.775528000 0.702875000 0.671670000 -0.466298000 0.484348000 0.311180000
1403715338.86250 -3.735717000 -2.793027000 0.706597000 0.675658000 -0.460925000 0.485981000 0.307988000
1403715338.91250 -3.751189000 -2.810171000 0.710041000 0.679402000 -0.456804000 0.486725000 0.304700000
1403715338.96250 -3.767386000 -2.827602000 0.712708000 0.683470000 -0.452487000 0.486267000 0.302768000
1403715339.01250 -3.783377000 -2.845242000 0.714596000 0.686902000 -0.449620000 0.485624000 0.300295000
1403715339.06250 -3.799722000 -2.864111000 0.716729000 0.690032000 -0.447557000 0.484512000 0.297988000
1403715339.11250 -3.815851000 -2.882237000 0.717964000 0.692958000 -0.444716000 0.483145000 0.297670000
1403715339.16250 -3.831368000 -2.900741000 0.718521000 0.695415000 -0.441532000 0.482086000 0.298398000
1403715339.21250 -3.846313000 -2.919746000 0.718290000 0.697663000 -0.438617000 0.480613000 0.299821000
1403715339.26250 -3.860481000 -2.938996000 0.717695000 0.698555000 -0.436864000 0.480688000 0.300183000
1403715339.31250 -3.873880000 -2.959417000 0.716994000 0.697624000 -0.436184000 0.483059000 0.299531000
1403715339.36250 -3.886251000 -2.980230000 0.715884000 0.696222000 -0.435859000 0.485514000 0.299295000
1403715339.41250 -3.898960000 -3.000472000 0.713701000 0.694717000 -0.436409000 0.487702000 0.298433000
1403715339.46250 -3.911439000 -3.020385000 0.711164000 0.693461000 -0.437149000 0.489023000 0.298109000
1403715339.51250 -3.923773000 -3.040211000 0.709079000 0.691840000 -0.437895000 0.490334000 0.298627000
1403715339.56250 -3.935983000 -3.059599000 0.705716000 0.690595000 -0.439526000 0.491011000 0.297998000
1403715339.61250 -3.947730000 -3.079021000 0.701313000 0.691147000 -0.441533000 0.488707000 0.297539000
1403715339.66250 -3.959292000 -3.098194000 0.696341000 0.691847000 -0.442327000 0.485750000 0.299570000
1403715339.71250 -3.970663000 -3.117369000 0.690965000 0.693381000 -0.441801000 0.481658000 0.303381000
1403715339.76250 -3.981724000 -3.136854000 0.685460000 0.694081000 -0.440113000 0.478420000 0.309299000
1403715339.81250 -3.992093000 -3.156304000 0.679439000 0.695043000 -0.438069000 0.474750000 0.315632000
1403715339.86250 -4.001631000 -3.175411000 0.673347000 0.695720000 -0.435663000 0.472013000 0.321520000
1403715339.91250 -4.009518000 -3.194344000 0.667269000 0.697013000 -0.432215000 0.470262000 0.325908000
1403715339.96250 -4.015644000 -3.212620000 0.660920000 0.699528000 -0.428022000 0.468638000 0.328384000
1403715340.01249 -4.019679000 -3.230108000 0.655365000 0.702828000 -0.422353000 0.467461000 0.330350000
1403715340.06249 -4.021011000 -3.246741000 0.650590000 0.706359000 -0.416869000 0.467987000 0.329037000
1403715340.11248 -4.019827000 -3.262022000 0.647190000 0.709886000 -0.411533000 0.470111000 0.325112000
1403715340.16248 -4.016291000 -3.275561000 0.645678000 0.712969000 -0.405480000 0.474053000 0.320211000
1403715340.21248 -4.010557000 -3.287440000 0.645463000 0.716012000 -0.400108000 0.479580000 0.311838000
1403715340.26248 -4.001047000 -3.297715000 0.647699000 0.719327000 -0.394480000 0.485538000 0.302005000
1403715340.31248 -3.989765000 -3.306822000 0.652393000 0.723069000 -0.387341000 0.492089000 0.291526000
1403715340.36248 -3.977106000 -3.314809000 0.658886000 0.726906000 -0.379984000 0.499336000 0.279074000
1403715340.41248 -3.964482000 -3.323131000 0.666592000 0.731783000 -0.370979000 0.505222000 0.267617000
1403715340.46248 -3.951683000 -3.330874000 0.674989000 0.737066000 -0.362281000 0.509295000 0.257108000
1403715340.51248 -3.939145000 -3.338534000 0.683324000 0.741786000 -0.354665000 0.512412000 0.247790000
1403715340.56249 -3.926081000 -3.346949000 0.690707000 0.746076000 -0.349480000 0.514564000 0.237608000
1403715340.61249 -3.913073000 -3.355213000 0.697349000 0.749239000 -0.344201000 0.516967000 0.230024000
1403715340.66249 -3.899673000 -3.363936000 0.703053000 0.751872000 -0.339982000 0.518756000 0.223592000
1403715340.71249 -3.886225000 -3.372991000 0.708008000 0.754000000 -0.336696000 0.519875000 0.218747000
1403715340.76248 -3.872616000 -3.382352000 0.712113000 0.755932000 -0.334557000 0.520090000 0.214811000
1403715340.81248 -3.858698000 -3.392233000 0.716198000 0.757283000 -0.333039000 0.520261000 0.211983000
1403715340.86248 -3.845104000 -3.402391000 0.719964000 0.757104000 -0.334432000 0.521377000 0.207640000
1403715340.91248 -3.831362000 -3.413368000 0.723587000 0.756383000 -0.336694000 0.522624000 0.203436000
1403715340.96248 -3.817824000 -3.425146000 0.727033000 0.755928000 -0.338605000 0.522915000 0.201194000
1403715341.01248 -3.804358000 -3.438192000 0.730514000 0.755331000 -0.341250000 0.522837000 0.199159000
1403715341.06249 -3.791119000 -3.452697000 0.734304000 0.754191000 -0.342717000 0.523155000 0.200127000
1403715341.11249 -3.778226000 -3.468611000 0.738155000 0.753178000 -0.342420000 0.523181000 0.204335000
1403715341.16249 -3.765564000 -3.485379000 0.742287000 0.752441000 -0.340705000 0.522758000 0.210893000
1403715341.21249 -3.753077000 -3.503296000 0.746828000 0.748734000 -0.341443000 0.525969000 0.214875000
1403715341.26249 -3.740684000 -3.522060000 0.751197000 0.745553000 -0.342808000 0.528181000 0.218307000
1403715341.31250 -3.728844000 -3.541391000 0.755621000 0.742722000 -0.343423000 0.529757000 0.223119000
1403715341.36250 -3.717922000 -3.560035000 0.760285000 0.739926000 -0.343340000 0.531227000 0.228964000
1403715341.41250 -3.707270000 -3.578648000 0.765372000 0.737381000 -0.344296000 0.532250000 0.233321000
1403715341.46250 -3.697016000 -3.596872000 0.770131000 0.736733000 -0.344610000 0.530794000 0.238171000
1403715341.51250 -3.687169000 -3.614903000 0.774968000 0.736335000 -0.346136000 0.529045000 0.241064000
1403715341.56250 -3.677723000 -3.632666000 0.779685000 0.736759000 -0.345656000 0.526412000 0.246168000
1403715341.61250 -3.668455000 -3.650178000 0.784227000 0.736056000 -0.344111000 0.525835000 0.251609000
1403715341.66250 -3.659251000 -3.667111000 0.788469000 0.735071000 -0.342232000 0.525550000 0.257578000
1403715341.71250 -3.649948000 -3.683424000 0.792895000 0.734468000 -0.339574000 0.524933000 0.263991000
1403715341.76250 -3.640127000 -3.698512000 0.796220000 0.735353000 -0.338349000 0.522517000 0.267867000
1403715341.81249 -3.630089000 -3.711793000 0.798872000 0.736480000 -0.337356000 0.520119000 0.270674000
1403715341.86250 -3.619337000 -3.723319000 0.801406000 0.737775000 -0.335564000 0.517733000 0.273929000
1403715341.91250 -3.607334000 -3.733059000 0.803422000 0.738283000 -0.337887000 0.517540000 0.270041000
1403715341.96250 -3.594737000 -3.740703000 0.805405000 0.738332000 -0.341100000 0.518347000 0.264260000
1403715342.01250 -3.582155000 -3.746884000 0.807759000 0.738720000 -0.344963000 0.518695000 0.257388000
1403715342.06250 -3.569189000 -3.751688000 0.809989000 0.739999000 -0.348003000 0.517920000 0.251107000
1403715342.11250 -3.556348000 -3.754659000 0.812101000 0.741886000 -0.350108000 0.516300000 0.245893000
1403715342.16250 -3.543203000 -3.758221000 0.814136000 0.743221000 -0.353734000 0.515307000 0.238650000
1403715342.21249 -3.529819000 -3.761806000 0.816073000 0.744560000 -0.355248000 0.514503000 0.233916000
1403715342.26249 -3.515820000 -3.766746000 0.817546000 0.745307000 -0.356096000 0.514583000 0.230036000
1403715342.31249 -3.501498000 -3.772584000 0.818306000 0.745822000 -0.355815000 0.515452000 0.226835000
1403715342.36249 -3.486978000 -3.779344000 0.818533000 0.747768000 -0.353272000 0.515492000 0.224298000
1403715342.41249 -3.472710000 -3.786420000 0.819139000 0.750630000 -0.348232000 0.515571000 0.222430000
1403715342.46248 -3.458258000 -3.794127000 0.819081000 0.754461000 -0.343364000 0.515163000 0.217938000
1403715342.51249 -3.443721000 -3.802709000 0.818822000 0.758861000 -0.335986000 0.514797000 0.215007000
1403715342.56248 -3.428906000 -3.812570000 0.818411000 0.763450000 -0.326538000 0.514579000 0.213836000
1403715342.61248 -3.413187000 -3.822902000 0.818654000 0.767750000 -0.314856000 0.514997000 0.214950000
1403715342.66247 -3.397190000 -3.833420000 0.819021000 0.771076000 -0.301588000 0.516923000 0.217432000
1403715342.71247 -3.379542000 -3.843647000 0.819161000 0.774019000 -0.289446000 0.519343000 0.217712000
1403715342.76247 -3.361036000 -3.853319000 0.818715000 0.776558000 -0.280551000 0.521717000 0.214616000
1403715342.81248 -3.341860000 -3.862692000 0.817640000 0.778068000 -0.275737000 0.524985000 0.207291000
1403715342.86247 -3.321487000 -3.870834000 0.817593000 0.778349000 -0.271525000 0.529102000 0.201241000
1403715342.91247 -3.300399000 -3.878857000 0.817343000 0.778706000 -0.269104000 0.532179000 0.194898000
1403715342.96247 -3.278078000 -3.886970000 0.817185000 0.777884000 -0.266735000 0.536203000 0.190357000
1403715343.01247 -3.255158000 -3.895357000 0.816490000 0.776959000 -0.264744000 0.539708000 0.186981000
1403715343.06247 -3.231745000 -3.903799000 0.815227000 0.776170000 -0.263694000 0.542596000 0.183342000
1403715343.11246 -3.208211000 -3.912270000 0.813565000 0.776292000 -0.261346000 0.543843000 0.182494000
1403715343.16246 -3.184763000 -3.920952000 0.811463000 0.776769000 -0.260119000 0.544429000 0.180455000
1403715343.21247 -3.161397000 -3.929866000 0.809381000 0.776440000 -0.258748000 0.546018000 0.179039000
1403715343.26246 -3.138497000 -3.938964000 0.806753000 0.777850000 -0.257933000 0.544875000 0.177573000
1403715343.31246 -3.115792000 -3.948031000 0.803149000 0.779133000 -0.257685000 0.543604000 0.176196000
1403715343.36246 -3.093889000 -3.956286000 0.799910000 0.780768000 -0.258065000 0.541495000 0.174892000
1403715343.41246 -3.071494000 -3.965033000 0.796142000 0.783002000 -0.257443000 0.538389000 0.175411000
1403715343.46246 -3.048965000 -3.973231000 0.792670000 0.784233000 -0.256885000 0.536426000 0.176738000
1403715343.51246 -3.026056000 -3.981668000 0.789184000 0.784553000 -0.257705000 0.535569000 0.176720000
1403715343.56247 -3.002372000 -3.989954000 0.785984000 0.784874000 -0.257876000 0.534566000 0.178078000
1403715343.61247 -2.977922000 -3.998483000 0.782647000 0.784732000 -0.258509000 0.534158000 0.179010000
1403715343.66247 -2.952800000 -4.007311000 0.779487000 0.784417000 -0.258406000 0.533949000 0.181148000
1403715343.71247 -2.927191000 -4.016467000 0.777603000 0.783801000 -0.258063000 0.534140000 0.183723000
1403715343.76247 -2.900786000 -4.026077000 0.776439000 0.782673000 -0.256625000 0.535020000 0.187937000
1403715343.81247 -2.873720000 -4.036282000 0.775879000 0.780439000 -0.255749000 0.537602000 0.191026000
1403715343.86247 -2.846056000 -4.045446000 0.774718000 0.779524000 -0.255874000 0.538372000 0.192422000
1403715343.91247 -2.818082000 -4.053830000 0.773702000 0.778400000 -0.255903000 0.539841000 0.192818000
1403715343.96247 -2.788975000 -4.061950000 0.772606000 0.777503000 -0.255392000 0.541942000 0.191216000
1403715344.01247 -2.759749000 -4.068755000 0.771982000 0.777816000 -0.253638000 0.542972000 0.189344000
1403715344.06247 -2.730353000 -4.074366000 0.771408000 0.777550000 -0.250148000 0.545935000 0.186539000
1403715344.11247 -2.700469000 -4.079171000 0.771055000 0.777921000 -0.245429000 0.548844000 0.182686000
1403715344.16247 -2.670447000 -4.083229000 0.769923000 0.778859000 -0.239477000 0.551663000 0.178037000
1403715344.21247 -2.640297000 -4.086514000 0.768411000 0.780600000 -0.231193000 0.553537000 0.175526000
1403715344.26247 -2.610323000 -4.089614000 0.767468000 0.781547000 -0.222199000 0.556057000 0.174964000
1403715344.31247 -2.580867000 -4.091787000 0.766547000 0.782176000 -0.212591000 0.558581000 0.176046000
1403715344.36247 -2.551741000 -4.092521000 0.765082000 0.782072000 -0.204091000 0.561608000 0.176937000
1403715344.41247 -2.522689000 -4.092324000 0.764020000 0.781565000 -0.195831000 0.564874000 0.178111000
1403715344.46247 -2.494296000 -4.089292000 0.762065000 0.781228000 -0.189536000 0.567487000 0.178093000
1403715344.51247 -2.466579000 -4.085192000 0.760597000 0.781030000 -0.183108000 0.569490000 0.179289000
1403715344.56247 -2.438890000 -4.078653000 0.758373000 0.781358000 -0.178816000 0.570735000 0.178232000
1403715344.61247 -2.412199000 -4.069850000 0.755409000 0.783165000 -0.176416000 0.569812000 0.175627000
1403715344.66247 -2.385749000 -4.058973000 0.751730000 0.786710000 -0.173638000 0.566120000 0.174485000
1403715344.71247 -2.359851000 -4.045364000 0.747857000 0.790126000 -0.172153000 0.562413000 0.172500000
1403715344.76248 -2.333833000 -4.029638000 0.743769000 0.793478000 -0.171173000 0.558589000 0.170499000
1403715344.81248 -2.307608000 -4.012096000 0.739919000 0.795505000 -0.170184000 0.556499000 0.168870000
1403715344.86247 -2.281246000 -3.992895000 0.736000000 0.796875000 -0.169476000 0.555116000 0.167674000
1403715344.91247 -2.254645000 -3.971817000 0.731919000 0.797900000 -0.169140000 0.554205000 0.166144000
1403715344.96247 -2.227105000 -3.949042000 0.727793000 0.797408000 -0.169926000 0.555433000 0.163586000
1403715345.01247 -2.199021000 -3.924594000 0.723610000 0.795166000 -0.173099000 0.559248000 0.158082000
1403715345.06247 -2.170322000 -3.898512000 0.720172000 0.792594000 -0.175825000 0.563282000 0.153601000
1403715345.11247 -2.141829000 -3.871615000 0.716965000 0.790031000 -0.178148000 0.567122000 0.149957000
1403715345.16247 -2.114191000 -3.843717000 0.713241000 0.788762000 -0.180292000 0.568980000 0.147009000
1403715345.21247 -2.087105000 -3.815008000 0.709429000 0.788541000 -0.182467000 0.569284000 0.144307000
1403715345.26247 -2.061098000 -3.785537000 0.705652000 0.789268000 -0.183111000 0.568224000 0.143694000
1403715345.31247 -2.036373000 -3.755552000 0.701685000 0.789338000 -0.184637000 0.568048000 0.142042000
1403715345.36247 -2.011755000 -3.724638000 0.697589000 0.789771000 -0.185277000 0.567401000 0.141385000
1403715345.41247 -1.987559000 -3.693093000 0.693624000 0.790268000 -0.185901000 0.566696000 0.140617000
1403715345.46247 -1.963977000 -3.661020000 0.689509000 0.790497000 -0.186605000 0.566468000 0.139313000
1403715345.51247 -1.940570000 -3.628187000 0.685755000 0.790922000 -0.186140000 0.565853000 0.140016000
1403715345.56247 -1.917832000 -3.594638000 0.682653000 0.790523000 -0.186238000 0.566545000 0.139341000
1403715345.61247 -1.895754000 -3.561009000 0.679074000 0.790336000 -0.186600000 0.566949000 0.138272000
1403715345.66247 -1.874232000 -3.526615000 0.675222000 0.790161000 -0.186661000 0.567355000 0.137518000
1403715345.71247 -1.853422000 -3.492467000 0.671111000 0.790059000 -0.187018000 0.567622000 0.136515000
1403715345.76247 -1.833084000 -3.457989000 0.666725000 0.789853000 -0.187461000 0.567972000 0.135640000
1403715345.81247 -1.813605000 -3.423723000 0.662206000 0.789991000 -0.187847000 0.567857000 0.134781000
1403715345.86247 -1.794968000 -3.389336000 0.657583000 0.790960000 -0.188502000 0.566584000 0.133536000
1403715345.91247 -1.776845000 -3.354839000 0.651841000 0.794532000 -0.189380000 0.561498000 0.132567000
1403715345.96247 -1.758902000 -3.320229000 0.646003000 0.799455000 -0.190476000 0.554431000 0.131138000
1403715346.01247 -1.741174000 -3.285748000 0.640987000 0.803250000 -0.191965000 0.548803000 0.129435000
1403715346.06247 -1.723084000 -3.251572000 0.636520000 0.806866000 -0.194134000 0.543275000 0.127012000
1403715346.11247 -1.704266000 -3.218362000 0.633331000 0.809019000 -0.195429000 0.539774000 0.126253000
1403715346.16247 -1.684515000 -3.185864000 0.630766000 0.809815000 -0.196167000 0.538403000 0.125855000
1403715346.21247 -1.663845000 -3.154103000 0.629695000 0.808256000 -0.196609000 0.540513000 0.126144000
1403715346.26246 -1.642136000 -3.122858000 0.628856000 0.805899000 -0.196638000 0.543766000 0.127198000
1403715346.31246 -1.619986000 -3.092405000 0.628389000 0.803449000 -0.197598000 0.546875000 0.127878000
1403715346.36246 -1.597404000 -3.061993000 0.629133000 0.801298000 -0.197997000 0.549633000 0.128926000
1403715346.41246 -1.574464000 -3.032276000 0.630350000 0.798576000 -0.198920000 0.553026000 0.129883000
1403715346.46246 -1.551536000 -3.003183000 0.631589000 0.795898000 -0.199871000 0.556230000 0.131173000
1403715346.51246 -1.528628000 -2.974549000 0.632737000 0.793259000 -0.201587000 0.559302000 0.131469000
1403715346.56247 -1.505773000 -2.946099000 0.633147000 0.791442000 -0.203757000 0.561072000 0.131533000
1403715346.61247 -1.483714000 -2.918290000 0.634040000 0.789261000 -0.206905000 0.563095000 0.131077000
1403715346.66247 -1.462349000 -2.891080000 0.634549000 0.787931000 -0.209774000 0.563767000 0.131629000
1403715346.71247 -1.441973000 -2.864364000 0.635630000 0.786009000 -0.212295000 0.565261000 0.132667000
1403715346.76248 -1.422444000 -2.837923000 0.636394000 0.784815000 -0.214952000 0.565776000 0.133263000
1403715346.81248 -1.403814000 -2.812052000 0.636866000 0.784349000 -0.217609000 0.565201000 0.134127000
1403715346.86248 -1.385828000 -2.786699000 0.637261000 0.784934000 -0.219316000 0.563262000 0.136070000
1403715346.91248 -1.368742000 -2.761856000 0.637406000 0.785501000 -0.223010000 0.561268000 0.135030000
1403715346.96248 -1.352527000 -2.737633000 0.637604000 0.786523000 -0.226912000 0.558583000 0.133704000
1403715347.01248 -1.336992000 -2.714267000 0.638275000 0.787648000 -0.230205000 0.555925000 0.132529000
1403715347.06248 -1.322486000 -2.691841000 0.639421000 0.789034000 -0.232623000 0.553064000 0.132030000
1403715347.11248 -1.308263000 -2.670711000 0.641013000 0.790306000 -0.231334000 0.551272000 0.134164000
1403715347.16247 -1.294177000 -2.650436000 0.642534000 0.792035000 -0.227897000 0.549748000 0.136091000
1403715347.21247 -1.279907000 -2.631086000 0.645068000 0.793582000 -0.221954000 0.549481000 0.137966000
1403715347.26247 -1.265199000 -2.612427000 0.648199000 0.794696000 -0.214940000 0.550641000 0.138034000
1403715347.31247 -1.249847000 -2.594124000 0.651942000 0.795872000 -0.206188000 0.552463000 0.137330000
1403715347.36247 -1.234954000 -2.575929000 0.655961000 0.796984000 -0.196053000 0.554887000 0.135945000
1403715347.41247 -1.219755000 -2.557584000 0.660204000 0.798154000 -0.183985000 0.557496000 0.135272000
1403715347.46247 -1.204404000 -2.538676000 0.664572000 0.799859000 -0.172608000 0.559366000 0.132444000
1403715347.51247 -1.189111000 -2.519004000 0.669171000 0.801271000 -0.161584000 0.561075000 0.130577000
1403715347.56247 -1.173334000 -2.498679000 0.674268000 0.801966000 -0.152023000 0.563139000 0.128898000
1403715347.61247 -1.158346000 -2.477722000 0.680016000 0.802633000 -0.144031000 0.564747000 0.126870000
1403715347.66247 -1.143945000 -2.455223000 0.686292000 0.802409000 -0.138282000 0.567233000 0.123550000
1403715347.71247 -1.129283000 -2.432460000 0.691253000 0.801944000 -0.136116000 0.569739000 0.117286000
1403715347.76247 -1.114982000 -2.409062000 0.695016000 0.801990000 -0.135572000 0.571285000 0.109843000
1403715347.81247 -1.100138000 -2.384929000 0.699122000 0.802217000 -0.133810000 0.572640000 0.103081000
1403715347.86247 -1.085502000 -2.360332000 0.702335000 0.802598000 -0.132137000 0.573991000 0.094399000
1403715347.91247 -1.071566000 -2.335427000 0.705357000 0.803086000 -0.129272000 0.575384000 0.085290000
1403715347.96247 -1.058467000 -2.310604000 0.708442000 0.803473000 -0.127121000 0.576942000 0.073545000
1403715348.01246 -1.046074000 -2.285982000 0.711511000 0.803718000 -0.123785000 0.578785000 0.061015000
1403715348.06247 -1.034024000 -2.262589000 0.713918000 0.805026000 -0.118076000 0.579251000 0.049595000
1403715348.11246 -1.022674000 -2.239888000 0.716887000 0.805865000 -0.109344000 0.580563000 0.039660000
1403715348.16246 -1.011584000 -2.218317000 0.718489000 0.808143000 -0.099212000 0.579797000 0.029962000
1403715348.21246 -1.001088000 -2.198257000 0.719638000 0.809918000 -0.087687000 0.579583000 0.020672000
1403715348.26246 -0.991065000 -2.179303000 0.721119000 0.812847000 -0.074649000 0.577533000 0.012775000
1403715348.31246 -0.981667000 -2.162431000 0.722350000 0.815146000 -0.061666000 0.575933000 0.005913000
1403715348.36245 -0.972413000 -2.147447000 0.722181000 -0.817560000 0.050474000 -0.573626000 0.001164000
1403715348.41245 -0.963970000 -2.132835000 0.722758000 -0.819546000 0.040297000 -0.571564000 0.005943000
1403715348.46245 -0.955725000 -2.121589000 0.719552000 -0.821700000 0.032773000 -0.568874000 0.010822000
1403715348.51245 -0.947461000 -2.111917000 0.713673000 -0.823024000 0.026191000 -0.567231000 0.013971000
1403715348.56245 -0.938199000 -2.103249000 0.704959000 -0.823706000 0.021620000 -0.566348000 0.017070000
1403715348.61245 -0.928926000 -2.094679000 0.695623000 -0.822777000 0.018526000 -0.567690000 0.020556000
1403715348.66245 -0.919364000 -2.088219000 0.682259000 -0.821068000 0.017787000 -0.569981000 0.025536000
1403715348.71245 -0.909592000 -2.082866000 0.666757000 -0.819644000 0.017296000 -0.571841000 0.029696000
1403715348.76245 -0.899038000 -2.079034000 0.650562000 -0.819095000 0.016763000 -0.572416000 0.033807000
1403715348.81245 -0.888825000 -2.076541000 0.634320000 -0.818316000 0.014653000 -0.573375000 0.037230000
1403715348.86245 -0.878387000 -2.075593000 0.618343000 -0.817147000 0.011259000 -0.574877000 0.040750000
1403715348.91245 -0.868374000 -2.076829000 0.602830000 -0.816473000 0.007886000 -0.575660000 0.043873000
1403715348.96246 -0.861301000 -2.078730000 0.589458000 -0.816367000 0.004317000 -0.575635000 0.046593000
1403715349.01245 -0.851697000 -2.084547000 0.575903000 -0.815543000 -0.000105000 -0.576764000 0.047248000
1403715349.06245 -0.841807000 -2.092128000 0.562513000 -0.814881000 -0.004607000 -0.577684000 0.047218000
1403715349.11245 -0.832031000 -2.101206000 0.549742000 -0.813933000 -0.010755000 -0.579037000 0.045981000
1403715349.16245 -0.822874000 -2.111731000 0.537454000 -0.812776000 -0.015894000 -0.580513000 0.046348000
1403715349.21245 -0.813446000 -2.123304000 0.525211000 -0.811127000 -0.020908000 -0.582651000 0.046412000
1403715349.26245 -0.804569000 -2.136028000 0.513554000 -0.809473000 -0.024878000 -0.584701000 0.047531000
1403715349.31244 -0.796290000 -2.149776000 0.502418000 -0.807299000 -0.027281000 -0.587415000 0.049680000
1403715349.36244 -0.788741000 -2.164567000 0.491406000 -0.806246000 -0.030621000 -0.588700000 0.049614000
1403715349.41244 -0.781674000 -2.180247000 0.479886000 -0.804653000 -0.033887000 -0.590816000 0.048178000
1403715349.46245 -0.775488000 -2.196614000 0.467805000 -0.804136000 -0.036269000 -0.591538000 0.046186000
1403715349.51245 -0.770127000 -2.213512000 0.455460000 -0.803615000 -0.038784000 -0.592294000 0.043432000
1403715349.56244 -0.765365000 -2.230686000 0.441997000 -0.804708000 -0.041716000 -0.590742000 0.041585000
1403715349.61244 -0.762167000 -2.247818000 0.428534000 -0.805686000 -0.045353000 -0.589156000 0.041331000
1403715349.66244 -0.759803000 -2.264725000 0.415221000 -0.806618000 -0.049139000 -0.587454000 0.043017000
1403715349.71244 -0.758500000 -2.281192000 0.402119000 -0.807974000 -0.053441000 -0.584939000 0.046567000
1403715349.76243 -0.757753000 -2.297421000 0.390234000 -0.808728000 -0.058586000 -0.583009000 0.051255000
1403715349.81243 -0.757408000 -2.313584000 0.378864000 -0.809697000 -0.063483000 -0.580484000 0.058298000
1403715349.86243 -0.757961000 -2.329518000 0.367817000 -0.809715000 -0.069464000 -0.579009000 0.065466000
1403715349.91243 -0.758562000 -2.345601000 0.357135000 -0.809320000 -0.077270000 -0.577851000 0.071539000
1403715349.96243 -0.759650000 -2.362258000 0.347397000 -0.808984000 -0.085493000 -0.576307000 0.078148000
1403715350.01244 -0.761099000 -2.379330000 0.337563000 -0.808650000 -0.094436000 -0.574698000 0.083005000
1403715350.06244 -0.763360000 -2.397498000 0.329715000 -0.808047000 -0.102539000 -0.573619000 0.086642000
1403715350.11244 -0.765588000 -2.415638000 0.319789000 -0.809834000 -0.110460000 -0.569377000 0.088185000
1403715350.16243 -0.767697000 -2.434276000 0.310475000 -0.811776000 -0.116087000 -0.565117000 0.090475000
1403715350.21243 -0.769600000 -2.453103000 0.300985000 -0.813705000 -0.121735000 -0.561146000 0.090442000
1403715350.26243 -0.771328000 -2.471937000 0.291213000 -0.816927000 -0.127617000 -0.555499000 0.088119000
1403715350.31243 -0.772270000 -2.490331000 0.281353000 -0.819458000 -0.132812000 -0.551022000 0.084992000
1403715350.36243 -0.772701000 -2.508065000 0.271243000 -0.821853000 -0.136550000 -0.546971000 0.082066000
1403715350.41243 -0.772200000 -2.524430000 0.261672000 -0.823563000 -0.140354000 -0.544079000 0.077610000
1403715350.46243 -0.770851000 -2.539272000 0.252361000 -0.824837000 -0.143302000 -0.541968000 0.073341000
1403715350.51243 -0.768443000 -2.551950000 0.243338000 -0.825422000 -0.145494000 -0.541047000 0.069131000
1403715350.56244 -0.764776000 -2.562747000 0.234485000 -0.825977000 -0.146363000 -0.540311000 0.066360000
1403715350.61244 -0.759676000 -2.571739000 0.225687000 -0.826076000 -0.145278000 -0.540539000 0.065651000
1403715350.66244 -0.753278000 -2.578535000 0.217326000 -0.826165000 -0.143310000 -0.540839000 0.066378000
1403715350.71244 -0.745501000 -2.583772000 0.208354000 -0.826099000 -0.140496000 -0.541393000 0.068657000
1403715350.76244 -0.735746000 -2.587208000 0.199029000 -0.825976000 -0.137740000 -0.541970000 0.071134000
1403715350.81244 -0.724405000 -2.589041000 0.190451000 -0.825278000 -0.135932000 -0.543223000 0.073128000
1403715350.86244 -0.712012000 -2.589659000 0.183106000 -0.823759000 -0.136241000 -0.545526000 0.072531000
1403715350.91244 -0.698918000 -2.588988000 0.176804000 -0.822332000 -0.138043000 -0.547498000 0.070431000
1403715350.96244 -0.685355000 -2.586841000 0.171609000 -0.820602000 -0.139601000 -0.549922000 0.068621000
1403715351.01243 -0.671717000 -2.583302000 0.167157000 -0.819682000 -0.140876000 -0.551093000 0.067619000
1403715351.06243 -0.657749000 -2.577719000 0.163350000 -0.819264000 -0.141963000 -0.551469000 0.067344000
1403715351.11243 -0.643632000 -2.570238000 0.160649000 -0.818723000 -0.142540000 -0.552158000 0.067062000
1403715351.16243 -0.629802000 -2.561469000 0.158844000 -0.818893000 -0.141904000 -0.551839000 0.068927000
1403715351.21243 -0.615154000 -2.550466000 0.157096000 -0.819313000 -0.141403000 -0.551093000 0.070902000
1403715351.26243 -0.600206000 -2.537648000 0.156839000 -0.819672000 -0.141147000 -0.550467000 0.072122000
1403715351.31243 -0.585100000 -2.523504000 0.158354000 -0.817411000 -0.139808000 -0.553764000 0.075086000
1403715351.36243 -0.569222000 -2.508096000 0.159467000 -0.815330000 -0.139340000 -0.556789000 0.076201000
1403715351.41243 -0.553066000 -2.491194000 0.160744000 -0.813020000 -0.138409000 -0.560174000 0.077757000
1403715351.46243 -0.536989000 -2.473346000 0.162324000 -0.811213000 -0.138455000 -0.562814000 0.077490000
1403715351.51243 -0.520986000 -2.454516000 0.163843000 -0.809911000 -0.138268000 -0.564773000 0.077188000
1403715351.56243 -0.505176000 -2.434610000 0.165907000 -0.806687000 -0.137878000 -0.569469000 0.077142000
1403715351.61242 -0.489826000 -2.413700000 0.168610000 -0.801951000 -0.137592000 -0.576227000 0.076841000
1403715351.66243 -0.475233000 -2.391491000 0.170922000 -0.799589000 -0.138206000 -0.579341000 0.076940000
1403715351.71243 -0.461529000 -2.368162000 0.172953000 -0.799036000 -0.140250000 -0.579565000 0.077304000
1403715351.76244 -0.449007000 -2.343592000 0.174269000 -0.799732000 -0.142988000 -0.577687000 0.079129000
1403715351.81244 -0.437625000 -2.317662000 0.176573000 -0.800124000 -0.145510000 -0.575777000 0.084312000
1403715351.86244 -0.427036000 -2.290217000 0.179125000 -0.800880000 -0.148725000 -0.572888000 0.090952000
1403715351.91243 -0.416422000 -2.262203000 0.181362000 -0.801077000 -0.152729000 -0.570334000 0.098327000
1403715351.96243 -0.407075000 -2.233632000 0.185233000 -0.801633000 -0.156523000 -0.566911000 0.107224000
1403715352.01243 -0.398657000 -2.204959000 0.189261000 -0.801291000 -0.161453000 -0.564244000 0.116164000
1403715352.06243 -0.390371000 -2.176210000 0.192834000 -0.800920000 -0.166970000 -0.561345000 0.124658000
1403715352.11243 -0.381798000 -2.147772000 0.197767000 -0.800340000 -0.173170000 -0.558954000 0.130530000
1403715352.16243 -0.373125000 -2.119279000 0.203001000 -0.799568000 -0.177550000 -0.557070000 0.137261000
1403715352.21243 -0.364323000 -2.091213000 0.208588000 -0.798660000 -0.180844000 -0.555739000 0.143499000
1403715352.26243 -0.355317000 -2.064091000 0.213829000 -0.798538000 -0.184204000 -0.553826000 0.147247000
1403715352.31243 -0.345920000 -2.037211000 0.218508000 -0.799050000 -0.187290000 -0.551283000 0.150096000
1403715352.36242 -0.335902000 -2.010795000 0.222332000 -0.798818000 -0.189588000 -0.550145000 0.152602000
1403715352.41242 -0.325909000 -1.985137000 0.225963000 -0.799001000 -0.188776000 -0.548655000 0.157923000
1403715352.46242 -0.315653000 -1.960271000 0.229155000 -0.799431000 -0.185291000 -0.546766000 0.166206000
1403715352.51242 -0.304464000 -1.936317000 0.232286000 -0.798882000 -0.182336000 -0.546414000 0.173123000
1403715352.56243 -0.292497000 -1.913713000 0.235420000 -0.797859000 -0.182480000 -0.547120000 0.175445000
1403715352.61243 -0.279722000 -1.892800000 0.238025000 -0.796169000 -0.185772000 -0.549354000 0.172666000
1403715352.66243 -0.266606000 -1.873236000 0.239879000 -0.794889000 -0.189049000 -0.551034000 0.169625000
1403715352.71243 -0.252971000 -1.854632000 0.241977000 -0.792775000 -0.191290000 -0.554043000 0.167188000
1403715352.76243 -0.239369000 -1.837109000 0.244242000 -0.790178000 -0.194332000 -0.557808000 0.163416000
1403715352.81243 -0.226149000 -1.820557000 0.246230000 -0.787360000 -0.196111000 -0.561758000 0.161347000
1403715352.86243 -0.213194000 -1.804597000 0.247209000 -0.785217000 -0.198258000 -0.564667000 0.158994000
1403715352.91242 -0.200941000 -1.789528000 0.248149000 -0.784265000 -0.200243000 -0.566031000 0.156335000
1403715352.96242 -0.189730000 -1.775464000 0.249452000 -0.783390000 -0.199898000 -0.567094000 0.157304000
1403715353.01242 -0.179234000 -1.761456000 0.251065000 -0.783156000 -0.198379000 -0.567211000 0.159949000
1403715353.06241 -0.169061000 -1.748132000 0.252583000 -0.783140000 -0.198441000 -0.567075000 0.160434000
1403715353.11241 -0.159631000 -1.735501000 0.254733000 -0.783351000 -0.199687000 -0.566515000 0.159834000
1403715353.16241 -0.150657000 -1.723448000 0.259314000 -0.784067000 -0.201107000 -0.565162000 0.159332000
1403715353.21242 -0.142898000 -1.712310000 0.266530000 -0.784281000 -0.202458000 -0.564475000 0.159003000
1403715353.26242 -0.135996000 -1.701887000 0.276894000 -0.784310000 -0.203775000 -0.563837000 0.159440000
1403715353.31242 -0.129899000 -1.692230000 0.289968000 -0.784722000 -0.204956000 -0.562657000 0.160069000
1403715353.36242 -0.124376000 -1.683011000 0.304361000 -0.785249000 -0.206672000 -0.561174000 0.160484000
1403715353.41242 -0.119186000 -1.674244000 0.317320000 -0.785355000 -0.209701000 -0.560147000 0.159618000
1403715353.46242 -0.114279000 -1.665630000 0.327419000 -0.784940000 -0.212139000 -0.559855000 0.159465000
1403715353.51242 -0.109618000 -1.657250000 0.334048000 -0.785062000 -0.214154000 -0.558918000 0.159457000
1403715353.56242 -0.105730000 -1.649617000 0.337070000 -0.785014000 -0.216215000 -0.558329000 0.158975000
1403715353.61242 -0.101805000 -1.641599000 0.336163000 -0.784940000 -0.217705000 -0.557646000 0.159703000
1403715353.66242 -0.098020000 -1.633941000 0.332601000 -0.784345000 -0.220036000 -0.557740000 0.159102000
1403715353.71242 -0.094384000 -1.626219000 0.327370000 -0.783803000 -0.221953000 -0.557851000 0.158721000
1403715353.76242 -0.091263000 -1.618404000 0.321285000 -0.783200000 -0.223797000 -0.557947000 0.158770000
1403715353.81242 -0.088787000 -1.610208000 0.314341000 -0.782270000 -0.225827000 -0.558529000 0.158435000
1403715353.86242 -0.086657000 -1.601874000 0.306736000 -0.781868000 -0.226956000 -0.558492000 0.158934000
1403715353.91242 -0.085090000 -1.593490000 0.298925000 -0.781014000 -0.228047000 -0.559015000 0.159732000
1403715353.96242 -0.084295000 -1.585144000 0.290289000 -0.781152000 -0.229029000 -0.558250000 0.160325000
1403715354.01242 -0.083878000 -1.576722000 0.280974000 -0.781427000 -0.229713000 -0.557301000 0.161301000
1403715354.06242 -0.083898000 -1.568220000 0.271060000 -0.783213000 -0.228892000 -0.554283000 0.164187000
1403715354.11242 -0.084231000 -1.559512000 0.261551000 -0.785143000 -0.225581000 -0.550950000 0.170642000
1403715354.16242 -0.084686000 -1.551334000 0.251962000 -0.786951000 -0.222149000 -0.547768000 0.176943000
1403715354.21242 -0.084931000 -1.543620000 0.242348000 -0.788628000 -0.219702000 -0.544749000 0.181784000
1403715354.26242 -0.084649000 -1.536862000 0.233252000 -0.790016000 -0.219148000 -0.542335000 0.183633000
1403715354.31242 -0.083547000 -1.531010000 0.224898000 -0.790326000 -0.220288000 -0.541633000 0.183008000
1403715354.36242 -0.081614000 -1.526086000 0.216016000 -0.790792000 -0.222861000 -0.540876000 0.180093000
1403715354.41242 -0.078962000 -1.521667000 0.207587000 -0.791003000 -0.226314000 -0.540590000 0.175665000
1403715354.46242 -0.075464000 -1.517523000 0.199590000 -0.791030000 -0.229545000 -0.540454000 0.171727000
1403715354.51242 -0.071449000 -1.513449000 0.191879000 -0.790718000 -0.232094000 -0.540795000 0.168634000
1403715354.56242 -0.067166000 -1.509221000 0.184820000 -0.790511000 -0.233136000 -0.541038000 0.167385000
1403715354.61242 -0.062594000 -1.504821000 0.179965000 -0.789973000 -0.232988000 -0.541835000 0.167553000
1403715354.66242 -0.057420000 -1.500239000 0.177388000 -0.789912000 -0.232811000 -0.542057000 0.167367000
1403715354.71242 -0.051504000 -1.495537000 0.178122000 -0.789869000 -0.232152000 -0.542288000 0.167742000
1403715354.76242 -0.045073000 -1.490868000 0.182437000 -0.789876000 -0.231592000 -0.542509000 0.167768000
1403715354.81242 -0.038261000 -1.486375000 0.189333000 -0.790431000 -0.230826000 -0.541786000 0.168544000
1403715354.86242 -0.031601000 -1.482419000 0.198772000 -0.790155000 -0.230928000 -0.542305000 0.168023000
1403715354.91242 -0.024229000 -1.477974000 0.210650000 -0.789990000 -0.228827000 -0.542286000 0.171697000
1403715354.96241 -0.017003000 -1.473694000 0.224249000 -0.789638000 -0.227434000 -0.542395000 0.174793000
1403715355.01241 -0.009241000 -1.469347000 0.239487000 -0.788692000 -0.226400000 -0.543233000 0.177779000
1403715355.06242 -0.001161000 -1.465677000 0.254291000 -0.788249000 -0.227092000 -0.543408000 0.178326000
1403715355.11242 0.007184000 -1.462538000 0.268176000 -0.787925000 -0.229473000 -0.543080000 0.177712000
1403715355.16242 0.015486000 -1.459416000 0.281584000 -0.787078000 -0.233122000 -0.542464000 0.178594000
1403715355.21242 0.024000000 -1.456406000 0.294325000 -0.786531000 -0.237825000 -0.540306000 0.181321000
1403715355.26242 0.032673000 -1.453488000 0.306347000 -0.784678000 -0.244391000 -0.539173000 0.183975000
1403715355.31242 0.041609000 -1.450666000 0.317277000 -0.782735000 -0.252992000 -0.537166000 0.186477000
1403715355.36242 0.050720000 -1.447640000 0.327715000 -0.780283000 -0.262079000 -0.535077000 0.190174000
1403715355.41241 0.059938000 -1.444634000 0.338229000 -0.776788000 -0.270915000 -0.533693000 0.195900000
1403715355.46241 0.069103000 -1.441585000 0.348926000 -0.773200000 -0.279583000 -0.531615000 0.203421000
1403715355.51241 0.078224000 -1.438119000 0.359661000 -0.768626000 -0.288443000 -0.530531000 0.211072000
1403715355.56241 0.087631000 -1.434622000 0.370676000 -0.764332000 -0.297663000 -0.528680000 0.218381000
1403715355.61241 0.096540000 -1.431351000 0.380888000 -0.760297000 -0.307030000 -0.526058000 0.225709000
1403715355.66241 0.105630000 -1.428562000 0.390211000 -0.756115000 -0.316827000 -0.524132000 0.230646000
1403715355.71241 0.114786000 -1.426090000 0.399360000 -0.752487000 -0.325215000 -0.522235000 0.235094000
1403715355.76241 0.124174000 -1.424129000 0.407733000 -0.749400000 -0.332548000 -0.520607000 0.238285000
1403715355.81241 0.133450000 -1.422540000 0.415661000 -0.747429000 -0.338707000 -0.518670000 0.240019000
1403715355.86241 0.142718000 -1.420716000 0.423319000 -0.746303000 -0.343477000 -0.516570000 0.241269000
1403715355.91241 0.152308000 -1.418290000 0.430817000 -0.745012000 -0.347372000 -0.515404000 0.242176000
1403715355.96241 0.162298000 -1.416097000 0.437868000 -0.744131000 -0.351020000 -0.514557000 0.241422000
1403715356.01241 0.172185000 -1.413674000 0.444046000 -0.742968000 -0.353719000 -0.514936000 0.240257000
1403715356.06241 0.182167000 -1.410394000 0.449692000 -0.742312000 -0.356684000 -0.515342000 0.237008000
1403715356.11241 0.191686000 -1.407373000 0.455689000 -0.741947000 -0.359196000 -0.516247000 0.232339000
1403715356.16241 0.200849000 -1.403470000 0.461336000 -0.741911000 -0.360660000 -0.517391000 0.227593000
1403715356.21241 0.209289000 -1.398755000 0.466179000 -0.741839000 -0.360465000 -0.519357000 0.223626000
1403715356.26241 0.216778000 -1.392696000 0.471290000 -0.742309000 -0.359287000 -0.520884000 0.220385000
1403715356.31241 0.223370000 -1.385645000 0.475657000 -0.743756000 -0.357832000 -0.521263000 0.216954000
1403715356.36241 0.228982000 -1.377025000 0.479185000 -0.746624000 -0.355518000 -0.519794000 0.214415000
1403715356.41241 0.233841000 -1.366959000 0.481976000 -0.749802000 -0.352963000 -0.517714000 0.212572000
1403715356.46241 0.238047000 -1.355552000 0.484144000 -0.753173000 -0.349047000 -0.515494000 0.212514000
1403715356.51241 0.241775000 -1.342865000 0.485438000 -0.757029000 -0.342830000 -0.512503000 0.216138000
1403715356.56241 0.245393000 -1.329009000 0.486517000 -0.759303000 -0.338254000 -0.510751000 0.219491000
1403715356.61242 0.249384000 -1.313926000 0.487193000 -0.760642000 -0.335378000 -0.509048000 0.223192000
1403715356.66242 0.253585000 -1.298041000 0.488184000 -0.760546000 -0.334236000 -0.508037000 0.227496000
1403715356.71242 0.258112000 -1.281037000 0.488577000 -0.759837000 -0.335405000 -0.506614000 0.231287000
1403715356.76242 0.263361000 -1.263160000 0.488930000 -0.758265000 -0.337792000 -0.505286000 0.235832000
1403715356.81242 0.268785000 -1.245138000 0.488925000 -0.755644000 -0.341573000 -0.504098000 0.241280000
1403715356.86242 0.275078000 -1.226810000 0.488563000 -0.753245000 -0.347950000 -0.501199000 0.245667000
1403715356.91242 0.282211000 -1.208671000 0.488395000 -0.750402000 -0.354172000 -0.497767000 0.252361000
1403715356.96242 0.290264000 -1.189083000 0.490078000 -0.746360000 -0.361108000 -0.494627000 0.260561000
1403715357.01242 0.298881000 -1.168780000 0.493514000 -0.740652000 -0.369903000 -0.492820000 0.267835000
1403715357.06242 0.308271000 -1.148730000 0.498037000 -0.735070000 -0.379210000 -0.489745000 0.275720000
1403715357.11242 0.317979000 -1.128932000 0.503649000 -0.728414000 -0.388630000 -0.487932000 0.283376000
1403715357.16243 0.328229000 -1.109783000 0.509499000 -0.722002000 -0.398656000 -0.485615000 0.289766000
1403715357.21243 0.339544000 -1.090887000 0.516296000 -0.716021000 -0.408194000 -0.483355000 0.295058000
1403715357.26243 0.351930000 -1.072142000 0.523616000 -0.709712000 -0.416640000 -0.483186000 0.298751000
1403715357.31243 0.365913000 -1.053268000 0.530354000 -0.704543000 -0.424134000 -0.483294000 0.300260000
1403715357.36243 0.380388000 -1.034229000 0.538228000 -0.700172000 -0.430393000 -0.483793000 0.300774000
1403715357.41243 0.394486000 -1.015878000 0.546144000 -0.697228000 -0.434694000 -0.483504000 0.301892000
1403715357.46243 0.408332000 -0.997594000 0.554216000 -0.694376000 -0.438777000 -0.484126000 0.301562000
1403715357.51242 0.421905000 -0.979807000 0.561605000 -0.693279000 -0.442343000 -0.482984000 0.300704000
1403715357.56242 0.434260000 -0.962458000 0.569254000 -0.692597000 -0.445289000 -0.481836000 0.299768000
1403715357.61242 0.447000000 -0.944431000 0.575700000 -0.691920000 -0.448171000 -0.480932000 0.298485000
1403715357.66243 0.459391000 -0.926014000 0.582027000 -0.690543000 -0.450348000 -0.481513000 0.297459000
1403715357.71243 0.470775000 -0.908276000 0.589663000 -0.687826000 -0.451578000 -0.484235000 0.297473000
1403715357.76243 0.481864000 -0.889455000 0.595579000 -0.685963000 -0.453385000 -0.486044000 0.296071000
1403715357.81243 0.491827000 -0.870067000 0.600964000 -0.683355000 -0.455841000 -0.488897000 0.293623000
1403715357.86243 0.500561000 -0.850027000 0.605055000 -0.681304000 -0.458688000 -0.491209000 0.290075000
1403715357.91244 0.508085000 -0.829125000 0.608021000 -0.680357000 -0.460582000 -0.492220000 0.287571000
1403715357.96244 0.514198000 -0.807335000 0.610278000 -0.680735000 -0.461883000 -0.491690000 0.285490000
1403715358.01244 0.519039000 -0.784253000 0.611655000 -0.681305000 -0.463064000 -0.490768000 0.283800000
1403715358.06244 0.522585000 -0.760614000 0.612370000 -0.682055000 -0.463981000 -0.489789000 0.282187000
1403715358.11244 0.524732000 -0.735816000 0.612372000 -0.683556000 -0.463137000 -0.487955000 0.283117000
1403715358.16245 0.525439000 -0.709805000 0.611930000 -0.685257000 -0.460923000 -0.486157000 0.285701000
1403715358.21245 0.525433000 -0.682519000 0.610413000 -0.688535000 -0.458198000 -0.482273000 0.288767000
1403715358.26245 0.524683000 -0.654081000 0.609032000 -0.690515000 -0.455907000 -0.479860000 0.291670000
1403715358.31245 0.523839000 -0.624800000 0.606807000 -0.692322000 -0.455093000 -0.477425000 0.292653000
1403715358.36245 0.523121000 -0.593440000 0.604696000 -0.692572000 -0.456380000 -0.476080000 0.292249000
1403715358.41245 0.521974000 -0.561532000 0.602875000 -0.690377000 -0.459846000 -0.476780000 0.290866000
1403715358.46245 0.520260000 -0.528624000 0.600619000 -0.686897000 -0.463659000 -0.477763000 0.291436000
1403715358.51244 0.518049000 -0.494188000 0.597779000 -0.681402000 -0.467698000 -0.480378000 0.293576000
1403715358.56244 0.514785000 -0.458718000 0.595295000 -0.676404000 -0.471624000 -0.482034000 0.296128000
1403715358.61244 0.510497000 -0.422765000 0.591343000 -0.671675000 -0.474942000 -0.483138000 0.299767000
1403715358.66244 0.504962000 -0.385873000 0.587492000 -0.667590000 -0.476470000 -0.483256000 0.306209000
1403715358.71244 0.498131000 -0.348303000 0.584138000 -0.664657000 -0.475426000 -0.481446000 0.316878000
1403715358.76243 0.490947000 -0.311056000 0.580833000 -0.662101000 -0.474853000 -0.478998000 0.326646000
1403715358.81243 0.483277000 -0.274050000 0.577797000 -0.659462000 -0.474889000 -0.477036000 0.334704000
1403715358.86243 0.475220000 -0.237806000 0.574528000 -0.657119000 -0.475205000 -0.474854000 0.341890000
1403715358.91243 0.467030000 -0.202206000 0.571341000 -0.654151000 -0.475699000 -0.474349000 0.347548000
1403715358.96243 0.458452000 -0.167789000 0.568091000 -0.651915000 -0.477159000 -0.473238000 0.351242000
1403715359.01242 0.450111000 -0.134166000 0.564197000 -0.651298000 -0.478605000 -0.470266000 0.354398000
1403715359.06242 0.441949000 -0.101417000 0.559794000 -0.651118000 -0.481025000 -0.467308000 0.355365000
1403715359.11242 0.433285000 -0.069689000 0.557356000 -0.650489000 -0.483055000 -0.465927000 0.355576000
1403715359.16242 0.425101000 -0.039747000 0.554475000 -0.648971000 -0.484038000 -0.466119000 0.356759000
1403715359.21242 0.417186000 -0.010893000 0.551431000 -0.647442000 -0.484161000 -0.466985000 0.358234000
1403715359.26242 0.409623000 0.016189000 0.547891000 -0.645958000 -0.484651000 -0.468436000 0.358357000
1403715359.31242 0.402496000 0.043038000 0.544025000 -0.644983000 -0.485742000 -0.469859000 0.356770000
1403715359.36242 0.395105000 0.067447000 0.539371000 -0.644523000 -0.487114000 -0.470816000 0.354461000
1403715359.41242 0.387052000 0.090735000 0.535536000 -0.643519000 -0.488814000 -0.473176000 0.350783000
1403715359.46241 0.378656000 0.113514000 0.531654000 -0.642398000 -0.490458000 -0.475807000 0.346965000
1403715359.51241 0.369240000 0.134819000 0.528947000 -0.641469000 -0.491514000 -0.478131000 0.343978000
1403715359.56241 0.358775000 0.155297000 0.527381000 -0.640827000 -0.491400000 -0.480296000 0.342320000
1403715359.61241 0.347295000 0.174954000 0.526141000 -0.640787000 -0.490474000 -0.481228000 0.342413000
1403715359.66240 0.334583000 0.193805000 0.525150000 -0.641879000 -0.489300000 -0.480583000 0.342953000
1403715359.71240 0.320716000 0.211877000 0.525188000 -0.643740000 -0.487860000 -0.478987000 0.343749000
1403715359.76240 0.305936000 0.229298000 0.525546000 -0.645835000 -0.486739000 -0.476836000 0.344398000
1403715359.81240 0.290716000 0.245218000 0.525948000 -0.647262000 -0.485108000 -0.475605000 0.345720000
1403715359.86240 0.274534000 0.260825000 0.527172000 -0.648777000 -0.484785000 -0.473898000 0.345677000
1403715359.91241 0.257808000 0.275196000 0.528201000 -0.651394000 -0.484278000 -0.470552000 0.346036000
1403715359.96241 0.240904000 0.289456000 0.529078000 -0.654353000 -0.482797000 -0.466541000 0.347949000
1403715360.01241 0.223876000 0.302702000 0.530980000 -0.655943000 -0.483159000 -0.464221000 0.347556000
1403715360.06241 0.207132000 0.316463000 0.532071000 -0.656918000 -0.483977000 -0.462738000 0.346553000
1403715360.11240 0.190239000 0.329403000 0.533783000 -0.657311000 -0.484916000 -0.461837000 0.345696000
1403715360.16240 0.173461000 0.342198000 0.535573000 -0.657249000 -0.485962000 -0.461510000 0.344781000
1403715360.21240 0.156821000 0.354553000 0.537331000 -0.657230000 -0.486698000 -0.461224000 0.344160000
1403715360.26240 0.140343000 0.366269000 0.539213000 -0.657731000 -0.486537000 -0.461034000 0.343686000
1403715360.31240 0.124055000 0.377657000 0.540928000 -0.659360000 -0.484508000 -0.460743000 0.343821000
1403715360.36240 0.108195000 0.388774000 0.542885000 -0.662986000 -0.479726000 -0.459238000 0.345561000
1403715360.41240 0.092771000 0.399367000 0.544933000 -0.667867000 -0.472768000 -0.457331000 0.348269000
1403715360.46240 0.078162000 0.409333000 0.547438000 -0.673573000 -0.464710000 -0.455827000 0.350093000
1403715360.51240 0.064772000 0.419114000 0.550059000 -0.679595000 -0.455881000 -0.455131000 0.350968000
1403715360.56239 0.052853000 0.427597000 0.551726000 -0.685288000 -0.447107000 -0.456008000 0.350046000
1403715360.61239 0.042965000 0.435364000 0.554491000 -0.690703000 -0.439019000 -0.458561000 0.346285000
1403715360.66239 0.034857000 0.442134000 0.558019000 -0.695160000 -0.431252000 -0.463438000 0.340587000
1403715360.71239 0.028629000 0.447562000 0.561596000 -0.699649000 -0.423575000 -0.468698000 0.333764000
1403715360.76239 0.024116000 0.451892000 0.565602000 -0.703679000 -0.417361000 -0.475267000 0.323677000
1403715360.81239 0.021140000 0.455382000 0.569555000 -0.708203000 -0.410645000 -0.481658000 0.312770000
1403715360.86239 0.019081000 0.458280000 0.573977000 -0.712617000 -0.403609000 -0.488234000 0.301504000
1403715360.91239 0.018091000 0.460439000 0.578507000 -0.716642000 -0.395815000 -0.495215000 0.290718000
1403715360.96239 0.017624000 0.462141000 0.582983000 -0.721735000 -0.387158000 -0.500701000 0.280189000
1403715361.01239 0.017580000 0.463398000 0.587201000 -0.726788000 -0.377499000 -0.505885000 0.270839000
1403715361.06239 0.017734000 0.464744000 0.592529000 -0.732244000 -0.367777000 -0.510142000 0.261369000
1403715361.11239 0.017364000 0.466304000 0.597592000 -0.738015000 -0.357268000 -0.513681000 0.252637000
1403715361.16239 0.016787000 0.467594000 0.603763000 -0.743850000 -0.346708000 -0.516718000 0.243892000
1403715361.21239 0.016283000 0.468878000 0.609388000 -0.749260000 -0.336431000 -0.520052000 0.234455000
1403715361.26239 0.015804000 0.470610000 0.614903000 -0.754330000 -0.326056000 -0.523315000 0.225423000
1403715361.31239 0.014707000 0.471983000 0.620551000 -0.759102000 -0.316224000 -0.526387000 0.216061000
1403715361.36239 0.013167000 0.473345000 0.625982000 -0.763190000 -0.306007000 -0.530280000 0.206652000
1403715361.41239 0.011649000 0.475917000 0.630689000 -0.767461000 -0.295648000 -0.533405000 0.197672000
1403715361.46239 0.009905000 0.478953000 0.634370000 -0.771372000 -0.285353000 -0.536257000 0.189705000
1403715361.51239 0.007866000 0.482749000 0.637353000 -0.774404000 -0.276334000 -0.539035000 0.182699000
1403715361.56239 0.005581000 0.487357000 0.639232000 -0.777224000 -0.268896000 -0.540867000 0.176298000
1403715361.61239 0.003037000 0.492983000 0.640820000 -0.779523000 -0.263447000 -0.542392000 0.169561000
1403715361.66239 0.000485000 0.499806000 0.641910000 -0.781604000 -0.258332000 -0.543323000 0.164803000
1403715361.71239 -0.002028000 0.507633000 0.640947000 -0.784329000 -0.252512000 -0.543270000 0.161009000
1403715361.76239 -0.004433000 0.516016000 0.638477000 -0.787977000 -0.246053000 -0.542069000 0.157201000
1403715361.81239 -0.006270000 0.525606000 0.635160000 -0.791765000 -0.239307000 -0.540654000 0.153408000
1403715361.86239 -0.007641000 0.536157000 0.630025000 -0.795587000 -0.231913000 -0.539495000 0.149006000
1403715361.91239 -0.008622000 0.547172000 0.625021000 -0.798911000 -0.224284000 -0.539469000 0.142870000
1403715361.96239 -0.009448000 0.558774000 0.619722000 -0.801106000 -0.215177000 -0.541206000 0.137927000
1403715362.01239 -0.009080000 0.571400000 0.615805000 -0.803379000 -0.205354000 -0.543010000 0.132481000
1403715362.06240 -0.008223000 0.584525000 0.611527000 -0.805315000 -0.195942000 -0.545298000 0.125402000
1403715362.11240 -0.006632000 0.598647000 0.607025000 -0.807394000 -0.185529000 -0.547529000 0.117925000
1403715362.16240 -0.004767000 0.613173000 0.601416000 -0.809648000 -0.175327000 -0.549386000 0.109117000
1403715362.21240 -0.002454000 0.627864000 0.595604000 -0.811523000 -0.164308000 -0.551767000 0.099931000
1403715362.26240 0.000367000 0.643068000 0.589120000 -0.812917000 -0.152641000 -0.554679000 0.090539000
1403715362.31240 0.003633000 0.659125000 0.581937000 -0.814849000 -0.141041000 -0.556453000 0.080549000
1403715362.36240 0.007161000 0.675737000 0.574124000 -0.816500000 -0.128734000 -0.558329000 0.070878000
1403715362.41240 0.010791000 0.693068000 0.565923000 -0.817853000 -0.116001000 -0.560247000 0.061508000
1403715362.46240 0.014474000 0.711209000 0.557877000 -0.819056000 -0.102609000 -0.562007000 0.052592000
1403715362.51240 0.018176000 0.730076000 0.550853000 -0.820222000 -0.089128000 -0.563399000 0.043292000
1403715362.56240 0.021759000 0.748971000 0.543009000 -0.821377000 -0.076473000 -0.564250000 0.033365000
1403715362.61240 0.026317000 0.769610000 0.535848000 -0.822137000 -0.063204000 -0.565222000 0.024916000
1403715362.66240 0.031035000 0.790850000 0.530143000 -0.822651000 -0.050160000 -0.566087000 0.016573000
1403715362.71240 0.036297000 0.813667000 0.525461000 -0.823027000 -0.036524000 -0.566751000 0.009307000
1403715362.76240 0.042011000 0.837335000 0.521263000 -0.823302000 -0.021383000 -0.567181000 0.004693000
1403715362.81240 0.048080000 0.862095000 0.520394000 -0.823657000 -0.005012000 -0.567064000 0.001917000
1403715362.86240 0.054377000 0.887192000 0.518249000 -0.822870000 0.013459000 -0.568061000 0.003082000
1403715362.91241 0.061030000 0.911980000 0.517155000 -0.819867000 0.032976000 -0.571568000 0.006390000
1403715362.96241 0.068146000 0.936124000 0.517513000 -0.815995000 0.050012000 -0.575847000 0.007134000
1403715363.01241 0.075871000 0.958661000 0.517734000 -0.812069000 0.065681000 -0.579799000 0.007907000
1403715363.06241 0.083613000 0.979147000 0.517239000 -0.809429000 0.079437000 -0.581780000 0.006837000
1403715363.11241 0.090551000 0.997605000 0.517380000 -0.807649000 0.091168000 -0.582560000 0.003915000
1403715363.16241 0.096800000 1.013337000 0.517169000 0.807669000 -0.101257000 0.580876000 0.000382000
1403715363.21241 0.101633000 1.026399000 0.518579000 0.807508000 -0.110446000 0.579396000 0.005768000
1403715363.26241 0.105605000 1.036718000 0.520339000 0.807078000 -0.118832000 0.578238000 0.012088000
1403715363.31241 0.109085000 1.044648000 0.523238000 0.806642000 -0.127194000 0.576912000 0.017969000
1403715363.36241 0.112028000 1.049912000 0.525848000 0.805693000 -0.135422000 0.576131000 0.024354000
1403715363.41241 0.114454000 1.052790000 0.530178000 0.804227000 -0.143088000 0.576013000 0.030871000
1403715363.46241 0.115269000 1.052930000 0.534714000 0.802727000 -0.150737000 0.575713000 0.038248000
1403715363.51241 0.115692000 1.050561000 0.539813000 0.801157000 -0.158170000 0.575337000 0.046004000
1403715363.56241 0.115228000 1.046058000 0.545296000 0.799997000 -0.164005000 0.574389000 0.056425000
1403715363.61241 0.114452000 1.039885000 0.551277000 0.799162000 -0.168096000 0.572914000 0.069665000
1403715363.66241 0.113194000 1.032322000 0.557394000 0.798055000 -0.173413000 0.571367000 0.081095000
1403715363.71241 0.111630000 1.023454000 0.563713000 0.796267000 -0.179368000 0.570275000 0.092588000
1403715363.76241 0.109463000 1.014244000 0.569855000 0.793927000 -0.187108000 0.569347000 0.102540000
1403715363.81241 0.107136000 1.005202000 0.576074000 0.791218000 -0.195908000 0.568322000 0.112265000
1403715363.86241 0.103628000 0.994408000 0.580380000 0.788270000 -0.206438000 0.566920000 0.120892000
1403715363.91241 0.100271000 0.983721000 0.585760000 0.784714000 -0.216884000 0.565802000 0.130586000
1403715363.96241 0.096275000 0.971823000 0.590308000 0.780262000 -0.227537000 0.565133000 0.141572000
1403715364.01241 0.090390000 0.960052000 0.594163000 0.775935000 -0.239879000 0.563561000 0.150934000
1403715364.06241 0.085729000 0.947741000 0.599261000 0.771396000 -0.251570000 0.561940000 0.160885000
1403715364.11241 0.079775000 0.936415000 0.604197000 0.766898000 -0.262707000 0.560581000 0.169118000
1403715364.16241 0.072970000 0.925392000 0.609109000 0.762681000 -0.272270000 0.559389000 0.176837000
1403715364.21241 0.066106000 0.914786000 0.613675000 0.760087000 -0.280535000 0.556917000 0.182787000
1403715364.26241 0.059323000 0.904403000 0.618582000 0.757955000 -0.288383000 0.554659000 0.186259000
1403715364.31241 0.052267000 0.894388000 0.624121000 0.756577000 -0.295544000 0.552297000 0.187650000
1403715364.36241 0.045930000 0.884191000 0.630558000 0.756114000 -0.301524000 0.549727000 0.187549000
1403715364.41241 0.038429000 0.874921000 0.636987000 0.755452000 -0.306719000 0.548152000 0.186402000
1403715364.46241 0.030689000 0.865128000 0.644296000 0.754665000 -0.309891000 0.547428000 0.186471000
1403715364.51241 0.022626000 0.854930000 0.650938000 0.754344000 -0.312647000 0.546885000 0.184754000
1403715364.56241 0.013773000 0.844419000 0.658497000 0.753875000 -0.313893000 0.547152000 0.183763000
1403715364.61241 0.004995000 0.832659000 0.666640000 0.753826000 -0.314278000 0.547063000 0.183570000
1403715364.66241 -0.004892000 0.820140000 0.675079000 0.752870000 -0.314908000 0.547738000 0.184401000
1403715364.71241 -0.015893000 0.806631000 0.683428000 0.751699000 -0.314209000 0.548236000 0.188836000
1403715364.76241 -0.028145000 0.792597000 0.691787000 0.751646000 -0.313205000 0.546464000 0.195724000
1403715364.81241 -0.041366000 0.778349000 0.699746000 0.752575000 -0.312672000 0.542657000 0.203447000
1403715364.86241 -0.055004000 0.763867000 0.707509000 0.753473000 -0.313434000 0.538272000 0.210480000
1403715364.91241 -0.068561000 0.749480000 0.714954000 0.753713000 -0.315810000 0.534354000 0.215979000
1403715364.96241 -0.081666000 0.734768000 0.722765000 0.753919000 -0.318542000 0.529856000 0.222235000
1403715365.01241 -0.094317000 0.720581000 0.730323000 0.752838000 -0.323471000 0.526827000 0.225951000
1403715365.06241 -0.107693000 0.706485000 0.738212000 0.751968000 -0.327958000 0.523116000 0.230948000
1403715365.11241 -0.119584000 0.692848000 0.746169000 0.749435000 -0.332920000 0.521439000 0.235824000
1403715365.16241 -0.130979000 0.679813000 0.754703000 0.745215000 -0.338123000 0.521749000 0.241052000
1403715365.21241 -0.141726000 0.667092000 0.763086000 0.741276000 -0.343326000 0.521624000 0.246061000
1403715365.26241 -0.151970000 0.655165000 0.770872000 0.738008000 -0.347607000 0.521049000 0.251040000
1403715365.31241 -0.161685000 0.643965000 0.778285000 0.735293000 -0.351341000 0.520242000 0.255444000
1403715365.36241 -0.171501000 0.634807000 0.785380000 0.732620000 -0.355571000 0.519534000 0.258693000
1403715365.41241 -0.180262000 0.625643000 0.792036000 0.729025000 -0.361201000 0.519491000 0.261123000
1403715365.46241 -0.189176000 0.617048000 0.798234000 0.725954000 -0.366973000 0.517928000 0.264710000
1403715365.51241 -0.197829000 0.609263000 0.804173000 0.721854000 -0.373633000 0.517046000 0.268307000
1403715365.56241 -0.206388000 0.602105000 0.809794000 0.717990000 -0.380705000 0.514780000 0.273049000
1403715365.61241 -0.214999000 0.595529000 0.815202000 0.712582000 -0.390134000 0.513594000 0.276123000
1403715365.66241 -0.224566000 0.589584000 0.820674000 0.706139000 -0.400892000 0.512792000 0.278744000
1403715365.71241 -0.233475000 0.584107000 0.825468000 0.699433000 -0.412112000 0.511497000 0.281652000
1403715365.76241 -0.243405000 0.578963000 0.829881000 0.692700000 -0.423460000 0.509517000 0.285028000
1403715365.81241 -0.253983000 0.574737000 0.834195000 0.686434000 -0.434198000 0.506699000 0.289027000
1403715365.86241 -0.265140000 0.571015000 0.839025000 0.680777000 -0.443289000 0.503829000 0.293588000
1403715365.91241 -0.277016000 0.567782000 0.843451000 0.675833000 -0.451549000 0.500659000 0.297815000
1403715365.96241 -0.288692000 0.564212000 0.847536000 0.671406000 -0.459167000 0.497961000 0.300692000
1403715366.01241 -0.302092000 0.562425000 0.851108000 0.666015000 -0.466486000 0.497759000 0.301747000
1403715366.06241 -0.315909000 0.559789000 0.853662000 0.661816000 -0.473108000 0.496910000 0.302074000
1403715366.11242 -0.330542000 0.557370000 0.856020000 0.657415000 -0.479295000 0.497249000 0.301373000
1403715366.16242 -0.346576000 0.555004000 0.858356000 0.654351000 -0.483031000 0.496840000 0.302748000
1403715366.21242 -0.364209000 0.552731000 0.861732000 0.652496000 -0.485836000 0.496023000 0.303601000
1403715366.26242 -0.383333000 0.550634000 0.864701000 0.650791000 -0.487463000 0.495764000 0.305071000
1403715366.31242 -0.403568000 0.547978000 0.866750000 0.650634000 -0.487561000 0.494398000 0.307456000
1403715366.36241 -0.425086000 0.544972000 0.868453000 0.650624000 -0.487340000 0.493326000 0.309545000
1403715366.41241 -0.448144000 0.542434000 0.869880000 0.652780000 -0.486565000 0.490121000 0.311312000
1403715366.46241 -0.472522000 0.540009000 0.871190000 0.655585000 -0.484338000 0.486132000 0.315120000
1403715366.51241 -0.497681000 0.537733000 0.872820000 0.658628000 -0.481886000 0.482284000 0.318428000
1403715366.56241 -0.523566000 0.535989000 0.874110000 0.661198000 -0.480184000 0.479561000 0.319784000
1403715366.61241 -0.549749000 0.533977000 0.874957000 0.664152000 -0.478879000 0.476399000 0.320344000
1403715366.66241 -0.575566000 0.531812000 0.875349000 0.666699000 -0.477512000 0.474048000 0.320583000
1403715366.71241 -0.601236000 0.529237000 0.875429000 0.669435000 -0.476382000 0.471877000 0.319763000
1403715366.76241 -0.626915000 0.526312000 0.875787000 0.671649000 -0.475913000 0.470228000 0.318245000
1403715366.81241 -0.652701000 0.523312000 0.876803000 0.674560000 -0.475460000 0.467633000 0.316584000
1403715366.86241 -0.678092000 0.519837000 0.878233000 0.676976000 -0.474917000 0.465960000 0.314704000
1403715366.91241 -0.702648000 0.515650000 0.880189000 0.678707000 -0.474301000 0.465107000 0.313162000
1403715366.96241 -0.726850000 0.511344000 0.882211000 0.679721000 -0.475010000 0.464988000 0.310050000
1403715367.01241 -0.750806000 0.506207000 0.884775000 0.680574000 -0.474844000 0.465342000 0.307893000
1403715367.06241 -0.773916000 0.500164000 0.887736000 0.680892000 -0.474871000 0.466253000 0.305765000
1403715367.11241 -0.796601000 0.492736000 0.891067000 0.681507000 -0.474423000 0.466869000 0.304146000
1403715367.16241 -0.819652000 0.484796000 0.894586000 0.682339000 -0.474225000 0.467224000 0.302035000
1403715367.21241 -0.842307000 0.476941000 0.898101000 0.682843000 -0.472960000 0.467965000 0.301734000
1403715367.26241 -0.864112000 0.466807000 0.901400000 0.682758000 -0.473253000 0.469474000 0.299109000
1403715367.31241 -0.885734000 0.455214000 0.903985000 0.683705000 -0.473039000 0.469259000 0.297620000
1403715367.36241 -0.907088000 0.442258000 0.906399000 0.684656000 -0.473353000 0.469037000 0.295275000
1403715367.41241 -0.928250000 0.427998000 0.908607000 0.685387000 -0.473207000 0.469127000 0.293667000
1403715367.46241 -0.949258000 0.412727000 0.910689000 0.686032000 -0.472617000 0.469400000 0.292671000
1403715367.51241 -0.970266000 0.396288000 0.912959000 0.687163000 -0.472383000 0.468778000 0.291390000
1403715367.56241 -0.991270000 0.378877000 0.915411000 0.687987000 -0.471739000 0.468769000 0.290504000
1403715367.61241 -1.011761000 0.360282000 0.917850000 0.688181000 -0.470833000 0.469622000 0.290136000
1403715367.66241 -1.032213000 0.339904000 0.920721000 0.688331000 -0.470277000 0.470540000 0.289192000
1403715367.71241 -1.052701000 0.318185000 0.923826000 0.688556000 -0.468717000 0.471277000 0.289988000
1403715367.76241 -1.073197000 0.295152000 0.927237000 0.688728000 -0.467750000 0.471995000 0.289974000
1403715367.81241 -1.093019000 0.270996000 0.931261000 0.689101000 -0.466179000 0.472324000 0.291078000
1403715367.86241 -1.113069000 0.245654000 0.935322000 0.689170000 -0.463945000 0.473085000 0.293241000
1403715367.91241 -1.133151000 0.219221000 0.939463000 0.688786000 -0.461160000 0.474157000 0.296784000
1403715367.96241 -1.152928000 0.192037000 0.943436000 0.686740000 -0.459096000 0.477289000 0.299689000
1403715368.01241 -1.172513000 0.164322000 0.946524000 0.684631000 -0.457853000 0.480199000 0.301762000
1403715368.06241 -1.192001000 0.136287000 0.949072000 0.682150000 -0.457361000 0.483482000 0.302882000
1403715368.11241 -1.211459000 0.108159000 0.950837000 0.680358000 -0.457068000 0.485642000 0.303897000
1403715368.16241 -1.231183000 0.079990000 0.951879000 0.678597000 -0.457329000 0.487558000 0.304374000
1403715368.21241 -1.250377000 0.052567000 0.952189000 0.677231000 -0.458161000 0.488920000 0.303981000
1403715368.26241 -1.270561000 0.024949000 0.952316000 0.675493000 -0.460008000 0.490798000 0.302025000
1403715368.31241 -1.291347000 -0.002634000 0.952225000 0.673959000 -0.462075000 0.492304000 0.299839000
1403715368.36241 -1.312510000 -0.029975000 0.952202000 0.671484000 -0.464759000 0.495000000 0.296788000
1403715368.41241 -1.335262000 -0.057073000 0.952065000 0.669494000 -0.466787000 0.497107000 0.294571000
1403715368.46241 -1.358495000 -0.084887000 0.952211000 0.667043000 -0.468079000 0.499760000 0.293590000
1403715368.51241 -1.382832000 -0.112883000 0.952395000 0.665389000 -0.468644000 0.501249000 0.293904000
1403715368.56241 -1.408694000 -0.140608000 0.952036000 0.665087000 -0.467663000 0.500900000 0.296732000
1403715368.61241 -1.435947000 -0.167522000 0.951667000 0.666269000 -0.465505000 0.498434000 0.301586000
1403715368.66241 -1.464353000 -0.194209000 0.950986000 0.668106000 -0.463265000 0.495190000 0.306279000
1403715368.71241 -1.493640000 -0.220483000 0.949768000 0.669313000 -0.462224000 0.492827000 0.309016000
1403715368.76241 -1.523613000 -0.246574000 0.948736000 0.670479000 -0.461105000 0.490290000 0.312177000
1403715368.81241 -1.554296000 -0.272105000 0.947839000 0.671240000 -0.460207000 0.488398000 0.314822000
1403715368.86241 -1.585074000 -0.297274000 0.946572000 0.671853000 -0.460619000 0.486667000 0.315593000
1403715368.91241 -1.615695000 -0.322278000 0.945320000 0.673040000 -0.460231000 0.485317000 0.315709000
1403715368.96241 -1.647038000 -0.346421000 0.943747000 0.675187000 -0.459311000 0.484172000 0.314218000
1403715369.01240 -1.676172000 -0.370469000 0.941271000 0.678322000 -0.457864000 0.483235000 0.311004000
1403715369.06240 -1.705869000 -0.393572000 0.939265000 0.682400000 -0.455579000 0.482441000 0.306640000
1403715369.11240 -1.735803000 -0.415773000 0.939347000 0.687210000 -0.452003000 0.482063000 0.301748000
1403715369.16240 -1.764907000 -0.438178000 0.939399000 0.692338000 -0.446530000 0.482681000 0.297151000
1403715369.21240 -1.793398000 -0.461009000 0.939576000 0.697698000 -0.440139000 0.484049000 0.291876000
1403715369.26240 -1.821471000 -0.484084000 0.939735000 0.703376000 -0.431875000 0.485871000 0.287533000
1403715369.31240 -1.849168000 -0.506751000 0.940624000 0.709578000 -0.423662000 0.487548000 0.281613000
1403715369.36240 -1.876178000 -0.529532000 0.941400000 0.715216000 -0.414465000 0.490568000 0.275731000
1403715369.41241 -1.901564000 -0.553932000 0.942290000 0.721503000 -0.404618000 0.493064000 0.269455000
1403715369.46241 -1.927142000 -0.577794000 0.942604000 0.727400000 -0.394839000 0.496091000 0.262461000
1403715369.51241 -1.952619000 -0.601719000 0.942514000 0.733131000 -0.384676000 0.499407000 0.255217000
1403715369.56241 -1.976771000 -0.625602000 0.942233000 0.738646000 -0.374413000 0.502744000 0.247923000
1403715369.61241 -1.998400000 -0.650834000 0.940285000 0.744085000 -0.363640000 0.506184000 0.240584000
1403715369.66241 -2.021187000 -0.675421000 0.939608000 0.749190000 -0.353376000 0.509009000 0.233987000
1403715369.71241 -2.043142000 -0.699935000 0.940291000 0.753471000 -0.344467000 0.511312000 0.228437000
1403715369.76241 -2.064640000 -0.725011000 0.940857000 0.757472000 -0.335725000 0.513032000 0.224327000
1403715369.81241 -2.085600000 -0.750746000 0.940780000 0.760793000 -0.328840000 0.514238000 0.220493000
1403715369.86241 -2.105718000 -0.777008000 0.940160000 0.763894000 -0.322231000 0.514543000 0.218811000
1403715369.91241 -2.124991000 -0.803777000 0.938521000 0.767189000 -0.317152000 0.513412000 0.217357000
1403715369.96242 -2.143007000 -0.830593000 0.937001000 0.770622000 -0.313322000 0.511181000 0.216019000
1403715370.01242 -2.158802000 -0.857844000 0.934812000 0.773502000 -0.309442000 0.508959000 0.216565000
1403715370.06242 -2.173901000 -0.885180000 0.932546000 0.775865000 -0.305585000 0.506880000 0.218458000
1403715370.11241 -2.187272000 -0.912689000 0.930253000 0.776800000 -0.302626000 0.506372000 0.220423000
1403715370.16241 -2.198779000 -0.940266000 0.928209000 0.775894000 -0.299526000 0.508403000 0.223157000
1403715370.21241 -2.207683000 -0.967665000 0.925551000 0.772717000 -0.300388000 0.513337000 0.221723000
1403715370.26241 -2.215663000 -0.994148000 0.923809000 0.769114000 -0.302323000 0.518445000 0.219727000
1403715370.31241 -2.222341000 -1.020194000 0.921831000 0.766050000 -0.304491000 0.522582000 0.217627000
1403715370.36241 -2.228144000 -1.045506000 0.919708000 0.762933000 -0.307833000 0.526453000 0.214521000
1403715370.41241 -2.233372000 -1.070488000 0.917537000 0.759942000 -0.311659000 0.529950000 0.210974000
1403715370.46241 -2.238017000 -1.094738000 0.915144000 0.757798000 -0.315081000 0.532047000 0.208311000
1403715370.51241 -2.242896000 -1.119470000 0.913224000 0.755795000 -0.318060000 0.533693000 0.206841000
1403715370.56241 -2.247925000 -1.144235000 0.911298000 0.754544000 -0.320486000 0.534469000 0.205657000
1403715370.61241 -2.252775000 -1.169206000 0.910487000 0.753240000 -0.321861000 0.535331000 0.206047000
1403715370.66240 -2.258777000 -1.194037000 0.909433000 0.752800000 -0.323697000 0.534956000 0.205754000
1403715370.71240 -2.265087000 -1.219137000 0.908687000 0.752430000 -0.324424000 0.534743000 0.206514000
1403715370.76240 -2.270077000 -1.243253000 0.908152000 0.752609000 -0.323768000 0.533857000 0.209170000
1403715370.81240 -2.276086000 -1.268381000 0.908312000 0.753450000 -0.322833000 0.532138000 0.211948000
1403715370.86240 -2.283222000 -1.294126000 0.907814000 0.754584000 -0.322289000 0.529898000 0.214339000
1403715370.91240 -2.289608000 -1.319305000 0.906776000 0.755339000 -0.322358000 0.528252000 0.215634000
1403715370.96240 -2.296112000 -1.344399000 0.905446000 0.757032000 -0.323155000 0.525191000 0.215981000
1403715371.01240 -2.302387000 -1.369618000 0.903408000 0.759735000 -0.324734000 0.520590000 0.215261000
1403715371.06240 -2.308512000 -1.394952000 0.899694000 0.763522000 -0.326808000 0.514271000 0.213907000
1403715371.11240 -2.313650000 -1.420461000 0.895573000 0.767263000 -0.328427000 0.507982000 0.213064000
1403715371.16240 -2.317592000 -1.446536000 0.891678000 0.770367000 -0.329946000 0.502757000 0.211909000
1403715371.21240 -2.319746000 -1.472914000 0.887394000 0.772997000 -0.330763000 0.498328000 0.211519000
1403715371.26241 -2.320525000 -1.501184000 0.883825000 0.774412000 -0.331188000 0.495820000 0.211572000
1403715371.31241 -2.319436000 -1.530642000 0.880243000 0.774957000 -0.331014000 0.494901000 0.211999000
1403715371.36242 -2.316486000 -1.559679000 0.878032000 0.774959000 -0.331234000 0.494848000 0.211771000
1403715371.41242 -2.312965000 -1.590362000 0.875672000 0.774142000 -0.330390000 0.496339000 0.212590000
1403715371.46242 -2.307254000 -1.622581000 0.873184000 0.771034000 -0.330267000 0.501316000 0.212399000
1403715371.51242 -2.300235000 -1.655648000 0.870903000 0.766291000 -0.331062000 0.508568000 0.211079000
1403715371.56242 -2.292263000 -1.689314000 0.868605000 0.761464000 -0.332056000 0.516074000 0.208757000
1403715371.61242 -2.283793000 -1.723879000 0.865956000 0.757225000 -0.332786000 0.522582000 0.206814000
1403715371.66242 -2.275273000 -1.758966000 0.863084000 0.753251000 -0.334031000 0.528506000 0.204249000
1403715371.71242 -2.267059000 -1.794537000 0.859759000 0.750177000 -0.335780000 0.533101000 0.200724000
1403715371.76242 -2.259433000 -1.830893000 0.856312000 0.748402000 -0.336615000 0.535988000 0.198246000
1403715371.81242 -2.253067000 -1.867975000 0.852781000 0.747562000 -0.336364000 0.537532000 0.197660000
1403715371.86242 -2.247273000 -1.905702000 0.848646000 0.749777000 -0.334267000 0.535181000 0.199203000
1403715371.91242 -2.242234000 -1.943887000 0.844453000 0.752290000 -0.331176000 0.532353000 0.202442000
1403715371.96242 -2.236814000 -1.981183000 0.839757000 0.754713000 -0.327856000 0.529567000 0.206099000
1403715372.01242 -2.232118000 -2.019750000 0.835473000 0.756684000 -0.325781000 0.527300000 0.207967000
1403715372.06242 -2.227029000 -2.059134000 0.831763000 0.756857000 -0.323713000 0.527545000 0.209935000
1403715372.11242 -2.221745000 -2.098592000 0.828692000 0.756510000 -0.322638000 0.528439000 0.210593000
1403715372.16242 -2.216113000 -2.138256000 0.825836000 0.756154000 -0.321503000 0.529677000 0.210496000
1403715372.21242 -2.210308000 -2.177559000 0.824038000 0.755747000 -0.320127000 0.531959000 0.208290000
1403715372.26242 -2.204319000 -2.217073000 0.823073000 0.756608000 -0.316936000 0.533093000 0.207142000
1403715372.31242 -2.198118000 -2.256443000 0.822704000 0.757874000 -0.312883000 0.534552000 0.204903000
1403715372.36242 -2.191816000 -2.296005000 0.823249000 0.759744000 -0.307838000 0.535952000 0.201941000
1403715372.41242 -2.185772000 -2.335160000 0.824972000 0.761707000 -0.300902000 0.538053000 0.199400000
1403715372.46242 -2.180120000 -2.373951000 0.828226000 0.763604000 -0.295226000 0.539803000 0.195866000
1403715372.51242 -2.174529000 -2.412472000 0.832744000 0.765506000 -0.289603000 0.541021000 0.193458000
1403715372.56242 -2.169074000 -2.450527000 0.838372000 0.766578000 -0.284263000 0.543029000 0.191501000
1403715372.61242 -2.163579000 -2.488657000 0.844227000 0.767582000 -0.279941000 0.544627000 0.189294000
1403715372.66242 -2.157282000 -2.526937000 0.850287000 0.768611000 -0.276027000 0.545701000 0.187768000
1403715372.71242 -2.150966000 -2.564844000 0.856057000 0.769309000 -0.273460000 0.546738000 0.185638000
1403715372.76242 -2.144930000 -2.602130000 0.860996000 0.770311000 -0.270924000 0.546900000 0.184723000
1403715372.81242 -2.139017000 -2.639161000 0.865497000 0.770532000 -0.269262000 0.547840000 0.183441000
1403715372.86242 -2.133422000 -2.675925000 0.869799000 0.770795000 -0.268122000 0.548509000 0.181998000
1403715372.91242 -2.127559000 -2.712393000 0.873765000 0.770772000 -0.268214000 0.549229000 0.179778000
1403715372.96242 -2.121640000 -2.748632000 0.877351000 0.770340000 -0.268917000 0.550258000 0.177413000
1403715373.01242 -2.115634000 -2.784657000 0.881142000 0.770247000 -0.269842000 0.550636000 0.175231000
1403715373.06242 -2.109766000 -2.820649000 0.884573000 0.769865000 -0.270749000 0.551285000 0.173460000
1403715373.11242 -2.104539000 -2.857172000 0.887204000 0.769411000 -0.271753000 0.551838000 0.172142000
1403715373.16242 -2.099392000 -2.893195000 0.890033000 0.769120000 -0.272522000 0.552124000 0.171306000
1403715373.21242 -2.094689000 -2.929683000 0.892526000 0.768770000 -0.273193000 0.552349000 0.171081000
1403715373.26242 -2.090334000 -2.965894000 0.895249000 0.768930000 -0.273385000 0.551767000 0.171928000
1403715373.31242 -2.086134000 -3.002147000 0.898432000 0.769121000 -0.272040000 0.551141000 0.175187000
1403715373.36242 -2.082115000 -3.038163000 0.901375000 0.769014000 -0.271931000 0.550799000 0.176896000
1403715373.41242 -2.078191000 -3.073967000 0.904100000 0.768895000 -0.271936000 0.550554000 0.178161000
1403715373.46242 -2.074333000 -3.109497000 0.906586000 0.768796000 -0.271469000 0.550407000 0.179750000
1403715373.51242 -2.070351000 -3.144705000 0.908588000 0.769193000 -0.270276000 0.550220000 0.180419000
1403715373.56242 -2.066049000 -3.179812000 0.910366000 0.770109000 -0.266675000 0.550160000 0.182045000
1403715373.61242 -2.061786000 -3.214808000 0.911753000 0.772458000 -0.260779000 0.548957000 0.184253000
1403715373.66242 -2.056908000 -3.248684000 0.912978000 0.774740000 -0.253706000 0.548801000 0.185010000
1403715373.71242 -2.051694000 -3.281527000 0.914300000 0.777340000 -0.244654000 0.549109000 0.185384000
1403715373.76242 -2.046050000 -3.311981000 0.915590000 0.779967000 -0.235891000 0.549973000 0.183130000
1403715373.81242 -2.040018000 -3.342796000 0.916638000 0.782363000 -0.227323000 0.551804000 0.178172000
1403715373.86242 -2.032434000 -3.370717000 0.917570000 0.785040000 -0.218772000 0.553758000 0.170891000
1403715373.91242 -2.024230000 -3.397283000 0.918770000 0.787670000 -0.209828000 0.556016000 0.162461000
1403715373.96242 -2.015548000 -3.422458000 0.920022000 0.790074000 -0.200579000 0.558674000 0.153086000
1403715374.01242 -2.006519000 -3.445918000 0.920570000 0.792799000 -0.190190000 0.560825000 0.144132000
1403715374.06242 -1.997483000 -3.468039000 0.920798000 0.795377000 -0.179572000 0.563043000 0.134579000
1403715374.11242 -1.986912000 -3.489203000 0.920346000 0.798107000 -0.168426000 0.564823000 0.125036000
1403715374.16242 -1.977091000 -3.508691000 0.919684000 0.800834000 -0.156498000 0.566137000 0.116887000
1403715374.21242 -1.966411000 -3.527820000 0.918379000 0.803135000 -0.145007000 0.567773000 0.107616000
1403715374.26242 -1.956107000 -3.546137000 0.917440000 0.805275000 -0.133397000 0.569216000 0.098645000
1403715374.31242 -1.947229000 -3.566380000 0.919934000 0.807927000 -0.122599000 0.569477000 0.088986000
1403715374.36242 -1.937031000 -3.583482000 0.919966000 0.810437000 -0.111499000 0.569347000 0.081270000
1403715374.41242 -1.927552000 -3.601274000 0.922302000 0.813183000 -0.101825000 0.568181000 0.074401000
1403715374.46242 -1.917547000 -3.617910000 0.923295000 0.815731000 -0.093592000 0.566666000 0.068650000
1403715374.51242 -1.907158000 -3.634132000 0.923783000 0.819289000 -0.087012000 0.563101000 0.064116000
1403715374.56242 -1.896473000 -3.650250000 0.924787000 0.821866000 -0.081917000 0.560524000 0.060325000
1403715374.61242 -1.886773000 -3.666041000 0.926959000 0.824539000 -0.077637000 0.557464000 0.057819000
1403715374.66242 -1.874927000 -3.681479000 0.927766000 0.826324000 -0.075221000 0.555389000 0.055434000
1403715374.71242 -1.861334000 -3.695830000 0.929127000 0.827988000 -0.073028000 0.553280000 0.054623000
1403715374.76243 -1.846763000 -3.710142000 0.930111000 0.828836000 -0.071614000 0.552209000 0.054471000
1403715374.81243 -1.831031000 -3.724434000 0.930764000 0.829240000 -0.070680000 0.551685000 0.054860000
1403715374.86243 -1.814113000 -3.738655000 0.931182000 0.829294000 -0.070683000 0.551573000 0.055162000
1403715374.91243 -1.796152000 -3.752545000 0.931817000 0.828791000 -0.070196000 0.552207000 0.056958000
1403715374.96242 -1.776714000 -3.765321000 0.932858000 0.826400000 -0.070071000 0.555624000 0.058614000
1403715375.01242 -1.756323000 -3.777261000 0.933406000 0.824134000 -0.070571000 0.558756000 0.060123000
1403715375.06242 -1.734810000 -3.788520000 0.934285000 0.821939000 -0.070525000 0.561688000 0.062849000
1403715375.11242 -1.713093000 -3.798567000 0.934036000 0.820428000 -0.071572000 0.563565000 0.064579000
1403715375.16242 -1.690346000 -3.807753000 0.934330000 0.818892000 -0.073164000 0.565434000 0.065933000
1403715375.21242 -1.666876000 -3.815592000 0.934276000 0.817541000 -0.075182000 0.566973000 0.067191000
1403715375.26242 -1.643464000 -3.822307000 0.933967000 0.816990000 -0.077893000 0.567372000 0.067442000
1403715375.31242 -1.619715000 -3.827917000 0.933544000 0.816543000 -0.080309000 0.567545000 0.068564000
1403715375.36242 -1.595975000 -3.832767000 0.932975000 0.815661000 -0.084212000 0.568382000 0.067430000
1403715375.41242 -1.571559000 -3.837167000 0.932151000 0.816258000 -0.085944000 0.566986000 0.069733000
1403715375.46242 -1.546664000 -3.840575000 0.931274000 0.815600000 -0.089186000 0.567483000 0.069320000
1403715375.51242 -1.521604000 -3.843405000 0.929983000 0.815632000 -0.091660000 0.567002000 0.069652000
1403715375.56242 -1.496446000 -3.845584000 0.928168000 0.815509000 -0.095080000 0.566719000 0.068813000
1403715375.61242 -1.471138000 -3.847097000 0.926281000 0.815220000 -0.097741000 0.566698000 0.068673000
1403715375.66242 -1.445251000 -3.848652000 0.924036000 0.814603000 -0.099959000 0.567162000 0.068974000
1403715375.71242 -1.418916000 -3.849831000 0.921462000 0.813713000 -0.101097000 0.568057000 0.070436000
1403715375.76242 -1.391891000 -3.850478000 0.918206000 0.812865000 -0.102311000 0.568982000 0.071011000
1403715375.81242 -1.364614000 -3.851036000 0.914813000 0.812172000 -0.103168000 0.569699000 0.071952000
1403715375.86242 -1.337497000 -3.851551000 0.911516000 0.811032000 -0.102696000 0.571130000 0.074102000
1403715375.91242 -1.310127000 -3.851691000 0.908131000 0.810751000 -0.101628000 0.571371000 0.076747000
1403715375.96242 -1.282896000 -3.851067000 0.905315000 0.809742000 -0.101124000 0.572687000 0.078239000
1403715376.01242 -1.256068000 -3.849811000 0.902313000 0.809125000 -0.100026000 0.573534000 0.079818000
1403715376.06242 -1.229719000 -3.847647000 0.898505000 0.808508000 -0.100627000 0.574426000 0.078894000
1403715376.11242 -1.203942000 -3.844338000 0.894054000 0.808004000 -0.101500000 0.575269000 0.076756000
1403715376.16242 -1.178280000 -3.840711000 0.889771000 0.807353000 -0.102706000 0.576368000 0.073700000
1403715376.21242 -1.152768000 -3.836918000 0.885130000 0.806610000 -0.104311000 0.577508000 0.070597000
1403715376.26242 -1.127843000 -3.832676000 0.879893000 0.805996000 -0.105500000 0.578488000 0.067771000
1403715376.31242 -1.103192000 -3.827948000 0.876731000 0.802516000 -0.104830000 0.583439000 0.067658000
1403715376.36242 -1.079072000 -3.823445000 0.873608000 0.797625000 -0.104148000 0.590228000 0.067666000
1403715376.41242 -1.056030000 -3.818582000 0.870085000 0.794126000 -0.101509000 0.595092000 0.070185000
1403715376.46242 -1.034772000 -3.813387000 0.865203000 0.794436000 -0.098677000 0.594774000 0.073332000
1403715376.51242 -1.014964000 -3.807528000 0.859402000 0.796876000 -0.096225000 0.591629000 0.075536000
1403715376.56243 -0.996234000 -3.801270000 0.853070000 0.800037000 -0.094219000 0.587536000 0.076580000
1403715376.61243 -0.978602000 -3.793950000 0.847219000 0.802768000 -0.092584000 0.583983000 0.077175000
1403715376.66243 -0.961991000 -3.785717000 0.840602000 0.805459000 -0.091296000 0.580517000 0.076818000
1403715376.71242 -0.945839000 -3.776744000 0.832823000 0.806209000 -0.089965000 0.579763000 0.076207000
1403715376.76242 -0.930063000 -3.767276000 0.826422000 0.806864000 -0.088205000 0.579076000 0.076556000
1403715376.81242 -0.914779000 -3.757088000 0.820383000 0.805979000 -0.086659000 0.580555000 0.076451000
1403715376.86242 -0.899922000 -3.746142000 0.815419000 0.804074000 -0.085556000 0.583504000 0.075291000
1403715376.91242 -0.885787000 -3.734124000 0.811339000 0.800384000 -0.084063000 0.588882000 0.074409000
1403715376.96242 -0.872472000 -3.721027000 0.808051000 0.795862000 -0.081520000 0.595269000 0.074920000
1403715377.01242 -0.860499000 -3.707087000 0.804207000 0.792942000 -0.080915000 0.599560000 0.072277000
1403715377.06242 -0.850094000 -3.691750000 0.799633000 0.793114000 -0.078988000 0.599701000 0.071349000
1403715377.11242 -0.841224000 -3.675377000 0.794194000 0.796351000 -0.077417000 0.595688000 0.070622000
1403715377.16242 -0.833569000 -3.658181000 0.789124000 0.799543000 -0.075094000 0.591666000 0.070868000
1403715377.21242 -0.826874000 -3.639816000 0.784045000 0.802463000 -0.073192000 0.587947000 0.070816000
1403715377.26242 -0.820985000 -3.620403000 0.779191000 0.804435000 -0.071774000 0.585548000 0.069763000
1403715377.31242 -0.815898000 -3.599842000 0.774991000 0.805511000 -0.071348000 0.584367000 0.067660000
1403715377.36242 -0.811745000 -3.578356000 0.771160000 0.805557000 -0.070717000 0.584543000 0.066232000
1403715377.41242 -0.808043000 -3.555965000 0.767794000 0.804467000 -0.070572000 0.586338000 0.063715000
1403715377.46242 -0.805226000 -3.532990000 0.764275000 0.803515000 -0.069784000 0.587824000 0.062899000
1403715377.51242 -0.803192000 -3.509389000 0.760708000 0.802996000 -0.069220000 0.588727000 0.061697000
1403715377.56242 -0.801931000 -3.484977000 0.756922000 0.802877000 -0.069326000 0.589044000 0.060084000
1403715377.61242 -0.801594000 -3.460102000 0.753036000 0.803303000 -0.069115000 0.588548000 0.059484000
1403715377.66242 -0.802007000 -3.434589000 0.748781000 0.804672000 -0.068989000 0.586760000 0.058782000
1403715377.71242 -0.803258000 -3.408743000 0.744230000 0.806115000 -0.069234000 0.584831000 0.057950000
1403715377.76242 -0.804312000 -3.382256000 0.740399000 0.806589000 -0.069251000 0.584183000 0.057877000
1403715377.81242 -0.806409000 -3.354864000 0.736485000 0.807188000 -0.069437000 0.583367000 0.057523000
1403715377.86242 -0.808668000 -3.326968000 0.732567000 0.807729000 -0.069737000 0.582615000 0.057182000
1403715377.91242 -0.811680000 -3.298293000 0.728287000 0.807929000 -0.069772000 0.582351000 0.057007000
1403715377.96242 -0.814501000 -3.269354000 0.724026000 0.807851000 -0.069981000 0.582488000 0.056449000
1403715378.01242 -0.818223000 -3.239815000 0.719607000 0.807792000 -0.071294000 0.582599000 0.054481000
1403715378.06242 -0.822237000 -3.209525000 0.714992000 0.807098000 -0.072957000 0.583637000 0.051359000
1403715378.11242 -0.826932000 -3.179109000 0.710242000 0.806770000 -0.074395000 0.584151000 0.048530000
1403715378.16242 -0.832038000 -3.148602000 0.705162000 0.806065000 -0.075786000 0.585201000 0.045348000
1403715378.21242 -0.837503000 -3.118300000 0.700415000 0.805308000 -0.077655000 0.586238000 0.042115000
1403715378.26242 -0.843333000 -3.088622000 0.695531000 0.806292000 -0.079325000 0.584882000 0.038913000
1403715378.31242 -0.850091000 -3.059308000 0.690209000 0.807466000 -0.081484000 0.583194000 0.035275000
1403715378.36242 -0.857068000 -3.031054000 0.684733000 0.809394000 -0.083391000 0.580425000 0.032171000
1403715378.41242 -0.865156000 -3.003644000 0.679169000 0.812000000 -0.084317000 0.576725000 0.030596000
1403715378.46242 -0.873484000 -2.977399000 0.674077000 0.813967000 -0.084071000 0.573937000 0.031397000
1403715378.51242 -0.881610000 -2.952231000 0.669661000 0.815965000 -0.082524000 0.571187000 0.033709000
1403715378.56242 -0.890321000 -2.927672000 0.665859000 0.817286000 -0.080251000 0.569397000 0.037284000
1403715378.61242 -0.898613000 -2.903849000 0.662800000 0.818230000 -0.079213000 0.568065000 0.039067000
1403715378.66242 -0.906525000 -2.880323000 0.660514000 0.819646000 -0.078061000 0.566049000 0.040947000
1403715378.71242 -0.913939000 -2.857414000 0.659294000 0.821047000 -0.077239000 0.564029000 0.042276000
1403715378.76242 -0.920724000 -2.835350000 0.658451000 0.822581000 -0.076961000 0.561787000 0.042817000
1403715378.81242 -0.926949000 -2.813841000 0.657721000 0.824574000 -0.077062000 0.558853000 0.042696000
1403715378.86242 -0.932570000 -2.792751000 0.657175000 0.826086000 -0.077464000 0.556603000 0.042131000
1403715378.91242 -0.936831000 -2.772271000 0.657090000 0.827154000 -0.077779000 0.555016000 0.041523000
1403715378.96241 -0.939833000 -2.752254000 0.657387000 0.827700000 -0.078243000 0.554165000 0.041137000
1403715379.01241 -0.941646000 -2.732907000 0.658570000 0.827600000 -0.078620000 0.554291000 0.040717000
1403715379.06241 -0.942272000 -2.714256000 0.660321000 0.827339000 -0.078054000 0.554663000 0.042030000
1403715379.11241 -0.941832000 -2.696024000 0.662546000 0.826485000 -0.076824000 0.555993000 0.043501000
1403715379.16241 -0.940831000 -2.678330000 0.665325000 0.824740000 -0.074346000 0.558587000 0.047505000
1403715379.21241 -0.938052000 -2.660727000 0.667287000 0.823670000 -0.072179000 0.560116000 0.051273000
1403715379.26241 -0.934840000 -2.643096000 0.669472000 0.822891000 -0.069934000 0.561216000 0.054730000
1403715379.31241 -0.931187000 -2.625383000 0.672508000 0.822424000 -0.068202000 0.561814000 0.057723000
1403715379.36241 -0.926438000 -2.607411000 0.675892000 0.821822000 -0.066320000 0.562642000 0.060373000
1403715379.41240 -0.921070000 -2.588790000 0.679522000 0.821756000 -0.065058000 0.562640000 0.062624000
1403715379.46240 -0.915037000 -2.569462000 0.683018000 0.822378000 -0.064042000 0.561659000 0.064281000
1403715379.51240 -0.908002000 -2.549484000 0.686798000 0.822944000 -0.063220000 0.560742000 0.065843000
1403715379.56239 -0.900265000 -2.528544000 0.690689000 0.823749000 -0.063539000 0.559541000 0.065682000
1403715379.61239 -0.891563000 -2.506985000 0.694749000 0.824520000 -0.062932000 0.558385000 0.066430000
1403715379.66239 -0.881996000 -2.484608000 0.698510000 0.825987000 -0.062976000 0.556167000 0.066772000
1403715379.71239 -0.870137000 -2.461103000 0.703366000 0.825948000 -0.062296000 0.556169000 0.067861000
1403715379.76239 -0.858111000 -2.436561000 0.708062000 0.825822000 -0.062184000 0.556315000 0.068305000
1403715379.81240 -0.845617000 -2.411170000 0.713107000 0.824267000 -0.061496000 0.558620000 0.068897000
1403715379.86240 -0.831962000 -2.385026000 0.718259000 0.822235000 -0.060321000 0.561559000 0.070305000
1403715379.91240 -0.817293000 -2.357909000 0.723417000 0.819738000 -0.059370000 0.565184000 0.071222000
1403715379.96240 -0.802220000 -2.330113000 0.728192000 0.817827000 -0.058900000 0.567891000 0.072038000
1403715380.01240 -0.786921000 -2.301168000 0.732511000 0.816567000 -0.058078000 0.569587000 0.073590000
1403715380.06240 -0.771341000 -2.270982000 0.736744000 0.814719000 -0.058931000 0.572233000 0.072863000
1403715380.11240 -0.755901000 -2.239580000 0.740395000 0.813216000 -0.061809000 0.574492000 0.069407000
1403715380.16240 -0.740782000 -2.207181000 0.743987000 0.811639000 -0.065647000 0.576885000 0.064319000
1403715380.21240 -0.726006000 -2.174231000 0.747655000 0.810635000 -0.067899000 0.578367000 0.061262000
1403715380.26240 -0.711653000 -2.140924000 0.750876000 0.810339000 -0.070569000 0.578839000 0.057584000
1403715380.31240 -0.697903000 -2.107480000 0.753713000 0.810578000 -0.072700000 0.578491000 0.055016000
1403715380.36240 -0.684426000 -2.074061000 0.756380000 0.811200000 -0.074707000 0.577471000 0.053866000
1403715380.41240 -0.670824000 -2.040946000 0.759072000 0.812301000 -0.075536000 0.575799000 0.054003000
1403715380.46239 -0.657002000 -2.007935000 0.762013000 0.812541000 -0.074940000 0.575402000 0.055450000
1403715380.51239 -0.643450000 -1.975182000 0.764769000 0.812474000 -0.074073000 0.575468000 0.056884000
1403715380.56239 -0.630917000 -1.942040000 0.767676000 0.812596000 -0.072951000 0.575318000 0.058086000
1403715380.61239 -0.618727000 -1.908521000 0.770858000 0.812874000 -0.071960000 0.574998000 0.058605000
1403715380.66239 -0.606542000 -1.874675000 0.774387000 0.812913000 -0.071426000 0.575002000 0.058683000
1403715380.71239 -0.594457000 -1.840660000 0.777750000 0.812577000 -0.070973000 0.575558000 0.058434000
1403715380.76239 -0.582412000 -1.806066000 0.781264000 0.812210000 -0.070373000 0.576118000 0.058746000
1403715380.81239 -0.570557000 -1.771523000 0.784439000 0.811755000 -0.069945000 0.576829000 0.058568000
1403715380.86239 -0.559059000 -1.736700000 0.787013000 0.811210000 -0.069462000 0.577634000 0.058762000
1403715380.91240 -0.547825000 -1.701710000 0.789288000 0.811044000 -0.068924000 0.577865000 0.059400000
1403715380.96240 -0.536827000 -1.666213000 0.791749000 0.810692000 -0.068401000 0.578368000 0.059915000
1403715381.01239 -0.526167000 -1.630604000 0.794093000 0.810777000 -0.067643000 0.578226000 0.060986000
1403715381.06239 -0.515851000 -1.594661000 0.796547000 0.810181000 -0.068066000 0.578948000 0.061592000
1403715381.11239 -0.505103000 -1.557191000 0.800070000 0.810156000 -0.069846000 0.578880000 0.060556000
1403715381.16239 -0.495340000 -1.520640000 0.802342000 0.809541000 -0.072213000 0.579607000 0.059033000
1403715381.21239 -0.486141000 -1.483553000 0.804580000 0.808859000 -0.074373000 0.580404000 0.057850000
1403715381.26239 -0.477238000 -1.446741000 0.806288000 0.808063000 -0.076675000 0.581306000 0.056904000
1403715381.31239 -0.469144000 -1.410452000 0.807977000 0.807362000 -0.078416000 0.582088000 0.056493000
1403715381.36239 -0.461326000 -1.374512000 0.809090000 0.807038000 -0.081191000 0.582261000 0.055404000
1403715381.41239 -0.454187000 -1.339266000 0.810441000 0.806119000 -0.083924000 0.583205000 0.054769000
1403715381.46239 -0.447534000 -1.304693000 0.811251000 0.805408000 -0.085975000 0.583853000 0.055157000
1403715381.51239 -0.441545000 -1.270452000 0.812017000 0.803481000 -0.087627000 0.586185000 0.055923000
1403715381.56239 -0.436747000 -1.236554000 0.811965000 0.803149000 -0.086914000 0.586420000 0.059240000
1403715381.61239 -0.432623000 -1.202983000 0.811095000 0.803331000 -0.086573000 0.585954000 0.061829000
1403715381.66239 -0.429365000 -1.169523000 0.809415000 0.804781000 -0.085809000 0.583753000 0.064787000
1403715381.71239 -0.427977000 -1.136790000 0.805726000 0.807228000 -0.084867000 0.580222000 0.067257000
1403715381.76240 -0.426009000 -1.103757000 0.802714000 0.809990000 -0.083919000 0.576255000 0.069311000
1403715381.81240 -0.424260000 -1.070307000 0.799939000 0.812845000 -0.083112000 0.572153000 0.070827000
1403715381.86240 -0.421926000 -1.036582000 0.795913000 0.816135000 -0.082827000 0.567297000 0.072376000
1403715381.91240 -0.419330000 -1.002752000 0.792376000 0.818854000 -0.083881000 0.562910000 0.074668000
1403715381.96240 -0.416129000 -0.968651000 0.789230000 0.820792000 -0.086340000 0.559194000 0.078413000
1403715382.01240 -0.412389000 -0.934112000 0.786627000 0.821542000 -0.091385000 0.556871000 0.081317000
1403715382.06240 -0.407500000 -0.899783000 0.784497000 0.821939000 -0.097634000 0.554647000 0.085153000
1403715382.11240 -0.401609000 -0.865253000 0.782733000 0.821393000 -0.105627000 0.553503000 0.088268000
1403715382.16240 -0.394993000 -0.830788000 0.781438000 0.820283000 -0.114621000 0.552821000 0.091578000
1403715382.21240 -0.387448000 -0.796609000 0.781106000 0.818671000 -0.124615000 0.552472000 0.094988000
1403715382.26240 -0.379032000 -0.762709000 0.781170000 0.816861000 -0.134241000 0.552023000 0.099942000
1403715382.31241 -0.370119000 -0.729315000 0.781861000 0.814719000 -0.144582000 0.551686000 0.104747000
1403715382.36241 -0.360015000 -0.695871000 0.781678000 0.812426000 -0.154568000 0.551201000 0.110680000
1403715382.41241 -0.349111000 -0.662944000 0.781629000 0.809475000 -0.164781000 0.551248000 0.117148000
1403715382.46241 -0.336979000 -0.630981000 0.781445000 0.807573000 -0.174481000 0.549845000 0.122691000
1403715382.51241 -0.324115000 -0.598281000 0.781011000 0.805311000 -0.183395000 0.549172000 0.127479000
1403715382.56241 -0.310293000 -0.565762000 0.780776000 0.803542000 -0.191512000 0.547994000 0.131707000
1403715382.61241 -0.295926000 -0.533877000 0.780297000 0.801540000 -0.199772000 0.547189000 0.134939000
1403715382.66241 -0.280697000 -0.502486000 0.779601000 0.799940000 -0.207432000 0.545518000 0.139562000
1403715382.71241 -0.264712000 -0.471661000 0.779060000 0.797796000 -0.215836000 0.544422000 0.143321000
1403715382.76241 -0.247928000 -0.441365000 0.778271000 0.796581000 -0.223154000 0.541793000 0.148732000
1403715382.81241 -0.230519000 -0.411617000 0.777073000 0.794259000 -0.230174000 0.540671000 0.154424000
1403715382.86241 -0.212997000 -0.382418000 0.775540000 0.792192000 -0.237819000 0.538932000 0.159457000
1403715382.91241 -0.194095000 -0.354570000 0.773389000 0.790004000 -0.245002000 0.537329000 0.164755000
1403715382.96241 -0.174895000 -0.326850000 0.771379000 0.787989000 -0.252825000 0.535399000 0.168818000
1403715383.01241 -0.154935000 -0.299942000 0.769247000 0.785596000 -0.260688000 0.533967000 0.172512000
1403715383.06241 -0.133785000 -0.274968000 0.765885000 0.783688000 -0.268359000 0.532352000 0.174408000
1403715383.11241 -0.112130000 -0.249390000 0.763097000 0.781891000 -0.275121000 0.531322000 0.175077000
1403715383.16241 -0.089370000 -0.225246000 0.759209000 0.780637000 -0.280091000 0.530368000 0.175684000
1403715383.21241 -0.065876000 -0.201327000 0.755991000 0.779904000 -0.285224000 0.528966000 0.174907000
1403715383.26241 -0.041231000 -0.178751000 0.752531000 0.779439000 -0.287504000 0.528004000 0.176149000
1403715383.31241 -0.016105000 -0.157352000 0.749185000 0.778774000 -0.290379000 0.527642000 0.175457000
1403715383.36241 0.009665000 -0.137344000 0.746152000 0.777778000 -0.292679000 0.528198000 0.174378000
1403715383.41241 0.035817000 -0.118730000 0.743065000 0.776930000 -0.293491000 0.528954000 0.174501000
1403715383.46241 0.062229000 -0.101770000 0.740916000 0.775637000 -0.294604000 0.530290000 0.174321000
1403715383.51241 0.089535000 -0.086203000 0.738882000 0.773059000 -0.296260000 0.532811000 0.175278000
1403715383.56241 0.116724000 -0.072055000 0.736878000 0.770457000 -0.297835000 0.534785000 0.178030000
1403715383.61240 0.143884000 -0.059147000 0.734255000 0.767084000 -0.299994000 0.536953000 0.182391000
1403715383.66240 0.170809000 -0.047874000 0.730812000 0.764155000 -0.304123000 0.537326000 0.186699000
1403715383.71240 0.196770000 -0.038139000 0.727117000 0.761038000 -0.309390000 0.536993000 0.191669000
1403715383.76240 0.222337000 -0.029058000 0.723100000 0.757185000 -0.316028000 0.536486000 0.197432000
1403715383.81240 0.247647000 -0.020692000 0.718924000 0.753029000 -0.324057000 0.535316000 0.203399000
1403715383.86240 0.272585000 -0.012936000 0.714637000 0.749098000 -0.332977000 0.532804000 0.209996000
1403715383.91241 0.296476000 -0.006029000 0.709871000 0.744216000 -0.342976000 0.530465000 0.217063000
1403715383.96241 0.319917000 0.000273000 0.705283000 0.739580000 -0.353126000 0.526709000 0.225612000
1403715384.01241 0.343095000 0.006149000 0.701221000 0.733944000 -0.364167000 0.523688000 0.233367000
1403715384.06241 0.365214000 0.011550000 0.697216000 0.728737000 -0.375324000 0.519514000 0.241203000
1403715384.11241 0.386399000 0.016637000 0.693786000 0.722809000 -0.386629000 0.515737000 0.249159000
1403715384.16241 0.406832000 0.021224000 0.690706000 0.716678000 -0.397658000 0.512130000 0.256836000
1403715384.21241 0.426875000 0.025349000 0.687937000 0.710755000 -0.408908000 0.508009000 0.263723000
1403715384.26241 0.446471000 0.029045000 0.685794000 0.704127000 -0.419995000 0.504675000 0.270394000
1403715384.31241 0.465538000 0.032201000 0.683943000 0.697303000 -0.431291000 0.501366000 0.276385000
1403715384.36242 0.483356000 0.035785000 0.682898000 0.690259000 -0.442131000 0.498028000 0.282896000
1403715384.41242 0.500832000 0.038032000 0.681490000 0.683560000 -0.452403000 0.494315000 0.289361000
1403715384.46242 0.517207000 0.040489000 0.680374000 0.676886000 -0.463254000 0.490263000 0.294726000
1403715384.51242 0.532343000 0.042438000 0.679604000 0.670592000 -0.473967000 0.485843000 0.299362000
1403715384.56242 0.546771000 0.043466000 0.678911000 0.665452000 -0.484070000 0.479782000 0.304399000
1403715384.61242 0.560425000 0.043596000 0.678823000 0.659532000 -0.494399000 0.474588000 0.308793000
1403715384.66242 0.572918000 0.043288000 0.678804000 0.654072000 -0.504273000 0.468585000 0.313572000
1403715384.71242 0.584269000 0.041832000 0.679989000 0.649262000 -0.513033000 0.461832000 0.319322000
1403715384.76242 0.595215000 0.039563000 0.680946000 0.643032000 -0.521911000 0.457154000 0.324236000
1403715384.81242 0.605065000 0.036360000 0.681867000 0.637286000 -0.530361000 0.451851000 0.329263000
1403715384.86242 0.614042000 0.032471000 0.683493000 0.631701000 -0.538606000 0.446617000 0.333752000
1403715384.91242 0.622485000 0.027283000 0.684873000 0.625588000 -0.545621000 0.443306000 0.338256000
1403715384.96242 0.630442000 0.021504000 0.687893000 0.620042000 -0.550594000 0.441578000 0.342641000
1403715385.01242 0.637744000 0.014032000 0.691123000 0.616002000 -0.553871000 0.439307000 0.347530000
1403715385.06242 0.644172000 0.005036000 0.693870000 0.613138000 -0.556250000 0.436369000 0.352461000
1403715385.11242 0.649817000 -0.004834000 0.696744000 0.610666000 -0.558058000 0.432891000 0.358139000
1403715385.16242 0.654787000 -0.015234000 0.699474000 0.607902000 -0.560249000 0.429194000 0.363826000
1403715385.21243 0.659216000 -0.026076000 0.702031000 0.605043000 -0.562617000 0.425371000 0.369384000
1403715385.26243 0.663450000 -0.037638000 0.703640000 0.602618000 -0.564598000 0.422066000 0.374085000
1403715385.31243 0.667648000 -0.050177000 0.704918000 0.600658000 -0.566949000 0.419051000 0.377061000
1403715385.36243 0.672318000 -0.063284000 0.707001000 0.598460000 -0.568898000 0.417680000 0.379136000
1403715385.41243 0.676829000 -0.076870000 0.709306000 0.597372000 -0.570697000 0.415653000 0.380374000
1403715385.46243 0.681195000 -0.089826000 0.711987000 0.595094000 -0.572385000 0.416179000 0.380833000
1403715385.51243 0.685610000 -0.104237000 0.715399000 0.592459000 -0.573514000 0.418455000 0.380749000
1403715385.56243 0.689507000 -0.118717000 0.719329000 0.589337000 -0.575448000 0.421710000 0.379080000
1403715385.61243 0.693270000 -0.134064000 0.724063000 0.586051000 -0.577457000 0.426106000 0.376194000
1403715385.66243 0.696358000 -0.149631000 0.728399000 0.584047000 -0.579968000 0.428908000 0.372242000
1403715385.71243 0.698171000 -0.165769000 0.732870000 0.582397000 -0.581286000 0.431743000 0.369484000
1403715385.76243 0.698753000 -0.182350000 0.737487000 0.581430000 -0.581245000 0.434018000 0.368403000
1403715385.81243 0.697741000 -0.198801000 0.743694000 0.579907000 -0.580908000 0.437030000 0.367774000
1403715385.86243 0.695059000 -0.215556000 0.750518000 0.579045000 -0.579589000 0.439304000 0.368505000
1403715385.91243 0.690767000 -0.232496000 0.757918000 0.578372000 -0.577122000 0.441276000 0.371068000
1403715385.96242 0.684750000 -0.249585000 0.765564000 0.578755000 -0.572858000 0.441753000 0.376471000
1403715386.01242 0.677502000 -0.266260000 0.772783000 0.579892000 -0.568523000 0.440884000 0.382267000
1403715386.06242 0.669308000 -0.282236000 0.779893000 0.581447000 -0.565333000 0.439190000 0.386562000
1403715386.11242 0.660462000 -0.297425000 0.786433000 0.582752000 -0.562892000 0.437691000 0.389845000
1403715386.16242 0.650786000 -0.311534000 0.792802000 0.584182000 -0.561662000 0.435605000 0.391811000
1403715386.21242 0.640739000 -0.324600000 0.798352000 0.585699000 -0.561145000 0.433210000 0.392940000
1403715386.26242 0.630532000 -0.337265000 0.802795000 0.586616000 -0.561645000 0.431413000 0.392836000
1403715386.31242 0.620313000 -0.349101000 0.806661000 0.586441000 -0.562735000 0.430913000 0.392084000
1403715386.36242 0.609705000 -0.360553000 0.809662000 0.585679000 -0.562762000 0.431500000 0.392539000
1403715386.41242 0.599015000 -0.371471000 0.812056000 0.584273000 -0.562525000 0.432753000 0.393594000
1403715386.46242 0.588304000 -0.381660000 0.813799000 0.582719000 -0.562308000 0.434132000 0.394687000
1403715386.51242 0.577453000 -0.390869000 0.814960000 0.580891000 -0.562072000 0.436102000 0.395545000
1403715386.56242 0.566524000 -0.399001000 0.815434000 0.578664000 -0.562926000 0.438772000 0.394642000
1403715386.61242 0.555210000 -0.405713000 0.815095000 0.577329000 -0.563608000 0.440351000 0.393863000
1403715386.66242 0.543046000 -0.410480000 0.814302000 0.574471000 -0.565027000 0.443941000 0.391975000
1403715386.71242 0.530246000 -0.414597000 0.813101000 0.572865000 -0.566370000 0.446286000 0.389718000
1403715386.76242 0.516200000 -0.416008000 0.811149000 0.571869000 -0.568466000 0.447545000 0.386672000
1403715386.81242 0.501228000 -0.417405000 0.808034000 0.571962000 -0.572603000 0.447599000 0.380317000
1403715386.86242 0.484430000 -0.417908000 0.805010000 0.571801000 -0.576363000 0.448353000 0.373937000
1403715386.91242 0.465574000 -0.417513000 0.801997000 0.571690000 -0.579995000 0.448572000 0.368183000
1403715386.96242 0.444857000 -0.416813000 0.798811000 0.571919000 -0.582639000 0.448472000 0.363748000
1403715387.01242 0.421911000 -0.416040000 0.795221000 0.572401000 -0.584517000 0.447908000 0.360661000
1403715387.06242 0.396626000 -0.415384000 0.791397000 0.573648000 -0.584898000 0.446414000 0.359912000
1403715387.11242 0.369399000 -0.415313000 0.787537000 0.575754000 -0.583404000 0.444178000 0.361736000
1403715387.16242 0.340373000 -0.415363000 0.783316000 0.578449000 -0.581371000 0.440957000 0.364638000
1403715387.21242 0.310071000 -0.415580000 0.779032000 0.581556000 -0.578180000 0.437773000 0.368586000
1403715387.26242 0.278339000 -0.416397000 0.774306000 0.583927000 -0.575945000 0.435449000 0.371081000
1403715387.31242 0.245698000 -0.417375000 0.769310000 0.585750000 -0.573437000 0.433883000 0.373915000
1403715387.36242 0.212512000 -0.418912000 0.763889000 0.587254000 -0.571397000 0.432925000 0.375785000
1403715387.41242 0.178674000 -0.419960000 0.758349000 0.588869000 -0.569570000 0.431719000 0.377415000
1403715387.46242 0.144434000 -0.421224000 0.752623000 0.590372000 -0.568399000 0.430742000 0.377948000
1403715387.51242 0.109710000 -0.422505000 0.747186000 0.592878000 -0.568080000 0.428473000 0.377082000
1403715387.56242 0.074692000 -0.423799000 0.742984000 0.594867000 -0.568282000 0.426763000 0.375582000
1403715387.61242 0.039405000 -0.424984000 0.740901000 0.596591000 -0.569604000 0.425467000 0.372301000
1403715387.66242 0.003912000 -0.426645000 0.741651000 0.598523000 -0.570529000 0.423878000 0.369587000
1403715387.71242 -0.031531000 -0.429151000 0.745469000 0.600694000 -0.570433000 0.422593000 0.367680000
1403715387.76242 -0.067159000 -0.432683000 0.752556000 0.602612000 -0.570478000 0.421742000 0.365442000
1403715387.81242 -0.103271000 -0.437034000 0.762304000 0.604118000 -0.570054000 0.421516000 0.363873000
1403715387.86242 -0.139820000 -0.441619000 0.773302000 0.605401000 -0.570026000 0.421383000 0.361935000
1403715387.91242 -0.176299000 -0.448435000 0.783759000 0.606416000 -0.569657000 0.421752000 0.360383000
1403715387.96242 -0.213449000 -0.455330000 0.791374000 0.607320000 -0.569029000 0.422073000 0.359476000
1403715388.01242 -0.250733000 -0.463588000 0.795885000 0.607564000 -0.568419000 0.423074000 0.358851000
1403715388.06242 -0.288145000 -0.473487000 0.797453000 0.608437000 -0.567058000 0.423369000 0.359177000
1403715388.11242 -0.325929000 -0.483015000 0.795579000 0.608420000 -0.565862000 0.424434000 0.359836000
1403715388.16242 -0.363547000 -0.494166000 0.790368000 0.608414000 -0.564455000 0.425674000 0.360589000
1403715388.21242 -0.401013000 -0.506332000 0.782188000 0.608069000 -0.562395000 0.427210000 0.362568000
1403715388.26241 -0.438322000 -0.519221000 0.771757000 0.607449000 -0.560188000 0.429007000 0.364894000
1403715388.31241 -0.475740000 -0.532857000 0.760038000 0.607181000 -0.558075000 0.430323000 0.367022000
1403715388.36241 -0.513493000 -0.546781000 0.747558000 0.606992000 -0.556045000 0.431152000 0.369436000
1403715388.41241 -0.551111000 -0.560903000 0.734599000 0.606854000 -0.554944000 0.431976000 0.370353000
1403715388.46241 -0.588608000 -0.575384000 0.722085000 0.607043000 -0.553606000 0.431862000 0.372175000
1403715388.51241 -0.626325000 -0.589852000 0.708987000 0.607189000 -0.553332000 0.431707000 0.372524000
1403715388.56242 -0.663643000 -0.604884000 0.696055000 0.606654000 -0.553183000 0.432805000 0.372343000
1403715388.61242 -0.701305000 -0.619403000 0.683103000 0.606240000 -0.553108000 0.433361000 0.372483000
1403715388.66242 -0.738619000 -0.634118000 0.670492000 0.606017000 -0.552602000 0.433929000 0.372934000
1403715388.71242 -0.774883000 -0.648898000 0.659194000 0.605983000 -0.551958000 0.434295000 0.373517000
1403715388.76242 -0.811484000 -0.664103000 0.647755000 0.606109000 -0.551230000 0.434415000 0.374247000
1403715388.81242 -0.848171000 -0.679686000 0.636322000 0.606065000 -0.550893000 0.434797000 0.374370000
1403715388.86242 -0.884222000 -0.695290000 0.627442000 0.606494000 -0.550432000 0.434704000 0.374461000
1403715388.91242 -0.920486000 -0.710659000 0.619934000 0.607205000 -0.548880000 0.434329000 0.376021000
1403715388.96241 -0.956700000 -0.726049000 0.614280000 0.607459000 -0.547860000 0.434924000 0.376409000
1403715389.01241 -0.993290000 -0.741993000 0.610581000 0.607984000 -0.546712000 0.435153000 0.376967000
1403715389.06241 -1.029643000 -0.758548000 0.609737000 0.608267000 -0.545506000 0.435888000 0.377407000
1403715389.11241 -1.065869000 -0.774821000 0.612374000 0.609121000 -0.544416000 0.435681000 0.377843000
1403715389.16241 -1.102351000 -0.790834000 0.617471000 0.610189000 -0.543144000 0.435297000 0.378393000
1403715389.21241 -1.137877000 -0.806876000 0.623019000 0.611002000 -0.541780000 0.435185000 0.379164000
1403715389.26241 -1.172821000 -0.822706000 0.628435000 0.612448000 -0.540000000 0.434163000 0.380540000
1403715389.31241 -1.207722000 -0.837301000 0.633611000 0.613652000 -0.538690000 0.433428000 0.381292000
1403715389.36241 -1.241382000 -0.852164000 0.638222000 0.614894000 -0.537285000 0.432907000 0.381866000
1403715389.41241 -1.274206000 -0.866989000 0.642592000 0.615910000 -0.536045000 0.432305000 0.382652000
1403715389.46241 -1.306520000 -0.881170000 0.646860000 0.616639000 -0.535516000 0.432139000 0.382406000
1403715389.51241 -1.338035000 -0.895450000 0.650746000 0.616935000 -0.535381000 0.432549000 0.381654000
1403715389.56241 -1.368505000 -0.909669000 0.654718000 0.616425000 -0.535935000 0.433763000 0.380321000
1403715389.61241 -1.398081000 -0.923791000 0.658369000 0.615633000 -0.536364000 0.436273000 0.378120000
1403715389.66241 -1.426640000 -0.937898000 0.661680000 0.616017000 -0.535853000 0.438769000 0.375321000
1403715389.71241 -1.454780000 -0.952025000 0.664211000 0.617232000 -0.534437000 0.441518000 0.372108000
1403715389.76241 -1.482206000 -0.966371000 0.667173000 0.619510000 -0.532196000 0.444117000 0.368422000
1403715389.81241 -1.509390000 -0.980340000 0.669177000 0.622473000 -0.528613000 0.447388000 0.364609000
1403715389.86241 -1.536275000 -0.994212000 0.670139000 0.626789000 -0.524934000 0.449653000 0.359711000
1403715389.91241 -1.562070000 -1.009411000 0.670227000 0.632443000 -0.520567000 0.450992000 0.354446000
1403715389.96241 -1.588853000 -1.023580000 0.669667000 0.638527000 -0.516078000 0.451907000 0.348893000
1403715390.01241 -1.615530000 -1.037903000 0.668385000 0.645655000 -0.511172000 0.451733000 0.343176000
1403715390.06241 -1.641940000 -1.052607000 0.666127000 0.652850000 -0.505892000 0.451683000 0.337405000
1403715390.11241 -1.667820000 -1.067277000 0.663417000 0.659762000 -0.499983000 0.452176000 0.332067000
1403715390.16241 -1.693127000 -1.083065000 0.660591000 0.667062000 -0.493024000 0.452454000 0.327477000
1403715390.21241 -1.717511000 -1.100084000 0.657423000 0.674073000 -0.485586000 0.453310000 0.323020000
1403715390.26241 -1.739901000 -1.118977000 0.652358000 0.681202000 -0.478028000 0.453929000 0.318435000
1403715390.31241 -1.761778000 -1.138821000 0.647978000 0.686978000 -0.469410000 0.456588000 0.315029000
1403715390.36241 -1.782211000 -1.159981000 0.643401000 0.692606000 -0.460936000 0.459411000 0.311088000
1403715390.41241 -1.801983000 -1.181824000 0.639090000 0.698363000 -0.451564000 0.461878000 0.308298000
1403715390.46241 -1.820665000 -1.204633000 0.635224000 0.704302000 -0.441275000 0.464094000 0.306352000
1403715390.51241 -1.837640000 -1.228902000 0.631721000 0.709943000 -0.431374000 0.466545000 0.303701000
1403715390.56241 -1.853288000 -1.252606000 0.628053000 0.715168000 -0.420961000 0.469370000 0.301692000
1403715390.61241 -1.867248000 -1.276502000 0.624762000 0.719785000 -0.410571000 0.472797000 0.299672000
1403715390.66241 -1.879862000 -1.300702000 0.621166000 0.724052000 -0.401476000 0.476456000 0.295898000
1403715390.71241 -1.889395000 -1.325367000 0.616580000 0.727504000 -0.394434000 0.480893000 0.289658000
1403715390.76240 -1.897833000 -1.349431000 0.612678000 0.730053000 -0.389995000 0.486203000 0.280238000
1403715390.81240 -1.904716000 -1.373558000 0.609131000 0.733188000 -0.385496000 0.489637000 0.272182000
1403715390.86240 -1.910607000 -1.398138000 0.605454000 0.735556000 -0.382351000 0.492520000 0.264933000
1403715390.91240 -1.914991000 -1.423246000 0.601798000 0.737993000 -0.379188000 0.493914000 0.260064000
1403715390.96240 -1.918116000 -1.449042000 0.598136000 0.739850000 -0.377322000 0.495099000 0.255199000
1403715391.01240 -1.920858000 -1.475386000 0.594257000 0.741661000 -0.375771000 0.495915000 0.250608000
1403715391.06240 -1.922624000 -1.502331000 0.589509000 0.743324000 -0.373741000 0.497434000 0.245654000
1403715391.11240 -1.922965000 -1.529977000 0.585440000 0.745160000 -0.371474000 0.499073000 0.240146000
1403715391.16240 -1.922166000 -1.558274000 0.581847000 0.746087000 -0.368980000 0.502461000 0.233969000
1403715391.21240 -1.920851000 -1.587809000 0.577215000 0.747231000 -0.365666000 0.505538000 0.228836000
1403715391.26240 -1.918861000 -1.618642000 0.573703000 0.747065000 -0.362923000 0.509720000 0.224424000
1403715391.31241 -1.917343000 -1.651050000 0.571239000 0.746834000 -0.360448000 0.513192000 0.221247000
1403715391.36240 -1.915003000 -1.683637000 0.567910000 0.746969000 -0.357766000 0.515453000 0.219887000
1403715391.41240 -1.912740000 -1.717615000 0.565036000 0.747378000 -0.355459000 0.516758000 0.219171000
1403715391.46240 -1.910624000 -1.752750000 0.562459000 0.747944000 -0.354549000 0.517058000 0.218003000
1403715391.51240 -1.907684000 -1.788801000 0.560354000 0.748504000 -0.353695000 0.516944000 0.217739000
1403715391.56240 -1.905443000 -1.826620000 0.558996000 0.748435000 -0.353257000 0.517882000 0.216456000
1403715391.61240 -1.902662000 -1.865142000 0.556816000 0.748274000 -0.353496000 0.519509000 0.212689000
1403715391.66240 -1.900171000 -1.905139000 0.554994000 0.748066000 -0.352399000 0.521823000 0.209554000
1403715391.71240 -1.898169000 -1.946681000 0.556322000 0.748668000 -0.349514000 0.523723000 0.207485000
1403715391.76240 -1.896364000 -1.988997000 0.561001000 0.749503000 -0.345375000 0.526160000 0.205225000
1403715391.81240 -1.894417000 -2.032538000 0.568220000 0.751459000 -0.339028000 0.527613000 0.204925000
1403715391.86240 -1.892756000 -2.077253000 0.577673000 0.754565000 -0.331187000 0.527979000 0.205392000
1403715391.91240 -1.891005000 -2.122128000 0.589679000 0.757603000 -0.324072000 0.528154000 0.205103000
1403715391.96240 -1.889712000 -2.168244000 0.603454000 0.760954000 -0.317940000 0.527334000 0.204409000
1403715392.01240 -1.887885000 -2.214502000 0.617085000 0.765063000 -0.314025000 0.524479000 0.202459000
1403715392.06240 -1.885605000 -2.261340000 0.630429000 0.768022000 -0.310467000 0.522928000 0.200746000
1403715392.11240 -1.882845000 -2.308604000 0.643381000 0.770258000 -0.308507000 0.521602000 0.198638000
1403715392.16240 -1.879334000 -2.356431000 0.655955000 0.771977000 -0.306375000 0.520915000 0.197061000
1403715392.21240 -1.874407000 -2.404598000 0.668188000 0.772856000 -0.303715000 0.521923000 0.195059000
1403715392.26240 -1.868324000 -2.453020000 0.681033000 0.773468000 -0.299293000 0.524216000 0.193311000
1403715392.31240 -1.860987000 -2.501660000 0.695348000 0.774146000 -0.294357000 0.527137000 0.190206000
1403715392.36240 -1.852555000 -2.550899000 0.709907000 0.773836000 -0.286625000 0.532502000 0.188326000
1403715392.41240 -1.843815000 -2.600056000 0.724477000 0.771439000 -0.278164000 0.541268000 0.185835000
1403715392.46239 -1.834673000 -2.649257000 0.738370000 0.768167000 -0.268460000 0.551412000 0.183827000
1403715392.51239 -1.826023000 -2.697727000 0.751490000 0.766661000 -0.257865000 0.559181000 0.181805000
1403715392.56240 -1.817497000 -2.745462000 0.762781000 0.767505000 -0.247987000 0.563678000 0.178059000
1403715392.61240 -1.809123000 -2.792260000 0.772327000 0.770515000 -0.238495000 0.565114000 0.173415000
1403715392.66240 -1.801664000 -2.838118000 0.781117000 0.772794000 -0.228813000 0.567637000 0.167996000
1403715392.71241 -1.794491000 -2.882773000 0.788761000 0.774601000 -0.218983000 0.570664000 0.162426000
1403715392.76241 -1.787623000 -2.926324000 0.793882000 0.777094000 -0.209363000 0.572537000 0.156504000
1403715392.81242 -1.780649000 -2.968924000 0.797376000 0.781979000 -0.199831000 0.571041000 0.149962000
1403715392.86242 -1.775561000 -3.010065000 0.802282000 0.787808000 -0.190767000 0.568082000 0.142303000
1403715392.91242 -1.770524000 -3.050178000 0.807230000 0.793190000 -0.180971000 0.565570000 0.135015000
1403715392.96243 -1.765631000 -3.088993000 0.811479000 0.798603000 -0.170252000 0.562860000 0.128203000
1403715393.01243 -1.759282000 -3.126601000 0.815130000 0.802861000 -0.159342000 0.561510000 0.121371000
1403715393.06243 -1.753482000 -3.163024000 0.819620000 0.806254000 -0.149186000 0.561153000 0.113165000
1403715393.11242 -1.746711000 -3.198382000 0.823403000 0.809124000 -0.137152000 0.561353000 0.106727000
1403715393.16242 -1.739790000 -3.232642000 0.826498000 0.811147000 -0.123586000 0.562497000 0.101805000
1403715393.21242 -1.732945000 -3.265948000 0.828547000 0.812682000 -0.109248000 0.564111000 0.096907000
1403715393.26242 -1.725532000 -3.297140000 0.830533000 0.813078000 -0.095496000 0.567039000 0.090837000
1403715393.31241 -1.717721000 -3.326819000 0.832176000 0.813098000 -0.081424000 0.570192000 0.084399000
1403715393.36241 -1.709960000 -3.354697000 0.833825000 0.813250000 -0.067559000 0.572777000 0.077380000
1403715393.41241 -1.702151000 -3.380831000 0.835301000 0.813514000 -0.053132000 0.574746000 0.070984000
1403715393.46241 -1.694245000 -3.405215000 0.836212000 0.813710000 -0.038527000 0.576376000 0.064668000
1403715393.51241 -1.686135000 -3.427625000 0.836716000 0.813127000 -0.024341000 0.578707000 0.057709000
1403715393.56241 -1.678292000 -3.447573000 0.837057000 0.812460000 -0.009732000 0.580690000 0.051108000
1403715393.61241 -1.670801000 -3.465512000 0.837677000 0.811886000 0.003889000 0.582242000 0.042661000
1403715393.66241 -1.663687000 -3.480733000 0.837376000 0.811650000 0.015365000 0.583109000 0.031162000
1403715393.71241 -1.656823000 -3.494069000 0.836237000 0.812465000 0.025838000 0.582155000 0.018122000
1403715393.76241 -1.650373000 -3.505021000 0.834913000 0.813593000 0.035671000 0.580323000 0.004456000
1403715393.81240 -1.644044000 -3.514849000 0.833516000 -0.814998000 -0.046054000 -0.577570000 0.008348000
1403715393.86240 -1.638546000 -3.523148000 0.832064000 -0.816031000 -0.055959000 -0.574904000 0.021175000
1403715393.91240 -1.633403000 -3.530857000 0.830970000 -0.816159000 -0.067750000 -0.572999000 0.031085000
1403715393.96240 -1.628648000 -3.537518000 0.829215000 -0.816266000 -0.078333000 -0.570768000 0.042404000
1403715394.01240 -1.624230000 -3.543342000 0.827490000 -0.815298000 -0.089149000 -0.569639000 0.053411000
1403715394.06240 -1.620199000 -3.548745000 0.826495000 -0.813946000 -0.100670000 -0.568596000 0.063690000
1403715394.11241 -1.615793000 -3.553608000 0.824925000 -0.812588000 -0.112782000 -0.567075000 0.073529000
1403715394.16241 -1.611437000 -3.557702000 0.823543000 -0.810330000 -0.126231000 -0.566332000 0.081850000
1403715394.21241 -1.607083000 -3.560577000 0.821973000 -0.808204000 -0.139586000 -0.564832000 0.091030000
1403715394.26241 -1.603526000 -3.563166000 0.820229000 -0.805732000 -0.153246000 -0.563286000 0.100100000
1403715394.31241 -1.599447000 -3.565050000 0.819026000 -0.802389000 -0.166216000 -0.562515000 0.110096000
1403715394.36241 -1.595813000 -3.566465000 0.817304000 -0.797780000 -0.180672000 -0.562926000 0.118402000
1403715394.41241 -1.592079000 -3.567147000 0.816032000 -0.792989000 -0.194993000 -0.563044000 0.126994000
1403715394.46241 -1.589018000 -3.567377000 0.815336000 -0.787145000 -0.209448000 -0.564191000 0.134990000
1403715394.51241 -1.586226000 -3.566350000 0.814233000 -0.781659000 -0.223782000 -0.564420000 0.142691000
1403715394.56241 -1.585514000 -3.565458000 0.813158000 -0.776644000 -0.237736000 -0.563375000 0.151375000
1403715394.61241 -1.585447000 -3.563961000 0.812060000 -0.772046000 -0.250750000 -0.561239000 0.161495000
1403715394.66240 -1.586804000 -3.561892000 0.810662000 -0.768007000 -0.263462000 -0.557690000 0.172438000
1403715394.71240 -1.589402000 -3.559313000 0.808961000 -0.764273000 -0.276334000 -0.553184000 0.183068000
1403715394.76240 -1.593022000 -3.556202000 0.807123000 -0.761211000 -0.289704000 -0.547056000 0.193284000
1403715394.81240 -1.597368000 -3.552698000 0.805160000 -0.757858000 -0.303375000 -0.540676000 0.203184000
1403715394.86240 -1.602718000 -3.549300000 0.803119000 -0.753727000 -0.317478000 -0.534410000 0.213329000
1403715394.91240 -1.608011000 -3.545576000 0.801296000 -0.749044000 -0.332462000 -0.527855000 0.223095000
1403715394.96240 -1.614564000 -3.542278000 0.800240000 -0.743357000 -0.347505000 -0.521680000 0.233474000
1403715395.01240 -1.621212000 -3.538062000 0.798960000 -0.737032000 -0.363247000 -0.515597000 0.242887000
1403715395.06240 -1.629105000 -3.534421000 0.799230000 -0.729916000 -0.378436000 -0.509953000 0.252896000
1403715395.11240 -1.637688000 -3.530659000 0.799528000 -0.722375000 -0.393329000 -0.504256000 0.263045000
1403715395.16240 -1.646751000 -3.526505000 0.799060000 -0.714913000 -0.407740000 -0.498538000 0.272229000
1403715395.21240 -1.655865000 -3.521723000 0.798053000 -0.708480000 -0.420549000 -0.491606000 0.281989000
1403715395.26239 -1.665373000 -3.516423000 0.796552000 -0.701223000 -0.433153000 -0.486170000 0.290349000
1403715395.31239 -1.675358000 -3.510605000 0.794451000 -0.693802000 -0.445173000 -0.481310000 0.297994000
1403715395.36239 -1.686206000 -3.505854000 0.791476000 -0.686832000 -0.456354000 -0.476402000 0.305030000
1403715395.41239 -1.696410000 -3.499323000 0.788425000 -0.680410000 -0.466614000 -0.471210000 0.311890000
1403715395.46239 -1.706741000 -3.492216000 0.784347000 -0.674651000 -0.476058000 -0.465509000 0.318617000
1403715395.51239 -1.717151000 -3.484612000 0.778880000 -0.668560000 -0.484600000 -0.460649000 0.325566000
1403715395.56240 -1.727589000 -3.476735000 0.771468000 -0.662911000 -0.492770000 -0.455403000 0.332167000
1403715395.61240 -1.737898000 -3.467949000 0.764312000 -0.657777000 -0.499642000 -0.450427000 0.338824000
1403715395.66240 -1.748097000 -3.458100000 0.757429000 -0.652300000 -0.506795000 -0.446335000 0.344164000
1403715395.71240 -1.758308000 -3.447877000 0.750042000 -0.646940000 -0.514667000 -0.442326000 0.347754000
1403715395.76240 -1.767548000 -3.436393000 0.741746000 -0.640839000 -0.521618000 -0.439486000 0.352268000
1403715395.81240 -1.776843000 -3.424455000 0.733312000 -0.635048000 -0.528546000 -0.437305000 0.355131000
1403715395.86240 -1.786320000 -3.411511000 0.724370000 -0.631401000 -0.532937000 -0.433534000 0.359664000
1403715395.91240 -1.795421000 -3.397176000 0.714555000 -0.628972000 -0.535910000 -0.429836000 0.363919000
1403715395.96240 -1.806302000 -3.383238000 0.705320000 -0.627980000 -0.537035000 -0.425680000 0.368824000
1403715396.01240 -1.816071000 -3.368722000 0.696251000 -0.627804000 -0.536923000 -0.421446000 0.374112000
1403715396.06240 -1.825299000 -3.354054000 0.687872000 -0.628602000 -0.534856000 -0.417361000 0.380261000
1403715396.11240 -1.833459000 -3.339881000 0.680377000 -0.629542000 -0.532679000 -0.414270000 0.385110000
1403715396.16240 -1.840414000 -3.326170000 0.673523000 -0.629899000 -0.530183000 -0.412981000 0.389332000
1403715396.21240 -1.845759000 -3.312327000 0.667254000 -0.629983000 -0.528597000 -0.413076000 0.391247000
1403715396.26240 -1.849727000 -3.298474000 0.661779000 -0.628970000 -0.528405000 -0.415626000 0.390436000
1403715396.31240 -1.852421000 -3.284180000 0.656576000 -0.627272000 -0.529969000 -0.419538000 0.386847000
1403715396.36240 -1.854233000 -3.269416000 0.651703000 -0.624622000 -0.531938000 -0.424807000 0.382660000
1403715396.41240 -1.855921000 -3.255201000 0.647071000 -0.622787000 -0.533279000 -0.428483000 0.379673000
1403715396.46240 -1.857602000 -3.241288000 0.642333000 -0.621099000 -0.535546000 -0.431674000 0.375611000
1403715396.51240 -1.861042000 -3.225450000 0.638868000 -0.618481000 -0.538005000 -0.434282000 0.373405000
1403715396.56240 -1.863302000 -3.211341000 0.634838000 -0.615918000 -0.540018000 -0.435575000 0.373229000
1403715396.61240 -1.865858000 -3.197708000 0.630335000 -0.612880000 -0.543094000 -0.435949000 0.373331000
1403715396.66240 -1.869156000 -3.183969000 0.625455000 -0.608986000 -0.546066000 -0.435771000 0.375568000
1403715396.71239 -1.873616000 -3.170853000 0.620376000 -0.605716000 -0.548982000 -0.434368000 0.378220000
1403715396.76239 -1.878105000 -3.157896000 0.613921000 -0.604003000 -0.551767000 -0.430944000 0.380815000
1403715396.81239 -1.883092000 -3.144949000 0.607049000 -0.602814000 -0.554201000 -0.426849000 0.383767000
1403715396.86239 -1.888473000 -3.131607000 0.598736000 -0.601898000 -0.557289000 -0.422755000 0.385262000
1403715396.91239 -1.893987000 -3.118063000 0.590105000 -0.601366000 -0.560220000 -0.418697000 0.386272000
1403715396.96239 -1.899314000 -3.104417000 0.580872000 -0.601746000 -0.564524000 -0.413868000 0.384612000
1403715397.01239 -1.904294000 -3.090605000 0.571426000 -0.603075000 -0.567866000 -0.408421000 0.383434000
1403715397.06239 -1.909132000 -3.076557000 0.562871000 -0.604045000 -0.571484000 -0.403724000 0.381499000
1403715397.11239 -1.912554000 -3.060137000 0.554054000 -0.604916000 -0.573762000 -0.399601000 0.381042000
1403715397.16240 -1.916928000 -3.044001000 0.544972000 -0.606234000 -0.574769000 -0.395261000 0.381954000
1403715397.21239 -1.921214000 -3.026785000 0.535687000 -0.608152000 -0.574233000 -0.390560000 0.384539000
1403715397.26240 -1.925255000 -3.008187000 0.526492000 -0.610607000 -0.572774000 -0.385296000 0.388119000
1403715397.31240 -1.928367000 -2.986679000 0.517375000 -0.612580000 -0.570179000 -0.381620000 0.392439000
1403715397.36240 -1.930412000 -2.965232000 0.508555000 -0.613977000 -0.568096000 -0.378904000 0.395893000
1403715397.41240 -1.931095000 -2.942490000 0.500164000 -0.614949000 -0.566585000 -0.376989000 0.398370000
1403715397.46240 -1.930304000 -2.918522000 0.492046000 -0.615754000 -0.565871000 -0.375071000 0.399947000
1403715397.51240 -1.928131000 -2.893017000 0.484046000 -0.616150000 -0.565489000 -0.374322000 0.400580000
1403715397.56240 -1.924091000 -2.866421000 0.476700000 -0.615852000 -0.564722000 -0.374244000 0.402190000
1403715397.61240 -1.918287000 -2.838474000 0.470317000 -0.615266000 -0.563622000 -0.374802000 0.404106000
1403715397.66240 -1.910945000 -2.809342000 0.465307000 -0.613470000 -0.562616000 -0.377401000 0.405816000
1403715397.71239 -1.902133000 -2.779381000 0.461300000 -0.610535000 -0.561167000 -0.381567000 0.408345000
1403715397.76239 -1.891837000 -2.748712000 0.458171000 -0.607881000 -0.560412000 -0.385864000 0.409302000
1403715397.81240 -1.880428000 -2.717896000 0.455788000 -0.605621000 -0.559239000 -0.389644000 0.410673000
1403715397.86240 -1.867775000 -2.686516000 0.453827000 -0.603689000 -0.558690000 -0.393025000 0.411044000
1403715397.91240 -1.854116000 -2.655051000 0.452447000 -0.601252000 -0.558795000 -0.397389000 0.410275000
1403715397.96240 -1.839546000 -2.623690000 0.451913000 -0.597698000 -0.557703000 -0.403394000 0.411093000
1403715398.01240 -1.824428000 -2.592620000 0.451229000 -0.593859000 -0.556397000 -0.409991000 0.411900000
1403715398.06240 -1.808976000 -2.562326000 0.450262000 -0.590406000 -0.554825000 -0.416005000 0.412952000
1403715398.11240 -1.793522000 -2.533152000 0.448509000 -0.587645000 -0.553368000 -0.420946000 0.413837000
1403715398.16240 -1.777862000 -2.505090000 0.446126000 -0.585322000 -0.552073000 -0.425306000 0.414400000
1403715398.21240 -1.762287000 -2.478350000 0.442185000 -0.584318000 -0.551537000 -0.427900000 0.413861000
1403715398.26240 -1.746865000 -2.453338000 0.437112000 -0.584929000 -0.551495000 -0.428528000 0.412402000
1403715398.31240 -1.731651000 -2.430539000 0.431717000 -0.586146000 -0.552232000 -0.428556000 0.409649000
1403715398.36240 -1.716752000 -2.409161000 0.425994000 -0.587229000 -0.552672000 -0.428919000 0.407117000
1403715398.41240 -1.702140000 -2.389400000 0.420651000 -0.589263000 -0.551884000 -0.427716000 0.406513000
1403715398.46240 -1.687798000 -2.370517000 0.415214000 -0.590327000 -0.552563000 -0.428077000 0.403657000
1403715398.51240 -1.673819000 -2.352557000 0.410498000 -0.591196000 -0.552775000 -0.428862000 0.401253000
1403715398.56240 -1.660447000 -2.335629000 0.405513000 -0.591345000 -0.552867000 -0.430526000 0.399119000
1403715398.61239 -1.647743000 -2.319792000 0.401015000 -0.590730000 -0.551390000 -0.433221000 0.399157000
1403715398.66239 -1.635720000 -2.304909000 0.396936000 -0.588771000 -0.550697000 -0.437737000 0.398080000
1403715398.71239 -1.624620000 -2.292691000 0.393254000 -0.585558000 -0.550373000 -0.443754000 0.396603000
1403715398.76239 -1.614399000 -2.280359000 0.389983000 -0.582376000 -0.550329000 -0.449910000 0.394408000
1403715398.81239 -1.605577000 -2.269719000 0.386722000 -0.580002000 -0.550579000 -0.454441000 0.392357000
1403715398.86239 -1.598585000 -2.260678000 0.383462000 -0.578187000 -0.551173000 -0.457711000 0.390395000
1403715398.91239 -1.593550000 -2.253336000 0.380381000 -0.576928000 -0.551534000 -0.459857000 0.389224000
1403715398.96239 -1.590302000 -2.247358000 0.377701000 -0.576415000 -0.551599000 -0.460478000 0.389158000
1403715399.01239 -1.588804000 -2.243439000 0.375622000 -0.575561000 -0.551767000 -0.461283000 0.389231000
1403715399.06239 -1.589636000 -2.241119000 0.373579000 -0.575760000 -0.551869000 -0.460320000 0.389931000
1403715399.11239 -1.592457000 -2.240364000 0.371241000 -0.577142000 -0.552329000 -0.457286000 0.390806000
1403715399.16239 -1.597234000 -2.240916000 0.368638000 -0.578649000 -0.551792000 -0.453822000 0.393365000
1403715399.21239 -1.603507000 -2.243035000 0.366558000 -0.579292000 -0.551902000 -0.451397000 0.395052000
1403715399.26239 -1.610942000 -2.247516000 0.365523000 -0.579475000 -0.551505000 -0.449703000 0.397262000
1403715399.31239 -1.619634000 -2.253289000 0.364352000 -0.579729000 -0.552977000 -0.448108000 0.396648000
1403715399.36239 -1.629385000 -2.260477000 0.363052000 -0.580663000 -0.554926000 -0.446046000 0.394880000
1403715399.41239 -1.640026000 -2.269155000 0.362046000 -0.581902000 -0.557760000 -0.443628000 0.391774000
1403715399.46239 -1.651659000 -2.278994000 0.361545000 -0.582399000 -0.559973000 -0.442116000 0.389583000
1403715399.51239 -1.664337000 -2.289927000 0.361749000 -0.581969000 -0.562010000 -0.442578000 0.386758000
1403715399.56239 -1.678461000 -2.301892000 0.360416000 -0.584271000 -0.564736000 -0.439443000 0.382871000
1403715399.61239 -1.694177000 -2.314492000 0.358400000 -0.589841000 -0.566189000 -0.432157000 0.380470000
1403715399.66239 -1.711069000 -2.327130000 0.356072000 -0.595000000 -0.567328000 -0.425552000 0.378180000
1403715399.71239 -1.729127000 -2.339206000 0.354137000 -0.599933000 -0.568046000 -0.419539000 0.376019000
1403715399.76239 -1.747958000 -2.350379000 0.353569000 -0.603545000 -0.568683000 -0.415590000 0.373656000
1403715399.81240 -1.767534000 -2.360838000 0.354633000 -0.606442000 -0.568663000 -0.412856000 0.372023000
1403715399.86240 -1.787866000 -2.370412000 0.356693000 -0.608223000 -0.568851000 -0.411301000 0.370546000
1403715399.91240 -1.808613000 -2.378855000 0.359117000 -0.609659000 -0.569094000 -0.410430000 0.368775000
1403715399.96240 -1.829453000 -2.386016000 0.361970000 -0.611259000 -0.568710000 -0.410751000 0.366354000
1403715400.01240 -1.850661000 -2.391662000 0.365579000 -0.612679000 -0.567289000 -0.413069000 0.363568000
1403715400.06240 -1.872317000 -2.395497000 0.369735000 -0.614128000 -0.564647000 -0.416637000 0.361157000
1403715400.11240 -1.894641000 -2.396520000 0.374042000 -0.615823000 -0.561427000 -0.421053000 0.358156000
1403715400.16240 -1.916951000 -2.397141000 0.377868000 -0.618803000 -0.557254000 -0.425130000 0.354704000
1403715400.21240 -1.939830000 -2.396205000 0.381870000 -0.622038000 -0.552323000 -0.430227000 0.350589000
1403715400.26240 -1.963474000 -2.393752000 0.386061000 -0.624871000 -0.548689000 -0.436492000 0.343441000
1403715400.31240 -1.988041000 -2.389939000 0.390159000 -0.628816000 -0.543896000 -0.442102000 0.336621000
1403715400.36240 -2.013517000 -2.385011000 0.393606000 -0.632945000 -0.538518000 -0.448089000 0.329538000
1403715400.41240 -2.040596000 -2.379208000 0.397177000 -0.638669000 -0.532205000 -0.452630000 0.322467000
1403715400.46240 -2.069114000 -2.372310000 0.400591000 -0.645476000 -0.523478000 -0.456339000 0.317940000
1403715400.51239 -2.098653000 -2.363848000 0.404371000 -0.653595000 -0.513485000 -0.458864000 0.313991000
1403715400.56239 -2.129737000 -2.354128000 0.406711000 -0.662313000 -0.503042000 -0.460984000 0.309491000
1403715400.61239 -2.161436000 -2.343123000 0.408545000 -0.671660000 -0.491337000 -0.462831000 0.305366000
1403715400.66239 -2.193547000 -2.330705000 0.409757000 -0.681444000 -0.479471000 -0.464447000 0.300052000
1403715400.71239 -2.225444000 -2.316909000 0.410386000 -0.690682000 -0.467342000 -0.466936000 0.294143000
1403715400.76239 -2.257652000 -2.301556000 0.410440000 -0.700287000 -0.454529000 -0.468788000 0.288513000
1403715400.81240 -2.289943000 -2.284898000 0.410260000 -0.709304000 -0.440375000 -0.471162000 0.284540000
1403715400.86240 -2.321895000 -2.267022000 0.409612000 -0.717948000 -0.425690000 -0.473638000 0.281079000
1403715400.91239 -2.353591000 -2.248200000 0.408205000 -0.726483000 -0.413074000 -0.474260000 0.276893000
1403715400.96239 -2.384795000 -2.228411000 0.406259000 -0.733924000 -0.402117000 -0.474275000 0.273350000
1403715401.01239 -2.415051000 -2.208335000 0.404401000 -0.740590000 -0.392427000 -0.473928000 0.270036000
1403715401.06239 -2.443835000 -2.186860000 0.403141000 -0.745970000 -0.385816000 -0.473624000 0.265245000
1403715401.11239 -2.470575000 -2.164612000 0.402678000 -0.749682000 -0.380144000 -0.474326000 0.261691000
1403715401.16239 -2.496140000 -2.141291000 0.403100000 -0.752635000 -0.376631000 -0.475270000 0.256533000
1403715401.21239 -2.520096000 -2.116819000 0.404080000 -0.754181000 -0.374979000 -0.477105000 0.250944000
1403715401.26238 -2.542186000 -2.089908000 0.402671000 -0.754737000 -0.374301000 -0.479441000 0.245779000
1403715401.31238 -2.562886000 -2.061655000 0.401541000 -0.755299000 -0.373641000 -0.481370000 0.241245000
1403715401.36238 -2.582155000 -2.031768000 0.402090000 -0.754946000 -0.371984000 -0.483880000 0.239883000
1403715401.41238 -2.600083000 -2.000223000 0.403893000 -0.754271000 -0.370343000 -0.486275000 0.239704000
1403715401.46238 -2.616478000 -1.967696000 0.406279000 -0.753156000 -0.369233000 -0.488888000 0.239608000
1403715401.51238 -2.631297000 -1.933933000 0.409191000 -0.751781000 -0.367308000 -0.491515000 0.241500000
1403715401.56238 -2.645047000 -1.899581000 0.412830000 -0.751010000 -0.364833000 -0.493232000 0.244138000
1403715401.61238 -2.656944000 -1.864736000 0.418058000 -0.749014000 -0.361674000 -0.496352000 0.248605000
1403715401.66238 -2.668455000 -1.829011000 0.423962000 -0.747591000 -0.358678000 -0.499198000 0.251513000
1403715401.71238 -2.678530000 -1.793115000 0.431613000 -0.746797000 -0.352089000 -0.502183000 0.257176000
1403715401.76238 -2.687641000 -1.756485000 0.437839000 -0.747541000 -0.343761000 -0.503961000 0.262743000
1403715401.81238 -2.696446000 -1.721240000 0.447312000 -0.748656000 -0.337988000 -0.505923000 0.263287000
1403715401.86237 -2.704402000 -1.687261000 0.455979000 -0.749628000 -0.332499000 -0.508181000 0.263164000
1403715401.91237 -2.711687000 -1.653955000 0.463333000 -0.749600000 -0.331118000 -0.510826000 0.259842000
1403715401.96237 -2.717689000 -1.621626000 0.469622000 -0.748747000 -0.332027000 -0.513990000 0.254853000
1403715402.01237 -2.723072000 -1.590345000 0.475200000 -0.747772000 -0.333913000 -0.516610000 0.249907000
1403715402.06237 -2.727520000 -1.559021000 0.479618000 -0.746651000 -0.336105000 -0.518736000 0.245884000
1403715402.11237 -2.731374000 -1.528103000 0.483360000 -0.743787000 -0.337011000 -0.522682000 0.244966000
1403715402.16237 -2.734742000 -1.497984000 0.488001000 -0.738477000 -0.336355000 -0.530172000 0.245834000
1403715402.21236 -2.738343000 -1.468444000 0.492253000 -0.734839000 -0.334480000 -0.535962000 0.246739000
1403715402.26236 -2.742110000 -1.440430000 0.496217000 -0.733178000 -0.332193000 -0.539787000 0.246432000
1403715402.31236 -2.745732000 -1.414134000 0.498820000 -0.734072000 -0.331801000 -0.540867000 0.241888000
1403715402.36236 -2.749930000 -1.389090000 0.501684000 -0.736764000 -0.331392000 -0.540660000 0.234616000
1403715402.41236 -2.750870000 -1.365482000 0.503360000 -0.738906000 -0.329209000 -0.542246000 0.227174000
1403715402.46236 -2.753649000 -1.341919000 0.504876000 -0.740761000 -0.326237000 -0.545159000 0.218274000
1403715402.51236 -2.758026000 -1.317645000 0.506156000 -0.740868000 -0.323012000 -0.550306000 0.209619000
1403715402.56236 -2.763562000 -1.293310000 0.507035000 -0.741517000 -0.319539000 -0.553867000 0.203169000
1403715402.61236 -2.770543000 -1.269040000 0.508236000 -0.740888000 -0.315773000 -0.558509000 0.198597000
1403715402.66236 -2.779077000 -1.244313000 0.509192000 -0.740886000 -0.312499000 -0.561779000 0.194517000
1403715402.71236 -2.789205000 -1.219476000 0.509863000 -0.741221000 -0.308878000 -0.564016000 0.192542000
1403715402.76236 -2.801181000 -1.194513000 0.509563000 -0.745798000 -0.303175000 -0.560544000 0.194061000
1403715402.81236 -2.815198000 -1.169518000 0.509521000 -0.750328000 -0.297268000 -0.556738000 0.196679000
1403715402.86236 -2.830572000 -1.144539000 0.509169000 -0.754688000 -0.291947000 -0.552523000 0.199829000
1403715402.91236 -2.848745000 -1.120063000 0.507638000 -0.759108000 -0.286904000 -0.547987000 0.202857000
1403715402.96236 -2.865735000 -1.095208000 0.506394000 -0.764244000 -0.282596000 -0.542309000 0.204869000
1403715403.01236 -2.883090000 -1.070630000 0.505078000 -0.769970000 -0.278548000 -0.535375000 0.207199000
1403715403.06236 -2.900102000 -1.046785000 0.503944000 -0.775692000 -0.276467000 -0.528248000 0.206938000
1403715403.11236 -2.915647000 -1.023527000 0.503473000 -0.780755000 -0.274393000 -0.521734000 0.207179000
1403715403.16236 -2.929967000 -1.000712000 0.503209000 -0.784908000 -0.273300000 -0.516121000 0.206989000
1403715403.21235 -2.942681000 -0.978010000 0.504146000 -0.787806000 -0.272039000 -0.512345000 0.207025000
1403715403.26235 -2.953327000 -0.955307000 0.505630000 -0.789308000 -0.273511000 -0.510229000 0.204576000
1403715403.31235 -2.962171000 -0.932615000 0.507293000 -0.789315000 -0.275400000 -0.510189000 0.202098000
1403715403.36234 -2.969523000 -0.911223000 0.508325000 -0.788519000 -0.276556000 -0.511854000 0.199401000
1403715403.41235 -2.974734000 -0.888702000 0.511074000 -0.787905000 -0.276468000 -0.513994000 0.196422000
1403715403.46235 -2.978529000 -0.865959000 0.514612000 -0.787760000 -0.274920000 -0.516288000 0.193134000
1403715403.51235 -2.980602000 -0.843117000 0.518094000 -0.787737000 -0.271302000 -0.519464000 0.189796000
1403715403.56235 -2.980850000 -0.820497000 0.520873000 -0.788775000 -0.265708000 -0.521913000 0.186654000
1403715403.61235 -2.979723000 -0.798074000 0.522871000 -0.791223000 -0.259468000 -0.522985000 0.182014000
1403715403.66235 -2.977331000 -0.775890000 0.524407000 -0.794012000 -0.252362000 -0.524025000 0.176794000
1403715403.71235 -2.973647000 -0.753848000 0.525339000 -0.798205000 -0.244320000 -0.523237000 0.171462000
1403715403.76235 -2.968116000 -0.731638000 0.526159000 -0.802804000 -0.234568000 -0.522103000 0.167010000
1403715403.81235 -2.960567000 -0.709337000 0.527309000 -0.806833000 -0.224057000 -0.521876000 0.162677000
1403715403.86234 -2.951359000 -0.686939000 0.529180000 -0.810086000 -0.213484000 -0.522742000 0.157879000
1403715403.91234 -2.940203000 -0.664782000 0.531105000 -0.813149000 -0.203298000 -0.523744000 0.152151000
1403715403.96234 -2.926679000 -0.642541000 0.534188000 -0.815716000 -0.192996000 -0.525252000 0.146526000
1403715404.01234 -2.911739000 -0.620219000 0.536814000 -0.817418000 -0.183572000 -0.527815000 0.139788000
1403715404.06234 -2.895814000 -0.598026000 0.540660000 -0.817494000 -0.174064000 -0.532698000 0.132806000
1403715404.11234 -2.878275000 -0.576136000 0.544759000 -0.817212000 -0.165767000 -0.537718000 0.124684000
1403715404.16234 -2.859229000 -0.554577000 0.549265000 -0.815936000 -0.159287000 -0.543965000 0.113924000
1403715404.21234 -2.839143000 -0.532520000 0.553372000 -0.815021000 -0.152556000 -0.549226000 0.104005000
1403715404.26234 -2.818627000 -0.510199000 0.556770000 -0.813640000 -0.147843000 -0.554342000 0.094006000
1403715404.31234 -2.797887000 -0.487236000 0.559223000 -0.813061000 -0.143988000 -0.557722000 0.084533000
1403715404.36234 -2.777025000 -0.463063000 0.561101000 -0.813211000 -0.139884000 -0.559456000 0.078288000
1403715404.41234 -2.756300000 -0.438209000 0.562682000 -0.812921000 -0.136936000 -0.561412000 0.072286000
1403715404.46234 -2.735540000 -0.411979000 0.564156000 -0.812215000 -0.133734000 -0.563656000 0.068653000
1403715404.51235 -2.714862000 -0.384450000 0.565251000 -0.811411000 -0.132025000 -0.565658000 0.064909000
1403715404.56235 -2.693992000 -0.355168000 0.565266000 -0.810696000 -0.130303000 -0.567336000 0.062637000
1403715404.61235 -2.674202000 -0.325493000 0.564313000 -0.810022000 -0.128194000 -0.568865000 0.061842000
1403715404.66235 -2.654303000 -0.293946000 0.562883000 -0.809823000 -0.124454000 -0.569650000 0.064782000
1403715404.71235 -2.635608000 -0.260836000 0.561327000 -0.809715000 -0.121073000 -0.570229000 0.067386000
1403715404.76235 -2.617096000 -0.227525000 0.559395000 -0.809034000 -0.117059000 -0.571503000 0.071732000
1403715404.81235 -2.599095000 -0.194329000 0.556778000 -0.809397000 -0.113378000 -0.571435000 0.074053000
1403715404.86235 -2.580978000 -0.161407000 0.553944000 -0.809952000 -0.108907000 -0.571458000 0.074512000
1403715404.91235 -2.562976000 -0.128484000 0.551150000 -0.809890000 -0.103506000 -0.572576000 0.074308000
1403715404.96235 -2.545196000 -0.096372000 0.547632000 -0.809625000 -0.096460000 -0.574261000 0.073673000
1403715405.01235 -2.527332000 -0.065100000 0.543873000 -0.809126000 -0.087978000 -0.576481000 0.072418000
1403715405.06236 -2.509896000 -0.034787000 0.539918000 -0.809059000 -0.077882000 -0.578272000 0.070426000
1403715405.11236 -2.493224000 -0.005470000 0.535673000 -0.809487000 -0.065628000 -0.579388000 0.068800000
1403715405.16236 -2.477194000 0.022554000 0.530515000 -0.810727000 -0.052606000 -0.579439000 0.064847000
1403715405.21236 -2.461843000 0.049261000 0.524967000 -0.812300000 -0.038546000 -0.578910000 0.059555000
1403715405.26236 -2.447121000 0.073895000 0.518171000 -0.813559000 -0.024030000 -0.578534000 0.053321000
1403715405.31237 -2.432809000 0.096710000 0.512571000 -0.814949000 -0.010343000 -0.577730000 0.044473000
1403715405.36237 -2.418896000 0.117990000 0.506775000 -0.816184000 0.003016000 -0.576735000 0.034797000
1403715405.41236 -2.405828000 0.137593000 0.501404000 -0.817641000 0.015807000 -0.575009000 0.024032000
1403715405.46237 -2.392953000 0.156132000 0.496240000 -0.818877000 0.029167000 -0.573049000 0.014311000
1403715405.51237 -2.379807000 0.173418000 0.492427000 -0.819443000 0.042627000 -0.571555000 0.004603000
1403715405.56237 -2.366956000 0.189621000 0.488466000 0.819731000 -0.055810000 0.569995000 0.005646000
1403715405.61237 -2.354356000 0.204522000 0.485106000 0.819991000 -0.067265000 0.568123000 0.018048000
1403715405.66237 -2.341363000 0.218509000 0.481527000 0.820912000 -0.077494000 0.564898000 0.031428000
1403715405.71237 -2.327627000 0.231906000 0.478623000 0.821822000 -0.087890000 0.561250000 0.043378000
1403715405.76237 -2.313472000 0.244851000 0.476340000 0.822030000 -0.098102000 0.558222000 0.055064000
1403715405.81238 -2.298989000 0.258794000 0.473034000 0.822433000 -0.109298000 0.554438000 0.065241000
1403715405.86238 -2.284244000 0.271728000 0.469652000 0.822330000 -0.120419000 0.551003000 0.075287000
1403715405.91238 -2.269205000 0.284691000 0.466739000 0.820492000 -0.133161000 0.549590000 0.083740000
1403715405.96239 -2.252832000 0.296892000 0.462951000 0.816972000 -0.145980000 0.550214000 0.092253000
1403715406.01239 -2.233677000 0.311894000 0.459804000 0.812232000 -0.158468000 0.552072000 0.101905000
1403715406.06239 -2.215716000 0.324032000 0.455272000 0.807219000 -0.171798000 0.553750000 0.110654000
1403715406.11239 -2.197302000 0.335587000 0.449611000 0.802640000 -0.184289000 0.554439000 0.120015000
1403715406.16239 -2.178809000 0.347117000 0.442848000 0.798224000 -0.197332000 0.554442000 0.128424000
1403715406.21239 -2.160276000 0.358436000 0.435661000 0.793948000 -0.210509000 0.553849000 0.136324000
1403715406.26239 -2.142530000 0.369842000 0.428463000 0.790451000 -0.223130000 0.551843000 0.144460000
1403715406.31239 -2.124777000 0.380670000 0.420927000 0.786927000 -0.235672000 0.549652000 0.151945000
1403715406.36239 -2.106556000 0.392092000 0.414782000 0.783921000 -0.248932000 0.546402000 0.157941000
1403715406.41240 -2.087647000 0.401722000 0.409063000 0.780996000 -0.262021000 0.542846000 0.163427000
1403715406.46240 -2.068316000 0.410260000 0.402823000 0.777505000 -0.275982000 0.539776000 0.167219000
1403715406.51240 -2.049424000 0.418266000 0.396234000 0.774551000 -0.288634000 0.535721000 0.172524000
1403715406.56240 -2.030668000 0.425280000 0.389213000 0.770961000 -0.301198000 0.532309000 0.177610000
1403715406.61240 -2.013675000 0.431896000 0.380319000 0.766807000 -0.312839000 0.529580000 0.183530000
1403715406.66240 -1.995218000 0.436731000 0.372711000 0.762453000 -0.323794000 0.527009000 0.189957000
1403715406.71239 -1.976844000 0.440004000 0.364633000 0.757989000 -0.334110000 0.524559000 0.196624000
1403715406.76239 -1.958518000 0.441672000 0.355956000 0.753308000 -0.343257000 0.522102000 0.205211000
1403715406.81239 -1.940931000 0.442154000 0.347278000 0.748270000 -0.352420000 0.519814000 0.213741000
1403715406.86239 -1.923832000 0.441695000 0.338932000 0.743380000 -0.361315000 0.517011000 0.222569000
1403715406.91239 -1.906569000 0.440269000 0.330746000 0.738689000 -0.370165000 0.513763000 0.231005000
1403715406.96239 -1.890976000 0.438364000 0.322067000 0.733651000 -0.378814000 0.510654000 0.239770000
1403715407.01239 -1.876445000 0.436735000 0.313072000 0.728926000 -0.387986000 0.507048000 0.247054000
1403715407.06239 -1.860501000 0.433559000 0.305141000 0.724267000 -0.397746000 0.503197000 0.253038000
1403715407.11239 -1.845178000 0.429960000 0.297026000 0.719933000 -0.407501000 0.498742000 0.258641000
1403715407.16239 -1.830330000 0.426206000 0.288592000 0.716379000 -0.416869000 0.493615000 0.263375000
1403715407.21239 -1.818561000 0.420990000 0.277881000 0.714887000 -0.425161000 0.486960000 0.266542000
1403715407.26240 -1.804617000 0.415751000 0.270607000 0.714130000 -0.432734000 0.480238000 0.268574000
1403715407.31239 -1.799138000 0.420027000 0.257388000 0.714414000 -0.438292000 0.473373000 0.270980000
1403715407.36239 -1.783427000 0.411218000 0.250671000 0.714157000 -0.442706000 0.468527000 0.272900000
1403715407.41239 -1.766917000 0.400288000 0.244936000 0.713534000 -0.445609000 0.465428000 0.275099000
1403715407.46239 -1.749210000 0.387191000 0.239974000 0.711423000 -0.447131000 0.465576000 0.277832000
1403715407.51240 -1.738016000 0.376616000 0.238418000 0.710292000 -0.447683000 0.464860000 0.281017000
1403715407.56240 -1.720816000 0.360612000 0.235563000 0.708369000 -0.448462000 0.466033000 0.282681000
1403715407.61240 -1.702725000 0.343095000 0.233469000 0.706843000 -0.447741000 0.467285000 0.285563000
1403715407.66240 -1.684473000 0.324718000 0.232935000 0.706018000 -0.445300000 0.468168000 0.289941000
1403715407.71240 -1.666236000 0.306203000 0.233879000 0.705559000 -0.440618000 0.469296000 0.296315000
1403715407.76240 -1.645677000 0.286116000 0.235343000 0.705423000 -0.436208000 0.470318000 0.301499000
1403715407.81240 -1.624993000 0.266549000 0.236809000 0.705824000 -0.433062000 0.470634000 0.304589000
1403715407.86240 -1.602935000 0.245894000 0.237209000 0.705900000 -0.430534000 0.471433000 0.306753000
1403715407.91240 -1.579761000 0.224907000 0.237219000 0.705113000 -0.430020000 0.473562000 0.306002000
1403715407.96240 -1.556216000 0.203880000 0.238856000 0.705448000 -0.429658000 0.473979000 0.305092000
1403715408.01240 -1.532269000 0.183003000 0.242990000 0.703807000 -0.430489000 0.476913000 0.303131000
1403715408.06240 -1.507473000 0.161720000 0.249449000 0.703595000 -0.430863000 0.477843000 0.301625000
1403715408.11240 -1.482591000 0.140444000 0.259205000 0.702803000 -0.431142000 0.479633000 0.300228000
1403715408.16240 -1.457765000 0.119083000 0.272474000 0.702149000 -0.431173000 0.481482000 0.298751000
1403715408.21240 -1.433189000 0.097946000 0.288858000 0.701153000 -0.430959000 0.483761000 0.297715000
1403715408.26240 -1.408369000 0.076523000 0.305737000 0.700923000 -0.430500000 0.484773000 0.297274000
1403715408.31240 -1.383497000 0.055219000 0.321867000 0.700623000 -0.430564000 0.485890000 0.296062000
1403715408.36240 -1.358311000 0.033618000 0.336536000 0.700097000 -0.430327000 0.487175000 0.295541000
1403715408.41240 -1.332847000 0.012009000 0.348838000 0.699047000 -0.428823000 0.490162000 0.295270000
1403715408.46240 -1.307221000 -0.009055000 0.358199000 0.698316000 -0.425734000 0.493705000 0.295568000
1403715408.51240 -1.281436000 -0.029782000 0.364363000 0.697555000 -0.421364000 0.499016000 0.294709000
1403715408.56241 -1.255759000 -0.050243000 0.367131000 0.698179000 -0.415476000 0.503655000 0.293696000
1403715408.61241 -1.229944000 -0.070518000 0.366862000 0.698393000 -0.408604000 0.509983000 0.291904000
1403715408.66241 -1.205221000 -0.090410000 0.364330000 0.700292000 -0.399628000 0.515082000 0.290823000
1403715408.71241 -1.180727000 -0.109677000 0.361071000 0.703061000 -0.390782000 0.519936000 0.287509000
1403715408.76241 -1.156615000 -0.127188000 0.358421000 0.706242000 -0.381745000 0.525065000 0.282489000
1403715408.81240 -1.132955000 -0.143423000 0.356241000 0.710238000 -0.371718000 0.529688000 0.277162000
1403715408.86240 -1.110322000 -0.157858000 0.354563000 0.715041000 -0.362113000 0.533660000 0.269811000
1403715408.91240 -1.088625000 -0.170980000 0.353680000 0.720228000 -0.351819000 0.537493000 0.261908000
1403715408.96240 -1.067298000 -0.182656000 0.353469000 0.725927000 -0.340789000 0.540697000 0.254046000
1403715409.01240 -1.046673000 -0.193199000 0.354022000 0.730990000 -0.329452000 0.544828000 0.245514000
1403715409.06240 -1.026639000 -0.202706000 0.355757000 0.736620000 -0.317841000 0.547947000 0.236902000
1403715409.11240 -1.007780000 -0.209063000 0.358576000 0.741352000 -0.307434000 0.551786000 0.226745000
1403715409.16239 -0.988743000 -0.213081000 0.361012000 0.745161000 -0.298810000 0.555488000 0.216519000
1403715409.21239 -0.972530000 -0.218625000 0.364691000 0.749550000 -0.291031000 0.557254000 0.207228000
1403715409.26239 -0.959524000 -0.222529000 0.372822000 0.754547000 -0.284980000 0.556703000 0.198814000
1403715409.31239 -0.947409000 -0.226611000 0.381634000 0.757641000 -0.279929000 0.557523000 0.191800000
1403715409.36239 -0.936145000 -0.231649000 0.391103000 0.760004000 -0.275024000 0.558416000 0.186888000
1403715409.41238 -0.925873000 -0.236851000 0.401083000 0.761865000 -0.270666000 0.558985000 0.183951000
1403715409.46238 -0.917384000 -0.241670000 0.411811000 0.763257000 -0.266089000 0.559493000 0.183313000
1403715409.51238 -0.908896000 -0.246281000 0.422415000 0.764111000 -0.261447000 0.559890000 0.185212000
1403715409.56238 -0.902210000 -0.251539000 0.432905000 0.765881000 -0.258699000 0.557577000 0.188702000
1403715409.61238 -0.895744000 -0.256456000 0.442023000 0.767700000 -0.260484000 0.554130000 0.189008000
1403715409.66238 -0.890407000 -0.259551000 0.452356000 0.769490000 -0.262992000 0.550527000 0.188785000
1403715409.71238 -0.885323000 -0.262609000 0.462806000 0.771893000 -0.266382000 0.545862000 0.187769000
1403715409.76239 -0.880418000 -0.265676000 0.472473000 0.774382000 -0.269837000 0.540765000 0.187337000
1403715409.81239 -0.874928000 -0.269073000 0.481273000 0.776771000 -0.273328000 0.535612000 0.187185000
1403715409.86239 -0.870651000 -0.270478000 0.488226000 0.778591000 -0.276773000 0.531039000 0.187590000
1403715409.91239 -0.865559000 -0.273825000 0.497236000 0.780877000 -0.281042000 0.525621000 0.186998000
1403715409.96239 -0.859905000 -0.277493000 0.506189000 0.782766000 -0.284194000 0.520921000 0.187490000
1403715410.01238 -0.855650000 -0.281285000 0.515088000 0.783675000 -0.287618000 0.517668000 0.187483000
1403715410.06238 -0.850851000 -0.287349000 0.524500000 0.783570000 -0.289860000 0.516305000 0.188224000
1403715410.11238 -0.841983000 -0.294098000 0.535528000 0.781707000 -0.291117000 0.517546000 0.190610000
1403715410.16238 -0.832152000 -0.301513000 0.546348000 0.778784000 -0.290857000 0.520755000 0.194196000
1403715410.21238 -0.821536000 -0.309595000 0.554571000 0.775634000 -0.290944000 0.524463000 0.196678000
1403715410.26238 -0.811027000 -0.317874000 0.559051000 0.772434000 -0.290642000 0.528345000 0.199311000
1403715410.31238 -0.801517000 -0.325603000 0.563140000 0.770446000 -0.290469000 0.530547000 0.201397000
1403715410.36238 -0.791270000 -0.332459000 0.565124000 0.769187000 -0.290274000 0.531849000 0.203050000
1403715410.41238 -0.780095000 -0.339400000 0.564916000 0.768499000 -0.289471000 0.532559000 0.204929000
1403715410.46238 -0.768881000 -0.345699000 0.562860000 0.768711000 -0.288083000 0.532174000 0.207080000
1403715410.51238 -0.756806000 -0.352111000 0.560698000 0.769598000 -0.285843000 0.530872000 0.210209000
1403715410.56238 -0.743788000 -0.358621000 0.559001000 0.769986000 -0.283499000 0.530435000 0.213048000
1403715410.61238 -0.730177000 -0.364513000 0.556228000 0.770823000 -0.281938000 0.529686000 0.213951000
1403715410.66238 -0.716085000 -0.370190000 0.553455000 0.770969000 -0.280547000 0.529988000 0.214507000
1403715410.71238 -0.701506000 -0.375487000 0.550635000 0.770619000 -0.280240000 0.531162000 0.213258000
1403715410.76237 -0.686550000 -0.380631000 0.548577000 0.768498000 -0.279091000 0.535115000 0.212535000
1403715410.81237 -0.672011000 -0.385559000 0.546784000 0.764426000 -0.277950000 0.541898000 0.211526000
1403715410.86238 -0.656928000 -0.389366000 0.545060000 0.761237000 -0.275527000 0.547426000 0.211962000
1403715410.91238 -0.642473000 -0.392298000 0.541591000 0.758936000 -0.274528000 0.551849000 0.210032000
1403715410.96237 -0.628674000 -0.393887000 0.537911000 0.759602000 -0.273129000 0.552096000 0.208798000
1403715411.01237 -0.615725000 -0.394170000 0.533751000 0.761619000 -0.273000000 0.550745000 0.205151000
1403715411.06237 -0.603613000 -0.393461000 0.529414000 0.763955000 -0.272730000 0.548929000 0.201662000
1403715411.11237 -0.592275000 -0.392241000 0.525023000 0.766558000 -0.272351000 0.546696000 0.198339000
1403715411.16237 -0.581644000 -0.390008000 0.521080000 0.768360000 -0.272894000 0.545462000 0.193965000
1403715411.21237 -0.570883000 -0.388235000 0.516591000 0.768947000 -0.274056000 0.545731000 0.189185000
1403715411.26237 -0.560464000 -0.386128000 0.512678000 0.769330000 -0.274752000 0.546234000 0.185126000
1403715411.31237 -0.550620000 -0.383850000 0.509576000 0.768456000 -0.274963000 0.548303000 0.182304000
1403715411.36237 -0.541396000 -0.381544000 0.506947000 0.766553000 -0.274474000 0.551786000 0.180533000
1403715411.41237 -0.532821000 -0.379441000 0.504565000 0.763997000 -0.274083000 0.556105000 0.178703000
1403715411.46238 -0.525058000 -0.377496000 0.502242000 0.761160000 -0.273280000 0.560726000 0.177595000
1403715411.51238 -0.518727000 -0.375511000 0.499624000 0.760087000 -0.271662000 0.562876000 0.177873000
1403715411.56237 -0.513720000 -0.373239000 0.496568000 0.761393000 -0.270057000 0.561837000 0.178016000
1403715411.61237 -0.510576000 -0.371279000 0.493729000 0.763440000 -0.268427000 0.559646000 0.178611000
1403715411.66237 -0.507842000 -0.368732000 0.490828000 0.766034000 -0.266973000 0.556648000 0.179052000
1403715411.71237 -0.506330000 -0.366254000 0.488213000 0.767827000 -0.265618000 0.554724000 0.179361000
1403715411.76237 -0.506026000 -0.363262000 0.485939000 0.769364000 -0.264210000 0.553150000 0.179712000
1403715411.81237 -0.507433000 -0.360501000 0.483518000 0.769868000 -0.262862000 0.552893000 0.180323000
1403715411.86237 -0.507590000 -0.357411000 0.480128000 0.770669000 -0.262131000 0.552184000 0.180138000
1403715411.91237 -0.508413000 -0.354067000 0.477117000 0.770872000 -0.261718000 0.552168000 0.179918000
1403715411.96237 -0.509882000 -0.350557000 0.474193000 0.770750000 -0.261952000 0.552597000 0.178779000
1403715412.01237 -0.511099000 -0.347281000 0.469935000 0.770848000 -0.261956000 0.552652000 0.178180000
1403715412.06237 -0.512785000 -0.344069000 0.465345000 0.771117000 -0.262395000 0.552314000 0.177416000
1403715412.11237 -0.515178000 -0.340606000 0.461601000 0.771243000 -0.262692000 0.552149000 0.176941000
1403715412.16237 -0.518183000 -0.337058000 0.458109000 0.772309000 -0.262882000 0.550518000 0.177094000
1403715412.21237 -0.521585000 -0.333322000 0.454867000 0.773041000 -0.263033000 0.549454000 0.176978000
1403715412.26237 -0.525456000 -0.329401000 0.451631000 0.773567000 -0.262963000 0.548630000 0.177342000
1403715412.31237 -0.529753000 -0.325391000 0.448369000 0.774042000 -0.263045000 0.547886000 0.177449000
1403715412.36237 -0.534848000 -0.321436000 0.445431000 0.774519000 -0.263270000 0.547041000 0.177642000
1403715412.41237 -0.540457000 -0.317391000 0.442917000 0.774834000 -0.263655000 0.546484000 0.177406000
1403715412.46237 -0.544616000 -0.313252000 0.439973000 0.775606000 -0.264677000 0.545179000 0.176524000
1403715412.51237 -0.548936000 -0.308994000 0.437317000 0.776383000 -0.265271000 0.543903000 0.176155000
1403715412.56237 -0.552638000 -0.304763000 0.433635000 0.777141000 -0.265903000 0.542537000 0.176072000
1403715412.61237 -0.556139000 -0.300670000 0.430645000 0.777816000 -0.265722000 0.541436000 0.176751000
1403715412.66237 -0.559451000 -0.296849000 0.428279000 0.778284000 -0.265756000 0.540755000 0.176726000
1403715412.71237 -0.562915000 -0.293200000 0.426406000 0.779538000 -0.265660000 0.538946000 0.176871000
1403715412.76237 -0.566214000 -0.289854000 0.425417000 0.780154000 -0.265624000 0.537987000 0.177127000
1403715412.81237 -0.569436000 -0.286470000 0.424605000 0.780783000 -0.265684000 0.537002000 0.177254000
1403715412.86237 -0.572374000 -0.283263000 0.424084000 0.781308000 -0.265659000 0.536279000 0.177163000
1403715412.91237 -0.574905000 -0.280290000 0.423926000 0.781412000 -0.265555000 0.536051000 0.177555000
1403715412.96237 -0.577077000 -0.277378000 0.424634000 0.780823000 -0.265575000 0.536751000 0.177998000
1403715413.01237 -0.579110000 -0.274924000 0.424664000 0.779605000 -0.265092000 0.538402000 0.179071000
1403715413.06237 -0.580444000 -0.272368000 0.421852000 0.778740000 -0.264593000 0.539433000 0.180462000
1403715413.11237 -0.581576000 -0.270266000 0.415284000 0.777708000 -0.264116000 0.540769000 0.181610000
1403715413.16237 -0.582467000 -0.268134000 0.406662000 0.776824000 -0.263965000 0.541926000 0.182163000
1403715413.21237 -0.583396000 -0.265771000 0.395881000 0.776287000 -0.263383000 0.542684000 0.183035000
1403715413.26237 -0.584411000 -0.263039000 0.383012000 0.775570000 -0.263609000 0.543701000 0.182734000
1403715413.31237 -0.585516000 -0.259969000 0.368012000 0.774378000 -0.265117000 0.545285000 0.180873000
1403715413.36237 -0.587278000 -0.256012000 0.352695000 0.772876000 -0.267178000 0.547403000 0.177844000
1403715413.41237 -0.589124000 -0.252202000 0.338073000 0.771697000 -0.269245000 0.548968000 0.174999000
1403715413.46237 -0.591282000 -0.249231000 0.323551000 0.770689000 -0.270881000 0.550345000 0.172571000
1403715413.51237 -0.593738000 -0.246888000 0.310373000 0.770075000 -0.271628000 0.551215000 0.171362000
1403715413.56237 -0.596534000 -0.245430000 0.299402000 0.770244000 -0.271465000 0.550906000 0.171852000
1403715413.61237 -0.599195000 -0.243726000 0.290627000 0.770328000 -0.270648000 0.550662000 0.173540000
1403715413.66237 -0.602992000 -0.242507000 0.284132000 0.770396000 -0.269253000 0.550474000 0.175987000
1403715413.71237 -0.607032000 -0.241254000 0.278576000 0.770507000 -0.267253000 0.550342000 0.178939000
1403715413.76237 -0.611429000 -0.239910000 0.271854000 0.771215000 -0.266034000 0.549232000 0.181103000
1403715413.81237 -0.616034000 -0.238527000 0.263139000 0.772086000 -0.265416000 0.547947000 0.182188000
1403715413.86237 -0.620448000 -0.237052000 0.252934000 0.772946000 -0.264904000 0.546632000 0.183232000
1403715413.91237 -0.625025000 -0.235160000 0.241925000 0.772949000 -0.264201000 0.546644000 0.184197000
1403715413.96237 -0.629610000 -0.233108000 0.230511000 0.772843000 -0.262747000 0.546913000 0.185915000
1403715414.01237 -0.633523000 -0.231490000 0.220631000 0.773019000 -0.262300000 0.546588000 0.186769000
1403715414.06237 -0.638588000 -0.227707000 0.213171000 0.773492000 -0.262455000 0.545985000 0.186353000
1403715414.11237 -0.643830000 -0.223484000 0.208368000 0.774922000 -0.262860000 0.543864000 0.186044000
1403715414.16237 -0.648654000 -0.219935000 0.204223000 0.777337000 -0.263957000 0.540357000 0.184629000
1403715414.21238 -0.653348000 -0.216223000 0.204199000 0.780928000 -0.265409000 0.535139000 0.182583000
1403715414.26238 -0.657679000 -0.212127000 0.206532000 0.783882000 -0.266756000 0.530639000 0.181087000
1403715414.31237 -0.660542000 -0.208509000 0.210313000 0.786791000 -0.268117000 0.526115000 0.179658000
1403715414.36237 -0.659461000 -0.204688000 0.213477000 0.789011000 -0.268581000 0.522449000 0.179924000
1403715414.41237 -0.658370000 -0.202030000 0.216954000 0.789555000 -0.268231000 0.521562000 0.180631000
1403715414.46237 -0.655554000 -0.200105000 0.218512000 0.789312000 -0.267672000 0.521924000 0.181472000
1403715414.51237 -0.651226000 -0.198490000 0.218458000 0.788440000 -0.266865000 0.523197000 0.182789000
1403715414.56237 -0.640879000 -0.198696000 0.216185000 0.786410000 -0.266060000 0.526101000 0.184362000
1403715414.61237 -0.635301000 -0.196560000 0.214181000 0.784228000 -0.265046000 0.529318000 0.185902000
1403715414.66237 -0.629619000 -0.194150000 0.211382000 0.781985000 -0.265328000 0.532533000 0.185767000
1403715414.71237 -0.622914000 -0.191461000 0.207927000 0.779360000 -0.266167000 0.536149000 0.185195000
1403715414.76237 -0.615610000 -0.188561000 0.203296000 0.776904000 -0.268007000 0.539458000 0.183239000
1403715414.81237 -0.608048000 -0.185693000 0.197252000 0.775059000 -0.271049000 0.541647000 0.180096000
1403715414.86237 -0.600185000 -0.183055000 0.189990000 0.772910000 -0.275112000 0.544092000 0.175749000
1403715414.91237 -0.592525000 -0.180732000 0.181333000 0.770406000 -0.279558000 0.546870000 0.171043000
1403715414.96236 -0.585652000 -0.179012000 0.172121000 0.768579000 -0.283405000 0.548685000 0.167070000
1403715415.01236 -0.579271000 -0.177571000 0.162330000 0.766568000 -0.287133000 0.550558000 0.163749000
1403715415.06236 -0.573586000 -0.176834000 0.152084000 0.765044000 -0.290095000 0.551758000 0.161605000
1403715415.11236 -0.568816000 -0.176902000 0.141643000 0.763880000 -0.292463000 0.552388000 0.160686000
1403715415.16236 -0.566538000 -0.176332000 0.131291000 0.762860000 -0.294610000 0.552732000 0.160430000
1403715415.21236 -0.564588000 -0.177130000 0.122109000 0.761788000 -0.295614000 0.553240000 0.161918000
1403715415.26236 -0.563823000 -0.178552000 0.113591000 0.761414000 -0.296053000 0.552976000 0.163763000
1403715415.31236 -0.564531000 -0.181787000 0.105980000 0.762312000 -0.292601000 0.551308000 0.171243000
1403715415.36236 -0.567451000 -0.185013000 0.100755000 0.763749000 -0.289483000 0.548609000 0.178649000
1403715415.41236 -0.569208000 -0.189531000 0.095381000 0.764502000 -0.285720000 0.546721000 0.187074000
1403715415.46236 -0.571471000 -0.193836000 0.090612000 0.766706000 -0.282349000 0.542757000 0.194564000
1403715415.51236 -0.573629000 -0.197700000 0.087520000 0.767080000 -0.279395000 0.541469000 0.200842000
1403715415.56236 -0.575267000 -0.200785000 0.084318000 0.767512000 -0.278068000 0.540329000 0.204080000
1403715415.61236 -0.576741000 -0.202631000 0.079994000 0.766998000 -0.276817000 0.540505000 0.207220000
1403715415.66236 -0.578261000 -0.203884000 0.073633000 0.766727000 -0.276443000 0.540149000 0.209638000
1403715415.71236 -0.579404000 -0.204107000 0.064514000 0.766811000 -0.277014000 0.539449000 0.210380000
1403715415.76237 -0.579869000 -0.204567000 0.061508000 0.767401000 -0.278240000 0.538513000 0.209000000
1403715415.81237 -0.579227000 -0.204097000 0.065481000 0.767404000 -0.277320000 0.538484000 0.210287000
1403715415.86237 -0.578190000 -0.202788000 0.068034000 0.766262000 -0.276679000 0.540067000 0.211232000
1403715415.91237 -0.576714000 -0.200448000 0.068163000 0.764666000 -0.277291000 0.542043000 0.211151000
1403715415.96238 -0.575279000 -0.197134000 0.065599000 0.764834000 -0.276901000 0.541918000 0.211376000
1403715416.01238 -0.575574000 -0.196617000 0.064909000 0.767125000 -0.276124000 0.539115000 0.211257000
1403715416.06238 -0.576728000 -0.196858000 0.067796000 0.767163000 -0.275807000 0.538636000 0.212751000
1403715416.11238 -0.577170000 -0.196241000 0.070605000 0.766667000 -0.276185000 0.539023000 0.213070000
1403715416.16238 -0.576979000 -0.195376000 0.072652000 0.766260000 -0.276411000 0.539570000 0.212854000
1403715416.21238 -0.577087000 -0.194641000 0.075078000 0.766915000 -0.277386000 0.538565000 0.211768000
1403715416.26238 -0.577048000 -0.193333000 0.076909000 0.767595000 -0.277925000 0.537701000 0.210793000
1403715416.31238 -0.577372000 -0.192348000 0.078852000 0.767807000 -0.278268000 0.537404000 0.210322000
1403715416.36238 -0.577804000 -0.192148000 0.080856000 0.768231000 -0.278385000 0.536797000 0.210171000
1403715416.41238 -0.578243000 -0.191916000 0.082803000 0.768339000 -0.278594000 0.536637000 0.209907000
1403715416.46238 -0.578723000 -0.191309000 0.084058000 0.768707000 -0.278739000 0.536148000 0.209616000
1403715416.51238 -0.579277000 -0.190247000 0.084758000 0.768521000 -0.278996000 0.536307000 0.209551000
1403715416.56238 -0.579934000 -0.189551000 0.085552000 0.768252000 -0.278709000 0.536743000 0.209802000
1403715416.61238 -0.580527000 -0.189305000 0.085713000 0.768564000 -0.278854000 0.536322000 0.209545000
1403715416.66238 -0.581056000 -0.188888000 0.085303000 0.768570000 -0.279200000 0.536316000 0.209074000
1403715416.71238 -0.581777000 -0.188366000 0.084350000 0.768605000 -0.279189000 0.536289000 0.209032000
1403715416.76238 -0.582452000 -0.188046000 0.083268000 0.768737000 -0.279229000 0.536121000 0.208924000
1403715416.81238 -0.582833000 -0.188095000 0.082180000 0.768450000 -0.279151000 0.536515000 0.209071000
1403715416.86238 -0.582855000 -0.188813000 0.081598000 0.768768000 -0.279183000 0.536153000 0.208789000
1403715416.91238 -0.582786000 -0.189721000 0.081408000 0.768989000 -0.279369000 0.535844000 0.208519000
1403715416.96238 -0.583916000 -0.190223000 0.080075000 0.768852000 -0.279160000 0.536117000 0.208601000
1403715417.01238 -0.583716000 -0.190687000 0.080177000 0.768680000 -0.279210000 0.536385000 0.208478000
1403715417.06238 -0.583286000 -0.191388000 0.079962000 0.768786000 -0.279132000 0.536260000 0.208514000
1403715417.11238 -0.582880000 -0.192143000 0.079983000 0.768956000 -0.279301000 0.536028000 0.208261000
1403715417.16238 -0.582578000 -0.192731000 0.080123000 0.768985000 -0.279365000 0.535989000 0.208167000
1403715417.21238 -0.582347000 -0.193077000 0.080242000 0.768866000 -0.279311000 0.536183000 0.208179000
1403715417.26238 -0.582156000 -0.193328000 0.080340000 0.768899000 -0.279300000 0.536174000 0.208097000
1403715417.31238 -0.582699000 -0.193154000 0.080500000 0.768817000 -0.279332000 0.536269000 0.208112000
1403715417.36238 -0.582648000 -0.193504000 0.080992000 0.768996000 -0.279371000 0.536064000 0.207926000
1403715417.41238 -0.582175000 -0.194352000 0.081456000 0.769071000 -0.279441000 0.535977000 0.207775000
1403715417.46238 -0.582315000 -0.194260000 0.081472000 0.769012000 -0.279446000 0.536076000 0.207733000
1403715417.51238 -0.582438000 -0.194207000 0.081443000 0.768955000 -0.279422000 0.536178000 0.207713000
1403715417.56238 -0.582504000 -0.194326000 0.081453000 0.768942000 -0.279468000 0.536163000 0.207737000
1403715417.61238 -0.582499000 -0.194468000 0.081431000 0.769002000 -0.279545000 0.536067000 0.207661000
1403715417.66238 -0.582474000 -0.194485000 0.081392000 0.769045000 -0.279547000 0.536011000 0.207643000
1403715417.71238 -0.582450000 -0.194430000 0.081365000 0.768968000 -0.279563000 0.536127000 0.207605000
1403715417.76238 -0.582399000 -0.194382000 0.081335000 0.768934000 -0.279520000 0.536184000 0.207641000
1403715417.81238 -0.582316000 -0.194441000 0.081288000 0.768972000 -0.279575000 0.536110000 0.207621000
1403715417.86238 -0.582253000 -0.194520000 0.081242000 0.768984000 -0.279581000 0.536078000 0.207652000
1403715417.91238 -0.582171000 -0.194524000 0.081195000 0.768999000 -0.279569000 0.536053000 0.207672000
1403715417.96238 -0.582085000 -0.194466000 0.081128000 0.768961000 -0.279531000 0.536138000 0.207648000
1403715418.01238 -0.582041000 -0.194450000 0.081081000 0.768920000 -0.279527000 0.536200000 0.207646000
1403715418.06238 -0.581971000 -0.194522000 0.081035000 0.768961000 -0.279541000 0.536145000 0.207619000
1403715418.11238 -0.581906000 -0.194564000 0.080965000 0.768989000 -0.279563000 0.536092000 0.207617000
1403715418.16238 -0.581880000 -0.194542000 0.080901000 0.768978000 -0.279574000 0.536106000 0.207609000
1403715418.21238 -0.581897000 -0.194501000 0.080832000 0.768955000 -0.279570000 0.536132000 0.207632000
1403715418.26238 -0.581898000 -0.194495000 0.080747000 0.768900000 -0.279562000 0.536203000 0.207663000
1403715418.31238 -0.581860000 -0.194551000 0.080658000 0.768923000 -0.279602000 0.536159000 0.207637000
1403715418.36238 -0.581861000 -0.194586000 0.080575000 0.768935000 -0.279584000 0.536155000 0.207630000
1403715418.41238 -0.581885000 -0.194544000 0.080537000 0.768899000 -0.279582000 0.536203000 0.207641000
1403715418.46238 -0.581826000 -0.194480000 0.080525000 0.768874000 -0.279576000 0.536241000 0.207643000
1403715418.51238 -0.581757000 -0.194462000 0.080500000 0.768889000 -0.279552000 0.536245000 0.207611000
1403715418.56238 -0.581757000 -0.194440000 0.080439000 0.768887000 -0.279570000 0.536245000 0.207593000
1403715418.61238 -0.581727000 -0.194397000 0.080389000 0.768867000 -0.279650000 0.536249000 0.207548000
1403715418.66238 -0.581710000 -0.194360000 0.080331000 0.768834000 -0.279625000 0.536293000 0.207591000
1403715418.71238 -0.581706000 -0.194330000 0.080287000 0.768841000 -0.279586000 0.536292000 0.207618000
1403715418.76238 -0.581703000 -0.194345000 0.080224000 0.768837000 -0.279616000 0.536304000 0.207563000
1403715418.81238 -0.581695000 -0.194373000 0.080152000 0.768832000 -0.279680000 0.536294000 0.207523000
