# timestamp(s) tx ty tz qx qy qz qw
1403715278.86215 0.021848000 0.018102000 0.100896000 0.808765000 -0.008771000 0.588062000 0.002313000
1403715278.91355 0.052643000 0.017637000 0.106763000 0.811158000 -0.009215000 0.584753000 0.001148000
1403715278.96298 0.064136000 0.019575000 0.130963000 0.810848000 -0.009103000 0.585185000 0.000976000
1403715279.01170 0.072690000 0.020235000 0.146601000 0.810638000 -0.008319000 0.585487000 0.001507000
1403715279.06141 0.080526000 0.021657000 0.159180000 0.811068000 -0.008064000 0.584894000 0.001905000
1403715279.11096 0.089561000 0.023428000 0.167260000 0.811110000 -0.007694000 0.584836000 0.002679000
1403715279.16082 0.097484000 0.024586000 0.168222000 0.811247000 -0.006762000 0.584655000 0.003484000
1403715279.21089 0.104001000 0.025525000 0.165133000 0.811757000 -0.006103000 0.583947000 0.004429000
1403715279.26079 0.106051000 0.025174000 0.155304000 0.811814000 -0.005422000 0.583874000 0.004465000
1403715279.31057 0.108981000 0.025108000 0.146361000 0.812481000 -0.005321000 0.582948000 0.004138000
1403715279.36011 0.112701000 0.024858000 0.141041000 0.813281000 -0.005765000 0.581832000 0.003380000
1403715279.40922 0.116322000 0.023527000 0.134718000 0.813026000 -0.005981000 0.582192000 0.002030000
1403715279.45876 0.119616000 0.023439000 0.134236000 0.813747000 -0.005993000 0.581187000 0.001376000
1403715279.50795 0.127409000 0.022573000 0.141332000 0.813017000 -0.005541000 0.582214000 0.000883000
1403715279.55734 0.134108000 0.023554000 0.151626000 0.812993000 -0.004897000 0.582250000 0.001483000
1403715279.60639 0.141559000 0.024170000 0.166109000 0.813259000 -0.004777000 0.581880000 0.001826000
1403715279.65601 0.145186000 0.023146000 0.176492000 0.813661000 -0.004473000 0.581319000 0.001916000
1403715279.70598 0.147576000 0.021654000 0.185581000 0.813570000 -0.004301000 0.581448000 0.002019000
1403715279.75594 0.149054000 0.020738000 0.192965000 0.813782000 -0.004324000 0.581151000 0.001836000
1403715279.80604 0.148288000 0.018522000 0.198042000 0.814221000 -0.004545000 0.580535000 0.001753000
1403715279.85602 0.148417000 0.016905000 0.204392000 0.814383000 -0.004360000 0.580308000 0.001686000
1403715279.90578 0.148321000 0.015620000 0.209337000 0.814958000 -0.004363000 0.579502000 0.001741000
1403715279.95557 0.145892000 0.013959000 0.214092000 0.816871000 -0.004060000 0.576800000 0.002597000
1403715280.00556 0.144864000 0.013445000 0.222357000 0.820187000 -0.004009000 0.572075000 0.002608000
1403715280.05579 0.145316000 0.012734000 0.228984000 0.824209000 -0.004084000 0.566266000 0.002398000
1403715280.10606 0.146892000 0.010367000 0.234458000 0.828048000 -0.002460000 0.560632000 0.004680000
1403715280.15698 0.148410000 0.007714000 0.241279000 0.830589000 -0.000708000 0.556842000 0.006908000
1403715280.20827 0.150717000 0.004713000 0.249646000 0.831733000 0.002410000 0.555067000 0.010740000
1403715280.25922 0.154325000 0.002326000 0.258255000 0.831713000 0.005283000 0.554982000 0.014808000
1403715280.30948 0.159857000 0.001297000 0.266155000 0.830928000 0.007613000 0.556048000 0.017666000
1403715280.35948 0.166868000 0.001504000 0.273703000 0.829783000 0.009291000 0.557642000 0.020221000
1403715280.40929 0.174689000 0.002356000 0.280787000 0.828412000 0.009702000 0.559561000 0.023028000
1403715280.45906 0.183798000 0.004176000 0.286828000 0.827939000 0.006887000 0.560296000 0.023187000
1403715280.50902 0.193383000 0.007474000 0.294074000 0.826847000 0.000977000 0.561994000 0.022037000
1403715280.55883 0.202943000 0.010759000 0.300494000 0.825981000 -0.006436000 0.563224000 0.022183000
1403715280.60897 0.212042000 0.013885000 0.308179000 0.824881000 -0.015167000 0.564622000 0.023315000
1403715280.65893 0.221783000 0.015800000 0.315294000 0.823933000 -0.024051000 0.565514000 0.027386000
1403715280.70922 0.232263000 0.016076000 0.322109000 0.822872000 -0.034141000 0.566296000 0.032015000
1403715280.75928 0.243155000 0.017524000 0.328117000 0.822250000 -0.044589000 0.566117000 0.037787000
1403715280.80932 0.254021000 0.019390000 0.333632000 0.821709000 -0.055419000 0.565511000 0.043816000
1403715280.85937 0.264834000 0.022119000 0.339067000 0.820456000 -0.065927000 0.565635000 0.050623000
1403715280.90948 0.275359000 0.026846000 0.343934000 0.819307000 -0.075561000 0.565444000 0.057445000
1403715280.95955 0.285615000 0.032336000 0.348376000 0.818223000 -0.083653000 0.565231000 0.063459000
1403715281.00957 0.294664000 0.036304000 0.353571000 0.817232000 -0.091277000 0.564964000 0.067938000
1403715281.05962 0.301267000 0.042314000 0.357320000 0.816126000 -0.096977000 0.564950000 0.073255000
1403715281.10967 0.307905000 0.047672000 0.360845000 0.815067000 -0.102058000 0.565038000 0.077337000
1403715281.15975 0.314708000 0.051798000 0.364722000 0.813894000 -0.106039000 0.565509000 0.080822000
1403715281.20983 0.321959000 0.054197000 0.369174000 0.813030000 -0.109798000 0.565571000 0.084000000
1403715281.26006 0.328101000 0.056210000 0.372557000 0.811981000 -0.114243000 0.565757000 0.086911000
1403715281.31040 0.332472000 0.055582000 0.372806000 0.810950000 -0.118919000 0.565698000 0.090579000
1403715281.36045 0.339187000 0.056379000 0.373002000 0.810370000 -0.124469000 0.564690000 0.094513000
1403715281.41054 0.348794000 0.057075000 0.375419000 0.810165000 -0.130796000 0.562859000 0.098562000
1403715281.46075 0.357382000 0.053167000 0.376139000 0.808479000 -0.137631000 0.562725000 0.103727000
1403715281.51075 0.365686000 0.054581000 0.376561000 0.807012000 -0.145494000 0.561641000 0.110104000
1403715281.56073 0.373953000 0.056001000 0.375840000 0.805472000 -0.154103000 0.560063000 0.117456000
1403715281.61075 0.383377000 0.056309000 0.373767000 0.803439000 -0.163692000 0.558617000 0.125054000
1403715281.66075 0.393454000 0.056559000 0.371129000 0.801060000 -0.174770000 0.556925000 0.132638000
1403715281.71074 0.403437000 0.056830000 0.368407000 0.798570000 -0.186142000 0.554760000 0.140991000
1403715281.76074 0.414188000 0.056685000 0.365376000 0.795966000 -0.198314000 0.552172000 0.149047000
1403715281.81072 0.424323000 0.057207000 0.361700000 0.792998000 -0.210427000 0.549581000 0.157595000
1403715281.86076 0.434755000 0.057645000 0.358365000 0.789347000 -0.222920000 0.547405000 0.166088000
1403715281.91071 0.444981000 0.057558000 0.353349000 0.785755000 -0.235080000 0.544741000 0.174883000
1403715281.96077 0.455768000 0.057798000 0.347835000 0.782007000 -0.247308000 0.542084000 0.182889000
1403715282.01079 0.466763000 0.058223000 0.342541000 0.778249000 -0.259830000 0.539082000 0.190282000
1403715282.06096 0.477359000 0.058883000 0.338233000 0.774164000 -0.271557000 0.536514000 0.197686000
1403715282.11095 0.489527000 0.059640000 0.332568000 0.770402000 -0.282209000 0.533242000 0.206137000
1403715282.16108 0.502206000 0.060976000 0.327470000 0.766832000 -0.293726000 0.529543000 0.212786000
1403715282.21111 0.514984000 0.062190000 0.322907000 0.762850000 -0.303878000 0.526457000 0.220365000
1403715282.26117 0.529021000 0.063603000 0.317845000 0.759299000 -0.314583000 0.522315000 0.227352000
1403715282.31116 0.543053000 0.064852000 0.312774000 0.755412000 -0.324968000 0.518571000 0.234165000
1403715282.36124 0.559631000 0.066869000 0.308765000 0.751461000 -0.335292000 0.514638000 0.240900000
1403715282.41121 0.574479000 0.067426000 0.303448000 0.748087000 -0.344635000 0.509529000 0.248943000
1403715282.46121 0.590015000 0.068607000 0.297601000 0.743471000 -0.354881000 0.506051000 0.255389000
1403715282.51121 0.606431000 0.069429000 0.291775000 0.738564000 -0.364285000 0.502842000 0.262621000
1403715282.56121 0.622604000 0.070131000 0.285902000 0.733587000 -0.373813000 0.499490000 0.269487000
1403715282.61121 0.639081000 0.070886000 0.280327000 0.727875000 -0.382394000 0.497332000 0.276828000
1403715282.66123 0.657838000 0.069526000 0.274411000 0.721804000 -0.391378000 0.495773000 0.282900000
1403715282.71119 0.674050000 0.071919000 0.268098000 0.715658000 -0.400950000 0.493921000 0.288294000
1403715282.76122 0.690594000 0.075919000 0.261637000 0.709354000 -0.410764000 0.492342000 0.292726000
1403715282.81127 0.706700000 0.079754000 0.254585000 0.703448000 -0.420581000 0.490006000 0.296930000
1403715282.86116 0.724366000 0.082699000 0.247034000 0.697424000 -0.429197000 0.487422000 0.303001000
1403715282.91119 0.742521000 0.085194000 0.239810000 0.691378000 -0.437263000 0.484802000 0.309459000
1403715282.96125 0.761427000 0.087467000 0.232375000 0.685436000 -0.446225000 0.481709000 0.314670000
1403715283.01127 0.778908000 0.087990000 0.223431000 0.678641000 -0.454259000 0.479884000 0.320635000
1403715283.06129 0.796607000 0.089301000 0.215951000 0.671887000 -0.463234000 0.477389000 0.325702000
1403715283.11130 0.814507000 0.090870000 0.208943000 0.665134000 -0.472234000 0.474983000 0.330126000
1403715283.16129 0.832188000 0.092416000 0.201992000 0.657940000 -0.481178000 0.473191000 0.334175000
1403715283.21128 0.849336000 0.094313000 0.195164000 0.650756000 -0.489913000 0.471112000 0.338462000
1403715283.26126 0.865635000 0.096281000 0.189454000 0.644283000 -0.498052000 0.467944000 0.343325000
1403715283.31130 0.881526000 0.097571000 0.183988000 0.637768000 -0.506173000 0.465256000 0.347242000
1403715283.36130 0.896826000 0.098821000 0.178259000 0.631363000 -0.513144000 0.462295000 0.352628000
1403715283.41128 0.911194000 0.099935000 0.172010000 0.626264000 -0.520655000 0.457821000 0.356527000
1403715283.46128 0.925090000 0.101211000 0.165631000 0.621674000 -0.528052000 0.452884000 0.359972000
1403715283.51128 0.938363000 0.102351000 0.159582000 0.617921000 -0.534520000 0.446888000 0.364354000
1403715283.56126 0.950517000 0.102803000 0.153238000 0.614490000 -0.540495000 0.440587000 0.368986000
1403715283.61122 0.963033000 0.102429000 0.147592000 0.611583000 -0.546311000 0.434407000 0.372560000
1403715283.66127 0.975398000 0.100968000 0.142773000 0.609282000 -0.550868000 0.429349000 0.375472000
1403715283.71138 0.987912000 0.099447000 0.138601000 0.606983000 -0.554333000 0.425720000 0.378217000
1403715283.76143 1.000750000 0.098617000 0.134681000 0.604767000 -0.557314000 0.423396000 0.379992000
1403715283.81148 1.013658000 0.097639000 0.132105000 0.601946000 -0.559310000 0.423290000 0.381653000
1403715283.86142 1.026795000 0.095703000 0.128823000 0.599670000 -0.560244000 0.422968000 0.384214000
1403715283.91141 1.041943000 0.091602000 0.123599000 0.597442000 -0.560998000 0.423807000 0.385658000
1403715283.96143 1.055491000 0.088977000 0.118608000 0.596205000 -0.561754000 0.423759000 0.386523000
1403715284.01144 1.069091000 0.086129000 0.113034000 0.596323000 -0.563191000 0.422670000 0.385441000
1403715284.06140 1.083033000 0.083250000 0.107943000 0.597196000 -0.564340000 0.421153000 0.384066000
1403715284.11144 1.096957000 0.079260000 0.103158000 0.597849000 -0.565613000 0.420562000 0.381821000
1403715284.16141 1.112703000 0.071317000 0.097435000 0.598381000 -0.566680000 0.420725000 0.379216000
1403715284.21143 1.123993000 0.067460000 0.092327000 0.598056000 -0.568334000 0.422426000 0.375343000
1403715284.26150 1.133364000 0.063475000 0.087224000 0.597898000 -0.569466000 0.424309000 0.371736000
1403715284.31151 1.143191000 0.057519000 0.081730000 0.597075000 -0.570596000 0.427082000 0.368133000
1403715284.36155 1.149118000 0.054127000 0.076318000 0.596917000 -0.570973000 0.429194000 0.365339000
1403715284.41151 1.156237000 0.047978000 0.072822000 0.598370000 -0.568797000 0.429162000 0.366393000
1403715284.46149 1.164576000 0.038900000 0.070650000 0.600364000 -0.566087000 0.428511000 0.368084000
1403715284.51148 1.173926000 0.026708000 0.070321000 0.603280000 -0.562381000 0.426673000 0.371121000
1403715284.56151 1.180468000 0.013668000 0.070703000 0.605473000 -0.559006000 0.425970000 0.373449000
1403715284.61149 1.185390000 0.001779000 0.070783000 0.607478000 -0.555498000 0.425671000 0.375761000
1403715284.66154 1.189790000 -0.006165000 0.070734000 0.609237000 -0.552200000 0.425514000 0.377946000
1403715284.71149 1.195100000 -0.013756000 0.071099000 0.610531000 -0.549811000 0.425793000 0.379024000
1403715284.76160 1.201711000 -0.021553000 0.071175000 0.611150000 -0.547928000 0.425891000 0.380641000
1403715284.81157 1.208679000 -0.031534000 0.072220000 0.610674000 -0.547255000 0.425428000 0.382884000
1403715284.86153 1.215902000 -0.043078000 0.073949000 0.608248000 -0.547767000 0.425526000 0.385894000
1403715284.91149 1.223443000 -0.054725000 0.076623000 0.603667000 -0.550339000 0.426617000 0.388215000
1403715284.96146 1.229670000 -0.066336000 0.078952000 0.597351000 -0.553600000 0.427434000 0.392427000
1403715285.01142 1.235307000 -0.078953000 0.080019000 0.588781000 -0.558370000 0.429183000 0.396689000
1403715285.06141 1.241059000 -0.091418000 0.080994000 0.580129000 -0.563900000 0.429390000 0.401363000
1403715285.11162 1.246821000 -0.109601000 0.080131000 0.572164000 -0.570070000 0.426527000 0.407091000
1403715285.16170 1.252299000 -0.118366000 0.080161000 0.565164000 -0.577244000 0.421932000 0.411524000
1403715285.21179 1.255943000 -0.124530000 0.079633000 0.558578000 -0.585798000 0.416490000 0.413965000
1403715285.26190 1.260128000 -0.128171000 0.080226000 0.552619000 -0.594041000 0.411699000 0.415008000
1403715285.31187 1.263908000 -0.129902000 0.083041000 0.547784000 -0.602470000 0.407300000 0.413605000
1403715285.36187 1.265130000 -0.134454000 0.087317000 0.543977000 -0.610228000 0.402954000 0.411508000
1403715285.41187 1.267198000 -0.135790000 0.097839000 0.541864000 -0.616680000 0.398256000 0.409244000
1403715285.46187 1.268760000 -0.135242000 0.112831000 0.540298000 -0.621263000 0.394388000 0.408128000
1403715285.51189 1.268236000 -0.135827000 0.130637000 0.538730000 -0.625047000 0.391888000 0.406829000
1403715285.56190 1.265622000 -0.136568000 0.150213000 0.536487000 -0.628064000 0.391191000 0.405815000
1403715285.61188 1.261962000 -0.137970000 0.170495000 0.534551000 -0.630083000 0.391015000 0.405410000
1403715285.66187 1.256751000 -0.139986000 0.190896000 0.533519000 -0.631569000 0.390089000 0.405350000
1403715285.71182 1.249376000 -0.141714000 0.208670000 0.532029000 -0.633298000 0.389797000 0.404893000
1403715285.76182 1.242893000 -0.145017000 0.228800000 0.531264000 -0.633359000 0.388745000 0.406808000
1403715285.81183 1.235835000 -0.150547000 0.250074000 0.531189000 -0.633491000 0.387351000 0.408027000
1403715285.86188 1.226464000 -0.154841000 0.269735000 0.532436000 -0.632187000 0.384709000 0.410913000
1403715285.91197 1.214484000 -0.157633000 0.288151000 0.534614000 -0.630098000 0.381275000 0.414481000
1403715285.96208 1.198378000 -0.157594000 0.303480000 0.537156000 -0.628808000 0.377311000 0.416775000
1403715286.01218 1.179544000 -0.157643000 0.317056000 0.539227000 -0.627031000 0.374149000 0.419618000
1403715286.06214 1.158390000 -0.158538000 0.327868000 0.541060000 -0.625717000 0.371110000 0.421911000
1403715286.11211 1.136262000 -0.161282000 0.336181000 0.541621000 -0.625532000 0.369963000 0.422473000
1403715286.16204 1.116546000 -0.167029000 0.343655000 0.540979000 -0.626460000 0.370420000 0.421519000
1403715286.21199 1.100321000 -0.174803000 0.351494000 0.539860000 -0.628233000 0.371359000 0.419484000
1403715286.26199 1.085901000 -0.183163000 0.359557000 0.539324000 -0.629287000 0.371958000 0.418061000
1403715286.31201 1.074871000 -0.192051000 0.369399000 0.539718000 -0.628959000 0.371443000 0.418503000
1403715286.36202 1.064913000 -0.202186000 0.380005000 0.539983000 -0.628091000 0.371218000 0.419663000
1403715286.41202 1.055421000 -0.212771000 0.390241000 0.540501000 -0.627436000 0.370590000 0.420531000
1403715286.46201 1.045411000 -0.223888000 0.399447000 0.540964000 -0.626140000 0.370051000 0.422337000
1403715286.51200 1.034999000 -0.235455000 0.408460000 0.541382000 -0.625455000 0.368979000 0.423751000
1403715286.56202 1.024542000 -0.247062000 0.418043000 0.541197000 -0.624769000 0.368490000 0.425422000
1403715286.61208 1.014117000 -0.259109000 0.426744000 0.539290000 -0.624945000 0.368947000 0.427186000
1403715286.66213 1.003720000 -0.271884000 0.435344000 0.535526000 -0.625470000 0.369354000 0.430786000
1403715286.71218 0.993777000 -0.284822000 0.443466000 0.530200000 -0.625903000 0.370287000 0.435914000
1403715286.76215 0.983856000 -0.298125000 0.450696000 0.525009000 -0.627809000 0.369047000 0.440483000
1403715286.81207 0.973760000 -0.311433000 0.456744000 0.521372000 -0.631191000 0.365311000 0.443077000
1403715286.86201 0.964277000 -0.324050000 0.462888000 0.518718000 -0.635732000 0.360612000 0.443550000
1403715286.91195 0.954690000 -0.338251000 0.468705000 0.517489000 -0.639814000 0.355121000 0.443546000
1403715286.96194 0.945899000 -0.352870000 0.474294000 0.516221000 -0.643282000 0.350383000 0.443774000
1403715287.01198 0.937290000 -0.369046000 0.481309000 0.515271000 -0.646014000 0.345722000 0.444565000
1403715287.06201 0.929021000 -0.385464000 0.487854000 0.513800000 -0.648268000 0.342748000 0.445288000
1403715287.11214 0.922521000 -0.402306000 0.495143000 0.512540000 -0.649145000 0.340155000 0.447445000
1403715287.16222 0.917016000 -0.419423000 0.502363000 0.510189000 -0.649278000 0.339677000 0.450294000
1403715287.21228 0.912629000 -0.436444000 0.509258000 0.507405000 -0.648254000 0.340632000 0.454177000
1403715287.26224 0.908508000 -0.453360000 0.514955000 0.504965000 -0.646941000 0.341765000 0.457902000
1403715287.31230 0.903218000 -0.470427000 0.520314000 0.502198000 -0.646216000 0.343713000 0.460504000
1403715287.36230 0.899380000 -0.487053000 0.524456000 0.500071000 -0.646282000 0.344734000 0.461959000
1403715287.41230 0.896334000 -0.502942000 0.528949000 0.497922000 -0.647203000 0.346695000 0.461524000
1403715287.46234 0.890999000 -0.515343000 0.533785000 0.494522000 -0.649482000 0.349409000 0.459928000
1403715287.51236 0.887058000 -0.528084000 0.539155000 0.490896000 -0.652280000 0.351250000 0.458449000
1403715287.56237 0.884532000 -0.540589000 0.545519000 0.485962000 -0.656130000 0.352006000 0.457631000
1403715287.61237 0.878437000 -0.549787000 0.553449000 0.479974000 -0.661561000 0.351649000 0.456404000
1403715287.66241 0.874125000 -0.561667000 0.561290000 0.473154000 -0.667113000 0.350446000 0.456370000
1403715287.71245 0.868773000 -0.572398000 0.569617000 0.465915000 -0.672687000 0.347935000 0.457556000
1403715287.76251 0.862524000 -0.582434000 0.578492000 0.458460000 -0.677915000 0.344224000 0.460169000
1403715287.81253 0.856323000 -0.591947000 0.587428000 0.450831000 -0.682089000 0.339114000 0.465305000
1403715287.86255 0.849251000 -0.600955000 0.596958000 0.442660000 -0.686399000 0.333515000 0.470824000
1403715287.91254 0.839903000 -0.608157000 0.606307000 0.433978000 -0.690469000 0.326820000 0.477603000
1403715287.96254 0.830589000 -0.616048000 0.615396000 0.424920000 -0.694771000 0.319367000 0.484501000
1403715288.01253 0.820443000 -0.622163000 0.622744000 0.415112000 -0.699181000 0.312094000 0.491350000
1403715288.06255 0.809740000 -0.629698000 0.630404000 0.404758000 -0.703921000 0.305331000 0.497432000
1403715288.11255 0.799746000 -0.637434000 0.637064000 0.395410000 -0.708689000 0.299411000 0.501761000
1403715288.16257 0.790208000 -0.645372000 0.642412000 0.387734000 -0.712805000 0.293776000 0.505240000
1403715288.21258 0.781286000 -0.653387000 0.645535000 0.381644000 -0.716536000 0.288474000 0.507648000
1403715288.26256 0.772978000 -0.660906000 0.646229000 0.376481000 -0.720057000 0.283912000 0.509091000
1403715288.31258 0.765267000 -0.667691000 0.644287000 0.373007000 -0.722063000 0.279287000 0.511360000
1403715288.36259 0.758405000 -0.675165000 0.639301000 0.369834000 -0.723933000 0.276197000 0.512699000
1403715288.41262 0.752099000 -0.683011000 0.632546000 0.366975000 -0.725800000 0.274769000 0.512879000
1403715288.46262 0.747349000 -0.691534000 0.628970000 0.364579000 -0.727177000 0.274363000 0.512855000
1403715288.51263 0.743254000 -0.695301000 0.627129000 0.362956000 -0.727621000 0.274170000 0.513480000
1403715288.56270 0.737502000 -0.699107000 0.627054000 0.361832000 -0.728647000 0.274412000 0.512688000
1403715288.61270 0.731659000 -0.701311000 0.630416000 0.360608000 -0.729129000 0.275639000 0.512207000
1403715288.66271 0.724956000 -0.703354000 0.636997000 0.360173000 -0.729899000 0.276065000 0.511187000
1403715288.71272 0.716433000 -0.703302000 0.645304000 0.360599000 -0.729577000 0.276028000 0.511365000
1403715288.76273 0.707101000 -0.702664000 0.654161000 0.362919000 -0.729125000 0.273662000 0.511641000
1403715288.81274 0.697696000 -0.701256000 0.661649000 0.364460000 -0.728745000 0.272250000 0.511839000
1403715288.86273 0.687749000 -0.699077000 0.665997000 0.366059000 -0.728485000 0.269462000 0.512544000
1403715288.91276 0.675994000 -0.692657000 0.669743000 0.366994000 -0.728699000 0.265495000 0.513639000
1403715288.96277 0.666227000 -0.691126000 0.669347000 0.366297000 -0.729196000 0.261956000 0.515247000
1403715289.01278 0.657636000 -0.688792000 0.665311000 0.364204000 -0.731087000 0.258577000 0.515757000
1403715289.06279 0.649410000 -0.686273000 0.657335000 0.361027000 -0.733383000 0.255245000 0.516390000
1403715289.11279 0.640372000 -0.682189000 0.644799000 0.357465000 -0.735731000 0.251040000 0.517588000
1403715289.16281 0.632221000 -0.678477000 0.630948000 0.354468000 -0.737696000 0.246499000 0.519033000
1403715289.21275 0.623798000 -0.674951000 0.616180000 0.351601000 -0.739112000 0.242423000 0.520885000
1403715289.26275 0.615538000 -0.670520000 0.600650000 0.348239000 -0.741177000 0.239070000 0.521758000
1403715289.31271 0.607641000 -0.667284000 0.585567000 0.344618000 -0.743277000 0.234409000 0.523288000
1403715289.36270 0.599928000 -0.663961000 0.570224000 0.339959000 -0.745465000 0.229742000 0.525290000
1403715289.41269 0.591284000 -0.660792000 0.552275000 0.334031000 -0.748850000 0.225216000 0.526237000
1403715289.46268 0.584304000 -0.659787000 0.536091000 0.327511000 -0.752646000 0.220370000 0.526970000
1403715289.51269 0.576059000 -0.658623000 0.516557000 0.320534000 -0.756756000 0.215289000 0.527474000
1403715289.56269 0.569982000 -0.658409000 0.499234000 0.313042000 -0.760458000 0.210582000 0.528549000
1403715289.61267 0.564066000 -0.658835000 0.481568000 0.306002000 -0.764314000 0.205943000 0.528937000
1403715289.66266 0.558278000 -0.659982000 0.462971000 0.300380000 -0.768102000 0.201319000 0.528452000
1403715289.71264 0.551728000 -0.662444000 0.443470000 0.294838000 -0.771380000 0.198818000 0.527745000
1403715289.76262 0.546167000 -0.665835000 0.426622000 0.291431000 -0.772896000 0.196135000 0.528423000
1403715289.81259 0.540886000 -0.670391000 0.411708000 0.288792000 -0.774019000 0.194958000 0.528663000
1403715289.86256 0.534891000 -0.676390000 0.399486000 0.286875000 -0.774278000 0.195059000 0.529290000
1403715289.91255 0.527962000 -0.684864000 0.387911000 0.285041000 -0.774531000 0.196806000 0.529264000
1403715289.96253 0.522935000 -0.693266000 0.380607000 0.285226000 -0.774901000 0.197581000 0.528333000
1403715290.01253 0.517614000 -0.702635000 0.375918000 0.286022000 -0.774893000 0.198814000 0.527452000
1403715290.06251 0.512268000 -0.713091000 0.374357000 0.287773000 -0.773879000 0.200282000 0.527433000
1403715290.11249 0.508396000 -0.726111000 0.374113000 0.290053000 -0.771787000 0.201528000 0.528772000
1403715290.16250 0.501696000 -0.740818000 0.377408000 0.293260000 -0.770221000 0.203206000 0.528644000
1403715290.21251 0.496223000 -0.754213000 0.383762000 0.297257000 -0.769872000 0.203317000 0.526876000
1403715290.26253 0.491648000 -0.768769000 0.391789000 0.300441000 -0.770315000 0.204274000 0.524044000
1403715290.31255 0.486821000 -0.784333000 0.399938000 0.303080000 -0.770772000 0.205547000 0.521348000
1403715290.36255 0.482493000 -0.801214000 0.406859000 0.305354000 -0.771561000 0.206743000 0.518373000
1403715290.41258 0.478082000 -0.819309000 0.412925000 0.306111000 -0.773075000 0.209148000 0.514692000
1403715290.46255 0.474850000 -0.838258000 0.417717000 0.306782000 -0.774411000 0.210386000 0.511772000
1403715290.51250 0.469712000 -0.858778000 0.421343000 0.306663000 -0.773974000 0.212516000 0.511623000
1403715290.56246 0.461964000 -0.877887000 0.425602000 0.306930000 -0.772671000 0.213431000 0.513051000
1403715290.61245 0.453570000 -0.896918000 0.430054000 0.305625000 -0.771216000 0.215785000 0.515030000
1403715290.66243 0.445355000 -0.916170000 0.431989000 0.303854000 -0.771272000 0.217096000 0.515442000
1403715290.71242 0.436535000 -0.936184000 0.432428000 0.302756000 -0.769316000 0.217380000 0.518881000
1403715290.76242 0.428176000 -0.956355000 0.434023000 0.301931000 -0.767305000 0.217352000 0.522341000
1403715290.81240 0.419411000 -0.977232000 0.435815000 0.300292000 -0.766018000 0.218475000 0.524700000
1403715290.86235 0.410793000 -0.998466000 0.437586000 0.298329000 -0.766285000 0.219832000 0.524862000
1403715290.91233 0.402334000 -1.019947000 0.439273000 0.296876000 -0.767181000 0.219822000 0.524382000
1403715290.96233 0.394735000 -1.041476000 0.441061000 0.293600000 -0.767446000 0.221603000 0.525089000
1403715291.01233 0.388042000 -1.062884000 0.443498000 0.289057000 -0.767857000 0.224332000 0.525849000
1403715291.06231 0.380873000 -1.083326000 0.445449000 0.283862000 -0.768610000 0.227906000 0.526041000
1403715291.11230 0.372815000 -1.103556000 0.445853000 0.278329000 -0.770035000 0.230656000 0.525715000
1403715291.16231 0.363555000 -1.122597000 0.446011000 0.272843000 -0.771265000 0.233236000 0.525650000
1403715291.21231 0.353584000 -1.140463000 0.446047000 0.267613000 -0.772449000 0.234552000 0.526015000
1403715291.26231 0.342570000 -1.156470000 0.445882000 0.263072000 -0.773692000 0.234548000 0.526480000
1403715291.31230 0.330994000 -1.171641000 0.444762000 0.259070000 -0.775017000 0.233084000 0.527165000
1403715291.36229 0.318628000 -1.186414000 0.442607000 0.255173000 -0.776070000 0.231235000 0.528330000
1403715291.41230 0.305605000 -1.198465000 0.439505000 0.251418000 -0.777595000 0.229056000 0.528836000
1403715291.46229 0.291501000 -1.209132000 0.436316000 0.248067000 -0.779504000 0.225743000 0.529034000
1403715291.51229 0.276301000 -1.218857000 0.432688000 0.245789000 -0.782206000 0.220761000 0.528210000
1403715291.56229 0.261178000 -1.226868000 0.428252000 0.242196000 -0.784946000 0.216987000 0.527369000
1403715291.61229 0.245166000 -1.233961000 0.423738000 0.238119000 -0.787591000 0.214041000 0.526485000
1403715291.66230 0.228098000 -1.240845000 0.419620000 0.233984000 -0.789800000 0.211737000 0.525961000
1403715291.71231 0.209989000 -1.247484000 0.414601000 0.230126000 -0.791963000 0.209519000 0.525298000
1403715291.76232 0.189994000 -1.254100000 0.409918000 0.229141000 -0.792927000 0.204495000 0.526254000
1403715291.81232 0.169896000 -1.259764000 0.405691000 0.229076000 -0.793280000 0.199035000 0.527842000
1403715291.86232 0.148763000 -1.264953000 0.401386000 0.232040000 -0.792685000 0.190431000 0.530608000
1403715291.91232 0.127038000 -1.270353000 0.396546000 0.234931000 -0.792069000 0.182546000 0.533020000
1403715291.96233 0.104908000 -1.276131000 0.389300000 0.235604000 -0.792179000 0.178361000 0.533976000
1403715292.01235 0.082149000 -1.283270000 0.381886000 0.236897000 -0.792484000 0.174419000 0.534253000
1403715292.06238 0.059173000 -1.290757000 0.374877000 0.237699000 -0.792513000 0.172394000 0.534511000
1403715292.11242 0.036959000 -1.299169000 0.370120000 0.239250000 -0.792586000 0.172765000 0.533591000
1403715292.16245 0.014593000 -1.306347000 0.364274000 0.242362000 -0.792028000 0.174247000 0.532532000
1403715292.21243 -0.007487000 -1.313872000 0.360259000 0.247552000 -0.790709000 0.176389000 0.531399000
1403715292.26240 -0.028928000 -1.322778000 0.356851000 0.254111000 -0.788985000 0.179507000 0.529818000
1403715292.31239 -0.048892000 -1.333883000 0.354981000 0.262442000 -0.787201000 0.183180000 0.527148000
1403715292.36234 -0.072690000 -1.346842000 0.351487000 0.272728000 -0.784283000 0.186805000 0.524998000
1403715292.41231 -0.096596000 -1.359678000 0.346877000 0.282099000 -0.780764000 0.192550000 0.523213000
1403715292.46230 -0.122171000 -1.374416000 0.340673000 0.293459000 -0.777344000 0.197628000 0.520156000
1403715292.51229 -0.147524000 -1.390110000 0.334592000 0.303516000 -0.772322000 0.205435000 0.518838000
1403715292.56228 -0.171202000 -1.406671000 0.329275000 0.314022000 -0.765413000 0.214450000 0.519176000
1403715292.61226 -0.194391000 -1.423844000 0.324831000 0.325642000 -0.757059000 0.223077000 0.520631000
1403715292.66225 -0.216804000 -1.441587000 0.321895000 0.337431000 -0.746091000 0.232466000 0.524831000
1403715292.71224 -0.238163000 -1.459793000 0.319001000 0.349925000 -0.736832000 0.240893000 0.525929000
1403715292.76222 -0.257845000 -1.479001000 0.316994000 0.362579000 -0.727028000 0.249097000 0.527179000
1403715292.81221 -0.276474000 -1.496889000 0.317425000 0.375120000 -0.718451000 0.257287000 0.526229000
1403715292.86223 -0.293826000 -1.514708000 0.320582000 0.387541000 -0.711693000 0.264942000 0.522600000
1403715292.91224 -0.309690000 -1.533075000 0.326179000 0.399643000 -0.706942000 0.272524000 0.515994000
1403715292.96225 -0.322976000 -1.552616000 0.334973000 0.409600000 -0.703196000 0.281968000 0.508170000
1403715293.01221 -0.334854000 -1.572713000 0.346264000 0.417875000 -0.698736000 0.292394000 0.501651000
1403715293.06220 -0.346089000 -1.592911000 0.360226000 0.426063000 -0.694073000 0.302518000 0.495193000
1403715293.11220 -0.357355000 -1.613194000 0.375211000 0.433292000 -0.688956000 0.313136000 0.489431000
1403715293.16220 -0.367471000 -1.634127000 0.390407000 0.440946000 -0.684417000 0.321693000 0.483377000
1403715293.21221 -0.378329000 -1.653876000 0.405823000 0.449328000 -0.679267000 0.329174000 0.477855000
1403715293.26219 -0.389096000 -1.672629000 0.421346000 0.456389000 -0.673452000 0.337624000 0.473479000
1403715293.31218 -0.400047000 -1.690789000 0.436860000 0.464136000 -0.666561000 0.344627000 0.470644000
1403715293.36218 -0.410772000 -1.707666000 0.452760000 0.471048000 -0.659478000 0.352014000 0.468283000
1403715293.41217 -0.421884000 -1.724177000 0.468774000 0.476764000 -0.651861000 0.360828000 0.466451000
1403715293.46218 -0.431957000 -1.737426000 0.484475000 0.482846000 -0.645029000 0.368070000 0.464028000
1403715293.51221 -0.442346000 -1.749589000 0.499412000 0.489897000 -0.639760000 0.373212000 0.459805000
1403715293.56223 -0.452590000 -1.760559000 0.514227000 0.496843000 -0.635319000 0.377867000 0.454680000
1403715293.61227 -0.462669000 -1.770334000 0.529040000 0.504116000 -0.631602000 0.381184000 0.449049000
1403715293.66229 -0.472870000 -1.779440000 0.543015000 0.511721000 -0.628232000 0.383520000 0.443147000
1403715293.71231 -0.483431000 -1.787778000 0.556869000 0.518811000 -0.624436000 0.386107000 0.437991000
1403715293.76231 -0.493770000 -1.795654000 0.571164000 0.525687000 -0.620606000 0.388726000 0.432889000
1403715293.81230 -0.504060000 -1.803225000 0.584960000 0.532736000 -0.616090000 0.391278000 0.428400000
1403715293.86230 -0.514532000 -1.811032000 0.598826000 0.539114000 -0.612024000 0.394737000 0.423043000
1403715293.91229 -0.524714000 -1.818099000 0.611871000 0.545837000 -0.607348000 0.397882000 0.418186000
1403715293.96229 -0.535152000 -1.826304000 0.624626000 0.552562000 -0.601513000 0.401539000 0.414274000
1403715294.01229 -0.545846000 -1.835021000 0.636055000 0.559283000 -0.595253000 0.405849000 0.410078000
1403715294.06229 -0.556345000 -1.843334000 0.643436000 0.565746000 -0.588642000 0.410653000 0.405951000
1403715294.11230 -0.566613000 -1.851937000 0.648618000 0.571307000 -0.581568000 0.416829000 0.402046000
1403715294.16230 -0.577264000 -1.860875000 0.651131000 0.576346000 -0.574103000 0.423566000 0.398525000
1403715294.21230 -0.588170000 -1.869709000 0.651079000 0.581297000 -0.566558000 0.430350000 0.394848000
1403715294.26229 -0.599051000 -1.877790000 0.647702000 0.586341000 -0.559419000 0.437054000 0.390177000
1403715294.31229 -0.610452000 -1.885664000 0.641143000 0.591668000 -0.552225000 0.443046000 0.385600000
1403715294.36229 -0.623074000 -1.894076000 0.631819000 0.597575000 -0.545257000 0.448139000 0.380488000
1403715294.41229 -0.635239000 -1.899871000 0.619158000 0.603407000 -0.537540000 0.453427000 0.375970000
1403715294.46228 -0.647885000 -1.905308000 0.606216000 0.609902000 -0.529636000 0.457467000 0.371792000
1403715294.51227 -0.660666000 -1.909738000 0.592975000 0.616604000 -0.521585000 0.461199000 0.367484000
1403715294.56226 -0.673669000 -1.913205000 0.580554000 0.624651000 -0.514716000 0.463371000 0.360785000
1403715294.61226 -0.686338000 -1.915540000 0.567505000 0.633488000 -0.507987000 0.464252000 0.353711000
1403715294.66227 -0.698997000 -1.916624000 0.553794000 0.642921000 -0.500286000 0.464047000 0.347888000
1403715294.71227 -0.711662000 -1.917708000 0.539752000 0.652361000 -0.492505000 0.463735000 0.341781000
1403715294.76226 -0.723985000 -1.918725000 0.525833000 0.660802000 -0.484515000 0.464368000 0.336077000
1403715294.81222 -0.735612000 -1.919843000 0.511220000 0.668216000 -0.476807000 0.466114000 0.329969000
1403715294.86221 -0.747145000 -1.921465000 0.497604000 0.675054000 -0.468598000 0.468273000 0.324713000
1403715294.91220 -0.757876000 -1.923561000 0.484183000 0.681176000 -0.459851000 0.471104000 0.320309000
1403715294.96216 -0.769082000 -1.926269000 0.470930000 0.685804000 -0.450346000 0.475781000 0.317009000
1403715295.01216 -0.778452000 -1.928540000 0.458682000 0.689510000 -0.441548000 0.481362000 0.312893000
1403715295.06215 -0.787100000 -1.930596000 0.446502000 0.693374000 -0.433292000 0.486472000 0.307956000
1403715295.11215 -0.795392000 -1.932749000 0.433306000 0.695771000 -0.425138000 0.493715000 0.302335000
1403715295.16215 -0.803106000 -1.934319000 0.420928000 0.697678000 -0.417627000 0.500981000 0.296398000
1403715295.21216 -0.810082000 -1.935120000 0.410534000 0.700102000 -0.409969000 0.507319000 0.290534000
1403715295.26215 -0.817045000 -1.933489000 0.403064000 0.703206000 -0.402851000 0.512484000 0.283854000
1403715295.31215 -0.824189000 -1.932710000 0.399320000 0.707407000 -0.394577000 0.516562000 0.277575000
1403715295.36214 -0.831292000 -1.931024000 0.398629000 0.713759000 -0.386015000 0.518378000 0.269860000
1403715295.41212 -0.837455000 -1.928427000 0.400745000 0.719931000 -0.376496000 0.520347000 0.263037000
1403715295.46212 -0.844461000 -1.926360000 0.405670000 0.726092000 -0.366414000 0.522482000 0.256016000
1403715295.51213 -0.851535000 -1.924124000 0.410843000 0.731976000 -0.356022000 0.524540000 0.249635000
1403715295.56213 -0.859073000 -1.922190000 0.413598000 0.737324000 -0.345255000 0.526152000 0.245595000
1403715295.61213 -0.866733000 -1.919795000 0.412566000 0.741635000 -0.336287000 0.527850000 0.241376000
1403715295.66212 -0.874852000 -1.916349000 0.409546000 0.744641000 -0.328526000 0.529943000 0.238205000
1403715295.71212 -0.882961000 -1.913803000 0.403454000 0.746304000 -0.321976000 0.532847000 0.235451000
1403715295.76212 -0.890461000 -1.910692000 0.395128000 0.748405000 -0.315494000 0.535210000 0.232173000
1403715295.81212 -0.897870000 -1.907113000 0.385409000 0.749670000 -0.309954000 0.538872000 0.227026000
1403715295.86212 -0.905414000 -1.903264000 0.375752000 0.750164000 -0.304429000 0.543391000 0.222043000
1403715295.91211 -0.913237000 -1.898032000 0.364998000 0.751577000 -0.299169000 0.546792000 0.215983000
1403715295.96211 -0.921522000 -1.892221000 0.353742000 0.751872000 -0.294378000 0.551389000 0.209764000
1403715296.01211 -0.930725000 -1.886313000 0.341213000 0.752303000 -0.290376000 0.555071000 0.204008000
1403715296.06213 -0.940656000 -1.879545000 0.327349000 0.753276000 -0.288319000 0.557386000 0.196896000
1403715296.11215 -0.949203000 -1.874497000 0.311668000 0.755729000 -0.287782000 0.556905000 0.189507000
1403715296.16215 -0.961007000 -1.867771000 0.295679000 0.759853000 -0.286199000 0.554377000 0.182702000
1403715296.21216 -0.973519000 -1.861733000 0.279502000 0.764557000 -0.283491000 0.551113000 0.177087000
1403715296.26216 -0.986794000 -1.856292000 0.263156000 0.769468000 -0.280419000 0.547693000 0.171221000
1403715296.31216 -1.000575000 -1.851821000 0.247304000 0.775832000 -0.277164000 0.542124000 0.165426000
1403715296.36216 -1.014663000 -1.848406000 0.234389000 0.782160000 -0.272807000 0.536566000 0.160933000
1403715296.41215 -1.028347000 -1.846672000 0.223890000 0.786724000 -0.267787000 0.533908000 0.155879000
1403715296.46214 -1.042039000 -1.847555000 0.216505000 0.789479000 -0.263079000 0.533801000 0.150231000
1403715296.51214 -1.055086000 -1.849749000 0.210606000 0.791572000 -0.259563000 0.533951000 0.144694000
1403715296.56215 -1.067828000 -1.853702000 0.207349000 0.793059000 -0.254767000 0.534802000 0.141908000
1403715296.61216 -1.080630000 -1.859238000 0.207183000 0.794213000 -0.248947000 0.535794000 0.142044000
1403715296.66217 -1.092925000 -1.866151000 0.208415000 0.793612000 -0.242829000 0.539009000 0.143817000
1403715296.71218 -1.103550000 -1.874242000 0.209469000 0.792976000 -0.237909000 0.541789000 0.145097000
1403715296.76218 -1.114720000 -1.883929000 0.210086000 0.792242000 -0.234347000 0.544378000 0.145209000
1403715296.81218 -1.125380000 -1.894113000 0.210847000 0.792126000 -0.229667000 0.546060000 0.146999000
1403715296.86218 -1.136146000 -1.904676000 0.211985000 0.791660000 -0.224077000 0.548322000 0.149690000
1403715296.91218 -1.147400000 -1.912998000 0.214024000 0.791609000 -0.217358000 0.550684000 0.151188000
1403715296.96219 -1.156155000 -1.923731000 0.214353000 0.791622000 -0.210074000 0.553415000 0.151447000
1403715297.01222 -1.164713000 -1.933611000 0.213586000 0.793300000 -0.204051000 0.554514000 0.146806000
1403715297.06226 -1.174102000 -1.942387000 0.211538000 0.796760000 -0.199700000 0.553563000 0.137338000
1403715297.11227 -1.182901000 -1.951105000 0.209728000 0.799861000 -0.194302000 0.553303000 0.127771000
1403715297.16228 -1.191017000 -1.960296000 0.205819000 0.805617000 -0.188950000 0.549335000 0.116232000
1403715297.21228 -1.198115000 -1.970169000 0.201536000 0.811586000 -0.181758000 0.545193000 0.105151000
1403715297.26228 -1.203843000 -1.980946000 0.197284000 0.816169000 -0.173451000 0.543113000 0.093863000
1403715297.31229 -1.208435000 -1.992885000 0.192269000 0.819562000 -0.163698000 0.542706000 0.083609000
1403715297.36228 -1.211837000 -2.006684000 0.186726000 0.822471000 -0.153022000 0.542733000 0.074608000
1403715297.41228 -1.214199000 -2.022253000 0.181379000 0.824152000 -0.140581000 0.544315000 0.068780000
1403715297.46227 -1.215884000 -2.039477000 0.176009000 0.825533000 -0.129039000 0.545755000 0.063210000
1403715297.51225 -1.215071000 -2.057685000 0.170692000 0.826285000 -0.117101000 0.547784000 0.058925000
1403715297.56225 -1.212894000 -2.077453000 0.165773000 0.827361000 -0.107618000 0.548700000 0.053108000
1403715297.61226 -1.209766000 -2.098153000 0.159437000 0.829367000 -0.099805000 0.547821000 0.045621000
1403715297.66227 -1.206289000 -2.119858000 0.152792000 0.831441000 -0.093280000 0.546426000 0.037730000
1403715297.71227 -1.201139000 -2.142328000 0.146963000 0.832650000 -0.087834000 0.546012000 0.029152000
1403715297.76227 -1.193975000 -2.165795000 0.142274000 0.833264000 -0.082353000 0.546305000 0.020955000
1403715297.81228 -1.185057000 -2.190567000 0.139471000 0.830761000 -0.075620000 0.551275000 0.014622000
1403715297.86228 -1.174761000 -2.216655000 0.137717000 0.826933000 -0.068240000 0.558077000 0.008687000
1403715297.91229 -1.163207000 -2.243321000 0.136833000 0.822505000 -0.059923000 0.565580000 0.003775000
1403715297.96229 -1.150826000 -2.271276000 0.136366000 -0.815793000 0.052008000 -0.575994000 0.002681000
1403715298.01229 -1.138575000 -2.300512000 0.136208000 -0.809096000 0.041952000 -0.586128000 0.007578000
1403715298.06229 -1.127573000 -2.329921000 0.136168000 -0.803849000 0.029802000 -0.593977000 0.011421000
1403715298.11230 -1.117888000 -2.359565000 0.136286000 -0.799850000 0.015216000 -0.599885000 0.012126000
1403715298.16235 -1.109366000 -2.389973000 0.135283000 -0.798387000 -0.001841000 -0.602057000 0.010076000
1403715298.21237 -1.102228000 -2.420372000 0.133287000 -0.798429000 -0.019784000 -0.601728000 0.006632000
1403715298.26239 -1.096966000 -2.450110000 0.131554000 -0.798989000 -0.036940000 -0.600194000 0.004409000
1403715298.31239 -1.093503000 -2.478798000 0.130503000 -0.799679000 -0.050979000 -0.598248000 0.003830000
1403715298.36239 -1.091753000 -2.506124000 0.129403000 -0.801770000 -0.062361000 -0.594355000 0.004173000
1403715298.41239 -1.091294000 -2.531652000 0.129343000 -0.804173000 -0.070884000 -0.590133000 0.004952000
1403715298.46239 -1.091795000 -2.555384000 0.130010000 -0.806213000 -0.077704000 -0.586476000 0.005287000
1403715298.51240 -1.092264000 -2.577103000 0.131224000 -0.807363000 -0.083931000 -0.584041000 0.004052000
1403715298.56239 -1.093143000 -2.596796000 0.132417000 -0.807782000 -0.090003000 -0.582570000 0.000719000
1403715298.61241 -1.093381000 -2.614391000 0.133418000 0.807600000 0.095124000 0.581997000 0.003583000
1403715298.66241 -1.094708000 -2.628063000 0.135369000 0.807016000 0.099626000 0.582016000 0.007637000
1403715298.71242 -1.095541000 -2.637880000 0.138767000 0.806674000 0.102401000 0.581952000 0.011101000
1403715298.76242 -1.098763000 -2.643152000 0.142942000 0.806037000 0.103294000 0.582635000 0.013064000
1403715298.81241 -1.102284000 -2.645485000 0.147414000 0.806883000 0.101443000 0.581815000 0.011850000
1403715298.86238 -1.106577000 -2.644412000 0.150628000 0.811694000 0.094378000 0.576400000 0.002901000
1403715298.91237 -1.110725000 -2.639443000 0.153492000 -0.816939000 -0.085560000 -0.570250000 0.010319000
1403715298.96237 -1.114663000 -2.631751000 0.156321000 -0.821847000 -0.078159000 -0.563784000 0.024612000
1403715299.01237 -1.118416000 -2.622407000 0.159297000 -0.825507000 -0.074978000 -0.558253000 0.035622000
1403715299.06238 -1.121146000 -2.611406000 0.162323000 -0.827935000 -0.074319000 -0.554016000 0.045459000
1403715299.11239 -1.122229000 -2.598371000 0.165477000 -0.829061000 -0.076377000 -0.551364000 0.053130000
1403715299.16240 -1.122033000 -2.584587000 0.169155000 -0.829494000 -0.080061000 -0.549476000 0.060052000
1403715299.21240 -1.121111000 -2.569496000 0.172784000 -0.829505000 -0.085305000 -0.547938000 0.066399000
1403715299.26241 -1.118799000 -2.555912000 0.176468000 -0.829605000 -0.091483000 -0.545990000 0.072679000
1403715299.31240 -1.115446000 -2.540475000 0.180165000 -0.828673000 -0.098362000 -0.545279000 0.079353000
1403715299.36240 -1.109427000 -2.527012000 0.183789000 -0.827970000 -0.106011000 -0.543890000 0.086088000
1403715299.41240 -1.101969000 -2.513596000 0.187756000 -0.826556000 -0.114154000 -0.543193000 0.093354000
1403715299.46240 -1.092133000 -2.500061000 0.191930000 -0.824588000 -0.123277000 -0.542919000 0.100482000
1403715299.51240 -1.081133000 -2.486863000 0.196288000 -0.821552000 -0.132817000 -0.543775000 0.108264000
1403715299.56240 -1.069355000 -2.474093000 0.200667000 -0.818329000 -0.143180000 -0.544381000 0.116129000
1403715299.61241 -1.055233000 -2.460867000 0.204428000 -0.814165000 -0.154032000 -0.546009000 0.123624000
1403715299.66241 -1.041604000 -2.447730000 0.207512000 -0.811088000 -0.164765000 -0.545540000 0.131817000
1403715299.71241 -1.027146000 -2.434868000 0.210277000 -0.807063000 -0.175488000 -0.545868000 0.141002000
1403715299.76241 -1.011901000 -2.422314000 0.212817000 -0.803914000 -0.187800000 -0.544281000 0.149038000
1403715299.81240 -0.995963000 -2.410156000 0.215343000 -0.799753000 -0.199502000 -0.543533000 0.158637000
1403715299.86240 -0.979200000 -2.398572000 0.217004000 -0.796136000 -0.211719000 -0.541430000 0.167916000
1403715299.91240 -0.961901000 -2.386878000 0.219158000 -0.791497000 -0.224758000 -0.540344000 0.176199000
1403715299.96239 -0.943600000 -2.375351000 0.221098000 -0.786658000 -0.237395000 -0.539198000 0.184602000
1403715300.01239 -0.923966000 -2.364163000 0.222552000 -0.782643000 -0.249085000 -0.537256000 0.191786000
1403715300.06240 -0.903864000 -2.353325000 0.225117000 -0.776361000 -0.259565000 -0.539106000 0.198127000
1403715300.11241 -0.883243000 -2.343398000 0.226941000 -0.770556000 -0.267860000 -0.541134000 0.204128000
1403715300.16242 -0.862706000 -2.334607000 0.228358000 -0.764839000 -0.276700000 -0.543954000 0.206329000
1403715300.21242 -0.839877000 -2.326189000 0.226936000 -0.758964000 -0.285638000 -0.547728000 0.205860000
1403715300.26242 -0.819273000 -2.318482000 0.227169000 -0.753384000 -0.292010000 -0.551829000 0.206462000
1403715300.31242 -0.799844000 -2.311246000 0.227808000 -0.749819000 -0.294592000 -0.553841000 0.210350000
1403715300.36242 -0.781438000 -2.304006000 0.228035000 -0.747025000 -0.295157000 -0.555500000 0.215071000
1403715300.41242 -0.763981000 -2.297367000 0.229058000 -0.745658000 -0.294462000 -0.555709000 0.220167000
1403715300.46242 -0.747613000 -2.291930000 0.231306000 -0.744980000 -0.293005000 -0.555686000 0.224425000
1403715300.51242 -0.732596000 -2.287765000 0.233579000 -0.744590000 -0.292589000 -0.555725000 0.226156000
1403715300.56241 -0.718232000 -2.283692000 0.235262000 -0.745289000 -0.291261000 -0.554834000 0.227749000
1403715300.61241 -0.704912000 -2.280910000 0.236862000 -0.746552000 -0.290234000 -0.553543000 0.228065000
1403715300.66243 -0.692291000 -2.278996000 0.238548000 -0.747672000 -0.289026000 -0.552702000 0.227972000
1403715300.71243 -0.680877000 -2.278641000 0.240325000 -0.749130000 -0.287194000 -0.551568000 0.228246000
1403715300.76244 -0.671035000 -2.278968000 0.244022000 -0.749843000 -0.285334000 -0.551770000 0.227751000
1403715300.81245 -0.661469000 -2.281498000 0.245562000 -0.749772000 -0.284483000 -0.552992000 0.226077000
1403715300.86245 -0.652625000 -2.285026000 0.247024000 -0.749255000 -0.284580000 -0.554921000 0.222922000
1403715300.91245 -0.644811000 -2.289533000 0.247961000 -0.748762000 -0.285379000 -0.556804000 0.218823000
1403715300.96245 -0.637870000 -2.295129000 0.249214000 -0.748372000 -0.286149000 -0.558463000 0.214890000
1403715301.01246 -0.631929000 -2.301362000 0.250335000 -0.747978000 -0.286606000 -0.560001000 0.211624000
1403715301.06246 -0.627152000 -2.308136000 0.251170000 -0.747127000 -0.286814000 -0.562206000 0.208479000
1403715301.11246 -0.623285000 -2.315412000 0.251932000 -0.745467000 -0.286870000 -0.565484000 0.205457000
1403715301.16246 -0.620990000 -2.323087000 0.252515000 -0.743537000 -0.287489000 -0.568894000 0.202146000
1403715301.21246 -0.620465000 -2.331292000 0.252850000 -0.741458000 -0.288153000 -0.572479000 0.198682000
1403715301.26246 -0.621754000 -2.339765000 0.252542000 -0.739978000 -0.289304000 -0.574903000 0.195505000
1403715301.31246 -0.625381000 -2.348261000 0.251915000 -0.738495000 -0.290245000 -0.576994000 0.193550000
1403715301.36247 -0.630877000 -2.357365000 0.250621000 -0.737904000 -0.290582000 -0.577876000 0.192665000
1403715301.41247 -0.639207000 -2.366070000 0.248538000 -0.738552000 -0.290464000 -0.577021000 0.192923000
1403715301.46246 -0.649939000 -2.375369000 0.246667000 -0.741055000 -0.288457000 -0.573709000 0.196183000
1403715301.51246 -0.662672000 -2.384966000 0.243605000 -0.745519000 -0.286372000 -0.567723000 0.199706000
1403715301.56247 -0.677085000 -2.394758000 0.239608000 -0.751025000 -0.284826000 -0.560412000 0.201926000
1403715301.61248 -0.692592000 -2.404686000 0.235078000 -0.756551000 -0.283346000 -0.553190000 0.203289000
1403715301.66248 -0.708630000 -2.414847000 0.230116000 -0.760980000 -0.281375000 -0.547523000 0.204833000
1403715301.71247 -0.724729000 -2.425382000 0.224470000 -0.763759000 -0.280191000 -0.544299000 0.204705000
1403715301.76245 -0.740594000 -2.436023000 0.218246000 -0.765170000 -0.279938000 -0.543156000 0.202808000
1403715301.81241 -0.756195000 -2.446025000 0.212131000 -0.764361000 -0.281088000 -0.545021000 0.199233000
1403715301.86240 -0.771881000 -2.455590000 0.205653000 -0.763290000 -0.282404000 -0.547259000 0.195304000
1403715301.91239 -0.788160000 -2.464695000 0.199640000 -0.762873000 -0.283115000 -0.548642000 0.191997000
1403715301.96239 -0.804779000 -2.473477000 0.193171000 -0.763553000 -0.282354000 -0.548392000 0.191127000
1403715302.01239 -0.822250000 -2.482201000 0.188350000 -0.763108000 -0.282481000 -0.549708000 0.188922000
1403715302.06239 -0.840588000 -2.490482000 0.183869000 -0.763096000 -0.282561000 -0.550476000 0.186603000
1403715302.11239 -0.859703000 -2.498458000 0.179664000 -0.764020000 -0.282746000 -0.549887000 0.184261000
1403715302.16239 -0.879694000 -2.506049000 0.175802000 -0.765848000 -0.283187000 -0.548101000 0.181293000
1403715302.21240 -0.900293000 -2.513032000 0.172635000 -0.767612000 -0.283084000 -0.546564000 0.178612000
1403715302.26240 -0.921111000 -2.519257000 0.168894000 -0.769565000 -0.282744000 -0.544839000 0.176002000
1403715302.31240 -0.941893000 -2.523901000 0.166127000 -0.771019000 -0.282791000 -0.543782000 0.172802000
1403715302.36240 -0.963022000 -2.527367000 0.164364000 -0.771938000 -0.282040000 -0.543697000 0.170171000
1403715302.41240 -0.984519000 -2.529333000 0.163424000 -0.772225000 -0.281133000 -0.544428000 0.168021000
1403715302.46240 -1.006493000 -2.530494000 0.163029000 -0.772987000 -0.278118000 -0.544644000 0.168833000
1403715302.51239 -1.028906000 -2.530631000 0.163230000 -0.774874000 -0.273024000 -0.543273000 0.172865000
1403715302.56239 -1.051412000 -2.530078000 0.163660000 -0.777324000 -0.268570000 -0.540977000 0.176014000
1403715302.61239 -1.073893000 -2.528867000 0.164062000 -0.779269000 -0.264383000 -0.539122000 0.179411000
1403715302.66239 -1.096858000 -2.529305000 0.164296000 -0.780931000 -0.262049000 -0.537507000 0.180452000
1403715302.71239 -1.118886000 -2.527056000 0.164197000 -0.782909000 -0.258856000 -0.535346000 0.182897000
1403715302.76240 -1.140181000 -2.524586000 0.163156000 -0.784837000 -0.257005000 -0.533080000 0.183862000
1403715302.81240 -1.160391000 -2.521873000 0.160795000 -0.787520000 -0.255638000 -0.529500000 0.184635000
1403715302.86240 -1.179501000 -2.518816000 0.157772000 -0.789915000 -0.255852000 -0.526147000 0.183696000
1403715302.91239 -1.197521000 -2.515109000 0.154344000 -0.791792000 -0.256821000 -0.522553000 0.184517000
1403715302.96239 -1.214263000 -2.510778000 0.151173000 -0.792690000 -0.259707000 -0.519234000 0.185986000
1403715303.01239 -1.229755000 -2.506129000 0.148295000 -0.792683000 -0.264809000 -0.516136000 0.187441000
1403715303.06239 -1.244019000 -2.500308000 0.144882000 -0.791956000 -0.270672000 -0.513072000 0.190524000
1403715303.11239 -1.256808000 -2.493863000 0.141350000 -0.790209000 -0.278682000 -0.510105000 0.194163000
1403715303.16240 -1.268200000 -2.486155000 0.137890000 -0.787033000 -0.288169000 -0.508067000 0.198511000
1403715303.21239 -1.277910000 -2.476898000 0.134224000 -0.782013000 -0.298415000 -0.507478000 0.204622000
1403715303.26235 -1.287702000 -2.466448000 0.130618000 -0.774512000 -0.309478000 -0.509377000 0.211872000
1403715303.31236 -1.295741000 -2.455455000 0.128804000 -0.766390000 -0.321690000 -0.511129000 0.218881000
1403715303.36235 -1.302885000 -2.443430000 0.127244000 -0.757519000 -0.334654000 -0.513100000 0.225612000
1403715303.41235 -1.309541000 -2.430897000 0.126171000 -0.748914000 -0.347441000 -0.514343000 0.232085000
1403715303.46235 -1.316137000 -2.417848000 0.124952000 -0.741147000 -0.360121000 -0.513938000 0.238499000
1403715303.51236 -1.322996000 -2.404110000 0.123643000 -0.734387000 -0.371924000 -0.511731000 0.245928000
1403715303.56236 -1.330578000 -2.389969000 0.122833000 -0.726713000 -0.384197000 -0.510590000 0.252147000
1403715303.61235 -1.338569000 -2.374941000 0.122089000 -0.720861000 -0.394100000 -0.506418000 0.261889000
1403715303.66235 -1.347818000 -2.359433000 0.121308000 -0.714132000 -0.402815000 -0.503134000 0.273152000
1403715303.71234 -1.356893000 -2.343527000 0.120323000 -0.708053000 -0.411554000 -0.498662000 0.283939000
1403715303.76234 -1.366823000 -2.327588000 0.119420000 -0.701735000 -0.419607000 -0.494355000 0.295147000
1403715303.81233 -1.376415000 -2.311454000 0.118150000 -0.694847000 -0.428258000 -0.490776000 0.304830000
1403715303.86233 -1.386478000 -2.295679000 0.117019000 -0.688063000 -0.435339000 -0.487312000 0.315556000
1403715303.91233 -1.395911000 -2.280949000 0.115961000 -0.682134000 -0.441659000 -0.484163000 0.324371000
1403715303.96233 -1.405108000 -2.266828000 0.115074000 -0.677064000 -0.447161000 -0.481666000 0.331103000
1403715304.01233 -1.414142000 -2.254314000 0.113811000 -0.673197000 -0.451819000 -0.478980000 0.336518000
1403715304.06233 -1.421390000 -2.241548000 0.111470000 -0.670089000 -0.455530000 -0.476849000 0.340716000
1403715304.11233 -1.429899000 -2.230867000 0.109601000 -0.668001000 -0.457382000 -0.474835000 0.345119000
1403715304.16233 -1.437921000 -2.221366000 0.107749000 -0.666200000 -0.458674000 -0.473625000 0.348533000
1403715304.21233 -1.445763000 -2.213164000 0.105504000 -0.665538000 -0.460138000 -0.471963000 0.350119000
1403715304.26232 -1.453460000 -2.205885000 0.102692000 -0.665850000 -0.461263000 -0.469975000 0.350719000
1403715304.31233 -1.460869000 -2.199590000 0.099752000 -0.666680000 -0.462319000 -0.467965000 0.350438000
1403715304.36233 -1.467719000 -2.194401000 0.096244000 -0.667719000 -0.462709000 -0.466620000 0.349739000
1403715304.41233 -1.474291000 -2.190282000 0.092392000 -0.669144000 -0.462952000 -0.465361000 0.348369000
1403715304.46234 -1.481903000 -2.188023000 0.089611000 -0.670297000 -0.462737000 -0.465303000 0.346511000
1403715304.51234 -1.486828000 -2.185102000 0.084299000 -0.669867000 -0.462956000 -0.467991000 0.343415000
1403715304.56234 -1.491477000 -2.182528000 0.075840000 -0.670087000 -0.462947000 -0.470004000 0.340236000
1403715304.61234 -1.495872000 -2.180266000 0.064832000 -0.670240000 -0.462599000 -0.472127000 0.337455000
1403715304.66234 -1.500716000 -2.178604000 0.052527000 -0.670396000 -0.460924000 -0.474224000 0.336497000
1403715304.71234 -1.505461000 -2.177652000 0.039315000 -0.670889000 -0.459706000 -0.475881000 0.334836000
1403715304.76234 -1.510204000 -2.177041000 0.026060000 -0.671804000 -0.459351000 -0.477001000 0.331882000
1403715304.81234 -1.515437000 -2.177326000 0.014703000 -0.672698000 -0.458597000 -0.477672000 0.330144000
1403715304.86235 -1.520824000 -2.177797000 0.006219000 -0.673940000 -0.458204000 -0.477763000 0.328019000
1403715304.91235 -1.526276000 -2.178332000 0.000738000 -0.674777000 -0.458032000 -0.478163000 0.325949000
1403715304.96235 -1.531984000 -2.179048000 -0.001463000 -0.676031000 -0.457781000 -0.477490000 0.324686000
1403715305.01235 -1.538071000 -2.179905000 -0.000667000 -0.676481000 -0.457585000 -0.477520000 0.323982000
1403715305.06235 -1.544405000 -2.180536000 0.002420000 -0.677658000 -0.457132000 -0.476250000 0.324031000
1403715305.11235 -1.550574000 -2.180756000 0.007481000 -0.678213000 -0.456844000 -0.475630000 0.324186000
1403715305.16235 -1.556743000 -2.180675000 0.013066000 -0.678930000 -0.457125000 -0.474527000 0.323905000
1403715305.21235 -1.562730000 -2.180626000 0.017990000 -0.680145000 -0.457311000 -0.472401000 0.324203000
1403715305.26234 -1.568241000 -2.180237000 0.022558000 -0.680877000 -0.457366000 -0.470955000 0.324690000
1403715305.31234 -1.574277000 -2.180793000 0.026515000 -0.680752000 -0.458334000 -0.470393000 0.324404000
1403715305.36234 -1.580546000 -2.181537000 0.029894000 -0.681395000 -0.458870000 -0.468433000 0.325128000
1403715305.41234 -1.586791000 -2.182331000 0.033482000 -0.680847000 -0.460380000 -0.467985000 0.324790000
1403715305.46234 -1.592884000 -2.182983000 0.038399000 -0.679618000 -0.461560000 -0.467838000 0.325898000
1403715305.51234 -1.598921000 -2.183916000 0.045927000 -0.678379000 -0.462210000 -0.467448000 0.328111000
1403715305.56234 -1.604779000 -2.184873000 0.056635000 -0.676924000 -0.463835000 -0.467019000 0.329430000
1403715305.61235 -1.610355000 -2.185819000 0.070087000 -0.675857000 -0.466090000 -0.465784000 0.330186000
1403715305.66235 -1.615730000 -2.186359000 0.087124000 -0.674163000 -0.467576000 -0.465458000 0.332004000
1403715305.71235 -1.620927000 -2.186634000 0.106493000 -0.674153000 -0.467642000 -0.463114000 0.335193000
1403715305.76235 -1.625603000 -2.186968000 0.127407000 -0.673072000 -0.468771000 -0.462393000 0.336780000
1403715305.81234 -1.629480000 -2.187258000 0.148100000 -0.672643000 -0.469653000 -0.461140000 0.338124000
1403715305.86234 -1.632432000 -2.187145000 0.168176000 -0.672067000 -0.471131000 -0.460562000 0.337999000
1403715305.91234 -1.635352000 -2.187666000 0.187428000 -0.672085000 -0.472405000 -0.459569000 0.337538000
1403715305.96234 -1.637737000 -2.188084000 0.206065000 -0.671680000 -0.473175000 -0.459508000 0.337348000
1403715306.01234 -1.639744000 -2.188562000 0.223681000 -0.671756000 -0.473729000 -0.459011000 0.337097000
1403715306.06234 -1.641380000 -2.189181000 0.240304000 -0.672077000 -0.474731000 -0.458454000 0.335802000
1403715306.11233 -1.642837000 -2.189607000 0.256027000 -0.673261000 -0.475295000 -0.456785000 0.334906000
1403715306.16233 -1.644408000 -2.190263000 0.271836000 -0.674950000 -0.473596000 -0.454406000 0.337144000
1403715306.21233 -1.645148000 -2.190643000 0.287232000 -0.676402000 -0.469630000 -0.453319000 0.341218000
1403715306.26232 -1.644833000 -2.190697000 0.301740000 -0.677838000 -0.464228000 -0.453320000 0.345730000
1403715306.31232 -1.643365000 -2.191118000 0.315502000 -0.679540000 -0.456995000 -0.454181000 0.350857000
1403715306.36232 -1.640359000 -2.191753000 0.329136000 -0.681424000 -0.449250000 -0.456011000 0.354809000
1403715306.41232 -1.635477000 -2.193178000 0.342961000 -0.682713000 -0.440482000 -0.459893000 0.358297000
1403715306.46232 -1.628392000 -2.195379000 0.356384000 -0.684673000 -0.432259000 -0.464254000 0.358946000
1403715306.51232 -1.619469000 -2.199839000 0.369531000 -0.686807000 -0.424701000 -0.469643000 0.356876000
1403715306.56232 -1.608705000 -2.206170000 0.382524000 -0.689005000 -0.417093000 -0.476060000 0.353091000
1403715306.61232 -1.596231000 -2.214304000 0.395756000 -0.691116000 -0.408460000 -0.483487000 0.348942000
1403715306.66232 -1.582459000 -2.224427000 0.408820000 -0.693028000 -0.400059000 -0.491912000 0.343057000
1403715306.71233 -1.567773000 -2.237048000 0.421596000 -0.694875000 -0.392753000 -0.500950000 0.334579000
1403715306.76233 -1.552610000 -2.252099000 0.433763000 -0.696963000 -0.385993000 -0.510160000 0.324020000
1403715306.81233 -1.537515000 -2.269414000 0.446285000 -0.697976000 -0.377544000 -0.520800000 0.314735000
1403715306.86233 -1.522240000 -2.287840000 0.458381000 -0.698945000 -0.368919000 -0.531545000 0.304688000
1403715306.91234 -1.508109000 -2.308551000 0.469441000 -0.700388000 -0.361524000 -0.541730000 0.292038000
1403715306.96234 -1.495324000 -2.331538000 0.479895000 -0.702809000 -0.355637000 -0.550375000 0.276892000
1403715307.01235 -1.484306000 -2.356708000 0.489376000 -0.705459000 -0.350634000 -0.558401000 0.259945000
1403715307.06236 -1.475537000 -2.383581000 0.495363000 -0.709286000 -0.345150000 -0.564343000 0.243520000
1403715307.11236 -1.469432000 -2.411358000 0.497682000 -0.715279000 -0.339213000 -0.566787000 0.228175000
1403715307.16236 -1.465714000 -2.439416000 0.495974000 -0.722795000 -0.333240000 -0.566753000 0.212862000
1403715307.21235 -1.464434000 -2.467411000 0.491606000 -0.730014000 -0.326655000 -0.566495000 0.198644000
1403715307.26235 -1.465412000 -2.494975000 0.484523000 -0.736992000 -0.320244000 -0.565828000 0.184728000
1403715307.31235 -1.468535000 -2.521707000 0.474822000 -0.743932000 -0.312204000 -0.564824000 0.173401000
1403715307.36235 -1.473825000 -2.547186000 0.463246000 -0.751934000 -0.302407000 -0.561992000 0.165259000
1403715307.41235 -1.480937000 -2.570938000 0.450672000 -0.761314000 -0.289675000 -0.557090000 0.161680000
1403715307.46236 -1.490430000 -2.593340000 0.438249000 -0.769749000 -0.276421000 -0.552858000 0.159453000
1403715307.51235 -1.501185000 -2.613036000 0.425590000 -0.776978000 -0.263608000 -0.549564000 0.157464000
1403715307.56235 -1.512280000 -2.631456000 0.413054000 -0.783489000 -0.250965000 -0.546780000 0.155540000
1403715307.61234 -1.522914000 -2.649012000 0.400768000 -0.788952000 -0.238923000 -0.545036000 0.152988000
1403715307.66235 -1.533413000 -2.666134000 0.388655000 -0.793750000 -0.227226000 -0.544100000 0.149278000
1403715307.71235 -1.543307000 -2.683492000 0.375912000 -0.798303000 -0.216423000 -0.543456000 0.143280000
1403715307.76235 -1.552694000 -2.699767000 0.363105000 -0.801969000 -0.206120000 -0.543981000 0.135810000
1403715307.81235 -1.561421000 -2.715804000 0.350228000 -0.805350000 -0.195930000 -0.544801000 0.127335000
1403715307.86235 -1.569583000 -2.731382000 0.337176000 -0.808232000 -0.185705000 -0.546040000 0.118804000
1403715307.91235 -1.577448000 -2.745898000 0.324445000 -0.811038000 -0.175961000 -0.547013000 0.109692000
1403715307.96235 -1.584403000 -2.759273000 0.311790000 -0.813191000 -0.166283000 -0.548604000 0.100514000
1403715308.01236 -1.591809000 -2.772759000 0.300158000 -0.814901000 -0.156230000 -0.550574000 0.091636000
1403715308.06236 -1.597239000 -2.784348000 0.288319000 -0.816731000 -0.146034000 -0.551996000 0.083215000
1403715308.11236 -1.602190000 -2.794367000 0.278483000 -0.818382000 -0.136327000 -0.553237000 0.074800000
1403715308.16236 -1.606867000 -2.803560000 0.268602000 -0.819806000 -0.127264000 -0.554243000 0.067351000
1403715308.21236 -1.610353000 -2.812319000 0.257961000 -0.820539000 -0.119190000 -0.555700000 0.060884000
1403715308.26236 -1.613031000 -2.820474000 0.246498000 -0.821670000 -0.110920000 -0.556351000 0.055032000
1403715308.31236 -1.614984000 -2.827607000 0.234653000 -0.822506000 -0.103323000 -0.557172000 0.048656000
1403715308.36236 -1.616074000 -2.832850000 0.222944000 -0.823025000 -0.095717000 -0.558173000 0.043712000
1403715308.41236 -1.616783000 -2.837112000 0.210979000 -0.823950000 -0.088377000 -0.558263000 0.040479000
1403715308.46236 -1.616623000 -2.838463000 0.196075000 -0.824432000 -0.081588000 -0.558694000 0.038924000
1403715308.51236 -1.615495000 -2.839782000 0.184262000 -0.824624000 -0.075420000 -0.559256000 0.039244000
1403715308.56236 -1.613376000 -2.840039000 0.174339000 -0.825048000 -0.070138000 -0.559210000 0.040746000
1403715308.61235 -1.611200000 -2.840509000 0.167002000 -0.825498000 -0.065935000 -0.558930000 0.042462000
1403715308.66236 -1.607149000 -2.840039000 0.162417000 -0.825623000 -0.063179000 -0.558973000 0.043647000
1403715308.71236 -1.602062000 -2.839302000 0.160321000 -0.826314000 -0.060792000 -0.558099000 0.045112000
1403715308.76236 -1.595896000 -2.838426000 0.160834000 -0.826426000 -0.059598000 -0.557988000 0.046025000
1403715308.81236 -1.588554000 -2.837309000 0.163955000 -0.827277000 -0.059242000 -0.556727000 0.046451000
1403715308.86236 -1.580207000 -2.836224000 0.168584000 -0.828123000 -0.058449000 -0.555418000 0.048033000
1403715308.91236 -1.570935000 -2.835205000 0.173196000 -0.828831000 -0.057877000 -0.554220000 0.050288000
1403715308.96236 -1.560031000 -2.833089000 0.178515000 -0.828553000 -0.057703000 -0.554435000 0.052655000
1403715309.01236 -1.548645000 -2.832748000 0.183030000 -0.827565000 -0.057932000 -0.555583000 0.055745000
1403715309.06236 -1.535756000 -2.832603000 0.187636000 -0.825752000 -0.057852000 -0.557857000 0.059856000
1403715309.11235 -1.522706000 -2.833348000 0.191521000 -0.824445000 -0.057627000 -0.559287000 0.064562000
1403715309.16235 -1.509020000 -2.834807000 0.195247000 -0.822727000 -0.058402000 -0.561256000 0.068562000
1403715309.21235 -1.494815000 -2.836923000 0.199407000 -0.819728000 -0.058319000 -0.564940000 0.074078000
1403715309.26236 -1.480179000 -2.840184000 0.203804000 -0.814858000 -0.058274000 -0.571202000 0.079612000
1403715309.31235 -1.465663000 -2.844795000 0.208523000 -0.810372000 -0.059570000 -0.576840000 0.083694000
1403715309.36235 -1.451527000 -2.850570000 0.212714000 -0.808255000 -0.063519000 -0.579372000 0.083768000
1403715309.41234 -1.437785000 -2.857622000 0.216244000 -0.807670000 -0.069114000 -0.579876000 0.081461000
1403715309.46234 -1.424774000 -2.865719000 0.219785000 -0.807861000 -0.074905000 -0.579346000 0.078150000
1403715309.51234 -1.412604000 -2.874765000 0.223662000 -0.807820000 -0.080320000 -0.579057000 0.075294000
1403715309.56234 -1.400563000 -2.883806000 0.227498000 -0.808255000 -0.084990000 -0.578069000 0.073050000
1403715309.61234 -1.389367000 -2.893432000 0.231629000 -0.808211000 -0.088572000 -0.577743000 0.071849000
1403715309.66234 -1.378357000 -2.903056000 0.234140000 -0.808207000 -0.091579000 -0.577307000 0.071634000
1403715309.71234 -1.368464000 -2.912956000 0.237421000 -0.808644000 -0.093315000 -0.576268000 0.072824000
1403715309.76235 -1.359990000 -2.922982000 0.240779000 -0.809198000 -0.094450000 -0.575121000 0.074255000
1403715309.81235 -1.351816000 -2.933331000 0.243884000 -0.810013000 -0.094663000 -0.573477000 0.077727000
1403715309.86236 -1.343926000 -2.943923000 0.246841000 -0.811228000 -0.092872000 -0.571349000 0.082736000
1403715309.91236 -1.335835000 -2.954614000 0.249488000 -0.812711000 -0.090652000 -0.568703000 0.088657000
1403715309.96236 -1.327390000 -2.966176000 0.251402000 -0.812595000 -0.088632000 -0.568367000 0.093771000
1403715310.01237 -1.318434000 -2.978735000 0.253097000 -0.811063000 -0.086984000 -0.570079000 0.098084000
1403715310.06238 -1.308919000 -2.992295000 0.254750000 -0.807977000 -0.084960000 -0.574277000 0.100801000
1403715310.11239 -1.299127000 -3.007582000 0.256038000 -0.804732000 -0.082635000 -0.579068000 0.101279000
1403715310.16240 -1.289443000 -3.024935000 0.258046000 -0.801439000 -0.080166000 -0.584283000 0.099412000
1403715310.21240 -1.281053000 -3.043664000 0.260442000 -0.799113000 -0.078066000 -0.588542000 0.094569000
1403715310.26239 -1.273021000 -3.063826000 0.262055000 -0.797401000 -0.076772000 -0.592264000 0.086493000
1403715310.31239 -1.266856000 -3.084493000 0.263565000 -0.796163000 -0.075659000 -0.595463000 0.076311000
1403715310.36239 -1.262313000 -3.105842000 0.265530000 -0.795744000 -0.072608000 -0.597508000 0.067103000
1403715310.41239 -1.259419000 -3.128221000 0.267868000 -0.796319000 -0.068128000 -0.598205000 0.058185000
1403715310.46238 -1.257891000 -3.150124000 0.269941000 -0.797637000 -0.062237000 -0.597819000 0.050138000
1403715310.51238 -1.257794000 -3.171736000 0.271786000 -0.800425000 -0.056714000 -0.595201000 0.042881000
1403715310.56237 -1.258492000 -3.193100000 0.273499000 -0.803962000 -0.051489000 -0.591310000 0.036695000
1403715310.61237 -1.260443000 -3.214120000 0.275712000 -0.807965000 -0.046974000 -0.586526000 0.031212000
1403715310.66236 -1.263113000 -3.234357000 0.278464000 -0.811973000 -0.042993000 -0.581504000 0.026547000
1403715310.71236 -1.266259000 -3.254100000 0.280990000 -0.815234000 -0.039349000 -0.577339000 0.022918000
1403715310.76234 -1.271426000 -3.275729000 0.284473000 -0.817752000 -0.036225000 -0.574076000 0.020169000
1403715310.81233 -1.275741000 -3.295172000 0.287447000 -0.819369000 -0.033326000 -0.571994000 0.018634000
1403715310.86233 -1.279838000 -3.313271000 0.290931000 -0.820254000 -0.030647000 -0.570917000 0.017279000
1403715310.91233 -1.283347000 -3.329875000 0.293914000 -0.820511000 -0.028362000 -0.570691000 0.016416000
1403715310.96232 -1.286825000 -3.345971000 0.296787000 -0.821287000 -0.025519000 -0.569709000 0.016380000
1403715311.01232 -1.291322000 -3.361470000 0.298157000 -0.822494000 -0.022049000 -0.568074000 0.017607000
1403715311.06232 -1.296087000 -3.377089000 0.298893000 -0.823820000 -0.017600000 -0.566219000 0.020179000
1403715311.11232 -1.298450000 -3.392276000 0.299882000 -0.824975000 -0.014390000 -0.564566000 0.021789000
1403715311.16232 -1.299776000 -3.407449000 0.300794000 -0.825792000 -0.011240000 -0.563362000 0.023773000
1403715311.21232 -1.300369000 -3.422809000 0.301683000 -0.826039000 -0.007669000 -0.562939000 0.026459000
1403715311.26233 -1.300192000 -3.438655000 0.301848000 -0.826462000 -0.005535000 -0.562294000 0.027503000
1403715311.31233 -1.299073000 -3.455181000 0.302160000 -0.826911000 -0.003107000 -0.561554000 0.029431000
1403715311.36234 -1.297172000 -3.472620000 0.302319000 -0.827620000 -0.001372000 -0.560459000 0.030475000
1403715311.41235 -1.293093000 -3.490944000 0.303645000 -0.828396000 -0.001332000 -0.559398000 0.028845000
1403715311.46235 -1.289798000 -3.510586000 0.306632000 -0.828940000 -0.003000000 -0.558765000 0.025118000
1403715311.51235 -1.285016000 -3.530354000 0.309914000 -0.829264000 -0.005257000 -0.558471000 0.020087000
1403715311.56236 -1.279157000 -3.550479000 0.313089000 -0.829066000 -0.007002000 -0.558873000 0.016147000
1403715311.61235 -1.272535000 -3.572107000 0.314830000 -0.828347000 -0.008207000 -0.559994000 0.013469000
1403715311.66234 -1.264590000 -3.593304000 0.316208000 -0.827996000 -0.008904000 -0.560558000 0.010905000
1403715311.71234 -1.255886000 -3.613522000 0.318221000 -0.827516000 -0.007821000 -0.561278000 0.011054000
1403715311.76234 -1.246286000 -3.633470000 0.320083000 -0.827086000 -0.006566000 -0.561918000 0.011597000
1403715311.81234 -1.235544000 -3.653457000 0.321885000 -0.826701000 -0.004616000 -0.562487000 0.012325000
1403715311.86234 -1.223877000 -3.673458000 0.324026000 -0.826248000 -0.001302000 -0.563125000 0.014227000
1403715311.91234 -1.211484000 -3.693370000 0.326397000 -0.825383000 0.000570000 -0.564396000 0.014156000
1403715311.96234 -1.198029000 -3.713209000 0.328508000 -0.825287000 0.001431000 -0.564581000 0.012134000
1403715312.01234 -1.181060000 -3.732374000 0.330369000 -0.825446000 0.001095000 -0.564415000 0.008585000
1403715312.06234 -1.166059000 -3.752785000 0.332306000 -0.825668000 0.000410000 -0.564138000 0.004488000
1403715312.11234 -1.150938000 -3.773056000 0.334821000 -0.825078000 0.000556000 -0.565016000 0.001584000
1403715312.16234 -1.135910000 -3.792939000 0.337751000 0.824586000 -0.000415000 0.565734000 0.001562000
1403715312.21234 -1.120190000 -3.812296000 0.340478000 0.824439000 -0.000807000 0.565938000 0.003798000
1403715312.26234 -1.104060000 -3.832491000 0.343519000 0.824448000 -0.001982000 0.565913000 0.004958000
1403715312.31234 -1.087791000 -3.851266000 0.345922000 0.824252000 -0.004329000 0.566191000 0.004140000
1403715312.36235 -1.071057000 -3.870114000 0.347257000 0.824377000 -0.006717000 0.565994000 0.003040000
1403715312.41235 -1.053862000 -3.888925000 0.348625000 0.824122000 -0.009015000 0.566338000 0.001887000
1403715312.46235 -1.036595000 -3.907355000 0.349832000 0.823575000 -0.011350000 0.567094000 0.000559000
1403715312.51235 -1.018691000 -3.925411000 0.350874000 -0.822378000 0.012891000 -0.568795000 0.000401000
1403715312.56235 -1.000681000 -3.943610000 0.351670000 0.821597000 -0.012703000 0.569927000 0.000586000
1403715312.61236 -0.982951000 -3.962114000 0.353224000 0.819705000 -0.011359000 0.572667000 0.002518000
1403715312.66235 -0.964982000 -3.980393000 0.353375000 0.817089000 -0.009085000 0.576418000 0.004954000
1403715312.71236 -0.946898000 -3.998825000 0.353004000 0.814518000 -0.007107000 0.580057000 0.006577000
1403715312.76235 -0.929391000 -4.016231000 0.351647000 0.812496000 -0.004263000 0.582887000 0.008652000
1403715312.81235 -0.912641000 -4.032319000 0.350836000 0.810840000 -0.000489000 0.585157000 0.011338000
1403715312.86236 -0.896431000 -4.047449000 0.349708000 0.807890000 0.003339000 0.589187000 0.012738000
1403715312.91236 -0.881348000 -4.061589000 0.349722000 0.805048000 0.006780000 0.593029000 0.012967000
1403715312.96236 -0.867502000 -4.074642000 0.351650000 0.802572000 0.010406000 0.596323000 0.013016000
1403715313.01236 -0.854828000 -4.086754000 0.356007000 0.800819000 0.013657000 0.598619000 0.012558000
1403715313.06236 -0.844454000 -4.097887000 0.362781000 0.800152000 0.017017000 0.599427000 0.012455000
1403715313.11236 -0.835969000 -4.108093000 0.371959000 0.800788000 0.020139000 0.598483000 0.012291000
1403715313.16236 -0.828775000 -4.116894000 0.382557000 0.800947000 0.022417000 0.598210000 0.011196000
1403715313.21236 -0.822783000 -4.124204000 0.393528000 0.801794000 0.023156000 0.597096000 0.008181000
1403715313.26236 -0.818669000 -4.129732000 0.403948000 0.803666000 0.022925000 0.594623000 0.004285000
1403715313.31236 -0.815971000 -4.134885000 0.413311000 0.805733000 0.022746000 0.591842000 0.000504000
1403715313.36236 -0.814091000 -4.139815000 0.422057000 -0.808073000 -0.022622000 -0.588643000 0.002282000
1403715313.41236 -0.813031000 -4.144446000 0.430484000 -0.810522000 -0.022865000 -0.585248000 0.003939000
1403715313.46236 -0.812725000 -4.148853000 0.438414000 -0.812453000 -0.021577000 -0.582606000 0.004946000
1403715313.51236 -0.812869000 -4.153539000 0.447031000 -0.813393000 -0.020000000 -0.581361000 0.003282000
1403715313.56236 -0.813821000 -4.157860000 0.455268000 -0.814325000 -0.017608000 -0.580142000 0.000778000
1403715313.61236 -0.814861000 -4.161496000 0.463903000 0.815369000 0.015768000 0.578717000 0.003437000
1403715313.66236 -0.816862000 -4.163766000 0.472412000 0.815705000 0.014161000 0.578243000 0.007742000
1403715313.71237 -0.818990000 -4.166094000 0.481485000 0.815860000 0.012580000 0.578009000 0.010980000
1403715313.76237 -0.821377000 -4.167436000 0.490855000 0.816301000 0.010028000 0.577408000 0.012299000
1403715313.81238 -0.823837000 -4.167344000 0.500333000 0.816228000 0.007655000 0.577523000 0.013462000
1403715313.86238 -0.826131000 -4.166675000 0.510290000 0.816404000 0.005619000 0.577268000 0.014633000
1403715313.91239 -0.829073000 -4.164815000 0.520056000 0.816265000 0.002758000 0.577507000 0.013772000
1403715313.96239 -0.832262000 -4.162381000 0.529145000 0.816014000 -0.000568000 0.577919000 0.011419000
1403715314.01239 -0.835705000 -4.159694000 0.536804000 0.816627000 -0.003966000 0.577058000 0.010441000
1403715314.06239 -0.839592000 -4.157110000 0.543791000 0.817371000 -0.007118000 0.575925000 0.012828000
1403715314.11240 -0.843844000 -4.155321000 0.550033000 0.817990000 -0.010848000 0.574824000 0.018751000
1403715314.16240 -0.848336000 -4.153641000 0.555523000 0.818227000 -0.016811000 0.574057000 0.026099000
1403715314.21240 -0.852983000 -4.151928000 0.560281000 0.818965000 -0.023605000 0.572287000 0.035031000
1403715314.26240 -0.857031000 -4.149248000 0.564761000 0.818863000 -0.031409000 0.571434000 0.044038000
1403715314.31240 -0.861412000 -4.145901000 0.568754000 0.819653000 -0.040405000 0.569026000 0.052395000
1403715314.36240 -0.865134000 -4.141908000 0.572554000 0.819711000 -0.049421000 0.567434000 0.060416000
1403715314.41240 -0.868321000 -4.136563000 0.575175000 0.819379000 -0.058882000 0.566384000 0.066026000
1403715314.46241 -0.870962000 -4.130281000 0.576307000 0.819723000 -0.067043000 0.564347000 0.071223000
1403715314.51241 -0.872299000 -4.122799000 0.577711000 0.819459000 -0.074554000 0.563299000 0.074987000
1403715314.56241 -0.873046000 -4.114340000 0.578904000 0.819584000 -0.082243000 0.561843000 0.076485000
1403715314.61241 -0.873475000 -4.104945000 0.579914000 0.819045000 -0.089000000 0.561494000 0.077256000
1403715314.66241 -0.873829000 -4.094741000 0.580725000 0.818137000 -0.094127000 0.561799000 0.078578000
1403715314.71241 -0.874286000 -4.083707000 0.580860000 0.817543000 -0.098095000 0.561796000 0.079916000
1403715314.76242 -0.874049000 -4.071921000 0.580998000 0.816790000 -0.100766000 0.562141000 0.081839000
1403715314.81242 -0.873386000 -4.059629000 0.581382000 0.815257000 -0.102669000 0.563790000 0.083400000
1403715314.86241 -0.872782000 -4.046674000 0.581580000 0.814605000 -0.103497000 0.564232000 0.085734000
1403715314.91241 -0.871286000 -4.033080000 0.581670000 0.813890000 -0.104533000 0.564911000 0.086782000
1403715314.96241 -0.869043000 -4.018812000 0.581814000 0.813126000 -0.105673000 0.565829000 0.086580000
1403715315.01241 -0.866486000 -4.003999000 0.581541000 0.812335000 -0.106577000 0.566953000 0.085536000
1403715315.06242 -0.863369000 -3.988809000 0.581265000 0.810652000 -0.107993000 0.569364000 0.083694000
1403715315.11241 -0.859855000 -3.973222000 0.580691000 0.810182000 -0.108321000 0.570080000 0.082943000
1403715315.16240 -0.856394000 -3.957467000 0.579539000 0.810514000 -0.108831000 0.569670000 0.081845000
1403715315.21240 -0.853072000 -3.941291000 0.578766000 0.810872000 -0.108881000 0.569281000 0.080936000
1403715315.26240 -0.850086000 -3.924888000 0.578364000 0.810945000 -0.109237000 0.569132000 0.080777000
1403715315.31240 -0.847599000 -3.908604000 0.578190000 0.810949000 -0.110868000 0.568664000 0.081800000
1403715315.36241 -0.845274000 -3.892426000 0.578763000 0.810299000 -0.113709000 0.568680000 0.084191000
1403715315.41241 -0.843551000 -3.876246000 0.579471000 0.809654000 -0.118168000 0.568363000 0.086377000
1403715315.46241 -0.841890000 -3.860058000 0.579663000 0.808623000 -0.123907000 0.568213000 0.088937000
1403715315.51242 -0.840089000 -3.843981000 0.580475000 0.807360000 -0.130247000 0.568124000 0.091875000
1403715315.56242 -0.838521000 -3.828094000 0.581431000 0.805834000 -0.136625000 0.568316000 0.094775000
1403715315.61241 -0.837678000 -3.812632000 0.582456000 0.804321000 -0.143402000 0.568244000 0.097993000
1403715315.66241 -0.837181000 -3.797500000 0.583469000 0.802316000 -0.150564000 0.568560000 0.101777000
1403715315.71242 -0.836616000 -3.782796000 0.584228000 0.799787000 -0.160448000 0.569208000 0.102955000
1403715315.76242 -0.836781000 -3.768103000 0.584953000 0.797063000 -0.171402000 0.569744000 0.103452000
1403715315.81242 -0.837659000 -3.754302000 0.585326000 0.794645000 -0.182601000 0.569449000 0.104513000
1403715315.86242 -0.838915000 -3.741795000 0.585501000 0.792602000 -0.192986000 0.568244000 0.107875000
1403715315.91243 -0.841421000 -3.730304000 0.585106000 0.790929000 -0.202306000 0.566291000 0.113215000
1403715315.96243 -0.844041000 -3.719405000 0.585179000 0.788808000 -0.210781000 0.564708000 0.120242000
1403715316.01242 -0.847257000 -3.709230000 0.583908000 0.787116000 -0.219428000 0.562198000 0.127408000
1403715316.06242 -0.851278000 -3.699970000 0.581991000 0.785272000 -0.226889000 0.559719000 0.136325000
1403715316.11242 -0.855594000 -3.691724000 0.579665000 0.783798000 -0.233901000 0.556412000 0.146139000
1403715316.16242 -0.860275000 -3.684494000 0.576051000 0.782477000 -0.240953000 0.552480000 0.156326000
1403715316.21242 -0.865028000 -3.677648000 0.571965000 0.781516000 -0.248209000 0.547646000 0.166459000
1403715316.26242 -0.870188000 -3.671129000 0.567208000 0.781859000 -0.255542000 0.540331000 0.177305000
1403715316.31242 -0.875194000 -3.664593000 0.562838000 0.782501000 -0.263987000 0.531968000 0.187116000
1403715316.36243 -0.879643000 -3.657767000 0.557283000 0.783867000 -0.271468000 0.522770000 0.196390000
1403715316.41243 -0.882887000 -3.650430000 0.551425000 0.784964000 -0.278263000 0.514423000 0.204378000
1403715316.46244 -0.884218000 -3.642549000 0.545702000 0.784766000 -0.284415000 0.508623000 0.211076000
1403715316.51246 -0.882355000 -3.634580000 0.540285000 0.783447000 -0.290522000 0.505492000 0.215139000
1403715316.56246 -0.880154000 -3.626309000 0.533364000 0.780661000 -0.295769000 0.505145000 0.218901000
1403715316.61246 -0.874887000 -3.618247000 0.525876000 0.777332000 -0.300802000 0.506345000 0.221106000
1403715316.66246 -0.867728000 -3.610048000 0.517944000 0.773390000 -0.304581000 0.509085000 0.223455000
1403715316.71246 -0.859646000 -3.601942000 0.509897000 0.769427000 -0.309050000 0.511619000 0.225203000
1403715316.76246 -0.848618000 -3.594306000 0.500606000 0.765381000 -0.313705000 0.513688000 0.227830000
1403715316.81246 -0.838724000 -3.586680000 0.491061000 0.761541000 -0.318612000 0.514905000 0.231116000
1403715316.86246 -0.827953000 -3.579419000 0.481037000 0.757336000 -0.324460000 0.515670000 0.235058000
1403715316.91247 -0.814625000 -3.573102000 0.470093000 0.752545000 -0.331294000 0.516328000 0.239426000
1403715316.96247 -0.802392000 -3.565841000 0.459989000 0.747183000 -0.338037000 0.516635000 0.246043000
1403715317.01248 -0.789246000 -3.558787000 0.448774000 0.740226000 -0.346410000 0.518135000 0.252193000
1403715317.06249 -0.777206000 -3.550033000 0.438063000 0.734562000 -0.356154000 0.517061000 0.257332000
1403715317.11250 -0.764577000 -3.541440000 0.426545000 0.729812000 -0.366606000 0.513726000 0.262793000
1403715317.16250 -0.752910000 -3.532363000 0.416045000 0.725327000 -0.377657000 0.509147000 0.268413000
1403715317.21250 -0.741259000 -3.522807000 0.406150000 0.720727000 -0.388890000 0.503977000 0.274452000
1403715317.26250 -0.729433000 -3.513463000 0.396567000 0.715975000 -0.399221000 0.498546000 0.281875000
1403715317.31250 -0.717690000 -3.504023000 0.387228000 0.710365000 -0.409921000 0.493706000 0.289138000
1403715317.36250 -0.705499000 -3.494257000 0.378167000 0.704135000 -0.421607000 0.489077000 0.295372000
1403715317.41250 -0.693427000 -3.484344000 0.369784000 0.696782000 -0.433843000 0.485577000 0.300814000
1403715317.46250 -0.681217000 -3.474620000 0.361658000 0.689863000 -0.445606000 0.481410000 0.306218000
1403715317.51250 -0.668682000 -3.465058000 0.354017000 0.682839000 -0.456730000 0.477303000 0.311948000
1403715317.56250 -0.656475000 -3.456088000 0.346663000 0.675566000 -0.466877000 0.473391000 0.318648000
1403715317.61250 -0.643694000 -3.448133000 0.339257000 0.668057000 -0.476978000 0.469854000 0.324698000
1403715317.66251 -0.631233000 -3.439847000 0.333832000 0.660197000 -0.487247000 0.466773000 0.329928000
1403715317.71250 -0.618836000 -3.431756000 0.327243000 0.652569000 -0.497115000 0.463245000 0.335313000
1403715317.76250 -0.607210000 -3.423804000 0.320891000 0.644483000 -0.507544000 0.460330000 0.339319000
1403715317.81250 -0.595414000 -3.415798000 0.314735000 0.635213000 -0.519429000 0.458962000 0.340663000
1403715317.86250 -0.584310000 -3.408224000 0.308580000 0.626134000 -0.531358000 0.456966000 0.341755000
1403715317.91249 -0.574263000 -3.400938000 0.303115000 0.618107000 -0.541163000 0.454055000 0.344849000
1403715317.96249 -0.565175000 -3.393874000 0.298085000 0.610935000 -0.549916000 0.450057000 0.348997000
1403715318.01249 -0.557346000 -3.387172000 0.292778000 0.604184000 -0.558032000 0.445830000 0.353268000
1403715318.06249 -0.550946000 -3.379881000 0.288338000 0.597481000 -0.564803000 0.443329000 0.357035000
1403715318.11248 -0.545238000 -3.374367000 0.283328000 0.591710000 -0.570850000 0.441346000 0.359476000
1403715318.16248 -0.541425000 -3.368527000 0.278502000 0.587136000 -0.575352000 0.439075000 0.362566000
1403715318.21248 -0.539305000 -3.363154000 0.273271000 0.584216000 -0.578826000 0.435959000 0.365502000
1403715318.26248 -0.538931000 -3.357219000 0.268540000 0.581387000 -0.581725000 0.433863000 0.367896000
1403715318.31248 -0.539670000 -3.352220000 0.263071000 0.579479000 -0.584230000 0.430728000 0.370612000
1403715318.36247 -0.541954000 -3.347670000 0.257814000 0.577348000 -0.586554000 0.427634000 0.373834000
1403715318.41247 -0.545989000 -3.343169000 0.252187000 0.576091000 -0.588328000 0.423193000 0.378018000
1403715318.46247 -0.551270000 -3.338934000 0.246870000 0.575679000 -0.590030000 0.416305000 0.383600000
1403715318.51246 -0.557637000 -3.334421000 0.241676000 0.575590000 -0.591537000 0.408736000 0.389505000
1403715318.56244 -0.565208000 -3.328280000 0.237005000 0.574935000 -0.594610000 0.400821000 0.393994000
1403715318.61244 -0.572250000 -3.325317000 0.231307000 0.574487000 -0.599309000 0.391975000 0.396420000
1403715318.66244 -0.579380000 -3.322829000 0.225506000 0.573500000 -0.605407000 0.382915000 0.397436000
1403715318.71243 -0.586622000 -3.321703000 0.219279000 0.572236000 -0.612778000 0.373675000 0.396756000
1403715318.76244 -0.593936000 -3.322415000 0.213052000 0.568463000 -0.620279000 0.367186000 0.396583000
1403715318.81244 -0.601537000 -3.325155000 0.207136000 0.564866000 -0.626845000 0.359646000 0.398304000
1403715318.86244 -0.609018000 -3.330381000 0.201933000 0.559462000 -0.632419000 0.354712000 0.401531000
1403715318.91244 -0.616292000 -3.337793000 0.196972000 0.554056000 -0.636638000 0.350633000 0.405919000
1403715318.96245 -0.622473000 -3.347338000 0.191956000 0.548680000 -0.640066000 0.347042000 0.410887000
1403715319.01245 -0.628605000 -3.358527000 0.187496000 0.542301000 -0.643409000 0.344564000 0.416185000
1403715319.06245 -0.634944000 -3.371865000 0.183466000 0.535835000 -0.646235000 0.341579000 0.422593000
1403715319.11245 -0.641258000 -3.386907000 0.179527000 0.529317000 -0.648163000 0.338503000 0.430259000
1403715319.16245 -0.647438000 -3.403718000 0.175584000 0.522723000 -0.650046000 0.335028000 0.438129000
1403715319.21245 -0.653237000 -3.422461000 0.171517000 0.515942000 -0.652637000 0.331440000 0.444990000
1403715319.26245 -0.658604000 -3.441398000 0.168414000 0.508970000 -0.656354000 0.326903000 0.450870000
1403715319.31245 -0.663224000 -3.461486000 0.165726000 0.502224000 -0.659895000 0.321871000 0.456846000
1403715319.36246 -0.667059000 -3.482307000 0.163012000 0.495236000 -0.663763000 0.316457000 0.462617000
1403715319.41246 -0.669738000 -3.504027000 0.160403000 0.487685000 -0.667683000 0.312111000 0.467921000
1403715319.46246 -0.671791000 -3.526379000 0.157834000 0.479240000 -0.672356000 0.309238000 0.471845000
1403715319.51245 -0.673152000 -3.548915000 0.155054000 0.470409000 -0.677367000 0.306148000 0.475564000
1403715319.56245 -0.673916000 -3.572154000 0.152488000 0.462337000 -0.682166000 0.302130000 0.479178000
1403715319.61245 -0.673765000 -3.595986000 0.151190000 0.454305000 -0.686673000 0.299371000 0.482145000
1403715319.66245 -0.672532000 -3.620314000 0.151707000 0.448854000 -0.689942000 0.295602000 0.484902000
1403715319.71245 -0.670489000 -3.645529000 0.154739000 0.443942000 -0.692862000 0.293824000 0.486339000
1403715319.76244 -0.667575000 -3.671718000 0.160596000 0.441383000 -0.695035000 0.291476000 0.486979000
1403715319.81244 -0.663905000 -3.698646000 0.169693000 0.439097000 -0.696577000 0.290961000 0.487151000
1403715319.86244 -0.659528000 -3.726182000 0.181563000 0.437276000 -0.697803000 0.290153000 0.487516000
1403715319.91244 -0.654557000 -3.754183000 0.196573000 0.435371000 -0.699884000 0.289026000 0.486908000
1403715319.96244 -0.648755000 -3.783031000 0.212390000 0.433597000 -0.700960000 0.287756000 0.487693000
1403715320.01243 -0.642315000 -3.812579000 0.227642000 0.430865000 -0.702328000 0.286161000 0.489084000
1403715320.06243 -0.635382000 -3.842583000 0.242028000 0.427454000 -0.704231000 0.283764000 0.490735000
1403715320.11243 -0.628245000 -3.872904000 0.255693000 0.423314000 -0.705682000 0.280251000 0.494244000
1403715320.16243 -0.620566000 -3.902738000 0.268382000 0.417920000 -0.708238000 0.275805000 0.497668000
1403715320.21242 -0.611969000 -3.932271000 0.280620000 0.410297000 -0.710854000 0.271605000 0.502567000
1403715320.26242 -0.602902000 -3.961325000 0.292962000 0.400577000 -0.712965000 0.267512000 0.509564000
1403715320.31242 -0.592879000 -3.990100000 0.305156000 0.387883000 -0.715818000 0.265106000 0.516595000
1403715320.36242 -0.582119000 -4.018335000 0.316399000 0.373246000 -0.720396000 0.262841000 0.522141000
1403715320.41242 -0.570497000 -4.044789000 0.327360000 0.358102000 -0.726602000 0.259280000 0.525915000
1403715320.46244 -0.558291000 -4.070575000 0.338526000 0.342635000 -0.733246000 0.254433000 0.529354000
1403715320.51244 -0.545294000 -4.094174000 0.348607000 0.327419000 -0.740655000 0.248558000 0.531456000
1403715320.56245 -0.532019000 -4.116625000 0.358134000 0.311911000 -0.747762000 0.242857000 0.533464000
1403715320.61245 -0.518373000 -4.137769000 0.367632000 0.296283000 -0.754573000 0.237741000 0.535083000
1403715320.66245 -0.504893000 -4.158016000 0.376665000 0.279998000 -0.761025000 0.233397000 0.536627000
1403715320.71245 -0.491328000 -4.177513000 0.384751000 0.264454000 -0.766843000 0.229957000 0.537713000
1403715320.76244 -0.477947000 -4.195254000 0.393008000 0.249223000 -0.771584000 0.229178000 0.538538000
1403715320.81244 -0.464635000 -4.211663000 0.400950000 0.235835000 -0.775520000 0.228891000 0.539035000
1403715320.86244 -0.451677000 -4.226861000 0.407821000 0.224821000 -0.779959000 0.228295000 0.537587000
1403715320.91244 -0.439419000 -4.240593000 0.414229000 0.216523000 -0.784439000 0.226593000 0.535191000
1403715320.96244 -0.428028000 -4.253347000 0.420379000 0.211030000 -0.788023000 0.223255000 0.533520000
1403715321.01243 -0.417734000 -4.264330000 0.426203000 0.207832000 -0.790864000 0.218506000 0.532537000
1403715321.06243 -0.408591000 -4.272928000 0.431659000 0.206133000 -0.792804000 0.213458000 0.532360000
1403715321.11243 -0.400384000 -4.279933000 0.437172000 0.205298000 -0.794168000 0.208735000 0.532522000
1403715321.16243 -0.393793000 -4.285674000 0.442390000 0.204983000 -0.795446000 0.204709000 0.532299000
1403715321.21244 -0.388433000 -4.289204000 0.447004000 0.205372000 -0.796457000 0.200840000 0.532111000
1403715321.26244 -0.384345000 -4.290921000 0.450574000 0.205765000 -0.797237000 0.198148000 0.531800000
1403715321.31245 -0.381435000 -4.291430000 0.453830000 0.205495000 -0.797958000 0.197456000 0.531080000
1403715321.36245 -0.380231000 -4.289935000 0.456157000 0.205234000 -0.798422000 0.197411000 0.530500000
1403715321.41246 -0.380265000 -4.286625000 0.458729000 0.204652000 -0.798171000 0.198352000 0.530752000
1403715321.46247 -0.382048000 -4.281329000 0.462045000 0.204943000 -0.797688000 0.198911000 0.531156000
1403715321.51247 -0.382145000 -4.274724000 0.468627000 0.206476000 -0.797255000 0.198880000 0.531224000
1403715321.56246 -0.385729000 -4.265562000 0.472887000 0.208357000 -0.797185000 0.199232000 0.530462000
1403715321.61247 -0.389014000 -4.253878000 0.478968000 0.211934000 -0.796452000 0.198105000 0.530568000
1403715321.66246 -0.395426000 -4.242474000 0.483501000 0.214050000 -0.795202000 0.196774000 0.532086000
1403715321.71246 -0.402930000 -4.230161000 0.488697000 0.213493000 -0.792699000 0.196893000 0.535987000
1403715321.76246 -0.411094000 -4.216748000 0.493882000 0.211875000 -0.791047000 0.196514000 0.539198000
1403715321.81245 -0.419839000 -4.201774000 0.499012000 0.207073000 -0.789521000 0.198712000 0.542486000
1403715321.86245 -0.429154000 -4.185183000 0.504597000 0.201056000 -0.787028000 0.202231000 0.547052000
1403715321.91246 -0.438472000 -4.166214000 0.509819000 0.196093000 -0.785010000 0.203628000 0.551219000
1403715321.96247 -0.448424000 -4.144473000 0.514424000 0.191616000 -0.785216000 0.202448000 0.552932000
1403715322.01249 -0.458299000 -4.120077000 0.518799000 0.188102000 -0.787712000 0.198498000 0.552020000
1403715322.06251 -0.468211000 -4.093310000 0.522666000 0.184171000 -0.791477000 0.195517000 0.549016000
1403715322.11252 -0.478065000 -4.063937000 0.527535000 0.182749000 -0.795045000 0.189565000 0.546417000
1403715322.16252 -0.489355000 -4.032596000 0.532689000 0.184978000 -0.797422000 0.179847000 0.545488000
1403715322.21252 -0.502007000 -3.999810000 0.537473000 0.187735000 -0.798703000 0.169413000 0.546011000
1403715322.26252 -0.514927000 -3.966095000 0.542663000 0.188643000 -0.800130000 0.159197000 0.546683000
1403715322.31251 -0.527987000 -3.931860000 0.547381000 0.188125000 -0.802357000 0.149568000 0.546317000
1403715322.36250 -0.541628000 -3.897145000 0.550714000 0.185875000 -0.804831000 0.140175000 0.545938000
1403715322.41250 -0.555949000 -3.862009000 0.550510000 0.182089000 -0.807362000 0.130544000 0.545865000
1403715322.46250 -0.570688000 -3.827337000 0.546942000 0.177195000 -0.810246000 0.121857000 0.545210000
1403715322.51249 -0.585958000 -3.793547000 0.540344000 0.171914000 -0.812906000 0.114541000 0.544528000
1403715322.56249 -0.601758000 -3.760977000 0.531043000 0.166849000 -0.815660000 0.109365000 0.543046000
1403715322.61249 -0.618115000 -3.729609000 0.520276000 0.163172000 -0.817612000 0.104242000 0.542235000
1403715322.66249 -0.635772000 -3.699631000 0.508127000 0.159883000 -0.819328000 0.100691000 0.541295000
1403715322.71249 -0.654839000 -3.671673000 0.496197000 0.157252000 -0.820210000 0.098064000 0.541213000
1403715322.76249 -0.674893000 -3.645058000 0.484429000 0.155079000 -0.820128000 0.096273000 0.542284000
1403715322.81250 -0.696191000 -3.620264000 0.473964000 0.153842000 -0.820409000 0.094360000 0.542548000
1403715322.86250 -0.718493000 -3.596504000 0.465252000 0.153561000 -0.820715000 0.092474000 0.542489000
1403715322.91250 -0.741495000 -3.574425000 0.460510000 0.153970000 -0.819952000 0.090335000 0.543886000
1403715322.96250 -0.765029000 -3.553431000 0.458089000 0.154065000 -0.819229000 0.088885000 0.545185000
1403715323.01250 -0.789292000 -3.534162000 0.458693000 0.154640000 -0.818671000 0.087819000 0.546033000
1403715323.06250 -0.814378000 -3.516648000 0.461997000 0.155148000 -0.818413000 0.087496000 0.546327000
1403715323.11250 -0.840388000 -3.501256000 0.466040000 0.155748000 -0.817885000 0.086957000 0.547033000
1403715323.16250 -0.867189000 -3.487225000 0.468606000 0.156972000 -0.817756000 0.086046000 0.547020000
1403715323.21250 -0.894403000 -3.474892000 0.469105000 0.158766000 -0.816942000 0.084792000 0.547913000
1403715323.26249 -0.922592000 -3.464012000 0.466164000 0.160116000 -0.815897000 0.083999000 0.549199000
1403715323.31249 -0.950995000 -3.454775000 0.460657000 0.161029000 -0.815533000 0.083585000 0.549536000
1403715323.36249 -0.979972000 -3.447417000 0.454254000 0.160767000 -0.815180000 0.084464000 0.550002000
1403715323.41249 -1.009478000 -3.442250000 0.450071000 0.160879000 -0.814969000 0.084443000 0.550284000
1403715323.46249 -1.039527000 -3.439151000 0.447701000 0.160822000 -0.815430000 0.084561000 0.549599000
1403715323.51249 -1.069624000 -3.437565000 0.449168000 0.160825000 -0.815481000 0.084547000 0.549525000
1403715323.56249 -1.100302000 -3.438292000 0.452345000 0.160556000 -0.815849000 0.084470000 0.549069000
1403715323.61248 -1.131559000 -3.441041000 0.459486000 0.159183000 -0.812257000 0.086314000 0.554481000
1403715323.66247 -1.163250000 -3.445429000 0.468698000 0.156980000 -0.806487000 0.089152000 0.563017000
1403715323.71246 -1.194313000 -3.450703000 0.478086000 0.155028000 -0.800102000 0.090984000 0.572298000
1403715323.76245 -1.224202000 -3.456775000 0.486893000 0.153292000 -0.792919000 0.092920000 0.582364000
1403715323.81245 -1.253817000 -3.464489000 0.494626000 0.151658000 -0.786715000 0.095168000 0.590781000
1403715323.86245 -1.280145000 -3.471992000 0.502915000 0.150058000 -0.781244000 0.096923000 0.598119000
1403715323.91245 -1.304154000 -3.480170000 0.511389000 0.149004000 -0.775430000 0.098338000 0.605669000
1403715323.96245 -1.325162000 -3.489009000 0.520166000 0.147621000 -0.768239000 0.101116000 0.614648000
1403715324.01245 -1.342882000 -3.497964000 0.528746000 0.146117000 -0.762848000 0.104070000 0.621194000
1403715324.06246 -1.356932000 -3.506523000 0.535642000 0.145205000 -0.760607000 0.106481000 0.623742000
1403715324.11246 -1.368604000 -3.515538000 0.541850000 0.144307000 -0.762816000 0.108857000 0.620836000
1403715324.16247 -1.379086000 -3.525158000 0.546920000 0.143902000 -0.766680000 0.110952000 0.615779000
1403715324.21247 -1.384821000 -3.532692000 0.552633000 0.142947000 -0.770501000 0.113450000 0.610756000
1403715324.26247 -1.388034000 -3.540196000 0.559158000 0.141558000 -0.773904000 0.116705000 0.606146000
1403715324.31247 -1.388536000 -3.546621000 0.564767000 0.139512000 -0.777193000 0.121314000 0.601491000
1403715324.36248 -1.387193000 -3.552646000 0.570617000 0.135920000 -0.781530000 0.127634000 0.595354000
1403715324.41248 -1.383839000 -3.557299000 0.575444000 0.133645000 -0.788134000 0.132568000 0.586011000
1403715324.46250 -1.379494000 -3.559584000 0.580293000 0.132326000 -0.795691000 0.135396000 0.575355000
1403715324.51250 -1.373882000 -3.561029000 0.585410000 0.131566000 -0.801985000 0.136892000 0.566366000
1403715324.56251 -1.368764000 -3.561696000 0.591343000 0.131579000 -0.807071000 0.136869000 0.559098000
1403715324.61252 -1.364268000 -3.561504000 0.597824000 0.131876000 -0.810078000 0.135982000 0.554880000
1403715324.66254 -1.360837000 -3.560581000 0.604627000 0.132872000 -0.811482000 0.134178000 0.553026000
1403715324.71255 -1.356718000 -3.558706000 0.611364000 0.133736000 -0.811736000 0.132332000 0.552890000
1403715324.76256 -1.354143000 -3.555838000 0.617976000 0.135646000 -0.811269000 0.129297000 0.553828000
1403715324.81257 -1.351904000 -3.552433000 0.624343000 0.139485000 -0.809936000 0.123831000 0.556069000
1403715324.86257 -1.349941000 -3.548845000 0.630298000 0.143947000 -0.807644000 0.117783000 0.559569000
1403715324.91258 -1.348285000 -3.545398000 0.636128000 0.147734000 -0.804353000 0.113127000 0.564263000
1403715324.96259 -1.345813000 -3.541670000 0.641496000 0.149637000 -0.800841000 0.111313000 0.569097000
1403715325.01259 -1.342999000 -3.537980000 0.646229000 0.150853000 -0.797530000 0.110807000 0.573508000
1403715325.06259 -1.338237000 -3.534036000 0.650510000 0.151273000 -0.794896000 0.111354000 0.576938000
1403715325.11259 -1.334498000 -3.530414000 0.654247000 0.151020000 -0.792424000 0.113327000 0.580012000
1403715325.16259 -1.329907000 -3.526558000 0.657269000 0.151335000 -0.791080000 0.114377000 0.581556000
1403715325.21258 -1.323247000 -3.522061000 0.660373000 0.151543000 -0.789911000 0.115537000 0.582860000
1403715325.26258 -1.316597000 -3.518066000 0.662368000 0.151488000 -0.789971000 0.117085000 0.582485000
1403715325.31259 -1.308767000 -3.513395000 0.664326000 0.151627000 -0.790906000 0.118485000 0.580894000
1403715325.36259 -1.299684000 -3.508697000 0.665938000 0.151958000 -0.792866000 0.119305000 0.577961000
1403715325.41260 -1.289945000 -3.504033000 0.667699000 0.151666000 -0.795835000 0.121302000 0.573524000
1403715325.46260 -1.279636000 -3.499176000 0.668993000 0.151146000 -0.799272000 0.122937000 0.568512000
1403715325.51260 -1.269460000 -3.494114000 0.669531000 0.150502000 -0.802378000 0.124545000 0.563939000
1403715325.56259 -1.259245000 -3.489206000 0.669623000 0.148710000 -0.804580000 0.127244000 0.560666000
1403715325.61258 -1.249785000 -3.484179000 0.670190000 0.144900000 -0.806081000 0.132465000 0.558293000
1403715325.66257 -1.241578000 -3.477232000 0.669957000 0.140948000 -0.807341000 0.137594000 0.556239000
1403715325.71257 -1.233432000 -3.469977000 0.669994000 0.138063000 -0.808576000 0.141237000 0.554252000
1403715325.76256 -1.226170000 -3.461443000 0.669906000 0.136051000 -0.810100000 0.143354000 0.551976000
1403715325.81256 -1.219847000 -3.451769000 0.669372000 0.135670000 -0.811435000 0.143116000 0.550168000
1403715325.86256 -1.214217000 -3.440462000 0.668763000 0.135905000 -0.812376000 0.141960000 0.549019000
1403715325.91255 -1.209811000 -3.428058000 0.667432000 0.136374000 -0.813236000 0.140283000 0.548060000
1403715325.96255 -1.206217000 -3.414711000 0.666223000 0.137392000 -0.814006000 0.138062000 0.547226000
1403715326.01255 -1.204011000 -3.400362000 0.664618000 0.138605000 -0.814024000 0.134845000 0.547695000
1403715326.06255 -1.203225000 -3.385228000 0.662727000 0.140285000 -0.813348000 0.130768000 0.549258000
1403715326.11255 -1.203518000 -3.369713000 0.660259000 0.142755000 -0.812364000 0.125308000 0.551347000
1403715326.16255 -1.204685000 -3.353996000 0.657417000 0.145308000 -0.810942000 0.119821000 0.553986000
1403715326.21256 -1.206513000 -3.338260000 0.653793000 0.147276000 -0.809699000 0.115208000 0.556260000
1403715326.26256 -1.209193000 -3.322718000 0.649963000 0.148956000 -0.807904000 0.111019000 0.559266000
1403715326.31256 -1.211618000 -3.307419000 0.646016000 0.149430000 -0.805427000 0.108718000 0.563150000
1403715326.36257 -1.214314000 -3.292614000 0.642360000 0.149301000 -0.801610000 0.107162000 0.568900000
1403715326.41257 -1.217221000 -3.279079000 0.639062000 0.148309000 -0.797464000 0.107044000 0.574975000
1403715326.46257 -1.219785000 -3.265704000 0.635301000 0.146944000 -0.794267000 0.107447000 0.579657000
1403715326.51256 -1.221103000 -3.251876000 0.632135000 0.145970000 -0.790973000 0.107673000 0.584347000
1403715326.56256 -1.221169000 -3.237994000 0.627756000 0.144998000 -0.788875000 0.107925000 0.587371000
1403715326.61255 -1.220061000 -3.224031000 0.623382000 0.144710000 -0.786935000 0.106906000 0.590224000
1403715326.66255 -1.217573000 -3.209660000 0.619110000 0.143784000 -0.786223000 0.106537000 0.591464000
1403715326.71255 -1.213848000 -3.194850000 0.614408000 0.142872000 -0.786659000 0.105843000 0.591229000
1403715326.76255 -1.208368000 -3.179345000 0.608984000 0.141079000 -0.789135000 0.106503000 0.588234000
1403715326.81255 -1.201534000 -3.163878000 0.603462000 0.138920000 -0.792848000 0.107870000 0.583488000
1403715326.86255 -1.193594000 -3.148261000 0.597697000 0.136305000 -0.796619000 0.109414000 0.578660000
1403715326.91255 -1.184580000 -3.132887000 0.591490000 0.134890000 -0.800470000 0.109836000 0.573575000
1403715326.96255 -1.174851000 -3.117254000 0.585815000 0.132443000 -0.803297000 0.111148000 0.569929000
1403715327.01255 -1.165311000 -3.101563000 0.580646000 0.129601000 -0.805655000 0.113404000 0.566801000
1403715327.06255 -1.155901000 -3.085505000 0.576157000 0.126880000 -0.807384000 0.115771000 0.564473000
1403715327.11255 -1.146853000 -3.068652000 0.571408000 0.124606000 -0.809102000 0.117584000 0.562139000
1403715327.16255 -1.138448000 -3.050956000 0.566697000 0.123160000 -0.810908000 0.118676000 0.559621000
1403715327.21255 -1.130541000 -3.032492000 0.561965000 0.121594000 -0.812683000 0.119838000 0.557135000
1403715327.26256 -1.123154000 -3.013221000 0.558133000 0.120001000 -0.814360000 0.120690000 0.554843000
1403715327.31256 -1.116840000 -2.993062000 0.554717000 0.118244000 -0.815637000 0.121812000 0.553098000
1403715327.36256 -1.111372000 -2.971824000 0.551333000 0.116716000 -0.816820000 0.122612000 0.551497000
1403715327.41256 -1.107014000 -2.949885000 0.547348000 0.114976000 -0.817763000 0.123469000 0.550272000
1403715327.46256 -1.103865000 -2.927290000 0.543713000 0.115363000 -0.818302000 0.123469000 0.549389000
1403715327.51256 -1.101741000 -2.903389000 0.540085000 0.116316000 -0.818388000 0.124486000 0.548830000
1403715327.56256 -1.100854000 -2.878159000 0.536715000 0.120496000 -0.817904000 0.123453000 0.548884000
1403715327.61256 -1.101316000 -2.852181000 0.533106000 0.126326000 -0.816798000 0.122108000 0.549520000
1403715327.66256 -1.102871000 -2.825920000 0.529497000 0.133021000 -0.815822000 0.121772000 0.549464000
1403715327.71256 -1.105159000 -2.799269000 0.526033000 0.141025000 -0.814474000 0.122105000 0.549395000
1403715327.76256 -1.108672000 -2.773307000 0.522681000 0.149324000 -0.813027000 0.124527000 0.548800000
1403715327.81256 -1.112864000 -2.747386000 0.518805000 0.158415000 -0.811630000 0.127604000 0.547611000
1403715327.86256 -1.117091000 -2.721231000 0.514679000 0.167802000 -0.809819000 0.132173000 0.546412000
1403715327.91256 -1.122765000 -2.696068000 0.510868000 0.177536000 -0.807335000 0.137093000 0.545799000
1403715327.96256 -1.129679000 -2.671151000 0.506792000 0.187482000 -0.804090000 0.141662000 0.546097000
1403715328.01256 -1.137593000 -2.646289000 0.502445000 0.196747000 -0.800364000 0.144792000 0.547488000
1403715328.06256 -1.145815000 -2.621111000 0.498165000 0.203537000 -0.797216000 0.148096000 0.548714000
1403715328.11256 -1.154417000 -2.596453000 0.494729000 0.209075000 -0.793673000 0.150392000 0.551137000
1403715328.16256 -1.162894000 -2.571997000 0.492045000 0.213280000 -0.790143000 0.151792000 0.554207000
1403715328.21256 -1.170926000 -2.547882000 0.490045000 0.216502000 -0.786375000 0.152066000 0.558227000
1403715328.26255 -1.178043000 -2.524131000 0.488393000 0.218232000 -0.783039000 0.152395000 0.562139000
1403715328.31255 -1.184229000 -2.500454000 0.486781000 0.219220000 -0.780212000 0.151504000 0.565914000
1403715328.36255 -1.189330000 -2.477453000 0.485056000 0.219254000 -0.778387000 0.149744000 0.568874000
1403715328.41255 -1.192919000 -2.454803000 0.483593000 0.218518000 -0.777061000 0.147837000 0.571463000
1403715328.46256 -1.194898000 -2.432478000 0.482136000 0.217482000 -0.776773000 0.145642000 0.572812000
1403715328.51256 -1.195561000 -2.410903000 0.480764000 0.215943000 -0.777268000 0.143809000 0.573186000
1403715328.56256 -1.194774000 -2.389839000 0.478938000 0.214739000 -0.779550000 0.141797000 0.571037000
1403715328.61256 -1.192818000 -2.369808000 0.476727000 0.215362000 -0.782451000 0.140016000 0.567261000
1403715328.66256 -1.189789000 -2.350903000 0.474721000 0.217130000 -0.785518000 0.139089000 0.562557000
1403715328.71256 -1.185213000 -2.332301000 0.472300000 0.219506000 -0.787006000 0.140414000 0.559217000
1403715328.76255 -1.180045000 -2.316235000 0.470144000 0.223004000 -0.788737000 0.143991000 0.554463000
1403715328.81255 -1.174101000 -2.301617000 0.468196000 0.228325000 -0.788663000 0.149407000 0.550959000
1403715328.86254 -1.167771000 -2.288732000 0.466517000 0.234958000 -0.787107000 0.156641000 0.548380000
1403715328.91252 -1.161582000 -2.277096000 0.464502000 0.243361000 -0.784727000 0.164945000 0.545685000
1403715328.96251 -1.154850000 -2.266782000 0.462480000 0.253778000 -0.781205000 0.173984000 0.543181000
1403715329.01251 -1.147885000 -2.257627000 0.460109000 0.265363000 -0.776792000 0.184137000 0.540620000
1403715329.06250 -1.140781000 -2.248587000 0.456783000 0.277823000 -0.772416000 0.194548000 0.536972000
1403715329.11251 -1.133746000 -2.241091000 0.453936000 0.290266000 -0.767574000 0.206464000 0.532867000
1403715329.16251 -1.126574000 -2.234495000 0.451287000 0.303684000 -0.762843000 0.217500000 0.527769000
1403715329.21252 -1.119919000 -2.228231000 0.447658000 0.317114000 -0.758019000 0.227348000 0.522646000
1403715329.26253 -1.113785000 -2.222163000 0.443359000 0.329930000 -0.753654000 0.235911000 0.517202000
1403715329.31253 -1.106865000 -2.214129000 0.438477000 0.340422000 -0.749573000 0.243714000 0.512696000
1403715329.36253 -1.100879000 -2.208253000 0.433963000 0.349041000 -0.746141000 0.250306000 0.508715000
1403715329.41254 -1.095304000 -2.202491000 0.427889000 0.355869000 -0.742833000 0.256224000 0.505871000
1403715329.46253 -1.089539000 -2.196621000 0.420598000 0.361672000 -0.740711000 0.260376000 0.502737000
1403715329.51253 -1.084377000 -2.191165000 0.413070000 0.366418000 -0.738444000 0.263383000 0.501066000
1403715329.56253 -1.079500000 -2.186191000 0.405185000 0.369987000 -0.737526000 0.265956000 0.498430000
1403715329.61252 -1.074987000 -2.181440000 0.398287000 0.373280000 -0.736541000 0.266731000 0.497015000
1403715329.66253 -1.071205000 -2.177263000 0.392090000 0.374896000 -0.735363000 0.267778000 0.496981000
1403715329.71253 -1.067649000 -2.173504000 0.385594000 0.375699000 -0.733956000 0.268495000 0.498065000
1403715329.76253 -1.063972000 -2.170185000 0.378555000 0.375390000 -0.732801000 0.269698000 0.499347000
1403715329.81253 -1.060640000 -2.167373000 0.370874000 0.374976000 -0.731955000 0.270548000 0.500438000
1403715329.86253 -1.057430000 -2.165143000 0.362842000 0.374212000 -0.731807000 0.271131000 0.500911000
1403715329.91253 -1.056235000 -2.166162000 0.356602000 0.373666000 -0.731502000 0.270970000 0.501851000
1403715329.96254 -1.053771000 -2.164868000 0.348177000 0.372963000 -0.731614000 0.271478000 0.501935000
1403715330.01254 -1.052343000 -2.165822000 0.341394000 0.373055000 -0.731211000 0.273051000 0.501601000
1403715330.06253 -1.048692000 -2.164745000 0.332094000 0.374062000 -0.730496000 0.274994000 0.500831000
1403715330.11253 -1.045623000 -2.163389000 0.321653000 0.375640000 -0.730241000 0.276171000 0.499373000
1403715330.16253 -1.043588000 -2.162699000 0.311184000 0.378296000 -0.729303000 0.275652000 0.499024000
1403715330.21252 -1.042366000 -2.162434000 0.300798000 0.381116000 -0.729002000 0.274282000 0.498073000
1403715330.26252 -1.041941000 -2.162221000 0.290259000 0.383531000 -0.729505000 0.272534000 0.496438000
1403715330.31252 -1.041142000 -2.162484000 0.280967000 0.385312000 -0.729897000 0.270705000 0.495484000
1403715330.36252 -1.040586000 -2.162905000 0.271970000 0.386380000 -0.730335000 0.269550000 0.494635000
1403715330.41252 -1.040426000 -2.163742000 0.263721000 0.386379000 -0.730394000 0.270076000 0.494262000
1403715330.46252 -1.040343000 -2.164401000 0.257525000 0.385510000 -0.729791000 0.271735000 0.494922000
1403715330.51251 -1.040558000 -2.163672000 0.252258000 0.384265000 -0.729812000 0.273761000 0.494741000
1403715330.56251 -1.040909000 -2.165901000 0.251243000 0.384461000 -0.729400000 0.273805000 0.495173000
1403715330.61251 -1.039510000 -2.163101000 0.250750000 0.382902000 -0.728447000 0.276066000 0.496527000
1403715330.66250 -1.039938000 -2.164784000 0.256719000 0.380000000 -0.726994000 0.279808000 0.498785000
1403715330.71250 -1.040159000 -2.166316000 0.265427000 0.376935000 -0.726223000 0.284144000 0.499783000
1403715330.76250 -1.040209000 -2.167608000 0.275331000 0.374368000 -0.726027000 0.290002000 0.498631000
1403715330.81250 -1.040119000 -2.168633000 0.285448000 0.373640000 -0.725518000 0.296677000 0.495984000
1403715330.86250 -1.039896000 -2.169273000 0.295853000 0.376596000 -0.724107000 0.301467000 0.492912000
1403715330.91250 -1.039984000 -2.169428000 0.305223000 0.380906000 -0.722047000 0.307861000 0.488652000
1403715330.96250 -1.040698000 -2.169204000 0.314409000 0.386817000 -0.718731000 0.314614000 0.484578000
1403715331.01250 -1.041965000 -2.168023000 0.323536000 0.394114000 -0.714866000 0.321660000 0.479767000
1403715331.06250 -1.043573000 -2.165134000 0.332706000 0.402054000 -0.710857000 0.329399000 0.473847000
1403715331.11250 -1.046221000 -2.161496000 0.342931000 0.411378000 -0.706031000 0.336079000 0.468336000
1403715331.16250 -1.050094000 -2.156999000 0.354152000 0.423117000 -0.700757000 0.339704000 0.463156000
1403715331.21249 -1.055705000 -2.152783000 0.366364000 0.433721000 -0.695201000 0.342819000 0.459409000
1403715331.26248 -1.063111000 -2.147169000 0.379985000 0.443716000 -0.689637000 0.344499000 0.456987000
1403715331.31247 -1.070858000 -2.140136000 0.395315000 0.453413000 -0.684298000 0.344042000 0.455838000
1403715331.36246 -1.079367000 -2.132723000 0.412076000 0.462145000 -0.678999000 0.342732000 0.455979000
1403715331.41245 -1.088491000 -2.125034000 0.429807000 0.468544000 -0.674910000 0.342287000 0.455853000
1403715331.46244 -1.098247000 -2.117463000 0.448102000 0.472317000 -0.671877000 0.343356000 0.455637000
1403715331.51244 -1.108544000 -2.110390000 0.466101000 0.475801000 -0.669467000 0.343818000 0.455210000
1403715331.56244 -1.119199000 -2.103306000 0.483962000 0.477951000 -0.667363000 0.345267000 0.454951000
1403715331.61244 -1.130252000 -2.096558000 0.500710000 0.479314000 -0.666649000 0.346668000 0.453496000
1403715331.66244 -1.141820000 -2.090032000 0.517300000 0.480514000 -0.665027000 0.347144000 0.454243000
1403715331.71244 -1.153469000 -2.083623000 0.533068000 0.482183000 -0.662861000 0.345597000 0.456812000
1403715331.76244 -1.165496000 -2.077158000 0.548987000 0.483925000 -0.661486000 0.343129000 0.458819000
1403715331.81245 -1.178759000 -2.073040000 0.563151000 0.484298000 -0.660719000 0.341617000 0.460656000
1403715331.86245 -1.190452000 -2.067261000 0.576820000 0.483331000 -0.660788000 0.341443000 0.461700000
1403715331.91245 -1.202138000 -2.061454000 0.589043000 0.482594000 -0.661456000 0.340356000 0.462316000
1403715331.96246 -1.213367000 -2.056039000 0.598580000 0.481331000 -0.664114000 0.339971000 0.460100000
1403715332.01246 -1.224171000 -2.050970000 0.605285000 0.478613000 -0.666860000 0.340895000 0.458277000
1403715332.06247 -1.234823000 -2.046364000 0.609215000 0.476996000 -0.669915000 0.339160000 0.456793000
1403715332.11247 -1.245635000 -2.041881000 0.610380000 0.475424000 -0.672665000 0.337238000 0.455811000
1403715332.16247 -1.256773000 -2.037853000 0.609258000 0.472117000 -0.676628000 0.337687000 0.453042000
1403715332.21247 -1.268163000 -2.035087000 0.608130000 0.467843000 -0.680396000 0.340636000 0.449612000
1403715332.26248 -1.279622000 -2.033173000 0.608332000 0.463724000 -0.682534000 0.345256000 0.447107000
1403715332.31248 -1.291747000 -2.031230000 0.607664000 0.460901000 -0.683055000 0.349775000 0.445717000
1403715332.36248 -1.304940000 -2.029604000 0.607940000 0.460741000 -0.683515000 0.352454000 0.443059000
1403715332.41248 -1.318186000 -2.028110000 0.609537000 0.462634000 -0.683084000 0.353351000 0.441031000
1403715332.46248 -1.333439000 -2.027266000 0.611109000 0.465611000 -0.682567000 0.352545000 0.439341000
1403715332.51248 -1.349819000 -2.027273000 0.613364000 0.468342000 -0.682725000 0.352106000 0.436536000
1403715332.56248 -1.367471000 -2.028348000 0.615629000 0.471323000 -0.682241000 0.350625000 0.435273000
1403715332.61249 -1.386544000 -2.030494000 0.618639000 0.472552000 -0.681029000 0.351142000 0.435423000
1403715332.66249 -1.406787000 -2.033462000 0.622197000 0.473189000 -0.679348000 0.352396000 0.436343000
1403715332.71250 -1.428546000 -2.036968000 0.625890000 0.474165000 -0.677146000 0.353547000 0.437773000
1403715332.76249 -1.450783000 -2.041149000 0.630567000 0.476238000 -0.675641000 0.353375000 0.437987000
1403715332.81249 -1.474216000 -2.046345000 0.635181000 0.479123000 -0.673057000 0.353240000 0.438926000
1403715332.86249 -1.498647000 -2.052592000 0.639044000 0.482736000 -0.670213000 0.353103000 0.439430000
1403715332.91249 -1.523408000 -2.058442000 0.643711000 0.484149000 -0.664283000 0.357362000 0.443419000
1403715332.96249 -1.548868000 -2.066439000 0.648970000 0.484604000 -0.655869000 0.364129000 0.449894000
1403715333.01247 -1.574724000 -2.073244000 0.653647000 0.485080000 -0.646875000 0.371843000 0.456051000
1403715333.06248 -1.600791000 -2.080168000 0.658019000 0.485712000 -0.639087000 0.378867000 0.460556000
1403715333.11248 -1.626720000 -2.085411000 0.661344000 0.486666000 -0.632901000 0.383881000 0.463926000
1403715333.16249 -1.652486000 -2.089352000 0.663575000 0.488220000 -0.628175000 0.386888000 0.466214000
1403715333.21249 -1.678062000 -2.091575000 0.664232000 0.489887000 -0.625214000 0.388378000 0.467205000
1403715333.26249 -1.703427000 -2.091691000 0.663419000 0.492233000 -0.624421000 0.388240000 0.465913000
1403715333.31249 -1.728570000 -2.090644000 0.661539000 0.494724000 -0.624893000 0.387184000 0.463513000
1403715333.36249 -1.753515000 -2.088135000 0.658824000 0.497363000 -0.625763000 0.384909000 0.461407000
1403715333.41249 -1.777927000 -2.083942000 0.655477000 0.499705000 -0.627166000 0.382668000 0.458827000
1403715333.46249 -1.801820000 -2.077989000 0.651889000 0.501258000 -0.628412000 0.381084000 0.456742000
1403715333.51250 -1.824829000 -2.068891000 0.648527000 0.501439000 -0.628961000 0.380894000 0.455945000
1403715333.56250 -1.847750000 -2.061032000 0.645442000 0.500774000 -0.629030000 0.381841000 0.455790000
1403715333.61251 -1.869962000 -2.051387000 0.642859000 0.500396000 -0.628328000 0.382372000 0.456727000
1403715333.66251 -1.892252000 -2.041717000 0.638775000 0.501304000 -0.629557000 0.381468000 0.454790000
1403715333.71251 -1.913739000 -2.029817000 0.634284000 0.503137000 -0.631978000 0.379287000 0.451218000
1403715333.76251 -1.935369000 -2.018505000 0.628388000 0.505726000 -0.635671000 0.375849000 0.445984000
1403715333.81251 -1.956604000 -2.006742000 0.623216000 0.508522000 -0.638649000 0.373179000 0.440761000
1403715333.86251 -1.977298000 -1.994826000 0.618587000 0.512068000 -0.640080000 0.371864000 0.435663000
1403715333.91251 -1.997948000 -1.983365000 0.614661000 0.515672000 -0.640026000 0.371996000 0.431355000
1403715333.96252 -2.018542000 -1.973083000 0.611105000 0.519813000 -0.637871000 0.372881000 0.428805000
1403715334.01253 -2.039388000 -1.963462000 0.608389000 0.523497000 -0.635119000 0.375823000 0.425830000
1403715334.06253 -2.060060000 -1.954847000 0.606549000 0.527418000 -0.632375000 0.379009000 0.422237000
1403715334.11254 -2.080706000 -1.946676000 0.605716000 0.530956000 -0.629633000 0.382016000 0.419181000
1403715334.16253 -2.101933000 -1.938569000 0.605496000 0.534881000 -0.626994000 0.384013000 0.416311000
1403715334.21253 -2.123231000 -1.930773000 0.606498000 0.537988000 -0.625103000 0.385924000 0.413373000
1403715334.26253 -2.144938000 -1.923606000 0.607499000 0.540685000 -0.623617000 0.387250000 0.410851000
1403715334.31253 -2.167189000 -1.916722000 0.608758000 0.542632000 -0.621756000 0.388841000 0.409601000
1403715334.36253 -2.190153000 -1.910898000 0.609556000 0.544546000 -0.620293000 0.389726000 0.408436000
1403715334.41253 -2.213889000 -1.905432000 0.610649000 0.545756000 -0.619004000 0.390728000 0.407818000
1403715334.46253 -2.236660000 -1.900802000 0.611797000 0.546462000 -0.618217000 0.391316000 0.407504000
1403715334.51253 -2.260233000 -1.896677000 0.612783000 0.546692000 -0.616936000 0.392570000 0.407930000
1403715334.56253 -2.284302000 -1.893189000 0.614039000 0.547183000 -0.615480000 0.393244000 0.408820000
1403715334.61253 -2.308567000 -1.890026000 0.614913000 0.548536000 -0.614004000 0.392936000 0.409523000
1403715334.66253 -2.333098000 -1.887117000 0.615389000 0.550100000 -0.612650000 0.391707000 0.410629000
1403715334.71254 -2.357748000 -1.882259000 0.614876000 0.550449000 -0.611710000 0.391691000 0.411576000
1403715334.76254 -2.382445000 -1.880407000 0.615000000 0.550773000 -0.610963000 0.391430000 0.412500000
1403715334.81254 -2.407130000 -1.879021000 0.614823000 0.551220000 -0.610634000 0.390576000 0.413198000
1403715334.86254 -2.431622000 -1.878087000 0.614874000 0.551368000 -0.610104000 0.390071000 0.414260000
1403715334.91254 -2.455845000 -1.879265000 0.614493000 0.551464000 -0.609942000 0.389479000 0.414926000
1403715334.96254 -2.480169000 -1.884699000 0.611618000 0.551887000 -0.610095000 0.388194000 0.415344000
1403715335.01254 -2.503961000 -1.885480000 0.610013000 0.551920000 -0.609712000 0.388222000 0.415836000
1403715335.06254 -2.527245000 -1.886705000 0.608147000 0.552798000 -0.609369000 0.388002000 0.415377000
1403715335.11254 -2.550293000 -1.888602000 0.606711000 0.553573000 -0.608895000 0.387899000 0.415135000
1403715335.16254 -2.573156000 -1.891084000 0.605392000 0.554418000 -0.608151000 0.387570000 0.415407000
1403715335.21254 -2.595564000 -1.894139000 0.604162000 0.554836000 -0.608103000 0.387422000 0.415055000
1403715335.26254 -2.617579000 -1.897530000 0.602834000 0.556184000 -0.607165000 0.387235000 0.414800000
1403715335.31254 -2.639352000 -1.901327000 0.600663000 0.557844000 -0.605603000 0.387983000 0.414156000
1403715335.36254 -2.660274000 -1.905470000 0.600120000 0.560148000 -0.603824000 0.389046000 0.412642000
1403715335.41254 -2.680895000 -1.910754000 0.600114000 0.562670000 -0.600868000 0.391306000 0.411387000
1403715335.46254 -2.700985000 -1.915961000 0.599463000 0.565438000 -0.598313000 0.393324000 0.409387000
1403715335.51254 -2.720791000 -1.922713000 0.599490000 0.567175000 -0.596889000 0.396153000 0.406324000
1403715335.56254 -2.739871000 -1.931368000 0.599899000 0.568095000 -0.595656000 0.399531000 0.403532000
1403715335.61254 -2.759015000 -1.938398000 0.598796000 0.569414000 -0.594271000 0.402437000 0.400817000
1403715335.66254 -2.777744000 -1.945794000 0.597819000 0.571384000 -0.592163000 0.405679000 0.397854000
1403715335.71254 -2.796295000 -1.954048000 0.596642000 0.575323000 -0.588923000 0.407361000 0.395260000
1403715335.76254 -2.814868000 -1.962909000 0.594921000 0.578981000 -0.584867000 0.410243000 0.392953000
1403715335.81254 -2.833478000 -1.972464000 0.592472000 0.582615000 -0.581090000 0.412496000 0.390820000
1403715335.86254 -2.852263000 -1.981878000 0.590725000 0.585785000 -0.577706000 0.414588000 0.388881000
1403715335.91254 -2.870938000 -1.991486000 0.588878000 0.588853000 -0.574386000 0.416348000 0.387281000
1403715335.96254 -2.889491000 -2.001347000 0.587793000 0.590468000 -0.570917000 0.419735000 0.386295000
1403715336.01254 -2.907764000 -2.011472000 0.587188000 0.592438000 -0.566962000 0.421982000 0.386656000
1403715336.06254 -2.926021000 -2.021710000 0.586626000 0.593056000 -0.563446000 0.425231000 0.387289000
1403715336.11254 -2.944327000 -2.031617000 0.585750000 0.592921000 -0.560367000 0.428766000 0.388062000
1403715336.16253 -2.962802000 -2.041570000 0.584758000 0.593027000 -0.556991000 0.431319000 0.389929000
1403715336.21253 -2.981016000 -2.050931000 0.583174000 0.592368000 -0.554625000 0.434484000 0.390788000
1403715336.26254 -2.998938000 -2.060626000 0.581490000 0.592677000 -0.553815000 0.436105000 0.389660000
1403715336.31254 -3.017079000 -2.069666000 0.579561000 0.594495000 -0.553820000 0.435160000 0.387936000
1403715336.36254 -3.035252000 -2.078289000 0.577248000 0.597049000 -0.554441000 0.433467000 0.385012000
1403715336.41254 -3.053366000 -2.086512000 0.575245000 0.599361000 -0.554814000 0.431426000 0.383170000
1403715336.46254 -3.071116000 -2.094270000 0.574066000 0.601863000 -0.554634000 0.428794000 0.382463000
1403715336.51254 -3.088438000 -2.101836000 0.572974000 0.602960000 -0.554988000 0.427945000 0.381170000
1403715336.56254 -3.105728000 -2.109888000 0.572326000 0.603221000 -0.555008000 0.427751000 0.380945000
1403715336.61254 -3.122961000 -2.117978000 0.572041000 0.603034000 -0.555153000 0.428063000 0.380681000
1403715336.66254 -3.137746000 -2.129011000 0.571280000 0.603107000 -0.555281000 0.427614000 0.380881000
1403715336.71254 -3.153943000 -2.137967000 0.571274000 0.603023000 -0.555362000 0.427287000 0.381265000
1403715336.76254 -3.169177000 -2.148792000 0.571568000 0.602847000 -0.555531000 0.427020000 0.381596000
1403715336.81255 -3.183968000 -2.159255000 0.572375000 0.603012000 -0.555105000 0.426448000 0.382593000
1403715336.86255 -3.198929000 -2.169191000 0.573549000 0.602803000 -0.554741000 0.426358000 0.383548000
1403715336.91255 -3.213206000 -2.180588000 0.575118000 0.602676000 -0.554520000 0.426476000 0.383936000
1403715336.96255 -3.227192000 -2.191443000 0.577718000 0.602612000 -0.553774000 0.426287000 0.385322000
1403715337.01255 -3.240598000 -2.202454000 0.581035000 0.602955000 -0.553176000 0.426224000 0.385713000
1403715337.06255 -3.252451000 -2.213300000 0.584613000 0.604362000 -0.551859000 0.426032000 0.385610000
1403715337.11255 -3.264269000 -2.224051000 0.588586000 0.606645000 -0.550888000 0.426206000 0.383213000
1403715337.16255 -3.275355000 -2.234844000 0.592539000 0.610705000 -0.548299000 0.425874000 0.380839000
1403715337.21255 -3.285523000 -2.246036000 0.596089000 0.614447000 -0.545824000 0.427169000 0.376904000
1403715337.26255 -3.294740000 -2.257864000 0.599721000 0.618126000 -0.543278000 0.429833000 0.371501000
1403715337.31254 -3.303506000 -2.270035000 0.603485000 0.622298000 -0.540317000 0.432896000 0.365243000
1403715337.36254 -3.312438000 -2.282436000 0.608028000 0.626022000 -0.537922000 0.435998000 0.358666000
1403715337.41254 -3.321566000 -2.295503000 0.612517000 0.628909000 -0.535830000 0.439335000 0.352624000
1403715337.46254 -3.330436000 -2.309518000 0.616813000 0.630410000 -0.533458000 0.443809000 0.347908000
1403715337.51254 -3.339495000 -2.324063000 0.620653000 0.630583000 -0.532452000 0.449099000 0.342300000
1403715337.56254 -3.349703000 -2.339109000 0.624051000 0.630633000 -0.530442000 0.453647000 0.339318000
1403715337.61254 -3.360186000 -2.355302000 0.627560000 0.632282000 -0.527204000 0.455433000 0.338905000
1403715337.66254 -3.371004000 -2.371972000 0.630667000 0.633582000 -0.523511000 0.456911000 0.340209000
1403715337.71254 -3.382454000 -2.389242000 0.633296000 0.635183000 -0.520542000 0.457264000 0.341302000
1403715337.76254 -3.394164000 -2.406913000 0.635840000 0.636335000 -0.518485000 0.457485000 0.341993000
1403715337.81254 -3.406283000 -2.424972000 0.638393000 0.636739000 -0.517000000 0.457797000 0.343069000
1403715337.86254 -3.418656000 -2.443318000 0.641045000 0.636714000 -0.515996000 0.457758000 0.344676000
1403715337.91254 -3.430702000 -2.461994000 0.644363000 0.636931000 -0.515165000 0.456798000 0.346785000
1403715337.96254 -3.442912000 -2.480644000 0.647921000 0.636800000 -0.514897000 0.455751000 0.348795000
1403715338.01254 -3.455098000 -2.498751000 0.651456000 0.635556000 -0.515568000 0.455691000 0.350149000
1403715338.06254 -3.467543000 -2.517126000 0.654802000 0.633780000 -0.517013000 0.455977000 0.350863000
1403715338.11254 -3.479972000 -2.535308000 0.658224000 0.631820000 -0.518616000 0.456485000 0.351373000
1403715338.16254 -3.491992000 -2.553521000 0.661109000 0.630961000 -0.519184000 0.456939000 0.351487000
1403715338.21254 -3.503704000 -2.571581000 0.663420000 0.630407000 -0.519522000 0.457820000 0.350835000
1403715338.26254 -3.514989000 -2.589630000 0.665478000 0.630164000 -0.519323000 0.459468000 0.349408000
1403715338.31254 -3.526323000 -2.607903000 0.667730000 0.630811000 -0.518926000 0.460956000 0.346863000
1403715338.36254 -3.537429000 -2.625698000 0.670321000 0.631849000 -0.518130000 0.463236000 0.343103000
1403715338.41254 -3.548883000 -2.643678000 0.673053000 0.633818000 -0.515338000 0.466098000 0.339786000
1403715338.46254 -3.560843000 -2.661542000 0.675230000 0.636637000 -0.511769000 0.468837000 0.336121000
1403715338.51254 -3.573239000 -2.679907000 0.677887000 0.640415000 -0.507518000 0.471435000 0.331727000
1403715338.56254 -3.586143000 -2.698650000 0.681060000 0.644964000 -0.501142000 0.474068000 0.328843000
1403715338.61254 -3.599730000 -2.717260000 0.684682000 0.650102000 -0.493879000 0.476644000 0.325978000
1403715338.66254 -3.614023000 -2.735695000 0.688384000 0.655556000 -0.485824000 0.479653000 0.322731000
1403715338.71254 -3.628441000 -2.754264000 0.692161000 0.661205000 -0.477659000 0.482374000 0.319319000
1403715338.76254 -3.643269000 -2.772501000 0.695865000 0.666610000 -0.470449000 0.485001000 0.314774000
1403715338.81254 -3.658417000 -2.790396000 0.699119000 0.672185000 -0.463678000 0.485917000 0.311537000
1403715338.86254 -3.673531000 -2.809019000 0.702495000 0.676176000 -0.458298000 0.487512000 0.308353000
1403715338.91253 -3.688846000 -2.828195000 0.705707000 0.679932000 -0.454180000 0.488204000 0.305075000
1403715338.96253 -3.704535000 -2.846701000 0.707119000 0.683750000 -0.449729000 0.488056000 0.303366000
1403715339.01253 -3.720670000 -2.865532000 0.708020000 0.687168000 -0.446881000 0.487421000 0.300863000
1403715339.06253 -3.736899000 -2.884003000 0.708723000 0.690260000 -0.444780000 0.486381000 0.298572000
1403715339.11253 -3.753101000 -2.902850000 0.708993000 0.693165000 -0.441914000 0.485047000 0.298267000
1403715339.16253 -3.768868000 -2.921697000 0.709548000 0.695691000 -0.438852000 0.483827000 0.298889000
1403715339.21254 -3.783650000 -2.940701000 0.710269000 0.697924000 -0.435939000 0.482343000 0.300339000
1403715339.26254 -3.797801000 -2.959989000 0.709925000 0.698794000 -0.434162000 0.482448000 0.300723000
1403715339.31254 -3.811318000 -2.979599000 0.709673000 0.697899000 -0.433537000 0.484745000 0.300006000
1403715339.36254 -3.824163000 -2.999805000 0.708871000 0.696474000 -0.433145000 0.487279000 0.299779000
1403715339.41254 -3.836665000 -3.019622000 0.707380000 0.694951000 -0.433685000 0.489488000 0.298934000
1403715339.46254 -3.848925000 -3.039411000 0.705128000 0.693678000 -0.434407000 0.490835000 0.298634000
1403715339.51254 -3.860896000 -3.059255000 0.702597000 0.691999000 -0.434963000 0.492264000 0.299366000
1403715339.56254 -3.872646000 -3.078790000 0.699076000 0.690871000 -0.436655000 0.492737000 0.298729000
1403715339.61254 -3.883979000 -3.097948000 0.694225000 0.691408000 -0.438638000 0.490473000 0.298308000
1403715339.66254 -3.895337000 -3.116970000 0.689310000 0.692082000 -0.439428000 0.487547000 0.300372000
1403715339.71254 -3.906478000 -3.136197000 0.684075000 0.693594000 -0.438903000 0.483466000 0.304223000
1403715339.76254 -3.917321000 -3.155665000 0.678681000 0.694256000 -0.437218000 0.480251000 0.310175000
1403715339.81254 -3.927520000 -3.175159000 0.672882000 0.695174000 -0.435183000 0.476605000 0.316538000
1403715339.86254 -3.936837000 -3.194329000 0.666983000 0.695817000 -0.432793000 0.473876000 0.322445000
1403715339.91254 -3.944803000 -3.213074000 0.661013000 0.697075000 -0.429374000 0.472133000 0.326825000
1403715339.96254 -3.950692000 -3.231442000 0.654991000 0.699574000 -0.425190000 0.470493000 0.329311000
1403715340.01253 -3.954651000 -3.249076000 0.649673000 0.702832000 -0.419540000 0.469320000 0.331288000
1403715340.06253 -3.955811000 -3.265632000 0.644962000 0.706339000 -0.414059000 0.469845000 0.329979000
1403715340.11252 -3.955007000 -3.281142000 0.641768000 0.709844000 -0.408726000 0.472115000 0.325842000
1403715340.16252 -3.952045000 -3.295217000 0.640520000 0.712928000 -0.402660000 0.476035000 0.320920000
1403715340.21251 -3.946254000 -3.307269000 0.640860000 0.716102000 -0.397332000 0.481337000 0.312473000
1403715340.26251 -3.937842000 -3.318520000 0.642479000 0.719001000 -0.391432000 0.487925000 0.302899000
1403715340.31251 -3.927191000 -3.329296000 0.645616000 0.722629000 -0.384312000 0.494515000 0.292518000
1403715340.36251 -3.915174000 -3.338930000 0.650482000 0.726453000 -0.376925000 0.501744000 0.280082000
1403715340.41251 -3.902634000 -3.347128000 0.656862000 0.731306000 -0.367880000 0.507606000 0.268686000
1403715340.46251 -3.889434000 -3.354239000 0.664208000 0.736571000 -0.359138000 0.511647000 0.258264000
1403715340.51250 -3.876164000 -3.360595000 0.671676000 0.741270000 -0.351494000 0.514732000 0.249042000
1403715340.56250 -3.862682000 -3.367368000 0.678299000 0.745548000 -0.346283000 0.516860000 0.238960000
1403715340.61250 -3.849165000 -3.374493000 0.684298000 0.748681000 -0.340907000 0.519234000 0.231636000
1403715340.66250 -3.835700000 -3.382060000 0.689537000 0.751289000 -0.336695000 0.521018000 0.225260000
1403715340.71249 -3.822175000 -3.390091000 0.694100000 0.753390000 -0.333425000 0.522139000 0.220460000
1403715340.76249 -3.808591000 -3.398635000 0.698124000 0.755303000 -0.331319000 0.522345000 0.216566000
1403715340.81249 -3.794839000 -3.407118000 0.702342000 0.756620000 -0.329872000 0.522509000 0.213764000
1403715340.86249 -3.781429000 -3.416803000 0.706383000 0.756450000 -0.331307000 0.523609000 0.209410000
1403715340.91249 -3.767957000 -3.427250000 0.710398000 0.755742000 -0.333618000 0.524834000 0.205187000
1403715340.96249 -3.754600000 -3.438776000 0.714361000 0.755312000 -0.335569000 0.525090000 0.202925000
1403715341.01249 -3.741338000 -3.451484000 0.718179000 0.754742000 -0.338231000 0.524988000 0.200878000
1403715341.06249 -3.728455000 -3.465693000 0.722752000 0.753647000 -0.339710000 0.525244000 0.201819000
1403715341.11250 -3.715848000 -3.481297000 0.727326000 0.752659000 -0.339442000 0.525199000 0.206031000
1403715341.16250 -3.703343000 -3.497892000 0.731991000 0.751927000 -0.337742000 0.524723000 0.212607000
1403715341.21250 -3.690827000 -3.515235000 0.736814000 0.748239000 -0.338465000 0.527890000 0.216589000
1403715341.26250 -3.678578000 -3.533336000 0.741603000 0.745048000 -0.339862000 0.530076000 0.220039000
1403715341.31250 -3.666813000 -3.551958000 0.746530000 0.742211000 -0.340519000 0.531601000 0.224879000
1403715341.36250 -3.656013000 -3.569903000 0.751713000 0.739396000 -0.340482000 0.533029000 0.230749000
1403715341.41250 -3.645504000 -3.587767000 0.757102000 0.736847000 -0.341473000 0.534007000 0.235136000
1403715341.46250 -3.635757000 -3.605237000 0.762277000 0.736237000 -0.341870000 0.532426000 0.240003000
1403715341.51250 -3.626420000 -3.622583000 0.767533000 0.735851000 -0.343419000 0.530620000 0.242960000
1403715341.56250 -3.617562000 -3.639438000 0.772699000 0.736258000 -0.342984000 0.527936000 0.248131000
1403715341.61250 -3.608635000 -3.656074000 0.777760000 0.735542000 -0.341476000 0.527297000 0.253632000
1403715341.66250 -3.599396000 -3.672336000 0.782475000 0.734539000 -0.339645000 0.526932000 0.259684000
1403715341.71250 -3.590224000 -3.687654000 0.787170000 0.733917000 -0.337012000 0.526261000 0.266156000
1403715341.76250 -3.580526000 -3.701853000 0.790856000 0.734787000 -0.335821000 0.523799000 0.270086000
1403715341.81250 -3.570313000 -3.714506000 0.793908000 0.735921000 -0.334841000 0.521346000 0.272947000
1403715341.86250 -3.559470000 -3.725872000 0.796883000 0.737218000 -0.333083000 0.518898000 0.276242000
1403715341.91250 -3.547429000 -3.735543000 0.799303000 0.737763000 -0.335424000 0.518663000 0.272369000
1403715341.96249 -3.535051000 -3.743435000 0.801337000 0.737897000 -0.338727000 0.519397000 0.266455000
1403715342.01249 -3.522972000 -3.749933000 0.803363000 0.738283000 -0.342961000 0.519685000 0.259314000
1403715342.06249 -3.510329000 -3.755531000 0.805436000 0.739624000 -0.345974000 0.518863000 0.253062000
1403715342.11250 -3.498013000 -3.760060000 0.807684000 0.741644000 -0.348051000 0.517134000 0.247784000
1403715342.16249 -3.485603000 -3.763639000 0.810283000 0.743034000 -0.351633000 0.516093000 0.240630000
1403715342.21249 -3.472268000 -3.768430000 0.812435000 0.744456000 -0.353055000 0.515260000 0.235892000
1403715342.26250 -3.458352000 -3.774021000 0.814725000 0.745264000 -0.353834000 0.515313000 0.232024000
1403715342.31250 -3.443798000 -3.780959000 0.816161000 0.745831000 -0.353516000 0.516155000 0.228794000
1403715342.36250 -3.429272000 -3.787673000 0.816884000 0.747814000 -0.350930000 0.516164000 0.226268000
1403715342.41250 -3.414484000 -3.795073000 0.817350000 0.750584000 -0.345848000 0.516352000 0.224483000
1403715342.46250 -3.399446000 -3.803136000 0.817133000 0.754444000 -0.340933000 0.515922000 0.220006000
1403715342.51250 -3.384421000 -3.811977000 0.816807000 0.758864000 -0.333508000 0.515528000 0.217092000
1403715342.56249 -3.369329000 -3.821344000 0.816498000 0.763445000 -0.324063000 0.515246000 0.215999000
1403715342.61249 -3.353723000 -3.831559000 0.816472000 0.767724000 -0.312335000 0.515654000 0.217135000
1403715342.66248 -3.337334000 -3.841263000 0.816550000 0.771013000 -0.299051000 0.517538000 0.219687000
1403715342.71248 -3.319209000 -3.851582000 0.816641000 0.774134000 -0.286850000 0.519680000 0.219922000
1403715342.76249 -3.300698000 -3.861882000 0.815369000 0.776666000 -0.277895000 0.522099000 0.216740000
1403715342.81249 -3.280808000 -3.870663000 0.814871000 0.778199000 -0.273073000 0.525312000 0.209485000
1403715342.86248 -3.259817000 -3.879019000 0.815455000 0.778511000 -0.268848000 0.529401000 0.203410000
1403715342.91248 -3.238021000 -3.887062000 0.815550000 0.778885000 -0.266472000 0.532468000 0.197001000
1403715342.96248 -3.215512000 -3.894927000 0.815817000 0.778077000 -0.264122000 0.536477000 0.192427000
1403715343.01248 -3.192408000 -3.902597000 0.815547000 0.777144000 -0.262189000 0.539962000 0.189064000
1403715343.06248 -3.169078000 -3.911339000 0.814080000 0.776255000 -0.261074000 0.543029000 0.185440000
1403715343.11248 -3.145706000 -3.920300000 0.812541000 0.776391000 -0.258738000 0.544261000 0.184531000
1403715343.16248 -3.122172000 -3.929223000 0.810152000 0.776860000 -0.257497000 0.544878000 0.182462000
1403715343.21248 -3.098761000 -3.938126000 0.808072000 0.776439000 -0.256128000 0.546599000 0.181025000
1403715343.26248 -3.075554000 -3.946809000 0.805490000 0.778031000 -0.255392000 0.545164000 0.179552000
1403715343.31248 -3.053510000 -3.954829000 0.803601000 0.779273000 -0.255286000 0.543879000 0.178210000
1403715343.36248 -3.031006000 -3.963569000 0.800373000 0.780943000 -0.255667000 0.541731000 0.176890000
1403715343.41248 -3.008863000 -3.972344000 0.797133000 0.783165000 -0.255031000 0.538644000 0.177409000
1403715343.46248 -2.986514000 -3.981135000 0.793819000 0.784358000 -0.254490000 0.536757000 0.178630000
1403715343.51248 -2.963661000 -3.990079000 0.790364000 0.784702000 -0.255320000 0.535881000 0.178566000
1403715343.56248 -2.939811000 -3.998846000 0.786752000 0.785081000 -0.255534000 0.534777000 0.179901000
1403715343.61248 -2.915443000 -4.008202000 0.783632000 0.784978000 -0.256116000 0.534363000 0.180749000
1403715343.66248 -2.890218000 -4.017473000 0.780501000 0.784676000 -0.255982000 0.534158000 0.182845000
1403715343.71248 -2.864491000 -4.027116000 0.778130000 0.784060000 -0.255513000 0.534404000 0.185405000
1403715343.76247 -2.838142000 -4.036845000 0.776502000 0.782909000 -0.254086000 0.535293000 0.189616000
1403715343.81247 -2.811149000 -4.046370000 0.775389000 0.780623000 -0.253258000 0.537903000 0.192739000
1403715343.86247 -2.783428000 -4.055609000 0.773921000 0.779689000 -0.253398000 0.538682000 0.194156000
1403715343.91247 -2.755394000 -4.064129000 0.772755000 0.778556000 -0.253442000 0.540149000 0.194567000
1403715343.96247 -2.726341000 -4.071396000 0.772342000 0.777755000 -0.252891000 0.542139000 0.192947000
1403715344.01247 -2.697223000 -4.077867000 0.772113000 0.778070000 -0.251136000 0.543171000 0.191059000
1403715344.06247 -2.667993000 -4.083195000 0.772170000 0.777816000 -0.247648000 0.546116000 0.188228000
1403715344.11246 -2.638430000 -4.087732000 0.772355000 0.778195000 -0.242953000 0.548993000 0.184373000
1403715344.16246 -2.608308000 -4.091776000 0.771703000 0.779147000 -0.237023000 0.551762000 0.179747000
1403715344.21246 -2.577810000 -4.096058000 0.769480000 0.780885000 -0.228738000 0.553612000 0.177235000
1403715344.26247 -2.547896000 -4.098811000 0.768742000 0.781828000 -0.219741000 0.556099000 0.176673000
1403715344.31247 -2.518457000 -4.100462000 0.767849000 0.782427000 -0.210169000 0.558588000 0.177809000
1403715344.36247 -2.489643000 -4.101053000 0.767200000 0.782279000 -0.201774000 0.561621000 0.178629000
1403715344.41247 -2.460967000 -4.100578000 0.766451000 0.781576000 -0.193503000 0.565109000 0.179855000
1403715344.46247 -2.432765000 -4.098539000 0.765307000 0.781293000 -0.187178000 0.567656000 0.179755000
1403715344.51247 -2.404750000 -4.094303000 0.762909000 0.781104000 -0.180783000 0.569615000 0.180923000
1403715344.56248 -2.377465000 -4.088107000 0.760189000 0.781469000 -0.176498000 0.570831000 0.179742000
1403715344.61248 -2.350932000 -4.079352000 0.756823000 0.783334000 -0.173985000 0.569841000 0.177197000
1403715344.66249 -2.324646000 -4.068228000 0.752540000 0.786851000 -0.171236000 0.566156000 0.176099000
1403715344.71249 -2.297907000 -4.056549000 0.747387000 0.790295000 -0.169743000 0.562437000 0.174032000
1403715344.76249 -2.271589000 -4.041190000 0.742469000 0.793637000 -0.168804000 0.558608000 0.172053000
1403715344.81249 -2.245176000 -4.023945000 0.737786000 0.795658000 -0.167861000 0.556507000 0.170441000
1403715344.86249 -2.218679000 -4.004870000 0.733094000 0.796996000 -0.167224000 0.555136000 0.169286000
1403715344.91249 -2.191911000 -3.984308000 0.728684000 0.798011000 -0.166922000 0.554231000 0.167763000
1403715344.96249 -2.164439000 -3.961977000 0.724333000 0.797522000 -0.167741000 0.555458000 0.165194000
1403715345.01249 -2.135876000 -3.937732000 0.720033000 0.795286000 -0.170953000 0.559265000 0.159741000
1403715345.06249 -2.106786000 -3.912232000 0.716132000 0.792754000 -0.173770000 0.563235000 0.155277000
1403715345.11249 -2.077957000 -3.885821000 0.712923000 0.790181000 -0.176151000 0.567080000 0.151675000
1403715345.16249 -2.050184000 -3.857262000 0.709385000 0.788883000 -0.178358000 0.568951000 0.148817000
1403715345.21249 -2.023159000 -3.828759000 0.705519000 0.788650000 -0.180597000 0.569267000 0.146120000
1403715345.26249 -1.997087000 -3.799712000 0.701359000 0.789247000 -0.181228000 0.568381000 0.145562000
1403715345.31249 -1.971604000 -3.770050000 0.696709000 0.789302000 -0.182785000 0.568219000 0.143940000
1403715345.36249 -1.946626000 -3.739669000 0.692089000 0.789733000 -0.183447000 0.567573000 0.143282000
1403715345.41250 -1.922083000 -3.708334000 0.687444000 0.790222000 -0.184104000 0.566867000 0.142537000
1403715345.46250 -1.898379000 -3.676282000 0.682982000 0.790438000 -0.184827000 0.566656000 0.141236000
1403715345.51250 -1.875233000 -3.643464000 0.678558000 0.790716000 -0.184240000 0.566267000 0.142005000
1403715345.56250 -1.852354000 -3.610383000 0.674154000 0.790313000 -0.184352000 0.566961000 0.141333000
1403715345.61250 -1.829791000 -3.576467000 0.669905000 0.790118000 -0.184710000 0.567376000 0.140285000
1403715345.66250 -1.808210000 -3.542646000 0.665389000 0.789947000 -0.184787000 0.567778000 0.139515000
1403715345.71250 -1.787392000 -3.508563000 0.660626000 0.789834000 -0.185157000 0.568064000 0.138501000
1403715345.76250 -1.766994000 -3.474276000 0.655641000 0.789629000 -0.185581000 0.568426000 0.137614000
1403715345.81250 -1.747388000 -3.440028000 0.650585000 0.789757000 -0.185981000 0.568326000 0.136750000
1403715345.86250 -1.728488000 -3.405523000 0.644984000 0.790693000 -0.186659000 0.567099000 0.135508000
1403715345.91250 -1.710218000 -3.371050000 0.638829000 0.794254000 -0.187552000 0.562037000 0.134532000
1403715345.96250 -1.692074000 -3.336514000 0.632655000 0.799171000 -0.188665000 0.554992000 0.133096000
1403715346.01250 -1.674048000 -3.302112000 0.627510000 0.802971000 -0.190179000 0.549373000 0.131374000
1403715346.06250 -1.655696000 -3.268250000 0.623024000 0.806595000 -0.192352000 0.543860000 0.128924000
1403715346.11250 -1.636885000 -3.234976000 0.620175000 0.808648000 -0.193791000 0.540513000 0.127982000
1403715346.16249 -1.617204000 -3.202448000 0.617750000 0.809447000 -0.194524000 0.539151000 0.127564000
1403715346.21249 -1.596867000 -3.170454000 0.616992000 0.807896000 -0.194939000 0.541261000 0.127828000
1403715346.26249 -1.575333000 -3.139589000 0.616502000 0.805549000 -0.194964000 0.544524000 0.128740000
1403715346.31249 -1.553333000 -3.109329000 0.616301000 0.803109000 -0.195886000 0.547638000 0.129373000
1403715346.36249 -1.530670000 -3.079418000 0.616429000 0.800924000 -0.196214000 0.550469000 0.130401000
1403715346.41248 -1.507674000 -3.050029000 0.616476000 0.798205000 -0.197064000 0.553877000 0.131359000
1403715346.46248 -1.484707000 -3.021023000 0.617573000 0.795695000 -0.198159000 0.556788000 0.132624000
1403715346.51248 -1.461502000 -2.992567000 0.618484000 0.793064000 -0.199849000 0.559860000 0.132915000
1403715346.56248 -1.439068000 -2.964224000 0.619492000 0.791254000 -0.202057000 0.561626000 0.132914000
1403715346.61248 -1.417082000 -2.936426000 0.620602000 0.789071000 -0.205219000 0.563663000 0.132428000
1403715346.66248 -1.395716000 -2.908565000 0.621409000 0.787749000 -0.208052000 0.564337000 0.133004000
1403715346.71248 -1.375511000 -2.881522000 0.622795000 0.785821000 -0.210582000 0.565843000 0.134027000
1403715346.76248 -1.356147000 -2.854796000 0.623907000 0.784618000 -0.213256000 0.566372000 0.134608000
1403715346.81248 -1.337525000 -2.828344000 0.624866000 0.784136000 -0.215953000 0.565813000 0.135464000
1403715346.86248 -1.319752000 -2.802820000 0.625367000 0.784704000 -0.217672000 0.563898000 0.137396000
1403715346.91248 -1.302849000 -2.777694000 0.625857000 0.785259000 -0.221397000 0.561930000 0.136331000
1403715346.96248 -1.286432000 -2.753505000 0.625695000 0.786407000 -0.225229000 0.559117000 0.134996000
1403715347.01248 -1.270267000 -2.730211000 0.625505000 0.787508000 -0.228545000 0.556500000 0.133811000
1403715347.06248 -1.255091000 -2.708282000 0.625900000 0.788897000 -0.231094000 0.553615000 0.133219000
1403715347.11248 -1.240332000 -2.687433000 0.627527000 0.790139000 -0.229850000 0.551852000 0.135310000
1403715347.16248 -1.225787000 -2.667280000 0.629077000 0.791839000 -0.226453000 0.550348000 0.137212000
1403715347.21248 -1.210933000 -2.648164000 0.632345000 0.793349000 -0.220567000 0.550110000 0.139021000
1403715347.26248 -1.195887000 -2.629387000 0.635614000 0.794436000 -0.213574000 0.551282000 0.139091000
1403715347.31248 -1.180340000 -2.611081000 0.639546000 0.795586000 -0.204841000 0.553119000 0.138357000
1403715347.36248 -1.165142000 -2.592959000 0.643283000 0.796673000 -0.194702000 0.555560000 0.136954000
1403715347.41248 -1.149798000 -2.574629000 0.647625000 0.797827000 -0.182619000 0.558170000 0.136265000
1403715347.46248 -1.134732000 -2.555445000 0.652523000 0.799512000 -0.171237000 0.560053000 0.133414000
1403715347.51248 -1.119623000 -2.535648000 0.657064000 0.800904000 -0.160191000 0.561770000 0.131551000
1403715347.56248 -1.104446000 -2.515186000 0.661649000 0.801575000 -0.150584000 0.563852000 0.129894000
1403715347.61248 -1.090326000 -2.493326000 0.666658000 0.801983000 -0.142404000 0.565837000 0.127956000
1403715347.66248 -1.075435000 -2.471317000 0.671363000 0.801743000 -0.136650000 0.568333000 0.124627000
1403715347.71248 -1.060678000 -2.448470000 0.675285000 0.801270000 -0.134448000 0.570865000 0.118336000
1403715347.76249 -1.045963000 -2.424863000 0.679122000 0.801326000 -0.133915000 0.572413000 0.110844000
1403715347.81248 -1.031259000 -2.400164000 0.682626000 0.801540000 -0.132136000 0.573796000 0.104071000
1403715347.86248 -1.017056000 -2.375411000 0.685377000 0.801919000 -0.130437000 0.575165000 0.095373000
1403715347.91248 -1.003320000 -2.350439000 0.688502000 0.802413000 -0.127581000 0.576558000 0.086242000
1403715347.96248 -0.990309000 -2.325756000 0.691555000 0.802815000 -0.125425000 0.578109000 0.074471000
1403715348.01248 -0.977655000 -2.300799000 0.694999000 0.803091000 -0.122066000 0.579922000 0.061931000
1403715348.06248 -0.965774000 -2.277340000 0.697690000 0.804416000 -0.116331000 0.580372000 0.050505000
1403715348.11248 -0.954529000 -2.254719000 0.701023000 0.805337000 -0.107673000 0.581540000 0.040619000
1403715348.16248 -0.944174000 -2.233092000 0.703409000 0.807558000 -0.097486000 0.580848000 0.031020000
1403715348.21248 -0.934729000 -2.212996000 0.705798000 0.809349000 -0.085912000 0.580603000 0.021748000
1403715348.26248 -0.925381000 -2.194060000 0.707634000 0.812286000 -0.072872000 0.578522000 0.013893000
1403715348.31247 -0.916858000 -2.176995000 0.709386000 0.814589000 -0.059867000 0.576898000 0.007062000
1403715348.36247 -0.908529000 -2.161577000 0.709667000 0.817025000 -0.048644000 0.574546000 0.000051000
1403715348.41247 -0.900120000 -2.147749000 0.708366000 -0.819050000 0.038432000 -0.572415000 0.004630000
1403715348.46246 -0.891797000 -2.134558000 0.704877000 -0.821192000 0.030849000 -0.569740000 0.009377000
1403715348.51246 -0.883807000 -2.124744000 0.698505000 -0.822535000 0.024236000 -0.568061000 0.012458000
1403715348.56246 -0.875387000 -2.116335000 0.689668000 -0.823125000 0.019690000 -0.567307000 0.015517000
1403715348.61246 -0.864247000 -2.109038000 0.678109000 -0.822316000 0.016559000 -0.568480000 0.018806000
1403715348.66246 -0.854810000 -2.102861000 0.664030000 -0.820635000 0.015763000 -0.570742000 0.023748000
1403715348.71246 -0.845098000 -2.098047000 0.647674000 -0.819250000 0.015083000 -0.572560000 0.027866000
1403715348.76246 -0.834513000 -2.094045000 0.630070000 -0.818700000 0.014500000 -0.573151000 0.031894000
1403715348.81246 -0.824704000 -2.092190000 0.613329000 -0.817944000 0.012355000 -0.574082000 0.035289000
1403715348.86246 -0.814359000 -2.091507000 0.596979000 -0.816806000 0.008911000 -0.575541000 0.038742000
1403715348.91246 -0.804740000 -2.092943000 0.581460000 -0.816151000 0.005512000 -0.576297000 0.041824000
1403715348.96246 -0.795421000 -2.096188000 0.566712000 -0.816175000 0.001972000 -0.576103000 0.044271000
1403715349.01246 -0.785937000 -2.101463000 0.553032000 -0.815382000 -0.002386000 -0.577170000 0.044956000
1403715349.06246 -0.775558000 -2.108299000 0.539091000 -0.814727000 -0.006897000 -0.578067000 0.044840000
1403715349.11246 -0.765600000 -2.117100000 0.526196000 -0.813782000 -0.013039000 -0.579388000 0.043566000
1403715349.16246 -0.756166000 -2.127213000 0.513687000 -0.812630000 -0.018177000 -0.580840000 0.043894000
1403715349.21246 -0.746530000 -2.138588000 0.501309000 -0.810996000 -0.023186000 -0.582938000 0.043950000
1403715349.26246 -0.737451000 -2.151119000 0.489495000 -0.809387000 -0.027142000 -0.584917000 0.045024000
1403715349.31246 -0.728254000 -2.164744000 0.477940000 -0.807265000 -0.029514000 -0.587562000 0.047141000
1403715349.36245 -0.720830000 -2.179465000 0.467732000 -0.806175000 -0.032624000 -0.588877000 0.047344000
1403715349.41246 -0.714034000 -2.194822000 0.457136000 -0.804601000 -0.035885000 -0.590949000 0.045923000
1403715349.46246 -0.707935000 -2.211084000 0.445654000 -0.804061000 -0.038413000 -0.591680000 0.043886000
1403715349.51246 -0.702493000 -2.227844000 0.433853000 -0.803562000 -0.040926000 -0.592386000 0.041136000
1403715349.56246 -0.697677000 -2.244963000 0.420722000 -0.804680000 -0.043863000 -0.590781000 0.039294000
1403715349.61246 -0.694198000 -2.262099000 0.407585000 -0.805696000 -0.047508000 -0.589130000 0.039030000
1403715349.66246 -0.691680000 -2.279112000 0.394585000 -0.806667000 -0.051293000 -0.587366000 0.040728000
1403715349.71245 -0.690170000 -2.295676000 0.381830000 -0.808067000 -0.055578000 -0.584788000 0.044294000
1403715349.76245 -0.689302000 -2.312020000 0.370299000 -0.808855000 -0.060713000 -0.582809000 0.049002000
1403715349.81245 -0.688375000 -2.328308000 0.359069000 -0.809887000 -0.065598000 -0.580205000 0.056053000
1403715349.86244 -0.688610000 -2.344263000 0.348871000 -0.809979000 -0.071562000 -0.578635000 0.063209000
1403715349.91244 -0.688823000 -2.360378000 0.339050000 -0.809623000 -0.079303000 -0.577427000 0.069282000
1403715349.96244 -0.689384000 -2.376783000 0.329476000 -0.809323000 -0.087510000 -0.575831000 0.075877000
1403715350.01244 -0.690948000 -2.394056000 0.319951000 -0.808997000 -0.096432000 -0.574194000 0.080778000
1403715350.06245 -0.692804000 -2.412152000 0.310973000 -0.808392000 -0.104590000 -0.573094000 0.084417000
1403715350.11244 -0.695306000 -2.430761000 0.301403000 -0.810171000 -0.112466000 -0.568837000 0.086018000
1403715350.16244 -0.697751000 -2.449761000 0.291859000 -0.812090000 -0.118060000 -0.564587000 0.088396000
1403715350.21244 -0.699707000 -2.468993000 0.282394000 -0.814001000 -0.123694000 -0.560614000 0.088398000
1403715350.26244 -0.701673000 -2.488262000 0.272619000 -0.817193000 -0.129559000 -0.554973000 0.086114000
1403715350.31244 -0.703060000 -2.506998000 0.262862000 -0.819685000 -0.134750000 -0.550513000 0.083030000
1403715350.36244 -0.704449000 -2.524852000 0.253171000 -0.822015000 -0.138526000 -0.546514000 0.080157000
1403715350.41243 -0.704500000 -2.541301000 0.243637000 -0.823674000 -0.142355000 -0.543654000 0.075738000
1403715350.46244 -0.703880000 -2.556167000 0.234600000 -0.824797000 -0.145256000 -0.541744000 0.071586000
1403715350.51244 -0.701727000 -2.569249000 0.225411000 -0.825173000 -0.147472000 -0.541088000 0.067563000
1403715350.56244 -0.698478000 -2.580467000 0.216601000 -0.825703000 -0.148335000 -0.540376000 0.064851000
1403715350.61244 -0.693458000 -2.589535000 0.207519000 -0.825784000 -0.147279000 -0.540624000 0.064153000
1403715350.66244 -0.687244000 -2.596680000 0.199752000 -0.825920000 -0.145236000 -0.540859000 0.065076000
1403715350.71244 -0.679893000 -2.601859000 0.192474000 -0.825842000 -0.142376000 -0.541456000 0.067382000
1403715350.76244 -0.671329000 -2.605463000 0.185343000 -0.825873000 -0.139599000 -0.541816000 0.069868000
1403715350.81244 -0.661408000 -2.607542000 0.178833000 -0.825145000 -0.137809000 -0.543114000 0.071913000
1403715350.86244 -0.650274000 -2.608246000 0.173029000 -0.823589000 -0.138132000 -0.545460000 0.071366000
1403715350.91244 -0.638249000 -2.607604000 0.167648000 -0.822116000 -0.139943000 -0.547481000 0.069316000
1403715350.96244 -0.625531000 -2.605492000 0.162860000 -0.820342000 -0.141518000 -0.549952000 0.067561000
1403715351.01245 -0.612172000 -2.601578000 0.157751000 -0.819279000 -0.142955000 -0.551295000 0.066481000
1403715351.06245 -0.598690000 -2.596104000 0.152389000 -0.818785000 -0.144007000 -0.551778000 0.066293000
1403715351.11245 -0.584102000 -2.588343000 0.148702000 -0.818246000 -0.144617000 -0.552451000 0.066006000
1403715351.16245 -0.569136000 -2.578832000 0.145275000 -0.818414000 -0.144032000 -0.552130000 0.067869000
1403715351.21245 -0.553759000 -2.567819000 0.142147000 -0.818800000 -0.143508000 -0.551443000 0.069880000
1403715351.26245 -0.537907000 -2.555327000 0.139738000 -0.818984000 -0.143282000 -0.551059000 0.071204000
1403715351.31245 -0.521299000 -2.540960000 0.138751000 -0.816744000 -0.141998000 -0.554317000 0.074154000
1403715351.36245 -0.504495000 -2.525330000 0.138032000 -0.814662000 -0.141593000 -0.557327000 0.075258000
1403715351.41245 -0.487562000 -2.508508000 0.137765000 -0.812355000 -0.140708000 -0.560697000 0.076808000
1403715351.46245 -0.470649000 -2.490655000 0.137796000 -0.810529000 -0.140803000 -0.563346000 0.076548000
1403715351.51245 -0.453863000 -2.471638000 0.138063000 -0.809202000 -0.140656000 -0.565328000 0.076241000
1403715351.56245 -0.437351000 -2.451486000 0.139347000 -0.805949000 -0.140317000 -0.570044000 0.076198000
1403715351.61245 -0.421363000 -2.430197000 0.141571000 -0.801182000 -0.140067000 -0.576827000 0.075890000
1403715351.66245 -0.406356000 -2.408079000 0.143661000 -0.798785000 -0.140742000 -0.579963000 0.076011000
1403715351.71244 -0.392122000 -2.384237000 0.145570000 -0.798216000 -0.142763000 -0.580212000 0.076318000
1403715351.76244 -0.379350000 -2.359413000 0.147722000 -0.798922000 -0.145513000 -0.578320000 0.078076000
1403715351.81244 -0.367357000 -2.332863000 0.150029000 -0.799346000 -0.147977000 -0.576392000 0.083194000
1403715351.86244 -0.356338000 -2.304656000 0.152324000 -0.800281000 -0.151110000 -0.573293000 0.089726000
1403715351.91244 -0.346346000 -2.275586000 0.154688000 -0.800485000 -0.155045000 -0.570763000 0.097025000
1403715351.96244 -0.336775000 -2.245935000 0.158081000 -0.800945000 -0.158744000 -0.567474000 0.106116000
1403715352.01244 -0.327107000 -2.216023000 0.160313000 -0.800504000 -0.163561000 -0.564982000 0.115050000
1403715352.06243 -0.317647000 -2.186498000 0.163721000 -0.800443000 -0.169071000 -0.561639000 0.123563000
1403715352.11243 -0.308114000 -2.157458000 0.169140000 -0.799881000 -0.175219000 -0.559228000 0.129431000
1403715352.16243 -0.299188000 -2.128796000 0.174876000 -0.799117000 -0.179590000 -0.557340000 0.136132000
1403715352.21244 -0.290234000 -2.100747000 0.181500000 -0.798234000 -0.182830000 -0.555987000 0.142390000
1403715352.26245 -0.284112000 -2.075220000 0.190596000 -0.798103000 -0.186208000 -0.554072000 0.146160000
1403715352.31245 -0.274861000 -2.048389000 0.195750000 -0.798619000 -0.189253000 -0.551526000 0.149029000
1403715352.36245 -0.265253000 -2.022212000 0.201027000 -0.798688000 -0.191564000 -0.550006000 0.151306000
1403715352.41245 -0.255661000 -1.996588000 0.206129000 -0.798904000 -0.190675000 -0.548481000 0.156728000
1403715352.46245 -0.245861000 -1.971800000 0.210804000 -0.799343000 -0.187174000 -0.546607000 0.165034000
1403715352.51245 -0.235187000 -1.948056000 0.215286000 -0.798800000 -0.184231000 -0.546256000 0.171995000
1403715352.56245 -0.223818000 -1.925760000 0.219034000 -0.797777000 -0.184377000 -0.546963000 0.174322000
1403715352.61244 -0.211637000 -1.905002000 0.222866000 -0.796207000 -0.187718000 -0.549015000 0.171462000
1403715352.66245 -0.199094000 -1.885462000 0.225538000 -0.794908000 -0.190995000 -0.550714000 0.168394000
1403715352.71245 -0.186194000 -1.866868000 0.228172000 -0.792763000 -0.193249000 -0.553757000 0.165937000
1403715352.76244 -0.173175000 -1.849245000 0.230541000 -0.790134000 -0.196316000 -0.557549000 0.162133000
1403715352.81244 -0.160523000 -1.832564000 0.232501000 -0.787281000 -0.198144000 -0.561528000 0.160045000
1403715352.86244 -0.147760000 -1.816369000 0.232466000 -0.785228000 -0.200162000 -0.564319000 0.157786000
1403715352.91245 -0.136394000 -1.801772000 0.234408000 -0.784162000 -0.202326000 -0.565757000 0.155152000
1403715352.96245 -0.125854000 -1.787772000 0.235599000 -0.783247000 -0.202026000 -0.566885000 0.156050000
1403715353.01246 -0.115868000 -1.774183000 0.236658000 -0.783002000 -0.200610000 -0.567013000 0.158620000
1403715353.06246 -0.106539000 -1.761221000 0.238031000 -0.782964000 -0.200737000 -0.566899000 0.159051000
1403715353.11246 -0.096310000 -1.748259000 0.238732000 -0.783348000 -0.202075000 -0.566121000 0.158239000
1403715353.16246 -0.088130000 -1.736668000 0.242863000 -0.784042000 -0.203567000 -0.564784000 0.157665000
1403715353.21246 -0.080602000 -1.725681000 0.249672000 -0.784246000 -0.204965000 -0.564100000 0.157287000
1403715353.26246 -0.073936000 -1.715338000 0.259457000 -0.784274000 -0.206321000 -0.563460000 0.157670000
1403715353.31246 -0.067860000 -1.705761000 0.271288000 -0.784609000 -0.207722000 -0.562386000 0.157997000
1403715353.36246 -0.062252000 -1.696623000 0.284370000 -0.785129000 -0.209461000 -0.560911000 0.158360000
1403715353.41246 -0.056694000 -1.687808000 0.295471000 -0.784954000 -0.212470000 -0.560254000 0.157540000
1403715353.46246 -0.051020000 -1.678918000 0.303756000 -0.784537000 -0.214918000 -0.559961000 0.157338000
1403715353.51246 -0.045937000 -1.670277000 0.308908000 -0.784643000 -0.216953000 -0.559037000 0.157302000
1403715353.56246 -0.041447000 -1.661940000 0.310458000 -0.784529000 -0.218962000 -0.558565000 0.156763000
1403715353.61246 -0.037421000 -1.653760000 0.308517000 -0.784438000 -0.220479000 -0.557894000 0.157480000
1403715353.66246 -0.033562000 -1.645831000 0.304327000 -0.783781000 -0.222787000 -0.558062000 0.156908000
1403715353.71246 -0.030170000 -1.637645000 0.298971000 -0.783275000 -0.224756000 -0.558117000 0.156430000
1403715353.76246 -0.027214000 -1.629562000 0.292304000 -0.782659000 -0.226617000 -0.558216000 0.156475000
1403715353.81246 -0.024756000 -1.621389000 0.285147000 -0.781673000 -0.228745000 -0.558823000 0.156140000
1403715353.86246 -0.022779000 -1.613209000 0.277498000 -0.781276000 -0.229862000 -0.558779000 0.156644000
1403715353.91246 -0.021262000 -1.604935000 0.269637000 -0.780429000 -0.230943000 -0.559291000 0.157445000
1403715353.96246 -0.020344000 -1.596630000 0.260839000 -0.780578000 -0.231909000 -0.558516000 0.158040000
1403715354.01246 -0.019815000 -1.588289000 0.251396000 -0.780860000 -0.232581000 -0.557562000 0.159024000
1403715354.06246 -0.019649000 -1.580013000 0.241490000 -0.782669000 -0.231725000 -0.554545000 0.161905000
1403715354.11246 -0.019788000 -1.571383000 0.231835000 -0.784622000 -0.228406000 -0.551225000 0.168375000
1403715354.16246 -0.019981000 -1.563181000 0.222426000 -0.786571000 -0.225052000 -0.547896000 0.174549000
1403715354.21246 -0.019961000 -1.555964000 0.212605000 -0.788086000 -0.222637000 -0.545100000 0.179497000
1403715354.26246 -0.019541000 -1.549255000 0.203565000 -0.789666000 -0.222057000 -0.542465000 0.181244000
1403715354.31246 -0.018281000 -1.543775000 0.195229000 -0.789957000 -0.223145000 -0.541791000 0.180657000
1403715354.36246 -0.016572000 -1.538733000 0.186940000 -0.790443000 -0.225759000 -0.541025000 0.177554000
1403715354.41247 -0.014053000 -1.534295000 0.178972000 -0.790625000 -0.229185000 -0.540750000 0.173136000
1403715354.46247 -0.010635000 -1.530110000 0.171246000 -0.790620000 -0.232397000 -0.540623000 0.169226000
1403715354.51247 -0.006651000 -1.526006000 0.163640000 -0.790282000 -0.234930000 -0.540973000 0.166163000
1403715354.56246 -0.002334000 -1.521751000 0.156561000 -0.790056000 -0.235963000 -0.541225000 0.164948000
1403715354.61246 0.002315000 -1.517319000 0.151596000 -0.789505000 -0.235810000 -0.542033000 0.165153000
1403715354.66246 0.007460000 -1.513297000 0.148615000 -0.789425000 -0.235600000 -0.542287000 0.165002000
1403715354.71246 0.013534000 -1.508516000 0.148927000 -0.789378000 -0.234978000 -0.542516000 0.165362000
1403715354.76246 0.020145000 -1.503831000 0.152631000 -0.789375000 -0.234395000 -0.542756000 0.165413000
1403715354.81246 0.026851000 -1.499536000 0.158921000 -0.789909000 -0.233634000 -0.542060000 0.166224000
1403715354.86246 0.034084000 -1.494867000 0.168210000 -0.789606000 -0.233641000 -0.542630000 0.165791000
1403715354.91246 0.041375000 -1.490581000 0.180673000 -0.789704000 -0.231565000 -0.542254000 0.169427000
1403715354.96245 0.049061000 -1.486165000 0.195043000 -0.789360000 -0.230160000 -0.542376000 0.172529000
1403715355.01245 0.056726000 -1.482054000 0.211233000 -0.788592000 -0.229145000 -0.542996000 0.175417000
1403715355.06246 0.064706000 -1.478606000 0.226785000 -0.788112000 -0.229869000 -0.543203000 0.175984000
1403715355.11246 0.072899000 -1.475620000 0.241125000 -0.787744000 -0.232262000 -0.542915000 0.175375000
1403715355.16246 0.081191000 -1.472561000 0.254511000 -0.786776000 -0.236044000 -0.542412000 0.176226000
1403715355.21246 0.089658000 -1.469527000 0.267030000 -0.786202000 -0.240742000 -0.540287000 0.178937000
1403715355.26246 0.098403000 -1.466460000 0.278563000 -0.784324000 -0.247320000 -0.539165000 0.181574000
1403715355.31246 0.107323000 -1.463193000 0.289101000 -0.782357000 -0.255916000 -0.537168000 0.184054000
1403715355.36246 0.116400000 -1.459616000 0.299028000 -0.779876000 -0.264999000 -0.535095000 0.187730000
1403715355.41246 0.125596000 -1.456238000 0.308955000 -0.776367000 -0.273831000 -0.533709000 0.193456000
1403715355.46246 0.134791000 -1.452528000 0.318803000 -0.772756000 -0.282554000 -0.531638000 0.200928000
1403715355.51246 0.144542000 -1.448692000 0.327741000 -0.768048000 -0.291515000 -0.530652000 0.208637000
1403715355.56246 0.154235000 -1.445038000 0.336298000 -0.763698000 -0.300869000 -0.528826000 0.215838000
1403715355.61246 0.163970000 -1.441708000 0.344493000 -0.759677000 -0.310243000 -0.526135000 0.223210000
1403715355.66246 0.174071000 -1.438761000 0.352267000 -0.755502000 -0.320040000 -0.524139000 0.228186000
1403715355.71246 0.183976000 -1.435991000 0.359757000 -0.751854000 -0.328403000 -0.522263000 0.232610000
1403715355.76246 0.193436000 -1.433342000 0.367201000 -0.748735000 -0.335682000 -0.520632000 0.235913000
1403715355.81246 0.203018000 -1.431199000 0.373993000 -0.746575000 -0.341826000 -0.518866000 0.237821000
1403715355.86246 0.212831000 -1.429217000 0.380597000 -0.745366000 -0.346587000 -0.516797000 0.239224000
1403715355.91246 0.222966000 -1.426969000 0.387469000 -0.744114000 -0.350461000 -0.515532000 0.240207000
1403715355.96246 0.233425000 -1.424696000 0.393924000 -0.743256000 -0.354082000 -0.514621000 0.239505000
1403715356.01246 0.243920000 -1.422440000 0.400199000 -0.742221000 -0.356778000 -0.514812000 0.238298000
1403715356.06246 0.254011000 -1.419927000 0.406611000 -0.741598000 -0.359691000 -0.515140000 0.235128000
1403715356.11246 0.263462000 -1.416819000 0.413115000 -0.741227000 -0.362188000 -0.516014000 0.230502000
1403715356.16246 0.272155000 -1.413283000 0.419808000 -0.741176000 -0.363605000 -0.517144000 0.225857000
1403715356.21247 0.279972000 -1.408582000 0.426503000 -0.741243000 -0.363432000 -0.518911000 0.221830000
1403715356.26247 0.287037000 -1.402687000 0.432949000 -0.741698000 -0.362255000 -0.520426000 0.218659000
1403715356.31247 0.293138000 -1.396033000 0.438581000 -0.743145000 -0.360769000 -0.520789000 0.215312000
1403715356.36247 0.298126000 -1.388034000 0.443411000 -0.746015000 -0.358427000 -0.519304000 0.212875000
1403715356.41247 0.302368000 -1.378586000 0.447208000 -0.749188000 -0.355848000 -0.517216000 0.211132000
1403715356.46247 0.305956000 -1.367919000 0.450321000 -0.752571000 -0.351909000 -0.514982000 0.211164000
1403715356.51247 0.309171000 -1.355899000 0.452337000 -0.756444000 -0.345680000 -0.511983000 0.214873000
1403715356.56247 0.312294000 -1.342662000 0.453971000 -0.758724000 -0.341103000 -0.510235000 0.218281000
1403715356.61247 0.315809000 -1.328294000 0.454841000 -0.760066000 -0.338183000 -0.508543000 0.222072000
1403715356.66247 0.319593000 -1.313070000 0.455752000 -0.759972000 -0.337026000 -0.507548000 0.226386000
1403715356.71247 0.323755000 -1.296759000 0.456486000 -0.759264000 -0.338203000 -0.506114000 0.230185000
1403715356.76247 0.328405000 -1.279477000 0.456979000 -0.757664000 -0.340607000 -0.504795000 0.234766000
1403715356.81247 0.333680000 -1.261755000 0.456851000 -0.755037000 -0.344400000 -0.503598000 0.240200000
1403715356.86247 0.339562000 -1.243647000 0.456226000 -0.752620000 -0.350772000 -0.500710000 0.244563000
1403715356.91247 0.346350000 -1.225097000 0.455890000 -0.749796000 -0.356963000 -0.497284000 0.251183000
1403715356.96247 0.354179000 -1.206133000 0.457454000 -0.745740000 -0.363787000 -0.494181000 0.259453000
1403715357.01247 0.362758000 -1.186928000 0.460819000 -0.739896000 -0.372601000 -0.492563000 0.266654000
1403715357.06247 0.372021000 -1.167764000 0.465259000 -0.734306000 -0.381916000 -0.489482000 0.274486000
1403715357.11247 0.381715000 -1.148598000 0.470918000 -0.727651000 -0.391322000 -0.487663000 0.282091000
1403715357.16247 0.391925000 -1.129818000 0.476707000 -0.721238000 -0.401338000 -0.485345000 0.288415000
1403715357.21247 0.403093000 -1.111074000 0.483181000 -0.715250000 -0.410867000 -0.483101000 0.293631000
1403715357.26247 0.415356000 -1.092546000 0.490202000 -0.708913000 -0.419328000 -0.482938000 0.297283000
1403715357.31247 0.428780000 -1.073401000 0.496579000 -0.703668000 -0.426790000 -0.483233000 0.298643000
1403715357.36246 0.443199000 -1.053509000 0.505312000 -0.699318000 -0.433132000 -0.483631000 0.299085000
1403715357.41246 0.457406000 -1.034421000 0.513536000 -0.696433000 -0.437335000 -0.483301000 0.300235000
1403715357.46246 0.471308000 -1.014547000 0.520277000 -0.693532000 -0.441419000 -0.484004000 0.299839000
1403715357.51246 0.484683000 -0.996405000 0.527350000 -0.692412000 -0.444952000 -0.482905000 0.298973000
1403715357.56245 0.497696000 -0.978176000 0.533381000 -0.691720000 -0.447893000 -0.481801000 0.297964000
1403715357.61246 0.510778000 -0.959405000 0.538680000 -0.690985000 -0.450815000 -0.480920000 0.296683000
1403715357.66246 0.523522000 -0.940305000 0.543743000 -0.689606000 -0.452959000 -0.481529000 0.295637000
1403715357.71246 0.535229000 -0.922003000 0.550398000 -0.686893000 -0.454147000 -0.484278000 0.295639000
1403715357.76246 0.546621000 -0.902603000 0.555492000 -0.685033000 -0.455920000 -0.486107000 0.294223000
1403715357.81246 0.556875000 -0.883033000 0.560262000 -0.682373000 -0.458251000 -0.489031000 0.291926000
1403715357.86246 0.565829000 -0.862818000 0.563824000 -0.680322000 -0.461061000 -0.491355000 0.288368000
1403715357.91247 0.573503000 -0.841732000 0.566339000 -0.679378000 -0.462916000 -0.492383000 0.285856000
1403715357.96247 0.579615000 -0.819863000 0.568238000 -0.679754000 -0.464176000 -0.491874000 0.283787000
1403715358.01247 0.584788000 -0.796852000 0.568986000 -0.680343000 -0.465319000 -0.490952000 0.282094000
1403715358.06247 0.588500000 -0.773019000 0.569032000 -0.681097000 -0.466201000 -0.490002000 0.280465000
1403715358.11247 0.590836000 -0.747975000 0.568309000 -0.682603000 -0.465339000 -0.488208000 0.281365000
1403715358.16247 0.592050000 -0.721953000 0.567318000 -0.684326000 -0.463153000 -0.486426000 0.283861000
1403715358.21248 0.592285000 -0.694689000 0.565351000 -0.687618000 -0.460410000 -0.482581000 0.286913000
1403715358.26248 0.591812000 -0.666851000 0.563607000 -0.689377000 -0.458092000 -0.480361000 0.290112000
1403715358.31248 0.591396000 -0.637469000 0.561285000 -0.691202000 -0.457270000 -0.477904000 0.291121000
1403715358.36248 0.591130000 -0.606993000 0.558469000 -0.691355000 -0.458520000 -0.476702000 0.290763000
1403715358.41247 0.590260000 -0.575064000 0.555726000 -0.689230000 -0.462002000 -0.477328000 0.289267000
1403715358.46247 0.588682000 -0.542084000 0.552628000 -0.685734000 -0.465813000 -0.478316000 0.289829000
1403715358.51247 0.586443000 -0.507417000 0.549571000 -0.680453000 -0.469901000 -0.480699000 0.291726000
1403715358.56247 0.583335000 -0.471756000 0.546471000 -0.675366000 -0.473791000 -0.482388000 0.294458000
1403715358.61247 0.579080000 -0.435823000 0.544266000 -0.670938000 -0.476851000 -0.483174000 0.298327000
1403715358.66247 0.573615000 -0.399205000 0.542493000 -0.666802000 -0.478315000 -0.483338000 0.304917000
1403715358.71247 0.567261000 -0.361171000 0.539683000 -0.663672000 -0.477396000 -0.481698000 0.315593000
1403715358.76247 0.560508000 -0.323320000 0.536323000 -0.661135000 -0.476818000 -0.479210000 0.325427000
1403715358.81247 0.553212000 -0.285879000 0.533049000 -0.658507000 -0.476853000 -0.477214000 0.333536000
1403715358.86247 0.545659000 -0.249027000 0.529374000 -0.656170000 -0.477179000 -0.474992000 0.340769000
1403715358.91247 0.537902000 -0.213449000 0.526184000 -0.653246000 -0.477644000 -0.474409000 0.346500000
1403715358.96247 0.529845000 -0.178613000 0.522471000 -0.651023000 -0.479098000 -0.473265000 0.350222000
1403715359.01247 0.521843000 -0.144900000 0.518191000 -0.650408000 -0.480540000 -0.470286000 0.353386000
1403715359.06247 0.514078000 -0.112130000 0.513239000 -0.650205000 -0.482850000 -0.467356000 0.354497000
1403715359.11247 0.506011000 -0.080815000 0.509206000 -0.649497000 -0.484409000 -0.466096000 0.355325000
1403715359.16247 0.498128000 -0.051157000 0.504982000 -0.647946000 -0.485443000 -0.466277000 0.356506000
1403715359.21247 0.490580000 -0.022189000 0.500918000 -0.646441000 -0.485510000 -0.467072000 0.358103000
1403715359.26247 0.483170000 0.005128000 0.496627000 -0.644932000 -0.486010000 -0.468544000 0.358223000
1403715359.31247 0.475916000 0.031481000 0.492286000 -0.643909000 -0.487049000 -0.470056000 0.356667000
1403715359.36247 0.468164000 0.055975000 0.487751000 -0.643423000 -0.488388000 -0.471068000 0.354371000
1403715359.41247 0.460625000 0.079738000 0.482484000 -0.642395000 -0.490109000 -0.473479000 0.350626000
1403715359.46247 0.451893000 0.102627000 0.478779000 -0.641241000 -0.491725000 -0.476166000 0.346818000
1403715359.51247 0.442435000 0.124503000 0.475853000 -0.640280000 -0.492771000 -0.478543000 0.343823000
1403715359.56247 0.431934000 0.145499000 0.474045000 -0.639609000 -0.492652000 -0.480752000 0.342157000
1403715359.61246 0.420799000 0.166180000 0.472221000 -0.639647000 -0.491769000 -0.481627000 0.342126000
1403715359.66246 0.407491000 0.185275000 0.471735000 -0.640708000 -0.490600000 -0.481014000 0.342680000
1403715359.71246 0.393223000 0.203601000 0.471849000 -0.642471000 -0.489065000 -0.479544000 0.343632000
1403715359.76246 0.378105000 0.221097000 0.472630000 -0.644601000 -0.488049000 -0.477375000 0.344109000
1403715359.81246 0.362324000 0.237154000 0.474028000 -0.645968000 -0.486326000 -0.476209000 0.345598000
1403715359.86246 0.345817000 0.252414000 0.476176000 -0.647603000 -0.486117000 -0.474351000 0.345387000
1403715359.91246 0.329062000 0.266809000 0.477786000 -0.650103000 -0.485722000 -0.471081000 0.345721000
1403715359.96247 0.312086000 0.280568000 0.479395000 -0.653022000 -0.484214000 -0.467132000 0.347688000
1403715360.01246 0.295475000 0.294106000 0.479921000 -0.654606000 -0.484634000 -0.464831000 0.347208000
1403715360.06246 0.278428000 0.307088000 0.481106000 -0.655579000 -0.485423000 -0.463376000 0.346213000
1403715360.11246 0.261070000 0.319827000 0.482734000 -0.655930000 -0.486357000 -0.462516000 0.345386000
1403715360.16246 0.243904000 0.332408000 0.483985000 -0.655874000 -0.487257000 -0.462281000 0.344538000
1403715360.21246 0.227304000 0.345654000 0.484469000 -0.655836000 -0.488051000 -0.462103000 0.343725000
1403715360.26246 0.210909000 0.357417000 0.485021000 -0.656213000 -0.487751000 -0.462061000 0.343487000
1403715360.31246 0.194945000 0.368728000 0.485768000 -0.658075000 -0.485816000 -0.461398000 0.343558000
1403715360.36246 0.179336000 0.379713000 0.486734000 -0.661719000 -0.481036000 -0.459915000 0.345268000
1403715360.41245 0.164223000 0.390334000 0.488461000 -0.666632000 -0.474080000 -0.458021000 0.347947000
1403715360.46245 0.149712000 0.400692000 0.490979000 -0.672464000 -0.466117000 -0.456428000 0.349572000
1403715360.51245 0.136460000 0.411785000 0.494163000 -0.678526000 -0.457290000 -0.455739000 0.350414000
1403715360.56245 0.124716000 0.420813000 0.496339000 -0.684201000 -0.448425000 -0.456692000 0.349594000
1403715360.61244 0.114659000 0.428695000 0.499426000 -0.689622000 -0.440339000 -0.459268000 0.345826000
1403715360.66244 0.106273000 0.435680000 0.503336000 -0.694106000 -0.432617000 -0.464065000 0.340151000
1403715360.71244 0.099728000 0.441532000 0.507696000 -0.698721000 -0.424936000 -0.469188000 0.333289000
1403715360.76244 0.094598000 0.445624000 0.512371000 -0.702822000 -0.418701000 -0.475739000 0.323113000
1403715360.81244 0.091306000 0.449851000 0.516619000 -0.707264000 -0.411910000 -0.482296000 0.312247000
1403715360.86244 0.088686000 0.452948000 0.521320000 -0.711667000 -0.404768000 -0.488960000 0.301016000
1403715360.91244 0.087106000 0.454277000 0.526475000 -0.715760000 -0.396828000 -0.495994000 0.290181000
1403715360.96244 0.086047000 0.456372000 0.531414000 -0.720805000 -0.388202000 -0.501506000 0.279698000
1403715361.01244 0.085428000 0.458435000 0.536327000 -0.725921000 -0.378831000 -0.506626000 0.269918000
1403715361.06244 0.084777000 0.460299000 0.541301000 -0.731348000 -0.368943000 -0.511097000 0.260366000
1403715361.11244 0.084057000 0.462270000 0.546037000 -0.737102000 -0.358391000 -0.514669000 0.251696000
1403715361.16244 0.083223000 0.464096000 0.551297000 -0.742739000 -0.347769000 -0.517924000 0.243210000
1403715361.21244 0.082353000 0.465435000 0.556528000 -0.748116000 -0.337449000 -0.521297000 0.233878000
1403715361.26244 0.081595000 0.467167000 0.561872000 -0.753150000 -0.327039000 -0.524597000 0.224963000
1403715361.31244 0.080078000 0.468628000 0.567501000 -0.757897000 -0.317179000 -0.527702000 0.215686000
1403715361.36243 0.077963000 0.469735000 0.572879000 -0.761933000 -0.306907000 -0.531670000 0.206381000
1403715361.41244 0.076540000 0.472795000 0.578790000 -0.766226000 -0.296467000 -0.534778000 0.197528000
1403715361.46244 0.074505000 0.475971000 0.582644000 -0.770087000 -0.286125000 -0.537721000 0.189614000
1403715361.51244 0.072134000 0.479913000 0.585942000 -0.773098000 -0.277065000 -0.540541000 0.182675000
1403715361.56244 0.069813000 0.484651000 0.588489000 -0.775891000 -0.269565000 -0.542420000 0.176376000
1403715361.61243 0.067260000 0.490370000 0.590741000 -0.778171000 -0.264046000 -0.543991000 0.169717000
1403715361.66244 0.064667000 0.497107000 0.592270000 -0.780233000 -0.258863000 -0.544971000 0.165026000
1403715361.71244 0.062052000 0.504865000 0.591575000 -0.782949000 -0.252982000 -0.544963000 0.161263000
1403715361.76244 0.059764000 0.513608000 0.590408000 -0.786734000 -0.246561000 -0.543596000 0.157356000
1403715361.81244 0.057534000 0.523104000 0.588877000 -0.790750000 -0.239450000 -0.541980000 0.153739000
1403715361.86244 0.055868000 0.533396000 0.586577000 -0.794702000 -0.232060000 -0.540636000 0.149361000
1403715361.91244 0.054491000 0.544117000 0.583202000 -0.798161000 -0.224391000 -0.540461000 0.143143000
1403715361.96244 0.053767000 0.555887000 0.580117000 -0.800423000 -0.215235000 -0.542119000 0.138217000
1403715362.01243 0.053728000 0.568051000 0.576770000 -0.802555000 -0.205458000 -0.544133000 0.132708000
1403715362.06243 0.054256000 0.580956000 0.572813000 -0.804595000 -0.196028000 -0.546300000 0.125528000
1403715362.11243 0.055585000 0.594488000 0.568597000 -0.806548000 -0.185584000 -0.548695000 0.118204000
1403715362.16243 0.057296000 0.608445000 0.563226000 -0.808815000 -0.175353000 -0.550545000 0.109404000
1403715362.21243 0.059773000 0.622964000 0.558377000 -0.810888000 -0.164274000 -0.552655000 0.100242000
1403715362.26243 0.062561000 0.637906000 0.552609000 -0.812247000 -0.152754000 -0.555577000 0.090859000
1403715362.31243 0.065682000 0.653732000 0.545817000 -0.814197000 -0.140993000 -0.557358000 0.080975000
1403715362.36243 0.068929000 0.670255000 0.538564000 -0.815971000 -0.128728000 -0.559066000 0.071177000
1403715362.41243 0.071890000 0.687262000 0.530540000 -0.817326000 -0.115988000 -0.560990000 0.061760000
1403715362.46243 0.075838000 0.705582000 0.522318000 -0.818405000 -0.102709000 -0.562918000 0.052785000
1403715362.51243 0.079623000 0.724090000 0.513586000 -0.819319000 -0.089284000 -0.564672000 0.043482000
1403715362.56243 0.084263000 0.743922000 0.505032000 -0.820641000 -0.076588000 -0.565299000 0.033448000
1403715362.61243 0.089969000 0.765071000 0.498510000 -0.822013000 -0.063439000 -0.565394000 0.024493000
1403715362.66243 0.096084000 0.787440000 0.491979000 -0.822391000 -0.050345000 -0.566457000 0.016272000
1403715362.71243 0.102486000 0.810901000 0.486263000 -0.822738000 -0.036769000 -0.567161000 0.008894000
1403715362.76243 0.108775000 0.834687000 0.480791000 -0.822911000 -0.021618000 -0.567743000 0.004244000
1403715362.81244 0.115213000 0.859809000 0.476541000 -0.822913000 -0.005251000 -0.568141000 0.001716000
1403715362.86244 0.121739000 0.885198000 0.472910000 -0.822103000 0.013222000 -0.569177000 0.002840000
1403715362.91244 0.128651000 0.909942000 0.470783000 -0.819071000 0.032728000 -0.572725000 0.006175000
1403715362.96244 0.135293000 0.933662000 0.469231000 -0.815034000 0.049770000 -0.577230000 0.007000000
1403715363.01244 0.144680000 0.956696000 0.470588000 -0.811112000 0.065291000 -0.581181000 0.007910000
1403715363.06244 0.151861000 0.977165000 0.469310000 -0.808485000 0.079052000 -0.583144000 0.006795000
1403715363.11244 0.157867000 0.995267000 0.468457000 -0.806649000 0.090774000 -0.584006000 0.003792000
1403715363.16244 0.162874000 1.011012000 0.468569000 0.806637000 -0.100878000 0.582374000 0.000593000
1403715363.21244 0.167173000 1.024574000 0.470169000 0.806431000 -0.110111000 0.580954000 0.006015000
1403715363.26243 0.170768000 1.035076000 0.473136000 0.806141000 -0.118577000 0.579591000 0.012290000
1403715363.31243 0.173609000 1.043171000 0.476936000 0.805705000 -0.126956000 0.578266000 0.018158000
1403715363.36243 0.175660000 1.048429000 0.481215000 0.804757000 -0.135158000 0.577493000 0.024524000
1403715363.41244 0.177292000 1.051187000 0.486049000 0.803275000 -0.142853000 0.577390000 0.031049000
1403715363.46244 0.178160000 1.051186000 0.491332000 0.801766000 -0.150572000 0.577087000 0.038351000
1403715363.51244 0.178473000 1.048992000 0.497818000 0.800342000 -0.158052000 0.576491000 0.046146000
1403715363.56244 0.177751000 1.044850000 0.504549000 0.799259000 -0.163814000 0.575449000 0.056643000
1403715363.61244 0.177947000 1.039198000 0.511691000 0.798526000 -0.167805000 0.573856000 0.069903000
1403715363.66244 0.176705000 1.031843000 0.518884000 0.797550000 -0.173264000 0.572101000 0.081211000
1403715363.71244 0.175149000 1.023129000 0.526344000 0.795856000 -0.179051000 0.570930000 0.092696000
1403715363.76244 0.173114000 1.013456000 0.533241000 0.793546000 -0.186795000 0.569974000 0.102577000
1403715363.81244 0.170708000 1.004569000 0.540343000 0.790881000 -0.195557000 0.568905000 0.112302000
1403715363.86244 0.168206000 0.993962000 0.545857000 0.788005000 -0.206085000 0.567410000 0.120922000
1403715363.91244 0.164540000 0.982576000 0.550642000 0.784475000 -0.216481000 0.566299000 0.130537000
1403715363.96244 0.160048000 0.970968000 0.556940000 0.780169000 -0.227150000 0.565414000 0.141581000
1403715364.01244 0.155313000 0.959299000 0.562650000 0.775916000 -0.239511000 0.563752000 0.150909000
1403715364.06244 0.149923000 0.947136000 0.567645000 0.771126000 -0.251200000 0.562454000 0.160959000
1403715364.11244 0.145496000 0.935487000 0.572985000 0.766748000 -0.262281000 0.561006000 0.169052000
1403715364.16244 0.139002000 0.924222000 0.578203000 0.762551000 -0.271849000 0.559799000 0.176744000
1403715364.21244 0.131889000 0.912689000 0.582096000 0.759924000 -0.280126000 0.557397000 0.182628000
1403715364.26244 0.125162000 0.902264000 0.587514000 0.757810000 -0.287986000 0.555117000 0.186102000
1403715364.31244 0.117947000 0.892129000 0.593288000 0.756433000 -0.295157000 0.552755000 0.187490000
1403715364.36244 0.110420000 0.882561000 0.599447000 0.755908000 -0.301200000 0.550205000 0.187498000
1403715364.41244 0.102564000 0.873140000 0.606278000 0.755244000 -0.306411000 0.548634000 0.186333000
1403715364.46244 0.095299000 0.862922000 0.614111000 0.754474000 -0.309614000 0.547888000 0.186351000
1403715364.51244 0.086768000 0.852557000 0.621009000 0.754134000 -0.312391000 0.547363000 0.184628000
1403715364.56244 0.077417000 0.841727000 0.628642000 0.753643000 -0.313664000 0.547651000 0.183615000
1403715364.61244 0.067560000 0.829895000 0.636727000 0.753560000 -0.314088000 0.547588000 0.183422000
1403715364.66244 0.057335000 0.817094000 0.645989000 0.752598000 -0.314748000 0.548255000 0.184244000
1403715364.71244 0.045772000 0.803628000 0.655452000 0.751518000 -0.314179000 0.548576000 0.188614000
1403715364.76244 0.032635000 0.789806000 0.664875000 0.751451000 -0.313197000 0.546817000 0.195499000
1403715364.81244 0.018880000 0.775578000 0.673820000 0.752373000 -0.312699000 0.543010000 0.203207000
1403715364.86244 0.004707000 0.761137000 0.682263000 0.753267000 -0.313485000 0.538628000 0.210228000
1403715364.91244 -0.009491000 0.746491000 0.690018000 0.753496000 -0.315887000 0.534725000 0.215707000
1403715364.96244 -0.023449000 0.732039000 0.698012000 0.753677000 -0.318662000 0.530232000 0.221990000
1403715365.01244 -0.037311000 0.717728000 0.706039000 0.752558000 -0.323797000 0.527207000 0.225531000
1403715365.06244 -0.051533000 0.703381000 0.715520000 0.751778000 -0.328137000 0.523507000 0.230425000
1403715365.11244 -0.065377000 0.690011000 0.725115000 0.749234000 -0.333138000 0.521827000 0.235295000
1403715365.16244 -0.078346000 0.677229000 0.734959000 0.745014000 -0.338379000 0.522115000 0.240521000
1403715365.21244 -0.090285000 0.664960000 0.744157000 0.741078000 -0.343626000 0.521959000 0.245527000
1403715365.26243 -0.100928000 0.653214000 0.752675000 0.737840000 -0.347942000 0.521327000 0.250495000
1403715365.31244 -0.111555000 0.642413000 0.760593000 0.735132000 -0.351702000 0.520489000 0.254907000
1403715365.36244 -0.121085000 0.632514000 0.767758000 0.732529000 -0.355891000 0.519751000 0.258074000
1403715365.41244 -0.129286000 0.623558000 0.773947000 0.728958000 -0.361561000 0.519644000 0.260508000
1403715365.46244 -0.138478000 0.614973000 0.779993000 0.725894000 -0.367356000 0.518055000 0.264096000
1403715365.51244 -0.147297000 0.607455000 0.785875000 0.721804000 -0.374033000 0.517138000 0.267706000
1403715365.56244 -0.155873000 0.600600000 0.791459000 0.717952000 -0.381120000 0.514836000 0.272463000
1403715365.61244 -0.164391000 0.594202000 0.796738000 0.712559000 -0.390552000 0.513618000 0.275546000
1403715365.66244 -0.172728000 0.588184000 0.801993000 0.706153000 -0.401316000 0.512761000 0.278154000
1403715365.71243 -0.182001000 0.582730000 0.806673000 0.699457000 -0.412522000 0.511460000 0.281061000
1403715365.76243 -0.191776000 0.577355000 0.810844000 0.692736000 -0.423866000 0.509465000 0.284430000
1403715365.81243 -0.202051000 0.572552000 0.814898000 0.686491000 -0.434599000 0.506631000 0.288406000
1403715365.86243 -0.212212000 0.568400000 0.818932000 0.680730000 -0.443605000 0.503912000 0.293076000
1403715365.91243 -0.223844000 0.565004000 0.822745000 0.675789000 -0.451859000 0.500734000 0.297318000
1403715365.96243 -0.236000000 0.561781000 0.826307000 0.671341000 -0.459472000 0.498051000 0.300220000
1403715366.01244 -0.248987000 0.559397000 0.829347000 0.666000000 -0.466746000 0.497849000 0.301227000
1403715366.06244 -0.262525000 0.556542000 0.832553000 0.661895000 -0.473416000 0.496870000 0.301483000
1403715366.11244 -0.276864000 0.553993000 0.835512000 0.657478000 -0.479613000 0.497217000 0.300780000
1403715366.16244 -0.292701000 0.551627000 0.838306000 0.654385000 -0.483470000 0.496792000 0.302051000
1403715366.21244 -0.310390000 0.549745000 0.841408000 0.652322000 -0.486203000 0.496266000 0.302988000
1403715366.26244 -0.331824000 0.549474000 0.844493000 0.650570000 -0.487786000 0.496075000 0.304519000
1403715366.31244 -0.352308000 0.546699000 0.845171000 0.650521000 -0.487862000 0.494730000 0.306685000
1403715366.36244 -0.373872000 0.543494000 0.845775000 0.650487000 -0.487649000 0.493682000 0.308778000
1403715366.41243 -0.396732000 0.540546000 0.846295000 0.652632000 -0.486880000 0.490492000 0.310542000
1403715366.46243 -0.421549000 0.537638000 0.847300000 0.655418000 -0.484644000 0.486546000 0.314356000
1403715366.51243 -0.446379000 0.534895000 0.848144000 0.658459000 -0.482191000 0.482714000 0.317666000
1403715366.56243 -0.471652000 0.532234000 0.848480000 0.661058000 -0.480453000 0.480013000 0.318990000
1403715366.61243 -0.497736000 0.529452000 0.848983000 0.664011000 -0.479135000 0.476877000 0.319543000
1403715366.66243 -0.523339000 0.526886000 0.848805000 0.666550000 -0.477757000 0.474549000 0.319784000
1403715366.71243 -0.548822000 0.524077000 0.848368000 0.669277000 -0.476613000 0.472402000 0.318974000
1403715366.76243 -0.574271000 0.521331000 0.848113000 0.671563000 -0.476126000 0.470663000 0.317463000
1403715366.81243 -0.599711000 0.518455000 0.847954000 0.674463000 -0.475636000 0.468108000 0.315823000
1403715366.86243 -0.625804000 0.515469000 0.848826000 0.676810000 -0.475136000 0.466441000 0.314016000
1403715366.91244 -0.650190000 0.511627000 0.850160000 0.678394000 -0.474471000 0.465809000 0.312540000
1403715366.96244 -0.674069000 0.506990000 0.851661000 0.679444000 -0.474880000 0.465766000 0.309689000
1403715367.01244 -0.697682000 0.501532000 0.853906000 0.680302000 -0.474702000 0.466125000 0.307531000
1403715367.06244 -0.721839000 0.495783000 0.856784000 0.680600000 -0.474694000 0.467076000 0.305432000
1403715367.11244 -0.744593000 0.488469000 0.860272000 0.681225000 -0.474231000 0.467694000 0.303809000
1403715367.16244 -0.767118000 0.480265000 0.863886000 0.682104000 -0.474008000 0.468041000 0.301642000
1403715367.21244 -0.790241000 0.471188000 0.867593000 0.682684000 -0.472711000 0.468801000 0.301185000
1403715367.26244 -0.812415000 0.461159000 0.871101000 0.682662000 -0.472982000 0.470280000 0.298493000
1403715367.31244 -0.834435000 0.449923000 0.874372000 0.683791000 -0.472759000 0.470021000 0.296664000
1403715367.36244 -0.856051000 0.437231000 0.877589000 0.684736000 -0.473088000 0.469814000 0.294276000
1403715367.41244 -0.877827000 0.423377000 0.880618000 0.685461000 -0.472947000 0.469927000 0.292632000
1403715367.46244 -0.900400000 0.408789000 0.883373000 0.686086000 -0.472368000 0.470235000 0.291604000
1403715367.51244 -0.922110000 0.392485000 0.886566000 0.687224000 -0.472131000 0.469626000 0.290288000
1403715367.56244 -0.943527000 0.374401000 0.889004000 0.688016000 -0.471279000 0.469761000 0.289577000
1403715367.61244 -0.964781000 0.354900000 0.891679000 0.688226000 -0.470357000 0.470621000 0.289182000
1403715367.66244 -0.987391000 0.337017000 0.892857000 0.688203000 -0.469935000 0.471626000 0.288282000
1403715367.71244 -1.008116000 0.314563000 0.896275000 0.688379000 -0.468360000 0.472438000 0.289094000
1403715367.76244 -1.028434000 0.291390000 0.900684000 0.688607000 -0.467501000 0.472934000 0.289131000
1403715367.81244 -1.048860000 0.267012000 0.905084000 0.689012000 -0.465871000 0.473295000 0.290205000
1403715367.86244 -1.069205000 0.241641000 0.909528000 0.689152000 -0.463669000 0.473948000 0.292325000
1403715367.91244 -1.090073000 0.215168000 0.913150000 0.688584000 -0.460907000 0.475304000 0.295809000
1403715367.96244 -1.110581000 0.187946000 0.916793000 0.686536000 -0.458824000 0.478458000 0.298708000
1403715368.01244 -1.130945000 0.160275000 0.919586000 0.684414000 -0.457571000 0.481388000 0.300785000
1403715368.06244 -1.150833000 0.132517000 0.923149000 0.682130000 -0.457116000 0.484417000 0.301801000
1403715368.11244 -1.170715000 0.104627000 0.926326000 0.680330000 -0.456830000 0.486573000 0.302827000
1403715368.16244 -1.190945000 0.076736000 0.928498000 0.678561000 -0.457094000 0.488489000 0.303314000
1403715368.21244 -1.211355000 0.049083000 0.929919000 0.677196000 -0.457919000 0.489853000 0.302921000
1403715368.26244 -1.231666000 0.021260000 0.930474000 0.675474000 -0.459754000 0.491728000 0.300938000
1403715368.31244 -1.252934000 -0.006210000 0.930776000 0.673928000 -0.461825000 0.493237000 0.298759000
1403715368.36244 -1.274779000 -0.033629000 0.930728000 0.671452000 -0.464479000 0.495958000 0.295698000
1403715368.41244 -1.297014000 -0.060674000 0.930160000 0.669451000 -0.466512000 0.498070000 0.293475000
1403715368.46244 -1.320639000 -0.088435000 0.929736000 0.666909000 -0.467719000 0.500873000 0.292569000
1403715368.51244 -1.345274000 -0.116405000 0.929358000 0.665253000 -0.468289000 0.502348000 0.292899000
1403715368.56244 -1.370687000 -0.144097000 0.928923000 0.664980000 -0.467219000 0.501984000 0.295837000
1403715368.61244 -1.397996000 -0.171554000 0.927900000 0.666130000 -0.464997000 0.499651000 0.300662000
1403715368.66245 -1.426366000 -0.198902000 0.926758000 0.667987000 -0.462758000 0.496387000 0.305367000
1403715368.71244 -1.454787000 -0.225114000 0.924517000 0.669179000 -0.461735000 0.494030000 0.308116000
1403715368.76244 -1.484785000 -0.251561000 0.923272000 0.670350000 -0.460627000 0.491477000 0.311295000
1403715368.81244 -1.515114000 -0.277362000 0.922212000 0.671116000 -0.459731000 0.489568000 0.313964000
1403715368.86244 -1.545343000 -0.302993000 0.920814000 0.671751000 -0.460130000 0.487821000 0.314740000
1403715368.91244 -1.575222000 -0.327931000 0.919810000 0.672961000 -0.459771000 0.486456000 0.314794000
1403715368.96244 -1.604870000 -0.351982000 0.918628000 0.675137000 -0.458821000 0.485291000 0.313315000
1403715369.01244 -1.633170000 -0.374998000 0.916620000 0.678246000 -0.457391000 0.484330000 0.310160000
1403715369.06244 -1.662383000 -0.397981000 0.914886000 0.682309000 -0.455140000 0.483515000 0.305801000
1403715369.11244 -1.691450000 -0.420798000 0.913287000 0.686848000 -0.451181000 0.483732000 0.301129000
1403715369.16244 -1.719964000 -0.443857000 0.911604000 0.691991000 -0.445684000 0.484349000 0.296513000
1403715369.21244 -1.748085000 -0.467374000 0.910248000 0.697363000 -0.439270000 0.485716000 0.291215000
1403715369.26243 -1.776558000 -0.491297000 0.909152000 0.703049000 -0.430985000 0.487542000 0.286840000
1403715369.31243 -1.804204000 -0.514089000 0.907678000 0.709126000 -0.422661000 0.489458000 0.280941000
1403715369.36243 -1.830781000 -0.538044000 0.907022000 0.714781000 -0.413436000 0.492462000 0.275025000
1403715369.41243 -1.856713000 -0.562554000 0.905606000 0.721112000 -0.403735000 0.494829000 0.268588000
1403715369.46243 -1.882216000 -0.587119000 0.903820000 0.726993000 -0.393947000 0.497869000 0.261558000
1403715369.51243 -1.907443000 -0.612230000 0.902873000 0.732737000 -0.383752000 0.501158000 0.254306000
1403715369.56243 -1.931349000 -0.637008000 0.902013000 0.738251000 -0.373393000 0.504561000 0.246945000
1403715369.61243 -1.954878000 -0.661873000 0.901269000 0.743679000 -0.362598000 0.507951000 0.239687000
1403715369.66243 -1.977488000 -0.687242000 0.901382000 0.748910000 -0.352437000 0.510563000 0.232911000
1403715369.71243 -1.999616000 -0.713249000 0.902388000 0.753154000 -0.343306000 0.513053000 0.227324000
1403715369.76243 -2.021375000 -0.739509000 0.903085000 0.757147000 -0.334532000 0.514785000 0.223189000
1403715369.81243 -2.042601000 -0.766135000 0.902894000 0.760452000 -0.327613000 0.516016000 0.219338000
1403715369.86243 -2.063148000 -0.793105000 0.901979000 0.763534000 -0.320971000 0.516358000 0.217641000
1403715369.91243 -2.082425000 -0.819678000 0.900126000 0.766799000 -0.315874000 0.515271000 0.216192000
1403715369.96244 -2.101012000 -0.846709000 0.897890000 0.770121000 -0.311944000 0.513263000 0.214862000
1403715370.01243 -2.118883000 -0.874201000 0.895075000 0.772969000 -0.308067000 0.511092000 0.215404000
1403715370.06243 -2.133497000 -0.901264000 0.891577000 0.775308000 -0.304179000 0.509083000 0.217273000
1403715370.11243 -2.146579000 -0.928794000 0.888880000 0.776243000 -0.301174000 0.508601000 0.219239000
1403715370.16243 -2.158383000 -0.955742000 0.886606000 0.775312000 -0.298070000 0.510665000 0.221964000
1403715370.21243 -2.168094000 -0.982802000 0.885131000 0.772252000 -0.298890000 0.515433000 0.220502000
1403715370.26243 -2.176559000 -1.008830000 0.884045000 0.768636000 -0.300826000 0.520541000 0.218493000
1403715370.31243 -2.183604000 -1.034335000 0.882960000 0.765638000 -0.303020000 0.524565000 0.216356000
1403715370.36243 -2.189707000 -1.059130000 0.881772000 0.762524000 -0.306364000 0.528416000 0.213247000
1403715370.41243 -2.195184000 -1.083601000 0.880446000 0.759545000 -0.310190000 0.531887000 0.209688000
1403715370.46243 -2.200444000 -1.107987000 0.879503000 0.757443000 -0.313560000 0.533926000 0.207082000
1403715370.51243 -2.205286000 -1.132304000 0.878617000 0.755464000 -0.316532000 0.535544000 0.205608000
1403715370.56243 -2.210326000 -1.156524000 0.877613000 0.754228000 -0.318960000 0.536295000 0.204433000
1403715370.61243 -2.215749000 -1.181036000 0.877443000 0.752929000 -0.320368000 0.537135000 0.204812000
1403715370.66243 -2.220146000 -1.205635000 0.877109000 0.752425000 -0.322153000 0.536876000 0.204542000
1403715370.71243 -2.225402000 -1.230115000 0.876791000 0.752066000 -0.322895000 0.536626000 0.205350000
1403715370.76243 -2.231254000 -1.255087000 0.876738000 0.752276000 -0.322247000 0.535699000 0.208002000
1403715370.81242 -2.236783000 -1.280087000 0.876378000 0.753041000 -0.321396000 0.534055000 0.210758000
1403715370.86243 -2.242913000 -1.304920000 0.875303000 0.754173000 -0.320868000 0.531803000 0.213196000
1403715370.91242 -2.248945000 -1.329658000 0.874702000 0.755014000 -0.321066000 0.529965000 0.214495000
1403715370.96242 -2.254674000 -1.354126000 0.873416000 0.756705000 -0.322228000 0.526751000 0.214710000
1403715371.01242 -2.260691000 -1.379328000 0.871406000 0.759429000 -0.323810000 0.522118000 0.214027000
1403715371.06242 -2.266277000 -1.404925000 0.868764000 0.763271000 -0.325855000 0.515737000 0.212723000
1403715371.11242 -2.270966000 -1.430313000 0.865087000 0.767062000 -0.327479000 0.509393000 0.211879000
1403715371.16242 -2.274601000 -1.456497000 0.861486000 0.770191000 -0.328989000 0.504150000 0.210723000
1403715371.21242 -2.276790000 -1.483751000 0.858099000 0.772857000 -0.329714000 0.499726000 0.210368000
1403715371.26242 -2.277818000 -1.511989000 0.854308000 0.774261000 -0.329833000 0.497324000 0.210710000
1403715371.31243 -2.276559000 -1.541625000 0.850910000 0.774842000 -0.329734000 0.496327000 0.211082000
1403715371.36244 -2.273872000 -1.572395000 0.847011000 0.774925000 -0.329619000 0.496208000 0.211234000
1403715371.41244 -2.269340000 -1.602999000 0.844360000 0.774155000 -0.329039000 0.497529000 0.211856000
1403715371.46245 -2.263699000 -1.635393000 0.841615000 0.771042000 -0.328937000 0.502512000 0.211604000
1403715371.51246 -2.256729000 -1.668503000 0.839422000 0.766297000 -0.329747000 0.509763000 0.210232000
1403715371.56247 -2.248824000 -1.702212000 0.837458000 0.761469000 -0.330749000 0.517266000 0.207862000
1403715371.61247 -2.240287000 -1.736552000 0.835400000 0.757227000 -0.331497000 0.523763000 0.205887000
1403715371.66246 -2.232548000 -1.771804000 0.833945000 0.753260000 -0.332758000 0.529655000 0.203316000
1403715371.71246 -2.224531000 -1.807197000 0.831311000 0.750180000 -0.334517000 0.534246000 0.199775000
1403715371.76246 -2.217086000 -1.843184000 0.828494000 0.748399000 -0.335358000 0.537131000 0.197293000
1403715371.81246 -2.210612000 -1.880168000 0.825831000 0.747620000 -0.335156000 0.538555000 0.196706000
1403715371.86246 -2.205155000 -1.917249000 0.822498000 0.749819000 -0.333078000 0.536200000 0.198293000
1403715371.91245 -2.199735000 -1.953441000 0.818999000 0.752285000 -0.330058000 0.533369000 0.201608000
1403715371.96245 -2.195300000 -1.991885000 0.815100000 0.754727000 -0.326713000 0.530583000 0.205252000
1403715372.01245 -2.190821000 -2.030669000 0.811398000 0.756697000 -0.324650000 0.528305000 0.207138000
1403715372.06245 -2.186016000 -2.069844000 0.808118000 0.756854000 -0.322595000 0.528555000 0.209128000
1403715372.11245 -2.180953000 -2.109069000 0.805418000 0.756491000 -0.321544000 0.529442000 0.209814000
1403715372.16245 -2.175754000 -2.148445000 0.802876000 0.756118000 -0.320413000 0.530691000 0.209731000
1403715372.21245 -2.170201000 -2.187385000 0.801343000 0.755695000 -0.319056000 0.532961000 0.207560000
1403715372.26245 -2.164369000 -2.226631000 0.800513000 0.756535000 -0.315883000 0.534088000 0.206452000
1403715372.31245 -2.158337000 -2.265568000 0.800127000 0.757767000 -0.311870000 0.535535000 0.204277000
1403715372.36245 -2.152079000 -2.304532000 0.800775000 0.759604000 -0.306858000 0.536923000 0.201379000
1403715372.41245 -2.145762000 -2.343332000 0.802706000 0.761520000 -0.299912000 0.539023000 0.198984000
1403715372.46245 -2.139778000 -2.381896000 0.805161000 0.763320000 -0.294236000 0.540760000 0.195823000
1403715372.51245 -2.133668000 -2.420312000 0.809589000 0.765023000 -0.288610000 0.542138000 0.193730000
1403715372.56245 -2.127350000 -2.458365000 0.815908000 0.766122000 -0.283353000 0.544040000 0.191805000
1403715372.61245 -2.121310000 -2.496236000 0.822434000 0.767105000 -0.279118000 0.545582000 0.189694000
1403715372.66245 -2.115417000 -2.534186000 0.828625000 0.768113000 -0.275233000 0.546653000 0.188200000
1403715372.71245 -2.109859000 -2.571864000 0.833935000 0.768798000 -0.272664000 0.547713000 0.186049000
1403715372.76245 -2.104257000 -2.609365000 0.838733000 0.769802000 -0.270134000 0.547870000 0.185126000
1403715372.81245 -2.098705000 -2.646774000 0.843015000 0.770052000 -0.268479000 0.548778000 0.183798000
1403715372.86245 -2.092944000 -2.684011000 0.846672000 0.770498000 -0.267540000 0.549136000 0.182225000
1403715372.91245 -2.086769000 -2.721129000 0.849939000 0.770469000 -0.267615000 0.549867000 0.180017000
1403715372.96245 -2.080701000 -2.757795000 0.853036000 0.770037000 -0.268287000 0.550913000 0.177651000
1403715373.01245 -2.074663000 -2.794399000 0.856008000 0.769939000 -0.269144000 0.551332000 0.175465000
1403715373.06245 -2.069096000 -2.831302000 0.858744000 0.769556000 -0.270015000 0.552015000 0.173653000
1403715373.11245 -2.064078000 -2.868331000 0.861045000 0.769076000 -0.270997000 0.552603000 0.172374000
1403715373.16245 -2.058860000 -2.904790000 0.862931000 0.768762000 -0.271739000 0.552928000 0.171564000
1403715373.21245 -2.054237000 -2.941222000 0.865173000 0.768387000 -0.272387000 0.553196000 0.171351000
1403715373.26245 -2.050183000 -2.977242000 0.867607000 0.768533000 -0.272589000 0.552625000 0.172216000
1403715373.31245 -2.046329000 -3.013161000 0.870564000 0.768702000 -0.271252000 0.552015000 0.175497000
1403715373.36245 -2.042695000 -3.048665000 0.873405000 0.768573000 -0.271152000 0.551690000 0.177228000
1403715373.41245 -2.039209000 -3.083749000 0.876244000 0.768432000 -0.271177000 0.551465000 0.178497000
1403715373.46245 -2.035619000 -3.119009000 0.878869000 0.768322000 -0.270741000 0.551315000 0.180090000
1403715373.51245 -2.031939000 -3.153882000 0.881339000 0.768712000 -0.269650000 0.551085000 0.180764000
1403715373.56245 -2.028206000 -3.188154000 0.883265000 0.769502000 -0.266205000 0.551138000 0.182343000
1403715373.61245 -2.024378000 -3.221884000 0.884670000 0.771836000 -0.260365000 0.549915000 0.184589000
1403715373.66245 -2.020332000 -3.255454000 0.886225000 0.774112000 -0.253370000 0.549715000 0.185387000
1403715373.71245 -2.015787000 -3.287849000 0.888036000 0.776666000 -0.244488000 0.550008000 0.185757000
1403715373.76245 -2.010334000 -3.317971000 0.889672000 0.779337000 -0.235803000 0.550769000 0.183533000
1403715373.81245 -2.003325000 -3.346426000 0.891094000 0.781734000 -0.227233000 0.552576000 0.178654000
1403715373.86245 -1.996038000 -3.373932000 0.892184000 0.784408000 -0.218703000 0.554522000 0.171400000
1403715373.91245 -1.988077000 -3.400051000 0.893522000 0.787040000 -0.209774000 0.556771000 0.162999000
1403715373.96245 -1.979607000 -3.424789000 0.894882000 0.789444000 -0.200545000 0.559417000 0.153663000
1403715374.01245 -1.970502000 -3.447888000 0.895025000 0.792149000 -0.190078000 0.561597000 0.144841000
1403715374.06245 -1.960793000 -3.469790000 0.893723000 0.794611000 -0.179443000 0.563970000 0.135396000
1403715374.11245 -1.950826000 -3.492172000 0.892631000 0.796850000 -0.168476000 0.566431000 0.125706000
1403715374.16245 -1.940921000 -3.511752000 0.891626000 0.799498000 -0.156433000 0.567889000 0.117619000
1403715374.21245 -1.930642000 -3.530380000 0.890087000 0.801822000 -0.144915000 0.569506000 0.108369000
1403715374.26245 -1.920601000 -3.548645000 0.889246000 0.803986000 -0.133289000 0.570929000 0.099402000
1403715374.31245 -1.911347000 -3.568477000 0.889761000 0.806512000 -0.122406000 0.571403000 0.089741000
1403715374.36245 -1.901737000 -3.585897000 0.889439000 0.808994000 -0.111309000 0.571334000 0.081953000
1403715374.41245 -1.892448000 -3.602839000 0.889997000 0.811742000 -0.101590000 0.570187000 0.075112000
1403715374.46245 -1.882845000 -3.619280000 0.890980000 0.814308000 -0.093359000 0.568659000 0.069376000
1403715374.51245 -1.873437000 -3.635939000 0.892545000 0.817908000 -0.086764000 0.565064000 0.064823000
1403715374.56245 -1.863179000 -3.651853000 0.893829000 0.820506000 -0.081672000 0.562470000 0.061045000
1403715374.61245 -1.852694000 -3.667291000 0.895309000 0.823235000 -0.077430000 0.559327000 0.058670000
1403715374.66246 -1.841096000 -3.682362000 0.896730000 0.825044000 -0.075033000 0.557225000 0.056318000
1403715374.71246 -1.829750000 -3.698896000 0.899172000 0.826398000 -0.072919000 0.555617000 0.055129000
1403715374.76246 -1.816011000 -3.713290000 0.900230000 0.827264000 -0.071520000 0.554523000 0.054986000
1403715374.81246 -1.800917000 -3.727433000 0.901086000 0.827684000 -0.070603000 0.553973000 0.055403000
1403715374.86246 -1.784277000 -3.741108000 0.901630000 0.827764000 -0.070638000 0.553808000 0.055802000
1403715374.91246 -1.765789000 -3.753966000 0.902238000 0.827268000 -0.070144000 0.554414000 0.057739000
1403715374.96245 -1.746406000 -3.766392000 0.903353000 0.824893000 -0.070033000 0.557771000 0.059490000
1403715375.01245 -1.725965000 -3.778002000 0.904462000 0.822639000 -0.070540000 0.560856000 0.061070000
1403715375.06245 -1.704497000 -3.788900000 0.905694000 0.820453000 -0.070496000 0.563748000 0.063840000
1403715375.11245 -1.682540000 -3.798640000 0.906068000 0.818960000 -0.071528000 0.565581000 0.065616000
1403715375.16245 -1.659385000 -3.807373000 0.906962000 0.817451000 -0.073130000 0.567395000 0.067002000
1403715375.21245 -1.635835000 -3.815077000 0.907390000 0.815978000 -0.075009000 0.569108000 0.068337000
1403715375.26245 -1.612059000 -3.821519000 0.907298000 0.815444000 -0.077731000 0.569478000 0.068590000
1403715375.31245 -1.587691000 -3.827289000 0.907483000 0.815041000 -0.080165000 0.569578000 0.069735000
1403715375.36245 -1.563656000 -3.831918000 0.907209000 0.814170000 -0.084075000 0.570399000 0.068582000
1403715375.41245 -1.538900000 -3.836014000 0.906621000 0.814779000 -0.085821000 0.568988000 0.070872000
1403715375.46245 -1.513902000 -3.839370000 0.906320000 0.814149000 -0.089234000 0.569423000 0.070406000
1403715375.51245 -1.488564000 -3.841965000 0.905494000 0.814202000 -0.091716000 0.568914000 0.070709000
1403715375.56245 -1.462590000 -3.843746000 0.903953000 0.814107000 -0.095154000 0.568587000 0.069895000
1403715375.61245 -1.437080000 -3.845023000 0.902049000 0.813843000 -0.097853000 0.568509000 0.069868000
1403715375.66245 -1.411427000 -3.845815000 0.899421000 0.813200000 -0.100073000 0.569005000 0.070166000
1403715375.71245 -1.384889000 -3.846987000 0.897170000 0.812280000 -0.101290000 0.569920000 0.071641000
1403715375.76245 -1.357899000 -3.847280000 0.894555000 0.811409000 -0.102505000 0.570867000 0.072238000
1403715375.81245 -1.330735000 -3.847420000 0.891853000 0.810661000 -0.103390000 0.571639000 0.073272000
1403715375.86245 -1.303636000 -3.846998000 0.889417000 0.809727000 -0.103112000 0.572723000 0.075486000
1403715375.91245 -1.275185000 -3.847609000 0.885668000 0.809417000 -0.102042000 0.572988000 0.078206000
1403715375.96245 -1.247687000 -3.846538000 0.882489000 0.808423000 -0.101581000 0.574261000 0.079737000
1403715376.01245 -1.219905000 -3.845167000 0.879293000 0.807897000 -0.100570000 0.574965000 0.081269000
1403715376.06245 -1.192615000 -3.842848000 0.875258000 0.807298000 -0.101175000 0.575823000 0.080382000
1403715376.11245 -1.165739000 -3.840106000 0.870948000 0.806800000 -0.102056000 0.576660000 0.078243000
1403715376.16245 -1.139281000 -3.836806000 0.866592000 0.806134000 -0.103284000 0.577777000 0.075198000
1403715376.21245 -1.112905000 -3.833164000 0.862010000 0.805383000 -0.104906000 0.578922000 0.072135000
1403715376.26245 -1.087141000 -3.829418000 0.857482000 0.804767000 -0.106100000 0.579907000 0.069288000
1403715376.31245 -1.061834000 -3.824665000 0.853801000 0.801278000 -0.105325000 0.584862000 0.069257000
1403715376.36245 -1.037182000 -3.820236000 0.850082000 0.796256000 -0.104459000 0.591821000 0.069376000
1403715376.41245 -1.013653000 -3.815388000 0.846628000 0.792735000 -0.101816000 0.596681000 0.071951000
1403715376.46245 -0.992066000 -3.809993000 0.841622000 0.793031000 -0.098976000 0.596374000 0.075126000
1403715376.51245 -0.971867000 -3.804019000 0.835709000 0.795464000 -0.096529000 0.593244000 0.077331000
1403715376.56245 -0.952588000 -3.796976000 0.829555000 0.798629000 -0.094510000 0.589162000 0.078401000
1403715376.61245 -0.934341000 -3.789056000 0.823352000 0.801240000 -0.092791000 0.585796000 0.079044000
1403715376.66245 -0.917084000 -3.780248000 0.816618000 0.803942000 -0.091481000 0.582339000 0.078675000
1403715376.71245 -0.900432000 -3.770803000 0.808641000 0.804695000 -0.090121000 0.581594000 0.078052000
1403715376.76245 -0.884066000 -3.760473000 0.801323000 0.805068000 -0.088239000 0.581315000 0.078434000
1403715376.81245 -0.868378000 -3.749113000 0.794468000 0.804046000 -0.086653000 0.582990000 0.078260000
1403715376.86245 -0.852935000 -3.737243000 0.788721000 0.802199000 -0.085468000 0.585852000 0.077137000
1403715376.91245 -0.838479000 -3.724114000 0.783965000 0.798497000 -0.083887000 0.591231000 0.076234000
1403715376.96245 -0.824695000 -3.710324000 0.780449000 0.793962000 -0.081281000 0.597605000 0.076721000
1403715377.01244 -0.812446000 -3.695233000 0.776491000 0.791031000 -0.080601000 0.601903000 0.074067000
1403715377.06244 -0.801688000 -3.679156000 0.772082000 0.791215000 -0.078649000 0.602035000 0.073122000
1403715377.11244 -0.792581000 -3.662156000 0.766742000 0.794475000 -0.077066000 0.598022000 0.072390000
1403715377.16244 -0.784774000 -3.644357000 0.762052000 0.797779000 -0.074812000 0.593869000 0.072607000
1403715377.21244 -0.777829000 -3.625648000 0.757472000 0.800736000 -0.072915000 0.590119000 0.072561000
1403715377.26244 -0.772038000 -3.605782000 0.752964000 0.802720000 -0.071482000 0.587722000 0.071513000
1403715377.31244 -0.767168000 -3.584757000 0.749061000 0.803812000 -0.071024000 0.586536000 0.069400000
1403715377.36244 -0.763067000 -3.563105000 0.745643000 0.803882000 -0.070389000 0.586684000 0.067969000
1403715377.41244 -0.759335000 -3.540341000 0.743171000 0.802988000 -0.070235000 0.588203000 0.065534000
1403715377.46244 -0.756527000 -3.516924000 0.741111000 0.802220000 -0.069453000 0.589434000 0.064706000
1403715377.51244 -0.754690000 -3.492931000 0.738785000 0.801724000 -0.068862000 0.590307000 0.063510000
1403715377.56244 -0.753317000 -3.468267000 0.735973000 0.801640000 -0.068953000 0.590580000 0.061917000
1403715377.61244 -0.752770000 -3.442911000 0.733037000 0.802121000 -0.068729000 0.590015000 0.061331000
1403715377.66244 -0.753348000 -3.416763000 0.729505000 0.803529000 -0.068552000 0.588185000 0.060657000
1403715377.71244 -0.754544000 -3.390006000 0.725860000 0.804918000 -0.068894000 0.586310000 0.060015000
1403715377.76244 -0.755227000 -3.362959000 0.721975000 0.805448000 -0.068881000 0.585587000 0.059967000
1403715377.81244 -0.757291000 -3.334969000 0.718256000 0.806072000 -0.069048000 0.584750000 0.059570000
1403715377.86244 -0.759722000 -3.306468000 0.714639000 0.806631000 -0.069308000 0.583984000 0.059209000
1403715377.91244 -0.762676000 -3.277383000 0.710071000 0.806851000 -0.069332000 0.583697000 0.059013000
1403715377.96244 -0.766167000 -3.247942000 0.705361000 0.806646000 -0.069433000 0.584039000 0.058313000
1403715378.01244 -0.769999000 -3.217895000 0.700685000 0.806617000 -0.070754000 0.584120000 0.056285000
1403715378.06244 -0.773545000 -3.187461000 0.695428000 0.806048000 -0.072333000 0.585000000 0.053199000
1403715378.11244 -0.777755000 -3.156980000 0.690172000 0.805757000 -0.073776000 0.585476000 0.050309000
1403715378.16244 -0.782636000 -3.126286000 0.685006000 0.805363000 -0.075155000 0.586097000 0.047240000
1403715378.21244 -0.787932000 -3.095959000 0.680339000 0.804656000 -0.077026000 0.587080000 0.043974000
1403715378.26244 -0.793697000 -3.066148000 0.675482000 0.805677000 -0.078715000 0.585687000 0.040749000
1403715378.31244 -0.799826000 -3.036923000 0.670377000 0.806902000 -0.080864000 0.583949000 0.037071000
1403715378.36244 -0.806590000 -3.008653000 0.665143000 0.808861000 -0.082811000 0.581151000 0.033911000
1403715378.41244 -0.814300000 -2.981126000 0.659728000 0.811494000 -0.083769000 0.577422000 0.032320000
1403715378.46244 -0.821467000 -2.954665000 0.655121000 0.813535000 -0.083609000 0.574519000 0.033136000
1403715378.51244 -0.829152000 -2.929179000 0.652025000 0.815836000 -0.082143000 0.571317000 0.035506000
1403715378.56244 -0.837113000 -2.904998000 0.649535000 0.817182000 -0.079867000 0.569482000 0.039049000
1403715378.61244 -0.844924000 -2.881337000 0.647366000 0.818136000 -0.078842000 0.568128000 0.040838000
1403715378.66244 -0.852490000 -2.857992000 0.644920000 0.819458000 -0.077691000 0.566239000 0.042735000
1403715378.71244 -0.859096000 -2.835323000 0.642854000 0.820810000 -0.076802000 0.564298000 0.044045000
1403715378.76244 -0.865377000 -2.813315000 0.641037000 0.822356000 -0.076536000 0.562036000 0.044600000
1403715378.81244 -0.870714000 -2.791891000 0.639558000 0.824370000 -0.076661000 0.559068000 0.044487000
1403715378.86244 -0.875371000 -2.770905000 0.638522000 0.825905000 -0.077084000 0.556785000 0.043920000
1403715378.91244 -0.878763000 -2.750487000 0.637793000 0.826985000 -0.077421000 0.555181000 0.043319000
1403715378.96244 -0.880966000 -2.730445000 0.637830000 0.827537000 -0.077910000 0.554321000 0.042905000
1403715379.01243 -0.881961000 -2.711108000 0.638788000 0.827544000 -0.078181000 0.554297000 0.042594000
1403715379.06243 -0.881747000 -2.692538000 0.640056000 0.827298000 -0.077626000 0.554641000 0.043897000
1403715379.11243 -0.880647000 -2.674275000 0.642194000 0.826459000 -0.076408000 0.555942000 0.045341000
1403715379.16243 -0.878545000 -2.656541000 0.645072000 0.824732000 -0.073952000 0.558494000 0.049320000
1403715379.21243 -0.875693000 -2.638984000 0.647972000 0.823794000 -0.071688000 0.559842000 0.052934000
1403715379.26243 -0.872443000 -2.621299000 0.651083000 0.823010000 -0.069459000 0.560938000 0.056375000
1403715379.31243 -0.868226000 -2.603750000 0.654412000 0.822563000 -0.067637000 0.561497000 0.059463000
1403715379.36243 -0.863022000 -2.585729000 0.657467000 0.821983000 -0.065626000 0.562283000 0.062250000
1403715379.41243 -0.857096000 -2.567133000 0.660589000 0.821910000 -0.064401000 0.562280000 0.064486000
1403715379.46243 -0.850544000 -2.547720000 0.663625000 0.822523000 -0.063425000 0.561301000 0.066132000
1403715379.51242 -0.843268000 -2.527759000 0.667116000 0.823083000 -0.062610000 0.560390000 0.067658000
1403715379.56242 -0.835433000 -2.506560000 0.670784000 0.823882000 -0.062947000 0.559195000 0.067506000
1403715379.61242 -0.826170000 -2.484937000 0.674476000 0.824643000 -0.062389000 0.558045000 0.068248000
1403715379.66242 -0.816515000 -2.462173000 0.678497000 0.826094000 -0.062501000 0.555839000 0.068598000
1403715379.71242 -0.805607000 -2.438768000 0.682113000 0.825797000 -0.061665000 0.556252000 0.069575000
1403715379.76242 -0.793689000 -2.414495000 0.685530000 0.825558000 -0.061468000 0.556574000 0.070004000
1403715379.81242 -0.780748000 -2.389296000 0.689723000 0.823998000 -0.060819000 0.558880000 0.070588000
1403715379.86242 -0.766858000 -2.363162000 0.694241000 0.821951000 -0.059654000 0.561832000 0.071994000
1403715379.91242 -0.752119000 -2.335976000 0.698953000 0.819445000 -0.058713000 0.565461000 0.072908000
1403715379.96242 -0.737002000 -2.307922000 0.703599000 0.817525000 -0.058266000 0.568173000 0.073746000
1403715380.01242 -0.721603000 -2.278586000 0.707802000 0.816258000 -0.057468000 0.569866000 0.075320000
1403715380.06242 -0.706021000 -2.247962000 0.711936000 0.814401000 -0.058340000 0.572522000 0.074612000
1403715380.11242 -0.690735000 -2.216205000 0.715621000 0.812894000 -0.061211000 0.574797000 0.071177000
1403715380.16242 -0.675881000 -2.183098000 0.719310000 0.811324000 -0.065102000 0.577181000 0.066152000
1403715380.21242 -0.660936000 -2.149443000 0.723104000 0.810324000 -0.067469000 0.578663000 0.063018000
1403715380.26242 -0.647570000 -2.115122000 0.726486000 0.809993000 -0.070090000 0.579204000 0.059331000
1403715380.31242 -0.633861000 -2.081222000 0.729402000 0.810200000 -0.072226000 0.578911000 0.056759000
1403715380.36242 -0.620426000 -2.047575000 0.731936000 0.810797000 -0.074195000 0.577939000 0.055585000
1403715380.41242 -0.607414000 -2.014211000 0.734352000 0.811836000 -0.074921000 0.576368000 0.055752000
1403715380.46242 -0.593489000 -1.981163000 0.736917000 0.812070000 -0.074336000 0.575972000 0.057197000
1403715380.51242 -0.580076000 -1.948121000 0.739290000 0.811976000 -0.073413000 0.576081000 0.058626000
1403715380.56242 -0.567415000 -1.914990000 0.741461000 0.812075000 -0.072260000 0.575964000 0.059813000
1403715380.61242 -0.555048000 -1.881508000 0.743966000 0.812330000 -0.071229000 0.575680000 0.060325000
1403715380.66242 -0.542703000 -1.847677000 0.746748000 0.812344000 -0.070668000 0.575721000 0.060400000
1403715380.71242 -0.530299000 -1.813554000 0.749754000 0.812076000 -0.070335000 0.576169000 0.060131000
1403715380.76242 -0.517901000 -1.778106000 0.753534000 0.811842000 -0.069881000 0.576524000 0.060411000
1403715380.81242 -0.506000000 -1.742936000 0.757617000 0.811361000 -0.069499000 0.577266000 0.060224000
1403715380.86242 -0.494766000 -1.708084000 0.761125000 0.810805000 -0.069004000 0.578091000 0.060377000
1403715380.91242 -0.484333000 -1.672848000 0.763853000 0.810614000 -0.068420000 0.578363000 0.060988000
1403715380.96242 -0.473845000 -1.637321000 0.766715000 0.810252000 -0.067902000 0.578880000 0.061480000
1403715381.01242 -0.463031000 -1.602140000 0.769516000 0.810336000 -0.067170000 0.578738000 0.062500000
1403715381.06242 -0.453255000 -1.566277000 0.772081000 0.809742000 -0.067568000 0.579460000 0.063074000
1403715381.11242 -0.443890000 -1.529969000 0.773907000 0.809626000 -0.069112000 0.579564000 0.061926000
1403715381.16242 -0.434882000 -1.493325000 0.776082000 0.808995000 -0.071475000 0.580321000 0.060381000
1403715381.21242 -0.425479000 -1.456767000 0.778775000 0.808324000 -0.073689000 0.581101000 0.059195000
1403715381.26241 -0.417218000 -1.420183000 0.780666000 0.807588000 -0.076006000 0.581927000 0.058184000
1403715381.31242 -0.409635000 -1.383471000 0.782774000 0.806941000 -0.078068000 0.582607000 0.057624000
1403715381.36241 -0.402556000 -1.347249000 0.784452000 0.806622000 -0.080826000 0.582781000 0.056526000
1403715381.41241 -0.396282000 -1.311940000 0.785943000 0.805443000 -0.083499000 0.584104000 0.055793000
1403715381.46241 -0.390547000 -1.277076000 0.786964000 0.804727000 -0.085562000 0.584753000 0.056195000
1403715381.51241 -0.385485000 -1.242486000 0.787887000 0.802793000 -0.087239000 0.587081000 0.056995000
1403715381.56241 -0.381299000 -1.208117000 0.787906000 0.802465000 -0.086553000 0.587295000 0.060362000
1403715381.61241 -0.376818000 -1.174189000 0.786676000 0.802735000 -0.086365000 0.586682000 0.062951000
1403715381.66241 -0.373556000 -1.140243000 0.785086000 0.804211000 -0.085633000 0.584430000 0.065979000
1403715381.71241 -0.370803000 -1.106268000 0.783137000 0.806976000 -0.084858000 0.580400000 0.068740000
1403715381.76242 -0.367727000 -1.072730000 0.780852000 0.809790000 -0.083912000 0.576347000 0.070881000
1403715381.81242 -0.365005000 -1.038467000 0.778671000 0.812681000 -0.083148000 0.572180000 0.072435000
1403715381.86242 -0.362308000 -1.003940000 0.776535000 0.816152000 -0.083122000 0.567032000 0.073908000
1403715381.91242 -0.359247000 -0.969854000 0.773612000 0.818798000 -0.084157000 0.562756000 0.076117000
1403715381.96242 -0.355646000 -0.935717000 0.770739000 0.820729000 -0.086634000 0.559034000 0.079876000
1403715382.01242 -0.351275000 -0.901396000 0.768155000 0.821478000 -0.091677000 0.556700000 0.082791000
1403715382.06242 -0.346011000 -0.867101000 0.765792000 0.821859000 -0.097931000 0.554481000 0.086651000
1403715382.11242 -0.339867000 -0.832534000 0.763590000 0.821285000 -0.105940000 0.553357000 0.089795000
1403715382.16242 -0.332962000 -0.797972000 0.761772000 0.820151000 -0.114944000 0.552689000 0.093144000
1403715382.21242 -0.325044000 -0.763871000 0.760994000 0.818515000 -0.124954000 0.552351000 0.096579000
1403715382.26242 -0.316886000 -0.729973000 0.760657000 0.816667000 -0.134572000 0.551931000 0.101570000
1403715382.31242 -0.306979000 -0.696278000 0.760230000 0.814517000 -0.144943000 0.551570000 0.106416000
1403715382.36242 -0.295916000 -0.664113000 0.759878000 0.812230000 -0.154946000 0.551040000 0.112375000
1403715382.41242 -0.284346000 -0.631259000 0.760048000 0.809322000 -0.165213000 0.550988000 0.118808000
1403715382.46242 -0.271944000 -0.598100000 0.759866000 0.807395000 -0.174902000 0.549585000 0.124415000
1403715382.51242 -0.258594000 -0.564989000 0.759478000 0.805116000 -0.183835000 0.548897000 0.129250000
1403715382.56242 -0.244227000 -0.532193000 0.759041000 0.803269000 -0.192032000 0.547801000 0.133403000
1403715382.61242 -0.229312000 -0.499992000 0.758297000 0.801254000 -0.200298000 0.546980000 0.136695000
1403715382.66242 -0.213600000 -0.468549000 0.757142000 0.799637000 -0.207959000 0.545299000 0.141357000
1403715382.71242 -0.197162000 -0.437507000 0.755714000 0.797448000 -0.216317000 0.544255000 0.145158000
1403715382.76242 -0.179850000 -0.407107000 0.753965000 0.796217000 -0.223663000 0.541595000 0.150625000
1403715382.81242 -0.161803000 -0.377027000 0.752343000 0.793901000 -0.230706000 0.540404000 0.156394000
1403715382.86242 -0.143601000 -0.348561000 0.750323000 0.791837000 -0.238363000 0.538611000 0.161479000
1403715382.91242 -0.124028000 -0.320240000 0.748617000 0.789652000 -0.245566000 0.536934000 0.166881000
1403715382.96242 -0.103645000 -0.293819000 0.746376000 0.787653000 -0.253429000 0.534924000 0.170975000
1403715383.01242 -0.082545000 -0.266867000 0.744164000 0.785278000 -0.261333000 0.533399000 0.174722000
1403715383.06242 -0.060749000 -0.240464000 0.741507000 0.783391000 -0.269025000 0.531697000 0.176699000
1403715383.11242 -0.038322000 -0.214742000 0.738708000 0.781598000 -0.275821000 0.530620000 0.177398000
1403715383.16242 -0.014871000 -0.189860000 0.735451000 0.780401000 -0.280947000 0.529418000 0.178210000
1403715383.21242 0.009499000 -0.165908000 0.731937000 0.779696000 -0.286109000 0.527955000 0.177422000
1403715383.26242 0.034914000 -0.143153000 0.728402000 0.779249000 -0.288410000 0.526940000 0.178677000
1403715383.31242 0.060884000 -0.121579000 0.724551000 0.778513000 -0.291267000 0.526655000 0.178089000
1403715383.36242 0.087232000 -0.101178000 0.721381000 0.777521000 -0.293616000 0.527148000 0.177102000
1403715383.41242 0.113822000 -0.082187000 0.718666000 0.776676000 -0.294469000 0.527867000 0.177255000
1403715383.46242 0.140722000 -0.064959000 0.716038000 0.775340000 -0.295546000 0.529225000 0.177259000
1403715383.51242 0.168586000 -0.049673000 0.715025000 0.772592000 -0.297445000 0.531864000 0.178180000
1403715383.56242 0.196161000 -0.036499000 0.712967000 0.769983000 -0.299030000 0.533802000 0.181005000
1403715383.61242 0.224266000 -0.023082000 0.710977000 0.766626000 -0.301238000 0.535870000 0.185427000
1403715383.66241 0.251662000 -0.011230000 0.708200000 0.763678000 -0.305414000 0.536180000 0.189812000
1403715383.71241 0.278284000 -0.000616000 0.705223000 0.760553000 -0.310731000 0.535756000 0.194859000
1403715383.76241 0.304278000 0.008876000 0.701528000 0.756647000 -0.317414000 0.535215000 0.200696000
1403715383.81241 0.329880000 0.017674000 0.697442000 0.752431000 -0.325470000 0.534035000 0.206696000
1403715383.86241 0.354994000 0.025784000 0.693223000 0.748437000 -0.334413000 0.531516000 0.213309000
1403715383.91242 0.379167000 0.033155000 0.688790000 0.743536000 -0.344493000 0.529087000 0.220330000
1403715383.96242 0.402813000 0.039887000 0.684388000 0.738817000 -0.354641000 0.525349000 0.228884000
1403715384.01242 0.426155000 0.046202000 0.679975000 0.733086000 -0.365680000 0.522357000 0.236656000
1403715384.06242 0.448416000 0.052046000 0.676021000 0.727782000 -0.376855000 0.518204000 0.244494000
1403715384.11242 0.469521000 0.058404000 0.671962000 0.721718000 -0.388173000 0.514454000 0.252550000
1403715384.16242 0.489335000 0.061535000 0.668542000 0.715475000 -0.399208000 0.510915000 0.260180000
1403715384.21242 0.509347000 0.066459000 0.667173000 0.709815000 -0.410424000 0.506327000 0.267108000
1403715384.26242 0.528706000 0.070297000 0.665991000 0.703131000 -0.421505000 0.503003000 0.273729000
1403715384.31242 0.547611000 0.073868000 0.664891000 0.696238000 -0.432800000 0.499702000 0.279705000
1403715384.36242 0.565521000 0.076926000 0.664043000 0.689157000 -0.443629000 0.496381000 0.286117000
1403715384.41242 0.582895000 0.079533000 0.663375000 0.682422000 -0.453787000 0.492686000 0.292639000
1403715384.46242 0.599417000 0.081774000 0.662556000 0.675815000 -0.464318000 0.488653000 0.298161000
1403715384.51243 0.615081000 0.083427000 0.661864000 0.669515000 -0.475048000 0.484145000 0.302790000
1403715384.56242 0.629791000 0.084518000 0.661122000 0.664360000 -0.485215000 0.478072000 0.307635000
1403715384.61243 0.643724000 0.084689000 0.660756000 0.658434000 -0.495534000 0.472824000 0.312007000
1403715384.66243 0.656376000 0.084257000 0.660370000 0.652900000 -0.505424000 0.466844000 0.316740000
1403715384.71243 0.668216000 0.082703000 0.660583000 0.647972000 -0.514214000 0.460151000 0.322454000
1403715384.76243 0.678953000 0.080088000 0.661352000 0.641678000 -0.523102000 0.455507000 0.327303000
1403715384.81243 0.688640000 0.076399000 0.662504000 0.635924000 -0.531519000 0.450240000 0.332223000
1403715384.86243 0.697487000 0.071962000 0.663399000 0.630213000 -0.539613000 0.445346000 0.336624000
1403715384.91243 0.705704000 0.066247000 0.665337000 0.624160000 -0.546792000 0.441857000 0.340889000
1403715384.96243 0.713159000 0.059264000 0.667793000 0.618470000 -0.551795000 0.440200000 0.345313000
1403715385.01243 0.720168000 0.051234000 0.670384000 0.614322000 -0.554970000 0.438093000 0.350272000
1403715385.06243 0.726550000 0.042562000 0.673074000 0.611487000 -0.557275000 0.435096000 0.355275000
1403715385.11243 0.732237000 0.032775000 0.676368000 0.608910000 -0.559145000 0.431607000 0.360973000
1403715385.16243 0.737399000 0.022441000 0.681685000 0.606327000 -0.561614000 0.427566000 0.366258000
1403715385.21243 0.742115000 0.011916000 0.686535000 0.603462000 -0.563983000 0.423715000 0.371783000
1403715385.26243 0.746808000 0.000643000 0.690880000 0.601160000 -0.566123000 0.420108000 0.376324000
1403715385.31243 0.751622000 -0.011443000 0.694108000 0.599192000 -0.568482000 0.417046000 0.379301000
1403715385.36244 0.756120000 -0.025131000 0.696207000 0.596936000 -0.570417000 0.415780000 0.381339000
1403715385.41244 0.760747000 -0.039155000 0.697902000 0.595776000 -0.572247000 0.413697000 0.382673000
1403715385.46244 0.765036000 -0.053072000 0.701217000 0.593577000 -0.573904000 0.414272000 0.382987000
1403715385.51244 0.769206000 -0.067455000 0.704531000 0.590909000 -0.575022000 0.416574000 0.382940000
1403715385.56244 0.773221000 -0.082388000 0.707984000 0.587682000 -0.576905000 0.419962000 0.381368000
1403715385.61244 0.776923000 -0.097915000 0.712089000 0.584385000 -0.578890000 0.424379000 0.378527000
1403715385.66244 0.779904000 -0.113466000 0.715835000 0.582356000 -0.581372000 0.427225000 0.374628000
1403715385.71244 0.781720000 -0.129879000 0.718926000 0.580571000 -0.582417000 0.430510000 0.372007000
1403715385.76244 0.782338000 -0.146733000 0.722370000 0.579561000 -0.582369000 0.432815000 0.370979000
1403715385.81244 0.781423000 -0.163825000 0.727110000 0.577982000 -0.581877000 0.435981000 0.370510000
1403715385.86244 0.778783000 -0.181065000 0.732666000 0.577096000 -0.580558000 0.438244000 0.371288000
1403715385.91244 0.774503000 -0.198456000 0.739057000 0.576414000 -0.578090000 0.440180000 0.373900000
1403715385.96244 0.768687000 -0.215258000 0.745986000 0.576716000 -0.573869000 0.440581000 0.379422000
1403715386.01243 0.761739000 -0.232152000 0.753028000 0.577871000 -0.569554000 0.439610000 0.385249000
1403715386.06243 0.753540000 -0.248162000 0.759435000 0.579310000 -0.566294000 0.438035000 0.389662000
1403715386.11243 0.744568000 -0.263189000 0.765682000 0.580605000 -0.563874000 0.436488000 0.392967000
1403715386.16243 0.734865000 -0.277026000 0.771912000 0.582015000 -0.562662000 0.434373000 0.394955000
1403715386.21243 0.724911000 -0.289920000 0.777298000 0.583525000 -0.562173000 0.431933000 0.396099000
1403715386.26243 0.715184000 -0.302213000 0.781189000 0.584480000 -0.562677000 0.429985000 0.396094000
1403715386.31243 0.705409000 -0.313816000 0.784572000 0.584278000 -0.563808000 0.429463000 0.395350000
1403715386.36243 0.695292000 -0.324870000 0.787952000 0.583506000 -0.564016000 0.429901000 0.395716000
1403715386.41244 0.685055000 -0.334990000 0.790379000 0.582050000 -0.563800000 0.431164000 0.396794000
1403715386.46244 0.674800000 -0.344337000 0.792140000 0.580461000 -0.563611000 0.432521000 0.397911000
1403715386.51244 0.664265000 -0.352848000 0.793440000 0.578607000 -0.563401000 0.434475000 0.398780000
1403715386.56244 0.653383000 -0.359812000 0.793645000 0.576336000 -0.564275000 0.437104000 0.397958000
1403715386.61244 0.642197000 -0.365512000 0.793302000 0.574922000 -0.565015000 0.438676000 0.397222000
1403715386.66244 0.630455000 -0.370505000 0.792129000 0.572041000 -0.566297000 0.442392000 0.395431000
1403715386.71244 0.617862000 -0.374266000 0.790578000 0.570397000 -0.567689000 0.444728000 0.393183000
1403715386.76243 0.603837000 -0.376197000 0.788765000 0.569495000 -0.570072000 0.445825000 0.389787000
1403715386.81243 0.588298000 -0.376778000 0.785697000 0.569566000 -0.574241000 0.445902000 0.383423000
1403715386.86243 0.571013000 -0.376606000 0.783173000 0.569391000 -0.578027000 0.446679000 0.377037000
1403715386.91243 0.551698000 -0.375718000 0.780822000 0.569272000 -0.581683000 0.446920000 0.371264000
1403715386.96243 0.530687000 -0.374608000 0.778159000 0.569415000 -0.584363000 0.446913000 0.366818000
1403715387.01243 0.507584000 -0.373481000 0.775114000 0.569905000 -0.586249000 0.446357000 0.363712000
1403715387.06243 0.482195000 -0.372443000 0.772109000 0.571141000 -0.586636000 0.444898000 0.362936000
1403715387.11243 0.454900000 -0.371944000 0.769218000 0.573268000 -0.585147000 0.442649000 0.364732000
1403715387.16243 0.425763000 -0.371886000 0.766512000 0.576053000 -0.583032000 0.439408000 0.367636000
1403715387.21242 0.395590000 -0.372422000 0.763766000 0.579248000 -0.579788000 0.436197000 0.371552000
1403715387.26242 0.363707000 -0.372497000 0.759851000 0.581609000 -0.577492000 0.433915000 0.374100000
1403715387.31242 0.330710000 -0.372551000 0.755819000 0.583518000 -0.575006000 0.432284000 0.376836000
1403715387.36242 0.297274000 -0.372991000 0.751274000 0.585019000 -0.572941000 0.431302000 0.378775000
1403715387.41242 0.263431000 -0.373509000 0.746271000 0.586659000 -0.571105000 0.430059000 0.380420000
1403715387.46242 0.229290000 -0.374029000 0.741011000 0.588177000 -0.569937000 0.429046000 0.380972000
1403715387.51242 0.194766000 -0.374644000 0.735878000 0.590696000 -0.569625000 0.426749000 0.380120000
1403715387.56242 0.159925000 -0.375161000 0.732061000 0.592694000 -0.569829000 0.425024000 0.378634000
1403715387.61242 0.124843000 -0.375864000 0.730127000 0.594418000 -0.571168000 0.423726000 0.375354000
1403715387.66242 0.089338000 -0.377145000 0.731279000 0.596528000 -0.572076000 0.421959000 0.372605000
1403715387.71242 0.053976000 -0.378991000 0.735545000 0.598696000 -0.572143000 0.420438000 0.370739000
1403715387.76242 0.018672000 -0.381622000 0.743025000 0.600508000 -0.572321000 0.419579000 0.368500000
1403715387.81242 -0.016668000 -0.385446000 0.753207000 0.602012000 -0.571905000 0.419351000 0.366949000
1403715387.86242 -0.052874000 -0.390678000 0.765203000 0.603367000 -0.571844000 0.419194000 0.364992000
1403715387.91242 -0.089397000 -0.396830000 0.776280000 0.604383000 -0.571481000 0.419575000 0.363440000
1403715387.96242 -0.126252000 -0.403632000 0.784388000 0.605314000 -0.570832000 0.419900000 0.362533000
1403715388.01242 -0.163525000 -0.411968000 0.789263000 0.605638000 -0.570209000 0.420883000 0.361832000
1403715388.06242 -0.201066000 -0.421227000 0.790976000 0.606535000 -0.568820000 0.421204000 0.362140000
1403715388.11242 -0.238807000 -0.430902000 0.788721000 0.606432000 -0.567520000 0.422494000 0.362848000
1403715388.16242 -0.276604000 -0.442171000 0.782904000 0.606460000 -0.566072000 0.423767000 0.363581000
1403715388.21242 -0.314389000 -0.454407000 0.774309000 0.606149000 -0.563967000 0.425334000 0.365535000
1403715388.26242 -0.352258000 -0.467278000 0.763487000 0.605571000 -0.561703000 0.427171000 0.367831000
1403715388.31242 -0.390877000 -0.480156000 0.750654000 0.605303000 -0.559468000 0.428618000 0.369987000
1403715388.36242 -0.429101000 -0.494004000 0.738457000 0.605207000 -0.557496000 0.429362000 0.372251000
1403715388.41242 -0.467126000 -0.508227000 0.726513000 0.605109000 -0.556382000 0.430212000 0.373096000
1403715388.46242 -0.506104000 -0.522757000 0.713809000 0.605438000 -0.554585000 0.430340000 0.375084000
1403715388.51242 -0.544790000 -0.537573000 0.700492000 0.605609000 -0.554323000 0.430194000 0.375362000
1403715388.56243 -0.582890000 -0.551905000 0.687076000 0.605093000 -0.554236000 0.431242000 0.375121000
1403715388.61243 -0.621225000 -0.566591000 0.674066000 0.604710000 -0.554154000 0.431801000 0.375217000
1403715388.66243 -0.659333000 -0.581332000 0.661441000 0.604515000 -0.553634000 0.432395000 0.375614000
1403715388.71243 -0.697296000 -0.596276000 0.649467000 0.604230000 -0.553009000 0.433281000 0.375971000
1403715388.76243 -0.735164000 -0.611800000 0.637604000 0.604391000 -0.552277000 0.433396000 0.376656000
1403715388.81243 -0.772927000 -0.627386000 0.626323000 0.604420000 -0.551990000 0.433742000 0.376631000
1403715388.86243 -0.810279000 -0.643222000 0.615792000 0.604932000 -0.551274000 0.433826000 0.376762000
1403715388.91243 -0.847376000 -0.659179000 0.607359000 0.605653000 -0.549728000 0.433411000 0.378336000
1403715388.96243 -0.884277000 -0.674903000 0.601242000 0.605922000 -0.548712000 0.433966000 0.378744000
1403715389.01243 -0.920821000 -0.691477000 0.598063000 0.606514000 -0.547699000 0.433967000 0.379262000
1403715389.06243 -0.957083000 -0.707680000 0.598039000 0.606861000 -0.546511000 0.434557000 0.379743000
1403715389.11243 -0.993314000 -0.724139000 0.602296000 0.607981000 -0.545370000 0.434238000 0.379959000
1403715389.16243 -1.029321000 -0.740393000 0.608802000 0.609048000 -0.544098000 0.433822000 0.380548000
1403715389.21243 -1.065073000 -0.756678000 0.615510000 0.609876000 -0.542719000 0.433699000 0.381330000
1403715389.26243 -1.100366000 -0.772515000 0.621823000 0.611334000 -0.540922000 0.432679000 0.382704000
1403715389.31243 -1.134876000 -0.787069000 0.628445000 0.612457000 -0.539834000 0.431847000 0.383384000
1403715389.36243 -1.169021000 -0.800818000 0.634739000 0.613697000 -0.538421000 0.431362000 0.383935000
1403715389.41243 -1.202154000 -0.814984000 0.639940000 0.614720000 -0.537152000 0.430788000 0.384719000
1403715389.46243 -1.234518000 -0.828638000 0.644670000 0.615465000 -0.536604000 0.430633000 0.384466000
1403715389.51243 -1.266370000 -0.842141000 0.648933000 0.615767000 -0.536452000 0.431073000 0.383701000
1403715389.56243 -1.296887000 -0.856013000 0.653215000 0.615319000 -0.536981000 0.432264000 0.382337000
1403715389.61243 -1.326867000 -0.869749000 0.656986000 0.614543000 -0.537392000 0.434824000 0.380100000
1403715389.66243 -1.355651000 -0.883834000 0.659983000 0.614930000 -0.536885000 0.437372000 0.377256000
1403715389.71243 -1.384119000 -0.898077000 0.662230000 0.616115000 -0.535318000 0.440297000 0.374131000
1403715389.76243 -1.411898000 -0.912201000 0.664428000 0.618382000 -0.533079000 0.442954000 0.370435000
1403715389.81243 -1.439223000 -0.926234000 0.666052000 0.621377000 -0.529486000 0.446246000 0.366606000
1403715389.86243 -1.466273000 -0.940125000 0.666526000 0.625725000 -0.525800000 0.448537000 0.361687000
1403715389.91243 -1.493178000 -0.954071000 0.666183000 0.631363000 -0.521482000 0.449914000 0.356391000
1403715389.96243 -1.520000000 -0.968214000 0.665059000 0.637479000 -0.516991000 0.450847000 0.350824000
1403715390.01243 -1.547192000 -0.982418000 0.663372000 0.644639000 -0.512093000 0.450695000 0.345072000
1403715390.06243 -1.573560000 -0.997182000 0.660436000 0.651820000 -0.506738000 0.450758000 0.339357000
1403715390.11243 -1.599100000 -1.012594000 0.655780000 0.658636000 -0.500552000 0.451555000 0.334283000
1403715390.16243 -1.623761000 -1.029826000 0.650603000 0.665984000 -0.493589000 0.451841000 0.329659000
1403715390.21243 -1.648442000 -1.047866000 0.646028000 0.673062000 -0.486162000 0.452670000 0.325153000
1403715390.26243 -1.671616000 -1.066957000 0.640579000 0.680233000 -0.478651000 0.453254000 0.320525000
1403715390.31243 -1.693616000 -1.087274000 0.635749000 0.686060000 -0.470037000 0.455897000 0.317089000
1403715390.36243 -1.714699000 -1.108515000 0.631061000 0.691732000 -0.461582000 0.458712000 0.313102000
1403715390.41243 -1.734701000 -1.130695000 0.626753000 0.697544000 -0.452216000 0.461149000 0.310281000
1403715390.46243 -1.753622000 -1.153933000 0.622347000 0.703461000 -0.441893000 0.463428000 0.308394000
1403715390.51243 -1.771090000 -1.177818000 0.618297000 0.709112000 -0.432036000 0.465870000 0.305728000
1403715390.56243 -1.786880000 -1.202065000 0.614651000 0.714397000 -0.421631000 0.468656000 0.303687000
1403715390.61243 -1.801191000 -1.226575000 0.611357000 0.719093000 -0.411135000 0.472078000 0.301688000
1403715390.66243 -1.813796000 -1.250338000 0.608834000 0.723255000 -0.402547000 0.475653000 0.297678000
1403715390.71243 -1.824444000 -1.273890000 0.606305000 0.726731000 -0.395575000 0.480117000 0.291325000
1403715390.76243 -1.833533000 -1.297674000 0.603340000 0.729234000 -0.391173000 0.485538000 0.281876000
1403715390.81243 -1.840896000 -1.321952000 0.598823000 0.732038000 -0.386460000 0.489485000 0.274178000
1403715390.86243 -1.846804000 -1.346863000 0.594256000 0.734609000 -0.383352000 0.492126000 0.266837000
1403715390.91243 -1.851489000 -1.371850000 0.589897000 0.737091000 -0.380188000 0.493511000 0.261917000
1403715390.96243 -1.855101000 -1.397602000 0.586078000 0.739002000 -0.378340000 0.494668000 0.256982000
1403715391.01243 -1.857801000 -1.423999000 0.582351000 0.740871000 -0.376814000 0.495412000 0.252366000
1403715391.06243 -1.859281000 -1.450668000 0.577907000 0.742568000 -0.374848000 0.496852000 0.247426000
1403715391.11243 -1.860179000 -1.478444000 0.573317000 0.744360000 -0.372581000 0.498598000 0.241892000
1403715391.16243 -1.859703000 -1.507098000 0.569525000 0.745375000 -0.370132000 0.501878000 0.235664000
1403715391.21243 -1.858238000 -1.536736000 0.566917000 0.746649000 -0.367046000 0.504765000 0.230226000
1403715391.26243 -1.856225000 -1.567776000 0.565077000 0.746539000 -0.364323000 0.508889000 0.225786000
1403715391.31243 -1.854346000 -1.600302000 0.563811000 0.746346000 -0.361920000 0.512275000 0.222609000
1403715391.36243 -1.852658000 -1.634279000 0.562694000 0.746536000 -0.359338000 0.514522000 0.220969000
1403715391.41244 -1.850635000 -1.669344000 0.561433000 0.747106000 -0.356903000 0.515692000 0.220258000
1403715391.46244 -1.849275000 -1.705383000 0.559570000 0.747721000 -0.355963000 0.515982000 0.219013000
1403715391.51244 -1.847721000 -1.742833000 0.557178000 0.748344000 -0.354993000 0.515931000 0.218578000
1403715391.56244 -1.845708000 -1.781161000 0.555000000 0.748289000 -0.354502000 0.516891000 0.217290000
1403715391.61244 -1.843575000 -1.820296000 0.552870000 0.748246000 -0.354629000 0.518441000 0.213509000
1403715391.66244 -1.842295000 -1.861007000 0.551720000 0.748228000 -0.353533000 0.520530000 0.210282000
1403715391.71244 -1.840412000 -1.902520000 0.552600000 0.748771000 -0.350523000 0.522581000 0.208289000
1403715391.76244 -1.838595000 -1.944947000 0.556383000 0.749670000 -0.346374000 0.524866000 0.206242000
1403715391.81244 -1.836969000 -1.988708000 0.563153000 0.751675000 -0.339940000 0.526310000 0.205970000
1403715391.86244 -1.835277000 -2.033533000 0.572672000 0.754788000 -0.332077000 0.526685000 0.206453000
1403715391.91244 -1.833972000 -2.079094000 0.584128000 0.757691000 -0.324860000 0.527120000 0.206192000
1403715391.96244 -1.832570000 -2.124865000 0.597287000 0.761077000 -0.318894000 0.526144000 0.205528000
1403715392.01244 -1.830623000 -2.170754000 0.610253000 0.765155000 -0.314978000 0.523313000 0.203640000
1403715392.06244 -1.828436000 -2.217392000 0.623392000 0.768099000 -0.311431000 0.521776000 0.201952000
1403715392.11244 -1.825165000 -2.264249000 0.636084000 0.770235000 -0.309468000 0.520567000 0.199947000
1403715392.16244 -1.821134000 -2.311524000 0.648761000 0.771988000 -0.307329000 0.519814000 0.198437000
1403715392.21244 -1.816348000 -2.359480000 0.661306000 0.772806000 -0.304620000 0.520941000 0.196465000
1403715392.26243 -1.810333000 -2.407830000 0.674227000 0.773357000 -0.300287000 0.523314000 0.194654000
1403715392.31243 -1.803258000 -2.456456000 0.687041000 0.773900000 -0.295088000 0.526536000 0.191735000
1403715392.36243 -1.795182000 -2.505503000 0.700073000 0.773581000 -0.287299000 0.531975000 0.189825000
1403715392.41243 -1.786786000 -2.554221000 0.713585000 0.771336000 -0.278745000 0.540603000 0.187325000
1403715392.46243 -1.778557000 -2.603218000 0.726900000 0.767950000 -0.269087000 0.550960000 0.185171000
1403715392.51243 -1.770164000 -2.651767000 0.739329000 0.766462000 -0.258460000 0.558730000 0.183182000
1403715392.56243 -1.762147000 -2.699418000 0.750225000 0.767315000 -0.248528000 0.563257000 0.179449000
1403715392.61243 -1.754332000 -2.745590000 0.759647000 0.770292000 -0.239083000 0.564714000 0.174895000
1403715392.66244 -1.747694000 -2.790954000 0.768118000 0.772552000 -0.229364000 0.567299000 0.169490000
1403715392.71244 -1.741578000 -2.834789000 0.775873000 0.774352000 -0.219722000 0.570310000 0.163856000
1403715392.76244 -1.735900000 -2.876496000 0.783397000 0.777232000 -0.210356000 0.571611000 0.157864000
1403715392.81244 -1.730574000 -2.917342000 0.788770000 0.781948000 -0.200739000 0.570359000 0.151500000
1403715392.86244 -1.725484000 -2.957005000 0.793275000 0.787899000 -0.191712000 0.567189000 0.144074000
1403715392.91244 -1.720199000 -2.995538000 0.797877000 0.793263000 -0.181973000 0.564663000 0.137024000
1403715392.96244 -1.715034000 -3.032926000 0.802089000 0.798638000 -0.171369000 0.561975000 0.130365000
1403715393.01244 -1.709221000 -3.069744000 0.806215000 0.802873000 -0.160514000 0.560688000 0.123531000
1403715393.06244 -1.703605000 -3.105537000 0.810594000 0.806252000 -0.150356000 0.560401000 0.115333000
1403715393.11243 -1.696732000 -3.140602000 0.814397000 0.809141000 -0.138332000 0.560619000 0.108913000
1403715393.16243 -1.690180000 -3.174515000 0.818000000 0.811186000 -0.124768000 0.561781000 0.103986000
1403715393.21243 -1.683150000 -3.207642000 0.820754000 0.812774000 -0.110398000 0.563374000 0.099097000
1403715393.26243 -1.675366000 -3.240129000 0.822068000 0.813118000 -0.096510000 0.566475000 0.092908000
1403715393.31243 -1.667396000 -3.270299000 0.824122000 0.813178000 -0.082313000 0.569652000 0.086394000
1403715393.36243 -1.659218000 -3.298816000 0.825894000 0.813372000 -0.068341000 0.572248000 0.079300000
1403715393.41243 -1.651219000 -3.326158000 0.827579000 0.813683000 -0.053787000 0.574222000 0.072772000
1403715393.46243 -1.642868000 -3.351653000 0.828334000 0.813931000 -0.039093000 0.575834000 0.066350000
1403715393.51243 -1.634976000 -3.375318000 0.829033000 0.813383000 -0.024824000 0.578173000 0.059227000
1403715393.56243 -1.627202000 -3.396231000 0.829542000 0.812746000 -0.010126000 0.580160000 0.052495000
1403715393.61243 -1.619479000 -3.414194000 0.829221000 0.812183000 0.003550000 0.581734000 0.043940000
1403715393.66243 -1.612865000 -3.430366000 0.828765000 0.811970000 0.015043000 0.582612000 0.032283000
1403715393.71243 -1.606553000 -3.444151000 0.828371000 0.812810000 0.025534000 0.581653000 0.019172000
1403715393.76243 -1.600322000 -3.455640000 0.827093000 0.813969000 0.035345000 0.579807000 0.005423000
1403715393.81242 -1.594668000 -3.466344000 0.825305000 -0.815429000 -0.045786000 -0.576996000 0.007364000
1403715393.86243 -1.588420000 -3.475427000 0.824264000 -0.816461000 -0.055712000 -0.574344000 0.020398000
1403715393.91243 -1.583444000 -3.484565000 0.823893000 -0.816599000 -0.067490000 -0.572438000 0.030444000
1403715393.96243 -1.578010000 -3.491770000 0.822304000 -0.816713000 -0.078050000 -0.570210000 0.041809000
1403715394.01243 -1.573335000 -3.498278000 0.820669000 -0.815743000 -0.088853000 -0.569098000 0.052885000
1403715394.06243 -1.568806000 -3.504117000 0.819148000 -0.814395000 -0.100344000 -0.568065000 0.063203000
1403715394.11243 -1.564512000 -3.509440000 0.817214000 -0.813008000 -0.112455000 -0.566591000 0.073119000
1403715394.16243 -1.560690000 -3.514463000 0.815589000 -0.810715000 -0.125908000 -0.565895000 0.081558000
1403715394.21243 -1.557630000 -3.518842000 0.813926000 -0.808515000 -0.139315000 -0.564471000 0.090922000
1403715394.26243 -1.553714000 -3.521909000 0.811725000 -0.806050000 -0.153020000 -0.562911000 0.099997000
1403715394.31243 -1.549708000 -3.524384000 0.809844000 -0.802667000 -0.166046000 -0.562173000 0.110072000
1403715394.36243 -1.545419000 -3.525770000 0.807540000 -0.798070000 -0.180493000 -0.562585000 0.118343000
1403715394.41243 -1.541407000 -3.526410000 0.805210000 -0.793245000 -0.194858000 -0.562743000 0.126935000
1403715394.46243 -1.537781000 -3.526614000 0.805168000 -0.787470000 -0.209105000 -0.563851000 0.135046000
1403715394.51243 -1.535608000 -3.526873000 0.804926000 -0.781924000 -0.223464000 -0.564131000 0.142882000
1403715394.56243 -1.534520000 -3.526137000 0.803848000 -0.776922000 -0.237383000 -0.563076000 0.151615000
1403715394.61242 -1.534708000 -3.525622000 0.802352000 -0.772328000 -0.250472000 -0.560899000 0.161759000
1403715394.66242 -1.536738000 -3.524339000 0.801348000 -0.768351000 -0.263050000 -0.557281000 0.172856000
1403715394.71242 -1.540088000 -3.522715000 0.799933000 -0.764503000 -0.275843000 -0.552899000 0.183705000
1403715394.76242 -1.544443000 -3.520492000 0.798396000 -0.761420000 -0.289220000 -0.546781000 0.193965000
1403715394.81242 -1.549340000 -3.517823000 0.796997000 -0.758063000 -0.302887000 -0.540397000 0.203890000
1403715394.86242 -1.556208000 -3.515844000 0.795953000 -0.753910000 -0.316996000 -0.534131000 0.214095000
1403715394.91242 -1.562492000 -3.512968000 0.794826000 -0.749208000 -0.331990000 -0.527594000 0.223862000
1403715394.96242 -1.569441000 -3.509968000 0.794484000 -0.743527000 -0.347068000 -0.521416000 0.234171000
1403715395.01242 -1.576881000 -3.506736000 0.793734000 -0.737122000 -0.362820000 -0.515379000 0.243716000
1403715395.06242 -1.584847000 -3.502636000 0.792854000 -0.730128000 -0.378270000 -0.509346000 0.253753000
1403715395.11242 -1.593043000 -3.497339000 0.791808000 -0.722764000 -0.393030000 -0.503522000 0.263827000
1403715395.16242 -1.601025000 -3.490880000 0.790356000 -0.715446000 -0.407386000 -0.497733000 0.272830000
1403715395.21242 -1.608803000 -3.484010000 0.787954000 -0.708974000 -0.420279000 -0.490884000 0.282407000
1403715395.26242 -1.617031000 -3.477087000 0.785761000 -0.701814000 -0.432859000 -0.485392000 0.290664000
1403715395.31242 -1.625457000 -3.468826000 0.782747000 -0.694497000 -0.444867000 -0.480490000 0.298154000
1403715395.36242 -1.634089000 -3.460503000 0.779257000 -0.687667000 -0.456017000 -0.475553000 0.304979000
1403715395.41242 -1.643201000 -3.452327000 0.775183000 -0.681275000 -0.466295000 -0.470354000 0.311769000
1403715395.46242 -1.654975000 -3.445007000 0.771396000 -0.675492000 -0.475776000 -0.464657000 0.318498000
1403715395.51242 -1.664865000 -3.436453000 0.767154000 -0.669953000 -0.484730000 -0.459073000 0.324733000
1403715395.56242 -1.675022000 -3.427556000 0.762166000 -0.664325000 -0.492937000 -0.453837000 0.331236000
1403715395.61242 -1.685567000 -3.418438000 0.756475000 -0.659191000 -0.499921000 -0.448851000 0.337757000
1403715395.66242 -1.696234000 -3.409523000 0.751203000 -0.653629000 -0.507159000 -0.444768000 0.343134000
1403715395.71242 -1.706782000 -3.399327000 0.744571000 -0.648164000 -0.515095000 -0.440820000 0.346754000
1403715395.76242 -1.717314000 -3.388353000 0.736821000 -0.641886000 -0.522029000 -0.438269000 0.351267000
1403715395.81242 -1.727668000 -3.376426000 0.728661000 -0.636018000 -0.528980000 -0.436125000 0.354198000
1403715395.86243 -1.737852000 -3.363542000 0.720200000 -0.632310000 -0.533396000 -0.432370000 0.358787000
1403715395.91243 -1.748177000 -3.350145000 0.711390000 -0.629838000 -0.536341000 -0.428679000 0.363148000
1403715395.96243 -1.758597000 -3.336226000 0.702628000 -0.628845000 -0.537439000 -0.424508000 0.368112000
1403715396.01243 -1.768944000 -3.321729000 0.693891000 -0.628660000 -0.537291000 -0.420287000 0.373449000
1403715396.06243 -1.779532000 -3.307020000 0.685051000 -0.629284000 -0.535192000 -0.416366000 0.379752000
1403715396.11243 -1.788090000 -3.292849000 0.677705000 -0.630242000 -0.532955000 -0.413285000 0.384640000
1403715396.16243 -1.795341000 -3.278890000 0.671186000 -0.630730000 -0.530424000 -0.411943000 0.388757000
1403715396.21243 -1.801308000 -3.265247000 0.665371000 -0.630811000 -0.528809000 -0.412061000 0.390698000
1403715396.26243 -1.805846000 -3.251469000 0.660217000 -0.629780000 -0.528613000 -0.414651000 0.389885000
1403715396.31243 -1.808665000 -3.237159000 0.655096000 -0.627955000 -0.530154000 -0.418540000 0.386566000
1403715396.36243 -1.810559000 -3.222565000 0.650167000 -0.625335000 -0.532075000 -0.423811000 0.382410000
1403715396.41243 -1.813802000 -3.208387000 0.646479000 -0.623550000 -0.533337000 -0.427506000 0.379440000
1403715396.46243 -1.814796000 -3.193946000 0.641169000 -0.621833000 -0.535578000 -0.430733000 0.375432000
1403715396.51243 -1.816070000 -3.179578000 0.635941000 -0.619112000 -0.538115000 -0.433317000 0.373321000
1403715396.56243 -1.817790000 -3.165173000 0.630806000 -0.616466000 -0.540130000 -0.434685000 0.373200000
1403715396.61242 -1.820244000 -3.150655000 0.625438000 -0.613465000 -0.543173000 -0.435059000 0.373294000
1403715396.66242 -1.823363000 -3.135793000 0.619396000 -0.609460000 -0.546049000 -0.435052000 0.375659000
1403715396.71242 -1.826783000 -3.121591000 0.612202000 -0.606184000 -0.548991000 -0.433632000 0.378302000
1403715396.76242 -1.830966000 -3.107652000 0.604607000 -0.604501000 -0.551756000 -0.430203000 0.380880000
1403715396.81242 -1.835653000 -3.093940000 0.597011000 -0.603323000 -0.554169000 -0.426103000 0.383842000
1403715396.86242 -1.840610000 -3.079912000 0.588501000 -0.602490000 -0.557210000 -0.421911000 0.385375000
1403715396.91242 -1.845746000 -3.066034000 0.580063000 -0.601985000 -0.560121000 -0.417873000 0.386342000
1403715396.96242 -1.850866000 -3.052179000 0.571082000 -0.602376000 -0.564419000 -0.413040000 0.384670000
1403715397.01242 -1.856681000 -3.039658000 0.563908000 -0.603742000 -0.567704000 -0.407574000 0.383524000
1403715397.06242 -1.861974000 -3.025760000 0.556295000 -0.604977000 -0.571215000 -0.402728000 0.381479000
1403715397.11242 -1.867147000 -3.011157000 0.548355000 -0.605846000 -0.573456000 -0.398655000 0.381016000
1403715397.16242 -1.872094000 -2.995117000 0.539979000 -0.607145000 -0.574485000 -0.394319000 0.381908000
1403715397.21242 -1.876997000 -2.977659000 0.531449000 -0.609060000 -0.573965000 -0.389614000 0.384462000
1403715397.26242 -1.881369000 -2.959371000 0.522814000 -0.611500000 -0.572505000 -0.384361000 0.388036000
1403715397.31242 -1.884962000 -2.939351000 0.514557000 -0.613426000 -0.569955000 -0.380656000 0.392379000
1403715397.36242 -1.887336000 -2.918027000 0.505927000 -0.614794000 -0.567869000 -0.377915000 0.395895000
1403715397.41242 -1.888388000 -2.895414000 0.497339000 -0.615805000 -0.566502000 -0.375931000 0.398165000
1403715397.46242 -1.887870000 -2.871254000 0.488780000 -0.616598000 -0.565823000 -0.373995000 0.399725000
1403715397.51242 -1.885671000 -2.845879000 0.480867000 -0.616946000 -0.565514000 -0.373213000 0.400353000
1403715397.56242 -1.881736000 -2.819107000 0.473291000 -0.616645000 -0.564770000 -0.373120000 0.401951000
1403715397.61241 -1.875215000 -2.789188000 0.465466000 -0.616073000 -0.563706000 -0.373688000 0.403790000
1403715397.66241 -1.867930000 -2.759872000 0.460421000 -0.614277000 -0.562722000 -0.376278000 0.405490000
1403715397.71241 -1.859001000 -2.729732000 0.456536000 -0.611343000 -0.561300000 -0.380424000 0.408019000
1403715397.76241 -1.848710000 -2.699015000 0.453463000 -0.608697000 -0.560554000 -0.384724000 0.408968000
1403715397.81241 -1.837263000 -2.668111000 0.451100000 -0.606455000 -0.559376000 -0.388506000 0.410334000
1403715397.86241 -1.824613000 -2.636844000 0.449221000 -0.604540000 -0.558812000 -0.391902000 0.410698000
1403715397.91241 -1.810840000 -2.605699000 0.448088000 -0.602118000 -0.558909000 -0.396268000 0.409936000
1403715397.96241 -1.796407000 -2.574645000 0.448411000 -0.598665000 -0.557707000 -0.402310000 0.410743000
1403715398.01242 -1.781425000 -2.543950000 0.448389000 -0.594851000 -0.556384000 -0.408938000 0.411532000
1403715398.06242 -1.766043000 -2.514099000 0.448018000 -0.591418000 -0.554804000 -0.414979000 0.412565000
1403715398.11242 -1.750485000 -2.485125000 0.446577000 -0.588685000 -0.553337000 -0.419948000 0.413416000
1403715398.16242 -1.734649000 -2.457083000 0.443998000 -0.586359000 -0.552071000 -0.424301000 0.413967000
1403715398.21243 -1.719123000 -2.430819000 0.440420000 -0.585462000 -0.551585000 -0.426814000 0.413302000
1403715398.26243 -1.703827000 -2.406514000 0.435882000 -0.586045000 -0.551554000 -0.427528000 0.411776000
1403715398.31243 -1.688930000 -2.383569000 0.429763000 -0.587244000 -0.552485000 -0.427705000 0.408624000
1403715398.36243 -1.674196000 -2.362118000 0.423306000 -0.588340000 -0.552905000 -0.428089000 0.406069000
1403715398.41243 -1.659833000 -2.341926000 0.417123000 -0.590333000 -0.552069000 -0.427019000 0.405440000
1403715398.46243 -1.645558000 -2.322900000 0.410825000 -0.591399000 -0.552698000 -0.427465000 0.402549000
1403715398.51243 -1.631720000 -2.304518000 0.403968000 -0.592353000 -0.552941000 -0.428291000 0.399927000
1403715398.56243 -1.618501000 -2.287227000 0.397873000 -0.592573000 -0.553045000 -0.429865000 0.397762000
1403715398.61244 -1.605965000 -2.270959000 0.392975000 -0.591937000 -0.551560000 -0.432592000 0.397813000
1403715398.66244 -1.594091000 -2.256137000 0.389091000 -0.589943000 -0.550869000 -0.437129000 0.396773000
1403715398.71244 -1.582968000 -2.242483000 0.385506000 -0.586728000 -0.550549000 -0.443171000 0.395278000
1403715398.76244 -1.572817000 -2.230307000 0.382363000 -0.583510000 -0.550508000 -0.449359000 0.393107000
1403715398.81245 -1.564343000 -2.220766000 0.380709000 -0.581065000 -0.550767000 -0.453897000 0.391147000
1403715398.86245 -1.557471000 -2.211756000 0.377577000 -0.579232000 -0.551343000 -0.457194000 0.389211000
1403715398.91244 -1.552345000 -2.204129000 0.374102000 -0.578075000 -0.551756000 -0.459239000 0.387936000
1403715398.96244 -1.549572000 -2.197726000 0.370584000 -0.577691000 -0.551888000 -0.459793000 0.387663000
1403715399.01244 -1.548634000 -2.193126000 0.367970000 -0.576781000 -0.552005000 -0.460656000 0.387828000
1403715399.06244 -1.549542000 -2.190611000 0.366018000 -0.577162000 -0.552096000 -0.459370000 0.388655000
1403715399.11244 -1.552354000 -2.189857000 0.364029000 -0.578448000 -0.552556000 -0.456400000 0.389589000
1403715399.16244 -1.557009000 -2.190562000 0.361841000 -0.579857000 -0.552020000 -0.452998000 0.392216000
1403715399.21244 -1.563142000 -2.192837000 0.360170000 -0.580418000 -0.552132000 -0.450621000 0.393961000
1403715399.26244 -1.570528000 -2.197241000 0.359381000 -0.580535000 -0.551739000 -0.448961000 0.396229000
1403715399.31244 -1.579073000 -2.203199000 0.358244000 -0.580719000 -0.553267000 -0.447394000 0.395599000
1403715399.36244 -1.588626000 -2.210684000 0.357156000 -0.581494000 -0.555176000 -0.445454000 0.393974000
1403715399.41244 -1.599157000 -2.220012000 0.357067000 -0.582638000 -0.558058000 -0.443082000 0.390874000
1403715399.46244 -1.611114000 -2.230067000 0.356652000 -0.583132000 -0.560271000 -0.441649000 0.388586000
1403715399.51244 -1.624418000 -2.241373000 0.357097000 -0.582847000 -0.562358000 -0.441935000 0.385663000
1403715399.56244 -1.639025000 -2.254034000 0.356664000 -0.585118000 -0.565065000 -0.438822000 0.381804000
1403715399.61244 -1.655053000 -2.266972000 0.355018000 -0.590612000 -0.566557000 -0.431604000 0.379353000
1403715399.66244 -1.672295000 -2.279943000 0.353406000 -0.595914000 -0.567684000 -0.424860000 0.376982000
1403715399.71244 -1.690608000 -2.292391000 0.352127000 -0.600812000 -0.568373000 -0.418882000 0.374854000
1403715399.76243 -1.709548000 -2.303926000 0.351974000 -0.604424000 -0.568818000 -0.414952000 0.372736000
1403715399.81243 -1.729247000 -2.315003000 0.353163000 -0.607277000 -0.568805000 -0.412241000 0.371123000
1403715399.86243 -1.749478000 -2.325199000 0.354673000 -0.609019000 -0.568996000 -0.410696000 0.369687000
1403715399.91243 -1.770129000 -2.334122000 0.356867000 -0.610403000 -0.569258000 -0.409829000 0.367960000
1403715399.96243 -1.791060000 -2.341500000 0.359494000 -0.611954000 -0.568892000 -0.410165000 0.365566000
1403715400.01242 -1.812272000 -2.346621000 0.361833000 -0.613294000 -0.567522000 -0.412479000 0.362836000
1403715400.06242 -1.833923000 -2.350689000 0.365827000 -0.614692000 -0.564899000 -0.416065000 0.360463000
1403715400.11242 -1.855987000 -2.352748000 0.369365000 -0.616313000 -0.561643000 -0.420537000 0.357581000
1403715400.16242 -1.878366000 -2.353143000 0.372597000 -0.619243000 -0.557498000 -0.424625000 0.354156000
1403715400.21242 -1.901309000 -2.350725000 0.376514000 -0.622444000 -0.552650000 -0.429680000 0.350022000
1403715400.26242 -1.925104000 -2.348840000 0.380685000 -0.625214000 -0.549054000 -0.435960000 0.342909000
1403715400.31242 -1.949882000 -2.345531000 0.384766000 -0.629095000 -0.544301000 -0.441581000 0.336129000
1403715400.36242 -1.975851000 -2.340917000 0.388451000 -0.633185000 -0.538937000 -0.447602000 0.329053000
1403715400.41242 -2.003155000 -2.335316000 0.392056000 -0.638862000 -0.532656000 -0.452148000 0.322017000
1403715400.46242 -2.031717000 -2.328276000 0.395563000 -0.645622000 -0.523969000 -0.455856000 0.317529000
1403715400.51242 -2.061647000 -2.319894000 0.398771000 -0.653702000 -0.514005000 -0.458381000 0.313623000
1403715400.56242 -2.092884000 -2.310275000 0.401311000 -0.662394000 -0.503589000 -0.460506000 0.309139000
1403715400.61242 -2.125000000 -2.299428000 0.403143000 -0.671758000 -0.491752000 -0.462353000 0.305206000
1403715400.66242 -2.157544000 -2.287604000 0.404515000 -0.681572000 -0.479898000 -0.463894000 0.299935000
1403715400.71242 -2.190360000 -2.275440000 0.406702000 -0.690981000 -0.467755000 -0.465995000 0.294276000
1403715400.76242 -2.223225000 -2.261850000 0.408241000 -0.700559000 -0.454967000 -0.467870000 0.288651000
1403715400.81242 -2.255525000 -2.246381000 0.409262000 -0.709533000 -0.440869000 -0.470260000 0.284699000
1403715400.86242 -2.287999000 -2.229624000 0.409412000 -0.718175000 -0.426217000 -0.472731000 0.281227000
1403715400.91242 -2.320184000 -2.211687000 0.408596000 -0.726692000 -0.413645000 -0.473364000 0.277026000
1403715400.96242 -2.351691000 -2.192389000 0.407097000 -0.734222000 -0.402661000 -0.473262000 0.273506000
1403715401.01242 -2.382077000 -2.172180000 0.405644000 -0.740896000 -0.392986000 -0.472918000 0.270154000
1403715401.06242 -2.411030000 -2.150996000 0.404357000 -0.746258000 -0.386413000 -0.472640000 0.265322000
1403715401.11242 -2.438408000 -2.129276000 0.404682000 -0.750101000 -0.381069000 -0.473038000 0.261475000
1403715401.16241 -2.464203000 -2.106389000 0.405486000 -0.752928000 -0.377429000 -0.474203000 0.256474000
1403715401.21241 -2.488218000 -2.081745000 0.405709000 -0.754440000 -0.375830000 -0.476055000 0.250884000
1403715401.26241 -2.510336000 -2.054727000 0.404492000 -0.754992000 -0.375191000 -0.478374000 0.245716000
1403715401.31241 -2.530898000 -2.026656000 0.403083000 -0.755500000 -0.374627000 -0.480298000 0.241223000
1403715401.36241 -2.550445000 -1.996370000 0.403753000 -0.755169000 -0.372987000 -0.482779000 0.239844000
1403715401.41241 -2.568509000 -1.964536000 0.405415000 -0.754269000 -0.371311000 -0.485377000 0.240033000
1403715401.46241 -2.585170000 -1.931456000 0.408251000 -0.753165000 -0.370212000 -0.487966000 0.239947000
1403715401.51241 -2.600340000 -1.897710000 0.412440000 -0.751936000 -0.368436000 -0.490349000 0.241669000
1403715401.56241 -2.614324000 -1.863501000 0.417280000 -0.751191000 -0.365968000 -0.492022000 0.244323000
1403715401.61240 -2.627001000 -1.828229000 0.423200000 -0.749241000 -0.362797000 -0.495106000 0.248768000
1403715401.66240 -2.638823000 -1.792215000 0.429777000 -0.747750000 -0.359829000 -0.498026000 0.251721000
1403715401.71240 -2.649523000 -1.755481000 0.436903000 -0.746959000 -0.353203000 -0.501064000 0.257361000
1403715401.76240 -2.659079000 -1.718597000 0.443101000 -0.747576000 -0.344806000 -0.503028000 0.263064000
1403715401.81240 -2.667285000 -1.682274000 0.449114000 -0.747916000 -0.338743000 -0.505911000 0.264439000
1403715401.86241 -2.674290000 -1.647163000 0.454630000 -0.748774000 -0.333348000 -0.508263000 0.264358000
1403715401.91241 -2.680236000 -1.613408000 0.459279000 -0.748718000 -0.332042000 -0.510890000 0.261078000
1403715401.96241 -2.684384000 -1.580020000 0.463210000 -0.747950000 -0.333069000 -0.513890000 0.256033000
1403715402.01241 -2.688488000 -1.547971000 0.466285000 -0.746833000 -0.334881000 -0.516712000 0.251206000
1403715402.06241 -2.691673000 -1.516150000 0.469580000 -0.745884000 -0.337169000 -0.518583000 0.247075000
1403715402.11241 -2.693306000 -1.484297000 0.471701000 -0.742782000 -0.338027000 -0.522845000 0.246265000
1403715402.16241 -2.694448000 -1.453219000 0.474211000 -0.737411000 -0.337425000 -0.530340000 0.247203000
1403715402.21241 -2.695108000 -1.424245000 0.475903000 -0.733700000 -0.335620000 -0.536155000 0.248156000
1403715402.26241 -2.697191000 -1.395257000 0.477528000 -0.732023000 -0.333326000 -0.540019000 0.247820000
1403715402.31240 -2.699986000 -1.367626000 0.477363000 -0.732643000 -0.332771000 -0.541496000 0.243474000
1403715402.36240 -2.703126000 -1.341435000 0.476895000 -0.735347000 -0.332225000 -0.541341000 0.236306000
1403715402.41240 -2.706953000 -1.316640000 0.477677000 -0.737467000 -0.330116000 -0.543031000 0.228653000
1403715402.46240 -2.710990000 -1.292705000 0.477672000 -0.739260000 -0.327155000 -0.546066000 0.219717000
1403715402.51240 -2.714873000 -1.270407000 0.479159000 -0.739003000 -0.324086000 -0.551530000 0.211321000
1403715402.56240 -2.720500000 -1.246477000 0.479180000 -0.739627000 -0.320656000 -0.555128000 0.204852000
1403715402.61240 -2.727938000 -1.222399000 0.481689000 -0.738967000 -0.316983000 -0.559760000 0.200292000
1403715402.66240 -2.736672000 -1.198018000 0.482052000 -0.738948000 -0.313749000 -0.563056000 0.196177000
1403715402.71240 -2.747641000 -1.173020000 0.482311000 -0.739603000 -0.310114000 -0.564999000 0.193887000
1403715402.76240 -2.760654000 -1.147828000 0.481753000 -0.744186000 -0.304432000 -0.561563000 0.195335000
1403715402.81240 -2.776656000 -1.123398000 0.481793000 -0.748825000 -0.298580000 -0.557633000 0.197878000
1403715402.86240 -2.794155000 -1.098431000 0.482471000 -0.753176000 -0.293305000 -0.553461000 0.200944000
1403715402.91240 -2.811692000 -1.074139000 0.482693000 -0.757654000 -0.288247000 -0.548879000 0.203975000
1403715402.96240 -2.829440000 -1.049686000 0.482233000 -0.762641000 -0.283998000 -0.543401000 0.206008000
1403715403.01240 -2.847127000 -1.025455000 0.481935000 -0.768425000 -0.280004000 -0.536411000 0.208285000
1403715403.06240 -2.863897000 -1.001778000 0.481201000 -0.774117000 -0.277852000 -0.529388000 0.208059000
1403715403.11240 -2.879609000 -0.978605000 0.480976000 -0.779217000 -0.275753000 -0.522870000 0.208296000
1403715403.16240 -2.894142000 -0.955795000 0.481334000 -0.783404000 -0.274645000 -0.517246000 0.208099000
1403715403.21239 -2.906217000 -0.932666000 0.481596000 -0.785993000 -0.273571000 -0.513866000 0.208124000
1403715403.26239 -2.916417000 -0.909663000 0.482757000 -0.787529000 -0.274924000 -0.511758000 0.205715000
1403715403.31239 -2.925783000 -0.887355000 0.484849000 -0.787783000 -0.276809000 -0.511375000 0.203151000
1403715403.36239 -2.933425000 -0.865340000 0.487622000 -0.787064000 -0.277947000 -0.512933000 0.200436000
1403715403.41239 -2.939143000 -0.843337000 0.490836000 -0.786436000 -0.277828000 -0.515093000 0.197508000
1403715403.46239 -2.942988000 -0.820823000 0.494328000 -0.786128000 -0.276191000 -0.517592000 0.194473000
1403715403.51239 -2.944821000 -0.798272000 0.497689000 -0.786143000 -0.272565000 -0.520716000 0.191159000
1403715403.56239 -2.945119000 -0.775825000 0.500895000 -0.787224000 -0.266973000 -0.523118000 0.188022000
1403715403.61239 -2.943882000 -0.753357000 0.502896000 -0.789684000 -0.260771000 -0.524189000 0.183367000
1403715403.66239 -2.941668000 -0.731214000 0.504625000 -0.792539000 -0.253637000 -0.525179000 0.178147000
1403715403.71238 -2.938060000 -0.708995000 0.505843000 -0.796792000 -0.245564000 -0.524360000 0.172824000
1403715403.76238 -2.932658000 -0.686770000 0.506879000 -0.801384000 -0.235660000 -0.523269000 0.168637000
1403715403.81238 -2.925010000 -0.664507000 0.508840000 -0.805485000 -0.225159000 -0.522968000 0.164323000
1403715403.86238 -2.916034000 -0.642126000 0.510984000 -0.808786000 -0.214592000 -0.523794000 0.159548000
1403715403.91238 -2.904949000 -0.619793000 0.514313000 -0.811929000 -0.204409000 -0.524712000 0.153837000
1403715403.96238 -2.891771000 -0.597223000 0.517069000 -0.814519000 -0.194056000 -0.526246000 0.148210000
1403715404.01238 -2.876738000 -0.574868000 0.520281000 -0.816258000 -0.184605000 -0.528797000 0.141483000
1403715404.06238 -2.860254000 -0.552630000 0.524740000 -0.816372000 -0.175087000 -0.533647000 0.134543000
1403715404.11238 -2.842319000 -0.530684000 0.529240000 -0.816117000 -0.166756000 -0.538662000 0.126450000
1403715404.16238 -2.823017000 -0.508287000 0.534066000 -0.814879000 -0.160197000 -0.544916000 0.115652000
1403715404.21238 -2.803377000 -0.486029000 0.538688000 -0.814102000 -0.153594000 -0.549998000 0.105583000
1403715404.26238 -2.783036000 -0.463648000 0.542352000 -0.812746000 -0.148744000 -0.555136000 0.095613000
1403715404.31238 -2.762240000 -0.440559000 0.545202000 -0.812200000 -0.144809000 -0.558517000 0.086141000
1403715404.36238 -2.741298000 -0.416433000 0.547503000 -0.812379000 -0.140644000 -0.560242000 0.079929000
1403715404.41238 -2.720221000 -0.390831000 0.548988000 -0.812127000 -0.137554000 -0.562199000 0.073896000
1403715404.46238 -2.699644000 -0.364616000 0.550898000 -0.811461000 -0.134308000 -0.564403000 0.070297000
1403715404.51238 -2.678903000 -0.336932000 0.551755000 -0.810545000 -0.132452000 -0.566593000 0.066678000
1403715404.56238 -2.658484000 -0.308931000 0.551936000 -0.809830000 -0.130751000 -0.568262000 0.064483000
1403715404.61238 -2.638855000 -0.279899000 0.550989000 -0.809171000 -0.128613000 -0.569771000 0.063732000
1403715404.66238 -2.619684000 -0.248557000 0.549589000 -0.809010000 -0.124910000 -0.570504000 0.066529000
1403715404.71238 -2.600880000 -0.215588000 0.548557000 -0.808686000 -0.121724000 -0.571334000 0.069198000
1403715404.76238 -2.582331000 -0.182790000 0.546656000 -0.807961000 -0.117705000 -0.572656000 0.073553000
1403715404.81238 -2.563707000 -0.149853000 0.544388000 -0.808377000 -0.114048000 -0.572498000 0.075928000
1403715404.86238 -2.544994000 -0.117075000 0.542447000 -0.809030000 -0.109599000 -0.572385000 0.076382000
1403715404.91238 -2.526479000 -0.084461000 0.540778000 -0.809016000 -0.104227000 -0.573433000 0.076184000
1403715404.96238 -2.508524000 -0.052240000 0.538262000 -0.808808000 -0.097173000 -0.575049000 0.075536000
1403715405.01238 -2.490376000 -0.020324000 0.535512000 -0.808401000 -0.088577000 -0.577155000 0.074399000
1403715405.06238 -2.472982000 0.010258000 0.532035000 -0.808335000 -0.078617000 -0.578966000 0.072201000
1403715405.11239 -2.456108000 0.039940000 0.528331000 -0.808864000 -0.066364000 -0.579960000 0.070580000
1403715405.16239 -2.439976000 0.068465000 0.523695000 -0.810157000 -0.053307000 -0.579974000 0.066592000
1403715405.21239 -2.424488000 0.095751000 0.518904000 -0.811840000 -0.039238000 -0.579335000 0.061214000
1403715405.26239 -2.408932000 0.121174000 0.513505000 -0.813427000 -0.024827000 -0.578551000 0.054766000
1403715405.31239 -2.393693000 0.144925000 0.508137000 -0.814826000 -0.011057000 -0.577783000 0.045865000
1403715405.36239 -2.378901000 0.166965000 0.502919000 -0.816082000 0.002323000 -0.576798000 0.036176000
1403715405.41239 -2.364926000 0.186887000 0.497413000 -0.817408000 0.014981000 -0.575303000 0.025419000
1403715405.46239 -2.350914000 0.205852000 0.492051000 -0.818669000 0.028377000 -0.573349000 0.015696000
1403715405.51239 -2.337135000 0.223768000 0.487241000 -0.819233000 0.041925000 -0.571896000 0.005926000
1403715405.56239 -2.323588000 0.240569000 0.482771000 0.819463000 -0.055198000 0.570452000 0.004308000
1403715405.61239 -2.310027000 0.256359000 0.478793000 0.819716000 -0.066661000 0.568630000 0.016760000
1403715405.66239 -2.296162000 0.271061000 0.474721000 0.820622000 -0.077009000 0.565461000 0.030060000
1403715405.71240 -2.282261000 0.285461000 0.470513000 0.821269000 -0.087537000 0.562214000 0.042077000
1403715405.76240 -2.267978000 0.300054000 0.466477000 0.821430000 -0.097886000 0.559252000 0.053923000
1403715405.81240 -2.253836000 0.313827000 0.461150000 0.821545000 -0.109099000 0.555922000 0.064119000
1403715405.86240 -2.239344000 0.326863000 0.456408000 0.821451000 -0.120282000 0.552486000 0.074225000
1403715405.91240 -2.223841000 0.339554000 0.451365000 0.819634000 -0.133110000 0.551049000 0.082631000
1403715405.96241 -2.207327000 0.352004000 0.446694000 0.816140000 -0.145976000 0.551639000 0.091106000
1403715406.01241 -2.189873000 0.363749000 0.442360000 0.811387000 -0.158433000 0.553558000 0.100618000
1403715406.06241 -2.172040000 0.375299000 0.437492000 0.806415000 -0.171773000 0.555201000 0.109273000
1403715406.11241 -2.153701000 0.387290000 0.432393000 0.801903000 -0.184280000 0.555812000 0.118597000
1403715406.16241 -2.135241000 0.398485000 0.425879000 0.797538000 -0.197332000 0.555771000 0.126931000
1403715406.21241 -2.116731000 0.409688000 0.419046000 0.793279000 -0.210506000 0.555184000 0.134786000
1403715406.26241 -2.098082000 0.420712000 0.411769000 0.789589000 -0.222962000 0.553497000 0.143099000
1403715406.31241 -2.079609000 0.431664000 0.404179000 0.786093000 -0.235505000 0.551286000 0.150592000
1403715406.36241 -2.060615000 0.444232000 0.396913000 0.783150000 -0.248956000 0.547949000 0.156362000
1403715406.41241 -2.042248000 0.454700000 0.389230000 0.780205000 -0.262094000 0.544407000 0.161890000
1403715406.46241 -2.024012000 0.463603000 0.381185000 0.776542000 -0.276143000 0.541526000 0.165764000
1403715406.51242 -2.003104000 0.471640000 0.372516000 0.772944000 -0.288957000 0.538413000 0.170798000
1403715406.56242 -1.982200000 0.478935000 0.363109000 0.769375000 -0.301567000 0.534968000 0.175866000
1403715406.61242 -1.962078000 0.485097000 0.353500000 0.765268000 -0.313301000 0.532172000 0.181659000
1403715406.66241 -1.942382000 0.490105000 0.344216000 0.760898000 -0.324312000 0.529604000 0.188083000
1403715406.71241 -1.923098000 0.493161000 0.334886000 0.756418000 -0.334703000 0.527147000 0.194736000
1403715406.76241 -1.904264000 0.494767000 0.324976000 0.751723000 -0.343930000 0.524676000 0.203322000
1403715406.81241 -1.886573000 0.495710000 0.315073000 0.746664000 -0.353147000 0.522380000 0.211895000
1403715406.86241 -1.868987000 0.495420000 0.305423000 0.741686000 -0.362056000 0.519690000 0.220772000
1403715406.91241 -1.852159000 0.494184000 0.295758000 0.736952000 -0.370628000 0.516583000 0.229518000
1403715406.96241 -1.839045000 0.495013000 0.283924000 0.731792000 -0.379330000 0.513517000 0.238515000
1403715407.01241 -1.824391000 0.493664000 0.274807000 0.727113000 -0.388444000 0.509903000 0.245798000
1403715407.06241 -1.809714000 0.491560000 0.266151000 0.722454000 -0.398213000 0.506040000 0.251814000
1403715407.11241 -1.798742000 0.491860000 0.258216000 0.718382000 -0.408163000 0.501060000 0.257426000
1403715407.16241 -1.786868000 0.490270000 0.249990000 0.714792000 -0.417485000 0.495975000 0.262276000
1403715407.21241 -1.773078000 0.486164000 0.242403000 0.713332000 -0.425971000 0.489130000 0.265440000
1403715407.26241 -1.758861000 0.480024000 0.235437000 0.712534000 -0.433451000 0.482569000 0.267473000
1403715407.31241 -1.744529000 0.472563000 0.228698000 0.713124000 -0.439157000 0.475422000 0.269389000
1403715407.36241 -1.730300000 0.464990000 0.226241000 0.713121000 -0.443798000 0.470102000 0.271118000
1403715407.41241 -1.714856000 0.454210000 0.222848000 0.712570000 -0.446618000 0.467007000 0.273277000
1403715407.46241 -1.698384000 0.441820000 0.220014000 0.710763000 -0.448101000 0.466808000 0.275884000
1403715407.51241 -1.681560000 0.427594000 0.217769000 0.709644000 -0.448599000 0.466194000 0.278977000
1403715407.56241 -1.664236000 0.411761000 0.217360000 0.707836000 -0.449618000 0.466923000 0.280706000
1403715407.61241 -1.646164000 0.396430000 0.219269000 0.706093000 -0.448872000 0.468422000 0.283774000
1403715407.66241 -1.626977000 0.378800000 0.221855000 0.705211000 -0.446495000 0.469284000 0.288258000
1403715407.71240 -1.606844000 0.360116000 0.225106000 0.705018000 -0.441948000 0.469990000 0.294518000
1403715407.76241 -1.585805000 0.340540000 0.227979000 0.705025000 -0.437741000 0.470730000 0.299558000
1403715407.81241 -1.563892000 0.320021000 0.229762000 0.705510000 -0.434595000 0.470975000 0.302597000
1403715407.86241 -1.541755000 0.299538000 0.231008000 0.705660000 -0.432123000 0.471614000 0.304785000
1403715407.91241 -1.518655000 0.278540000 0.232127000 0.704939000 -0.431738000 0.473634000 0.303865000
1403715407.96241 -1.495496000 0.258027000 0.235548000 0.705258000 -0.431429000 0.474013000 0.302971000
1403715408.01241 -1.471898000 0.237074000 0.241008000 0.703611000 -0.432273000 0.476938000 0.301002000
1403715408.06241 -1.447930000 0.216376000 0.248443000 0.703371000 -0.432670000 0.477856000 0.299531000
1403715408.11241 -1.423500000 0.195312000 0.259225000 0.702561000 -0.432975000 0.479627000 0.298158000
1403715408.16241 -1.398792000 0.173517000 0.272391000 0.701802000 -0.432923000 0.481621000 0.296805000
1403715408.21241 -1.373594000 0.150665000 0.288371000 0.700847000 -0.432736000 0.483851000 0.295703000
1403715408.26241 -1.348911000 0.128983000 0.304784000 0.700655000 -0.432488000 0.484678000 0.295168000
1403715408.31241 -1.324468000 0.106744000 0.320274000 0.700345000 -0.432585000 0.485796000 0.293919000
1403715408.36241 -1.299318000 0.084934000 0.334604000 0.699791000 -0.432407000 0.487049000 0.293428000
1403715408.41241 -1.273557000 0.063623000 0.346631000 0.698728000 -0.430927000 0.489954000 0.293302000
1403715408.46241 -1.247685000 0.042218000 0.354938000 0.698051000 -0.427827000 0.493417000 0.293647000
1403715408.51241 -1.220883000 0.019748000 0.360700000 0.697012000 -0.423695000 0.499026000 0.292627000
1403715408.56241 -1.194744000 -0.001732000 0.363190000 0.697648000 -0.417820000 0.503670000 0.291601000
1403715408.61241 -1.169227000 -0.021386000 0.362660000 0.697826000 -0.410996000 0.509992000 0.289877000
1403715408.66241 -1.143513000 -0.041613000 0.360267000 0.699722000 -0.402025000 0.515097000 0.288859000
1403715408.71241 -1.118329000 -0.059642000 0.358376000 0.702165000 -0.392790000 0.520305000 0.286291000
1403715408.76241 -1.093694000 -0.077046000 0.356016000 0.705365000 -0.383767000 0.525456000 0.281210000
1403715408.81241 -1.070226000 -0.092706000 0.354158000 0.709359000 -0.373779000 0.530098000 0.275854000
1403715408.86241 -1.047751000 -0.106869000 0.352215000 0.714143000 -0.364228000 0.534099000 0.268470000
1403715408.91241 -1.026690000 -0.120460000 0.350602000 0.719330000 -0.353952000 0.537987000 0.260485000
1403715408.96241 -1.007001000 -0.130599000 0.349030000 0.724973000 -0.342957000 0.541264000 0.252643000
1403715409.01241 -0.986759000 -0.140800000 0.348921000 0.730016000 -0.331655000 0.545437000 0.244091000
1403715409.06241 -0.967960000 -0.149632000 0.349504000 0.735615000 -0.320133000 0.548591000 0.235441000
1403715409.11241 -0.949122000 -0.157960000 0.351588000 0.740382000 -0.309723000 0.552456000 0.225162000
1403715409.16241 -0.931792000 -0.164403000 0.353607000 0.744263000 -0.300980000 0.556225000 0.214704000
1403715409.21240 -0.915847000 -0.170255000 0.357360000 0.748722000 -0.293256000 0.557906000 0.205325000
1403715409.26240 -0.903081000 -0.174178000 0.365422000 0.753663000 -0.287313000 0.557318000 0.197079000
1403715409.31240 -0.891483000 -0.178114000 0.375147000 0.756798000 -0.282187000 0.558144000 0.190008000
1403715409.36240 -0.881153000 -0.182329000 0.384998000 0.759210000 -0.277363000 0.558988000 0.184939000
1403715409.41240 -0.870930000 -0.187940000 0.394897000 0.761025000 -0.273016000 0.559651000 0.181917000
1403715409.46239 -0.862454000 -0.192994000 0.405089000 0.762438000 -0.268426000 0.560151000 0.181289000
1403715409.51239 -0.853574000 -0.196904000 0.414778000 0.763296000 -0.263808000 0.560534000 0.183264000
1403715409.56239 -0.846933000 -0.201826000 0.424317000 0.765091000 -0.261027000 0.558225000 0.186780000
1403715409.61239 -0.840897000 -0.206141000 0.433537000 0.766948000 -0.262788000 0.554730000 0.187104000
1403715409.66239 -0.835075000 -0.209688000 0.442759000 0.768696000 -0.265227000 0.551181000 0.186978000
1403715409.71239 -0.830179000 -0.213190000 0.451707000 0.770988000 -0.268560000 0.546693000 0.185959000
1403715409.76239 -0.824594000 -0.217900000 0.460646000 0.773562000 -0.271987000 0.541533000 0.185381000
1403715409.81239 -0.819377000 -0.221056000 0.470926000 0.776266000 -0.275709000 0.535943000 0.184827000
1403715409.86239 -0.814466000 -0.224032000 0.482531000 0.778254000 -0.279261000 0.531123000 0.185045000
1403715409.91239 -0.809736000 -0.227032000 0.493619000 0.780559000 -0.283431000 0.525708000 0.184458000
1403715409.96239 -0.804997000 -0.231079000 0.504613000 0.782502000 -0.286471000 0.521009000 0.184861000
1403715410.01239 -0.798150000 -0.236006000 0.515033000 0.783426000 -0.289927000 0.517655000 0.184985000
1403715410.06239 -0.790327000 -0.241713000 0.526057000 0.783278000 -0.292321000 0.516192000 0.185930000
1403715410.11238 -0.781851000 -0.248184000 0.537262000 0.781391000 -0.293629000 0.517419000 0.188383000
1403715410.16238 -0.771854000 -0.255986000 0.548395000 0.778481000 -0.293361000 0.520619000 0.191999000
1403715410.21238 -0.761366000 -0.264227000 0.556859000 0.775358000 -0.293454000 0.524296000 0.194470000
1403715410.26238 -0.749947000 -0.272710000 0.561918000 0.772395000 -0.293345000 0.527786000 0.196970000
1403715410.31238 -0.738409000 -0.280568000 0.566011000 0.770376000 -0.293225000 0.529968000 0.199184000
1403715410.36238 -0.726982000 -0.287906000 0.568043000 0.769109000 -0.293023000 0.531287000 0.200857000
1403715410.41238 -0.714800000 -0.295419000 0.568133000 0.768414000 -0.292226000 0.532017000 0.202738000
1403715410.46238 -0.702666000 -0.302663000 0.566436000 0.768615000 -0.290866000 0.531653000 0.204871000
1403715410.51238 -0.690660000 -0.309396000 0.564185000 0.769488000 -0.288607000 0.530425000 0.207950000
1403715410.56238 -0.677626000 -0.316123000 0.561728000 0.769849000 -0.286264000 0.530050000 0.210789000
1403715410.61238 -0.664255000 -0.322325000 0.558175000 0.770640000 -0.284642000 0.529424000 0.211669000
1403715410.66238 -0.650196000 -0.328703000 0.555047000 0.770766000 -0.283248000 0.529776000 0.212199000
1403715410.71238 -0.635592000 -0.334649000 0.551813000 0.770389000 -0.282938000 0.530996000 0.210928000
1403715410.76238 -0.621345000 -0.339496000 0.548818000 0.768180000 -0.281827000 0.535061000 0.210197000
1403715410.81238 -0.605988000 -0.344449000 0.546893000 0.764082000 -0.280704000 0.541842000 0.209261000
1403715410.86238 -0.590896000 -0.348676000 0.544937000 0.760875000 -0.278256000 0.547431000 0.209672000
1403715410.91238 -0.575502000 -0.351468000 0.541927000 0.758799000 -0.277336000 0.551496000 0.207754000
1403715410.96238 -0.560608000 -0.352741000 0.537986000 0.759378000 -0.275912000 0.551823000 0.206661000
1403715411.01237 -0.546720000 -0.353072000 0.533414000 0.761429000 -0.275685000 0.550453000 0.203042000
1403715411.06237 -0.533897000 -0.352503000 0.528615000 0.763720000 -0.275425000 0.548681000 0.199555000
1403715411.11237 -0.522335000 -0.351344000 0.523814000 0.766282000 -0.275031000 0.546505000 0.196221000
1403715411.16237 -0.510852000 -0.349637000 0.519450000 0.768045000 -0.275594000 0.545288000 0.191874000
1403715411.21237 -0.499614000 -0.347455000 0.516410000 0.768748000 -0.277036000 0.545290000 0.186914000
1403715411.26237 -0.489477000 -0.344773000 0.513953000 0.769086000 -0.277693000 0.545850000 0.182868000
1403715411.31237 -0.479896000 -0.342102000 0.511852000 0.768167000 -0.277888000 0.547969000 0.180075000
1403715411.36237 -0.471637000 -0.338902000 0.510555000 0.766396000 -0.277412000 0.551260000 0.178305000
1403715411.41237 -0.463244000 -0.336423000 0.508918000 0.763749000 -0.277014000 0.555694000 0.176507000
1403715411.46237 -0.455724000 -0.334189000 0.506981000 0.760883000 -0.276195000 0.560349000 0.175447000
1403715411.51238 -0.449681000 -0.332008000 0.504522000 0.759791000 -0.274559000 0.562533000 0.175761000
1403715411.56238 -0.445063000 -0.329508000 0.501372000 0.761080000 -0.272933000 0.561529000 0.175926000
1403715411.61238 -0.441725000 -0.326999000 0.498327000 0.763103000 -0.271315000 0.559356000 0.176589000
1403715411.66238 -0.439162000 -0.324363000 0.495044000 0.765691000 -0.269837000 0.556381000 0.177049000
1403715411.71238 -0.437691000 -0.321833000 0.491829000 0.767477000 -0.268458000 0.554478000 0.177377000
1403715411.76238 -0.437246000 -0.319008000 0.488322000 0.769013000 -0.267039000 0.552910000 0.177764000
1403715411.81238 -0.436878000 -0.316193000 0.485145000 0.769536000 -0.265744000 0.552574000 0.178485000
1403715411.86238 -0.437429000 -0.312239000 0.482041000 0.770110000 -0.265068000 0.552116000 0.178430000
1403715411.91238 -0.438622000 -0.308119000 0.479332000 0.770317000 -0.264634000 0.552100000 0.178228000
1403715411.96238 -0.440619000 -0.303910000 0.476656000 0.770280000 -0.264810000 0.552418000 0.177142000
1403715412.01237 -0.443409000 -0.300103000 0.474574000 0.770566000 -0.264946000 0.552153000 0.176521000
1403715412.06237 -0.446005000 -0.295980000 0.472308000 0.770855000 -0.265358000 0.551783000 0.175794000
1403715412.11237 -0.448938000 -0.291828000 0.470108000 0.771007000 -0.265634000 0.551577000 0.175357000
1403715412.16237 -0.452205000 -0.287776000 0.467514000 0.772104000 -0.265802000 0.549900000 0.175543000
1403715412.21237 -0.455605000 -0.283693000 0.464683000 0.772867000 -0.265939000 0.548786000 0.175461000
1403715412.26237 -0.459270000 -0.279602000 0.461457000 0.773426000 -0.265856000 0.547911000 0.175859000
1403715412.31237 -0.463204000 -0.275529000 0.457929000 0.773934000 -0.265946000 0.547109000 0.175985000
1403715412.36237 -0.467030000 -0.271600000 0.453855000 0.774409000 -0.266221000 0.546261000 0.176114000
1403715412.41237 -0.470987000 -0.267613000 0.450070000 0.774723000 -0.266681000 0.545670000 0.175867000
1403715412.46237 -0.475005000 -0.263590000 0.446581000 0.775516000 -0.267663000 0.544337000 0.175008000
1403715412.51237 -0.478910000 -0.259609000 0.443196000 0.776303000 -0.268230000 0.543056000 0.174632000
1403715412.56237 -0.482529000 -0.255946000 0.439698000 0.777097000 -0.268773000 0.541812000 0.174130000
1403715412.61237 -0.486133000 -0.252242000 0.437079000 0.777781000 -0.268578000 0.540695000 0.174848000
1403715412.66237 -0.489405000 -0.249038000 0.434444000 0.778257000 -0.268586000 0.540003000 0.174855000
1403715412.71237 -0.492689000 -0.246025000 0.432162000 0.779520000 -0.268464000 0.538180000 0.175034000
1403715412.76237 -0.495654000 -0.243315000 0.430689000 0.780145000 -0.268407000 0.537207000 0.175327000
1403715412.81238 -0.498466000 -0.240564000 0.429333000 0.780782000 -0.268447000 0.536207000 0.175493000
1403715412.86238 -0.500909000 -0.237958000 0.428250000 0.781313000 -0.268409000 0.535468000 0.175443000
1403715412.91238 -0.502910000 -0.235529000 0.427610000 0.781423000 -0.268292000 0.535223000 0.175878000
1403715412.96238 -0.504510000 -0.233214000 0.427080000 0.780748000 -0.268300000 0.536052000 0.176339000
1403715413.01238 -0.505775000 -0.231309000 0.425278000 0.779312000 -0.267760000 0.538025000 0.177501000
1403715413.06238 -0.506814000 -0.229276000 0.421347000 0.778519000 -0.267252000 0.538970000 0.178875000
1403715413.11238 -0.507822000 -0.227657000 0.414026000 0.777546000 -0.266683000 0.540335000 0.179833000
1403715413.16238 -0.508730000 -0.225986000 0.404911000 0.776651000 -0.266521000 0.541508000 0.180416000
1403715413.21238 -0.509624000 -0.223764000 0.393637000 0.776104000 -0.265917000 0.542293000 0.181298000
1403715413.26238 -0.510168000 -0.221451000 0.380233000 0.775375000 -0.266138000 0.543321000 0.181015000
1403715413.31237 -0.510868000 -0.218785000 0.364956000 0.774219000 -0.267619000 0.544861000 0.179141000
1403715413.36237 -0.511047000 -0.215950000 0.348304000 0.772921000 -0.269625000 0.546736000 0.175996000
1403715413.41237 -0.511368000 -0.213173000 0.332428000 0.771685000 -0.271648000 0.548376000 0.173186000
1403715413.46237 -0.512133000 -0.210424000 0.318056000 0.770631000 -0.273422000 0.549736000 0.170762000
1403715413.51237 -0.513467000 -0.208050000 0.305361000 0.769986000 -0.274123000 0.550658000 0.169568000
1403715413.56237 -0.515636000 -0.206236000 0.294490000 0.770027000 -0.273875000 0.550552000 0.170125000
1403715413.61237 -0.518371000 -0.204757000 0.284750000 0.770003000 -0.273020000 0.550505000 0.171757000
1403715413.66237 -0.521270000 -0.203660000 0.276549000 0.769860000 -0.271486000 0.550703000 0.174177000
1403715413.71237 -0.524877000 -0.202638000 0.269519000 0.769931000 -0.269520000 0.550608000 0.177191000
1403715413.76237 -0.528976000 -0.201506000 0.261440000 0.770596000 -0.268336000 0.549537000 0.179408000
1403715413.81237 -0.532535000 -0.200807000 0.251653000 0.771418000 -0.267797000 0.548263000 0.180575000
1403715413.86237 -0.536658000 -0.199651000 0.240383000 0.772230000 -0.267316000 0.546989000 0.181679000
1403715413.91237 -0.540789000 -0.198157000 0.228258000 0.772186000 -0.266640000 0.547043000 0.182689000
1403715413.96237 -0.544281000 -0.196062000 0.215719000 0.772028000 -0.265280000 0.547321000 0.184494000
1403715414.01237 -0.548912000 -0.195018000 0.204708000 0.772187000 -0.264747000 0.547092000 0.185272000
1403715414.06237 -0.553425000 -0.192105000 0.196448000 0.772643000 -0.264940000 0.546493000 0.184865000
1403715414.11237 -0.558170000 -0.188403000 0.191164000 0.774047000 -0.265398000 0.544372000 0.184589000
1403715414.16237 -0.562696000 -0.184347000 0.188609000 0.776394000 -0.266608000 0.540885000 0.183236000
1403715414.21237 -0.566822000 -0.179968000 0.188350000 0.779741000 -0.268327000 0.535740000 0.181626000
1403715414.26237 -0.569967000 -0.175378000 0.190693000 0.782683000 -0.269687000 0.531245000 0.180151000
1403715414.31237 -0.571659000 -0.171412000 0.194610000 0.785584000 -0.271046000 0.526731000 0.178732000
1403715414.36237 -0.572186000 -0.167976000 0.198772000 0.787891000 -0.271417000 0.523064000 0.178788000
1403715414.41237 -0.570186000 -0.164932000 0.201739000 0.788247000 -0.271163000 0.522398000 0.179548000
1403715414.46237 -0.564946000 -0.162556000 0.203389000 0.788004000 -0.270772000 0.522635000 0.180510000
1403715414.51237 -0.561024000 -0.160237000 0.204132000 0.787143000 -0.269937000 0.523915000 0.181805000
1403715414.56237 -0.556048000 -0.157820000 0.202957000 0.785091000 -0.269032000 0.526930000 0.183301000
1403715414.61237 -0.551135000 -0.155413000 0.201173000 0.782908000 -0.267960000 0.530183000 0.184819000
1403715414.66237 -0.545460000 -0.152800000 0.197412000 0.780525000 -0.268184000 0.533622000 0.184677000
1403715414.71237 -0.539072000 -0.149688000 0.192874000 0.777731000 -0.269079000 0.537423000 0.184139000
1403715414.76237 -0.532239000 -0.146347000 0.187231000 0.775237000 -0.270913000 0.540746000 0.182230000
1403715414.81237 -0.525504000 -0.143063000 0.180894000 0.773373000 -0.273939000 0.542908000 0.179173000
1403715414.86237 -0.518414000 -0.140201000 0.173589000 0.771274000 -0.277935000 0.545267000 0.174846000
1403715414.91237 -0.511320000 -0.137846000 0.165046000 0.768761000 -0.282325000 0.548048000 0.170122000
1403715414.96237 -0.504532000 -0.136132000 0.156041000 0.766913000 -0.286168000 0.549856000 0.166162000
1403715415.01236 -0.498204000 -0.135158000 0.146965000 0.764926000 -0.289861000 0.551691000 0.162809000
1403715415.06236 -0.491674000 -0.133126000 0.138939000 0.763491000 -0.292855000 0.552693000 0.160772000
1403715415.11236 -0.486854000 -0.132736000 0.128493000 0.762305000 -0.295247000 0.553310000 0.159901000
1403715415.16236 -0.483570000 -0.132411000 0.117916000 0.761305000 -0.297393000 0.553619000 0.159619000
1403715415.21236 -0.481479000 -0.133649000 0.108196000 0.760237000 -0.298335000 0.554159000 0.161070000
1403715415.26236 -0.480557000 -0.135992000 0.099249000 0.759874000 -0.298711000 0.553934000 0.162852000
1403715415.31236 -0.480956000 -0.139503000 0.091588000 0.760802000 -0.295251000 0.552265000 0.170323000
1403715415.36236 -0.482541000 -0.143772000 0.084906000 0.762308000 -0.292025000 0.549570000 0.177707000
1403715415.41236 -0.484317000 -0.148186000 0.079543000 0.763072000 -0.288306000 0.547673000 0.186157000
1403715415.46236 -0.486519000 -0.152331000 0.074905000 0.765297000 -0.284976000 0.543696000 0.193658000
1403715415.51236 -0.488513000 -0.155867000 0.072459000 0.765580000 -0.282003000 0.542515000 0.200097000
1403715415.56236 -0.489994000 -0.158768000 0.070743000 0.766077000 -0.280761000 0.541266000 0.203299000
1403715415.61236 -0.491578000 -0.160992000 0.068408000 0.765669000 -0.279772000 0.541282000 0.206137000
1403715415.66236 -0.493528000 -0.162270000 0.063609000 0.765438000 -0.279427000 0.540852000 0.208576000
1403715415.71236 -0.495118000 -0.162501000 0.055807000 0.765523000 -0.279977000 0.540210000 0.209193000
1403715415.76236 -0.495573000 -0.162541000 0.052364000 0.766176000 -0.281099000 0.539314000 0.207603000
1403715415.81236 -0.495253000 -0.161960000 0.056499000 0.766229000 -0.280155000 0.539241000 0.208866000
1403715415.86236 -0.494735000 -0.160686000 0.059354000 0.765122000 -0.279500000 0.540789000 0.209796000
1403715415.91236 -0.493680000 -0.158502000 0.059532000 0.763570000 -0.280084000 0.542722000 0.209681000
1403715415.96236 -0.492597000 -0.155745000 0.057404000 0.763820000 -0.279634000 0.542546000 0.209828000
1403715416.01236 -0.492494000 -0.155312000 0.055657000 0.765857000 -0.278794000 0.540128000 0.209761000
1403715416.06236 -0.493047000 -0.155465000 0.056657000 0.765933000 -0.278534000 0.539577000 0.211240000
1403715416.11236 -0.492878000 -0.154829000 0.057102000 0.765441000 -0.278921000 0.539939000 0.211586000
1403715416.16236 -0.492611000 -0.154099000 0.056258000 0.765100000 -0.279238000 0.540368000 0.211308000
1403715416.21236 -0.491014000 -0.153682000 0.054647000 0.765638000 -0.280267000 0.539490000 0.210238000
1403715416.26236 -0.491051000 -0.153988000 0.052551000 0.766264000 -0.280734000 0.538784000 0.209141000
1403715416.31236 -0.491201000 -0.153714000 0.052013000 0.766334000 -0.281005000 0.538683000 0.208780000
1403715416.36236 -0.490096000 -0.155199000 0.051397000 0.766750000 -0.281076000 0.538135000 0.208569000
1403715416.41236 -0.490200000 -0.155498000 0.051196000 0.766833000 -0.281249000 0.538009000 0.208357000
1403715416.46236 -0.490308000 -0.155348000 0.050725000 0.767171000 -0.281353000 0.537562000 0.208123000
1403715416.51236 -0.490568000 -0.154674000 0.050021000 0.766959000 -0.281574000 0.537754000 0.208113000
1403715416.56236 -0.491080000 -0.154274000 0.049599000 0.766653000 -0.281256000 0.538239000 0.208416000
1403715416.61236 -0.491514000 -0.154183000 0.049197000 0.766928000 -0.281372000 0.537864000 0.208216000
1403715416.66236 -0.491824000 -0.153744000 0.048347000 0.766880000 -0.281707000 0.537916000 0.207807000
1403715416.71236 -0.492256000 -0.152975000 0.047426000 0.766862000 -0.281696000 0.537936000 0.207834000
1403715416.76236 -0.492710000 -0.152094000 0.046378000 0.766933000 -0.281734000 0.537829000 0.207799000
1403715416.81236 -0.493131000 -0.151413000 0.045375000 0.766533000 -0.281571000 0.538336000 0.208178000
1403715416.86236 -0.493281000 -0.151001000 0.044263000 0.766774000 -0.281612000 0.538052000 0.207971000
1403715416.91236 -0.493398000 -0.150692000 0.043310000 0.766874000 -0.281801000 0.537866000 0.207829000
1403715416.96236 -0.493215000 -0.151303000 0.044832000 0.766823000 -0.281569000 0.538012000 0.207951000
1403715417.01236 -0.493175000 -0.150739000 0.044109000 0.766519000 -0.281575000 0.538452000 0.207927000
1403715417.06236 -0.493112000 -0.150673000 0.043669000 0.766557000 -0.281504000 0.538404000 0.208008000
1403715417.11236 -0.492829000 -0.150760000 0.043214000 0.766671000 -0.281717000 0.538231000 0.207745000
1403715417.16236 -0.492614000 -0.150864000 0.043130000 0.766661000 -0.281789000 0.538233000 0.207680000
1403715417.21236 -0.492475000 -0.150898000 0.043266000 0.766511000 -0.281741000 0.538457000 0.207716000
1403715417.26236 -0.492332000 -0.151010000 0.043505000 0.766497000 -0.281708000 0.538497000 0.207711000
1403715417.31236 -0.492238000 -0.151395000 0.043948000 0.766414000 -0.281711000 0.538610000 0.207719000
1403715417.36236 -0.492150000 -0.152021000 0.044423000 0.766575000 -0.281739000 0.538447000 0.207513000
1403715417.41236 -0.492046000 -0.152571000 0.044872000 0.766611000 -0.281818000 0.538391000 0.207415000
1403715417.46236 -0.492012000 -0.152905000 0.045166000 0.766557000 -0.281793000 0.538505000 0.207352000
1403715417.51236 -0.492006000 -0.153235000 0.045284000 0.766488000 -0.281744000 0.538646000 0.207308000
1403715417.56236 -0.492055000 -0.153921000 0.045952000 0.766512000 -0.281751000 0.538609000 0.207308000
1403715417.61236 -0.491810000 -0.154250000 0.045978000 0.766562000 -0.281824000 0.538527000 0.207234000
1403715417.66236 -0.491589000 -0.154410000 0.046002000 0.766597000 -0.281822000 0.538484000 0.207221000
1403715417.71236 -0.491394000 -0.154472000 0.046021000 0.766510000 -0.281834000 0.538612000 0.207196000
1403715417.76236 -0.491189000 -0.154533000 0.046036000 0.766467000 -0.281785000 0.538679000 0.207245000
1403715417.81236 -0.491004000 -0.154651000 0.046050000 0.766497000 -0.281833000 0.538613000 0.207240000
1403715417.86236 -0.490842000 -0.154776000 0.046062000 0.766503000 -0.281834000 0.538587000 0.207284000
1403715417.91236 -0.490698000 -0.154795000 0.046079000 0.766514000 -0.281816000 0.538567000 0.207320000
1403715417.96236 -0.490564000 -0.154752000 0.046062000 0.766471000 -0.281771000 0.538654000 0.207313000
1403715418.01236 -0.490483000 -0.154734000 0.046063000 0.766426000 -0.281760000 0.538719000 0.207329000
1403715418.06236 -0.490389000 -0.154779000 0.046067000 0.766463000 -0.281767000 0.538665000 0.207319000
1403715418.11236 -0.490292000 -0.154768000 0.046056000 0.766495000 -0.281784000 0.538608000 0.207328000
1403715418.16236 -0.490208000 -0.154711000 0.045996000 0.766479000 -0.281789000 0.538623000 0.207339000
1403715418.21236 -0.490224000 -0.154616000 0.045984000 0.766459000 -0.281774000 0.538640000 0.207390000
1403715418.26236 -0.490216000 -0.154569000 0.045931000 0.766401000 -0.281758000 0.538714000 0.207435000
1403715418.31236 -0.490166000 -0.154573000 0.045858000 0.766420000 -0.281794000 0.538673000 0.207423000
1403715418.36237 -0.490130000 -0.154569000 0.045775000 0.766427000 -0.281772000 0.538672000 0.207431000
1403715418.41236 -0.490098000 -0.154494000 0.045680000 0.766379000 -0.281761000 0.538738000 0.207448000
1403715418.46236 -0.490016000 -0.154395000 0.045537000 0.766355000 -0.281772000 0.538756000 0.207476000
1403715418.51236 -0.489920000 -0.154320000 0.045414000 0.766368000 -0.281751000 0.538755000 0.207458000
1403715418.56237 -0.489888000 -0.154239000 0.045277000 0.766363000 -0.281769000 0.538756000 0.207453000
1403715418.61237 -0.489806000 -0.154161000 0.045205000 0.766341000 -0.281848000 0.538758000 0.207419000
1403715418.66236 -0.489743000 -0.154072000 0.045147000 0.766305000 -0.281821000 0.538802000 0.207475000
1403715418.71236 -0.489668000 -0.154029000 0.045116000 0.766309000 -0.281781000 0.538802000 0.207514000
1403715418.76236 -0.489577000 -0.154049000 0.045082000 0.766302000 -0.281811000 0.538813000 0.207470000
1403715418.81237 -0.489479000 -0.154082000 0.045054000 0.766295000 -0.281874000 0.538802000 0.207441000
