# timestamp (sec),slam_feats_in_state,msckf_feats_used,slam_feats_updated,slam_feats_delayed_init,clones
1403715278.863202810287476,0,6,0,0,5
1403715278.912438154220581,32,34,0,32,6
1403715278.962432146072388,31,4,31,0,7
1403715279.011887073516846,29,0,29,0,8
1403715279.061699390411377,29,0,29,0,9
1403715279.111086130142212,29,1,29,0,10
1403715279.160985231399536,28,1,28,0,11
1403715279.211140871047974,28,1,28,0,11
1403715279.261381626129150,33,0,28,5,11
1403715279.310877799987793,37,0,33,4,11
1403715279.359507083892822,38,0,37,1,11
1403715279.408102035522461,47,0,38,9,11
1403715279.457381010055542,47,0,47,0,11
1403715279.506535530090332,48,26,47,1,11
1403715279.556163549423218,48,0,48,0,11
1403715279.605548143386841,49,1,48,1,11
1403715279.655370235443115,49,0,49,0,11
1403715279.705317497253418,49,0,49,0,11
1403715279.755297660827637,49,0,49,0,11
1403715279.805242538452148,49,0,49,0,11
1403715279.855412244796753,49,0,49,0,11
1403715279.905364513397217,49,0,49,0,11
1403715279.955505132675171,49,2,49,0,11
1403715280.005463361740112,49,0,49,0,11
1403715280.055427789688110,49,0,49,0,11
1403715280.105555772781372,49,19,49,0,11
1403715280.157285213470459,48,0,48,0,11
1403715280.209342479705811,48,1,45,0,11
1403715280.260685443878174,47,0,38,0,11
1403715280.311193943023682,47,0,39,3,11
1403715280.361068487167358,47,0,42,4,11
1403715280.410816669464111,47,0,45,1,11
1403715280.460292577743530,47,1,45,0,11
1403715280.510108709335327,46,0,38,1,11
1403715280.559948205947876,47,3,32,2,11
1403715280.610033750534058,46,1,28,6,11
1403715280.659589767456055,48,1,37,9,11
1403715280.709626436233521,48,25,44,3,11
1403715280.759602546691895,48,1,45,1,11
1403715280.809611320495605,46,2,44,2,11
1403715280.859589576721191,46,0,45,0,11
1403715280.909624814987183,45,0,43,0,11
1403715280.959703683853149,42,0,41,0,11
1403715281.009735345840454,41,1,40,1,11
1403715281.059754133224487,41,1,41,0,11
1403715281.109833240509033,46,0,40,5,11
1403715281.159905672073364,44,1,44,0,11
1403715281.210042715072632,44,1,44,0,11
1403715281.260394096374512,44,0,42,1,11
1403715281.310883760452271,49,13,42,6,11
1403715281.360993862152100,48,0,47,0,11
1403715281.411310434341431,49,8,46,2,11
1403715281.461499691009521,49,0,40,1,11
1403715281.511486530303955,47,0,35,1,11
1403715281.561588764190674,47,0,36,6,11
1403715281.611779689788818,49,7,41,7,11
1403715281.661765813827515,49,0,47,0,11
1403715281.711706876754761,43,0,41,0,11
1403715281.761584520339966,41,2,38,0,11
1403715281.811627626419067,38,0,35,0,11
1403715281.861605405807495,36,1,34,0,11
1403715281.911641597747803,45,0,34,11,11
1403715281.961656332015991,45,0,45,0,11
1403715282.011711359024048,47,5,45,2,11
1403715282.061838626861572,47,0,46,0,11
1403715282.111872196197510,47,0,44,0,11
1403715282.161939859390259,47,0,42,1,11
1403715282.212089061737061,50,21,45,5,11
1403715282.262146949768066,50,0,49,0,11
1403715282.312085866928101,50,0,49,0,11
1403715282.362067937850952,49,0,48,1,11
1403715282.412069559097290,47,0,47,0,11
1403715282.462019920349121,45,0,45,0,11
1403715282.511994123458862,47,0,44,2,11
1403715282.562036275863647,44,0,43,0,11
1403715282.612058877944946,45,13,42,3,11
1403715282.662117242813110,45,0,44,0,11
1403715282.712068557739258,45,1,44,0,11
1403715282.762074232101440,44,0,44,0,11
1403715282.812129735946655,49,12,44,5,11
1403715282.862054824829102,49,0,49,0,11
1403715282.912067413330078,48,1,47,0,11
1403715282.962121725082397,47,0,46,0,11
1403715283.012064933776855,47,4,45,1,11
1403715283.062093019485474,47,1,45,0,11
1403715283.112056255340576,47,0,43,1,11
1403715283.162104368209839,46,0,41,2,11
1403715283.212117910385132,50,31,43,5,11
1403715283.262176036834717,49,0,46,1,11
1403715283.312173604965210,48,0,45,0,11
1403715283.362262725830078,46,0,43,2,11
1403715283.412411928176880,48,8,44,4,11
1403715283.462533712387085,46,0,46,0,11
1403715283.512588262557983,43,0,42,0,11
1403715283.562619686126709,42,0,42,0,11
1403715283.612644433975220,42,1,42,0,11
1403715283.662708759307861,42,0,42,0,11
1403715283.712796449661255,42,1,42,0,11
1403715283.762907028198242,42,0,42,0,11
1403715283.813061237335205,46,25,41,5,11
1403715283.863095998764038,46,0,46,0,11
1403715283.913121223449707,45,0,45,0,11
1403715283.963042497634888,45,0,43,0,11
1403715284.012889385223389,50,3,38,5,11
1403715284.062690734863281,49,17,34,1,11
1403715284.112592697143555,49,18,40,7,11
1403715284.162714481353760,48,0,44,2,11
1403715284.212889194488525,48,2,45,1,11
1403715284.263101816177368,48,0,46,1,11
1403715284.313176155090332,48,0,47,1,11
1403715284.363211870193481,48,0,48,0,11
1403715284.413127660751343,50,22,46,2,11
1403715284.463120222091675,50,0,48,0,11
1403715284.513102531433105,50,0,48,2,11
1403715284.563077688217163,50,0,49,0,11
1403715284.613095521926880,50,3,50,0,11
1403715284.663183450698853,50,9,50,0,11
1403715284.713132619857788,50,18,50,0,11
1403715284.763170719146729,49,0,47,0,11
1403715284.813143253326416,48,0,46,0,11
1403715284.863112449645996,47,0,45,1,11
1403715284.913056135177612,47,1,45,1,11
1403715284.963003873825073,47,0,46,0,11
1403715285.013044834136963,49,17,45,3,11
1403715285.063048601150513,48,0,46,0,11
1403715285.113048791885376,48,0,46,0,11
1403715285.163048744201660,47,0,46,1,11
1403715285.213021993637085,49,1,46,3,11
1403715285.262983798980713,49,5,49,0,11
1403715285.312913417816162,50,13,49,1,11
1403715285.362885236740112,50,0,50,0,11
1403715285.412855625152588,50,0,49,0,11
1403715285.462823390960693,50,1,50,0,11
1403715285.512792110443115,49,0,48,0,11
1403715285.562741994857788,49,1,47,0,11
1403715285.612671375274658,50,17,47,3,11
1403715285.662672519683838,49,0,49,0,11
1403715285.712676525115967,49,0,49,0,11
1403715285.762677669525146,47,0,47,0,11
1403715285.812645435333252,47,1,47,0,11
1403715285.862617254257202,49,11,46,3,11
1403715285.912599086761475,50,16,48,1,11
1403715285.962605476379395,50,0,49,0,11
1403715286.012593269348145,49,1,48,1,11
1403715286.062596321105957,48,0,48,0,11
1403715286.112605094909668,48,1,48,0,11
1403715286.162611961364746,47,1,47,0,11
1403715286.212624073028564,48,18,47,1,11
1403715286.262624263763428,47,0,46,0,11
1403715286.312620162963867,47,0,46,0,11
1403715286.362607479095459,46,1,45,1,11
1403715286.412628412246704,50,21,46,4,11
1403715286.462618589401245,47,5,47,0,11
1403715286.512642621994019,48,11,45,3,11
1403715286.562642335891724,46,1,44,0,11
1403715286.612652063369751,45,0,42,0,11
1403715286.662653684616089,42,0,40,1,11
1403715286.712659597396851,39,0,35,1,11
1403715286.762626886367798,34,0,31,0,11
1403715286.812505960464478,46,3,30,16,11
1403715286.862451314926147,46,1,46,0,11
1403715286.912383317947388,46,0,46,0,11
1403715286.962368249893188,45,0,42,0,11
1403715287.012367010116577,50,10,41,5,11
1403715287.062378406524658,50,6,46,2,11
1403715287.112353324890137,50,7,47,2,11
1403715287.162325620651245,49,1,45,0,11
1403715287.212258577346802,48,0,43,2,11
1403715287.262236833572388,46,0,41,1,11
1403715287.312243461608887,44,1,41,0,11
1403715287.362245798110962,44,11,36,7,11
1403715287.412244081497192,43,1,40,3,11
1403715287.462261915206909,41,2,41,0,11
1403715287.512266874313354,41,0,40,0,11
1403715287.562276601791382,41,1,40,0,11
1403715287.612255573272705,48,3,37,9,11
1403715287.662262439727783,50,2,46,2,11
1403715287.712275028228760,48,4,45,1,11
1403715287.762314558029175,45,0,41,0,11
1403715287.812359571456909,40,0,36,1,11
1403715287.862378835678101,37,0,34,1,11
1403715287.912406444549561,43,1,33,10,11
1403715287.962438583374023,48,2,40,7,11
1403715288.012469291687012,47,1,43,0,11
1403715288.062513113021851,44,3,40,1,11
1403715288.112531185150146,41,0,38,0,11
1403715288.162564039230347,39,0,37,0,11
1403715288.212588071823120,38,0,37,1,11
1403715288.262593746185303,39,0,36,1,11
1403715288.312606334686279,47,1,35,8,11
1403715288.362610578536987,47,1,43,2,11
1403715288.412612915039062,48,2,45,2,11
1403715288.462618112564087,49,1,47,2,11
1403715288.512601375579834,50,9,49,1,11
1403715288.562644720077515,50,1,50,0,11
1403715288.612632513046265,50,0,50,0,11
1403715288.662629842758179,50,4,50,0,11
1403715288.712620258331299,50,2,50,0,11
1403715288.762611627578735,50,0,49,0,11
1403715288.812608003616333,50,1,49,0,11
1403715288.862616539001465,49,0,47,1,11
1403715288.912636995315552,49,0,47,0,11
1403715288.962654113769531,50,0,47,2,11
1403715289.012661218643188,48,2,47,1,11
1403715289.062690734863281,48,10,48,0,11
1403715289.112684011459351,50,9,48,2,11
1403715289.162691116333008,49,3,49,0,11
1403715289.212656736373901,49,0,49,0,11
1403715289.262655258178711,49,1,48,0,11
1403715289.312635660171509,50,1,47,1,11
1403715289.362627267837524,49,0,44,0,11
1403715289.412620306015015,49,0,44,2,11
1403715289.462617397308350,46,0,46,0,11
1403715289.512618780136108,45,1,45,0,11
1403715289.562619686126709,45,1,44,0,11
1403715289.612623453140259,47,5,43,3,11
1403715289.662612199783325,49,8,45,4,11
1403715289.712607860565186,50,8,49,1,11
1403715289.762609004974365,50,6,50,0,11
1403715289.812600374221802,50,1,50,0,11
1403715289.862597465515137,49,7,49,0,11
1403715289.912576436996460,50,2,49,1,11
1403715289.962562561035156,50,0,50,0,11
1403715290.012550354003906,50,0,50,0,11
1403715290.062528610229492,50,7,50,0,11
1403715290.112523555755615,50,2,50,0,11
1403715290.162533760070801,50,0,50,0,11
1403715290.212562799453735,50,1,49,0,11
1403715290.262589454650879,50,4,49,0,11
1403715290.312636613845825,50,2,48,1,11
1403715290.362646818161011,50,4,47,0,11
1403715290.412683010101318,49,6,46,0,11
1403715290.462661981582642,48,5,46,1,11
1403715290.512631654739380,48,1,46,1,11
1403715290.562581062316895,48,0,45,0,11
1403715290.612570285797119,47,3,44,1,11
1403715290.662570476531982,48,5,45,2,11
1403715290.712555170059204,47,0,47,0,11
1403715290.762543201446533,46,3,46,0,11
1403715290.812545776367188,45,1,45,0,11
1403715290.862549066543579,47,1,45,2,11
1403715290.912544012069702,48,3,46,1,11
1403715290.962541103363037,47,7,46,0,11
1403715291.012544393539429,48,6,46,2,11
1403715291.062534570693970,49,7,48,1,11
1403715291.112532377243042,47,3,47,0,11
1403715291.162548542022705,47,1,47,0,11
1403715291.212540864944458,47,0,47,0,11
1403715291.262529850006104,49,4,47,2,11
1403715291.312526702880859,49,3,49,0,11
1403715291.362524986267090,48,3,48,0,11
1403715291.412528276443481,50,5,48,2,11
1403715291.462526321411133,50,0,50,0,11
1403715291.512503147125244,50,1,50,0,11
1403715291.562506914138794,48,4,48,0,11
1403715291.612500429153442,48,1,46,2,11
1403715291.662507772445679,48,6,48,0,11
1403715291.712523460388184,46,0,46,0,11
1403715291.762529134750366,44,0,44,0,11
1403715291.812536239624023,42,0,42,0,11
1403715291.862539052963257,48,3,40,8,11
1403715291.912538290023804,48,1,48,0,11
1403715291.962539196014404,46,0,46,0,11
1403715292.012541770935059,50,1,46,4,11
1403715292.062544345855713,49,1,49,0,11
1403715292.112544775009155,50,9,49,1,11
1403715292.162541389465332,50,4,50,0,11
1403715292.212535858154297,50,1,50,0,11
1403715292.262536525726318,49,4,49,0,11
1403715292.312529802322388,50,7,49,1,11
1403715292.362516164779663,48,0,48,0,11
1403715292.412501573562622,48,3,48,0,11
1403715292.462490320205688,46,1,43,2,11
1403715292.512488842010498,49,1,45,3,11
1403715292.562484502792358,48,2,47,0,11
1403715292.612476825714111,48,1,48,0,11
1403715292.662466764450073,45,1,45,0,11
1403715292.712458133697510,44,2,44,0,11
1403715292.762458086013794,46,2,43,3,11
1403715292.812455177307129,45,3,43,0,11
1403715292.862468481063843,43,2,40,2,11
1403715292.912486076354980,47,0,41,5,11
1403715292.962509155273438,47,1,46,0,11
1403715293.012494802474976,47,2,44,1,11
1403715293.062486410140991,48,1,42,3,11
1403715293.112489700317383,46,1,43,1,11
1403715293.162490367889404,49,6,43,5,11
1403715293.212512016296387,50,3,48,1,11
1403715293.262490272521973,48,1,47,1,11
1403715293.312489748001099,47,0,45,0,11
1403715293.362490415573120,46,1,44,0,11
1403715293.412467002868652,49,13,43,5,11
1403715293.462487459182739,47,0,45,0,11
1403715293.512502670288086,46,0,45,1,11
1403715293.562513113021851,44,0,43,0,11
1403715293.612532138824463,43,0,42,0,11
1403715293.662549734115601,49,5,39,7,11
1403715293.712552070617676,47,0,45,0,11
1403715293.762551784515381,49,0,43,3,11
1403715293.812545537948608,49,2,45,2,11
1403715293.862547636032104,49,12,47,2,11
1403715293.912548780441284,47,1,47,0,11
1403715293.962551116943359,46,4,44,0,11
1403715294.012554168701172,48,5,43,4,11
1403715294.062559127807617,47,0,46,1,11
1403715294.112563610076904,47,1,47,0,11
1403715294.162572383880615,49,10,43,3,11
1403715294.212570667266846,46,1,44,0,11
1403715294.262553215026855,45,1,43,1,11
1403715294.312545061111450,43,0,42,0,11
1403715294.362538337707520,41,3,41,0,11
1403715294.412529945373535,42,0,41,1,11
1403715294.462513446807861,50,22,42,8,11
1403715294.512504100799561,48,0,48,0,11
1403715294.562485933303833,48,0,48,0,11
1403715294.612479686737061,50,3,47,2,11
1403715294.662480831146240,50,1,49,0,11
1403715294.712476015090942,48,2,47,0,11
1403715294.762454748153687,50,6,47,2,11
1403715294.812420129776001,47,1,47,0,11
1403715294.862398624420166,47,2,47,0,11
1403715294.912370920181274,46,0,46,0,11
1403715294.962324142456055,46,0,46,0,11
1403715295.012314558029175,44,1,44,0,11
1403715295.062267065048218,48,10,43,5,11
1403715295.112263441085815,46,0,46,0,11
1403715295.162275075912476,45,0,45,0,11
1403715295.212259292602539,48,0,45,3,11
1403715295.262261152267456,48,12,47,1,11
1403715295.312271356582642,48,1,47,0,11
1403715295.362280130386353,49,4,46,2,11
1403715295.412287235260010,49,0,48,1,11
1403715295.462288618087769,49,0,48,0,11
1403715295.512284517288208,49,0,48,0,11
1403715295.562280178070068,47,0,46,0,11
1403715295.612275123596191,47,0,46,0,11
1403715295.662274360656738,49,6,46,3,11
1403715295.712261676788330,49,0,48,0,11
1403715295.762246608734131,49,0,48,0,11
1403715295.812282562255859,48,12,48,0,11
1403715295.862283945083618,48,11,48,0,11
1403715295.912287235260010,45,0,45,0,11
1403715295.962295770645142,46,2,44,1,11
1403715296.012275457382202,46,0,44,0,11
1403715296.062237262725830,45,1,44,0,11
1403715296.112214088439941,43,0,43,0,11
1403715296.162213325500488,43,0,43,0,11
1403715296.212207078933716,43,0,42,0,11
1403715296.262199163436890,47,1,41,5,11
1403715296.312198162078857,43,0,42,0,11
1403715296.362200260162354,41,6,40,0,11
1403715296.412195444107056,42,6,36,3,11
1403715296.462183713912964,47,12,38,5,11
1403715296.512175321578979,43,1,42,0,11
1403715296.562163114547729,42,1,41,1,11
1403715296.612165689468384,50,4,42,8,11
1403715296.662169456481934,50,1,50,0,11
1403715296.712178230285645,49,1,49,0,11
1403715296.762183666229248,49,0,49,0,11
1403715296.812182664871216,49,1,49,0,11
1403715296.862189054489136,50,22,49,1,11
1403715296.912188291549683,50,0,50,0,11
1403715296.962174177169800,49,0,49,0,11
1403715297.012172222137451,48,5,48,0,11
1403715297.062175035476685,47,12,47,0,11
1403715297.112177371978760,48,0,45,1,11
1403715297.162181138992310,47,0,46,0,11
1403715297.212179422378540,47,1,44,3,11
1403715297.262176990509033,46,0,45,0,11
1403715297.312173128128052,44,0,43,0,11
1403715297.362169027328491,42,0,41,1,11
1403715297.412166118621826,40,1,39,0,11
1403715297.462157964706421,50,12,39,10,11
1403715297.512157201766968,49,0,46,1,11
1403715297.562162160873413,48,2,46,0,11
1403715297.612181901931763,45,6,43,1,11
1403715297.662193536758423,45,10,42,2,11
1403715297.712194442749023,45,0,44,0,11
1403715297.762194633483887,44,2,42,1,11
1403715297.812202215194702,43,1,42,0,11
1403715297.862217664718628,49,14,40,7,11
1403715297.912221193313599,48,1,45,0,11
1403715297.962220907211304,46,0,45,1,11
1403715298.012223482131958,44,4,44,0,11
1403715298.062235116958618,50,6,44,6,11
1403715298.112255334854126,49,5,48,0,11
1403715298.162311315536499,48,0,47,0,11
1403715298.212337970733643,46,3,44,1,11
1403715298.262363195419312,49,10,45,3,11
1403715298.312374353408813,48,2,47,1,11
1403715298.362383127212524,47,0,47,0,11
1403715298.412389039993286,46,2,46,0,11
1403715298.462395191192627,50,2,45,4,11
1403715298.512394189834595,49,1,48,0,11
1403715298.562395334243774,50,14,48,2,11
1403715298.612383842468262,50,1,50,0,11
1403715298.662367343902588,50,2,50,0,11
1403715298.712359189987183,48,1,48,0,11
1403715298.762352466583252,47,13,47,0,11
1403715298.812354803085327,47,3,47,0,11
1403715298.862368106842041,50,2,46,3,11
1403715298.912389993667603,50,0,49,0,11
1403715298.962408065795898,47,0,47,0,11
1403715299.012401342391968,47,2,47,0,11
1403715299.062386274337769,49,1,47,2,11
1403715299.112380743026733,49,1,49,0,11
1403715299.162378787994385,49,10,48,1,11
1403715299.212377548217773,48,0,48,0,11
1403715299.262375354766846,50,0,46,2,11
1403715299.312378644943237,49,1,48,0,11
1403715299.362391471862793,47,11,45,0,11
1403715299.412388801574707,44,2,43,0,11
1403715299.462388038635254,44,2,38,1,11
1403715299.512387037277222,41,1,36,0,11
1403715299.562392711639404,41,9,33,5,11
1403715299.612389087677002,39,1,37,1,11
1403715299.662386655807495,39,3,38,0,11
1403715299.712380409240723,37,0,36,1,11
1403715299.762377500534058,47,0,37,10,11
1403715299.812363862991333,46,1,46,0,11
1403715299.862359046936035,46,2,46,0,11
1403715299.912357568740845,45,2,43,0,11
1403715299.962368488311768,44,14,40,0,11
1403715300.012355089187622,42,3,38,2,11
1403715300.062357425689697,41,0,38,1,11
1403715300.112365722656250,44,10,36,6,11
1403715300.162354946136475,46,3,42,3,11
1403715300.212355613708496,44,3,43,0,11
1403715300.262357711791992,44,3,42,0,11
1403715300.312357425689697,44,1,42,1,11
1403715300.362360000610352,43,1,42,1,11
1403715300.412360906600952,43,0,43,0,11
1403715300.462359428405762,42,0,42,0,11
1403715300.512357473373413,41,0,41,0,11
1403715300.562363386154175,47,13,40,7,11
1403715300.612362384796143,44,0,44,0,11
1403715300.662362813949585,44,0,44,0,11
1403715300.712360858917236,50,8,44,6,11
1403715300.762363910675049,50,0,50,0,11
1403715300.812379360198975,50,16,50,0,11
1403715300.862384796142578,50,0,50,0,11
1403715300.912389516830444,50,0,50,0,11
1403715300.962395429611206,50,0,50,0,11
1403715301.012404918670654,50,0,50,0,11
1403715301.062407255172729,50,0,50,0,11
1403715301.112418651580811,50,0,50,0,11
1403715301.162421703338623,50,12,50,0,11
1403715301.212426662445068,50,1,50,0,11
1403715301.262421369552612,50,2,50,0,11
1403715301.312417268753052,50,8,50,0,11
1403715301.362411499023438,50,0,50,0,11
1403715301.412408113479614,50,8,50,0,11
1403715301.462400913238525,50,0,50,0,11
1403715301.512391567230225,50,1,50,0,11
1403715301.562384843826294,50,0,50,0,11
1403715301.612382888793945,50,3,50,0,11
1403715301.662387847900391,50,2,50,0,11
1403715301.712398529052734,50,4,50,0,11
1403715301.762410402297974,50,10,50,0,11
1403715301.812429189682007,50,0,50,0,11
1403715301.862437486648560,50,0,50,0,11
1403715301.912437677383423,50,6,50,0,11
1403715301.962437629699707,50,0,50,0,11
1403715302.012434244155884,50,5,50,0,11
1403715302.062434196472168,50,0,50,0,11
1403715302.112446308135986,50,0,50,0,11
1403715302.162446498870850,50,0,50,0,11
1403715302.212455511093140,50,0,50,0,11
1403715302.262455224990845,50,0,50,0,11
1403715302.312457799911499,50,7,50,0,11
1403715302.362459897994995,50,9,50,0,11
1403715302.412458419799805,50,1,50,0,11
1403715302.462459325790405,50,1,50,0,11
1403715302.512460470199585,50,8,50,0,11
1403715302.562460660934448,50,0,50,0,11
1403715302.612458944320679,50,5,50,0,11
1403715302.662459850311279,50,0,50,0,11
1403715302.712463378906250,50,0,50,0,11
1403715302.762467622756958,50,0,49,0,11
1403715302.812470674514771,50,0,49,0,11
1403715302.862481832504272,50,30,48,1,11
1403715302.912482261657715,50,8,49,0,11
1403715302.962481737136841,50,10,49,1,11
1403715303.012479782104492,49,1,48,0,11
1403715303.062479019165039,47,0,46,0,11
1403715303.112478494644165,50,5,45,4,11
1403715303.162472724914551,50,0,49,0,11
1403715303.212452888488770,49,4,47,0,11
1403715303.262447118759155,49,1,43,0,11
1403715303.312445640563965,48,1,42,1,11
1403715303.362445116043091,45,1,40,1,11
1403715303.412449121475220,44,0,39,0,11
1403715303.462447404861450,43,19,39,3,11
1403715303.512449979782104,47,0,40,6,11
1403715303.562446355819702,46,7,44,0,11
1403715303.612441062927246,42,0,40,0,11
1403715303.662435531616211,37,0,32,0,11
1403715303.712430953979492,38,3,29,5,11
1403715303.762425184249878,35,3,33,1,11
1403715303.812421560287476,37,2,32,5,11
1403715303.862416267395020,36,2,35,0,11
1403715303.912411689758301,33,0,31,0,11
1403715303.962413311004639,31,0,29,0,11
1403715304.012414932250977,29,0,26,1,11
1403715304.062423706054688,38,1,26,11,11
1403715304.112435102462769,49,24,35,12,11
1403715304.162437915802002,47,8,43,0,11
1403715304.212446928024292,45,1,41,1,11
1403715304.262454748153687,44,0,42,1,11
1403715304.312458515167236,44,0,43,1,11
1403715304.362465620040894,44,0,44,0,11
1403715304.412465095520020,44,0,44,0,11
1403715304.462465763092041,44,0,43,0,11
1403715304.512464761734009,44,0,42,0,11
1403715304.562465906143188,44,0,40,1,11
1403715304.612472534179688,44,16,39,2,11
1403715304.662474632263184,44,0,40,1,11
1403715304.712479352951050,47,16,40,5,11
1403715304.762481212615967,47,5,44,1,11
1403715304.812485694885254,46,1,44,1,11
1403715304.862489461898804,45,0,44,0,11
1403715304.912492752075195,45,0,42,0,11
1403715304.962494850158691,44,0,41,0,11
1403715305.012497425079346,43,0,42,1,11
1403715305.062500953674316,43,0,43,0,11
1403715305.112503528594971,42,0,42,0,11
1403715305.162499904632568,42,0,42,0,11
1403715305.212496042251587,45,12,42,3,11
1403715305.262492656707764,45,0,45,0,11
1403715305.312492370605469,47,14,45,2,11
1403715305.362491607666016,48,1,47,1,11
1403715305.412494659423828,48,0,47,0,11
1403715305.462494850158691,48,0,47,0,11
1403715305.512495756149292,48,0,47,1,11
1403715305.562498092651367,48,0,47,0,11
1403715305.612494707107544,48,0,47,0,11
1403715305.662494659423828,48,0,47,1,11
1403715305.712493658065796,48,0,45,0,11
1403715305.762491941452026,48,1,45,0,11
1403715305.812487602233887,46,15,45,1,11
1403715305.862481594085693,47,1,46,1,11
1403715305.912473440170288,49,15,46,3,11
1403715305.962472438812256,49,6,47,0,11
1403715306.012467861175537,49,0,47,1,11
1403715306.062463998794556,49,0,47,1,11
1403715306.112460613250732,49,0,48,0,11
1403715306.162464618682861,49,1,48,1,11
1403715306.212469577789307,50,0,49,1,11
1403715306.262473344802856,50,0,50,0,11
1403715306.312473297119141,50,0,50,0,11
1403715306.362472057342529,50,1,50,0,11
1403715306.412476301193237,49,21,49,0,11
1403715306.462481260299683,47,0,46,0,11
1403715306.512487173080444,50,10,45,3,11
1403715306.562493085861206,48,4,47,0,11
1403715306.612494945526123,44,1,44,0,11
1403715306.662493944168091,44,0,44,0,11
1403715306.712490558624268,42,0,41,1,11
1403715306.762492418289185,43,0,41,1,11
1403715306.812500238418579,42,1,41,0,11
1403715306.862501621246338,41,2,39,1,11
1403715306.912497282028198,40,4,38,0,11
1403715306.962497472763062,38,3,37,0,11
1403715307.012499809265137,45,3,36,9,11
1403715307.062501192092896,37,0,37,0,11
1403715307.112499713897705,48,0,37,11,11
1403715307.162496089935303,50,6,48,2,11
1403715307.212494850158691,50,3,50,0,11
1403715307.262489318847656,49,1,49,0,11
1403715307.312490701675415,49,0,49,0,11
1403715307.362488746643066,49,2,47,0,11
1403715307.412485837936401,47,3,44,0,11
1403715307.462484359741211,49,20,43,4,11
1403715307.512477636337280,46,2,43,0,11
1403715307.562474966049194,43,0,40,1,11
1403715307.612477779388428,44,1,40,3,11
1403715307.662478208541870,43,0,41,1,11
1403715307.712481498718262,40,1,40,0,11
1403715307.762482643127441,42,3,37,4,11
1403715307.812476396560669,42,2,38,1,11
1403715307.862455129623413,44,18,33,8,11
1403715307.912452459335327,41,1,38,1,11
1403715307.962455272674561,41,1,38,1,11
1403715308.012454509735107,40,1,38,1,11
1403715308.062451362609863,50,4,38,10,11
1403715308.112451791763306,49,0,48,0,11
1403715308.162452936172485,49,1,48,1,11
1403715308.212452411651611,46,2,44,1,11
1403715308.262452125549316,50,17,45,4,11
1403715308.312453508377075,46,0,46,0,11
1403715308.362451791763306,44,3,43,0,11
1403715308.412450790405273,42,3,41,0,11
1403715308.462440013885498,48,18,39,8,11
1403715308.512440681457520,48,0,47,0,11
1403715308.562442064285278,46,1,44,1,11
1403715308.612443447113037,47,0,45,1,11
1403715308.662446022033691,48,0,46,2,11
1403715308.712451219558716,49,0,48,1,11
1403715308.762461185455322,49,0,49,0,11
1403715308.812469482421875,49,1,49,0,11
1403715308.862483024597168,50,34,49,1,11
1403715308.912484407424927,50,5,50,0,11
1403715308.962484121322632,50,0,50,0,11
1403715309.012485265731812,50,0,50,0,11
1403715309.062485456466675,50,9,50,0,11
1403715309.112485647201538,50,1,50,0,11
1403715309.162483215332031,50,0,50,0,11
1403715309.212482452392578,50,0,49,0,11
1403715309.262480020523071,50,2,49,0,11
1403715309.312480926513672,49,1,49,0,11
1403715309.362480878829956,49,0,49,0,11
1403715309.412482738494873,49,0,49,0,11
1403715309.462485313415527,50,25,49,1,11
1403715309.512486219406128,49,9,48,0,11
1403715309.562487363815308,49,0,48,0,11
1403715309.612483501434326,48,0,48,0,11
1403715309.662480354309082,50,16,46,2,11
1403715309.712477445602417,50,0,48,0,11
1403715309.762475013732910,47,0,47,0,11
1403715309.812473058700562,47,0,47,0,11
1403715309.862470865249634,49,0,46,2,11
1403715309.912468194961548,50,0,48,1,11
1403715309.962467432022095,49,1,49,0,11
1403715310.012469291687012,49,1,49,0,11
1403715310.062477588653564,50,24,48,1,11
1403715310.112481355667114,50,8,49,0,11
1403715310.162482500076294,48,1,47,0,11
1403715310.212479829788208,47,2,45,1,11
1403715310.262479782104492,48,11,42,3,11
1403715310.312479257583618,48,2,46,0,11
1403715310.362478971481323,48,2,45,3,11
1403715310.412475347518921,47,0,47,0,11
1403715310.462469339370728,45,1,45,0,11
1403715310.512463569641113,45,0,45,0,11
1403715310.562456846237183,45,1,42,1,11
1403715310.612449169158936,44,0,41,0,11
1403715310.662430763244629,45,13,39,5,11
1403715310.712424755096436,47,3,43,4,11
1403715310.762419939041138,49,0,47,2,11
1403715310.812412977218628,48,10,46,1,11
1403715310.862405061721802,49,8,47,1,11
1403715310.912401676177979,48,0,48,0,11
1403715310.962398767471313,49,0,48,1,11
1403715311.012397527694702,49,1,49,0,11
1403715311.062396287918091,49,2,49,0,11
1403715311.112396955490112,47,1,47,0,11
1403715311.162395715713501,47,0,46,0,11
1403715311.212399005889893,49,15,45,3,11
1403715311.262402296066284,48,14,48,0,11
1403715311.312402248382568,48,1,47,0,11
1403715311.362400054931641,48,0,47,0,11
1403715311.412398815155029,48,7,46,2,11
1403715311.462400197982788,49,6,48,1,11
1403715311.512402296066284,49,1,48,1,11
1403715311.562402725219727,48,0,48,0,11
1403715311.612404584884644,47,0,46,0,11
1403715311.662403583526611,46,0,44,0,11
1403715311.712401151657104,45,1,43,1,11
1403715311.762400150299072,43,0,43,0,11
1403715311.812404632568359,48,14,43,5,11
1403715311.862406492233276,49,14,47,2,11
1403715311.912407159805298,49,1,48,0,11
1403715311.962406158447266,47,1,46,0,11
1403715312.012405633926392,49,5,45,2,11
1403715312.062406063079834,49,5,47,1,11
1403715312.112406969070435,46,1,46,0,11
1403715312.162406921386719,40,1,39,0,11
1403715312.212407112121582,48,12,37,10,11
1403715312.262405633926392,47,0,46,1,11
1403715312.312407255172729,42,0,40,0,11
1403715312.362406969070435,39,0,35,1,11
1403715312.412409067153931,46,3,32,10,11
1403715312.462411880493164,47,11,38,5,11
1403715312.512413024902344,46,2,43,2,11
1403715312.562412261962891,42,3,42,0,11
1403715312.612413883209229,43,0,40,3,11
1403715312.662413358688354,42,4,39,3,11
1403715312.712413787841797,41,1,41,0,11
1403715312.762411594390869,41,1,41,0,11
1403715312.812414169311523,47,2,40,7,11
1403715312.862415790557861,50,2,47,3,11
1403715312.912415504455566,48,1,48,0,11
1403715312.962414741516113,45,1,44,0,11
1403715313.012412786483765,49,7,43,4,11
1403715313.062410831451416,50,16,47,2,11
1403715313.112411022186279,49,0,48,1,11
1403715313.162409782409668,49,0,49,0,11
1403715313.212410211563110,49,2,48,1,11
1403715313.262408733367920,47,0,46,0,11
1403715313.312405347824097,47,0,46,0,11
1403715313.362403631210327,47,1,45,1,11
1403715313.412398099899292,48,3,46,1,11
1403715313.462390899658203,49,0,47,2,11
1403715313.512386083602905,49,0,47,0,11
1403715313.562383651733398,50,1,46,1,11
1403715313.612382173538208,48,4,48,0,11
1403715313.662382125854492,49,13,47,1,11
1403715313.712383508682251,49,2,47,0,11
1403715313.762379884719849,49,0,47,1,11
1403715313.812378406524658,50,2,46,1,11
1403715313.862377405166626,49,0,47,1,11
1403715313.912373542785645,48,0,45,0,11
1403715313.962376594543457,48,0,39,1,11
1403715314.012389659881592,46,5,39,0,11
1403715314.062397003173828,44,2,36,3,11
1403715314.112396955490112,41,0,35,0,11
1403715314.162401199340820,39,0,33,2,11
1403715314.212406635284424,38,0,27,7,11
1403715314.262415170669556,40,3,29,8,11
1403715314.312414884567261,41,0,34,5,11
1403715314.362409830093384,40,1,39,0,11
1403715314.412403583526611,43,0,37,4,11
1403715314.462397336959839,42,0,39,1,11
1403715314.512390613555908,41,0,38,0,11
1403715314.562386512756348,40,0,39,0,11
1403715314.612380743026733,43,1,38,4,11
1403715314.662379026412964,45,0,42,2,11
1403715314.712380886077881,47,0,44,3,11
1403715314.762372016906738,48,14,46,2,11
1403715314.812370777130127,48,0,46,1,11
1403715314.862370967864990,46,10,45,0,11
1403715314.912370681762695,46,0,44,1,11
1403715314.962370157241821,45,1,42,0,11
1403715315.012369871139526,44,2,40,1,11
1403715315.062368392944336,48,5,39,8,11
1403715315.112363338470459,47,1,46,0,11
1403715315.162357091903687,48,0,46,1,11
1403715315.212354898452759,48,5,45,2,11
1403715315.262353420257568,48,1,46,0,11
1403715315.312350988388062,47,0,46,0,11
1403715315.362354040145874,49,14,46,3,11
1403715315.412355184555054,49,0,49,0,11
1403715315.462353467941284,49,11,47,0,11
1403715315.512353658676147,49,0,46,0,11
1403715315.562353372573853,48,0,46,1,11
1403715315.612352848052979,48,1,45,1,11
1403715315.662353038787842,49,3,45,2,11
1403715315.712354421615601,48,11,46,0,11
1403715315.762353658676147,46,0,44,1,11
1403715315.812353610992432,44,2,42,0,11
1403715315.862354993820190,43,1,41,1,11
1403715315.912356376647949,42,0,39,1,11
1403715315.962358474731445,48,7,39,6,11
1403715316.012358427047729,48,0,45,2,11
1403715316.062358617782593,47,8,47,0,11
1403715316.112358331680298,45,0,45,0,11
1403715316.162358283996582,44,1,43,0,11
1403715316.212356805801392,44,0,40,1,11
1403715316.262354135513306,40,0,35,2,11
1403715316.312349557876587,45,4,35,8,11
1403715316.362353801727295,44,0,41,1,11
1403715316.412357568740845,48,1,40,5,11
1403715316.462366580963135,45,0,43,0,11
1403715316.512379884719849,42,0,42,0,11
1403715316.562391519546509,46,2,41,5,11
1403715316.612402439117432,46,0,46,0,11
1403715316.662410974502563,48,7,46,2,11
1403715316.712410688400269,50,4,47,2,11
1403715316.762406826019287,50,16,49,0,11
1403715316.812404155731201,50,0,49,1,11
1403715316.862402677536011,48,1,46,0,11
1403715316.912402629852295,48,4,47,0,11
1403715316.962401151657104,49,13,47,2,11
1403715317.012402296066284,49,3,47,0,11
1403715317.062405109405518,46,0,44,0,11
1403715317.112407684326172,46,0,44,2,11
1403715317.162409305572510,45,0,44,1,11
1403715317.212409257888794,44,0,43,0,11
1403715317.262407064437866,48,0,38,5,11
1403715317.312408685684204,48,2,41,3,11
1403715317.362416028976440,50,14,43,4,11
1403715317.412417173385620,48,0,45,2,11
1403715317.462421894073486,48,0,43,0,11
1403715317.512425661087036,47,3,43,2,11
1403715317.562435388565063,49,10,45,4,11
1403715317.612437248229980,49,1,49,0,11
1403715317.662444829940796,50,16,49,1,11
1403715317.712443828582764,49,1,47,0,11
1403715317.762445211410522,49,0,44,0,11
1403715317.812448024749756,46,0,43,1,11
1403715317.862448215484619,45,1,42,2,11
1403715317.912449598312378,46,2,42,2,11
1403715317.962447404861450,45,7,39,4,11
1403715318.012448072433472,42,0,40,1,11
1403715318.062449693679810,42,0,41,0,11
1403715318.112451314926147,45,0,40,4,11
1403715318.162446498870850,49,6,43,5,11
1403715318.212447404861450,49,1,48,1,11
1403715318.262440443038940,50,15,49,1,11
1403715318.312439441680908,50,0,49,0,11
1403715318.362432718276978,50,28,47,0,11
1403715318.412429094314575,49,0,45,1,11
1403715318.462426185607910,48,0,45,1,11
1403715318.512422323226929,44,0,43,0,11
1403715318.562407493591309,49,1,41,6,11
1403715318.612406730651855,48,0,46,2,11
1403715318.662400484085083,47,0,45,0,11
1403715318.712398529052734,43,1,43,0,11
1403715318.762408733367920,48,2,42,6,11
1403715318.812418699264526,48,3,47,1,11
1403715318.862430095672607,50,11,47,2,11
1403715318.912436008453369,50,0,50,0,11
1403715318.962432384490967,49,23,49,0,11
1403715319.012432336807251,49,1,49,0,11
1403715319.062433719635010,49,1,47,0,11
1403715319.112434387207031,46,1,46,0,11
1403715319.162435054779053,44,2,44,0,11
1403715319.212435722351074,41,2,40,0,11
1403715319.262437582015991,40,1,39,0,11
1403715319.312442302703857,50,13,39,11,11
1403715319.362444162368774,47,0,46,0,11
1403715319.412443161010742,47,0,45,0,11
1403715319.462442159652710,48,8,40,4,11
1403715319.512441873550415,45,0,44,0,11
1403715319.562438249588013,48,16,43,5,11
1403715319.612435579299927,48,0,48,0,11
1403715319.662430763244629,43,0,42,0,11
1403715319.712422609329224,43,0,41,0,11
1403715319.762418985366821,42,0,41,1,11
1403715319.812414884567261,42,0,41,0,11
1403715319.862414121627808,41,1,40,1,11
1403715319.912409543991089,50,2,40,9,11
1403715319.962404489517212,49,14,49,0,11
1403715320.012401103973389,47,0,47,0,11
1403715320.062388896942139,49,4,45,3,11
1403715320.112388610839844,46,0,46,0,11
1403715320.162381887435913,48,12,44,4,11
1403715320.212378501892090,48,1,48,0,11
1403715320.262374162673950,47,1,47,0,11
1403715320.312373638153076,47,1,45,0,11
1403715320.362375020980835,46,0,43,0,11
1403715320.412381410598755,46,13,39,5,11
1403715320.462399005889893,46,0,42,0,11
1403715320.512407541275024,42,0,39,1,11
1403715320.562415122985840,50,2,40,8,11
1403715320.612413167953491,48,0,45,2,11
1403715320.662414312362671,48,3,46,2,11
1403715320.712410688400269,47,1,47,0,11
1403715320.762411117553711,50,6,47,3,11
1403715320.812413930892944,49,10,49,0,11
1403715320.862408161163330,47,0,46,0,11
1403715320.912406682968140,47,1,44,0,11
1403715320.962406873703003,46,0,44,0,11
1403715321.012406587600708,49,6,44,5,11
1403715321.062407255172729,49,2,49,0,11
1403715321.112409114837646,49,1,49,0,11
1403715321.162407159805298,50,21,48,1,11
1403715321.212410211563110,50,0,48,0,11
1403715321.262417078018188,50,1,42,1,11
1403715321.312424659729004,50,0,39,1,11
1403715321.362426996231079,50,5,37,6,11
1403715321.412447214126587,50,10,44,4,11
1403715321.462450027465820,50,0,44,1,11
1403715321.512443542480469,50,0,47,2,11
1403715321.562442302703857,50,0,49,1,11
1403715321.612443447113037,50,5,50,0,11
1403715321.662440299987793,50,0,49,0,11
1403715321.712440013885498,50,0,48,0,11
1403715321.762436628341675,50,20,47,1,11
1403715321.812438249588013,50,0,47,1,11
1403715321.862437725067139,50,2,48,1,11
1403715321.912434339523315,50,0,49,1,11
1403715321.962429761886597,48,5,47,0,11
1403715322.012418270111084,49,8,45,2,11
1403715322.062416791915894,49,1,47,1,11
1403715322.112420558929443,48,0,47,1,11
1403715322.162420272827148,48,2,48,0,11
1403715322.212416172027588,50,11,47,2,11
1403715322.262411594390869,50,1,48,0,11
1403715322.312406539916992,48,2,45,1,11
1403715322.362392425537109,49,14,43,3,11
1403715322.412389516830444,46,4,43,1,11
1403715322.462386131286621,45,0,42,2,11
1403715322.512383937835693,43,4,41,0,11
1403715322.562378168106079,46,14,38,8,11
1403715322.612377166748047,49,3,43,4,11
1403715322.662373542785645,48,1,46,0,11
1403715322.712372541427612,46,25,44,1,11
1403715322.762371063232422,45,2,44,1,11
1403715322.812371015548706,47,0,43,3,11
1403715322.862370729446411,46,1,43,0,11
1403715322.912370443344116,45,1,42,1,11
1403715322.962369441986084,48,0,42,5,11
1403715323.012369632720947,48,0,47,0,11
1403715323.062369346618652,46,0,45,1,11
1403715323.112368822097778,46,1,46,0,11
1403715323.162368774414062,49,5,45,4,11
1403715323.212370872497559,49,3,48,1,11
1403715323.262372970581055,49,19,47,1,11
1403715323.312375307083130,50,14,49,1,11
1403715323.362375497817993,47,0,46,0,11
1403715323.412376880645752,45,0,44,0,11
1403715323.462378263473511,44,2,44,0,11
1403715323.512380599975586,44,2,44,0,11
1403715323.562374830245972,44,3,42,1,11
1403715323.612363338470459,44,4,42,0,11
1403715323.662351608276367,40,5,37,1,11
1403715323.712339639663696,38,4,35,0,11
1403715323.762331008911133,41,1,33,4,11
1403715323.812328338623047,48,4,35,10,11
1403715323.862329244613647,47,8,42,3,11
1403715323.912327051162720,48,4,42,4,11
1403715323.962325811386108,43,1,42,0,11
1403715324.012327671051025,41,1,36,1,11
1403715324.062328815460205,41,1,36,0,11
1403715324.112325668334961,39,2,36,2,11
1403715324.162319421768188,37,0,36,0,11
1403715324.212316036224365,43,0,36,6,11
1403715324.262319087982178,50,2,41,8,11
1403715324.312321901321411,50,1,48,0,11
1403715324.362328767776489,49,8,49,0,11
1403715324.412330150604248,50,1,49,1,11
1403715324.462330102920532,50,3,50,0,11
1403715324.512332439422607,49,3,49,0,11
1403715324.562343597412109,50,12,49,1,11
1403715324.612347602844238,50,0,50,0,11
1403715324.662356615066528,50,0,49,0,11
1403715324.712366342544556,50,2,48,0,11
1403715324.762372970581055,50,1,47,1,11
1403715324.812377929687500,50,0,47,1,11
1403715324.862385749816895,50,2,48,1,11
1403715324.912390470504761,50,1,49,1,11
1403715324.962398529052734,50,9,50,0,11
1403715325.012395858764648,50,1,50,0,11
1403715325.062392234802246,50,3,49,0,11
1403715325.112388372421265,50,6,49,0,11
1403715325.162383556365967,50,11,49,1,11
1403715325.212384462356567,50,0,50,0,11
1403715325.262386083602905,50,0,49,0,11
1403715325.312388896942139,50,2,49,0,11
1403715325.362386465072632,49,5,49,0,11
1403715325.412390708923340,49,0,49,0,11
1403715325.462392091751099,50,0,49,1,11
1403715325.512391328811646,50,0,49,0,11
1403715325.562387466430664,50,8,47,0,11
1403715325.612382173538208,49,0,47,0,11
1403715325.662377595901489,49,3,47,2,11
1403715325.712374925613403,50,6,49,1,11
1403715325.762370347976685,50,8,50,0,11
1403715325.812369823455811,50,0,50,0,11
1403715325.862369537353516,50,0,50,0,11
1403715325.912368535995483,50,2,49,0,11
1403715325.962369203567505,50,5,49,0,11
1403715326.012369394302368,50,0,49,1,11
1403715326.062369108200073,50,0,50,0,11
1403715326.112367868423462,50,0,48,0,11
1403715326.162370204925537,50,9,48,0,11
1403715326.212370157241821,49,1,48,1,11
1403715326.262373208999634,50,6,45,1,11
1403715326.312382698059082,50,7,33,0,11
1403715326.362397193908691,49,13,33,4,11
1403715326.412413597106934,49,12,36,12,11
1403715326.462415933609009,49,0,48,0,11
1403715326.512408971786499,50,1,48,2,11
1403715326.562394380569458,49,7,49,0,11
1403715326.612387418746948,49,0,49,0,11
1403715326.662383317947388,49,0,48,0,11
1403715326.712381601333618,49,0,48,0,11
1403715326.762382745742798,50,9,48,2,11
1403715326.812385797500610,50,2,50,0,11
1403715326.862387895584106,49,6,49,0,11
1403715326.912387847900391,50,4,48,1,11
1403715326.962386369705200,50,11,49,0,11
1403715327.012383937835693,50,13,49,1,11
1403715327.062384605407715,50,0,50,0,11
1403715327.112385511398315,50,1,50,0,11
1403715327.162384271621704,50,6,50,0,11
1403715327.212386369705200,50,0,49,0,11
1403715327.262388229370117,50,0,49,0,11
1403715327.312388896942139,50,0,49,1,11
1403715327.362388134002686,49,5,49,0,11
1403715327.412388086318970,50,0,49,1,11
1403715327.462388277053833,49,7,48,0,11
1403715327.512387752532959,50,5,48,1,11
1403715327.562387466430664,50,8,49,1,11
1403715327.612386465072632,50,14,49,0,11
1403715327.662384986877441,50,0,49,0,11
1403715327.712387561798096,49,1,48,1,11
1403715327.762390851974487,50,2,48,1,11
1403715327.812394618988037,50,2,49,0,11
1403715327.862396955490112,50,1,49,1,11
1403715327.912395000457764,50,2,50,0,11
1403715327.962394714355469,50,27,47,0,11
1403715328.012393951416016,48,1,45,0,11
1403715328.062393426895142,48,2,45,3,11
1403715328.112387180328369,49,1,47,2,11
1403715328.162387132644653,50,5,48,1,11
1403715328.212383747100830,50,14,47,0,11
1403715328.262382745742798,50,0,47,1,11
1403715328.312381982803345,48,0,48,0,11
1403715328.362385749816895,49,1,47,1,11
1403715328.412386894226074,49,0,48,0,11
1403715328.462391138076782,47,0,47,0,11
1403715328.512391328811646,47,0,46,0,11
1403715328.562403678894043,50,17,46,3,11
1403715328.612406969070435,50,0,49,1,11
1403715328.662409543991089,50,3,50,0,11
1403715328.712407827377319,50,1,50,0,11
1403715328.762409687042236,50,5,50,0,11
1403715328.812405586242676,50,12,50,0,11
1403715328.862391471862793,50,0,49,0,11
1403715328.912375450134277,50,2,42,0,11
1403715328.962359189987183,49,0,35,0,11
1403715329.012353897094727,48,0,27,6,11
1403715329.062350749969482,46,1,23,5,11
1403715329.112353086471558,45,0,25,7,11
1403715329.162363052368164,47,12,32,13,11
1403715329.212374448776245,46,0,44,0,11
1403715329.262387990951538,46,0,44,1,11
1403715329.312400579452515,47,0,45,2,11
1403715329.362411260604858,48,0,47,1,11
1403715329.412424564361572,49,9,48,1,11
1403715329.462422847747803,48,2,48,0,11
1403715329.512419462203979,48,1,48,0,11
1403715329.562417984008789,48,0,48,0,11
1403715329.612421751022339,48,2,47,1,11
1403715329.662424087524414,49,1,48,1,11
1403715329.712429285049438,48,0,48,0,11
1403715329.762432575225830,48,6,47,0,11
1403715329.812429666519165,48,0,46,0,11
1403715329.862434864044189,47,35,47,0,11
1403715329.912436485290527,49,1,47,2,11
1403715329.962440013885498,50,0,49,1,11
1403715330.012440919876099,50,10,49,0,11
1403715330.062441587448120,50,0,48,0,11
1403715330.112437248229980,49,1,39,0,11
1403715330.162439823150635,49,0,40,2,11
1403715330.212431907653809,47,1,41,6,11
1403715330.262431859970093,47,0,47,0,11
1403715330.312432527542114,47,0,47,0,11
1403715330.362433433532715,49,4,47,2,11
1403715330.412435293197632,49,1,49,0,11
1403715330.462424755096436,49,35,49,0,11
1403715330.512425184249878,50,1,49,1,11
1403715330.562426090240479,50,0,50,0,11
1403715330.612427473068237,50,9,50,0,11
1403715330.662428617477417,50,0,50,0,11
1403715330.712428092956543,50,1,50,0,11
1403715330.762428522109985,50,0,50,0,11
1403715330.812427520751953,50,1,50,0,11
1403715330.862426519393921,50,0,50,0,11
1403715330.912426233291626,50,1,50,0,11
1403715330.962427377700806,50,3,50,0,11
1403715331.012428760528564,50,0,50,0,11
1403715331.062429904937744,50,33,50,0,11
1403715331.112429857254028,50,2,50,0,11
1403715331.162425041198730,50,0,50,0,11
1403715331.212420463562012,50,7,49,0,11
1403715331.262414932250977,49,1,48,0,11
1403715331.312406539916992,50,1,48,2,11
1403715331.362398386001587,49,2,47,0,11
1403715331.412391901016235,49,1,47,0,11
1403715331.462384462356567,48,0,47,1,11
1403715331.512383222579956,48,0,48,0,11
1403715331.562387228012085,49,1,48,1,11
1403715331.612386941909790,49,0,49,0,11
1403715331.662387371063232,50,29,49,1,11
1403715331.712386608123779,50,0,50,0,11
1403715331.762387514114380,50,0,50,0,11
1403715331.812391519546509,50,8,50,0,11
1403715331.862393617630005,50,1,50,0,11
1403715331.912397623062134,50,1,49,0,11
1403715331.962401628494263,50,2,49,0,11
1403715332.012404441833496,49,1,48,1,11
1403715332.062407493591309,50,0,49,1,11
1403715332.112409353256226,50,0,50,0,11
1403715332.162410736083984,50,1,50,0,11
1403715332.212412595748901,50,0,50,0,11
1403715332.262414216995239,50,27,50,0,11
1403715332.312412738800049,50,0,50,0,11
1403715332.362412929534912,50,0,50,0,11
1403715332.412412405014038,50,8,50,0,11
1403715332.462413549423218,50,0,49,0,11
1403715332.512410163879395,50,1,48,0,11
1403715332.562413930892944,50,1,48,1,11
1403715332.612421035766602,49,1,48,0,11
1403715332.662428617477417,49,0,49,0,11
1403715332.712438821792603,49,0,49,0,11
1403715332.762435436248779,49,1,48,0,11
1403715332.812436103820801,49,0,49,0,11
1403715332.862434387207031,50,27,49,1,11
1403715332.912432909011841,50,0,50,0,11
1403715332.962430000305176,50,1,49,0,11
1403715333.012417793273926,50,7,48,0,11
1403715333.062425851821899,50,1,45,1,11
1403715333.112435579299927,48,2,36,1,11
1403715333.162448644638062,48,1,39,2,11
1403715333.212462663650513,48,1,40,7,11
1403715333.262472867965698,48,2,47,1,11
1403715333.312481641769409,48,2,48,0,11
1403715333.362487077713013,48,2,47,0,11
1403715333.412492275238037,48,0,47,0,11
1403715333.462504863739014,50,23,47,3,11
1403715333.512505292892456,50,0,50,0,11
1403715333.562506675720215,49,0,48,0,11
1403715333.612510681152344,49,36,48,1,11
1403715333.662509918212891,49,1,47,0,11
1403715333.712512254714966,50,0,45,1,11
1403715333.762512922286987,48,2,42,3,11
1403715333.812513113021851,46,3,42,1,11
1403715333.862517118453979,44,0,39,0,11
1403715333.912520885467529,44,3,39,2,11
1403715333.962529659271240,41,1,41,0,11
1403715334.012536525726318,41,2,40,0,11
1403715334.062547445297241,49,11,40,8,11
1403715334.112549066543579,48,2,47,1,11
1403715334.162547349929810,47,1,46,0,11
1403715334.212552309036255,50,17,46,3,11
1403715334.262550830841064,50,1,49,1,11
1403715334.312550544738770,48,1,48,0,11
1403715334.362550020217896,47,1,45,0,11
1403715334.412555694580078,47,24,44,1,11
1403715334.462554216384888,47,0,42,1,11
1403715334.512553215026855,46,0,42,0,11
1403715334.562555313110352,45,0,41,2,11
1403715334.612553119659424,43,0,41,0,11
1403715334.662558794021606,48,3,37,8,11
1403715334.712561845779419,48,0,47,0,11
1403715334.762562990188599,46,0,46,0,11
1403715334.812564611434937,50,14,46,4,11
1403715334.862564086914062,50,0,49,0,11
1403715334.912564754486084,49,3,47,0,11
1403715334.962564706802368,49,0,48,0,11
1403715335.012564182281494,49,23,45,2,11
1403715335.062564134597778,48,0,45,0,11
1403715335.112563610076904,45,1,44,0,11
1403715335.162563800811768,45,2,43,2,11
1403715335.212563276290894,49,10,43,5,11
1403715335.262563228607178,49,0,46,1,11
1403715335.312562227249146,46,0,45,0,11
1403715335.362562894821167,45,0,44,0,11
1403715335.412565469741821,50,31,43,6,11
1403715335.462565660476685,48,0,45,0,11
1403715335.512565374374390,47,2,44,0,11
1403715335.562565565109253,45,0,42,0,11
1403715335.612565755844116,48,14,40,6,11
1403715335.662564516067505,47,0,46,0,11
1403715335.712566137313843,46,3,44,1,11
1403715335.762566566467285,46,1,44,0,11
1403715335.812567234039307,49,4,43,4,11
1403715335.862569093704224,46,1,44,0,11
1403715335.912569522857666,46,1,43,1,11
1403715335.962569713592529,43,1,43,0,11
1403715336.012571573257446,50,28,43,7,11
1403715336.062571525573730,49,1,48,0,11
1403715336.112566232681274,49,2,48,0,11
1403715336.162564039230347,48,1,45,1,11
1403715336.212563753128052,47,8,44,1,11
1403715336.262568235397339,47,0,46,1,11
1403715336.312574863433838,47,1,45,0,11
1403715336.362577915191650,47,0,44,0,11
1403715336.412580966949463,49,1,42,4,11
1403715336.462582111358643,45,8,44,0,11
1403715336.512582302093506,45,3,42,1,11
1403715336.562582254409790,45,1,44,0,11
1403715336.612581014633179,48,19,44,4,11
1403715336.662581205368042,48,1,46,0,11
1403715336.712581872940063,47,0,45,0,11
1403715336.762583255767822,45,1,44,0,11
1403715336.812585115432739,50,1,44,5,11
1403715336.862587690353394,49,0,48,0,11
1403715336.912588596343994,46,3,46,0,11
1403715336.962590932846069,44,0,44,0,11
1403715337.012591361999512,47,4,42,4,11
1403715337.062592267990112,48,8,46,1,11
1403715337.112590789794922,45,1,44,1,11
1403715337.162589550018311,44,0,43,0,11
1403715337.212587594985962,46,9,43,2,11
1403715337.262585639953613,44,1,44,0,11
1403715337.312582731246948,49,3,43,6,11
1403715337.362582445144653,47,0,47,0,11
1403715337.412580966949463,49,14,46,3,11
1403715337.462580442428589,46,0,44,0,11
1403715337.512578964233398,41,2,37,1,11
1403715337.562578678131104,38,2,36,0,11
1403715337.612577676773071,39,1,35,3,11
1403715337.662576198577881,43,1,34,6,11
1403715337.712576866149902,35,2,33,0,11
1403715337.762577772140503,33,2,33,0,11
1403715337.812577486038208,39,1,33,6,11
1403715337.862577676773071,35,1,34,0,11
1403715337.912577629089355,32,3,31,1,11
1403715337.962577819824219,30,2,29,0,11
1403715338.012577295303345,39,1,25,12,11
1403715338.062577247619629,38,0,35,0,11
1403715338.112578392028809,40,2,33,4,11
1403715338.162578821182251,36,5,33,1,11
1403715338.212579727172852,42,0,34,7,11
1403715338.262580394744873,41,0,40,0,11
1403715338.312580585479736,45,2,38,6,11
1403715338.362581253051758,45,1,41,3,11
1403715338.412581682205200,42,2,40,1,11
1403715338.462580919265747,42,2,41,0,11
1403715338.512581110000610,41,2,40,1,11
1403715338.562581539154053,40,2,40,0,11
1403715338.612582206726074,41,3,38,3,11
1403715338.662581920623779,41,1,41,0,11
1403715338.712581634521484,40,0,39,0,11
1403715338.762582302093506,36,1,36,0,11
1403715338.812582254409790,35,4,34,0,11
1403715338.862582445144653,36,8,30,4,11
1403715338.912580728530884,33,6,33,0,11
1403715338.962581634521484,34,2,32,2,11
1403715339.012581825256348,37,5,34,3,11
1403715339.062582492828369,42,0,33,8,11
1403715339.112582206726074,42,2,41,0,11
1403715339.162582874298096,40,1,38,0,11
1403715339.212582588195801,45,1,38,5,11
1403715339.262583255767822,44,3,40,1,11
1403715339.312583208084106,49,1,41,6,11
1403715339.362583160400391,47,6,46,1,11
1403715339.412582635879517,48,3,47,1,11
1403715339.462583303451538,45,0,44,0,11
1403715339.512581825256348,45,1,41,1,11
1403715339.562580823898315,47,3,42,3,11
1403715339.612581014633179,46,1,44,2,11
1403715339.662582397460938,46,1,46,0,11
1403715339.712582826614380,46,0,45,0,11
1403715339.762582302093506,47,1,44,3,11
1403715339.812581300735474,44,3,42,0,11
1403715339.862579822540283,42,0,40,0,11
1403715339.912577152252197,41,1,38,3,11
1403715339.962573289871216,49,5,41,8,11
1403715340.012570858001709,49,2,47,1,11
1403715340.062569141387939,49,2,47,0,11
1403715340.112567663192749,48,4,46,1,11
1403715340.162564754486084,48,2,47,1,11
1403715340.212560415267944,46,4,46,0,11
1403715340.262559652328491,44,1,43,1,11
1403715340.312559604644775,48,0,44,4,11
1403715340.362558364868164,48,1,47,1,11
1403715340.412556886672974,46,1,45,0,11
1403715340.462551116943359,48,0,45,2,11
1403715340.512547492980957,47,0,45,1,11
1403715340.562543630599976,46,2,43,1,11
1403715340.612536668777466,46,0,44,1,11
1403715340.662528514862061,45,0,43,0,11
1403715340.712522029876709,47,1,43,3,11
1403715340.762515068054199,48,1,46,2,11
1403715340.812513113021851,48,0,47,0,11
1403715340.862511873245239,48,0,46,0,11
1403715340.912511825561523,48,1,46,1,11
1403715340.962510108947754,49,4,44,3,11
1403715341.012511253356934,49,1,46,0,11
1403715341.062512874603271,48,4,44,1,11
1403715341.112515211105347,48,1,44,2,11
1403715341.162517070770264,48,9,45,3,11
1403715341.212516307830811,48,1,43,2,11
1403715341.262516260147095,47,2,44,1,11
1403715341.312516450881958,47,0,44,2,11
1403715341.362516403198242,47,3,45,1,11
1403715341.412515640258789,47,2,45,2,11
1403715341.462513446807861,45,0,45,0,11
1403715341.512512445449829,45,0,44,1,11
1403715341.562510013580322,50,0,43,5,11
1403715341.612509489059448,47,2,45,0,11
1403715341.662509918212891,48,5,45,3,11
1403715341.712509870529175,46,2,44,0,11
1403715341.762507677078247,49,3,44,3,11
1403715341.812507152557373,48,2,47,1,11
1403715341.862507581710815,50,5,48,2,11
1403715341.912508010864258,49,0,49,0,11
1403715341.962506771087646,49,3,49,0,11
1403715342.012506484985352,49,3,49,0,11
1403715342.062507390975952,50,0,48,1,11
1403715342.112509250640869,50,4,49,0,11
1403715342.162512063980103,49,3,49,0,11
1403715342.212514638900757,48,0,48,0,11
1403715342.262520074844360,49,5,48,1,11
1403715342.312527656555176,50,9,49,1,11
1403715342.362529039382935,49,0,48,0,11
1403715342.412528276443481,49,1,47,0,11
1403715342.462527036666870,49,3,47,1,11
1403715342.512529373168945,47,0,46,0,11
1403715342.562526226043701,47,1,37,1,11
1403715342.612520217895508,47,2,29,2,11
1403715342.662517309188843,44,0,29,5,11
1403715342.712516069412231,42,1,30,7,11
1403715342.762518405914307,44,0,37,4,11
1403715342.812521934509277,44,1,40,3,11
1403715342.862529277801514,48,3,43,4,11
1403715342.912532091140747,49,3,42,3,11
1403715342.962532281875610,49,0,45,0,11
1403715343.012536525726318,47,2,44,3,11
1403715343.062541007995605,50,7,47,3,11
1403715343.112543582916260,50,1,49,0,11
1403715343.162544012069702,50,1,49,0,11
1403715343.212543725967407,48,0,47,0,11
1403715343.262543201446533,48,1,46,1,11
1403715343.312543153762817,47,0,44,1,11
1403715343.362542390823364,46,3,42,0,11
1403715343.412542343139648,45,8,39,1,11
1403715343.462543964385986,45,0,40,2,11
1403715343.512549161911011,44,2,38,5,11
1403715343.562555313110352,44,1,42,0,11
1403715343.612560272216797,44,1,42,1,11
1403715343.662564516067505,48,3,42,6,11
1403715343.712568998336792,48,14,46,1,11
1403715343.762571573257446,47,0,45,0,11
1403715343.812572479248047,43,0,42,0,11
1403715343.862571239471436,42,2,42,0,11
1403715343.912570714950562,40,1,40,0,11
1403715343.962570667266846,40,4,38,0,11
1403715344.012570619583130,42,3,38,2,11
1403715344.062571525573730,47,1,37,9,11
1403715344.112571954727173,45,4,45,0,11
1403715344.162571668624878,44,1,43,0,11
1403715344.212572574615479,44,7,44,0,11
1403715344.262572765350342,42,2,40,0,11
1403715344.312574863433838,46,3,38,6,11
1403715344.362573862075806,46,1,40,1,11
1403715344.412574529647827,45,6,39,2,11
1403715344.462575435638428,43,1,39,1,11
1403715344.512576103210449,40,2,40,0,11
1403715344.562577009201050,41,3,38,3,11
1403715344.612576961517334,40,1,40,0,11
1403715344.662575721740723,40,2,38,0,11
1403715344.712574958801270,44,0,35,5,11
1403715344.762574195861816,42,1,39,0,11
1403715344.812575817108154,42,2,38,3,11
1403715344.862576961517334,42,1,42,0,11
1403715344.912576198577881,49,3,38,8,11
1403715344.962574481964111,47,4,45,0,11
1403715345.012572526931763,48,3,44,3,11
1403715345.062571048736572,45,5,44,0,11
1403715345.112570285797119,46,3,42,3,11
1403715345.162570953369141,48,6,44,2,11
1403715345.212572336196899,46,0,43,0,11
1403715345.262573480606079,48,0,43,3,11
1403715345.312574386596680,48,2,45,2,11
1403715345.362574577331543,50,3,47,2,11
1403715345.412575006484985,47,4,46,0,11
1403715345.462575674057007,47,4,45,0,11
1403715345.512575864791870,47,0,43,3,11
1403715345.562576293945312,49,0,43,3,11
1403715345.612576484680176,48,1,47,0,11
1403715345.662576198577881,50,11,46,3,11
1403715345.712576627731323,50,3,48,0,11
1403715345.762576580047607,49,1,43,0,11
1403715345.812576770782471,48,4,43,3,11
1403715345.862576961517334,48,3,46,2,11
1403715345.912577629089355,50,10,47,2,11
1403715345.962577581405640,49,5,47,0,11
1403715346.012578248977661,49,2,48,1,11
1403715346.062578678131104,45,0,45,0,11
1403715346.112576723098755,47,3,44,3,11
1403715346.162573337554932,46,1,46,0,11
1403715346.212568759918213,47,3,45,2,11
1403715346.262566328048706,48,7,47,1,11
1403715346.312566995620728,48,0,47,0,11
1403715346.362567186355591,48,1,47,0,11
1403715346.412567377090454,49,0,47,2,11
1403715346.462567329406738,49,0,49,0,11
1403715346.512565135955811,49,21,48,1,11
1403715346.562564611434937,49,3,48,1,11
1403715346.612565040588379,48,1,48,0,11
1403715346.662565946578979,48,0,48,0,11
1403715346.712567090988159,50,6,48,2,11
1403715346.762567758560181,49,0,49,0,11
1403715346.812568426132202,49,3,48,1,11
1403715346.862568855285645,48,5,48,0,11
1403715346.912568330764771,47,0,47,0,11
1403715346.962568044662476,47,2,47,0,11
1403715347.012567758560181,47,1,47,0,11
1403715347.062569141387939,50,3,46,3,11
1403715347.112569093704224,49,16,48,0,11
1403715347.162567615509033,50,1,48,2,11
1403715347.212565898895264,50,0,50,0,11
1403715347.262564182281494,49,10,49,0,11
1403715347.312562465667725,50,1,49,1,11
1403715347.362561702728271,49,1,49,0,11
1403715347.412561655044556,46,4,45,0,11
1403715347.462561368942261,45,1,42,3,11
1403715347.512561321258545,43,0,43,0,11
1403715347.562562465667725,42,2,42,0,11
1403715347.612562894821167,41,1,41,0,11
1403715347.662562847137451,42,1,38,2,11
1403715347.712562322616577,46,11,39,4,11
1403715347.762562274932861,43,1,40,0,11
1403715347.812562465667725,42,0,40,0,11
1403715347.862560987472534,48,0,40,8,11
1403715347.912559270858765,48,4,45,1,11
1403715347.962557554244995,48,5,45,2,11
1403715348.012556552886963,48,1,44,2,11
1403715348.062554359436035,45,7,43,2,11
1403715348.112552881240845,44,0,43,0,11
1403715348.162550926208496,41,1,40,0,11
1403715348.212549448013306,40,0,37,0,11
1403715348.262547969818115,39,0,33,1,11
1403715348.312544345855713,45,1,33,7,11
1403715348.362539052963257,45,7,36,7,11
1403715348.412536382675171,42,1,41,0,11
1403715348.462533473968506,40,0,37,0,11
1403715348.512530565261841,41,0,37,1,11
1403715348.562530040740967,42,0,37,5,11
1403715348.612530946731567,48,9,38,7,11
1403715348.662531137466431,49,2,41,2,11
1403715348.712531805038452,47,0,43,1,11
1403715348.762533426284790,43,0,43,0,11
1403715348.812534093856812,42,1,42,0,11
1403715348.862532854080200,40,3,40,0,11
1403715348.912533283233643,38,1,37,0,11
1403715348.962536811828613,49,8,37,11,11
1403715349.012533664703369,48,1,47,1,11
1403715349.062532901763916,47,0,47,0,11
1403715349.112531423568726,48,2,47,1,11
1403715349.162531375885010,48,0,47,0,11
1403715349.212529659271240,50,4,46,2,11
1403715349.262529611587524,50,2,48,1,11
1403715349.312529325485229,49,1,49,0,11
1403715349.362529277801514,50,4,49,1,11
1403715349.412529706954956,50,0,50,0,11
1403715349.462530136108398,50,0,49,0,11
1403715349.512530088424683,50,0,49,0,11
1403715349.562529087066650,49,9,49,0,11
1403715349.612527608871460,48,0,48,0,11
1403715349.662524938583374,48,0,48,0,11
1403715349.712521791458130,48,0,47,0,11
1403715349.762519121170044,48,0,46,0,11
1403715349.812516450881958,49,3,45,2,11
1403715349.862514734268188,50,19,46,2,11
1403715349.912513971328735,46,1,44,0,11
1403715349.962515830993652,46,3,42,1,11
1403715350.012519598007202,44,0,40,0,11
1403715350.062522649765015,44,0,39,2,11
1403715350.112517595291138,43,0,39,1,11
1403715350.162513494491577,46,6,38,6,11
1403715350.212513446807861,45,0,42,2,11
1403715350.262512207031250,45,1,45,0,11
1403715350.312507152557373,49,11,43,5,11
1403715350.362507820129395,49,0,47,0,11
1403715350.412506818771362,48,0,45,2,11
1403715350.462509155273438,49,12,47,2,11
1403715350.512513875961304,48,0,48,0,11
1403715350.562518119812012,49,3,48,1,11
1403715350.612519979476929,49,0,49,0,11
1403715350.662519693374634,48,0,47,0,11
1403715350.712519407272339,49,0,47,1,11
1403715350.762518882751465,49,6,48,1,11
1403715350.812517642974854,49,17,49,0,11
1403715350.862517595291138,49,0,49,0,11
1403715350.912517309188843,50,8,48,1,11
1403715350.962518215179443,50,0,49,0,11
1403715351.012520074844360,49,0,49,0,11
1403715351.062521219253540,49,9,49,0,11
1403715351.112522840499878,49,0,49,0,11
1403715351.162525653839111,49,3,48,0,11
1403715351.212525606155396,49,1,47,0,11
1403715351.262526750564575,48,0,47,0,11
1403715351.312524795532227,47,3,47,0,11
1403715351.362522602081299,48,6,45,2,11
1403715351.412523269653320,48,11,46,0,11
1403715351.462523221969604,47,0,45,0,11
1403715351.512524127960205,50,6,46,4,11
1403715351.562523603439331,50,0,49,0,11
1403715351.612522602081299,50,0,49,1,11
1403715351.662521600723267,50,12,48,0,11
1403715351.712520599365234,48,0,46,0,11
1403715351.762518167495728,47,1,42,2,11
1403715351.812516212463379,46,2,42,0,11
1403715351.862513065338135,41,0,39,0,11
1403715351.912511110305786,41,0,39,0,11
1403715351.962507009506226,45,2,38,7,11
1403715352.012507438659668,48,9,43,3,11
1403715352.062509298324585,47,0,46,0,11
1403715352.112514972686768,50,1,45,4,11
1403715352.162517786026001,50,0,49,0,11
1403715352.212523221969604,49,14,47,1,11
1403715352.262528181076050,50,6,48,1,11
1403715352.312528371810913,48,0,48,0,11
1403715352.362525701522827,48,4,48,0,11
1403715352.412524938583374,46,3,46,0,11
1403715352.462524414062500,46,4,46,0,11
1403715352.512523651123047,44,1,44,0,11
1403715352.562523126602173,45,8,43,2,11
1403715352.612521171569824,48,3,44,4,11
1403715352.662521362304688,47,0,47,0,11
1403715352.712521314620972,47,0,47,0,11
1403715352.762522459030151,47,0,45,0,11
1403715352.812525510787964,48,13,46,1,11
1403715352.862526893615723,48,1,47,1,11
1403715352.912529468536377,49,2,48,1,11
1403715352.962533712387085,48,4,48,0,11
1403715353.012536525726318,48,2,48,0,11
1403715353.062538623809814,50,16,48,2,11
1403715353.112539529800415,50,0,50,0,11
1403715353.162540674209595,50,5,50,0,11
1403715353.212538242340088,50,3,50,0,11
1403715353.262538671493530,49,0,49,0,11
1403715353.312539815902710,49,1,49,0,11
1403715353.362540960311890,49,0,49,0,11
1403715353.412542343139648,48,9,48,0,11
1403715353.462542057037354,48,0,47,0,11
1403715353.512540578842163,48,0,47,0,11
1403715353.562540531158447,48,1,47,1,11
1403715353.612540245056152,47,1,47,0,11
1403715353.662538290023804,49,10,46,3,11
1403715353.712538957595825,49,0,49,0,11
1403715353.762537717819214,50,5,49,1,11
1403715353.812537431716919,49,1,49,0,11
1403715353.862537622451782,49,0,49,0,11
1403715353.912537574768066,49,0,49,0,11
1403715353.962537288665771,49,1,49,0,11
1403715354.012536525726318,49,8,49,0,11
1403715354.062535285949707,49,0,48,0,11
1403715354.112533569335938,49,0,47,0,11
1403715354.162534713745117,47,13,46,0,11
1403715354.212535619735718,46,1,45,1,11
1403715354.262537240982056,50,5,46,4,11
1403715354.312539577484131,50,0,50,0,11
1403715354.362541675567627,50,4,50,0,11
1403715354.412543058395386,50,2,50,0,11
1403715354.462544441223145,50,0,50,0,11
1403715354.512545824050903,50,0,50,0,11
1403715354.562546014785767,48,0,48,0,11
1403715354.612544775009155,50,4,48,2,11
1403715354.662544250488281,50,0,50,0,11
1403715354.712544441223145,50,0,50,0,11
1403715354.762543678283691,50,12,50,0,11
1403715354.812544345855713,50,0,50,0,11
1403715354.862541913986206,50,3,50,0,11
1403715354.912539720535278,50,8,50,0,11
1403715354.962537527084351,50,4,50,0,11
1403715355.012537717819214,50,1,50,0,11
1403715355.062537670135498,49,0,48,0,11
1403715355.112536191940308,49,0,47,0,11
1403715355.162533283233643,49,0,47,1,11
1403715355.212530851364136,49,2,48,1,11
1403715355.262529611587524,48,0,47,1,11
1403715355.312529087066650,47,0,47,0,11
1403715355.362527370452881,47,11,42,2,11
1403715355.412524700164795,47,3,43,0,11
1403715355.462523698806763,45,0,38,5,11
1403715355.512521266937256,46,4,42,2,11
1403715355.562520980834961,47,0,41,4,11
1403715355.612519741058350,48,1,44,3,11
1403715355.662519931793213,45,0,45,0,11
1403715355.712518930435181,43,2,43,0,11
1403715355.762518405914307,42,1,42,0,11
1403715355.812517881393433,42,3,41,0,11
1403715355.862515449523926,47,0,41,5,11
1403715355.912514925003052,47,0,44,1,11
1403715355.962512493133545,49,7,44,3,11
1403715356.012512683868408,49,1,47,2,11
1403715356.062512397766113,48,0,48,0,11
1403715356.112511157989502,49,7,48,1,11
1403715356.162509679794312,49,0,49,0,11
1403715356.212509393692017,49,0,49,0,11
1403715356.262509107589722,50,10,49,1,11
1403715356.312510013580322,47,2,47,0,11
1403715356.362511634826660,47,1,47,0,11
1403715356.412512302398682,47,1,47,0,11
1403715356.462512254714966,47,2,46,1,11
1403715356.512513399124146,47,0,47,0,11
1403715356.562514066696167,50,3,47,3,11
1403715356.612513542175293,49,5,49,0,11
1403715356.662512302398682,47,0,47,0,11
1403715356.712512493133545,48,6,46,1,11
1403715356.762510061264038,47,2,44,0,11
1403715356.812509775161743,47,0,41,1,11
1403715356.862508773803711,46,6,41,3,11
1403715356.912505388259888,45,0,42,1,11
1403715356.962503671646118,43,2,40,0,11
1403715357.012504816055298,42,2,37,2,11
1403715357.062506675720215,41,4,38,0,11
1403715357.112508058547974,42,0,36,5,11
1403715357.162510395050049,43,0,41,2,11
1403715357.212510585784912,47,1,42,4,11
1403715357.262509822845459,47,1,43,0,11
1403715357.312508821487427,45,5,42,0,11
1403715357.362506389617920,43,1,41,2,11
1403715357.412503004074097,46,1,42,3,11
1403715357.462497711181641,49,2,43,4,11
1403715357.512495517730713,49,0,47,1,11
1403715357.562493324279785,48,7,47,1,11
1403715357.612494468688965,47,0,47,0,11
1403715357.662496566772461,48,3,45,2,11
1403715357.712499856948853,47,2,45,0,11
1403715357.762500762939453,46,0,44,0,11
1403715357.812500238418579,46,0,44,1,11
1403715357.862500905990601,48,0,44,3,11
1403715357.912503242492676,47,5,47,0,11
1403715357.962503433227539,47,0,47,0,11
1403715358.012503623962402,46,1,46,0,11
1403715358.062504053115845,45,0,44,0,11
1403715358.112506389617920,45,1,43,1,11
1403715358.162507295608521,50,3,44,6,11
1403715358.212507247924805,50,0,50,0,11
1403715358.262507438659668,49,3,48,0,11
1403715358.312507629394531,48,0,47,0,11
1403715358.362507581710815,48,1,45,2,11
1403715358.412508010864258,48,6,46,1,11
1403715358.462509155273438,48,1,46,1,11
1403715358.512508869171143,47,2,46,0,11
1403715358.562508821487427,46,2,42,1,11
1403715358.612508058547974,48,3,36,3,11
1403715358.662504196166992,46,1,32,1,11
1403715358.712503194808960,43,1,17,6,11
1403715358.762502431869507,39,2,19,3,11
1403715358.812496185302734,30,6,16,9,11
1403715358.862491369247437,35,3,21,9,11
1403715358.912488222122192,36,2,21,6,11
1403715358.962484598159790,35,0,25,2,11
1403715359.012470722198486,35,2,27,6,11
1403715359.062466859817505,34,2,29,1,11
1403715359.112463951110840,34,1,27,0,11
1403715359.162466287612915,33,1,28,4,11
1403715359.212465763092041,37,3,32,5,11
1403715359.262467861175537,37,0,36,0,11
1403715359.312464237213135,46,2,36,9,11
1403715359.362465143203735,50,6,45,5,11
1403715359.412464618682861,50,3,50,0,11
1403715359.462464094161987,49,4,49,0,11
1403715359.512459516525269,49,6,49,0,11
1403715359.562453746795654,48,0,46,0,11
1403715359.612452268600464,50,10,48,2,11
1403715359.662448644638062,50,0,49,0,11
1403715359.712447881698608,50,2,46,1,11
1403715359.762448787689209,49,1,40,1,11
1403715359.812446832656860,48,0,41,2,11
1403715359.862450361251831,46,0,41,3,11
1403715359.912453413009644,49,3,44,4,11
1403715359.962457895278931,46,4,45,1,11
1403715360.012456893920898,48,1,45,2,11
1403715360.062456369400024,49,5,48,1,11
1403715360.112455844879150,50,1,48,1,11
1403715360.162454128265381,48,0,46,0,11
1403715360.212452411651611,50,9,45,2,11
1403715360.262452125549316,50,0,47,2,11
1403715360.312451124191284,49,1,49,0,11
1403715360.362450599670410,48,0,48,0,11
1403715360.412449121475220,48,0,48,0,11
1403715360.462447881698608,50,0,48,2,11
1403715360.512446165084839,49,5,49,0,11
1403715360.562445640563965,49,5,48,1,11
1403715360.612445592880249,49,0,49,0,11
1403715360.662445545196533,49,4,49,0,11
1403715360.712445020675659,45,7,44,1,11
1403715360.762445449829102,45,1,44,0,11
1403715360.812446832656860,49,2,44,5,11
1403715360.862445592880249,49,3,48,0,11
1403715360.912442684173584,49,3,46,0,11
1403715360.962441444396973,48,2,44,1,11
1403715361.012440681457520,48,0,43,2,11
1403715361.062439680099487,48,0,44,0,11
1403715361.112438917160034,49,2,44,4,11
1403715361.162438869476318,49,1,46,2,11
1403715361.212439775466919,49,0,46,0,11
1403715361.262439966201782,49,0,43,2,11
1403715361.312439918518066,45,4,42,1,11
1403715361.362440586090088,39,1,32,0,11
1403715361.412441015243530,35,2,29,1,11
1403715361.462442874908447,36,0,26,7,11
1403715361.512443780899048,38,0,33,4,11
1403715361.562444448471069,36,0,34,0,11
1403715361.612444639205933,36,0,33,0,11
1403715361.662445545196533,42,0,33,8,11
1403715361.712445735931396,42,0,41,1,11
1403715361.762446403503418,46,0,42,4,11
1403715361.812446594238281,45,0,45,0,11
1403715361.862446546554565,45,1,45,0,11
1403715361.912446975708008,49,0,45,4,11
1403715361.962445735931396,49,0,49,0,11
1403715362.012443065643311,48,10,47,0,11
1403715362.062442541122437,50,3,46,2,11
1403715362.112442255020142,50,2,47,1,11
1403715362.162442445755005,49,1,47,0,11
1403715362.212442874908447,48,0,46,0,11
1403715362.262443304061890,44,0,42,1,11
1403715362.312443971633911,44,1,43,0,11
1403715362.362443685531616,45,5,41,4,11
1403715362.412443399429321,44,1,43,0,11
1403715362.462443351745605,43,1,41,1,11
1403715362.512442111968994,42,2,39,0,11
1403715362.562441825866699,42,0,39,1,11
1403715362.612440586090088,46,2,38,7,11
1403715362.662439107894897,49,2,45,3,11
1403715362.712437868118286,49,0,48,1,11
1403715362.762437582015991,49,11,47,1,11
1403715362.812437295913696,47,0,46,0,11
1403715362.862436771392822,47,0,45,0,11
1403715362.912435770034790,46,0,43,1,11
1403715362.962433815002441,49,12,43,4,11
1403715363.012434959411621,48,0,41,1,11
1403715363.062435388565063,46,0,43,0,11
1403715363.112434864044189,46,2,43,3,11
1403715363.162432670593262,50,0,45,4,11
1403715363.212431669235229,50,1,48,0,11
1403715363.262432098388672,50,8,48,1,11
1403715363.312432527542114,49,0,47,1,11
1403715363.362432956695557,50,5,48,1,11
1403715363.412433862686157,48,0,47,0,11
1403715363.462435722351074,43,2,41,0,11
1403715363.512436628341675,43,1,40,2,11
1403715363.562438964843750,49,6,40,8,11
1403715363.612438678741455,47,2,44,0,11
1403715363.662439107894897,46,0,41,1,11
1403715363.712439775466919,45,1,41,1,11
1403715363.762438774108887,44,5,41,2,11
1403715363.812438726425171,44,2,42,1,11
1403715363.862438440322876,45,1,39,5,11
1403715363.912437200546265,43,1,43,0,11
1403715363.962437152862549,38,1,33,1,11
1403715364.012437105178833,35,2,29,0,11
1403715364.062436103820801,43,0,27,10,11
1403715364.112436294555664,41,1,35,2,11
1403715364.162435293197632,42,0,36,4,11
1403715364.212434768676758,41,1,38,1,11
1403715364.262433767318726,41,0,38,0,11
1403715364.312432527542114,50,2,38,11,11
1403715364.362433671951294,50,6,48,1,11
1403715364.412432432174683,49,1,48,0,11
1403715364.462432622909546,49,13,48,1,11
1403715364.512433290481567,49,0,49,0,11
1403715364.562433719635010,49,0,49,0,11
1403715364.612433910369873,49,5,49,0,11
1403715364.662431955337524,49,15,47,1,11
1403715364.712432861328125,49,0,46,0,11
1403715364.762434244155884,48,0,43,2,11
1403715364.812435388565063,48,1,44,3,11
1403715364.862435579299927,42,1,39,1,11
1403715364.912435531616211,41,1,37,2,11
1403715364.962435960769653,42,0,37,4,11
1403715365.012435674667358,42,2,40,2,11
1403715365.062436342239380,48,8,42,6,11
1403715365.112436771392822,45,0,45,0,11
1403715365.162436723709106,44,0,44,0,11
1403715365.212437868118286,47,0,43,4,11
1403715365.262438297271729,49,12,47,2,11
1403715365.312439441680908,48,0,45,0,11
1403715365.362441539764404,47,0,43,0,11
1403715365.412442684173584,46,9,44,2,11
1403715365.462442159652710,46,1,45,0,11
1403715365.512440919876099,44,0,43,0,11
1403715365.562440633773804,44,2,42,1,11
1403715365.612439155578613,44,1,43,0,11
1403715365.662438392639160,48,2,41,7,11
1403715365.712437391281128,48,0,47,0,11
1403715365.762436389923096,48,0,46,0,11
1403715365.812435626983643,44,0,43,1,11
1403715365.862434625625610,48,5,41,6,11
1403715365.912435293197632,48,8,46,1,11
1403715365.962436676025391,47,0,46,1,11
1403715366.012439250946045,48,8,47,1,11
1403715366.062443017959595,48,0,48,0,11
1403715366.112447261810303,48,0,48,0,11
1403715366.162448167800903,48,0,48,0,11
1403715366.212449073791504,48,0,48,0,11
1403715366.262447834014893,50,0,47,2,11
1403715366.312448024749756,49,0,49,0,11
1403715366.362446546554565,49,1,49,0,11
1403715366.412446260452271,49,0,49,0,11
1403715366.462444782257080,49,3,48,1,11
1403715366.512445688247681,50,14,49,1,11
1403715366.562448978424072,50,14,50,0,11
1403715366.612449645996094,50,10,48,0,11
1403715366.662447690963745,50,0,48,0,11
1403715366.712446451187134,50,0,48,2,11
1403715366.762447118759155,50,0,50,0,11
1403715366.812447309494019,50,0,50,0,11
1403715366.862447977066040,50,0,50,0,11
1403715366.912449598312378,50,0,50,0,11
1403715366.962450027465820,50,0,50,0,11
1403715367.012451171875000,50,0,50,0,11
1403715367.062452554702759,50,3,49,0,11
1403715367.112452030181885,50,13,49,0,11
1403715367.162451505661011,50,12,49,1,11
1403715367.212451934814453,49,9,48,0,11
1403715367.262452125549316,48,0,47,0,11
1403715367.312452793121338,48,0,46,1,11
1403715367.362452745437622,48,1,47,0,11
1403715367.412452459335327,46,0,46,0,11
1403715367.462452650070190,46,0,45,0,11
1403715367.512452363967896,46,0,45,0,11
1403715367.562452316284180,45,0,45,0,11
1403715367.612452030181885,45,2,45,0,11
1403715367.662451982498169,46,1,45,1,11
1403715367.712452650070190,50,10,46,4,11
1403715367.762452125549316,50,9,50,0,11
1403715367.812452316284180,50,18,50,0,11
1403715367.862452268600464,50,3,50,0,11
1403715367.912453413009644,50,5,50,0,11
1403715367.962453603744507,50,5,50,0,11
1403715368.012454271316528,50,10,50,0,11
1403715368.062454700469971,50,0,49,0,11
1403715368.112454652786255,50,11,48,0,11
1403715368.162455081939697,49,1,47,1,11
1403715368.212455034255981,47,0,45,0,11
1403715368.262455224990845,47,0,44,0,11
1403715368.312456607818604,48,6,44,3,11
1403715368.362457036972046,49,7,47,2,11
1403715368.412457704544067,50,7,49,1,11
1403715368.462457656860352,50,1,50,0,11
1403715368.512456893920898,50,1,49,0,11
1403715368.562457323074341,50,2,49,0,11
1403715368.612457036972046,48,4,48,0,11
1403715368.662457704544067,48,0,48,0,11
1403715368.712456941604614,50,8,48,2,11
1403715368.762457132339478,50,3,50,0,11
1403715368.812455415725708,50,19,48,0,11
1403715368.862455129623413,47,0,46,0,11
1403715368.912454605102539,50,1,46,4,11
1403715368.962452173233032,48,8,48,0,11
1403715369.012449979782104,47,3,45,2,11
1403715369.062448263168335,46,0,46,0,11
1403715369.112446308135986,46,0,46,0,11
1403715369.162444829940796,46,1,46,0,11
1403715369.212442874908447,48,0,46,2,11
1403715369.262441396713257,48,2,47,0,11
1403715369.312436580657959,50,6,46,2,11
1403715369.362434148788452,49,3,48,0,11
1403715369.412431955337524,49,13,48,1,11
1403715369.462431430816650,49,2,48,0,11
1403715369.512431144714355,50,0,48,1,11
1403715369.562430620193481,49,8,49,0,11
1403715369.612428903579712,50,5,49,1,11
1403715369.662428855895996,49,1,49,0,11
1403715369.712428331375122,49,0,49,0,11
1403715369.762427091598511,49,0,49,0,11
1403715369.812425851821899,49,0,49,0,11
1403715369.862424135208130,48,0,48,0,11
1403715369.912422418594360,49,3,46,2,11
1403715369.962422370910645,49,1,47,2,11
1403715370.012421131134033,50,17,48,1,11
1403715370.062420845031738,50,0,48,0,11
1403715370.112420320510864,50,0,48,1,11
1403715370.162420988082886,50,7,49,1,11
1403715370.212424039840698,50,4,50,0,11
1403715370.262424945831299,50,0,50,0,11
1403715370.312425613403320,50,0,50,0,11
1403715370.362424373626709,50,1,50,0,11
1403715370.412425756454468,50,10,50,0,11
1403715370.462423563003540,50,0,50,0,11
1403715370.512421131134033,50,3,50,0,11
1403715370.562419891357422,50,1,50,0,11
1403715370.612418413162231,50,16,49,0,11
1403715370.662417888641357,50,1,49,0,11
1403715370.712417602539062,50,0,49,1,11
1403715370.762417554855347,49,7,49,0,11
1403715370.812417268753052,49,6,49,0,11
1403715370.862417459487915,49,0,49,0,11
1403715370.912417411804199,49,0,49,0,11
1403715370.962416887283325,49,0,49,0,11
1403715371.012416601181030,50,6,49,1,11
1403715371.062417030334473,50,0,50,0,11
1403715371.112417221069336,50,2,50,0,11
1403715371.162417173385620,50,2,49,0,11
1403715371.212418317794800,50,14,49,0,11
1403715371.262419700622559,48,0,48,0,11
1403715371.312421560287476,47,0,47,0,11
1403715371.362422943115234,49,4,46,3,11
1403715371.412422657012939,49,5,49,0,11
1403715371.462423801422119,49,0,47,0,11
1403715371.512425422668457,48,1,45,0,11
1403715371.562427043914795,46,5,44,0,11
1403715371.612426996231079,49,0,44,4,11
1403715371.662426710128784,47,2,47,0,11
1403715371.712425708770752,48,7,45,2,11
1403715371.762425661087036,49,0,46,1,11
1403715371.812424898147583,48,8,46,1,11
1403715371.862423896789551,47,0,45,1,11
1403715371.912423610687256,45,0,44,0,11
1403715371.962423801422119,47,0,43,4,11
1403715372.012422561645508,46,2,44,2,11
1403715372.062422037124634,44,0,44,0,11
1403715372.112422227859497,49,2,44,5,11
1403715372.162421226501465,50,0,47,1,11
1403715372.212421417236328,49,1,47,0,11
1403715372.262421607971191,46,1,45,1,11
1403715372.312421560287476,49,11,44,4,11
1403715372.362421989440918,49,0,48,0,11
1403715372.412421226501465,48,3,44,1,11
1403715372.462421178817749,47,1,43,0,11
1403715372.512420892715454,44,3,42,1,11
1403715372.562420606613159,48,4,40,6,11
1403715372.612420558929443,48,3,45,0,11
1403715372.662420511245728,47,0,44,0,11
1403715372.712420225143433,46,0,43,3,11
1403715372.762420415878296,49,1,46,3,11
1403715372.812420368194580,50,0,49,1,11
1403715372.862419843673706,49,1,49,0,11
1403715372.912419557571411,48,10,47,1,11
1403715372.962419271469116,47,1,46,0,11
1403715373.012418985366821,47,1,44,1,11
1403715373.062418699264526,48,12,45,2,11
1403715373.112418889999390,47,0,46,0,11
1403715373.162418365478516,48,0,46,1,11
1403715373.212418317794800,46,1,46,0,11
1403715373.262418031692505,44,1,43,1,11
1403715373.312418937683105,43,0,43,0,11
1403715373.362419605255127,45,0,40,5,11
1403715373.412420034408569,45,2,45,0,11
1403715373.462419748306274,43,2,43,0,11
1403715373.512418985366821,49,3,43,6,11
1403715373.562417507171631,47,1,47,0,11
1403715373.612415790557861,47,0,47,0,11
1403715373.662412405014038,48,17,46,2,11
1403715373.712410926818848,47,0,47,0,11
1403715373.762409448623657,46,0,46,0,11
1403715373.812407732009888,46,3,44,0,11
1403715373.862405061721802,45,3,43,0,11
1403715373.912403821945190,47,7,42,5,11
1403715373.962403297424316,47,0,47,0,11
1403715374.012403488159180,46,0,46,0,11
1403715374.062404155731201,44,2,44,0,11
1403715374.112404584884644,45,1,43,1,11
1403715374.162405490875244,45,1,44,0,11
1403715374.212404966354370,44,1,44,0,11
1403715374.262404918670654,48,7,44,4,11
1403715374.312406301498413,49,7,47,2,11
1403715374.362407922744751,46,0,45,0,11
1403715374.412409543991089,46,0,44,0,11
1403715374.462411642074585,45,0,43,0,11
1403715374.512414216995239,46,0,42,2,11
1403715374.562416315078735,48,8,43,4,11
1403715374.612417697906494,46,0,45,0,11
1403715374.662417173385620,46,2,44,0,11
1403715374.712416410446167,45,5,42,1,11
1403715374.762415170669556,45,2,41,1,11
1403715374.812414169311523,45,0,40,2,11
1403715374.862411499023438,47,1,41,4,11
1403715374.912408828735352,50,11,45,4,11
1403715374.962407588958740,49,0,48,1,11
1403715375.012407779693604,49,0,49,0,11
1403715375.062407970428467,49,0,49,0,11
1403715375.112408161163330,48,5,46,1,11
1403715375.162407159805298,48,6,46,1,11
1403715375.212406635284424,45,1,45,0,11
1403715375.262405872344971,45,1,44,0,11
1403715375.312404632568359,48,1,45,3,11
1403715375.362404108047485,46,2,44,0,11
1403715375.412403345108032,45,2,43,0,11
1403715375.462402820587158,44,1,43,1,11
1403715375.512402296066284,50,4,44,6,11
1403715375.562402248382568,50,3,50,0,11
1403715375.612401723861694,48,1,46,0,11
1403715375.662401676177979,46,1,45,0,11
1403715375.712401628494263,48,1,41,5,11
1403715375.762401342391968,48,7,45,1,11
1403715375.812401771545410,47,2,43,3,11
1403715375.862401008605957,47,0,44,0,11
1403715375.912400960922241,47,0,42,2,11
1403715375.962402343750000,48,0,45,3,11
1403715376.012403488159180,49,2,43,2,11
1403715376.062404394149780,47,3,42,0,11
1403715376.112405061721802,47,0,42,3,11
1403715376.162405252456665,45,1,43,2,11
1403715376.212405443191528,45,1,44,0,11
1403715376.262404680252075,43,4,41,0,11
1403715376.312407016754150,41,0,38,1,11
1403715376.362408161163330,44,1,34,7,11
1403715376.412409782409668,49,2,39,7,11
1403715376.462412595748901,47,1,44,0,11
1403715376.512417316436768,46,2,42,1,11
1403715376.562419891357422,45,0,39,1,11
1403715376.612424135208130,47,3,40,3,11
1403715376.662425518035889,46,5,41,3,11
1403715376.712421417236328,45,0,37,0,11
1403715376.762417078018188,47,1,37,4,11
1403715376.812412023544312,47,2,38,5,11
1403715376.862405538558960,48,2,42,2,11
1403715376.912397861480713,48,6,44,3,11
1403715376.962396144866943,46,1,44,1,11
1403715377.012395381927490,48,3,43,3,11
1403715377.062395811080933,48,1,46,1,11
1403715377.112395524978638,49,0,47,2,11
1403715377.162394523620605,49,4,48,0,11
1403715377.212393999099731,49,1,48,0,11
1403715377.262394428253174,48,6,48,0,11
1403715377.312395572662354,48,0,47,0,11
1403715377.362398624420166,49,0,45,1,11
1403715377.412400722503662,47,1,41,0,11
1403715377.462402820587158,46,5,40,2,11
1403715377.512403011322021,47,4,40,7,11
1403715377.562402963638306,47,0,46,0,11
1403715377.612403154373169,48,1,45,1,11
1403715377.662402629852295,47,1,46,0,11
1403715377.712401866912842,48,6,46,2,11
1403715377.762402057647705,49,3,45,2,11
1403715377.812402963638306,48,0,42,1,11
1403715377.862402915954590,46,5,40,1,11
1403715377.912403583526611,43,1,39,1,11
1403715377.962403774261475,42,1,40,1,11
1403715378.012403726577759,48,0,38,6,11
1403715378.062404155731201,47,2,40,2,11
1403715378.112404823303223,45,1,39,1,11
1403715378.162404060363770,44,1,39,2,11
1403715378.212402820587158,41,4,38,0,11
1403715378.262402296066284,40,0,35,1,11
1403715378.312400102615356,45,10,36,8,11
1403715378.362399578094482,45,1,42,3,11
1403715378.412399291992188,44,2,44,0,11
1403715378.462398767471313,46,1,43,3,11
1403715378.512398242950439,45,1,41,0,11
1403715378.562397956848145,43,0,40,0,11
1403715378.612397432327271,42,1,40,1,11
1403715378.662396907806396,44,2,40,3,11
1403715378.712395429611206,49,10,43,5,11
1403715378.762395381927490,49,0,48,1,11
1403715378.812395811080933,47,2,46,0,11
1403715378.862395763397217,46,0,46,0,11
1403715378.912395954132080,48,9,44,3,11
1403715378.962396383285522,47,1,46,0,11
1403715379.012396812438965,47,0,45,1,11
1403715379.062397480010986,47,0,46,0,11
1403715379.112398624420166,50,21,46,4,11
1403715379.162399053573608,50,1,50,0,11
1403715379.212398290634155,50,0,50,0,11
1403715379.262398481369019,50,0,49,0,11
1403715379.312397241592407,50,9,49,0,11
1403715379.362395286560059,50,1,48,1,11
1403715379.412392377853394,50,1,47,0,11
1403715379.462388038635254,50,0,47,1,11
1403715379.512382268905640,50,9,46,2,11
1403715379.562378883361816,50,0,48,0,11
1403715379.612378120422363,47,0,47,0,11
1403715379.662377357482910,47,0,47,0,11
1403715379.712374925613403,47,16,44,1,11
1403715379.762375593185425,47,0,44,0,11
1403715379.812376022338867,46,0,44,1,11
1403715379.862375974655151,44,0,44,0,11
1403715379.912374734878540,47,6,42,4,11
1403715379.962374448776245,47,0,44,1,11
1403715380.012374639511108,47,1,45,0,11
1403715380.062375307083130,46,0,45,1,11
1403715380.112375736236572,49,7,46,3,11
1403715380.162375688552856,48,0,47,0,11
1403715380.212375640869141,47,3,47,0,11
1403715380.262375831604004,47,0,44,0,11
1403715380.312375068664551,46,20,42,2,11
1403715380.362375020980835,45,4,42,2,11
1403715380.412374496459961,44,2,43,1,11
1403715380.462374687194824,43,2,43,0,11
1403715380.512373208999634,44,3,41,3,11
1403715380.562372446060181,43,2,40,0,11
1403715380.612372875213623,48,4,41,6,11
1403715380.662372589111328,45,2,44,0,11
1403715380.712372779846191,48,4,43,5,11
1403715380.762372255325317,46,3,46,0,11
1403715380.812372207641602,49,26,43,4,11
1403715380.862372398376465,47,2,45,0,11
1403715380.912371873855591,46,5,42,1,11
1403715380.962372303009033,45,0,40,0,11
1403715381.012372255325317,44,0,40,1,11
1403715381.062373161315918,42,0,38,2,11
1403715381.112374067306519,42,1,40,1,11
1403715381.162374019622803,40,2,39,0,11
1403715381.212375164031982,42,1,35,3,11
1403715381.262374877929688,39,2,38,0,11
1403715381.312375545501709,39,2,34,2,11
1403715381.362376451492310,35,0,34,0,11
1403715381.412377119064331,46,25,31,14,11
1403715381.462376117706299,45,0,43,0,11
1403715381.512376308441162,44,1,39,2,11
1403715381.562374353408813,44,3,41,2,11
1403715381.612374067306519,42,1,41,0,11
1403715381.662373542785645,44,2,42,2,11
1403715381.712373495101929,45,0,43,1,11
1403715381.762373685836792,46,4,44,1,11
1403715381.812373399734497,45,1,45,0,11
1403715381.862374067306519,46,0,45,1,11
1403715381.912373065948486,50,4,45,4,11
1403715381.962373495101929,50,0,48,0,11
1403715382.012374639511108,49,33,47,1,11
1403715382.062378644943237,48,15,47,1,11
1403715382.112379789352417,49,1,48,1,11
1403715382.162381887435913,48,0,48,0,11
1403715382.212383508682251,49,0,48,1,11
1403715382.262385129928589,49,0,49,0,11
1403715382.312386512756348,49,0,48,0,11
1403715382.362387895584106,49,1,47,0,11
1403715382.412389039993286,48,1,47,0,11
1403715382.462387561798096,47,1,44,0,11
1403715382.512386322021484,50,2,44,3,11
1403715382.562384128570557,48,0,47,1,11
1403715382.612382411956787,49,30,47,1,11
1403715382.662382125854492,50,12,47,1,11
1403715382.712382316589355,49,1,48,0,11
1403715382.762382507324219,48,0,48,0,11
1403715382.812382936477661,48,0,48,0,11
1403715382.862383127212524,47,0,47,0,11
1403715382.912383317947388,47,2,47,0,11
1403715382.962383270263672,47,1,47,0,11
1403715383.012383460998535,47,0,47,0,11
1403715383.062383651733398,47,0,47,0,11
1403715383.112383604049683,48,0,46,1,11
1403715383.162383794784546,49,0,46,1,11
1403715383.212384462356567,49,27,47,1,11
1403715383.262383699417114,50,11,48,2,11
1403715383.312383174896240,50,2,50,0,11
1403715383.362383127212524,50,0,49,0,11
1403715383.412383079528809,50,0,49,0,11
1403715383.462382555007935,50,1,49,1,11
1403715383.512381792068481,50,0,50,0,11
1403715383.562381029129028,50,1,50,0,11
1403715383.612379074096680,45,1,42,0,11
1403715383.662378549575806,44,0,42,0,11
1403715383.712378263473511,42,1,42,0,11
1403715383.762379407882690,40,2,40,0,11
1403715383.812380552291870,48,15,40,8,11
1403715383.862382650375366,50,8,48,2,11
1403715383.912384510040283,50,2,50,0,11
1403715383.962384700775146,50,0,49,0,11
1403715384.012384891510010,50,0,48,0,11
1403715384.062385082244873,48,1,45,0,11
1403715384.112385272979736,46,0,44,0,11
1403715384.162386417388916,43,1,42,0,11
1403715384.212388038635254,49,7,42,6,11
1403715384.262388467788696,48,0,48,0,11
1403715384.312390327453613,49,0,48,1,11
1403715384.362391471862793,49,0,48,0,11
1403715384.412393808364868,49,16,47,0,11
1403715384.462392807006836,49,7,46,1,11
1403715384.512392044067383,50,18,47,2,11
1403715384.562389850616455,49,0,49,0,11
1403715384.612390518188477,49,0,48,0,11
1403715384.662389516830444,49,1,47,0,11
1403715384.712389469146729,48,1,46,1,11
1403715384.762389421463013,48,0,46,1,11
1403715384.812389135360718,49,4,45,2,11
1403715384.862388610839844,49,1,46,1,11
1403715384.912387847900391,43,1,43,0,11
1403715384.962387084960938,42,0,41,0,11
1403715385.012386798858643,50,3,42,8,11
1403715385.062386751174927,49,5,49,0,11
1403715385.112385034561157,50,8,49,1,11
1403715385.162384510040283,49,4,49,0,11
1403715385.212383985519409,46,0,46,0,11
1403715385.262383937835693,46,0,46,0,11
1403715385.312383890151978,46,0,43,1,11
1403715385.362382411956787,45,0,44,0,11
1403715385.412380695343018,48,0,44,4,11
1403715385.462381362915039,48,0,48,0,11
1403715385.512382507324219,49,14,47,2,11
1403715385.562383651733398,49,1,49,0,11
1403715385.612382888793945,50,0,49,1,11
1403715385.662381410598755,49,3,49,0,11
1403715385.712380409240723,49,8,48,0,11
1403715385.762380838394165,50,3,48,1,11
1403715385.812380790710449,49,0,47,1,11
1403715385.862380743026733,49,1,49,0,11
1403715385.912380933761597,49,0,48,0,11
1403715385.962379932403564,48,1,48,0,11
1403715386.012377977371216,47,0,46,0,11
1403715386.062377452850342,47,1,45,0,11
1403715386.112377643585205,50,9,45,4,11
1403715386.162377595901489,49,1,47,1,11
1403715386.212377548217773,49,0,47,1,11
1403715386.262378454208374,50,3,48,2,11
1403715386.312378406524658,50,8,48,0,11
1403715386.362375974655151,49,7,45,0,11
1403715386.412371635437012,48,2,40,3,11
1403715386.462369680404663,46,0,39,1,11
1403715386.512367248535156,43,0,37,2,11
1403715386.562367677688599,44,2,39,3,11
1403715386.612368106842041,43,0,42,1,11
1403715386.662368059158325,50,3,43,7,11
1403715386.712368965148926,50,10,50,0,11
1403715386.762368440628052,50,0,48,0,11
1403715386.812366485595703,48,0,45,0,11
1403715386.862365007400513,49,0,45,3,11
1403715386.912364482879639,50,8,48,1,11
1403715386.962364435195923,49,9,48,0,11
1403715387.012366533279419,48,0,46,0,11
1403715387.062367916107178,47,0,44,1,11
1403715387.112369060516357,47,0,44,2,11
1403715387.162369489669800,45,0,45,0,11
1403715387.212369680404663,45,1,44,1,11
1403715387.262367486953735,49,2,43,5,11
1403715387.312366008758545,48,13,46,0,11
1403715387.362365722656250,47,0,45,0,11
1403715387.412365913391113,46,0,44,1,11
1403715387.462366104125977,46,0,44,1,11
1403715387.512366533279419,49,4,45,3,11
1403715387.562367200851440,50,21,46,2,11
1403715387.612367630004883,50,1,47,1,11
1403715387.662368059158325,49,1,48,0,11
1403715387.712367534637451,49,0,48,1,11
1403715387.762367486953735,47,1,47,0,11
1403715387.812367677688599,49,7,47,2,11
1403715387.862367630004883,49,2,48,1,11
1403715387.912367582321167,49,12,49,0,11
1403715387.962367534637451,49,1,48,1,11
1403715388.012367248535156,48,2,48,0,11
1403715388.062367200851440,49,0,48,1,11
1403715388.112366676330566,50,5,49,1,11
1403715388.162366151809692,49,20,47,0,11
1403715388.212366104125977,47,0,45,1,11
1403715388.262365818023682,47,1,43,2,11
1403715388.312365055084229,46,7,40,4,11
1403715388.362365007400513,44,1,42,0,11
1403715388.412364959716797,47,3,40,6,11
1403715388.462364912033081,47,1,44,2,11
1403715388.512364864349365,50,7,45,3,11
1403715388.562365293502808,45,1,44,0,11
1403715388.612365245819092,43,0,41,0,11
1403715388.662365436553955,43,0,40,0,11
1403715388.712365627288818,45,1,40,4,11
1403715388.762365579605103,49,9,42,6,11
1403715388.812366247177124,47,19,45,0,11
1403715388.862366199493408,46,0,44,0,11
1403715388.912366390228271,49,1,44,4,11
1403715388.962365865707397,50,0,48,2,11
1403715389.012365102767944,50,3,49,0,11
1403715389.062364578247070,50,0,49,0,11
1403715389.112364053726196,48,6,46,1,11
1403715389.162364482879639,48,1,47,0,11
1403715389.212364196777344,47,0,47,0,11
1403715389.262364149093628,46,3,46,0,11
1403715389.312365055084229,49,6,45,4,11
1403715389.362364530563354,49,6,46,1,11
1403715389.412365436553955,50,16,47,1,11
1403715389.462366104125977,48,0,46,1,11
1403715389.512366056442261,48,0,45,1,11
1403715389.562366724014282,48,0,45,1,11
1403715389.612366676330566,50,1,45,3,11
1403715389.662367343902588,48,8,46,0,11
1403715389.712367296218872,49,5,45,2,11
1403715389.762367725372314,48,0,46,1,11
1403715389.812368154525757,49,0,47,2,11
1403715389.862368345260620,49,0,48,0,11
1403715389.912368774414062,50,5,48,1,11
1403715389.962369441986084,50,6,49,1,11
1403715390.012370109558105,50,12,50,0,11
1403715390.062370061874390,50,3,48,0,11
1403715390.112369537353516,49,2,47,0,11
1403715390.162369251251221,50,11,47,3,11
1403715390.212368965148926,49,2,49,0,11
1403715390.262369155883789,49,7,48,0,11
1403715390.312370777130127,49,4,47,1,11
1403715390.362370729446411,49,0,48,1,11
1403715390.412371158599854,49,1,49,0,11
1403715390.462371349334717,49,3,48,0,11
1403715390.512371301651001,50,1,48,1,11
1403715390.562371969223022,50,4,48,1,11
1403715390.612371921539307,49,7,47,0,11
1403715390.662372350692749,50,1,46,2,11
1403715390.712372064590454,48,5,47,0,11
1403715390.762372970581055,49,4,45,3,11
1403715390.812373876571655,50,2,46,1,11
1403715390.862375736236572,49,11,47,0,11
1403715390.912374973297119,49,5,47,1,11
1403715390.962374448776245,49,0,48,1,11
1403715391.012373685836792,49,0,48,0,11
1403715391.062373399734497,48,0,46,0,11
1403715391.112373352050781,48,0,45,1,11
1403715391.162373542785645,49,1,45,3,11
1403715391.212377071380615,49,21,47,2,11
1403715391.262377262115479,49,1,47,0,11
1403715391.312377452850342,50,4,47,1,11
1403715391.362377166748047,45,2,44,1,11
1403715391.412377119064331,45,0,45,0,11
1403715391.462377071380615,47,5,44,2,11
1403715391.512377500534058,50,3,46,3,11
1403715391.562377214431763,49,3,48,1,11
1403715391.612376928329468,48,0,48,0,11
1403715391.662376642227173,48,2,47,0,11
1403715391.712376356124878,49,0,47,1,11
1403715391.762375831604004,50,4,48,2,11
1403715391.812375783920288,50,11,49,0,11
1403715391.862375736236572,47,10,46,0,11
1403715391.912376403808594,48,3,43,2,11
1403715391.962376594543457,48,0,44,1,11
1403715392.012376308441162,46,2,44,2,11
1403715392.062376022338867,44,4,43,0,11
1403715392.112375497817993,43,2,42,0,11
1403715392.162375450134277,42,1,42,0,11
1403715392.212375164031982,43,0,41,2,11
1403715392.262375593185425,41,3,41,0,11
1403715392.312376260757446,41,1,41,0,11
1403715392.362377166748047,47,5,39,7,11
1403715392.412377357482910,47,12,44,3,11
1403715392.462378978729248,49,3,44,2,11
1403715392.512378931045532,46,2,39,0,11
1403715392.562377691268921,42,1,39,0,11
1403715392.612375497817993,40,3,37,2,11
1403715392.662374019622803,44,8,37,5,11
1403715392.712371587753296,42,2,41,0,11
1403715392.762370586395264,41,1,38,2,11
1403715392.812368154525757,40,3,39,0,11
1403715392.862366199493408,40,4,38,1,11
1403715392.912362813949585,46,1,38,6,11
1403715392.962362527847290,49,2,42,5,11
1403715393.012361049652100,47,4,43,1,11
1403715393.062359571456909,43,2,37,0,11
1403715393.112356185913086,42,8,36,3,11
1403715393.162353515625000,41,1,39,2,11
1403715393.212352514266968,41,2,41,0,11
1403715393.262350559234619,46,2,39,5,11
1403715393.312347412109375,49,10,42,4,11
1403715393.362347364425659,46,1,45,0,11
1403715393.412347793579102,45,0,43,1,11
1403715393.462347745895386,43,1,39,0,11
1403715393.512347459793091,45,3,39,3,11
1403715393.562346220016479,43,0,40,1,11
1403715393.612345933914185,46,1,40,5,11
1403715393.662343740463257,45,3,43,1,11
1403715393.712341785430908,44,4,41,1,11
1403715393.762340068817139,44,1,41,2,11
1403715393.812339067459106,48,4,42,6,11
1403715393.862339019775391,48,6,47,1,11
1403715393.912339448928833,49,3,46,2,11
1403715393.962340593338013,48,1,48,0,11
1403715394.012340784072876,45,0,42,0,11
1403715394.062341451644897,48,3,35,5,11
1403715394.112342596054077,45,0,40,2,11
1403715394.162344694137573,45,0,40,3,11
1403715394.212345123291016,46,1,40,2,11
1403715394.262345314025879,44,0,39,1,11
1403715394.312345266342163,42,1,39,3,11
1403715394.362346887588501,47,1,40,6,11
1403715394.412349700927734,49,0,46,2,11
1403715394.462349176406860,47,2,47,0,11
1403715394.512348651885986,47,4,46,1,11
1403715394.562348365783691,47,0,46,0,11
1403715394.612347126007080,46,14,44,0,11
1403715394.662343263626099,46,0,42,1,11
1403715394.712340354919434,45,1,43,0,11
1403715394.762338161468506,43,0,42,1,11
1403715394.812337160110474,43,1,42,0,11
1403715394.862336635589600,38,0,38,0,11
1403715394.912336111068726,38,0,36,0,11
1403715394.962336301803589,37,0,34,1,11
1403715395.012337446212769,35,0,33,0,11
1403715395.062337636947632,34,0,33,0,11
1403715395.112337350845337,39,4,33,6,11
1403715395.162336587905884,39,0,38,0,11
1403715395.212336301803589,39,6,35,0,11
1403715395.262333631515503,39,0,32,1,11
1403715395.312332630157471,34,0,30,0,11
1403715395.362333536148071,29,0,23,0,11
1403715395.412333726882935,27,0,22,1,11
1403715395.462333679199219,26,0,19,2,11
1403715395.512334346771240,23,0,18,0,11
1403715395.562334299087524,35,0,18,15,11
1403715395.612333774566650,33,1,33,0,11
1403715395.662333488464355,33,0,32,1,11
1403715395.712333679199219,39,0,32,7,11
1403715395.762333393096924,38,1,37,0,11
1403715395.812333583831787,46,5,35,10,11
1403715395.862335443496704,43,0,41,0,11
1403715395.912335395812988,42,0,40,0,11
1403715395.962334871292114,41,0,40,0,11
1403715396.012335300445557,40,0,40,0,11
1403715396.062336444854736,40,1,40,0,11
1403715396.112336397171021,39,0,39,0,11
1403715396.162337541580200,46,12,38,8,11
1403715396.212337732315063,47,0,45,1,11
1403715396.262338161468506,45,0,44,0,11
1403715396.312338352203369,49,2,44,5,11
1403715396.362338781356812,49,0,49,0,11
1403715396.412339210510254,50,6,49,1,11
1403715396.462338924407959,50,0,50,0,11
1403715396.512338876724243,50,0,49,0,11
1403715396.562338590621948,50,0,49,0,11
1403715396.612336635589600,49,1,49,0,11
1403715396.662335872650146,47,1,46,0,11
1403715396.712333440780640,47,0,46,0,11
1403715396.762330532073975,45,17,45,0,11
1403715396.812327384948730,45,0,45,0,11
1403715396.862325668334961,44,0,44,0,11
1403715396.912321567535400,44,0,43,0,11
1403715396.962320089340210,42,0,42,0,11
1403715397.012321710586548,42,0,40,2,11
1403715397.062324285507202,42,0,42,0,11
1403715397.112325906753540,40,0,40,0,11
1403715397.162327289581299,40,0,40,0,11
1403715397.212327241897583,37,0,37,0,11
1403715397.262327909469604,37,0,36,1,11
1403715397.312328577041626,37,0,37,0,11
1403715397.362327337265015,43,10,36,6,11
1403715397.412327527999878,43,1,41,0,11
1403715397.462327718734741,42,1,41,0,11
1403715397.512327909469604,44,1,40,3,11
1403715397.562327861785889,50,8,43,6,11
1403715397.612327575683594,50,2,49,1,11
1403715397.662327289581299,50,1,50,0,11
1403715397.712326288223267,49,1,49,0,11
1403715397.762326002120972,46,2,46,0,11
1403715397.812328100204468,45,2,45,0,11
1403715397.862328529357910,49,0,45,4,11
1403715397.912328958511353,49,3,49,0,11
1403715397.962330102920532,49,19,48,1,11
1403715398.012331247329712,49,0,49,0,11
1403715398.062332868576050,49,1,47,1,11
1403715398.112335681915283,49,7,48,0,11
1403715398.162338018417358,49,0,46,2,11
1403715398.212344169616699,48,0,46,0,11
1403715398.262348890304565,47,1,45,1,11
1403715398.312353372573853,45,0,45,0,11
1403715398.362357139587402,45,0,45,0,11
1403715398.412359476089478,48,4,45,3,11
1403715398.462357997894287,49,0,48,1,11
1403715398.512356996536255,48,1,48,0,11
1403715398.562353849411011,50,14,48,2,11
1403715398.612351417541504,50,0,50,0,11
1403715398.662350177764893,50,1,49,0,11
1403715398.712348937988281,49,19,48,0,11
1403715398.762348890304565,47,0,46,1,11
1403715398.812349081039429,45,0,45,0,11
1403715398.862349033355713,43,0,42,0,11
1403715398.912348508834839,43,0,42,0,11
1403715398.962347030639648,43,1,41,1,11
1403715399.012345552444458,47,0,42,4,11
1403715399.062344551086426,47,0,46,1,11
1403715399.112343788146973,47,0,47,0,11
1403715399.162344694137573,48,11,47,1,11
1403715399.212344884872437,48,0,48,0,11
1403715399.262346029281616,48,0,48,0,11
1403715399.312346935272217,48,7,48,0,11
1403715399.362346649169922,48,0,47,0,11
1403715399.412346363067627,48,0,47,0,11
1403715399.462346792221069,48,0,47,1,11
1403715399.512345790863037,48,0,48,0,11
1403715399.562345504760742,48,0,48,0,11
1403715399.612345695495605,47,0,47,0,11
1403715399.662346124649048,47,1,47,0,11
1403715399.712346315383911,47,0,46,0,11
1403715399.762348651885986,49,11,45,3,11
1403715399.812350034713745,49,0,48,1,11
1403715399.862351179122925,49,0,49,0,11
1403715399.912353754043579,49,10,49,0,11
1403715399.962354183197021,49,2,49,0,11
1403715400.012353658676147,49,0,49,0,11
1403715400.062354326248169,49,0,49,0,11
1403715400.112354040145874,49,0,49,0,11
1403715400.162353038787842,49,0,49,0,11
1403715400.212354183197021,50,14,49,1,11
1403715400.262353897094727,50,0,50,0,11
1403715400.312354326248169,50,0,50,0,11
1403715400.362354993820190,50,11,50,0,11
1403715400.412354707717896,50,0,49,0,11
1403715400.462355375289917,50,0,49,0,11
1403715400.512355327606201,47,12,45,1,11
1403715400.562356233596802,49,0,46,2,11
1403715400.612357139587402,44,0,44,0,11
1403715400.662357568740845,42,0,41,0,11
1403715400.712357997894287,41,1,39,0,11
1403715400.762357950210571,40,0,39,0,11
1403715400.812357664108276,49,4,37,10,11
1403715400.862357854843140,49,0,47,0,11
1403715400.912357568740845,48,1,47,1,11
1403715400.962357282638550,49,9,47,2,11
1403715401.012356519699097,48,0,46,0,11
1403715401.062355995178223,48,0,46,0,11
1403715401.112354755401611,48,15,44,3,11
1403715401.162354469299316,46,1,45,0,11
1403715401.212354183197021,50,17,46,4,11
1403715401.262353420257568,50,0,49,0,11
1403715401.312352895736694,50,0,49,1,11
1403715401.362351894378662,50,0,50,0,11
1403715401.412349939346313,49,5,45,0,11
1403715401.462347269058228,49,0,44,0,11
1403715401.512346506118774,48,0,43,3,11
1403715401.562345266342163,48,6,46,1,11
1403715401.612344503402710,48,3,46,1,11
1403715401.662343740463257,45,3,44,0,11
1403715401.712341308593750,49,12,42,5,11
1403715401.762339591979980,48,1,44,0,11
1403715401.812341213226318,47,11,42,3,11
1403715401.862343549728394,46,0,42,2,11
1403715401.912346839904785,45,1,42,0,11
1403715401.962348222732544,45,2,41,2,11
1403715402.012348890304565,49,0,43,5,11
1403715402.062348604202271,47,0,46,0,11
1403715402.112346649169922,45,3,43,0,11
1403715402.162346601486206,47,16,39,5,11
1403715402.212346315383911,46,1,41,1,11
1403715402.262345790863037,45,1,40,1,11
1403715402.312344551086426,48,4,39,5,11
1403715402.362344980239868,48,0,41,3,11
1403715402.412344932556152,48,5,42,2,11
1403715402.462344884872437,48,18,44,2,11
1403715402.512346267700195,46,2,42,1,11
1403715402.562346696853638,45,1,38,0,11
1403715402.612349033355713,43,0,38,2,11
1403715402.662350177764893,41,0,40,1,11
1403715402.712349414825439,40,2,40,0,11
1403715402.762351036071777,46,0,38,7,11
1403715402.812350988388062,42,0,39,0,11
1403715402.862350940704346,38,3,35,0,11
1403715402.912349939346313,39,0,35,2,11
1403715402.962349653244019,39,1,37,2,11
1403715403.012349367141724,45,0,38,6,11
1403715403.062350273132324,50,27,44,5,11
1403715403.112349271774292,49,0,47,0,11
1403715403.162347555160522,49,0,49,0,11
1403715403.212346315383911,49,1,48,0,11
1403715403.262345552444458,47,0,44,0,11
1403715403.312348365783691,49,8,41,4,11
1403715403.362347841262817,48,2,43,2,11
1403715403.412347078323364,47,0,44,1,11
1403715403.462345838546753,47,0,45,1,11
1403715403.512344837188721,46,0,46,0,11
1403715403.562345027923584,46,1,44,0,11
1403715403.612344980239868,45,0,41,0,11
1403715403.662343502044678,48,23,39,5,11
1403715403.712342500686646,46,0,43,2,11
1403715403.762341976165771,45,0,43,1,11
1403715403.812341928482056,44,0,43,0,11
1403715403.862341642379761,44,1,42,1,11
1403715403.912340879440308,49,1,40,6,11
1403715403.962340354919434,49,3,46,1,11
1403715404.012340307235718,49,0,47,2,11
1403715404.062340736389160,49,1,49,0,11
1403715404.112341165542603,48,0,46,0,11
1403715404.162341594696045,47,3,45,0,11
1403715404.212341785430908,45,0,43,0,11
1403715404.262343406677246,50,11,42,6,11
1403715404.312344312667847,49,1,48,0,11
1403715404.362344503402710,50,7,48,2,11
1403715404.412344455718994,47,1,47,0,11
1403715404.462345361709595,47,2,45,0,11
1403715404.512345790863037,46,5,43,1,11
1403715404.562345743179321,46,2,44,2,11
1403715404.612345457077026,46,0,45,0,11
1403715404.662345409393311,47,4,41,4,11
1403715404.712345361709595,45,1,45,0,11
1403715404.762345790863037,44,2,44,0,11
1403715404.812346696853638,44,3,43,0,11
1403715404.862347364425659,48,3,43,5,11
1403715404.912349939346313,49,0,47,1,11
1403715404.962351799011230,50,12,47,1,11
1403715405.012354135513306,50,0,48,1,11
1403715405.062356710433960,49,0,47,0,11
1403715405.112358570098877,49,6,47,1,11
1403715405.162360429763794,47,0,46,0,11
1403715405.212361574172974,46,0,42,0,11
1403715405.262363433837891,47,1,41,3,11
1403715405.312365770339966,47,4,44,3,11
1403715405.362366914749146,47,0,47,0,11
1403715405.412366867065430,47,0,45,0,11
1403715405.462367534637451,44,3,39,2,11
1403715405.512368440628052,42,0,39,0,11
1403715405.562369346618652,45,1,37,7,11
1403715405.612369537353516,45,0,45,0,11
1403715405.662369728088379,45,2,41,3,11
1403715405.712371587753296,48,1,44,4,11
1403715405.762372970581055,47,0,47,0,11
1403715405.812373876571655,46,0,46,0,11
1403715405.862374544143677,48,7,43,4,11
1403715405.912374973297119,47,0,45,1,11
1403715405.962378501892090,42,1,42,0,11
1403715406.012380123138428,41,1,41,0,11
1403715406.062381744384766,44,2,41,3,11
1403715406.112381935119629,43,0,42,0,11
1403715406.162382125854492,43,0,41,2,11
1403715406.212382078170776,41,0,41,0,11
1403715406.262382984161377,50,7,41,9,11
1403715406.312383651733398,50,3,47,0,11
1403715406.362383842468262,48,3,45,0,11
1403715406.412384748458862,44,0,42,1,11
1403715406.462386608123779,45,4,42,2,11
1403715406.512386083602905,41,0,39,0,11
1403715406.562385559082031,42,7,35,6,11
1403715406.612385749816895,37,0,35,0,11
1403715406.662385702133179,41,1,35,4,11
1403715406.712386131286621,38,0,38,0,11
1403715406.762386798858643,42,2,35,6,11
1403715406.812386989593506,42,0,40,0,11
1403715406.862387418746948,48,0,40,7,11
1403715406.912387847900391,48,2,45,1,11
1403715406.962389230728149,48,6,45,1,11
1403715407.012391090393066,46,6,44,2,11
1403715407.062391519546509,46,5,45,1,11
1403715407.112391948699951,46,0,45,0,11
1403715407.162392139434814,49,6,44,4,11
1403715407.212391138076782,48,0,38,1,11
1403715407.262391090393066,47,3,33,0,11
1403715407.312390804290771,40,0,30,2,11
1403715407.362392425537109,36,2,30,2,11
1403715407.412395954132080,33,1,27,0,11
1403715407.462399721145630,32,3,23,0,11
1403715407.512403488159180,30,1,19,4,11
1403715407.562408924102783,29,5,21,3,11
1403715407.612413644790649,30,4,25,4,11
1403715407.662418127059937,40,9,22,13,11
1403715407.712419748306274,37,9,27,0,11
1403715407.762421131134033,29,4,22,2,11
1403715407.812422513961792,29,3,22,3,11
1403715407.862423658370972,26,5,23,1,11
1403715407.912423610687256,26,3,22,3,11
1403715407.962424755096436,25,2,23,0,11
1403715408.012424707412720,24,4,20,0,11
1403715408.062425374984741,19,2,14,0,11
1403715408.112426996231079,17,4,12,3,11
1403715408.162427663803101,15,2,14,0,11
1403715408.212427854537964,15,6,12,1,11
1403715408.262428283691406,15,1,12,1,11
1403715408.312428951263428,14,1,13,0,11
1403715408.362429141998291,14,5,12,1,11
1403715408.412429332733154,14,5,9,0,11
1403715408.462429761886597,13,4,9,0,11
1403715408.512430429458618,12,4,8,3,11
1403715408.562430143356323,15,2,10,3,11
1403715408.612430572509766,16,3,12,2,11
1403715408.662431478500366,16,2,14,1,11
1403715408.712431907653809,14,1,14,0,11
1403715408.762432813644409,19,0,13,5,11
1403715408.812434673309326,22,0,15,5,11
1403715408.862437486648560,25,1,17,4,11
1403715408.912439107894897,22,2,20,1,11
1403715408.962441205978394,25,1,20,4,11
1403715409.012442111968994,25,1,23,0,11
1403715409.062443256378174,27,2,23,3,11
1403715409.112443685531616,35,3,25,9,11
1403715409.162441730499268,38,2,34,3,11
1403715409.212441444396973,34,1,34,0,11
1403715409.262440681457520,33,3,33,0,11
1403715409.312440395355225,33,2,31,2,11
1403715409.362439155578613,39,2,33,6,11
1403715409.412435054779053,39,2,37,1,11
1403715409.462431430816650,41,2,38,2,11
1403715409.512429714202881,43,3,40,3,11
1403715409.562429428100586,44,0,43,1,11
1403715409.612430334091187,47,0,44,3,11
1403715409.662430763244629,47,0,47,0,11
1403715409.712431907653809,47,0,47,0,11
1403715409.762433290481567,48,2,47,1,11
1403715409.812433242797852,49,3,48,1,11
1403715409.862432718276978,49,5,48,0,11
1403715409.912432193756104,49,3,48,0,11
1403715409.962431669235229,48,0,46,1,11
1403715410.012431621551514,46,8,46,0,11
1403715410.062432527542114,46,0,46,0,11
1403715410.112434625625610,47,0,46,1,11
1403715410.162436723709106,46,0,46,0,11
1403715410.212437868118286,46,0,46,0,11
1403715410.262438058853149,46,1,44,0,11
1403715410.312437772750854,47,0,44,1,11
1403715410.362436771392822,48,2,45,3,11
1403715410.412435531616211,50,1,48,2,11
1403715410.462434291839600,50,12,50,0,11
1403715410.512431383132935,50,2,50,0,11
1403715410.562429904937744,49,1,49,0,11
1403715410.612426519393921,49,7,49,0,11
1403715410.662424802780151,48,0,48,0,11
1403715410.712424755096436,48,1,48,0,11
1403715410.762428045272827,49,5,48,1,11
1403715410.812430620193481,49,0,49,0,11
1403715410.862432241439819,49,0,49,0,11
1403715410.912431478500366,49,0,47,0,11
1403715410.962428569793701,50,0,47,1,11
1403715411.012427091598511,49,1,47,1,11
1403715411.062429189682007,50,9,48,1,11
1403715411.112430334091187,49,3,49,0,11
1403715411.162431716918945,50,11,49,1,11
1403715411.212430477142334,50,4,50,0,11
1403715411.262428283691406,49,0,49,0,11
1403715411.312426328659058,49,0,49,0,11
1403715411.362423181533813,50,0,49,1,11
1403715411.412421226501465,50,0,50,0,11
1403715411.462420463562012,49,0,49,0,11
1403715411.512419939041138,49,0,49,0,11
1403715411.562420129776001,49,0,49,0,11
1403715411.612420082092285,50,0,49,1,11
1403715411.662420034408569,50,8,50,0,11
1403715411.712420463562012,50,2,50,0,11
1403715411.762420892715454,50,10,50,0,11
1403715411.812420845031738,50,3,50,0,11
1403715411.862420797348022,49,1,48,0,11
1403715411.912420749664307,49,1,48,0,11
1403715411.962420940399170,48,0,47,1,11
1403715412.012420892715454,48,0,48,0,11
1403715412.062421083450317,48,0,47,0,11
1403715412.112421274185181,48,0,47,0,11
1403715412.162421941757202,48,0,47,1,11
1403715412.212421894073486,48,0,48,0,11
1403715412.262422323226929,50,6,48,2,11
1403715412.312422513961792,50,2,50,0,11
1403715412.362422227859497,50,25,50,0,11
1403715412.412422180175781,50,3,50,0,11
1403715412.462422132492065,50,0,50,0,11
1403715412.512421369552612,50,0,50,0,11
1403715412.562422037124634,50,0,50,0,11
1403715412.612422227859497,50,0,50,0,11
1403715412.662422418594360,50,0,50,0,11
1403715412.712421655654907,50,0,50,0,11
1403715412.762422800064087,50,0,50,0,11
1403715412.812422752380371,50,0,50,0,11
1403715412.862423896789551,50,6,50,0,11
1403715412.912424325942993,50,2,50,0,11
1403715412.962425708770752,50,22,50,0,11
1403715413.012425661087036,50,3,50,0,11
1403715413.062425374984741,50,0,50,0,11
1403715413.112425088882446,50,0,50,0,11
1403715413.162424802780151,50,0,50,0,11
1403715413.212424039840698,50,0,50,0,11
1403715413.262423515319824,50,0,48,0,11
1403715413.312423467636108,50,0,47,0,11
1403715413.362423181533813,47,0,45,1,11
1403715413.412423372268677,47,0,46,1,11
1403715413.462424039840698,50,4,46,3,11
1403715413.512423992156982,50,4,49,0,11
1403715413.562425136566162,49,22,49,0,11
1403715413.612425804138184,50,6,49,1,11
1403715413.662425756454468,49,1,49,0,11
1403715413.712425708770752,49,0,49,0,11
1403715413.762425661087036,49,0,49,0,11
1403715413.812425851821899,49,1,49,0,11
1403715413.862425804138184,48,1,47,0,11
1403715413.912425279617310,46,0,44,0,11
1403715413.962424278259277,45,1,40,1,11
1403715414.012424468994141,45,1,40,1,11
1403715414.062425136566162,43,4,39,2,11
1403715414.112426519393921,44,5,37,2,11
1403715414.162426948547363,47,3,34,5,11
1403715414.212428569793701,47,1,36,5,11
1403715414.262429237365723,45,0,41,2,11
1403715414.312428951263428,41,0,40,1,11
1403715414.362428188323975,40,0,40,0,11
1403715414.412423610687256,43,8,39,4,11
1403715414.462423563003540,43,0,43,0,11
1403715414.512423515319824,42,0,42,0,11
1403715414.562421083450317,43,11,42,1,11
1403715414.612421035766602,43,0,41,0,11
1403715414.662421464920044,43,0,39,0,11
1403715414.712417364120483,47,2,39,6,11
1403715414.762415409088135,47,5,42,2,11
1403715414.812414407730103,47,0,46,0,11
1403715414.862413644790649,44,0,44,0,11
1403715414.912412881851196,45,1,43,1,11
1403715414.962412595748901,43,1,42,0,11
1403715415.012409448623657,48,10,41,6,11
1403715415.062409162521362,46,1,45,1,11
1403715415.112408638000488,44,1,43,0,11
1403715415.162408351898193,44,5,42,0,11
1403715415.212408542633057,42,3,38,1,11
1403715415.262408733367920,40,0,37,0,11
1403715415.312410831451416,48,7,35,10,11
1403715415.362412214279175,45,16,41,2,11
1403715415.412411928176880,42,2,41,0,11
1403715415.462411642074585,44,0,39,4,11
1403715415.512411594390869,42,5,41,0,11
1403715415.562412023544312,38,0,35,0,11
1403715415.612413167953491,42,0,28,6,11
1403715415.662413835525513,40,0,26,1,11
1403715415.712414979934692,32,2,17,1,11
1403715415.762421369552612,33,1,17,9,11
1403715415.812417984008789,27,3,25,0,11
1403715415.862417936325073,27,1,22,0,11
1403715415.912418603897095,28,0,25,3,11
1403715415.962426185607910,39,0,25,12,11
1403715416.012425899505615,38,2,37,1,11
1403715416.062424659729004,38,0,22,0,11
1403715416.112424850463867,39,0,18,2,11
1403715416.162424564361572,24,0,18,0,11
1403715416.212424993515015,20,0,17,0,11
1403715416.262424945831299,18,0,17,0,11
1403715416.312425136566162,17,0,17,0,11
1403715416.362425327301025,17,0,17,0,11
1403715416.412425279617310,17,0,16,0,11
1403715416.462425231933594,17,0,16,0,11
1403715416.512425422668457,17,0,15,0,11
1403715416.562425613403320,16,0,15,1,11
1403715416.612425565719604,17,0,16,1,11
1403715416.662425518035889,17,0,17,0,11
1403715416.712425708770752,17,0,16,0,11
1403715416.762425661087036,17,0,16,0,11
1403715416.812425851821899,16,0,16,0,11
1403715416.862425804138184,16,0,16,0,11
1403715416.912425994873047,16,0,16,0,11
1403715416.962426185607910,17,0,16,1,11
1403715417.012426137924194,17,0,16,0,11
1403715417.062426567077637,17,0,16,0,11
1403715417.112426519393921,17,0,16,1,11
1403715417.162426471710205,17,0,17,0,11
1403715417.212426424026489,17,0,17,0,11
1403715417.262426614761353,17,0,17,0,11
1403715417.312426567077637,17,0,17,0,11
1403715417.362426519393921,17,0,17,0,11
1403715417.412426710128784,17,0,17,0,11
1403715417.462426662445068,17,0,17,0,11
1403715417.512426614761353,17,0,17,0,11
1403715417.562426805496216,18,0,17,1,11
1403715417.612426757812500,18,0,18,0,11
1403715417.662426710128784,18,0,18,0,11
1403715417.712426662445068,18,0,18,0,11
1403715417.762426614761353,18,0,18,0,11
1403715417.812426805496216,19,0,18,1,11
1403715417.862426757812500,19,0,19,0,11
1403715417.912426710128784,19,0,19,0,11
1403715417.962426662445068,19,0,19,0,11
1403715418.012426614761353,19,0,19,0,11
1403715418.062426805496216,19,0,19,0,11
1403715418.112426757812500,19,0,19,0,11
1403715418.162426710128784,19,0,19,0,11
1403715418.212426662445068,19,0,19,0,11
1403715418.262426614761353,19,0,19,0,11
1403715418.312426805496216,19,0,19,0,11
1403715418.362426757812500,19,0,19,0,11
1403715418.412426471710205,19,0,19,0,11
1403715418.462426424026489,19,0,19,0,11
1403715418.512426376342773,19,0,19,0,11
1403715418.562426805496216,19,0,19,0,11
1403715418.612426757812500,19,0,19,0,11
1403715418.662426471710205,19,0,19,0,11
1403715418.712426424026489,19,0,19,0,11
1403715418.762426376342773,19,0,19,0,11
1403715418.812426567077637,19,0,19,0,11
