# timestamp (sec),tracking,propagation,msckf update,slam update,slam delayed,re-tri & marg,total
1403715278.863559484481812,0.01620,0.00017,0.00063,0.00000,0.00000,0.00510,0.02211
1403715278.911866903305054,0.01401,0.00017,0.00572,0.00000,0.01220,0.00525,0.03735
1403715278.961361646652222,0.01454,0.00027,0.00073,0.00323,0.00000,0.00511,0.02388
1403715279.009718894958496,0.01556,0.00027,0.00013,0.00324,0.00000,0.00529,0.02450
1403715279.059221506118774,0.01641,0.00029,0.00011,0.00319,0.00000,0.00528,0.02528
1403715279.108679533004761,0.01429,0.00029,0.00064,0.00328,0.00000,0.00520,0.02369
1403715279.159051418304443,0.01333,0.00031,0.00032,0.00320,0.00000,0.00539,0.02255
1403715279.209558486938477,0.01693,0.00030,0.00094,0.00361,0.00000,0.00666,0.02845
1403715279.259666442871094,0.01356,0.00030,0.00003,0.00361,0.00789,0.00548,0.03088
1403715279.309942483901978,0.01382,0.00031,0.00008,0.00421,0.00609,0.00566,0.03016
1403715279.359853267669678,0.01315,0.00031,0.00003,0.00499,0.00190,0.00566,0.02605
1403715279.410456657409668,0.01479,0.00031,0.00003,0.00533,0.01445,0.00717,0.04207
1403715279.460427045822144,0.01410,0.00040,0.00003,0.00763,0.00000,0.00597,0.02814
1403715279.510281801223755,0.01361,0.00040,0.01982,0.00891,0.00217,0.00534,0.05025
1403715279.560195446014404,0.01403,0.00037,0.00003,0.00810,0.00010,0.00563,0.02827
1403715279.609917402267456,0.01366,0.00037,0.00195,0.00808,0.00277,0.00563,0.03246
1403715279.659385919570923,0.01331,0.00040,0.00003,0.00838,0.00000,0.00558,0.02770
1403715279.709324121475220,0.01386,0.00040,0.00003,0.00859,0.00000,0.00560,0.02849
1403715279.759377717971802,0.01865,0.00040,0.00003,0.00844,0.00000,0.00610,0.03363
1403715279.809237241744995,0.01556,0.00040,0.00008,0.00856,0.00000,0.00614,0.03074
1403715279.859565019607544,0.01543,0.00043,0.00010,0.00845,0.00000,0.00609,0.03050
1403715279.909814357757568,0.01613,0.00040,0.00008,0.00852,0.00001,0.00622,0.03135
1403715279.960504770278931,0.01514,0.00040,0.00333,0.00818,0.00007,0.00619,0.03331
1403715280.011830091476440,0.01532,0.00041,0.00003,0.00818,0.00001,0.00677,0.03073
1403715280.062015771865845,0.01572,0.00039,0.00011,0.00789,0.00000,0.00598,0.03010
1403715280.111928462982178,0.01651,0.00037,0.01720,0.00795,0.00186,0.00608,0.04996
1403715280.161594152450562,0.01698,0.00039,0.00024,0.00801,0.00007,0.00695,0.03265
1403715280.211287736892700,0.01515,0.00043,0.00170,0.00800,0.00012,0.00591,0.03131
1403715280.261499404907227,0.01570,0.00040,0.00022,0.00789,0.00000,0.00603,0.03024
1403715280.311531305313110,0.01777,0.00037,0.00003,0.00780,0.00001,0.00579,0.03174
1403715280.361492872238159,0.01592,0.00044,0.00003,0.00770,0.00000,0.00623,0.03033
1403715280.411354541778564,0.01729,0.00035,0.00003,0.00777,0.00000,0.00597,0.03142
1403715280.461070060729980,0.01520,0.00038,0.00067,0.00758,0.00000,0.00614,0.02997
1403715280.511095523834229,0.01563,0.00035,0.00018,0.00754,0.00000,0.00623,0.02993
1403715280.560953855514526,0.01764,0.00034,0.00146,0.00690,0.00138,0.00643,0.03415
1403715280.611104011535645,0.01626,0.00038,0.00077,0.00638,0.00000,0.00602,0.02981
1403715280.661181211471558,0.01621,0.00040,0.00083,0.00621,0.00582,0.00618,0.03565
1403715280.711278915405273,0.01800,0.00037,0.01891,0.00873,0.00266,0.00798,0.05666
1403715280.761297941207886,0.01591,0.00040,0.00112,0.00776,0.00006,0.00582,0.03107
1403715280.811341047286987,0.01584,0.00038,0.00103,0.00678,0.00190,0.00603,0.03196
1403715280.861413478851318,0.02084,0.00038,0.00032,0.00721,0.00002,0.00598,0.03475
1403715280.911581516265869,0.01602,0.00035,0.00021,0.00705,0.00010,0.00612,0.02984
1403715280.961728811264038,0.01638,0.00040,0.00073,0.00648,0.00000,0.00606,0.03005
1403715281.011845350265503,0.01570,0.00037,0.00063,0.00614,0.00041,0.00600,0.02926
1403715281.062022447586060,0.01747,0.00034,0.00065,0.00578,0.00000,0.00601,0.03025
1403715281.112130165100098,0.01657,0.00037,0.00003,0.00574,0.00859,0.00673,0.03803
1403715281.162225723266602,0.01608,0.00039,0.00134,0.00659,0.00066,0.00546,0.03051
1403715281.212450265884399,0.01565,0.00040,0.00103,0.00707,0.00000,0.00589,0.03004
1403715281.262869119644165,0.01527,0.00036,0.00056,0.00678,0.00227,0.00690,0.03214
1403715281.313068389892578,0.01674,0.00042,0.01040,0.00805,0.01226,0.00801,0.05588
1403715281.363089323043823,0.01568,0.00038,0.00023,0.00900,0.00001,0.00639,0.03168
1403715281.413131475448608,0.01621,0.00039,0.00836,0.00811,0.00224,0.00732,0.04263
1403715281.463108062744141,0.01544,0.00044,0.00003,0.00884,0.00001,0.00602,0.03078
1403715281.513074398040771,0.01582,0.00040,0.00003,0.00843,0.00000,0.00589,0.03057
1403715281.563059329986572,0.01559,0.00040,0.00016,0.00748,0.00000,0.00591,0.02953
1403715281.613016843795776,0.01575,0.00039,0.00830,0.00711,0.00379,0.00579,0.04113
1403715281.663022279739380,0.01614,0.00045,0.00035,0.00696,0.00112,0.00599,0.03102
1403715281.713058471679688,0.01977,0.00042,0.00052,0.00592,0.00000,0.00586,0.03250
1403715281.763208627700806,0.01604,0.00037,0.00044,0.00576,0.00004,0.00600,0.02865
1403715281.813155174255371,0.01732,0.00037,0.00025,0.00522,0.00005,0.00635,0.02956
1403715281.863253116607666,0.01869,0.00038,0.00126,0.00576,0.00007,0.00748,0.03364
1403715281.913192033767700,0.01584,0.00030,0.00027,0.00558,0.01670,0.00708,0.04577
1403715281.963274478912354,0.01718,0.00038,0.00025,0.00714,0.00000,0.00582,0.03077
1403715282.013293504714966,0.01560,0.00036,0.00492,0.00678,0.00543,0.00615,0.03922
1403715282.063360214233398,0.01555,0.00042,0.00008,0.00781,0.00000,0.00605,0.02992
1403715282.113317012786865,0.01527,0.00039,0.00019,0.00753,0.00045,0.00610,0.02993
1403715282.163429975509644,0.01569,0.00038,0.00003,0.00793,0.00000,0.00611,0.03015
1403715282.213417530059814,0.01514,0.00043,0.00534,0.00749,0.00660,0.00617,0.04117
1403715282.263472557067871,0.01499,0.00042,0.01979,0.00955,0.00001,0.00630,0.05105
1403715282.313478708267212,0.01664,0.00040,0.00033,0.00792,0.00047,0.00625,0.03202
1403715282.363471508026123,0.01549,0.00041,0.00033,0.00817,0.00047,0.00700,0.03188
1403715282.413453817367554,0.01584,0.00038,0.00040,0.00778,0.00039,0.00546,0.03026
1403715282.463451623916626,0.01903,0.00035,0.00021,0.00750,0.00006,0.00617,0.03333
1403715282.513462066650391,0.01885,0.00038,0.00005,0.00713,0.00220,0.00614,0.03476
1403715282.563431262969971,0.01682,0.00040,0.00021,0.00716,0.00000,0.00600,0.03059
1403715282.613412857055664,0.01626,0.00037,0.00244,0.00636,0.00427,0.00636,0.03606
1403715282.663414716720581,0.01572,0.00036,0.00085,0.00689,0.00000,0.00610,0.02992
1403715282.713405132293701,0.01611,0.00036,0.00173,0.00667,0.00000,0.00592,0.03079
1403715282.763402700424194,0.01589,0.00038,0.00051,0.00659,0.00000,0.00632,0.02970
1403715282.813371419906616,0.01527,0.00038,0.00056,0.00665,0.00357,0.00607,0.03251
1403715282.863334417343140,0.01591,0.00038,0.01234,0.00715,0.01059,0.00569,0.05206
1403715282.913322687149048,0.01632,0.00040,0.00005,0.00868,0.00001,0.00680,0.03226
1403715282.963254451751709,0.01526,0.00044,0.00024,0.00823,0.00001,0.00587,0.03004
1403715283.013214111328125,0.01528,0.00040,0.01519,0.00720,0.00403,0.00744,0.04954
1403715283.063196182250977,0.01663,0.00041,0.00003,0.00825,0.00001,0.00620,0.03153
1403715283.113176345825195,0.01553,0.00041,0.00018,0.00808,0.00001,0.00611,0.03031
1403715283.163194179534912,0.01902,0.00037,0.00020,0.00775,0.00046,0.00630,0.03409
1403715283.213180541992188,0.01861,0.00037,0.00240,0.00749,0.00094,0.00640,0.03621
1403715283.263159751892090,0.01625,0.00040,0.00047,0.00763,0.00001,0.00614,0.03090
1403715283.313142776489258,0.01679,0.00039,0.00024,0.00735,0.00045,0.00601,0.03123
1403715283.363120794296265,0.01511,0.00039,0.00034,0.00718,0.00001,0.00616,0.02918
1403715283.413074493408203,0.01783,0.00040,0.00011,0.00737,0.00001,0.00658,0.03230
1403715283.463032245635986,0.01612,0.00039,0.00903,0.00743,0.01319,0.00588,0.05204
1403715283.512987852096558,0.01833,0.00039,0.00118,0.00645,0.00000,0.00592,0.03229
1403715283.562972545623779,0.02041,0.00032,0.00005,0.00613,0.00000,0.00631,0.03323
1403715283.612947940826416,0.01813,0.00037,0.00821,0.00601,0.01503,0.00592,0.05366
1403715283.662991046905518,0.01630,0.00042,0.00011,0.00868,0.00000,0.00645,0.03195
1403715283.713071823120117,0.01631,0.00043,0.00884,0.00858,0.00001,0.00636,0.04051
1403715283.763168811798096,0.01718,0.00040,0.00014,0.00868,0.00000,0.00590,0.03230
1403715283.813253402709961,0.01636,0.00042,0.00227,0.00751,0.00001,0.00613,0.03270
1403715283.863274335861206,0.01669,0.00036,0.00003,0.00762,0.00000,0.00627,0.03098
1403715283.913272857666016,0.01671,0.00041,0.00033,0.00741,0.00085,0.00542,0.03112
1403715283.963264226913452,0.01568,0.00040,0.00003,0.00809,0.00000,0.00617,0.03037
1403715284.013266324996948,0.01646,0.00040,0.00004,0.00782,0.00000,0.00622,0.03094
1403715284.063274383544922,0.01791,0.00038,0.00939,0.00745,0.00338,0.00616,0.04468
1403715284.113312482833862,0.01737,0.00041,0.01819,0.00835,0.00050,0.00710,0.05192
1403715284.163273096084595,0.01702,0.00049,0.00004,0.00899,0.00000,0.00634,0.03288
1403715284.213236570358276,0.01584,0.00041,0.00809,0.00901,0.00001,0.00631,0.03967
1403715284.263209342956543,0.01680,0.00040,0.00003,0.00908,0.00000,0.00639,0.03272
1403715284.313137769699097,0.01808,0.00037,0.00760,0.00863,0.00001,0.00621,0.04089
1403715284.363116502761841,0.01660,0.00041,0.00008,0.00884,0.00000,0.00599,0.03192
1403715284.413139104843140,0.01614,0.00037,0.00259,0.00802,0.00000,0.00620,0.03332
1403715284.463143110275269,0.01824,0.00041,0.00004,0.00843,0.00001,0.00619,0.03332
1403715284.513131856918335,0.01603,0.00036,0.00029,0.00804,0.00048,0.00636,0.03158
1403715284.563095092773438,0.01674,0.00041,0.00017,0.00852,0.00002,0.00638,0.03225
1403715284.613126039505005,0.01740,0.00036,0.00004,0.00837,0.00000,0.00617,0.03234
1403715284.663141489028931,0.01736,0.00035,0.00746,0.00771,0.00443,0.00642,0.04373
1403715284.712990283966064,0.01648,0.00042,0.01631,0.00754,0.00050,0.00855,0.04980
1403715284.763079166412354,0.01680,0.00040,0.00026,0.00728,0.00074,0.00581,0.03129
1403715284.813060998916626,0.01607,0.00041,0.00829,0.00718,0.00073,0.00610,0.03877
1403715284.863028764724731,0.01946,0.00042,0.00022,0.00805,0.00002,0.00773,0.03591
1403715284.913047790527344,0.01669,0.00036,0.00623,0.00854,0.00420,0.00791,0.04393
1403715284.963016510009766,0.01641,0.00038,0.00003,0.00875,0.00001,0.00631,0.03188
1403715285.013031005859375,0.01885,0.00038,0.00170,0.00856,0.00007,0.00616,0.03572
1403715285.063035964965820,0.01671,0.00041,0.00024,0.00804,0.00000,0.00618,0.03159
1403715285.112918853759766,0.01664,0.00039,0.00018,0.00767,0.00002,0.00601,0.03090
1403715285.162858963012695,0.01861,0.00038,0.00003,0.00771,0.00114,0.00641,0.03429
1403715285.212764024734497,0.01683,0.00039,0.00118,0.00763,0.00000,0.00619,0.03224
1403715285.262626886367798,0.01706,0.00039,0.00520,0.00769,0.00603,0.00586,0.04223
1403715285.312543153762817,0.01739,0.00041,0.01383,0.00864,0.00204,0.00818,0.05048
1403715285.362568140029907,0.01687,0.00038,0.00024,0.00892,0.00000,0.00618,0.03260
1403715285.412551164627075,0.01732,0.00040,0.00743,0.00844,0.00208,0.00660,0.04228
1403715285.462562322616577,0.01614,0.00039,0.00102,0.00941,0.00001,0.00596,0.03293
1403715285.512596607208252,0.01480,0.00042,0.00613,0.00992,0.00001,0.00653,0.03780
1403715285.562719106674194,0.01619,0.00036,0.00008,0.01132,0.00001,0.00607,0.03402
1403715285.612773180007935,0.01513,0.00043,0.00004,0.00848,0.00203,0.00609,0.03220
1403715285.662783384323120,0.02004,0.00038,0.00019,0.00822,0.00001,0.00623,0.03506
1403715285.712761402130127,0.01930,0.00038,0.00101,0.00803,0.00089,0.00546,0.03507
1403715285.762761831283569,0.01676,0.00038,0.00104,0.00830,0.00046,0.00582,0.03276
1403715285.812743186950684,0.01612,0.00036,0.00003,0.00785,0.00000,0.00609,0.03046
1403715285.862702131271362,0.01696,0.00038,0.00550,0.00792,0.00411,0.00648,0.04135
1403715285.912699937820435,0.01629,0.00037,0.01270,0.00907,0.00194,0.00747,0.04783
1403715285.962701082229614,0.01650,0.00040,0.00055,0.00947,0.00001,0.00620,0.03314
1403715286.012747526168823,0.01650,0.00040,0.00773,0.00867,0.00000,0.00605,0.03936
1403715286.062736034393311,0.01676,0.00041,0.00088,0.00878,0.00000,0.00608,0.03291
1403715286.112743377685547,0.01627,0.00040,0.00909,0.00864,0.00088,0.00548,0.04075
1403715286.162729740142822,0.01668,0.00039,0.00058,0.00915,0.00001,0.00630,0.03312
1403715286.212743520736694,0.01566,0.00040,0.01330,0.00935,0.00200,0.00756,0.04828
1403715286.262742519378662,0.01850,0.00042,0.00021,0.00934,0.00000,0.00657,0.03503
1403715286.312716484069824,0.01610,0.00040,0.00003,0.00896,0.00001,0.00601,0.03151
1403715286.362691164016724,0.01669,0.00040,0.00145,0.00870,0.00001,0.00620,0.03344
1403715286.412675380706787,0.01848,0.00042,0.00083,0.00877,0.00046,0.00627,0.03524
1403715286.462653875350952,0.01679,0.00040,0.00111,0.00832,0.00120,0.00643,0.03425
1403715286.512640714645386,0.01646,0.00043,0.00901,0.00809,0.00203,0.00634,0.04236
1403715286.562637805938721,0.02002,0.00040,0.00036,0.00756,0.00044,0.00570,0.03449
1403715286.612638235092163,0.01624,0.00039,0.00495,0.00691,0.00557,0.00597,0.04004
1403715286.662648200988770,0.01667,0.00040,0.00038,0.00760,0.00044,0.00563,0.03113
1403715286.712658643722534,0.01628,0.00039,0.00594,0.00672,0.00531,0.00638,0.04102
1403715286.762641668319702,0.01565,0.00040,0.00031,0.00643,0.00000,0.00605,0.02884
1403715286.812541246414185,0.01963,0.00043,0.00692,0.00544,0.01055,0.00772,0.05070
1403715286.862505435943604,0.01684,0.00039,0.00019,0.00741,0.00042,0.00572,0.03097
1403715286.912464141845703,0.01738,0.00038,0.00017,0.00788,0.00046,0.00645,0.03272
1403715286.962455272674561,0.01951,0.00037,0.00013,0.00769,0.00000,0.00624,0.03393
1403715287.012466907501221,0.01575,0.00035,0.00003,0.00738,0.00000,0.00622,0.02974
1403715287.062489986419678,0.01572,0.00036,0.00152,0.00688,0.00018,0.00613,0.03079
1403715287.112556934356689,0.01622,0.00038,0.01085,0.00665,0.01043,0.00598,0.05051
1403715287.162594795227051,0.01549,0.00041,0.00032,0.00741,0.00047,0.00616,0.03026
1403715287.212631464004517,0.01650,0.00039,0.00004,0.00711,0.00579,0.00636,0.03618
1403715287.262642145156860,0.01915,0.00040,0.00033,0.00777,0.00047,0.00646,0.03458
1403715287.312650442123413,0.01655,0.00038,0.00611,0.00667,0.00193,0.00579,0.03743
1403715287.362691164016724,0.01569,0.00038,0.00560,0.00628,0.00410,0.00647,0.03853
1403715287.412703752517700,0.01606,0.00039,0.00547,0.00690,0.00387,0.00619,0.03888
1403715287.462660312652588,0.01581,0.00040,0.00083,0.00726,0.00044,0.00617,0.03091
1403715287.512620210647583,0.01566,0.00039,0.00075,0.00792,0.00001,0.00615,0.03088
1403715287.562602758407593,0.01621,0.00038,0.00020,0.00686,0.00002,0.00604,0.02970
1403715287.612566709518433,0.01648,0.00040,0.00029,0.00692,0.00001,0.00679,0.03089
1403715287.662565708160400,0.01853,0.00044,0.00240,0.00626,0.00167,0.00600,0.03530
1403715287.712617397308350,0.01585,0.00033,0.00273,0.00569,0.00915,0.00561,0.03937
1403715287.762678384780884,0.01724,0.00038,0.00041,0.00630,0.00000,0.00603,0.03036
1403715287.812716960906982,0.01898,0.00037,0.00067,0.00556,0.00871,0.00566,0.03994
1403715287.862734556198120,0.01650,0.00053,0.00048,0.00642,0.00000,0.00601,0.02994
1403715287.912766456604004,0.01489,0.00039,0.00020,0.00580,0.00425,0.00624,0.03177
1403715287.962778568267822,0.01658,0.00038,0.00060,0.00630,0.00833,0.00558,0.03776
1403715288.012800693511963,0.01730,0.00038,0.00558,0.00766,0.00236,0.00564,0.03891
1403715288.062818288803101,0.01571,0.00043,0.00038,0.00728,0.00000,0.00662,0.03042
1403715288.112830877304077,0.01532,0.00038,0.00100,0.00666,0.00001,0.00586,0.02922
1403715288.162861108779907,0.01755,0.00039,0.00016,0.00647,0.00001,0.00572,0.03029
1403715288.212909698486328,0.01787,0.00036,0.00004,0.00628,0.00707,0.00666,0.03828
1403715288.262917757034302,0.01599,0.00040,0.00003,0.00745,0.00010,0.00615,0.03013
1403715288.312952518463135,0.01612,0.00040,0.00858,0.00685,0.00405,0.00603,0.04202
1403715288.362952947616577,0.01805,0.00037,0.00003,0.00717,0.00000,0.00610,0.03172
1403715288.412925004959106,0.01529,0.00035,0.00521,0.00530,0.00391,0.00606,0.03613
1403715288.462939739227295,0.01580,0.00039,0.00028,0.00482,0.00070,0.00575,0.02774
1403715288.512940645217896,0.01561,0.00038,0.00076,0.00415,0.00140,0.00621,0.02852
1403715288.563020706176758,0.01570,0.00039,0.00060,0.00475,0.00923,0.00558,0.03625
1403715288.613016605377197,0.01583,0.00039,0.00503,0.00745,0.00446,0.00647,0.03963
1403715288.663051605224609,0.01523,0.00042,0.00003,0.00843,0.00000,0.00598,0.03010
1403715288.713080167770386,0.01544,0.00040,0.00034,0.00834,0.00014,0.00592,0.03058
1403715288.763095378875732,0.01800,0.00040,0.00008,0.00820,0.00000,0.00587,0.03256
1403715288.813097953796387,0.01500,0.00040,0.00003,0.00812,0.00204,0.00607,0.03167
1403715288.863095998764038,0.01572,0.00040,0.00010,0.00877,0.00007,0.00611,0.03116
1403715288.913104772567749,0.01714,0.00038,0.00822,0.00819,0.00204,0.00623,0.04220
1403715288.963110208511353,0.01536,0.00041,0.00003,0.00851,0.00000,0.00618,0.03049
1403715289.013122797012329,0.01585,0.00042,0.00706,0.00800,0.00048,0.00578,0.03759
1403715289.063122749328613,0.01529,0.00041,0.00017,0.00844,0.00047,0.00627,0.03105
1403715289.113124608993530,0.01543,0.00042,0.00452,0.00851,0.00007,0.00600,0.03494
1403715289.163131952285767,0.01542,0.00042,0.00022,0.00848,0.00009,0.00598,0.03061
1403715289.213092565536499,0.01568,0.00042,0.00502,0.00791,0.00201,0.00652,0.03756
1403715289.263081789016724,0.01577,0.00042,0.00016,0.00781,0.00002,0.00615,0.03033
1403715289.313051223754883,0.01587,0.00062,0.00266,0.00711,0.00060,0.00619,0.03304
1403715289.363030195236206,0.01851,0.00039,0.00019,0.00702,0.00071,0.00603,0.03284
1403715289.413009405136108,0.01658,0.00039,0.00027,0.00773,0.00050,0.00600,0.03147
1403715289.462989568710327,0.01596,0.00039,0.00030,0.00724,0.00050,0.00617,0.03057
1403715289.512959957122803,0.01598,0.00039,0.00494,0.00678,0.00866,0.00618,0.04293
1403715289.562956571578979,0.01597,0.00043,0.00008,0.00848,0.00000,0.00622,0.03119
1403715289.612941026687622,0.01570,0.00041,0.00640,0.00633,0.00204,0.00620,0.03707
1403715289.662923574447632,0.01521,0.00041,0.00104,0.00690,0.00000,0.00607,0.02963
1403715289.712906122207642,0.01550,0.00042,0.00006,0.00734,0.00440,0.00643,0.03415
1403715289.762881278991699,0.01506,0.00039,0.00022,0.00793,0.00544,0.00638,0.03541
1403715289.812854051589966,0.01864,0.00038,0.00425,0.00814,0.00315,0.00607,0.04064
1403715289.862834453582764,0.01732,0.00041,0.00126,0.00884,0.00001,0.00602,0.03385
1403715289.912829399108887,0.01626,0.00039,0.01539,0.00849,0.00499,0.00581,0.05132
1403715289.962829113006592,0.01589,0.00042,0.00004,0.00942,0.00000,0.00608,0.03185
1403715290.012829065322876,0.01698,0.00042,0.00008,0.00945,0.00000,0.00788,0.03482
1403715290.062818288803101,0.01564,0.00043,0.00017,0.01053,0.00000,0.00602,0.03280
1403715290.112813949584961,0.01640,0.00042,0.00543,0.00917,0.00000,0.00741,0.03884
1403715290.162816762924194,0.01578,0.00045,0.00003,0.00943,0.00000,0.00619,0.03188
1403715290.212834119796753,0.01468,0.00043,0.00556,0.00949,0.00000,0.00739,0.03754
1403715290.262865066528320,0.01604,0.00048,0.00023,0.00976,0.00001,0.00748,0.03398
1403715290.312916755676270,0.01647,0.00042,0.00011,0.00940,0.00001,0.00612,0.03253
1403715290.362928390502930,0.01604,0.00044,0.00873,0.00932,0.00001,0.00606,0.04060
1403715290.412962913513184,0.01663,0.00043,0.00256,0.00928,0.00001,0.00603,0.03494
1403715290.462939500808716,0.01593,0.00041,0.00148,0.00901,0.00000,0.00612,0.03296
1403715290.512912034988403,0.01546,0.00041,0.01018,0.00884,0.00000,0.00596,0.04085
1403715290.562867879867554,0.01768,0.00041,0.00055,0.00893,0.00005,0.00596,0.03358
1403715290.612863540649414,0.01862,0.00040,0.00047,0.00885,0.00000,0.00621,0.03456
1403715290.662859201431274,0.01688,0.00043,0.00010,0.00895,0.00006,0.00600,0.03243
1403715290.712854146957397,0.01637,0.00042,0.00498,0.00871,0.00201,0.00634,0.03884
1403715290.762851238250732,0.01640,0.00045,0.00080,0.00903,0.00000,0.00623,0.03291
1403715290.812844514846802,0.01633,0.00041,0.00265,0.00870,0.00006,0.00623,0.03438
1403715290.862829446792603,0.01561,0.00041,0.00003,0.00889,0.00000,0.00593,0.03088
1403715290.912826061248779,0.01577,0.00041,0.00126,0.00878,0.00000,0.00607,0.03229
1403715290.962822914123535,0.01711,0.00045,0.00525,0.00880,0.00204,0.00614,0.03979
1403715291.012820959091187,0.01725,0.00041,0.00168,0.00893,0.00007,0.00606,0.03441
1403715291.062810897827148,0.01535,0.00041,0.00003,0.00888,0.00000,0.00598,0.03066
1403715291.112795591354370,0.01967,0.00042,0.01058,0.00878,0.00202,0.00756,0.04904
1403715291.162795066833496,0.01553,0.00040,0.00970,0.00901,0.00196,0.00607,0.04267
1403715291.212789297103882,0.01539,0.00042,0.00044,0.00903,0.00001,0.00616,0.03145
1403715291.262783765792847,0.01565,0.00040,0.00047,0.00920,0.00007,0.00642,0.03223
1403715291.312779188156128,0.01623,0.00036,0.00238,0.00895,0.00205,0.00617,0.03613
1403715291.362776041030884,0.01588,0.00041,0.00030,0.00892,0.00000,0.00605,0.03156
1403715291.412775278091431,0.01829,0.00039,0.00183,0.00881,0.00013,0.00598,0.03542
1403715291.462775707244873,0.01602,0.00078,0.00079,0.00947,0.00000,0.00605,0.03311
1403715291.512756109237671,0.01766,0.00039,0.00022,0.00846,0.00000,0.00699,0.03372
1403715291.562760591506958,0.01432,0.00037,0.00025,0.00798,0.00289,0.00527,0.03108
1403715291.612753629684448,0.01477,0.00040,0.00004,0.00866,0.00007,0.00553,0.02946
1403715291.662768840789795,0.01704,0.00040,0.00461,0.00830,0.00437,0.00583,0.04055
1403715291.712789773941040,0.01398,0.00042,0.00706,0.00919,0.00000,0.00551,0.03616
1403715291.762797832489014,0.01765,0.00050,0.00888,0.01178,0.00003,0.00683,0.04567
1403715291.812800407409668,0.01456,0.00045,0.00024,0.01062,0.00001,0.00596,0.03184
1403715291.862798452377319,0.01711,0.00039,0.00186,0.00813,0.00006,0.00692,0.03447
1403715291.912777662277222,0.01410,0.00038,0.00004,0.00782,0.00206,0.00583,0.03023
1403715291.962750434875488,0.01427,0.00042,0.00557,0.00797,0.00393,0.00529,0.03745
1403715292.012747287750244,0.01505,0.00039,0.00492,0.00881,0.00201,0.00608,0.03726
1403715292.062744140625000,0.01458,0.00040,0.00005,0.00941,0.00000,0.00559,0.03003
1403715292.112743377685547,0.01337,0.00040,0.00003,0.00938,0.00000,0.00554,0.02873
1403715292.162740230560303,0.01400,0.00040,0.00005,0.00933,0.00000,0.00555,0.02933
1403715292.212732791900635,0.01692,0.00046,0.00093,0.00899,0.00000,0.00598,0.03328
1403715292.262709379196167,0.01526,0.00040,0.00505,0.00883,0.00001,0.00612,0.03566
1403715292.312689304351807,0.01458,0.00039,0.00865,0.00849,0.00007,0.00561,0.03780
1403715292.362675428390503,0.01781,0.00040,0.00474,0.00808,0.00198,0.00585,0.03886
1403715292.412667751312256,0.01442,0.00041,0.00102,0.00783,0.00000,0.00564,0.02933
1403715292.462665319442749,0.01718,0.00039,0.00237,0.00698,0.00217,0.00562,0.03471
1403715292.512649536132812,0.01387,0.00039,0.00086,0.00709,0.00110,0.00567,0.02898
1403715292.562623739242554,0.01542,0.00040,0.00100,0.00724,0.00555,0.00535,0.03496
1403715292.612596035003662,0.01329,0.00042,0.00357,0.00766,0.00381,0.00546,0.03422
1403715292.662579536437988,0.01612,0.00041,0.00102,0.00795,0.00000,0.00572,0.03123
1403715292.712576866149902,0.01323,0.00041,0.00175,0.00749,0.00004,0.00554,0.02845
1403715292.762577056884766,0.01725,0.00038,0.00237,0.00763,0.00523,0.00731,0.04017
1403715292.812589168548584,0.01578,0.00040,0.00180,0.00847,0.00091,0.00695,0.03431
1403715292.862623214721680,0.01424,0.00043,0.00225,0.00777,0.00000,0.00544,0.03012
1403715292.912647724151611,0.01791,0.00044,0.00548,0.00771,0.00570,0.00543,0.04267
1403715292.962666988372803,0.01684,0.00041,0.00358,0.00827,0.00049,0.00575,0.03535
1403715293.012635469436646,0.01382,0.00041,0.00470,0.00813,0.00000,0.00561,0.03268
1403715293.062622785568237,0.01474,0.00042,0.00121,0.00711,0.00005,0.00539,0.02892
1403715293.112620830535889,0.01439,0.00039,0.00049,0.00627,0.00039,0.00577,0.02771
1403715293.162622928619385,0.01466,0.00037,0.00049,0.00613,0.00000,0.00567,0.02732
1403715293.212630271911621,0.01452,0.00036,0.00463,0.00583,0.01501,0.00681,0.04716
1403715293.262626409530640,0.01669,0.00040,0.00045,0.00773,0.00046,0.00583,0.03155
1403715293.312635183334351,0.01472,0.00039,0.00252,0.00707,0.00194,0.00676,0.03338
1403715293.362635135650635,0.01466,0.00039,0.00327,0.00628,0.00815,0.00574,0.03850
1403715293.412641525268555,0.01407,0.00038,0.00056,0.00797,0.00000,0.00565,0.02863
1403715293.462647914886475,0.01742,0.00041,0.00216,0.00733,0.00001,0.00565,0.03297
1403715293.512664556503296,0.01356,0.00037,0.00831,0.00701,0.00890,0.00639,0.04454
1403715293.562672138214111,0.01727,0.00041,0.00363,0.00774,0.00000,0.00570,0.03475
1403715293.612685918807983,0.01501,0.00038,0.00044,0.00785,0.00231,0.00552,0.03151
1403715293.662706136703491,0.01430,0.00037,0.00032,0.00748,0.00000,0.00565,0.02813
1403715293.712716579437256,0.01430,0.00038,0.00099,0.00714,0.00000,0.00585,0.02867
1403715293.762722253799438,0.01410,0.00038,0.00033,0.00694,0.00046,0.00540,0.02760
1403715293.812737703323364,0.01351,0.00039,0.01297,0.00667,0.00856,0.00581,0.04791
1403715293.862743377685547,0.01385,0.00038,0.00028,0.00808,0.00062,0.00717,0.03039
1403715293.912748336791992,0.01727,0.00044,0.00034,0.00828,0.00001,0.00594,0.03229
1403715293.962756395339966,0.01619,0.00039,0.00127,0.00735,0.00378,0.00593,0.03492
1403715294.012766122817993,0.01796,0.00039,0.00142,0.00708,0.00001,0.00589,0.03275
1403715294.062782049179077,0.01430,0.00039,0.00058,0.00696,0.00041,0.00588,0.02853
1403715294.112810611724854,0.01517,0.00036,0.01040,0.00669,0.01219,0.00560,0.05042
1403715294.162806510925293,0.01483,0.00041,0.00350,0.00824,0.00000,0.00565,0.03264
1403715294.212814092636108,0.01482,0.00037,0.00036,0.00798,0.00047,0.00534,0.02933
1403715294.262800931930542,0.01472,0.00040,0.00077,0.00800,0.00001,0.00559,0.02949
1403715294.312798500061035,0.01496,0.00040,0.00035,0.00714,0.00000,0.00568,0.02854
1403715294.362795352935791,0.01427,0.00038,0.00032,0.00651,0.00000,0.00552,0.02700
1403715294.412794589996338,0.01388,0.00036,0.00518,0.00698,0.01524,0.00552,0.04716
1403715294.462812185287476,0.01419,0.00040,0.01638,0.00867,0.00000,0.00729,0.04693
1403715294.512815713882446,0.01731,0.00039,0.00027,0.00815,0.00000,0.00571,0.03184
1403715294.562836647033691,0.01773,0.00041,0.00006,0.00818,0.00000,0.00558,0.03196
1403715294.612843751907349,0.01474,0.00040,0.00003,0.00772,0.00000,0.00560,0.02849
1403715294.662855625152588,0.02134,0.00038,0.00062,0.00709,0.00000,0.00566,0.03508
1403715294.712853908538818,0.01951,0.00039,0.00818,0.00658,0.00548,0.00582,0.04595
1403715294.762843608856201,0.01456,0.00040,0.00054,0.00768,0.00370,0.00547,0.03234
1403715294.812820911407471,0.01582,0.00040,0.00114,0.00773,0.00000,0.00566,0.03075
1403715294.862808465957642,0.01494,0.00042,0.00045,0.00772,0.00000,0.00594,0.02947
1403715294.912791252136230,0.01526,0.00040,0.00125,0.00668,0.00041,0.00576,0.02977
1403715294.962762594223022,0.01467,0.00038,0.00003,0.00713,0.00000,0.00587,0.02810
1403715295.012753009796143,0.01413,0.00039,0.00039,0.00632,0.00546,0.00579,0.03249
1403715295.062726259231567,0.01481,0.00039,0.01146,0.00711,0.00595,0.00735,0.04708
1403715295.112725734710693,0.01621,0.00046,0.00030,0.00757,0.00001,0.00578,0.03032
1403715295.162726402282715,0.01421,0.00037,0.00015,0.00728,0.00001,0.00569,0.02772
1403715295.212713003158569,0.01430,0.00037,0.01307,0.00774,0.00343,0.00716,0.04608
1403715295.262714862823486,0.01852,0.00038,0.00021,0.00749,0.00001,0.00555,0.03215
1403715295.312720537185669,0.01429,0.00039,0.00320,0.00687,0.00916,0.00549,0.03939
1403715295.362727403640747,0.01396,0.00043,0.00019,0.00846,0.00000,0.00556,0.02860
1403715295.412732839584351,0.01880,0.00039,0.00017,0.00829,0.00001,0.00563,0.03329
1403715295.462734460830688,0.01583,0.00036,0.00006,0.00821,0.00000,0.00557,0.03002
1403715295.512734174728394,0.01539,0.00040,0.00065,0.00746,0.00000,0.00588,0.02979
1403715295.562734365463257,0.01541,0.00036,0.00050,0.00717,0.00000,0.00595,0.02940
1403715295.612731933593750,0.01543,0.00038,0.00009,0.00729,0.00000,0.00595,0.02915
1403715295.662713766098022,0.01559,0.00045,0.00685,0.00703,0.00981,0.00660,0.04632
1403715295.712714910507202,0.01431,0.00040,0.00117,0.00883,0.00000,0.00577,0.03048
1403715295.762706279754639,0.01432,0.00063,0.00011,0.00880,0.00000,0.00590,0.02977
1403715295.812713861465454,0.01951,0.00044,0.01121,0.00825,0.00000,0.00591,0.04534
1403715295.862706899642944,0.01503,0.00039,0.00077,0.00811,0.00000,0.00564,0.02995
1403715295.912704229354858,0.01417,0.00041,0.00037,0.00723,0.00191,0.00590,0.02999
1403715295.962721586227417,0.01443,0.00042,0.01967,0.00785,0.00361,0.00574,0.05171
1403715296.012698650360107,0.01957,0.00044,0.00021,0.00816,0.00005,0.00607,0.03450
1403715296.062664985656738,0.01446,0.00036,0.00035,0.00760,0.00000,0.00586,0.02863
1403715296.112645149230957,0.01366,0.00041,0.00023,0.00731,0.00000,0.00575,0.02738
1403715296.162642955780029,0.01563,0.00037,0.00011,0.00720,0.00000,0.00569,0.02900
1403715296.212641716003418,0.01420,0.00039,0.00085,0.00747,0.00001,0.00568,0.02858
1403715296.262634038925171,0.01410,0.00038,0.00371,0.00658,0.00556,0.00558,0.03592
1403715296.312631607055664,0.01493,0.00041,0.00183,0.00684,0.00002,0.00594,0.02997
1403715296.362625122070312,0.02096,0.00041,0.00004,0.00656,0.00000,0.00571,0.03368
1403715296.412587165832520,0.01547,0.00039,0.00916,0.00595,0.00367,0.00595,0.04058
1403715296.462573051452637,0.01456,0.00038,0.00026,0.00640,0.00005,0.00556,0.02720
1403715296.512567520141602,0.01937,0.00039,0.00043,0.00608,0.00005,0.00574,0.03205
1403715296.562555313110352,0.01575,0.00038,0.01118,0.00544,0.00773,0.00747,0.04795
1403715296.612563133239746,0.01501,0.00039,0.00015,0.00654,0.00000,0.00590,0.02799
1403715296.662571191787720,0.01492,0.00040,0.00003,0.00644,0.00000,0.00604,0.02783
1403715296.712572336196899,0.01477,0.00039,0.00083,0.00615,0.00000,0.00591,0.02805
1403715296.762573719024658,0.01446,0.00041,0.00024,0.00593,0.00000,0.00595,0.02700
1403715296.812570571899414,0.01524,0.00037,0.00017,0.00607,0.00002,0.00583,0.02769
1403715296.862570524215698,0.01481,0.00035,0.00013,0.00557,0.00460,0.00591,0.03138
1403715296.912538051605225,0.01643,0.00042,0.02044,0.00731,0.00902,0.00582,0.05944
1403715296.962533235549927,0.01402,0.00040,0.00003,0.00773,0.00000,0.00579,0.02799
1403715297.012532472610474,0.01378,0.00039,0.00834,0.00727,0.00000,0.00614,0.03593
1403715297.062536716461182,0.01382,0.00043,0.00022,0.00680,0.00046,0.00533,0.02706
1403715297.112539529800415,0.01517,0.00039,0.00019,0.00696,0.00114,0.00590,0.02976
1403715297.162540435791016,0.01514,0.00039,0.01153,0.00672,0.00063,0.00564,0.04005
1403715297.212543964385986,0.01533,0.00041,0.00035,0.00664,0.00000,0.00600,0.02874
1403715297.262543201446533,0.01461,0.00040,0.00022,0.00611,0.00000,0.00550,0.02685
1403715297.312533855438232,0.01482,0.00037,0.00017,0.00581,0.00000,0.00568,0.02685
1403715297.362519264221191,0.01442,0.00039,0.00021,0.00563,0.00041,0.00592,0.02698
1403715297.412508487701416,0.01404,0.00037,0.00003,0.00579,0.00105,0.00537,0.02665
1403715297.462501049041748,0.01718,0.00040,0.00003,0.00543,0.00001,0.00584,0.02889
1403715297.512475967407227,0.01430,0.00037,0.01295,0.00524,0.01201,0.00645,0.05131
1403715297.562483072280884,0.01388,0.00041,0.00030,0.00662,0.00045,0.00539,0.02706
1403715297.612491607666016,0.02260,0.00035,0.00790,0.00636,0.00042,0.00620,0.04382
1403715297.662505388259888,0.01536,0.00039,0.00005,0.00649,0.00000,0.00579,0.02809
1403715297.712515354156494,0.01417,0.00035,0.00036,0.00617,0.00000,0.00573,0.02678
1403715297.762520313262939,0.01530,0.00050,0.00972,0.00600,0.00298,0.00592,0.04042
1403715297.812489032745361,0.01480,0.00038,0.00019,0.00628,0.00002,0.00588,0.02754
1403715297.862464427947998,0.01442,0.00055,0.00078,0.00581,0.00000,0.00561,0.02717
1403715297.912433624267578,0.01423,0.00038,0.00232,0.00547,0.00000,0.00601,0.02840
1403715297.962412595748901,0.01377,0.00038,0.00109,0.00542,0.00039,0.00584,0.02690
1403715298.012413263320923,0.01482,0.00037,0.00120,0.00597,0.00000,0.00628,0.02864
1403715298.062418460845947,0.01925,0.00038,0.00155,0.00609,0.00001,0.00640,0.03368
1403715298.112423419952393,0.01509,0.00038,0.00276,0.00523,0.01526,0.00777,0.04649
1403715298.162482500076294,0.01883,0.00038,0.00963,0.00674,0.00696,0.00730,0.04985
1403715298.212503671646118,0.01534,0.00042,0.00758,0.00687,0.00066,0.00629,0.03716
1403715298.262513637542725,0.01543,0.00042,0.00076,0.00709,0.00001,0.00588,0.02959
1403715298.312511205673218,0.01483,0.00039,0.00022,0.00689,0.00045,0.00588,0.02866
1403715298.362507343292236,0.01513,0.00038,0.00966,0.00706,0.00095,0.00587,0.03905
1403715298.412498474121094,0.01538,0.00038,0.00072,0.00696,0.00116,0.00531,0.02991
1403715298.462500333786011,0.01414,0.00040,0.00003,0.00707,0.00000,0.00585,0.02750
1403715298.512512683868408,0.01520,0.00039,0.00077,0.00673,0.00043,0.00541,0.02893
1403715298.562530517578125,0.01471,0.00041,0.00003,0.00679,0.00000,0.00647,0.02841
1403715298.612558126449585,0.01371,0.00040,0.01438,0.00668,0.00554,0.00824,0.04895
1403715298.662555694580078,0.01482,0.00089,0.00019,0.00770,0.00046,0.00633,0.03039
1403715298.712551116943359,0.01769,0.00039,0.00005,0.00799,0.00001,0.00722,0.03334
1403715298.762541055679321,0.01323,0.00041,0.00809,0.00750,0.00201,0.00682,0.03807
1403715298.812518119812012,0.01427,0.00041,0.00524,0.00761,0.00000,0.00568,0.03322
1403715298.862488508224487,0.01765,0.00040,0.00003,0.00754,0.00000,0.00568,0.03131
1403715298.912474870681763,0.01412,0.00038,0.00003,0.00754,0.00000,0.00558,0.02766
1403715298.962473154067993,0.01407,0.00041,0.00967,0.00673,0.00080,0.00565,0.03734
1403715299.012464761734009,0.01905,0.00037,0.00009,0.00727,0.00001,0.00589,0.03268
1403715299.062455654144287,0.01601,0.00039,0.00026,0.00705,0.00000,0.00583,0.02955
1403715299.112452745437622,0.01591,0.00041,0.00032,0.00696,0.00000,0.00635,0.02995
1403715299.162449121475220,0.01458,0.00042,0.00018,0.00652,0.00000,0.00616,0.02787
1403715299.212450265884399,0.01570,0.00039,0.00892,0.00639,0.00472,0.00598,0.04210
1403715299.262451887130737,0.01771,0.00040,0.00100,0.00695,0.00002,0.00602,0.03209
1403715299.312453746795654,0.01480,0.00041,0.00023,0.00659,0.00001,0.00577,0.02780
1403715299.362454891204834,0.01564,0.00038,0.00548,0.00572,0.00724,0.00565,0.04011
1403715299.412449598312378,0.01444,0.00039,0.00564,0.00663,0.00009,0.00576,0.03296
1403715299.462447881698608,0.01553,0.00036,0.00048,0.00586,0.00042,0.00587,0.02852
1403715299.512446880340576,0.01533,0.00039,0.00178,0.00509,0.00000,0.00539,0.02798
1403715299.562437534332275,0.01770,0.00033,0.00983,0.00445,0.00817,0.00690,0.04738
1403715299.612439155578613,0.01558,0.00038,0.00046,0.00567,0.00002,0.00578,0.02789
1403715299.662441492080688,0.01457,0.00037,0.00059,0.00514,0.00000,0.00640,0.02706
1403715299.712440490722656,0.01666,0.00033,0.00047,0.00497,0.00000,0.00562,0.02807
1403715299.762442588806152,0.01478,0.00036,0.00044,0.00460,0.00000,0.00585,0.02603
1403715299.812439680099487,0.02070,0.00031,0.00046,0.00439,0.01138,0.00558,0.04281
1403715299.862436294555664,0.01485,0.00037,0.00032,0.00546,0.00037,0.00558,0.02695
1403715299.912435770034790,0.01416,0.00036,0.00060,0.00558,0.00000,0.00576,0.02645
1403715299.962435007095337,0.01726,0.00035,0.00079,0.00543,0.00572,0.00537,0.03492
1403715300.012440681457520,0.01510,0.00034,0.00403,0.00598,0.00111,0.00529,0.03186
1403715300.062448501586914,0.01507,0.00037,0.00092,0.00542,0.00000,0.00533,0.02712
1403715300.112460851669312,0.01514,0.00036,0.00423,0.00429,0.00965,0.00574,0.03941
1403715300.162491083145142,0.01568,0.00052,0.00532,0.00568,0.00666,0.00573,0.03960
1403715300.212507486343384,0.01874,0.00043,0.00085,0.00674,0.00221,0.00642,0.03538
1403715300.262516736984253,0.01590,0.00044,0.00414,0.00755,0.01069,0.00557,0.04428
1403715300.312515974044800,0.01495,0.00043,0.00024,0.00842,0.00000,0.00571,0.02975
1403715300.362505674362183,0.01755,0.00044,0.00472,0.00721,0.00052,0.00584,0.03628
1403715300.412495851516724,0.01492,0.00040,0.00025,0.00770,0.00222,0.00562,0.03111
1403715300.462487936019897,0.01476,0.00039,0.00065,0.00735,0.00048,0.00602,0.02964
1403715300.512476921081543,0.01795,0.00037,0.00335,0.00750,0.00397,0.00531,0.03846
1403715300.562469244003296,0.01401,0.00036,0.00106,0.00772,0.00044,0.00565,0.02924
1403715300.612466812133789,0.01443,0.00040,0.00003,0.00817,0.00000,0.00564,0.02868
1403715300.662471532821655,0.01398,0.00038,0.00103,0.00808,0.00045,0.00571,0.02963
1403715300.712469100952148,0.01440,0.00039,0.00160,0.00837,0.00731,0.00522,0.03730
1403715300.762466192245483,0.01408,0.00041,0.01688,0.01073,0.00001,0.00569,0.04781
1403715300.812465667724609,0.01450,0.00042,0.00003,0.00990,0.00000,0.00582,0.03066
1403715300.862464427947998,0.01454,0.00042,0.00342,0.01005,0.00001,0.00542,0.03386
1403715300.912464857101440,0.01727,0.00046,0.00009,0.00949,0.00000,0.00561,0.03292
1403715300.962464809417725,0.01417,0.00040,0.00289,0.00960,0.00000,0.00555,0.03262
1403715301.012468338012695,0.01576,0.00042,0.00163,0.00966,0.00000,0.00559,0.03306
1403715301.062468528747559,0.01461,0.00043,0.00011,0.00966,0.00001,0.00575,0.03055
1403715301.112484216690063,0.01466,0.00037,0.00826,0.00945,0.00001,0.00581,0.03856
1403715301.162484645843506,0.01709,0.00041,0.00092,0.00950,0.00001,0.00558,0.03350
1403715301.212488651275635,0.01527,0.00042,0.00028,0.00923,0.00000,0.00580,0.03100
1403715301.262480020523071,0.01517,0.00042,0.00022,0.00888,0.00000,0.00581,0.03050
1403715301.312479019165039,0.01467,0.00040,0.00023,0.00864,0.00197,0.00691,0.03283
1403715301.362466812133789,0.01420,0.00038,0.01170,0.00883,0.00382,0.00692,0.04585
1403715301.412461757659912,0.01361,0.00055,0.00004,0.00975,0.00000,0.00600,0.02994
1403715301.462452173233032,0.01501,0.00049,0.00319,0.00978,0.00001,0.00584,0.03430
1403715301.512450695037842,0.01444,0.00048,0.00004,0.01097,0.00001,0.00741,0.03336
1403715301.562453985214233,0.01449,0.00040,0.00244,0.00954,0.00001,0.00580,0.03268
1403715301.612458229064941,0.01435,0.00041,0.00252,0.00905,0.00000,0.00561,0.03194
1403715301.662457942962646,0.01411,0.00041,0.00371,0.00882,0.00000,0.00569,0.03275
1403715301.712453603744507,0.01601,0.00043,0.01272,0.00976,0.00403,0.00526,0.04822
1403715301.762442111968994,0.01372,0.00042,0.00088,0.00957,0.00000,0.00716,0.03176
1403715301.812431097030640,0.01393,0.00044,0.00019,0.00948,0.00051,0.00583,0.03037
1403715301.862425088882446,0.01412,0.00043,0.00003,0.01067,0.00001,0.00578,0.03103
1403715301.912424564361572,0.01459,0.00042,0.00003,0.00992,0.00001,0.00581,0.03078
1403715301.962421417236328,0.01442,0.00042,0.00774,0.00942,0.00001,0.00569,0.03769
1403715302.012419939041138,0.02256,0.00039,0.00003,0.00956,0.00001,0.00575,0.03830
1403715302.062421083450317,0.01573,0.00040,0.00253,0.00920,0.00053,0.00537,0.03377
1403715302.112423658370972,0.01523,0.00041,0.00003,0.00979,0.00000,0.00572,0.03119
1403715302.162423849105835,0.01492,0.00042,0.00485,0.00926,0.00001,0.00575,0.03520
1403715302.212437152862549,0.01482,0.00040,0.00053,0.00931,0.00040,0.00586,0.03133
1403715302.262436866760254,0.01886,0.00051,0.00011,0.01003,0.00001,0.00634,0.03585
1403715302.312439680099487,0.01477,0.00043,0.01163,0.01026,0.00215,0.00743,0.04667
1403715302.362433195114136,0.01503,0.00039,0.00095,0.00909,0.00001,0.00602,0.03149
1403715302.412417888641357,0.01516,0.00043,0.00033,0.00925,0.00077,0.00586,0.03181
1403715302.462416410446167,0.01505,0.00042,0.00004,0.00935,0.00000,0.00566,0.03053
1403715302.512417316436768,0.01467,0.00041,0.00009,0.00922,0.00001,0.00570,0.03011
1403715302.562401771545410,0.01489,0.00069,0.02439,0.00920,0.00229,0.00575,0.05720
1403715302.612406253814697,0.01428,0.00041,0.00004,0.01055,0.00000,0.00562,0.03090
1403715302.662414550781250,0.01481,0.00038,0.00245,0.00963,0.00001,0.00562,0.03289
1403715302.712420701980591,0.01494,0.00042,0.00003,0.00945,0.00000,0.00580,0.03066
1403715302.762431383132935,0.01467,0.00043,0.00433,0.00924,0.00050,0.00577,0.03494
1403715302.812438726425171,0.01483,0.00042,0.00039,0.00967,0.00000,0.00581,0.03113
1403715302.862445116043091,0.01452,0.00043,0.00108,0.00953,0.00000,0.00573,0.03130
1403715302.912446022033691,0.01451,0.00041,0.01055,0.00871,0.00001,0.00568,0.03986
1403715302.962447166442871,0.01446,0.00046,0.00105,0.00902,0.00051,0.00581,0.03131
1403715303.012448787689209,0.01517,0.00042,0.00116,0.00854,0.00093,0.00513,0.03133
1403715303.062451362609863,0.01485,0.00041,0.00031,0.00860,0.00000,0.00584,0.03002
1403715303.112454414367676,0.01794,0.00038,0.00003,0.00794,0.00000,0.00577,0.03207
1403715303.162453174591064,0.01649,0.00040,0.01852,0.00798,0.00541,0.00612,0.05492
1403715303.212453365325928,0.01350,0.00037,0.00019,0.00941,0.00103,0.00573,0.03023
1403715303.262477636337280,0.01378,0.00038,0.00270,0.00732,0.00005,0.00559,0.02981
1403715303.312483549118042,0.01392,0.00039,0.00047,0.00702,0.00006,0.00566,0.02752
1403715303.362485647201538,0.01498,0.00038,0.00171,0.00610,0.00622,0.00607,0.03546
1403715303.412483215332031,0.02037,0.00042,0.00016,0.00747,0.00037,0.00574,0.03454
1403715303.462484598159790,0.01522,0.00043,0.00167,0.00676,0.00004,0.00551,0.02963
1403715303.512489795684814,0.01675,0.00038,0.00601,0.00745,0.00433,0.00574,0.04065
1403715303.562493562698364,0.01494,0.00042,0.00137,0.00743,0.00118,0.00582,0.03116
1403715303.612496614456177,0.01431,0.00040,0.00076,0.00587,0.00107,0.00567,0.02809
1403715303.662493944168091,0.01869,0.00037,0.00084,0.00524,0.00068,0.00560,0.03143
1403715303.712493181228638,0.01456,0.00038,0.00130,0.00499,0.00038,0.00573,0.02734
1403715303.762494802474976,0.01799,0.00035,0.00627,0.00465,0.01519,0.00538,0.04983
1403715303.812489986419678,0.02120,0.00039,0.00090,0.00641,0.00043,0.00583,0.03517
1403715303.862487792968750,0.01681,0.00036,0.00077,0.00582,0.00457,0.00595,0.03428
1403715303.912486076354980,0.01664,0.00040,0.00148,0.00546,0.00000,0.00590,0.02988
1403715303.962489128112793,0.01558,0.00039,0.01252,0.00508,0.01640,0.00770,0.05768
1403715304.012492418289185,0.01596,0.00039,0.00028,0.00712,0.00035,0.00600,0.03010
1403715304.062496662139893,0.01518,0.00039,0.00044,0.00660,0.00001,0.00584,0.02847
1403715304.112498044967651,0.01511,0.00037,0.00081,0.00582,0.00345,0.00593,0.03149
1403715304.162498235702515,0.01587,0.00041,0.00087,0.00616,0.00044,0.00547,0.02921
1403715304.212492942810059,0.01834,0.00052,0.00070,0.00640,0.00000,0.00618,0.03213
1403715304.262490749359131,0.01629,0.00036,0.00038,0.00658,0.00000,0.00771,0.03134
1403715304.312493801116943,0.01490,0.00038,0.00282,0.00753,0.00575,0.00907,0.04046
1403715304.362491369247437,0.01514,0.00043,0.02660,0.01007,0.00263,0.00584,0.06070
1403715304.412488937377930,0.01627,0.00039,0.00018,0.00920,0.00001,0.00734,0.03338
1403715304.462482929229736,0.01503,0.00038,0.00004,0.00746,0.00001,0.00599,0.02891
1403715304.512471199035645,0.01532,0.00041,0.00072,0.00694,0.00000,0.00573,0.02912
1403715304.562454462051392,0.01489,0.00044,0.01090,0.00591,0.00222,0.00639,0.04075
1403715304.612453937530518,0.01690,0.00046,0.00038,0.00645,0.00076,0.00576,0.03069
1403715304.662455797195435,0.01492,0.00040,0.00058,0.00581,0.00086,0.00551,0.02808
1403715304.712459564208984,0.01531,0.00039,0.00017,0.00626,0.00000,0.00569,0.02782
1403715304.762461185455322,0.01847,0.00036,0.00020,0.00616,0.00004,0.00606,0.03130
1403715304.812465429306030,0.01794,0.00034,0.00003,0.00569,0.00000,0.00607,0.03007
1403715304.862470626831055,0.01597,0.00039,0.00024,0.00536,0.00038,0.00611,0.02845
1403715304.912474870681763,0.01553,0.00038,0.00093,0.00541,0.00442,0.00578,0.03245
1403715304.962485313415527,0.01503,0.00039,0.01428,0.00597,0.00221,0.00766,0.04555
1403715305.012484788894653,0.01627,0.00040,0.00018,0.00641,0.00046,0.00558,0.02929
1403715305.062489986419678,0.01480,0.00039,0.00003,0.00670,0.00000,0.00617,0.02810
1403715305.112493038177490,0.01528,0.00040,0.00004,0.00667,0.00000,0.00580,0.02819
1403715305.162489414215088,0.01752,0.00041,0.00796,0.00656,0.00658,0.00720,0.04623
1403715305.212484836578369,0.01590,0.00042,0.00169,0.00778,0.00000,0.00593,0.03173
1403715305.262480497360229,0.01547,0.00041,0.00042,0.00803,0.00000,0.00581,0.03015
1403715305.312480688095093,0.01906,0.00038,0.00020,0.00744,0.00000,0.00572,0.03281
1403715305.362476825714111,0.01495,0.00040,0.01651,0.00806,0.00007,0.00584,0.04582
1403715305.412478446960449,0.01567,0.00038,0.00016,0.00717,0.00048,0.00578,0.02963
1403715305.462476968765259,0.01519,0.00039,0.00004,0.00748,0.00001,0.00587,0.02897
1403715305.512478351593018,0.01572,0.00042,0.00017,0.00746,0.00010,0.00576,0.02962
1403715305.562476158142090,0.01478,0.00040,0.01362,0.00738,0.00011,0.00693,0.04322
1403715305.612477064132690,0.01561,0.00041,0.00008,0.00714,0.00000,0.00577,0.02902
1403715305.662478446960449,0.01538,0.00042,0.00023,0.00684,0.00045,0.00608,0.02939
1403715305.712477207183838,0.01763,0.00050,0.00004,0.00695,0.00000,0.00577,0.03090
1403715305.762478590011597,0.01616,0.00039,0.00729,0.00646,0.00421,0.00702,0.04153
1403715305.812479496002197,0.01639,0.00043,0.00180,0.00737,0.00009,0.00569,0.03177
1403715305.862477302551270,0.01957,0.00040,0.00144,0.00725,0.00080,0.00597,0.03543
1403715305.912476778030396,0.01598,0.00041,0.00004,0.00770,0.00000,0.00584,0.02997
1403715305.962472200393677,0.01572,0.00044,0.01422,0.00764,0.00009,0.00720,0.04532
1403715306.012470483779907,0.01917,0.00039,0.00003,0.00770,0.00000,0.00596,0.03327
1403715306.062469244003296,0.01563,0.00039,0.00005,0.00729,0.00000,0.00593,0.02930
1403715306.112468719482422,0.01574,0.00041,0.00299,0.00707,0.00119,0.00600,0.03339
1403715306.162467956542969,0.01535,0.00041,0.02386,0.00830,0.00152,0.00744,0.05688
1403715306.212468624114990,0.01614,0.00040,0.00003,0.00800,0.00000,0.00641,0.03100
1403715306.262468338012695,0.01506,0.00040,0.00003,0.00801,0.00001,0.00690,0.03040
1403715306.312465906143188,0.01499,0.00042,0.00077,0.00797,0.00000,0.00560,0.02975
1403715306.362464427947998,0.01518,0.00041,0.00701,0.00773,0.00001,0.00580,0.03614
1403715306.412463188171387,0.01833,0.00043,0.00121,0.00755,0.00000,0.00579,0.03331
1403715306.462463855743408,0.01484,0.00044,0.00084,0.00766,0.00044,0.00581,0.03002
1403715306.512465476989746,0.02472,0.00042,0.00035,0.00689,0.00000,0.00677,0.03916
1403715306.562468290328979,0.01993,0.00035,0.00952,0.00617,0.00531,0.00738,0.04865
1403715306.612469196319580,0.01683,0.00039,0.00093,0.00585,0.00000,0.00619,0.03019
1403715306.662468671798706,0.01689,0.00038,0.00026,0.00533,0.00000,0.00638,0.02924
1403715306.712474584579468,0.01897,0.00035,0.00037,0.00466,0.00305,0.00638,0.03377
1403715306.762479782104492,0.01619,0.00036,0.01415,0.00540,0.01280,0.00805,0.05694
1403715306.812478065490723,0.01641,0.00040,0.00101,0.00653,0.00000,0.00595,0.03029
1403715306.862480640411377,0.01663,0.00038,0.00159,0.00516,0.00000,0.00608,0.02985
1403715306.912484169006348,0.02092,0.00037,0.00302,0.00464,0.00004,0.00603,0.03502
1403715306.962490320205688,0.01703,0.00034,0.00220,0.00433,0.00444,0.00596,0.03431
1403715307.012499570846558,0.01703,0.00036,0.00009,0.00503,0.00062,0.00587,0.02900
1403715307.062515258789062,0.01624,0.00037,0.00782,0.00389,0.00889,0.00710,0.04431
1403715307.112530231475830,0.02010,0.00040,0.00004,0.00536,0.00000,0.00621,0.03210
1403715307.162539958953857,0.01703,0.00036,0.00060,0.00508,0.00390,0.00611,0.03307
1403715307.212541580200195,0.01683,0.00038,0.00087,0.00567,0.00000,0.00605,0.02980
1403715307.262542486190796,0.01929,0.00038,0.00068,0.00559,0.00000,0.00651,0.03246
1403715307.312546253204346,0.01722,0.00036,0.00082,0.00523,0.00105,0.00612,0.03079
1403715307.362548828125000,0.01581,0.00036,0.00621,0.00510,0.01340,0.00635,0.04724
1403715307.412552595138550,0.02177,0.00040,0.00519,0.00652,0.00047,0.00622,0.04057
1403715307.462576389312744,0.01705,0.00039,0.01280,0.00791,0.00591,0.00613,0.05020
1403715307.512582540512085,0.01731,0.00041,0.00019,0.00709,0.00113,0.00783,0.03396
1403715307.562586784362793,0.01708,0.00039,0.00088,0.00544,0.00001,0.00624,0.03003
1403715307.612591981887817,0.01711,0.00036,0.00043,0.00508,0.00064,0.00613,0.02975
1403715307.662591934204102,0.01738,0.00042,0.01099,0.00449,0.01389,0.00631,0.05347
1403715307.712592840194702,0.01619,0.00039,0.00035,0.00569,0.00000,0.00584,0.02846
1403715307.762590408325195,0.02041,0.00035,0.00118,0.00450,0.00039,0.00618,0.03302
1403715307.812588691711426,0.01825,0.00031,0.00038,0.00425,0.00000,0.00620,0.02940
1403715307.862588405609131,0.01985,0.00032,0.00076,0.00367,0.00000,0.00602,0.03062
1403715307.912589550018311,0.01725,0.00033,0.00094,0.00360,0.00000,0.00805,0.03018
1403715307.962593317031860,0.01972,0.00031,0.00631,0.00356,0.02865,0.00609,0.06464
1403715308.012592792510986,0.01626,0.00040,0.00121,0.00837,0.00177,0.00652,0.03453
1403715308.062591314315796,0.01656,0.00037,0.00852,0.00756,0.00207,0.00612,0.04120
1403715308.112589120864868,0.01652,0.00042,0.00003,0.00722,0.00000,0.00604,0.03024
1403715308.162587404251099,0.01620,0.00041,0.00094,0.00720,0.00000,0.00611,0.03087
1403715308.212586164474487,0.01584,0.00044,0.00167,0.00620,0.00085,0.00685,0.03184
1403715308.262583732604980,0.01596,0.00041,0.00505,0.00671,0.00204,0.00628,0.03646
1403715308.312580823898315,0.01628,0.00041,0.00785,0.00574,0.00386,0.00560,0.03974
1403715308.362581014633179,0.02290,0.00040,0.00028,0.00605,0.00000,0.00628,0.03591
1403715308.412578344345093,0.01812,0.00037,0.00036,0.00516,0.00042,0.00623,0.03066
1403715308.462574481964111,0.01750,0.00038,0.00163,0.00490,0.00002,0.00637,0.03079
1403715308.512561559677124,0.01929,0.00036,0.00520,0.00461,0.01969,0.00680,0.05596
1403715308.562553167343140,0.01702,0.00044,0.00521,0.00733,0.00629,0.00774,0.04404
1403715308.612552165985107,0.01672,0.00042,0.00027,0.00798,0.00003,0.00711,0.03252
1403715308.662551879882812,0.01456,0.00039,0.00595,0.00692,0.00607,0.00670,0.04058
1403715308.712554454803467,0.01424,0.00039,0.00004,0.00819,0.00000,0.00580,0.02865
1403715308.762556791305542,0.01458,0.00040,0.00004,0.00823,0.00000,0.00588,0.02913
1403715308.812559843063354,0.01520,0.00041,0.00066,0.00815,0.00000,0.00569,0.03012
1403715308.862562179565430,0.01453,0.00041,0.00490,0.00771,0.00000,0.00574,0.03329
1403715308.912559747695923,0.01443,0.00040,0.02616,0.00778,0.00348,0.00597,0.05823
1403715308.962562799453735,0.01432,0.00040,0.00012,0.00842,0.00000,0.00564,0.02892
1403715309.012562036514282,0.01394,0.00041,0.00003,0.00831,0.00000,0.00553,0.02822
1403715309.062565326690674,0.01699,0.00042,0.00003,0.00829,0.00000,0.00578,0.03152
1403715309.112565279006958,0.01488,0.00042,0.00675,0.00803,0.00000,0.00591,0.03599
1403715309.162564992904663,0.01476,0.00042,0.00219,0.00788,0.00000,0.00576,0.03102
1403715309.212566137313843,0.01705,0.00042,0.00091,0.00783,0.00000,0.00582,0.03203
1403715309.262569189071655,0.01460,0.00042,0.00624,0.00778,0.00054,0.00564,0.03523
1403715309.312563657760620,0.01465,0.00042,0.00263,0.00778,0.00000,0.00588,0.03135
1403715309.362561941146851,0.01400,0.00040,0.00004,0.00789,0.00000,0.00561,0.02794
1403715309.412562131881714,0.01478,0.00043,0.00040,0.00788,0.00007,0.00580,0.02935
1403715309.462564706802368,0.01436,0.00042,0.00479,0.00761,0.00202,0.00563,0.03483
1403715309.512566804885864,0.01443,0.00042,0.02185,0.00915,0.00000,0.00567,0.05152
1403715309.562567234039307,0.01472,0.00041,0.00003,0.00813,0.00000,0.00560,0.02890
1403715309.612564086914062,0.01432,0.00041,0.00021,0.00751,0.00000,0.00670,0.02916
1403715309.662563323974609,0.01500,0.00041,0.00008,0.00744,0.00000,0.00572,0.02867
1403715309.712561368942261,0.01405,0.00042,0.00581,0.00718,0.00244,0.00528,0.03518
1403715309.762558460235596,0.01550,0.00041,0.00094,0.00772,0.00038,0.00576,0.03071
1403715309.812556743621826,0.01426,0.00041,0.00003,0.00787,0.00119,0.00594,0.02971
1403715309.862554311752319,0.01412,0.00041,0.00595,0.00769,0.00047,0.00536,0.03400
1403715309.912554502487183,0.01623,0.00042,0.00003,0.00826,0.00000,0.00545,0.03039
1403715309.962555170059204,0.01422,0.00040,0.00003,0.00827,0.00000,0.00561,0.02853
1403715310.012555837631226,0.01452,0.00041,0.00098,0.00804,0.00000,0.00580,0.02976
1403715310.062558650970459,0.01494,0.00041,0.00442,0.00800,0.00000,0.00560,0.03336
1403715310.112560272216797,0.01670,0.00041,0.01818,0.00841,0.00000,0.00587,0.04956
1403715310.162561893463135,0.01466,0.00042,0.00024,0.00777,0.00000,0.00596,0.02904
1403715310.212563276290894,0.01477,0.00039,0.00045,0.00700,0.00044,0.00583,0.02889
1403715310.262562990188599,0.01346,0.00041,0.00040,0.00640,0.00000,0.00584,0.02651
1403715310.312565565109253,0.01765,0.00038,0.00235,0.00578,0.00735,0.00658,0.04009
1403715310.362566232681274,0.01560,0.00039,0.00019,0.00646,0.00412,0.00593,0.03269
1403715310.412567138671875,0.01632,0.00040,0.00020,0.00715,0.00000,0.00566,0.02974
1403715310.462566614151001,0.01443,0.00040,0.00548,0.00640,0.00388,0.00570,0.03628
1403715310.512565135955811,0.01420,0.00060,0.00032,0.00865,0.00001,0.00585,0.02963
1403715310.562564849853516,0.01680,0.00037,0.00055,0.00732,0.00000,0.00587,0.03091
1403715310.612560272216797,0.01501,0.00038,0.00021,0.00589,0.00033,0.00557,0.02737
1403715310.662555932998657,0.01483,0.00040,0.00908,0.00643,0.01181,0.00621,0.04876
1403715310.712545633316040,0.01817,0.00042,0.01002,0.00712,0.00540,0.00645,0.04759
1403715310.762540340423584,0.01555,0.00040,0.00073,0.00743,0.00000,0.00596,0.03008
1403715310.812533140182495,0.01475,0.00040,0.00033,0.00707,0.00000,0.00566,0.02821
1403715310.862523078918457,0.01468,0.00039,0.00923,0.00685,0.00569,0.00661,0.04345
1403715310.912518024444580,0.01506,0.00040,0.00087,0.00709,0.00194,0.00555,0.03091
1403715310.962514638900757,0.01434,0.00041,0.00075,0.00699,0.00002,0.00578,0.02830
1403715311.012514591217041,0.01799,0.00040,0.00016,0.00702,0.00046,0.00538,0.03142
1403715311.062513351440430,0.01436,0.00039,0.00242,0.00642,0.00285,0.00584,0.03228
1403715311.112517118453979,0.01371,0.00039,0.00642,0.00671,0.00211,0.00535,0.03470
1403715311.162518024444580,0.01318,0.00041,0.00032,0.00722,0.00070,0.00569,0.02752
1403715311.212520599365234,0.01470,0.00039,0.00115,0.00796,0.00000,0.00577,0.02997
1403715311.262529611587524,0.01487,0.00041,0.01481,0.00780,0.00007,0.00679,0.04475
1403715311.312532186508179,0.01391,0.00040,0.00591,0.00727,0.00302,0.00528,0.03579
1403715311.362534284591675,0.01413,0.00038,0.00082,0.00795,0.00002,0.00576,0.02906
1403715311.412536144256592,0.01405,0.00040,0.00008,0.00773,0.00000,0.00579,0.02807
1403715311.462539196014404,0.01379,0.00041,0.00893,0.00755,0.00040,0.00577,0.03685
1403715311.512541770935059,0.01395,0.00040,0.00114,0.00701,0.00039,0.00584,0.02873
1403715311.562541723251343,0.01792,0.00038,0.00016,0.00712,0.00000,0.00603,0.03162
1403715311.612539291381836,0.01499,0.00038,0.00131,0.00616,0.00000,0.00585,0.02868
1403715311.662538290023804,0.01527,0.00037,0.00063,0.00600,0.00248,0.00591,0.03067
1403715311.712535381317139,0.01750,0.00038,0.00349,0.00640,0.00396,0.00587,0.03761
1403715311.762534141540527,0.01487,0.00039,0.00051,0.00733,0.00000,0.00558,0.02869
1403715311.812533855438232,0.01512,0.00040,0.00004,0.00719,0.00000,0.00594,0.02869
1403715311.862534761428833,0.01990,0.00035,0.01257,0.00706,0.00147,0.00773,0.04907
1403715311.912534236907959,0.01492,0.00040,0.00538,0.00701,0.00230,0.00564,0.03566
1403715311.962535619735718,0.01455,0.00040,0.00068,0.00780,0.00000,0.00576,0.02920
1403715312.012536048889160,0.01479,0.00042,0.00024,0.00765,0.00047,0.00576,0.02934
1403715312.062535762786865,0.01382,0.00041,0.00915,0.00722,0.00000,0.00572,0.03633
1403715312.112536430358887,0.01452,0.00041,0.01685,0.00741,0.00324,0.00590,0.04833
1403715312.162536859512329,0.01450,0.00041,0.00042,0.00710,0.00047,0.00582,0.02872
1403715312.212537288665771,0.01635,0.00038,0.00030,0.00704,0.00000,0.00592,0.03000
1403715312.262537002563477,0.01470,0.00038,0.00018,0.00714,0.00000,0.00569,0.02809
1403715312.312537193298340,0.01762,0.00037,0.00139,0.00543,0.00391,0.00592,0.03464
1403715312.362537622451782,0.01446,0.00037,0.00092,0.00578,0.00000,0.00597,0.02751
1403715312.412538290023804,0.01833,0.00040,0.00060,0.00543,0.00002,0.00579,0.03056
1403715312.462538242340088,0.01424,0.00035,0.00517,0.00454,0.01191,0.00678,0.04299
1403715312.512537479400635,0.01390,0.00039,0.00547,0.00643,0.00228,0.00529,0.03376
1403715312.562535047531128,0.02116,0.00039,0.00098,0.00648,0.00044,0.00527,0.03472
1403715312.612539529800415,0.01454,0.00039,0.00047,0.00642,0.00000,0.00540,0.02723
1403715312.662538528442383,0.01391,0.00037,0.00522,0.00576,0.00485,0.00638,0.03648
1403715312.712540864944458,0.01937,0.00038,0.00913,0.00607,0.00406,0.00643,0.04543
1403715312.762534379959106,0.01250,0.00042,0.00232,0.00732,0.00146,0.00612,0.03015
1403715312.812535285949707,0.01819,0.00042,0.00060,0.00804,0.00067,0.00547,0.03339
1403715312.862538576126099,0.01492,0.00039,0.00880,0.00650,0.00055,0.00557,0.03674
1403715312.912538766860962,0.01465,0.00039,0.00068,0.00646,0.00045,0.00553,0.02816
1403715312.962537050247192,0.01336,0.00041,0.00095,0.00645,0.00000,0.00595,0.02711
1403715313.012535095214844,0.01556,0.00039,0.00155,0.00586,0.00000,0.00581,0.02918
1403715313.062532424926758,0.01686,0.00040,0.00039,0.00539,0.00074,0.00592,0.02971
1403715313.112530469894409,0.01466,0.00038,0.00737,0.00453,0.00775,0.00657,0.04125
1403715313.162528753280640,0.01487,0.00041,0.00024,0.00583,0.00042,0.00585,0.02762
1403715313.212525367736816,0.01341,0.00039,0.00026,0.00601,0.00002,0.00579,0.02588
1403715313.262523889541626,0.02278,0.00038,0.00249,0.00584,0.00648,0.00561,0.04357
1403715313.312519311904907,0.01484,0.00041,0.00529,0.00639,0.00344,0.00582,0.03619
1403715313.362518072128296,0.01518,0.00043,0.00744,0.00649,0.00230,0.00622,0.03806
1403715313.412516832351685,0.01835,0.00041,0.00042,0.00721,0.00047,0.00590,0.03275
1403715313.462512969970703,0.01347,0.00042,0.00599,0.00717,0.00191,0.00545,0.03441
1403715313.512511014938354,0.01406,0.00040,0.00003,0.00786,0.00000,0.00558,0.02795
1403715313.562511205673218,0.01432,0.00044,0.00010,0.00796,0.00000,0.00589,0.02872
1403715313.612511157989502,0.01427,0.00042,0.00796,0.00743,0.00201,0.00597,0.03805
1403715313.662511587142944,0.01310,0.00042,0.00042,0.00736,0.00001,0.00589,0.02720
1403715313.712512016296387,0.01649,0.00040,0.00186,0.00683,0.00009,0.00578,0.03146
1403715313.762508630752563,0.01570,0.00040,0.00047,0.00670,0.00109,0.00790,0.03227
1403715313.812509298324585,0.01683,0.00057,0.01129,0.00741,0.00404,0.00571,0.04585
1403715313.862508535385132,0.01387,0.00041,0.00039,0.00818,0.00000,0.00557,0.02843
1403715313.912503242492676,0.01474,0.00041,0.00570,0.00795,0.00001,0.00581,0.03462
1403715313.962505102157593,0.01715,0.00045,0.00613,0.00776,0.00001,0.00595,0.03746
1403715314.012512207031250,0.01445,0.00042,0.00014,0.00751,0.00000,0.00597,0.02851
1403715314.062520742416382,0.01443,0.00042,0.00557,0.00715,0.00050,0.00577,0.03384
1403715314.112523794174194,0.01786,0.00040,0.00030,0.00736,0.00089,0.00533,0.03215
1403715314.162529706954956,0.01465,0.00041,0.00054,0.00728,0.00000,0.00572,0.02861
1403715314.212535142898560,0.01775,0.00041,0.00532,0.00514,0.00182,0.00544,0.03588
1403715314.262538671493530,0.01495,0.00038,0.00306,0.00426,0.00225,0.00571,0.03062
1403715314.312538146972656,0.01412,0.00033,0.00118,0.00389,0.00006,0.00550,0.02510
1403715314.362533807754517,0.01572,0.00031,0.00133,0.00343,0.00000,0.00551,0.02631
1403715314.412529468536377,0.01382,0.00033,0.00034,0.00349,0.00878,0.00554,0.03229
1403715314.462523221969604,0.01418,0.00033,0.00003,0.00460,0.00163,0.00568,0.02644
1403715314.512518882751465,0.01780,0.00034,0.00003,0.00429,0.00625,0.00557,0.03429
1403715314.562517642974854,0.01597,0.00037,0.00012,0.00479,0.00398,0.00569,0.03092
1403715314.612518072128296,0.01446,0.00038,0.00079,0.00516,0.00060,0.00527,0.02666
1403715314.662518262863159,0.01794,0.00037,0.00028,0.00558,0.00449,0.00566,0.03432
1403715314.712520122528076,0.01388,0.00036,0.00047,0.00649,0.00000,0.00559,0.02680
1403715314.762514352798462,0.01385,0.00036,0.01002,0.00635,0.00784,0.00696,0.04537
1403715314.812518119812012,0.01423,0.00041,0.00003,0.00764,0.00142,0.00563,0.02936
1403715314.862517595291138,0.01373,0.00045,0.00500,0.00820,0.00153,0.00605,0.03497
1403715314.912518501281738,0.01501,0.00045,0.00571,0.00925,0.00283,0.00572,0.03898
1403715314.962517738342285,0.01387,0.00042,0.00003,0.00713,0.00000,0.00562,0.02707
1403715315.012519359588623,0.01391,0.00043,0.00291,0.00669,0.00111,0.00582,0.03086
1403715315.062518835067749,0.01869,0.00044,0.00031,0.00776,0.00090,0.00603,0.03414
1403715315.112513542175293,0.01424,0.00042,0.00544,0.00802,0.00000,0.00545,0.03357
1403715315.162507534027100,0.01403,0.00040,0.00533,0.00810,0.00000,0.00549,0.03335
1403715315.212505340576172,0.01879,0.00041,0.00061,0.00746,0.00002,0.00591,0.03320
1403715315.262501716613770,0.01505,0.00038,0.00016,0.00736,0.00000,0.00575,0.02869
1403715315.312493562698364,0.01469,0.00042,0.00061,0.00713,0.00074,0.00589,0.02947
1403715315.362490177154541,0.02040,0.00041,0.00926,0.00741,0.00076,0.00698,0.04521
1403715315.412487983703613,0.01508,0.00040,0.00025,0.00768,0.00001,0.00568,0.02909
1403715315.462484121322632,0.01456,0.00040,0.00433,0.00743,0.00218,0.00595,0.03486
1403715315.512482166290283,0.01452,0.00040,0.00531,0.00744,0.00000,0.00561,0.03328
1403715315.562478542327881,0.01395,0.00040,0.00049,0.00705,0.00000,0.00557,0.02747
1403715315.612474203109741,0.01398,0.00041,0.00725,0.00664,0.00089,0.00528,0.03445
1403715315.662473440170288,0.01447,0.00041,0.00077,0.00703,0.00075,0.00580,0.02923
1403715315.712476015090942,0.01379,0.00041,0.00372,0.00737,0.00002,0.00567,0.03097
1403715315.762477874755859,0.01391,0.00042,0.00544,0.00738,0.00166,0.00525,0.03407
1403715315.812479257583618,0.01733,0.00042,0.00476,0.00623,0.00112,0.00561,0.03547
1403715315.862482786178589,0.01388,0.00040,0.00018,0.00633,0.00041,0.00584,0.02705
1403715315.912485361099243,0.01824,0.00039,0.00054,0.00603,0.00112,0.00607,0.03239
1403715315.962489366531372,0.01709,0.00039,0.00875,0.00564,0.00379,0.00657,0.04224
1403715316.012488842010498,0.01438,0.00039,0.00043,0.00634,0.00072,0.00563,0.02789
1403715316.062488794326782,0.01893,0.00043,0.00299,0.00646,0.00339,0.00529,0.03749
1403715316.112486362457275,0.01463,0.00040,0.00547,0.00626,0.00000,0.00525,0.03203
1403715316.162483215332031,0.01431,0.00038,0.00096,0.00594,0.00002,0.00557,0.02718
1403715316.212481498718262,0.01631,0.00039,0.00200,0.00496,0.00665,0.00555,0.03587
1403715316.262479066848755,0.01832,0.00038,0.00069,0.00500,0.00000,0.00557,0.02997
1403715316.312478303909302,0.01429,0.00040,0.00112,0.00462,0.00256,0.00546,0.02845
1403715316.362482547760010,0.01429,0.00036,0.00411,0.00512,0.01039,0.00539,0.03967
1403715316.412487745285034,0.01727,0.00041,0.00037,0.00667,0.00116,0.00568,0.03155
1403715316.462497949600220,0.01489,0.00060,0.00030,0.00663,0.00000,0.00584,0.02827
1403715316.512511253356934,0.01417,0.00040,0.00506,0.00649,0.00480,0.00628,0.03720
1403715316.562519073486328,0.01447,0.00040,0.00715,0.00682,0.00182,0.00576,0.03641
1403715316.612528562545776,0.01682,0.00041,0.00003,0.00699,0.00000,0.00589,0.03014
1403715316.662537574768066,0.01407,0.00042,0.00234,0.00675,0.00074,0.00577,0.03010
1403715316.712538957595825,0.01428,0.00042,0.00257,0.00719,0.00051,0.00561,0.03058
1403715316.762540340423584,0.02081,0.00040,0.00553,0.00743,0.00000,0.00610,0.04028
1403715316.812538146972656,0.01456,0.00041,0.01335,0.00746,0.00002,0.00641,0.04222
1403715316.862538337707520,0.01415,0.00041,0.00033,0.00662,0.00000,0.00589,0.02742
1403715316.912540197372437,0.01434,0.00040,0.00085,0.00631,0.00116,0.00585,0.02890
1403715316.962543010711670,0.01459,0.00038,0.00995,0.00670,0.00309,0.00626,0.04097
1403715317.012549161911011,0.01560,0.00042,0.00023,0.00570,0.00052,0.00680,0.02927
1403715317.062564134597778,0.01735,0.00043,0.00062,0.00469,0.00002,0.00578,0.02888
1403715317.112587451934814,0.01493,0.00039,0.00097,0.00334,0.00616,0.00632,0.03212
1403715317.162611246109009,0.01623,0.00049,0.00034,0.00496,0.00837,0.00586,0.03625
1403715317.212613344192505,0.01485,0.00040,0.00060,0.00526,0.00077,0.00632,0.02821
1403715317.262622594833374,0.01468,0.00040,0.00026,0.00575,0.00318,0.00602,0.03028
1403715317.312623977661133,0.01881,0.00040,0.00481,0.00557,0.00509,0.00584,0.04053
1403715317.362624645233154,0.01442,0.00040,0.00350,0.00665,0.00328,0.00522,0.03347
1403715317.412631511688232,0.01403,0.00042,0.01286,0.00697,0.00047,0.00575,0.04051
1403715317.462631702423096,0.01394,0.00041,0.00018,0.00681,0.00000,0.00569,0.02704
1403715317.512632608413696,0.01314,0.00043,0.00020,0.00630,0.00000,0.00607,0.02615
1403715317.562637567520142,0.01375,0.00041,0.00740,0.00594,0.00476,0.00659,0.03885
1403715317.612639188766479,0.01776,0.00039,0.01154,0.00644,0.00403,0.00697,0.04712
1403715317.662640094757080,0.01546,0.00042,0.00083,0.00696,0.00143,0.00715,0.03224
1403715317.712639331817627,0.01870,0.00039,0.00032,0.00698,0.00372,0.00604,0.03615
1403715317.762641191482544,0.01480,0.00041,0.00088,0.00684,0.00000,0.00567,0.02860
1403715317.812644243240356,0.01498,0.00037,0.00011,0.00672,0.00000,0.00643,0.02861
1403715317.862641334533691,0.01825,0.00061,0.00108,0.00637,0.00046,0.00549,0.03225
1403715317.912639141082764,0.01476,0.00038,0.00161,0.00580,0.00371,0.00586,0.03212
1403715317.962638854980469,0.01426,0.00040,0.00206,0.00503,0.00283,0.00531,0.02990
1403715318.012635231018066,0.02279,0.00038,0.00777,0.00457,0.00615,0.00656,0.04821
1403715318.062633991241455,0.01531,0.00038,0.00148,0.00570,0.00002,0.00578,0.02867
1403715318.112631797790527,0.01506,0.00037,0.00015,0.00550,0.00000,0.00575,0.02682
1403715318.162628650665283,0.01483,0.00037,0.01199,0.00545,0.01299,0.00597,0.05161
1403715318.212626934051514,0.01490,0.00040,0.01040,0.00706,0.00207,0.00677,0.04160
1403715318.262627363204956,0.01424,0.00041,0.00003,0.00755,0.00000,0.00603,0.02828
1403715318.312627553939819,0.01514,0.00039,0.00003,0.00746,0.00000,0.00626,0.02928
1403715318.362629890441895,0.01439,0.00041,0.00019,0.00723,0.00046,0.00583,0.02852
1403715318.412630081176758,0.01446,0.00040,0.00004,0.00833,0.00001,0.00645,0.02969
1403715318.462630271911621,0.01526,0.00040,0.00098,0.00669,0.00002,0.00584,0.02919
1403715318.512628555297852,0.01472,0.00042,0.00146,0.00608,0.00000,0.00643,0.02910
1403715318.562617063522339,0.01737,0.00039,0.01233,0.00576,0.00455,0.00665,0.04706
1403715318.612614154815674,0.01334,0.00040,0.00619,0.00611,0.00433,0.00630,0.03666
1403715318.662609338760376,0.01341,0.00042,0.00148,0.00690,0.00000,0.00573,0.02795
1403715318.712607383728027,0.01404,0.00040,0.00058,0.00631,0.00000,0.00567,0.02701
1403715318.762616157531738,0.01916,0.00034,0.00769,0.00597,0.00584,0.00543,0.04443
1403715318.812626838684082,0.01519,0.00039,0.00932,0.00642,0.00388,0.00562,0.04083
1403715318.862636804580688,0.01488,0.00042,0.00072,0.00699,0.00047,0.00544,0.02893
1403715318.912645101547241,0.01383,0.00041,0.00016,0.00706,0.00046,0.00567,0.02759
1403715318.962659835815430,0.01479,0.00036,0.00032,0.00640,0.00000,0.00552,0.02740
1403715319.012664794921875,0.01449,0.00038,0.00054,0.00639,0.00000,0.00567,0.02748
1403715319.062664985656738,0.01369,0.00042,0.00091,0.00628,0.00081,0.00615,0.02827
1403715319.112665414810181,0.01380,0.00038,0.00037,0.00612,0.00001,0.00572,0.02640
1403715319.162666797637939,0.01713,0.00033,0.00369,0.00499,0.01222,0.00641,0.04476
1403715319.212669610977173,0.01489,0.00040,0.00534,0.00555,0.00353,0.00568,0.03539
1403715319.262666940689087,0.01955,0.00037,0.00023,0.00643,0.00002,0.00574,0.03233
1403715319.312666654586792,0.01495,0.00036,0.01192,0.00600,0.00933,0.00709,0.04966
1403715319.362667083740234,0.01495,0.00042,0.00621,0.00719,0.00196,0.00653,0.03726
1403715319.412663698196411,0.01522,0.00040,0.00788,0.00728,0.00197,0.00576,0.03851
1403715319.462662458419800,0.01475,0.00039,0.00060,0.00751,0.00001,0.00640,0.02966
1403715319.512662649154663,0.01485,0.00036,0.00080,0.00647,0.00000,0.00556,0.02805
1403715319.562661886215210,0.01464,0.00038,0.00086,0.00593,0.00000,0.00636,0.02817
1403715319.612658739089966,0.01457,0.00038,0.00019,0.00574,0.00000,0.00593,0.02681
1403715319.662654638290405,0.01400,0.00036,0.00051,0.00628,0.00002,0.00574,0.02691
1403715319.712645053863525,0.01441,0.00036,0.00009,0.00524,0.00992,0.00584,0.03586
1403715319.762640953063965,0.01356,0.00041,0.00244,0.00702,0.00116,0.00591,0.03049
1403715319.812634944915771,0.01769,0.00038,0.01677,0.00785,0.00000,0.00742,0.05011
1403715319.862630605697632,0.01450,0.00040,0.00017,0.00665,0.00046,0.00636,0.02854
1403715319.912624359130859,0.01454,0.00035,0.01016,0.00579,0.00384,0.00577,0.04045
1403715319.962621927261353,0.01827,0.00041,0.00564,0.00581,0.00196,0.00594,0.03803
1403715320.012616157531738,0.01384,0.00041,0.00810,0.00479,0.00068,0.00603,0.03386
1403715320.062613010406494,0.01393,0.00039,0.00088,0.00392,0.00060,0.00537,0.02509
1403715320.112616062164307,0.01484,0.00036,0.00082,0.00356,0.00135,0.00640,0.02733
1403715320.162616014480591,0.01362,0.00039,0.00126,0.00373,0.00091,0.00568,0.02558
1403715320.212612628936768,0.01385,0.00034,0.00078,0.00457,0.00002,0.00643,0.02599
1403715320.262608766555786,0.01436,0.00030,0.00039,0.00391,0.00002,0.00563,0.02461
1403715320.312607049942017,0.01830,0.00031,0.00094,0.00295,0.00000,0.00571,0.02821
1403715320.362601280212402,0.01560,0.00030,0.00045,0.00282,0.02356,0.00576,0.04849
1403715320.412609577178955,0.01478,0.00035,0.00544,0.00521,0.01388,0.00686,0.04652
1403715320.462627410888672,0.01436,0.00034,0.00003,0.00712,0.00000,0.00561,0.02747
1403715320.512638092041016,0.01528,0.00040,0.00691,0.00517,0.00879,0.00532,0.04187
1403715320.562644243240356,0.01438,0.00040,0.00140,0.00654,0.00678,0.00525,0.03474
1403715320.612645626068115,0.01347,0.00041,0.00765,0.00696,0.00288,0.00520,0.03657
1403715320.662644624710083,0.01512,0.00039,0.00083,0.00853,0.00119,0.00576,0.03183
1403715320.712642908096313,0.01762,0.00043,0.00293,0.00848,0.00000,0.00568,0.03514
1403715320.762644529342651,0.01464,0.00038,0.00027,0.00873,0.00161,0.00578,0.03141
1403715320.812647104263306,0.01649,0.00039,0.00088,0.00918,0.00000,0.00556,0.03250
1403715320.862649440765381,0.01450,0.00038,0.01166,0.00829,0.00001,0.00557,0.04041
1403715320.912648916244507,0.01454,0.00039,0.00056,0.00846,0.00001,0.00594,0.02990
1403715320.962644100189209,0.01420,0.00039,0.00086,0.00848,0.00152,0.00566,0.03111
1403715321.012639522552490,0.01400,0.00039,0.00481,0.00826,0.00201,0.00527,0.03474
1403715321.062634229660034,0.01349,0.00041,0.00003,0.00903,0.00000,0.00646,0.02942
1403715321.112630128860474,0.01377,0.00042,0.00529,0.00910,0.00278,0.00702,0.03837
1403715321.162624597549438,0.01882,0.00110,0.00170,0.01063,0.00001,0.00579,0.03805
1403715321.212619304656982,0.01348,0.00042,0.00638,0.00932,0.00001,0.00650,0.03611
1403715321.262621164321899,0.01378,0.00037,0.00957,0.00872,0.00051,0.00534,0.03828
1403715321.312624454498291,0.01354,0.00040,0.00003,0.00818,0.00000,0.00589,0.02804
1403715321.362623691558838,0.01516,0.00042,0.00019,0.00626,0.00047,0.00581,0.02830
1403715321.412631750106812,0.01402,0.00040,0.00115,0.00534,0.00094,0.00563,0.02748
1403715321.462633132934570,0.01373,0.00040,0.00770,0.00512,0.00308,0.00573,0.03576
1403715321.512628793716431,0.01314,0.00040,0.00041,0.00623,0.00091,0.00587,0.02696
1403715321.562626838684082,0.01294,0.00040,0.00042,0.00697,0.00127,0.00565,0.02765
1403715321.612623691558838,0.01434,0.00041,0.00378,0.00704,0.00234,0.00536,0.03326
1403715321.662634849548340,0.01344,0.00040,0.00017,0.00804,0.00046,0.00577,0.02828
1403715321.712637424468994,0.01414,0.00037,0.00155,0.00812,0.00579,0.00532,0.03530
1403715321.762639522552490,0.01412,0.00042,0.00121,0.00964,0.00001,0.00571,0.03110
1403715321.812637805938721,0.01316,0.00042,0.00601,0.00876,0.00001,0.00569,0.03404
1403715321.862634897232056,0.01441,0.00040,0.01051,0.00823,0.00091,0.00500,0.03947
1403715321.912639379501343,0.01863,0.00040,0.00015,0.00878,0.00002,0.00589,0.03387
1403715321.962644577026367,0.01568,0.00040,0.00029,0.00854,0.00049,0.00591,0.03132
1403715322.012650012969971,0.01603,0.00041,0.00130,0.00825,0.00120,0.00612,0.03330
1403715322.062654495239258,0.01490,0.00041,0.00995,0.00831,0.00049,0.00588,0.03994
1403715322.112664461135864,0.01420,0.00038,0.00184,0.00804,0.00049,0.00596,0.03092
1403715322.162667989730835,0.01495,0.00040,0.00182,0.00793,0.00039,0.00566,0.03116
1403715322.212665081024170,0.01500,0.00038,0.00338,0.00777,0.00230,0.00533,0.03416
1403715322.262660980224609,0.01481,0.00040,0.00108,0.00787,0.00045,0.00573,0.03034
1403715322.312655925750732,0.01463,0.00038,0.00189,0.00880,0.00119,0.00583,0.03272
1403715322.362651109695435,0.01452,0.00037,0.00273,0.00782,0.00048,0.00561,0.03153
1403715322.412648200988770,0.01410,0.00037,0.00111,0.00802,0.00386,0.00571,0.03318
1403715322.462639331817627,0.01559,0.00039,0.02001,0.00829,0.00198,0.00654,0.05278
1403715322.512640714645386,0.01781,0.00038,0.00020,0.00823,0.00002,0.00573,0.03237
1403715322.562640905380249,0.01521,0.00038,0.00048,0.00664,0.00043,0.00584,0.02899
1403715322.612644195556641,0.01394,0.00037,0.00054,0.00603,0.00039,0.00569,0.02696
1403715322.662649393081665,0.01367,0.00035,0.00016,0.00610,0.00595,0.00562,0.03186
1403715322.712655067443848,0.01498,0.00039,0.00034,0.00651,0.00145,0.00605,0.02971
1403715322.762660503387451,0.01462,0.00037,0.00165,0.00613,0.00170,0.00517,0.02966
1403715322.812666177749634,0.01700,0.00033,0.00081,0.00645,0.00392,0.00562,0.03413
1403715322.862670898437500,0.01525,0.00037,0.00142,0.00704,0.00176,0.00590,0.03174
1403715322.912674188613892,0.01375,0.00037,0.00273,0.00668,0.00000,0.00549,0.02902
1403715322.962676048278809,0.01478,0.00037,0.00049,0.00671,0.00000,0.00557,0.02791
1403715323.012678861618042,0.01661,0.00040,0.00003,0.00645,0.00000,0.00569,0.02919
1403715323.062686920166016,0.01458,0.00037,0.01835,0.00612,0.01127,0.00570,0.05639
1403715323.112684249877930,0.01445,0.00039,0.00081,0.00763,0.00047,0.00571,0.02946
1403715323.162682533264160,0.01623,0.00041,0.00005,0.00752,0.00000,0.00560,0.02982
1403715323.212681293487549,0.01456,0.00053,0.00066,0.00822,0.00048,0.00602,0.03046
1403715323.262681484222412,0.01360,0.00043,0.00059,0.00792,0.00000,0.00562,0.02817
1403715323.312681436538696,0.01548,0.00037,0.00042,0.00684,0.00000,0.00524,0.02835
1403715323.362681388854980,0.01383,0.00037,0.01026,0.00575,0.00916,0.00590,0.04527
1403715323.412685632705688,0.01302,0.00038,0.00013,0.00705,0.00000,0.00570,0.02630
1403715323.462688684463501,0.01312,0.00035,0.00025,0.00683,0.00081,0.00479,0.02616
1403715323.512693643569946,0.01298,0.00037,0.00168,0.00678,0.00001,0.00508,0.02690
1403715323.562679529190063,0.01556,0.00040,0.00135,0.00528,0.00000,0.00513,0.02772
1403715323.612662076950073,0.01312,0.00038,0.00216,0.00370,0.00038,0.00547,0.02520
1403715323.662632942199707,0.01605,0.00044,0.00940,0.00352,0.00851,0.00649,0.04439
1403715323.712618589401245,0.01712,0.00037,0.00324,0.00403,0.00187,0.00527,0.03191
1403715323.762613296508789,0.01256,0.00038,0.00112,0.00360,0.00000,0.00498,0.02265
1403715323.812616109848022,0.01469,0.00030,0.00043,0.00470,0.00054,0.00569,0.02634
1403715323.862615346908569,0.01273,0.00033,0.00069,0.00586,0.01478,0.00482,0.03920
1403715323.912614583969116,0.01283,0.00038,0.00094,0.00606,0.00002,0.00536,0.02559
1403715323.962610721588135,0.01460,0.00140,0.00249,0.00571,0.00881,0.00510,0.03810
1403715324.012609958648682,0.01439,0.00037,0.00136,0.00596,0.00043,0.00639,0.02889
1403715324.062605619430542,0.01246,0.00040,0.00089,0.00602,0.00000,0.00506,0.02482
1403715324.112592697143555,0.01321,0.00034,0.00087,0.00654,0.00042,0.00514,0.02652
1403715324.162580728530884,0.01246,0.00037,0.00102,0.00612,0.00044,0.00536,0.02577
1403715324.212571859359741,0.01323,0.00034,0.00432,0.00581,0.01087,0.00802,0.04259
1403715324.262577772140503,0.01583,0.00036,0.00527,0.00744,0.00585,0.00573,0.04048
1403715324.312586545944214,0.01328,0.00038,0.00018,0.00846,0.00002,0.00506,0.02739
1403715324.362597703933716,0.01247,0.00041,0.00688,0.00808,0.00464,0.00545,0.03792
1403715324.412596940994263,0.01420,0.00042,0.00094,0.00863,0.00000,0.00578,0.02997
1403715324.462601423263550,0.01163,0.00042,0.00087,0.00855,0.00022,0.00530,0.02699
1403715324.512610435485840,0.01276,0.00038,0.00008,0.00859,0.00001,0.00538,0.02721
1403715324.562625408172607,0.01359,0.00039,0.01036,0.00804,0.00208,0.00552,0.03997
1403715324.612636804580688,0.01359,0.00041,0.00010,0.00852,0.00000,0.00537,0.02800
1403715324.662647008895874,0.01462,0.00049,0.00024,0.00855,0.00049,0.00571,0.03009
1403715324.712654113769531,0.01352,0.00041,0.00010,0.00882,0.00000,0.00529,0.02814
1403715324.762659072875977,0.01529,0.00040,0.00045,0.00894,0.00000,0.00534,0.03042
1403715324.812664031982422,0.01673,0.00039,0.00517,0.00869,0.00000,0.00533,0.03631
1403715324.862668991088867,0.01384,0.00040,0.00495,0.00882,0.00000,0.00515,0.03317
1403715324.912671089172363,0.01380,0.00041,0.00062,0.00877,0.00001,0.00547,0.02907
1403715324.962672710418701,0.01321,0.00042,0.00734,0.00877,0.00000,0.00531,0.03505
1403715325.012667655944824,0.01325,0.00041,0.00117,0.00878,0.00000,0.00513,0.02874
1403715325.062666893005371,0.01285,0.00040,0.00160,0.00880,0.00000,0.00532,0.02897
1403715325.112660169601440,0.01300,0.00040,0.00399,0.00875,0.00000,0.00561,0.03175
1403715325.162657022476196,0.01249,0.00037,0.00860,0.00871,0.00000,0.00503,0.03520
1403715325.212656259536743,0.01274,0.00054,0.00019,0.00929,0.00001,0.00512,0.02788
1403715325.262657165527344,0.01292,0.00041,0.00095,0.00864,0.00000,0.00554,0.02847
1403715325.312657833099365,0.01533,0.00042,0.00776,0.00965,0.00001,0.00626,0.03943
1403715325.362655639648438,0.01742,0.00039,0.00003,0.01071,0.00001,0.00587,0.03443
1403715325.412656307220459,0.01406,0.00037,0.00384,0.00879,0.00001,0.00516,0.03223
1403715325.462656974792480,0.01298,0.00041,0.00491,0.00860,0.00000,0.00544,0.03234
1403715325.512656927108765,0.01354,0.00040,0.00003,0.00867,0.00000,0.00553,0.02818
1403715325.562651634216309,0.01363,0.00039,0.00664,0.00847,0.00000,0.00508,0.03422
1403715325.612643241882324,0.01305,0.00040,0.00020,0.00853,0.00048,0.00576,0.02842
1403715325.662636995315552,0.01322,0.00040,0.00077,0.00877,0.00000,0.00513,0.02830
1403715325.712632417678833,0.01329,0.00041,0.00462,0.00865,0.00000,0.00493,0.03190
1403715325.762626409530640,0.01350,0.00041,0.00824,0.00883,0.00000,0.00540,0.03638
1403715325.812625408172607,0.01286,0.00039,0.00010,0.00898,0.00000,0.00534,0.02768
1403715325.862624406814575,0.01298,0.00039,0.00008,0.00887,0.00000,0.00541,0.02774
1403715325.912622213363647,0.01466,0.00042,0.00734,0.00871,0.00000,0.00535,0.03648
1403715325.962622165679932,0.01324,0.00039,0.00009,0.00886,0.00001,0.00514,0.02773
1403715326.012622117996216,0.01554,0.00042,0.00391,0.00868,0.00000,0.00570,0.03425
1403715326.062624692916870,0.01388,0.00040,0.00499,0.00868,0.00000,0.00532,0.03328
1403715326.112626314163208,0.01393,0.00041,0.00008,0.00884,0.00000,0.00527,0.02854
1403715326.162628650665283,0.01345,0.00041,0.00632,0.00848,0.00001,0.00545,0.03412
1403715326.212632656097412,0.01397,0.00040,0.00003,0.00871,0.00000,0.00588,0.02900
1403715326.262636184692383,0.01229,0.00071,0.00171,0.00867,0.00000,0.00557,0.02895
1403715326.312640905380249,0.01216,0.00043,0.00296,0.00863,0.00000,0.00534,0.02953
1403715326.362644195556641,0.01361,0.00040,0.00892,0.00855,0.00000,0.00536,0.03685
1403715326.412644147872925,0.01404,0.00040,0.00102,0.00864,0.00000,0.00542,0.02952
1403715326.462641954421997,0.01584,0.00041,0.00158,0.00860,0.00001,0.00543,0.03187
1403715326.512640476226807,0.01258,0.00041,0.00637,0.00774,0.00000,0.00514,0.03224
1403715326.562638521194458,0.01297,0.00038,0.00838,0.00757,0.00049,0.00533,0.03511
1403715326.612638711929321,0.01253,0.00041,0.00411,0.00780,0.00160,0.00528,0.03173
1403715326.662640571594238,0.01180,0.00036,0.00295,0.00908,0.00001,0.00619,0.03038
1403715326.712646007537842,0.01271,0.00041,0.00003,0.00845,0.00000,0.00533,0.02694
1403715326.762655258178711,0.01322,0.00040,0.00668,0.00815,0.00000,0.00517,0.03361
1403715326.812661647796631,0.01269,0.00041,0.00023,0.00838,0.00048,0.00476,0.02696
1403715326.862666130065918,0.01654,0.00038,0.00115,0.00827,0.00001,0.00544,0.03178
1403715326.912666082382202,0.01446,0.00044,0.00091,0.00827,0.00202,0.00502,0.03113
1403715326.962665796279907,0.01429,0.00040,0.00815,0.00864,0.00000,0.00554,0.03703
1403715327.012665271759033,0.01608,0.00042,0.00089,0.00846,0.00000,0.00562,0.03147
1403715327.062666654586792,0.01369,0.00040,0.00019,0.00844,0.00002,0.00535,0.02808
1403715327.112668037414551,0.01876,0.00036,0.00586,0.00781,0.00120,0.00582,0.03981
1403715327.162673711776733,0.01893,0.00041,0.00723,0.00830,0.00000,0.00557,0.04045
1403715327.212673664093018,0.01476,0.00040,0.00502,0.00795,0.00000,0.00536,0.03350
1403715327.262674093246460,0.01520,0.00038,0.00295,0.00826,0.00000,0.00576,0.03255
1403715327.312674522399902,0.01476,0.00041,0.00025,0.00804,0.00000,0.00536,0.02882
1403715327.362673997879028,0.01431,0.00038,0.00591,0.00753,0.00049,0.00545,0.03407
1403715327.412673950195312,0.01524,0.00042,0.00755,0.00907,0.00007,0.00584,0.03820
1403715327.462673187255859,0.01601,0.00081,0.00160,0.00864,0.00124,0.00611,0.03441
1403715327.512671947479248,0.01324,0.00037,0.00086,0.00782,0.00162,0.00527,0.02920
1403715327.562671899795532,0.01627,0.00041,0.00591,0.00787,0.00000,0.00544,0.03591
1403715327.612671852111816,0.01490,0.00040,0.00091,0.00769,0.00000,0.00536,0.02927
1403715327.662673234939575,0.01471,0.00040,0.01977,0.00855,0.00053,0.00569,0.04965
1403715327.712674617767334,0.01796,0.00039,0.00606,0.00766,0.00002,0.00581,0.03790
1403715327.762679338455200,0.01468,0.00039,0.00676,0.00762,0.00118,0.00539,0.03602
1403715327.812684535980225,0.01359,0.00040,0.00495,0.00769,0.00001,0.00551,0.03215
1403715327.862688302993774,0.01759,0.00051,0.00327,0.00762,0.00039,0.00593,0.03530
1403715327.912688493728638,0.01416,0.00038,0.00113,0.00769,0.00000,0.00548,0.02885
1403715327.962688207626343,0.01379,0.00040,0.00256,0.00734,0.00307,0.00540,0.03254
1403715328.012686252593994,0.01335,0.00038,0.00634,0.00766,0.00001,0.00543,0.03316
1403715328.062684535980225,0.01392,0.00036,0.00160,0.00745,0.00114,0.00523,0.02970
1403715328.112684249877930,0.01369,0.00039,0.00018,0.00827,0.00001,0.00556,0.02808
1403715328.162679433822632,0.01314,0.00038,0.00064,0.00734,0.00277,0.00518,0.02945
1403715328.212678909301758,0.01290,0.00037,0.00028,0.00785,0.00120,0.00553,0.02813
1403715328.262679100036621,0.01713,0.00042,0.01427,0.00756,0.00001,0.00629,0.04568
1403715328.312679052352905,0.01272,0.00041,0.00625,0.00720,0.00046,0.00540,0.03244
1403715328.362688302993774,0.01247,0.00041,0.00622,0.00751,0.00146,0.00542,0.03349
1403715328.412690401077271,0.01616,0.00042,0.00339,0.00815,0.00000,0.00551,0.03362
1403715328.462694406509399,0.01874,0.00039,0.00165,0.00816,0.00000,0.00583,0.03478
1403715328.512693881988525,0.01611,0.00041,0.00123,0.00799,0.00001,0.00600,0.03175
1403715328.562696218490601,0.01604,0.00040,0.00149,0.00815,0.00000,0.00598,0.03206
1403715328.612694263458252,0.01647,0.00041,0.00580,0.00805,0.00001,0.00618,0.03691
1403715328.662690877914429,0.01564,0.00067,0.00093,0.00852,0.00000,0.00619,0.03195
1403715328.712687730789185,0.01541,0.00041,0.00090,0.00820,0.00001,0.00590,0.03083
1403715328.762684583663940,0.01570,0.00041,0.00073,0.00823,0.00000,0.00616,0.03123
1403715328.812680006027222,0.01945,0.00040,0.00009,0.00825,0.00000,0.00601,0.03420
1403715328.862672328948975,0.01575,0.00041,0.01357,0.00792,0.00001,0.00593,0.04359
1403715328.912665128707886,0.01463,0.00042,0.00637,0.00772,0.00054,0.00678,0.03646
1403715328.962656736373901,0.01463,0.00042,0.00669,0.00806,0.00000,0.00608,0.03589
1403715329.012645483016968,0.01572,0.00041,0.02457,0.00912,0.00000,0.00560,0.05542
1403715329.062643766403198,0.01520,0.00042,0.00292,0.00791,0.00000,0.00589,0.03235
1403715329.112643957138062,0.01507,0.00040,0.00064,0.00768,0.00000,0.00568,0.02948
1403715329.162645339965820,0.01544,0.00040,0.00220,0.00738,0.00047,0.00595,0.03185
1403715329.212648868560791,0.01442,0.00041,0.00672,0.00731,0.00048,0.00609,0.03543
1403715329.262649774551392,0.01415,0.00041,0.00010,0.00741,0.00001,0.00566,0.02773
1403715329.312648534774780,0.01377,0.00043,0.00062,0.00732,0.00000,0.00584,0.02798
1403715329.362648010253906,0.01603,0.00041,0.00138,0.00680,0.00045,0.00582,0.03090
1403715329.412644147872925,0.01415,0.00040,0.00026,0.00681,0.00000,0.00579,0.02740
1403715329.462635278701782,0.01390,0.00041,0.00316,0.00614,0.00548,0.00594,0.03502
1403715329.512630701065063,0.01445,0.00043,0.00626,0.00757,0.00265,0.00621,0.03757
1403715329.562626600265503,0.01540,0.00051,0.00733,0.00773,0.00061,0.00580,0.03738
1403715329.612629413604736,0.01381,0.00044,0.01425,0.00716,0.00224,0.00662,0.04453
1403715329.662632465362549,0.01425,0.00041,0.00065,0.00812,0.00301,0.00553,0.03197
1403715329.712636947631836,0.01931,0.00042,0.00023,0.00829,0.00049,0.00552,0.03426
1403715329.762640237808228,0.01600,0.00041,0.00008,0.00960,0.00007,0.00590,0.03206
1403715329.812638521194458,0.01561,0.00041,0.00386,0.00838,0.00116,0.00541,0.03484
1403715329.862642288208008,0.01548,0.00042,0.00009,0.00871,0.00000,0.00583,0.03054
1403715329.912642240524292,0.01827,0.00042,0.00004,0.00875,0.00001,0.00602,0.03350
1403715329.962644100189209,0.01573,0.00039,0.00020,0.00870,0.00048,0.00636,0.03185
1403715330.012642621994019,0.01565,0.00041,0.00004,0.00879,0.00001,0.00606,0.03095
1403715330.062640428543091,0.01689,0.00044,0.00206,0.00828,0.00000,0.00598,0.03364
1403715330.112634658813477,0.01499,0.00040,0.00544,0.00783,0.00051,0.00602,0.03519
1403715330.162634372711182,0.01633,0.00037,0.00622,0.00846,0.00051,0.00600,0.03788
1403715330.212629318237305,0.02282,0.00039,0.01288,0.00903,0.00001,0.00716,0.05229
1403715330.262630224227905,0.01632,0.00041,0.01183,0.00829,0.00000,0.00598,0.04283
1403715330.312630891799927,0.01713,0.00037,0.00245,0.00855,0.00002,0.00601,0.03453
1403715330.362631320953369,0.01633,0.00039,0.00019,0.00820,0.00147,0.00574,0.03233
1403715330.412630796432495,0.01672,0.00042,0.00366,0.00853,0.00000,0.00615,0.03548
1403715330.462630510330200,0.01826,0.00042,0.00010,0.00877,0.00000,0.00606,0.03361
1403715330.512629985809326,0.01616,0.00041,0.00004,0.00877,0.00000,0.00621,0.03160
1403715330.562630414962769,0.01570,0.00042,0.00004,0.00869,0.00001,0.00626,0.03111
1403715330.612631320953369,0.02020,0.00039,0.00004,0.00879,0.00001,0.00614,0.03556
1403715330.662632226943970,0.01662,0.00040,0.00325,0.00858,0.00000,0.00627,0.03512
1403715330.712630510330200,0.01698,0.00041,0.00530,0.00845,0.00000,0.00599,0.03714
1403715330.762623786926270,0.01674,0.00038,0.03021,0.00867,0.00001,0.00790,0.06392
1403715330.812622547149658,0.01599,0.00040,0.01067,0.00828,0.00000,0.00617,0.04152
1403715330.862624168395996,0.01674,0.00035,0.00125,0.00849,0.00001,0.00748,0.03432
1403715330.912627458572388,0.01655,0.00042,0.00022,0.00845,0.00049,0.00611,0.03225
1403715330.962631702423096,0.01671,0.00041,0.00008,0.00875,0.00000,0.00649,0.03245
1403715331.012636423110962,0.01862,0.00042,0.00367,0.00861,0.00001,0.00604,0.03736
1403715331.062639474868774,0.01615,0.00040,0.00067,0.00819,0.00000,0.00594,0.03135
1403715331.112640380859375,0.01675,0.00039,0.00088,0.00790,0.00000,0.00597,0.03190
1403715331.162636280059814,0.01546,0.00041,0.00032,0.00789,0.00095,0.00630,0.03132
1403715331.212630510330200,0.01523,0.00042,0.00098,0.00795,0.00000,0.00598,0.03056
1403715331.262621164321899,0.01643,0.00042,0.00179,0.00729,0.00156,0.00640,0.03388
1403715331.312608003616333,0.01588,0.00041,0.00574,0.00781,0.00021,0.00615,0.03620
1403715331.362586736679077,0.01557,0.00041,0.02744,0.00834,0.00201,0.00876,0.06253
1403715331.412578821182251,0.01527,0.00042,0.01071,0.00754,0.00153,0.00794,0.04341
1403715331.462574720382690,0.01512,0.00037,0.00878,0.00732,0.00121,0.00595,0.03875
1403715331.512574911117554,0.01637,0.00041,0.00035,0.00771,0.00076,0.00769,0.03327
1403715331.562578916549683,0.01852,0.00045,0.00034,0.01104,0.00002,0.00631,0.03669
1403715331.612579584121704,0.01479,0.00041,0.00308,0.00867,0.00259,0.00762,0.03716
1403715331.662577629089355,0.01527,0.00065,0.00009,0.00907,0.00001,0.00669,0.03178
1403715331.712576627731323,0.01861,0.00041,0.00088,0.00832,0.00001,0.00587,0.03410
1403715331.762577533721924,0.01533,0.00041,0.00004,0.00836,0.00000,0.00563,0.02978
1403715331.812580347061157,0.01506,0.00042,0.00113,0.00812,0.00047,0.00591,0.03112
1403715331.862582445144653,0.01729,0.00041,0.00299,0.00843,0.00001,0.00605,0.03517
1403715331.912587165832520,0.01531,0.00043,0.00611,0.00845,0.00001,0.00591,0.03622
1403715331.962592124938965,0.01492,0.00043,0.01804,0.00867,0.00001,0.00702,0.04909
1403715332.012594699859619,0.01732,0.00042,0.01073,0.00844,0.00000,0.00576,0.04268
1403715332.062595367431641,0.01514,0.00039,0.00838,0.00846,0.00000,0.00593,0.03831
1403715332.112595558166504,0.01549,0.00042,0.00003,0.00862,0.00001,0.00621,0.03077
1403715332.162595987319946,0.01562,0.00041,0.00091,0.00866,0.00000,0.00585,0.03146
1403715332.212596893310547,0.01548,0.00043,0.00292,0.00853,0.00001,0.00600,0.03336
1403715332.262598514556885,0.01535,0.00042,0.00004,0.00964,0.00001,0.00594,0.03138
1403715332.312600612640381,0.01494,0.00040,0.00004,0.00858,0.00000,0.00599,0.02995
1403715332.362601518630981,0.01541,0.00040,0.00004,0.00863,0.00001,0.00612,0.03060
1403715332.412601709365845,0.01661,0.00041,0.00004,0.00856,0.00000,0.00604,0.03166
1403715332.462601661682129,0.01477,0.00041,0.00209,0.00856,0.00000,0.00593,0.03176
1403715332.512602329254150,0.01508,0.00042,0.00537,0.00902,0.00001,0.00590,0.03579
1403715332.562606096267700,0.01450,0.00042,0.01722,0.00855,0.00001,0.00688,0.04758
1403715332.612608194351196,0.01452,0.00038,0.01032,0.00809,0.00002,0.00581,0.03914
1403715332.662611246109009,0.01631,0.00045,0.00809,0.00928,0.00120,0.00617,0.04150
1403715332.712613821029663,0.01507,0.00043,0.00003,0.00831,0.00000,0.00723,0.03108
1403715332.762612819671631,0.01491,0.00043,0.00093,0.00826,0.00000,0.00583,0.03036
1403715332.812613010406494,0.01489,0.00041,0.00385,0.00853,0.00050,0.00610,0.03428
1403715332.862613439559937,0.01439,0.00043,0.00009,0.00876,0.00001,0.00563,0.02930
1403715332.912614345550537,0.01527,0.00041,0.00084,0.00852,0.00000,0.00598,0.03102
1403715332.962613105773926,0.01724,0.00044,0.00240,0.00846,0.00000,0.00567,0.03422
1403715333.012605190277100,0.02243,0.00041,0.00004,0.00809,0.00000,0.00621,0.03719
1403715333.062607288360596,0.01681,0.00040,0.00506,0.00710,0.00000,0.00601,0.03539
1403715333.112607002258301,0.01852,0.00041,0.00468,0.00706,0.00340,0.00543,0.03950
1403715333.162601709365845,0.01625,0.00036,0.01305,0.00791,0.00204,0.00740,0.04701
1403715333.212596654891968,0.01602,0.00039,0.00795,0.00784,0.00297,0.00601,0.04118
1403715333.262591123580933,0.01591,0.00040,0.00594,0.00822,0.00001,0.00580,0.03628
1403715333.312587976455688,0.01619,0.00042,0.00018,0.00833,0.00048,0.00569,0.03129
1403715333.362588644027710,0.01595,0.00042,0.00092,0.00859,0.00000,0.00713,0.03301
1403715333.412590742111206,0.01651,0.00041,0.00239,0.00747,0.00000,0.00568,0.03246
1403715333.462592601776123,0.01471,0.00038,0.00198,0.00720,0.00000,0.00593,0.03020
1403715333.512594223022461,0.01738,0.00041,0.00069,0.00728,0.00002,0.00577,0.03156
1403715333.562597274780273,0.01528,0.00038,0.02601,0.00773,0.00740,0.00802,0.06481
1403715333.612597942352295,0.01482,0.00044,0.00005,0.00819,0.00000,0.00591,0.02941
1403715333.662597894668579,0.01698,0.00038,0.00227,0.00744,0.00047,0.00600,0.03352
1403715333.712595701217651,0.01373,0.00040,0.00098,0.00778,0.00343,0.00606,0.03237
1403715333.762595415115356,0.01726,0.00044,0.01150,0.00690,0.00001,0.00691,0.04301
1403715333.812594890594482,0.01436,0.00038,0.00630,0.00639,0.00174,0.00540,0.03455
1403715333.862599134445190,0.01488,0.00036,0.00473,0.00590,0.00301,0.00593,0.03481
1403715333.912604808807373,0.01956,0.00040,0.00168,0.00717,0.00000,0.00697,0.03579
1403715333.962611675262451,0.01540,0.00039,0.00209,0.00708,0.00145,0.00578,0.03219
1403715334.012614965438843,0.01480,0.00038,0.00102,0.00759,0.00002,0.00564,0.02945
1403715334.062615871429443,0.01661,0.00039,0.00056,0.00735,0.00000,0.00594,0.03087
1403715334.112616300582886,0.01525,0.00039,0.00071,0.00740,0.00000,0.00592,0.02966
1403715334.162618637084961,0.01477,0.00040,0.01496,0.00723,0.00526,0.00726,0.04988
1403715334.212617397308350,0.01658,0.00056,0.00134,0.00783,0.00000,0.00603,0.03233
1403715334.262617588043213,0.01483,0.00041,0.00103,0.00748,0.00123,0.00596,0.03094
1403715334.312617063522339,0.01348,0.00039,0.00049,0.00729,0.00001,0.00577,0.02744
1403715334.362617969512939,0.01379,0.00040,0.00659,0.00658,0.00469,0.00587,0.03792
1403715334.412619590759277,0.01591,0.00049,0.00580,0.00697,0.00050,0.00624,0.03592
1403715334.462621212005615,0.01384,0.00037,0.01964,0.00785,0.00146,0.00588,0.04905
1403715334.512621879577637,0.01453,0.00040,0.00037,0.00671,0.00002,0.00570,0.02773
1403715334.562620162963867,0.01440,0.00039,0.00034,0.00644,0.00150,0.00559,0.02866
1403715334.612620353698730,0.01438,0.00056,0.00066,0.00668,0.00043,0.00588,0.02860
1403715334.662618160247803,0.01868,0.00035,0.00021,0.00627,0.00000,0.00602,0.03154
1403715334.712616443634033,0.01573,0.00038,0.00062,0.00576,0.00002,0.00607,0.02857
1403715334.762614727020264,0.01686,0.00037,0.00800,0.00554,0.01513,0.00543,0.05132
1403715334.812613010406494,0.01514,0.00041,0.00003,0.00818,0.00000,0.00593,0.02970
1403715334.862613201141357,0.01501,0.00039,0.00033,0.00776,0.00000,0.00603,0.02953
1403715334.912612676620483,0.01556,0.00042,0.00075,0.00722,0.00002,0.00566,0.02962
1403715334.962612152099609,0.01493,0.00038,0.00532,0.00683,0.00390,0.00587,0.03723
1403715335.012612581253052,0.01545,0.00040,0.00552,0.00688,0.00002,0.00562,0.03389
1403715335.062611103057861,0.01549,0.00040,0.01441,0.00667,0.00370,0.00740,0.04807
1403715335.112611055374146,0.01466,0.00041,0.00122,0.00648,0.00000,0.00572,0.02850
1403715335.162609815597534,0.01353,0.00041,0.00228,0.00604,0.00000,0.00684,0.02911
1403715335.212612152099609,0.01334,0.00041,0.00925,0.00571,0.00978,0.00760,0.04610
1403715335.262610673904419,0.01428,0.00040,0.00025,0.00747,0.00010,0.00589,0.02840
1403715335.312606334686279,0.01676,0.00037,0.00115,0.00648,0.00000,0.00581,0.03057
1403715335.362605571746826,0.01426,0.00035,0.00017,0.00641,0.00962,0.00571,0.03653
1403715335.412603616714478,0.01404,0.00043,0.00022,0.00760,0.00010,0.00564,0.02804
1403715335.462602376937866,0.02165,0.00038,0.00053,0.00727,0.00000,0.00596,0.03579
1403715335.512600421905518,0.01586,0.00039,0.00032,0.00720,0.00064,0.00597,0.03037
1403715335.562600612640381,0.01886,0.00038,0.00009,0.00694,0.00713,0.00595,0.03936
1403715335.612601041793823,0.01549,0.00040,0.00570,0.00801,0.00002,0.00590,0.03551
1403715335.662601947784424,0.01458,0.00040,0.01178,0.00818,0.00299,0.00597,0.04390
1403715335.712600946426392,0.01447,0.00056,0.00055,0.00846,0.00000,0.00693,0.03098
1403715335.762600898742676,0.01503,0.00039,0.00004,0.00801,0.00001,0.00649,0.02996
1403715335.812602281570435,0.01528,0.00043,0.00990,0.00842,0.00152,0.00603,0.04159
1403715335.862601995468140,0.01863,0.00042,0.00061,0.00818,0.00080,0.00601,0.03466
1403715335.912602424621582,0.01531,0.00039,0.00035,0.00754,0.00000,0.00622,0.02981
1403715335.962603807449341,0.01473,0.00037,0.00104,0.00729,0.00000,0.00593,0.02937
1403715336.012605667114258,0.01619,0.00035,0.00704,0.00713,0.00397,0.00619,0.04088
1403715336.062606096267700,0.01738,0.00039,0.00303,0.00771,0.00000,0.00605,0.03456
1403715336.112607479095459,0.01563,0.00040,0.01247,0.00670,0.00197,0.00590,0.04306
1403715336.162607669830322,0.01655,0.00039,0.00041,0.00640,0.00000,0.00570,0.02946
1403715336.212608098983765,0.01489,0.00040,0.00080,0.00621,0.00212,0.00632,0.03075
1403715336.262609958648682,0.01771,0.00036,0.00523,0.00594,0.00956,0.00528,0.04408
1403715336.312611818313599,0.01516,0.00041,0.00023,0.00731,0.00000,0.00619,0.02930
1403715336.362612485885620,0.01536,0.00040,0.00037,0.00694,0.00002,0.00577,0.02886
1403715336.412612676620483,0.01476,0.00042,0.00530,0.00644,0.00823,0.00608,0.04123
1403715336.462613105773926,0.01824,0.00038,0.00096,0.00715,0.00042,0.00571,0.03286
1403715336.512613534927368,0.01647,0.00038,0.00017,0.00711,0.00000,0.00609,0.03022
1403715336.562614679336548,0.01729,0.00042,0.00128,0.00671,0.00000,0.00583,0.03154
1403715336.612617969512939,0.01672,0.00037,0.00649,0.00651,0.01040,0.00650,0.04699
1403715336.662618875503540,0.01566,0.00042,0.00036,0.00772,0.00001,0.00576,0.02993
1403715336.712619543075562,0.01640,0.00040,0.01082,0.00713,0.00206,0.00549,0.04230
1403715336.762621164321899,0.01515,0.00040,0.00035,0.00740,0.00045,0.00585,0.02959
1403715336.812621831893921,0.01499,0.00042,0.00500,0.00735,0.00069,0.00589,0.03433
1403715336.862623453140259,0.01506,0.00041,0.00052,0.00731,0.00386,0.00549,0.03265
1403715336.912624120712280,0.01503,0.00044,0.00009,0.00810,0.00000,0.00578,0.02945
1403715336.962624788284302,0.01504,0.00042,0.00017,0.00800,0.00000,0.00599,0.02963
1403715337.012626171112061,0.01517,0.00042,0.00799,0.00721,0.00264,0.00600,0.03943
1403715337.062626600265503,0.01769,0.00041,0.00555,0.00760,0.00037,0.00588,0.03750
1403715337.112626552581787,0.01458,0.00065,0.00141,0.00759,0.00001,0.00583,0.03007
1403715337.162626266479492,0.01527,0.00041,0.00470,0.00659,0.00253,0.00594,0.03545
1403715337.212625026702881,0.01488,0.00042,0.00212,0.00707,0.00544,0.00595,0.03588
1403715337.262624025344849,0.01753,0.00039,0.00027,0.00755,0.00000,0.00577,0.03151
1403715337.312621116638184,0.01439,0.00039,0.00882,0.00691,0.00156,0.00537,0.03743
1403715337.362620830535889,0.01476,0.00038,0.00049,0.00660,0.00000,0.00575,0.02798
1403715337.412621021270752,0.01431,0.00041,0.00359,0.00561,0.00422,0.00593,0.03405
1403715337.462620496749878,0.01727,0.00038,0.00063,0.00544,0.00043,0.00537,0.02952
1403715337.512619018554688,0.01503,0.00037,0.00119,0.00477,0.00002,0.00573,0.02711
1403715337.562618255615234,0.01471,0.00035,0.00331,0.00411,0.00000,0.00557,0.02805
1403715337.612612724304199,0.01650,0.00034,0.00770,0.00380,0.01653,0.00570,0.05058
1403715337.662613391876221,0.01764,0.00045,0.00079,0.00493,0.00179,0.00560,0.03121
1403715337.712613821029663,0.01539,0.00037,0.00126,0.00429,0.00000,0.00598,0.02729
1403715337.762614488601685,0.01735,0.00033,0.00131,0.00410,0.00060,0.00572,0.02942
1403715337.812614917755127,0.01726,0.00035,0.00076,0.00354,0.00151,0.00551,0.02893
1403715337.862614870071411,0.01452,0.00037,0.00058,0.00389,0.00000,0.00576,0.02512
1403715337.912614822387695,0.01386,0.00034,0.00054,0.00331,0.01261,0.00711,0.03776
1403715337.962614536285400,0.01671,0.00030,0.00066,0.00423,0.00000,0.00565,0.02756
1403715338.012614727020264,0.01491,0.00035,0.00270,0.00362,0.01412,0.00563,0.04133
1403715338.062614917755127,0.01711,0.00036,0.00077,0.00470,0.00037,0.00536,0.02867
1403715338.112616300582886,0.01865,0.00035,0.00136,0.00465,0.00039,0.00603,0.03142
1403715338.162618398666382,0.01606,0.00037,0.00370,0.00441,0.00458,0.00602,0.03513
1403715338.212621927261353,0.01709,0.00036,0.00584,0.00438,0.01172,0.00739,0.04678
1403715338.262623071670532,0.01498,0.00039,0.00058,0.00622,0.00000,0.00570,0.02787
1403715338.312623977661133,0.01574,0.00038,0.00076,0.00570,0.00820,0.00592,0.03669
1403715338.362623929977417,0.01667,0.00039,0.00065,0.00646,0.00222,0.00533,0.03171
1403715338.412623643875122,0.01639,0.00036,0.00054,0.00661,0.00000,0.00589,0.02979
1403715338.462623119354248,0.01521,0.00037,0.00159,0.00635,0.00000,0.00572,0.02925
1403715338.512623548507690,0.01788,0.00038,0.00096,0.00567,0.00731,0.00560,0.03780
1403715338.562623500823975,0.01665,0.00039,0.00085,0.00564,0.00009,0.00553,0.02915
1403715338.612623929977417,0.01713,0.00036,0.00307,0.00472,0.00529,0.00551,0.03607
1403715338.662623643875122,0.01915,0.00039,0.00045,0.00544,0.00039,0.00532,0.03115
1403715338.712623119354248,0.01685,0.00036,0.00063,0.00554,0.00002,0.00572,0.02910
1403715338.762623786926270,0.01861,0.00034,0.00092,0.00515,0.00321,0.00618,0.03442
1403715338.812622308731079,0.01893,0.00034,0.00091,0.00486,0.00593,0.00599,0.03696
1403715338.862621068954468,0.01898,0.00035,0.00185,0.00538,0.00575,0.00565,0.03796
1403715338.912616491317749,0.01731,0.00041,0.00384,0.00639,0.00571,0.00559,0.03924
1403715338.962616205215454,0.01750,0.00041,0.00396,0.00720,0.00198,0.00606,0.03711
1403715339.012615919113159,0.01812,0.00041,0.00041,0.00757,0.00001,0.00631,0.03282
1403715339.062616348266602,0.01733,0.00040,0.00192,0.00819,0.00422,0.00562,0.03768
1403715339.112615823745728,0.01842,0.00041,0.00059,0.00803,0.00037,0.00602,0.03385
1403715339.162617921829224,0.01695,0.00041,0.00089,0.00801,0.00209,0.00616,0.03451
1403715339.212619781494141,0.01924,0.00042,0.00251,0.00848,0.00000,0.00575,0.03640
1403715339.262619256973267,0.01809,0.00040,0.00467,0.00755,0.00000,0.00587,0.03660
1403715339.312620162963867,0.01728,0.00041,0.00035,0.00739,0.00379,0.00575,0.03497
1403715339.362620353698730,0.02019,0.00040,0.00567,0.00788,0.00205,0.00640,0.04259
1403715339.412619829177856,0.01773,0.00042,0.00645,0.00785,0.00000,0.00591,0.03837
1403715339.462619781494141,0.01655,0.00041,0.00045,0.00757,0.00201,0.00619,0.03317
1403715339.512621164321899,0.01903,0.00039,0.00063,0.00706,0.00112,0.00556,0.03380
1403715339.562620639801025,0.01801,0.00039,0.00551,0.00680,0.00252,0.00621,0.03943
1403715339.612621784210205,0.01609,0.00041,0.00030,0.00708,0.00044,0.00619,0.03050
1403715339.662623167037964,0.01605,0.00053,0.00004,0.00735,0.00218,0.00626,0.03240
1403715339.712623596191406,0.01722,0.00037,0.00003,0.00751,0.00037,0.00599,0.03149
1403715339.762624263763428,0.01648,0.00040,0.00038,0.00674,0.00316,0.00579,0.03296
1403715339.812624216079712,0.01672,0.00039,0.00214,0.00647,0.00259,0.00611,0.03443
1403715339.862622976303101,0.01713,0.00038,0.00022,0.00616,0.00409,0.00608,0.03407
1403715339.912619113922119,0.01626,0.00040,0.00132,0.00721,0.00078,0.00564,0.03162
1403715339.962614059448242,0.01631,0.00039,0.00147,0.00636,0.01111,0.00634,0.04198
1403715340.012609243392944,0.01851,0.00042,0.00670,0.00873,0.00001,0.00615,0.04052
1403715340.062602281570435,0.01888,0.00063,0.00072,0.00790,0.00000,0.00563,0.03376
1403715340.112597465515137,0.01513,0.00041,0.00010,0.00770,0.00391,0.00590,0.03315
1403715340.162592887878418,0.01531,0.00041,0.00506,0.00827,0.00000,0.00554,0.03459
1403715340.212589740753174,0.01770,0.00051,0.00257,0.00894,0.00001,0.00563,0.03535
1403715340.262590169906616,0.01444,0.00085,0.00486,0.00678,0.00192,0.00855,0.03740
1403715340.312589645385742,0.01468,0.00035,0.00020,0.00722,0.00037,0.00572,0.02855
1403715340.362591505050659,0.01467,0.00053,0.00174,0.00700,0.00645,0.00564,0.03603
1403715340.412590026855469,0.01533,0.00040,0.00190,0.00784,0.00034,0.00555,0.03136
1403715340.462593317031860,0.01430,0.00038,0.00010,0.00787,0.00001,0.00580,0.02845
1403715340.512597084045410,0.01571,0.00040,0.00047,0.00693,0.00220,0.00599,0.03170
1403715340.562604904174805,0.01460,0.00040,0.00261,0.00672,0.00427,0.00530,0.03390
1403715340.612608909606934,0.01547,0.00045,0.00238,0.00798,0.00054,0.00591,0.03274
1403715340.662609815597534,0.01580,0.00041,0.00019,0.00785,0.00048,0.00601,0.03074
1403715340.712608337402344,0.01523,0.00053,0.00102,0.00814,0.00199,0.00596,0.03285
1403715340.762601137161255,0.01744,0.00040,0.00588,0.00807,0.00049,0.00566,0.03794
1403715340.812600612640381,0.01469,0.00041,0.00023,0.00826,0.00000,0.00570,0.02929
1403715340.862599611282349,0.01485,0.00041,0.00088,0.00791,0.00205,0.00599,0.03209
1403715340.912599802017212,0.01506,0.00042,0.00116,0.00817,0.00009,0.00582,0.03071
1403715340.962601423263550,0.01529,0.00041,0.00482,0.00744,0.00248,0.00547,0.03590
1403715341.012603044509888,0.01418,0.00041,0.00043,0.00787,0.00040,0.00570,0.02899
1403715341.062597274780273,0.01453,0.00041,0.00904,0.00704,0.00051,0.00601,0.03754
1403715341.112597465515137,0.01462,0.00041,0.00124,0.00728,0.00131,0.00578,0.03064
1403715341.162599802017212,0.01488,0.00065,0.00558,0.00670,0.00172,0.00518,0.03470
1403715341.212600469589233,0.01524,0.00041,0.00336,0.00660,0.00220,0.00573,0.03354
1403715341.262602329254150,0.01472,0.00040,0.00025,0.00707,0.00062,0.00573,0.02881
1403715341.312604427337646,0.01896,0.00037,0.00024,0.00680,0.00397,0.00570,0.03604
1403715341.362605810165405,0.01497,0.00040,0.00522,0.00736,0.00254,0.00515,0.03565
1403715341.412606954574585,0.01543,0.00039,0.00019,0.00752,0.00001,0.00558,0.02911
1403715341.462607145309448,0.01558,0.00040,0.00035,0.00717,0.00007,0.00582,0.02938
1403715341.512607097625732,0.01523,0.00040,0.00043,0.00682,0.00444,0.00585,0.03317
1403715341.562605857849121,0.01498,0.00040,0.00053,0.00756,0.00621,0.00605,0.03573
1403715341.612605810165405,0.01535,0.00043,0.00112,0.00778,0.00000,0.00561,0.03030
1403715341.662606954574585,0.01525,0.00039,0.00870,0.00763,0.00349,0.00567,0.04113
1403715341.712607145309448,0.01840,0.00041,0.00244,0.00733,0.00009,0.00558,0.03425
1403715341.762605905532837,0.01423,0.00041,0.00058,0.00701,0.00116,0.00593,0.02932
1403715341.812604188919067,0.01411,0.00042,0.00009,0.00725,0.00200,0.00574,0.02961
1403715341.862604856491089,0.01859,0.00039,0.00466,0.00708,0.00371,0.00552,0.03994
1403715341.912605524063110,0.01590,0.00037,0.00019,0.00766,0.00000,0.00750,0.03162
1403715341.962604761123657,0.01414,0.00041,0.00432,0.00929,0.00270,0.00575,0.03661
1403715342.012605905532837,0.01484,0.00036,0.00028,0.00763,0.00000,0.00568,0.02880
1403715342.062606096267700,0.01403,0.00040,0.00004,0.00839,0.00395,0.00626,0.03306
1403715342.112604618072510,0.01298,0.00046,0.00613,0.01014,0.00262,0.00659,0.03892
1403715342.162603378295898,0.01464,0.00060,0.00394,0.00804,0.00002,0.00593,0.03316
1403715342.212603569030762,0.01425,0.00041,0.00467,0.00735,0.00038,0.00572,0.03277
1403715342.262601375579834,0.01625,0.00089,0.01496,0.00766,0.00211,0.00601,0.04788
1403715342.312599182128906,0.01454,0.00039,0.00009,0.00774,0.00066,0.00727,0.03070
1403715342.362596750259399,0.01418,0.00040,0.00085,0.00780,0.00000,0.00572,0.02895
1403715342.412595987319946,0.01867,0.00038,0.00141,0.00760,0.00144,0.00574,0.03524
1403715342.462595462799072,0.01312,0.00040,0.00010,0.00780,0.00383,0.00595,0.03121
1403715342.512596845626831,0.01451,0.00040,0.00016,0.00801,0.00001,0.00582,0.02891
1403715342.562594652175903,0.01439,0.00041,0.00379,0.00709,0.00036,0.00583,0.03187
1403715342.612589836120605,0.01696,0.00037,0.00049,0.00642,0.00070,0.00530,0.03024
1403715342.662586927413940,0.01512,0.00052,0.00172,0.00609,0.00046,0.00613,0.03004
1403715342.712586402893066,0.01476,0.00038,0.00087,0.00542,0.00422,0.00577,0.03142
1403715342.762587308883667,0.01424,0.00037,0.00025,0.00640,0.00381,0.00555,0.03061
1403715342.812587976455688,0.01703,0.00048,0.00523,0.00648,0.00605,0.00579,0.04105
1403715342.862582445144653,0.01535,0.00039,0.01207,0.00710,0.00380,0.00669,0.04540
1403715342.912582159042358,0.01527,0.00040,0.00053,0.00747,0.00072,0.00531,0.02970
1403715342.962582111358643,0.01845,0.00053,0.00054,0.00800,0.00073,0.00573,0.03398
1403715343.012578725814819,0.01504,0.00040,0.00102,0.00843,0.00116,0.00596,0.03200
1403715343.062577724456787,0.01468,0.00039,0.00110,0.00846,0.00000,0.00566,0.03029
1403715343.112574815750122,0.01437,0.00041,0.00138,0.00823,0.00000,0.00593,0.03032
1403715343.162575244903564,0.01451,0.00038,0.00733,0.00814,0.00440,0.00576,0.04051
1403715343.212576866149902,0.01938,0.00039,0.00010,0.00891,0.00000,0.00590,0.03469
1403715343.262574911117554,0.01595,0.00041,0.00088,0.00861,0.00000,0.00585,0.03170
1403715343.312575340270996,0.01589,0.00041,0.00201,0.00810,0.00006,0.00576,0.03224
1403715343.362575292587280,0.01550,0.00041,0.01178,0.00753,0.00203,0.00674,0.04399
1403715343.412574529647827,0.01463,0.00041,0.00208,0.00781,0.00230,0.00584,0.03307
1403715343.462574243545532,0.01485,0.00040,0.00542,0.00765,0.00206,0.00606,0.03643
1403715343.512574672698975,0.01837,0.00041,0.00048,0.00756,0.00000,0.00595,0.03277
1403715343.562575817108154,0.01463,0.00041,0.00080,0.00688,0.00006,0.00568,0.02846
1403715343.612576484680176,0.01647,0.00036,0.00087,0.00652,0.00108,0.00578,0.03107
1403715343.662576198577881,0.01818,0.00037,0.00150,0.00644,0.00000,0.00559,0.03208
1403715343.712576627731323,0.01445,0.00036,0.00050,0.00639,0.00000,0.00573,0.02743
1403715343.762575864791870,0.01701,0.00034,0.01449,0.00589,0.01098,0.00584,0.05455
1403715343.812575101852417,0.01549,0.00037,0.00160,0.00701,0.00001,0.00579,0.03027
1403715343.862575292587280,0.01333,0.00040,0.00098,0.00679,0.00000,0.00572,0.02722
1403715343.912573575973511,0.01441,0.00037,0.00127,0.00688,0.00006,0.00595,0.02894
1403715343.962571382522583,0.01727,0.00037,0.00157,0.00648,0.00943,0.00580,0.04091
1403715344.012571811676025,0.01470,0.00040,0.00091,0.00753,0.00038,0.00571,0.02963
1403715344.062570571899414,0.01707,0.00037,0.00079,0.00808,0.00010,0.00577,0.03218
1403715344.112570047378540,0.01467,0.00038,0.00174,0.00639,0.00000,0.00568,0.02886
1403715344.162569522857666,0.01775,0.00036,0.00509,0.00682,0.00306,0.00611,0.03919
1403715344.212569952011108,0.01885,0.00043,0.00259,0.00611,0.00045,0.00599,0.03441
1403715344.262570381164551,0.01710,0.00039,0.00294,0.00565,0.00000,0.00561,0.03169
1403715344.312572479248047,0.01490,0.00033,0.00124,0.00516,0.00665,0.00591,0.03418
1403715344.362574577331543,0.01938,0.00036,0.00192,0.00553,0.01189,0.00679,0.04587
1403715344.412574291229248,0.01657,0.00039,0.00055,0.00579,0.00045,0.00530,0.02905
1403715344.462575674057007,0.01421,0.00040,0.00132,0.00572,0.00042,0.00597,0.02804
1403715344.512577295303345,0.01661,0.00038,0.00244,0.00556,0.00815,0.00571,0.03885
1403715344.562579870223999,0.01425,0.00039,0.00208,0.00654,0.00009,0.00546,0.02881
1403715344.612580776214600,0.01465,0.00033,0.00094,0.00642,0.00861,0.00591,0.03686
1403715344.662581920623779,0.01555,0.00039,0.00045,0.00730,0.00230,0.00558,0.03158
1403715344.712581634521484,0.01463,0.00041,0.00741,0.00725,0.00009,0.00550,0.03529
1403715344.762581586837769,0.01649,0.00040,0.00033,0.00711,0.00140,0.00511,0.03083
1403715344.812582254409790,0.01690,0.00052,0.00066,0.00703,0.00188,0.00588,0.03288
1403715344.862581729888916,0.01481,0.00039,0.00080,0.00731,0.00000,0.00584,0.02915
1403715344.912580966949463,0.01936,0.00036,0.00016,0.00670,0.00881,0.00594,0.04134
1403715344.962579965591431,0.01561,0.00039,0.00672,0.00776,0.00038,0.00578,0.03663
1403715345.012579202651978,0.01479,0.00039,0.00296,0.00676,0.00045,0.00571,0.03106
1403715345.062578439712524,0.01599,0.00038,0.00558,0.00625,0.00409,0.00600,0.03829
1403715345.112578868865967,0.01528,0.00038,0.00314,0.00655,0.00000,0.00559,0.03094
1403715345.162578821182251,0.01742,0.00037,0.00045,0.00636,0.00130,0.00541,0.03131
1403715345.212578296661377,0.01523,0.00038,0.00133,0.00627,0.00674,0.00566,0.03561
1403715345.262578725814819,0.01427,0.00040,0.00048,0.00645,0.00000,0.00573,0.02734
1403715345.312579631805420,0.01477,0.00039,0.00161,0.00608,0.00536,0.00559,0.03379
1403715345.362578868865967,0.01666,0.00079,0.00119,0.00616,0.00757,0.00569,0.03806
1403715345.412578105926514,0.01628,0.00039,0.00033,0.00782,0.00048,0.00575,0.03105
1403715345.462578773498535,0.01837,0.00041,0.00151,0.00686,0.00004,0.00568,0.03286
1403715345.512579202651978,0.01829,0.00035,0.00179,0.00559,0.00979,0.00567,0.04149
1403715345.562579154968262,0.01470,0.00041,0.00652,0.00768,0.00031,0.00573,0.03536
1403715345.612579345703125,0.01507,0.00042,0.00737,0.00764,0.00200,0.00585,0.03835
1403715345.662578344345093,0.01439,0.00040,0.00029,0.00755,0.00350,0.00526,0.03139
1403715345.712578535079956,0.01439,0.00041,0.01044,0.00850,0.00238,0.00665,0.04278
1403715345.762578487396240,0.01390,0.00042,0.00070,0.00856,0.00001,0.00605,0.02964
1403715345.812578201293945,0.01501,0.00041,0.00035,0.00778,0.00048,0.00562,0.02966
1403715345.862577915191650,0.01627,0.00042,0.00003,0.00732,0.00000,0.00572,0.02976
1403715345.912577629089355,0.01426,0.00040,0.00662,0.00691,0.00083,0.00584,0.03486
1403715345.962578058242798,0.01415,0.00040,0.00089,0.00735,0.00093,0.00531,0.02902
1403715346.012578248977661,0.01760,0.00040,0.00039,0.00791,0.00000,0.00584,0.03215
1403715346.062578916549683,0.01581,0.00040,0.00825,0.00705,0.00528,0.00693,0.04373
1403715346.112577676773071,0.01798,0.00041,0.00100,0.00785,0.00198,0.00573,0.03496
1403715346.162574052810669,0.01869,0.00039,0.00585,0.00775,0.00196,0.00549,0.04012
1403715346.212570428848267,0.01481,0.00039,0.00559,0.00753,0.00374,0.00562,0.03770
1403715346.262568712234497,0.01444,0.00042,0.00030,0.01005,0.00001,0.00609,0.03131
1403715346.312567949295044,0.01671,0.00043,0.00925,0.00881,0.00219,0.00647,0.04385
1403715346.362568378448486,0.01745,0.00045,0.00078,0.00899,0.00000,0.00563,0.03330
1403715346.412567615509033,0.01386,0.00040,0.00123,0.00889,0.00048,0.00588,0.03075
1403715346.462568283081055,0.01795,0.00039,0.00167,0.00929,0.00001,0.00589,0.03519
1403715346.512568950653076,0.01466,0.00040,0.00780,0.00881,0.00000,0.00551,0.03718
1403715346.562572240829468,0.01654,0.00058,0.00350,0.00892,0.00001,0.00640,0.03595
1403715346.612576007843018,0.01681,0.00041,0.00447,0.00841,0.00231,0.00611,0.03852
1403715346.662581443786621,0.01675,0.00042,0.00755,0.00901,0.00000,0.00624,0.03997
1403715346.712583780288696,0.01808,0.00041,0.00143,0.00901,0.00001,0.00623,0.03517
1403715346.762587070465088,0.01677,0.00040,0.00547,0.00845,0.00001,0.00609,0.03717
1403715346.812588453292847,0.01626,0.00046,0.00153,0.00817,0.00000,0.00614,0.03256
1403715346.862589836120605,0.01824,0.00037,0.00003,0.00822,0.00000,0.00603,0.03290
1403715346.912590980529785,0.01552,0.00041,0.00589,0.00758,0.00222,0.00630,0.03792
1403715346.962591171264648,0.01882,0.00039,0.00043,0.00827,0.00000,0.00613,0.03404
1403715347.012592315673828,0.01522,0.00041,0.01171,0.00914,0.00570,0.00579,0.04796
1403715347.062593698501587,0.01661,0.00041,0.00008,0.00938,0.00001,0.00621,0.03271
1403715347.112593412399292,0.01705,0.00042,0.00585,0.00857,0.00000,0.00660,0.03850
1403715347.162592649459839,0.01651,0.00041,0.00011,0.00875,0.00001,0.00617,0.03197
1403715347.212591171264648,0.01693,0.00044,0.00393,0.00815,0.00116,0.00615,0.03676
1403715347.262590408325195,0.01636,0.00042,0.00700,0.00833,0.00202,0.00649,0.04061
1403715347.312589645385742,0.01675,0.00046,0.00104,0.00877,0.00001,0.00603,0.03305
1403715347.362588882446289,0.01618,0.00043,0.00279,0.00834,0.00245,0.00631,0.03650
1403715347.412588596343994,0.01858,0.00040,0.00036,0.00793,0.00000,0.00603,0.03330
1403715347.462587833404541,0.01578,0.00041,0.00024,0.00723,0.00000,0.00597,0.02963
1403715347.512587547302246,0.01911,0.00038,0.01238,0.00580,0.00633,0.00676,0.05076
1403715347.562587261199951,0.01935,0.00039,0.00182,0.00710,0.00002,0.00605,0.03473
1403715347.612588405609131,0.01685,0.00036,0.00499,0.00651,0.00931,0.00613,0.04416
1403715347.662589311599731,0.01603,0.00040,0.00018,0.00735,0.00000,0.00606,0.03002
1403715347.712589263916016,0.01634,0.00039,0.00070,0.00670,0.00452,0.00615,0.03479
1403715347.762589454650879,0.01660,0.00043,0.00026,0.00783,0.00002,0.00631,0.03145
1403715347.812589406967163,0.01786,0.00037,0.00229,0.00744,0.00297,0.00622,0.03716
1403715347.862586736679077,0.01774,0.00041,0.00414,0.00706,0.00372,0.00592,0.03898
1403715347.912585496902466,0.01568,0.00041,0.00053,0.00653,0.00002,0.00606,0.02923
1403715347.962584972381592,0.01833,0.00040,0.00116,0.00598,0.00236,0.00570,0.03393
1403715348.012583971023560,0.02039,0.00037,0.00134,0.00638,0.00044,0.00613,0.03505
1403715348.062584161758423,0.01749,0.00041,0.00888,0.00507,0.00645,0.00621,0.04452
1403715348.112582683563232,0.01888,0.00040,0.00277,0.00581,0.01144,0.00712,0.04642
1403715348.162580966949463,0.01699,0.00046,0.00029,0.00653,0.00113,0.00614,0.03154
1403715348.212579250335693,0.01635,0.00039,0.00211,0.00583,0.00400,0.00673,0.03541
1403715348.262576580047607,0.01977,0.00037,0.00059,0.00570,0.00065,0.00604,0.03313
1403715348.312574625015259,0.01729,0.00038,0.00098,0.00530,0.00040,0.00619,0.03054
1403715348.362567663192749,0.01757,0.00038,0.00361,0.00506,0.01474,0.00770,0.04907
1403715348.412566661834717,0.01753,0.00040,0.00151,0.00658,0.00313,0.00609,0.03523
1403715348.462564229965210,0.01777,0.00039,0.00117,0.00671,0.00221,0.00604,0.03429
1403715348.512562751770020,0.01771,0.00039,0.00016,0.00667,0.00000,0.00602,0.03096
1403715348.562562465667725,0.01653,0.00041,0.00933,0.00571,0.00495,0.00560,0.04253
1403715348.612562656402588,0.02003,0.00037,0.00079,0.00651,0.00000,0.00602,0.03374
1403715348.662562608718872,0.01836,0.00040,0.00511,0.00519,0.00683,0.00662,0.04251
1403715348.712562799453735,0.01631,0.00041,0.00012,0.00568,0.00359,0.00578,0.03190
1403715348.762563943862915,0.01641,0.00041,0.00037,0.00550,0.00042,0.00613,0.02925
1403715348.812564134597778,0.01839,0.00040,0.01308,0.00526,0.00290,0.00673,0.04675
1403715348.862562656402588,0.01906,0.00037,0.00137,0.00595,0.00002,0.00612,0.03289
1403715348.912563085556030,0.01630,0.00038,0.00040,0.00505,0.00037,0.00600,0.02849
1403715348.962564945220947,0.01523,0.00038,0.00150,0.00514,0.00201,0.00591,0.03017
1403715349.012562990188599,0.01831,0.00033,0.00023,0.00527,0.00037,0.00599,0.03051
1403715349.062560558319092,0.01611,0.00036,0.00119,0.00515,0.00006,0.00664,0.02952
1403715349.112558364868164,0.01646,0.00035,0.00030,0.00464,0.00000,0.00588,0.02762
1403715349.162559986114502,0.01590,0.00037,0.00716,0.00444,0.01886,0.00621,0.05294
1403715349.212556362152100,0.01704,0.00044,0.00023,0.00745,0.00002,0.00596,0.03114
1403715349.262555837631226,0.01549,0.00041,0.00027,0.00724,0.00234,0.00613,0.03188
1403715349.312554359436035,0.01596,0.00041,0.00102,0.00739,0.00000,0.00606,0.03083
1403715349.362551927566528,0.01758,0.00038,0.00003,0.00719,0.00000,0.00615,0.03134
1403715349.412554740905762,0.01589,0.00042,0.01365,0.00652,0.00337,0.00715,0.04701
1403715349.462557315826416,0.01620,0.00042,0.00064,0.00733,0.00155,0.00565,0.03179
1403715349.512558221817017,0.01611,0.00043,0.00018,0.00760,0.00007,0.00586,0.03025
1403715349.562558650970459,0.01569,0.00041,0.00714,0.00729,0.00423,0.00574,0.04049
1403715349.612558126449585,0.01582,0.00042,0.00004,0.00805,0.00122,0.00610,0.03165
1403715349.662556648254395,0.01599,0.00043,0.00003,0.00832,0.00037,0.00601,0.03115
1403715349.712554216384888,0.02058,0.00041,0.00029,0.00795,0.00048,0.00641,0.03612
1403715349.762551307678223,0.01827,0.00053,0.00589,0.00803,0.00335,0.00647,0.04255
1403715349.812549829483032,0.01680,0.00042,0.00093,0.00867,0.00001,0.00632,0.03315
1403715349.862549781799316,0.01736,0.00042,0.00058,0.00860,0.00000,0.00625,0.03322
1403715349.912549018859863,0.01832,0.00041,0.00041,0.00795,0.00048,0.00587,0.03344
1403715349.962549686431885,0.01728,0.00042,0.00031,0.00679,0.00000,0.00621,0.03102
1403715350.012554645538330,0.01711,0.00041,0.01307,0.00633,0.00170,0.00625,0.04487
1403715350.062557458877563,0.01918,0.00039,0.00032,0.00653,0.00067,0.00619,0.03329
1403715350.112554788589478,0.01722,0.00039,0.00094,0.00709,0.00115,0.00628,0.03306
1403715350.162554502487183,0.01694,0.00039,0.00590,0.00658,0.00249,0.00612,0.03842
1403715350.212554931640625,0.01706,0.00038,0.00030,0.00701,0.00001,0.00613,0.03088
1403715350.262553691864014,0.01675,0.00038,0.01388,0.00687,0.01108,0.00790,0.05686
1403715350.312552213668823,0.01653,0.00042,0.00004,0.00787,0.00001,0.00624,0.03109
1403715350.362550020217896,0.01636,0.00043,0.00364,0.00735,0.00199,0.00669,0.03647
1403715350.412549018859863,0.01576,0.00043,0.00127,0.00714,0.00048,0.00564,0.03071
1403715350.462549924850464,0.01591,0.00045,0.00240,0.00838,0.00003,0.00636,0.03353
1403715350.512550830841064,0.01549,0.00042,0.00007,0.00739,0.00001,0.00621,0.02958
1403715350.562552690505981,0.01998,0.00032,0.00008,0.00658,0.00000,0.00618,0.03315
1403715350.612552404403687,0.01927,0.00039,0.00899,0.00622,0.00791,0.00631,0.04909
1403715350.662551641464233,0.01692,0.00039,0.00022,0.00776,0.00147,0.00612,0.03289
1403715350.712550640106201,0.01685,0.00042,0.00085,0.00834,0.00000,0.00626,0.03274
1403715350.762548923492432,0.01725,0.00043,0.00664,0.00816,0.00000,0.00606,0.03854
1403715350.812547683715820,0.01635,0.00041,0.00004,0.00837,0.00000,0.00637,0.03155
1403715350.862546443939209,0.01722,0.00040,0.01141,0.00902,0.00000,0.00685,0.04491
1403715350.912545919418335,0.01699,0.00043,0.00055,0.00835,0.00000,0.00625,0.03257
1403715350.962545633316040,0.01701,0.00041,0.00362,0.00813,0.00000,0.00644,0.03561
1403715351.012545108795166,0.01766,0.00044,0.00093,0.00843,0.00000,0.00634,0.03380
1403715351.062545061111450,0.01694,0.00041,0.00011,0.00831,0.00001,0.00610,0.03188
1403715351.112546205520630,0.01757,0.00040,0.00714,0.00814,0.00000,0.00619,0.03944
1403715351.162546873092651,0.01907,0.00040,0.00004,0.00837,0.00001,0.00624,0.03412
1403715351.212546348571777,0.01661,0.00042,0.00924,0.00796,0.00000,0.00635,0.04059
1403715351.262546777725220,0.01665,0.00043,0.00009,0.00787,0.00000,0.00594,0.03097
1403715351.312546968460083,0.01716,0.00041,0.00019,0.00780,0.00049,0.00565,0.03170
1403715351.362546920776367,0.01654,0.00043,0.00668,0.00788,0.00051,0.00642,0.03845
1403715351.412547111511230,0.01650,0.00043,0.00055,0.00817,0.00000,0.00626,0.03191
1403715351.462547302246094,0.01685,0.00044,0.01171,0.00804,0.00000,0.00616,0.04320
1403715351.512547254562378,0.01661,0.00044,0.00084,0.00747,0.00050,0.00613,0.03199
1403715351.562547683715820,0.01587,0.00045,0.00248,0.00759,0.00000,0.00593,0.03233
1403715351.612548351287842,0.02049,0.00040,0.00276,0.00732,0.00048,0.00609,0.03753
1403715351.662545680999756,0.01707,0.00040,0.00088,0.00644,0.00000,0.00606,0.03085
1403715351.712542295455933,0.01749,0.00041,0.00465,0.00557,0.00294,0.00634,0.03740
1403715351.762540102005005,0.01708,0.00041,0.00076,0.00532,0.00043,0.00618,0.03018
1403715351.812537670135498,0.01612,0.00041,0.00644,0.00451,0.00696,0.00619,0.04064
1403715351.862535953521729,0.02348,0.00033,0.00103,0.00551,0.00002,0.00596,0.03632
1403715351.912534952163696,0.01640,0.00036,0.00123,0.00498,0.00002,0.00621,0.02920
1403715351.962535142898560,0.01625,0.00035,0.00028,0.00479,0.00349,0.00595,0.03112
1403715352.012534856796265,0.01584,0.00034,0.00067,0.00517,0.00002,0.00620,0.02823
1403715352.062534332275391,0.01592,0.00037,0.00090,0.00472,0.01525,0.00601,0.04315
1403715352.112535715103149,0.01577,0.00041,0.00003,0.00726,0.00000,0.00593,0.02941
1403715352.162535429000854,0.01583,0.00039,0.01017,0.00694,0.00411,0.00583,0.04329
1403715352.212535858154297,0.01594,0.00042,0.00018,0.00755,0.00001,0.00595,0.03004
1403715352.262537479400635,0.01877,0.00039,0.00004,0.00802,0.00001,0.00623,0.03345
1403715352.312537193298340,0.01636,0.00041,0.00006,0.00748,0.00227,0.00556,0.03214
1403715352.362534761428833,0.01670,0.00042,0.00047,0.00731,0.00000,0.00617,0.03108
1403715352.412536859512329,0.01806,0.00044,0.01729,0.00672,0.00423,0.00598,0.05272
1403715352.462537050247192,0.01643,0.00041,0.00003,0.00718,0.00000,0.00611,0.03016
1403715352.512536287307739,0.01944,0.00039,0.00135,0.00678,0.00114,0.00634,0.03544
1403715352.562535285949707,0.01741,0.00045,0.00031,0.00835,0.00003,0.00572,0.03226
1403715352.612534046173096,0.01600,0.00040,0.00038,0.00718,0.00233,0.00613,0.03242
1403715352.662534475326538,0.01660,0.00041,0.00047,0.00706,0.00000,0.00605,0.03060
1403715352.712534427642822,0.01699,0.00038,0.00092,0.00701,0.00000,0.00615,0.03145
1403715352.762535333633423,0.01581,0.00040,0.00838,0.00689,0.00419,0.00621,0.04188
1403715352.812536239624023,0.01925,0.00043,0.00623,0.00741,0.00021,0.00781,0.04134
1403715352.862535238265991,0.01564,0.00040,0.00016,0.00750,0.00000,0.00708,0.03079
1403715352.912530899047852,0.01511,0.00037,0.00003,0.00738,0.00000,0.00604,0.02893
1403715352.962526798248291,0.01620,0.00040,0.00254,0.00703,0.00000,0.00604,0.03221
1403715353.012516260147095,0.01977,0.00037,0.00854,0.00649,0.00756,0.00769,0.05041
1403715353.062511444091797,0.01679,0.00039,0.00789,0.00720,0.00230,0.00628,0.04086
1403715353.112511157989502,0.01929,0.00041,0.00008,0.00786,0.00000,0.00610,0.03374
1403715353.162512302398682,0.01670,0.00040,0.00032,0.00740,0.00113,0.00633,0.03228
1403715353.212516784667969,0.01611,0.00040,0.00024,0.00731,0.00115,0.00616,0.03138
1403715353.262516498565674,0.01665,0.00040,0.00003,0.00748,0.00000,0.00608,0.03066
1403715353.312517166137695,0.01639,0.00040,0.00100,0.00719,0.00000,0.00617,0.03117
1403715353.362517118453979,0.01653,0.00041,0.00334,0.00711,0.00636,0.00632,0.04007
1403715353.412517547607422,0.01624,0.00040,0.00589,0.00752,0.00393,0.00574,0.03971
1403715353.462517261505127,0.01656,0.00041,0.00040,0.00830,0.00047,0.00632,0.03245
1403715353.512517690658569,0.02173,0.00042,0.00003,0.00862,0.00000,0.00624,0.03705
1403715353.562518119812012,0.01595,0.00043,0.01054,0.00843,0.00206,0.00592,0.04332
1403715353.612518310546875,0.01567,0.00045,0.00832,0.00888,0.00000,0.00614,0.03945
1403715353.662518262863159,0.01817,0.00042,0.00695,0.00881,0.00001,0.00622,0.04057
1403715353.712518215179443,0.01946,0.00042,0.00024,0.00865,0.00000,0.00625,0.03502
1403715353.762517929077148,0.01679,0.00042,0.00071,0.00865,0.00000,0.00612,0.03270
1403715353.812518119812012,0.01714,0.00042,0.00004,0.00860,0.00000,0.00599,0.03219
1403715353.862518310546875,0.01585,0.00043,0.00024,0.00826,0.00000,0.00619,0.03098
1403715353.912518262863159,0.01565,0.00041,0.00024,0.00805,0.00000,0.00635,0.03072
1403715353.962518453598022,0.01748,0.00040,0.00057,0.00799,0.00236,0.00589,0.03469
1403715354.012518644332886,0.01688,0.00040,0.00481,0.00803,0.00206,0.00583,0.03800
1403715354.062518119812012,0.01686,0.00041,0.00033,0.00866,0.00001,0.00634,0.03261
1403715354.112517118453979,0.01615,0.00042,0.00115,0.00773,0.00000,0.00623,0.03168
1403715354.162516593933105,0.01628,0.00040,0.00922,0.00756,0.00389,0.00581,0.04315
1403715354.212517499923706,0.01880,0.00039,0.00610,0.00807,0.00244,0.00556,0.04136
1403715354.262518644332886,0.01619,0.00043,0.01566,0.00872,0.00002,0.00735,0.04837
1403715354.312519311904907,0.01659,0.00044,0.00003,0.00885,0.00001,0.00578,0.03169
1403715354.362519741058350,0.01654,0.00042,0.00018,0.00835,0.00048,0.00617,0.03214
1403715354.412520170211792,0.01626,0.00043,0.00008,0.00869,0.00001,0.00597,0.03143
1403715354.462520599365234,0.01592,0.00044,0.00010,0.00862,0.00000,0.00617,0.03126
1403715354.512520551681519,0.01591,0.00043,0.00009,0.00865,0.00000,0.00598,0.03107
1403715354.562520265579224,0.01569,0.00044,0.00026,0.00837,0.00038,0.00613,0.03127
1403715354.612519264221191,0.01524,0.00043,0.00395,0.00826,0.00015,0.00583,0.03386
1403715354.662518739700317,0.01637,0.00042,0.00006,0.00888,0.00000,0.00645,0.03218
1403715354.712516069412231,0.01613,0.00040,0.00004,0.00899,0.00001,0.00649,0.03205
1403715354.762514829635620,0.01512,0.00039,0.00904,0.00826,0.00564,0.00599,0.04443
1403715354.812515974044800,0.01466,0.00044,0.00599,0.00908,0.00000,0.00610,0.03628
1403715354.862511396408081,0.01554,0.00041,0.01355,0.00904,0.00001,0.00602,0.04456
1403715354.912510395050049,0.01648,0.00043,0.00003,0.00913,0.00000,0.00600,0.03208
1403715354.962506771087646,0.01638,0.00044,0.00003,0.00916,0.00000,0.00598,0.03199
1403715355.012506723403931,0.01623,0.00044,0.00009,0.00909,0.00000,0.00591,0.03176
1403715355.062509536743164,0.01611,0.00042,0.00080,0.00913,0.00001,0.00620,0.03267
1403715355.112510442733765,0.01609,0.00047,0.00009,0.00909,0.00000,0.00606,0.03180
1403715355.162510395050049,0.02018,0.00039,0.00039,0.00913,0.00000,0.00617,0.03627
1403715355.212509155273438,0.01643,0.00044,0.00501,0.00863,0.00000,0.00609,0.03660
1403715355.262509822845459,0.01619,0.00043,0.00154,0.00808,0.00000,0.00605,0.03228
1403715355.312510728836060,0.01791,0.00054,0.00162,0.00733,0.00000,0.00615,0.03355
1403715355.362510919570923,0.01850,0.00038,0.00064,0.00647,0.00865,0.00581,0.04046
1403715355.412509918212891,0.01692,0.00039,0.00239,0.00760,0.00402,0.00602,0.03735
1403715355.462509155273438,0.01665,0.00044,0.01136,0.00797,0.00051,0.00615,0.04308
1403715355.512509822845459,0.01585,0.00043,0.00025,0.00769,0.00000,0.00587,0.03010
1403715355.562509059906006,0.02031,0.00038,0.00038,0.00736,0.00000,0.00618,0.03461
1403715355.612508535385132,0.01686,0.00039,0.00061,0.00663,0.00042,0.00619,0.03111
1403715355.662506818771362,0.01654,0.00038,0.00048,0.00569,0.00000,0.00610,0.02919
1403715355.712503910064697,0.01581,0.00039,0.00369,0.00520,0.00943,0.00603,0.04056
1403715355.762501478195190,0.01607,0.00037,0.00023,0.00675,0.00080,0.00621,0.03043
1403715355.812499046325684,0.01925,0.00037,0.00151,0.00612,0.00384,0.00591,0.03701
1403715355.862497091293335,0.01851,0.00037,0.00018,0.00646,0.00000,0.00621,0.03172
1403715355.912495613098145,0.01658,0.00038,0.00022,0.00645,0.00613,0.00611,0.03588
1403715355.962495088577271,0.01652,0.00041,0.00109,0.00719,0.00044,0.00608,0.03173
1403715356.012495040893555,0.01853,0.00039,0.00065,0.00755,0.00006,0.00588,0.03306
1403715356.062493324279785,0.01630,0.00042,0.00492,0.00743,0.00899,0.00624,0.04429
1403715356.112493515014648,0.01776,0.00039,0.00985,0.00874,0.00001,0.00838,0.04513
1403715356.162493228912354,0.01625,0.00042,0.00042,0.00868,0.00000,0.00612,0.03190
1403715356.212493658065796,0.01633,0.00040,0.00020,0.00847,0.00048,0.00635,0.03222
1403715356.262494325637817,0.01666,0.00043,0.00008,0.00917,0.00001,0.00648,0.03284
1403715356.312495231628418,0.01595,0.00042,0.00286,0.00836,0.00007,0.00623,0.03389
1403715356.362495183944702,0.01638,0.00041,0.00680,0.00831,0.00065,0.00607,0.03862
1403715356.412495851516724,0.01852,0.00040,0.00012,0.00853,0.00015,0.00617,0.03389
1403715356.462495088577271,0.01664,0.00040,0.00008,0.00836,0.00000,0.00637,0.03185
1403715356.512495279312134,0.01691,0.00042,0.00069,0.00847,0.00045,0.00606,0.03301
1403715356.562497138977051,0.01867,0.00038,0.00008,0.00843,0.00001,0.00613,0.03369
1403715356.612496852874756,0.01549,0.00044,0.00189,0.00839,0.00007,0.00605,0.03233
1403715356.662496805191040,0.01944,0.00038,0.01060,0.00808,0.00436,0.00739,0.05025
1403715356.712496757507324,0.01664,0.00042,0.00742,0.00839,0.00196,0.00573,0.04055
1403715356.762495517730713,0.02139,0.00041,0.00021,0.00930,0.00001,0.00626,0.03758
1403715356.812494993209839,0.01512,0.00047,0.00122,0.00927,0.00001,0.00709,0.03317
1403715356.862495183944702,0.02000,0.00043,0.00118,0.00838,0.00001,0.00722,0.03722
1403715356.912488222122192,0.02392,0.00044,0.00177,0.00686,0.00404,0.00793,0.04496
1403715356.962481737136841,0.02479,0.00041,0.00170,0.00569,0.00790,0.00857,0.04908
1403715357.012481689453125,0.02126,0.00042,0.00081,0.00404,0.00021,0.00805,0.03479
1403715357.062483072280884,0.01954,0.00038,0.00242,0.00267,0.00172,0.00619,0.03293
1403715357.112484216690063,0.02192,0.00035,0.00079,0.00255,0.00162,0.00607,0.03330
1403715357.162486314773560,0.01645,0.00034,0.00070,0.00251,0.00058,0.00626,0.02684
1403715357.212486982345581,0.01657,0.00035,0.00070,0.00246,0.00217,0.00593,0.02817
1403715357.262487411499023,0.01582,0.00033,0.00049,0.00301,0.00432,0.00597,0.02994
1403715357.312493085861206,0.01612,0.00035,0.00056,0.00410,0.00700,0.00612,0.03426
1403715357.362494707107544,0.01902,0.00032,0.00070,0.00494,0.00002,0.00615,0.03116
1403715357.412497282028198,0.01658,0.00036,0.00008,0.00460,0.00166,0.00594,0.02922
1403715357.462499380111694,0.01625,0.00036,0.00044,0.00491,0.00254,0.00613,0.03062
1403715357.512502670288086,0.01782,0.00032,0.00017,0.00569,0.00269,0.00575,0.03244
1403715357.562504529953003,0.01579,0.00036,0.00147,0.00546,0.01231,0.00598,0.04137
1403715357.612504959106445,0.01813,0.00034,0.00091,0.00720,0.00090,0.00600,0.03348
1403715357.662506103515625,0.01778,0.00039,0.00340,0.00689,0.01072,0.00723,0.04643
1403715357.712507963180542,0.01939,0.00042,0.00021,0.00828,0.00051,0.00571,0.03452
1403715357.762508630752563,0.01646,0.00040,0.00119,0.00852,0.00007,0.00604,0.03267
1403715357.812509059906006,0.01858,0.00040,0.00126,0.00832,0.00034,0.00630,0.03520
1403715357.862509727478027,0.01647,0.00039,0.00157,0.00878,0.00000,0.00598,0.03321
1403715357.912511825561523,0.01624,0.00055,0.00191,0.00830,0.00274,0.00661,0.03635
1403715357.962512493133545,0.01791,0.00041,0.00026,0.00851,0.00007,0.00600,0.03317
1403715358.012513399124146,0.01602,0.00043,0.00078,0.00854,0.00000,0.00589,0.03165
1403715358.062514781951904,0.01641,0.00044,0.00012,0.00849,0.00071,0.00602,0.03219
1403715358.112518310546875,0.01584,0.00045,0.00129,0.00827,0.00039,0.00606,0.03230
1403715358.162520885467529,0.01596,0.00042,0.00076,0.00827,0.00277,0.00677,0.03494
1403715358.212522268295288,0.01753,0.00040,0.00116,0.00863,0.00093,0.00620,0.03485
1403715358.262523412704468,0.01788,0.00040,0.00575,0.00828,0.00239,0.00616,0.04087
1403715358.312524080276489,0.01647,0.00043,0.00006,0.00882,0.00001,0.00610,0.03187
1403715358.362524986267090,0.01830,0.00038,0.00025,0.00831,0.00007,0.00596,0.03328
1403715358.412528991699219,0.01573,0.00036,0.00039,0.00769,0.00000,0.00605,0.03022
1403715358.462532758712769,0.01653,0.00041,0.00057,0.00743,0.00010,0.00575,0.03079
1403715358.512535810470581,0.01614,0.00041,0.00797,0.00648,0.00425,0.00623,0.04148
1403715358.562537431716919,0.01838,0.00038,0.00062,0.00697,0.00137,0.00560,0.03332
1403715358.612537860870361,0.01699,0.00040,0.00070,0.00663,0.00000,0.00603,0.03075
1403715358.662532091140747,0.01693,0.00039,0.00162,0.00570,0.00167,0.00615,0.03246
1403715358.712529420852661,0.01857,0.00038,0.00064,0.00321,0.00063,0.00587,0.02931
1403715358.762527465820312,0.02298,0.00034,0.00252,0.00242,0.00090,0.00594,0.03508
1403715358.812520980834961,0.02032,0.00031,0.00364,0.00230,0.00271,0.00619,0.03547
1403715358.862519979476929,0.01641,0.00033,0.00089,0.00325,0.00084,0.00645,0.02817
1403715358.912517786026001,0.02247,0.00032,0.00223,0.00326,0.00621,0.00606,0.04055
1403715358.962513685226440,0.01658,0.00034,0.00062,0.00415,0.00130,0.00662,0.02960
1403715359.012507677078247,0.01690,0.00036,0.00064,0.00442,0.00036,0.00612,0.02880
1403715359.062504291534424,0.01900,0.00031,0.00050,0.00474,0.00055,0.00608,0.03119
1403715359.112501382827759,0.01691,0.00036,0.00078,0.00505,0.01350,0.00638,0.04299
1403715359.162502765655518,0.01721,0.00041,0.00082,0.00730,0.00001,0.00677,0.03252
1403715359.212502717971802,0.01485,0.00037,0.00178,0.00630,0.00000,0.00573,0.02905
1403715359.262502670288086,0.01464,0.00035,0.00015,0.00640,0.00566,0.00618,0.03338
1403715359.312500953674316,0.01488,0.00040,0.00604,0.00669,0.00185,0.00561,0.03547
1403715359.362499713897705,0.01641,0.00039,0.00551,0.00739,0.00418,0.00625,0.04012
1403715359.412500858306885,0.01487,0.00043,0.00147,0.00811,0.00049,0.00586,0.03121
1403715359.462501287460327,0.01542,0.00037,0.00695,0.00793,0.00037,0.00640,0.03743
1403715359.512501478195190,0.01450,0.00037,0.00013,0.00794,0.00001,0.00569,0.02864
1403715359.562501907348633,0.01472,0.00037,0.00124,0.00785,0.00047,0.00596,0.03060
1403715359.612501382827759,0.01476,0.00038,0.00825,0.00795,0.00225,0.00581,0.03939
1403715359.662500381469727,0.01467,0.00040,0.00092,0.00853,0.00119,0.00630,0.03201
1403715359.712499856948853,0.01621,0.00037,0.00143,0.00851,0.00000,0.00616,0.03267
1403715359.762499570846558,0.01398,0.00041,0.00023,0.00845,0.00000,0.00597,0.02904
1403715359.812499284744263,0.01416,0.00038,0.00017,0.00742,0.00001,0.00568,0.02780
1403715359.862499475479126,0.01490,0.00041,0.00026,0.00710,0.00007,0.00580,0.02854
1403715359.912501335144043,0.01423,0.00038,0.00741,0.00680,0.00171,0.00537,0.03590
1403715359.962502002716064,0.01655,0.00040,0.00224,0.00727,0.00552,0.00583,0.03781
1403715360.012501716613770,0.01621,0.00042,0.00006,0.00786,0.00119,0.00539,0.03113
1403715360.062500953674316,0.01460,0.00040,0.00821,0.00767,0.00000,0.00601,0.03689
1403715360.112500429153442,0.01398,0.00043,0.00019,0.00751,0.00048,0.00580,0.02840
1403715360.162499666213989,0.01470,0.00039,0.00048,0.00771,0.00004,0.00548,0.02880
1403715360.212498188018799,0.01358,0.00044,0.00659,0.00727,0.00116,0.00574,0.03478
1403715360.262497663497925,0.01413,0.00040,0.00668,0.00757,0.00020,0.00574,0.03472
1403715360.312497138977051,0.01360,0.00044,0.00095,0.00716,0.00036,0.00588,0.02839
1403715360.362496376037598,0.01733,0.00038,0.00008,0.00721,0.00000,0.00558,0.03059
1403715360.412494897842407,0.01483,0.00039,0.00070,0.00755,0.00049,0.00594,0.02991
1403715360.462494134902954,0.01528,0.00039,0.00054,0.00733,0.00036,0.00579,0.02968
1403715360.512490987777710,0.01467,0.00038,0.00879,0.00682,0.00149,0.00569,0.03783
1403715360.562490463256836,0.01756,0.00041,0.00095,0.00715,0.00296,0.00592,0.03495
1403715360.612490177154541,0.01438,0.00040,0.00004,0.00744,0.00000,0.00591,0.02816
1403715360.662489175796509,0.01454,0.00040,0.00741,0.00716,0.00118,0.00554,0.03623
1403715360.712488174438477,0.01389,0.00045,0.00251,0.00653,0.00002,0.00568,0.02907
1403715360.762488126754761,0.01638,0.00038,0.00027,0.00645,0.00032,0.00570,0.02951
1403715360.812489509582520,0.01449,0.00038,0.00200,0.00601,0.00991,0.00572,0.03851
1403715360.862487077713013,0.01682,0.00039,0.00510,0.00748,0.00565,0.00568,0.04112
1403715360.912484169006348,0.01417,0.00041,0.00694,0.00747,0.00076,0.00568,0.03543
1403715360.962482452392578,0.01550,0.00039,0.00032,0.00737,0.00000,0.00573,0.02932
1403715361.012481689453125,0.01463,0.00033,0.00022,0.00652,0.00002,0.00571,0.02744
1403715361.062481641769409,0.01438,0.00049,0.00021,0.00683,0.00002,0.00592,0.02785
1403715361.112480878829956,0.01586,0.00035,0.00219,0.00660,0.00603,0.00550,0.03653
1403715361.162480831146240,0.01399,0.00041,0.00016,0.00735,0.00000,0.00571,0.02762
1403715361.212480306625366,0.01480,0.00039,0.00025,0.00717,0.00001,0.00607,0.02870
1403715361.262480020523071,0.02145,0.00037,0.00033,0.00659,0.01143,0.00600,0.04616
1403715361.312479257583618,0.01496,0.00034,0.00163,0.00664,0.00294,0.00572,0.03223
1403715361.362479448318481,0.01500,0.00043,0.00096,0.00615,0.00049,0.00592,0.02895
1403715361.412480354309082,0.01788,0.00034,0.00261,0.00491,0.00418,0.00566,0.03558
1403715361.462480306625366,0.01612,0.00035,0.00072,0.00494,0.00516,0.00572,0.03301
1403715361.512480497360229,0.01559,0.00035,0.00046,0.00534,0.00417,0.00559,0.03151
1403715361.562480449676514,0.01446,0.00036,0.00057,0.00583,0.00007,0.00571,0.02699
1403715361.612480163574219,0.01594,0.00033,0.00014,0.00550,0.00006,0.00560,0.02756
1403715361.662481069564819,0.01276,0.00036,0.00008,0.00535,0.00007,0.00559,0.02421
1403715361.712481260299683,0.01346,0.00033,0.00018,0.00498,0.00068,0.00555,0.02518
1403715361.762481451034546,0.01703,0.00034,0.00016,0.00535,0.00039,0.00567,0.02893
1403715361.812481880187988,0.01415,0.00034,0.00235,0.00528,0.02062,0.00597,0.04871
1403715361.862481832504272,0.01875,0.00038,0.00092,0.00893,0.00000,0.00558,0.03458
1403715361.912482023239136,0.01512,0.00039,0.00105,0.00894,0.00000,0.00616,0.03166
1403715361.962481975555420,0.01567,0.00040,0.00724,0.00862,0.00025,0.00577,0.03794
1403715362.012480974197388,0.01549,0.00040,0.00680,0.00834,0.00204,0.00589,0.03896
1403715362.062482118606567,0.01674,0.00039,0.00024,0.00843,0.00000,0.00589,0.03169
1403715362.112482547760010,0.01594,0.00039,0.00210,0.00811,0.00009,0.00583,0.03247
1403715362.162482976913452,0.01501,0.00041,0.00535,0.00760,0.00144,0.00537,0.03518
1403715362.212482213973999,0.01909,0.00039,0.00155,0.00785,0.00115,0.00579,0.03581
1403715362.262482404708862,0.01542,0.00038,0.00136,0.00838,0.00001,0.00563,0.03118
1403715362.312482357025146,0.01443,0.00036,0.00571,0.00761,0.00343,0.00569,0.03723
1403715362.362482309341431,0.01414,0.00040,0.00065,0.00729,0.00000,0.00567,0.02815
1403715362.412481784820557,0.01408,0.00036,0.00768,0.00710,0.00895,0.00686,0.04503
1403715362.462481498718262,0.01818,0.00039,0.00106,0.00812,0.00000,0.00555,0.03330
1403715362.512480735778809,0.01443,0.00039,0.00106,0.00754,0.00000,0.00579,0.02922
1403715362.562480211257935,0.01389,0.00038,0.00473,0.00689,0.00544,0.00559,0.03692
1403715362.612479209899902,0.01489,0.00040,0.00494,0.00801,0.00052,0.00571,0.03446
1403715362.662478446960449,0.01382,0.00042,0.00108,0.00783,0.00046,0.00526,0.02886
1403715362.712478399276733,0.01408,0.00041,0.00051,0.00787,0.00118,0.00560,0.02965
1403715362.762478351593018,0.01784,0.00039,0.00417,0.00722,0.00287,0.00671,0.03921
1403715362.812480449676514,0.01789,0.00038,0.00027,0.00742,0.00039,0.00586,0.03222
1403715362.862482547760010,0.01510,0.00040,0.00021,0.00753,0.00000,0.00595,0.02919
1403715362.912484169006348,0.01678,0.00036,0.00210,0.00681,0.00227,0.00552,0.03384
1403715362.962484598159790,0.01444,0.00037,0.00033,0.00712,0.00000,0.00579,0.02805
1403715363.012480735778809,0.01476,0.00036,0.01408,0.00684,0.01009,0.00584,0.05197
1403715363.062481641769409,0.01470,0.00038,0.00020,0.00854,0.00000,0.00561,0.02943
1403715363.112484455108643,0.01457,0.00041,0.00053,0.00785,0.00000,0.00610,0.02948
1403715363.162488222122192,0.01426,0.00042,0.00466,0.00734,0.00235,0.00561,0.03465
1403715363.212489843368530,0.01389,0.00043,0.00465,0.00784,0.00088,0.00572,0.03342
1403715363.262491941452026,0.01407,0.00044,0.00088,0.00838,0.00046,0.00574,0.02996
1403715363.312491655349731,0.01419,0.00065,0.00124,0.00951,0.00262,0.00609,0.03431
1403715363.362488031387329,0.01815,0.00043,0.01189,0.00887,0.00001,0.00696,0.04629
1403715363.412488698959351,0.01306,0.00042,0.00036,0.00774,0.00000,0.00563,0.02722
1403715363.462487459182739,0.01946,0.00040,0.00051,0.00618,0.00001,0.00583,0.03239
1403715363.512486696243286,0.01486,0.00033,0.00028,0.00525,0.00070,0.00583,0.02726
1403715363.562488317489624,0.01462,0.00037,0.00068,0.00443,0.00055,0.00582,0.02647
1403715363.612485170364380,0.01462,0.00036,0.00469,0.00425,0.01939,0.00564,0.04895
1403715363.662484407424927,0.01423,0.00041,0.00018,0.00788,0.00047,0.00534,0.02852
1403715363.712482690811157,0.01427,0.00040,0.00033,0.00751,0.00010,0.00559,0.02819
1403715363.762480258941650,0.01394,0.00044,0.00073,0.00687,0.00194,0.00575,0.02966
1403715363.812479019165039,0.01401,0.00042,0.00021,0.00579,0.00375,0.00573,0.02990
1403715363.862479448318481,0.01409,0.00043,0.00153,0.00485,0.00002,0.00544,0.02636
1403715363.912476539611816,0.01800,0.00033,0.00145,0.00445,0.00096,0.00566,0.03086
1403715363.962477684020996,0.01616,0.00033,0.00264,0.00250,0.01522,0.00668,0.04354
1403715364.012479066848755,0.01596,0.00038,0.00511,0.00343,0.01483,0.00720,0.04692
1403715364.062479019165039,0.01738,0.00036,0.00054,0.00479,0.00088,0.00570,0.02966
1403715364.112480401992798,0.01509,0.00036,0.00063,0.00544,0.00002,0.00569,0.02724
1403715364.162480354309082,0.01349,0.00036,0.00042,0.00510,0.00103,0.00567,0.02607
1403715364.212481737136841,0.01663,0.00032,0.00010,0.00559,0.00548,0.00580,0.03391
1403715364.262482166290283,0.01532,0.00038,0.00028,0.00619,0.00041,0.00574,0.02831
1403715364.312478780746460,0.01433,0.00038,0.00003,0.00635,0.00000,0.00559,0.02668
1403715364.362479686737061,0.01428,0.00039,0.00041,0.00623,0.00225,0.00574,0.02931
1403715364.412475824356079,0.01408,0.00042,0.00139,0.00623,0.00041,0.00611,0.02865
1403715364.462476253509521,0.01412,0.00039,0.01065,0.00632,0.01040,0.00583,0.04772
1403715364.512482643127441,0.01787,0.00039,0.00134,0.00732,0.00086,0.00541,0.03319
1403715364.562491178512573,0.01567,0.00043,0.00526,0.00788,0.00148,0.00547,0.03619
1403715364.612488269805908,0.01540,0.00042,0.00858,0.00851,0.00005,0.00564,0.03858
1403715364.662488698959351,0.01497,0.00042,0.00003,0.00852,0.00118,0.00600,0.03113
1403715364.712486028671265,0.01668,0.00041,0.00112,0.00802,0.00000,0.00583,0.03207
1403715364.762486219406128,0.01453,0.00038,0.00522,0.00788,0.00262,0.00520,0.03583
1403715364.812486410140991,0.01449,0.00042,0.00114,0.00842,0.00000,0.00540,0.02987
1403715364.862486124038696,0.01473,0.00042,0.00086,0.00726,0.00000,0.00562,0.02890
1403715364.912486314773560,0.01437,0.00040,0.00018,0.00586,0.00000,0.00568,0.02650
1403715364.962486982345581,0.01457,0.00040,0.00056,0.00520,0.00000,0.00553,0.02627
1403715365.012486934661865,0.01373,0.00037,0.00063,0.00517,0.00084,0.00563,0.02638
1403715365.062489032745361,0.01377,0.00040,0.01652,0.00562,0.01188,0.00654,0.05474
1403715365.112487792968750,0.01845,0.00037,0.00074,0.00653,0.00200,0.00593,0.03403
1403715365.162486076354980,0.01529,0.00040,0.00473,0.00658,0.00118,0.00631,0.03449
1403715365.212485790252686,0.01359,0.00039,0.00324,0.00632,0.00449,0.00574,0.03377
1403715365.262486219406128,0.01611,0.00041,0.00003,0.00755,0.00000,0.00601,0.03013
1403715365.312487363815308,0.01412,0.00040,0.00097,0.00665,0.00045,0.00533,0.02793
1403715365.362488746643066,0.01769,0.00039,0.00101,0.00672,0.00131,0.00661,0.03372
1403715365.412489175796509,0.01557,0.00041,0.00073,0.00748,0.00097,0.00606,0.03121
1403715365.462489366531372,0.01507,0.00036,0.00023,0.00747,0.00001,0.00609,0.02923
1403715365.512488365173340,0.01464,0.00040,0.00059,0.00693,0.00000,0.00559,0.02815
1403715365.562488317489624,0.01449,0.00043,0.00023,0.00643,0.00000,0.00619,0.02778
1403715365.612487316131592,0.01454,0.00039,0.00092,0.00586,0.00000,0.00553,0.02725
1403715365.662486791610718,0.01439,0.00041,0.01267,0.00533,0.01083,0.00627,0.04990
1403715365.712486028671265,0.01419,0.00042,0.00030,0.00677,0.00005,0.00556,0.02730
1403715365.762485265731812,0.01826,0.00038,0.00060,0.00610,0.00324,0.00604,0.03462
1403715365.812484741210938,0.01601,0.00042,0.00048,0.00599,0.00294,0.00559,0.03142
1403715365.862484931945801,0.01500,0.00040,0.00040,0.00601,0.00009,0.00553,0.02743
1403715365.912485599517822,0.01527,0.00036,0.00607,0.00509,0.00858,0.00571,0.04109
1403715365.962486505508423,0.01538,0.00041,0.00032,0.00612,0.00211,0.00575,0.03008
1403715366.012487173080444,0.01410,0.00039,0.00022,0.00641,0.00043,0.00544,0.02699
1403715366.062489032745361,0.01421,0.00037,0.00015,0.00642,0.00000,0.00569,0.02685
1403715366.112490177154541,0.01435,0.00039,0.00003,0.00663,0.00000,0.00566,0.02706
1403715366.162490844726562,0.01403,0.00039,0.00004,0.00661,0.00000,0.00588,0.02696
1403715366.212491273880005,0.01429,0.00040,0.00004,0.00688,0.00001,0.00634,0.02796
1403715366.262491226196289,0.01409,0.00037,0.01037,0.00598,0.00859,0.00784,0.04724
1403715366.312490224838257,0.01752,0.00041,0.01547,0.00710,0.00064,0.00587,0.04701
1403715366.362490177154541,0.01775,0.00040,0.00140,0.00677,0.00156,0.00517,0.03305
1403715366.412490606307983,0.01430,0.00040,0.00004,0.00719,0.00000,0.00563,0.02757
1403715366.462492227554321,0.01489,0.00039,0.00026,0.00684,0.00081,0.00587,0.02906
1403715366.512493133544922,0.01419,0.00040,0.00675,0.00694,0.00583,0.00559,0.03969
1403715366.562492847442627,0.01362,0.00061,0.00003,0.00858,0.00000,0.00575,0.02860
1403715366.612493276596069,0.01433,0.00041,0.00064,0.00832,0.00001,0.00561,0.02932
1403715366.662491559982300,0.01396,0.00043,0.00080,0.00786,0.00000,0.00567,0.02873
1403715366.712491035461426,0.01372,0.00040,0.00003,0.00782,0.00000,0.00564,0.02762
1403715366.762490987777710,0.01432,0.00042,0.00019,0.00814,0.00051,0.00557,0.02916
1403715366.812491178512573,0.01472,0.00041,0.00073,0.00780,0.00000,0.00558,0.02924
1403715366.862490177154541,0.01413,0.00040,0.00923,0.00769,0.00394,0.00535,0.04074
1403715366.912488222122192,0.01701,0.00043,0.01591,0.00835,0.00000,0.00685,0.04855
1403715366.962487936019897,0.01382,0.00044,0.00090,0.00846,0.00000,0.00568,0.02930
1403715367.012487888336182,0.01399,0.00043,0.00003,0.00809,0.00000,0.00577,0.02832
1403715367.062488555908203,0.01377,0.00058,0.00041,0.00808,0.00000,0.00556,0.02841
1403715367.112488508224487,0.01406,0.00041,0.00690,0.00759,0.00047,0.00582,0.03525
1403715367.162488460540771,0.01453,0.00043,0.00025,0.00771,0.00000,0.00547,0.02840
1403715367.212487936019897,0.01389,0.00040,0.00003,0.00765,0.00000,0.00561,0.02758
1403715367.262487888336182,0.01912,0.00038,0.00026,0.00736,0.00000,0.00568,0.03281
1403715367.312488079071045,0.01532,0.00038,0.00026,0.00740,0.00001,0.00605,0.02943
1403715367.362488031387329,0.01455,0.00038,0.00132,0.00669,0.00000,0.00567,0.02863
1403715367.412487745285034,0.01648,0.00045,0.00085,0.00677,0.00042,0.00720,0.03217
1403715367.462487459182739,0.01520,0.00039,0.00674,0.00764,0.01029,0.00593,0.04619
1403715367.512487411499023,0.01488,0.00045,0.01455,0.00996,0.00221,0.00595,0.04800
1403715367.562487602233887,0.01712,0.00045,0.00077,0.00879,0.00128,0.00648,0.03490
1403715367.612487316131592,0.01447,0.00041,0.00018,0.00838,0.00001,0.00573,0.02916
1403715367.662487030029297,0.01458,0.00041,0.00048,0.00803,0.00049,0.00569,0.02968
1403715367.712486982345581,0.01508,0.00039,0.00591,0.00828,0.00394,0.00527,0.03887
1403715367.762486934661865,0.01450,0.00042,0.00101,0.00910,0.00001,0.00593,0.03096
1403715367.812487125396729,0.01437,0.00041,0.01651,0.00846,0.00001,0.00747,0.04723
1403715367.862487077713013,0.01457,0.00044,0.00026,0.00948,0.00001,0.00607,0.03083
1403715367.912486076354980,0.01432,0.00041,0.00020,0.00831,0.00047,0.00568,0.02939
1403715367.962486267089844,0.01446,0.00043,0.00044,0.00810,0.00000,0.00558,0.02902
1403715368.012485504150391,0.01504,0.00043,0.00031,0.00804,0.00000,0.00577,0.02960
1403715368.062486171722412,0.01410,0.00042,0.00299,0.00777,0.00387,0.00530,0.03445
1403715368.112486839294434,0.01372,0.00040,0.01209,0.00751,0.00300,0.00571,0.04243
1403715368.162486791610718,0.01434,0.00040,0.00016,0.00825,0.00002,0.00569,0.02887
1403715368.212486743927002,0.01290,0.00041,0.00023,0.00786,0.00047,0.00569,0.02756
1403715368.262486696243286,0.01528,0.00040,0.00010,0.00845,0.00001,0.00567,0.02991
1403715368.312487602233887,0.01410,0.00040,0.00273,0.00810,0.00338,0.00587,0.03460
1403715368.362487554550171,0.01523,0.00042,0.00008,0.00860,0.00000,0.00575,0.03007
1403715368.412487030029297,0.01382,0.00041,0.01075,0.00804,0.00398,0.00645,0.04345
1403715368.462487220764160,0.01741,0.00038,0.00040,0.00900,0.00001,0.00566,0.03286
1403715368.512486696243286,0.01465,0.00043,0.00077,0.00862,0.00052,0.00592,0.03090
1403715368.562485694885254,0.01771,0.00041,0.00003,0.00880,0.00000,0.00551,0.03247
1403715368.612485170364380,0.01463,0.00042,0.00083,0.00888,0.00004,0.00567,0.03047
1403715368.662484645843506,0.01504,0.00044,0.00086,0.00846,0.00385,0.00546,0.03411
1403715368.712484598159790,0.01450,0.00040,0.01076,0.00892,0.00001,0.00558,0.04016
1403715368.762483835220337,0.01458,0.00042,0.00100,0.00841,0.00000,0.00558,0.02999
1403715368.812483787536621,0.01404,0.00039,0.00157,0.00800,0.00226,0.00520,0.03145
1403715368.862483263015747,0.01391,0.00043,0.00193,0.00796,0.00052,0.00585,0.03059
1403715368.912481784820557,0.01519,0.00038,0.00018,0.00777,0.00362,0.00576,0.03291
1403715368.962479829788208,0.01910,0.00040,0.00040,0.00799,0.00001,0.00799,0.03588
1403715369.012476205825806,0.01364,0.00040,0.01789,0.00895,0.00727,0.00581,0.05397
1403715369.062474727630615,0.01385,0.00040,0.00026,0.00906,0.00001,0.00712,0.03069
1403715369.112474918365479,0.01444,0.00032,0.00058,0.00956,0.00000,0.00600,0.03092
1403715369.162474632263184,0.01461,0.00038,0.00055,0.00823,0.00000,0.00571,0.02949
1403715369.212474346160889,0.01411,0.00041,0.00026,0.00782,0.00048,0.00591,0.02899
1403715369.262474536895752,0.01721,0.00040,0.00035,0.00806,0.00113,0.00538,0.03253
1403715369.312474966049194,0.01454,0.00038,0.00932,0.00791,0.00396,0.00519,0.04130
1403715369.362473964691162,0.01372,0.00042,0.00159,0.00901,0.00000,0.00580,0.03056
1403715369.412473917007446,0.01668,0.00039,0.00222,0.00834,0.00118,0.00545,0.03426
1403715369.462473630905151,0.01412,0.00041,0.00385,0.00820,0.00203,0.00588,0.03448
1403715369.512474298477173,0.01441,0.00043,0.00231,0.00820,0.00005,0.00563,0.03103
1403715369.562474966049194,0.01420,0.00043,0.00022,0.00800,0.00005,0.00571,0.02860
1403715369.612476348876953,0.01462,0.00043,0.01072,0.00777,0.00552,0.00593,0.04499
1403715369.662476539611816,0.01370,0.00040,0.00110,0.01041,0.00001,0.00577,0.03139
1403715369.712477445602417,0.01366,0.00038,0.00091,0.00832,0.00047,0.00569,0.02942
1403715369.762479066848755,0.01601,0.00037,0.00008,0.00798,0.00000,0.00581,0.03026
1403715369.812479496002197,0.01397,0.00040,0.00017,0.00774,0.00198,0.00571,0.02997
1403715369.862482070922852,0.01449,0.00041,0.00043,0.00748,0.00082,0.00579,0.02944
1403715369.912484407424927,0.01355,0.00039,0.00635,0.00783,0.00737,0.00699,0.04249
1403715369.962487697601318,0.01861,0.00039,0.00834,0.00980,0.00000,0.00569,0.04283
1403715370.012487888336182,0.01435,0.00041,0.00091,0.00973,0.00001,0.00565,0.03104
1403715370.062488794326782,0.01473,0.00045,0.00350,0.00929,0.00002,0.00569,0.03369
1403715370.112488985061646,0.01396,0.00040,0.00004,0.00926,0.00041,0.00574,0.02980
1403715370.162490129470825,0.01430,0.00058,0.00070,0.00912,0.00207,0.00623,0.03300
1403715370.212493181228638,0.01464,0.00044,0.00780,0.00984,0.00051,0.00586,0.03911
1403715370.262493848800659,0.01464,0.00046,0.00009,0.00933,0.00001,0.00559,0.03010
1403715370.312497615814209,0.01418,0.00042,0.01402,0.00899,0.00048,0.00739,0.04548
1403715370.362495660781860,0.01738,0.00042,0.00024,0.00941,0.00050,0.00573,0.03368
1403715370.412496805191040,0.01410,0.00039,0.00022,0.00961,0.00001,0.00574,0.03008
1403715370.462496280670166,0.01460,0.00042,0.00003,0.00945,0.00001,0.00585,0.03036
1403715370.512494325637817,0.01465,0.00042,0.00541,0.00908,0.00197,0.00610,0.03764
1403715370.562493324279785,0.01490,0.00044,0.00715,0.00937,0.00203,0.00546,0.03934
1403715370.612492084503174,0.01423,0.00042,0.00088,0.01009,0.00001,0.00651,0.03213
1403715370.662489414215088,0.01421,0.00042,0.00443,0.00996,0.00001,0.00585,0.03488
1403715370.712487697601318,0.01377,0.00042,0.00039,0.00979,0.00001,0.00606,0.03044
1403715370.762486457824707,0.01392,0.00044,0.00003,0.01040,0.00001,0.00557,0.03037
1403715370.812483310699463,0.01440,0.00041,0.00655,0.00953,0.00050,0.00565,0.03703
1403715370.862483501434326,0.01416,0.00044,0.00129,0.01004,0.00001,0.00580,0.03172
1403715370.912482738494873,0.01727,0.00041,0.01214,0.00996,0.00001,0.00710,0.04689
1403715370.962480783462524,0.01421,0.00040,0.00003,0.01009,0.00001,0.00615,0.03089
1403715371.012479543685913,0.01418,0.00038,0.00003,0.01009,0.00000,0.00554,0.03022
1403715371.062477827072144,0.01806,0.00043,0.00003,0.01017,0.00000,0.00617,0.03487
1403715371.112477540969849,0.01440,0.00039,0.00581,0.00962,0.00001,0.00545,0.03567
1403715371.162477970123291,0.01693,0.00039,0.00544,0.00950,0.00000,0.00573,0.03799
1403715371.212479352951050,0.01400,0.00042,0.00101,0.00888,0.00047,0.00538,0.03018
1403715371.262482166290283,0.01452,0.00039,0.00098,0.00946,0.00204,0.00604,0.03342
1403715371.312485218048096,0.01447,0.00043,0.00024,0.00854,0.00038,0.00560,0.02966
1403715371.362487792968750,0.01442,0.00044,0.00016,0.00802,0.00000,0.00540,0.02844
1403715371.412491083145142,0.01463,0.00038,0.00248,0.00749,0.00734,0.00561,0.03792
1403715371.462494611740112,0.01404,0.00041,0.00020,0.00950,0.00005,0.00588,0.03008
1403715371.512500047683716,0.01420,0.00040,0.00888,0.00860,0.00453,0.00605,0.04265
1403715371.562502145767212,0.01587,0.00041,0.00042,0.00957,0.00000,0.00550,0.03178
1403715371.612501621246338,0.01513,0.00045,0.00044,0.00896,0.00004,0.00542,0.03044
1403715371.662500619888306,0.01645,0.00038,0.00130,0.00911,0.00001,0.00641,0.03366
1403715371.712499380111694,0.01557,0.00042,0.01175,0.00940,0.00654,0.00601,0.04969
1403715371.762498617172241,0.02042,0.00052,0.00528,0.01009,0.00001,0.00567,0.04199
1403715371.812498807907104,0.01420,0.00042,0.00017,0.00918,0.00010,0.00585,0.02991
1403715371.862497091293335,0.01369,0.00044,0.00040,0.00863,0.00000,0.00563,0.02880
1403715371.912494421005249,0.01572,0.00040,0.00095,0.00831,0.00036,0.00577,0.03151
1403715371.962493419647217,0.01733,0.00039,0.00043,0.00763,0.00000,0.00582,0.03161
1403715372.012492418289185,0.01495,0.00040,0.00181,0.00717,0.00000,0.00667,0.03101
1403715372.062492609024048,0.01423,0.00040,0.00105,0.00687,0.00004,0.00562,0.02820
1403715372.112492799758911,0.01367,0.00038,0.00096,0.00666,0.01147,0.00712,0.04026
1403715372.162493228912354,0.01775,0.00043,0.00115,0.00821,0.00000,0.00575,0.03330
1403715372.212493419647217,0.01635,0.00040,0.00638,0.00719,0.00544,0.00574,0.04150
1403715372.262493133544922,0.01449,0.00041,0.00140,0.00775,0.00004,0.00570,0.02980
1403715372.312494039535522,0.01458,0.00043,0.00564,0.00748,0.00550,0.00556,0.03918
1403715372.362493753433228,0.01384,0.00041,0.00009,0.00866,0.00037,0.00575,0.02913
1403715372.412492275238037,0.01551,0.00039,0.00004,0.00770,0.00027,0.00561,0.02952
1403715372.462491750717163,0.01465,0.00042,0.00676,0.00689,0.00117,0.00584,0.03572
1403715372.512491226196289,0.01560,0.00042,0.00956,0.00691,0.00090,0.00528,0.03868
1403715372.562490463256836,0.01521,0.00044,0.00046,0.00772,0.00007,0.00581,0.02970
1403715372.612490892410278,0.01642,0.00038,0.00134,0.00663,0.00001,0.00583,0.03059
1403715372.662490606307983,0.01450,0.00036,0.00019,0.00655,0.00186,0.00584,0.02931
1403715372.712490797042847,0.01915,0.00037,0.00131,0.00627,0.00303,0.00567,0.03580
1403715372.762490749359131,0.01459,0.00039,0.00170,0.00669,0.00727,0.00592,0.03657
1403715372.812490940093994,0.01553,0.00039,0.00498,0.00755,0.00259,0.00586,0.03690
1403715372.862490653991699,0.01501,0.00041,0.00189,0.00846,0.00202,0.00563,0.03343
1403715372.912489891052246,0.01714,0.00039,0.00459,0.00746,0.00004,0.00592,0.03555
1403715372.962489604949951,0.01484,0.00038,0.00221,0.00735,0.00592,0.00588,0.03657
1403715373.012489318847656,0.01505,0.00040,0.00183,0.00842,0.00118,0.00552,0.03240
1403715373.062489032745361,0.01452,0.00039,0.00803,0.00773,0.00210,0.00574,0.03851
1403715373.112488985061646,0.01441,0.00041,0.00475,0.00856,0.00202,0.00546,0.03561
1403715373.162488460540771,0.01470,0.00041,0.00063,0.00841,0.00203,0.00606,0.03225
1403715373.212488651275635,0.01406,0.00041,0.00015,0.00832,0.00000,0.00557,0.02852
1403715373.262488603591919,0.01823,0.00039,0.00334,0.00707,0.00362,0.00576,0.03840
1403715373.312489271163940,0.01338,0.00041,0.00023,0.00793,0.00001,0.00573,0.02768
1403715373.362490892410278,0.01610,0.00039,0.00135,0.00757,0.00764,0.00548,0.03853
1403715373.412491798400879,0.01434,0.00042,0.00507,0.00829,0.00037,0.00571,0.03419
1403715373.462491750717163,0.01650,0.00041,0.00866,0.00757,0.00161,0.00572,0.04049
1403715373.512492656707764,0.01470,0.00038,0.00021,0.00786,0.00425,0.00563,0.03302
1403715373.562492609024048,0.01433,0.00043,0.00125,0.00866,0.00036,0.00548,0.03051
1403715373.612492084503174,0.01440,0.00040,0.00003,0.00864,0.00000,0.00549,0.02896
1403715373.662490606307983,0.01817,0.00040,0.00712,0.00803,0.00116,0.00570,0.04058
1403715373.712489604949951,0.01464,0.00044,0.00307,0.00768,0.00001,0.00559,0.03142
1403715373.762488365173340,0.01467,0.00041,0.00074,0.00758,0.00000,0.00589,0.02929
1403715373.812486410140991,0.01845,0.00044,0.00183,0.00784,0.00460,0.00618,0.03934
1403715373.862485647201538,0.01447,0.00041,0.00066,0.00726,0.00211,0.00575,0.03066
1403715373.912484407424927,0.01462,0.00033,0.00107,0.00650,0.00489,0.00567,0.03308
1403715373.962484359741211,0.01722,0.00040,0.00104,0.00685,0.00004,0.00575,0.03131
1403715374.012485265731812,0.01464,0.00035,0.00711,0.00618,0.00434,0.00535,0.03797
1403715374.062485456466675,0.01420,0.00040,0.00266,0.00622,0.00689,0.00543,0.03581
1403715374.112486839294434,0.01467,0.00038,0.00051,0.00679,0.00000,0.00563,0.02798
1403715374.162489652633667,0.01671,0.00038,0.00119,0.00676,0.00000,0.00563,0.03068
1403715374.212491273880005,0.01515,0.00040,0.00628,0.00672,0.00333,0.00575,0.03762
1403715374.262494087219238,0.01420,0.00040,0.00034,0.00742,0.01036,0.00559,0.03832
1403715374.312496662139893,0.01436,0.00044,0.00171,0.00859,0.00000,0.00574,0.03085
1403715374.362499713897705,0.01828,0.00042,0.00085,0.00836,0.00047,0.00572,0.03409
1403715374.412502765655518,0.01311,0.00042,0.00098,0.00812,0.00000,0.00567,0.02830
1403715374.462505102157593,0.01628,0.00041,0.00093,0.00669,0.00000,0.00554,0.02986
1403715374.512507915496826,0.01769,0.00041,0.00228,0.00608,0.00443,0.00594,0.03683
1403715374.562509059906006,0.01404,0.00043,0.00053,0.00658,0.00263,0.00582,0.03002
1403715374.612510919570923,0.01419,0.00038,0.00689,0.00680,0.00096,0.00543,0.03466
1403715374.662510633468628,0.01404,0.00040,0.00243,0.00664,0.00343,0.00560,0.03253
1403715374.712509870529175,0.01580,0.00040,0.00720,0.00641,0.00242,0.00566,0.03789
1403715374.762509346008301,0.01428,0.00041,0.00029,0.00681,0.00043,0.00582,0.02804
1403715374.812509059906006,0.01449,0.00039,0.00320,0.00692,0.00373,0.00564,0.03437
1403715374.862507820129395,0.01418,0.00042,0.00017,0.00763,0.00047,0.00577,0.02864
1403715374.912506818771362,0.01466,0.00040,0.00088,0.00834,0.00184,0.00533,0.03146
1403715374.962506294250488,0.01425,0.00043,0.00019,0.00794,0.00001,0.00561,0.02841
1403715375.012506246566772,0.01444,0.00041,0.00622,0.00713,0.00562,0.00532,0.03915
1403715375.062506914138794,0.01710,0.00042,0.00018,0.00819,0.00002,0.00590,0.03181
1403715375.112507104873657,0.01459,0.00040,0.00265,0.00767,0.00148,0.00578,0.03256
1403715375.162506580352783,0.01451,0.00041,0.00108,0.00781,0.00122,0.00594,0.03097
1403715375.212505102157593,0.01583,0.00039,0.00666,0.00732,0.00309,0.00532,0.03861
1403715375.262504816055298,0.01568,0.00037,0.00517,0.00778,0.00230,0.00555,0.03685
1403715375.312504291534424,0.01443,0.00041,0.00582,0.00778,0.00196,0.00567,0.03608
1403715375.362504482269287,0.01469,0.00042,0.00010,0.00765,0.00115,0.00592,0.02993
1403715375.412503957748413,0.01617,0.00054,0.00432,0.00740,0.00038,0.00569,0.03450
1403715375.462503433227539,0.01458,0.00038,0.00073,0.00674,0.00046,0.00634,0.02922
1403715375.512503623962402,0.01464,0.00041,0.00028,0.00701,0.00149,0.00545,0.02927
1403715375.562504291534424,0.01428,0.00039,0.00067,0.00671,0.00043,0.00580,0.02828
1403715375.612504720687866,0.01843,0.00040,0.00048,0.00644,0.00716,0.00570,0.03861
1403715375.662504673004150,0.01522,0.00037,0.00226,0.00675,0.00512,0.00591,0.03563
1403715375.712504625320435,0.01503,0.00040,0.00086,0.00781,0.00013,0.00583,0.03005
1403715375.762502908706665,0.01423,0.00044,0.00610,0.00701,0.00198,0.00580,0.03555
1403715375.812502145767212,0.01434,0.00039,0.00527,0.00697,0.00306,0.00527,0.03530
1403715375.862500905990601,0.01440,0.00039,0.00494,0.00737,0.00073,0.00651,0.03433
1403715375.912500381469727,0.01731,0.00045,0.00025,0.00711,0.00627,0.00620,0.03759
1403715375.962499856948853,0.01420,0.00038,0.00509,0.00704,0.00223,0.00554,0.03449
1403715376.012502908706665,0.01571,0.00036,0.00346,0.00664,0.00167,0.00576,0.03361
1403715376.062505483627319,0.01487,0.00038,0.00065,0.00602,0.00002,0.00575,0.02768
1403715376.112507581710815,0.01495,0.00037,0.00069,0.00572,0.00111,0.00529,0.02813
1403715376.162508249282837,0.01755,0.00038,0.00055,0.00574,0.00183,0.00574,0.03179
1403715376.212508440017700,0.01440,0.00038,0.00109,0.00587,0.00358,0.00540,0.03070
1403715376.262509107589722,0.01526,0.00040,0.00200,0.00585,0.00872,0.00547,0.03771
1403715376.312509298324585,0.01478,0.00040,0.00094,0.00771,0.00009,0.00555,0.02947
1403715376.362510442733765,0.01450,0.00039,0.00138,0.00647,0.00301,0.00584,0.03159
1403715376.412509679794312,0.01455,0.00041,0.00182,0.00676,0.00200,0.00575,0.03129
1403715376.462511301040649,0.01542,0.00040,0.00664,0.00687,0.00159,0.00534,0.03625
1403715376.512513160705566,0.01508,0.00040,0.00116,0.00689,0.00044,0.00557,0.02954
1403715376.562514781951904,0.01519,0.00038,0.00164,0.00696,0.00442,0.00589,0.03448
1403715376.612516164779663,0.01619,0.00037,0.00546,0.00697,0.00061,0.00551,0.03511
1403715376.662515401840210,0.01536,0.00039,0.00048,0.00654,0.00080,0.00507,0.02864
1403715376.712511301040649,0.01815,0.00036,0.00027,0.00659,0.00192,0.00517,0.03245
1403715376.762509107589722,0.01496,0.00042,0.00021,0.00683,0.00047,0.00537,0.02826
1403715376.812507390975952,0.01522,0.00042,0.00063,0.00673,0.00400,0.00578,0.03278
1403715376.862506389617920,0.01489,0.00040,0.00073,0.00724,0.00200,0.00566,0.03092
1403715376.912504911422729,0.01536,0.00041,0.00009,0.00746,0.00041,0.00574,0.02947
1403715376.962504148483276,0.01554,0.00043,0.00032,0.00677,0.00037,0.00560,0.02903
1403715377.012503623962402,0.01549,0.00041,0.00438,0.00638,0.00421,0.00568,0.03655
1403715377.062501907348633,0.01697,0.00041,0.00576,0.00710,0.00069,0.00576,0.03670
1403715377.112501621246338,0.01537,0.00041,0.00027,0.00728,0.00140,0.00711,0.03184
1403715377.162500381469727,0.01678,0.00040,0.00461,0.00736,0.00226,0.00586,0.03726
1403715377.212499618530273,0.01715,0.00041,0.00533,0.00687,0.00146,0.00591,0.03712
1403715377.262499570846558,0.01803,0.00041,0.00129,0.00734,0.00000,0.00559,0.03266
1403715377.312499761581421,0.01690,0.00041,0.00107,0.00682,0.00039,0.00566,0.03125
1403715377.362500667572021,0.01453,0.00042,0.00053,0.00629,0.00061,0.00544,0.02782
1403715377.412501811981201,0.01636,0.00039,0.00039,0.00550,0.00035,0.00549,0.02849
1403715377.462503433227539,0.01506,0.00041,0.00139,0.00450,0.00196,0.00533,0.02864
1403715377.512503385543823,0.01633,0.00036,0.00122,0.00415,0.00143,0.00585,0.02933
1403715377.562503814697266,0.01548,0.00037,0.00092,0.00480,0.00855,0.00536,0.03547
1403715377.612505674362183,0.01495,0.00042,0.00455,0.00562,0.00547,0.00572,0.03672
1403715377.662505865097046,0.01679,0.00040,0.00521,0.00704,0.00039,0.00573,0.03556
1403715377.712505102157593,0.01487,0.00042,0.00208,0.00586,0.00213,0.00535,0.03072
1403715377.762505054473877,0.01817,0.00039,0.00026,0.00569,0.00106,0.00589,0.03146
1403715377.812505722045898,0.01802,0.00040,0.00033,0.00497,0.00308,0.00587,0.03269
1403715377.862506151199341,0.01544,0.00040,0.00837,0.00462,0.00374,0.00516,0.03772
1403715377.912506341934204,0.01576,0.00040,0.00320,0.00488,0.00217,0.00554,0.03194
1403715377.962506055831909,0.01571,0.00038,0.00045,0.00556,0.00462,0.00628,0.03299
1403715378.012506484985352,0.01616,0.00041,0.00087,0.00621,0.00001,0.00620,0.02986
1403715378.062507390975952,0.01425,0.00038,0.00495,0.00493,0.00284,0.00515,0.03250
1403715378.112507820129395,0.01467,0.00037,0.00209,0.00444,0.00272,0.00584,0.03013
1403715378.162507534027100,0.01853,0.00039,0.00054,0.00430,0.00058,0.00591,0.03026
1403715378.212506294250488,0.01566,0.00038,0.00610,0.00380,0.01006,0.00684,0.04283
1403715378.262505292892456,0.01473,0.00040,0.00048,0.00426,0.00650,0.00575,0.03212
1403715378.312503099441528,0.01502,0.00040,0.01081,0.00465,0.00516,0.00623,0.04228
1403715378.362501621246338,0.01687,0.00042,0.00087,0.00538,0.00137,0.00576,0.03067
1403715378.412501811981201,0.01668,0.00040,0.00127,0.00493,0.00106,0.00625,0.03058
1403715378.462501287460327,0.01539,0.00041,0.00608,0.00469,0.00462,0.00578,0.03697
1403715378.512501478195190,0.01492,0.00040,0.00079,0.00513,0.00172,0.00523,0.02820
1403715378.562501907348633,0.01421,0.00041,0.00062,0.00521,0.00041,0.00573,0.02659
1403715378.612502098083496,0.01720,0.00039,0.00004,0.00503,0.00000,0.00559,0.02825
1403715378.662501811981201,0.01467,0.00039,0.00086,0.00494,0.00288,0.00590,0.02964
1403715378.712500333786011,0.01641,0.00040,0.01006,0.00503,0.00409,0.00635,0.04235
1403715378.762500286102295,0.01656,0.00042,0.00008,0.00612,0.00000,0.00673,0.02992
1403715378.812500000000000,0.01637,0.00040,0.00015,0.00572,0.00254,0.00596,0.03114
1403715378.862500190734863,0.01681,0.00041,0.00020,0.00601,0.00043,0.00619,0.03006
1403715378.912499904632568,0.01533,0.00040,0.00787,0.00575,0.00636,0.00630,0.04203
1403715378.962500572204590,0.01619,0.00043,0.00425,0.00667,0.00119,0.00623,0.03496
1403715379.012501001358032,0.01632,0.00041,0.00011,0.00672,0.00000,0.00627,0.02983
1403715379.062502145767212,0.01852,0.00042,0.00667,0.00637,0.00037,0.00594,0.03830
1403715379.112503290176392,0.01613,0.00041,0.00123,0.00615,0.00076,0.00572,0.03040
1403715379.162503719329834,0.01573,0.00042,0.01127,0.00644,0.00230,0.00566,0.04182
1403715379.212503433227539,0.01620,0.00045,0.00004,0.00715,0.00000,0.00636,0.03021
1403715379.262503385543823,0.01518,0.00042,0.00028,0.00681,0.00045,0.00612,0.02925
1403715379.312502622604370,0.01571,0.00040,0.00920,0.00652,0.00053,0.00695,0.03932
1403715379.362501859664917,0.01637,0.00041,0.00004,0.00691,0.00001,0.00641,0.03014
1403715379.412501335144043,0.01599,0.00042,0.00019,0.00673,0.00077,0.00641,0.03051
1403715379.462500810623169,0.01758,0.00042,0.00014,0.00681,0.00000,0.00614,0.03110
1403715379.512500047683716,0.01783,0.00039,0.00669,0.00640,0.00302,0.00633,0.04067
1403715379.562499523162842,0.01629,0.00044,0.00385,0.00709,0.00000,0.00614,0.03382
1403715379.612499713897705,0.01843,0.00039,0.00030,0.00660,0.00044,0.00633,0.03250
1403715379.662499666213989,0.01699,0.00042,0.00669,0.00631,0.00036,0.00617,0.03695
1403715379.712499380111694,0.01641,0.00041,0.00100,0.00587,0.00076,0.00611,0.03056
1403715379.762498140335083,0.01652,0.00042,0.01004,0.00583,0.00232,0.00575,0.04089
1403715379.812496423721313,0.01598,0.00042,0.00025,0.00615,0.00073,0.00565,0.02918
1403715379.862495183944702,0.02280,0.00040,0.00026,0.00589,0.00000,0.00618,0.03554
1403715379.912493705749512,0.01803,0.00039,0.00912,0.00502,0.00062,0.00622,0.03941
1403715379.962493419647217,0.01754,0.00039,0.00123,0.00477,0.00002,0.00607,0.03003
1403715380.012493610382080,0.01804,0.00039,0.00056,0.00444,0.00067,0.00637,0.03048
1403715380.062494039535522,0.01722,0.00038,0.00044,0.00487,0.00654,0.00668,0.03614
1403715380.112493276596069,0.01695,0.00041,0.00612,0.00627,0.00226,0.00661,0.03862
1403715380.162492513656616,0.01757,0.00043,0.00484,0.00605,0.00010,0.00658,0.03557
1403715380.212491989135742,0.01698,0.00037,0.00069,0.00579,0.00046,0.00619,0.03049
1403715380.262491226196289,0.01681,0.00044,0.00766,0.00568,0.00036,0.00639,0.03734
1403715380.312491655349731,0.01955,0.00040,0.00107,0.00542,0.00145,0.00629,0.03417
1403715380.362492084503174,0.01653,0.00043,0.00579,0.00505,0.00396,0.00615,0.03790
1403715380.412491559982300,0.01682,0.00038,0.02042,0.00689,0.00209,0.00659,0.05318
1403715380.462491035461426,0.01632,0.00043,0.00044,0.00530,0.00002,0.00618,0.02868
1403715380.512489080429077,0.01558,0.00039,0.00720,0.00497,0.00170,0.00614,0.03597
1403715380.562488079071045,0.01705,0.00040,0.00032,0.00473,0.00055,0.00646,0.02951
1403715380.612488269805908,0.01660,0.00037,0.00017,0.00463,0.00036,0.00628,0.02841
1403715380.662487506866455,0.01643,0.00037,0.00016,0.00439,0.00002,0.00616,0.02752
1403715380.712486982345581,0.01980,0.00035,0.00200,0.00379,0.00548,0.00638,0.03780
1403715380.762486934661865,0.02134,0.00036,0.00160,0.00450,0.00066,0.00624,0.03469
1403715380.812487363815308,0.01796,0.00034,0.00079,0.00431,0.00000,0.00607,0.02947
1403715380.862487316131592,0.02027,0.00034,0.00021,0.00380,0.00775,0.00626,0.03863
1403715380.912487983703613,0.01742,0.00037,0.00093,0.00442,0.00000,0.00607,0.02920
1403715380.962487936019897,0.01762,0.00041,0.00046,0.00381,0.00388,0.00665,0.03282
1403715381.012487173080444,0.01672,0.00035,0.01034,0.00398,0.01675,0.00579,0.05392
1403715381.062487363815308,0.01732,0.00035,0.00022,0.00530,0.00042,0.00595,0.02956
1403715381.112486839294434,0.01668,0.00040,0.00487,0.00564,0.00436,0.00622,0.03816
1403715381.162486076354980,0.01749,0.00038,0.00143,0.00597,0.00044,0.00604,0.03174
1403715381.212486028671265,0.01544,0.00040,0.00113,0.00579,0.00037,0.00634,0.02947
1403715381.262486696243286,0.01701,0.00038,0.00454,0.00514,0.00701,0.00631,0.04040
1403715381.312486410140991,0.01672,0.00042,0.01636,0.00608,0.00161,0.00603,0.04722
1403715381.362486362457275,0.01626,0.00040,0.00090,0.00613,0.00166,0.00581,0.03116
1403715381.412485837936401,0.02275,0.00039,0.00029,0.00659,0.00047,0.00647,0.03694
1403715381.462485074996948,0.01747,0.00041,0.00108,0.00627,0.00035,0.00661,0.03218
1403715381.512485504150391,0.01730,0.00038,0.00099,0.00628,0.00002,0.00635,0.03132
1403715381.562484264373779,0.01700,0.00042,0.00098,0.00529,0.00070,0.00669,0.03108
1403715381.612483739852905,0.01665,0.00039,0.00656,0.00508,0.00773,0.00602,0.04244
1403715381.662484169006348,0.01678,0.00038,0.00015,0.00679,0.00000,0.00605,0.03016
1403715381.712484598159790,0.01670,0.00041,0.00164,0.00670,0.00252,0.00624,0.03421
1403715381.762485265731812,0.01715,0.00043,0.00061,0.00668,0.00118,0.00619,0.03223
1403715381.812485694885254,0.01626,0.00041,0.00104,0.00736,0.00054,0.00644,0.03206
1403715381.862486124038696,0.01638,0.00038,0.00157,0.00700,0.00258,0.00555,0.03346
1403715381.912486076354980,0.01660,0.00041,0.01366,0.00761,0.00001,0.00664,0.04493
1403715381.962487459182739,0.01912,0.00042,0.01639,0.00755,0.00001,0.00724,0.05073
1403715382.012488126754761,0.01605,0.00043,0.00023,0.00737,0.00000,0.00611,0.03018
1403715382.062490940093994,0.01648,0.00042,0.00142,0.00739,0.00000,0.00600,0.03171
1403715382.112493038177490,0.01639,0.00042,0.00103,0.00742,0.00004,0.00621,0.03151
1403715382.162495613098145,0.01656,0.00042,0.00010,0.00743,0.00038,0.00632,0.03121
1403715382.212497472763062,0.01636,0.00045,0.00639,0.00789,0.00133,0.00624,0.03866
1403715382.262498855590820,0.01658,0.00054,0.00043,0.00833,0.00002,0.00656,0.03247
1403715382.312499523162842,0.01588,0.00042,0.00183,0.00739,0.00037,0.00615,0.03205
1403715382.362500190734863,0.01529,0.00041,0.00065,0.00736,0.00001,0.00648,0.03020
1403715382.412500619888306,0.01639,0.00040,0.00019,0.00707,0.00114,0.00610,0.03129
1403715382.462499856948853,0.01645,0.00041,0.00142,0.00692,0.00229,0.00555,0.03304
1403715382.512499570846558,0.02275,0.00040,0.01292,0.00720,0.00001,0.00777,0.05105
1403715382.562497854232788,0.01646,0.00041,0.01331,0.00668,0.00002,0.00641,0.04329
1403715382.612497329711914,0.01628,0.00040,0.00008,0.00689,0.00113,0.00602,0.03081
1403715382.662496805191040,0.01582,0.00044,0.00004,0.00705,0.00146,0.00613,0.03093
1403715382.712496519088745,0.01643,0.00037,0.00004,0.00716,0.00049,0.00616,0.03064
1403715382.762495756149292,0.01578,0.00040,0.00059,0.00707,0.00037,0.00600,0.03022
1403715382.812495708465576,0.01589,0.00041,0.00399,0.00695,0.00227,0.00612,0.03563
1403715382.862495660781860,0.01615,0.00041,0.00083,0.00726,0.00001,0.00592,0.03057
1403715382.912494897842407,0.01639,0.00042,0.00180,0.00761,0.00037,0.00640,0.03299
1403715382.962494373321533,0.01597,0.00041,0.00003,0.00722,0.00000,0.00597,0.02960
1403715383.012494087219238,0.01599,0.00041,0.00004,0.00723,0.00149,0.00620,0.03137
1403715383.062492847442627,0.01754,0.00043,0.01106,0.00721,0.00000,0.00602,0.04226
1403715383.112492084503174,0.01551,0.00042,0.01186,0.00716,0.00000,0.00604,0.04099
1403715383.162492275238037,0.01633,0.00043,0.01204,0.00702,0.00001,0.00593,0.04176
1403715383.212492465972900,0.01635,0.00042,0.00080,0.00676,0.00047,0.00614,0.03094
1403715383.262491226196289,0.01567,0.00042,0.00019,0.00729,0.00118,0.00616,0.03091
1403715383.312490701675415,0.01610,0.00043,0.00088,0.00697,0.00034,0.00596,0.03069
1403715383.362491130828857,0.01565,0.00041,0.00004,0.00698,0.00034,0.00611,0.02953
1403715383.412490606307983,0.01570,0.00043,0.00382,0.00667,0.00077,0.00619,0.03359
1403715383.462489366531372,0.01487,0.00044,0.00047,0.00787,0.00001,0.00606,0.02972
1403715383.512488603591919,0.01618,0.00041,0.00150,0.00694,0.00114,0.00616,0.03233
1403715383.562488317489624,0.01583,0.00041,0.00111,0.00698,0.00002,0.00593,0.03027
1403715383.612486839294434,0.01875,0.00042,0.00301,0.00514,0.00000,0.00603,0.03335
1403715383.662485599517822,0.02027,0.00039,0.00659,0.00512,0.01088,0.00691,0.05017
1403715383.712485790252686,0.01678,0.00041,0.01100,0.00633,0.00005,0.00618,0.04074
1403715383.762489080429077,0.01731,0.00042,0.00864,0.00610,0.00441,0.00573,0.04261
1403715383.812489748001099,0.01603,0.00039,0.00064,0.00663,0.00000,0.00616,0.02987
1403715383.862490892410278,0.01609,0.00041,0.00003,0.00661,0.00115,0.00604,0.03032
1403715383.912492275238037,0.01645,0.00043,0.00015,0.00648,0.00116,0.00579,0.03045
1403715383.962493181228638,0.01516,0.00041,0.00003,0.00685,0.00000,0.00586,0.02831
1403715384.012493610382080,0.01574,0.00040,0.00118,0.00736,0.00066,0.00624,0.03159
1403715384.062495470046997,0.01538,0.00040,0.00017,0.00653,0.00000,0.00593,0.02841
1403715384.112495899200439,0.01590,0.00040,0.00004,0.00647,0.00029,0.00602,0.02913
1403715384.162495851516724,0.01648,0.00043,0.00018,0.00610,0.00000,0.00602,0.02920
1403715384.212498903274536,0.01561,0.00040,0.01240,0.00593,0.00411,0.00671,0.04514
1403715384.262499570846558,0.01588,0.00042,0.00475,0.00642,0.00575,0.00618,0.03939
1403715384.312500476837158,0.01553,0.00046,0.01196,0.00785,0.00003,0.00772,0.04354
1403715384.362499713897705,0.02277,0.00038,0.00856,0.00717,0.00000,0.00640,0.04529
1403715384.412499427795410,0.01523,0.00041,0.00101,0.00620,0.00043,0.00582,0.02911
1403715384.462499380111694,0.01556,0.00041,0.00017,0.00625,0.00000,0.00569,0.02809
1403715384.512499094009399,0.01493,0.00038,0.00056,0.00623,0.00002,0.00591,0.02803
1403715384.562498807907104,0.01516,0.00038,0.00021,0.00605,0.00000,0.00663,0.02844
1403715384.612498760223389,0.01487,0.00036,0.00004,0.00614,0.00320,0.00574,0.03035
1403715384.662498950958252,0.01493,0.00042,0.00004,0.00667,0.00000,0.00556,0.02762
1403715384.712498664855957,0.01616,0.00039,0.00011,0.00683,0.00112,0.00573,0.03034
1403715384.762498617172241,0.01504,0.00042,0.00163,0.00652,0.00000,0.00583,0.02945
1403715384.812498569488525,0.01390,0.00042,0.01085,0.00607,0.00571,0.00676,0.04372
1403715384.862498760223389,0.01706,0.00038,0.00376,0.00652,0.00232,0.00537,0.03540
1403715384.912500858306885,0.01668,0.00038,0.01676,0.00581,0.00110,0.00657,0.04729
1403715384.962501287460327,0.02041,0.00038,0.00142,0.00590,0.00668,0.00544,0.04023
1403715385.012501716613770,0.01558,0.00038,0.00045,0.00661,0.00116,0.00597,0.03015
1403715385.062502384185791,0.01645,0.00039,0.00059,0.00643,0.00000,0.00563,0.02950
1403715385.112501621246338,0.01623,0.00041,0.00013,0.00643,0.00047,0.00590,0.02958
1403715385.162501573562622,0.01687,0.00041,0.00014,0.00650,0.00000,0.00740,0.03132
1403715385.212501525878906,0.01590,0.00039,0.00009,0.00725,0.00038,0.00650,0.03051
1403715385.262501716613770,0.01683,0.00037,0.00086,0.00637,0.00001,0.00589,0.03033
1403715385.312501907348633,0.01691,0.00039,0.00096,0.00602,0.00001,0.00618,0.03046
1403715385.362501382827759,0.01746,0.00038,0.00032,0.00591,0.00000,0.00603,0.03010
1403715385.412500858306885,0.01992,0.00038,0.00004,0.00601,0.01048,0.00599,0.04283
1403715385.462501049041748,0.01747,0.00043,0.00667,0.00743,0.00000,0.00616,0.03817
1403715385.512501239776611,0.01675,0.00041,0.02473,0.00934,0.00001,0.00641,0.05765
1403715385.562500000000000,0.01720,0.00040,0.00843,0.00710,0.00002,0.00617,0.03932
1403715385.612500190734863,0.01730,0.00040,0.00008,0.00738,0.00000,0.00612,0.03128
1403715385.662500381469727,0.01719,0.00043,0.00003,0.00730,0.00000,0.00609,0.03105
1403715385.712500333786011,0.01696,0.00039,0.00004,0.00727,0.00000,0.00612,0.03079
1403715385.762501478195190,0.01629,0.00037,0.00009,0.00727,0.00000,0.00601,0.03002
1403715385.812502622604370,0.01764,0.00041,0.00031,0.00693,0.00009,0.00608,0.03147
1403715385.862503290176392,0.01672,0.00040,0.00048,0.00682,0.00000,0.00617,0.03058
1403715385.912503719329834,0.01696,0.00039,0.00069,0.00680,0.00000,0.00609,0.03094
1403715385.962503671646118,0.01877,0.00041,0.00183,0.00665,0.00000,0.00605,0.03371
1403715386.012503623962402,0.01618,0.00039,0.00017,0.00637,0.00000,0.00597,0.02907
1403715386.062504053115845,0.01664,0.00035,0.00491,0.00618,0.00581,0.00608,0.03996
1403715386.112504243850708,0.01673,0.00042,0.02152,0.00794,0.00010,0.00603,0.05273
1403715386.162504434585571,0.01504,0.00040,0.00685,0.00691,0.00010,0.00553,0.03483
1403715386.212504148483276,0.01441,0.00040,0.00018,0.00691,0.00000,0.00569,0.02759
1403715386.262503385543823,0.01431,0.00040,0.00003,0.00697,0.00000,0.00579,0.02751
1403715386.312503814697266,0.01438,0.00040,0.00024,0.00657,0.00002,0.00562,0.02723
1403715386.362504005432129,0.01432,0.00039,0.00050,0.00620,0.00000,0.00608,0.02749
1403715386.412503719329834,0.01668,0.00044,0.00004,0.00662,0.00164,0.00610,0.03153
1403715386.462503433227539,0.01821,0.00044,0.00117,0.00583,0.00042,0.00593,0.03200
1403715386.512502193450928,0.01822,0.00034,0.00034,0.00543,0.00042,0.00666,0.03140
1403715386.562502861022949,0.01493,0.00037,0.00030,0.00513,0.00000,0.00624,0.02698
1403715386.612503290176392,0.01552,0.00033,0.00015,0.00496,0.00000,0.00672,0.02769
1403715386.662503004074097,0.01514,0.00039,0.00100,0.00463,0.00204,0.00597,0.02917
1403715386.712503433227539,0.01526,0.00035,0.01545,0.00474,0.01658,0.00807,0.06045
1403715386.762503623962402,0.01488,0.00040,0.00780,0.00728,0.00205,0.00598,0.03839
1403715386.812503576278687,0.01514,0.00041,0.00004,0.00787,0.00000,0.00689,0.03035
1403715386.862504243850708,0.01575,0.00041,0.00100,0.00767,0.00000,0.00584,0.03067
1403715386.912505149841309,0.01580,0.00042,0.00004,0.00782,0.00117,0.00718,0.03243
1403715386.962505817413330,0.01507,0.00043,0.00004,0.00793,0.00000,0.00603,0.02951
1403715387.012507438659668,0.01519,0.00040,0.01769,0.00877,0.00001,0.00652,0.04858
1403715387.062508344650269,0.01664,0.00042,0.00112,0.00755,0.00000,0.00610,0.03185
1403715387.112509250640869,0.01530,0.00040,0.00024,0.00718,0.00001,0.00644,0.02958
1403715387.162508964538574,0.01551,0.00039,0.00031,0.00692,0.00002,0.00611,0.02926
1403715387.212508440017700,0.01497,0.00039,0.00010,0.00668,0.00000,0.00677,0.02892
1403715387.262507438659668,0.01504,0.00037,0.00287,0.00563,0.00398,0.00611,0.03399
1403715387.312506914138794,0.01484,0.00041,0.01638,0.00604,0.00484,0.00742,0.04994
1403715387.362506389617920,0.01492,0.00040,0.00772,0.00595,0.00292,0.00577,0.03768
1403715387.412506341934204,0.01495,0.00041,0.00023,0.00647,0.00002,0.00637,0.02845
1403715387.462505817413330,0.01468,0.00037,0.00040,0.00637,0.00002,0.00569,0.02754
1403715387.512507677078247,0.01542,0.00039,0.00022,0.00606,0.00000,0.00630,0.02839
1403715387.562508821487427,0.01469,0.00036,0.00003,0.00598,0.00000,0.00587,0.02693
1403715387.612511634826660,0.01930,0.00038,0.01251,0.00540,0.01255,0.00819,0.05834
1403715387.662511110305786,0.01647,0.00044,0.00020,0.00670,0.00000,0.00565,0.02947
1403715387.712509393692017,0.01426,0.00038,0.00005,0.00656,0.00000,0.00640,0.02765
1403715387.762509346008301,0.01465,0.00041,0.00031,0.00632,0.00135,0.00582,0.02886
1403715387.812508821487427,0.01515,0.00039,0.00008,0.00665,0.00000,0.00644,0.02871
1403715387.862507581710815,0.01465,0.00047,0.00020,0.00667,0.00433,0.00567,0.03200
1403715387.912507295608521,0.01466,0.00040,0.01460,0.00702,0.00506,0.00553,0.04727
1403715387.962507009506226,0.01449,0.00041,0.00737,0.00741,0.00000,0.00588,0.03558
1403715388.012506723403931,0.01425,0.00041,0.00003,0.00796,0.00165,0.00634,0.03064
1403715388.062506914138794,0.01436,0.00042,0.00103,0.00724,0.00001,0.00596,0.02902
1403715388.112506628036499,0.01433,0.00043,0.00181,0.00707,0.00000,0.00645,0.03009
1403715388.162506341934204,0.01737,0.00041,0.00022,0.00661,0.00001,0.00592,0.03053
1403715388.212506532669067,0.01525,0.00038,0.01595,0.00618,0.00497,0.00688,0.04961
1403715388.262506246566772,0.01845,0.00037,0.00038,0.00614,0.00004,0.00594,0.03133
1403715388.312505006790161,0.01444,0.00038,0.00036,0.00575,0.00004,0.00634,0.02732
1403715388.362504959106445,0.01482,0.00034,0.00095,0.00499,0.00145,0.00586,0.02842
1403715388.412504434585571,0.01454,0.00038,0.00021,0.00471,0.00000,0.00649,0.02634
1403715388.462504148483276,0.01431,0.00036,0.00070,0.00451,0.00052,0.00687,0.02727
1403715388.512503147125244,0.01554,0.00037,0.00616,0.00416,0.02340,0.00909,0.05873
1403715388.562503576278687,0.01568,0.00041,0.00581,0.00726,0.00316,0.00538,0.03769
1403715388.612503290176392,0.01456,0.00038,0.00017,0.00709,0.00004,0.00610,0.02835
1403715388.662503004074097,0.01401,0.00039,0.00023,0.00668,0.00114,0.00583,0.02828
1403715388.712502956390381,0.01659,0.00041,0.00108,0.00687,0.00000,0.00615,0.03112
1403715388.762502670288086,0.01379,0.00039,0.00022,0.00648,0.00002,0.00563,0.02653
1403715388.812501907348633,0.01787,0.00036,0.02569,0.00574,0.00817,0.00737,0.06520
1403715388.862501621246338,0.01412,0.00037,0.00020,0.00599,0.00000,0.00575,0.02643
1403715388.912501573562622,0.01429,0.00034,0.00012,0.00585,0.00002,0.00627,0.02688
1403715388.962502002716064,0.01444,0.00035,0.00023,0.00586,0.00043,0.00597,0.02728
1403715389.012502908706665,0.01468,0.00037,0.00016,0.00596,0.00002,0.00568,0.02686
1403715389.062504053115845,0.01503,0.00036,0.00050,0.00576,0.00104,0.00590,0.02858
1403715389.112504720687866,0.01486,0.00037,0.00102,0.00578,0.00846,0.00562,0.03612
1403715389.162504434585571,0.01336,0.00039,0.00004,0.00673,0.00473,0.00557,0.03082
1403715389.212504625320435,0.01357,0.00042,0.00258,0.00722,0.00004,0.00569,0.02952
1403715389.262504577636719,0.01739,0.00038,0.00016,0.00725,0.00002,0.00556,0.03076
1403715389.312504529953003,0.01412,0.00035,0.00170,0.00689,0.00000,0.00614,0.02920
1403715389.362504720687866,0.01503,0.00037,0.01062,0.00689,0.00460,0.00557,0.04308
1403715389.412504911422729,0.01367,0.00040,0.01859,0.00875,0.00387,0.00623,0.05150
1403715389.462505578994751,0.01397,0.00036,0.00003,0.00859,0.00000,0.00562,0.02858
1403715389.512505531311035,0.01809,0.00041,0.00099,0.00813,0.00000,0.00646,0.03408
1403715389.562505483627319,0.01530,0.00041,0.00044,0.00812,0.00000,0.00568,0.02996
1403715389.612506151199341,0.01551,0.00041,0.00050,0.00798,0.00147,0.00647,0.03235
1403715389.662506103515625,0.01482,0.00041,0.00018,0.00915,0.00001,0.00576,0.03033
1403715389.712506532669067,0.01479,0.00042,0.00003,0.00838,0.00000,0.00619,0.02980
1403715389.762506484985352,0.01470,0.00040,0.00078,0.00841,0.00000,0.00585,0.03015
1403715389.812506198883057,0.01755,0.00043,0.00089,0.00837,0.00206,0.00607,0.03537
1403715389.862505674362183,0.01481,0.00043,0.00091,0.00850,0.00000,0.00575,0.03039
1403715389.912504911422729,0.01509,0.00042,0.00099,0.00818,0.00001,0.00645,0.03113
1403715389.962504625320435,0.01406,0.00040,0.00967,0.00775,0.00067,0.00579,0.03836
1403715390.012506246566772,0.01500,0.00037,0.01611,0.00793,0.00205,0.00755,0.04901
1403715390.062506675720215,0.01460,0.00038,0.01330,0.00803,0.00001,0.00573,0.04205
1403715390.112505912780762,0.01507,0.00040,0.00101,0.00803,0.00001,0.00568,0.03019
1403715390.162505626678467,0.01490,0.00041,0.00061,0.00787,0.00004,0.00635,0.03018
1403715390.212506055831909,0.01412,0.00039,0.00030,0.00824,0.00001,0.00578,0.02885
1403715390.262506246566772,0.01586,0.00037,0.00080,0.00689,0.00000,0.00622,0.03014
1403715390.312510013580322,0.01505,0.00038,0.00058,0.00673,0.00000,0.00563,0.02837
1403715390.362511396408081,0.01651,0.00042,0.00040,0.00671,0.00044,0.00634,0.03082
1403715390.412512302398682,0.01468,0.00037,0.00008,0.00694,0.00113,0.00527,0.02847
1403715390.462513685226440,0.01461,0.00039,0.00141,0.00719,0.00113,0.00590,0.03063
1403715390.512514352798462,0.01402,0.00039,0.00131,0.00743,0.00001,0.00561,0.02878
1403715390.562514305114746,0.01458,0.00036,0.00538,0.00781,0.00162,0.00646,0.03621
1403715390.612515211105347,0.01388,0.00043,0.01373,0.00793,0.00434,0.00838,0.04869
1403715390.662515401840210,0.01757,0.00037,0.01033,0.00817,0.00001,0.00622,0.04265
1403715390.712515830993652,0.01436,0.00040,0.00228,0.00723,0.00001,0.00568,0.02995
1403715390.762517929077148,0.01453,0.00041,0.00003,0.00712,0.00195,0.00743,0.03147
1403715390.812521457672119,0.01411,0.00040,0.00698,0.00717,0.00226,0.00582,0.03675
1403715390.862524747848511,0.01456,0.00041,0.00019,0.00771,0.00002,0.00570,0.02860
1403715390.912525653839111,0.01519,0.00036,0.00069,0.00756,0.00002,0.00564,0.02946
1403715390.962527751922607,0.01394,0.00039,0.00016,0.00760,0.00113,0.00591,0.02913
1403715391.012527227401733,0.01423,0.00039,0.00003,0.00770,0.00000,0.00582,0.02818
1403715391.062526702880859,0.01430,0.00036,0.00003,0.00762,0.00000,0.00602,0.02835
1403715391.112525701522827,0.01415,0.00035,0.00043,0.00760,0.00000,0.00573,0.02826
1403715391.162525415420532,0.01390,0.00038,0.00339,0.00727,0.00232,0.00569,0.03296
1403715391.212523698806763,0.01426,0.00041,0.02008,0.00861,0.00554,0.00576,0.05465
1403715391.262522697448730,0.01406,0.00057,0.00887,0.00853,0.00001,0.00614,0.03818
1403715391.312522888183594,0.01383,0.00040,0.00116,0.00881,0.00001,0.00584,0.03005
1403715391.362523078918457,0.01619,0.00040,0.00078,0.00820,0.00000,0.00585,0.03143
1403715391.412523031234741,0.01421,0.00039,0.00257,0.00804,0.00203,0.00533,0.03257
1403715391.462523460388184,0.01547,0.00040,0.00078,0.00847,0.00120,0.00630,0.03262
1403715391.512523889541626,0.01430,0.00041,0.00041,0.00847,0.00001,0.00590,0.02950
1403715391.562523603439331,0.01352,0.00040,0.00263,0.00837,0.00000,0.00593,0.03085
1403715391.612523317337036,0.01416,0.00038,0.00020,0.00850,0.00002,0.00586,0.02913
1403715391.662522792816162,0.01388,0.00040,0.00135,0.00836,0.00000,0.00581,0.02980
1403715391.712522506713867,0.01329,0.00040,0.00086,0.00832,0.00000,0.00596,0.02883
1403715391.762522697448730,0.01635,0.00044,0.00435,0.00820,0.00037,0.00588,0.03560
1403715391.812523126602173,0.01431,0.00038,0.01204,0.00712,0.00193,0.00713,0.04291
1403715391.862523317337036,0.01614,0.00044,0.00697,0.00797,0.00206,0.00591,0.03947
1403715391.912523746490479,0.01365,0.00041,0.00783,0.00698,0.00231,0.00531,0.03648
1403715391.962522983551025,0.01389,0.00041,0.00009,0.00843,0.00000,0.00571,0.02852
1403715392.012522459030151,0.01550,0.00043,0.00109,0.00789,0.00000,0.00598,0.03089
1403715392.062521457672119,0.01745,0.00043,0.00059,0.00766,0.00001,0.00571,0.03184
1403715392.112519979476929,0.01436,0.00039,0.00068,0.00644,0.00000,0.00583,0.02770
1403715392.162519931793213,0.01615,0.00040,0.00009,0.00634,0.00000,0.00584,0.02882
1403715392.212520122528076,0.01414,0.00036,0.00137,0.00621,0.00144,0.00526,0.02878
1403715392.262521028518677,0.01384,0.00053,0.00083,0.00633,0.00000,0.00584,0.02738
1403715392.312521934509277,0.01606,0.00035,0.00023,0.00552,0.00859,0.00585,0.03660
1403715392.362524032592773,0.01417,0.00036,0.00090,0.00630,0.00220,0.00565,0.02958
1403715392.412523031234741,0.01446,0.00037,0.00867,0.00530,0.00859,0.00608,0.04347
1403715392.462523698806763,0.01623,0.00038,0.00238,0.00593,0.00524,0.00594,0.03610
1403715392.512522220611572,0.01376,0.00039,0.00596,0.00587,0.00414,0.00529,0.03542
1403715392.562520742416382,0.01904,0.00037,0.00026,0.00611,0.00041,0.00689,0.03308
1403715392.612516164779663,0.01434,0.00038,0.00587,0.00489,0.00374,0.00564,0.03487
1403715392.662514686584473,0.01526,0.00037,0.00121,0.00526,0.00001,0.00625,0.02836
1403715392.712511777877808,0.01927,0.00037,0.00149,0.00504,0.00043,0.00599,0.03259
1403715392.762510776519775,0.01450,0.00030,0.00107,0.00457,0.00000,0.00545,0.02590
1403715392.812505722045898,0.01441,0.00031,0.00101,0.00451,0.00000,0.00560,0.02584
1403715392.862500667572021,0.01407,0.00032,0.00012,0.00438,0.00281,0.00578,0.02747
1403715392.912497043609619,0.01412,0.00029,0.00031,0.00411,0.00000,0.00577,0.02461
1403715392.962494373321533,0.01718,0.00033,0.00117,0.00391,0.00292,0.00537,0.03088
1403715393.012497425079346,0.01461,0.00033,0.00140,0.00441,0.01192,0.00601,0.03868
1403715393.062500476837158,0.01439,0.00036,0.00141,0.00579,0.00202,0.00536,0.02932
1403715393.112506151199341,0.01465,0.00035,0.00679,0.00629,0.01047,0.00747,0.04602
1403715393.162508726119995,0.01409,0.00039,0.00018,0.00740,0.00001,0.00542,0.02749
1403715393.212511539459229,0.01424,0.00036,0.00232,0.00697,0.00417,0.00597,0.03402
1403715393.262518167495728,0.01525,0.00042,0.00919,0.00698,0.00211,0.00562,0.03959
1403715393.312520027160645,0.01428,0.00040,0.00025,0.00647,0.00036,0.00595,0.02770
1403715393.362521171569824,0.01426,0.00039,0.00029,0.00598,0.00042,0.00578,0.02712
1403715393.412521839141846,0.01720,0.00035,0.00108,0.00494,0.00079,0.00535,0.02970
1403715393.462522268295288,0.01475,0.00033,0.00063,0.00523,0.00000,0.00578,0.02671
1403715393.512523651123047,0.01486,0.00035,0.00508,0.00445,0.01643,0.00678,0.04795
1403715393.562524557113647,0.01426,0.00039,0.00063,0.00692,0.00077,0.00593,0.02891
1403715393.612524747848511,0.01358,0.00039,0.00021,0.00684,0.00278,0.00564,0.02945
1403715393.662525177001953,0.01456,0.00039,0.00056,0.00678,0.00199,0.00569,0.02997
1403715393.712526798248291,0.01415,0.00039,0.00512,0.00564,0.00139,0.00561,0.03229
1403715393.762530326843262,0.01698,0.00039,0.00071,0.00555,0.00042,0.00586,0.02991
1403715393.812531471252441,0.01527,0.00037,0.00471,0.00505,0.00130,0.00587,0.03258
1403715393.862531185150146,0.01664,0.00034,0.00097,0.00525,0.00332,0.00572,0.03225
1403715393.912530183792114,0.01460,0.00034,0.00223,0.00558,0.00030,0.00579,0.02885
1403715393.962528705596924,0.01462,0.00036,0.00765,0.00559,0.01739,0.00589,0.05150
1403715394.012528657913208,0.01400,0.00041,0.00028,0.00753,0.00000,0.00540,0.02763
1403715394.062528610229492,0.01387,0.00040,0.00015,0.00734,0.00000,0.00579,0.02755
1403715394.112528562545776,0.01418,0.00042,0.00019,0.00688,0.00206,0.00585,0.02958
1403715394.162528276443481,0.01728,0.00038,0.00024,0.00724,0.00038,0.00555,0.03107
1403715394.212527990341187,0.01468,0.00039,0.00026,0.00693,0.00090,0.00638,0.02955
1403715394.262528181076050,0.01527,0.00039,0.00050,0.00660,0.00035,0.00565,0.02876
1403715394.312528133392334,0.01477,0.00037,0.00914,0.00539,0.00311,0.00541,0.03818
1403715394.362528085708618,0.01708,0.00038,0.00102,0.00531,0.00002,0.00586,0.02967
1403715394.412528753280640,0.01454,0.00037,0.00208,0.00508,0.00826,0.00569,0.03602
1403715394.462528705596924,0.01418,0.00038,0.00029,0.00566,0.00000,0.00570,0.02622
1403715394.512528419494629,0.01382,0.00035,0.00049,0.00522,0.00006,0.00575,0.02569
1403715394.562527894973755,0.01800,0.00031,0.00024,0.00441,0.00504,0.00560,0.03359
1403715394.612526178359985,0.01421,0.00035,0.00035,0.00519,0.00000,0.00568,0.02578
1403715394.662522315979004,0.01423,0.00034,0.00031,0.00433,0.00004,0.00572,0.02498
1403715394.712517499923706,0.01471,0.00031,0.00720,0.00359,0.00851,0.00579,0.04010
1403715394.762513637542725,0.01702,0.00036,0.00050,0.00541,0.00071,0.00623,0.03023
1403715394.812511920928955,0.01384,0.00038,0.00052,0.00485,0.00105,0.00679,0.02743
1403715394.862510204315186,0.01633,0.00031,0.00241,0.00356,0.00006,0.00558,0.02825
1403715394.912509679794312,0.02073,0.00031,0.00012,0.00303,0.00345,0.00602,0.03365
1403715394.962509870529175,0.01507,0.00030,0.00051,0.00324,0.00007,0.00578,0.02498
1403715395.012511968612671,0.01485,0.00029,0.00038,0.00318,0.00068,0.00558,0.02497
1403715395.062513351440430,0.01402,0.00030,0.00007,0.00372,0.00000,0.00575,0.02387
1403715395.112513303756714,0.01456,0.00028,0.00011,0.00377,0.01326,0.00581,0.03778
1403715395.162513494491577,0.01496,0.00031,0.00019,0.00508,0.00000,0.00562,0.02616
1403715395.212513685226440,0.01440,0.00035,0.00011,0.00492,0.00000,0.00550,0.02528
1403715395.262514829635620,0.01465,0.00033,0.00009,0.00490,0.00000,0.00616,0.02613
1403715395.312515497207642,0.01444,0.00035,0.00028,0.00462,0.00501,0.00555,0.03026
1403715395.362515687942505,0.01812,0.00037,0.00032,0.00494,0.00000,0.00574,0.02951
1403715395.412515640258789,0.01456,0.00034,0.00172,0.00438,0.00127,0.00564,0.02791
1403715395.462515354156494,0.01514,0.00031,0.00003,0.00428,0.00930,0.00564,0.03469
1403715395.512515783309937,0.01416,0.00033,0.00121,0.00526,0.00500,0.00577,0.03173
1403715395.562516927719116,0.01496,0.00128,0.00022,0.00606,0.00176,0.00587,0.03014
1403715395.612516641616821,0.01454,0.00036,0.00076,0.00591,0.00190,0.00666,0.03013
1403715395.662516117095947,0.01462,0.00037,0.00069,0.00622,0.00000,0.00585,0.02775
1403715395.712516069412231,0.01432,0.00035,0.00102,0.00566,0.00129,0.00550,0.02815
1403715395.762516021728516,0.01411,0.00034,0.00020,0.00576,0.00000,0.00568,0.02609
1403715395.812515974044800,0.01419,0.00036,0.00195,0.00507,0.00000,0.00582,0.02739
1403715395.862516880035400,0.01711,0.00035,0.00053,0.00454,0.00000,0.00673,0.02927
1403715395.912516117095947,0.06606,0.00035,0.00867,0.00522,0.01974,0.00611,0.10615
1403715395.962515830993652,0.01616,0.00040,0.00022,0.00731,0.00002,0.00608,0.03020
1403715396.012515783309937,0.01973,0.00034,0.00108,0.00698,0.00019,0.00641,0.03473
1403715396.062514305114746,0.01586,0.00039,0.00010,0.00706,0.01087,0.00583,0.04011
1403715396.112513542175293,0.01566,0.00043,0.00003,0.00880,0.00001,0.00590,0.03082
1403715396.162512540817261,0.01963,0.00042,0.00019,0.00844,0.00000,0.00620,0.03488
1403715396.212511301040649,0.01810,0.00038,0.00080,0.00811,0.00000,0.00624,0.03363
1403715396.262510776519775,0.01628,0.00040,0.00044,0.00735,0.00045,0.00629,0.03121
1403715396.312509775161743,0.01689,0.00037,0.00487,0.00727,0.00750,0.00573,0.04263
1403715396.362509727478027,0.01680,0.00042,0.00004,0.00917,0.00000,0.00619,0.03263
1403715396.412509918212891,0.01613,0.00041,0.00865,0.00867,0.00001,0.00691,0.04080
1403715396.462510585784912,0.01645,0.00041,0.00017,0.00808,0.00001,0.00611,0.03122
1403715396.512511014938354,0.01671,0.00038,0.00939,0.00767,0.00011,0.00613,0.04039
1403715396.562512159347534,0.01837,0.00046,0.00023,0.00763,0.00046,0.00624,0.03340
1403715396.612512350082397,0.01654,0.00038,0.00026,0.00779,0.00013,0.00608,0.03118
1403715396.662512063980103,0.01638,0.00040,0.00023,0.00735,0.00007,0.00608,0.03051
1403715396.712512969970703,0.01800,0.00058,0.00021,0.00721,0.00000,0.00646,0.03246
1403715396.762514591217041,0.01519,0.00036,0.00024,0.00631,0.00000,0.00611,0.02822
1403715396.812515974044800,0.01606,0.00036,0.00022,0.00582,0.00000,0.00582,0.02828
1403715396.862516403198242,0.01547,0.00038,0.00021,0.00595,0.00048,0.00661,0.02910
1403715396.912517070770264,0.01608,0.00036,0.00021,0.00578,0.00024,0.00634,0.02900
1403715396.962521553039551,0.01520,0.00032,0.00034,0.00505,0.00000,0.00605,0.02697
1403715397.012522459030151,0.01785,0.00031,0.00544,0.00484,0.00622,0.00586,0.04051
1403715397.062523126602173,0.01447,0.00035,0.00005,0.00571,0.00001,0.00572,0.02631
1403715397.112524032592773,0.01488,0.00038,0.00659,0.00605,0.00533,0.00665,0.03989
1403715397.162523508071899,0.01558,0.00037,0.00003,0.00616,0.00000,0.00614,0.02828
1403715397.212522983551025,0.01608,0.00039,0.00023,0.00574,0.00126,0.00640,0.03009
1403715397.262522459030151,0.01480,0.00036,0.00015,0.00621,0.00001,0.00605,0.02757
1403715397.312522172927856,0.01697,0.00036,0.00013,0.00546,0.00039,0.00658,0.02989
1403715397.362521886825562,0.01546,0.00034,0.00011,0.00551,0.00004,0.00810,0.02956
1403715397.412521600723267,0.01587,0.00035,0.00003,0.00543,0.00000,0.00627,0.02795
1403715397.462521553039551,0.01522,0.00032,0.00070,0.00496,0.00000,0.00611,0.02731
1403715397.512521505355835,0.01806,0.00032,0.00062,0.00493,0.00433,0.00665,0.03490
1403715397.562521219253540,0.01625,0.00037,0.00028,0.00538,0.00936,0.00615,0.03780
1403715397.612520217895508,0.01646,0.00039,0.01034,0.00635,0.00026,0.00591,0.03970
1403715397.662519454956055,0.01621,0.00037,0.00003,0.00646,0.00000,0.00628,0.02936
1403715397.712517499923706,0.01567,0.00037,0.00735,0.00604,0.00402,0.00574,0.03919
1403715397.762516975402832,0.01706,0.00038,0.00085,0.00615,0.00001,0.00605,0.03050
1403715397.812518358230591,0.02004,0.00039,0.00024,0.00590,0.00021,0.00567,0.03244
1403715397.862518548965454,0.01782,0.00036,0.00021,0.00616,0.00068,0.00623,0.03145
1403715397.912518739700317,0.01597,0.00037,0.00003,0.00599,0.00000,0.00598,0.02834
1403715397.962518692016602,0.01894,0.00036,0.00157,0.00550,0.00137,0.00612,0.03386
1403715398.012518882751465,0.01627,0.00037,0.00075,0.00531,0.00000,0.00602,0.02872
1403715398.062519788742065,0.01611,0.00037,0.00065,0.00518,0.01332,0.00617,0.04179
1403715398.112519741058350,0.01763,0.00042,0.00100,0.00723,0.00015,0.00613,0.03256
1403715398.162519931793213,0.01632,0.00039,0.00031,0.00679,0.00362,0.00562,0.03305
1403715398.212521791458130,0.01805,0.00037,0.00773,0.00679,0.00541,0.00621,0.04455
1403715398.262522697448730,0.01595,0.00041,0.00038,0.00760,0.00047,0.00574,0.03055
1403715398.312524080276489,0.01666,0.00041,0.00530,0.00744,0.00386,0.00577,0.03943
1403715398.362524747848511,0.01582,0.00041,0.00060,0.00889,0.00001,0.00601,0.03173
1403715398.412524700164795,0.01633,0.00038,0.00612,0.00742,0.00007,0.00612,0.03645
1403715398.462524414062500,0.01598,0.00039,0.00008,0.00762,0.00000,0.00589,0.02998
1403715398.512524127960205,0.01676,0.00042,0.00003,0.00771,0.00343,0.00611,0.03447
1403715398.562522411346436,0.01725,0.00037,0.00508,0.00827,0.00379,0.00616,0.04093
1403715398.612521886825562,0.01606,0.00041,0.00483,0.00832,0.00000,0.00607,0.03569
1403715398.662522077560425,0.01534,0.00039,0.00167,0.00838,0.00383,0.00616,0.03576
1403715398.712522506713867,0.01822,0.00038,0.00071,0.00856,0.00000,0.00596,0.03384
1403715398.762522220611572,0.01680,0.00040,0.00479,0.00808,0.00384,0.00666,0.04056
1403715398.812522172927856,0.01627,0.00040,0.00714,0.00785,0.00196,0.00627,0.03989
1403715398.862521648406982,0.01658,0.00038,0.00140,0.00780,0.00000,0.00649,0.03266
1403715398.912520885467529,0.01489,0.00039,0.00017,0.00745,0.00455,0.00671,0.03417
1403715398.962519645690918,0.01733,0.00045,0.00082,0.00997,0.00001,0.00663,0.03520
1403715399.012518167495728,0.01621,0.00040,0.00194,0.00892,0.00570,0.00564,0.03880
1403715399.062517642974854,0.01829,0.00043,0.00004,0.00969,0.00000,0.00638,0.03483
1403715399.112516641616821,0.01584,0.00041,0.00177,0.00961,0.00000,0.00592,0.03356
1403715399.162517070770264,0.01565,0.00039,0.00349,0.00949,0.00000,0.00684,0.03586
1403715399.212517023086548,0.01616,0.00039,0.00174,0.00970,0.00000,0.00591,0.03392
1403715399.262517213821411,0.01632,0.00038,0.00826,0.00949,0.00000,0.00650,0.04095
1403715399.312516927719116,0.01550,0.00041,0.00048,0.00965,0.00000,0.00610,0.03214
1403715399.362514972686768,0.01650,0.00041,0.00339,0.00912,0.00000,0.00661,0.03603
1403715399.412514686584473,0.01514,0.00042,0.00032,0.00931,0.00000,0.00599,0.03119
1403715399.462515115737915,0.01580,0.00042,0.00024,0.00982,0.00052,0.00657,0.03337
1403715399.512513399124146,0.01612,0.00041,0.00649,0.00942,0.00000,0.00612,0.03858
1403715399.562512874603271,0.01647,0.00057,0.00003,0.00961,0.00001,0.00666,0.03335
1403715399.612512111663818,0.01870,0.00042,0.00205,0.00915,0.00000,0.00587,0.03620
1403715399.662511825561523,0.01942,0.00041,0.00011,0.00887,0.00000,0.00646,0.03527
1403715399.712511777877808,0.01716,0.00041,0.00021,0.00890,0.00204,0.00606,0.03478
1403715399.762513875961304,0.01702,0.00039,0.00186,0.00912,0.00048,0.00663,0.03550
1403715399.812514066696167,0.01665,0.00039,0.00171,0.00936,0.00000,0.00589,0.03401
1403715399.862514495849609,0.01621,0.00042,0.00850,0.00922,0.00000,0.00708,0.04143
1403715399.912515163421631,0.01619,0.00041,0.00048,0.00943,0.00001,0.00614,0.03266
1403715399.962515592575073,0.01669,0.00042,0.00339,0.00914,0.00001,0.00682,0.03646
1403715400.012515306472778,0.01587,0.00042,0.00607,0.00918,0.00000,0.00601,0.03755
1403715400.062515735626221,0.01677,0.00041,0.00020,0.00893,0.00000,0.00664,0.03296
1403715400.112515211105347,0.01666,0.00041,0.00562,0.00874,0.00204,0.00618,0.03964
1403715400.162514209747314,0.01802,0.00043,0.00004,0.00926,0.00000,0.00678,0.03453
1403715400.212513923645020,0.01647,0.00039,0.01413,0.00909,0.00000,0.00717,0.04725
1403715400.262514114379883,0.01610,0.00044,0.00003,0.00905,0.00000,0.00660,0.03223
1403715400.312514066696167,0.01697,0.00047,0.00339,0.00876,0.00000,0.00605,0.03565
1403715400.362513780593872,0.01660,0.00040,0.00184,0.00852,0.00050,0.00643,0.03429
1403715400.412513494491577,0.01624,0.00038,0.00168,0.00888,0.00000,0.00623,0.03341
1403715400.462511062622070,0.01693,0.00041,0.00780,0.00848,0.00004,0.00615,0.03982
1403715400.512509107589722,0.01627,0.00041,0.00207,0.00792,0.00117,0.00573,0.03357
1403715400.562507629394531,0.01685,0.00038,0.00004,0.00802,0.00410,0.00689,0.03629
1403715400.612507343292236,0.01657,0.00039,0.00499,0.00828,0.00002,0.00600,0.03625
1403715400.662506818771362,0.01634,0.00039,0.00029,0.00772,0.00000,0.00604,0.03079
1403715400.712506532669067,0.02207,0.00035,0.00344,0.00696,0.00543,0.00605,0.04431
1403715400.762506246566772,0.01692,0.00038,0.00020,0.00797,0.00048,0.00608,0.03204
1403715400.812505483627319,0.01707,0.00040,0.01109,0.00754,0.00250,0.00744,0.04605
1403715400.862505197525024,0.01816,0.00041,0.00018,0.00780,0.00000,0.00614,0.03270
1403715400.912504673004150,0.01701,0.00039,0.00024,0.00700,0.00355,0.00606,0.03425
1403715400.962503671646118,0.01711,0.00037,0.00058,0.00802,0.00168,0.00583,0.03361
1403715401.012503623962402,0.01697,0.00040,0.00013,0.00794,0.00230,0.00648,0.03422
1403715401.062503337860107,0.01522,0.00041,0.00612,0.00798,0.00445,0.00633,0.04051
1403715401.112501144409180,0.01702,0.00042,0.00057,0.00837,0.00226,0.00723,0.03587
1403715401.162501573562622,0.01629,0.00060,0.00028,0.00806,0.00047,0.00625,0.03195
1403715401.212500333786011,0.01576,0.00038,0.00014,0.00804,0.00047,0.00607,0.03086
1403715401.262498855590820,0.01779,0.00037,0.01359,0.00816,0.00091,0.00717,0.04800
1403715401.312497854232788,0.01626,0.00037,0.00004,0.00792,0.00416,0.00632,0.03506
1403715401.362496852874756,0.01584,0.00038,0.00003,0.00872,0.00000,0.00612,0.03109
1403715401.412498235702515,0.01763,0.00038,0.00988,0.00843,0.00384,0.00665,0.04682
1403715401.462499618530273,0.01589,0.00038,0.00029,0.00857,0.00000,0.00619,0.03132
1403715401.512498855590820,0.01611,0.00040,0.00003,0.00818,0.00196,0.00570,0.03239
1403715401.562498092651367,0.02037,0.00039,0.00028,0.00825,0.00088,0.00612,0.03629
1403715401.612497091293335,0.01787,0.00037,0.00055,0.00809,0.00198,0.00579,0.03464
1403715401.662495374679565,0.01609,0.00039,0.00551,0.00813,0.00252,0.00628,0.03892
1403715401.712494373321533,0.01580,0.00041,0.00080,0.00677,0.00078,0.00618,0.03074
1403715401.762491226196289,0.01659,0.00040,0.00234,0.00642,0.00072,0.00571,0.03218
1403715401.812492132186890,0.01794,0.00040,0.00133,0.00666,0.00082,0.00666,0.03381
1403715401.862494707107544,0.01619,0.00038,0.01007,0.00712,0.00460,0.00696,0.04532
1403715401.912497758865356,0.01701,0.00039,0.00046,0.00804,0.00078,0.00575,0.03242
1403715401.962498188018799,0.01630,0.00041,0.00004,0.00816,0.00001,0.00616,0.03108
1403715402.012497901916504,0.01623,0.00040,0.00633,0.00751,0.00330,0.00623,0.03999
1403715402.062497138977051,0.01583,0.00038,0.00027,0.00767,0.00002,0.00598,0.03016
1403715402.112494230270386,0.01585,0.00038,0.01433,0.00739,0.00814,0.00615,0.05224
1403715402.162492036819458,0.01592,0.00042,0.00037,0.00787,0.00048,0.00559,0.03064
1403715402.212491035461426,0.02042,0.00039,0.00033,0.00738,0.00001,0.00615,0.03466
1403715402.262489080429077,0.01677,0.00038,0.00220,0.00586,0.00595,0.00583,0.03700
1403715402.312485456466675,0.01676,0.00037,0.00026,0.00597,0.00002,0.00594,0.02931
1403715402.362485170364380,0.01845,0.00037,0.00025,0.00490,0.00071,0.00629,0.03096
1403715402.412485361099243,0.01648,0.00036,0.00100,0.00441,0.00119,0.00621,0.02964
1403715402.462486028671265,0.01625,0.00036,0.00041,0.00493,0.01410,0.00604,0.04209
1403715402.512487649917603,0.01682,0.00041,0.00176,0.00702,0.00117,0.00534,0.03251
1403715402.562487602233887,0.01570,0.00041,0.00051,0.00712,0.00000,0.00604,0.02979
1403715402.612488031387329,0.01583,0.00040,0.00185,0.00567,0.00263,0.00612,0.03250
1403715402.662488460540771,0.01940,0.00039,0.00040,0.00522,0.00055,0.00613,0.03209
1403715402.712486982345581,0.01649,0.00036,0.00695,0.00492,0.01084,0.00713,0.04669
1403715402.762486934661865,0.01639,0.00038,0.01383,0.00639,0.01005,0.00607,0.05311
1403715402.812487125396729,0.01625,0.00038,0.00044,0.00627,0.00000,0.00603,0.02938
1403715402.862487554550171,0.01718,0.00036,0.00034,0.00553,0.00140,0.00606,0.03088
1403715402.912487030029297,0.01836,0.00038,0.00040,0.00536,0.00072,0.00598,0.03119
1403715402.962486743927002,0.01621,0.00036,0.00058,0.00579,0.00000,0.00613,0.02907
1403715403.012485742568970,0.01780,0.00036,0.00160,0.00590,0.00034,0.00623,0.03224
1403715403.062485456466675,0.01707,0.00035,0.00257,0.00574,0.00000,0.00603,0.03175
1403715403.112484455108643,0.01573,0.00035,0.00072,0.00554,0.00001,0.00639,0.02875
1403715403.162483453750610,0.01787,0.00038,0.00193,0.00583,0.00001,0.00631,0.03232
1403715403.212480783462524,0.01531,0.00032,0.00283,0.00461,0.01338,0.00626,0.04271
1403715403.262478113174438,0.01635,0.00034,0.00109,0.00636,0.00141,0.00613,0.03169
1403715403.312476634979248,0.01556,0.00038,0.00231,0.00687,0.00422,0.00605,0.03539
1403715403.362473249435425,0.01614,0.00039,0.00978,0.00643,0.00230,0.00591,0.04094
1403715403.412472724914551,0.01575,0.00041,0.00198,0.00619,0.00110,0.00597,0.03139
1403715403.462472677230835,0.01842,0.00040,0.00021,0.00662,0.00189,0.00617,0.03371
1403715403.512473583221436,0.01566,0.00040,0.00005,0.00714,0.00000,0.00597,0.02921
1403715403.562474250793457,0.01584,0.00039,0.00354,0.00624,0.00458,0.00586,0.03643
1403715403.612475395202637,0.01824,0.00039,0.00003,0.00671,0.00036,0.00585,0.03159
1403715403.662476301193237,0.01546,0.00038,0.00035,0.00596,0.00045,0.00608,0.02867
1403715403.712474584579468,0.01659,0.00038,0.00603,0.00578,0.00509,0.00583,0.03969
1403715403.762474536895752,0.01602,0.00035,0.00072,0.00595,0.00062,0.00627,0.02993
1403715403.812474489212036,0.01613,0.00037,0.00012,0.00609,0.00410,0.00612,0.03293
1403715403.862473964691162,0.01499,0.00037,0.00062,0.00583,0.00224,0.00673,0.03078
1403715403.912473678588867,0.01570,0.00039,0.00025,0.00615,0.00305,0.00559,0.03113
1403715403.962472200393677,0.01459,0.00038,0.00601,0.00586,0.00762,0.00583,0.04028
1403715404.012471675872803,0.01639,0.00040,0.00096,0.00697,0.00213,0.00565,0.03250
1403715404.062471866607666,0.01516,0.00038,0.00126,0.00665,0.00184,0.00530,0.03060
1403715404.112471580505371,0.01795,0.00038,0.00032,0.00708,0.00000,0.00786,0.03359
1403715404.162471294403076,0.01666,0.00037,0.00376,0.00699,0.00255,0.00574,0.03606
1403715404.212470769882202,0.01635,0.00037,0.00111,0.00592,0.00036,0.00551,0.02962
1403715404.262470245361328,0.01463,0.00033,0.00138,0.00586,0.00304,0.00544,0.03068
1403715404.312471628189087,0.01792,0.00034,0.00081,0.00631,0.00515,0.00587,0.03639
1403715404.362471818923950,0.01454,0.00040,0.00069,0.00692,0.00000,0.00588,0.02844
1403715404.412472248077393,0.01500,0.00039,0.00436,0.00617,0.00656,0.00595,0.03843
1403715404.462472438812256,0.01455,0.00040,0.00079,0.00678,0.00241,0.00577,0.03070
1403715404.512473106384277,0.01803,0.00036,0.00071,0.00654,0.00000,0.00564,0.03129
1403715404.562473773956299,0.01576,0.00051,0.00108,0.00647,0.00395,0.00575,0.03351
1403715404.612474203109741,0.01450,0.00039,0.00123,0.00681,0.00203,0.00558,0.03053
1403715404.662474155426025,0.01543,0.00039,0.00155,0.00639,0.00508,0.00581,0.03465
1403715404.712473869323730,0.01549,0.00039,0.00085,0.00657,0.00490,0.00570,0.03390
1403715404.762473106384277,0.01533,0.00035,0.00507,0.00723,0.00245,0.00590,0.03634
1403715404.812472820281982,0.01642,0.00040,0.00044,0.00759,0.00069,0.00517,0.03071
1403715404.862472772598267,0.01431,0.00038,0.00770,0.00771,0.00066,0.00582,0.03658
1403715404.912472486495972,0.01418,0.00039,0.00094,0.00706,0.00038,0.00565,0.02859
1403715404.962472677230835,0.01608,0.00038,0.00028,0.00716,0.00000,0.00670,0.03061
1403715405.012473583221436,0.01532,0.00038,0.00009,0.00696,0.00318,0.00595,0.03189
1403715405.062475204467773,0.01433,0.00038,0.00163,0.00741,0.00371,0.00576,0.03322
1403715405.112477064132690,0.01672,0.00039,0.00083,0.00805,0.00000,0.00553,0.03152
1403715405.162479162216187,0.01644,0.00038,0.00042,0.00790,0.00232,0.00578,0.03324
1403715405.212480306625366,0.01387,0.00040,0.00006,0.00978,0.00008,0.00598,0.03017
1403715405.262481689453125,0.01582,0.00040,0.00114,0.00817,0.00166,0.00629,0.03348
1403715405.312485218048096,0.01398,0.00037,0.00154,0.00798,0.00199,0.00538,0.03124
1403715405.362484931945801,0.01628,0.00036,0.00295,0.00735,0.00067,0.00555,0.03317
1403715405.412484884262085,0.01464,0.00039,0.00045,0.00697,0.00112,0.00557,0.02913
1403715405.462485074996948,0.01431,0.00038,0.00500,0.00632,0.00754,0.00522,0.03877
1403715405.512485504150391,0.01594,0.00036,0.00024,0.00704,0.00528,0.00586,0.03473
1403715405.562485694885254,0.01437,0.00037,0.00009,0.00705,0.00000,0.00562,0.02749
1403715405.612485408782959,0.01452,0.00036,0.00029,0.00675,0.00038,0.00563,0.02793
1403715405.662486076354980,0.01793,0.00037,0.00043,0.00619,0.00235,0.00573,0.03300
1403715405.712487936019897,0.01504,0.00034,0.00048,0.00638,0.00326,0.00569,0.03120
1403715405.762488842010498,0.01436,0.00037,0.00096,0.00660,0.00000,0.00578,0.02807
1403715405.812489271163940,0.01386,0.00035,0.00063,0.00626,0.00642,0.00520,0.03272
1403715405.862489700317383,0.01406,0.00036,0.00087,0.00700,0.00000,0.00577,0.02807
1403715405.912489652633667,0.01415,0.00038,0.00629,0.00609,0.00741,0.00540,0.03972
1403715405.962487936019897,0.01650,0.00037,0.00076,0.00577,0.00443,0.00574,0.03358
1403715406.012486934661865,0.01663,0.00036,0.00036,0.00569,0.00000,0.00576,0.02880
1403715406.062486886978149,0.01526,0.00034,0.00148,0.00546,0.00997,0.00565,0.03815
1403715406.112487554550171,0.01473,0.00037,0.00032,0.00590,0.00063,0.00548,0.02742
1403715406.162487506866455,0.01456,0.00036,0.00010,0.00578,0.00000,0.00560,0.02641
1403715406.212489604949951,0.01987,0.00035,0.00575,0.00540,0.01208,0.00569,0.04913
1403715406.262490272521973,0.01323,0.00040,0.00061,0.00689,0.00062,0.00591,0.02766
1403715406.312491416931152,0.01418,0.00040,0.00022,0.00663,0.00010,0.00571,0.02723
1403715406.362492322921753,0.01511,0.00043,0.00018,0.00644,0.00000,0.00581,0.02798
1403715406.412492990493774,0.01359,0.00036,0.00032,0.00558,0.00000,0.00577,0.02562
1403715406.462493419647217,0.01450,0.00032,0.00030,0.00517,0.00000,0.00580,0.02609
1403715406.512492656707764,0.01941,0.00032,0.00554,0.00437,0.01271,0.00802,0.05036
1403715406.562493324279785,0.01513,0.00036,0.00364,0.00492,0.00474,0.00528,0.03406
1403715406.612494230270386,0.01459,0.00039,0.00074,0.00544,0.00063,0.00575,0.02755
1403715406.662495136260986,0.01492,0.00039,0.00053,0.00487,0.00195,0.00572,0.02838
1403715406.712496280670166,0.01459,0.00035,0.00022,0.00494,0.00093,0.00552,0.02653
1403715406.762497425079346,0.01374,0.00035,0.00031,0.00450,0.01268,0.00542,0.03700
1403715406.812497615814209,0.01816,0.00038,0.00339,0.00586,0.00273,0.00581,0.03633
1403715406.862496852874756,0.01495,0.00038,0.00041,0.00608,0.00100,0.00584,0.02866
1403715406.912497520446777,0.01726,0.00037,0.00004,0.00602,0.00033,0.00573,0.02975
1403715406.962497711181641,0.01463,0.00038,0.00009,0.00599,0.00000,0.00553,0.02664
1403715407.012498617172241,0.01450,0.00037,0.00035,0.00573,0.00042,0.00578,0.02715
1403715407.062500238418579,0.01423,0.00036,0.00820,0.00504,0.01100,0.00674,0.04558
1403715407.112501382827759,0.01424,0.00038,0.00557,0.00622,0.00150,0.00586,0.03378
1403715407.162502288818359,0.01705,0.00038,0.00396,0.00512,0.00277,0.00609,0.03537
1403715407.212503671646118,0.01488,0.00037,0.00061,0.00466,0.00037,0.00576,0.02665
1403715407.262505054473877,0.01477,0.00034,0.00034,0.00447,0.00206,0.00617,0.02815
1403715407.312505722045898,0.01868,0.00043,0.00013,0.00506,0.00036,0.00591,0.03058
1403715407.362508058547974,0.01463,0.00033,0.00212,0.00494,0.01212,0.00721,0.04136
1403715407.412512063980103,0.01422,0.00035,0.00022,0.00473,0.00110,0.00568,0.02628
1403715407.462514638900757,0.01810,0.00035,0.00058,0.00473,0.00000,0.00566,0.02942
1403715407.512515544891357,0.01561,0.00034,0.00113,0.00405,0.00061,0.00563,0.02736
1403715407.562516927719116,0.01559,0.00035,0.00166,0.00335,0.00001,0.00559,0.02654
1403715407.612517118453979,0.01634,0.00034,0.00123,0.00295,0.00035,0.00571,0.02692
1403715407.662517547607422,0.01624,0.00033,0.00305,0.00267,0.00442,0.00565,0.03236
1403715407.712518215179443,0.02158,0.00032,0.00446,0.00283,0.01890,0.00553,0.05363
1403715407.762517929077148,0.01856,0.00034,0.00064,0.00276,0.00005,0.00554,0.02789
1403715407.812517642974854,0.01846,0.00032,0.00064,0.00249,0.00004,0.00549,0.02744
1403715407.862516641616821,0.01808,0.00032,0.00127,0.00196,0.00127,0.00645,0.02935
1403715407.912516117095947,0.01803,0.00031,0.00072,0.00206,0.00009,0.00536,0.02658
1403715407.962516069412231,0.01979,0.00027,0.00097,0.00102,0.00004,0.00540,0.02750
1403715408.012516498565674,0.02234,0.00027,0.00069,0.00075,0.00006,0.00528,0.02938
1403715408.062517404556274,0.02261,0.00026,0.00093,0.00053,0.00034,0.00523,0.02989
1403715408.112518072128296,0.02891,0.00024,0.00082,0.00056,0.00000,0.00530,0.03584
1403715408.162518501281738,0.02607,0.00024,0.00038,0.00056,0.00000,0.00539,0.03264
1403715408.212519645690918,0.04195,0.00025,0.00116,0.00037,0.00018,0.00649,0.05039
1403715408.262520313262939,0.02534,0.00024,0.00098,0.00035,0.00163,0.00534,0.03387
1403715408.312520503997803,0.02077,0.00026,0.00014,0.00051,0.00096,0.00545,0.02810
1403715408.362520456314087,0.01686,0.00023,0.00040,0.00051,0.00000,0.00523,0.02324
1403715408.412520647048950,0.01886,0.00025,0.00105,0.00048,0.00134,0.00629,0.02826
1403715408.462520837783813,0.01814,0.00023,0.00068,0.00055,0.00131,0.00536,0.02627
1403715408.512522459030151,0.01668,0.00023,0.00179,0.00063,0.00193,0.00542,0.02668
1403715408.562522649765015,0.01928,0.00027,0.00079,0.00070,0.00022,0.00564,0.02690
1403715408.612522602081299,0.01843,0.00025,0.00037,0.00070,0.00063,0.00530,0.02569
1403715408.662522792816162,0.01714,0.00025,0.00091,0.00077,0.00280,0.00540,0.02728
1403715408.712523221969604,0.01590,0.00025,0.00050,0.00112,0.00224,0.00549,0.02551
1403715408.762523412704468,0.01624,0.00023,0.00058,0.00114,0.00645,0.00593,0.03057
1403715408.812523603439331,0.01713,0.00028,0.00152,0.00186,0.00396,0.00558,0.03033
1403715408.862524032592773,0.01575,0.00030,0.00126,0.00203,0.00626,0.00539,0.03100
1403715408.912524700164795,0.01829,0.00034,0.00162,0.00244,0.00000,0.00535,0.02804
1403715408.962524652481079,0.01868,0.00031,0.00044,0.00232,0.00134,0.00695,0.03004
1403715409.012524127960205,0.01492,0.00030,0.00061,0.00190,0.00205,0.00552,0.02530
1403715409.062524080276489,0.01793,0.00034,0.00110,0.00191,0.00076,0.00591,0.02796
1403715409.112524509429932,0.01651,0.00034,0.00091,0.00169,0.00667,0.00556,0.03166
1403715409.162522792816162,0.01687,0.00031,0.00040,0.00226,0.00530,0.00595,0.03109
1403715409.212520122528076,0.01523,0.00031,0.00120,0.00217,0.00449,0.00537,0.02877
1403715409.262519598007202,0.01536,0.00032,0.00078,0.00269,0.00217,0.00610,0.02743
1403715409.312519550323486,0.01565,0.00028,0.00059,0.00234,0.00006,0.00554,0.02447
1403715409.362516403198242,0.01641,0.00029,0.00095,0.00222,0.00317,0.00618,0.02922
1403715409.412514209747314,0.01594,0.00032,0.00054,0.00290,0.00039,0.00610,0.02618
1403715409.462512016296387,0.01756,0.00034,0.00076,0.00285,0.00810,0.00561,0.03523
1403715409.512510061264038,0.01717,0.00032,0.00172,0.00336,0.00462,0.00569,0.03288
1403715409.562509298324585,0.01800,0.00031,0.00023,0.00389,0.00000,0.00562,0.02806
1403715409.612509965896606,0.01379,0.00031,0.00020,0.00395,0.00610,0.00570,0.03005
1403715409.662509679794312,0.01892,0.00033,0.00018,0.00455,0.00000,0.00626,0.03025
1403715409.712509632110596,0.01423,0.00030,0.00003,0.00434,0.00282,0.00588,0.02760
1403715409.762509822845459,0.01419,0.00036,0.00036,0.00457,0.00146,0.00561,0.02654
1403715409.812510490417480,0.01367,0.00033,0.00013,0.00457,0.00316,0.00580,0.02766
1403715409.862510204315186,0.01757,0.00033,0.00045,0.00506,0.01058,0.00577,0.03976
1403715409.912509918212891,0.01492,0.00040,0.00026,0.00656,0.00380,0.00603,0.03196
1403715409.962511062622070,0.01654,0.00040,0.00665,0.00687,0.00216,0.00609,0.03870
1403715410.012510061264038,0.01480,0.00041,0.00563,0.00631,0.00000,0.00574,0.03289
1403715410.062508344650269,0.01434,0.00038,0.00340,0.00698,0.00146,0.00632,0.03288
1403715410.112506628036499,0.01495,0.00037,0.00141,0.00635,0.00301,0.00590,0.03200
1403715410.162505388259888,0.01492,0.00039,0.00058,0.00690,0.00000,0.00627,0.02907
1403715410.212504386901855,0.01960,0.00039,0.00006,0.00676,0.00118,0.00541,0.03340
1403715410.262502670288086,0.01493,0.00040,0.00164,0.00637,0.00000,0.00622,0.02956
1403715410.312503814697266,0.01480,0.00037,0.00116,0.00614,0.00007,0.00583,0.02836
1403715410.362505435943604,0.01355,0.00037,0.00065,0.00621,0.00149,0.00595,0.02821
1403715410.412504911422729,0.01394,0.00036,0.00354,0.00649,0.00283,0.00565,0.03280
1403715410.462502479553223,0.01601,0.00038,0.00051,0.00687,0.00007,0.00602,0.02986
1403715410.512498140335083,0.01370,0.00038,0.00684,0.00662,0.00657,0.00675,0.04086
1403715410.562496900558472,0.01515,0.00041,0.00490,0.00698,0.00000,0.00585,0.03329
1403715410.612494468688965,0.01459,0.00040,0.00363,0.00784,0.00052,0.00603,0.03300
1403715410.662492752075195,0.01395,0.00042,0.00229,0.00728,0.00036,0.00581,0.03011
1403715410.712494373321533,0.01335,0.00038,0.00017,0.00708,0.00137,0.00576,0.02812
1403715410.762498855590820,0.01750,0.00042,0.00456,0.00683,0.00245,0.00585,0.03761
1403715410.812502384185791,0.01442,0.00041,0.00026,0.00761,0.00049,0.00584,0.02903
1403715410.862504720687866,0.01415,0.00040,0.00048,0.00746,0.00002,0.00559,0.02810
1403715410.912502288818359,0.01772,0.00038,0.00117,0.00710,0.00010,0.00571,0.03217
1403715410.962496995925903,0.01377,0.00040,0.00128,0.00704,0.00000,0.00566,0.02815
1403715411.012492895126343,0.01426,0.00038,0.00641,0.00675,0.00147,0.00556,0.03484
1403715411.062492132186890,0.01467,0.00038,0.00024,0.00697,0.00007,0.00587,0.02820
1403715411.112491607666016,0.01501,0.00037,0.00045,0.00677,0.00928,0.00576,0.03764
1403715411.162491321563721,0.01373,0.00042,0.00352,0.00853,0.00001,0.00579,0.03199
1403715411.212490320205688,0.01493,0.00040,0.00646,0.00786,0.00007,0.00558,0.03529
1403715411.262489080429077,0.01337,0.00039,0.00201,0.00798,0.00036,0.00596,0.03007
1403715411.312487840652466,0.01587,0.00046,0.00092,0.00818,0.00137,0.00733,0.03414
1403715411.362487554550171,0.01358,0.00037,0.00389,0.00950,0.00001,0.00589,0.03324
1403715411.412486076354980,0.01388,0.00040,0.00004,0.00835,0.00000,0.00580,0.02846
1403715411.462483882904053,0.01371,0.00039,0.01141,0.00944,0.00001,0.00908,0.04403
1403715411.512484788894653,0.01677,0.00041,0.00039,0.00843,0.00001,0.00633,0.03233
1403715411.562487602233887,0.01560,0.00048,0.00004,0.00852,0.00001,0.00583,0.03048
1403715411.612490653991699,0.01408,0.00038,0.00581,0.00745,0.00050,0.00591,0.03413
1403715411.662492990493774,0.01357,0.00040,0.00004,0.00784,0.00006,0.00581,0.02773
1403715411.712494373321533,0.01453,0.00041,0.00013,0.00799,0.00255,0.00593,0.03155
1403715411.762495040893555,0.01426,0.00040,0.00341,0.00800,0.00000,0.00574,0.03182
1403715411.812494516372681,0.01336,0.00058,0.00362,0.00807,0.00000,0.00573,0.03136
1403715411.862494945526123,0.01467,0.00039,0.00147,0.00818,0.00000,0.00574,0.03045
1403715411.912494182586670,0.01352,0.00043,0.00013,0.00832,0.00001,0.00555,0.02796
1403715411.962494134902954,0.01377,0.00041,0.00382,0.00803,0.00000,0.00581,0.03185
1403715412.012494087219238,0.01373,0.00039,0.00003,0.00803,0.00000,0.00561,0.02779
1403715412.062494039535522,0.01430,0.00037,0.01084,0.00794,0.00001,0.00573,0.03918
1403715412.112494468688965,0.01401,0.00041,0.00029,0.00792,0.00049,0.00590,0.02902
1403715412.162494421005249,0.01647,0.00040,0.00003,0.00838,0.00000,0.00583,0.03112
1403715412.212494134902954,0.01501,0.00039,0.00581,0.00809,0.00000,0.00582,0.03512
1403715412.262494087219238,0.01356,0.00041,0.00016,0.00908,0.00001,0.00568,0.02889
1403715412.312494516372681,0.01469,0.00042,0.00013,0.00832,0.00000,0.00579,0.02937
1403715412.362493991851807,0.01432,0.00037,0.00341,0.00801,0.00000,0.00581,0.03192
1403715412.412493705749512,0.01663,0.00038,0.00361,0.00810,0.00000,0.00589,0.03463
1403715412.462493896484375,0.01439,0.00040,0.00149,0.00820,0.00000,0.00579,0.03028
1403715412.512493133544922,0.01420,0.00040,0.00029,0.00789,0.00000,0.00575,0.02855
1403715412.562493801116943,0.01542,0.00039,0.00330,0.00771,0.00037,0.00571,0.03290
1403715412.612494230270386,0.01511,0.00038,0.00010,0.00798,0.00000,0.00617,0.02974
1403715412.662494182586670,0.01453,0.00040,0.00819,0.00782,0.00204,0.00584,0.03883
1403715412.712492942810059,0.01453,0.00041,0.01176,0.00809,0.00000,0.00594,0.04072
1403715412.762494564056396,0.01450,0.00039,0.00018,0.00799,0.00000,0.00586,0.02893
1403715412.812494993209839,0.01498,0.00039,0.00457,0.00837,0.00013,0.00586,0.03430
1403715412.862496376037598,0.01421,0.00040,0.00016,0.00813,0.00007,0.00556,0.02853
1403715412.912496805191040,0.01367,0.00041,0.00015,0.00788,0.00007,0.00588,0.02806
1403715412.962497711181641,0.01565,0.00039,0.00166,0.00784,0.00199,0.00619,0.03373
1403715413.012497425079346,0.01381,0.00040,0.00352,0.00821,0.00007,0.00575,0.03176
1403715413.062497377395630,0.01416,0.00041,0.00123,0.00803,0.00036,0.00584,0.03003
1403715413.112497091293335,0.01474,0.00041,0.00013,0.00806,0.00006,0.00578,0.02918
1403715413.162496805191040,0.01432,0.00037,0.00194,0.00798,0.00038,0.00573,0.03071
1403715413.212496280670166,0.01444,0.00041,0.00010,0.00806,0.00000,0.00586,0.02888
1403715413.262493610382080,0.01412,0.00039,0.00686,0.00791,0.00197,0.00604,0.03728
1403715413.312493085861206,0.01368,0.00035,0.00935,0.00724,0.00000,0.00567,0.03630
1403715413.362492799758911,0.01316,0.00039,0.00031,0.00740,0.00046,0.00650,0.02822
1403715413.412492990493774,0.01481,0.00039,0.00317,0.00698,0.00056,0.00576,0.03168
1403715413.462492942810059,0.01366,0.00039,0.00035,0.00704,0.00006,0.00570,0.02721
1403715413.512492418289185,0.01914,0.00038,0.00026,0.00691,0.00140,0.00584,0.03393
1403715413.562492847442627,0.02178,0.00037,0.00029,0.00781,0.00404,0.00613,0.04043
1403715413.612492799758911,0.01688,0.00041,0.00532,0.00820,0.00343,0.00629,0.04053
1403715413.662492513656616,0.01825,0.00039,0.00327,0.00838,0.00080,0.00608,0.03717
1403715413.712491750717163,0.01550,0.00039,0.00043,0.00810,0.00119,0.00611,0.03173
1403715413.762491464614868,0.01558,0.00040,0.00207,0.00769,0.00000,0.00600,0.03174
1403715413.812492370605469,0.01558,0.00041,0.00075,0.00637,0.00010,0.00585,0.02906
1403715413.862493276596069,0.01559,0.00039,0.00360,0.00526,0.00386,0.00592,0.03462
1403715413.912492752075195,0.02017,0.00040,0.00702,0.00524,0.00250,0.00651,0.04184
1403715413.962491989135742,0.01585,0.00038,0.00192,0.00451,0.00058,0.00572,0.02896
1403715414.012492418289185,0.01544,0.00037,0.00079,0.00470,0.00128,0.00580,0.02839
1403715414.062494039535522,0.01554,0.00037,0.00362,0.00431,0.00422,0.00575,0.03381
1403715414.112494707107544,0.01601,0.00037,0.00488,0.00493,0.00642,0.00577,0.03838
1403715414.162494897842407,0.01431,0.00039,0.00024,0.00582,0.00004,0.00557,0.02636
1403715414.212495803833008,0.01571,0.00035,0.00052,0.00571,0.00177,0.00585,0.02990
1403715414.262495994567871,0.01391,0.00044,0.00004,0.00601,0.00100,0.00568,0.02709
1403715414.312495708465576,0.01618,0.00037,0.00021,0.00600,0.00000,0.00906,0.03182
1403715414.362494945526123,0.01434,0.00056,0.00017,0.00562,0.00000,0.00755,0.02823
1403715414.412493944168091,0.01448,0.00037,0.00003,0.00551,0.00037,0.00581,0.02657
1403715414.462492465972900,0.01422,0.00036,0.00758,0.00532,0.00573,0.00622,0.03942
1403715414.512492179870605,0.01411,0.00038,0.00003,0.00638,0.00374,0.00596,0.03061
1403715414.562492132186890,0.01384,0.00037,0.00003,0.00692,0.00000,0.00583,0.02700
1403715414.612492084503174,0.01409,0.00038,0.00004,0.00736,0.00007,0.00579,0.02772
1403715414.662488937377930,0.01373,0.00037,0.00273,0.00668,0.00346,0.00588,0.03285
1403715414.712485074996948,0.01386,0.00039,0.00613,0.00694,0.00065,0.00567,0.03365
1403715414.762484788894653,0.01323,0.00104,0.00114,0.00779,0.00010,0.00571,0.02901
1403715414.812484502792358,0.01421,0.00038,0.00035,0.00651,0.00002,0.00655,0.02803
1403715414.862483501434326,0.02053,0.00034,0.00066,0.00627,0.00099,0.00589,0.03468
1403715414.912483215332031,0.01563,0.00037,0.00014,0.00604,0.00001,0.00581,0.02800
1403715414.962482213973999,0.01575,0.00038,0.00009,0.00600,0.00000,0.00575,0.02796
1403715415.012481689453125,0.01545,0.00036,0.00034,0.00594,0.00035,0.00610,0.02854
1403715415.062477588653564,0.01518,0.00037,0.00631,0.00586,0.00129,0.00587,0.03488
1403715415.112477302551270,0.01530,0.00037,0.00050,0.00545,0.00010,0.00582,0.02753
1403715415.162477016448975,0.01595,0.00050,0.00049,0.00526,0.00000,0.00580,0.02801
1403715415.212476968765259,0.01557,0.00038,0.00144,0.00426,0.00064,0.00558,0.02787
1403715415.262476921081543,0.01343,0.00037,0.00015,0.00443,0.00274,0.00587,0.02700
1403715415.312476158142090,0.01414,0.00039,0.00349,0.00392,0.00565,0.00551,0.03310
1403715415.362476348876953,0.01975,0.00035,0.00065,0.00526,0.00110,0.00600,0.03312
1403715415.412475824356079,0.01620,0.00035,0.00753,0.00456,0.00487,0.00531,0.03884
1403715415.462475538253784,0.01575,0.00037,0.00028,0.00516,0.00010,0.00588,0.02754
1403715415.512475013732910,0.01574,0.00036,0.00024,0.00475,0.00038,0.00591,0.02737
1403715415.562474727630615,0.02170,0.00035,0.00047,0.00441,0.00036,0.00587,0.03316
1403715415.612475156784058,0.01648,0.00033,0.00033,0.00429,0.00023,0.00579,0.02746
1403715415.662477254867554,0.01636,0.00032,0.00225,0.00411,0.00703,0.00712,0.03718
1403715415.712479114532471,0.01733,0.00038,0.00067,0.00465,0.00007,0.00606,0.02916
1403715415.762478828430176,0.01643,0.00035,0.00071,0.00489,0.00002,0.00620,0.02860
1403715415.812476396560669,0.01485,0.00035,0.00088,0.00406,0.00002,0.00584,0.02600
1403715415.862476110458374,0.01680,0.00067,0.00010,0.00418,0.00006,0.00605,0.02787
1403715415.912485599517822,0.01530,0.00033,0.00480,0.00450,0.01139,0.00717,0.04350
1403715415.962488651275635,0.01487,0.00036,0.00027,0.00485,0.00000,0.00592,0.02628
1403715416.012499809265137,0.01567,0.00037,0.00484,0.00500,0.00570,0.00575,0.03733
1403715416.062498807907104,0.01468,0.00039,0.00023,0.00595,0.00115,0.00562,0.02802
1403715416.112499475479126,0.01494,0.00038,0.00214,0.00634,0.00061,0.00589,0.03030
1403715416.162499666213989,0.01490,0.00038,0.00003,0.00640,0.00112,0.00556,0.02840
1403715416.212499856948853,0.01525,0.00039,0.00004,0.00648,0.00007,0.00593,0.02815
1403715416.262500524520874,0.01686,0.00081,0.00527,0.00657,0.00235,0.00555,0.03741
1403715416.312500953674316,0.01468,0.00039,0.00004,0.00658,0.00007,0.00597,0.02772
1403715416.362501144409180,0.01444,0.00039,0.00004,0.00632,0.00007,0.00593,0.02719
1403715416.412501335144043,0.01642,0.00040,0.00039,0.00578,0.00007,0.00581,0.02886
1403715416.462501525878906,0.01417,0.00036,0.00019,0.00547,0.00007,0.00581,0.02607
1403715416.512501478195190,0.01444,0.00036,0.00070,0.00533,0.00107,0.00587,0.02777
1403715416.562501192092896,0.01433,0.00037,0.00016,0.00524,0.00002,0.00600,0.02611
1403715416.612501859664917,0.01529,0.00036,0.00034,0.00528,0.00179,0.00578,0.02883
1403715416.662501811981201,0.01435,0.00034,0.00004,0.00525,0.00013,0.00599,0.02609
1403715416.712501764297485,0.01431,0.00035,0.00127,0.00497,0.00248,0.00605,0.02942
1403715416.762501716613770,0.01510,0.00035,0.00003,0.00492,0.00000,0.00587,0.02628
1403715416.812501907348633,0.01496,0.00035,0.00031,0.00588,0.00007,0.00620,0.02778
1403715416.862501621246338,0.01418,0.00033,0.00036,0.00473,0.00520,0.00550,0.03029
1403715416.912501811981201,0.01483,0.00035,0.00018,0.00506,0.00007,0.00612,0.02661
1403715416.962501525878906,0.01460,0.00034,0.00015,0.00511,0.00007,0.00586,0.02613
1403715417.012501716613770,0.01491,0.00034,0.00016,0.00525,0.00019,0.00601,0.02685
1403715417.062501907348633,0.01433,0.00033,0.00004,0.00510,0.00012,0.00608,0.02600
1403715417.112501859664917,0.01503,0.00035,0.00057,0.00515,0.00123,0.00606,0.02838
1403715417.162501811981201,0.01446,0.00034,0.00003,0.00519,0.00007,0.00603,0.02612
1403715417.212501764297485,0.01491,0.00034,0.00014,0.00515,0.00453,0.00575,0.03082
1403715417.262501716613770,0.01475,0.00048,0.00005,0.00569,0.00013,0.00597,0.02707
1403715417.312501907348633,0.01497,0.00036,0.00233,0.00536,0.00087,0.00605,0.02995
1403715417.362501859664917,0.01413,0.00036,0.00004,0.00605,0.00000,0.00584,0.02641
1403715417.412501811981201,0.01467,0.00035,0.00004,0.00546,0.00013,0.00635,0.02700
1403715417.462501764297485,0.01440,0.00036,0.00014,0.00560,0.00045,0.00585,0.02678
1403715417.512501716613770,0.01405,0.00036,0.00004,0.00551,0.00010,0.00595,0.02601
1403715417.562501907348633,0.01456,0.00037,0.00003,0.00542,0.00010,0.00585,0.02633
1403715417.612501859664917,0.01497,0.00037,0.00004,0.00546,0.00023,0.00612,0.02718
1403715417.662501811981201,0.01490,0.00036,0.00004,0.00542,0.00014,0.00578,0.02664
1403715417.712501764297485,0.01484,0.00037,0.00068,0.00547,0.00123,0.00594,0.02852
1403715417.762501716613770,0.01445,0.00036,0.00004,0.00542,0.00008,0.00670,0.02706
1403715417.812501907348633,0.01718,0.00038,0.00016,0.00595,0.00158,0.00621,0.03145
1403715417.862501859664917,0.01455,0.00036,0.00004,0.00550,0.00017,0.00654,0.02716
1403715417.912501811981201,0.01516,0.00036,0.00234,0.00538,0.00090,0.00611,0.03026
1403715417.962501764297485,0.01531,0.00037,0.00003,0.00542,0.00000,0.00605,0.02719
1403715418.012501716613770,0.01440,0.00038,0.00004,0.00548,0.00013,0.00609,0.02651
1403715418.062501907348633,0.01467,0.00036,0.00014,0.00543,0.00045,0.00572,0.02677
1403715418.112501859664917,0.01498,0.00037,0.00004,0.00568,0.00010,0.00607,0.02723
1403715418.162501811981201,0.01416,0.00035,0.00004,0.00544,0.00011,0.00584,0.02593
1403715418.212501764297485,0.01491,0.00036,0.00004,0.00547,0.00022,0.00579,0.02680
1403715418.262501716613770,0.01404,0.00045,0.00005,0.00566,0.00013,0.00593,0.02626
1403715418.312501907348633,0.01472,0.00038,0.00059,0.00547,0.00117,0.00640,0.02874
1403715418.362501859664917,0.01434,0.00035,0.00003,0.00546,0.00006,0.00577,0.02601
1403715418.412501811981201,0.01446,0.00035,0.00014,0.00549,0.00143,0.00617,0.02804
1403715418.462501764297485,0.01461,0.00032,0.00004,0.00545,0.00012,0.00579,0.02632
1403715418.512501716613770,0.01825,0.00037,0.00243,0.00539,0.00084,0.00607,0.03335
1403715418.562501907348633,0.01461,0.00037,0.00009,0.00539,0.00000,0.00582,0.02628
1403715418.612501859664917,0.01548,0.00036,0.00009,0.00542,0.00013,0.00604,0.02752
1403715418.662501811981201,0.01403,0.00037,0.00013,0.00539,0.00046,0.00562,0.02600
1403715418.712501764297485,0.01445,0.00036,0.00003,0.00542,0.00010,0.00583,0.02620
1403715418.762501716613770,0.01392,0.00036,0.00003,0.00537,0.00010,0.00584,0.02562
1403715418.812501907348633,0.01426,0.00038,0.00004,0.00540,0.00019,0.00583,0.02609
