# timestamp (sec),tracking,propagation,msckf update,slam update,slam delayed,re-tri & marg,total
1403715278.862143039703369,0.00459,0.00009,0.00006,0.00000,0.00000,0.00257,0.00732
1403715278.911344289779663,0.00549,0.00012,0.00001,0.00000,0.00745,0.00205,0.01512
1403715278.961307048797607,0.00665,0.00015,0.00004,0.00222,0.00000,0.00179,0.01085
1403715279.011283874511719,0.00670,0.00022,0.00005,0.00219,0.00000,0.00185,0.01100
1403715279.061259269714355,0.00648,0.00016,0.00001,0.00220,0.00000,0.00182,0.01067
1403715279.111096620559692,0.00625,0.00016,0.00001,0.00211,0.00000,0.00183,0.01035
1403715279.161047458648682,0.00635,0.00015,0.00004,0.00223,0.00000,0.00205,0.01081
1403715279.211066484451294,0.00690,0.00017,0.00001,0.00229,0.00000,0.00246,0.01183
1403715279.260982036590576,0.00627,0.00015,0.00001,0.00215,0.00000,0.00188,0.01045
1403715279.310873031616211,0.00621,0.00016,0.00001,0.00215,0.00000,0.00222,0.01075
1403715279.361060142517090,0.00617,0.00016,0.00001,0.00216,0.00000,0.00193,0.01043
1403715279.411281824111938,0.00658,0.00016,0.00001,0.00226,0.00000,0.00183,0.01083
1403715279.461423873901367,0.00553,0.00016,0.00001,0.00242,0.00000,0.00215,0.01027
1403715279.511412858963013,0.00570,0.00015,0.00001,0.00213,0.00008,0.00170,0.00977
1403715279.561339139938354,0.00557,0.00015,0.00001,0.00221,0.00000,0.00175,0.00970
1403715279.611321210861206,0.00550,0.00015,0.00001,0.00241,0.00000,0.00187,0.00994
1403715279.661344289779663,0.00571,0.00016,0.00001,0.00225,0.00000,0.00208,0.01020
1403715279.711431503295898,0.00562,0.00016,0.00001,0.00218,0.00000,0.00175,0.00972
1403715279.761425971984863,0.00572,0.00017,0.00001,0.00218,0.00000,0.00181,0.00989
1403715279.811478614807129,0.00626,0.00015,0.00001,0.00226,0.00000,0.00201,0.01069
1403715279.861434936523438,0.00703,0.00022,0.00001,0.00228,0.00000,0.00194,0.01148
1403715279.911421775817871,0.00559,0.00015,0.00001,0.00212,0.00000,0.00200,0.00988
1403715279.961389780044556,0.00718,0.00015,0.00003,0.00233,0.00000,0.00214,0.01183
1403715280.011302709579468,0.00700,0.00015,0.00001,0.00212,0.00000,0.00221,0.01149
1403715280.061272621154785,0.00652,0.00015,0.00001,0.00212,0.00000,0.00190,0.01070
1403715280.111313819885254,0.00678,0.00022,0.00008,0.00348,0.00013,0.00233,0.01303
1403715280.161630630493164,0.00662,0.00027,0.00001,0.00223,0.00000,0.00178,0.01091
1403715280.212008953094482,0.00617,0.00015,0.00004,0.00220,0.00000,0.00183,0.01040
1403715280.262569904327393,0.00569,0.00015,0.00001,0.00218,0.00000,0.00209,0.01011
1403715280.312647581100464,0.00644,0.00016,0.00001,0.00224,0.00000,0.00206,0.01091
1403715280.362658739089966,0.00561,0.00015,0.00001,0.00218,0.00000,0.00193,0.00987
1403715280.412596225738525,0.00590,0.00019,0.00001,0.00227,0.00195,0.00210,0.01242
1403715280.462393760681152,0.00533,0.00016,0.00001,0.00233,0.00000,0.00181,0.00963
1403715280.512289524078369,0.00817,0.00015,0.00004,0.00219,0.00000,0.00196,0.01252
1403715280.562126636505127,0.00775,0.00031,0.00012,0.00391,0.00000,0.00265,0.01474
1403715280.612076759338379,0.00661,0.00016,0.00005,0.00223,0.00000,0.00259,0.01164
1403715280.662006855010986,0.00663,0.00016,0.00001,0.00209,0.00000,0.00181,0.01070
1403715280.711982488632202,0.00692,0.00023,0.00018,0.00264,0.00044,0.00193,0.01235
1403715280.761944293975830,0.00548,0.00015,0.00001,0.00212,0.00000,0.00195,0.00970
1403715280.811905860900879,0.00600,0.00014,0.00004,0.00209,0.00000,0.00192,0.01019
1403715280.861919641494751,0.00634,0.00015,0.00001,0.00215,0.00000,0.00200,0.01065
1403715280.911982297897339,0.00566,0.00016,0.00004,0.00192,0.00000,0.00203,0.00981
1403715280.962109804153442,0.00669,0.00015,0.00110,0.00191,0.00000,0.00218,0.01204
1403715281.012147903442383,0.00732,0.00016,0.00007,0.00183,0.00052,0.00207,0.01198
1403715281.062130451202393,0.00669,0.00015,0.00064,0.00208,0.00827,0.00201,0.01984
1403715281.112126111984253,0.00620,0.00015,0.00001,0.00298,0.00000,0.00215,0.01150
1403715281.162149906158447,0.00613,0.00016,0.00003,0.00277,0.00000,0.00209,0.01118
1403715281.212199687957764,0.00885,0.00018,0.00004,0.00277,0.00000,0.00189,0.01374
1403715281.262358427047729,0.00633,0.00016,0.00005,0.00261,0.00000,0.00200,0.01116
1403715281.312464952468872,0.00665,0.00015,0.00011,0.00283,0.00000,0.00221,0.01196
1403715281.362478017807007,0.00825,0.00017,0.00003,0.00261,0.00000,0.00213,0.01320
1403715281.412552118301392,0.00695,0.00016,0.00001,0.00264,0.00000,0.00219,0.01195
1403715281.462616205215454,0.00794,0.00017,0.00004,0.00262,0.00000,0.00218,0.01295
1403715281.512597560882568,0.00746,0.00017,0.00001,0.00261,0.00000,0.00216,0.01240
1403715281.562578678131104,0.00725,0.00016,0.00004,0.00254,0.00000,0.00199,0.01199
1403715281.612574100494385,0.00691,0.00025,0.00002,0.00290,0.00005,0.00191,0.01204
1403715281.662568092346191,0.00668,0.00016,0.00001,0.00224,0.00000,0.00215,0.01124
1403715281.712555170059204,0.00649,0.00016,0.00010,0.00233,0.00001,0.00223,0.01132
1403715281.762436389923096,0.00784,0.00023,0.00077,0.00311,0.01562,0.00236,0.02992
1403715281.812469244003296,0.00714,0.00018,0.00001,0.00369,0.00000,0.00181,0.01284
1403715281.862438440322876,0.00580,0.00017,0.00014,0.00308,0.00001,0.00187,0.01106
1403715281.912479877471924,0.00670,0.00018,0.00011,0.00311,0.00017,0.00187,0.01214
1403715281.962468385696411,0.00612,0.00016,0.00001,0.00321,0.00000,0.00191,0.01141
1403715282.012497663497925,0.00668,0.00021,0.00001,0.00346,0.00000,0.00211,0.01246
1403715282.062476634979248,0.00672,0.00017,0.00001,0.00331,0.00000,0.00205,0.01225
1403715282.112495183944702,0.00641,0.00016,0.00001,0.00327,0.00000,0.00202,0.01188
1403715282.162562131881714,0.00657,0.00018,0.00001,0.00315,0.00000,0.00220,0.01211
1403715282.212563276290894,0.00641,0.00016,0.00004,0.00308,0.00017,0.00206,0.01192
1403715282.262617826461792,0.00690,0.00017,0.00003,0.00319,0.00000,0.00197,0.01227
1403715282.312596559524536,0.00716,0.00016,0.00001,0.00307,0.00000,0.00203,0.01243
1403715282.362578392028809,0.00645,0.00017,0.00005,0.00305,0.00021,0.00194,0.01188
1403715282.412563800811768,0.00658,0.00019,0.00007,0.00280,0.00000,0.00213,0.01178
1403715282.462547779083252,0.00612,0.00016,0.00006,0.00256,0.00003,0.00182,0.01075
1403715282.512516975402832,0.00701,0.00017,0.00001,0.00263,0.00040,0.00192,0.01215
1403715282.562532663345337,0.00659,0.00028,0.00001,0.00441,0.00000,0.00252,0.01381
1403715282.612542867660522,0.00567,0.00018,0.00003,0.00263,0.00000,0.00223,0.01074
1403715282.662558555603027,0.00626,0.00016,0.00001,0.00359,0.00000,0.00220,0.01222
1403715282.712537288665771,0.00597,0.00016,0.00001,0.00259,0.00000,0.00198,0.01071
1403715282.762539863586426,0.00576,0.00015,0.00004,0.00282,0.00000,0.00245,0.01122
1403715282.812560081481934,0.01095,0.00040,0.00006,0.00360,0.00000,0.00193,0.01694
1403715282.862515687942505,0.00646,0.00015,0.00016,0.00252,0.00001,0.00191,0.01121
1403715282.912503004074097,0.00744,0.00016,0.00001,0.00263,0.00000,0.00207,0.01231
1403715282.962493181228638,0.00705,0.00018,0.00001,0.00249,0.00065,0.00191,0.01229
1403715283.012470722198486,0.00621,0.00017,0.00004,0.00260,0.00000,0.00195,0.01096
1403715283.062475919723511,0.00637,0.00015,0.00001,0.00275,0.00000,0.00213,0.01139
1403715283.112472772598267,0.00714,0.00018,0.00001,0.00240,0.00000,0.00232,0.01205
1403715283.162466049194336,0.00701,0.00017,0.00009,0.00245,0.00015,0.00249,0.01234
1403715283.212455272674561,0.00811,0.00016,0.00004,0.00285,0.00000,0.00219,0.01335
1403715283.262438535690308,0.00719,0.00015,0.00001,0.00240,0.00000,0.00214,0.01190
1403715283.312426328659058,0.00725,0.00016,0.00001,0.00327,0.00000,0.00228,0.01298
1403715283.362416982650757,0.00715,0.00024,0.00756,0.00349,0.03162,0.00230,0.05235
1403715283.412359237670898,0.00777,0.00033,0.00002,0.00763,0.00000,0.00223,0.01799
1403715283.462287425994873,0.00750,0.00030,0.00054,0.00820,0.00002,0.00303,0.01959
1403715283.512188911437988,0.00882,0.00036,0.00002,0.00627,0.00000,0.00233,0.01781
1403715283.562173843383789,0.00762,0.00025,0.00011,0.00420,0.00030,0.00206,0.01454
1403715283.612168312072754,0.00648,0.00017,0.00007,0.00426,0.00000,0.00199,0.01297
1403715283.662225008010864,0.00683,0.00019,0.00001,0.00411,0.00000,0.00216,0.01331
1403715283.712300539016724,0.00684,0.00019,0.00006,0.00415,0.00000,0.00221,0.01345
1403715283.762370347976685,0.00768,0.00019,0.00001,0.00389,0.00000,0.00196,0.01373
1403715283.812414646148682,0.00721,0.00018,0.00001,0.00386,0.00000,0.00208,0.01334
1403715283.862434148788452,0.00679,0.00017,0.00001,0.00375,0.00000,0.00235,0.01308
1403715283.912435054779053,0.00742,0.00017,0.00001,0.00388,0.00000,0.00217,0.01365
1403715283.962461948394775,0.00643,0.00017,0.00083,0.00378,0.00842,0.00205,0.02168
1403715284.012491703033447,0.00734,0.00020,0.00001,0.00539,0.00000,0.00214,0.01509
1403715284.062544345855713,0.00644,0.00019,0.00001,0.00535,0.00000,0.00206,0.01405
1403715284.112572431564331,0.00729,0.00018,0.00010,0.00531,0.00000,0.00218,0.01506
1403715284.162534475326538,0.00707,0.00021,0.00005,0.00497,0.00063,0.00198,0.01491
1403715284.212501049041748,0.00732,0.00018,0.00006,0.00502,0.00000,0.00238,0.01497
1403715284.262480735778809,0.00630,0.00018,0.00001,0.00486,0.00000,0.00202,0.01336
1403715284.312436819076538,0.00686,0.00019,0.00001,0.00510,0.00000,0.00204,0.01420
1403715284.362429141998291,0.00694,0.00019,0.00001,0.00490,0.00000,0.00212,0.01416
1403715284.412473440170288,0.00703,0.00019,0.00001,0.00513,0.00000,0.00223,0.01459
1403715284.462430715560913,0.00736,0.00018,0.00001,0.00477,0.00000,0.00208,0.01440
1403715284.512442588806152,0.00676,0.00018,0.00040,0.00476,0.00001,0.00237,0.01447
1403715284.562427520751953,0.00718,0.00018,0.00001,0.00456,0.00061,0.00213,0.01468
1403715284.612418651580811,0.00709,0.00019,0.00001,0.00458,0.00000,0.00198,0.01385
1403715284.662440538406372,0.00615,0.00018,0.00007,0.00438,0.00000,0.00192,0.01270
1403715284.712418794631958,0.00651,0.00020,0.00006,0.00440,0.00021,0.00203,0.01341
1403715284.762412309646606,0.00647,0.00019,0.00001,0.00457,0.00000,0.00203,0.01326
1403715284.812389612197876,0.00624,0.00020,0.00001,0.00482,0.00000,0.00218,0.01345
1403715284.862384080886841,0.00650,0.00018,0.00001,0.00451,0.00000,0.00213,0.01334
1403715284.912384748458862,0.00619,0.00020,0.00001,0.00474,0.00000,0.00207,0.01322
1403715284.962393760681152,0.00692,0.00018,0.00001,0.00461,0.00000,0.00212,0.01385
1403715285.012404918670654,0.00660,0.00018,0.00001,0.00488,0.00000,0.00243,0.01409
1403715285.062399387359619,0.00666,0.00019,0.00004,0.00424,0.00000,0.00222,0.01335
1403715285.112410545349121,0.00626,0.00017,0.00006,0.00419,0.00056,0.00197,0.01321
1403715285.162433385848999,0.00634,0.00019,0.00001,0.00401,0.00003,0.00200,0.01259
1403715285.212455987930298,0.00690,0.00017,0.00001,0.00401,0.00000,0.00197,0.01305
1403715285.262489557266235,0.00707,0.00019,0.00011,0.00376,0.00028,0.00184,0.01325
1403715285.312501192092896,0.00640,0.00017,0.00001,0.00425,0.00000,0.00197,0.01281
1403715285.362509012222290,0.00625,0.00028,0.00001,0.00725,0.00000,0.00208,0.01588
1403715285.412477016448975,0.00636,0.00019,0.00001,0.00417,0.00000,0.00198,0.01271
1403715285.462462663650513,0.00668,0.00018,0.00001,0.00421,0.00000,0.00236,0.01344
1403715285.512454986572266,0.00739,0.00018,0.00001,0.00387,0.00000,0.00200,0.01345
1403715285.562429428100586,0.00630,0.00017,0.00001,0.00396,0.00000,0.00196,0.01240
1403715285.612395763397217,0.00662,0.00018,0.00005,0.00400,0.00017,0.00195,0.01297
1403715285.662383079528809,0.00627,0.00018,0.00004,0.00410,0.00000,0.00227,0.01287
1403715285.712375164031982,0.00762,0.00031,0.00001,0.00523,0.00000,0.00171,0.01488
1403715285.762362957000732,0.00589,0.00020,0.00006,0.00374,0.00003,0.00187,0.01180
1403715285.812375545501709,0.00578,0.00018,0.00001,0.00388,0.00000,0.00196,0.01181
1403715285.862356185913086,0.00598,0.00018,0.00009,0.00343,0.00000,0.00190,0.01158
1403715285.912359476089478,0.00599,0.00017,0.00001,0.00335,0.00000,0.00193,0.01145
1403715285.962362051010132,0.00620,0.00017,0.00009,0.00312,0.00000,0.00182,0.01141
1403715286.012362480163574,0.00546,0.00018,0.00006,0.00301,0.00018,0.00180,0.01070
1403715286.062359809875488,0.00682,0.00018,0.00001,0.00339,0.00000,0.00222,0.01262
1403715286.112356185913086,0.00634,0.00017,0.00001,0.00337,0.00000,0.00228,0.01217
1403715286.162348031997681,0.00627,0.00017,0.00005,0.00320,0.00000,0.00205,0.01175
1403715286.212344408035278,0.00645,0.00016,0.00001,0.00314,0.00000,0.00191,0.01167
1403715286.262338399887085,0.00611,0.00016,0.00008,0.00299,0.00000,0.00182,0.01118
1403715286.312332153320312,0.00648,0.00017,0.00001,0.00324,0.00000,0.00183,0.01174
1403715286.362322807312012,0.00575,0.00016,0.00001,0.00273,0.00004,0.00194,0.01062
1403715286.412316083908081,0.00658,0.00017,0.00009,0.00260,0.00000,0.00220,0.01164
1403715286.462307214736938,0.00748,0.00017,0.00007,0.00252,0.00016,0.00200,0.01240
1403715286.512313365936279,0.00608,0.00016,0.00006,0.00236,0.00013,0.00202,0.01082
1403715286.562311887741089,0.00669,0.00016,0.00008,0.00253,0.00013,0.00191,0.01150
1403715286.612315893173218,0.00815,0.00018,0.00006,0.00243,0.00013,0.00194,0.01289
1403715286.662311315536499,0.00881,0.00016,0.00003,0.00225,0.00000,0.00196,0.01321
1403715286.712309122085571,0.00680,0.00014,0.00020,0.00320,0.00000,0.00221,0.01255
1403715286.762302875518799,0.00750,0.00015,0.00005,0.00206,0.00000,0.00208,0.01184
1403715286.812284469604492,0.00675,0.00015,0.00027,0.00196,0.00000,0.00200,0.01114
1403715286.862270832061768,0.00643,0.00015,0.00004,0.00188,0.00000,0.00229,0.01078
1403715286.912249326705933,0.00646,0.00026,0.00043,0.00332,0.00000,0.00173,0.01219
1403715286.962256669998169,0.00629,0.00015,0.00002,0.00149,0.00003,0.00184,0.00982
1403715287.012264251708984,0.00591,0.00014,0.00001,0.00145,0.00000,0.00223,0.00973
1403715287.062273740768433,0.00570,0.00014,0.00038,0.00121,0.00010,0.00192,0.00945
1403715287.112301826477051,0.00583,0.00015,0.00001,0.00121,0.00000,0.00196,0.00916
1403715287.162333250045776,0.00573,0.00019,0.00001,0.00145,0.00297,0.00213,0.01248
1403715287.212365627288818,0.00697,0.00016,0.00006,0.00169,0.00985,0.00223,0.02095
1403715287.262367010116577,0.00693,0.00020,0.00001,0.00252,0.00000,0.00196,0.01161
1403715287.312367916107178,0.00615,0.00017,0.00007,0.00219,0.00001,0.00183,0.01042
1403715287.362364768981934,0.00563,0.00016,0.00020,0.00212,0.00003,0.00196,0.01011
1403715287.412360668182373,0.00780,0.00015,0.00005,0.00187,0.00000,0.00175,0.01162
1403715287.462356090545654,0.00585,0.00015,0.00008,0.00198,0.00000,0.00195,0.01000
1403715287.512339830398560,0.00587,0.00015,0.00015,0.00207,0.00000,0.00199,0.01024
1403715287.562326192855835,0.00588,0.00015,0.00001,0.00192,0.00003,0.00214,0.01013
1403715287.612301826477051,0.00675,0.00015,0.00003,0.00193,0.00000,0.00181,0.01067
1403715287.662288665771484,0.00615,0.00015,0.00002,0.00165,0.00000,0.00202,0.00999
1403715287.712270259857178,0.00697,0.00017,0.00011,0.00179,0.00000,0.00212,0.01116
1403715287.762272119522095,0.00657,0.00017,0.00004,0.00161,0.00018,0.00187,0.01043
1403715287.812282562255859,0.00659,0.00015,0.00090,0.00182,0.00308,0.00212,0.01465
1403715287.862269639968872,0.00667,0.00016,0.00016,0.00204,0.00000,0.00177,0.01079
1403715287.912269592285156,0.00594,0.00015,0.00001,0.00193,0.00000,0.00187,0.00990
1403715287.962275981903076,0.00616,0.00015,0.00003,0.00181,0.00720,0.00184,0.01719
1403715288.012287139892578,0.00624,0.00017,0.00003,0.00250,0.00014,0.00194,0.01103
1403715288.062312364578247,0.00711,0.00017,0.00012,0.00252,0.00000,0.00210,0.01203
1403715288.112330436706543,0.00658,0.00017,0.00001,0.00226,0.00000,0.00198,0.01100
1403715288.162350893020630,0.00551,0.00015,0.00004,0.00215,0.00003,0.00183,0.00972
1403715288.212378501892090,0.00542,0.00014,0.00005,0.00201,0.00011,0.00180,0.00953
1403715288.262375831604004,0.00564,0.00021,0.00001,0.00223,0.00000,0.00197,0.01006
1403715288.312388181686401,0.00550,0.00015,0.00001,0.00188,0.00000,0.00197,0.00951
1403715288.362371206283569,0.00655,0.00016,0.00001,0.00178,0.00006,0.00203,0.01060
1403715288.412361145019531,0.00697,0.00017,0.00004,0.00179,0.00085,0.00177,0.01159
1403715288.462357282638550,0.00541,0.00016,0.00004,0.00185,0.00012,0.00189,0.00947
1403715288.512343168258667,0.00570,0.00015,0.00001,0.00196,0.00000,0.00219,0.01000
1403715288.562379121780396,0.00700,0.00018,0.00001,0.00205,0.00179,0.00207,0.01309
1403715288.612371444702148,0.00527,0.00015,0.00003,0.00222,0.00011,0.00171,0.00949
1403715288.662383317947388,0.00617,0.00014,0.00001,0.00231,0.00000,0.00218,0.01083
1403715288.712396144866943,0.00582,0.00015,0.00001,0.00228,0.00000,0.00205,0.01031
1403715288.762410163879395,0.00691,0.00015,0.00003,0.00220,0.00002,0.00177,0.01109
1403715288.812415599822998,0.00564,0.00017,0.00001,0.00326,0.00000,0.00184,0.01091
1403715288.862421035766602,0.00769,0.00016,0.00004,0.00216,0.00000,0.00185,0.01189
1403715288.912417173385620,0.00603,0.00015,0.00002,0.00218,0.00000,0.00191,0.01029
1403715288.962405920028687,0.00607,0.00016,0.00001,0.00353,0.00011,0.00245,0.01231
1403715289.012397050857544,0.00649,0.00017,0.00007,0.00219,0.00003,0.00211,0.01106
1403715289.062390804290771,0.00773,0.00015,0.00005,0.00207,0.00101,0.00226,0.01326
1403715289.112393379211426,0.00637,0.00015,0.00001,0.00310,0.00000,0.00217,0.01180
1403715289.162400484085083,0.00704,0.00016,0.00004,0.00231,0.00085,0.00179,0.01219
1403715289.212389230728149,0.00617,0.00015,0.00001,0.00233,0.00000,0.00217,0.01082
1403715289.262391090393066,0.00732,0.00015,0.00001,0.00223,0.00000,0.00182,0.01153
1403715289.312378644943237,0.00631,0.00015,0.00001,0.00197,0.00000,0.00189,0.01033
1403715289.362372159957886,0.00633,0.00014,0.00003,0.00201,0.00019,0.00201,0.01071
1403715289.412340879440308,0.00798,0.00025,0.00010,0.00293,0.01199,0.00199,0.02524
1403715289.462334871292114,0.00678,0.00030,0.00015,0.00425,0.00000,0.00201,0.01349
1403715289.512332677841187,0.00616,0.00018,0.00005,0.00348,0.00000,0.00193,0.01180
1403715289.562329530715942,0.00647,0.00019,0.00001,0.00316,0.00163,0.00192,0.01339
1403715289.612328290939331,0.00580,0.00017,0.00007,0.00289,0.00156,0.00204,0.01253
1403715289.662317991256714,0.00637,0.00020,0.00015,0.00298,0.00024,0.00229,0.01222
1403715289.712313652038574,0.00597,0.00017,0.00001,0.00299,0.00000,0.00223,0.01137
1403715289.762313127517700,0.00570,0.00017,0.00001,0.00284,0.00107,0.00199,0.01177
1403715289.812304735183716,0.00642,0.00028,0.00006,0.00318,0.00000,0.00173,0.01167
1403715289.862294673919678,0.00527,0.00017,0.00008,0.00318,0.00006,0.00189,0.01064
1403715289.912278890609741,0.00575,0.00017,0.00001,0.00405,0.00000,0.00197,0.01195
1403715289.962258815765381,0.00653,0.00018,0.00001,0.00295,0.00055,0.00226,0.01248
1403715290.012246131896973,0.00680,0.00016,0.00001,0.00279,0.00161,0.00219,0.01358
1403715290.062228679656982,0.00785,0.00024,0.00008,0.00310,0.00001,0.00183,0.01310
1403715290.112214803695679,0.00689,0.00017,0.00001,0.00312,0.00000,0.00199,0.01217
1403715290.162198543548584,0.00625,0.00019,0.00006,0.00317,0.00001,0.00183,0.01151
1403715290.262215375900269,0.00623,0.00024,0.00001,0.00320,0.00000,0.00209,0.01176
1403715290.312240839004517,0.00617,0.00017,0.00001,0.00329,0.00101,0.00198,0.01264
1403715290.362250804901123,0.00724,0.00019,0.00001,0.00330,0.00000,0.00199,0.01273
1403715290.412274122238159,0.00656,0.00017,0.00001,0.00310,0.00000,0.00168,0.01153
1403715290.462264060974121,0.00645,0.00021,0.00001,0.00350,0.00000,0.00211,0.01228
1403715290.512247085571289,0.00596,0.00017,0.00010,0.00327,0.00021,0.00195,0.01166
1403715290.562217712402344,0.00566,0.00017,0.00001,0.00302,0.00000,0.00206,0.01092
1403715290.612219572067261,0.00640,0.00018,0.00008,0.00298,0.00000,0.00178,0.01143
1403715290.662226676940918,0.00552,0.00017,0.00011,0.00282,0.00150,0.00174,0.01186
1403715290.712217092514038,0.00601,0.00021,0.00001,0.00347,0.00055,0.00182,0.01207
1403715290.762204885482788,0.00667,0.00017,0.00003,0.00333,0.00000,0.00185,0.01206
1403715290.812215089797974,0.00618,0.00016,0.00005,0.00298,0.00000,0.00210,0.01147
1403715290.862232208251953,0.00735,0.00018,0.00001,0.00318,0.00000,0.00200,0.01272
1403715290.912236452102661,0.00598,0.00016,0.00015,0.00295,0.00000,0.00188,0.01111
1403715290.962236881256104,0.00678,0.00043,0.00001,0.00326,0.00000,0.00277,0.01325
1403715291.012240648269653,0.00726,0.00016,0.00001,0.00283,0.00000,0.00192,0.01219
1403715291.062242031097412,0.00615,0.00016,0.00001,0.00312,0.00000,0.00256,0.01199
1403715291.112246274948120,0.00689,0.00017,0.00030,0.00285,0.00053,0.00208,0.01281
1403715291.162249326705933,0.00653,0.00017,0.00001,0.00317,0.00000,0.00249,0.01237
1403715291.212249994277954,0.00650,0.00018,0.00001,0.00300,0.00000,0.00207,0.01176
1403715291.262246370315552,0.00629,0.00017,0.00005,0.00296,0.00005,0.00269,0.01222
1403715291.312242507934570,0.00676,0.00016,0.00007,0.00269,0.00000,0.00173,0.01140
1403715291.362238407135010,0.00806,0.00016,0.00006,0.00314,0.00000,0.00232,0.01375
1403715291.412239313125610,0.00759,0.00015,0.00002,0.00251,0.00000,0.00188,0.01215
1403715291.462236642837524,0.00677,0.00016,0.00003,0.00262,0.00000,0.00249,0.01208
1403715291.512221813201904,0.00781,0.00015,0.00004,0.00240,0.00000,0.00179,0.01220
1403715291.562226772308350,0.00683,0.00016,0.00001,0.00257,0.00000,0.00229,0.01186
1403715291.612227678298950,0.00818,0.00017,0.00001,0.00278,0.00000,0.00207,0.01321
1403715291.662235498428345,0.00623,0.00016,0.00001,0.00258,0.00000,0.00242,0.01141
1403715291.712249755859375,0.00699,0.00016,0.00004,0.00232,0.00000,0.00187,0.01137
1403715291.762255668640137,0.00691,0.00017,0.00001,0.00250,0.00000,0.00241,0.01199
1403715291.812259435653687,0.00733,0.00015,0.00054,0.00215,0.00000,0.00187,0.01204
1403715291.862256765365601,0.00633,0.00022,0.00085,0.00239,0.00006,0.00224,0.01207
1403715291.912273406982422,0.00699,0.00015,0.00001,0.00221,0.01102,0.00208,0.02247
1403715291.962277412414551,0.00722,0.00018,0.00006,0.00357,0.00001,0.00187,0.01290
1403715292.012278079986572,0.00652,0.00017,0.00001,0.00352,0.00000,0.00191,0.01212
1403715292.062277793884277,0.00689,0.00017,0.00005,0.00363,0.00000,0.00199,0.01274
1403715292.112271547317505,0.00620,0.00017,0.00001,0.00332,0.00000,0.00197,0.01166
1403715292.162260055541992,0.00680,0.00026,0.00001,0.00475,0.00000,0.00194,0.01377
1403715292.212241888046265,0.00584,0.00016,0.00001,0.00328,0.00000,0.00173,0.01101
1403715292.262220144271851,0.00596,0.00072,0.00001,0.00574,0.00000,0.00240,0.01484
1403715292.312201499938965,0.00740,0.00017,0.00001,0.00334,0.00000,0.00196,0.01288
1403715292.362186908721924,0.00707,0.00018,0.00008,0.00345,0.00000,0.00217,0.01296
1403715292.412173271179199,0.00634,0.00017,0.00005,0.00287,0.00000,0.00197,0.01140
1403715292.462157964706421,0.00720,0.00017,0.00017,0.00305,0.00005,0.00231,0.01295
1403715292.512136220932007,0.00780,0.00018,0.00001,0.00289,0.00114,0.00204,0.01405
1403715292.562126398086548,0.00679,0.00015,0.00001,0.00297,0.00000,0.00246,0.01239
1403715292.612121820449829,0.00758,0.00019,0.00014,0.00293,0.00000,0.00197,0.01280
1403715292.662119150161743,0.00799,0.00017,0.00001,0.00282,0.00000,0.00242,0.01340
1403715292.712117671966553,0.00726,0.00016,0.00011,0.00288,0.00000,0.00195,0.01236
1403715292.762118577957153,0.00739,0.00017,0.00004,0.00297,0.00000,0.00218,0.01274
1403715292.812122344970703,0.00768,0.00017,0.00024,0.00258,0.00000,0.00174,0.01241
1403715292.862137794494629,0.00694,0.00017,0.00031,0.00224,0.00000,0.00244,0.01211
1403715292.912142038345337,0.00716,0.00015,0.00029,0.00211,0.00000,0.00182,0.01153
1403715292.962149381637573,0.00625,0.00015,0.00002,0.00222,0.00012,0.00258,0.01136
1403715293.012145757675171,0.00687,0.00018,0.00005,0.00222,0.00013,0.00207,0.01151
1403715293.062147378921509,0.00671,0.00015,0.00077,0.00225,0.00005,0.00228,0.01221
1403715293.112146854400635,0.01005,0.00016,0.00006,0.00229,0.00002,0.00203,0.01461
1403715293.162147521972656,0.00718,0.00017,0.00001,0.00215,0.00000,0.00253,0.01204
1403715293.212149620056152,0.00727,0.00014,0.00004,0.00193,0.00359,0.00209,0.01506
1403715293.262138843536377,0.00716,0.00017,0.00001,0.00239,0.00000,0.00249,0.01222
1403715293.312136888504028,0.00709,0.00015,0.00023,0.00230,0.00000,0.00204,0.01181
1403715293.362135410308838,0.00698,0.00019,0.00001,0.00238,0.00000,0.00294,0.01250
1403715293.412126302719116,0.00751,0.00016,0.00006,0.00214,0.00000,0.00178,0.01164
1403715293.462141990661621,0.00641,0.00015,0.00002,0.00202,0.00000,0.00262,0.01123
1403715293.512154817581177,0.00777,0.00022,0.00001,0.00270,0.00000,0.00181,0.01251
1403715293.562165021896362,0.00716,0.00015,0.00005,0.00190,0.00014,0.00266,0.01205
1403715293.612187147140503,0.00737,0.00014,0.00001,0.00217,0.00000,0.00224,0.01193
1403715293.662212371826172,0.00616,0.00015,0.00001,0.00190,0.01324,0.00217,0.02363
1403715293.712215662002563,0.00625,0.00019,0.00008,0.00342,0.00020,0.00189,0.01202
1403715293.762215852737427,0.00620,0.00019,0.00003,0.00309,0.00000,0.00238,0.01189
1403715293.812210321426392,0.00633,0.00017,0.00001,0.00344,0.00000,0.00204,0.01200
1403715293.862208127975464,0.00624,0.00017,0.00006,0.00277,0.00001,0.00248,0.01174
1403715293.912204504013062,0.00640,0.00017,0.00006,0.00252,0.00014,0.00190,0.01119
1403715293.962191343307495,0.00653,0.00018,0.00007,0.00269,0.00024,0.00176,0.01146
1403715294.012183666229248,0.00717,0.00016,0.00006,0.00258,0.00014,0.00178,0.01189
1403715294.062171220779419,0.00609,0.00016,0.00006,0.00287,0.00000,0.00211,0.01129
1403715294.112161636352539,0.00613,0.00018,0.00006,0.00261,0.00000,0.00203,0.01102
1403715294.162157535552979,0.00578,0.00016,0.00001,0.00248,0.00000,0.00178,0.01020
1403715294.212156057357788,0.00744,0.00017,0.00004,0.00213,0.00000,0.00197,0.01175
1403715294.262152671813965,0.00703,0.00017,0.00008,0.00230,0.00000,0.00195,0.01153
1403715294.312152624130249,0.00593,0.00015,0.00010,0.00231,0.00001,0.00198,0.01049
1403715294.362153530120850,0.00607,0.00015,0.00004,0.00202,0.00000,0.00210,0.01038
1403715294.412155628204346,0.00620,0.00016,0.00004,0.00195,0.00000,0.00189,0.01025
1403715294.462156534194946,0.00601,0.00014,0.00004,0.00190,0.00000,0.00231,0.01041
1403715294.512156963348389,0.00757,0.00017,0.00034,0.00205,0.00000,0.00222,0.01235
1403715294.562164306640625,0.00607,0.00016,0.00001,0.00167,0.00520,0.00208,0.01518
1403715294.612164974212646,0.00621,0.00016,0.00059,0.00228,0.00001,0.00180,0.01105
1403715294.662166595458984,0.00668,0.00016,0.00015,0.00234,0.00000,0.00241,0.01175
1403715294.712160110473633,0.00709,0.00018,0.00065,0.00209,0.00000,0.00196,0.01196
1403715294.762151718139648,0.00738,0.00019,0.00001,0.00225,0.00850,0.00292,0.02124
1403715294.812143325805664,0.00692,0.00018,0.00007,0.00297,0.00000,0.00211,0.01226
1403715294.862135410308838,0.00705,0.00018,0.00001,0.00322,0.00000,0.00233,0.01279
1403715294.912128925323486,0.00643,0.00017,0.00001,0.00308,0.00000,0.00192,0.01160
1403715294.962121725082397,0.00569,0.00018,0.00005,0.00324,0.00000,0.00205,0.01121
1403715295.012122392654419,0.00635,0.00018,0.00012,0.00257,0.00000,0.00179,0.01101
1403715295.062129020690918,0.00666,0.00017,0.00001,0.00269,0.00000,0.00242,0.01195
1403715295.112130403518677,0.00704,0.00017,0.00005,0.00244,0.00000,0.00223,0.01194
1403715295.162129402160645,0.00922,0.00019,0.00006,0.00235,0.00000,0.00188,0.01368
1403715295.212126016616821,0.00687,0.00017,0.00002,0.00240,0.00000,0.00224,0.01171
1403715295.262124776840210,0.00718,0.00017,0.00019,0.00220,0.00000,0.00235,0.01210
1403715295.312130451202393,0.00771,0.00016,0.00007,0.00208,0.00000,0.00209,0.01210
1403715295.362131118774414,0.00678,0.00018,0.00013,0.00212,0.00082,0.00246,0.01248
1403715295.412129640579224,0.00744,0.00016,0.00025,0.00224,0.00000,0.00187,0.01196
1403715295.462127685546875,0.00775,0.00017,0.00001,0.00262,0.00000,0.00232,0.01287
1403715295.512122631072998,0.00757,0.00016,0.00047,0.00225,0.00000,0.00208,0.01253
1403715295.562119483947754,0.00688,0.00016,0.00004,0.00230,0.00000,0.00269,0.01208
1403715295.612116098403931,0.00755,0.00019,0.00031,0.00209,0.00000,0.00214,0.01228
1403715295.662111282348633,0.00719,0.00017,0.00001,0.00222,0.00000,0.00270,0.01228
1403715295.712113142013550,0.00721,0.00016,0.00202,0.00201,0.01208,0.00195,0.02541
1403715295.762108802795410,0.00663,0.00018,0.00001,0.00393,0.00000,0.00207,0.01282
1403715295.812112331390381,0.00678,0.00018,0.00041,0.00356,0.00000,0.00201,0.01294
1403715295.862107992172241,0.00784,0.00018,0.00003,0.00374,0.00000,0.00242,0.01422
1403715295.912103176116943,0.00684,0.00042,0.00022,0.00429,0.00001,0.00192,0.01371
1403715295.962107658386230,0.00626,0.00017,0.00019,0.00288,0.00141,0.00193,0.01284
1403715296.012095212936401,0.00576,0.00016,0.00007,0.00277,0.00000,0.00190,0.01067
1403715296.062085151672363,0.00587,0.00016,0.00016,0.00252,0.00000,0.00202,0.01073
1403715296.112074136734009,0.00609,0.00017,0.00001,0.00245,0.00000,0.00185,0.01057
1403715296.162070512771606,0.00567,0.00016,0.00008,0.00234,0.00000,0.00223,0.01049
1403715296.212066411972046,0.00638,0.00017,0.00004,0.00255,0.00002,0.00204,0.01120
1403715296.262060403823853,0.00590,0.00026,0.00006,0.00390,0.00000,0.00201,0.01213
1403715296.312058210372925,0.00590,0.00016,0.00005,0.00210,0.00068,0.00187,0.01076
1403715296.362054586410522,0.00547,0.00015,0.00002,0.00207,0.00000,0.00173,0.00945
1403715296.412041664123535,0.00544,0.00015,0.00004,0.00196,0.00000,0.00198,0.00958
1403715296.462033748626709,0.00542,0.00015,0.00001,0.00198,0.00000,0.00175,0.00930
1403715296.512033224105835,0.00541,0.00015,0.00005,0.00196,0.00000,0.00211,0.00969
1403715296.562038660049438,0.00560,0.00015,0.00001,0.00205,0.00052,0.00182,0.01015
1403715296.612060070037842,0.00659,0.00015,0.00001,0.00219,0.00000,0.00216,0.01110
1403715296.662071228027344,0.00572,0.00016,0.00001,0.00193,0.00000,0.00204,0.00985
1403715296.712079048156738,0.00608,0.00015,0.00001,0.00199,0.00000,0.00209,0.01032
1403715296.762085914611816,0.00629,0.00016,0.00001,0.00198,0.00000,0.00197,0.01041
1403715296.812088489532471,0.00619,0.00015,0.00001,0.00192,0.00012,0.00188,0.01026
1403715296.862091779708862,0.00621,0.00015,0.00001,0.00209,0.00000,0.00212,0.01059
1403715296.912094593048096,0.00619,0.00015,0.00001,0.00188,0.00069,0.00198,0.01091
1403715296.962092399597168,0.00883,0.00015,0.00009,0.00157,0.00001,0.00189,0.01254
1403715297.062088966369629,0.00862,0.00023,0.00005,0.00162,0.00000,0.00217,0.01269
1403715297.112083196640015,0.00695,0.00015,0.00003,0.00135,0.00000,0.00184,0.01034
1403715297.162076711654663,0.00672,0.00014,0.00004,0.00123,0.00001,0.00177,0.00992
1403715297.212075233459473,0.00675,0.00015,0.00002,0.00122,0.00057,0.00199,0.01070
1403715297.262075662612915,0.00697,0.00014,0.00023,0.00116,0.00000,0.00220,0.01071
1403715297.312076330184937,0.00686,0.00014,0.00001,0.00117,0.00000,0.00190,0.01008
1403715297.362081289291382,0.00638,0.00014,0.00080,0.00103,0.00000,0.00200,0.01035
1403715297.412075996398926,0.00663,0.00014,0.00001,0.00104,0.00000,0.00202,0.00985
1403715297.462071418762207,0.00598,0.00014,0.00014,0.00101,0.00001,0.00199,0.00928
1403715297.512065887451172,0.00706,0.00027,0.00002,0.00167,0.00000,0.00227,0.01129
1403715297.562060117721558,0.00762,0.00032,0.00037,0.00154,0.02759,0.00226,0.03970
1403715297.612076282501221,0.00775,0.00018,0.00016,0.00299,0.00054,0.00226,0.01388
1403715297.662086963653564,0.00705,0.00026,0.00001,0.00423,0.00000,0.00210,0.01367
1403715297.712096214294434,0.00729,0.00020,0.00001,0.00300,0.00000,0.00198,0.01247
1403715297.762092351913452,0.00683,0.00018,0.00001,0.00292,0.00056,0.00233,0.01282
1403715297.812071323394775,0.00630,0.00027,0.00009,0.00425,0.00065,0.00200,0.01356
1403715297.862056255340576,0.00588,0.00017,0.00001,0.00306,0.00000,0.00182,0.01094
1403715297.912034511566162,0.00616,0.00018,0.00007,0.00287,0.00000,0.00211,0.01139
1403715297.962019681930542,0.00573,0.00016,0.00003,0.00249,0.00001,0.00208,0.01050
1403715298.012018918991089,0.00617,0.00016,0.00008,0.00246,0.00000,0.00195,0.01083
1403715298.062021732330322,0.00592,0.00017,0.00006,0.00225,0.00012,0.00164,0.01016
1403715298.112026214599609,0.00609,0.00015,0.00003,0.00218,0.00000,0.00200,0.01044
1403715298.162034511566162,0.00602,0.00015,0.00003,0.00224,0.00067,0.00189,0.01099
1403715298.212035179138184,0.00771,0.00023,0.00004,0.00362,0.00000,0.00188,0.01349
1403715298.262026071548462,0.00561,0.00015,0.00013,0.00200,0.00000,0.00175,0.00964
1403715298.312014102935791,0.00611,0.00015,0.00003,0.00226,0.00011,0.00192,0.01058
1403715298.362002611160278,0.00577,0.00014,0.00001,0.00211,0.00000,0.00172,0.00975
1403715298.411990404129028,0.00568,0.00015,0.00002,0.00212,0.00077,0.00182,0.01056
1403715298.461986064910889,0.00576,0.00016,0.00003,0.00224,0.00000,0.00168,0.00987
1403715298.511991977691650,0.00604,0.00015,0.00001,0.00222,0.00000,0.00190,0.01031
1403715298.562001705169678,0.00615,0.00015,0.00001,0.00233,0.00000,0.00192,0.01055
1403715298.612005710601807,0.00617,0.00025,0.00001,0.00383,0.00000,0.00214,0.01240
1403715298.662007093429565,0.00740,0.00031,0.00001,0.00301,0.00000,0.00213,0.01286
1403715298.712007045745850,0.00620,0.00014,0.00002,0.00220,0.00000,0.00220,0.01077
1403715298.762007951736450,0.00845,0.00026,0.00004,0.00245,0.00104,0.00204,0.01428
1403715298.812011241912842,0.00646,0.00015,0.00002,0.00232,0.00000,0.00188,0.01082
1403715298.862021684646606,0.00645,0.00015,0.00001,0.00222,0.00000,0.00196,0.01078
1403715298.912035226821899,0.00669,0.00015,0.00001,0.00224,0.00000,0.00194,0.01103
1403715298.962042331695557,0.00841,0.00015,0.00007,0.00211,0.00000,0.00189,0.01262
1403715299.012048006057739,0.00662,0.00022,0.00001,0.00220,0.00024,0.00203,0.01133
1403715299.062053680419922,0.00663,0.00015,0.00001,0.00205,0.00000,0.00232,0.01116
1403715299.112054824829102,0.00696,0.00015,0.00001,0.00212,0.00000,0.00215,0.01138
1403715299.162056684494019,0.00668,0.00014,0.00040,0.00208,0.00000,0.00207,0.01139
1403715299.212052583694458,0.00652,0.00014,0.00012,0.00199,0.00000,0.00221,0.01098
1403715299.262049436569214,0.00757,0.00015,0.00002,0.00211,0.00000,0.00201,0.01185
1403715299.362045526504517,0.00674,0.00023,0.00156,0.00173,0.01293,0.00196,0.02515
1403715299.412044763565063,0.00780,0.00018,0.00006,0.00328,0.00073,0.00189,0.01394
1403715299.462044239044189,0.00652,0.00017,0.00001,0.00315,0.00000,0.00208,0.01193
1403715299.512043237686157,0.00688,0.00018,0.00010,0.00280,0.00024,0.00187,0.01207
1403715299.562042951583862,0.00735,0.00017,0.00011,0.00272,0.00000,0.00197,0.01231
1403715299.612046241760254,0.00630,0.00016,0.00004,0.00243,0.00000,0.00184,0.01078
1403715299.662047863006592,0.00635,0.00017,0.00016,0.00217,0.00018,0.00210,0.01112
1403715299.712048053741455,0.00652,0.00015,0.00001,0.00197,0.00000,0.00187,0.01051
1403715299.762048721313477,0.00635,0.00015,0.00007,0.00223,0.00002,0.00178,0.01060
1403715299.812047958374023,0.00766,0.00016,0.00004,0.00237,0.00000,0.00207,0.01230
1403715299.862040042877197,0.00683,0.00019,0.00002,0.00238,0.00000,0.00195,0.01137
1403715299.912036657333374,0.00611,0.00015,0.00001,0.00221,0.00000,0.00192,0.01039
1403715299.962027072906494,0.00620,0.00013,0.00006,0.00248,0.00100,0.00194,0.01182
1403715300.012035608291626,0.00684,0.00015,0.00001,0.00223,0.00003,0.00199,0.01125
1403715300.062039375305176,0.00685,0.00015,0.00002,0.00189,0.00000,0.00193,0.01085
1403715300.112044572830200,0.00951,0.00016,0.00004,0.00162,0.00012,0.00212,0.01358
1403715300.162059068679810,0.00715,0.00015,0.00008,0.00181,0.00020,0.00203,0.01141
1403715300.212069034576416,0.00766,0.00014,0.00013,0.00238,0.00000,0.00202,0.01234
1403715300.262076139450073,0.00876,0.00016,0.00001,0.00224,0.00004,0.00196,0.01316
1403715300.312076807022095,0.00729,0.00014,0.00023,0.00199,0.00000,0.00203,0.01167
1403715300.362073898315430,0.00697,0.00014,0.00023,0.00192,0.00005,0.00226,0.01158
1403715300.412071228027344,0.00759,0.00013,0.00002,0.00187,0.00012,0.00196,0.01169
1403715300.462067365646362,0.00693,0.00015,0.00001,0.00181,0.00000,0.00207,0.01097
1403715300.512060880661011,0.00673,0.00015,0.00001,0.00191,0.00000,0.00193,0.01073
1403715300.562062263488770,0.00684,0.00015,0.00055,0.00178,0.00164,0.00188,0.01283
1403715300.612060546875000,0.00723,0.00013,0.00002,0.00182,0.00003,0.00207,0.01131
1403715300.662073612213135,0.00713,0.00018,0.00017,0.00193,0.02025,0.00197,0.03162
1403715300.712074995040894,0.00706,0.00020,0.00001,0.00489,0.00000,0.00207,0.01423
1403715300.762076854705811,0.00710,0.00017,0.00001,0.00463,0.00000,0.00201,0.01392
1403715300.812080860137939,0.00665,0.00018,0.00007,0.00472,0.00000,0.00210,0.01372
1403715300.862083196640015,0.00738,0.00020,0.00001,0.00483,0.00003,0.00191,0.01436
1403715300.912087917327881,0.00692,0.00021,0.00001,0.00460,0.00000,0.00222,0.01397
1403715300.962090015411377,0.00700,0.00018,0.00006,0.00439,0.00021,0.00175,0.01359
1403715301.012096405029297,0.00665,0.00018,0.00006,0.00411,0.00000,0.00213,0.01313
1403715301.062098741531372,0.00646,0.00019,0.00001,0.00442,0.00000,0.00187,0.01294
1403715301.112103223800659,0.00602,0.00019,0.00001,0.00404,0.00000,0.00174,0.01200
1403715301.162101984024048,0.00669,0.00018,0.00006,0.00456,0.00115,0.00191,0.01456
1403715301.212104082107544,0.00625,0.00019,0.00006,0.00406,0.00003,0.00197,0.01258
1403715301.262104988098145,0.00667,0.00019,0.00010,0.00379,0.00000,0.00176,0.01251
1403715301.312103271484375,0.00648,0.00017,0.00001,0.00359,0.00000,0.00191,0.01217
1403715301.362099170684814,0.00655,0.00017,0.00001,0.00402,0.00000,0.00183,0.01258
1403715301.412092685699463,0.00582,0.00017,0.00008,0.00358,0.00015,0.00190,0.01171
1403715301.462085962295532,0.00577,0.00017,0.00001,0.00428,0.00004,0.00208,0.01234
1403715301.512086868286133,0.00643,0.00017,0.00001,0.00416,0.00000,0.00185,0.01262
1403715301.562090635299683,0.00620,0.00017,0.00001,0.00395,0.00022,0.00180,0.01236
1403715301.612092018127441,0.00557,0.00017,0.00006,0.00360,0.00000,0.00183,0.01123
1403715301.662090539932251,0.00586,0.00016,0.00001,0.00369,0.00000,0.00167,0.01139
1403715301.712088108062744,0.00663,0.00016,0.00001,0.00373,0.00000,0.00193,0.01247
1403715301.762080907821655,0.00660,0.00017,0.00001,0.00345,0.00000,0.00190,0.01213
1403715301.812072753906250,0.00560,0.00019,0.00001,0.00325,0.00003,0.00193,0.01101
1403715301.862067699432373,0.00691,0.00022,0.00008,0.00347,0.00004,0.00181,0.01254
1403715301.912066936492920,0.00613,0.00018,0.00001,0.00327,0.00000,0.00181,0.01141
1403715301.962065696716309,0.00635,0.00017,0.00001,0.00356,0.00000,0.00190,0.01199
1403715302.012064933776855,0.00600,0.00017,0.00001,0.00329,0.00000,0.00187,0.01134
1403715302.062064886093140,0.00603,0.00017,0.00001,0.00337,0.00003,0.00202,0.01162
1403715302.112067461013794,0.00644,0.00017,0.00001,0.00354,0.00000,0.00197,0.01213
1403715302.162067651748657,0.00578,0.00016,0.00001,0.00333,0.00010,0.00193,0.01132
1403715302.212068319320679,0.00556,0.00018,0.00001,0.00558,0.00000,0.00222,0.01354
1403715302.262068033218384,0.00567,0.00016,0.00001,0.00342,0.00000,0.00188,0.01114
1403715302.312069416046143,0.00699,0.00029,0.00001,0.00375,0.00000,0.00193,0.01297
1403715302.362069129943848,0.00601,0.00018,0.00001,0.00321,0.00000,0.00188,0.01128
1403715302.412068843841553,0.00649,0.00027,0.00002,0.00377,0.00004,0.00192,0.01251
1403715302.462070465087891,0.00565,0.00016,0.00001,0.00330,0.00021,0.00183,0.01116
1403715302.512071609497070,0.00656,0.00017,0.00001,0.00355,0.00000,0.00202,0.01231
1403715302.562071323394775,0.00579,0.00017,0.00001,0.00324,0.00000,0.00207,0.01128
1403715302.612074136734009,0.00733,0.00018,0.00001,0.00321,0.00000,0.00195,0.01268
1403715302.662079572677612,0.00703,0.00017,0.00005,0.00302,0.00004,0.00202,0.01234
1403715302.712082386016846,0.00634,0.00017,0.00001,0.00309,0.00000,0.00185,0.01147
1403715302.762088060379028,0.00647,0.00017,0.00008,0.00302,0.00068,0.00200,0.01241
1403715302.812091588973999,0.00677,0.00017,0.00001,0.00291,0.00000,0.00208,0.01193
1403715302.862094402313232,0.00665,0.00016,0.00001,0.00314,0.00000,0.00216,0.01212
1403715302.912091493606567,0.00688,0.00017,0.00001,0.00312,0.00000,0.00196,0.01214
1403715302.962089776992798,0.00610,0.00018,0.00001,0.00307,0.00000,0.00234,0.01170
1403715303.012087345123291,0.00624,0.00018,0.00008,0.00284,0.00004,0.00193,0.01131
1403715303.062086343765259,0.00616,0.00016,0.00009,0.00325,0.00141,0.00235,0.01343
1403715303.112086296081543,0.00570,0.00018,0.00004,0.00273,0.00013,0.00186,0.01065
1403715303.162084102630615,0.00628,0.00017,0.00001,0.00313,0.00000,0.00199,0.01158
1403715303.212077617645264,0.00627,0.00016,0.00004,0.00269,0.00014,0.00203,0.01133
1403715303.262077093124390,0.00657,0.00016,0.00001,0.00223,0.00055,0.00193,0.01145
1403715303.312078475952148,0.00557,0.00017,0.00008,0.00191,0.00003,0.00168,0.00943
1403715303.362087011337280,0.00570,0.00016,0.00016,0.00213,0.00152,0.00191,0.01158
1403715303.412094593048096,0.00570,0.00016,0.00011,0.00217,0.00001,0.00204,0.01019
1403715303.462103366851807,0.00564,0.00016,0.00003,0.00221,0.00013,0.00206,0.01022
1403715303.512111663818359,0.00653,0.00017,0.00011,0.00237,0.00013,0.00214,0.01145
1403715303.562116622924805,0.00813,0.00015,0.00002,0.00246,0.00000,0.00210,0.01287
1403715303.612124443054199,0.00955,0.00015,0.00004,0.00225,0.00000,0.00195,0.01393
1403715303.662120342254639,0.00784,0.00015,0.00016,0.00158,0.00000,0.00208,0.01181
1403715303.712116956710815,0.00711,0.00016,0.00008,0.00137,0.00000,0.00198,0.01070
1403715303.762110948562622,0.00671,0.00014,0.00029,0.00120,0.00011,0.00212,0.01058
1403715303.812103509902954,0.00679,0.00015,0.00047,0.00130,0.00001,0.00230,0.01102
1403715303.862093448638916,0.00726,0.00015,0.00005,0.00106,0.00000,0.00196,0.01047
1403715303.912084817886353,0.00656,0.00014,0.00043,0.00085,0.00000,0.00207,0.01005
1403715303.962075948715210,0.00647,0.00014,0.00002,0.00088,0.00014,0.00220,0.00984
1403715304.012068271636963,0.00677,0.00014,0.00001,0.00086,0.00000,0.00208,0.00986
1403715304.062061786651611,0.00646,0.00014,0.00001,0.00083,0.00000,0.00208,0.00951
1403715304.112058639526367,0.00611,0.00014,0.00001,0.00078,0.00425,0.00193,0.01322
1403715304.162060260772705,0.00623,0.00014,0.00264,0.00149,0.02171,0.00191,0.03413
1403715304.212054252624512,0.00605,0.00020,0.00001,0.00433,0.00000,0.00189,0.01248
1403715304.262051343917847,0.00614,0.00019,0.00001,0.00430,0.00000,0.00180,0.01245
1403715304.312051773071289,0.00645,0.00019,0.00007,0.00437,0.00018,0.00190,0.01315
1403715304.362051725387573,0.00626,0.00020,0.00001,0.00462,0.00000,0.00193,0.01301
1403715304.412053585052490,0.00623,0.00018,0.00010,0.00465,0.00000,0.00241,0.01358
1403715304.462052822113037,0.00644,0.00020,0.00001,0.00461,0.00000,0.00208,0.01335
1403715304.512052536010742,0.00668,0.00018,0.00001,0.00427,0.00000,0.00194,0.01308
1403715304.562052965164185,0.00671,0.00018,0.00001,0.00424,0.00003,0.00193,0.01311
1403715304.612053632736206,0.00678,0.00018,0.00007,0.00434,0.00018,0.00185,0.01341
1403715304.662055253982544,0.00645,0.00018,0.00001,0.00451,0.00000,0.00210,0.01325
1403715304.712056159973145,0.00680,0.00020,0.00005,0.00443,0.00024,0.00242,0.01414
1403715304.762056589126587,0.00723,0.00021,0.00154,0.00447,0.00278,0.00203,0.01826
1403715304.812059402465820,0.00673,0.00019,0.00007,0.00467,0.00018,0.00196,0.01380
1403715304.862063884735107,0.00648,0.00019,0.00007,0.00495,0.00022,0.00191,0.01382
1403715304.912067413330078,0.00653,0.00020,0.00001,0.00504,0.00000,0.00193,0.01370
1403715304.962069988250732,0.00679,0.00019,0.00001,0.00520,0.00000,0.00188,0.01407
1403715305.012071132659912,0.00648,0.00020,0.00001,0.00528,0.00000,0.00193,0.01391
1403715305.062077999114990,0.00658,0.00019,0.00001,0.00500,0.00000,0.00200,0.01379
1403715305.112082719802856,0.00653,0.00020,0.00001,0.00484,0.00000,0.00191,0.01349
1403715305.162074327468872,0.00677,0.00020,0.00001,0.00493,0.00004,0.00215,0.01410
1403715305.212069988250732,0.00616,0.00018,0.00006,0.00472,0.00020,0.00191,0.01322
1403715305.262063980102539,0.00608,0.00020,0.00001,0.00511,0.00000,0.00213,0.01353
1403715305.312065124511719,0.00681,0.00020,0.00014,0.00504,0.00003,0.00184,0.01405
1403715305.362064123153687,0.00621,0.00019,0.00052,0.00488,0.00118,0.00207,0.01506
1403715305.412065029144287,0.00626,0.00019,0.00001,0.00524,0.00000,0.00189,0.01359
1403715305.462063074111938,0.00639,0.00018,0.00001,0.00488,0.00000,0.00185,0.01333
1403715305.512064456939697,0.00700,0.00018,0.00001,0.00496,0.00000,0.00200,0.01415
1403715305.562064170837402,0.00716,0.00019,0.00007,0.00499,0.00001,0.00211,0.01452
1403715305.612066745758057,0.00630,0.00019,0.00001,0.00526,0.00000,0.00198,0.01375
1403715305.662069320678711,0.00644,0.00019,0.00001,0.00478,0.00000,0.00194,0.01336
1403715305.712067604064941,0.00624,0.00018,0.00001,0.00478,0.00000,0.00189,0.01311
1403715305.762067556381226,0.00661,0.00019,0.00001,0.00483,0.00004,0.00198,0.01366
1403715305.812066316604614,0.00610,0.00018,0.00011,0.00469,0.00019,0.00228,0.01355
1403715305.862061500549316,0.00669,0.00018,0.00007,0.00489,0.00000,0.00186,0.01370
1403715305.912060260772705,0.00715,0.00020,0.00055,0.00484,0.00133,0.00202,0.01609
1403715305.962060451507568,0.00676,0.00019,0.00054,0.00508,0.00062,0.00180,0.01499
1403715306.012058019638062,0.00678,0.00018,0.00001,0.00525,0.00000,0.00189,0.01411
1403715306.062056303024292,0.00660,0.00020,0.00001,0.00520,0.00000,0.00181,0.01382
1403715306.112055063247681,0.00680,0.00018,0.00001,0.00533,0.00000,0.00189,0.01423
1403715306.162056684494019,0.00671,0.00025,0.00014,0.00542,0.00000,0.00206,0.01458
1403715306.212058305740356,0.00718,0.00020,0.00008,0.00500,0.00000,0.00183,0.01429
1403715306.262058019638062,0.00657,0.00019,0.00001,0.00502,0.00000,0.00206,0.01385
1403715306.312056541442871,0.00675,0.00020,0.00001,0.00501,0.00000,0.00200,0.01397
1403715306.362056732177734,0.00652,0.00018,0.00001,0.00506,0.00065,0.00193,0.01435
1403715306.412056207656860,0.00687,0.00020,0.00001,0.00512,0.00000,0.00223,0.01443
1403715306.462057352066040,0.00690,0.00020,0.00015,0.00425,0.00000,0.00220,0.01369
1403715306.512059926986694,0.00764,0.00019,0.00052,0.00388,0.00060,0.00194,0.01477
1403715306.562061071395874,0.00634,0.00018,0.00014,0.00367,0.00017,0.00182,0.01232
1403715306.612062692642212,0.00619,0.00018,0.00015,0.00353,0.00001,0.00190,0.01195
1403715306.662061452865601,0.00633,0.00017,0.00001,0.00355,0.00000,0.00185,0.01191
1403715306.712070703506470,0.00656,0.00018,0.00008,0.00326,0.00000,0.00211,0.01219
1403715306.762072801589966,0.00636,0.00025,0.00009,0.00291,0.00009,0.00189,0.01160
1403715306.812070608139038,0.00611,0.00019,0.00008,0.00279,0.00003,0.00194,0.01113
1403715306.862076997756958,0.00870,0.00019,0.00013,0.00241,0.00000,0.00182,0.01325
1403715306.912086009979248,0.00655,0.00017,0.00009,0.00227,0.00000,0.00198,0.01106
1403715306.962100028991699,0.00673,0.00015,0.00005,0.00231,0.00001,0.00171,0.01095
1403715307.012112140655518,0.00666,0.00015,0.00004,0.00231,0.00000,0.00223,0.01140
1403715307.062127590179443,0.00666,0.00015,0.00081,0.00207,0.00000,0.00187,0.01155
1403715307.112142086029053,0.00687,0.00015,0.00006,0.00208,0.00001,0.00200,0.01117
1403715307.162148714065552,0.00583,0.00017,0.00032,0.00207,0.00012,0.00201,0.01051
1403715307.212149381637573,0.00730,0.00016,0.00001,0.00238,0.00000,0.00205,0.01191
1403715307.262149095535278,0.00585,0.00015,0.00001,0.00222,0.00000,0.00207,0.01030
1403715307.312148809432983,0.00638,0.00016,0.00001,0.00227,0.00000,0.00224,0.01105
1403715307.362149953842163,0.00606,0.00017,0.00001,0.00242,0.00048,0.00212,0.01124
1403715307.412163257598877,0.00665,0.00016,0.00077,0.00239,0.01414,0.00233,0.02645
1403715307.462168455123901,0.00617,0.00019,0.00022,0.00316,0.00000,0.00199,0.01173
1403715307.512171268463135,0.00663,0.00017,0.00013,0.00279,0.00000,0.00211,0.01184
1403715307.562173128128052,0.00885,0.00018,0.00023,0.00374,0.00005,0.00217,0.01521
1403715307.612173795700073,0.00900,0.00016,0.00006,0.00223,0.00000,0.00201,0.01346
1403715307.662171125411987,0.00822,0.00016,0.00011,0.00229,0.00001,0.00215,0.01294
1403715307.712169408798218,0.00699,0.00015,0.00031,0.00142,0.00042,0.00204,0.01132
1403715307.762164831161499,0.00684,0.00015,0.00017,0.00121,0.00080,0.00239,0.01157
1403715307.812159776687622,0.00690,0.00016,0.00048,0.00118,0.00001,0.00219,0.01093
1403715307.862153768539429,0.00695,0.00015,0.00028,0.00107,0.00000,0.00223,0.01068
1403715307.912150859832764,0.00644,0.00014,0.00061,0.00088,0.00000,0.00198,0.01006
1403715307.962146520614624,0.00627,0.00016,0.00001,0.00106,0.00000,0.00207,0.00957
1403715308.012143135070801,0.00667,0.00016,0.00026,0.00094,0.00000,0.00218,0.01020
1403715308.062139511108398,0.00711,0.00014,0.00048,0.00088,0.00000,0.00187,0.01049
1403715308.112137794494629,0.00653,0.00013,0.00001,0.00093,0.00496,0.00208,0.01464
1403715308.162138700485229,0.00658,0.00016,0.00301,0.00169,0.01701,0.00185,0.03030
1403715308.212137699127197,0.00658,0.00019,0.00009,0.00396,0.00000,0.00176,0.01258
1403715308.262139081954956,0.00800,0.00020,0.00008,0.00373,0.00001,0.00205,0.01408
1403715308.312141656875610,0.00640,0.00019,0.00010,0.00346,0.00018,0.00194,0.01227
1403715308.362142324447632,0.00704,0.00018,0.00012,0.00327,0.00001,0.00183,0.01246
1403715308.412142753601074,0.00647,0.00017,0.00005,0.00310,0.00063,0.00278,0.01319
1403715308.462140083312988,0.00658,0.00017,0.00011,0.00313,0.00001,0.00183,0.01183
1403715308.512141227722168,0.00647,0.00017,0.00001,0.00316,0.00000,0.00185,0.01166
1403715308.562142848968506,0.00604,0.00018,0.00001,0.00296,0.00000,0.00177,0.01095
1403715308.612143516540527,0.00663,0.00021,0.00001,0.00325,0.00000,0.00285,0.01295
1403715308.662144899368286,0.00699,0.00019,0.00046,0.00331,0.00000,0.00219,0.01313
1403715308.712148666381836,0.00598,0.00017,0.00001,0.00309,0.00000,0.00278,0.01204
1403715308.762147188186646,0.00675,0.00017,0.00001,0.00319,0.00406,0.00181,0.01599
1403715308.812150478363037,0.00593,0.00018,0.00007,0.00369,0.00000,0.00287,0.01274
1403715308.862154960632324,0.00690,0.00019,0.00001,0.00373,0.00000,0.00196,0.01279
1403715308.912156820297241,0.00629,0.00017,0.00001,0.00379,0.00000,0.00281,0.01307
1403715308.962163686752319,0.00664,0.00018,0.00001,0.00359,0.00005,0.00178,0.01225
1403715309.012166500091553,0.00654,0.00018,0.00001,0.00363,0.00003,0.00270,0.01310
1403715309.062170982360840,0.00671,0.00018,0.00001,0.00372,0.00003,0.00197,0.01263
1403715309.112171888351440,0.00613,0.00017,0.00001,0.00353,0.00000,0.00292,0.01277
1403715309.162173032760620,0.00664,0.00018,0.00001,0.00348,0.00000,0.00183,0.01215
1403715309.212175130844116,0.00664,0.00017,0.00001,0.00374,0.00000,0.00191,0.01248
1403715309.262179136276245,0.00625,0.00018,0.00001,0.00344,0.00000,0.00227,0.01215
1403715309.312176465988159,0.00647,0.00018,0.00007,0.00429,0.00001,0.00301,0.01403
1403715309.362174749374390,0.00820,0.00019,0.00001,0.00375,0.00000,0.00194,0.01409
1403715309.412174224853516,0.00651,0.00018,0.00001,0.00350,0.00000,0.00200,0.01219
1403715309.462174654006958,0.00704,0.00020,0.00001,0.00338,0.00000,0.00206,0.01270
1403715309.512176990509033,0.00633,0.00019,0.00001,0.00350,0.00000,0.00198,0.01201
1403715309.562176704406738,0.00664,0.00018,0.00001,0.00337,0.00005,0.00201,0.01225
1403715309.612174034118652,0.00706,0.00017,0.00001,0.00326,0.00061,0.00219,0.01330
1403715309.662173509597778,0.00723,0.00018,0.00006,0.00318,0.00079,0.00265,0.01409
1403715309.712172031402588,0.00729,0.00019,0.00001,0.00365,0.00000,0.00195,0.01309
1403715309.762168884277344,0.00685,0.00017,0.00001,0.00358,0.00000,0.00214,0.01275
1403715309.812167406082153,0.00644,0.00017,0.00001,0.00368,0.00000,0.00219,0.01249
1403715309.862166404724121,0.00674,0.00017,0.00001,0.00336,0.00000,0.00209,0.01237
1403715309.912163734436035,0.00654,0.00017,0.00001,0.00352,0.00061,0.00210,0.01294
1403715309.962163448333740,0.00757,0.00021,0.00009,0.00371,0.00001,0.00197,0.01356
1403715310.012164592742920,0.00722,0.00020,0.00001,0.00363,0.00000,0.00204,0.01310
1403715310.062169551849365,0.00644,0.00017,0.00001,0.00333,0.00000,0.00178,0.01174
1403715310.112171888351440,0.00703,0.00019,0.00008,0.00322,0.00016,0.00204,0.01271
1403715310.162171840667725,0.00899,0.00018,0.00010,0.00301,0.00105,0.00203,0.01536
1403715310.212169885635376,0.00771,0.00018,0.00021,0.00295,0.00015,0.00204,0.01323
1403715310.262167930603027,0.00754,0.00017,0.00001,0.00293,0.00000,0.00218,0.01283
1403715310.312167406082153,0.00705,0.00016,0.00024,0.00291,0.00000,0.00206,0.01243
1403715310.362167358398438,0.00703,0.00020,0.00001,0.00278,0.00000,0.00274,0.01275
1403715310.412166357040405,0.00748,0.00017,0.00035,0.00284,0.00001,0.00222,0.01306
1403715310.462163209915161,0.00754,0.00018,0.00058,0.00245,0.00000,0.00212,0.01287
1403715310.512158155441284,0.00687,0.00016,0.00001,0.00236,0.00000,0.00217,0.01157
1403715310.562153577804565,0.00679,0.00016,0.00010,0.00264,0.00026,0.00205,0.01200
1403715310.612148761749268,0.00695,0.00017,0.00005,0.00218,0.00000,0.00231,0.01166
1403715310.712141275405884,0.00600,0.00023,0.00132,0.00354,0.00000,0.00248,0.01358
1403715310.762128591537476,0.00683,0.00015,0.00094,0.00209,0.01353,0.00186,0.02539
1403715310.812124252319336,0.00648,0.00018,0.00001,0.00376,0.00000,0.00183,0.01226
1403715310.862116098403931,0.00638,0.00020,0.00001,0.00382,0.00000,0.00172,0.01214
1403715310.912111997604370,0.00698,0.00022,0.00012,0.00507,0.00000,0.00280,0.01519
1403715310.962109088897705,0.00792,0.00030,0.00002,0.00580,0.00000,0.00211,0.01615
1403715311.012109756469727,0.00682,0.00032,0.00002,0.00696,0.00001,0.00243,0.01655
1403715311.062108755111694,0.00689,0.00033,0.00002,0.00708,0.00000,0.00213,0.01645
1403715311.112112760543823,0.00665,0.00030,0.00001,0.00403,0.00000,0.00209,0.01309
1403715311.162112951278687,0.00612,0.00020,0.00001,0.00394,0.00000,0.00203,0.01230
1403715311.212114810943604,0.00659,0.00018,0.00004,0.00366,0.00117,0.00196,0.01360
1403715311.262115478515625,0.00595,0.00018,0.00001,0.00398,0.00000,0.00196,0.01207
1403715311.312116622924805,0.00609,0.00021,0.00012,0.00384,0.00000,0.00226,0.01252
1403715311.362122297286987,0.00624,0.00017,0.00001,0.00353,0.00235,0.00196,0.01426
1403715311.412126779556274,0.00727,0.00019,0.00010,0.00380,0.00000,0.00174,0.01310
1403715311.462130308151245,0.00620,0.00045,0.00001,0.00373,0.00000,0.00198,0.01238
1403715311.512133121490479,0.00734,0.00019,0.00008,0.00357,0.00017,0.00189,0.01324
1403715311.562134504318237,0.00672,0.00021,0.00008,0.00358,0.00000,0.00174,0.01235
1403715311.612132072448730,0.00632,0.00019,0.00009,0.00317,0.00000,0.00178,0.01155
1403715311.662131786346436,0.00575,0.00017,0.00001,0.00348,0.00000,0.00190,0.01130
1403715311.712129354476929,0.00602,0.00017,0.00006,0.00316,0.00018,0.00170,0.01129
1403715311.762127161026001,0.00593,0.00018,0.00001,0.00342,0.00000,0.00169,0.01123
1403715311.812125682830811,0.00595,0.00019,0.00001,0.00363,0.00000,0.00205,0.01182
1403715311.862123966217041,0.00549,0.00017,0.00001,0.00348,0.00000,0.00204,0.01119
1403715311.912122488021851,0.00568,0.00017,0.00001,0.00337,0.00000,0.00201,0.01124
1403715311.962123870849609,0.00534,0.00019,0.00001,0.00352,0.00022,0.00215,0.01143
1403715312.012124061584473,0.00569,0.00018,0.00001,0.00331,0.00000,0.00197,0.01115
1403715312.062125205993652,0.00564,0.00017,0.00005,0.00309,0.00020,0.00175,0.01091
1403715312.112124681472778,0.00573,0.00018,0.00001,0.00312,0.00000,0.00181,0.01086
1403715312.162123918533325,0.00562,0.00017,0.00007,0.00324,0.00000,0.00206,0.01116
1403715312.212122917175293,0.00629,0.00018,0.00014,0.00296,0.00000,0.00184,0.01141
1403715312.262122869491577,0.00796,0.00017,0.00005,0.00273,0.00000,0.00204,0.01295
1403715312.312122106552124,0.00720,0.00046,0.00007,0.00409,0.00000,0.00183,0.01365
1403715312.362122297286987,0.00612,0.00017,0.00005,0.00284,0.00000,0.00174,0.01092
1403715312.412121534347534,0.00596,0.00019,0.00019,0.00237,0.00000,0.00183,0.01053
1403715312.462120771408081,0.01033,0.00017,0.00007,0.00212,0.00000,0.00201,0.01470
1403715312.512119531631470,0.00718,0.00016,0.00038,0.00200,0.00013,0.00207,0.01192
1403715312.562117338180542,0.00834,0.00016,0.00042,0.00211,0.00031,0.00204,0.01337
1403715312.612121820449829,0.00780,0.00016,0.00025,0.00215,0.00012,0.00217,0.01265
1403715312.662120103836060,0.00696,0.00016,0.00029,0.00200,0.00000,0.00216,0.01157
1403715312.712121009826660,0.00706,0.00016,0.00032,0.00177,0.00001,0.00184,0.01116
1403715312.762115240097046,0.00693,0.00014,0.00028,0.00178,0.00012,0.00185,0.01109
1403715312.812116622924805,0.00590,0.00014,0.00002,0.00195,0.00404,0.00177,0.01383
1403715312.862118482589722,0.00619,0.00016,0.00001,0.00223,0.00000,0.00186,0.01045
1403715312.912119388580322,0.00590,0.00019,0.00014,0.00206,0.00000,0.00186,0.01014
1403715312.962118148803711,0.00716,0.00017,0.00070,0.00215,0.00025,0.00208,0.01251
1403715313.012116670608521,0.00713,0.00016,0.00226,0.00214,0.01251,0.00202,0.02621
1403715313.062114238739014,0.00652,0.00018,0.00001,0.00368,0.00000,0.00190,0.01229
1403715313.112113475799561,0.00727,0.00017,0.00009,0.00302,0.00014,0.00200,0.01269
1403715313.162110328674316,0.00671,0.00017,0.00006,0.00298,0.00042,0.00184,0.01218
1403715313.212104320526123,0.00677,0.00017,0.00009,0.00307,0.00001,0.00193,0.01204
1403715313.262101650238037,0.00726,0.00017,0.00018,0.00252,0.00027,0.00171,0.01211
1403715313.312099695205688,0.00707,0.00025,0.00017,0.00274,0.00071,0.00246,0.01341
1403715313.362098455429077,0.00739,0.00017,0.00006,0.00297,0.00024,0.00197,0.01281
1403715313.412097930908203,0.00684,0.00017,0.00005,0.00288,0.00014,0.00214,0.01223
1403715313.462095022201538,0.00576,0.00019,0.00001,0.00329,0.00000,0.00179,0.01105
1403715313.512092351913452,0.00566,0.00017,0.00008,0.00390,0.00016,0.00210,0.01207
1403715313.562090396881104,0.00610,0.00018,0.00001,0.00298,0.00000,0.00203,0.01131
1403715313.612087965011597,0.00581,0.00020,0.00001,0.00283,0.00180,0.00175,0.01239
1403715313.662087440490723,0.00560,0.00018,0.00008,0.00316,0.00041,0.00218,0.01160
1403715313.712088584899902,0.00641,0.00019,0.00008,0.00309,0.00001,0.00184,0.01161
1403715313.762087821960449,0.00695,0.00017,0.00005,0.00303,0.00035,0.00206,0.01260
1403715313.812088727951050,0.00730,0.00022,0.00001,0.00306,0.00057,0.00200,0.01316
1403715313.862088680267334,0.00566,0.00019,0.00007,0.00281,0.00016,0.00199,0.01087
1403715313.912086009979248,0.00574,0.00018,0.00014,0.00274,0.00027,0.00185,0.01093
1403715313.962088823318481,0.00564,0.00018,0.00005,0.00289,0.00001,0.00186,0.01063
1403715314.012098073959351,0.00562,0.00016,0.00008,0.00278,0.00017,0.00184,0.01065
1403715314.062107086181641,0.00628,0.00022,0.00008,0.00319,0.00001,0.00215,0.01192
1403715314.112108469009399,0.00663,0.00017,0.00010,0.00270,0.00013,0.00200,0.01174
1403715314.162111997604370,0.00553,0.00018,0.00007,0.00248,0.00000,0.00202,0.01027
1403715314.212114810943604,0.00762,0.00016,0.00019,0.00185,0.00034,0.00193,0.01209
1403715314.262116670608521,0.00650,0.00015,0.00010,0.00171,0.00001,0.00187,0.01034
1403715314.312117576599121,0.00628,0.00014,0.00001,0.00168,0.00000,0.00200,0.01011
1403715314.362114191055298,0.00628,0.00014,0.00004,0.00182,0.00019,0.00193,0.01039
1403715314.412111043930054,0.00604,0.00015,0.00003,0.00153,0.00000,0.00190,0.00964
1403715314.462105274200439,0.00603,0.00014,0.00005,0.00139,0.00000,0.00209,0.00970
1403715314.512101650238037,0.00767,0.00016,0.00012,0.00145,0.00000,0.00200,0.01140
1403715314.562099933624268,0.00602,0.00016,0.00004,0.00113,0.00003,0.00180,0.00918
1403715314.612096309661865,0.00584,0.00015,0.00003,0.00114,0.00011,0.00221,0.00948
1403715314.662094354629517,0.00628,0.00015,0.00001,0.00130,0.00043,0.00238,0.01054
1403715314.712095260620117,0.00658,0.00015,0.00053,0.00137,0.00043,0.00199,0.01105
1403715314.762094020843506,0.00620,0.00015,0.00001,0.00148,0.01400,0.00197,0.02381
1403715314.812091350555420,0.00680,0.00019,0.00001,0.00305,0.00030,0.00169,0.01203
1403715314.862092256546021,0.00632,0.00018,0.00001,0.00321,0.00011,0.00208,0.01191
1403715314.912091970443726,0.00684,0.00021,0.00001,0.00386,0.00000,0.00200,0.01294
1403715314.962090730667114,0.00738,0.00016,0.00001,0.00284,0.00021,0.00194,0.01253
1403715315.012089967727661,0.00652,0.00016,0.00012,0.00277,0.00015,0.00194,0.01167
1403715315.062089204788208,0.00624,0.00017,0.00001,0.00283,0.00000,0.00202,0.01128
1403715315.112083673477173,0.00732,0.00018,0.00024,0.00273,0.00000,0.00195,0.01242
1403715315.162073612213135,0.00656,0.00017,0.00012,0.00267,0.00053,0.00173,0.01179
1403715315.212074756622314,0.00669,0.00017,0.00004,0.00303,0.00000,0.00228,0.01221
1403715315.262069940567017,0.00666,0.00018,0.00001,0.00290,0.00000,0.00221,0.01197
1403715315.312067985534668,0.00712,0.00017,0.00007,0.00273,0.00016,0.00212,0.01237
1403715315.362073183059692,0.00648,0.00017,0.00001,0.00284,0.00102,0.00213,0.01265
1403715315.412077188491821,0.00697,0.00017,0.00001,0.00300,0.00052,0.00166,0.01234
1403715315.462075710296631,0.00596,0.00018,0.00001,0.00297,0.00057,0.00188,0.01157
1403715315.512075901031494,0.00606,0.00027,0.00001,0.00331,0.00000,0.00188,0.01154
1403715315.562076330184937,0.00636,0.00017,0.00002,0.00306,0.00025,0.00183,0.01169
1403715315.612074851989746,0.00628,0.00016,0.00004,0.00331,0.00016,0.00180,0.01175
1403715315.662074565887451,0.00625,0.00017,0.00001,0.00344,0.00000,0.00207,0.01194
1403715315.712075948715210,0.00681,0.00018,0.00003,0.00297,0.00000,0.00213,0.01212
1403715315.762075424194336,0.00654,0.00017,0.00001,0.00297,0.00059,0.00196,0.01224
1403715315.812076568603516,0.00620,0.00017,0.00009,0.00268,0.00014,0.00181,0.01109
1403715315.862078428268433,0.00638,0.00016,0.00001,0.00255,0.00000,0.00209,0.01119
1403715315.912077903747559,0.00621,0.00017,0.00046,0.00252,0.00001,0.00191,0.01127
1403715315.962076902389526,0.00603,0.00017,0.00009,0.00250,0.00154,0.00202,0.01234
1403715316.012074708938599,0.00674,0.00017,0.00005,0.00312,0.00006,0.00207,0.01222
1403715316.062074422836304,0.00758,0.00028,0.00010,0.00438,0.00000,0.00207,0.01441
1403715316.112073659896851,0.00622,0.00017,0.00001,0.00301,0.00000,0.00193,0.01133
1403715316.162072658538818,0.00595,0.00016,0.00001,0.00290,0.00019,0.00196,0.01117
1403715316.212070703506470,0.00614,0.00017,0.00001,0.00289,0.00000,0.00191,0.01112
1403715316.262068748474121,0.00617,0.00016,0.00001,0.00236,0.00000,0.00199,0.01070
1403715316.312067985534668,0.00620,0.00016,0.00005,0.00250,0.00000,0.00208,0.01100
1403715316.362073898315430,0.00583,0.00017,0.00016,0.00215,0.00029,0.00195,0.01055
1403715316.412079334259033,0.00817,0.00019,0.00032,0.00242,0.00048,0.00218,0.01376
1403715316.462092399597168,0.00701,0.00016,0.00010,0.00237,0.00013,0.00225,0.01202
1403715316.512108087539673,0.00661,0.00016,0.00006,0.00226,0.00000,0.00188,0.01097
1403715316.562121152877808,0.00650,0.00015,0.00004,0.00223,0.00022,0.00199,0.01113
1403715316.612132072448730,0.00639,0.00015,0.00001,0.00207,0.00046,0.00171,0.01079
1403715316.662141561508179,0.00622,0.00015,0.00004,0.00202,0.00001,0.00190,0.01033
1403715316.712142944335938,0.00652,0.00015,0.00005,0.00197,0.00012,0.00193,0.01073
1403715316.762144565582275,0.00689,0.00017,0.00005,0.00213,0.00033,0.00216,0.01174
1403715316.812142372131348,0.00684,0.00017,0.00008,0.00225,0.00002,0.00199,0.01135
1403715316.862142801284790,0.00811,0.00017,0.00034,0.00228,0.00000,0.00233,0.01322
1403715316.912143707275391,0.00755,0.00016,0.00001,0.00226,0.00000,0.00220,0.01219
1403715316.962147235870361,0.00707,0.00016,0.00001,0.00222,0.01803,0.00224,0.02973
1403715317.012149095535278,0.00693,0.00021,0.00008,0.00450,0.00019,0.00224,0.01414
1403715317.062149286270142,0.00756,0.00031,0.00029,0.00774,0.00000,0.00240,0.01830
1403715317.112147808074951,0.00748,0.00030,0.00012,0.00544,0.00000,0.00203,0.01536
1403715317.162147760391235,0.00674,0.00019,0.00001,0.00429,0.00021,0.00216,0.01360
1403715317.212147474288940,0.00767,0.00020,0.00009,0.00360,0.00000,0.00210,0.01366
1403715317.262145757675171,0.00782,0.00022,0.00010,0.00424,0.00078,0.00229,0.01545
1403715317.312146425247192,0.00767,0.00031,0.00022,0.00370,0.00024,0.00218,0.01433
1403715317.362148284912109,0.00751,0.00020,0.00001,0.00372,0.00000,0.00244,0.01388
1403715317.412147283554077,0.00704,0.00021,0.00013,0.00359,0.00018,0.00230,0.01345
1403715317.462148189544678,0.00813,0.00020,0.00001,0.00325,0.00000,0.00217,0.01375
1403715317.562151193618774,0.00627,0.00024,0.00027,0.00279,0.00014,0.00205,0.01176
1403715317.612153053283691,0.00663,0.00026,0.00009,0.00428,0.00000,0.00230,0.01357
1403715317.662156581878662,0.00561,0.00019,0.00006,0.00286,0.00018,0.00209,0.01098
1403715317.712156772613525,0.00662,0.00018,0.00001,0.00287,0.00000,0.00220,0.01188
1403715317.762158393859863,0.00854,0.00018,0.00013,0.00226,0.00014,0.00242,0.01368
1403715317.812161445617676,0.00739,0.00018,0.00007,0.00251,0.00019,0.00252,0.01287
1403715317.862160444259644,0.01152,0.00019,0.00009,0.00243,0.00001,0.00231,0.01655
1403715317.912160396575928,0.00747,0.00017,0.00026,0.00264,0.00000,0.00221,0.01274
1403715317.962160825729370,0.00746,0.00016,0.00026,0.00202,0.00000,0.00224,0.01214
1403715318.012161254882812,0.00777,0.00016,0.00004,0.00186,0.00000,0.00238,0.01221
1403715318.062161684036255,0.00704,0.00016,0.00019,0.00206,0.00053,0.00229,0.01227
1403715318.112161159515381,0.00715,0.00016,0.00019,0.00190,0.00000,0.00243,0.01182
1403715318.162160396575928,0.00835,0.00016,0.00026,0.00188,0.00000,0.00221,0.01285
1403715318.212159395217896,0.00712,0.00016,0.00001,0.00172,0.00000,0.00221,0.01121
1403715318.262158632278442,0.00680,0.00015,0.00001,0.00181,0.00000,0.00217,0.01095
1403715318.312155246734619,0.00738,0.00016,0.00003,0.00166,0.00719,0.00248,0.01889
1403715318.362151861190796,0.00690,0.00018,0.00001,0.00272,0.00000,0.00235,0.01217
1403715318.412145853042603,0.00785,0.00019,0.00670,0.00262,0.01061,0.00222,0.03019
1403715318.462143659591675,0.00718,0.00021,0.00005,0.00421,0.00000,0.00221,0.01387
1403715318.512140512466431,0.00660,0.00019,0.00007,0.00363,0.00000,0.00197,0.01246
1403715318.562133550643921,0.00674,0.00018,0.00010,0.00353,0.00000,0.00205,0.01260
1403715318.612131595611572,0.00670,0.00019,0.00006,0.00350,0.00001,0.00195,0.01241
1403715318.662128686904907,0.00628,0.00019,0.00001,0.00332,0.00000,0.00198,0.01177
1403715318.712127208709717,0.00685,0.00019,0.00041,0.00342,0.00000,0.00197,0.01284
1403715318.762131214141846,0.00641,0.00018,0.00046,0.00298,0.00000,0.00186,0.01189
1403715318.812135219573975,0.00632,0.00018,0.00006,0.00332,0.00000,0.00219,0.01206
1403715318.862138986587524,0.00795,0.00020,0.00054,0.00309,0.00000,0.00203,0.01381
1403715318.912143707275391,0.00738,0.00016,0.00001,0.00339,0.00000,0.00208,0.01303
1403715318.962143421173096,0.00642,0.00018,0.00001,0.00279,0.00000,0.00228,0.01167
1403715319.012147426605225,0.00563,0.00017,0.00145,0.00269,0.00891,0.00210,0.02095
1403715319.062148571014404,0.00553,0.00019,0.00008,0.00421,0.00001,0.00215,0.01217
1403715319.112148761749268,0.00598,0.00018,0.00043,0.00374,0.00000,0.00204,0.01237
1403715319.162148952484131,0.00746,0.00042,0.00033,0.00476,0.00018,0.00176,0.01490
1403715319.212149143218994,0.00683,0.00018,0.00019,0.00332,0.00000,0.00196,0.01248
1403715319.262153863906860,0.00646,0.00017,0.00003,0.00311,0.00000,0.00196,0.01174
1403715319.312157392501831,0.00661,0.00017,0.00001,0.00320,0.00000,0.00205,0.01204
1403715319.362159490585327,0.00705,0.00017,0.00001,0.00287,0.00000,0.00204,0.01214
1403715319.412159204483032,0.00687,0.00017,0.00001,0.00274,0.00000,0.00203,0.01180
1403715319.462156295776367,0.00634,0.00020,0.00009,0.00270,0.00016,0.00217,0.01166
1403715319.512152910232544,0.01033,0.00018,0.00011,0.00275,0.00000,0.00211,0.01548
1403715319.562147617340088,0.00683,0.00017,0.00011,0.00248,0.00000,0.00209,0.01169
1403715319.612146854400635,0.00688,0.00016,0.00001,0.00252,0.00121,0.00210,0.01288
1403715319.662139654159546,0.00684,0.00016,0.00004,0.00258,0.00000,0.00184,0.01146
1403715319.712137222290039,0.00759,0.00016,0.00001,0.00269,0.00000,0.00197,0.01241
1403715319.762133359909058,0.00667,0.00016,0.00001,0.00264,0.00000,0.00210,0.01159
1403715319.812132358551025,0.00727,0.00015,0.00001,0.00261,0.00000,0.00220,0.01224
1403715319.862132310867310,0.00852,0.00018,0.00038,0.00270,0.00000,0.00211,0.01389
1403715319.912130832672119,0.00740,0.00022,0.00012,0.00270,0.00000,0.00213,0.01257
1403715319.962127923965454,0.00737,0.00016,0.00101,0.00261,0.00000,0.00211,0.01326
1403715320.012122869491577,0.00728,0.00016,0.00007,0.00267,0.00000,0.00221,0.01239
1403715320.062111854553223,0.00753,0.00016,0.00345,0.00223,0.01660,0.00205,0.03202
1403715320.112111806869507,0.00819,0.00020,0.00020,0.00461,0.00000,0.00192,0.01512
1403715320.162111282348633,0.00732,0.00018,0.00007,0.00447,0.00001,0.00210,0.01415
1403715320.212107896804810,0.00683,0.00018,0.00010,0.00406,0.00000,0.00193,0.01309
1403715320.262109279632568,0.00701,0.00018,0.00018,0.00361,0.00000,0.00190,0.01289
1403715320.312109708786011,0.00689,0.00026,0.00023,0.00378,0.00000,0.00210,0.01326
1403715320.362109422683716,0.00627,0.00017,0.00001,0.00363,0.00000,0.00200,0.01208
1403715320.412111997604370,0.00777,0.00020,0.00007,0.00357,0.00000,0.00212,0.01374
1403715320.462125778198242,0.00635,0.00017,0.00010,0.00305,0.00000,0.00196,0.01163
1403715320.512132167816162,0.00641,0.00016,0.00007,0.00274,0.00000,0.00203,0.01141
1403715320.562138080596924,0.00635,0.00017,0.00012,0.00291,0.00015,0.00212,0.01182
1403715320.612135171890259,0.00614,0.00016,0.00006,0.00305,0.00000,0.00221,0.01162
1403715320.662137985229492,0.00719,0.00018,0.00001,0.00296,0.00321,0.00215,0.01569
1403715320.712135314941406,0.00605,0.00017,0.00001,0.00322,0.00000,0.00204,0.01148
1403715320.762134075164795,0.00692,0.00018,0.00003,0.00348,0.00001,0.00206,0.01267
1403715320.812132835388184,0.00612,0.00018,0.00001,0.00298,0.00000,0.00199,0.01128
1403715320.862130165100098,0.00592,0.00017,0.00003,0.00275,0.00000,0.00201,0.01087
1403715320.912129163742065,0.00683,0.00018,0.00003,0.00293,0.00015,0.00188,0.01200
1403715320.962127685546875,0.00609,0.00017,0.00001,0.00312,0.00000,0.00193,0.01133
1403715321.012125253677368,0.00593,0.00017,0.00001,0.00334,0.00000,0.00199,0.01144
1403715321.062123298645020,0.00645,0.00016,0.00001,0.00291,0.00000,0.00191,0.01144
1403715321.112122058868408,0.00612,0.00017,0.00001,0.00302,0.00000,0.00193,0.01125
1403715321.162120103836060,0.00674,0.00018,0.00001,0.00272,0.00055,0.00221,0.01241
1403715321.212116479873657,0.00646,0.00018,0.00001,0.00317,0.00000,0.00202,0.01183
1403715321.262118101119995,0.00669,0.00017,0.00001,0.00309,0.00004,0.00193,0.01192
1403715321.312119483947754,0.00609,0.00017,0.00001,0.00323,0.00000,0.00177,0.01127
1403715321.362118244171143,0.00648,0.00016,0.00001,0.00301,0.00000,0.00185,0.01150
1403715321.412122011184692,0.00600,0.00018,0.00001,0.00317,0.00000,0.00198,0.01134
1403715321.462121248245239,0.00674,0.00018,0.00001,0.00287,0.00000,0.00187,0.01166
1403715321.512117385864258,0.00624,0.00018,0.00003,0.00512,0.00026,0.00224,0.01408
1403715321.562116146087646,0.00653,0.00017,0.00001,0.00323,0.00000,0.00196,0.01191
1403715321.612114429473877,0.00601,0.00017,0.00005,0.00332,0.00016,0.00202,0.01172
1403715321.662116527557373,0.00614,0.00017,0.00001,0.00316,0.00000,0.00191,0.01139
1403715321.712116241455078,0.00618,0.00016,0.00001,0.00298,0.00000,0.00217,0.01150
1403715321.762115001678467,0.00596,0.00017,0.00006,0.00297,0.00001,0.00183,0.01099
1403715321.812112808227539,0.00622,0.00017,0.00013,0.00293,0.00029,0.00195,0.01169
1403715321.862113952636719,0.00645,0.00017,0.00001,0.00296,0.00004,0.00214,0.01177
1403715321.912120103836060,0.00694,0.00017,0.00008,0.00310,0.00015,0.00203,0.01247
1403715321.962126970291138,0.00695,0.00016,0.00006,0.00287,0.00014,0.00201,0.01219
1403715322.012137889862061,0.00679,0.00023,0.00001,0.00296,0.00000,0.00203,0.01201
1403715322.062144756317139,0.00670,0.00015,0.00003,0.00274,0.00014,0.00199,0.01174
1403715322.112150669097900,0.00625,0.00017,0.00003,0.00301,0.00017,0.00177,0.01140
1403715322.162153244018555,0.00655,0.00017,0.00003,0.00319,0.00000,0.00193,0.01188
1403715322.212151527404785,0.00615,0.00016,0.00001,0.00304,0.00003,0.00188,0.01125
1403715322.262149572372437,0.00680,0.00016,0.00010,0.00282,0.00000,0.00223,0.01210
1403715322.312148571014404,0.00967,0.00017,0.00001,0.00277,0.00000,0.00197,0.01460
1403715322.362147808074951,0.00753,0.00016,0.00007,0.00241,0.00048,0.00215,0.01280
1403715322.412147998809814,0.00656,0.00015,0.00013,0.00236,0.00000,0.00192,0.01112
1403715322.462147951126099,0.00733,0.00023,0.00006,0.00273,0.00041,0.00206,0.01282
1403715322.512148618698120,0.00615,0.00016,0.00004,0.00247,0.00000,0.00184,0.01066
1403715322.562147617340088,0.00567,0.00015,0.00005,0.00231,0.00000,0.00189,0.01006
1403715322.612148284912109,0.00640,0.00014,0.00037,0.00210,0.00000,0.00183,0.01085
1403715322.662147998809814,0.00594,0.00022,0.00001,0.00337,0.00000,0.00235,0.01189
1403715322.712148189544678,0.00717,0.00027,0.00010,0.00320,0.00015,0.00211,0.01300
1403715322.762147903442383,0.00589,0.00027,0.00098,0.00220,0.00000,0.00200,0.01133
1403715322.812149763107300,0.00567,0.00015,0.00033,0.00225,0.00000,0.00203,0.01043
1403715322.862151622772217,0.00592,0.00017,0.00138,0.00212,0.01437,0.00200,0.02595
1403715322.912152290344238,0.00619,0.00018,0.00001,0.00409,0.00000,0.00198,0.01244
1403715322.962152242660522,0.00581,0.00018,0.00017,0.00393,0.00000,0.00198,0.01208
1403715323.012154340744019,0.00581,0.00019,0.00006,0.00390,0.00002,0.00176,0.01174
1403715323.062155246734619,0.00548,0.00017,0.00001,0.00376,0.00020,0.00182,0.01143
1403715323.112152099609375,0.00663,0.00018,0.00001,0.00400,0.00000,0.00193,0.01274
1403715323.162148714065552,0.00632,0.00018,0.00027,0.00381,0.00000,0.00204,0.01262
1403715323.212146282196045,0.00608,0.00018,0.00005,0.00365,0.00000,0.00195,0.01192
1403715323.262144804000854,0.00596,0.00017,0.00009,0.00302,0.00000,0.00205,0.01129
1403715323.312144279479980,0.00614,0.00018,0.00001,0.00317,0.00000,0.00209,0.01159
1403715323.362143039703369,0.00556,0.00016,0.00007,0.00273,0.00014,0.00187,0.01053
1403715323.412143230438232,0.00531,0.00015,0.00006,0.00277,0.00000,0.00224,0.01054
1403715323.462143182754517,0.00544,0.00016,0.00001,0.00284,0.00000,0.00184,0.01028
1403715323.512145042419434,0.00640,0.00016,0.00001,0.00268,0.00000,0.00178,0.01103
1403715323.562139511108398,0.00586,0.00016,0.00004,0.00269,0.00000,0.00174,0.01050
1403715323.612129926681519,0.00580,0.00016,0.00001,0.00236,0.00004,0.00188,0.01025
1403715323.662119388580322,0.00808,0.00015,0.00012,0.00220,0.00012,0.00190,0.01257
1403715323.712105274200439,0.00707,0.00017,0.00007,0.00240,0.00002,0.00217,0.01190
1403715323.762095928192139,0.00657,0.00015,0.00006,0.00224,0.00025,0.00195,0.01122
1403715323.812095880508423,0.00633,0.00016,0.00018,0.00219,0.00000,0.00207,0.01093
1403715323.862098455429077,0.00875,0.00015,0.00005,0.00204,0.00001,0.00187,0.01288
1403715323.912097692489624,0.00694,0.00015,0.00040,0.00184,0.00000,0.00221,0.01153
1403715323.962096929550171,0.00677,0.00017,0.00045,0.00160,0.00000,0.00209,0.01107
1403715324.012103796005249,0.00686,0.00016,0.00020,0.00106,0.00018,0.00197,0.01042
1403715324.062114953994751,0.00626,0.00015,0.00038,0.00125,0.00012,0.00210,0.01026
1403715324.112120866775513,0.00604,0.00014,0.00003,0.00131,0.00014,0.00203,0.00969
1403715324.162123918533325,0.00642,0.00015,0.00004,0.00153,0.00013,0.00213,0.01040
1403715324.212127923965454,0.00679,0.00014,0.00034,0.00163,0.00383,0.00212,0.01486
1403715324.262127876281738,0.00668,0.00016,0.00053,0.00219,0.00000,0.00218,0.01174
1403715324.312124490737915,0.00606,0.00015,0.00001,0.00213,0.00091,0.00178,0.01105
1403715324.362125158309937,0.00637,0.00018,0.00004,0.00226,0.00013,0.00205,0.01103
1403715324.412142038345337,0.00660,0.00015,0.00020,0.00235,0.01237,0.00193,0.02360
1403715324.462145566940308,0.00810,0.00020,0.00001,0.00440,0.00000,0.00215,0.01485
1403715324.512153148651123,0.00698,0.00019,0.00002,0.00408,0.00000,0.00194,0.01321
1403715324.562167644500732,0.00654,0.00025,0.00017,0.00410,0.00000,0.00255,0.01361
1403715324.612187147140503,0.00726,0.00018,0.00001,0.00392,0.00000,0.00210,0.01347
1403715324.662207841873169,0.00711,0.00018,0.00001,0.00346,0.00062,0.00210,0.01347
1403715324.712223052978516,0.00677,0.00020,0.00006,0.00340,0.00017,0.00205,0.01266
1403715324.762237787246704,0.00754,0.00034,0.00017,0.00606,0.00033,0.00233,0.01676
1403715324.812247276306152,0.00699,0.00020,0.00006,0.00405,0.00025,0.00190,0.01345
1403715324.862257003784180,0.00816,0.00031,0.00002,0.00672,0.00000,0.00231,0.01752
1403715324.912263393402100,0.00748,0.00032,0.00002,0.00645,0.00001,0.00205,0.01632
1403715324.962265968322754,0.00743,0.00029,0.00002,0.00627,0.00000,0.00241,0.01642
1403715325.012263536453247,0.00615,0.00031,0.00003,0.00637,0.00368,0.00247,0.01901
1403715325.062258481979370,0.00722,0.00035,0.00002,0.00766,0.00001,0.00268,0.01793
1403715325.112251996994019,0.00619,0.00032,0.00014,0.00656,0.00001,0.00218,0.01539
1403715325.162246942520142,0.00715,0.00020,0.00001,0.00447,0.00000,0.00206,0.01388
1403715325.212245225906372,0.00702,0.00019,0.00001,0.00423,0.00000,0.00230,0.01375
1403715325.262245893478394,0.00692,0.00020,0.00001,0.00417,0.00000,0.00206,0.01335
1403715325.312251329421997,0.00646,0.00018,0.00001,0.00417,0.00000,0.00221,0.01303
1403715325.362259387969971,0.00631,0.00018,0.00001,0.00403,0.00003,0.00200,0.01256
1403715325.412269830703735,0.00732,0.00019,0.00001,0.00374,0.00004,0.00207,0.01337
1403715325.462274551391602,0.00732,0.00018,0.00001,0.00364,0.00000,0.00248,0.01362
1403715325.512275457382202,0.00703,0.00018,0.00009,0.00343,0.00027,0.00196,0.01295
1403715325.562271833419800,0.00678,0.00020,0.00009,0.00366,0.00021,0.00200,0.01295
1403715325.612266302108765,0.00677,0.00019,0.00007,0.00349,0.00054,0.00201,0.01307
1403715325.662260532379150,0.00722,0.00018,0.00006,0.00361,0.00027,0.00183,0.01317
1403715325.712256669998169,0.00632,0.00018,0.00001,0.00380,0.00061,0.00207,0.01299
1403715325.762252092361450,0.00627,0.00018,0.00001,0.00411,0.00000,0.00191,0.01248
1403715325.812248706817627,0.00650,0.00018,0.00009,0.00394,0.00016,0.00205,0.01291
1403715325.862245082855225,0.00742,0.00019,0.00001,0.00440,0.00000,0.00228,0.01430
1403715325.912242889404297,0.00643,0.00027,0.00002,0.00419,0.00000,0.00191,0.01282
1403715325.962242126464844,0.00721,0.00018,0.00053,0.00420,0.00003,0.00213,0.01428
1403715326.012242078781128,0.00710,0.00020,0.00014,0.00396,0.00073,0.00216,0.01428
1403715326.062242031097412,0.00649,0.00020,0.00001,0.00419,0.00000,0.00210,0.01300
1403715326.112242460250854,0.00650,0.00021,0.00001,0.00401,0.00000,0.00185,0.01258
1403715326.162243127822876,0.00631,0.00018,0.00021,0.00381,0.00001,0.00191,0.01243
1403715326.212244033813477,0.00827,0.00019,0.00001,0.00388,0.00110,0.00187,0.01533
1403715326.262246131896973,0.00637,0.00018,0.00004,0.00399,0.00016,0.00189,0.01262
1403715326.312251091003418,0.00616,0.00018,0.00001,0.00418,0.00000,0.00194,0.01247
1403715326.362256050109863,0.00638,0.00018,0.00001,0.00430,0.00000,0.00183,0.01269
1403715326.412256240844727,0.00641,0.00018,0.00001,0.00400,0.00000,0.00206,0.01266
1403715326.462252855300903,0.00669,0.00019,0.00001,0.00487,0.00000,0.00176,0.01353
1403715326.512249469757080,0.00637,0.00020,0.00001,0.00422,0.00000,0.00202,0.01282
1403715326.562245130538940,0.00622,0.00019,0.00004,0.00385,0.00067,0.00177,0.01274
1403715326.612240552902222,0.00678,0.00019,0.00001,0.00421,0.00064,0.00204,0.01387
1403715326.712243556976318,0.00591,0.00026,0.00006,0.00407,0.00017,0.00193,0.01240
1403715326.762247562408447,0.00574,0.00019,0.00001,0.00417,0.00000,0.00221,0.01232
1403715326.812252998352051,0.00566,0.00019,0.00007,0.00430,0.00069,0.00171,0.01261
1403715326.862256288528442,0.00586,0.00019,0.00001,0.00442,0.00000,0.00239,0.01287
1403715326.912257432937622,0.00588,0.00019,0.00008,0.00424,0.00017,0.00197,0.01254
1403715326.962258100509644,0.00586,0.00018,0.00001,0.00543,0.00000,0.00199,0.01347
1403715327.012260913848877,0.00654,0.00036,0.00017,0.00408,0.00001,0.00235,0.01351
1403715327.062263727188110,0.00710,0.00019,0.00006,0.00409,0.00018,0.00201,0.01362
1403715327.112266063690186,0.00647,0.00026,0.00001,0.00433,0.00000,0.00265,0.01373
1403715327.162270784378052,0.00664,0.00018,0.00001,0.00403,0.00000,0.00209,0.01295
1403715327.212273359298706,0.00623,0.00019,0.00001,0.00402,0.00000,0.00186,0.01232
1403715327.262276172637939,0.00607,0.00018,0.00001,0.00388,0.00000,0.00194,0.01208
1403715327.312277317047119,0.00594,0.00018,0.00008,0.00382,0.00017,0.00193,0.01212
1403715327.362277507781982,0.00582,0.00017,0.00001,0.00399,0.00000,0.00190,0.01189
1403715327.412277936935425,0.00560,0.00034,0.00001,0.00406,0.00000,0.00233,0.01234
1403715327.462277650833130,0.00742,0.00018,0.00001,0.00406,0.00000,0.00195,0.01362
1403715327.512278556823730,0.00642,0.00019,0.00001,0.00400,0.00000,0.00184,0.01247
1403715327.562279939651489,0.00614,0.00019,0.00006,0.00353,0.00016,0.00201,0.01209
1403715327.612280607223511,0.00568,0.00018,0.00006,0.00389,0.00080,0.00181,0.01242
1403715327.662281990051270,0.00597,0.00032,0.00001,0.00402,0.00000,0.00192,0.01224
1403715327.712283611297607,0.00679,0.00018,0.00007,0.00406,0.00000,0.00184,0.01294
1403715327.762285947799683,0.00605,0.00017,0.00001,0.00407,0.00000,0.00198,0.01229
1403715327.812288999557495,0.00703,0.00018,0.00006,0.00392,0.00000,0.00219,0.01339
1403715327.862290620803833,0.00738,0.00019,0.00007,0.00355,0.00000,0.00199,0.01318
1403715327.912290573120117,0.00654,0.00017,0.00010,0.00348,0.00021,0.00196,0.01247
1403715327.962289810180664,0.00634,0.00019,0.00012,0.00373,0.00000,0.00227,0.01265
1403715328.012290000915527,0.00599,0.00017,0.00001,0.00299,0.00000,0.00192,0.01109
1403715328.062290668487549,0.00592,0.00018,0.00005,0.00300,0.00001,0.00198,0.01115
1403715328.112288236618042,0.00623,0.00018,0.00015,0.00268,0.00026,0.00186,0.01136
1403715328.162287712097168,0.00869,0.00015,0.00005,0.00245,0.00003,0.00174,0.01311
1403715328.212287425994873,0.00734,0.00019,0.00011,0.00278,0.00062,0.00185,0.01290
1403715328.262286663055420,0.00681,0.00016,0.00007,0.00268,0.00001,0.00178,0.01151
1403715328.312285900115967,0.00685,0.00019,0.00016,0.00275,0.00000,0.00215,0.01211
1403715328.362285614013672,0.00659,0.00017,0.00023,0.00263,0.00000,0.00202,0.01163
1403715328.412285566329956,0.00660,0.00015,0.00001,0.00259,0.00000,0.00225,0.01160
1403715328.462285995483398,0.00650,0.00016,0.00027,0.00252,0.00000,0.00182,0.01128
1403715328.512285947799683,0.00667,0.00016,0.00005,0.00259,0.00014,0.00191,0.01151
1403715328.562287330627441,0.00661,0.00016,0.00001,0.00267,0.00000,0.00191,0.01135
1403715328.612287521362305,0.00725,0.00018,0.00027,0.00262,0.00001,0.00185,0.01217
1403715328.662287950515747,0.00627,0.00018,0.00001,0.00238,0.00000,0.00193,0.01077
1403715328.712293863296509,0.00613,0.00016,0.00646,0.00277,0.01150,0.00192,0.02894
1403715328.762295007705688,0.00594,0.00019,0.00001,0.00480,0.00021,0.00213,0.01328
1403715328.812295198440552,0.00633,0.00018,0.00001,0.00493,0.00000,0.00222,0.01368
1403715328.862294197082520,0.00694,0.00021,0.00004,0.00440,0.00000,0.00210,0.01368
1403715328.962293863296509,0.00711,0.00027,0.00015,0.00388,0.00015,0.00200,0.01356
1403715329.012294292449951,0.00683,0.00018,0.00003,0.00380,0.00000,0.00205,0.01290
1403715329.062294244766235,0.00661,0.00018,0.00012,0.00405,0.00001,0.00199,0.01295
1403715329.112295866012573,0.00657,0.00018,0.00041,0.00339,0.00000,0.00193,0.01247
1403715329.162297964096069,0.00644,0.00017,0.00091,0.00369,0.00017,0.00209,0.01347
1403715329.212303161621094,0.00692,0.00019,0.00041,0.00331,0.00014,0.00190,0.01287
1403715329.262307405471802,0.00664,0.00017,0.00019,0.00319,0.00051,0.00188,0.01257
1403715329.312309741973877,0.00646,0.00017,0.00001,0.00314,0.00000,0.00196,0.01173
1403715329.362305879592896,0.00567,0.00018,0.00007,0.00288,0.00681,0.00188,0.01750
1403715329.412303209304810,0.00590,0.00018,0.00007,0.00417,0.00129,0.00203,0.01364
1403715329.462297439575195,0.00691,0.00019,0.00007,0.00423,0.00017,0.00204,0.01360
1403715329.512292146682739,0.00682,0.00019,0.00001,0.00407,0.00000,0.00189,0.01298
1403715329.562289237976074,0.00678,0.00017,0.00005,0.00406,0.00017,0.00192,0.01316
1403715329.612290382385254,0.00650,0.00018,0.00016,0.00391,0.00017,0.00179,0.01271
1403715329.662290096282959,0.00646,0.00018,0.00001,0.00439,0.00117,0.00211,0.01431
1403715329.712294101715088,0.00688,0.00019,0.00007,0.00434,0.00001,0.00200,0.01348
1403715329.762295007705688,0.00643,0.00020,0.00001,0.00431,0.00000,0.00250,0.01345
1403715329.812290430068970,0.00758,0.00020,0.00001,0.00421,0.00000,0.00183,0.01383
1403715329.862293481826782,0.00694,0.00019,0.00006,0.00476,0.00018,0.00210,0.01424
1403715329.912292718887329,0.00629,0.00018,0.00001,0.00455,0.00000,0.00209,0.01312
1403715329.962295055389404,0.00669,0.00030,0.00002,0.00487,0.00039,0.00205,0.01431
1403715330.012293338775635,0.00589,0.00019,0.00001,0.00420,0.00000,0.00193,0.01222
1403715330.062291860580444,0.00733,0.00020,0.00008,0.00393,0.00015,0.00183,0.01352
1403715330.112288475036621,0.00602,0.00020,0.00002,0.00399,0.00000,0.00186,0.01209
1403715330.162289619445801,0.00595,0.00017,0.00001,0.00391,0.00000,0.00180,0.01184
1403715330.212286472320557,0.00703,0.00017,0.00011,0.00363,0.00035,0.00191,0.01321
1403715330.262286186218262,0.00580,0.00017,0.00001,0.00358,0.00000,0.00170,0.01127
1403715330.312285900115967,0.00613,0.00018,0.00004,0.00343,0.00070,0.00197,0.01245
1403715330.362285614013672,0.00629,0.00017,0.00008,0.00383,0.00001,0.00181,0.01220
1403715330.412284135818481,0.00574,0.00019,0.00006,0.00361,0.00016,0.00222,0.01198
1403715330.462281227111816,0.00699,0.00019,0.00001,0.00401,0.00000,0.00205,0.01325
1403715330.512279272079468,0.00625,0.00018,0.00001,0.00383,0.00000,0.00187,0.01215
1403715330.562279224395752,0.00644,0.00020,0.00001,0.00373,0.00040,0.00178,0.01256
1403715330.612278461456299,0.00670,0.00018,0.00001,0.00394,0.00000,0.00215,0.01297
1403715330.662277936935425,0.00564,0.00018,0.00001,0.00394,0.00004,0.00209,0.01190
1403715330.712277412414551,0.00577,0.00018,0.00001,0.00377,0.00000,0.00193,0.01166
1403715330.762277841567993,0.00585,0.00017,0.00001,0.00377,0.00000,0.00229,0.01209
1403715330.812276601791382,0.00609,0.00018,0.00001,0.00386,0.00024,0.00203,0.01241
1403715330.862275123596191,0.00616,0.00024,0.00004,0.00399,0.00000,0.00243,0.01286
1403715330.912274360656738,0.00648,0.00018,0.00006,0.00356,0.00000,0.00214,0.01243
1403715330.962273359298706,0.00560,0.00018,0.00001,0.00362,0.00056,0.00186,0.01183
1403715331.012274026870728,0.00649,0.00019,0.00009,0.00338,0.00016,0.00231,0.01261
1403715331.062274694442749,0.00583,0.00018,0.00006,0.00345,0.00000,0.00192,0.01144
1403715331.112273693084717,0.00583,0.00017,0.00001,0.00306,0.00000,0.00194,0.01101
1403715331.212266445159912,0.00654,0.00026,0.00017,0.00293,0.00060,0.00213,0.01263
1403715331.262258768081665,0.00884,0.00018,0.00012,0.00258,0.00014,0.00188,0.01374
1403715331.312248229980469,0.00642,0.00018,0.00015,0.00298,0.00022,0.00223,0.01218
1403715331.362240791320801,0.00690,0.00017,0.00014,0.00263,0.00000,0.00217,0.01201
1403715331.412233829498291,0.00763,0.00018,0.00004,0.00276,0.00000,0.00221,0.01282
1403715331.462227821350098,0.00814,0.00017,0.00032,0.00248,0.00018,0.00214,0.01343
1403715331.512226819992065,0.00705,0.00017,0.00055,0.00238,0.00021,0.00201,0.01236
1403715331.562230110168457,0.00673,0.00016,0.00041,0.00219,0.00001,0.00213,0.01163
1403715331.612230062484741,0.00666,0.00017,0.00007,0.00224,0.00014,0.00202,0.01129
1403715331.662228107452393,0.00657,0.00017,0.00013,0.00247,0.00022,0.00196,0.01151
1403715331.712226629257202,0.00663,0.00016,0.00001,0.00261,0.00000,0.00218,0.01159
1403715331.762227058410645,0.00694,0.00016,0.00044,0.00250,0.00000,0.00192,0.01196
1403715331.812229633331299,0.00703,0.00016,0.00662,0.00242,0.01545,0.00204,0.03372
1403715331.862230539321899,0.00643,0.00018,0.00001,0.00542,0.00000,0.00205,0.01410
1403715331.912235021591187,0.00638,0.00019,0.00004,0.00539,0.00036,0.00206,0.01443
1403715331.962239503860474,0.00662,0.00019,0.00001,0.00520,0.00000,0.00205,0.01406
1403715332.012244462966919,0.00726,0.00020,0.00012,0.00527,0.00019,0.00200,0.01504
1403715332.062252521514893,0.00793,0.00018,0.00054,0.00582,0.00021,0.00242,0.01709
1403715332.112256526947021,0.00712,0.00019,0.00001,0.00534,0.00000,0.00206,0.01472
1403715332.162256956100464,0.00768,0.00018,0.00001,0.00533,0.00065,0.00219,0.01604
1403715332.212257862091064,0.00797,0.00019,0.00001,0.00551,0.00000,0.00213,0.01581
1403715332.262256860733032,0.00732,0.00025,0.00002,0.00561,0.00000,0.00202,0.01523
1403715332.312256813049316,0.00666,0.00019,0.00005,0.00553,0.00020,0.00212,0.01474
1403715332.362257480621338,0.00697,0.00021,0.00001,0.00551,0.00000,0.00203,0.01473
1403715332.412257671356201,0.00697,0.00020,0.00694,0.00550,0.00000,0.00193,0.02155
1403715332.462257623672485,0.00656,0.00020,0.00001,0.00595,0.00000,0.00199,0.01471
1403715332.512258291244507,0.00677,0.00019,0.00022,0.00546,0.00000,0.00197,0.01462
1403715332.562258958816528,0.00685,0.00020,0.00011,0.00573,0.00023,0.00236,0.01549
1403715332.612260341644287,0.00609,0.00019,0.00001,0.00546,0.00000,0.00210,0.01386
1403715332.662261247634888,0.00660,0.00019,0.00055,0.00547,0.00111,0.00202,0.01594
1403715332.712264060974121,0.00624,0.00020,0.00008,0.00541,0.00018,0.00186,0.01396
1403715332.762262344360352,0.00614,0.00019,0.00001,0.00512,0.00000,0.00207,0.01353
1403715332.812261819839478,0.00681,0.00021,0.00005,0.00568,0.00018,0.00197,0.01490
1403715332.862262248992920,0.00682,0.00024,0.00005,0.00535,0.00019,0.00202,0.01468
1403715332.912262916564941,0.00597,0.00019,0.00001,0.00551,0.00000,0.00222,0.01391
1403715332.962261438369751,0.00805,0.00022,0.00001,0.00549,0.00000,0.00198,0.01574
1403715333.012256383895874,0.00642,0.00019,0.00700,0.00525,0.00000,0.00182,0.02068
1403715333.062258005142212,0.00634,0.00019,0.00007,0.00516,0.00019,0.00230,0.01425
1403715333.112255096435547,0.00661,0.00021,0.00024,0.00584,0.00000,0.00208,0.01497
1403715333.162250757217407,0.00595,0.00021,0.00020,0.00485,0.00000,0.00212,0.01332
1403715333.212245464324951,0.00649,0.00021,0.00006,0.00499,0.00000,0.00191,0.01366
1403715333.262240171432495,0.00621,0.00019,0.00011,0.00445,0.00086,0.00214,0.01396
1403715333.312233924865723,0.00651,0.00020,0.00030,0.00514,0.00000,0.00192,0.01408
1403715333.362232923507690,0.00768,0.00018,0.00004,0.00504,0.00000,0.00233,0.01528
1403715333.412233114242554,0.00683,0.00019,0.00033,0.00484,0.00000,0.00210,0.01428
1403715333.462235927581787,0.00736,0.00018,0.00006,0.00489,0.00018,0.00226,0.01494
1403715333.512238264083862,0.00647,0.00018,0.00001,0.00492,0.00000,0.00202,0.01360
1403715333.562242269515991,0.00658,0.00018,0.00001,0.00421,0.00000,0.00185,0.01282
1403715333.612243413925171,0.00677,0.00019,0.00384,0.00410,0.00247,0.00213,0.01948
1403715333.662242889404297,0.00657,0.00021,0.00010,0.00426,0.00016,0.00205,0.01334
1403715333.712243080139160,0.00654,0.00018,0.00009,0.00432,0.00041,0.00213,0.01366
1403715333.762243509292603,0.00763,0.00018,0.00048,0.00417,0.00014,0.00207,0.01467
1403715333.812243223190308,0.00631,0.00018,0.00007,0.00454,0.00000,0.00204,0.01314
1403715333.862243175506592,0.00710,0.00019,0.00010,0.00418,0.00027,0.00217,0.01402
1403715333.912243366241455,0.00617,0.00018,0.00001,0.00460,0.00000,0.00222,0.01318
1403715333.962242841720581,0.00694,0.00020,0.00007,0.00398,0.00000,0.00200,0.01320
1403715334.012243032455444,0.00574,0.00020,0.00006,0.00377,0.00017,0.00210,0.01204
1403715334.062242746353149,0.00609,0.00018,0.00008,0.00388,0.00015,0.00191,0.01229
1403715334.112240791320801,0.00621,0.00018,0.00001,0.00415,0.00000,0.00202,0.01256
1403715334.162237405776978,0.00686,0.00019,0.00041,0.00402,0.00001,0.00219,0.01367
1403715334.212234735488892,0.00591,0.00017,0.00015,0.00364,0.00559,0.00202,0.01749
1403715334.262232303619385,0.00603,0.00019,0.00056,0.00414,0.00001,0.00192,0.01285
1403715334.312230825424194,0.00587,0.00018,0.00010,0.00406,0.00016,0.00197,0.01234
1403715334.362229108810425,0.00587,0.00020,0.00001,0.00392,0.00054,0.00192,0.01245
1403715334.412227869033813,0.00560,0.00021,0.00019,0.00424,0.00000,0.00189,0.01215
1403715334.462227821350098,0.00582,0.00018,0.00007,0.00361,0.00016,0.00192,0.01177
1403715334.512226343154907,0.00600,0.00018,0.00006,0.00417,0.00001,0.00206,0.01248
1403715334.562227249145508,0.00748,0.00021,0.00007,0.00378,0.00017,0.00202,0.01373
1403715334.612226247787476,0.00560,0.00017,0.00001,0.00425,0.00000,0.00209,0.01213
1403715334.662227153778076,0.00574,0.00018,0.00005,0.00355,0.00016,0.00204,0.01172
1403715334.712227344512939,0.00597,0.00017,0.00010,0.00372,0.00003,0.00192,0.01192
1403715334.762226819992065,0.00612,0.00024,0.00007,0.00377,0.00001,0.00203,0.01224
1403715334.812227249145508,0.00614,0.00018,0.00030,0.00364,0.00000,0.00182,0.01207
1403715334.862226724624634,0.00548,0.00021,0.00003,0.00377,0.00000,0.00188,0.01137
1403715334.912226438522339,0.00650,0.00021,0.00001,0.00369,0.00106,0.00189,0.01336
1403715334.962226390838623,0.00560,0.00018,0.00006,0.00364,0.00001,0.00192,0.01141
1403715335.012226581573486,0.00566,0.00019,0.00001,0.00354,0.00000,0.00180,0.01120
1403715335.062226295471191,0.00567,0.00017,0.00002,0.00358,0.00000,0.00178,0.01122
1403715335.112225770950317,0.00548,0.00018,0.00014,0.00342,0.00001,0.00213,0.01136
1403715335.162225246429443,0.00698,0.00018,0.00001,0.00310,0.00000,0.00190,0.01216
1403715335.212224960327148,0.00535,0.00018,0.00001,0.00294,0.00000,0.00201,0.01049
1403715335.262224435806274,0.00605,0.00018,0.00005,0.00278,0.00004,0.00203,0.01114
1403715335.312224864959717,0.00592,0.00019,0.00016,0.00259,0.00014,0.00198,0.01098
1403715335.362223863601685,0.00517,0.00015,0.00006,0.00262,0.00064,0.00199,0.01064
1403715335.412223815917969,0.00604,0.00020,0.00001,0.00268,0.00000,0.00204,0.01097
1403715335.462224006652832,0.00586,0.00015,0.00003,0.00249,0.00000,0.00175,0.01029
1403715335.512224912643433,0.00593,0.00015,0.00009,0.00245,0.00001,0.00187,0.01050
1403715335.562225341796875,0.00678,0.00023,0.00001,0.00253,0.00000,0.00200,0.01155
1403715335.612225055694580,0.00611,0.00015,0.00001,0.00220,0.00000,0.00183,0.01029
1403715335.712222576141357,0.00565,0.00022,0.00024,0.00215,0.00011,0.00213,0.01049
1403715335.762222766876221,0.00924,0.00034,0.00016,0.00349,0.00091,0.00198,0.01613
1403715335.812223911285400,0.00617,0.00016,0.00002,0.00233,0.00000,0.00227,0.01094
1403715335.862222909927368,0.00712,0.00026,0.00035,0.00364,0.00022,0.00210,0.01368
1403715335.912223100662231,0.00808,0.00015,0.00017,0.00197,0.00000,0.00200,0.01237
1403715335.962224006652832,0.00670,0.00016,0.00038,0.00214,0.00004,0.00233,0.01175
1403715336.012224197387695,0.00626,0.00015,0.00005,0.00199,0.00071,0.00194,0.01109
1403715336.062225580215454,0.00653,0.00015,0.00019,0.00231,0.00000,0.00228,0.01146
1403715336.112227201461792,0.00765,0.00027,0.00035,0.00299,0.00000,0.00202,0.01327
1403715336.162228584289551,0.00710,0.00015,0.00065,0.00198,0.00000,0.00213,0.01202
1403715336.212228775024414,0.00602,0.00014,0.00031,0.00173,0.00010,0.00207,0.01037
1403715336.262228488922119,0.00631,0.00015,0.00001,0.00180,0.00000,0.00211,0.01039
1403715336.312226295471191,0.00619,0.00016,0.00070,0.00157,0.00786,0.00207,0.01856
1403715336.362225055694580,0.00615,0.00018,0.00016,0.00264,0.00022,0.00205,0.01138
1403715336.412223815917969,0.00609,0.00017,0.00008,0.00269,0.00021,0.00239,0.01164
1403715336.462223052978516,0.00719,0.00020,0.00550,0.00244,0.00968,0.00187,0.02689
1403715336.512222766876221,0.00693,0.00018,0.00004,0.00380,0.00001,0.00182,0.01279
1403715336.562224149703979,0.00671,0.00018,0.00008,0.00411,0.00032,0.00199,0.01340
1403715336.612227201461792,0.00716,0.00019,0.00024,0.00381,0.00001,0.00176,0.01316
1403715336.662227630615234,0.00676,0.00018,0.00004,0.00366,0.00000,0.00223,0.01288
1403715336.712229490280151,0.00869,0.00024,0.00018,0.00360,0.00000,0.00212,0.01483
1403715336.762231111526489,0.00692,0.00019,0.00001,0.00438,0.00000,0.00217,0.01368
1403715336.812232494354248,0.00679,0.00019,0.00001,0.00348,0.00000,0.00212,0.01260
1403715336.862234830856323,0.00705,0.00019,0.00006,0.00375,0.00020,0.00211,0.01337
1403715336.912235975265503,0.00676,0.00017,0.00009,0.00302,0.00053,0.00186,0.01244
1403715336.962236642837524,0.00660,0.00018,0.00007,0.00335,0.00000,0.00204,0.01225
1403715337.012238502502441,0.00653,0.00019,0.00010,0.00290,0.00000,0.00221,0.01193
1403715337.062239885330200,0.00652,0.00018,0.00001,0.00270,0.00773,0.00181,0.01896
1403715337.112242460250854,0.00642,0.00019,0.00010,0.00401,0.00017,0.00189,0.01279
1403715337.162242889404297,0.00607,0.00018,0.00008,0.00375,0.00057,0.00188,0.01252
1403715337.212242841720581,0.00608,0.00018,0.00001,0.00370,0.00010,0.00183,0.01190
1403715337.262243032455444,0.00589,0.00018,0.00007,0.00375,0.00001,0.00187,0.01179
1403715337.312242746353149,0.00659,0.00021,0.00010,0.00345,0.00000,0.00198,0.01234
1403715337.362243890762329,0.00615,0.00017,0.00011,0.00339,0.00000,0.00198,0.01181
1403715337.412243366241455,0.00643,0.00019,0.00009,0.00309,0.00001,0.00226,0.01206
1403715337.462243318557739,0.00683,0.00018,0.00012,0.00283,0.00020,0.00202,0.01218
1403715337.512242794036865,0.01009,0.00019,0.00035,0.00238,0.00000,0.00205,0.01506
1403715337.562243223190308,0.00713,0.00017,0.00021,0.00208,0.00000,0.00219,0.01178
1403715337.612243175506592,0.00671,0.00015,0.00010,0.00206,0.00003,0.00205,0.01111
1403715337.662243127822876,0.00686,0.00016,0.00031,0.00164,0.00000,0.00241,0.01139
1403715337.712243556976318,0.00691,0.00016,0.00032,0.00145,0.00046,0.00195,0.01124
1403715337.762244462966919,0.00691,0.00016,0.00002,0.00166,0.00047,0.00208,0.01130
1403715337.812244415283203,0.00660,0.00016,0.00023,0.00157,0.00000,0.00202,0.01057
1403715337.862244129180908,0.00592,0.00015,0.00005,0.00120,0.00000,0.00188,0.00919
1403715337.912244319915771,0.00644,0.00015,0.00037,0.00111,0.00000,0.00211,0.01019
1403715337.962245225906372,0.00553,0.00014,0.00042,0.00082,0.00001,0.00196,0.00889
1403715338.012245655059814,0.00554,0.00013,0.00015,0.00075,0.00000,0.00189,0.00846
1403715338.062244653701782,0.00544,0.00013,0.00002,0.00069,0.01198,0.00206,0.02032
1403715338.112245082855225,0.00691,0.00019,0.00003,0.00242,0.00000,0.00205,0.01162
1403715338.162245988845825,0.00858,0.00015,0.00016,0.00229,0.00000,0.00195,0.01313
1403715338.212247610092163,0.00728,0.00018,0.00005,0.00217,0.00000,0.00211,0.01179
1403715338.262248277664185,0.00779,0.00015,0.00001,0.00217,0.00000,0.00199,0.01210
1403715338.312248945236206,0.00649,0.00014,0.00014,0.00207,0.00000,0.00193,0.01077
1403715338.362248897552490,0.00642,0.00014,0.00021,0.00206,0.00000,0.00199,0.01083
1403715338.412249088287354,0.00686,0.00018,0.00001,0.00202,0.00000,0.00222,0.01129
1403715338.462249279022217,0.00639,0.00014,0.00003,0.00185,0.00000,0.00220,0.01060
1403715338.512249946594238,0.00663,0.00016,0.00002,0.00188,0.00000,0.00219,0.01088
1403715338.562250614166260,0.00620,0.00015,0.00004,0.00173,0.00022,0.00203,0.01037
1403715338.612251281738281,0.00570,0.00015,0.00023,0.00179,0.00000,0.00192,0.00979
1403715338.662251234054565,0.00814,0.00015,0.00004,0.00190,0.00104,0.00186,0.01313
1403715338.712251663208008,0.00618,0.00014,0.00002,0.00184,0.00246,0.00183,0.01247
1403715338.762252569198608,0.00644,0.00015,0.00018,0.00202,0.00000,0.00202,0.01082
1403715338.812252044677734,0.00597,0.00015,0.00014,0.00192,0.00000,0.00188,0.01005
1403715338.862252473831177,0.00629,0.00015,0.00016,0.00159,0.00000,0.00193,0.01011
1403715338.912250518798828,0.00577,0.00015,0.00027,0.00163,0.00000,0.00224,0.01006
1403715338.962251424789429,0.00616,0.00015,0.00001,0.00195,0.00000,0.00194,0.01022
1403715339.012251377105713,0.00621,0.00016,0.00005,0.00151,0.00000,0.00189,0.00982
1403715339.062251329421997,0.00633,0.00015,0.00003,0.00155,0.00000,0.00211,0.01017
1403715339.112251758575439,0.00816,0.00020,0.00060,0.00136,0.00000,0.00209,0.01241
1403715339.162252187728882,0.00633,0.00015,0.00037,0.00122,0.00039,0.00205,0.01050
1403715339.212252616882324,0.00669,0.00014,0.00011,0.00123,0.00590,0.00179,0.01586
1403715339.262252330780029,0.00628,0.00015,0.00008,0.00202,0.00019,0.00206,0.01078
1403715339.312252998352051,0.00629,0.00014,0.00006,0.00189,0.00034,0.00200,0.01073
1403715339.362253189086914,0.00798,0.00017,0.00014,0.00220,0.00000,0.00215,0.01264
1403715339.412253379821777,0.00599,0.00015,0.00024,0.00198,0.00000,0.00187,0.01023
1403715339.462253093719482,0.00678,0.00015,0.00002,0.00188,0.00000,0.00191,0.01074
1403715339.512254953384399,0.00601,0.00014,0.00015,0.00180,0.00000,0.00177,0.00988
1403715339.562256336212158,0.00598,0.00014,0.00012,0.00181,0.00011,0.00187,0.01003
1403715339.612258195877075,0.00591,0.00014,0.00001,0.00208,0.00000,0.00193,0.01006
1403715339.662258625030518,0.00572,0.00015,0.00001,0.00192,0.00587,0.00174,0.01541
1403715339.712259292602539,0.00620,0.00015,0.00009,0.00259,0.00000,0.00222,0.01125
1403715339.762259721755981,0.00676,0.00017,0.00001,0.00242,0.00000,0.00182,0.01119
1403715339.812259435653687,0.00663,0.00016,0.00006,0.00221,0.00053,0.00193,0.01151
1403715339.862258911132812,0.00589,0.00015,0.00003,0.00211,0.00075,0.00177,0.01069
1403715339.912256956100464,0.00610,0.00017,0.00004,0.00216,0.00013,0.00188,0.01048
1403715339.962254047393799,0.00559,0.00014,0.00004,0.00208,0.00001,0.00178,0.00964
1403715340.012251377105713,0.00546,0.00015,0.00002,0.00223,0.00002,0.00188,0.00976
1403715340.062246322631836,0.00526,0.00015,0.00004,0.00201,0.00000,0.00179,0.00924
1403715340.112241744995117,0.00552,0.00014,0.00001,0.00193,0.00000,0.00188,0.00947
1403715340.162236928939819,0.00547,0.00015,0.00046,0.00211,0.00001,0.00214,0.01035
1403715340.212232112884521,0.00731,0.00020,0.00095,0.00205,0.00001,0.00201,0.01253
1403715340.262228012084961,0.00548,0.00015,0.00039,0.00190,0.00106,0.00188,0.01087
1403715340.312227725982666,0.00531,0.00015,0.00005,0.00189,0.00000,0.00213,0.00954
1403715340.362228393554688,0.00753,0.00016,0.00005,0.00179,0.00000,0.00188,0.01140
1403715340.412226438522339,0.00615,0.00015,0.00003,0.00156,0.00011,0.00181,0.00980
1403715340.462223768234253,0.00602,0.00015,0.00001,0.00169,0.00254,0.00182,0.01223
1403715340.512221813201904,0.00597,0.00015,0.00007,0.00189,0.00000,0.00179,0.00986
1403715340.562222480773926,0.00627,0.00015,0.00001,0.00191,0.00047,0.00196,0.01076
1403715340.612221717834473,0.00662,0.00015,0.00003,0.00237,0.00044,0.00214,0.01175
1403715340.662218809127808,0.00799,0.00024,0.00001,0.00297,0.00000,0.00184,0.01306
1403715340.712214946746826,0.00593,0.00015,0.00001,0.00187,0.00000,0.00172,0.00968
1403715340.762209415435791,0.00602,0.00014,0.00004,0.00173,0.00256,0.00173,0.01223
1403715340.812206745147705,0.00567,0.00015,0.00002,0.00196,0.00044,0.00181,0.01006
1403715340.862204790115356,0.00571,0.00015,0.00002,0.00205,0.00013,0.00206,0.01012
1403715340.912207126617432,0.00583,0.00015,0.00001,0.00208,0.00446,0.00171,0.01424
1403715340.962207794189453,0.00735,0.00017,0.00004,0.00235,0.00000,0.00207,0.01198
1403715341.012208461761475,0.00717,0.00042,0.00008,0.00395,0.00000,0.00219,0.01381
1403715341.062209606170654,0.00587,0.00017,0.00006,0.00222,0.00015,0.00200,0.01046
1403715341.112210035324097,0.00588,0.00016,0.00008,0.00222,0.00013,0.00205,0.01052
1403715341.162211179733276,0.00640,0.00015,0.00003,0.00234,0.00013,0.00194,0.01099
1403715341.212213039398193,0.00636,0.00015,0.00003,0.00224,0.00098,0.00181,0.01157
1403715341.262215137481689,0.00597,0.00015,0.00060,0.00242,0.00000,0.00182,0.01096
1403715341.312218427658081,0.00636,0.00017,0.00052,0.00220,0.00014,0.00202,0.01141
1403715341.362220048904419,0.00557,0.00015,0.00007,0.00264,0.00150,0.00214,0.01208
1403715341.412220239639282,0.00762,0.00018,0.00008,0.00227,0.00000,0.00175,0.01190
1403715341.462219953536987,0.00590,0.00015,0.00002,0.00222,0.00014,0.00218,0.01062
1403715341.512219190597534,0.00586,0.00015,0.00007,0.00225,0.00873,0.00210,0.01916
1403715341.562215805053711,0.00653,0.00018,0.00001,0.00366,0.00000,0.00197,0.01235
1403715341.612214803695679,0.00622,0.00016,0.00001,0.00324,0.00000,0.00186,0.01149
1403715341.662215709686279,0.00605,0.00020,0.00001,0.00326,0.00000,0.00190,0.01142
1403715341.712215900421143,0.00629,0.00018,0.00007,0.00281,0.00018,0.00205,0.01158
1403715341.762214422225952,0.00615,0.00018,0.00001,0.00301,0.00000,0.00187,0.01122
1403715341.812212705612183,0.00575,0.00017,0.00006,0.00302,0.00001,0.00178,0.01079
1403715341.862214803695679,0.00542,0.00017,0.00001,0.00284,0.00000,0.00197,0.01041
1403715341.912217378616333,0.00549,0.00016,0.00005,0.00273,0.00000,0.00180,0.01022
1403715341.962217092514038,0.00577,0.00016,0.00004,0.00271,0.00014,0.00180,0.01061
1403715342.012217998504639,0.00822,0.00016,0.00005,0.00279,0.00000,0.00187,0.01310
1403715342.062219381332397,0.00676,0.00016,0.00001,0.00294,0.00000,0.00193,0.01180
1403715342.112220287322998,0.00681,0.00018,0.00017,0.00294,0.00000,0.00206,0.01217
1403715342.162221193313599,0.00652,0.00017,0.00018,0.00277,0.00000,0.00210,0.01174
1403715342.212221860885620,0.00618,0.00016,0.00001,0.00259,0.00000,0.00201,0.01095
1403715342.262222290039062,0.00629,0.00016,0.00005,0.00254,0.00014,0.00193,0.01110
1403715342.312223911285400,0.00608,0.00015,0.00031,0.00274,0.00049,0.00193,0.01171
1403715342.362223386764526,0.00610,0.00016,0.00001,0.00290,0.00000,0.00194,0.01111
1403715342.412222862243652,0.00658,0.00016,0.00043,0.00280,0.00001,0.00191,0.01188
1403715342.462222576141357,0.00636,0.00016,0.00004,0.00265,0.00001,0.00243,0.01165
1403715342.512223482131958,0.00641,0.00017,0.00002,0.00272,0.00000,0.00199,0.01131
1403715342.562221527099609,0.00649,0.00016,0.00035,0.00247,0.01615,0.00192,0.02755
1403715342.612210273742676,0.00576,0.00020,0.00009,0.00491,0.00000,0.00196,0.01292
1403715342.662204504013062,0.00604,0.00018,0.00007,0.00444,0.00018,0.00194,0.01284
1403715342.712206363677979,0.00618,0.00018,0.00004,0.00436,0.00001,0.00197,0.01275
1403715342.762211561203003,0.00689,0.00019,0.00010,0.00397,0.00000,0.00181,0.01298
1403715342.812215566635132,0.00600,0.00018,0.00012,0.00347,0.00026,0.00180,0.01183
1403715342.862214803695679,0.00573,0.00017,0.00028,0.00375,0.00000,0.00184,0.01177
1403715342.912213563919067,0.00578,0.00018,0.00020,0.00385,0.00028,0.00190,0.01218
1403715342.962213516235352,0.00718,0.00018,0.00005,0.00400,0.00000,0.00195,0.01336
1403715343.012209415435791,0.00706,0.00018,0.00001,0.00393,0.00000,0.00205,0.01323
1403715343.062207937240601,0.00727,0.00022,0.00008,0.00395,0.00000,0.00198,0.01349
1403715343.112205505371094,0.00569,0.00018,0.00003,0.00358,0.00000,0.00201,0.01149
1403715343.162205696105957,0.00562,0.00017,0.00001,0.00341,0.00000,0.00177,0.01097
1403715343.212207794189453,0.00557,0.00016,0.00005,0.00289,0.00000,0.00180,0.01047
1403715343.262204885482788,0.00534,0.00019,0.00007,0.00268,0.00001,0.00204,0.01034
1403715343.312204360961914,0.00636,0.00017,0.00008,0.00272,0.00016,0.00185,0.01135
1403715343.362205266952515,0.00577,0.00016,0.00006,0.00279,0.00013,0.00183,0.01074
1403715343.412205934524536,0.00564,0.00029,0.00009,0.00523,0.00026,0.00218,0.01369
1403715343.462207317352295,0.00757,0.00015,0.00005,0.00306,0.00000,0.00176,0.01259
1403715343.512209415435791,0.00598,0.00018,0.00010,0.00240,0.00048,0.00217,0.01131
1403715343.562212705612183,0.00650,0.00023,0.00006,0.00306,0.00000,0.00197,0.01182
1403715343.612215280532837,0.00597,0.00015,0.00023,0.00227,0.00012,0.00203,0.01076
1403715343.662215948104858,0.00600,0.00014,0.00002,0.00222,0.00000,0.00242,0.01082
1403715343.712217569351196,0.00669,0.00016,0.00038,0.00222,0.00000,0.00184,0.01129
1403715343.762218236923218,0.00568,0.00014,0.00002,0.00215,0.00000,0.00187,0.00987
1403715343.812217950820923,0.00594,0.00018,0.00007,0.00311,0.00000,0.00227,0.01157
1403715343.912214994430542,0.00766,0.00048,0.00126,0.00272,0.00000,0.00199,0.01411
1403715343.962213039398193,0.00610,0.00015,0.00001,0.00202,0.00000,0.00183,0.01011
1403715344.012212276458740,0.00571,0.00015,0.00058,0.00193,0.00000,0.00226,0.01064
1403715344.062208175659180,0.00582,0.00014,0.00062,0.00175,0.01020,0.00183,0.02036
1403715344.112206935882568,0.00657,0.00016,0.00006,0.00270,0.00000,0.00203,0.01152
1403715344.162206888198853,0.00702,0.00017,0.00007,0.00268,0.00000,0.00215,0.01209
1403715344.212206840515137,0.00582,0.00018,0.00016,0.00255,0.00000,0.00196,0.01068
1403715344.262207508087158,0.00562,0.00016,0.00003,0.00232,0.00000,0.00192,0.01005
1403715344.312207460403442,0.00535,0.00015,0.00025,0.00222,0.00000,0.00200,0.00998
1403715344.362207412719727,0.00525,0.00014,0.00003,0.00199,0.00000,0.00205,0.00947
1403715344.412207603454590,0.00563,0.00014,0.00004,0.00193,0.00000,0.00185,0.00959
1403715344.462209224700928,0.00628,0.00015,0.00005,0.00207,0.00001,0.00213,0.01069
1403715344.512211322784424,0.00703,0.00015,0.00001,0.00195,0.00000,0.00185,0.01100
1403715344.562214136123657,0.00598,0.00015,0.00011,0.00193,0.00000,0.00207,0.01024
1403715344.612216711044312,0.00657,0.00018,0.00004,0.00192,0.00000,0.00221,0.01093
1403715344.662219762802124,0.00563,0.00014,0.00001,0.00179,0.00593,0.00201,0.01551
1403715344.712220907211304,0.00720,0.00017,0.00001,0.00243,0.00000,0.00219,0.01199
1403715344.762221336364746,0.00562,0.00015,0.00002,0.00225,0.00000,0.00204,0.01009
1403715344.812222957611084,0.00569,0.00016,0.00005,0.00211,0.00001,0.00178,0.00981
1403715344.862224340438843,0.00623,0.00018,0.00001,0.00210,0.00000,0.00190,0.01042
1403715344.912225246429443,0.00592,0.00014,0.00004,0.00210,0.00012,0.00192,0.01023
1403715344.962226390838623,0.00673,0.00015,0.00055,0.00212,0.00000,0.00195,0.01150
1403715345.012225866317749,0.00710,0.00016,0.00063,0.00173,0.00000,0.00190,0.01153
1403715345.062226295471191,0.00868,0.00015,0.00065,0.00141,0.00747,0.00212,0.02048
1403715345.112227439880371,0.00784,0.00015,0.00005,0.00223,0.00000,0.00201,0.01227
1403715345.162228345870972,0.00694,0.00016,0.00012,0.00217,0.00000,0.00209,0.01148
1403715345.212229728698730,0.00747,0.00014,0.00033,0.00211,0.00000,0.00209,0.01215
1403715345.262230396270752,0.00669,0.00014,0.00007,0.00211,0.00086,0.00207,0.01194
1403715345.312231302261353,0.00731,0.00015,0.00026,0.00253,0.00001,0.00218,0.01244
1403715345.362231969833374,0.00784,0.00016,0.00033,0.00219,0.00000,0.00199,0.01251
1403715345.412232398986816,0.00690,0.00014,0.00001,0.00222,0.00000,0.00199,0.01127
1403715345.462234020233154,0.00642,0.00015,0.00088,0.00221,0.00000,0.00196,0.01162
1403715345.512234210968018,0.00633,0.00015,0.00006,0.00203,0.00001,0.00198,0.01055
1403715345.562235116958618,0.00726,0.00014,0.00094,0.00190,0.00000,0.00201,0.01225
1403715345.612235546112061,0.00690,0.00015,0.00006,0.00186,0.01123,0.00254,0.02273
1403715345.662235736846924,0.00701,0.00023,0.00011,0.00344,0.00000,0.00203,0.01283
1403715345.712236404418945,0.00655,0.00017,0.00007,0.00322,0.00001,0.00197,0.01199
1403715345.762237071990967,0.00549,0.00016,0.00001,0.00337,0.00000,0.00215,0.01118
1403715345.812237739562988,0.00679,0.00015,0.00037,0.00264,0.00012,0.00207,0.01214
1403715345.862238168716431,0.00633,0.00016,0.00008,0.00246,0.00014,0.00202,0.01120
1403715345.912238836288452,0.00648,0.00018,0.00006,0.00250,0.00001,0.00190,0.01112
1403715345.962239503860474,0.00622,0.00015,0.00004,0.00257,0.00022,0.00200,0.01120
1403715346.012240409851074,0.00607,0.00014,0.00003,0.00273,0.00012,0.00214,0.01123
1403715346.062240839004517,0.00663,0.00019,0.00012,0.00303,0.00000,0.00206,0.01204
1403715346.112240314483643,0.00669,0.00015,0.00001,0.00295,0.00000,0.00199,0.01180
1403715346.162238597869873,0.00682,0.00015,0.00001,0.00305,0.00000,0.00228,0.01230
1403715346.212234973907471,0.00951,0.00017,0.00001,0.00280,0.00000,0.00203,0.01452
1403715346.262233495712280,0.00764,0.00018,0.00005,0.00227,0.00000,0.00223,0.01239
1403715346.312232255935669,0.00792,0.00017,0.00007,0.00212,0.00000,0.00218,0.01245
1403715346.362232208251953,0.00686,0.00014,0.00018,0.00202,0.00001,0.00199,0.01121
1403715346.412231922149658,0.00712,0.00016,0.00023,0.00210,0.00001,0.00203,0.01166
1403715346.462232351303101,0.00804,0.00016,0.00048,0.00245,0.00016,0.00198,0.01327
1403715346.512232542037964,0.00628,0.00015,0.00028,0.00228,0.00000,0.00229,0.01129
1403715346.562232971191406,0.00583,0.00015,0.00001,0.00209,0.00000,0.00161,0.00969
1403715346.612233400344849,0.00583,0.00015,0.00002,0.00210,0.00012,0.00206,0.01029
1403715346.662234783172607,0.00585,0.00014,0.00035,0.00214,0.00000,0.00175,0.01024
1403715346.712235450744629,0.00638,0.00015,0.00001,0.00248,0.00000,0.00201,0.01102
1403715346.762238502502441,0.00599,0.00014,0.00003,0.00216,0.01346,0.00195,0.02372
1403715346.812239646911621,0.00589,0.00018,0.00006,0.00351,0.00000,0.00171,0.01136
1403715346.862240552902222,0.00695,0.00019,0.00001,0.00365,0.00000,0.00194,0.01274
1403715346.912240028381348,0.00601,0.00017,0.00001,0.00359,0.00000,0.00179,0.01157
1403715346.962239265441895,0.00597,0.00018,0.00016,0.00321,0.00000,0.00188,0.01140
1403715347.012238502502441,0.00606,0.00017,0.00008,0.00295,0.00000,0.00195,0.01120
1403715347.062240839004517,0.00570,0.00017,0.00005,0.00296,0.00014,0.00189,0.01092
1403715347.112242460250854,0.00601,0.00019,0.00005,0.00324,0.00022,0.00219,0.01190
1403715347.162242889404297,0.00743,0.00041,0.00003,0.00497,0.00000,0.00180,0.01465
1403715347.212242364883423,0.00587,0.00017,0.00007,0.00512,0.00000,0.00225,0.01349
1403715347.262242794036865,0.00744,0.00029,0.00002,0.00438,0.00000,0.00189,0.01402
1403715347.312243223190308,0.00584,0.00017,0.00001,0.00325,0.00000,0.00221,0.01148
1403715347.362244844436646,0.00617,0.00025,0.00001,0.00332,0.00028,0.00218,0.01221
1403715347.412246942520142,0.00544,0.00017,0.00005,0.00267,0.00000,0.00181,0.01014
1403715347.462248086929321,0.00567,0.00016,0.00014,0.00305,0.00028,0.00228,0.01159
1403715347.512249946594238,0.00687,0.00027,0.00016,0.00453,0.00000,0.00220,0.01404
1403715347.562251567840576,0.00630,0.00017,0.00001,0.00248,0.00000,0.00192,0.01089
1403715347.612252473831177,0.00637,0.00015,0.00005,0.00250,0.00012,0.00196,0.01117
1403715347.662253379821777,0.00675,0.00017,0.00001,0.00217,0.00000,0.00197,0.01108
1403715347.712254047393799,0.00962,0.00015,0.00001,0.00213,0.00000,0.00209,0.01400
1403715347.762255191802979,0.00701,0.00015,0.00010,0.00193,0.00003,0.00221,0.01143
1403715347.862254619598389,0.00681,0.00023,0.00001,0.00185,0.00000,0.00207,0.01096
1403715347.912253856658936,0.00644,0.00015,0.00008,0.00197,0.00011,0.00209,0.01083
1403715347.962252855300903,0.00829,0.00016,0.00004,0.00205,0.00001,0.00225,0.01281
1403715348.012252807617188,0.00688,0.00015,0.00001,0.00189,0.00019,0.00198,0.01110
1403715348.062252521514893,0.00667,0.00014,0.00005,0.00128,0.00000,0.00188,0.01002
1403715348.112251520156860,0.00678,0.00014,0.00009,0.00125,0.00012,0.00200,0.01038
1403715348.162250280380249,0.00725,0.00015,0.00030,0.00088,0.00009,0.00184,0.01051
1403715348.212249279022217,0.00736,0.00013,0.00037,0.00080,0.00000,0.00205,0.01071
1403715348.262247085571289,0.00666,0.00013,0.00002,0.00078,0.00039,0.00204,0.01001
1403715348.312239408493042,0.00641,0.00013,0.00003,0.00066,0.01617,0.00192,0.02532
1403715348.362234115600586,0.00676,0.00016,0.00009,0.00269,0.00000,0.00197,0.01167
1403715348.412229776382446,0.00618,0.00039,0.00010,0.00267,0.00004,0.00239,0.01178
1403715348.462224721908569,0.00749,0.00016,0.00003,0.00234,0.00000,0.00177,0.01179
1403715348.512219905853271,0.00603,0.00015,0.00001,0.00227,0.00000,0.00168,0.01013
1403715348.562217235565186,0.00601,0.00021,0.00005,0.00225,0.00000,0.00187,0.01039
1403715348.612215280532837,0.00863,0.00016,0.00005,0.00202,0.00044,0.00183,0.01312
1403715348.662214517593384,0.00639,0.00016,0.00034,0.00193,0.00000,0.00220,0.01101
1403715348.712214946746826,0.00749,0.00025,0.00011,0.00344,0.00038,0.00238,0.01405
1403715348.762215614318848,0.00669,0.00016,0.00009,0.00206,0.00001,0.00181,0.01081
1403715348.812216043472290,0.00649,0.00015,0.00001,0.00250,0.00000,0.00282,0.01199
1403715348.862214565277100,0.00742,0.00023,0.00020,0.00158,0.00000,0.00205,0.01148
1403715348.912214517593384,0.00621,0.00016,0.00007,0.00130,0.00079,0.00198,0.01050
1403715348.962215185165405,0.00632,0.00015,0.00004,0.00138,0.00000,0.00178,0.00966
1403715349.012213468551636,0.00618,0.00015,0.00001,0.00141,0.00000,0.00190,0.00964
1403715349.062211036682129,0.00600,0.00014,0.00003,0.00135,0.00000,0.00191,0.00943
1403715349.112209081649780,0.00614,0.00015,0.00001,0.00168,0.00000,0.00255,0.01053
1403715349.162211179733276,0.00778,0.00022,0.00002,0.00156,0.01691,0.00194,0.02843
1403715349.212208271026611,0.00657,0.00017,0.00007,0.00348,0.00016,0.00175,0.01219
1403715349.262207269668579,0.00685,0.00017,0.00005,0.00317,0.00000,0.00184,0.01208
1403715349.312205553054810,0.00736,0.00016,0.00001,0.00314,0.00000,0.00232,0.01299
1403715349.362203359603882,0.00624,0.00018,0.00001,0.00332,0.00057,0.00205,0.01236
1403715349.412207126617432,0.00695,0.00018,0.00001,0.00334,0.00000,0.00203,0.01252
1403715349.462209463119507,0.00592,0.00018,0.00001,0.00329,0.00000,0.00174,0.01114
1403715349.512210607528687,0.00607,0.00017,0.00001,0.00323,0.00017,0.00189,0.01154
1403715349.562210798263550,0.00615,0.00021,0.00014,0.00380,0.00000,0.00180,0.01209
1403715349.612210273742676,0.00609,0.00017,0.00001,0.00294,0.00000,0.00190,0.01111
1403715349.662208318710327,0.00671,0.00016,0.00001,0.00301,0.00000,0.00204,0.01193
1403715349.712205410003662,0.00673,0.00016,0.00005,0.00258,0.00000,0.00205,0.01157
1403715349.762202501296997,0.00616,0.00016,0.00003,0.00280,0.00169,0.00201,0.01286
1403715349.812200069427490,0.00666,0.00018,0.00001,0.00300,0.00000,0.00209,0.01193
1403715349.862200021743774,0.00588,0.00017,0.00001,0.00262,0.00003,0.00196,0.01065
1403715349.912198781967163,0.00562,0.00016,0.00005,0.00257,0.00001,0.00176,0.01018
1403715349.962198734283447,0.00762,0.00016,0.00003,0.00225,0.00001,0.00213,0.01219
1403715350.012202024459839,0.00749,0.00016,0.00040,0.00243,0.00002,0.00202,0.01252
1403715350.062205076217651,0.00613,0.00016,0.00017,0.00245,0.00001,0.00202,0.01094
1403715350.112201929092407,0.00594,0.00015,0.00019,0.00239,0.00000,0.00204,0.01071
1403715350.162202119827271,0.00594,0.00015,0.00003,0.00216,0.00000,0.00209,0.01036
1403715350.212203025817871,0.00745,0.00016,0.00004,0.00192,0.00012,0.00187,0.01156
1403715350.262202739715576,0.00683,0.00016,0.00026,0.00216,0.00001,0.00201,0.01142
1403715350.312201261520386,0.00657,0.00015,0.00004,0.00221,0.00004,0.00198,0.01099
1403715350.362201452255249,0.00632,0.00015,0.00001,0.00221,0.00000,0.00193,0.01062
1403715350.412199735641479,0.00687,0.00015,0.00025,0.00208,0.00000,0.00198,0.01133
1403715350.462201833724976,0.00593,0.00015,0.00049,0.00196,0.00000,0.00201,0.01055
1403715350.512202024459839,0.00575,0.00014,0.00030,0.00198,0.00815,0.00201,0.01833
1403715350.562204599380493,0.00674,0.00017,0.00001,0.00304,0.00000,0.00206,0.01202
1403715350.612205982208252,0.00580,0.00016,0.00001,0.00258,0.00000,0.00179,0.01034
1403715350.662204980850220,0.00575,0.00015,0.00001,0.00248,0.00097,0.00208,0.01145
1403715350.712205410003662,0.00596,0.00016,0.00001,0.00269,0.00000,0.00194,0.01077
1403715350.762205123901367,0.00585,0.00016,0.00001,0.00268,0.00000,0.00169,0.01039
1403715350.812204360961914,0.00674,0.00016,0.00001,0.00297,0.00000,0.00220,0.01208
1403715350.862203836441040,0.00620,0.00017,0.00001,0.00268,0.00056,0.00197,0.01159
1403715350.912203311920166,0.00605,0.00017,0.00005,0.00258,0.00095,0.00187,0.01165
1403715350.962202787399292,0.00603,0.00018,0.00001,0.00295,0.00000,0.00219,0.01136
1403715351.012202501296997,0.00564,0.00017,0.00005,0.00281,0.00004,0.00189,0.01060
1403715351.062202692031860,0.00577,0.00017,0.00001,0.00281,0.00000,0.00210,0.01085
1403715351.112203121185303,0.00578,0.00016,0.00001,0.00275,0.00160,0.00184,0.01215
1403715351.162204742431641,0.00576,0.00017,0.00001,0.00283,0.00000,0.00199,0.01076
1403715351.212204456329346,0.00667,0.00017,0.00003,0.00278,0.00000,0.00195,0.01160
1403715351.262205123901367,0.00639,0.00017,0.00001,0.00270,0.00000,0.00194,0.01120
1403715351.312205076217651,0.00610,0.00015,0.00001,0.00332,0.00001,0.00268,0.01227
1403715351.362205028533936,0.00771,0.00025,0.00008,0.00277,0.00001,0.00191,0.01273
1403715351.412205219268799,0.00631,0.00016,0.00001,0.00261,0.00000,0.00187,0.01096
1403715351.462205410003662,0.00631,0.00017,0.00001,0.00263,0.00000,0.00196,0.01107
1403715351.512205362319946,0.00646,0.00016,0.00001,0.00261,0.00003,0.00177,0.01104
1403715351.562205791473389,0.00683,0.00016,0.00003,0.00256,0.00000,0.00194,0.01153
1403715351.612205982208252,0.00635,0.00016,0.00017,0.00236,0.00018,0.00190,0.01113
1403715351.662204027175903,0.00612,0.00015,0.00003,0.00238,0.00001,0.00212,0.01082
1403715351.712202548980713,0.00693,0.00017,0.00001,0.00233,0.00122,0.00220,0.01287
1403715351.762200355529785,0.00727,0.00016,0.00008,0.00214,0.00000,0.00195,0.01160
1403715351.812198400497437,0.00581,0.00015,0.00008,0.00223,0.00003,0.00202,0.01033
1403715351.862196683883667,0.00874,0.00015,0.00005,0.00196,0.00000,0.00179,0.01270
1403715351.912195682525635,0.00712,0.00015,0.00004,0.00184,0.00000,0.00200,0.01114
1403715351.962194442749023,0.00775,0.00025,0.00008,0.00258,0.00001,0.00188,0.01255
1403715352.012194633483887,0.00672,0.00017,0.00017,0.00185,0.00000,0.00196,0.01087
1403715352.062195539474487,0.00667,0.00015,0.00004,0.00208,0.00003,0.00240,0.01137
1403715352.112197637557983,0.00588,0.00015,0.00026,0.00174,0.00002,0.00182,0.00987
1403715352.162198305130005,0.00639,0.00025,0.00036,0.00333,0.00000,0.00277,0.01310
1403715352.212199211120605,0.00667,0.00016,0.00014,0.00180,0.00020,0.00177,0.01075
1403715352.262201309204102,0.00602,0.00015,0.00001,0.00177,0.00000,0.00216,0.01011
1403715352.312201023101807,0.00654,0.00015,0.00001,0.00187,0.00054,0.00207,0.01119
1403715352.362198591232300,0.00685,0.00017,0.00001,0.00186,0.00000,0.00213,0.01101
1403715352.412197589874268,0.00672,0.00016,0.00001,0.00184,0.01080,0.00218,0.02171
1403715352.462197065353394,0.00695,0.00017,0.00001,0.00316,0.00000,0.00235,0.01263
1403715352.512196302413940,0.00723,0.00018,0.00010,0.00283,0.00000,0.00214,0.01249
1403715352.562195777893066,0.00692,0.00018,0.00001,0.00289,0.00000,0.00209,0.01209
1403715352.612194538116455,0.00638,0.00017,0.00005,0.00272,0.00000,0.00203,0.01135
1403715352.662194967269897,0.00652,0.00016,0.00005,0.00260,0.00106,0.00204,0.01244
1403715352.712194681167603,0.00648,0.00016,0.00001,0.00272,0.00003,0.00207,0.01146
1403715352.762195348739624,0.00631,0.00017,0.00001,0.00277,0.00000,0.00205,0.01130
1403715352.812196493148804,0.00629,0.00015,0.00011,0.00259,0.00020,0.00181,0.01114
1403715352.862196207046509,0.00711,0.00018,0.00005,0.00247,0.00000,0.00236,0.01218
1403715352.912195444107056,0.00683,0.00016,0.00001,0.00264,0.00053,0.00192,0.01210
1403715352.962194919586182,0.00619,0.00016,0.00001,0.00260,0.00000,0.00216,0.01112
1403715353.012193441390991,0.00658,0.00019,0.00008,0.00253,0.00118,0.00217,0.01272
1403715353.062192916870117,0.00640,0.00016,0.00001,0.00248,0.00000,0.00205,0.01110
1403715353.112192392349243,0.00700,0.00015,0.00001,0.00264,0.00000,0.00208,0.01189
1403715353.162192583084106,0.00672,0.00016,0.00003,0.00239,0.00000,0.00184,0.01115
1403715353.212193489074707,0.00678,0.00015,0.00001,0.00240,0.00000,0.00185,0.01118
1403715353.262192964553833,0.00736,0.00018,0.00001,0.00254,0.00000,0.00234,0.01242
1403715353.312193393707275,0.00766,0.00017,0.00001,0.00256,0.00003,0.00189,0.01231
1403715353.362193584442139,0.00621,0.00017,0.00001,0.00252,0.00000,0.00184,0.01074
1403715353.412194013595581,0.00652,0.00016,0.00001,0.00253,0.00022,0.00204,0.01148
1403715353.462193965911865,0.00634,0.00016,0.00001,0.00245,0.00000,0.00208,0.01104
1403715353.512194395065308,0.00691,0.00018,0.00005,0.00234,0.00014,0.00204,0.01166
1403715353.562194585800171,0.00676,0.00014,0.00001,0.00232,0.00000,0.00205,0.01128
1403715353.612194776535034,0.00878,0.00016,0.00002,0.00229,0.00025,0.00204,0.01353
1403715353.662194967269897,0.00798,0.00017,0.00006,0.00244,0.00000,0.00206,0.01271
1403715353.712195396423340,0.00699,0.00016,0.00009,0.00231,0.00000,0.00203,0.01158
1403715353.762195110321045,0.00772,0.00015,0.00004,0.00225,0.00000,0.00212,0.01228
1403715353.812195062637329,0.00672,0.00015,0.00003,0.00204,0.00000,0.00204,0.01098
1403715353.912194967269897,0.00665,0.00021,0.00001,0.00187,0.00000,0.00190,0.01063
1403715353.962194681167603,0.00704,0.00015,0.00012,0.00190,0.00012,0.00205,0.01138
1403715354.012194395065308,0.00750,0.00015,0.00005,0.00214,0.00012,0.00201,0.01196
1403715354.062194108963013,0.00677,0.00016,0.00001,0.00211,0.00021,0.00206,0.01131
1403715354.112192869186401,0.00848,0.00017,0.00004,0.00230,0.00000,0.00247,0.01346
1403715354.162193059921265,0.00684,0.00017,0.00003,0.00198,0.00003,0.00205,0.01110
1403715354.212193727493286,0.00747,0.00015,0.00086,0.00163,0.01630,0.00216,0.02857
1403715354.262194633483887,0.00753,0.00019,0.00019,0.00317,0.00218,0.00188,0.01513
1403715354.312196254730225,0.00664,0.00018,0.00005,0.00357,0.00004,0.00216,0.01263
1403715354.362197160720825,0.00745,0.00024,0.00002,0.00367,0.00000,0.00210,0.01348
1403715354.412197589874268,0.00725,0.00017,0.00008,0.00337,0.00000,0.00212,0.01299
1403715354.462198734283447,0.00682,0.00018,0.00010,0.00324,0.00000,0.00201,0.01235
1403715354.512199163436890,0.00707,0.00017,0.00001,0.00335,0.00000,0.00197,0.01257
1403715354.562199115753174,0.00673,0.00017,0.00007,0.00317,0.00003,0.00204,0.01221
1403715354.612198591232300,0.00735,0.00029,0.00002,0.00434,0.00000,0.00191,0.01391
1403715354.662197351455688,0.00584,0.00017,0.00001,0.00408,0.00021,0.00177,0.01208
1403715354.712195873260498,0.00610,0.00018,0.00001,0.00319,0.00000,0.00209,0.01157
1403715354.762195110321045,0.00595,0.00020,0.00001,0.00527,0.00005,0.00243,0.01392
1403715354.812196016311646,0.00583,0.00017,0.00005,0.00301,0.00102,0.00175,0.01183
1403715354.862195491790771,0.00584,0.00019,0.00001,0.00306,0.00003,0.00194,0.01107
1403715354.912193059921265,0.00595,0.00017,0.00001,0.00306,0.00023,0.00176,0.01118
1403715354.962190151214600,0.00570,0.00016,0.00001,0.00323,0.00000,0.00199,0.01110
1403715355.012189865112305,0.00552,0.00017,0.00003,0.00309,0.00000,0.00179,0.01060
1403715355.062193393707275,0.00597,0.00017,0.00001,0.00303,0.00000,0.00204,0.01122
1403715355.112194299697876,0.00695,0.00018,0.00004,0.00326,0.00000,0.00220,0.01263
1403715355.162194013595581,0.00716,0.00019,0.00001,0.00315,0.00003,0.00202,0.01257
1403715355.212193250656128,0.00634,0.00016,0.00001,0.00306,0.00000,0.00197,0.01154
1403715355.262193441390991,0.00643,0.00016,0.00029,0.00299,0.00019,0.00196,0.01201
1403715355.312194585800171,0.00654,0.00017,0.00004,0.00295,0.00014,0.00182,0.01167
1403715355.362194299697876,0.00709,0.00019,0.00001,0.00283,0.00000,0.00206,0.01218
1403715355.412194013595581,0.00687,0.00017,0.00005,0.00294,0.00022,0.00183,0.01209
1403715355.462194681167603,0.00665,0.00016,0.00007,0.00267,0.00046,0.00202,0.01203
1403715355.512196302413940,0.00738,0.00018,0.00001,0.00309,0.00022,0.00220,0.01308
1403715355.562195539474487,0.00689,0.00016,0.00001,0.00261,0.00000,0.00195,0.01161
1403715355.612194538116455,0.00617,0.00015,0.00003,0.00227,0.00000,0.00209,0.01071
1403715355.662192583084106,0.00656,0.00015,0.00008,0.00203,0.00000,0.00186,0.01069
1403715355.712190628051758,0.00884,0.00015,0.00008,0.00186,0.00001,0.00223,0.01317
1403715355.762187719345093,0.00659,0.00016,0.00008,0.00181,0.00003,0.00191,0.01058
1403715355.812184572219849,0.00578,0.00014,0.00007,0.00155,0.00011,0.00169,0.00934
1403715355.862181901931763,0.00588,0.00014,0.00004,0.00153,0.00028,0.00215,0.01002
1403715355.912179946899414,0.00756,0.00016,0.00002,0.00170,0.00000,0.00235,0.01179
1403715355.962179183959961,0.00704,0.00017,0.00006,0.00158,0.00000,0.00222,0.01108
1403715356.012178421020508,0.00661,0.00015,0.00001,0.00148,0.00022,0.00201,0.01047
1403715356.062177896499634,0.00738,0.00020,0.00012,0.00154,0.00000,0.00219,0.01142
1403715356.162177562713623,0.00707,0.00021,0.00001,0.00153,0.00020,0.00197,0.01098
1403715356.212177991867065,0.00715,0.00015,0.00001,0.00146,0.00000,0.00192,0.01069
1403715356.262178421020508,0.00721,0.00017,0.00001,0.00138,0.00000,0.00183,0.01060
1403715356.312180280685425,0.00691,0.00015,0.00037,0.00144,0.01095,0.00237,0.02219
1403715356.362180471420288,0.00676,0.00017,0.00001,0.00295,0.00000,0.00214,0.01202
1403715356.412181377410889,0.00692,0.00017,0.00001,0.00311,0.00003,0.00213,0.01238
1403715356.462181091308594,0.00687,0.00017,0.00001,0.00279,0.00000,0.00199,0.01183
1403715356.512181043624878,0.00630,0.00018,0.00001,0.00282,0.00099,0.00214,0.01242
1403715356.562182188034058,0.00616,0.00016,0.00001,0.00292,0.00000,0.00202,0.01128
1403715356.612181663513184,0.00634,0.00017,0.00001,0.00297,0.00000,0.00217,0.01166
1403715356.662182569503784,0.00666,0.00016,0.00001,0.00294,0.00024,0.00212,0.01213
1403715356.712182044982910,0.00646,0.00016,0.00003,0.00307,0.00000,0.00209,0.01182
1403715356.762180805206299,0.00672,0.00019,0.00001,0.00294,0.00102,0.00189,0.01277
1403715356.812179803848267,0.00638,0.00017,0.00001,0.00287,0.00000,0.00203,0.01147
1403715356.862179279327393,0.00712,0.00016,0.00006,0.00268,0.00001,0.00214,0.01218
1403715356.912175416946411,0.00727,0.00017,0.00006,0.00232,0.00060,0.00187,0.01229
1403715356.962173223495483,0.00655,0.00016,0.00003,0.00264,0.00000,0.00203,0.01141
1403715357.012172460556030,0.00633,0.00016,0.00014,0.00206,0.00046,0.00202,0.01116
1403715357.062172651290894,0.00820,0.00016,0.00001,0.00186,0.00000,0.00207,0.01230
1403715357.112172842025757,0.00683,0.00015,0.00012,0.00177,0.00022,0.00214,0.01124
1403715357.162174224853516,0.00682,0.00015,0.00002,0.00204,0.00013,0.00212,0.01130
1403715357.212173700332642,0.00658,0.00015,0.00002,0.00199,0.00015,0.00218,0.01107
1403715357.262173175811768,0.00584,0.00015,0.00001,0.00189,0.00022,0.00193,0.01004
1403715357.312173604965210,0.00652,0.00014,0.00007,0.00170,0.00003,0.00208,0.01054
1403715357.362172126770020,0.00659,0.00015,0.00051,0.00162,0.00012,0.00199,0.01098
1403715357.412172555923462,0.00652,0.00015,0.00001,0.00196,0.00000,0.00208,0.01072
1403715357.462172746658325,0.00669,0.00015,0.00011,0.00172,0.00001,0.00208,0.01075
1403715357.512172698974609,0.00695,0.00015,0.00015,0.00163,0.00042,0.00212,0.01142
1403715357.562172889709473,0.00673,0.00015,0.00002,0.00176,0.00001,0.00212,0.01079
1403715357.612170934677124,0.00708,0.00016,0.00001,0.00166,0.00982,0.00213,0.02086
1403715357.662173986434937,0.00638,0.00016,0.00004,0.00240,0.00000,0.00219,0.01118
1403715357.712176561355591,0.00677,0.00017,0.00013,0.00236,0.00000,0.00201,0.01144
1403715357.762176513671875,0.00620,0.00018,0.00005,0.00211,0.00001,0.00192,0.01047
1403715357.812175750732422,0.00635,0.00015,0.00001,0.00250,0.00000,0.00211,0.01112
1403715357.862175464630127,0.00833,0.00015,0.00020,0.00199,0.00035,0.00190,0.01292
1403715357.912176847457886,0.00656,0.00014,0.00001,0.00268,0.00000,0.00230,0.01170
1403715357.962177753448486,0.00685,0.00039,0.00009,0.00348,0.00000,0.00210,0.01291
1403715358.012178659439087,0.00555,0.00015,0.00001,0.00196,0.00000,0.00222,0.00989
1403715358.062180280685425,0.00729,0.00017,0.00014,0.00204,0.00001,0.00214,0.01179
1403715358.112182617187500,0.00659,0.00017,0.00003,0.00209,0.00000,0.00221,0.01108
1403715358.162184238433838,0.00633,0.00015,0.00001,0.00199,0.00000,0.00215,0.01062
1403715358.212185382843018,0.00703,0.00017,0.00032,0.00200,0.00110,0.00207,0.01269
1403715358.262185811996460,0.00726,0.00015,0.00004,0.00202,0.00000,0.00192,0.01139
1403715358.312186241149902,0.00659,0.00015,0.00015,0.00219,0.00000,0.00210,0.01118
1403715358.362185716629028,0.00700,0.00015,0.00003,0.00204,0.00047,0.00226,0.01195
1403715358.412185668945312,0.00710,0.00015,0.00004,0.00205,0.01052,0.00204,0.02191
1403715358.462184667587280,0.00713,0.00019,0.00001,0.00316,0.00036,0.00192,0.01277
1403715358.512183904647827,0.00658,0.00016,0.00001,0.00318,0.00000,0.00195,0.01187
1403715358.562183380126953,0.00631,0.00017,0.00008,0.00289,0.00000,0.00189,0.01134
1403715358.612182617187500,0.00677,0.00017,0.00001,0.00293,0.00000,0.00212,0.01200
1403715358.662179231643677,0.00710,0.00021,0.00011,0.00310,0.00055,0.00227,0.01333
1403715358.712177515029907,0.00718,0.00018,0.00005,0.00255,0.00000,0.00221,0.01217
1403715358.762178421020508,0.00648,0.00021,0.00013,0.00224,0.00000,0.00199,0.01105
1403715358.812176465988159,0.00946,0.00017,0.00012,0.00229,0.00000,0.00202,0.01406
1403715358.862176656723022,0.00766,0.00014,0.00005,0.00206,0.00000,0.00218,0.01210
1403715358.912175416946411,0.00751,0.00015,0.00024,0.00209,0.00000,0.00234,0.01233
1403715358.962173223495483,0.00689,0.00015,0.00003,0.00208,0.00013,0.00211,0.01138
1403715359.012171030044556,0.00666,0.00015,0.00011,0.00206,0.00094,0.00211,0.01203
1403715359.062170267105103,0.00795,0.00017,0.00003,0.00232,0.00012,0.00202,0.01261
1403715359.112169265747070,0.00648,0.00015,0.00027,0.00226,0.00000,0.00197,0.01113
1403715359.162169933319092,0.00700,0.00015,0.00001,0.00216,0.00000,0.00197,0.01129
1403715359.212170124053955,0.00669,0.00016,0.00010,0.00233,0.00000,0.00208,0.01137
1403715359.262170553207397,0.00666,0.00015,0.00001,0.00221,0.00000,0.00190,0.01093
1403715359.312170267105103,0.00686,0.00015,0.00001,0.00231,0.00000,0.00221,0.01154
1403715359.362169265747070,0.00636,0.00015,0.00045,0.00225,0.00630,0.00211,0.01762
1403715359.412168979644775,0.00705,0.00017,0.00001,0.00308,0.00000,0.00225,0.01256
1403715359.462168455123901,0.00571,0.00018,0.00005,0.00282,0.00000,0.00206,0.01082
1403715359.512167215347290,0.00612,0.00017,0.00001,0.00265,0.00000,0.00225,0.01120
1403715359.562166452407837,0.00575,0.00015,0.00003,0.00255,0.00000,0.00196,0.01045
1403715359.612166404724121,0.00580,0.00015,0.00004,0.00262,0.00001,0.00199,0.01060
1403715359.662165403366089,0.00589,0.00015,0.00001,0.00265,0.00000,0.00214,0.01084
1403715359.712165594100952,0.00589,0.00016,0.00001,0.00243,0.00000,0.00183,0.01032
1403715359.762166023254395,0.00577,0.00015,0.00004,0.00231,0.00000,0.00166,0.00993
1403715359.812165498733521,0.00593,0.00015,0.00004,0.00261,0.00002,0.00213,0.01090
1403715359.862166404724121,0.00836,0.00017,0.00036,0.00232,0.00012,0.00192,0.01326
1403715359.912167549133301,0.00638,0.00015,0.00007,0.00239,0.00000,0.00194,0.01092
1403715359.962168693542480,0.00638,0.00015,0.00003,0.00232,0.00015,0.00180,0.01083
1403715360.012168169021606,0.00632,0.00015,0.00019,0.00207,0.00000,0.00213,0.01086
1403715360.062167882919312,0.00645,0.00014,0.00001,0.00198,0.00000,0.00187,0.01045
1403715360.112167119979858,0.00622,0.00014,0.00006,0.00203,0.00002,0.00179,0.01026
1403715360.162166118621826,0.00602,0.00015,0.00002,0.00202,0.00012,0.00188,0.01021
1403715360.212165355682373,0.00651,0.00016,0.00001,0.00204,0.00000,0.00198,0.01069
1403715360.262165069580078,0.00621,0.00016,0.00001,0.00202,0.00000,0.00216,0.01056
1403715360.312164545059204,0.00568,0.00015,0.00002,0.00205,0.00012,0.00224,0.01027
1403715360.362164735794067,0.00540,0.00015,0.00001,0.00218,0.00000,0.00187,0.00960
1403715360.412162065505981,0.00565,0.00014,0.00001,0.00197,0.01004,0.00176,0.01956
1403715360.462161540985107,0.00546,0.00019,0.00001,0.00328,0.00000,0.00202,0.01096
1403715360.512160539627075,0.00599,0.00017,0.00008,0.00304,0.00028,0.00194,0.01150
1403715360.562160015106201,0.00567,0.00017,0.00005,0.00326,0.00065,0.00207,0.01186
1403715360.612159967422485,0.00766,0.00019,0.00005,0.00370,0.00001,0.00226,0.01389
1403715360.662160158157349,0.00592,0.00018,0.00001,0.00379,0.00000,0.00240,0.01230
1403715360.712160348892212,0.00641,0.00017,0.00018,0.00323,0.00022,0.00191,0.01212
1403715360.762161016464233,0.00647,0.00016,0.00001,0.00284,0.00000,0.00187,0.01134
1403715360.812161684036255,0.00705,0.00016,0.00003,0.00303,0.00014,0.00201,0.01241
1403715360.862161636352539,0.00594,0.00016,0.00003,0.00292,0.00001,0.00180,0.01085
1403715360.912162065505981,0.00697,0.00017,0.00009,0.00297,0.00000,0.00206,0.01226
1403715360.962162733078003,0.00631,0.00015,0.00001,0.00290,0.00000,0.00229,0.01165
1403715361.012163400650024,0.00736,0.00018,0.00001,0.00285,0.00108,0.00198,0.01346
1403715361.062164783477783,0.00644,0.00016,0.00006,0.00271,0.00014,0.00192,0.01142
1403715361.112166166305542,0.00614,0.00015,0.00001,0.00267,0.00000,0.00182,0.01079
1403715361.162167549133301,0.00615,0.00016,0.00005,0.00288,0.00003,0.00204,0.01130
1403715361.212168455123901,0.00611,0.00015,0.00003,0.00265,0.00003,0.00184,0.01080
1403715361.262168645858765,0.00658,0.00014,0.00001,0.00233,0.00000,0.00187,0.01094
1403715361.312169075012207,0.00639,0.00015,0.00009,0.00231,0.00095,0.00188,0.01177
1403715361.362169265747070,0.00984,0.00018,0.00006,0.00228,0.00000,0.00191,0.01427
1403715361.412169933319092,0.00652,0.00015,0.00017,0.00188,0.00000,0.00198,0.01070
1403715361.462170362472534,0.00595,0.00015,0.00002,0.00189,0.00010,0.00177,0.00988
1403715361.512171983718872,0.00591,0.00015,0.00002,0.00169,0.00001,0.00191,0.00969
1403715361.562173128128052,0.00567,0.00017,0.00002,0.00160,0.00000,0.00197,0.00942
1403715361.612174272537231,0.00570,0.00014,0.00005,0.00147,0.00029,0.00197,0.00961
1403715361.662176132202148,0.00586,0.00014,0.00001,0.00160,0.00000,0.00192,0.00953
1403715361.712177038192749,0.00581,0.00014,0.00034,0.00152,0.00000,0.00190,0.00971
1403715361.762177705764771,0.00646,0.00015,0.00003,0.00152,0.00012,0.00190,0.01017
1403715361.812178611755371,0.00579,0.00016,0.00001,0.00174,0.00000,0.00214,0.00983
1403715361.862177848815918,0.00598,0.00014,0.00001,0.00175,0.00000,0.00204,0.00992
1403715361.912178039550781,0.00672,0.00016,0.00001,0.00176,0.00912,0.00185,0.01961
1403715361.962176799774170,0.00655,0.00017,0.00007,0.00275,0.00000,0.00178,0.01131
1403715362.012176036834717,0.00637,0.00015,0.00004,0.00267,0.00000,0.00183,0.01105
1403715362.062175750732422,0.00836,0.00015,0.00001,0.00293,0.00051,0.00196,0.01392
1403715362.112175703048706,0.00668,0.00015,0.00006,0.00267,0.00000,0.00187,0.01144
1403715362.162176132202148,0.00692,0.00016,0.00001,0.00270,0.00000,0.00189,0.01168
1403715362.212176322937012,0.00773,0.00017,0.00009,0.00272,0.00046,0.00182,0.01300
1403715362.262176513671875,0.00643,0.00015,0.00023,0.00247,0.00000,0.00194,0.01122
1403715362.312176942825317,0.00624,0.00015,0.00004,0.00271,0.00000,0.00205,0.01119
1403715362.362177371978760,0.00628,0.00015,0.00012,0.00268,0.00001,0.00181,0.01105
1403715362.412177801132202,0.00610,0.00015,0.00005,0.00272,0.00000,0.00208,0.01110
1403715362.462177991867065,0.00573,0.00015,0.00086,0.00225,0.00000,0.00199,0.01097
1403715362.512177944183350,0.00582,0.00014,0.00006,0.00205,0.00010,0.00169,0.00987
1403715362.562177896499634,0.00662,0.00016,0.00028,0.00232,0.00012,0.00211,0.01161
1403715362.612175703048706,0.00585,0.00015,0.00003,0.00221,0.00704,0.00192,0.01721
1403715362.662175655364990,0.00558,0.00017,0.00001,0.00294,0.00000,0.00181,0.01050
1403715362.712175607681274,0.00550,0.00018,0.00009,0.00274,0.00014,0.00194,0.01059
1403715362.762175083160400,0.00560,0.00016,0.00006,0.00279,0.00000,0.00170,0.01032
1403715362.812176942825317,0.00542,0.00016,0.00001,0.00256,0.00000,0.00189,0.01002
1403715362.862178564071655,0.00555,0.00016,0.00001,0.00254,0.00000,0.00173,0.00999
1403715362.912180662155151,0.00640,0.00016,0.00004,0.00254,0.00016,0.00227,0.01158
1403715362.962181329727173,0.00628,0.00016,0.00009,0.00255,0.00000,0.00187,0.01095
1403715363.012180566787720,0.00728,0.00016,0.00004,0.00228,0.00000,0.00195,0.01170
1403715363.062180757522583,0.00609,0.00017,0.00009,0.00217,0.00003,0.00189,0.01044
1403715363.112181186676025,0.00580,0.00016,0.00016,0.00199,0.00000,0.00177,0.00989
1403715363.162181377410889,0.00591,0.00014,0.00001,0.00208,0.00000,0.00182,0.00996
1403715363.212181329727173,0.00662,0.00016,0.00027,0.00230,0.00012,0.00217,0.01164
1403715363.262181997299194,0.00650,0.00016,0.00002,0.00216,0.00011,0.00182,0.01077
1403715363.312182426452637,0.00626,0.00015,0.00001,0.00225,0.00000,0.00204,0.01071
1403715363.362183094024658,0.00681,0.00016,0.00005,0.00207,0.00000,0.00197,0.01106
1403715363.412183761596680,0.00610,0.00015,0.00004,0.00196,0.00000,0.00180,0.01005
1403715363.462184190750122,0.00679,0.00014,0.00022,0.00143,0.00000,0.00185,0.01043
1403715363.512184143066406,0.00651,0.00016,0.00001,0.00143,0.00000,0.00192,0.01002
1403715363.562180995941162,0.00624,0.00014,0.00022,0.00124,0.01256,0.00206,0.02248
1403715363.612179279327393,0.00580,0.00018,0.00006,0.00294,0.00000,0.00190,0.01087
1403715363.662178039550781,0.00620,0.00016,0.00007,0.00306,0.00022,0.00202,0.01174
1403715363.712177276611328,0.00635,0.00017,0.00001,0.00273,0.00000,0.00194,0.01118
1403715363.762176513671875,0.00587,0.00017,0.00004,0.00259,0.00000,0.00180,0.01046
1403715363.812176227569580,0.00573,0.00016,0.00008,0.00257,0.00001,0.00187,0.01043
1403715363.862176656723022,0.00591,0.00015,0.00006,0.00244,0.00000,0.00197,0.01054
1403715363.912175178527832,0.00603,0.00015,0.00005,0.00199,0.00000,0.00180,0.01001
1403715363.962175130844116,0.00840,0.00014,0.00004,0.00155,0.00000,0.00192,0.01205
1403715364.012174844741821,0.00669,0.00014,0.00006,0.00131,0.00001,0.00174,0.00995
1403715364.062174320220947,0.00637,0.00015,0.00008,0.00137,0.00012,0.00197,0.01005
1403715364.112174510955811,0.00709,0.00016,0.00009,0.00138,0.00019,0.00244,0.01135
1403715364.162173509597778,0.00667,0.00015,0.00002,0.00172,0.00017,0.00203,0.01076
1403715364.212172746658325,0.00639,0.00015,0.00003,0.00177,0.00000,0.00191,0.01025
1403715364.262172222137451,0.00643,0.00014,0.00007,0.00184,0.00000,0.00216,0.01063
1403715364.312170982360840,0.00660,0.00015,0.00001,0.00172,0.00000,0.00174,0.01022
1403715364.362171649932861,0.00623,0.00014,0.00001,0.00173,0.00000,0.00175,0.00986
1403715364.412170410156250,0.00605,0.00014,0.00004,0.00170,0.00009,0.00201,0.01003
1403715364.462170362472534,0.00601,0.00015,0.00001,0.00184,0.00000,0.00192,0.00993
1403715364.512175321578979,0.00664,0.00015,0.00001,0.00168,0.01291,0.00174,0.02312
1403715364.562177658081055,0.00619,0.00018,0.00005,0.00305,0.00001,0.00176,0.01124
1403715364.612175464630127,0.00643,0.00017,0.00001,0.00298,0.00000,0.00178,0.01137
1403715364.662175178527832,0.00605,0.00017,0.00004,0.00290,0.00002,0.00193,0.01111
1403715364.712173461914062,0.00601,0.00019,0.00005,0.00285,0.00019,0.00194,0.01123
1403715364.762172698974609,0.00655,0.00017,0.00008,0.00293,0.00001,0.00168,0.01141
1403715364.812172174453735,0.00593,0.00017,0.00005,0.00286,0.00000,0.00273,0.01174
1403715364.862171173095703,0.00665,0.00018,0.00005,0.00297,0.00000,0.00199,0.01184
1403715364.912170171737671,0.00641,0.00017,0.00015,0.00271,0.00000,0.00166,0.01110
1403715364.962170600891113,0.00593,0.00017,0.00001,0.00279,0.00000,0.00176,0.01066
1403715365.012171268463135,0.00595,0.00016,0.00001,0.00269,0.00055,0.00167,0.01103
1403715365.062171697616577,0.00580,0.00016,0.00001,0.00287,0.00000,0.00183,0.01067
1403715365.112172126770020,0.00586,0.00016,0.00010,0.00258,0.00020,0.00177,0.01067
1403715365.162172317504883,0.00613,0.00016,0.00005,0.00235,0.00046,0.00170,0.01083
1403715365.262173414230347,0.00591,0.00021,0.00001,0.00213,0.00000,0.00184,0.01011
1403715365.312174797058105,0.00652,0.00016,0.00005,0.00243,0.00000,0.00194,0.01110
1403715365.362176895141602,0.00828,0.00018,0.00006,0.00257,0.00013,0.00189,0.01310
1403715365.412178039550781,0.00631,0.00015,0.00002,0.00261,0.00000,0.00198,0.01107
1403715365.462177991867065,0.00928,0.00015,0.00007,0.00248,0.00000,0.00183,0.01380
1403715365.512177467346191,0.00651,0.00015,0.00013,0.00215,0.00000,0.00173,0.01067
1403715365.562177658081055,0.00660,0.00015,0.00006,0.00203,0.00001,0.00187,0.01072
1403715365.612177133560181,0.00828,0.00016,0.00009,0.00205,0.00000,0.00203,0.01261
1403715365.662177324295044,0.00619,0.00015,0.00006,0.00163,0.00000,0.00206,0.01010
1403715365.712176561355591,0.00716,0.00015,0.00002,0.00152,0.00000,0.00190,0.01075
1403715365.762176036834717,0.00656,0.00015,0.00028,0.00151,0.00017,0.00226,0.01093
1403715365.812175512313843,0.00607,0.00015,0.00008,0.00151,0.00000,0.00191,0.00972
1403715365.862175464630127,0.00648,0.00015,0.00001,0.00130,0.00000,0.00185,0.00979
1403715365.912176132202148,0.00603,0.00014,0.00052,0.00125,0.00390,0.00200,0.01384
1403715365.962178230285645,0.00639,0.00015,0.00001,0.00189,0.00046,0.00174,0.01065
1403715366.012179374694824,0.00618,0.00015,0.00331,0.00191,0.01011,0.00199,0.02365
1403715366.062182188034058,0.00776,0.00019,0.00007,0.00326,0.00000,0.00200,0.01328
1403715366.112184286117554,0.00751,0.00019,0.00001,0.00323,0.00000,0.00198,0.01291
1403715366.162185668945312,0.00638,0.00019,0.00001,0.00326,0.00000,0.00180,0.01163
1403715366.212187290191650,0.00619,0.00018,0.00001,0.00316,0.00000,0.00204,0.01158
1403715366.262187957763672,0.00639,0.00019,0.00001,0.00307,0.00000,0.00199,0.01165
1403715366.312188148498535,0.00632,0.00018,0.00008,0.00324,0.00000,0.00176,0.01158
1403715366.362188577651978,0.00621,0.00020,0.00012,0.00325,0.00000,0.00206,0.01184
1403715366.412189245223999,0.00654,0.00021,0.00001,0.00319,0.00000,0.00219,0.01215
1403715366.462189674377441,0.00691,0.00019,0.00001,0.00288,0.00000,0.00211,0.01211
1403715366.512189865112305,0.00666,0.00017,0.00001,0.00293,0.00103,0.00204,0.01283
1403715366.562190294265747,0.00670,0.00028,0.00013,0.00329,0.00004,0.00189,0.01232
1403715366.612192630767822,0.00618,0.00018,0.00194,0.00284,0.01477,0.00176,0.02767
1403715366.662192106246948,0.00646,0.00019,0.00001,0.00497,0.00000,0.00198,0.01362
1403715366.712192296981812,0.00666,0.00019,0.00017,0.00453,0.00000,0.00169,0.01324
1403715366.762192487716675,0.00682,0.00020,0.00011,0.00471,0.00002,0.00210,0.01397
1403715366.812192440032959,0.00595,0.00019,0.00006,0.00446,0.00002,0.00206,0.01275
1403715366.862194299697876,0.00701,0.00019,0.00001,0.00464,0.00000,0.00198,0.01383
1403715366.912197828292847,0.00642,0.00021,0.00001,0.00447,0.00000,0.00232,0.01344
1403715366.962198257446289,0.00612,0.00018,0.00001,0.00429,0.00000,0.00173,0.01233
1403715367.012200832366943,0.00701,0.00030,0.00050,0.00660,0.00034,0.00257,0.01731
1403715367.062205076217651,0.00626,0.00019,0.00001,0.00442,0.00000,0.00221,0.01310
1403715367.112205505371094,0.00700,0.00019,0.00009,0.00447,0.00020,0.00209,0.01405
1403715367.162205934524536,0.00708,0.00018,0.00001,0.00427,0.00000,0.00220,0.01374
1403715367.212207794189453,0.00666,0.00018,0.00001,0.00438,0.00229,0.00222,0.01575
1403715367.262207746505737,0.00714,0.00037,0.00019,0.00717,0.00009,0.00238,0.01734
1403715367.312208175659180,0.00705,0.00032,0.00002,0.00719,0.00001,0.00247,0.01706
1403715367.362208127975464,0.00716,0.00023,0.00013,0.00449,0.00056,0.00195,0.01451
1403715367.412207841873169,0.00707,0.00026,0.00007,0.00463,0.00023,0.00193,0.01419
1403715367.462208032608032,0.00675,0.00032,0.00002,0.00822,0.00000,0.00208,0.01739
1403715367.512208223342896,0.00641,0.00021,0.00005,0.00499,0.00000,0.00219,0.01385
1403715367.562207698822021,0.00751,0.00022,0.00002,0.00468,0.00000,0.00224,0.01467
1403715367.612207651138306,0.00718,0.00037,0.00018,0.00422,0.00019,0.00262,0.01476
1403715367.662207365036011,0.00731,0.00019,0.00004,0.00417,0.00000,0.00213,0.01385
1403715367.712208509445190,0.00650,0.00018,0.00004,0.00407,0.00001,0.00207,0.01286
1403715367.762208223342896,0.00746,0.00020,0.00098,0.00415,0.00000,0.00202,0.01481
1403715367.812208890914917,0.00664,0.00017,0.00006,0.00382,0.00000,0.00193,0.01262
1403715367.862208604812622,0.00595,0.00019,0.00001,0.00363,0.00058,0.00211,0.01246
1403715367.912207603454590,0.00677,0.00018,0.00008,0.00392,0.00001,0.00192,0.01288
1403715367.962208032608032,0.00726,0.00017,0.00001,0.00361,0.00000,0.00201,0.01307
1403715368.012207031250000,0.00689,0.00020,0.00003,0.00369,0.00000,0.00199,0.01280
1403715368.062208652496338,0.00671,0.00018,0.00006,0.00371,0.00001,0.00207,0.01275
1403715368.112209558486938,0.00645,0.00016,0.00001,0.00343,0.00000,0.00200,0.01206
1403715368.162210941314697,0.00646,0.00017,0.00001,0.00346,0.00000,0.00200,0.01210
1403715368.212212562561035,0.00644,0.00017,0.00006,0.00341,0.00001,0.00210,0.01218
1403715368.262213230133057,0.00629,0.00016,0.00001,0.00318,0.00000,0.00209,0.01173
1403715368.312213659286499,0.00685,0.00017,0.00005,0.00325,0.00002,0.00216,0.01250
1403715368.362213850021362,0.00703,0.00016,0.00005,0.00301,0.00002,0.00183,0.01210
1403715368.412214040756226,0.00760,0.00018,0.00001,0.00360,0.00000,0.00224,0.01362
1403715368.462213993072510,0.00738,0.00017,0.00005,0.00319,0.00000,0.00201,0.01280
1403715368.512212991714478,0.00647,0.00016,0.00001,0.00316,0.00104,0.00210,0.01293
1403715368.562211990356445,0.00651,0.00016,0.00006,0.00317,0.00001,0.00198,0.01189
1403715368.612210988998413,0.00698,0.00016,0.00001,0.00341,0.00000,0.00231,0.01287
1403715368.662209987640381,0.00742,0.00016,0.00001,0.00301,0.00052,0.00200,0.01312
1403715368.712209701538086,0.00704,0.00016,0.00001,0.00318,0.00000,0.00193,0.01232
1403715368.762208700180054,0.00694,0.00018,0.00001,0.00317,0.00000,0.00230,0.01259
1403715368.812209129333496,0.00677,0.00017,0.00005,0.00317,0.00051,0.00213,0.01280
1403715368.862208843231201,0.00627,0.00015,0.00007,0.00300,0.00000,0.00182,0.01131
1403715368.912207841873169,0.00595,0.00020,0.00001,0.00291,0.00099,0.00187,0.01193
1403715368.962207078933716,0.00598,0.00017,0.00005,0.00290,0.00097,0.00197,0.01204
1403715369.012205839157104,0.00934,0.00016,0.00008,0.00297,0.00000,0.00199,0.01454
1403715369.062205314636230,0.00757,0.00016,0.00011,0.00285,0.00014,0.00233,0.01317
1403715369.112204313278198,0.00828,0.00017,0.00004,0.00303,0.00000,0.00216,0.01368
1403715369.162203550338745,0.00780,0.00016,0.00026,0.00300,0.00000,0.00214,0.01336
1403715369.212202787399292,0.00674,0.00016,0.00016,0.00306,0.00000,0.00204,0.01217
1403715369.262201070785522,0.00600,0.00016,0.00098,0.00287,0.00000,0.00200,0.01200
1403715369.312200069427490,0.00618,0.00016,0.00034,0.00294,0.00000,0.00204,0.01166
1403715369.362198591232300,0.00609,0.00015,0.00001,0.00288,0.00000,0.00178,0.01091
1403715369.412197351455688,0.00614,0.00016,0.00080,0.00318,0.00000,0.00218,0.01246
1403715369.462195634841919,0.00715,0.00020,0.00064,0.00255,0.00000,0.00189,0.01243
1403715369.512195348739624,0.00610,0.00018,0.00001,0.00257,0.00000,0.00247,0.01132
1403715369.562193870544434,0.00607,0.00016,0.00192,0.00252,0.01608,0.00221,0.02896
1403715369.612195491790771,0.00745,0.00019,0.00001,0.00562,0.00000,0.00197,0.01524
1403715369.662194490432739,0.00754,0.00018,0.00001,0.00513,0.00000,0.00248,0.01534
1403715369.712195396423340,0.00825,0.00019,0.00009,0.00511,0.00001,0.00201,0.01566
1403715369.762196302413940,0.00723,0.00019,0.00005,0.00507,0.00002,0.00190,0.01445
1403715369.862199783325195,0.00726,0.00025,0.00001,0.00478,0.00000,0.00201,0.01431
1403715369.912200927734375,0.00646,0.00018,0.00001,0.00483,0.00000,0.00204,0.01352
1403715369.962203025817871,0.00630,0.00018,0.00005,0.00479,0.00019,0.00204,0.01355
1403715370.012202501296997,0.00727,0.00019,0.00001,0.00510,0.00000,0.00228,0.01486
1403715370.062202453613281,0.00699,0.00019,0.00001,0.00516,0.00000,0.00213,0.01448
1403715370.112201213836670,0.00643,0.00023,0.00001,0.00517,0.00000,0.00217,0.01402
1403715370.162200927734375,0.00604,0.00018,0.00001,0.00475,0.00000,0.00207,0.01305
1403715370.212199211120605,0.00654,0.00018,0.00008,0.00553,0.00346,0.00207,0.01787
1403715370.262198686599731,0.00588,0.00020,0.00001,0.00780,0.00000,0.00232,0.01622
1403715370.312198638916016,0.00749,0.00027,0.00005,0.00508,0.00018,0.00251,0.01558
1403715370.362198591232300,0.00764,0.00019,0.00066,0.00505,0.00000,0.00189,0.01543
1403715370.412198066711426,0.00729,0.00019,0.00007,0.00532,0.00133,0.00167,0.01586
1403715370.462197542190552,0.00677,0.00018,0.00006,0.00586,0.00000,0.00240,0.01528
1403715370.512197017669678,0.00729,0.00021,0.00001,0.00580,0.00000,0.00220,0.01551
1403715370.562196254730225,0.00642,0.00019,0.00001,0.00563,0.00000,0.00204,0.01430
1403715370.612195730209351,0.00662,0.00019,0.00001,0.00555,0.00000,0.00195,0.01432
1403715370.662194252014160,0.00716,0.00019,0.00008,0.00567,0.00019,0.00205,0.01533
1403715370.712193250656128,0.00707,0.00020,0.00001,0.00546,0.00000,0.00212,0.01486
1403715370.762192964553833,0.00768,0.00021,0.00007,0.00559,0.00000,0.00196,0.01552
1403715370.812191247940063,0.00678,0.00019,0.00001,0.00538,0.00000,0.00203,0.01440
1403715370.862191438674927,0.00657,0.00019,0.00001,0.00505,0.00000,0.00185,0.01366
1403715370.912191390991211,0.00695,0.00021,0.00001,0.00502,0.00000,0.00205,0.01424
1403715370.962189197540283,0.00723,0.00018,0.00007,0.00524,0.00078,0.00199,0.01549
1403715371.012188196182251,0.00696,0.00020,0.00001,0.00623,0.00000,0.00210,0.01551
1403715371.062187194824219,0.00680,0.00019,0.00001,0.00575,0.00000,0.00227,0.01504
1403715371.112186908721924,0.00714,0.00018,0.00001,0.00545,0.00000,0.00193,0.01471
1403715371.162186384201050,0.00650,0.00017,0.00001,0.00511,0.00000,0.00191,0.01370
1403715371.212187290191650,0.00653,0.00019,0.00007,0.00482,0.00018,0.00222,0.01401
1403715371.262189149856567,0.00626,0.00018,0.00009,0.00484,0.00019,0.00210,0.01366
1403715371.312192440032959,0.00682,0.00018,0.00008,0.00485,0.00000,0.00210,0.01404
1403715371.362194776535034,0.00767,0.00023,0.00008,0.00536,0.00021,0.00211,0.01567
1403715371.412200212478638,0.00675,0.00018,0.00001,0.00459,0.00000,0.00181,0.01334
1403715371.462205886840820,0.00587,0.00019,0.00003,0.00477,0.00000,0.00181,0.01268
1403715371.512211561203003,0.00610,0.00018,0.00013,0.00403,0.00017,0.00173,0.01234
1403715371.562215566635132,0.00611,0.00018,0.00012,0.00417,0.00017,0.00206,0.01280
1403715371.612215280532837,0.00585,0.00035,0.00016,0.00390,0.00002,0.00230,0.01259
1403715371.662214279174805,0.00649,0.00019,0.00006,0.00389,0.00021,0.00209,0.01294
1403715371.712213277816772,0.00702,0.00017,0.00003,0.00344,0.00000,0.00193,0.01260
1403715371.762212514877319,0.00731,0.00018,0.00006,0.00349,0.00002,0.00206,0.01313
1403715371.812211990356445,0.00698,0.00016,0.00007,0.00340,0.00026,0.00193,0.01281
1403715371.862211227416992,0.00599,0.00018,0.00005,0.00343,0.00000,0.00210,0.01175
1403715371.912211656570435,0.00566,0.00017,0.00008,0.00324,0.00001,0.00183,0.01099
1403715371.962211608886719,0.00575,0.00018,0.00005,0.00296,0.00020,0.00205,0.01118
1403715372.012211561203003,0.00621,0.00017,0.00007,0.00317,0.00000,0.00204,0.01166
1403715372.062211513519287,0.00569,0.00017,0.00007,0.00295,0.00020,0.00210,0.01118
1403715372.112211227416992,0.00534,0.00016,0.00003,0.00308,0.00109,0.00214,0.01183
1403715372.162211418151855,0.00544,0.00017,0.00001,0.00282,0.00000,0.00198,0.01041
1403715372.212211608886719,0.00685,0.00016,0.00001,0.00269,0.00155,0.00190,0.01316
1403715372.262210845947266,0.00612,0.00017,0.00013,0.00293,0.00015,0.00197,0.01147
1403715372.312211513519287,0.00550,0.00017,0.00007,0.00273,0.00014,0.00201,0.01062
1403715372.362210750579834,0.00575,0.00016,0.00001,0.00288,0.00027,0.00224,0.01131
1403715372.412209510803223,0.00663,0.00018,0.00007,0.00274,0.00001,0.00200,0.01163
1403715372.462208986282349,0.00588,0.00016,0.00007,0.00225,0.00014,0.00192,0.01043
1403715372.512208938598633,0.00582,0.00016,0.00010,0.00244,0.00020,0.00189,0.01062
1403715372.562208175659180,0.00676,0.00016,0.00003,0.00258,0.00001,0.00193,0.01147
1403715372.612208366394043,0.00664,0.00015,0.00005,0.00262,0.00000,0.00178,0.01124
1403715372.662208080291748,0.00556,0.00016,0.00003,0.00283,0.00013,0.00212,0.01084
1403715372.712208271026611,0.00540,0.00015,0.00003,0.00249,0.00000,0.00192,0.00999
1403715372.762208223342896,0.00538,0.00016,0.00001,0.00255,0.00000,0.00207,0.01017
1403715372.812208890914917,0.00500,0.00016,0.00004,0.00252,0.00013,0.00194,0.00978
1403715372.862209320068359,0.00695,0.00019,0.00001,0.00246,0.00099,0.00204,0.01265
1403715372.912209272384644,0.00630,0.00015,0.00002,0.00229,0.00000,0.00197,0.01073
1403715372.962209463119507,0.00665,0.00016,0.00006,0.00246,0.00031,0.00185,0.01150
1403715373.012209653854370,0.00566,0.00015,0.00004,0.00234,0.00002,0.00171,0.00991
1403715373.062209844589233,0.00569,0.00014,0.00010,0.00205,0.00002,0.00198,0.00997
1403715373.112209796905518,0.00637,0.00014,0.00004,0.00192,0.00086,0.00192,0.01123
1403715373.162209510803223,0.00943,0.00017,0.00007,0.00203,0.00012,0.00191,0.01374
1403715373.212209463119507,0.00642,0.00015,0.00004,0.00190,0.00000,0.00219,0.01070
1403715373.262209177017212,0.00698,0.00015,0.00026,0.00141,0.00000,0.00203,0.01082
1403715373.312209844589233,0.00719,0.00014,0.00018,0.00115,0.00002,0.00205,0.01072
1403715373.362210273742676,0.00665,0.00014,0.00014,0.00114,0.00010,0.00209,0.01028
1403715373.412210464477539,0.00680,0.00013,0.00001,0.00115,0.00000,0.00191,0.01001
1403715373.462210416793823,0.00654,0.00013,0.00024,0.00098,0.00000,0.00203,0.00992
1403715373.512210607528687,0.00679,0.00013,0.00045,0.00088,0.00000,0.00193,0.01019
1403715373.562210798263550,0.00701,0.00013,0.00003,0.00090,0.00029,0.00182,0.01018
1403715373.612210750579834,0.00685,0.00013,0.00001,0.00105,0.00000,0.00195,0.01000
1403715373.662210464477539,0.00632,0.00013,0.00006,0.00092,0.00000,0.00187,0.00930
1403715373.712211608886719,0.00751,0.00015,0.00064,0.00095,0.01659,0.00207,0.02791
1403715373.762212038040161,0.00719,0.00019,0.00009,0.00301,0.00000,0.00199,0.01246
1403715373.812211990356445,0.00686,0.00017,0.00001,0.00379,0.00000,0.00212,0.01296
1403715373.862210750579834,0.00641,0.00016,0.00004,0.00219,0.00000,0.00201,0.01081
1403715373.912209749221802,0.00612,0.00015,0.00004,0.00226,0.00113,0.00204,0.01173
1403715373.962208986282349,0.00605,0.00016,0.00009,0.00251,0.00013,0.00199,0.01092
1403715374.012208461761475,0.00642,0.00017,0.00001,0.00257,0.00000,0.00222,0.01139
1403715374.062208175659180,0.00832,0.00015,0.00040,0.00248,0.00000,0.00208,0.01343
1403715374.112207889556885,0.00746,0.00017,0.00015,0.00207,0.00001,0.00215,0.01200
1403715374.162208318710327,0.00749,0.00015,0.00014,0.00214,0.00021,0.00204,0.01217
1403715374.212207317352295,0.00618,0.00014,0.00001,0.00205,0.00000,0.00206,0.01044
1403715374.262206315994263,0.00609,0.00013,0.00001,0.00183,0.00000,0.00217,0.01023
1403715374.312206268310547,0.00710,0.00013,0.00023,0.00163,0.00000,0.00205,0.01114
1403715374.362206697463989,0.00642,0.00013,0.00016,0.00138,0.00018,0.00197,0.01023
1403715374.412207365036011,0.00612,0.00018,0.00038,0.00150,0.00000,0.00214,0.01032
1403715374.462208747863770,0.00677,0.00014,0.00007,0.00124,0.00019,0.00199,0.01040
1403715374.512210369110107,0.00706,0.00015,0.00001,0.00147,0.00000,0.00205,0.01074
1403715374.562211990356445,0.00608,0.00014,0.00004,0.00141,0.00042,0.00206,0.01016
1403715374.612215757369995,0.00665,0.00016,0.00064,0.00137,0.01027,0.00203,0.02113
1403715374.662216901779175,0.00620,0.00016,0.00008,0.00252,0.00000,0.00196,0.01092
1403715374.712217330932617,0.00644,0.00016,0.00004,0.00235,0.00049,0.00202,0.01149
1403715374.762217521667480,0.00648,0.00016,0.00006,0.00239,0.00032,0.00214,0.01156
1403715374.812217950820923,0.00646,0.00016,0.00003,0.00234,0.00000,0.00219,0.01119
1403715374.862218141555786,0.00622,0.00015,0.00001,0.00224,0.00000,0.00207,0.01069
1403715374.912218332290649,0.00615,0.00016,0.00005,0.00216,0.00028,0.00203,0.01083
1403715374.962219476699829,0.00833,0.00018,0.00005,0.00246,0.00000,0.00214,0.01317
1403715375.012220621109009,0.00664,0.00015,0.00002,0.00242,0.00000,0.00214,0.01137
1403715375.062221527099609,0.00747,0.00017,0.00004,0.00235,0.00000,0.00204,0.01207
1403715375.112222433090210,0.00710,0.00015,0.00015,0.00234,0.00000,0.00205,0.01179
1403715375.162221908569336,0.00678,0.00016,0.00001,0.00221,0.00000,0.00206,0.01122
1403715375.212221145629883,0.00722,0.00018,0.00003,0.00233,0.00021,0.00230,0.01227
1403715375.262220382690430,0.00674,0.00016,0.00055,0.00220,0.00011,0.00188,0.01164
1403715375.312218189239502,0.00680,0.00015,0.00004,0.00228,0.00054,0.00236,0.01218
1403715375.362217187881470,0.00753,0.00018,0.00005,0.00215,0.00022,0.00211,0.01225
1403715375.412216663360596,0.00735,0.00016,0.00004,0.00202,0.00013,0.00218,0.01188
1403715375.462216138839722,0.00623,0.00015,0.00003,0.00199,0.00013,0.00207,0.01059
1403715375.512215137481689,0.00657,0.00017,0.00007,0.00221,0.01245,0.00210,0.02357
1403715375.562216520309448,0.00774,0.00018,0.00007,0.00348,0.00017,0.00207,0.01372
1403715375.612216949462891,0.00615,0.00017,0.00006,0.00364,0.00000,0.00180,0.01182
1403715375.662216901779175,0.00622,0.00024,0.00005,0.00359,0.00004,0.00193,0.01207
1403715375.712216615676880,0.00699,0.00017,0.00001,0.00359,0.00000,0.00208,0.01284
1403715375.762215375900269,0.00653,0.00016,0.00001,0.00332,0.00000,0.00192,0.01194
1403715375.812215089797974,0.00627,0.00017,0.00007,0.00336,0.00022,0.00199,0.01208
1403715375.862214803695679,0.00614,0.00018,0.00001,0.00315,0.00000,0.00220,0.01168
1403715375.912215232849121,0.00598,0.00017,0.00005,0.00274,0.00000,0.00220,0.01115
1403715375.962216854095459,0.00619,0.00019,0.00010,0.00280,0.00033,0.00203,0.01163
1403715376.012217521667480,0.00634,0.00016,0.00017,0.00250,0.00013,0.00215,0.01146
1403715376.062217950820923,0.00622,0.00015,0.00010,0.00235,0.00000,0.00204,0.01087
1403715376.112217426300049,0.00637,0.00015,0.00004,0.00254,0.00041,0.00215,0.01167
1403715376.162216663360596,0.00710,0.00017,0.00004,0.00270,0.00000,0.00186,0.01188
1403715376.212216377258301,0.00689,0.00014,0.00001,0.00229,0.00000,0.00193,0.01126
1403715376.262215852737427,0.00852,0.00017,0.00006,0.00227,0.00023,0.00226,0.01351
1403715376.312215805053711,0.00660,0.00015,0.00012,0.00225,0.00012,0.00224,0.01148
1403715376.362215518951416,0.00658,0.00014,0.00016,0.00204,0.00000,0.00217,0.01109
1403715376.412215471267700,0.00667,0.00015,0.00003,0.00188,0.00021,0.00211,0.01105
1403715376.462216138839722,0.00628,0.00015,0.00026,0.00166,0.00012,0.00207,0.01055
1403715376.512216091156006,0.00637,0.00014,0.00005,0.00176,0.00012,0.00211,0.01055
1403715376.562216520309448,0.00602,0.00016,0.00002,0.00193,0.00035,0.00210,0.01058
1403715376.612216472625732,0.00648,0.00025,0.00002,0.00235,0.00000,0.00240,0.01151
1403715376.662216663360596,0.00773,0.00015,0.00001,0.00208,0.00000,0.00220,0.01218
1403715376.712214946746826,0.00746,0.00016,0.00001,0.00207,0.00025,0.00252,0.01248
1403715376.762214183807373,0.00713,0.00016,0.00001,0.00177,0.00000,0.00223,0.01131
1403715376.812211513519287,0.00741,0.00015,0.00003,0.00163,0.00944,0.00232,0.02098
1403715376.862210035324097,0.00600,0.00020,0.00012,0.00280,0.00050,0.00205,0.01168
1403715376.912208795547485,0.00623,0.00016,0.00001,0.00307,0.00000,0.00220,0.01167
1403715376.962208032608032,0.00725,0.00016,0.00006,0.00277,0.00000,0.00203,0.01227
1403715377.012207984924316,0.00731,0.00022,0.00009,0.00294,0.00021,0.00231,0.01308
1403715377.062207937240601,0.00692,0.00016,0.00001,0.00274,0.00044,0.00179,0.01207
1403715377.112208604812622,0.00604,0.00016,0.00001,0.00288,0.00000,0.00198,0.01107
1403715377.162208557128906,0.00707,0.00018,0.00001,0.00251,0.00020,0.00189,0.01186
1403715377.212208747863770,0.00621,0.00016,0.00001,0.00232,0.00000,0.00219,0.01089
1403715377.262208223342896,0.00634,0.00016,0.00006,0.00255,0.00022,0.00191,0.01124
1403715377.312208652496338,0.00614,0.00016,0.00003,0.00266,0.00019,0.00194,0.01111
1403715377.362208604812622,0.00584,0.00015,0.00002,0.00235,0.00000,0.00194,0.01029
1403715377.412209272384644,0.00617,0.00015,0.00003,0.00223,0.00034,0.00172,0.01064
1403715377.462210416793823,0.00585,0.00015,0.00005,0.00227,0.00029,0.00203,0.01063
1403715377.512210369110107,0.00586,0.00015,0.00001,0.00243,0.00000,0.00179,0.01024
1403715377.562210798263550,0.00568,0.00015,0.00001,0.00241,0.00000,0.00172,0.00997
1403715377.612210988998413,0.00607,0.00015,0.00001,0.00239,0.00076,0.00214,0.01151
1403715377.662211179733276,0.00762,0.00029,0.00001,0.00327,0.00000,0.00194,0.01314
1403715377.712211132049561,0.00579,0.00016,0.00003,0.00190,0.00002,0.00198,0.00988
1403715377.762211561203003,0.00606,0.00014,0.00001,0.00179,0.00019,0.00168,0.00987
1403715377.812211751937866,0.00589,0.00015,0.00007,0.00185,0.00042,0.00212,0.01050
1403715377.862211942672729,0.00587,0.00015,0.00005,0.00201,0.00011,0.00182,0.01001
1403715377.912212133407593,0.00600,0.00014,0.00001,0.00200,0.00019,0.00207,0.01041
1403715377.962212562561035,0.00849,0.00015,0.00005,0.00210,0.00017,0.00196,0.01292
1403715378.012212753295898,0.00688,0.00015,0.00007,0.00182,0.00202,0.00248,0.01343
1403715378.062212705612183,0.00859,0.00028,0.00010,0.00222,0.00057,0.00222,0.01398
1403715378.112212896347046,0.00712,0.00016,0.00006,0.00192,0.00011,0.00184,0.01121
1403715378.162212848663330,0.00644,0.00014,0.00010,0.00194,0.00012,0.00184,0.01059
1403715378.212212324142456,0.00649,0.00021,0.00028,0.00205,0.00020,0.00212,0.01134
1403715378.262212038040161,0.00645,0.00015,0.00004,0.00152,0.00000,0.00190,0.01005
1403715378.312211990356445,0.00602,0.00015,0.00002,0.00153,0.00012,0.00198,0.00982
1403715378.362211704254150,0.00736,0.00016,0.00007,0.00143,0.00020,0.00214,0.01136
1403715378.412211179733276,0.00661,0.00014,0.00040,0.00124,0.00000,0.00210,0.01050
1403715378.462210178375244,0.00732,0.00015,0.00057,0.00105,0.00004,0.00219,0.01132
1403715378.512207269668579,0.00742,0.00015,0.00004,0.00101,0.01597,0.00217,0.02676
1403715378.562206268310547,0.00644,0.00017,0.00003,0.00299,0.00000,0.00204,0.01167
1403715378.612205266952515,0.00639,0.00018,0.00001,0.00298,0.00000,0.00192,0.01149
1403715378.662204504013062,0.00651,0.00016,0.00009,0.00266,0.00014,0.00176,0.01132
1403715378.712204217910767,0.00684,0.00015,0.00005,0.00284,0.00000,0.00183,0.01172
1403715378.762204170227051,0.00669,0.00020,0.00007,0.00298,0.00021,0.00202,0.01217
1403715378.812204360961914,0.00673,0.00017,0.00001,0.00298,0.00019,0.00189,0.01197
1403715378.862204313278198,0.00709,0.00017,0.00001,0.00294,0.00000,0.00205,0.01226
1403715378.962203741073608,0.00634,0.00024,0.00006,0.00274,0.00000,0.00199,0.01137
1403715379.012203216552734,0.00660,0.00016,0.00003,0.00261,0.00048,0.00209,0.01196
1403715379.062203407287598,0.00651,0.00016,0.00001,0.00273,0.00000,0.00217,0.01156
1403715379.112203121185303,0.00647,0.00016,0.00001,0.00271,0.00021,0.00205,0.01160
1403715379.162202835083008,0.00654,0.00016,0.00001,0.00277,0.00087,0.00208,0.01243
1403715379.212202548980713,0.00549,0.00017,0.00001,0.00275,0.00000,0.00182,0.01024
1403715379.262202501296997,0.00675,0.00017,0.00001,0.00294,0.00000,0.00200,0.01187
1403715379.312201738357544,0.00625,0.00017,0.00001,0.00274,0.00000,0.00189,0.01105
1403715379.362201213836670,0.00679,0.00016,0.00001,0.00287,0.00000,0.00203,0.01186
1403715379.412199974060059,0.00707,0.00019,0.00001,0.00287,0.00022,0.00217,0.01253
1403715379.462198495864868,0.00712,0.00019,0.00001,0.00279,0.00021,0.00212,0.01243
1403715379.512197017669678,0.00733,0.00020,0.00008,0.00295,0.00002,0.00208,0.01267
1403715379.562195301055908,0.00571,0.00018,0.00001,0.00282,0.00000,0.00222,0.01094
1403715379.612194776535034,0.00565,0.00016,0.00005,0.00261,0.00000,0.00208,0.01056
1403715379.662194252014160,0.00990,0.00029,0.00002,0.00279,0.00000,0.00225,0.01525
1403715379.712194204330444,0.00704,0.00016,0.00002,0.00255,0.00021,0.00205,0.01203
1403715379.762194156646729,0.00670,0.00016,0.00005,0.00270,0.00074,0.00196,0.01231
1403715379.812193393707275,0.00703,0.00015,0.00008,0.00249,0.00000,0.00199,0.01174
1403715379.862192869186401,0.00661,0.00015,0.00026,0.00239,0.00000,0.00204,0.01146
1403715379.912192583084106,0.00718,0.00016,0.00028,0.00237,0.00000,0.00230,0.01229
1403715379.962192058563232,0.00644,0.00015,0.00031,0.00231,0.00000,0.00205,0.01126
1403715380.012192249298096,0.00780,0.00017,0.00061,0.00244,0.00019,0.00187,0.01308
1403715380.062192440032959,0.00670,0.00014,0.00001,0.00217,0.00021,0.00205,0.01128
1403715380.112191677093506,0.00628,0.00014,0.00001,0.00220,0.00000,0.00189,0.01052
1403715380.162190675735474,0.00705,0.00015,0.00035,0.00196,0.00001,0.00204,0.01155
1403715380.212188720703125,0.00650,0.00014,0.00004,0.00195,0.00505,0.00214,0.01582
1403715380.262188434600830,0.00922,0.00017,0.00006,0.00238,0.00000,0.00187,0.01371
1403715380.312188863754272,0.00812,0.00016,0.00025,0.00199,0.00020,0.00193,0.01264
1403715380.362188100814819,0.00749,0.00017,0.00003,0.00205,0.00021,0.00221,0.01215
1403715380.412188291549683,0.00698,0.00015,0.00013,0.00202,0.00000,0.00213,0.01141
1403715380.462188005447388,0.00684,0.00015,0.00001,0.00204,0.00000,0.00215,0.01118
1403715380.512188196182251,0.00687,0.00015,0.00030,0.00182,0.00000,0.00206,0.01120
1403715380.562188625335693,0.00670,0.00013,0.00001,0.00175,0.00000,0.00207,0.01066
1403715380.612189054489136,0.00667,0.00015,0.00005,0.00150,0.00000,0.00203,0.01040
1403715380.662188768386841,0.00658,0.00014,0.00028,0.00143,0.00000,0.00213,0.01055
1403715380.712189912796021,0.00679,0.00014,0.00002,0.00131,0.00011,0.00193,0.01031
1403715380.762190103530884,0.00660,0.00015,0.00113,0.00131,0.00000,0.00239,0.01158
1403715380.812191486358643,0.00783,0.00016,0.00004,0.00134,0.02280,0.00178,0.03394
1403715380.862191200256348,0.00645,0.00018,0.00012,0.00422,0.00000,0.00214,0.01310
1403715380.912191867828369,0.00724,0.00018,0.00001,0.00399,0.00073,0.00206,0.01420
1403715380.962191343307495,0.00754,0.00017,0.00001,0.00402,0.00022,0.00201,0.01397
1403715381.012191295623779,0.00712,0.00021,0.00005,0.00359,0.00000,0.00188,0.01286
1403715381.062190771102905,0.00741,0.00017,0.00001,0.00364,0.00000,0.00207,0.01331
1403715381.112189531326294,0.00714,0.00019,0.00012,0.00320,0.00017,0.00199,0.01281
1403715381.162189483642578,0.00686,0.00020,0.00001,0.00378,0.00000,0.00210,0.01295
1403715381.212188720703125,0.00631,0.00019,0.00007,0.00374,0.00000,0.00205,0.01237
1403715381.262190103530884,0.00664,0.00017,0.00007,0.00330,0.00000,0.00201,0.01219
1403715381.312189579010010,0.00638,0.00017,0.00001,0.00320,0.00000,0.00229,0.01205
1403715381.362188577651978,0.00627,0.00019,0.00006,0.00322,0.00001,0.00234,0.01209
1403715381.412189006805420,0.00707,0.00019,0.00006,0.00319,0.00131,0.00228,0.01412
1403715381.462189197540283,0.00729,0.00020,0.00001,0.00356,0.00000,0.00224,0.01330
1403715381.512189149856567,0.00706,0.00032,0.00002,0.00629,0.00039,0.00254,0.01662
1403715381.562188625335693,0.00693,0.00034,0.00002,0.00374,0.00020,0.00206,0.01330
1403715381.612188577651978,0.00706,0.00018,0.00006,0.00322,0.00017,0.00225,0.01295
1403715381.662188768386841,0.00725,0.00027,0.00029,0.00356,0.00000,0.00213,0.01350
1403715381.712189435958862,0.00760,0.00020,0.00001,0.00362,0.00074,0.00225,0.01442
1403715381.762190580368042,0.00721,0.00026,0.00007,0.00354,0.00000,0.00235,0.01344
1403715381.812192678451538,0.00761,0.00030,0.00011,0.00516,0.00001,0.00238,0.01558
1403715381.862193584442139,0.00667,0.00030,0.00001,0.00567,0.00000,0.00252,0.01518
1403715381.912192583084106,0.00663,0.00040,0.00005,0.00523,0.00000,0.00221,0.01452
1403715381.962190866470337,0.00687,0.00019,0.00006,0.00326,0.00019,0.00212,0.01269
1403715382.012190103530884,0.00721,0.00020,0.00001,0.00335,0.00000,0.00235,0.01313
1403715382.062189579010010,0.00669,0.00019,0.00001,0.00325,0.00000,0.00221,0.01234
1403715382.112189769744873,0.00671,0.00018,0.00001,0.00318,0.00020,0.00199,0.01227
1403715382.162190675735474,0.00619,0.00016,0.00006,0.00313,0.00058,0.00212,0.01223
1403715382.212190866470337,0.00727,0.00019,0.00001,0.00299,0.00000,0.00206,0.01252
1403715382.262191057205200,0.00607,0.00017,0.00010,0.00293,0.00001,0.00197,0.01126
1403715382.312191009521484,0.00662,0.00016,0.00005,0.00300,0.00018,0.00214,0.01214
1403715382.362191200256348,0.00672,0.00020,0.00001,0.00300,0.00000,0.00208,0.01200
1403715382.412191390991211,0.00603,0.00017,0.00001,0.00276,0.00000,0.00185,0.01082
1403715382.462191581726074,0.00591,0.00018,0.00006,0.00272,0.00001,0.00227,0.01114
1403715382.512191534042358,0.00601,0.00018,0.00003,0.00265,0.00001,0.00187,0.01075
1403715382.562191724777222,0.00649,0.00017,0.00005,0.00261,0.00022,0.00198,0.01152
1403715382.612191438674927,0.00568,0.00017,0.00001,0.00262,0.00000,0.00198,0.01045
1403715382.662191629409790,0.00640,0.00016,0.00001,0.00246,0.00000,0.00211,0.01113
1403715382.712191820144653,0.00573,0.00017,0.00004,0.00246,0.00034,0.00210,0.01084
1403715382.762192010879517,0.00727,0.00021,0.00005,0.00277,0.00014,0.00212,0.01256
1403715382.812192440032959,0.00689,0.00016,0.00001,0.00277,0.00000,0.00186,0.01170
1403715382.862192392349243,0.00691,0.00017,0.00001,0.00273,0.00055,0.00208,0.01245
1403715382.912192821502686,0.00706,0.00017,0.00001,0.00265,0.00000,0.00192,0.01181
1403715382.962193250656128,0.00654,0.00016,0.00004,0.00293,0.00016,0.00201,0.01184
1403715383.012193441390991,0.00592,0.00016,0.00001,0.00279,0.00000,0.00207,0.01095
1403715383.062194347381592,0.00689,0.00016,0.00001,0.00287,0.00056,0.00204,0.01254
1403715383.112194538116455,0.00689,0.00019,0.00003,0.00321,0.00069,0.00208,0.01309
1403715383.162195920944214,0.00601,0.00017,0.00001,0.00295,0.00000,0.00198,0.01112
1403715383.212197303771973,0.00635,0.00027,0.00001,0.00349,0.00000,0.00209,0.01221
1403715383.262197017669678,0.00624,0.00016,0.00005,0.00290,0.00015,0.00198,0.01148
1403715383.312196731567383,0.00609,0.00018,0.00001,0.00338,0.00020,0.00194,0.01181
1403715383.362197399139404,0.00654,0.00016,0.00001,0.00302,0.00000,0.00195,0.01168
1403715383.412197113037109,0.00692,0.00017,0.00001,0.00298,0.00000,0.00207,0.01214
1403715383.462196588516235,0.00642,0.00019,0.00006,0.00281,0.00023,0.00214,0.01185
1403715383.512195825576782,0.00655,0.00018,0.00001,0.00319,0.00000,0.00195,0.01188
1403715383.562194347381592,0.00584,0.00016,0.00006,0.00279,0.00015,0.00206,0.01107
1403715383.612192630767822,0.00581,0.00016,0.00012,0.00254,0.00000,0.00191,0.01055
1403715383.662191152572632,0.00802,0.00017,0.00007,0.00264,0.00015,0.00195,0.01300
1403715383.712190151214600,0.00654,0.00016,0.00005,0.00276,0.00001,0.00194,0.01145
1403715383.762189388275146,0.00679,0.00016,0.00006,0.00247,0.00000,0.00196,0.01144
1403715383.812189340591431,0.00647,0.00016,0.00020,0.00237,0.00000,0.00202,0.01121
1403715383.862189292907715,0.00827,0.00018,0.00011,0.00260,0.00001,0.00220,0.01336
1403715383.912189722061157,0.00685,0.00016,0.00018,0.00253,0.00019,0.00195,0.01186
1403715383.962189912796021,0.00741,0.00016,0.00001,0.00258,0.00000,0.00226,0.01242
1403715384.012190341949463,0.00855,0.00016,0.00001,0.00266,0.00000,0.00222,0.01360
1403715384.062191486358643,0.00774,0.00015,0.00001,0.00254,0.00000,0.00214,0.01258
1403715384.112191915512085,0.00725,0.00017,0.00005,0.00258,0.00000,0.00215,0.01220
1403715384.162191867828369,0.00745,0.00016,0.00071,0.00228,0.00000,0.00203,0.01263
1403715384.212193727493286,0.00716,0.00017,0.00281,0.00222,0.01633,0.00210,0.03080
1403715384.262195348739624,0.00666,0.00020,0.00008,0.00448,0.00017,0.00216,0.01375
1403715384.312196493148804,0.00658,0.00018,0.00008,0.00488,0.00077,0.00180,0.01430
1403715384.362197637557983,0.00698,0.00018,0.00009,0.00464,0.00016,0.00194,0.01399
1403715384.412198781967163,0.00735,0.00020,0.00008,0.00456,0.00000,0.00215,0.01434
1403715384.462199449539185,0.00711,0.00018,0.00001,0.00450,0.00064,0.00203,0.01446
1403715384.512200117111206,0.00769,0.00039,0.00009,0.00442,0.00060,0.00264,0.01584
1403715384.562199831008911,0.00717,0.00022,0.00008,0.00432,0.00000,0.00206,0.01385
1403715384.612200260162354,0.00674,0.00017,0.00014,0.00408,0.00001,0.00194,0.01308
1403715384.662200212478638,0.00723,0.00017,0.00001,0.00413,0.00000,0.00215,0.01369
1403715384.712200641632080,0.00729,0.00022,0.00004,0.00427,0.00001,0.00206,0.01388
1403715384.762200593948364,0.00631,0.00018,0.00001,0.00425,0.00000,0.00188,0.01263
1403715384.812200546264648,0.00626,0.00018,0.00007,0.00385,0.00199,0.00193,0.01429
1403715384.862200260162354,0.00611,0.00018,0.00001,0.00403,0.00056,0.00175,0.01264
1403715384.912200450897217,0.00611,0.00021,0.00012,0.00329,0.00000,0.00187,0.01160
1403715384.962199926376343,0.00572,0.00018,0.00014,0.00312,0.00015,0.00177,0.01108
1403715385.012200355529785,0.00604,0.00017,0.00015,0.00435,0.00027,0.00241,0.01339
1403715385.062201023101807,0.00674,0.00018,0.00013,0.00337,0.00000,0.00171,0.01213
1403715385.112200736999512,0.00619,0.00025,0.00001,0.00344,0.00000,0.00202,0.01191
1403715385.162202119827271,0.00581,0.00017,0.00006,0.00301,0.00000,0.00181,0.01086
1403715385.212203741073608,0.00552,0.00018,0.00007,0.00404,0.00004,0.00196,0.01181
1403715385.262203216552734,0.00588,0.00016,0.00009,0.00289,0.00001,0.00185,0.01087
1403715385.312203407287598,0.00864,0.00019,0.00004,0.00307,0.00000,0.00264,0.01457
1403715385.362203598022461,0.00728,0.00028,0.00009,0.00420,0.00000,0.00239,0.01425
1403715385.412203788757324,0.00738,0.00017,0.00001,0.00272,0.00000,0.00184,0.01213
1403715385.462203979492188,0.00726,0.00016,0.00001,0.00343,0.00000,0.00249,0.01335
1403715385.512204170227051,0.00600,0.00019,0.00004,0.00274,0.00000,0.00193,0.01090
1403715385.562205314636230,0.00658,0.00015,0.00001,0.00261,0.00000,0.00240,0.01174
1403715385.612204790115356,0.00722,0.00016,0.00004,0.00259,0.00000,0.00195,0.01196
1403715385.662204504013062,0.00657,0.00015,0.00004,0.00246,0.00000,0.00188,0.01110
1403715385.712204456329346,0.00679,0.00017,0.00001,0.00247,0.00000,0.00207,0.01152
1403715385.762205600738525,0.00783,0.00016,0.00001,0.00262,0.00000,0.00218,0.01280
1403715385.812206506729126,0.00866,0.00018,0.00008,0.00257,0.00001,0.00212,0.01362
1403715385.862208843231201,0.00741,0.00016,0.00481,0.00235,0.01240,0.00230,0.02944
1403715385.912209033966064,0.00764,0.00019,0.00001,0.00426,0.00000,0.00228,0.01438
1403715385.962208271026611,0.00760,0.00018,0.00004,0.00447,0.00000,0.00222,0.01452
1403715386.012207031250000,0.00814,0.00019,0.00007,0.00404,0.00000,0.00236,0.01480
1403715386.062206268310547,0.00696,0.00017,0.00001,0.00363,0.00000,0.00224,0.01300
1403715386.112205505371094,0.00751,0.00017,0.00005,0.00343,0.00000,0.00218,0.01335
1403715386.162205219268799,0.00775,0.00018,0.00021,0.00345,0.00000,0.00212,0.01372
1403715386.212205410003662,0.00689,0.00017,0.00026,0.00329,0.00000,0.00206,0.01266
1403715386.262205123901367,0.00703,0.00020,0.00001,0.00347,0.00000,0.00192,0.01263
1403715386.312205553054810,0.00664,0.00018,0.00001,0.00334,0.00000,0.00211,0.01228
1403715386.362205028533936,0.00741,0.00018,0.00001,0.00347,0.00000,0.00207,0.01315
1403715386.412203073501587,0.00736,0.00017,0.00001,0.00309,0.00052,0.00229,0.01343
1403715386.462200880050659,0.00695,0.00017,0.00365,0.00299,0.00888,0.00212,0.02477
1403715386.512198448181152,0.00696,0.00019,0.00015,0.00416,0.00017,0.00191,0.01354
1403715386.562199831008911,0.00692,0.00018,0.00004,0.00407,0.00000,0.00218,0.01339
1403715386.612200260162354,0.00785,0.00020,0.00008,0.00406,0.00000,0.00191,0.01410
1403715386.662199735641479,0.00693,0.00018,0.00006,0.00417,0.00024,0.00227,0.01384
1403715386.712199687957764,0.00631,0.00021,0.00006,0.00410,0.00000,0.00194,0.01262
1403715386.762200832366943,0.00704,0.00016,0.00001,0.00406,0.00000,0.00202,0.01330
1403715386.812200784683228,0.00673,0.00017,0.00001,0.00374,0.00000,0.00205,0.01270
1403715386.862200260162354,0.00679,0.00018,0.00001,0.00398,0.00000,0.00219,0.01316
1403715386.912200927734375,0.00734,0.00019,0.00007,0.00376,0.00019,0.00214,0.01367
1403715386.962201595306396,0.00715,0.00018,0.00001,0.00400,0.00000,0.00214,0.01348
1403715387.012203216552734,0.00684,0.00017,0.00011,0.00379,0.00000,0.00211,0.01302
1403715387.062203884124756,0.00646,0.00017,0.00001,0.00392,0.00802,0.00203,0.02062
1403715387.112205028533936,0.00669,0.00018,0.00001,0.00489,0.00000,0.00201,0.01379
1403715387.162205457687378,0.00747,0.00017,0.00001,0.00503,0.00000,0.00220,0.01488
1403715387.212204933166504,0.00671,0.00018,0.00001,0.00495,0.00000,0.00241,0.01427
1403715387.262205123901367,0.00728,0.00018,0.00010,0.00457,0.00000,0.00193,0.01406
1403715387.312205553054810,0.00694,0.00017,0.00001,0.00474,0.00000,0.00203,0.01389
1403715387.362205028533936,0.00698,0.00020,0.00010,0.00443,0.00018,0.00194,0.01382
1403715387.412205457687378,0.00663,0.00019,0.00006,0.00437,0.00015,0.00207,0.01347
1403715387.462205410003662,0.00631,0.00027,0.00017,0.00426,0.00000,0.00211,0.01312
1403715387.512206792831421,0.00650,0.00018,0.00001,0.00400,0.00000,0.00204,0.01274
1403715387.562208175659180,0.00608,0.00018,0.00010,0.00405,0.00001,0.00203,0.01245
1403715387.612209558486938,0.00604,0.00018,0.00006,0.00385,0.00000,0.00193,0.01205
1403715387.662209510803223,0.00581,0.00019,0.00003,0.00397,0.00057,0.00183,0.01239
1403715387.712209224700928,0.00619,0.00018,0.00006,0.00368,0.00000,0.00189,0.01200
1403715387.762209415435791,0.00668,0.00016,0.00001,0.00374,0.00000,0.00201,0.01260
1403715387.812209129333496,0.00681,0.00018,0.00001,0.00378,0.00000,0.00208,0.01286
1403715387.862208127975464,0.00629,0.00018,0.00001,0.00376,0.00000,0.00187,0.01212
1403715387.912207603454590,0.00663,0.00017,0.00005,0.00327,0.00000,0.00201,0.01213
1403715387.962207794189453,0.00647,0.00017,0.00009,0.00325,0.00014,0.00197,0.01210
1403715388.012207746505737,0.00658,0.00017,0.00008,0.00322,0.00014,0.00201,0.01221
1403715388.062207937240601,0.00615,0.00019,0.00001,0.00340,0.00000,0.00209,0.01184
1403715388.112207889556885,0.00663,0.00016,0.00001,0.00298,0.00000,0.00202,0.01180
1403715388.162207841873169,0.00731,0.00018,0.00001,0.00287,0.00055,0.00206,0.01298
1403715388.212207794189453,0.00624,0.00017,0.00008,0.00310,0.00025,0.00204,0.01189
1403715388.262207984924316,0.00739,0.00025,0.00009,0.00346,0.00000,0.00198,0.01317
1403715388.312207937240601,0.00591,0.00015,0.00001,0.00291,0.00000,0.00183,0.01081
1403715388.362207651138306,0.00638,0.00017,0.00001,0.00327,0.00000,0.00207,0.01189
1403715388.412207603454590,0.00654,0.00016,0.00004,0.00283,0.00014,0.00198,0.01169
1403715388.462207555770874,0.00643,0.00016,0.00009,0.00251,0.00022,0.00215,0.01156
1403715388.512208223342896,0.00625,0.00017,0.00007,0.00243,0.00000,0.00203,0.01096
1403715388.562208890914917,0.00971,0.00019,0.00018,0.00227,0.00013,0.00211,0.01459
1403715388.612209320068359,0.00628,0.00016,0.00007,0.00200,0.00000,0.00197,0.01048
1403715388.662209272384644,0.00741,0.00014,0.00001,0.00214,0.00000,0.00201,0.01170
1403715388.712209463119507,0.00702,0.00013,0.00019,0.00207,0.00010,0.00204,0.01156
1403715388.762209653854370,0.00675,0.00015,0.00001,0.00210,0.00000,0.00226,0.01126
1403715388.812209606170654,0.00644,0.00014,0.00001,0.00202,0.00000,0.00180,0.01040
1403715388.862209558486938,0.00732,0.00017,0.00005,0.00213,0.00012,0.00210,0.01188
1403715388.912209272384644,0.00713,0.00016,0.00001,0.00201,0.00000,0.00208,0.01138
1403715388.962209224700928,0.00660,0.00016,0.00001,0.00218,0.00000,0.00209,0.01103
1403715389.012209653854370,0.00641,0.00015,0.00033,0.00222,0.00013,0.00202,0.01125
1403715389.062210083007812,0.00650,0.00015,0.00001,0.00205,0.00000,0.00222,0.01092
1403715389.112211227416992,0.00623,0.00015,0.00001,0.00215,0.01637,0.00179,0.02669
1403715389.162211418151855,0.00638,0.00019,0.00017,0.00434,0.00015,0.00194,0.01318
1403715389.212211847305298,0.00706,0.00019,0.00001,0.00470,0.00000,0.00218,0.01415
1403715389.262212038040161,0.00716,0.00019,0.00008,0.00404,0.00000,0.00216,0.01363
1403715389.312212467193604,0.00708,0.00019,0.00007,0.00348,0.00001,0.00190,0.01273
1403715389.362212419509888,0.00689,0.00020,0.00017,0.00373,0.00015,0.00187,0.01301
1403715389.412212371826172,0.00616,0.00018,0.00001,0.00378,0.00000,0.00193,0.01207
1403715389.462212085723877,0.00681,0.00017,0.00001,0.00381,0.00000,0.00218,0.01298
1403715389.512211799621582,0.00636,0.00017,0.00007,0.00384,0.00000,0.00206,0.01251
1403715389.562211751937866,0.00717,0.00019,0.00010,0.00344,0.00000,0.00198,0.01287
1403715389.612211942672729,0.00644,0.00016,0.00006,0.00358,0.00000,0.00261,0.01285
1403715389.662211179733276,0.00656,0.00018,0.00001,0.00307,0.00000,0.00200,0.01182
1403715389.712211370468140,0.00649,0.00016,0.00001,0.00311,0.00000,0.00204,0.01180
1403715389.762210607528687,0.00701,0.00017,0.00006,0.00353,0.00016,0.00195,0.01288
1403715389.812210083007812,0.00654,0.00017,0.00001,0.00322,0.00000,0.00201,0.01195
1403715389.862209796905518,0.00685,0.00017,0.00001,0.00347,0.00000,0.00206,0.01255
1403715389.912209510803223,0.00634,0.00018,0.00001,0.00333,0.00058,0.00222,0.01267
1403715389.962209701538086,0.00663,0.00017,0.00001,0.00334,0.00000,0.00197,0.01212
1403715390.012209653854370,0.00623,0.00016,0.00005,0.00334,0.00000,0.00191,0.01170
1403715390.062209844589233,0.00636,0.00017,0.00001,0.00332,0.00000,0.00205,0.01189
1403715390.112209320068359,0.00645,0.00018,0.00021,0.00376,0.00000,0.00191,0.01250
1403715390.162209033966064,0.00687,0.00017,0.00001,0.00323,0.00000,0.00191,0.01219
1403715390.212208509445190,0.00629,0.00017,0.00005,0.00302,0.00000,0.00193,0.01146
1403715390.262208461761475,0.00638,0.00017,0.00001,0.00292,0.00000,0.00226,0.01174
1403715390.312208414077759,0.00829,0.00016,0.00004,0.00261,0.00000,0.00208,0.01318
1403715390.362208366394043,0.00673,0.00015,0.00005,0.00264,0.00000,0.00207,0.01165
1403715390.412208557128906,0.00687,0.00023,0.00001,0.00274,0.00000,0.00191,0.01176
1403715390.462208509445190,0.00665,0.00015,0.00028,0.00269,0.00000,0.00208,0.01185
1403715390.512208700180054,0.00690,0.00015,0.00001,0.00274,0.00000,0.00212,0.01193
1403715390.562208652496338,0.00630,0.00015,0.00003,0.00239,0.00000,0.00196,0.01084
1403715390.612208366394043,0.00650,0.00015,0.00031,0.00206,0.00001,0.00173,0.01076
1403715390.662208080291748,0.00696,0.00023,0.00006,0.00405,0.00018,0.00263,0.01410
1403715390.712207317352295,0.00624,0.00015,0.00003,0.00233,0.00000,0.00186,0.01063
1403715390.762206792831421,0.00565,0.00014,0.00001,0.00251,0.00000,0.00227,0.01058
1403715390.812207221984863,0.00661,0.00015,0.00001,0.00239,0.00000,0.00202,0.01117
1403715390.862208604812622,0.00654,0.00015,0.00001,0.00239,0.00863,0.00199,0.01970
1403715390.912209272384644,0.00680,0.00016,0.00001,0.00327,0.00000,0.00207,0.01232
1403715390.962209939956665,0.00651,0.00017,0.00001,0.00338,0.00000,0.00212,0.01218
1403715391.012210130691528,0.00712,0.00017,0.00001,0.00309,0.00000,0.00202,0.01241
1403715391.062210083007812,0.00640,0.00016,0.00001,0.00322,0.00000,0.00210,0.01190
1403715391.112209796905518,0.00648,0.00016,0.00006,0.00307,0.00000,0.00179,0.01157
1403715391.162209510803223,0.00632,0.00016,0.00001,0.00314,0.00000,0.00209,0.01172
1403715391.212210178375244,0.00721,0.00016,0.00003,0.00301,0.00000,0.00211,0.01251
1403715391.262210369110107,0.00758,0.00016,0.00001,0.00305,0.00000,0.00184,0.01264
1403715391.312211036682129,0.00701,0.00016,0.00001,0.00312,0.00000,0.00224,0.01254
1403715391.362211227416992,0.00692,0.00018,0.00001,0.00300,0.00000,0.00192,0.01204
1403715391.412211656570435,0.00644,0.00016,0.00016,0.00268,0.00000,0.00203,0.01147
1403715391.462211132049561,0.00638,0.00016,0.00001,0.00264,0.00087,0.00193,0.01199
1403715391.512211322784424,0.00626,0.00016,0.00008,0.00268,0.00013,0.00203,0.01133
1403715391.562211036682129,0.00683,0.00016,0.00001,0.00299,0.00000,0.00197,0.01196
1403715391.612210035324097,0.00691,0.00017,0.00004,0.00260,0.00000,0.00187,0.01159
1403715391.662209510803223,0.00613,0.00015,0.00003,0.00264,0.00000,0.00214,0.01108
1403715391.712208747863770,0.00694,0.00017,0.00001,0.00299,0.00000,0.00219,0.01230
1403715391.762207984924316,0.00588,0.00015,0.00001,0.00256,0.00000,0.00183,0.01044
1403715391.812207937240601,0.00628,0.00014,0.00002,0.00250,0.00000,0.00179,0.01074
1403715391.862207412719727,0.00585,0.00015,0.00002,0.00248,0.00000,0.00178,0.01029
1403715391.912208080291748,0.00604,0.00015,0.00004,0.00213,0.00000,0.00192,0.01028
1403715391.962208509445190,0.00604,0.00014,0.00001,0.00215,0.00000,0.00220,0.01054
1403715392.012208461761475,0.00715,0.00026,0.00008,0.00249,0.00001,0.00163,0.01162
1403715392.062208414077759,0.00642,0.00014,0.00001,0.00226,0.00087,0.00197,0.01167
1403715392.112207174301147,0.00571,0.00015,0.00002,0.00342,0.00065,0.00240,0.01235
1403715392.162207365036011,0.00670,0.00015,0.00001,0.00229,0.00000,0.00182,0.01097
1403715392.212206840515137,0.00531,0.00014,0.00001,0.00221,0.00000,0.00212,0.00980
1403715392.262206077575684,0.00619,0.00021,0.00001,0.00213,0.00000,0.00181,0.01034
1403715392.312206029891968,0.00851,0.00016,0.00001,0.00189,0.00000,0.00212,0.01267
1403715392.362205982208252,0.00825,0.00014,0.00016,0.00170,0.00011,0.00206,0.01241
1403715392.412205696105957,0.00718,0.00015,0.00016,0.00183,0.00000,0.00226,0.01159
1403715392.462204933166504,0.00662,0.00014,0.00016,0.00173,0.00000,0.00174,0.01040
1403715392.512205362319946,0.00644,0.00013,0.00029,0.00147,0.00000,0.00209,0.01043
1403715392.562205314636230,0.00591,0.00013,0.00003,0.00049,0.00000,0.00178,0.00834
1403715392.662204027175903,0.00675,0.00023,0.00007,0.00114,0.00000,0.00227,0.01047
1403715392.712203264236450,0.00561,0.00016,0.00016,0.00103,0.00065,0.00192,0.00953
1403715392.762202501296997,0.00561,0.00014,0.00003,0.00100,0.00011,0.00177,0.00865
1403715392.812202930450439,0.00538,0.00013,0.00013,0.00100,0.00000,0.00188,0.00853
1403715392.862203359603882,0.00553,0.00013,0.00014,0.00101,0.00010,0.00170,0.00862
1403715392.912204265594482,0.00592,0.00014,0.00001,0.00114,0.00045,0.00207,0.00973
1403715392.962207078933716,0.00538,0.00014,0.00002,0.00110,0.00436,0.00179,0.01280
1403715393.012205839157104,0.00693,0.00014,0.00003,0.00168,0.00042,0.00181,0.01100
1403715393.062205076217651,0.00554,0.00014,0.00010,0.00165,0.00000,0.00190,0.00933
1403715393.112202644348145,0.00586,0.00015,0.00001,0.00177,0.00000,0.00240,0.01018
1403715393.162200927734375,0.00616,0.00015,0.00001,0.00175,0.00000,0.00230,0.01038
1403715393.212200164794922,0.00650,0.00014,0.00004,0.00143,0.00000,0.00177,0.00989
1403715393.262199401855469,0.00575,0.00015,0.00033,0.00144,0.00011,0.00246,0.01024
1403715393.312199354171753,0.00736,0.00014,0.00002,0.00162,0.00120,0.00195,0.01230
1403715393.362199068069458,0.00522,0.00014,0.00027,0.00164,0.00000,0.00183,0.00909
1403715393.412198781967163,0.00551,0.00014,0.00001,0.00170,0.00000,0.00188,0.00924
1403715393.462198734283447,0.00544,0.00014,0.00052,0.00167,0.00000,0.00187,0.00965
1403715393.512198686599731,0.00536,0.00014,0.00031,0.00167,0.00000,0.00200,0.00948
1403715393.562198400497437,0.00771,0.00016,0.00001,0.00163,0.00668,0.00217,0.01836
1403715393.612198591232300,0.00617,0.00016,0.00006,0.00245,0.00000,0.00202,0.01086
1403715393.662198305130005,0.00663,0.00016,0.00010,0.00199,0.00001,0.00206,0.01094
1403715393.712198257446289,0.00605,0.00017,0.00008,0.00177,0.00000,0.00180,0.00987
1403715393.762198209762573,0.00928,0.00019,0.00004,0.00166,0.00000,0.00202,0.01320
1403715393.812198638916016,0.00578,0.00014,0.00010,0.00138,0.00000,0.00176,0.00917
1403715393.862198829650879,0.00559,0.00013,0.00007,0.00124,0.00000,0.00201,0.00904
1403715393.912198781967163,0.00742,0.00015,0.00015,0.00130,0.00064,0.00193,0.01159
1403715393.962198972702026,0.00647,0.00014,0.00005,0.00118,0.00000,0.00220,0.01005
1403715394.012199163436890,0.00720,0.00015,0.00003,0.00107,0.00000,0.00217,0.01062
1403715394.062199354171753,0.00686,0.00014,0.00003,0.00097,0.00000,0.00212,0.01013
1403715394.112199544906616,0.00642,0.00014,0.00001,0.00096,0.00229,0.00195,0.01176
1403715394.162199497222900,0.00624,0.00016,0.00001,0.00144,0.00030,0.00209,0.01024
1403715394.212199687957764,0.00679,0.00015,0.00017,0.00134,0.00000,0.00210,0.01055
1403715394.262199640274048,0.00706,0.00016,0.00004,0.00145,0.00000,0.00269,0.01140
1403715394.312201023101807,0.00758,0.00015,0.00039,0.00114,0.00623,0.00220,0.01769
1403715394.362201452255249,0.00862,0.00019,0.00003,0.00188,0.00000,0.00221,0.01293
1403715394.412202358245850,0.00763,0.00015,0.00002,0.00169,0.00000,0.00206,0.01155
1403715394.462202072143555,0.00704,0.00015,0.00004,0.00181,0.00001,0.00207,0.01113
1403715394.512201786041260,0.00674,0.00014,0.00028,0.00163,0.00109,0.00201,0.01188
1403715394.562201738357544,0.00649,0.00014,0.00004,0.00173,0.00000,0.00203,0.01043
1403715394.612200736999512,0.00627,0.00017,0.00001,0.00178,0.00000,0.00211,0.01033
1403715394.662199735641479,0.00664,0.00015,0.00010,0.00155,0.00000,0.00217,0.01060
1403715394.712198257446289,0.00584,0.00014,0.00007,0.00157,0.00005,0.00189,0.00955
1403715394.762196540832520,0.00560,0.00015,0.00005,0.00145,0.00017,0.00202,0.00943
1403715394.812195777893066,0.00683,0.00016,0.00001,0.00142,0.00000,0.00224,0.01067
1403715394.862195253372192,0.00775,0.00015,0.00007,0.00112,0.00001,0.00209,0.01119
1403715394.912194490432739,0.00640,0.00014,0.00001,0.00110,0.00563,0.00220,0.01547
1403715394.962194681167603,0.00723,0.00016,0.00005,0.00191,0.00000,0.00261,0.01196
1403715395.012195587158203,0.00729,0.00016,0.00001,0.00191,0.00000,0.00206,0.01142
1403715395.062196016311646,0.00688,0.00019,0.00009,0.00193,0.00002,0.00207,0.01117
1403715395.112195968627930,0.00683,0.00014,0.00001,0.00204,0.00019,0.00201,0.01121
1403715395.162195682525635,0.00665,0.00014,0.00001,0.00189,0.00000,0.00250,0.01118
1403715395.212195634841919,0.00755,0.00016,0.00001,0.00191,0.00000,0.00221,0.01184
1403715395.262195110321045,0.00723,0.00028,0.00001,0.00334,0.00000,0.00279,0.01365
1403715395.312195062637329,0.00685,0.00024,0.00007,0.00229,0.00011,0.00218,0.01174
1403715395.362195014953613,0.00643,0.00015,0.00001,0.00197,0.00000,0.00204,0.01059
1403715395.412194490432739,0.00618,0.00014,0.00001,0.00209,0.00000,0.00201,0.01042
1403715395.462194919586182,0.00602,0.00014,0.00001,0.00177,0.00003,0.00208,0.01006
1403715395.512194395065308,0.00625,0.00014,0.00002,0.00176,0.00151,0.00192,0.01161
1403715395.562194108963013,0.00622,0.00014,0.00001,0.00182,0.00000,0.00186,0.01005
1403715395.612192869186401,0.01036,0.00017,0.00004,0.00152,0.00000,0.00215,0.01425
1403715395.662191867828369,0.00764,0.00014,0.00003,0.00118,0.00004,0.00201,0.01104
1403715395.712191104888916,0.00756,0.00014,0.00006,0.00116,0.00000,0.00214,0.01106
1403715395.762190580368042,0.00650,0.00014,0.00026,0.00098,0.00011,0.00217,0.01015
1403715395.812190294265747,0.00742,0.00013,0.00006,0.00074,0.00000,0.00190,0.01026
1403715395.862191200256348,0.00683,0.00013,0.00004,0.00057,0.00000,0.00204,0.00962
1403715395.912191629409790,0.00638,0.00014,0.00000,0.00061,0.00000,0.00201,0.00914
1403715395.962191581726074,0.00718,0.00013,0.00001,0.00057,0.00000,0.00193,0.00981
1403715396.012192010879517,0.00703,0.00014,0.00001,0.00060,0.00000,0.00212,0.00990
1403715396.062192916870117,0.00685,0.00013,0.00001,0.00060,0.00000,0.00217,0.00975
1403715396.112192153930664,0.00781,0.00015,0.00063,0.00059,0.00418,0.00216,0.01551
1403715396.162192821502686,0.00752,0.00013,0.00001,0.00114,0.01257,0.00209,0.02345
1403715396.212192535400391,0.00719,0.00016,0.00001,0.00305,0.00000,0.00209,0.01250
1403715396.262192487716675,0.00697,0.00021,0.00005,0.00278,0.00000,0.00202,0.01204
1403715396.312192678451538,0.00658,0.00016,0.00005,0.00288,0.00001,0.00196,0.01164
1403715396.362192392349243,0.00737,0.00016,0.00004,0.00290,0.00000,0.00264,0.01310
1403715396.412193059921265,0.00764,0.00017,0.00001,0.00267,0.00000,0.00194,0.01243
1403715396.462193489074707,0.00738,0.00014,0.00001,0.00268,0.00000,0.00212,0.01232
1403715396.512194156646729,0.00636,0.00015,0.00001,0.00275,0.00000,0.00214,0.01140
1403715396.562195062637329,0.00749,0.00014,0.00001,0.00242,0.00000,0.00196,0.01203
1403715396.612194538116455,0.00648,0.00014,0.00001,0.00244,0.00000,0.00222,0.01129
1403715396.662194252014160,0.00655,0.00016,0.00003,0.00250,0.00000,0.00209,0.01134
1403715396.712193489074707,0.00742,0.00015,0.00005,0.00245,0.00001,0.00215,0.01223
1403715396.762192964553833,0.00778,0.00038,0.00003,0.00415,0.00248,0.00197,0.01679
1403715396.812192678451538,0.00690,0.00018,0.00005,0.00280,0.00000,0.00199,0.01192
1403715396.862192153930664,0.00606,0.00015,0.00001,0.00249,0.00000,0.00235,0.01106
1403715396.912191629409790,0.00639,0.00015,0.00001,0.00243,0.00000,0.00212,0.01110
1403715396.962192058563232,0.00569,0.00015,0.00007,0.00257,0.00018,0.00258,0.01124
1403715397.012192726135254,0.00705,0.00015,0.00004,0.00247,0.00000,0.00195,0.01166
1403715397.112193584442139,0.00597,0.00022,0.00001,0.00235,0.00000,0.00247,0.01102
1403715397.162194013595581,0.00732,0.00016,0.00005,0.00241,0.00000,0.00205,0.01200
1403715397.212193965911865,0.00772,0.00019,0.00006,0.00240,0.00003,0.00205,0.01245
1403715397.262194156646729,0.00660,0.00016,0.00004,0.00221,0.00000,0.00207,0.01107
1403715397.312193632125854,0.00638,0.00015,0.00001,0.00230,0.00000,0.00259,0.01143
1403715397.362193346023560,0.00688,0.00017,0.00001,0.00227,0.00000,0.00206,0.01140
1403715397.412193298339844,0.00632,0.00014,0.00001,0.00214,0.00104,0.00242,0.01207
1403715397.462193250656128,0.00646,0.00015,0.00001,0.00240,0.00000,0.00204,0.01106
1403715397.512193679809570,0.00655,0.00015,0.00004,0.00224,0.00002,0.00203,0.01103
1403715397.562193155288696,0.00630,0.00017,0.00001,0.00236,0.00000,0.00215,0.01099
1403715397.612192630767822,0.00731,0.00016,0.00003,0.00243,0.00000,0.00202,0.01195
1403715397.662192106246948,0.00623,0.00015,0.00002,0.00227,0.00000,0.00190,0.01058
1403715397.712191104888916,0.00591,0.00014,0.00005,0.00217,0.00000,0.00192,0.01019
1403715397.762190580368042,0.00614,0.00014,0.00002,0.00202,0.00000,0.00205,0.01037
1403715397.812191486358643,0.00636,0.00014,0.00001,0.00217,0.00003,0.00187,0.01057
1403715397.862191677093506,0.00648,0.00014,0.00001,0.00214,0.00000,0.00207,0.01083
1403715397.912191867828369,0.00610,0.00015,0.00000,0.00209,0.00000,0.00192,0.01025
1403715397.962192296981812,0.00669,0.00015,0.00001,0.00207,0.00000,0.00203,0.01095
1403715398.012193441390991,0.00711,0.00034,0.00002,0.00382,0.00509,0.00195,0.01833
1403715398.062194585800171,0.00569,0.00015,0.00001,0.00289,0.00000,0.00219,0.01093
1403715398.112195014953613,0.00595,0.00016,0.00001,0.00233,0.00087,0.00177,0.01109
1403715398.162195920944214,0.00507,0.00018,0.00002,0.00243,0.00002,0.00205,0.00978
1403715398.212199449539185,0.00618,0.00025,0.00006,0.00319,0.00004,0.00179,0.01151
1403715398.262201786041260,0.00510,0.00015,0.00001,0.00257,0.00000,0.00201,0.00984
1403715398.312203884124756,0.00581,0.00018,0.00001,0.00297,0.00000,0.00266,0.01163
1403715398.362205505371094,0.00688,0.00015,0.00001,0.00267,0.00000,0.00198,0.01169
1403715398.412205934524536,0.00631,0.00017,0.00001,0.00252,0.00004,0.00225,0.01130
1403715398.462205648422241,0.00627,0.00016,0.00001,0.00240,0.00000,0.00201,0.01085
1403715398.512205600738525,0.00629,0.00014,0.00004,0.00238,0.00013,0.00190,0.01088
1403715398.562204837799072,0.00635,0.00014,0.00001,0.00275,0.00000,0.00210,0.01134
1403715398.612204074859619,0.00615,0.00014,0.00001,0.00248,0.00000,0.00199,0.01077
1403715398.662203788757324,0.00648,0.00015,0.00001,0.00264,0.00000,0.00208,0.01136
1403715398.712203741073608,0.00592,0.00014,0.00001,0.00247,0.00000,0.00181,0.01036
1403715398.762202739715576,0.00630,0.00015,0.00001,0.00250,0.00099,0.00189,0.01183
1403715398.812203168869019,0.00849,0.00017,0.00007,0.00250,0.00019,0.00182,0.01323
1403715398.862202882766724,0.00704,0.00014,0.00007,0.00260,0.00012,0.00187,0.01183
1403715398.912202358245850,0.00644,0.00015,0.00003,0.00271,0.00000,0.00191,0.01125
1403715398.962201118469238,0.00690,0.00017,0.00017,0.00261,0.00000,0.00210,0.01195
1403715399.012200117111206,0.00713,0.00015,0.00001,0.00269,0.00000,0.00252,0.01251
1403715399.062199354171753,0.00681,0.00015,0.00001,0.00269,0.00000,0.00215,0.01181
1403715399.112198591232300,0.00681,0.00016,0.00001,0.00252,0.00000,0.00199,0.01150
1403715399.162198781967163,0.00653,0.00014,0.00001,0.00276,0.00000,0.00218,0.01162
1403715399.212198495864868,0.00604,0.00017,0.00001,0.00286,0.00000,0.00214,0.01122
1403715399.262199163436890,0.00692,0.00016,0.00001,0.00255,0.00000,0.00202,0.01166
1403715399.312199831008911,0.00649,0.00014,0.00001,0.00268,0.00000,0.00208,0.01140
1403715399.362200736999512,0.00668,0.00015,0.00001,0.00266,0.00705,0.00198,0.01854
1403715399.412200689315796,0.00693,0.00022,0.00001,0.00351,0.00020,0.00189,0.01277
1403715399.462201356887817,0.00641,0.00015,0.00001,0.00334,0.00000,0.00189,0.01180
1403715399.512201547622681,0.00733,0.00016,0.00001,0.00354,0.00000,0.00243,0.01346
1403715399.562201261520386,0.00698,0.00017,0.00001,0.00362,0.00000,0.00207,0.01284
1403715399.612200260162354,0.00715,0.00017,0.00001,0.00295,0.00000,0.00188,0.01216
1403715399.662199258804321,0.00657,0.00016,0.00004,0.00310,0.00000,0.00199,0.01185
1403715399.712198972702026,0.00707,0.00016,0.00007,0.00302,0.00014,0.00193,0.01239
1403715399.762199640274048,0.00677,0.00016,0.00004,0.00330,0.00000,0.00200,0.01228
1403715399.812199354171753,0.00628,0.00016,0.00001,0.00319,0.00000,0.00185,0.01149
1403715399.862199306488037,0.00676,0.00016,0.00047,0.00316,0.00000,0.00195,0.01250
1403715399.912199497222900,0.00683,0.00017,0.00001,0.00303,0.00000,0.00191,0.01194
1403715399.962198734283447,0.00632,0.00016,0.00005,0.00329,0.00228,0.00205,0.01415
1403715400.012197256088257,0.00683,0.00016,0.00001,0.00348,0.00022,0.00204,0.01275
1403715400.062196969985962,0.00638,0.00017,0.00001,0.00347,0.00000,0.00201,0.01204
1403715400.112196207046509,0.00618,0.00018,0.00001,0.00340,0.00000,0.00192,0.01170
1403715400.162195205688477,0.00639,0.00016,0.00001,0.00346,0.00000,0.00188,0.01190
1403715400.212194681167603,0.00676,0.00017,0.00001,0.00365,0.00000,0.00214,0.01272
1403715400.262193918228149,0.00635,0.00018,0.00001,0.00344,0.00000,0.00198,0.01196
1403715400.312194347381592,0.00685,0.00017,0.00001,0.00365,0.00106,0.00201,0.01374
1403715400.362193822860718,0.00660,0.00016,0.00001,0.00303,0.00000,0.00191,0.01171
1403715400.412191629409790,0.00691,0.00017,0.00001,0.00368,0.00000,0.00212,0.01288
1403715400.462189435958862,0.00663,0.00017,0.00011,0.00302,0.00015,0.00201,0.01210
1403715400.512185811996460,0.00632,0.00016,0.00008,0.00287,0.00022,0.00211,0.01177
1403715400.562183618545532,0.00645,0.00016,0.00003,0.00284,0.00105,0.00199,0.01253
1403715400.612181901931763,0.00641,0.00017,0.00007,0.00252,0.00022,0.00242,0.01180
1403715400.662180423736572,0.00735,0.00016,0.00005,0.00237,0.00000,0.00202,0.01196
1403715400.712178945541382,0.00641,0.00016,0.00004,0.00242,0.00002,0.00200,0.01106
1403715400.762178421020508,0.00632,0.00014,0.00001,0.00243,0.00000,0.00207,0.01096
1403715400.812179088592529,0.00614,0.00015,0.00001,0.00233,0.00000,0.00166,0.01030
1403715400.862178325653076,0.00842,0.00016,0.00004,0.00231,0.00000,0.00200,0.01292
1403715400.912176847457886,0.01084,0.00016,0.00006,0.00219,0.00000,0.00202,0.01527
1403715400.962176561355591,0.00788,0.00016,0.00017,0.00244,0.00000,0.00210,0.01275
1403715401.012175559997559,0.00750,0.00015,0.00001,0.00228,0.00000,0.00220,0.01214
1403715401.062175273895264,0.00860,0.00016,0.00004,0.00234,0.00019,0.00212,0.01344
1403715401.112174987792969,0.00723,0.00015,0.00004,0.00210,0.00001,0.00240,0.01192
1403715401.162175178527832,0.00847,0.00014,0.00019,0.00221,0.00000,0.00210,0.01311
1403715401.212174654006958,0.00768,0.00015,0.00003,0.00201,0.00029,0.00206,0.01221
1403715401.262174606323242,0.00844,0.00014,0.00001,0.00215,0.00000,0.00210,0.01285
1403715401.312174081802368,0.00718,0.00016,0.00005,0.00217,0.00013,0.00204,0.01173
1403715401.362172365188599,0.00800,0.00014,0.00031,0.00216,0.00000,0.00212,0.01273
1403715401.412170410156250,0.00693,0.00014,0.00002,0.00213,0.00575,0.00215,0.01713
1403715401.462167024612427,0.00809,0.00018,0.00710,0.00275,0.00855,0.00223,0.02890
1403715401.512167215347290,0.00721,0.00018,0.00008,0.00413,0.00000,0.00227,0.01387
1403715401.562167406082153,0.00718,0.00020,0.00004,0.00389,0.00000,0.00191,0.01322
1403715401.612168312072754,0.00706,0.00018,0.00010,0.00370,0.00000,0.00202,0.01305
1403715401.662168979644775,0.00737,0.00018,0.00028,0.00363,0.00017,0.00207,0.01370
1403715401.712168455123901,0.00670,0.00017,0.00011,0.00320,0.00055,0.00207,0.01280
1403715401.762167692184448,0.00742,0.00019,0.00038,0.00330,0.00018,0.00209,0.01356
1403715401.812169313430786,0.00658,0.00017,0.00001,0.00302,0.00019,0.00204,0.01201
1403715401.862171888351440,0.00710,0.00019,0.00052,0.00309,0.00001,0.00181,0.01272
1403715401.912175178527832,0.00697,0.00016,0.00062,0.00308,0.00001,0.00186,0.01270
1403715401.962176322937012,0.00780,0.00016,0.00058,0.00292,0.00000,0.00207,0.01353
1403715402.012176513671875,0.00652,0.00017,0.00008,0.00259,0.00000,0.00197,0.01133
1403715402.062175750732422,0.00742,0.00018,0.00001,0.00269,0.00600,0.00218,0.01848
1403715402.112174987792969,0.00637,0.00017,0.00005,0.00322,0.00034,0.00192,0.01207
1403715402.162174463272095,0.00760,0.00020,0.00012,0.00278,0.00000,0.00183,0.01254
1403715402.212173223495483,0.00638,0.00018,0.00013,0.00241,0.00002,0.00186,0.01099
1403715402.262171268463135,0.00685,0.00017,0.00031,0.00211,0.00093,0.00207,0.01244
1403715402.312168121337891,0.00602,0.00016,0.00005,0.00212,0.00016,0.00203,0.01053
1403715402.362167358398438,0.00666,0.00017,0.00009,0.00190,0.00023,0.00188,0.01093
1403715402.412166833877563,0.00675,0.00016,0.00032,0.00223,0.00039,0.00195,0.01181
1403715402.462168216705322,0.00897,0.00016,0.00005,0.00226,0.00048,0.00198,0.01391
1403715402.512170553207397,0.00784,0.00017,0.00049,0.00219,0.00000,0.00225,0.01295
1403715402.562170743942261,0.00799,0.00016,0.00006,0.00195,0.00018,0.00194,0.01229
1403715402.612171888351440,0.00703,0.00016,0.00009,0.00207,0.00001,0.00216,0.01151
1403715402.662172079086304,0.00679,0.00015,0.00004,0.00209,0.00005,0.00193,0.01106
1403715402.712169408798218,0.00673,0.00014,0.00003,0.00183,0.00001,0.00197,0.01071
1403715402.762167453765869,0.00678,0.00016,0.00030,0.00168,0.00000,0.00224,0.01116
1403715402.812166213989258,0.00770,0.00016,0.00004,0.00164,0.00014,0.00213,0.01181
1403715402.862165689468384,0.00697,0.00015,0.00002,0.00165,0.00011,0.00203,0.01093
1403715402.912165403366089,0.00762,0.00014,0.00002,0.00147,0.00000,0.00211,0.01136
1403715402.962165594100952,0.00860,0.00021,0.00001,0.00148,0.00000,0.00227,0.01256
1403715403.012165784835815,0.00703,0.00015,0.00252,0.00137,0.02004,0.00241,0.03351
1403715403.062165498733521,0.00654,0.00019,0.00008,0.00393,0.00011,0.00199,0.01284
1403715403.112165212631226,0.00665,0.00018,0.00006,0.00381,0.00000,0.00221,0.01291
1403715403.162164449691772,0.00656,0.00020,0.00008,0.00375,0.00060,0.00221,0.01341
1403715403.212160587310791,0.00694,0.00018,0.00001,0.00334,0.00055,0.00199,0.01302
1403715403.262157201766968,0.00625,0.00018,0.00006,0.00341,0.00018,0.00202,0.01210
1403715403.312154054641724,0.00693,0.00017,0.00026,0.00327,0.00029,0.00205,0.01297
1403715403.362151861190796,0.00618,0.00019,0.00005,0.00382,0.00004,0.00215,0.01244
1403715403.412150382995605,0.00692,0.00017,0.00001,0.00390,0.00057,0.00201,0.01358
1403715403.462149381637573,0.00702,0.00018,0.00001,0.00394,0.00000,0.00244,0.01359
1403715403.512149333953857,0.00690,0.00018,0.00009,0.00374,0.00000,0.00193,0.01285
1403715403.562150239944458,0.00636,0.00016,0.00001,0.00383,0.00000,0.00234,0.01269
1403715403.612151145935059,0.00670,0.00018,0.00001,0.00374,0.00291,0.00207,0.01561
1403715403.662151575088501,0.00706,0.00017,0.00041,0.00375,0.00055,0.00195,0.01388
1403715403.712151527404785,0.00705,0.00017,0.00005,0.00343,0.00000,0.00200,0.01271
1403715403.762151479721069,0.00639,0.00017,0.00008,0.00331,0.00016,0.00201,0.01213
1403715403.812150955200195,0.00723,0.00019,0.00014,0.00315,0.00027,0.00192,0.01289
1403715403.862150430679321,0.00602,0.00017,0.00006,0.00305,0.00016,0.00186,0.01132
1403715403.962149381637573,0.00701,0.00022,0.00013,0.00259,0.00001,0.00202,0.01198
1403715404.012148618698120,0.00643,0.00016,0.00005,0.00279,0.00018,0.00197,0.01158
1403715404.062147855758667,0.00671,0.00016,0.00008,0.00261,0.00001,0.00212,0.01169
1403715404.112147092819214,0.00594,0.00016,0.00016,0.00239,0.00000,0.00194,0.01059
1403715404.162146568298340,0.00854,0.00015,0.00007,0.00211,0.00000,0.00202,0.01289
1403715404.212146282196045,0.00804,0.00019,0.00011,0.00225,0.00000,0.00222,0.01282
1403715404.262145996093750,0.00640,0.00015,0.00009,0.00216,0.00062,0.00209,0.01151
1403715404.312146663665771,0.00659,0.00015,0.00003,0.00220,0.00000,0.00215,0.01112
1403715404.362147569656372,0.00657,0.00016,0.00022,0.00217,0.00000,0.00214,0.01126
1403715404.412147998809814,0.00628,0.00015,0.00029,0.00215,0.00000,0.00203,0.01091
1403715404.462149143218994,0.00713,0.00016,0.00039,0.00219,0.00000,0.00227,0.01214
1403715404.512150049209595,0.00690,0.00016,0.00036,0.00193,0.00048,0.00213,0.01196
1403715404.562151193618774,0.00637,0.00015,0.00043,0.00188,0.00001,0.00198,0.01083
1403715404.612153053283691,0.00703,0.00018,0.00030,0.00197,0.00058,0.00213,0.01219
1403715404.662154197692871,0.00751,0.00015,0.00002,0.00199,0.00000,0.00199,0.01167
1403715404.712154388427734,0.00641,0.00014,0.00072,0.00214,0.01407,0.00255,0.02604
1403715404.762154579162598,0.00593,0.00017,0.00001,0.00313,0.00000,0.00208,0.01132
1403715404.812155485153198,0.00704,0.00016,0.00007,0.00294,0.00015,0.00208,0.01244
1403715404.862155675888062,0.00678,0.00019,0.00023,0.00319,0.00021,0.00188,0.01247
1403715404.912155389785767,0.00574,0.00017,0.00001,0.00321,0.00000,0.00208,0.01121
1403715404.962155342102051,0.00568,0.00016,0.00007,0.00286,0.00001,0.00178,0.01056
1403715405.012156486511230,0.00708,0.00017,0.00001,0.00306,0.00000,0.00197,0.01229
1403715405.062157392501831,0.00629,0.00018,0.00005,0.00292,0.00001,0.00230,0.01175
1403715405.112159013748169,0.00694,0.00017,0.00006,0.00293,0.00002,0.00195,0.01207
1403715405.162160396575928,0.00673,0.00016,0.00001,0.00279,0.00021,0.00205,0.01195
1403715405.212161779403687,0.00611,0.00016,0.00032,0.00400,0.00000,0.00210,0.01269
1403715405.262163162231445,0.00590,0.00016,0.00004,0.00253,0.00000,0.00208,0.01071
1403715405.312164783477783,0.00693,0.00029,0.00012,0.00453,0.00041,0.00221,0.01448
1403715405.362165451049805,0.00523,0.00016,0.00001,0.00253,0.00000,0.00174,0.00967
1403715405.412165403366089,0.00633,0.00015,0.00003,0.00247,0.00000,0.00200,0.01099
1403715405.462165832519531,0.00905,0.00018,0.00005,0.00221,0.00028,0.00201,0.01377
1403715405.512166261672974,0.00665,0.00014,0.00003,0.00214,0.00000,0.00220,0.01116
1403715405.562166690826416,0.00635,0.00015,0.00001,0.00227,0.00052,0.00219,0.01149
1403715405.612166166305542,0.00678,0.00014,0.00003,0.00217,0.00000,0.00215,0.01126
1403715405.662166118621826,0.00701,0.00015,0.00003,0.00193,0.00010,0.00192,0.01115
1403715405.712165832519531,0.00730,0.00015,0.00001,0.00199,0.00020,0.00226,0.01191
1403715405.762165546417236,0.00677,0.00015,0.00003,0.00199,0.00019,0.00204,0.01118
1403715405.812165498733521,0.00654,0.00014,0.00004,0.00172,0.00000,0.00205,0.01050
1403715405.862165927886963,0.00703,0.00014,0.00005,0.00164,0.00000,0.00207,0.01093
1403715405.912168979644775,0.00659,0.00015,0.00047,0.00133,0.00057,0.00212,0.01123
1403715405.962173223495483,0.00732,0.00017,0.00040,0.00140,0.00000,0.00215,0.01145
1403715406.012175083160400,0.00859,0.00013,0.00043,0.00102,0.00756,0.00206,0.01978
1403715406.062175989151001,0.00767,0.00016,0.00003,0.00206,0.00000,0.00213,0.01205
1403715406.112175941467285,0.00690,0.00016,0.00002,0.00179,0.00000,0.00229,0.01116
1403715406.162175655364990,0.00729,0.00014,0.00002,0.00170,0.00000,0.00208,0.01124
1403715406.212175846099854,0.00669,0.00015,0.00009,0.00144,0.00000,0.00223,0.01060
1403715406.262176036834717,0.00660,0.00014,0.00003,0.00149,0.00011,0.00201,0.01039
1403715406.312176704406738,0.00665,0.00014,0.00001,0.00150,0.00000,0.00213,0.01044
1403715406.362177848815918,0.00698,0.00014,0.00003,0.00132,0.00043,0.00214,0.01104
1403715406.462178707122803,0.00711,0.00020,0.00013,0.00099,0.00000,0.00187,0.01030
1403715406.512179851531982,0.00618,0.00017,0.00087,0.00091,0.00000,0.00196,0.01009
1403715406.562179803848267,0.00640,0.00015,0.00005,0.00086,0.00032,0.00204,0.00981
1403715406.612179994583130,0.00902,0.00015,0.00004,0.00095,0.00781,0.00210,0.02006
1403715406.662179470062256,0.00704,0.00016,0.00014,0.00194,0.00151,0.00211,0.01290
1403715406.712178707122803,0.00682,0.00015,0.00006,0.00190,0.00000,0.00209,0.01102
1403715406.762178421020508,0.00657,0.00015,0.00007,0.00198,0.00001,0.00198,0.01076
1403715406.812178373336792,0.00692,0.00015,0.00007,0.00189,0.00000,0.00186,0.01089
1403715406.862178087234497,0.00615,0.00014,0.00009,0.00175,0.00000,0.00205,0.01019
1403715406.912178039550781,0.00580,0.00014,0.00012,0.00182,0.00010,0.00198,0.00996
1403715406.962177991867065,0.00645,0.00017,0.00004,0.00189,0.00000,0.00215,0.01069
1403715407.012178897857666,0.00543,0.00015,0.00007,0.00158,0.00000,0.00221,0.00943
1403715407.062178611755371,0.00576,0.00014,0.00001,0.00143,0.00000,0.00193,0.00927
1403715407.112179040908813,0.00680,0.00014,0.00003,0.00148,0.00000,0.00202,0.01048
1403715407.162180900573730,0.00872,0.00014,0.00004,0.00141,0.00644,0.00224,0.01899
1403715407.212182521820068,0.00759,0.00014,0.00002,0.00207,0.00098,0.00201,0.01281
1403715407.262184858322144,0.00704,0.00015,0.00013,0.00179,0.00087,0.00200,0.01197
1403715407.312187194824219,0.00656,0.00015,0.00003,0.00183,0.00000,0.00222,0.01078
1403715407.362188816070557,0.00934,0.00016,0.00018,0.00171,0.00015,0.00205,0.01359
1403715407.412189483642578,0.00680,0.00014,0.00022,0.00155,0.00002,0.00208,0.01081
1403715407.462188959121704,0.00702,0.00015,0.00041,0.00151,0.00000,0.00204,0.01113
1403715407.512189149856567,0.00680,0.00014,0.00024,0.00153,0.00045,0.00214,0.01130
1403715407.562189340591431,0.00680,0.00015,0.00024,0.00147,0.00000,0.00185,0.01051
1403715407.612189292907715,0.00661,0.00014,0.00095,0.00128,0.00000,0.00204,0.01103
1403715407.662190437316895,0.00773,0.00013,0.00075,0.00099,0.00000,0.00209,0.01170
1403715407.712191581726074,0.00753,0.00014,0.00235,0.00070,0.00241,0.00220,0.01531
1403715407.762192010879517,0.00931,0.00015,0.00078,0.00054,0.00034,0.00184,0.01296
1403715407.812192916870117,0.00915,0.00018,0.00065,0.00054,0.00011,0.00215,0.01277
1403715407.862190246582031,0.00972,0.00015,0.00104,0.00040,0.00012,0.00212,0.01354
1403715407.912189483642578,0.00856,0.00016,0.00025,0.00040,0.00182,0.00195,0.01313
1403715407.962188959121704,0.00864,0.00018,0.00011,0.00047,0.00003,0.00201,0.01144
1403715408.012192249298096,0.00953,0.00014,0.00029,0.00028,0.00069,0.00184,0.01277
1403715408.062192678451538,0.00990,0.00015,0.00010,0.00028,0.00000,0.00207,0.01250
1403715408.112193822860718,0.01644,0.00015,0.00022,0.00024,0.00000,0.00223,0.01928
1403715408.162194252014160,0.01138,0.00014,0.00008,0.00019,0.00001,0.00212,0.01393
1403715408.212194204330444,0.00731,0.00013,0.00020,0.00014,0.00000,0.00204,0.00982
1403715408.262194395065308,0.01073,0.00014,0.00007,0.00015,0.00001,0.00217,0.01327
1403715408.312194585800171,0.00650,0.00013,0.00028,0.00013,0.00001,0.00193,0.00897
1403715408.362196445465088,0.00688,0.00012,0.00015,0.00011,0.00040,0.00187,0.00954
1403715408.412196397781372,0.01005,0.00015,0.00025,0.00014,0.00021,0.00202,0.01281
1403715408.462196588516235,0.00647,0.00013,0.00016,0.00012,0.00002,0.00200,0.00890
1403715408.512196302413940,0.00617,0.00012,0.00027,0.00012,0.00000,0.00185,0.00854
1403715408.562196969985962,0.00682,0.00013,0.00015,0.00012,0.00231,0.00209,0.01162
1403715408.612196207046509,0.00623,0.00014,0.00001,0.00030,0.00203,0.00229,0.01099
1403715408.662195920944214,0.00684,0.00014,0.00031,0.00044,0.00000,0.00202,0.00975
1403715408.712196350097656,0.00613,0.00013,0.00001,0.00045,0.00224,0.00204,0.01099
1403715408.762196302413940,0.00647,0.00017,0.00004,0.00067,0.00106,0.00186,0.01027
1403715408.812195777893066,0.00650,0.00013,0.00019,0.00066,0.00086,0.00239,0.01074
1403715408.862195968627930,0.00887,0.00013,0.00003,0.00068,0.00073,0.00199,0.01243
1403715408.912196159362793,0.00649,0.00014,0.00008,0.00056,0.00002,0.00190,0.00919
1403715408.962194919586182,0.00607,0.00015,0.00004,0.00055,0.00546,0.00196,0.01422
1403715409.012193918228149,0.00660,0.00014,0.00012,0.00132,0.00002,0.00189,0.01010
1403715409.062193155288696,0.00767,0.00015,0.00020,0.00134,0.00003,0.00215,0.01153
1403715409.112191438674927,0.00962,0.00015,0.00020,0.00115,0.00000,0.00201,0.01314
1403715409.162189245223999,0.00691,0.00014,0.00005,0.00121,0.00003,0.00197,0.01031
1403715409.212188005447388,0.00663,0.00014,0.00008,0.00088,0.00012,0.00188,0.00973
1403715409.262187004089355,0.00633,0.00013,0.00071,0.00093,0.00000,0.00214,0.01024
1403715409.312186717987061,0.00706,0.00014,0.00048,0.00087,0.00002,0.00193,0.01050
1403715409.362186431884766,0.00620,0.00013,0.00001,0.00086,0.00000,0.00210,0.00930
1403715409.412185192108154,0.00663,0.00014,0.00005,0.00083,0.00252,0.00187,0.01204
1403715409.462184190750122,0.01009,0.00013,0.00006,0.00092,0.00002,0.00196,0.01319
1403715409.512184143066406,0.00792,0.00017,0.00006,0.00094,0.00003,0.00227,0.01139
1403715409.562184333801270,0.00684,0.00014,0.00005,0.00091,0.00073,0.00203,0.01071
1403715409.612184762954712,0.00749,0.00013,0.00020,0.00100,0.00002,0.00212,0.01098
1403715409.662184000015259,0.00670,0.00014,0.00001,0.00117,0.00478,0.00217,0.01497
1403715409.712183952331543,0.00676,0.00013,0.00001,0.00177,0.00000,0.00222,0.01089
1403715409.762184143066406,0.00705,0.00013,0.00011,0.00197,0.00003,0.00214,0.01143
1403715409.812184095382690,0.00677,0.00015,0.00001,0.00174,0.00004,0.00220,0.01090
1403715409.862183809280396,0.00691,0.00016,0.00001,0.00176,0.00000,0.00214,0.01098
1403715409.912183046340942,0.00693,0.00016,0.00022,0.00158,0.00000,0.00234,0.01122
1403715409.962181568145752,0.00788,0.00021,0.00022,0.00159,0.00000,0.00217,0.01208
1403715410.012177944183350,0.00636,0.00014,0.00076,0.00137,0.01024,0.00220,0.02106
1403715410.062175035476685,0.00685,0.00028,0.00009,0.00389,0.00080,0.00234,0.01425
1403715410.112171888351440,0.00687,0.00028,0.00002,0.00384,0.00076,0.00214,0.01391
1403715410.162170171737671,0.00621,0.00025,0.00006,0.00375,0.00006,0.00210,0.01242
1403715410.212169647216797,0.00875,0.00026,0.00002,0.00384,0.00077,0.00238,0.01602
1403715410.262169122695923,0.00745,0.00030,0.00022,0.00366,0.00243,0.00248,0.01654
1403715410.312169790267944,0.00738,0.00018,0.00021,0.00258,0.00000,0.00222,0.01257
1403715410.362170696258545,0.00745,0.00029,0.00061,0.00445,0.00005,0.00254,0.01539
1403715410.412171602249146,0.00790,0.00030,0.00002,0.00300,0.00004,0.00215,0.01341
1403715410.462171792984009,0.00775,0.00018,0.00003,0.00225,0.00004,0.00224,0.01249
1403715410.512171983718872,0.00661,0.00015,0.00001,0.00224,0.00000,0.00215,0.01115
1403715410.562171936035156,0.00709,0.00015,0.00001,0.00222,0.00000,0.00215,0.01162
1403715410.612171411514282,0.00660,0.00015,0.00008,0.00219,0.00028,0.00208,0.01137
1403715410.662171125411987,0.00725,0.00014,0.00001,0.00216,0.00000,0.00212,0.01168
1403715410.762171030044556,0.00679,0.00021,0.00003,0.00198,0.00000,0.00204,0.01105
1403715410.812171936035156,0.00635,0.00014,0.00085,0.00189,0.01423,0.00229,0.02575
1403715410.862172365188599,0.00632,0.00017,0.00008,0.00364,0.00045,0.00221,0.01286
1403715410.912172555923462,0.00669,0.00017,0.00004,0.00374,0.00020,0.00206,0.01289
1403715410.962171792984009,0.00652,0.00017,0.00005,0.00380,0.00000,0.00213,0.01267
1403715411.012171745300293,0.00686,0.00017,0.00001,0.00347,0.00003,0.00207,0.01263
1403715411.062171936035156,0.00688,0.00017,0.00009,0.00334,0.00003,0.00205,0.01256
1403715411.112171649932861,0.00705,0.00020,0.00002,0.00339,0.00000,0.00204,0.01270
1403715411.162171125411987,0.00645,0.00017,0.00004,0.00342,0.00000,0.00208,0.01217
1403715411.212169647216797,0.00647,0.00017,0.00001,0.00331,0.00000,0.00193,0.01189
1403715411.262168169021606,0.00683,0.00017,0.00001,0.00325,0.00022,0.00196,0.01243
1403715411.312166690826416,0.00704,0.00016,0.00001,0.00328,0.00000,0.00197,0.01246
1403715411.362165212631226,0.00733,0.00016,0.00001,0.00333,0.00000,0.00219,0.01303
1403715411.412164211273193,0.00664,0.00016,0.00005,0.00320,0.00198,0.00228,0.01432
1403715411.462163686752319,0.00703,0.00017,0.00001,0.00345,0.00000,0.00206,0.01272
1403715411.512164354324341,0.00728,0.00019,0.00001,0.00344,0.00021,0.00217,0.01330
1403715411.562165260314941,0.00628,0.00016,0.00001,0.00345,0.00000,0.00188,0.01178
1403715411.612165927886963,0.00699,0.00018,0.00001,0.00350,0.00003,0.00217,0.01289
1403715411.662166595458984,0.00551,0.00017,0.00001,0.00344,0.00003,0.00199,0.01115
1403715411.712167263031006,0.00581,0.00016,0.00001,0.00334,0.00000,0.00188,0.01119
1403715411.762167453765869,0.00583,0.00017,0.00001,0.00354,0.00000,0.00218,0.01174
1403715411.812167167663574,0.00646,0.00018,0.00001,0.00348,0.00000,0.00191,0.01204
1403715411.862167119979858,0.00587,0.00018,0.00001,0.00353,0.00021,0.00207,0.01187
1403715411.912167072296143,0.00708,0.00026,0.00001,0.00315,0.00000,0.00208,0.01258
1403715411.962166786193848,0.00604,0.00017,0.00001,0.00329,0.00000,0.00208,0.01159
1403715412.012166976928711,0.00683,0.00017,0.00006,0.00313,0.00089,0.00174,0.01282
1403715412.062166929244995,0.00607,0.00017,0.00001,0.00344,0.00000,0.00173,0.01142
1403715412.112167119979858,0.00601,0.00017,0.00001,0.00340,0.00020,0.00192,0.01171
1403715412.162167072296143,0.00666,0.00023,0.00001,0.00343,0.00000,0.00187,0.01219
1403715412.212167024612427,0.00685,0.00017,0.00001,0.00339,0.00003,0.00205,0.01249
1403715412.262166976928711,0.00658,0.00017,0.00001,0.00334,0.00003,0.00205,0.01219
1403715412.312167167663574,0.00635,0.00017,0.00001,0.00339,0.00000,0.00203,0.01195
1403715412.362167119979858,0.00697,0.00021,0.00006,0.00334,0.00001,0.00195,0.01255
1403715412.412166833877563,0.00614,0.00018,0.00001,0.00326,0.00000,0.00200,0.01158
1403715412.462166786193848,0.00564,0.00017,0.00001,0.00334,0.00022,0.00219,0.01158
1403715412.512166261672974,0.00742,0.00021,0.00001,0.00327,0.00000,0.00187,0.01278
1403715412.562166929244995,0.00667,0.00018,0.00001,0.00324,0.00000,0.00189,0.01199
1403715412.612167358398438,0.00586,0.00017,0.00001,0.00335,0.00059,0.00207,0.01205
1403715412.662167072296143,0.00580,0.00017,0.00001,0.00312,0.00000,0.00189,0.01098
1403715412.712166070938110,0.00625,0.00017,0.00002,0.00319,0.00021,0.00224,0.01207
1403715412.762167692184448,0.00667,0.00018,0.00008,0.00312,0.00000,0.00200,0.01206
1403715412.812168121337891,0.00652,0.00017,0.00001,0.00290,0.00003,0.00179,0.01141
1403715412.862169027328491,0.00704,0.00029,0.00002,0.00520,0.00005,0.00248,0.01509
1403715412.912168979644775,0.00629,0.00017,0.00001,0.00302,0.00000,0.00200,0.01149
1403715412.962169408798218,0.00678,0.00017,0.00001,0.00310,0.00003,0.00198,0.01207
1403715413.012169361114502,0.00627,0.00016,0.00001,0.00292,0.00000,0.00200,0.01136
1403715413.062169551849365,0.00628,0.00017,0.00001,0.00310,0.00021,0.00202,0.01178
1403715413.112169504165649,0.00648,0.00017,0.00001,0.00303,0.00000,0.00203,0.01172
1403715413.162169456481934,0.00657,0.00016,0.00001,0.00305,0.00000,0.00207,0.01187
1403715413.212169170379639,0.00664,0.00018,0.00001,0.00277,0.00059,0.00205,0.01224
1403715413.262169122695923,0.00631,0.00017,0.00007,0.00260,0.00000,0.00207,0.01122
1403715413.312169313430786,0.00622,0.00016,0.00007,0.00225,0.00020,0.00207,0.01097
1403715413.362169265747070,0.00681,0.00017,0.00006,0.00232,0.00000,0.00213,0.01149
1403715413.412169218063354,0.00665,0.00016,0.00011,0.00228,0.00016,0.00200,0.01136
1403715413.462169170379639,0.00662,0.00014,0.00009,0.00225,0.00048,0.00209,0.01168
1403715413.512169122695923,0.00609,0.00017,0.00003,0.00234,0.00000,0.00202,0.01065
1403715413.562169313430786,0.00625,0.00015,0.00004,0.00201,0.00003,0.00222,0.01070
1403715413.612169265747070,0.00995,0.00017,0.00017,0.00194,0.00000,0.00194,0.01418
1403715413.662169456481934,0.00651,0.00014,0.00004,0.00189,0.00077,0.00202,0.01138
1403715413.712169408798218,0.00677,0.00015,0.00007,0.00212,0.00003,0.00214,0.01127
1403715413.762169361114502,0.00662,0.00015,0.00005,0.00214,0.00000,0.00192,0.01088
1403715413.812169551849365,0.00617,0.00015,0.00021,0.00185,0.00083,0.00171,0.01091
1403715413.862169742584229,0.00626,0.00015,0.00024,0.00205,0.00000,0.00197,0.01067
1403715413.912169694900513,0.00604,0.00014,0.00004,0.00200,0.00020,0.00172,0.01015
1403715413.962169647216797,0.00598,0.00016,0.00035,0.00179,0.00000,0.00220,0.01048
1403715414.012169361114502,0.00653,0.00016,0.00043,0.00160,0.00014,0.00200,0.01086
1403715414.062169551849365,0.00631,0.00015,0.00032,0.00161,0.00003,0.00221,0.01064
1403715414.112169742584229,0.00680,0.00016,0.00008,0.00153,0.00014,0.00203,0.01074
1403715414.162169933319092,0.00892,0.00017,0.00075,0.00131,0.00332,0.00223,0.01669
1403715414.212170124053955,0.00659,0.00018,0.00009,0.00163,0.00003,0.00208,0.01059
1403715414.262170314788818,0.00614,0.00014,0.00001,0.00153,0.00000,0.00204,0.00986
1403715414.312170505523682,0.00592,0.00015,0.00014,0.00147,0.00000,0.00197,0.00964
1403715414.362170219421387,0.00652,0.00015,0.00019,0.00139,0.00000,0.00209,0.01033
1403715414.412169933319092,0.00630,0.00014,0.00021,0.00131,0.00000,0.00195,0.00992
1403715414.462170124053955,0.00640,0.00016,0.00001,0.00141,0.00000,0.00208,0.01005
1403715414.512170314788818,0.00704,0.00016,0.00001,0.00136,0.00023,0.00190,0.01070
1403715414.562170982360840,0.00638,0.00017,0.00001,0.00134,0.00000,0.00192,0.00982
1403715414.612170696258545,0.00612,0.00015,0.00040,0.00130,0.00000,0.00183,0.00979
1403715414.662169933319092,0.00625,0.00015,0.00004,0.00137,0.00019,0.00189,0.00989
1403715414.712168693542480,0.00602,0.00015,0.00001,0.00136,0.00490,0.00218,0.01462
1403715414.762166976928711,0.00624,0.00015,0.00004,0.00192,0.00221,0.00175,0.01231
1403715414.812167167663574,0.00645,0.00016,0.00004,0.00217,0.00003,0.00212,0.01097
1403715414.862167119979858,0.00645,0.00016,0.00003,0.00197,0.00000,0.00220,0.01081
1403715414.912166833877563,0.00750,0.00016,0.00001,0.00187,0.00000,0.00216,0.01170
1403715414.962166786193848,0.00533,0.00016,0.00002,0.00182,0.00000,0.00197,0.00931
1403715415.012166261672974,0.00545,0.00014,0.00002,0.00188,0.00004,0.00207,0.00961
1403715415.062165260314941,0.00549,0.00015,0.00005,0.00170,0.00000,0.00185,0.00925
1403715415.112164258956909,0.00544,0.00014,0.00010,0.00143,0.00020,0.00188,0.00919
1403715415.162163734436035,0.00570,0.00014,0.00008,0.00113,0.00012,0.00193,0.00910
1403715415.212163686752319,0.00595,0.00014,0.00019,0.00110,0.00011,0.00199,0.00948
1403715415.312163591384888,0.00580,0.00020,0.00011,0.00083,0.00020,0.00181,0.00895
1403715415.362163782119751,0.00635,0.00014,0.00004,0.00080,0.00206,0.00209,0.01148
1403715415.412163257598877,0.00659,0.00014,0.00005,0.00090,0.00066,0.00192,0.01026
1403715415.462162733078003,0.00610,0.00014,0.00002,0.00101,0.00001,0.00188,0.00917
1403715415.512162446975708,0.00766,0.00013,0.00001,0.00102,0.00000,0.00201,0.01083
1403715415.562162637710571,0.00635,0.00014,0.00003,0.00094,0.00001,0.00194,0.00940
1403715415.612162351608276,0.00660,0.00016,0.00003,0.00082,0.00000,0.00191,0.00951
1403715415.662162303924561,0.00583,0.00013,0.00001,0.00080,0.00018,0.00195,0.00889
1403715415.712162971496582,0.00685,0.00014,0.00030,0.00069,0.00001,0.00194,0.00992
1403715415.762163639068604,0.00581,0.00013,0.00001,0.00069,0.00000,0.00198,0.00861
1403715415.812164545059204,0.00572,0.00013,0.00006,0.00069,0.00037,0.00180,0.00877
1403715415.862164258956909,0.00591,0.00014,0.00003,0.00073,0.00002,0.00195,0.00879
1403715415.912163734436035,0.00702,0.00027,0.00002,0.00129,0.00158,0.00214,0.01232
1403715415.962166070938110,0.00558,0.00013,0.00001,0.00063,0.00129,0.00188,0.00952
1403715416.012167453765869,0.00723,0.00014,0.00001,0.00068,0.00090,0.00226,0.01121
1403715416.062172174453735,0.00640,0.00015,0.00008,0.00060,0.00296,0.00196,0.01214
1403715416.112173080444336,0.00719,0.00015,0.00003,0.00111,0.00001,0.00222,0.01071
1403715416.162173509597778,0.00684,0.00014,0.00001,0.00098,0.00003,0.00200,0.01001
1403715416.212174177169800,0.00664,0.00013,0.00002,0.00089,0.00001,0.00200,0.00969
1403715416.262174367904663,0.00696,0.00014,0.00002,0.00085,0.00001,0.00192,0.00989
1403715416.312174797058105,0.00719,0.00014,0.00004,0.00086,0.00042,0.00203,0.01070
1403715416.362174749374390,0.00674,0.00016,0.00001,0.00092,0.00000,0.00258,0.01042
1403715416.412174701690674,0.00661,0.00015,0.00001,0.00094,0.00003,0.00203,0.00977
1403715416.462174892425537,0.00631,0.00014,0.00001,0.00090,0.00003,0.00183,0.00922
1403715416.512174606323242,0.00636,0.00014,0.00001,0.00092,0.00021,0.00195,0.00959
1403715416.562174558639526,0.00578,0.00014,0.00001,0.00093,0.00137,0.00227,0.01049
1403715416.612174510955811,0.00695,0.00013,0.00001,0.00099,0.00004,0.00215,0.01027
1403715416.662174463272095,0.00632,0.00013,0.00001,0.00100,0.00028,0.00211,0.00985
1403715416.712174415588379,0.01124,0.00014,0.00001,0.00094,0.00003,0.00208,0.01444
1403715416.762174367904663,0.00722,0.00014,0.00003,0.00097,0.00003,0.00203,0.01041
1403715416.812174558639526,0.00699,0.00013,0.00001,0.00088,0.00003,0.00215,0.01020
1403715416.862174272537231,0.00666,0.00015,0.00001,0.00088,0.00003,0.00222,0.00995
1403715416.912174463272095,0.00747,0.00015,0.00004,0.00087,0.00006,0.00238,0.01098
1403715416.962174415588379,0.00701,0.00013,0.00001,0.00081,0.00000,0.00198,0.00994
1403715417.012174129486084,0.00698,0.00014,0.00001,0.00086,0.00003,0.00205,0.01007
1403715417.062174320220947,0.00698,0.00013,0.00001,0.00081,0.00003,0.00231,0.01027
1403715417.112174272537231,0.00754,0.00013,0.00001,0.00084,0.00021,0.00211,0.01083
1403715417.162174224853516,0.00704,0.00014,0.00001,0.00085,0.00117,0.00242,0.01161
1403715417.212174177169800,0.00826,0.00014,0.00001,0.00091,0.00005,0.00210,0.01148
1403715417.262174129486084,0.00727,0.00014,0.00028,0.00097,0.00467,0.00240,0.01573
1403715417.312174320220947,0.00760,0.00015,0.00001,0.00147,0.00003,0.00222,0.01148
1403715417.362174272537231,0.00720,0.00015,0.00001,0.00146,0.00005,0.00214,0.01101
1403715417.412174224853516,0.00638,0.00014,0.00001,0.00166,0.00005,0.00233,0.01057
1403715417.462174177169800,0.00664,0.00015,0.00001,0.00150,0.00003,0.00231,0.01065
1403715417.562174320220947,0.00627,0.00021,0.00001,0.00146,0.00008,0.00210,0.01014
1403715417.612174272537231,0.00637,0.00014,0.00001,0.00148,0.00000,0.00216,0.01016
1403715417.662174224853516,0.00606,0.00013,0.00001,0.00166,0.00005,0.00248,0.01040
1403715417.712174177169800,0.00810,0.00014,0.00001,0.00146,0.00003,0.00233,0.01208
1403715417.762174129486084,0.00820,0.00014,0.00001,0.00138,0.00020,0.00238,0.01231
1403715417.812174320220947,0.00774,0.00016,0.00005,0.00150,0.00049,0.00223,0.01217
1403715417.862174272537231,0.00703,0.00014,0.00001,0.00143,0.00005,0.00221,0.01087
1403715417.912174224853516,0.00691,0.00014,0.00030,0.00142,0.00153,0.00198,0.01229
1403715417.962174177169800,0.00798,0.00014,0.00001,0.00141,0.00003,0.00216,0.01173
1403715418.012173891067505,0.00692,0.00014,0.00001,0.00146,0.00005,0.00223,0.01081
1403715418.062174081802368,0.00745,0.00014,0.00001,0.00142,0.00003,0.00210,0.01114
1403715418.112174034118652,0.00823,0.00014,0.00001,0.00144,0.00003,0.00235,0.01220
1403715418.162173986434937,0.00712,0.00014,0.00001,0.00149,0.00007,0.00213,0.01097
1403715418.212173938751221,0.00746,0.00016,0.00001,0.00147,0.00000,0.00233,0.01142
1403715418.262173891067505,0.00694,0.00014,0.00001,0.00149,0.00004,0.00207,0.01068
1403715418.312174081802368,0.00821,0.00014,0.00001,0.00139,0.00003,0.00221,0.01198
1403715418.362174034118652,0.00773,0.00014,0.00001,0.00144,0.00020,0.00212,0.01163
1403715418.412173986434937,0.00707,0.00014,0.00001,0.00146,0.00050,0.00226,0.01144
1403715418.462173938751221,0.00713,0.00014,0.00001,0.00145,0.00005,0.00208,0.01085
1403715418.512173891067505,0.00778,0.00016,0.00028,0.00147,0.00152,0.00198,0.01319
1403715418.562174081802368,0.00613,0.00014,0.00001,0.00142,0.00004,0.00206,0.00981
1403715418.612174034118652,0.00647,0.00015,0.00001,0.00141,0.00005,0.00235,0.01043
1403715418.662173986434937,0.00651,0.00015,0.00001,0.00144,0.00003,0.00185,0.00999
1403715418.712173938751221,0.00638,0.00014,0.00001,0.00139,0.00003,0.00190,0.00985
1403715418.762173891067505,0.00687,0.00014,0.00001,0.00146,0.00007,0.00199,0.01053
