# timestamp (sec),tracking,propagation,msckf update,slam update,slam delayed,re-tri & marg,total
1403715278.862678527832031,0.00735,0.00015,0.00063,0.00000,0.00000,0.00413,0.01226
1403715278.912018775939941,0.00599,0.00019,0.00573,0.00000,0.01238,0.00413,0.02843
1403715278.962489128112793,0.00608,0.00027,0.00079,0.00325,0.00001,0.00413,0.01454
1403715279.013155460357666,0.00593,0.00031,0.00018,0.00326,0.00000,0.00428,0.01396
1403715279.063210010528564,0.00673,0.00031,0.00011,0.00322,0.00000,0.00432,0.01469
1403715279.113067626953125,0.00601,0.00031,0.00063,0.00332,0.00000,0.00428,0.01456
1403715279.163056135177612,0.00566,0.00031,0.00032,0.00322,0.00000,0.00432,0.01384
1403715279.213412046432495,0.00713,0.00030,0.00092,0.00334,0.00000,0.00452,0.01622
1403715279.263564109802246,0.00576,0.00031,0.00003,0.00334,0.00704,0.00453,0.02101
1403715279.313628673553467,0.00581,0.00032,0.00009,0.00413,0.00615,0.00451,0.02100
1403715279.363537549972534,0.00576,0.00035,0.00003,0.00503,0.00190,0.00455,0.01763
1403715279.413735389709473,0.00609,0.00032,0.00004,0.00545,0.01523,0.00478,0.03190
1403715279.463880062103271,0.00572,0.00049,0.00005,0.00778,0.00001,0.00499,0.01904
1403715279.513758182525635,0.00556,0.00039,0.01821,0.00783,0.00212,0.00460,0.03871
1403715279.563634157180786,0.00557,0.00041,0.00003,0.00813,0.00010,0.00445,0.01869
1403715279.613595962524414,0.00559,0.00039,0.00181,0.00801,0.00244,0.00465,0.02290
1403715279.663585424423218,0.00573,0.00039,0.00003,0.00851,0.00001,0.00455,0.01923
1403715279.713607072830200,0.00570,0.00040,0.00003,0.00861,0.00001,0.00463,0.01939
1403715279.763558626174927,0.00699,0.00040,0.00003,0.00856,0.00001,0.00437,0.02036
1403715279.813556671142578,0.00561,0.00039,0.00009,0.00855,0.00001,0.00474,0.01939
1403715279.863464832305908,0.00628,0.00044,0.00013,0.00854,0.00001,0.00460,0.02001
1403715279.913215875625610,0.00572,0.00040,0.00009,0.00852,0.00001,0.00462,0.01936
1403715279.962920665740967,0.00581,0.00037,0.00341,0.00833,0.00007,0.00460,0.02260
1403715280.012845754623413,0.00561,0.00039,0.00004,0.00851,0.00001,0.00501,0.01957
1403715280.062813997268677,0.00654,0.00044,0.00011,0.00885,0.00001,0.00477,0.02072
1403715280.112479686737061,0.00613,0.00038,0.01765,0.00805,0.00010,0.00468,0.03698
1403715280.162328958511353,0.00571,0.00036,0.00008,0.00778,0.00010,0.00524,0.01927
1403715280.212255239486694,0.00609,0.00038,0.00029,0.00761,0.00248,0.00466,0.02151
1403715280.262387275695801,0.00590,0.00042,0.00027,0.00809,0.00001,0.00447,0.01916
1403715280.312417030334473,0.00719,0.00041,0.00024,0.00800,0.00001,0.00451,0.02036
1403715280.362411260604858,0.00589,0.00039,0.00003,0.00790,0.00001,0.00460,0.01882
1403715280.412376880645752,0.00623,0.00038,0.00003,0.00778,0.00001,0.00464,0.01908
1403715280.462304592132568,0.00606,0.00036,0.00070,0.00771,0.00001,0.00453,0.01938
1403715280.512411832809448,0.00577,0.00034,0.00015,0.00764,0.00001,0.00475,0.01866
1403715280.562396764755249,0.00581,0.00038,0.00138,0.00726,0.00141,0.00497,0.02123
1403715280.612366914749146,0.00680,0.00036,0.00106,0.00737,0.00541,0.00454,0.02555
1403715280.662312030792236,0.00598,0.00040,0.00173,0.00805,0.00002,0.00450,0.02069
1403715280.712343931198120,0.00610,0.00039,0.01595,0.00832,0.00210,0.00459,0.03744
1403715280.762326002120972,0.00680,0.00039,0.00124,0.00754,0.00197,0.00469,0.02264
1403715280.812330007553101,0.00601,0.00039,0.00112,0.00706,0.00032,0.00440,0.01931
1403715280.862418889999390,0.00840,0.00036,0.00053,0.00697,0.00009,0.00451,0.02087
1403715280.912531852722168,0.00752,0.00035,0.00180,0.00680,0.00001,0.00464,0.02112
1403715280.962648868560791,0.00614,0.00040,0.00048,0.00611,0.00329,0.00464,0.02105
1403715281.012722969055176,0.00618,0.00035,0.00063,0.00577,0.00038,0.00461,0.01794
1403715281.062782764434814,0.00580,0.00030,0.00008,0.00611,0.00001,0.00466,0.01696
1403715281.112772464752197,0.00589,0.00036,0.00003,0.00593,0.00001,0.00481,0.01703
1403715281.162782669067383,0.00584,0.00034,0.00041,0.00563,0.00479,0.00469,0.02170
1403715281.212792158126831,0.00562,0.00036,0.00099,0.00612,0.00001,0.00449,0.01760
1403715281.262926816940308,0.00566,0.00036,0.00015,0.00597,0.00007,0.00468,0.01688
1403715281.313145875930786,0.00825,0.00034,0.00962,0.00559,0.01562,0.00507,0.04449
1403715281.363156795501709,0.00636,0.00038,0.00109,0.00805,0.00001,0.00466,0.02055
1403715281.413232326507568,0.00755,0.00042,0.00004,0.00816,0.00010,0.00454,0.02082
1403715281.463319301605225,0.00638,0.00049,0.01110,0.00800,0.00623,0.00473,0.03692
1403715281.513289928436279,0.00651,0.00042,0.00015,0.00898,0.00001,0.00469,0.02076
1403715281.563276290893555,0.00643,0.00040,0.00003,0.00823,0.00001,0.00474,0.01984
1403715281.613264560699463,0.00654,0.00037,0.00030,0.00800,0.00049,0.00460,0.02031
1403715281.663266420364380,0.00674,0.00042,0.00033,0.00871,0.00084,0.00466,0.02170
1403715281.713286399841309,0.00630,0.00041,0.00094,0.00632,0.00002,0.00480,0.01879
1403715281.763357162475586,0.00574,0.00036,0.00022,0.00574,0.00001,0.00454,0.01662
1403715281.813324213027954,0.00620,0.00035,0.00019,0.00531,0.00000,0.00518,0.01724
1403715281.863350152969360,0.00612,0.00034,0.01060,0.00484,0.01525,0.00491,0.04205
1403715281.913259029388428,0.00559,0.00039,0.00575,0.00668,0.00775,0.00453,0.03069
1403715281.963344573974609,0.00739,0.00042,0.00013,0.00864,0.00002,0.00447,0.02108
1403715282.013354778289795,0.00598,0.00041,0.00032,0.00860,0.00050,0.00455,0.02035
1403715282.063472270965576,0.00552,0.00043,0.00925,0.00866,0.00198,0.00461,0.03046
1403715282.113415479660034,0.00551,0.00040,0.00022,0.00875,0.00001,0.00529,0.02017
1403715282.163526296615601,0.00616,0.00040,0.00004,0.00896,0.00001,0.00483,0.02039
1403715282.213521242141724,0.00537,0.00041,0.00033,0.00815,0.00084,0.00462,0.01971
1403715282.263551950454712,0.00551,0.00041,0.00004,0.00850,0.00001,0.00469,0.01916
1403715282.313533067703247,0.00853,0.00037,0.00021,0.00859,0.00001,0.00460,0.02231
1403715282.363508462905884,0.00669,0.00041,0.00021,0.00794,0.00045,0.00533,0.02102
1403715282.413465023040771,0.00657,0.00037,0.00098,0.00790,0.00001,0.00498,0.02081
1403715282.463467597961426,0.00650,0.00039,0.00934,0.00680,0.00386,0.00469,0.03157
1403715282.513418197631836,0.00782,0.00040,0.00476,0.00776,0.00398,0.00480,0.02952
1403715282.563443899154663,0.00651,0.00039,0.00103,0.00778,0.00001,0.00481,0.02053
1403715282.613457679748535,0.00629,0.00038,0.00031,0.00714,0.00037,0.00468,0.01918
1403715282.663469076156616,0.00648,0.00035,0.00590,0.00693,0.00715,0.00496,0.03177
1403715282.713423252105713,0.00631,0.00036,0.00093,0.00793,0.00001,0.00473,0.02027
1403715282.763430118560791,0.00631,0.00038,0.00085,0.00798,0.00001,0.00494,0.02046
1403715282.813442707061768,0.00646,0.00037,0.00110,0.00787,0.00084,0.00484,0.02148
1403715282.863325357437134,0.00700,0.00039,0.02697,0.00811,0.00591,0.00474,0.05312
1403715282.913283824920654,0.00636,0.00038,0.00003,0.00982,0.00001,0.00456,0.02117
1403715282.963214159011841,0.00628,0.00036,0.00071,0.00870,0.00001,0.00483,0.02089
1403715283.013215065002441,0.00624,0.00038,0.00009,0.00877,0.00001,0.00476,0.02026
1403715283.063183784484863,0.00710,0.00038,0.00809,0.00845,0.00381,0.00467,0.03249
1403715283.113171339035034,0.00641,0.00039,0.00480,0.00916,0.00038,0.00466,0.02580
1403715283.163186550140381,0.00608,0.00039,0.00065,0.00901,0.00001,0.00467,0.02081
1403715283.213186740875244,0.00608,0.00038,0.00004,0.00900,0.00038,0.00466,0.02053
1403715283.263160467147827,0.00621,0.00035,0.00635,0.00803,0.00079,0.00479,0.02653
1403715283.313158035278320,0.00609,0.00040,0.00004,0.00880,0.00001,0.00482,0.02016
1403715283.363151073455811,0.00597,0.00042,0.00029,0.00841,0.00045,0.00484,0.02038
1403715283.413140296936035,0.00594,0.00039,0.00004,0.00839,0.00001,0.00469,0.01946
1403715283.463122844696045,0.00669,0.00038,0.01921,0.00769,0.00575,0.00453,0.04424
1403715283.513118743896484,0.00601,0.00037,0.00044,0.00742,0.00001,0.00467,0.01893
1403715283.563085079193115,0.00928,0.00031,0.00012,0.00711,0.00001,0.00485,0.02168
1403715283.613034486770630,0.00708,0.00036,0.00037,0.00691,0.00001,0.00477,0.01949
1403715283.663052797317505,0.00692,0.00036,0.00035,0.00678,0.01423,0.00500,0.03363
1403715283.713128566741943,0.00677,0.00038,0.00502,0.00888,0.00036,0.00488,0.02628
1403715283.763175487518311,0.00677,0.00036,0.00004,0.00907,0.00001,0.00487,0.02111
1403715283.813182592391968,0.00656,0.00034,0.00009,0.00903,0.00029,0.00473,0.02106
1403715283.863124608993530,0.00747,0.00034,0.00579,0.00888,0.00036,0.00497,0.02781
1403715283.913080453872681,0.00676,0.00034,0.00019,0.00878,0.00001,0.00482,0.02090
1403715283.963073730468750,0.00651,0.00038,0.00004,0.00873,0.00001,0.00485,0.02052
1403715284.013051509857178,0.00679,0.00038,0.00004,0.00910,0.00001,0.00476,0.02108
1403715284.062985658645630,0.00708,0.00035,0.01308,0.00852,0.00491,0.00526,0.03921
1403715284.112951040267944,0.00687,0.00038,0.02461,0.00995,0.00001,0.00479,0.04661
1403715284.162953376770020,0.00746,0.00040,0.00489,0.00930,0.00001,0.00487,0.02692
1403715284.212971925735474,0.00742,0.00043,0.00004,0.00999,0.00001,0.00541,0.02330
1403715284.262967109680176,0.01221,0.00048,0.00008,0.01100,0.00001,0.00556,0.02933
1403715284.312923192977905,0.00727,0.00052,0.00428,0.01108,0.00152,0.00564,0.03031
1403715284.362938404083252,0.01111,0.00045,0.00011,0.01174,0.00001,0.00563,0.02905
1403715284.412842035293579,0.01320,0.00074,0.00171,0.01409,0.00001,0.00611,0.03586
1403715284.462837219238281,0.00694,0.00063,0.00621,0.00935,0.00001,0.00475,0.02788
1403715284.512667179107666,0.00658,0.00037,0.00004,0.00964,0.00001,0.00488,0.02152
1403715284.562652587890625,0.00687,0.00038,0.00023,0.00978,0.00051,0.00471,0.02249
1403715284.612647771835327,0.00664,0.00039,0.00009,0.00916,0.00001,0.00494,0.02123
1403715284.662788867950439,0.00652,0.00037,0.01253,0.00832,0.00002,0.00488,0.03264
1403715284.712763309478760,0.00879,0.00041,0.02341,0.00897,0.00226,0.00486,0.04870
1403715284.762837409973145,0.00670,0.00038,0.00029,0.00874,0.00046,0.00497,0.02154
1403715284.812796115875244,0.00661,0.00040,0.00003,0.00910,0.00001,0.00482,0.02097
1403715284.862763881683350,0.00686,0.00040,0.00036,0.00891,0.00002,0.00507,0.02161
1403715284.912731647491455,0.00675,0.00038,0.00041,0.00912,0.00123,0.00481,0.02269
1403715284.962713956832886,0.00659,0.00036,0.00009,0.00921,0.00001,0.00503,0.02129
1403715285.012707471847534,0.00668,0.00040,0.00009,0.00929,0.00007,0.00483,0.02136
1403715285.062710046768188,0.00671,0.00039,0.00481,0.00872,0.00199,0.00498,0.02761
1403715285.112760305404663,0.00670,0.00041,0.00019,0.00977,0.00001,0.00479,0.02187
1403715285.162796974182129,0.00656,0.00040,0.00027,0.00828,0.00046,0.00500,0.02097
1403715285.212843179702759,0.00668,0.00037,0.00122,0.00811,0.00001,0.00482,0.02120
1403715285.262859582901001,0.00868,0.00039,0.01012,0.00800,0.00574,0.00496,0.03789
1403715285.312860727310181,0.00656,0.00041,0.02172,0.00938,0.00001,0.00493,0.04301
1403715285.362830877304077,0.00653,0.00039,0.00012,0.00932,0.00001,0.00460,0.02096
1403715285.412799358367920,0.00645,0.00040,0.00009,0.00918,0.00001,0.00474,0.02087
1403715285.462777137756348,0.00645,0.00039,0.00134,0.00890,0.00048,0.00440,0.02197
1403715285.512764453887939,0.00639,0.00040,0.00091,0.00938,0.00001,0.00479,0.02187
1403715285.562739133834839,0.00649,0.00041,0.00003,0.00940,0.00001,0.00466,0.02101
1403715285.612716436386108,0.00619,0.00041,0.00004,0.00942,0.00001,0.00473,0.02079
1403715285.662697076797485,0.00621,0.00038,0.00569,0.00853,0.00001,0.00475,0.02557
1403715285.712679386138916,0.00612,0.00038,0.00057,0.00843,0.00001,0.00472,0.02022
1403715285.762649059295654,0.00632,0.00032,0.00149,0.00781,0.00001,0.00478,0.02073
1403715285.812561511993408,0.00750,0.00037,0.00026,0.00729,0.00001,0.00465,0.02007
1403715285.862389802932739,0.00651,0.00036,0.00681,0.00678,0.00899,0.00455,0.03401
1403715285.912217617034912,0.00593,0.00040,0.02381,0.00860,0.00411,0.00534,0.04820
1403715285.962147474288940,0.00585,0.00040,0.00089,0.00934,0.00001,0.00437,0.02086
1403715286.012089014053345,0.00623,0.00041,0.00003,0.00920,0.00001,0.00450,0.02037
1403715286.062089920043945,0.00586,0.00040,0.00089,0.00910,0.00001,0.00453,0.02078
1403715286.112102746963501,0.00609,0.00040,0.00098,0.00901,0.00048,0.00466,0.02162
1403715286.162137031555176,0.00591,0.00037,0.00017,0.00887,0.00001,0.00485,0.02018
1403715286.212187767028809,0.00598,0.00040,0.00003,0.00917,0.00001,0.00465,0.02025
1403715286.262189626693726,0.00609,0.00040,0.00473,0.00819,0.00247,0.00478,0.02665
1403715286.312211275100708,0.00600,0.00040,0.00057,0.00905,0.00001,0.00452,0.02055
1403715286.362211465835571,0.00701,0.00048,0.00148,0.00883,0.00001,0.00458,0.02239
1403715286.412212610244751,0.00597,0.00041,0.00003,0.00886,0.00001,0.00472,0.01999
1403715286.462212085723877,0.00609,0.00041,0.00636,0.00937,0.00042,0.00488,0.02752
1403715286.512201309204102,0.01408,0.00040,0.02223,0.00808,0.00465,0.00516,0.05461
1403715286.562193155288696,0.00643,0.00038,0.00038,0.00804,0.00158,0.00468,0.02149
1403715286.612179994583130,0.00658,0.00036,0.00027,0.00757,0.00001,0.00456,0.01935
1403715286.662166833877563,0.00636,0.00037,0.00088,0.00615,0.00040,0.00473,0.01889
1403715286.712170600891113,0.00619,0.00037,0.00044,0.00526,0.00038,0.00476,0.01740
1403715286.762151479721069,0.00611,0.00053,0.00071,0.00496,0.00001,0.00450,0.01681
1403715286.812112808227539,0.00566,0.00032,0.00038,0.00381,0.00026,0.00459,0.01501
1403715286.862087488174438,0.00634,0.00030,0.00013,0.00354,0.00390,0.00454,0.01875
1403715286.912062644958496,0.00754,0.00031,0.00030,0.00408,0.00027,0.00465,0.01716
1403715286.962059736251831,0.00726,0.00030,0.00015,0.00387,0.00028,0.00468,0.01654
1403715287.012069702148438,0.00657,0.00027,0.00031,0.00353,0.00029,0.00472,0.01569
1403715287.062116861343384,0.00635,0.00028,0.00806,0.00304,0.01689,0.00448,0.03909
1403715287.112180948257446,0.00610,0.00037,0.01080,0.00427,0.01360,0.00462,0.03976
1403715287.162229776382446,0.00593,0.00040,0.00043,0.00589,0.00062,0.00456,0.01783
1403715287.212294578552246,0.00593,0.00035,0.00061,0.00589,0.00041,0.00436,0.01754
1403715287.262292146682739,0.00588,0.00032,0.00037,0.00536,0.00036,0.00448,0.01677
1403715287.312295675277710,0.00604,0.00033,0.00075,0.00536,0.00042,0.00470,0.01760
1403715287.362298250198364,0.00607,0.00032,0.00056,0.00490,0.00034,0.00456,0.01674
1403715287.412304162979126,0.00668,0.00034,0.00058,0.00472,0.00001,0.00453,0.01686
1403715287.462330341339111,0.00623,0.00031,0.00183,0.00433,0.00181,0.00499,0.01951
1403715287.512344598770142,0.00591,0.00034,0.00170,0.00432,0.01314,0.00464,0.03006
1403715287.562356233596802,0.00596,0.00036,0.00003,0.00577,0.00001,0.00455,0.01668
1403715287.612350940704346,0.00805,0.00036,0.00035,0.00514,0.00038,0.00475,0.01904
1403715287.662361145019531,0.00566,0.00033,0.00334,0.00463,0.01321,0.00464,0.03181
1403715287.712396860122681,0.00564,0.00036,0.00772,0.00611,0.00232,0.00426,0.02641
1403715287.762433052062988,0.00644,0.00037,0.00021,0.00627,0.00001,0.00461,0.01791
1403715287.812463998794556,0.00590,0.00036,0.00071,0.00524,0.00036,0.00448,0.01705
1403715287.862485170364380,0.00649,0.00032,0.00102,0.00522,0.00001,0.00459,0.01765
1403715287.912497043609619,0.00620,0.00034,0.00055,0.00484,0.00052,0.00462,0.01707
1403715287.962533712387085,0.00591,0.00034,0.00010,0.00518,0.01671,0.00437,0.03262
1403715288.012548446655273,0.00622,0.00038,0.00102,0.00603,0.00001,0.00446,0.01811
1403715288.062575817108154,0.00575,0.00036,0.00046,0.00577,0.00006,0.00455,0.01695
1403715288.112601518630981,0.00616,0.00034,0.00101,0.00556,0.00140,0.00440,0.01886
1403715288.162633657455444,0.00826,0.00032,0.00029,0.00564,0.00001,0.00473,0.01924
1403715288.212661027908325,0.00584,0.00033,0.00009,0.00531,0.00001,0.00480,0.01639
1403715288.262679338455200,0.00584,0.00032,0.00014,0.00521,0.00609,0.00461,0.02221
1403715288.312702894210815,0.00700,0.00036,0.00727,0.00547,0.01488,0.00449,0.03947
1403715288.362717866897583,0.00586,0.00039,0.00042,0.00824,0.00001,0.00454,0.01946
1403715288.412749290466309,0.00569,0.00039,0.00003,0.00838,0.00212,0.00456,0.02117
1403715288.462758541107178,0.00573,0.00041,0.00553,0.00865,0.00201,0.00464,0.02698
1403715288.512770414352417,0.00563,0.00040,0.00088,0.00912,0.00001,0.00451,0.02056
1403715288.562777280807495,0.00636,0.00055,0.00693,0.01043,0.00001,0.00491,0.02919
1403715288.612772226333618,0.00636,0.00044,0.00004,0.01024,0.00001,0.00472,0.02180
1403715288.662761688232422,0.00549,0.00040,0.00048,0.00848,0.00046,0.00461,0.01992
1403715288.712727069854736,0.00705,0.00039,0.00320,0.00864,0.00202,0.00465,0.02596
1403715288.762714624404907,0.00559,0.00040,0.00003,0.00902,0.00001,0.00475,0.01980
1403715288.812709808349609,0.00561,0.00040,0.00003,0.00835,0.00001,0.00463,0.01903
1403715288.862716913223267,0.00766,0.00040,0.00033,0.00787,0.00044,0.00490,0.02160
1403715288.912761688232422,0.00626,0.00036,0.00669,0.00789,0.00267,0.00464,0.02851
1403715288.962786436080933,0.00600,0.00038,0.00003,0.00917,0.00001,0.00453,0.02011
1403715289.012805223464966,0.00611,0.00040,0.00023,0.00874,0.00001,0.00462,0.02012
1403715289.062810659408569,0.00612,0.00040,0.00335,0.00831,0.00203,0.00466,0.02486
1403715289.112800598144531,0.00616,0.00039,0.00089,0.00893,0.00001,0.00550,0.02186
1403715289.162802934646606,0.00607,0.00041,0.00803,0.00857,0.00002,0.00480,0.02790
1403715289.212753057479858,0.00608,0.00038,0.00003,0.00869,0.00001,0.00452,0.01971
1403715289.262747049331665,0.00713,0.00040,0.00040,0.00813,0.00007,0.00464,0.02076
1403715289.312716245651245,0.00603,0.00038,0.00187,0.00788,0.00205,0.00480,0.02302
1403715289.362697601318359,0.00595,0.00040,0.00138,0.00808,0.00088,0.00459,0.02128
1403715289.412678956985474,0.00747,0.00040,0.00990,0.00834,0.00173,0.00453,0.03237
1403715289.462675333023071,0.00611,0.00037,0.00031,0.00832,0.00002,0.00460,0.01973
1403715289.512667894363403,0.00596,0.00038,0.00534,0.00762,0.00291,0.00460,0.02682
1403715289.562664985656738,0.00588,0.00038,0.00003,0.00815,0.00001,0.00449,0.01893
1403715289.612667322158813,0.00724,0.00036,0.00109,0.00796,0.00001,0.00464,0.02129
1403715289.662661075592041,0.00596,0.00040,0.00087,0.00754,0.00368,0.00456,0.02302
1403715289.712667465209961,0.00597,0.00040,0.00125,0.00817,0.00113,0.00461,0.02153
1403715289.762675046920776,0.00693,0.00037,0.00445,0.00819,0.00365,0.00439,0.02798
1403715289.812681436538696,0.00611,0.00065,0.00009,0.00924,0.00001,0.00476,0.02087
1403715289.862687587738037,0.00768,0.00038,0.00352,0.00866,0.00118,0.00467,0.02609
1403715289.912681102752686,0.00583,0.00040,0.00948,0.00917,0.00001,0.00458,0.02946
1403715289.962670803070068,0.00730,0.00039,0.00119,0.00917,0.00001,0.00468,0.02275
1403715290.012657403945923,0.00598,0.00047,0.00757,0.00947,0.00001,0.00453,0.02802
1403715290.062649965286255,0.00588,0.00042,0.00003,0.00928,0.00001,0.00484,0.02046
1403715290.112642049789429,0.00588,0.00040,0.00003,0.00916,0.00001,0.00445,0.01993
1403715290.162627696990967,0.00584,0.00041,0.00738,0.00895,0.00001,0.00470,0.02729
1403715290.212618112564087,0.00569,0.00041,0.00067,0.00975,0.00001,0.00483,0.02136
1403715290.262631416320801,0.00588,0.00041,0.00072,0.00898,0.00001,0.00468,0.02068
1403715290.312662124633789,0.00592,0.00041,0.00444,0.00891,0.00001,0.00450,0.02419
1403715290.362672805786133,0.00625,0.00051,0.00112,0.00882,0.00001,0.00463,0.02135
1403715290.412694931030273,0.00585,0.00040,0.00003,0.00886,0.00001,0.00460,0.01974
1403715290.462683916091919,0.00595,0.00041,0.00031,0.00885,0.00007,0.00456,0.02016
1403715290.512665271759033,0.00821,0.00041,0.00369,0.00826,0.00009,0.00459,0.02525
1403715290.562628507614136,0.00602,0.00037,0.00022,0.00845,0.00001,0.00460,0.01966
1403715290.612626552581787,0.00589,0.00040,0.00644,0.00827,0.00199,0.00477,0.02776
1403715290.662633419036865,0.00739,0.00045,0.00004,0.00952,0.00001,0.00475,0.02215
1403715290.712624549865723,0.00612,0.00060,0.00104,0.00865,0.00001,0.00465,0.02108
1403715290.762622594833374,0.00593,0.00038,0.00716,0.00817,0.00197,0.00445,0.02806
1403715290.812636137008667,0.00662,0.00038,0.00076,0.00800,0.00001,0.00470,0.02047
1403715290.862655162811279,0.00660,0.00039,0.00018,0.00778,0.00001,0.00460,0.01955
1403715290.912667751312256,0.00586,0.00038,0.00040,0.00780,0.00403,0.00538,0.02386
1403715290.962667465209961,0.00589,0.00037,0.00155,0.00835,0.00001,0.00480,0.02097
1403715291.012670516967773,0.00581,0.00038,0.00232,0.00771,0.00001,0.00468,0.02092
1403715291.062674760818481,0.00707,0.00041,0.00543,0.00760,0.00399,0.00467,0.02917
1403715291.112666606903076,0.00723,0.00036,0.00609,0.00794,0.00197,0.00463,0.02823
1403715291.162668228149414,0.00602,0.00037,0.00134,0.00830,0.00001,0.00449,0.02053
1403715291.212663650512695,0.00608,0.00038,0.00322,0.00788,0.00372,0.00456,0.02584
1403715291.262664318084717,0.00592,0.00038,0.00016,0.00908,0.00001,0.00460,0.02015
1403715291.312664985656738,0.00588,0.00038,0.00064,0.00901,0.00001,0.00454,0.02046
1403715291.362666606903076,0.00576,0.00040,0.01308,0.00833,0.00008,0.00464,0.03229
1403715291.412669420242310,0.00559,0.00041,0.00008,0.00864,0.00001,0.00447,0.01919
1403715291.462670803070068,0.00616,0.00060,0.00004,0.00877,0.00001,0.00457,0.02014
1403715291.512653350830078,0.00720,0.00037,0.00138,0.00772,0.00001,0.00498,0.02166
1403715291.562656402587891,0.00617,0.00036,0.00019,0.00724,0.00001,0.00465,0.01862
1403715291.612650156021118,0.00617,0.00036,0.00003,0.00799,0.00001,0.00474,0.01930
1403715291.662654161453247,0.00612,0.00035,0.00555,0.00666,0.00821,0.00462,0.03152
1403715291.712668418884277,0.00592,0.00038,0.00147,0.00781,0.00045,0.00449,0.02051
1403715291.762673377990723,0.00602,0.00038,0.00003,0.00781,0.00001,0.00505,0.01930
1403715291.812677145004272,0.00725,0.00037,0.00226,0.00808,0.00006,0.00468,0.02269
1403715291.862675428390503,0.00605,0.00039,0.00041,0.00712,0.00001,0.00463,0.01861
1403715291.912675857543945,0.00608,0.00037,0.00065,0.00699,0.00001,0.00456,0.01865
1403715291.962677955627441,0.00591,0.00037,0.00656,0.00664,0.00544,0.00458,0.02949
1403715292.012678861618042,0.00622,0.00037,0.00003,0.00769,0.00001,0.00451,0.01883
1403715292.062690019607544,0.00600,0.00036,0.00280,0.00757,0.00715,0.00479,0.02868
1403715292.112695455551147,0.00587,0.00040,0.00004,0.00905,0.00001,0.00450,0.01988
1403715292.162698984146118,0.00614,0.00069,0.00006,0.00914,0.00001,0.00471,0.02074
1403715292.212682962417603,0.00590,0.00040,0.00022,0.00903,0.00001,0.00471,0.02028
1403715292.262662887573242,0.00589,0.00039,0.00653,0.00859,0.00038,0.00458,0.02635
1403715292.312650203704834,0.00733,0.00038,0.00204,0.00865,0.00010,0.00450,0.02300
1403715292.362631559371948,0.00671,0.00039,0.00660,0.00753,0.00220,0.00473,0.02816
1403715292.412620544433594,0.00600,0.00038,0.00042,0.00772,0.00048,0.00464,0.01966
1403715292.462608575820923,0.00743,0.00036,0.00050,0.00740,0.00001,0.00455,0.02024
1403715292.512603521347046,0.00648,0.00034,0.00054,0.00724,0.00001,0.00460,0.01922
1403715292.562596559524536,0.00655,0.00038,0.00163,0.00711,0.00875,0.00453,0.02895
1403715292.612594842910767,0.00580,0.00040,0.00174,0.00811,0.00047,0.00483,0.02136
1403715292.662583827972412,0.00675,0.00039,0.00082,0.00761,0.00008,0.00452,0.02017
1403715292.712568759918213,0.00581,0.00039,0.00064,0.00865,0.00001,0.00496,0.02045
1403715292.762554883956909,0.00684,0.00036,0.00095,0.00744,0.00001,0.00456,0.02016
1403715292.812544584274292,0.00591,0.00037,0.00078,0.00631,0.00001,0.00482,0.01820
1403715292.862535953521729,0.00739,0.00037,0.00152,0.00565,0.00509,0.00446,0.02449
1403715292.912530660629272,0.00742,0.00036,0.00543,0.00650,0.00288,0.00471,0.02731
1403715292.962534189224243,0.00590,0.00037,0.00005,0.00722,0.00449,0.00461,0.02264
1403715293.012517452239990,0.00736,0.00040,0.00126,0.00794,0.00001,0.00463,0.02161
1403715293.062510251998901,0.00593,0.00036,0.00175,0.00763,0.00001,0.00448,0.02015
1403715293.112512350082397,0.00584,0.00034,0.00045,0.00752,0.00001,0.00467,0.01883
1403715293.162519216537476,0.00570,0.00036,0.00024,0.00726,0.00001,0.00458,0.01815
1403715293.212522983551025,0.00671,0.00032,0.00458,0.00574,0.01074,0.00469,0.03279
1403715293.262490510940552,0.00604,0.00039,0.00097,0.00720,0.00001,0.00451,0.01912
1403715293.312479257583618,0.00581,0.00037,0.00496,0.00653,0.00757,0.00473,0.02998
1403715293.362473487854004,0.00591,0.00038,0.00072,0.00795,0.00001,0.00449,0.01946
1403715293.412441730499268,0.00719,0.00038,0.00025,0.00798,0.00001,0.00537,0.02117
1403715293.462486982345581,0.00619,0.00039,0.00992,0.00735,0.00884,0.00498,0.03768
1403715293.512527704238892,0.00610,0.00038,0.00524,0.00826,0.00001,0.00463,0.02464
1403715293.562555789947510,0.00715,0.00038,0.00034,0.00758,0.00041,0.00465,0.02051
1403715293.612606048583984,0.00605,0.00037,0.00021,0.00756,0.00002,0.00464,0.01885
1403715293.662628173828125,0.00598,0.00036,0.00064,0.00727,0.00001,0.00452,0.01879
1403715293.712632417678833,0.00716,0.00036,0.00015,0.00680,0.00001,0.00460,0.01907
1403715293.762638092041016,0.00576,0.00036,0.00090,0.00648,0.00998,0.00471,0.02819
1403715293.812633514404297,0.00576,0.00040,0.00088,0.00760,0.00558,0.00441,0.02463
1403715293.862631559371948,0.00807,0.00036,0.00013,0.00831,0.00001,0.00469,0.02158
1403715293.912630558013916,0.00610,0.00039,0.00131,0.00806,0.00566,0.00464,0.02615
1403715293.962625741958618,0.00621,0.00036,0.01150,0.00941,0.00205,0.00488,0.03440
1403715294.012621402740479,0.00622,0.00039,0.00058,0.00879,0.00001,0.00480,0.02078
1403715294.062610149383545,0.00624,0.00038,0.00811,0.00768,0.00318,0.00445,0.03003
1403715294.112606763839722,0.00662,0.00046,0.00311,0.00816,0.00192,0.00463,0.02491
1403715294.162606477737427,0.00613,0.00038,0.00015,0.00815,0.00002,0.00444,0.01927
1403715294.212603569030762,0.00611,0.00039,0.00032,0.00776,0.00113,0.00466,0.02037
1403715294.262594938278198,0.00712,0.00042,0.00022,0.00778,0.00001,0.00455,0.02010
1403715294.312592983245850,0.00765,0.00036,0.00098,0.00686,0.00001,0.00481,0.02067
1403715294.362593412399292,0.00628,0.00034,0.00093,0.00577,0.00036,0.00463,0.01832
1403715294.412594318389893,0.00606,0.00034,0.00656,0.00570,0.01587,0.00449,0.03902
1403715294.462599515914917,0.00609,0.00036,0.00012,0.00823,0.00001,0.00464,0.01945
1403715294.512600898742676,0.00600,0.00037,0.00028,0.00749,0.00001,0.00456,0.01871
1403715294.562598466873169,0.00586,0.00038,0.00695,0.00701,0.00898,0.00491,0.03408
1403715294.612599849700928,0.00601,0.00041,0.00128,0.00889,0.00004,0.00456,0.02119
1403715294.662598848342896,0.00582,0.00040,0.00775,0.00891,0.00199,0.00452,0.02940
1403715294.712600469589233,0.00867,0.00037,0.00118,0.00836,0.00001,0.00465,0.02323
1403715294.762601375579834,0.00648,0.00037,0.00118,0.00818,0.00061,0.00546,0.02228
1403715294.812603473663330,0.00799,0.00041,0.00094,0.00793,0.00001,0.00494,0.02223
1403715294.862605571746826,0.00642,0.00036,0.00221,0.00772,0.00952,0.00474,0.03097
1403715294.912608385086060,0.00622,0.00039,0.00133,0.00830,0.00001,0.00464,0.02089
1403715294.962612628936768,0.00762,0.00041,0.00014,0.00812,0.00001,0.00474,0.02103
1403715295.012612819671631,0.00624,0.00038,0.00238,0.00745,0.00398,0.00461,0.02503
1403715295.062621116638184,0.00611,0.00038,0.00017,0.00801,0.00001,0.00455,0.01923
1403715295.112621068954468,0.00824,0.00036,0.00139,0.00689,0.00001,0.00479,0.02168
1403715295.162616968154907,0.00643,0.00036,0.00019,0.00667,0.00890,0.00488,0.02741
1403715295.212610006332397,0.00873,0.00037,0.00019,0.00781,0.00001,0.00471,0.02183
1403715295.262615203857422,0.00690,0.00037,0.01368,0.00704,0.00962,0.00472,0.04233
1403715295.312622070312500,0.00660,0.00038,0.00011,0.00883,0.00001,0.00466,0.02058
1403715295.362624883651733,0.00684,0.00039,0.00038,0.00938,0.00005,0.00465,0.02169
1403715295.412627935409546,0.00665,0.00039,0.00024,0.00824,0.00001,0.00473,0.02026
1403715295.462627410888672,0.00640,0.00039,0.00165,0.00807,0.00093,0.00467,0.02212
1403715295.512623786926270,0.00750,0.00038,0.00040,0.00758,0.00044,0.00456,0.02086
1403715295.562618255615234,0.00614,0.00037,0.00021,0.00792,0.00001,0.00465,0.01929
1403715295.612606287002563,0.00635,0.00038,0.00004,0.00791,0.00381,0.00454,0.02304
1403715295.662589311599731,0.00607,0.00038,0.00171,0.00808,0.00330,0.00474,0.02429
1403715295.712579965591431,0.00601,0.00035,0.00003,0.00865,0.00001,0.00465,0.01970
1403715295.762581586837769,0.00605,0.00040,0.01037,0.00848,0.00201,0.00466,0.03197
1403715295.812585592269897,0.00600,0.00039,0.00027,0.00860,0.00048,0.00446,0.02022
1403715295.862593173980713,0.00613,0.00045,0.01132,0.00870,0.00001,0.00460,0.03121
1403715295.912596225738525,0.00611,0.00040,0.00051,0.00745,0.00047,0.00543,0.02037
1403715295.962599992752075,0.00595,0.00040,0.00028,0.00726,0.00001,0.00471,0.01861
1403715296.012591123580933,0.00577,0.00040,0.00039,0.00667,0.00004,0.00456,0.01783
1403715296.062576532363892,0.00869,0.00037,0.00055,0.00625,0.00247,0.00472,0.02304
1403715296.112568855285645,0.00836,0.00035,0.00026,0.00619,0.00001,0.00480,0.01997
1403715296.162567377090454,0.00704,0.00036,0.00044,0.00611,0.00041,0.00475,0.01910
1403715296.212566137313843,0.00669,0.00033,0.00133,0.00590,0.00009,0.00480,0.01914
1403715296.262553215026855,0.00670,0.00030,0.00203,0.00571,0.00193,0.00461,0.02128
1403715296.312550783157349,0.00666,0.00036,0.00132,0.00534,0.00002,0.00480,0.01850
1403715296.362553596496582,0.00629,0.00043,0.00360,0.00486,0.00771,0.00456,0.02745
1403715296.412545680999756,0.00620,0.00037,0.00022,0.00582,0.00005,0.00460,0.01728
1403715296.462531566619873,0.00622,0.00037,0.00796,0.00613,0.00988,0.00464,0.03521
1403715296.512537002563477,0.00604,0.00040,0.00024,0.00730,0.00001,0.00477,0.01876
1403715296.562547683715820,0.00593,0.00039,0.00088,0.00656,0.00001,0.00450,0.01827
1403715296.612575769424438,0.00727,0.00037,0.00415,0.00639,0.00567,0.00479,0.02864
1403715296.662591218948364,0.00585,0.00041,0.01776,0.00776,0.00001,0.00494,0.03672
1403715296.712595462799072,0.00582,0.00039,0.00023,0.00780,0.00001,0.00471,0.01896
1403715296.762596845626831,0.00738,0.00040,0.00004,0.00770,0.00001,0.00471,0.02024
1403715296.812590599060059,0.00582,0.00041,0.00038,0.00741,0.00009,0.00476,0.01887
1403715296.862588644027710,0.00604,0.00043,0.00005,0.00757,0.00001,0.00512,0.01921
1403715296.912587881088257,0.00642,0.00041,0.00004,0.00777,0.00001,0.00510,0.01976
1403715296.962577104568481,0.00563,0.00038,0.00306,0.00697,0.00106,0.00469,0.02179
1403715297.012568235397339,0.00580,0.00035,0.00019,0.00706,0.00001,0.00475,0.01815
1403715297.062532424926758,0.00559,0.00039,0.00733,0.00662,0.00174,0.00474,0.02641
1403715297.112494945526123,0.00592,0.00039,0.00020,0.00701,0.00002,0.00461,0.01815
1403715297.162458896636963,0.00589,0.00039,0.00103,0.00739,0.00048,0.00485,0.02003
1403715297.212446928024292,0.00848,0.00038,0.00116,0.00612,0.00308,0.00485,0.02407
1403715297.262450695037842,0.00684,0.00038,0.01395,0.00627,0.00556,0.00497,0.03797
1403715297.312457323074341,0.00800,0.00039,0.00015,0.00728,0.00001,0.00483,0.02066
1403715297.362466812133789,0.00662,0.00038,0.00087,0.00662,0.00045,0.00505,0.02000
1403715297.412476301193237,0.00650,0.00039,0.00004,0.00700,0.00009,0.00481,0.01883
1403715297.462481021881104,0.00659,0.00040,0.00074,0.00609,0.00001,0.00473,0.01855
1403715297.512479782104492,0.00642,0.00034,0.00062,0.00584,0.00000,0.00493,0.01816
1403715297.562483787536621,0.00644,0.00037,0.00312,0.00534,0.00156,0.00484,0.02167
1403715297.612494468688965,0.00626,0.00037,0.00161,0.00505,0.00040,0.00484,0.01852
1403715297.662519454956055,0.00617,0.00034,0.00254,0.00512,0.01076,0.00470,0.02963
1403715297.712529182434082,0.00620,0.00038,0.00004,0.00680,0.00001,0.00576,0.01919
1403715297.762515306472778,0.00620,0.00038,0.01909,0.00640,0.00376,0.00484,0.04067
1403715297.812498569488525,0.00605,0.00041,0.00116,0.00659,0.00001,0.00477,0.01899
1403715297.862478017807007,0.00762,0.00044,0.01259,0.00622,0.00405,0.00515,0.03608
1403715297.912448644638062,0.00594,0.00038,0.00031,0.00640,0.00046,0.00452,0.01802
1403715297.962423086166382,0.00585,0.00037,0.00051,0.00667,0.00001,0.00456,0.01797
1403715298.012423753738403,0.00797,0.00036,0.00105,0.00568,0.00009,0.00485,0.01999
1403715298.062431097030640,0.00681,0.00036,0.00036,0.00539,0.00001,0.00457,0.01750
1403715298.112445354461670,0.00661,0.00036,0.00131,0.00481,0.00004,0.00485,0.01798
1403715298.162477731704712,0.00646,0.00033,0.00069,0.00431,0.00384,0.00478,0.02041
1403715298.212503671646118,0.00620,0.00036,0.00046,0.00413,0.00001,0.00476,0.01592
1403715298.262521743774414,0.00623,0.00034,0.00037,0.00387,0.00505,0.00456,0.02043
1403715298.312533617019653,0.00613,0.00036,0.00062,0.00437,0.00002,0.00473,0.01622
1403715298.362545251846313,0.00849,0.00033,0.00662,0.00402,0.01908,0.00482,0.04336
1403715298.412541389465332,0.00822,0.00040,0.00009,0.00675,0.00001,0.00476,0.02022
1403715298.462549686431885,0.00696,0.00040,0.01083,0.00638,0.00064,0.00479,0.03001
1403715298.512551546096802,0.00673,0.00039,0.00015,0.00645,0.00000,0.00493,0.01866
1403715298.562553644180298,0.00799,0.00045,0.01096,0.00633,0.00578,0.00540,0.03692
1403715298.612551689147949,0.00654,0.00041,0.00126,0.00741,0.00001,0.00494,0.02057
1403715298.662549495697021,0.00655,0.00043,0.00021,0.00744,0.00001,0.00528,0.01991
1403715298.712544918060303,0.00650,0.00041,0.00037,0.00696,0.00001,0.00528,0.01952
1403715298.762544155120850,0.00653,0.00039,0.00077,0.00686,0.00063,0.00490,0.02006
1403715298.812545776367188,0.00628,0.00040,0.00004,0.00689,0.00001,0.00482,0.01843
1403715298.862550973892212,0.00660,0.00043,0.00007,0.00699,0.00001,0.00477,0.01887
1403715298.912560224533081,0.00667,0.00039,0.01534,0.00683,0.00404,0.00534,0.03862
1403715298.962559700012207,0.00733,0.00045,0.00791,0.00779,0.00001,0.00526,0.02875
1403715299.012559413909912,0.00655,0.00046,0.00005,0.00844,0.00001,0.00489,0.02039
1403715299.062561988830566,0.00641,0.00039,0.00926,0.00711,0.00007,0.00463,0.02787
1403715299.112558841705322,0.00797,0.00041,0.00009,0.00703,0.00001,0.00492,0.02043
1403715299.162552118301392,0.00634,0.00040,0.00921,0.00669,0.00115,0.00483,0.02862
1403715299.212546110153198,0.00623,0.00040,0.00025,0.00722,0.00048,0.00453,0.01912
1403715299.262544393539429,0.00636,0.00040,0.00003,0.00716,0.00001,0.00482,0.01879
1403715299.312538146972656,0.00604,0.00041,0.00133,0.00641,0.00001,0.00457,0.01877
1403715299.362535476684570,0.00649,0.00040,0.00413,0.00584,0.00035,0.00477,0.02199
1403715299.412537574768066,0.00844,0.00036,0.00033,0.00583,0.00001,0.00465,0.01961
1403715299.462539672851562,0.00693,0.00038,0.00142,0.00504,0.00039,0.00470,0.01886
1403715299.512541532516479,0.00653,0.00035,0.00183,0.00504,0.00804,0.00483,0.02663
1403715299.562540531158447,0.00641,0.00037,0.00092,0.00495,0.01015,0.00479,0.02757
1403715299.612540960311890,0.00619,0.00038,0.00079,0.00612,0.00042,0.00469,0.01858
1403715299.662538766860962,0.00906,0.00037,0.00943,0.00553,0.00232,0.00487,0.03158
1403715299.712534666061401,0.00616,0.00036,0.00025,0.00565,0.00001,0.00451,0.01694
1403715299.762526988983154,0.00618,0.00036,0.00118,0.00529,0.01024,0.00480,0.02804
1403715299.812515497207642,0.00629,0.00040,0.00081,0.00645,0.00001,0.00466,0.01862
1403715299.862509250640869,0.00883,0.00031,0.00168,0.00587,0.00001,0.00468,0.02137
1403715299.912508964538574,0.00631,0.00039,0.00049,0.00560,0.00075,0.00480,0.01835
1403715299.962513446807861,0.00839,0.00037,0.00997,0.00445,0.00524,0.00486,0.03329
1403715300.012504577636719,0.00709,0.00038,0.00047,0.00559,0.00002,0.00500,0.01855
1403715300.062506437301636,0.00701,0.00039,0.00061,0.00368,0.00068,0.00561,0.01798
1403715300.112510204315186,0.00665,0.00034,0.00109,0.00321,0.00368,0.00475,0.01972
1403715300.162502527236938,0.00660,0.00035,0.00129,0.00357,0.00075,0.00483,0.01739
1403715300.212510108947754,0.00781,0.00034,0.00133,0.00413,0.00841,0.00478,0.02681
1403715300.262507438659668,0.00634,0.00036,0.00021,0.00513,0.01252,0.00467,0.02923
1403715300.312507390975952,0.00635,0.00040,0.00004,0.00719,0.00001,0.00488,0.01886
1403715300.362507820129395,0.00731,0.00042,0.00099,0.00658,0.00086,0.00475,0.02090
1403715300.412493944168091,0.00625,0.00039,0.00375,0.00720,0.00322,0.00473,0.02554
1403715300.462488651275635,0.00648,0.00039,0.00020,0.00824,0.00046,0.00479,0.02057
1403715300.512495517730713,0.00607,0.00040,0.01363,0.00802,0.00387,0.00480,0.03680
1403715300.562489271163940,0.00600,0.00041,0.00918,0.00873,0.00197,0.00485,0.03113
1403715300.612486600875854,0.00693,0.00041,0.00136,0.00926,0.00003,0.00481,0.02280
1403715300.662487268447876,0.00619,0.00041,0.00003,0.00877,0.00001,0.00482,0.02023
1403715300.712486028671265,0.00627,0.00040,0.00032,0.00876,0.00010,0.00470,0.02054
1403715300.762488365173340,0.00752,0.00043,0.00045,0.00883,0.00011,0.00501,0.02235
1403715300.812497138977051,0.00633,0.00040,0.00441,0.00858,0.00040,0.00486,0.02497
1403715300.862502813339233,0.00657,0.00045,0.00005,0.00882,0.00200,0.00454,0.02242
1403715300.912506580352783,0.00752,0.00040,0.00056,0.00898,0.00001,0.00476,0.02222
1403715300.962508678436279,0.00619,0.00038,0.00161,0.00908,0.00010,0.00476,0.02211
1403715301.012515068054199,0.00601,0.00042,0.00041,0.00905,0.00007,0.00477,0.02073
1403715301.062516450881958,0.00676,0.00044,0.00100,0.00956,0.00001,0.00518,0.02296
1403715301.112536191940308,0.00725,0.00043,0.01326,0.00883,0.00200,0.00509,0.03686
1403715301.162536382675171,0.00610,0.00040,0.01270,0.00892,0.00002,0.00601,0.03415
1403715301.212538957595825,0.00613,0.00042,0.00016,0.00826,0.00001,0.00472,0.01970
1403715301.262531518936157,0.00609,0.00037,0.00008,0.00821,0.00001,0.00473,0.01949
1403715301.312528848648071,0.00782,0.00064,0.00176,0.00802,0.00052,0.00502,0.02378
1403715301.362518548965454,0.00650,0.00038,0.00010,0.00816,0.00009,0.00501,0.02024
1403715301.412509441375732,0.00642,0.00039,0.00231,0.00816,0.00049,0.00485,0.02263
1403715301.462489366531372,0.00779,0.00040,0.00043,0.00821,0.00007,0.00469,0.02159
1403715301.512480974197388,0.00673,0.00039,0.00004,0.00843,0.00001,0.00554,0.02113
1403715301.562479257583618,0.00651,0.00040,0.00004,0.00798,0.00009,0.00500,0.02002
1403715301.612473964691162,0.00669,0.00039,0.00500,0.00764,0.00121,0.00523,0.02617
1403715301.662467956542969,0.00618,0.00036,0.00267,0.00782,0.00001,0.00489,0.02193
1403715301.712455511093140,0.00764,0.00038,0.00817,0.00837,0.00392,0.00457,0.03305
1403715301.762435197830200,0.00623,0.00040,0.00849,0.00835,0.00438,0.00456,0.03242
1403715301.812414407730103,0.00591,0.00042,0.00015,0.00847,0.00048,0.00485,0.02029
1403715301.862384080886841,0.00632,0.00048,0.01378,0.00805,0.00049,0.00466,0.03378
1403715301.912379503250122,0.00613,0.00042,0.00173,0.00838,0.00048,0.00492,0.02206
1403715301.962377548217773,0.00598,0.00041,0.00147,0.00869,0.00089,0.00460,0.02204
1403715302.012373447418213,0.00822,0.00040,0.00282,0.00939,0.00001,0.00478,0.02562
1403715302.062373638153076,0.00613,0.00039,0.00088,0.00929,0.00001,0.00468,0.02138
1403715302.112376689910889,0.00615,0.00041,0.00022,0.00906,0.00001,0.00475,0.02060
1403715302.162376642227173,0.00601,0.00041,0.00004,0.00862,0.00010,0.00481,0.01999
1403715302.212378025054932,0.00603,0.00039,0.00096,0.00852,0.00007,0.00489,0.02086
1403715302.262377738952637,0.00614,0.00040,0.00024,0.00860,0.00048,0.00487,0.02073
1403715302.312379121780396,0.00605,0.00042,0.00896,0.00879,0.00204,0.00484,0.03110
1403715302.362380981445312,0.00603,0.00040,0.00876,0.00903,0.00001,0.00470,0.02892
1403715302.412382364273071,0.00588,0.00042,0.00131,0.00974,0.00001,0.00490,0.02226
1403715302.462381124496460,0.00590,0.00051,0.01014,0.00887,0.00001,0.00478,0.03020
1403715302.512378454208374,0.00555,0.00043,0.00162,0.00868,0.00001,0.00481,0.02109
1403715302.562378168106079,0.00598,0.00056,0.00016,0.00911,0.00001,0.00458,0.02040
1403715302.612379789352417,0.00589,0.00041,0.00387,0.00832,0.00050,0.00485,0.02384
1403715302.662381887435913,0.00586,0.00040,0.00010,0.00865,0.00007,0.00460,0.01968
1403715302.712381839752197,0.00840,0.00039,0.00014,0.00842,0.00002,0.00497,0.02234
1403715302.762383937835693,0.00666,0.00038,0.00009,0.00853,0.00007,0.00492,0.02065
1403715302.812385082244873,0.00680,0.00038,0.00011,0.00841,0.00010,0.00490,0.02070
1403715302.862384319305420,0.00679,0.00056,0.00076,0.00854,0.00001,0.00488,0.02154
1403715302.912382125854492,0.00662,0.00038,0.00771,0.00801,0.00356,0.00495,0.03124
1403715302.962384462356567,0.00670,0.00041,0.00940,0.00851,0.00001,0.00502,0.03005
1403715303.012381315231323,0.00684,0.00039,0.00025,0.00845,0.00001,0.00494,0.02089
1403715303.062385559082031,0.00651,0.00037,0.00873,0.00757,0.00326,0.00498,0.03142
1403715303.112387180328369,0.00824,0.00043,0.00102,0.00924,0.00234,0.00516,0.02643
1403715303.162390232086182,0.00722,0.00040,0.00031,0.00902,0.00051,0.00479,0.02224
1403715303.212378025054932,0.00613,0.00037,0.00390,0.00865,0.00001,0.00578,0.02484
1403715303.262356519699097,0.00616,0.00040,0.02091,0.00767,0.00117,0.00530,0.04162
1403715303.312355756759644,0.00613,0.00040,0.00073,0.00723,0.00145,0.00487,0.02081
1403715303.362353324890137,0.00634,0.00036,0.00071,0.00645,0.00051,0.00477,0.01913
1403715303.412350654602051,0.00639,0.00039,0.00073,0.00623,0.00112,0.00479,0.01965
1403715303.462346076965332,0.00597,0.00042,0.00092,0.00562,0.00066,0.00464,0.01823
1403715303.512333631515503,0.00926,0.00037,0.00080,0.00555,0.00044,0.00555,0.02197
1403715303.562302350997925,0.00683,0.00034,0.00296,0.00515,0.01210,0.00500,0.03238
1403715303.612283945083618,0.00667,0.00037,0.00121,0.00536,0.00001,0.00477,0.01838
1403715303.662258148193359,0.00775,0.00039,0.00309,0.00409,0.00440,0.00452,0.02424
1403715303.712243080139160,0.00641,0.00037,0.00232,0.00418,0.00142,0.00473,0.01942
1403715303.762233257293701,0.00609,0.00035,0.00116,0.00467,0.00027,0.00456,0.01711
1403715303.812230587005615,0.00584,0.00032,0.00088,0.00485,0.00188,0.00460,0.01839
1403715303.862227678298950,0.01099,0.00034,0.00041,0.00440,0.01692,0.00467,0.03771
1403715303.912222862243652,0.00682,0.00036,0.00178,0.00563,0.00001,0.00463,0.01921
1403715303.962225198745728,0.00656,0.00037,0.00026,0.00525,0.00001,0.00468,0.01713
1403715304.012225627899170,0.00641,0.00035,0.00047,0.00501,0.00038,0.00482,0.01744
1403715304.062246084213257,0.00636,0.00036,0.01784,0.00508,0.01801,0.00472,0.05237
1403715304.112245082855225,0.00602,0.00038,0.00003,0.00760,0.00001,0.00477,0.01882
1403715304.162243127822876,0.00635,0.00034,0.00101,0.00722,0.00062,0.00477,0.02031
1403715304.212238550186157,0.00747,0.00041,0.00117,0.00715,0.00001,0.00471,0.02092
1403715304.262237310409546,0.00657,0.00038,0.00016,0.00720,0.00066,0.00507,0.02004
1403715304.312236547470093,0.00610,0.00039,0.00004,0.00758,0.00198,0.00475,0.02085
1403715304.362238407135010,0.00618,0.00037,0.00004,0.00781,0.00001,0.00474,0.01915
1403715304.412239789962769,0.00631,0.00038,0.01477,0.00735,0.00453,0.00480,0.03814
1403715304.462240219116211,0.00616,0.00042,0.00004,0.00863,0.00001,0.00474,0.02000
1403715304.512240409851074,0.00622,0.00041,0.00009,0.00834,0.00001,0.00476,0.01983
1403715304.562241077423096,0.00628,0.00039,0.00003,0.00778,0.00001,0.00462,0.01911
1403715304.612241983413696,0.00643,0.00040,0.00138,0.00783,0.00010,0.00494,0.02107
1403715304.662245512008667,0.00616,0.00052,0.01595,0.00733,0.00308,0.00485,0.03790
1403715304.712247848510742,0.00622,0.00041,0.00003,0.00820,0.00001,0.00474,0.01961
1403715304.762248277664185,0.00781,0.00043,0.00076,0.00733,0.00004,0.00462,0.02098
1403715304.812250137329102,0.00600,0.00040,0.00020,0.00697,0.00002,0.00475,0.01834
1403715304.862249612808228,0.00619,0.00039,0.00029,0.00705,0.00075,0.00469,0.01936
1403715304.912250280380249,0.00586,0.00042,0.00022,0.00679,0.00005,0.00465,0.01799
1403715304.962251424789429,0.00582,0.00039,0.00004,0.00675,0.00001,0.00477,0.01778
1403715305.012254476547241,0.00588,0.00041,0.01022,0.00640,0.00852,0.00460,0.03604
1403715305.062255620956421,0.00571,0.00040,0.00003,0.00770,0.00001,0.00465,0.01850
1403715305.112256050109863,0.00594,0.00042,0.00003,0.00771,0.00001,0.00464,0.01875
1403715305.162252187728882,0.00589,0.00041,0.00003,0.00804,0.00001,0.00482,0.01920
1403715305.212249755859375,0.00631,0.00045,0.00005,0.00831,0.00042,0.00497,0.02051
1403715305.262245416641235,0.00599,0.00040,0.01373,0.00750,0.00417,0.00468,0.03648
1403715305.312245130538940,0.00765,0.00040,0.00003,0.00855,0.00001,0.00470,0.02134
1403715305.362245082855225,0.00566,0.00044,0.00017,0.00862,0.00001,0.00465,0.01956
1403715305.412245512008667,0.00589,0.00044,0.00087,0.00858,0.00001,0.00473,0.02052
1403715305.462245225906372,0.00621,0.00043,0.00012,0.00837,0.00001,0.00466,0.01979
1403715305.512245893478394,0.00594,0.00043,0.00012,0.00815,0.00001,0.00486,0.01951
1403715305.562246084213257,0.00582,0.00041,0.00023,0.00825,0.00050,0.00450,0.01970
1403715305.612244129180908,0.00601,0.00039,0.00938,0.00798,0.00001,0.00483,0.02861
1403715305.662244796752930,0.00600,0.00041,0.00016,0.00788,0.00001,0.00461,0.01908
1403715305.712243556976318,0.00609,0.00042,0.00014,0.00791,0.00049,0.00494,0.01999
1403715305.762239933013916,0.00610,0.00041,0.00009,0.00758,0.00001,0.00473,0.01893
1403715305.812235832214355,0.00597,0.00042,0.00024,0.00715,0.00079,0.00472,0.01930
1403715305.862224340438843,0.00755,0.00055,0.01222,0.00678,0.00426,0.00470,0.03605
1403715305.912220954895020,0.00588,0.00044,0.00028,0.00736,0.00009,0.00466,0.01870
1403715305.962220430374146,0.00602,0.00039,0.00017,0.00747,0.00228,0.00445,0.02079
1403715306.012217521667480,0.00571,0.00043,0.00004,0.00796,0.00118,0.00467,0.01999
1403715306.062216281890869,0.00588,0.00039,0.00004,0.00798,0.00205,0.00479,0.02112
1403715306.112215995788574,0.00565,0.00042,0.00173,0.00832,0.00001,0.00467,0.02079
1403715306.162217378616333,0.00610,0.00039,0.00016,0.00837,0.00010,0.00462,0.01975
1403715306.212215900421143,0.00571,0.00046,0.01842,0.00792,0.00203,0.00457,0.03910
1403715306.262214899063110,0.00609,0.00062,0.00010,0.00877,0.00001,0.00487,0.02046
1403715306.312215328216553,0.00588,0.00041,0.00016,0.00817,0.00001,0.00468,0.01932
1403715306.362213373184204,0.00597,0.00038,0.00004,0.00817,0.00001,0.00462,0.01918
1403715306.412211656570435,0.00867,0.00038,0.00082,0.00769,0.00149,0.00483,0.02389
1403715306.462211847305298,0.00653,0.00040,0.01040,0.00720,0.00383,0.00502,0.03338
1403715306.512215375900269,0.00631,0.00039,0.00025,0.00804,0.00038,0.00480,0.02016
1403715306.562218189239502,0.01101,0.00036,0.00068,0.00800,0.00001,0.00484,0.02490
1403715306.612219810485840,0.00683,0.00037,0.00065,0.00776,0.00001,0.00502,0.02065
1403715306.662221193313599,0.00654,0.00039,0.00179,0.00748,0.00001,0.00474,0.02095
1403715306.712224960327148,0.00741,0.00040,0.00140,0.00637,0.00182,0.00488,0.02228
1403715306.762227535247803,0.00662,0.00038,0.00059,0.00657,0.00038,0.00469,0.01923
1403715306.812227249145508,0.00613,0.00037,0.01137,0.00600,0.01099,0.00685,0.04171
1403715306.862231016159058,0.00614,0.00038,0.00336,0.00742,0.00001,0.00473,0.02203
1403715306.912232637405396,0.00843,0.00036,0.00401,0.00691,0.00001,0.00469,0.02441
1403715306.962236166000366,0.00658,0.00035,0.00105,0.00669,0.00217,0.00553,0.02237
1403715307.012237787246704,0.00716,0.00040,0.00208,0.00675,0.00037,0.00468,0.02144
1403715307.062239408493042,0.00637,0.00039,0.00191,0.00525,0.00676,0.00470,0.02538
1403715307.112240076065063,0.00701,0.00038,0.00545,0.00597,0.01077,0.00506,0.03464
1403715307.162237644195557,0.00629,0.00040,0.00067,0.00785,0.00045,0.00473,0.02040
1403715307.212231636047363,0.00591,0.00040,0.00068,0.00806,0.00001,0.00444,0.01950
1403715307.262226819992065,0.00691,0.00039,0.00089,0.00844,0.00001,0.00593,0.02258
1403715307.312218904495239,0.00871,0.00041,0.00105,0.00862,0.00126,0.00493,0.02498
1403715307.362217187881470,0.00648,0.00039,0.00140,0.00749,0.00147,0.00466,0.02190
1403715307.412214756011963,0.00694,0.00039,0.00857,0.00684,0.00229,0.00507,0.03010
1403715307.462221145629883,0.00665,0.00039,0.01287,0.00719,0.00536,0.00452,0.03698
1403715307.512222051620483,0.00647,0.00041,0.00084,0.00644,0.00004,0.00512,0.01931
1403715307.562222957611084,0.00624,0.00040,0.00049,0.00567,0.00001,0.00462,0.01742
1403715307.612225055694580,0.00595,0.00040,0.00034,0.00519,0.00036,0.00468,0.01692
1403715307.662224531173706,0.00636,0.00037,0.00042,0.00455,0.00166,0.00454,0.01789
1403715307.712221860885620,0.00823,0.00033,0.00019,0.00407,0.00520,0.00473,0.02275
1403715307.762216091156006,0.00628,0.00034,0.00041,0.00461,0.00001,0.00461,0.01626
1403715307.812211990356445,0.00966,0.00029,0.00116,0.00377,0.00001,0.00468,0.01957
1403715307.862185716629028,0.00667,0.00033,0.00772,0.00321,0.02761,0.00459,0.05012
1403715307.912182569503784,0.00683,0.00040,0.00078,0.00682,0.00002,0.00557,0.02041
1403715307.962180137634277,0.00598,0.00038,0.00050,0.00640,0.00037,0.00459,0.01821
1403715308.012179374694824,0.00608,0.00036,0.00170,0.00551,0.00858,0.00454,0.02677
1403715308.062176942825317,0.00592,0.00039,0.00907,0.00634,0.00525,0.00480,0.03177
1403715308.112178087234497,0.00596,0.00041,0.00004,0.00739,0.00001,0.00460,0.01840
1403715308.162179708480835,0.00585,0.00039,0.00003,0.00680,0.00001,0.00450,0.01758
1403715308.212179899215698,0.00897,0.00043,0.00103,0.00583,0.00224,0.00470,0.02322
1403715308.262179136276245,0.00664,0.00039,0.00463,0.00580,0.00468,0.00476,0.02691
1403715308.312181949615479,0.00664,0.00039,0.00055,0.00626,0.00004,0.00475,0.01862
1403715308.362180948257446,0.00784,0.00038,0.01182,0.00524,0.00721,0.00468,0.03716
1403715308.412181138992310,0.00651,0.00041,0.00048,0.00611,0.00001,0.00494,0.01846
1403715308.462175846099854,0.00629,0.00038,0.00181,0.00534,0.00740,0.00489,0.02612
1403715308.512175559997559,0.00616,0.00041,0.00018,0.00641,0.00000,0.00472,0.01789
1403715308.562176704406738,0.00603,0.00039,0.00013,0.00643,0.00036,0.00463,0.01798
1403715308.612176895141602,0.00596,0.00041,0.00086,0.00624,0.00117,0.00454,0.01917
1403715308.662178039550781,0.00583,0.00040,0.00588,0.00634,0.00746,0.00480,0.03071
1403715308.712182283401489,0.00591,0.00044,0.00004,0.00808,0.00001,0.00462,0.01911
1403715308.762186765670776,0.00584,0.00038,0.01910,0.00786,0.00001,0.00452,0.03770
1403715308.812192678451538,0.00588,0.00041,0.00004,0.00777,0.00001,0.00486,0.01896
1403715308.862195730209351,0.00581,0.00042,0.00033,0.00821,0.00008,0.00441,0.01927
1403715308.912198066711426,0.00730,0.00043,0.00004,0.00777,0.00001,0.00473,0.02027
1403715308.962202787399292,0.00585,0.00041,0.00953,0.00767,0.00189,0.00518,0.03053
1403715309.012203693389893,0.00584,0.00043,0.00004,0.00814,0.00001,0.00481,0.01927
1403715309.062205791473389,0.00606,0.00040,0.00178,0.00787,0.00001,0.00449,0.02061
1403715309.112205743789673,0.00598,0.00041,0.00048,0.00792,0.00001,0.00473,0.01953
1403715309.162204980850220,0.00606,0.00042,0.00045,0.00776,0.00002,0.00467,0.01938
1403715309.212205410003662,0.00600,0.00043,0.00004,0.00772,0.00011,0.00466,0.01896
1403715309.262205839157104,0.00609,0.00042,0.00576,0.00754,0.00192,0.00463,0.02637
1403715309.312206268310547,0.00581,0.00043,0.00200,0.00827,0.00006,0.00489,0.02146
1403715309.362206220626831,0.00616,0.00042,0.01564,0.00887,0.00444,0.00496,0.04049
1403715309.412207841873169,0.00700,0.00044,0.00004,0.00887,0.00001,0.00521,0.02157
1403715309.462224245071411,0.00705,0.00040,0.00557,0.00796,0.00001,0.00443,0.02541
1403715309.512235641479492,0.00716,0.00039,0.00085,0.00787,0.00046,0.00487,0.02160
1403715309.562239408493042,0.00633,0.00038,0.00865,0.00819,0.00001,0.00472,0.02828
1403715309.612240552902222,0.00817,0.00042,0.00004,0.00826,0.00001,0.00468,0.02156
1403715309.662242412567139,0.00608,0.00038,0.00325,0.00817,0.00001,0.00475,0.02264
1403715309.712246417999268,0.00623,0.00042,0.00004,0.00826,0.00001,0.00475,0.01970
1403715309.762251853942871,0.00612,0.00041,0.00105,0.00785,0.00001,0.00480,0.02023
1403715309.812256574630737,0.00607,0.00043,0.00004,0.00789,0.00206,0.00479,0.02129
1403715309.862260580062866,0.00598,0.00039,0.00517,0.00854,0.00001,0.00507,0.02518
1403715309.912262201309204,0.00599,0.00042,0.00089,0.00829,0.00001,0.00479,0.02039
1403715309.962258815765381,0.00605,0.00041,0.01452,0.00788,0.00001,0.00480,0.03366
1403715310.012267112731934,0.00702,0.00043,0.00004,0.00805,0.00001,0.00476,0.02030
1403715310.062282323837280,0.00646,0.00040,0.01289,0.00756,0.00038,0.00514,0.03284
1403715310.112288713455200,0.00628,0.00044,0.00020,0.00777,0.00001,0.00470,0.01940
1403715310.162292718887329,0.00794,0.00039,0.00736,0.00692,0.00304,0.00449,0.03014
1403715310.212289094924927,0.00623,0.00041,0.00029,0.00663,0.00001,0.00464,0.01822
1403715310.262284755706787,0.00590,0.00039,0.00083,0.00658,0.00246,0.00450,0.02065
1403715310.312284469604492,0.00724,0.00039,0.00073,0.00618,0.00002,0.00462,0.01919
1403715310.362285852432251,0.00630,0.00035,0.00023,0.00599,0.00006,0.00460,0.01753
1403715310.412283420562744,0.00629,0.00037,0.00032,0.00543,0.00042,0.00453,0.01737
1403715310.462281227111816,0.00806,0.00036,0.00120,0.00505,0.00508,0.00479,0.02454
1403715310.512280225753784,0.00615,0.00054,0.00009,0.00643,0.00001,0.00488,0.01809
1403715310.562276124954224,0.00805,0.00040,0.00939,0.00499,0.01247,0.00450,0.03980
1403715310.612275600433350,0.00770,0.00036,0.00096,0.00650,0.00001,0.00480,0.02033
1403715310.662275552749634,0.00626,0.00035,0.00712,0.00626,0.00402,0.00466,0.02868
1403715310.712274074554443,0.00642,0.00039,0.00034,0.00678,0.00045,0.00460,0.01897
1403715310.762269735336304,0.00620,0.00039,0.00018,0.00703,0.00582,0.00460,0.02423
1403715310.812264919281006,0.00612,0.00042,0.00015,0.00780,0.00001,0.00475,0.01924
1403715310.862257242202759,0.00793,0.00041,0.00698,0.00745,0.00201,0.00482,0.02960
1403715310.912254095077515,0.00622,0.00042,0.00087,0.00725,0.00117,0.00480,0.02073
1403715310.962250471115112,0.00613,0.00042,0.00021,0.00754,0.00047,0.00490,0.01967
1403715311.012248754501343,0.00624,0.00040,0.00809,0.00748,0.00049,0.00482,0.02753
1403715311.062248468399048,0.00596,0.00041,0.00112,0.00786,0.00001,0.00467,0.02003
1403715311.112251996994019,0.00592,0.00039,0.00018,0.00764,0.00001,0.00476,0.01889
1403715311.162260055541992,0.00587,0.00038,0.01753,0.00729,0.00346,0.00476,0.03929
1403715311.212262868881226,0.00611,0.00041,0.00018,0.00763,0.00001,0.00473,0.01907
1403715311.262267589569092,0.00720,0.00042,0.00678,0.00747,0.00079,0.00469,0.02736
1403715311.312269210815430,0.00586,0.00042,0.00068,0.00733,0.00001,0.00481,0.01911
1403715311.362274169921875,0.00573,0.00038,0.00062,0.00726,0.00001,0.00464,0.01863
1403715311.412278413772583,0.00732,0.00041,0.00004,0.00703,0.00001,0.00457,0.01938
1403715311.462280988693237,0.00836,0.00040,0.00587,0.00764,0.00318,0.00589,0.03133
1403715311.512283325195312,0.00989,0.00052,0.00104,0.00813,0.00208,0.00537,0.02703
1403715311.562283277511597,0.00793,0.00047,0.00205,0.00890,0.00061,0.00559,0.02555
1403715311.612283945083618,0.00814,0.00042,0.00854,0.00958,0.00001,0.00719,0.03389
1403715311.662284135818481,0.00852,0.00040,0.00028,0.00764,0.00001,0.00512,0.02197
1403715311.712283134460449,0.00633,0.00040,0.00121,0.00675,0.00001,0.00489,0.01959
1403715311.762282848358154,0.00617,0.00039,0.01422,0.00644,0.00335,0.00500,0.03557
1403715311.812283515930176,0.00598,0.00043,0.00015,0.00722,0.00046,0.00456,0.01880
1403715311.862283945083618,0.00599,0.00039,0.00758,0.00736,0.00036,0.00478,0.02646
1403715311.912283897399902,0.00594,0.00039,0.00058,0.00713,0.00001,0.00475,0.01880
1403715311.962282419204712,0.00762,0.00041,0.00134,0.00620,0.00001,0.00475,0.02033
1403715312.012275218963623,0.00593,0.00042,0.01569,0.00595,0.00412,0.00493,0.03704
1403715312.062274456024170,0.00577,0.00040,0.00343,0.00618,0.00274,0.00469,0.02321
1403715312.112275123596191,0.00737,0.00040,0.00018,0.00712,0.00001,0.00471,0.01979
1403715312.162275552749634,0.00608,0.00040,0.00088,0.00642,0.00001,0.00451,0.01829
1403715312.212276458740234,0.00579,0.00038,0.00313,0.00572,0.00559,0.00470,0.02530
1403715312.262275695800781,0.00730,0.00034,0.00004,0.00671,0.00001,0.00476,0.01915
1403715312.312277317047119,0.00599,0.00039,0.00165,0.00545,0.00042,0.00498,0.01888
1403715312.362280607223511,0.00582,0.00038,0.00966,0.00504,0.00670,0.00578,0.03339
1403715312.412281990051270,0.00569,0.00039,0.00107,0.00526,0.00047,0.00447,0.01735
1403715312.462283611297607,0.00674,0.00036,0.00527,0.00487,0.00661,0.00473,0.02858
1403715312.512284040451050,0.00578,0.00040,0.00121,0.00626,0.00046,0.00455,0.01866
1403715312.562281608581543,0.00661,0.00038,0.00139,0.00532,0.00039,0.00469,0.01878
1403715312.612286806106567,0.00587,0.00038,0.00688,0.00551,0.00513,0.00462,0.02839
1403715312.662286043167114,0.00826,0.00039,0.00169,0.00583,0.00369,0.00478,0.02465
1403715312.712286710739136,0.00582,0.00036,0.00101,0.00630,0.00001,0.00455,0.01805
1403715312.762281894683838,0.00695,0.00036,0.00075,0.00565,0.00002,0.00471,0.01843
1403715312.812285423278809,0.00647,0.00037,0.00722,0.00543,0.00597,0.00495,0.03041
1403715312.862285137176514,0.00597,0.00035,0.00034,0.00632,0.00047,0.00439,0.01784
1403715312.912284374237061,0.00639,0.00038,0.00025,0.00572,0.00001,0.00465,0.01740
1403715312.962284326553345,0.00629,0.00038,0.00225,0.00535,0.00813,0.00499,0.02739
1403715313.012284278869629,0.00659,0.00037,0.00357,0.00627,0.00344,0.00472,0.02496
1403715313.062284946441650,0.00615,0.00036,0.00355,0.00627,0.00047,0.00509,0.02190
1403715313.112286329269409,0.00610,0.00042,0.00752,0.00569,0.00189,0.00461,0.02624
1403715313.162284612655640,0.00623,0.00036,0.00027,0.00605,0.00079,0.00471,0.01842
1403715313.212278366088867,0.00725,0.00041,0.00658,0.00597,0.00387,0.00477,0.02885
1403715313.262275695800781,0.00641,0.00040,0.00122,0.00597,0.00001,0.00455,0.01855
1403715313.312273502349854,0.00648,0.00039,0.00021,0.00583,0.00434,0.00450,0.02176
1403715313.362272739410400,0.00572,0.00042,0.00171,0.00675,0.00030,0.00462,0.01951
1403715313.412271261215210,0.00616,0.00042,0.00471,0.00651,0.00088,0.00464,0.02333
1403715313.462270498275757,0.00560,0.00048,0.00071,0.00696,0.00266,0.00457,0.02099
1403715313.512270689010620,0.00562,0.00038,0.00236,0.00741,0.00001,0.00469,0.02047
1403715313.562271833419800,0.00626,0.00041,0.00595,0.00666,0.00001,0.00476,0.02406
1403715313.612274169921875,0.00562,0.00042,0.00174,0.00751,0.00001,0.00470,0.02000
1403715313.662278175354004,0.00555,0.00040,0.00310,0.00610,0.00107,0.00465,0.02088
1403715313.712281465530396,0.00855,0.00043,0.00759,0.00785,0.00001,0.00503,0.02946
1403715313.762281179428101,0.00597,0.00041,0.00023,0.00695,0.00046,0.00506,0.01908
1403715313.812283039093018,0.00635,0.00041,0.00752,0.00702,0.00001,0.00467,0.02597
1403715313.862286329269409,0.00658,0.00036,0.00675,0.00658,0.00002,0.00509,0.02537
1403715313.912284135818481,0.00594,0.00037,0.00014,0.00624,0.00001,0.00474,0.01744
1403715313.962288618087769,0.00583,0.00040,0.00101,0.00601,0.00252,0.00447,0.02023
1403715314.012300729751587,0.00594,0.00040,0.00285,0.00684,0.00049,0.00458,0.02111
1403715314.062309026718140,0.00560,0.00041,0.00167,0.00666,0.00049,0.00470,0.01953
1403715314.112309217453003,0.00588,0.00036,0.00026,0.00693,0.00200,0.00474,0.02016
1403715314.162313222885132,0.00713,0.00040,0.00582,0.00595,0.00035,0.00474,0.02439
1403715314.212315797805786,0.00620,0.00040,0.00161,0.00425,0.00167,0.00470,0.01883
1403715314.262316465377808,0.00588,0.00036,0.00039,0.00392,0.00196,0.00447,0.01697
1403715314.312325000762939,0.00797,0.00030,0.00033,0.00379,0.01010,0.00470,0.02720
1403715314.362323999404907,0.00682,0.00034,0.00059,0.00447,0.00483,0.00457,0.02161
1403715314.412322282791138,0.00594,0.00037,0.00032,0.00467,0.01033,0.00443,0.02606
1403715314.462316274642944,0.00757,0.00048,0.00335,0.00599,0.00369,0.00472,0.02580
1403715314.512310266494751,0.00674,0.00036,0.00038,0.00619,0.00044,0.00458,0.01869
1403715314.562306404113770,0.00589,0.00036,0.00009,0.00640,0.00007,0.00464,0.01745
1403715314.612301111221313,0.00618,0.00037,0.00015,0.00580,0.00299,0.00469,0.02018
1403715314.662298202514648,0.00604,0.00037,0.00010,0.00639,0.00147,0.00464,0.01901
1403715314.712296962738037,0.00575,0.00040,0.00719,0.00631,0.00478,0.00476,0.02919
1403715314.762297391891479,0.00587,0.00037,0.00085,0.00702,0.00567,0.00464,0.02443
1403715314.812297344207764,0.00596,0.00040,0.00081,0.00709,0.00001,0.00470,0.01898
1403715314.862297534942627,0.00696,0.00041,0.00536,0.00669,0.00221,0.00462,0.02626
1403715314.912299394607544,0.00622,0.00039,0.00442,0.00687,0.00241,0.00468,0.02499
1403715314.962299823760986,0.00587,0.00041,0.00089,0.00806,0.00001,0.00478,0.02003
1403715315.012300014495850,0.00735,0.00039,0.00229,0.00788,0.00001,0.00473,0.02264
1403715315.062300682067871,0.00575,0.00042,0.01109,0.00781,0.00001,0.00469,0.02978
1403715315.112297534942627,0.00575,0.00042,0.00004,0.00748,0.00001,0.00466,0.01836
1403715315.162287712097168,0.00721,0.00039,0.00090,0.00736,0.00001,0.00475,0.02061
1403715315.212285518646240,0.00561,0.00040,0.00218,0.00683,0.00046,0.00472,0.02020
1403715315.262282848358154,0.00528,0.00039,0.00042,0.00732,0.00008,0.00462,0.01811
1403715315.312280416488647,0.00804,0.00041,0.00864,0.00700,0.00078,0.00482,0.02969
1403715315.362284898757935,0.00596,0.00040,0.00102,0.00731,0.00036,0.00470,0.01975
1403715315.412288188934326,0.00587,0.00041,0.00010,0.00740,0.00001,0.00480,0.01858
1403715315.462288379669189,0.00770,0.00044,0.00877,0.00686,0.00198,0.00506,0.03081
1403715315.512289285659790,0.00585,0.00038,0.00436,0.00708,0.00161,0.00443,0.02372
1403715315.562290430068970,0.00582,0.00041,0.00067,0.00740,0.00001,0.00467,0.01898
1403715315.612288475036621,0.00657,0.00040,0.00190,0.00724,0.00034,0.00458,0.02103
1403715315.662289381027222,0.00590,0.00040,0.00797,0.00658,0.00194,0.00471,0.02750
1403715315.712289810180664,0.00576,0.00039,0.00058,0.00665,0.00001,0.00466,0.01804
1403715315.762290716171265,0.00562,0.00041,0.00053,0.00667,0.00165,0.00442,0.01930
1403715315.812291383743286,0.00871,0.00042,0.00193,0.00713,0.00178,0.00502,0.02500
1403715315.862294435501099,0.00723,0.00038,0.00386,0.00668,0.00050,0.00473,0.02338
1403715315.912299156188965,0.00565,0.00039,0.00826,0.00658,0.00049,0.00456,0.02593
1403715315.962299823760986,0.00584,0.00038,0.00022,0.00680,0.00172,0.00489,0.01985
1403715316.012299299240112,0.00657,0.00038,0.00092,0.00710,0.00223,0.00451,0.02172
1403715316.062298774719238,0.00742,0.00037,0.00767,0.00708,0.00001,0.00474,0.02730
1403715316.112296104431152,0.00743,0.00040,0.00172,0.00669,0.00112,0.00481,0.02218
1403715316.162294864654541,0.00663,0.00039,0.00381,0.00617,0.00254,0.00456,0.02410
1403715316.212293386459351,0.00616,0.00041,0.00025,0.00673,0.00037,0.00475,0.01867
1403715316.262289762496948,0.00606,0.00039,0.00091,0.00638,0.00521,0.00541,0.02435
1403715316.312288045883179,0.00723,0.00035,0.00109,0.00671,0.00001,0.00479,0.02018
1403715316.362295866012573,0.00641,0.00036,0.00595,0.00578,0.00520,0.00467,0.02837
1403715316.412304162979126,0.00699,0.00039,0.00033,0.00635,0.00113,0.00476,0.01996
1403715316.462319850921631,0.00592,0.00047,0.00032,0.00653,0.00115,0.00479,0.01916
1403715316.512339115142822,0.00580,0.00039,0.00531,0.00621,0.00549,0.00477,0.02798
1403715316.562350749969482,0.00708,0.00039,0.00030,0.00723,0.00038,0.00477,0.02015
1403715316.612369537353516,0.00555,0.00037,0.00373,0.00665,0.00206,0.00473,0.02310
1403715316.662379503250122,0.00533,0.00039,0.01156,0.00711,0.00118,0.00474,0.03031
1403715316.712381124496460,0.00579,0.00038,0.00103,0.00726,0.00002,0.00475,0.01923
1403715316.762381315231323,0.00590,0.00041,0.00105,0.00680,0.00198,0.00472,0.02087
1403715316.812382459640503,0.00582,0.00041,0.00110,0.00704,0.00047,0.00473,0.01958
1403715316.862385988235474,0.00592,0.00042,0.01355,0.00653,0.00241,0.00463,0.03346
1403715316.912392139434814,0.00741,0.00038,0.00009,0.00672,0.00001,0.00481,0.01941
1403715316.962395668029785,0.00745,0.00038,0.00565,0.00606,0.00112,0.00477,0.02543
1403715317.012397766113281,0.00622,0.00044,0.00036,0.00626,0.00069,0.00462,0.01859
1403715317.062400579452515,0.00619,0.00039,0.00043,0.00581,0.00001,0.00485,0.01767
1403715317.112408399581909,0.00726,0.00035,0.00064,0.00542,0.00661,0.00474,0.02502
1403715317.162413120269775,0.00606,0.00037,0.00022,0.00573,0.00037,0.00460,0.01736
1403715317.212413072586060,0.00606,0.00037,0.00357,0.00532,0.00564,0.00451,0.02547
1403715317.262414932250977,0.00731,0.00040,0.01031,0.00590,0.00230,0.00468,0.03091
1403715317.312415361404419,0.00595,0.00042,0.00062,0.00652,0.00001,0.00452,0.01804
1403715317.362415790557861,0.00588,0.00039,0.00024,0.00619,0.00143,0.00464,0.01877
1403715317.412415266036987,0.00688,0.00040,0.00093,0.00590,0.00117,0.00459,0.01988
1403715317.462414264678955,0.00765,0.00040,0.02114,0.00581,0.00354,0.00464,0.04317
1403715317.512413024902344,0.00622,0.00038,0.00026,0.00624,0.00070,0.00456,0.01837
1403715317.562412977218628,0.00756,0.00041,0.00527,0.00566,0.00008,0.00481,0.02379
1403715317.612411975860596,0.00601,0.00037,0.00012,0.00534,0.00001,0.00482,0.01667
1403715317.662412166595459,0.00652,0.00037,0.00033,0.00515,0.00042,0.00492,0.01771
1403715317.712410688400269,0.00594,0.00036,0.00024,0.00519,0.00038,0.00511,0.01721
1403715317.762410879135132,0.00591,0.00036,0.00046,0.00510,0.00035,0.00472,0.01691
1403715317.812412261962891,0.00586,0.00037,0.00028,0.00479,0.00199,0.00473,0.01802
1403715317.862408399581909,0.00918,0.00058,0.00577,0.00535,0.01486,0.00577,0.04152
1403715317.912405967712402,0.00764,0.00042,0.00018,0.00757,0.00001,0.00484,0.02067
1403715317.962407350540161,0.00592,0.00039,0.00240,0.00523,0.00001,0.00454,0.01849
1403715318.012403011322021,0.00800,0.00035,0.01060,0.00435,0.01202,0.00456,0.03987
1403715318.062401056289673,0.00630,0.00038,0.01666,0.00629,0.00587,0.00470,0.04021
1403715318.112399816513062,0.00790,0.00037,0.00017,0.00723,0.00001,0.00472,0.02041
1403715318.162397146224976,0.00626,0.00039,0.00086,0.00717,0.00381,0.00473,0.02322
1403715318.212395429611206,0.00637,0.00042,0.00019,0.00756,0.00049,0.00462,0.01966
1403715318.262393951416016,0.00601,0.00041,0.00004,0.00791,0.00001,0.00480,0.01918
1403715318.312394857406616,0.00605,0.00036,0.00019,0.00772,0.00047,0.00486,0.01965
1403715318.362393379211426,0.00609,0.00040,0.00003,0.00791,0.00001,0.00473,0.01918
1403715318.412395954132080,0.00602,0.00038,0.00004,0.00767,0.00001,0.00500,0.01911
1403715318.462398290634155,0.00706,0.00039,0.00462,0.00707,0.00142,0.00457,0.02513
1403715318.512399673461914,0.00620,0.00042,0.00147,0.00675,0.00001,0.00557,0.02042
1403715318.562400579452515,0.00590,0.00038,0.01257,0.00603,0.00871,0.00520,0.03880
1403715318.612398862838745,0.00565,0.00044,0.01001,0.00714,0.00195,0.00471,0.02989
1403715318.662401676177979,0.00543,0.00041,0.01462,0.00651,0.00189,0.00468,0.03354
1403715318.712402582168579,0.00835,0.00035,0.00042,0.00577,0.00001,0.00481,0.01972
1403715318.762402057647705,0.00658,0.00036,0.00023,0.00528,0.00009,0.00463,0.01716
1403715318.812402248382568,0.00717,0.00034,0.00083,0.00498,0.00001,0.00475,0.01807
1403715318.862401962280273,0.00608,0.00032,0.00069,0.00527,0.00036,0.00471,0.01743
1403715318.912401199340820,0.00616,0.00032,0.00008,0.00503,0.00001,0.00475,0.01635
1403715318.962400674819946,0.00629,0.00033,0.00029,0.00487,0.00035,0.00482,0.01695
1403715319.012400627136230,0.00608,0.00034,0.00022,0.00499,0.00001,0.00477,0.01641
1403715319.062401056289673,0.00588,0.00034,0.00026,0.00470,0.00228,0.00527,0.01873
1403715319.112401247024536,0.00593,0.00035,0.00035,0.00452,0.00001,0.00480,0.01595
1403715319.162402868270874,0.00603,0.00035,0.00032,0.00399,0.01723,0.00478,0.03270
1403715319.212403535842896,0.00892,0.00038,0.00646,0.00529,0.00710,0.00475,0.03290
1403715319.262412548065186,0.00612,0.00038,0.02621,0.00632,0.00617,0.00504,0.05023
1403715319.312413454055786,0.00582,0.00040,0.00009,0.00719,0.00001,0.00465,0.01816
1403715319.362422704696655,0.00686,0.00034,0.00032,0.00708,0.00001,0.00470,0.01931
1403715319.412422418594360,0.00601,0.00038,0.00050,0.00653,0.00001,0.00454,0.01797
1403715319.462421417236328,0.00735,0.00040,0.00072,0.00596,0.00001,0.00471,0.01915
1403715319.512418746948242,0.00619,0.00037,0.00095,0.00511,0.00001,0.00462,0.01725
1403715319.562413215637207,0.00614,0.00036,0.00049,0.00498,0.00001,0.00462,0.01660
1403715319.612412929534912,0.00585,0.00034,0.00018,0.00488,0.00001,0.00468,0.01594
1403715319.662406921386719,0.00623,0.00032,0.00024,0.00450,0.00001,0.00478,0.01608
1403715319.712407588958740,0.00611,0.00033,0.00069,0.00434,0.00000,0.00465,0.01612
1403715319.762405872344971,0.00689,0.00032,0.00004,0.00442,0.00969,0.00473,0.02609
1403715319.812407493591309,0.00722,0.00038,0.00134,0.00558,0.00643,0.00480,0.02573
1403715319.862407445907593,0.00651,0.00039,0.02384,0.00680,0.00380,0.00453,0.04588
1403715319.912407159805298,0.00612,0.00043,0.00039,0.00660,0.00001,0.00463,0.01818
1403715319.962404251098633,0.00675,0.00047,0.00064,0.00702,0.00003,0.00491,0.01982
1403715320.012393474578857,0.00830,0.00044,0.01597,0.00768,0.00481,0.00647,0.04368
1403715320.062387943267822,0.00946,0.00041,0.00026,0.00695,0.00001,0.00556,0.02265
1403715320.112385749816895,0.00960,0.00050,0.00163,0.00634,0.00004,0.00551,0.02361
1403715320.162381649017334,0.00685,0.00062,0.00432,0.00704,0.00195,0.00606,0.02684
1403715320.212374925613403,0.00627,0.00035,0.00093,0.00416,0.00077,0.00475,0.01722
1403715320.262370109558105,0.00735,0.00031,0.00117,0.00388,0.00000,0.00478,0.01750
1403715320.312369823455811,0.00636,0.00037,0.00103,0.00425,0.00078,0.00484,0.01764
1403715320.362369775772095,0.00615,0.00036,0.00117,0.00399,0.01350,0.00481,0.02999
1403715320.412377834320068,0.00594,0.00038,0.00060,0.00644,0.00000,0.00467,0.01803
1403715320.462399959564209,0.00726,0.00039,0.01097,0.00627,0.00919,0.00510,0.03918
1403715320.512407779693604,0.00608,0.00043,0.00273,0.00700,0.00001,0.00454,0.02079
1403715320.562415122985840,0.00735,0.00038,0.00027,0.00692,0.00044,0.00478,0.02013
1403715320.612415552139282,0.00750,0.00039,0.01200,0.00693,0.00551,0.00456,0.03690
1403715320.662418603897095,0.00627,0.00040,0.00018,0.00778,0.00001,0.00459,0.01923
1403715320.712417125701904,0.00619,0.00040,0.00019,0.00736,0.00116,0.00473,0.02003
1403715320.762420415878296,0.00606,0.00041,0.00057,0.00755,0.00001,0.00470,0.01930
1403715320.812420368194580,0.00619,0.00036,0.00736,0.00694,0.00348,0.00466,0.02900
1403715320.862418889999390,0.00611,0.00042,0.00106,0.00741,0.00001,0.00475,0.01976
1403715320.912418365478516,0.00585,0.00041,0.00020,0.00674,0.00002,0.00481,0.01803
1403715320.962417602539062,0.00585,0.00040,0.00019,0.00687,0.00232,0.00451,0.02014
1403715321.012416839599609,0.00582,0.00039,0.00036,0.00713,0.00001,0.00534,0.01905
1403715321.062418699264526,0.00767,0.00039,0.00652,0.00689,0.00718,0.00468,0.03333
1403715321.112413406372070,0.00624,0.00040,0.01345,0.00841,0.00001,0.00451,0.03302
1403715321.162411212921143,0.00639,0.00043,0.00009,0.00946,0.00001,0.00475,0.02113
1403715321.212412118911743,0.00620,0.00039,0.00988,0.00816,0.00001,0.00449,0.02914
1403715321.262414693832397,0.00627,0.00038,0.00059,0.00811,0.00048,0.00480,0.02063
1403715321.312418937683105,0.00598,0.00042,0.00006,0.00741,0.00001,0.00490,0.01878
1403715321.362418889999390,0.00602,0.00038,0.00020,0.00577,0.00046,0.00481,0.01765
1403715321.412431001663208,0.00618,0.00040,0.00677,0.00531,0.00134,0.00499,0.02498
1403715321.462433099746704,0.00634,0.00050,0.00089,0.00513,0.00194,0.00500,0.01980
1403715321.512428522109985,0.00599,0.00040,0.00025,0.00578,0.00180,0.00445,0.01868
1403715321.562427043914795,0.00603,0.00042,0.00044,0.00659,0.00070,0.00470,0.01888
1403715321.612423419952393,0.00631,0.00041,0.00999,0.00623,0.00123,0.00441,0.02857
1403715321.662435770034790,0.00636,0.00041,0.00477,0.00725,0.00561,0.00474,0.02914
1403715321.712438583374023,0.00757,0.00042,0.00957,0.00812,0.00037,0.00461,0.03066
1403715321.762439727783203,0.00652,0.00039,0.00003,0.00803,0.00001,0.00463,0.01960
1403715321.812439918518066,0.00619,0.00042,0.00878,0.00761,0.00266,0.00488,0.03053
1403715321.862440347671509,0.00860,0.00044,0.00130,0.00862,0.00046,0.00471,0.02414
1403715321.912443161010742,0.00602,0.00042,0.00062,0.00783,0.00001,0.00472,0.01962
1403715321.962446451187134,0.00631,0.00040,0.00059,0.00774,0.00001,0.00474,0.01980
1403715322.012452363967896,0.00585,0.00042,0.00467,0.00670,0.00614,0.00475,0.02853
1403715322.062456369400024,0.00579,0.00039,0.00144,0.00896,0.00117,0.00470,0.02244
1403715322.112468957901001,0.00573,0.00040,0.00084,0.00708,0.00001,0.00465,0.01871
1403715322.162474393844604,0.00581,0.00042,0.00169,0.00642,0.00045,0.00463,0.01942
1403715322.212469577789307,0.00825,0.00042,0.01118,0.00714,0.00355,0.00494,0.03549
1403715322.262466192245483,0.00665,0.00040,0.00553,0.00905,0.00446,0.00487,0.03095
1403715322.312458992004395,0.00781,0.00038,0.00785,0.00822,0.00203,0.00450,0.03080
1403715322.362457036972046,0.00633,0.00040,0.00049,0.00824,0.00045,0.00472,0.02063
1403715322.412453413009644,0.00775,0.00040,0.00758,0.00764,0.00293,0.00465,0.03094
1403715322.462453365325928,0.00610,0.00049,0.00057,0.00759,0.00046,0.00465,0.01986
1403715322.512453794479370,0.00592,0.00040,0.00044,0.00691,0.00040,0.00462,0.01870
1403715322.562452793121338,0.00747,0.00036,0.00081,0.00680,0.00001,0.00467,0.02011
1403715322.612454175949097,0.00571,0.00037,0.00131,0.00642,0.00338,0.00453,0.02172
1403715322.662457704544067,0.00570,0.00037,0.00049,0.00718,0.00001,0.00460,0.01834
1403715322.712460041046143,0.00607,0.00036,0.00015,0.00698,0.00041,0.00460,0.01858
1403715322.762462377548218,0.00573,0.00037,0.00089,0.00692,0.00200,0.00455,0.02047
1403715322.812466382980347,0.00760,0.00036,0.00507,0.00624,0.00825,0.00482,0.03235
1403715322.862467288970947,0.00921,0.00038,0.01496,0.00734,0.00580,0.00478,0.04248
1403715322.912467956542969,0.00684,0.00042,0.00634,0.00739,0.00046,0.00501,0.02646
1403715322.962467908859253,0.00737,0.00045,0.00062,0.00787,0.00045,0.00481,0.02158
1403715323.012469291687012,0.00670,0.00039,0.00456,0.00775,0.00524,0.00485,0.02948
1403715323.062469720840454,0.00687,0.00042,0.00004,0.00895,0.00001,0.00482,0.02112
1403715323.112467527389526,0.00844,0.00040,0.00048,0.00879,0.00001,0.00496,0.02308
1403715323.162463188171387,0.00662,0.00040,0.00189,0.00821,0.00001,0.00467,0.02180
1403715323.212456464767456,0.00641,0.00039,0.00144,0.00801,0.00001,0.00472,0.02099
1403715323.262454509735107,0.00652,0.00038,0.00026,0.00739,0.00001,0.00458,0.01913
1403715323.312451839447021,0.00650,0.00038,0.00124,0.00669,0.00001,0.00466,0.01949
1403715323.362450361251831,0.00630,0.00037,0.00419,0.00578,0.00624,0.00464,0.02752
1403715323.412447929382324,0.00655,0.00039,0.02076,0.00613,0.00426,0.00459,0.04269
1403715323.462446928024292,0.00647,0.00042,0.00657,0.00647,0.00878,0.00463,0.03334
1403715323.512448310852051,0.00690,0.00043,0.00520,0.00780,0.00201,0.00469,0.02702
1403715323.562439918518066,0.00619,0.00040,0.00024,0.00770,0.00001,0.00463,0.01916
1403715323.612424850463867,0.00734,0.00040,0.00150,0.00677,0.00009,0.00464,0.02074
1403715323.662409305572510,0.00751,0.00037,0.00155,0.00538,0.00038,0.00468,0.01989
1403715323.712395906448364,0.00645,0.00035,0.00142,0.00521,0.00040,0.00453,0.01836
1403715323.762388229370117,0.00670,0.00036,0.00030,0.00443,0.00054,0.00449,0.01682
1403715323.812389135360718,0.00631,0.00037,0.00083,0.00449,0.00065,0.00469,0.01734
1403715323.862391233444214,0.00651,0.00035,0.00037,0.00532,0.00058,0.00461,0.01774
1403715323.912391424179077,0.00594,0.00033,0.00225,0.00450,0.00035,0.00470,0.01807
1403715323.962392330169678,0.00676,0.00035,0.00374,0.00409,0.00256,0.00516,0.02265
1403715324.012393474578857,0.00710,0.00031,0.00142,0.00411,0.01565,0.00470,0.03330
1403715324.062401056289673,0.00743,0.00036,0.00043,0.00565,0.00738,0.00464,0.02590
1403715324.112393140792847,0.00610,0.00035,0.00081,0.00642,0.00534,0.00450,0.02353
1403715324.162392616271973,0.00610,0.00041,0.00805,0.00741,0.00389,0.00446,0.03032
1403715324.212391614913940,0.00830,0.00042,0.00032,0.00787,0.00079,0.00481,0.02250
1403715324.262390613555908,0.00640,0.00040,0.00004,0.00831,0.00001,0.00466,0.01981
1403715324.312393188476562,0.00725,0.00039,0.00605,0.00853,0.00230,0.00497,0.02950
1403715324.362391710281372,0.00901,0.00044,0.00004,0.00825,0.00001,0.00468,0.02243
1403715324.412390470504761,0.00619,0.00042,0.00711,0.00805,0.00199,0.00467,0.02843
1403715324.462390184402466,0.00880,0.00039,0.00004,0.00848,0.00001,0.00531,0.02303
1403715324.512390613555908,0.00597,0.00040,0.00020,0.00841,0.00001,0.00459,0.01959
1403715324.562394857406616,0.00580,0.00040,0.00920,0.00831,0.00119,0.00485,0.02976
1403715324.612402677536011,0.00884,0.00039,0.00224,0.00791,0.00001,0.00476,0.02415
1403715324.662411928176880,0.00642,0.00040,0.00010,0.00778,0.00001,0.00473,0.01944
1403715324.712419271469116,0.00645,0.00042,0.00036,0.00735,0.00084,0.00486,0.02027
1403715324.762429714202881,0.00823,0.00040,0.00627,0.00765,0.00243,0.00455,0.02953
1403715324.812433242797852,0.00637,0.00042,0.00130,0.00853,0.00001,0.00482,0.02145
1403715324.862440586090088,0.00667,0.00038,0.00020,0.00921,0.00049,0.00483,0.02179
1403715324.912450075149536,0.00786,0.00040,0.00642,0.00869,0.00001,0.00479,0.02818
1403715324.962454795837402,0.00660,0.00038,0.00077,0.00889,0.00001,0.00479,0.02144
1403715325.012454032897949,0.00655,0.00039,0.00742,0.00834,0.00001,0.00470,0.02741
1403715325.062452554702759,0.00643,0.00040,0.00004,0.00854,0.00001,0.00466,0.02008
1403715325.112448692321777,0.00634,0.00040,0.00004,0.00865,0.00001,0.00485,0.02029
1403715325.162436485290527,0.00630,0.00040,0.01901,0.00938,0.00206,0.00482,0.04196
1403715325.212435483932495,0.00624,0.00040,0.00298,0.00871,0.00001,0.00475,0.02309
1403715325.262434720993042,0.00630,0.00041,0.00010,0.00891,0.00001,0.00471,0.02044
1403715325.312434673309326,0.00776,0.00048,0.00011,0.00886,0.00001,0.00471,0.02193
1403715325.362434148788452,0.00644,0.00040,0.00625,0.00850,0.00001,0.00470,0.02631
1403715325.412435770034790,0.00628,0.00038,0.00019,0.00886,0.00001,0.00471,0.02043
1403715325.462437152862549,0.01140,0.00039,0.00019,0.00845,0.00048,0.00476,0.02567
1403715325.512437105178833,0.00623,0.00040,0.00561,0.00830,0.00001,0.00479,0.02535
1403715325.562432289123535,0.00650,0.00041,0.00004,0.00806,0.00001,0.00471,0.01973
1403715325.612423658370972,0.00653,0.00040,0.00699,0.00750,0.00049,0.00450,0.02642
1403715325.662418603897095,0.00637,0.00040,0.00030,0.00819,0.00047,0.00488,0.02062
1403715325.712416410446167,0.00644,0.00038,0.00024,0.00844,0.00048,0.00461,0.02058
1403715325.762406110763550,0.00639,0.00040,0.01727,0.00805,0.00244,0.00480,0.03934
1403715325.812406063079834,0.00641,0.00040,0.00225,0.00856,0.00001,0.00469,0.02233
1403715325.862405300140381,0.00646,0.00061,0.00052,0.00920,0.00050,0.00484,0.02213
1403715325.912404060363770,0.00631,0.00039,0.00058,0.00859,0.00001,0.00476,0.02065
1403715325.962401866912842,0.00620,0.00038,0.00642,0.00847,0.00048,0.00476,0.02672
1403715326.012401103973389,0.00796,0.00038,0.00010,0.00889,0.00001,0.00475,0.02208
1403715326.062400817871094,0.00628,0.00040,0.00004,0.00889,0.00001,0.00478,0.02039
1403715326.112400054931641,0.00616,0.00041,0.00591,0.00857,0.00001,0.00482,0.02589
1403715326.162400007247925,0.00616,0.00038,0.00019,0.00883,0.00002,0.00475,0.02033
1403715326.212403297424316,0.00625,0.00043,0.00610,0.00857,0.00202,0.00499,0.02835
1403715326.262405872344971,0.00615,0.00041,0.00091,0.00886,0.00001,0.00475,0.02109
1403715326.312414169311523,0.00603,0.00042,0.00004,0.00883,0.00001,0.00476,0.02008
1403715326.362428903579712,0.00621,0.00040,0.01812,0.00974,0.00052,0.00507,0.04006
1403715326.412431955337524,0.00690,0.00040,0.00535,0.00963,0.00001,0.00506,0.02734
1403715326.462431430816650,0.00645,0.00039,0.00098,0.00890,0.00001,0.00478,0.02152
1403715326.512426376342773,0.00608,0.00038,0.00089,0.00879,0.00001,0.00476,0.02091
1403715326.562416791915894,0.00809,0.00042,0.00596,0.00865,0.00048,0.00447,0.02807
1403715326.612410783767700,0.00612,0.00042,0.00091,0.00898,0.00001,0.00474,0.02117
1403715326.662408113479614,0.00594,0.00042,0.00009,0.00905,0.00001,0.00471,0.02022
1403715326.712408304214478,0.00774,0.00040,0.00600,0.00885,0.00001,0.00471,0.02771
1403715326.762409687042236,0.00607,0.00042,0.00161,0.00927,0.00001,0.00514,0.02252
1403715326.812412261962891,0.00609,0.00041,0.00617,0.00887,0.00001,0.00472,0.02627
1403715326.862414598464966,0.00609,0.00040,0.00089,0.00968,0.00001,0.00470,0.02176
1403715326.912416219711304,0.00629,0.00041,0.00004,0.00908,0.00001,0.00472,0.02055
1403715326.962417364120483,0.00601,0.00042,0.01569,0.00967,0.00001,0.00526,0.03706
1403715327.012420415878296,0.00606,0.00041,0.00316,0.00901,0.00001,0.00471,0.02336
1403715327.062423229217529,0.00612,0.00040,0.00086,0.00876,0.00001,0.00470,0.02085
1403715327.112425088882446,0.00630,0.00063,0.00129,0.00869,0.00001,0.00476,0.02169
1403715327.162429332733154,0.00609,0.00042,0.00599,0.00850,0.00049,0.00478,0.02626
1403715327.212431192398071,0.00591,0.00041,0.00024,0.00872,0.00001,0.00474,0.02003
1403715327.262433528900146,0.00709,0.00046,0.00004,0.00878,0.00001,0.00454,0.02092
1403715327.312435388565063,0.00581,0.00042,0.00606,0.00833,0.00048,0.00501,0.02610
1403715327.362435340881348,0.00911,0.00038,0.00042,0.00870,0.00001,0.00489,0.02352
1403715327.412435531616211,0.00876,0.00040,0.00411,0.00859,0.00208,0.00496,0.02890
1403715327.462434530258179,0.01018,0.00037,0.00047,0.00820,0.00001,0.00494,0.02417
1403715327.512434720993042,0.00677,0.00038,0.00072,0.00806,0.00001,0.00504,0.02098
1403715327.562434673309326,0.00672,0.00040,0.01438,0.00790,0.00078,0.00513,0.03532
1403715327.612435102462769,0.00698,0.00038,0.00346,0.00824,0.00037,0.00500,0.02443
1403715327.662436246871948,0.00673,0.00037,0.00120,0.00835,0.00117,0.00576,0.02358
1403715327.712437868118286,0.00691,0.00039,0.00108,0.00833,0.00002,0.00496,0.02169
1403715327.762441158294678,0.00688,0.00036,0.00435,0.00821,0.00202,0.00507,0.02690
1403715327.812446594238281,0.00654,0.00042,0.00133,0.00841,0.00001,0.00491,0.02162
1403715327.862447023391724,0.00652,0.00039,0.00239,0.00874,0.00001,0.00508,0.02313
1403715327.912442207336426,0.00690,0.00039,0.03078,0.00763,0.00048,0.00642,0.05260
1403715327.962441205978394,0.00674,0.00040,0.00254,0.00769,0.00127,0.00486,0.02351
1403715328.012440681457520,0.00650,0.00037,0.00278,0.00737,0.00048,0.00490,0.02240
1403715328.062439918518066,0.00644,0.00038,0.00056,0.00771,0.00048,0.00485,0.02042
1403715328.112434625625610,0.00645,0.00040,0.00037,0.00755,0.00010,0.00482,0.01969
1403715328.162438392639160,0.00641,0.00039,0.01069,0.00714,0.00421,0.00495,0.03379
1403715328.212437629699707,0.00648,0.00039,0.00097,0.00770,0.00255,0.00513,0.02323
1403715328.262437343597412,0.00641,0.00040,0.00028,0.00838,0.00002,0.00474,0.02023
1403715328.312437534332275,0.00663,0.00036,0.00006,0.00848,0.00118,0.00490,0.02161
1403715328.362438917160034,0.00716,0.00047,0.00005,0.00886,0.00206,0.00478,0.02338
1403715328.412439346313477,0.00612,0.00040,0.00103,0.00875,0.00001,0.00493,0.02124
1403715328.462440252304077,0.00679,0.00054,0.00006,0.01013,0.00001,0.00488,0.02242
1403715328.512442588806152,0.01380,0.00047,0.02513,0.00862,0.00289,0.00469,0.05560
1403715328.562443017959595,0.00617,0.00042,0.00144,0.00901,0.00001,0.00482,0.02186
1403715328.612438917160034,0.00621,0.00037,0.00310,0.00827,0.00002,0.00486,0.02284
1403715328.662433147430420,0.00629,0.00039,0.00057,0.00844,0.00119,0.00471,0.02160
1403715328.712436199188232,0.00619,0.00040,0.00048,0.00839,0.00047,0.00485,0.02078
1403715328.762436866760254,0.00639,0.00040,0.01077,0.00907,0.00059,0.00493,0.03215
1403715328.812438249588013,0.00614,0.00040,0.00038,0.00846,0.00040,0.00482,0.02060
1403715328.862437725067139,0.00626,0.00041,0.00004,0.00910,0.00118,0.00478,0.02177
1403715328.912436723709106,0.00615,0.00043,0.00021,0.00887,0.00049,0.00476,0.02090
1403715328.962435483932495,0.00597,0.00043,0.00004,0.00947,0.00001,0.00490,0.02082
1403715329.012434959411621,0.00623,0.00039,0.00004,0.00946,0.00001,0.00464,0.02076
1403715329.062434434890747,0.00729,0.00039,0.00130,0.00910,0.00001,0.00481,0.02290
1403715329.112441062927246,0.00609,0.00041,0.02142,0.00860,0.00001,0.00465,0.04117
1403715329.162443399429321,0.00607,0.00040,0.00159,0.00817,0.00049,0.00480,0.02151
1403715329.212448596954346,0.00608,0.00041,0.00464,0.00753,0.00086,0.00481,0.02432
1403715329.262452840805054,0.00608,0.00037,0.00131,0.00843,0.00004,0.00462,0.02087
1403715329.312456607818604,0.00581,0.00040,0.00015,0.00816,0.00049,0.00448,0.01949
1403715329.362464427947998,0.00584,0.00040,0.00853,0.00796,0.00227,0.00494,0.02994
1403715329.412463188171387,0.00586,0.00041,0.00178,0.00832,0.00079,0.00449,0.02165
1403715329.462459802627563,0.00588,0.00052,0.00062,0.00830,0.00086,0.00530,0.02147
1403715329.512456417083740,0.00573,0.00041,0.00092,0.00832,0.00001,0.00472,0.02011
1403715329.562454938888550,0.00587,0.00040,0.00003,0.00818,0.00001,0.00449,0.01898
1403715329.612457275390625,0.00668,0.00041,0.00131,0.00726,0.00042,0.00466,0.02074
1403715329.662458658218384,0.00573,0.00040,0.00003,0.00727,0.00001,0.00460,0.01803
1403715329.712464809417725,0.00864,0.00037,0.01286,0.00672,0.00750,0.00455,0.04064
1403715329.762466907501221,0.00801,0.00036,0.00030,0.00839,0.00240,0.00480,0.02426
1403715329.812464475631714,0.00667,0.00040,0.00244,0.00892,0.00007,0.00466,0.02316
1403715329.862467288970947,0.00664,0.00041,0.00004,0.00968,0.00001,0.00483,0.02160
1403715329.912467718124390,0.00673,0.00041,0.00022,0.00895,0.00148,0.00486,0.02265
1403715329.962470531463623,0.00707,0.00041,0.00890,0.00907,0.00001,0.00485,0.03030
1403715330.012470006942749,0.00697,0.00039,0.00341,0.00907,0.00001,0.00471,0.02455
1403715330.062469482421875,0.00994,0.00040,0.00024,0.00866,0.00046,0.00509,0.02479
1403715330.112467765808105,0.00736,0.00038,0.00299,0.00879,0.00001,0.00499,0.02452
1403715330.162467002868652,0.00786,0.00044,0.00201,0.00910,0.00048,0.00502,0.02490
1403715330.212468624114990,0.00767,0.00038,0.00043,0.00883,0.00001,0.00502,0.02233
1403715330.262466430664062,0.00744,0.00035,0.00909,0.00879,0.00147,0.00525,0.03240
1403715330.312467098236084,0.00846,0.00039,0.01220,0.00894,0.00001,0.00530,0.03530
1403715330.362466096878052,0.00718,0.00039,0.00090,0.00877,0.00001,0.00509,0.02233
1403715330.412460565567017,0.00724,0.00041,0.00467,0.00845,0.00048,0.00481,0.02606
1403715330.462450504302979,0.00778,0.00042,0.00022,0.00886,0.00050,0.00485,0.02264
1403715330.512443780899048,0.00698,0.00040,0.00015,0.00908,0.00048,0.00483,0.02193
1403715330.562440872192383,0.00789,0.00041,0.00956,0.01045,0.00001,0.00526,0.03359
1403715330.612424850463867,0.00858,0.00047,0.03113,0.00982,0.00002,0.00514,0.05516
1403715330.662424802780151,0.00750,0.00036,0.00141,0.00934,0.00001,0.00493,0.02354
1403715330.712421655654907,0.00806,0.00065,0.00014,0.00945,0.00001,0.00498,0.02330
1403715330.762418031692505,0.00774,0.00037,0.00006,0.00931,0.00001,0.00497,0.02245
1403715330.812412023544312,0.00763,0.00036,0.00004,0.00931,0.00001,0.00503,0.02239
1403715330.862406015396118,0.00889,0.00040,0.00083,0.00949,0.00001,0.00503,0.02465
1403715330.912399768829346,0.00730,0.00039,0.01017,0.00891,0.00001,0.00488,0.03166
1403715330.962398052215576,0.00723,0.00040,0.00063,0.00913,0.00001,0.00501,0.02241
1403715331.012399196624756,0.00751,0.00037,0.00110,0.00903,0.00048,0.00499,0.02349
1403715331.062399625778198,0.00734,0.00035,0.00033,0.00936,0.00001,0.00493,0.02233
1403715331.112398147583008,0.00706,0.00040,0.00059,0.00910,0.00001,0.00499,0.02216
1403715331.162396192550659,0.00785,0.00039,0.00880,0.00906,0.00001,0.00515,0.03125
1403715331.212397336959839,0.00749,0.00040,0.03124,0.00924,0.00050,0.00495,0.05383
1403715331.262396574020386,0.00804,0.00039,0.00140,0.00857,0.00001,0.00484,0.02324
1403715331.312387466430664,0.00712,0.00034,0.00025,0.00860,0.00049,0.00497,0.02177
1403715331.362378358840942,0.00715,0.00038,0.00025,0.00890,0.00078,0.00497,0.02242
1403715331.412369489669800,0.00843,0.00039,0.00095,0.00944,0.00001,0.00484,0.02406
1403715331.462362766265869,0.00809,0.00039,0.00926,0.00892,0.00001,0.00482,0.03149
1403715331.512360572814941,0.00747,0.00040,0.00650,0.01011,0.00001,0.00485,0.02934
1403715331.562362432479858,0.00711,0.00040,0.00094,0.00908,0.00048,0.00465,0.02266
1403715331.612361669540405,0.00724,0.00037,0.00234,0.00892,0.00001,0.00530,0.02419
1403715331.662360191345215,0.00670,0.00038,0.00103,0.00897,0.00048,0.00484,0.02241
1403715331.712359189987183,0.00667,0.00036,0.00094,0.00876,0.00001,0.00487,0.02162
1403715331.762359619140625,0.00684,0.00040,0.00914,0.00866,0.00001,0.00485,0.02989
1403715331.812358856201172,0.00768,0.00039,0.02186,0.00919,0.00255,0.00538,0.04705
1403715331.862359762191772,0.00688,0.00039,0.00146,0.00957,0.00001,0.00496,0.02328
1403715331.912364244461060,0.00668,0.00039,0.00006,0.00812,0.00001,0.00487,0.02013
1403715331.962368249893188,0.00762,0.00039,0.00014,0.00817,0.00049,0.00463,0.02144
1403715332.012372732162476,0.00681,0.00036,0.00105,0.00800,0.00096,0.00477,0.02195
1403715332.062380313873291,0.00652,0.00038,0.00753,0.00896,0.00001,0.00476,0.02815
1403715332.112384796142578,0.00808,0.00039,0.00641,0.00882,0.00001,0.00479,0.02850
1403715332.162383556365967,0.00749,0.00038,0.00097,0.00901,0.00002,0.00475,0.02262
1403715332.212383031845093,0.00722,0.00040,0.00087,0.00888,0.00119,0.00483,0.02338
1403715332.262372970581055,0.00702,0.00039,0.00004,0.00921,0.00001,0.00472,0.02139
1403715332.312368869781494,0.00673,0.00038,0.00097,0.00919,0.00001,0.00471,0.02199
1403715332.362368583679199,0.00645,0.00040,0.00911,0.00901,0.00001,0.00474,0.02972
1403715332.412365436553955,0.00647,0.00042,0.01853,0.00950,0.00001,0.00473,0.03965
1403715332.462366580963135,0.00678,0.00049,0.00161,0.00923,0.00001,0.00483,0.02295
1403715332.512364149093628,0.00672,0.00038,0.00003,0.00884,0.00001,0.00544,0.02142
1403715332.562366008758545,0.00690,0.00040,0.00067,0.00843,0.00001,0.00472,0.02113
1403715332.612368106842041,0.00672,0.00042,0.00029,0.00842,0.00047,0.00481,0.02112
1403715332.662369251251221,0.00750,0.00046,0.00728,0.00926,0.00163,0.00472,0.03085
1403715332.712371587753296,0.00693,0.00039,0.00585,0.00966,0.00001,0.00463,0.02747
1403715332.762369871139526,0.00673,0.00044,0.00146,0.00928,0.00001,0.00477,0.02268
1403715332.812370777130127,0.00741,0.00039,0.00116,0.00899,0.00001,0.00471,0.02267
1403715332.862374544143677,0.00662,0.00040,0.00004,0.00947,0.00001,0.00479,0.02134
1403715332.912380218505859,0.00674,0.00040,0.00057,0.00901,0.00001,0.00467,0.02140
1403715332.962382793426514,0.00657,0.00040,0.01036,0.00882,0.00038,0.00467,0.03120
1403715333.012383699417114,0.00643,0.00038,0.01608,0.00888,0.00039,0.00494,0.03710
1403715333.062380313873291,0.00674,0.00041,0.00088,0.00882,0.00122,0.00467,0.02275
1403715333.112376928329468,0.00661,0.00041,0.00020,0.00851,0.00001,0.00477,0.02051
1403715333.162361621856689,0.00889,0.00036,0.00058,0.00723,0.00097,0.00487,0.02290
1403715333.212340831756592,0.00831,0.00040,0.00148,0.00855,0.00001,0.00486,0.02361
1403715333.262323617935181,0.00680,0.00040,0.00479,0.00824,0.00199,0.00483,0.02705
1403715333.312307834625244,0.00669,0.00041,0.00564,0.00893,0.00001,0.00492,0.02659
1403715333.362303972244263,0.00690,0.00038,0.00377,0.00889,0.00001,0.00493,0.02487
1403715333.412303209304810,0.00691,0.00037,0.00168,0.00881,0.00048,0.00488,0.02313
1403715333.462304830551147,0.00748,0.00040,0.00195,0.00903,0.00001,0.00486,0.02373
1403715333.512306451797485,0.00674,0.00042,0.00037,0.00881,0.00047,0.00458,0.02139
1403715333.562309741973877,0.00615,0.00040,0.00683,0.00835,0.00201,0.00497,0.02872
1403715333.612310886383057,0.00629,0.00040,0.01460,0.00837,0.00001,0.00518,0.03485
1403715333.662311077117920,0.00637,0.00040,0.00179,0.00827,0.00087,0.00457,0.02227
1403715333.712312459945679,0.00616,0.00040,0.01509,0.00873,0.00407,0.00461,0.03906
1403715333.762311458587646,0.00622,0.00040,0.00038,0.00884,0.00001,0.00463,0.02048
1403715333.812311887741089,0.00620,0.00040,0.00175,0.00745,0.00002,0.00454,0.02036
1403715333.862315177917480,0.00891,0.00037,0.00520,0.00705,0.00248,0.00488,0.02888
1403715333.912317752838135,0.00707,0.00041,0.00241,0.00702,0.00241,0.00462,0.02394
1403715333.962321281433105,0.00681,0.00034,0.00016,0.00814,0.00146,0.00467,0.02159
1403715334.012327432632446,0.00687,0.00041,0.00102,0.00867,0.00117,0.00493,0.02307
1403715334.062332868576050,0.00688,0.00039,0.00104,0.00857,0.00001,0.00480,0.02170
1403715334.112337589263916,0.00671,0.00039,0.00010,0.00841,0.00001,0.00488,0.02049
1403715334.162336111068726,0.00678,0.00067,0.00243,0.00811,0.00245,0.00465,0.02509
1403715334.212337493896484,0.00633,0.00039,0.01273,0.00822,0.00001,0.00476,0.03243
1403715334.262335300445557,0.00671,0.00040,0.00065,0.00796,0.00049,0.00467,0.02088
1403715334.312335014343262,0.00603,0.00040,0.00982,0.00770,0.00221,0.00478,0.03095
1403715334.362332820892334,0.00608,0.00039,0.00041,0.00761,0.00001,0.00486,0.01936
1403715334.412330627441406,0.00615,0.00034,0.01849,0.00682,0.00576,0.00482,0.04237
1403715334.462329149246216,0.00744,0.00046,0.00559,0.00760,0.00086,0.00470,0.02665
1403715334.512326955795288,0.00620,0.00040,0.00170,0.00780,0.00195,0.00469,0.02273
1403715334.562328100204468,0.00634,0.00039,0.00008,0.00894,0.00001,0.00472,0.02048
1403715334.612325191497803,0.00628,0.00039,0.00029,0.00814,0.00002,0.00473,0.01985
1403715334.662327527999878,0.00603,0.00040,0.00019,0.00755,0.00001,0.00475,0.01892
1403715334.712330102920532,0.00654,0.00042,0.00051,0.00780,0.00010,0.00518,0.02055
1403715334.762332439422607,0.00651,0.00041,0.00029,0.00726,0.00123,0.00514,0.02083
1403715334.812333345413208,0.00814,0.00035,0.00989,0.00715,0.00742,0.00487,0.03782
1403715334.862331390380859,0.00662,0.00040,0.00112,0.00916,0.00001,0.00478,0.02209
1403715334.912331342697144,0.00631,0.00039,0.00714,0.00714,0.00542,0.00467,0.03108
1403715334.962330579757690,0.00639,0.00041,0.00031,0.00767,0.00001,0.00478,0.01957
1403715335.012330532073975,0.00759,0.00038,0.01277,0.00696,0.00133,0.00491,0.03394
1403715335.062329530715942,0.00621,0.00040,0.00141,0.00676,0.00389,0.00455,0.02323
1403715335.112329244613647,0.00625,0.00044,0.00019,0.00772,0.00119,0.00485,0.02065
1403715335.162328481674194,0.00598,0.00042,0.00161,0.00670,0.00002,0.00476,0.01950
1403715335.212328672409058,0.00584,0.00040,0.00023,0.00624,0.00043,0.00472,0.01786
1403715335.262327909469604,0.00598,0.00039,0.00072,0.00603,0.00068,0.00473,0.01854
1403715335.312327384948730,0.00580,0.00035,0.00004,0.00632,0.00039,0.00451,0.01740
1403715335.362327814102173,0.00599,0.00034,0.01128,0.00569,0.01145,0.00459,0.03935
1403715335.412326097488403,0.00843,0.00040,0.00927,0.00778,0.00204,0.00484,0.03277
1403715335.462324380874634,0.00703,0.00042,0.00023,0.00774,0.00048,0.00485,0.02075
1403715335.512321949005127,0.00667,0.00040,0.00563,0.00690,0.00195,0.00464,0.02619
1403715335.562322139739990,0.00767,0.00040,0.00060,0.00684,0.00002,0.00479,0.02033
1403715335.612323522567749,0.00887,0.00038,0.00770,0.00629,0.00415,0.00492,0.03232
1403715335.662322282791138,0.00685,0.00040,0.00184,0.00679,0.00113,0.00468,0.02169
1403715335.712325334548950,0.00683,0.00038,0.00029,0.00637,0.00002,0.00470,0.01860
1403715335.762326002120972,0.00671,0.00039,0.00052,0.00615,0.00020,0.00492,0.01888
1403715335.812326192855835,0.00652,0.00036,0.00025,0.00599,0.00002,0.00484,0.01797
1403715335.862329959869385,0.00768,0.00034,0.00041,0.00608,0.00036,0.00482,0.01969
1403715335.912332296371460,0.00659,0.00036,0.00132,0.00520,0.00029,0.00487,0.01864
1403715335.962335586547852,0.00621,0.00034,0.01029,0.00503,0.01073,0.00567,0.03828
1403715336.012337684631348,0.00635,0.00036,0.00674,0.00671,0.00398,0.00479,0.02893
1403715336.062337398529053,0.00627,0.00035,0.00152,0.00736,0.00001,0.00473,0.02024
1403715336.112337589263916,0.00623,0.00038,0.00264,0.00702,0.00195,0.00546,0.02368
1403715336.162340402603149,0.00632,0.00035,0.01702,0.00638,0.00266,0.00529,0.03803
1403715336.212340116500854,0.00608,0.00040,0.00567,0.00610,0.00196,0.00524,0.02546
1403715336.262339591979980,0.00702,0.00039,0.00052,0.00624,0.00110,0.00483,0.02009
1403715336.312337875366211,0.00600,0.00040,0.00004,0.00638,0.00001,0.00472,0.01755
1403715336.362336635589600,0.00859,0.00036,0.00072,0.00583,0.00021,0.00474,0.02045
1403715336.412334918975830,0.00762,0.00036,0.00030,0.00541,0.00109,0.00497,0.01974
1403715336.462332963943481,0.00664,0.00043,0.00093,0.00557,0.00027,0.00481,0.01865
1403715336.512334585189819,0.00640,0.00035,0.00051,0.00563,0.00001,0.00484,0.01774
1403715336.562337636947632,0.00627,0.00036,0.00520,0.00483,0.00652,0.00456,0.02774
1403715336.612345695495605,0.00601,0.00037,0.00023,0.00544,0.00945,0.00484,0.02635
1403715336.662348031997681,0.00650,0.00038,0.00028,0.00605,0.00001,0.00469,0.01790
1403715336.712351799011230,0.00622,0.00038,0.00027,0.00582,0.00292,0.00471,0.02032
1403715336.762362718582153,0.00598,0.00040,0.01308,0.00638,0.00715,0.00504,0.03803
1403715336.812365293502808,0.01377,0.00045,0.00457,0.00761,0.00220,0.00477,0.03336
1403715336.862367153167725,0.00641,0.00040,0.00015,0.00810,0.00011,0.00470,0.01986
1403715336.912370204925537,0.00592,0.00042,0.01065,0.00691,0.00196,0.00468,0.03055
1403715336.962370872497559,0.00716,0.00041,0.00021,0.00730,0.00002,0.00468,0.01979
1403715337.012371540069580,0.00847,0.00046,0.00063,0.00686,0.00001,0.00476,0.02118
1403715337.062372207641602,0.00677,0.00039,0.00033,0.00682,0.00023,0.00481,0.01935
1403715337.112373352050781,0.00775,0.00041,0.00030,0.00672,0.00001,0.00481,0.02001
1403715337.162373542785645,0.00881,0.00039,0.00519,0.00633,0.00172,0.00503,0.02748
1403715337.212373256683350,0.00705,0.00039,0.00061,0.00642,0.00001,0.00477,0.01925
1403715337.262373447418213,0.00701,0.00040,0.00069,0.00577,0.00001,0.00495,0.01882
1403715337.312374114990234,0.00679,0.00038,0.00050,0.00561,0.00152,0.00490,0.01971
1403715337.362374544143677,0.00678,0.00036,0.00986,0.00534,0.00589,0.00496,0.03318
1403715337.412373304367065,0.00647,0.00040,0.00198,0.00513,0.00122,0.00496,0.02017
1403715337.462371110916138,0.00623,0.00044,0.00156,0.00491,0.00072,0.00480,0.01866
1403715337.512366056442261,0.00745,0.00037,0.00580,0.00383,0.00715,0.00469,0.02929
1403715337.562361478805542,0.00702,0.00035,0.00490,0.00455,0.00615,0.00480,0.02778
1403715337.612360954284668,0.00625,0.00041,0.00074,0.00469,0.00011,0.00466,0.01686
1403715337.662360429763794,0.00758,0.00034,0.00048,0.00399,0.00002,0.00471,0.01712
1403715337.712357759475708,0.00741,0.00031,0.00809,0.00319,0.01296,0.00505,0.03702
1403715337.762359619140625,0.00610,0.00035,0.00109,0.00401,0.00483,0.00465,0.02103
1403715337.812360286712646,0.00611,0.00038,0.00064,0.00431,0.00001,0.00462,0.01606
1403715337.862360477447510,0.00587,0.00036,0.00052,0.00363,0.00002,0.00502,0.01542
1403715337.912360668182373,0.00658,0.00032,0.00046,0.00334,0.00115,0.00505,0.01690
1403715337.962360143661499,0.00571,0.00033,0.00059,0.00321,0.01219,0.00451,0.02653
1403715338.012359619140625,0.00677,0.00035,0.00067,0.00448,0.00008,0.00462,0.01698
1403715338.062359094619751,0.00789,0.00035,0.00083,0.00396,0.00001,0.00461,0.01765
1403715338.112359285354614,0.00609,0.00033,0.00188,0.00352,0.01061,0.00433,0.02676
1403715338.162359714508057,0.00695,0.00035,0.00115,0.00467,0.00594,0.00450,0.02356
1403715338.212360382080078,0.01016,0.00038,0.00118,0.00553,0.00131,0.00454,0.02311
1403715338.262362718582153,0.00667,0.00037,0.00169,0.00565,0.00856,0.00462,0.02756
1403715338.312364339828491,0.00729,0.00041,0.00873,0.00624,0.00218,0.00458,0.02943
1403715338.362365722656250,0.00720,0.00040,0.00089,0.00612,0.00171,0.00454,0.02086
1403715338.412365913391113,0.00713,0.00035,0.00056,0.00528,0.00040,0.00444,0.01816
1403715338.462365388870239,0.00817,0.00036,0.00082,0.00543,0.00331,0.00440,0.02248
1403715338.512365102767944,0.00806,0.00036,0.00142,0.00448,0.00001,0.00463,0.01896
1403715338.562365293502808,0.00777,0.00033,0.00167,0.00440,0.00000,0.00449,0.01866
1403715338.612365722656250,0.00703,0.00034,0.00224,0.00486,0.00335,0.00466,0.02248
1403715338.662365436553955,0.00638,0.00032,0.00047,0.00448,0.00000,0.00460,0.01625
1403715338.712365627288818,0.00683,0.00034,0.00111,0.00395,0.00266,0.00465,0.01953
1403715338.762365341186523,0.00838,0.00032,0.00197,0.00411,0.00532,0.00465,0.02476
1403715338.812366008758545,0.00680,0.00034,0.00120,0.00453,0.00037,0.00482,0.01807
1403715338.862366199493408,0.00683,0.00030,0.00326,0.00546,0.00001,0.00562,0.02148
1403715338.912365436553955,0.00772,0.00035,0.00097,0.00440,0.01591,0.00547,0.03483
1403715338.962367534637451,0.00729,0.00035,0.00023,0.00576,0.00273,0.00450,0.02086
1403715339.012370824813843,0.00636,0.00036,0.00051,0.00561,0.00674,0.00434,0.02393
1403715339.062372684478760,0.00630,0.00037,0.00219,0.00567,0.00210,0.00437,0.02100
1403715339.112372159957886,0.00659,0.00038,0.00213,0.00606,0.00655,0.00454,0.02624
1403715339.162374973297119,0.00665,0.00040,0.00083,0.00690,0.00135,0.00451,0.02065
1403715339.212379455566406,0.00686,0.00040,0.00323,0.00745,0.00022,0.00449,0.02266
1403715339.262380838394165,0.00639,0.00038,0.00216,0.00710,0.00225,0.00460,0.02286
1403715339.312385797500610,0.00670,0.00063,0.00301,0.00703,0.00091,0.00459,0.02288
1403715339.362388372421265,0.00685,0.00038,0.00039,0.00703,0.00516,0.00441,0.02422
1403715339.412390947341919,0.00688,0.00040,0.00358,0.00713,0.00002,0.00449,0.02250
1403715339.462392091751099,0.00825,0.00040,0.00098,0.00632,0.00001,0.00460,0.02056
1403715339.512391805648804,0.00600,0.00037,0.00114,0.00584,0.00138,0.00465,0.01939
1403715339.562392950057983,0.00639,0.00038,0.00089,0.00569,0.00608,0.00451,0.02393
1403715339.612391471862793,0.00620,0.00036,0.00011,0.00678,0.00001,0.00489,0.01835
1403715339.662391424179077,0.00615,0.00037,0.00038,0.00633,0.00110,0.00458,0.01890
1403715339.712392091751099,0.00631,0.00036,0.00023,0.00623,0.00508,0.00460,0.02282
1403715339.762392282485962,0.00641,0.00038,0.00011,0.00688,0.00469,0.00447,0.02295
1403715339.812392473220825,0.00673,0.00039,0.00580,0.00663,0.00001,0.00466,0.02423
1403715339.862392187118530,0.00651,0.00037,0.00051,0.00676,0.00342,0.00455,0.02211
1403715339.912390232086182,0.00607,0.00037,0.00121,0.00587,0.00287,0.00460,0.02099
1403715339.962387561798096,0.00636,0.00036,0.00065,0.00598,0.00243,0.00455,0.02034
1403715340.012384891510010,0.00773,0.00037,0.00038,0.00617,0.00600,0.00463,0.02528
1403715340.062380075454712,0.00650,0.00038,0.00083,0.00720,0.00001,0.00445,0.01938
1403715340.112375497817993,0.00611,0.00037,0.00100,0.00704,0.00522,0.00437,0.02412
1403715340.162371635437012,0.00611,0.00039,0.00294,0.00778,0.00036,0.00452,0.02210
1403715340.212368249893188,0.00737,0.00041,0.00479,0.00798,0.00115,0.00512,0.02682
1403715340.262366533279419,0.00697,0.00035,0.00470,0.00705,0.00331,0.00450,0.02688
1403715340.312367677688599,0.00605,0.00037,0.00458,0.00732,0.00227,0.00479,0.02538
1403715340.362368345260620,0.00606,0.00034,0.00186,0.00650,0.00378,0.00462,0.02316
1403715340.412377595901489,0.00631,0.00036,0.00043,0.00775,0.00166,0.00471,0.02124
1403715340.462379693984985,0.00582,0.00039,0.00037,0.00709,0.00077,0.00456,0.01899
1403715340.512384653091431,0.00649,0.00038,0.00220,0.00672,0.00153,0.00465,0.02196
1403715340.562387228012085,0.00745,0.00037,0.00005,0.00705,0.00122,0.00471,0.02085
1403715340.612389564514160,0.00696,0.00037,0.00003,0.00705,0.00192,0.00466,0.02100
1403715340.662389039993286,0.00612,0.00037,0.00005,0.00725,0.00001,0.00459,0.01839
1403715340.712387084960938,0.00718,0.00039,0.00106,0.00717,0.00038,0.00468,0.02087
1403715340.762384414672852,0.00617,0.00037,0.00163,0.00681,0.00258,0.00475,0.02231
1403715340.812384128570557,0.00620,0.00039,0.00005,0.00675,0.00112,0.00449,0.01901
1403715340.862384080886841,0.00652,0.00037,0.00103,0.00684,0.00235,0.00465,0.02177
1403715340.912385225296021,0.00619,0.00038,0.00034,0.00673,0.00529,0.00477,0.02370
1403715340.962386369705200,0.00710,0.00046,0.00693,0.00723,0.00568,0.00544,0.03284
1403715341.012387514114380,0.00673,0.00041,0.00108,0.00789,0.00003,0.00498,0.02112
1403715341.062387943267822,0.00627,0.00038,0.00641,0.00677,0.00276,0.00441,0.02699
1403715341.112389564514160,0.00626,0.00060,0.00337,0.00723,0.00076,0.00479,0.02301
1403715341.162391424179077,0.00655,0.00037,0.00620,0.00732,0.00409,0.00471,0.02924
1403715341.212392091751099,0.00636,0.00040,0.00028,0.00777,0.00047,0.00479,0.02007
1403715341.262392759323120,0.00736,0.00040,0.00021,0.00779,0.00001,0.00480,0.02057
1403715341.312394380569458,0.00637,0.00036,0.00097,0.00760,0.00038,0.00464,0.02032
1403715341.362394809722900,0.00644,0.00037,0.00319,0.00667,0.00176,0.00437,0.02281
1403715341.412393569946289,0.00607,0.00041,0.00012,0.00709,0.00379,0.00464,0.02213
1403715341.462388038635254,0.00669,0.00040,0.00218,0.00749,0.00606,0.00480,0.02763
1403715341.512385368347168,0.00627,0.00041,0.00351,0.00734,0.00001,0.00473,0.02226
1403715341.562376976013184,0.00626,0.00038,0.00511,0.00723,0.00376,0.00455,0.02729
1403715341.612376689910889,0.00606,0.00041,0.00027,0.00737,0.00086,0.00436,0.01934
1403715341.662379264831543,0.00632,0.00040,0.00695,0.00832,0.00003,0.00467,0.02669
1403715341.712379217147827,0.00633,0.00038,0.00506,0.00645,0.00214,0.00462,0.02498
1403715341.762376785278320,0.00684,0.00037,0.00003,0.00671,0.00143,0.00460,0.01998
1403715341.812373876571655,0.00647,0.00039,0.00079,0.00642,0.00352,0.00464,0.02223
1403715341.862375974655151,0.00580,0.00038,0.00025,0.00759,0.00050,0.00459,0.01911
1403715341.912379503250122,0.00628,0.00036,0.00092,0.00697,0.00648,0.00554,0.02655
1403715341.962378978729248,0.00600,0.00038,0.00003,0.00818,0.00037,0.00460,0.01957
1403715342.012379884719849,0.00583,0.00036,0.00065,0.00778,0.00086,0.00469,0.02018
1403715342.062380075454712,0.00580,0.00050,0.00004,0.00774,0.00191,0.00475,0.02074
1403715342.112377405166626,0.00603,0.00038,0.00017,0.00796,0.00575,0.00466,0.02495
1403715342.162375211715698,0.00588,0.00041,0.00168,0.00854,0.00201,0.00461,0.02313
1403715342.212372064590454,0.00626,0.00037,0.00559,0.00881,0.00001,0.00464,0.02567
1403715342.262367725372314,0.00752,0.00038,0.00662,0.00920,0.00001,0.00473,0.02845
1403715342.312359571456909,0.00608,0.00041,0.01062,0.00890,0.00001,0.00518,0.03119
1403715342.362354993820190,0.00743,0.00038,0.00003,0.00895,0.00001,0.00458,0.02139
1403715342.412353754043579,0.00623,0.00040,0.00111,0.00868,0.00001,0.00467,0.02110
1403715342.462354183197021,0.00628,0.00038,0.00015,0.00852,0.00001,0.00459,0.01993
1403715342.512355566024780,0.00835,0.00038,0.00506,0.00829,0.00037,0.00465,0.02709
1403715342.562353134155273,0.00660,0.00036,0.00088,0.00790,0.00037,0.00477,0.02089
1403715342.612345457077026,0.00637,0.00037,0.00082,0.00628,0.00011,0.00462,0.01858
1403715342.662341594696045,0.00629,0.00039,0.00092,0.00542,0.00000,0.00471,0.01774
1403715342.712340831756592,0.00619,0.00037,0.00109,0.00435,0.00114,0.00441,0.01754
1403715342.762342691421509,0.00622,0.00035,0.00138,0.00504,0.00717,0.00533,0.02550
1403715342.812344312667847,0.00679,0.00039,0.00599,0.00636,0.00279,0.00453,0.02686
1403715342.862346172332764,0.00757,0.00038,0.00694,0.00732,0.00218,0.00474,0.02913
1403715342.912346839904785,0.00762,0.00040,0.00773,0.00724,0.00108,0.00445,0.02852
1403715342.962347507476807,0.00635,0.00039,0.00020,0.00784,0.00001,0.00460,0.01939
1403715343.012346982955933,0.00743,0.00038,0.00232,0.00749,0.00046,0.00477,0.02284
1403715343.062349319458008,0.00724,0.00039,0.00309,0.00810,0.00250,0.00493,0.02626
1403715343.112349987030029,0.00674,0.00042,0.00603,0.00851,0.00039,0.00485,0.02695
1403715343.162350654602051,0.00608,0.00038,0.00030,0.00779,0.00077,0.00480,0.02013
1403715343.212350845336914,0.00814,0.00036,0.00070,0.00778,0.00039,0.00478,0.02215
1403715343.262350559234619,0.00666,0.00037,0.00081,0.00739,0.00001,0.00473,0.01998
1403715343.312350511550903,0.00651,0.00038,0.00082,0.00735,0.00001,0.00476,0.01982
1403715343.362350463867188,0.00643,0.00036,0.00030,0.00669,0.00525,0.00481,0.02385
1403715343.412350654602051,0.00667,0.00038,0.00985,0.00692,0.00405,0.00497,0.03283
1403715343.462351083755493,0.00629,0.00050,0.00050,0.00888,0.00402,0.00472,0.02490
1403715343.512351512908936,0.00616,0.00037,0.00260,0.00651,0.00219,0.00465,0.02247
1403715343.562352418899536,0.00742,0.00034,0.00466,0.00603,0.00977,0.00523,0.03345
1403715343.612352609634399,0.00758,0.00044,0.00109,0.00699,0.00045,0.00469,0.02123
1403715343.662352323532104,0.00646,0.00036,0.00164,0.00693,0.00002,0.00468,0.02010
1403715343.712352514266968,0.00614,0.00036,0.00092,0.00662,0.00472,0.00474,0.02349
1403715343.762352466583252,0.00694,0.00035,0.01102,0.00663,0.00675,0.00492,0.03663
1403715343.812352180480957,0.00634,0.00033,0.00096,0.00739,0.00036,0.00469,0.02008
1403715343.862351894378662,0.00653,0.00035,0.00105,0.00689,0.00002,0.00448,0.01932
1403715343.912349700927734,0.00582,0.00035,0.00097,0.00663,0.00001,0.00472,0.01850
1403715343.962348937988281,0.00709,0.00035,0.00062,0.00573,0.00001,0.00450,0.01831
1403715344.012350082397461,0.00605,0.00037,0.00036,0.00583,0.00515,0.00468,0.02245
1403715344.062350273132324,0.00696,0.00036,0.00239,0.00556,0.00105,0.00464,0.02096
1403715344.112350463867188,0.00604,0.00035,0.00904,0.00563,0.00992,0.00520,0.03619
1403715344.162351369857788,0.00877,0.00036,0.00129,0.00728,0.00192,0.00464,0.02426
1403715344.212352514266968,0.00643,0.00038,0.00169,0.00726,0.00001,0.00461,0.02038
1403715344.262353658676147,0.00616,0.00038,0.00170,0.00692,0.00001,0.00465,0.01981
1403715344.312355756759644,0.00665,0.00035,0.00180,0.00661,0.00701,0.00446,0.02688
1403715344.362356662750244,0.00693,0.00035,0.00435,0.00729,0.00585,0.00442,0.02918
1403715344.412357330322266,0.00638,0.00040,0.00124,0.00748,0.00001,0.00455,0.02005
1403715344.462358236312866,0.00687,0.00048,0.00197,0.00647,0.00001,0.00459,0.02039
1403715344.512359142303467,0.00696,0.00037,0.00293,0.00592,0.00176,0.00459,0.02252
1403715344.562360048294067,0.00594,0.00036,0.00096,0.00654,0.00001,0.00467,0.01847
1403715344.612360477447510,0.00590,0.00034,0.00121,0.00544,0.00755,0.00457,0.02502
1403715344.662360906600952,0.00649,0.00039,0.00090,0.00686,0.00036,0.00464,0.01963
1403715344.712360858917236,0.00764,0.00039,0.00769,0.00617,0.00412,0.00431,0.03032
1403715344.762360811233521,0.00637,0.00038,0.00026,0.00668,0.00001,0.00457,0.01827
1403715344.812361478805542,0.00611,0.00037,0.00102,0.00556,0.00002,0.00456,0.01764
1403715344.862361192703247,0.00809,0.00035,0.00132,0.00558,0.00001,0.00463,0.01999
1403715344.912360429763794,0.00675,0.00035,0.00124,0.00492,0.01182,0.00458,0.02966
1403715344.962360143661499,0.00697,0.00038,0.00196,0.00733,0.00036,0.00468,0.02169
1403715345.012359857559204,0.00638,0.00038,0.00483,0.00689,0.00563,0.00460,0.02871
1403715345.062358617782593,0.00607,0.00038,0.00471,0.00764,0.00378,0.00433,0.02691
1403715345.112358093261719,0.00725,0.00048,0.00133,0.00826,0.00001,0.00513,0.02246
1403715345.162358522415161,0.00695,0.00041,0.00113,0.00798,0.00001,0.00489,0.02137
1403715345.212358713150024,0.00596,0.00037,0.00168,0.00759,0.00505,0.00469,0.02535
1403715345.262359619140625,0.00847,0.00039,0.00109,0.00709,0.00048,0.00478,0.02231
1403715345.312361001968384,0.00629,0.00040,0.00976,0.00677,0.00073,0.00457,0.02851
1403715345.362358808517456,0.00624,0.00038,0.00083,0.00695,0.00042,0.00473,0.01955
1403715345.412356853485107,0.00738,0.00038,0.00164,0.00634,0.00602,0.00468,0.02644
1403715345.462359189987183,0.00619,0.00038,0.00143,0.00701,0.00001,0.00472,0.01973
1403715345.512359380722046,0.00820,0.00037,0.00201,0.00598,0.00702,0.00477,0.02836
1403715345.562360048294067,0.00647,0.00038,0.00032,0.00653,0.00001,0.00474,0.01845
1403715345.612360239028931,0.00623,0.00038,0.00075,0.00673,0.00000,0.00460,0.01870
1403715345.662359476089478,0.00624,0.00038,0.00669,0.00618,0.00840,0.00513,0.03302
1403715345.712360143661499,0.00638,0.00041,0.00036,0.00740,0.00001,0.00456,0.01911
1403715345.762360095977783,0.00620,0.00041,0.00025,0.00712,0.00086,0.00491,0.01974
1403715345.812360286712646,0.00668,0.00044,0.00942,0.00735,0.00252,0.00465,0.03105
1403715345.862360239028931,0.00612,0.00042,0.00221,0.00915,0.00001,0.00462,0.02253
1403715345.912361621856689,0.00703,0.00040,0.00804,0.00832,0.00001,0.00469,0.02850
1403715345.962362289428711,0.00758,0.00040,0.00045,0.00819,0.00001,0.00472,0.02136
1403715346.012363195419312,0.00621,0.00039,0.00029,0.00746,0.00047,0.00474,0.01955
1403715346.062363624572754,0.00764,0.00035,0.01036,0.00689,0.00149,0.00469,0.03143
1403715346.112361431121826,0.00792,0.00040,0.00070,0.00719,0.00110,0.00469,0.02200
1403715346.162355422973633,0.00601,0.00039,0.00005,0.00703,0.00001,0.00480,0.01829
1403715346.212347030639648,0.00595,0.00040,0.00073,0.00620,0.00001,0.00471,0.01800
1403715346.262340545654297,0.00737,0.00036,0.00019,0.00633,0.00794,0.00467,0.02686
1403715346.312337875366211,0.00599,0.00040,0.00066,0.00730,0.00046,0.00478,0.01959
1403715346.362337350845337,0.00602,0.00040,0.00059,0.00731,0.00001,0.00462,0.01894
1403715346.412336349487305,0.00724,0.00038,0.00716,0.00877,0.00255,0.00456,0.03066
1403715346.462334871292114,0.00611,0.00043,0.00622,0.00766,0.00115,0.00472,0.02630
1403715346.512334346771240,0.00605,0.00039,0.00556,0.00738,0.00300,0.00468,0.02706
1403715346.562335729598999,0.00720,0.00036,0.00174,0.00791,0.00001,0.00472,0.02194
1403715346.612335681915283,0.00637,0.00037,0.00720,0.00751,0.00377,0.00451,0.02972
1403715346.662336587905884,0.00655,0.00040,0.00681,0.00834,0.00040,0.00466,0.02717
1403715346.712336301803589,0.00609,0.00040,0.00054,0.00790,0.00001,0.00450,0.01944
1403715346.762336492538452,0.00605,0.00039,0.00043,0.00785,0.00001,0.00461,0.01933
1403715346.812336683273315,0.00730,0.00038,0.00062,0.00770,0.00046,0.00469,0.02115
1403715346.862336158752441,0.00588,0.00040,0.00070,0.00796,0.00134,0.00486,0.02114
1403715346.912334918975830,0.00673,0.00039,0.00069,0.00780,0.00001,0.00461,0.02024
1403715346.962333917617798,0.00778,0.00040,0.00558,0.00752,0.00332,0.00467,0.02927
1403715347.012333154678345,0.00594,0.00040,0.00571,0.00800,0.00037,0.00515,0.02557
1403715347.062335014343262,0.00623,0.00042,0.00379,0.00798,0.00118,0.00450,0.02410
1403715347.112335920333862,0.00812,0.00040,0.00938,0.00834,0.00001,0.00471,0.03096
1403715347.162336111068726,0.00626,0.00042,0.00006,0.00853,0.00001,0.00469,0.01996
1403715347.212335348129272,0.00604,0.00039,0.00652,0.00952,0.00001,0.00484,0.02732
1403715347.262335062026978,0.00651,0.00042,0.00576,0.00873,0.00001,0.00487,0.02630
1403715347.312334537506104,0.00719,0.00039,0.00025,0.00776,0.00001,0.00456,0.02016
1403715347.362334251403809,0.00744,0.00039,0.00011,0.00775,0.00001,0.00479,0.02048
1403715347.412334442138672,0.00662,0.00039,0.00192,0.00669,0.00001,0.00483,0.02046
1403715347.462334156036377,0.00645,0.00037,0.00163,0.00614,0.00574,0.00469,0.02502
1403715347.512334108352661,0.00621,0.00039,0.00049,0.00729,0.00116,0.00471,0.02026
1403715347.562335014343262,0.00754,0.00035,0.00004,0.00685,0.00189,0.00485,0.02152
1403715347.612334966659546,0.00645,0.00037,0.00526,0.00677,0.00172,0.00473,0.02530
1403715347.662334203720093,0.00763,0.00038,0.00288,0.00652,0.00386,0.00459,0.02586
1403715347.712331533432007,0.00646,0.00039,0.00593,0.00669,0.00199,0.00479,0.02626
1403715347.762326955795288,0.00631,0.00042,0.00185,0.00642,0.00004,0.00466,0.01971
1403715347.812324047088623,0.00606,0.00040,0.00393,0.00557,0.00471,0.00463,0.02531
1403715347.862321615219116,0.00636,0.00040,0.00723,0.00683,0.00137,0.00485,0.02704
1403715347.912318468093872,0.00691,0.00040,0.00863,0.00585,0.00424,0.00482,0.03085
1403715347.962317228317261,0.00639,0.00038,0.00069,0.00552,0.00001,0.00463,0.01762
1403715348.012316465377808,0.00796,0.00035,0.00093,0.00511,0.00001,0.00471,0.01908
1403715348.062316417694092,0.00703,0.00035,0.00250,0.00414,0.00001,0.00459,0.01861
1403715348.112315893173218,0.00638,0.00033,0.00061,0.00407,0.01018,0.00466,0.02622
1403715348.162314653396606,0.00638,0.00033,0.00066,0.00438,0.00000,0.00457,0.01632
1403715348.212313890457153,0.00909,0.00033,0.00014,0.00400,0.00146,0.00475,0.01977
1403715348.262312412261963,0.00655,0.00034,0.00046,0.00356,0.00259,0.00484,0.01835
1403715348.312311649322510,0.00669,0.00036,0.00095,0.00361,0.00578,0.00476,0.02214
1403715348.362308979034424,0.00797,0.00034,0.00049,0.00389,0.00032,0.00467,0.01768
1403715348.412307024002075,0.00636,0.00031,0.00091,0.00349,0.00080,0.00458,0.01645
1403715348.462301969528198,0.00637,0.00032,0.00334,0.00333,0.01965,0.00532,0.03832
1403715348.512297868728638,0.00620,0.00039,0.00269,0.00551,0.00856,0.00436,0.02769
1403715348.562295913696289,0.00742,0.00036,0.00989,0.00644,0.00194,0.00473,0.03077
1403715348.612294197082520,0.00656,0.00040,0.00031,0.00590,0.00002,0.00517,0.01836
1403715348.662292718887329,0.00639,0.00040,0.00021,0.00538,0.00002,0.00465,0.01705
1403715348.712292432785034,0.00635,0.00038,0.00044,0.00487,0.00236,0.00472,0.01912
1403715348.762295961380005,0.00909,0.00038,0.01136,0.00504,0.00639,0.00503,0.03728
1403715348.812296867370605,0.00662,0.00037,0.00060,0.00481,0.00071,0.00466,0.01778
1403715348.862294673919678,0.00672,0.00036,0.00150,0.00501,0.00001,0.00532,0.01893
1403715348.912295103073120,0.00770,0.00034,0.00072,0.00497,0.00034,0.00469,0.01877
1403715348.962297201156616,0.00620,0.00037,0.00021,0.00481,0.00001,0.00462,0.01621
1403715349.012296438217163,0.00665,0.00032,0.00073,0.00461,0.00105,0.00479,0.01815
1403715349.062296152114868,0.00622,0.00035,0.00097,0.00493,0.00259,0.00478,0.01983
1403715349.112295150756836,0.00616,0.00035,0.00060,0.00512,0.01015,0.00445,0.02683
1403715349.162295103073120,0.00630,0.00041,0.00762,0.00649,0.00390,0.00449,0.02921
1403715349.212293386459351,0.00609,0.00043,0.00004,0.00725,0.00001,0.00464,0.01847
1403715349.262292861938477,0.00581,0.00041,0.00122,0.00692,0.00044,0.00466,0.01948
1403715349.312291622161865,0.00627,0.00043,0.00889,0.00743,0.00371,0.00502,0.03175
1403715349.362289905548096,0.00649,0.00039,0.01390,0.00766,0.00001,0.00513,0.03358
1403715349.412291049957275,0.00590,0.00042,0.00106,0.00725,0.00047,0.00481,0.01990
1403715349.462291479110718,0.00767,0.00048,0.00077,0.00742,0.00047,0.00477,0.02158
1403715349.512290954589844,0.00587,0.00040,0.00019,0.00749,0.00115,0.00459,0.01970
1403715349.562288045883179,0.00740,0.00040,0.00561,0.00736,0.00201,0.00486,0.02764
1403715349.612284421920776,0.00656,0.00040,0.00013,0.00777,0.00009,0.00466,0.01960
1403715349.662279605865479,0.00642,0.00041,0.00067,0.00741,0.00117,0.00485,0.02091
1403715349.712275028228760,0.00658,0.00038,0.00024,0.00730,0.00036,0.00470,0.01957
1403715349.762270450592041,0.00791,0.00038,0.00633,0.00655,0.00378,0.00487,0.02982
1403715349.812268257141113,0.00699,0.00040,0.00093,0.00714,0.00001,0.00475,0.02022
1403715349.862267732620239,0.00661,0.00039,0.00052,0.00690,0.00001,0.00528,0.01972
1403715349.912264347076416,0.00664,0.00040,0.00666,0.00555,0.00420,0.00483,0.02828
1403715349.962262868881226,0.00675,0.00039,0.00962,0.00616,0.00616,0.00455,0.03363
1403715350.012264251708984,0.00855,0.00038,0.00019,0.00732,0.00048,0.00478,0.02171
1403715350.062266111373901,0.00669,0.00041,0.00092,0.00736,0.00002,0.00473,0.02014
1403715350.112267732620239,0.00657,0.00041,0.00683,0.00686,0.00317,0.00491,0.02873
1403715350.162269115447998,0.00654,0.00041,0.00489,0.00688,0.00198,0.00479,0.02550
1403715350.212269544601440,0.00610,0.00040,0.00096,0.00664,0.00078,0.00463,0.01952
1403715350.262269258499146,0.00610,0.00041,0.00022,0.00674,0.00001,0.00462,0.01810
1403715350.312268257141113,0.00795,0.00037,0.01428,0.00620,0.00680,0.00520,0.04081
1403715350.362265348434448,0.00696,0.00040,0.00584,0.00655,0.00001,0.00478,0.02453
1403715350.412264823913574,0.00675,0.00037,0.00054,0.00653,0.00002,0.00491,0.01912
1403715350.462263822555542,0.00680,0.00041,0.00054,0.00564,0.00001,0.00490,0.01830
1403715350.512263059616089,0.00640,0.00032,0.00159,0.00525,0.00845,0.00468,0.02669
1403715350.562262535095215,0.00743,0.00040,0.00561,0.00616,0.00972,0.00454,0.03387
1403715350.612262487411499,0.00619,0.00040,0.00079,0.00788,0.00002,0.00478,0.02007
1403715350.662263393402100,0.00627,0.00042,0.00004,0.00788,0.00001,0.00482,0.01944
1403715350.712263584136963,0.00754,0.00039,0.00711,0.00772,0.00119,0.00481,0.02875
1403715350.762263774871826,0.00610,0.00042,0.00343,0.00775,0.00001,0.00483,0.02254
1403715350.812262535095215,0.00595,0.00039,0.00077,0.00787,0.00010,0.00466,0.01974
1403715350.862263202667236,0.00606,0.00040,0.01420,0.00760,0.00205,0.00477,0.03507
1403715350.912263154983521,0.00601,0.00037,0.01041,0.00808,0.00001,0.00458,0.02946
1403715350.962265491485596,0.00632,0.00042,0.00477,0.00809,0.00001,0.00466,0.02426
1403715351.012270689010620,0.00594,0.00039,0.00009,0.00828,0.00001,0.00467,0.01937
1403715351.062272310256958,0.00582,0.00040,0.00003,0.00818,0.00001,0.00477,0.01922
1403715351.112273931503296,0.00600,0.00036,0.00010,0.00852,0.00001,0.00469,0.01968
1403715351.162278890609741,0.00599,0.00040,0.00556,0.00799,0.00001,0.00454,0.02449
1403715351.212278842926025,0.00589,0.00039,0.00010,0.00819,0.00001,0.00475,0.01932
1403715351.262279033660889,0.00778,0.00040,0.00053,0.00821,0.00001,0.00473,0.02165
1403715351.312282323837280,0.00633,0.00041,0.00517,0.00807,0.00001,0.00470,0.02469
1403715351.362284421920776,0.00612,0.00042,0.00570,0.00775,0.00001,0.00453,0.02454
1403715351.412283897399902,0.00813,0.00041,0.00019,0.00845,0.00001,0.00501,0.02220
1403715351.462285757064819,0.00750,0.00065,0.01121,0.00776,0.00047,0.00473,0.03233
1403715351.512285947799683,0.00638,0.00041,0.01039,0.00774,0.00002,0.00455,0.02950
1403715351.562287807464600,0.00621,0.00040,0.00394,0.00738,0.00201,0.00484,0.02478
1403715351.612291336059570,0.00644,0.00041,0.00004,0.00798,0.00001,0.00489,0.01976
1403715351.662285566329956,0.00641,0.00040,0.00072,0.00802,0.00003,0.00470,0.02029
1403715351.712280750274658,0.00610,0.00039,0.00083,0.00695,0.00111,0.00463,0.02002
1403715351.762274026870728,0.00846,0.00035,0.00497,0.00591,0.00282,0.00475,0.02726
1403715351.812270879745483,0.00835,0.00038,0.00125,0.00620,0.00143,0.00479,0.02242
1403715351.862268924713135,0.00665,0.00035,0.00191,0.00674,0.00013,0.00460,0.02039
1403715351.912263870239258,0.00621,0.00035,0.00104,0.00610,0.00239,0.00471,0.02080
1403715351.962266445159912,0.01062,0.00034,0.00200,0.00600,0.00723,0.00458,0.03077
1403715352.012268543243408,0.00659,0.00039,0.00089,0.00751,0.00002,0.00469,0.02009
1403715352.062268972396851,0.00655,0.00038,0.00485,0.00691,0.00576,0.00473,0.02919
1403715352.112272977828979,0.00651,0.00040,0.00803,0.00792,0.00199,0.00482,0.02966
1403715352.162274122238159,0.00630,0.00040,0.00320,0.00742,0.00004,0.00472,0.02208
1403715352.212274312973022,0.00616,0.00039,0.00055,0.00729,0.00001,0.00481,0.01921
1403715352.262274980545044,0.00610,0.00041,0.00037,0.00627,0.00065,0.00436,0.01817
1403715352.312273502349854,0.00610,0.00040,0.00817,0.00729,0.00579,0.00471,0.03245
1403715352.362266540527344,0.00629,0.00040,0.00196,0.00888,0.00074,0.00458,0.02285
1403715352.412265777587891,0.00614,0.00041,0.00229,0.00851,0.00001,0.00448,0.02184
1403715352.462267398834229,0.00595,0.00041,0.00057,0.00878,0.00029,0.00465,0.02065
1403715352.512265682220459,0.00878,0.00039,0.00984,0.00841,0.00008,0.00469,0.03220
1403715352.562263488769531,0.00663,0.00039,0.00054,0.00830,0.00375,0.00461,0.02422
1403715352.612260818481445,0.00633,0.00041,0.00226,0.00922,0.00001,0.00452,0.02275
1403715352.662262439727783,0.00784,0.00041,0.00275,0.00915,0.00001,0.00471,0.02487
1403715352.712262630462646,0.00664,0.00036,0.00754,0.00876,0.00001,0.00480,0.02810
1403715352.762263059616089,0.00617,0.00039,0.00118,0.00882,0.00001,0.00470,0.02127
1403715352.812264204025269,0.00628,0.00040,0.00112,0.00823,0.00048,0.00473,0.02124
1403715352.862262725830078,0.00594,0.00038,0.00036,0.00814,0.00001,0.00515,0.01999
1403715352.912259578704834,0.00591,0.00040,0.00576,0.00808,0.00051,0.00483,0.02549
1403715352.962258815765381,0.00602,0.00036,0.00199,0.00808,0.00120,0.00444,0.02210
1403715353.012255191802979,0.00583,0.00042,0.00118,0.00804,0.00001,0.00464,0.02012
1403715353.062252759933472,0.00943,0.00037,0.01368,0.00794,0.00440,0.00486,0.04067
1403715353.112252235412598,0.00648,0.00040,0.00831,0.00875,0.00001,0.00472,0.02868
1403715353.162253379821777,0.00644,0.00041,0.00052,0.00860,0.00001,0.00462,0.02060
1403715353.212258577346802,0.00762,0.00038,0.00041,0.00820,0.00007,0.00482,0.02151
1403715353.262258291244507,0.00649,0.00037,0.00004,0.00821,0.00001,0.00463,0.01974
1403715353.312259912490845,0.00644,0.00039,0.00327,0.00803,0.00378,0.00483,0.02674
1403715353.362260818481445,0.00645,0.00040,0.00267,0.00861,0.00001,0.00459,0.02274
1403715353.412261962890625,0.00632,0.00040,0.00087,0.00868,0.00001,0.00488,0.02117
1403715353.462261676788330,0.00645,0.00040,0.00024,0.00883,0.00001,0.00490,0.02082
1403715353.512262582778931,0.00648,0.00043,0.00556,0.00850,0.00009,0.00495,0.02602
1403715353.562262535095215,0.00624,0.00041,0.00108,0.00788,0.00001,0.00461,0.02023
1403715353.612263202667236,0.00737,0.00038,0.01203,0.00778,0.00229,0.00507,0.03492
1403715353.662262916564941,0.00622,0.00039,0.00964,0.00809,0.00386,0.00482,0.03302
1403715353.712263584136963,0.00603,0.00041,0.00787,0.00860,0.00001,0.00458,0.02749
1403715353.762262582778931,0.00853,0.00038,0.00009,0.00875,0.00001,0.00453,0.02228
1403715353.812262296676636,0.00611,0.00040,0.00008,0.00880,0.00007,0.00473,0.02019
1403715353.862262010574341,0.00601,0.00045,0.00005,0.00882,0.00001,0.00466,0.02001
1403715353.912261962890625,0.00575,0.00040,0.00166,0.00840,0.00198,0.00465,0.02285
1403715353.962261438369751,0.00601,0.00040,0.00254,0.00830,0.00001,0.00460,0.02187
1403715354.012259960174561,0.00608,0.00041,0.00031,0.00872,0.00048,0.00511,0.02111
1403715354.062258720397949,0.00621,0.00041,0.00019,0.00854,0.00001,0.00462,0.01998
1403715354.112256765365601,0.00611,0.00039,0.00445,0.00800,0.00007,0.00472,0.02375
1403715354.162257671356201,0.00958,0.00037,0.00097,0.00787,0.00047,0.00457,0.02382
1403715354.212259769439697,0.00644,0.00039,0.00991,0.00774,0.00224,0.00480,0.03153
1403715354.262260913848877,0.00638,0.00040,0.00960,0.00799,0.00195,0.00469,0.03101
1403715354.312263965606689,0.00738,0.00040,0.00679,0.00832,0.00047,0.00482,0.02818
1403715354.362265586853027,0.00638,0.00041,0.00066,0.00843,0.00048,0.00477,0.02112
1403715354.412266731262207,0.00618,0.00042,0.00061,0.00878,0.00126,0.00488,0.02213
1403715354.462267637252808,0.00601,0.00041,0.00009,0.00950,0.00001,0.00466,0.02067
1403715354.512267589569092,0.00611,0.00040,0.00167,0.00913,0.00001,0.00460,0.02193
1403715354.562267541885376,0.00620,0.00042,0.00170,0.00911,0.00001,0.00475,0.02219
1403715354.612266540527344,0.00592,0.00041,0.00066,0.00912,0.00001,0.00455,0.02067
1403715354.662265300750732,0.00599,0.00041,0.00020,0.00848,0.00001,0.00465,0.01974
1403715354.712261438369751,0.00602,0.00041,0.01507,0.00825,0.00117,0.00484,0.03576
1403715354.762261867523193,0.00579,0.00040,0.00019,0.00943,0.00051,0.00484,0.02116
1403715354.812264204025269,0.00576,0.00053,0.00878,0.00941,0.00001,0.00457,0.02906
1403715354.862263917922974,0.00803,0.00039,0.00838,0.00880,0.00001,0.00465,0.03026
1403715354.912262201309204,0.00673,0.00040,0.00673,0.00871,0.00001,0.00456,0.02714
1403715354.962259054183960,0.00691,0.00040,0.00017,0.00871,0.00048,0.00457,0.02124
1403715355.012258768081665,0.00711,0.00036,0.00019,0.00865,0.00001,0.00462,0.02093
1403715355.062262296676636,0.00645,0.00039,0.00092,0.00841,0.00001,0.00450,0.02067
1403715355.112263679504395,0.00612,0.00039,0.00004,0.00843,0.00202,0.00470,0.02170
1403715355.162263631820679,0.00623,0.00043,0.00181,0.00844,0.00001,0.00460,0.02153
1403715355.212262630462646,0.00620,0.00040,0.00018,0.00825,0.00001,0.00460,0.01964
1403715355.262263536453247,0.00900,0.00038,0.00237,0.00774,0.00001,0.00470,0.02420
1403715355.312267303466797,0.00684,0.00034,0.00886,0.00671,0.00887,0.00510,0.03672
1403715355.362267494201660,0.00658,0.00039,0.00064,0.00825,0.00001,0.00461,0.02048
1403715355.412266254425049,0.00771,0.00038,0.00594,0.00789,0.00378,0.00451,0.03022
1403715355.462267160415649,0.00633,0.00041,0.00685,0.00851,0.00203,0.00479,0.02892
1403715355.512268066406250,0.00620,0.00040,0.00689,0.00903,0.00001,0.00487,0.02740
1403715355.562267065048218,0.00880,0.00059,0.00158,0.00950,0.00001,0.00496,0.02543
1403715355.612266540527344,0.00703,0.00048,0.00105,0.00978,0.00001,0.00540,0.02376
1403715355.662264823913574,0.00805,0.00047,0.00036,0.00899,0.00001,0.00546,0.02335
1403715355.712263107299805,0.01205,0.00046,0.00178,0.00846,0.00015,0.00537,0.02827
1403715355.762261629104614,0.01197,0.00055,0.00073,0.00988,0.00232,0.00489,0.03034
1403715355.812258481979370,0.00656,0.00035,0.00965,0.00607,0.00779,0.00514,0.03556
1403715355.862256288528442,0.00587,0.00042,0.00039,0.00643,0.00001,0.00491,0.01803
1403715355.912256002426147,0.00571,0.00036,0.00012,0.00619,0.00647,0.00458,0.02343
1403715355.962257146835327,0.00564,0.00038,0.00044,0.00655,0.00044,0.00441,0.01785
1403715356.012257099151611,0.00658,0.00038,0.00020,0.00651,0.00001,0.00456,0.01824
1403715356.062257051467896,0.00575,0.00038,0.00074,0.00611,0.00772,0.00449,0.02518
1403715356.112257719039917,0.00550,0.00038,0.00015,0.00752,0.00940,0.00478,0.02773
1403715356.162258863449097,0.00563,0.00040,0.00076,0.00928,0.00001,0.00454,0.02061
1403715356.212260007858276,0.00555,0.00042,0.00278,0.00895,0.00001,0.00462,0.02233
1403715356.262260675430298,0.00565,0.00042,0.00003,0.00904,0.00001,0.00452,0.01968
1403715356.312260866165161,0.00567,0.00042,0.00816,0.00857,0.00002,0.00450,0.02736
1403715356.362260103225708,0.00656,0.00040,0.00003,0.00875,0.00001,0.00468,0.02043
1403715356.412262201309204,0.00575,0.00043,0.00787,0.00852,0.00038,0.00458,0.02752
1403715356.462262392044067,0.00563,0.00040,0.00008,0.00877,0.00001,0.00445,0.01935
1403715356.512264966964722,0.00642,0.00040,0.00021,0.00876,0.00048,0.00479,0.02105
1403715356.562268733978271,0.00590,0.00040,0.00575,0.00847,0.00207,0.00481,0.02740
1403715356.612270116806030,0.00673,0.00035,0.00059,0.00913,0.00001,0.00482,0.02163
1403715356.662271738052368,0.00779,0.00039,0.00224,0.00880,0.00001,0.00478,0.02401
1403715356.712271690368652,0.00591,0.00043,0.00003,0.00883,0.00001,0.00494,0.02015
1403715356.762269973754883,0.00608,0.00041,0.00029,0.00854,0.00001,0.00454,0.01988
1403715356.812269210815430,0.00610,0.00039,0.00212,0.00759,0.00035,0.00447,0.02101
1403715356.862269401550293,0.00705,0.00036,0.00098,0.00676,0.00001,0.00499,0.02014
1403715356.912265300750732,0.00636,0.00037,0.00411,0.00624,0.00605,0.00516,0.02829
1403715356.962264299392700,0.00759,0.00035,0.00085,0.00712,0.00002,0.00462,0.02055
1403715357.012263774871826,0.00669,0.00036,0.00680,0.00557,0.00296,0.00460,0.02697
1403715357.062263965606689,0.00613,0.00036,0.00128,0.00621,0.00001,0.00461,0.01860
1403715357.112264394760132,0.00739,0.00034,0.00093,0.00496,0.00034,0.00467,0.01864
1403715357.162265300750732,0.00620,0.00036,0.00043,0.00500,0.00769,0.00460,0.02428
1403715357.212265253067017,0.00769,0.00036,0.00064,0.00592,0.00040,0.00464,0.01965
1403715357.262265205383301,0.00761,0.00031,0.00034,0.00583,0.00001,0.00459,0.01869
1403715357.312266111373901,0.00639,0.00033,0.00106,0.00519,0.00001,0.00455,0.01752
1403715357.362266302108765,0.00624,0.00033,0.00115,0.00505,0.00001,0.00461,0.01740
1403715357.412266731262207,0.00606,0.00036,0.00084,0.00433,0.00489,0.00470,0.02118
1403715357.462268590927124,0.00738,0.00039,0.00126,0.00495,0.00001,0.00478,0.01876
1403715357.512269735336304,0.00617,0.00034,0.00602,0.00447,0.01140,0.00474,0.03314
1403715357.562271833419800,0.00591,0.00039,0.00111,0.00654,0.00041,0.00461,0.01898
1403715357.612271308898926,0.00679,0.00036,0.00017,0.00657,0.00565,0.00473,0.02428
1403715357.662268877029419,0.00612,0.00039,0.00052,0.00708,0.00793,0.00444,0.02648
1403715357.712266921997070,0.00614,0.00041,0.00092,0.00804,0.00001,0.00496,0.02047
1403715357.762266635894775,0.00821,0.00038,0.00026,0.00781,0.00189,0.00469,0.02324
1403715357.812269687652588,0.00666,0.00039,0.00992,0.00838,0.00255,0.00519,0.03310
1403715357.862270116806030,0.00660,0.00043,0.00052,0.00827,0.00001,0.00501,0.02084
1403715357.912271738052368,0.00593,0.00042,0.00034,0.00751,0.00002,0.00446,0.01869
1403715357.962273359298706,0.00712,0.00035,0.00009,0.00750,0.00001,0.00446,0.01954
1403715358.012275218963623,0.00625,0.00039,0.00011,0.00749,0.00062,0.00479,0.01966
1403715358.062277078628540,0.00596,0.00041,0.00054,0.00700,0.00000,0.00458,0.01849
1403715358.112279891967773,0.00602,0.00041,0.00175,0.00704,0.00632,0.00458,0.02612
1403715358.162282705307007,0.00587,0.00039,0.00004,0.00794,0.00640,0.00470,0.02535
1403715358.212283849716187,0.00580,0.00041,0.00177,0.00891,0.00037,0.00468,0.02194
1403715358.262283325195312,0.00604,0.00043,0.00158,0.00863,0.00001,0.00452,0.02121
1403715358.312284469604492,0.00692,0.00042,0.00773,0.00844,0.00199,0.00453,0.03003
1403715358.362284421920776,0.00659,0.00040,0.00035,0.00865,0.00048,0.00458,0.02107
1403715358.412284851074219,0.00622,0.00040,0.00542,0.00875,0.00199,0.00457,0.02734
1403715358.462285280227661,0.00903,0.00041,0.00028,0.00881,0.00002,0.00449,0.02303
1403715358.512290954589844,0.00622,0.00038,0.00551,0.00814,0.00381,0.00443,0.02848
1403715358.562293052673340,0.00620,0.00040,0.00062,0.00833,0.00001,0.00466,0.02022
1403715358.612293720245361,0.00773,0.00034,0.00073,0.00771,0.00001,0.00472,0.02124
1403715358.662290811538696,0.00637,0.00039,0.00106,0.00737,0.00002,0.00456,0.01976
1403715358.712290525436401,0.00639,0.00040,0.00135,0.00618,0.00579,0.00456,0.02468
1403715358.762290239334106,0.00807,0.00037,0.00172,0.00614,0.00002,0.00457,0.02089
1403715358.812292337417603,0.00721,0.00036,0.00059,0.00485,0.00349,0.00469,0.02119
1403715358.862293243408203,0.00624,0.00037,0.00086,0.00493,0.00064,0.00541,0.01845
1403715358.912294387817383,0.00813,0.00032,0.00122,0.00484,0.01277,0.00438,0.03167
1403715358.962295055389404,0.00640,0.00036,0.00020,0.00664,0.00001,0.00459,0.01820
1403715359.012296438217163,0.00770,0.00038,0.00036,0.00629,0.00352,0.00424,0.02248
1403715359.062296628952026,0.00716,0.00037,0.00065,0.00696,0.00042,0.00468,0.02024
1403715359.112297534942627,0.00642,0.00036,0.00112,0.00682,0.00736,0.00468,0.02676
1403715359.162297010421753,0.00787,0.00039,0.00104,0.00850,0.00001,0.00458,0.02238
1403715359.212296962738037,0.00613,0.00040,0.00173,0.00848,0.00001,0.00469,0.02144
1403715359.262296915054321,0.00605,0.00042,0.00082,0.00815,0.00001,0.00463,0.02009
1403715359.312296867370605,0.00607,0.00042,0.00217,0.00844,0.00222,0.00461,0.02393
1403715359.362296342849731,0.00583,0.00040,0.00704,0.00881,0.00202,0.00468,0.02879
1403715359.412296772003174,0.00700,0.00040,0.00306,0.00916,0.00001,0.00566,0.02529
1403715359.462297201156616,0.00612,0.00042,0.00789,0.00820,0.00001,0.00474,0.02738
1403715359.512296915054321,0.00623,0.00039,0.00103,0.00826,0.00024,0.00476,0.02091
1403715359.562297582626343,0.00710,0.00038,0.00040,0.00826,0.00048,0.00440,0.02103
1403715359.612298011779785,0.00612,0.00039,0.00640,0.00788,0.00553,0.00458,0.03091
1403715359.662297964096069,0.00594,0.00044,0.00009,0.00881,0.00001,0.00473,0.02002
1403715359.712298870086670,0.00774,0.00039,0.00184,0.00855,0.00047,0.00446,0.02345
1403715359.762298345565796,0.00584,0.00042,0.00034,0.00813,0.00045,0.00464,0.01982
1403715359.812299013137817,0.00569,0.00040,0.00095,0.00836,0.00004,0.00463,0.02007
1403715359.862298250198364,0.00598,0.00043,0.00021,0.00760,0.00001,0.00495,0.01919
1403715359.912297725677490,0.00641,0.00041,0.00033,0.00794,0.00290,0.00483,0.02282
1403715359.962297439575195,0.00932,0.00040,0.01020,0.00751,0.00231,0.00619,0.03594
1403715360.012297153472900,0.00617,0.00038,0.00150,0.00699,0.00064,0.00471,0.02040
1403715360.062296867370605,0.00601,0.00044,0.00618,0.00660,0.00431,0.00445,0.02799
1403715360.112296342849731,0.00633,0.00041,0.00036,0.00805,0.00189,0.00464,0.02169
1403715360.162295818328857,0.00600,0.00040,0.00013,0.00785,0.00119,0.00467,0.02024
1403715360.212295293807983,0.00679,0.00040,0.00566,0.00750,0.00268,0.00479,0.02782
1403715360.262294769287109,0.00746,0.00041,0.00031,0.00838,0.00010,0.00463,0.02128
1403715360.312294483184814,0.00600,0.00040,0.00020,0.00795,0.00001,0.00468,0.01923
1403715360.362294197082520,0.00761,0.00038,0.00018,0.00796,0.00001,0.00473,0.02087
1403715360.412292957305908,0.00654,0.00038,0.00055,0.00783,0.00046,0.00500,0.02077
1403715360.462291955947876,0.00662,0.00035,0.00023,0.00819,0.00001,0.00465,0.02005
1403715360.512290239334106,0.00673,0.00036,0.00245,0.00712,0.00388,0.00482,0.02536
1403715360.562288999557495,0.00646,0.00041,0.00957,0.00787,0.00332,0.00458,0.03221
1403715360.612288475036621,0.00634,0.00038,0.00148,0.00806,0.00068,0.00485,0.02178
1403715360.662288427352905,0.00645,0.00041,0.00640,0.00775,0.00239,0.00470,0.02810
1403715360.712288856506348,0.00615,0.00043,0.00240,0.00704,0.00002,0.00514,0.02118
1403715360.762288808822632,0.00602,0.00038,0.00134,0.00680,0.00410,0.00449,0.02312
1403715360.812288522720337,0.00922,0.00038,0.00625,0.00648,0.00221,0.00463,0.02918
1403715360.862287998199463,0.00757,0.00051,0.00037,0.00729,0.00114,0.00479,0.02167
1403715360.912288904190063,0.00638,0.00040,0.00553,0.00690,0.00433,0.00462,0.02815
1403715360.962288856506348,0.00603,0.00038,0.00037,0.00667,0.00001,0.00458,0.01803
1403715361.012290000915527,0.00715,0.00032,0.00026,0.00628,0.00042,0.00467,0.01911
1403715361.062290191650391,0.00627,0.00037,0.00100,0.00640,0.00112,0.00462,0.01978
1403715361.112290143966675,0.00601,0.00040,0.00045,0.00721,0.00233,0.00472,0.02110
1403715361.162290096282959,0.00615,0.00043,0.00403,0.00763,0.00502,0.00452,0.02778
1403715361.212290763854980,0.00619,0.00041,0.00122,0.00767,0.00001,0.00458,0.02007
1403715361.262289285659790,0.00670,0.00040,0.00226,0.00669,0.00001,0.00455,0.02061
1403715361.312290430068970,0.00740,0.00036,0.00122,0.00526,0.00072,0.00479,0.01975
1403715361.362288713455200,0.00730,0.00036,0.00068,0.00542,0.00532,0.00463,0.02371
1403715361.412289381027222,0.00761,0.00035,0.00088,0.00422,0.00922,0.00446,0.02674
1403715361.462287902832031,0.00696,0.00038,0.00033,0.00532,0.00001,0.00456,0.01756
1403715361.512288808822632,0.00745,0.00035,0.00061,0.00457,0.00140,0.00460,0.01898
1403715361.562288045883179,0.00703,0.00034,0.00038,0.00486,0.01046,0.00434,0.02741
1403715361.612286806106567,0.00613,0.00041,0.00035,0.00614,0.00077,0.00467,0.01848
1403715361.662289619445801,0.00743,0.00036,0.00023,0.00653,0.00001,0.00458,0.01913
1403715361.712291479110718,0.00598,0.00038,0.00029,0.00671,0.00043,0.00503,0.01882
1403715361.762292861938477,0.00811,0.00036,0.00016,0.00694,0.00375,0.00470,0.02402
1403715361.812295913696289,0.00658,0.00037,0.00053,0.00743,0.00095,0.00451,0.02038
1403715361.862295389175415,0.00623,0.00041,0.00108,0.00738,0.00481,0.00452,0.02444
1403715361.912295818328857,0.00615,0.00041,0.00242,0.00818,0.00306,0.00536,0.02558
1403715361.962294101715088,0.00618,0.00044,0.00560,0.00914,0.00001,0.00548,0.02685
1403715362.012292623519897,0.00761,0.00044,0.00865,0.00859,0.00001,0.00482,0.03012
1403715362.062292337417603,0.00756,0.00039,0.00009,0.00826,0.00001,0.00467,0.02098
1403715362.112293243408203,0.00626,0.00040,0.00589,0.00766,0.00200,0.00479,0.02700
1403715362.162293672561646,0.00730,0.00039,0.00174,0.00790,0.00117,0.00471,0.02321
1403715362.212293624877930,0.00738,0.00041,0.00132,0.00736,0.00001,0.00469,0.02117
1403715362.262294292449951,0.00691,0.00040,0.00044,0.00650,0.00001,0.00453,0.01879
1403715362.312294006347656,0.00612,0.00034,0.00209,0.00594,0.00738,0.00462,0.02649
1403715362.362293958663940,0.00761,0.00036,0.00048,0.00657,0.00200,0.00441,0.02144
1403715362.412293195724487,0.00685,0.00038,0.00220,0.00675,0.00121,0.00470,0.02208
1403715362.462294578552246,0.00615,0.00039,0.00244,0.00627,0.00416,0.00460,0.02401
1403715362.512292623519897,0.00872,0.00039,0.00040,0.00658,0.00329,0.00476,0.02414
1403715362.562292337417603,0.00686,0.00038,0.00180,0.00718,0.00424,0.00443,0.02490
1403715362.612290859222412,0.00708,0.00037,0.00560,0.00680,0.00001,0.00467,0.02453
1403715362.662292003631592,0.00621,0.00040,0.00019,0.00640,0.00001,0.00476,0.01797
1403715362.712292432785034,0.00638,0.00038,0.00519,0.00533,0.00746,0.00446,0.02921
1403715362.762293100357056,0.00713,0.00042,0.00110,0.00691,0.00001,0.00461,0.02018
1403715362.812298059463501,0.00794,0.00038,0.00477,0.00648,0.00287,0.00459,0.02703
1403715362.862302064895630,0.00639,0.00040,0.00068,0.00770,0.00001,0.00501,0.02019
1403715362.912304639816284,0.00959,0.00038,0.00786,0.00726,0.00037,0.00471,0.03018
1403715362.962306261062622,0.00693,0.00038,0.00158,0.00652,0.00001,0.00485,0.02027
1403715363.012307167053223,0.00633,0.00035,0.00015,0.00636,0.00186,0.00476,0.01981
1403715363.062306404113770,0.00632,0.00039,0.00854,0.00632,0.00556,0.00477,0.03190
1403715363.112307071685791,0.00665,0.00044,0.00022,0.00716,0.00045,0.00478,0.01970
1403715363.162307262420654,0.00661,0.00041,0.00020,0.00705,0.00230,0.00444,0.02102
1403715363.212308168411255,0.00635,0.00041,0.00489,0.00762,0.00230,0.00448,0.02606
1403715363.262308597564697,0.00688,0.00041,0.00021,0.00819,0.00001,0.00472,0.02042
1403715363.312309741973877,0.00629,0.00042,0.00450,0.00848,0.00119,0.00444,0.02533
1403715363.362311363220215,0.00637,0.00040,0.00598,0.00760,0.00001,0.00461,0.02497
1403715363.412312030792236,0.00623,0.00041,0.00181,0.00713,0.00025,0.00478,0.02061
1403715363.462313413619995,0.00733,0.00046,0.01231,0.00592,0.00533,0.00495,0.03630
1403715363.512314081192017,0.00945,0.00050,0.00678,0.00574,0.00393,0.00460,0.03099
1403715363.562315702438354,0.00807,0.00039,0.00069,0.00509,0.00037,0.00482,0.01943
1403715363.612315654754639,0.00714,0.00036,0.00071,0.00471,0.00056,0.00468,0.01816
1403715363.662314414978027,0.00658,0.00035,0.00039,0.00428,0.01111,0.00454,0.02725
1403715363.712314128875732,0.00648,0.00038,0.00075,0.00551,0.00038,0.00491,0.01841
1403715363.762313127517700,0.00663,0.00037,0.00027,0.00542,0.00066,0.00476,0.01810
1403715363.812313318252563,0.00632,0.00034,0.00126,0.00484,0.00470,0.00467,0.02213
1403715363.862312793731689,0.00616,0.00036,0.00038,0.00420,0.00001,0.00573,0.01684
1403715363.912311077117920,0.00657,0.00032,0.00122,0.00369,0.00403,0.00442,0.02025
1403715363.962310552597046,0.00679,0.00035,0.00334,0.00276,0.00518,0.00454,0.02296
1403715364.012310504913330,0.01075,0.00035,0.00185,0.00258,0.00035,0.00460,0.02048
1403715364.062309503555298,0.00788,0.00031,0.01650,0.00302,0.02422,0.00574,0.05767
1403715364.112308979034424,0.00844,0.00039,0.00109,0.00517,0.01357,0.00558,0.03424
1403715364.162305831909180,0.01076,0.00048,0.00052,0.00524,0.00003,0.00541,0.02244
1403715364.212301015853882,0.01078,0.00041,0.00049,0.00477,0.00112,0.00558,0.02315
1403715364.262296915054321,0.00699,0.00036,0.00089,0.00409,0.00492,0.00673,0.02398
1403715364.312291145324707,0.00720,0.00039,0.00012,0.00401,0.00001,0.00518,0.01690
1403715364.362288713455200,0.00821,0.00032,0.00043,0.00389,0.00061,0.00477,0.01822
1403715364.412284851074219,0.00680,0.00034,0.00133,0.00485,0.00072,0.00481,0.01883
1403715364.462284326553345,0.00676,0.00034,0.00012,0.00500,0.00001,0.00465,0.01688
1403715364.512286424636841,0.00660,0.00034,0.00003,0.00471,0.00001,0.00480,0.01649
1403715364.562284708023071,0.00817,0.00033,0.00633,0.00454,0.02248,0.00514,0.04699
1403715364.612283945083618,0.00647,0.00041,0.00038,0.00797,0.00001,0.00481,0.02005
1403715364.662281513214111,0.00652,0.00040,0.01452,0.00734,0.00254,0.00471,0.03601
1403715364.712281465530396,0.00666,0.00037,0.00004,0.00810,0.00299,0.00473,0.02289
1403715364.762281179428101,0.00663,0.00042,0.00093,0.00835,0.00121,0.00482,0.02235
1403715364.812281608581543,0.00634,0.00044,0.00124,0.00770,0.00001,0.00478,0.02050
1403715364.862280845642090,0.00644,0.00040,0.00038,0.00681,0.00117,0.00487,0.02007
1403715364.912278890609741,0.00630,0.00042,0.01346,0.00672,0.00247,0.00473,0.03410
1403715364.962278842926025,0.00631,0.00037,0.00085,0.00695,0.00431,0.00462,0.02341
1403715365.012278556823730,0.00610,0.00043,0.00120,0.00717,0.00215,0.00436,0.02140
1403715365.062278509140015,0.00581,0.00041,0.00060,0.00741,0.00002,0.00461,0.01887
1403715365.112277269363403,0.00956,0.00038,0.00040,0.00648,0.00044,0.00498,0.02224
1403715365.162274837493896,0.00653,0.00038,0.00465,0.00643,0.00662,0.00471,0.02931
1403715365.212274551391602,0.00616,0.00041,0.00028,0.00804,0.00002,0.00466,0.01958
1403715365.262274026870728,0.00613,0.00040,0.00937,0.00781,0.00383,0.00495,0.03249
1403715365.312275886535645,0.00637,0.00040,0.00101,0.00817,0.00001,0.00456,0.02052
1403715365.362277746200562,0.00593,0.00043,0.00044,0.00807,0.00001,0.00463,0.01951
1403715365.412278413772583,0.00619,0.00038,0.00066,0.00796,0.00002,0.00468,0.01989
1403715365.462279319763184,0.00605,0.00041,0.00043,0.00757,0.00001,0.00468,0.01916
1403715365.512278556823730,0.00681,0.00039,0.01105,0.00709,0.00246,0.00459,0.03238
1403715365.562277555465698,0.00636,0.00041,0.00032,0.00662,0.00001,0.00470,0.01842
1403715365.612276792526245,0.00643,0.00038,0.00018,0.00655,0.00110,0.00479,0.01943
1403715365.662275075912476,0.00795,0.00049,0.00819,0.00645,0.00559,0.00518,0.03385
1403715365.712274312973022,0.00910,0.00037,0.00052,0.00718,0.00001,0.00498,0.02217
1403715365.762273073196411,0.00695,0.00037,0.00052,0.00586,0.00445,0.00478,0.02292
1403715365.812272787094116,0.00781,0.00037,0.00052,0.00630,0.00040,0.00468,0.02009
1403715365.862272977828979,0.00664,0.00036,0.00441,0.00591,0.01208,0.00503,0.03444
1403715365.912274122238159,0.00662,0.00038,0.00026,0.00738,0.00001,0.00471,0.01936
1403715365.962275505065918,0.00651,0.00040,0.00025,0.00696,0.00005,0.00458,0.01875
1403715366.012277126312256,0.00628,0.00040,0.00009,0.00673,0.00001,0.00468,0.01819
1403715366.062280178070068,0.00629,0.00037,0.00143,0.00670,0.00023,0.00468,0.01970
1403715366.112282037734985,0.00641,0.00038,0.00625,0.00624,0.00726,0.00462,0.03117
1403715366.162283182144165,0.00618,0.00044,0.00009,0.00790,0.00001,0.00471,0.01933
1403715366.212284564971924,0.00612,0.00039,0.00106,0.00797,0.00001,0.00487,0.02042
1403715366.262283563613892,0.00628,0.00040,0.02346,0.00779,0.00438,0.00490,0.04721
1403715366.312283039093018,0.00620,0.00041,0.00003,0.00834,0.00001,0.00487,0.01987
1403715366.362281084060669,0.01303,0.00040,0.00024,0.00832,0.00001,0.00489,0.02690
1403715366.412281036376953,0.00638,0.00034,0.00022,0.00769,0.00005,0.00486,0.01954
1403715366.462279796600342,0.00588,0.00038,0.00022,0.00777,0.00396,0.00464,0.02286
1403715366.512277841567993,0.00597,0.00041,0.00003,0.00839,0.00001,0.00461,0.01942
1403715366.562279939651489,0.00572,0.00038,0.00004,0.00821,0.00205,0.00469,0.02108
1403715366.612281084060669,0.00605,0.00040,0.00004,0.00898,0.00001,0.00460,0.02007
1403715366.662282705307007,0.00596,0.00039,0.00494,0.00813,0.00001,0.00464,0.02406
1403715366.712284564971924,0.00593,0.00038,0.00789,0.00860,0.00001,0.00464,0.02745
1403715366.762285947799683,0.00606,0.00039,0.00034,0.00848,0.00050,0.00487,0.02064
1403715366.812286376953125,0.00592,0.00039,0.00033,0.00826,0.00001,0.00470,0.01961
1403715366.862287521362305,0.00591,0.00040,0.02334,0.00856,0.00325,0.00474,0.04620
1403715366.912287473678589,0.00728,0.00041,0.00003,0.00861,0.00001,0.00463,0.02098
1403715366.962287664413452,0.00606,0.00043,0.00036,0.00864,0.00001,0.00458,0.02007
1403715367.012287616729736,0.00594,0.00040,0.00187,0.00868,0.00049,0.00471,0.02210
1403715367.062287807464600,0.00579,0.00053,0.00004,0.00890,0.00001,0.00439,0.01966
1403715367.112288475036621,0.00598,0.00038,0.00015,0.00868,0.00001,0.00459,0.01979
1403715367.162288665771484,0.00558,0.00040,0.00009,0.00795,0.00001,0.00454,0.01857
1403715367.212287425994873,0.00594,0.00039,0.00004,0.00767,0.00001,0.00459,0.01864
1403715367.262289285659790,0.00567,0.00041,0.00434,0.00721,0.00006,0.00445,0.02214
1403715367.312292098999023,0.00598,0.00038,0.00538,0.00737,0.00547,0.00493,0.02952
1403715367.362293243408203,0.00565,0.00040,0.00025,0.00787,0.00032,0.00476,0.01925
1403715367.412292957305908,0.00572,0.00052,0.00004,0.00767,0.00001,0.00458,0.01855
1403715367.462295293807983,0.00782,0.00037,0.01871,0.00695,0.00368,0.00500,0.04253
1403715367.512295722961426,0.00902,0.00035,0.00017,0.00713,0.00001,0.00495,0.02163
1403715367.562294960021973,0.00699,0.00035,0.00021,0.00706,0.00001,0.00472,0.01933
1403715367.612293958663940,0.00686,0.00037,0.00040,0.00661,0.00211,0.00449,0.02084
1403715367.662293910980225,0.00673,0.00035,0.00086,0.00713,0.00002,0.00470,0.01979
1403715367.712294816970825,0.00669,0.00037,0.00015,0.00706,0.00004,0.00525,0.01957
1403715367.762294530868530,0.00668,0.00040,0.00049,0.00699,0.00001,0.00482,0.01939
1403715367.812294960021973,0.00676,0.00037,0.00071,0.00705,0.00001,0.00467,0.01957
1403715367.862294673919678,0.00678,0.00033,0.00117,0.00772,0.00874,0.00478,0.02951
1403715367.912292957305908,0.00673,0.00040,0.00745,0.00852,0.00001,0.00481,0.02793
1403715367.962293148040771,0.00635,0.00040,0.00300,0.00804,0.00001,0.00485,0.02264
1403715368.012290239334106,0.00754,0.00040,0.00622,0.00770,0.00118,0.00481,0.02785
1403715368.062291860580444,0.00636,0.00042,0.02895,0.00786,0.00047,0.00525,0.04932
1403715368.112292528152466,0.00599,0.00040,0.00161,0.00803,0.00005,0.00460,0.02069
1403715368.162293434143066,0.00612,0.00035,0.00051,0.00794,0.00001,0.00467,0.01960
1403715368.212294816970825,0.00581,0.00040,0.00010,0.00776,0.00200,0.00470,0.02078
1403715368.262295484542847,0.00592,0.00041,0.00003,0.00741,0.00001,0.00468,0.01845
1403715368.312295913696289,0.00597,0.00040,0.00017,0.00705,0.00196,0.00471,0.02026
1403715368.362296104431152,0.00606,0.00041,0.00062,0.00656,0.00081,0.00425,0.01871
1403715368.412296056747437,0.00808,0.00043,0.00004,0.00882,0.00001,0.00514,0.02252
1403715368.462296009063721,0.00738,0.00053,0.00098,0.00735,0.00122,0.00499,0.02246
1403715368.512294530868530,0.00667,0.00036,0.00017,0.00688,0.00694,0.00489,0.02590
1403715368.562293767929077,0.00792,0.00038,0.00004,0.00720,0.00001,0.00466,0.02020
1403715368.612293004989624,0.00645,0.00041,0.00446,0.00706,0.00307,0.00460,0.02605
1403715368.662291765213013,0.00647,0.00041,0.02511,0.00777,0.00073,0.00473,0.04522
1403715368.712291717529297,0.00617,0.00040,0.00075,0.00772,0.00001,0.00496,0.02002
1403715368.762291193008423,0.00600,0.00038,0.00020,0.00764,0.00001,0.00458,0.01881
1403715368.812291860580444,0.00613,0.00039,0.00056,0.00721,0.00001,0.00464,0.01894
1403715368.862291574478149,0.00609,0.00040,0.00024,0.00660,0.00001,0.00492,0.01825
1403715368.912291049957275,0.00588,0.00034,0.00019,0.00613,0.00001,0.00456,0.01711
1403715368.962289571762085,0.00923,0.00035,0.00694,0.00610,0.01239,0.00467,0.03968
1403715369.012287855148315,0.00617,0.00040,0.00081,0.00785,0.00001,0.00462,0.01986
1403715369.062287330627441,0.00644,0.00037,0.00051,0.00734,0.00497,0.00488,0.02452
1403715369.112285614013672,0.00639,0.00039,0.00066,0.00867,0.00001,0.00468,0.02079
1403715369.162284135818481,0.00665,0.00039,0.00004,0.00836,0.00001,0.00482,0.02026
1403715369.212282657623291,0.00633,0.00040,0.00087,0.00829,0.00001,0.00472,0.02061
1403715369.262279272079468,0.00739,0.00037,0.02421,0.00808,0.00001,0.00471,0.04478
1403715369.312277317047119,0.00653,0.00040,0.00053,0.00823,0.00001,0.00470,0.02040
1403715369.362275362014771,0.00619,0.00041,0.00125,0.00738,0.00001,0.00466,0.01989
1403715369.412274837493896,0.00636,0.00040,0.00191,0.00721,0.00046,0.00475,0.02109
1403715369.462274074554443,0.00596,0.00037,0.00044,0.00758,0.00045,0.00474,0.01955
1403715369.512273788452148,0.00598,0.00037,0.01004,0.00754,0.00203,0.00498,0.03095
1403715369.562273502349854,0.00609,0.00039,0.00492,0.00729,0.00005,0.00464,0.02339
1403715369.612273931503296,0.00592,0.00039,0.00009,0.00764,0.00001,0.00460,0.01865
1403715369.662272930145264,0.00594,0.00041,0.00003,0.00800,0.00002,0.00459,0.01900
1403715369.712272882461548,0.00591,0.00039,0.00099,0.00696,0.00001,0.00484,0.01909
1403715369.762273073196411,0.00823,0.00038,0.00121,0.00680,0.00044,0.00487,0.02193
1403715369.812273979187012,0.00639,0.00038,0.00029,0.00701,0.00112,0.00468,0.01988
1403715369.862273693084717,0.00671,0.00039,0.01818,0.00665,0.00601,0.00466,0.04260
1403715369.912274122238159,0.00650,0.00039,0.00019,0.00775,0.00045,0.00475,0.02003
1403715369.962274789810181,0.00809,0.00039,0.00017,0.00796,0.00047,0.00494,0.02202
1403715370.012275457382202,0.00650,0.00041,0.00008,0.00814,0.00001,0.00475,0.01990
1403715370.062276363372803,0.00656,0.00039,0.00004,0.00792,0.00001,0.00495,0.01987
1403715370.112279415130615,0.00651,0.00039,0.00855,0.00760,0.00199,0.00483,0.02987
1403715370.162281274795532,0.00643,0.00041,0.00514,0.00778,0.00049,0.00473,0.02499
1403715370.212285757064819,0.00646,0.00041,0.00118,0.00815,0.00046,0.00548,0.02214
1403715370.262287139892578,0.00631,0.00040,0.00124,0.00836,0.00001,0.00479,0.02111
1403715370.312291622161865,0.00648,0.00041,0.02026,0.00856,0.00001,0.00508,0.04079
1403715370.362290143966675,0.00753,0.00041,0.00037,0.00846,0.00001,0.00477,0.02155
1403715370.412291049957275,0.00626,0.00037,0.00043,0.00808,0.00001,0.00472,0.01986
1403715370.462291002273560,0.00649,0.00038,0.01409,0.00777,0.00410,0.00481,0.03764
1403715370.512290000915527,0.00689,0.00041,0.00020,0.00900,0.00001,0.00510,0.02162
1403715370.562287092208862,0.00695,0.00048,0.00004,0.00847,0.00001,0.00494,0.02089
1403715370.612284660339355,0.00646,0.00041,0.00004,0.00769,0.00001,0.00496,0.01956
1403715370.662281036376953,0.00627,0.00040,0.00087,0.00751,0.00109,0.00481,0.02093
1403715370.712277650833130,0.00631,0.00041,0.00733,0.00893,0.00199,0.00486,0.02983
1403715370.762275457382202,0.00613,0.00042,0.00232,0.00901,0.00001,0.00530,0.02318
1403715370.812272548675537,0.00619,0.00040,0.00004,0.00902,0.00001,0.00466,0.02032
1403715370.862272500991821,0.00631,0.00042,0.00004,0.00895,0.00001,0.00509,0.02083
1403715370.912269592285156,0.00713,0.00039,0.01796,0.00900,0.00001,0.00469,0.03918
1403715370.962267875671387,0.00611,0.00040,0.00004,0.00898,0.00001,0.00472,0.02025
1403715371.012266874313354,0.00617,0.00040,0.00004,0.00900,0.00001,0.00460,0.02021
1403715371.062267303466797,0.00658,0.00043,0.01342,0.00849,0.00001,0.00489,0.03381
1403715371.112267017364502,0.00635,0.00036,0.00003,0.00872,0.00001,0.00463,0.02009
1403715371.162266969680786,0.00618,0.00041,0.00067,0.00844,0.00045,0.00490,0.02105
1403715371.212267875671387,0.00597,0.00039,0.00017,0.00834,0.00001,0.00473,0.01961
1403715371.262270212173462,0.00618,0.00039,0.00021,0.00791,0.00001,0.00506,0.01975
1403715371.312275171279907,0.00600,0.00038,0.00605,0.00785,0.00381,0.00445,0.02854
1403715371.362278938293457,0.00604,0.00039,0.00027,0.00804,0.00241,0.00474,0.02189
1403715371.412285327911377,0.00606,0.00040,0.00003,0.00828,0.00001,0.00461,0.01939
1403715371.462293863296509,0.00747,0.00041,0.00148,0.00812,0.00001,0.00449,0.02198
1403715371.512308597564697,0.00610,0.00041,0.01524,0.00695,0.00238,0.00503,0.03612
1403715371.562313079833984,0.00592,0.00039,0.00035,0.00744,0.00001,0.00457,0.01868
1403715371.612312555313110,0.00803,0.00038,0.00028,0.00724,0.00006,0.00461,0.02059
1403715371.662311792373657,0.00645,0.00039,0.01038,0.00653,0.00705,0.00492,0.03572
1403715371.712310791015625,0.00663,0.00042,0.00046,0.00792,0.00047,0.00513,0.02102
1403715371.762309312820435,0.00675,0.00038,0.00083,0.00805,0.00046,0.00489,0.02136
1403715371.812309265136719,0.00645,0.00041,0.00027,0.00805,0.00002,0.00471,0.01993
1403715371.862309217453003,0.00648,0.00041,0.00017,0.00763,0.00001,0.00510,0.01980
1403715371.912310361862183,0.00641,0.00039,0.00277,0.00650,0.00807,0.00468,0.02881
1403715371.962310314178467,0.00635,0.00040,0.00042,0.00746,0.00004,0.00474,0.01942
1403715372.012310504913330,0.00729,0.00040,0.00153,0.00726,0.00045,0.00473,0.02166
1403715372.062309741973877,0.00622,0.00039,0.00045,0.00704,0.00044,0.00445,0.01899
1403715372.112309217453003,0.00585,0.00037,0.00412,0.00710,0.00874,0.00510,0.03129
1403715372.162307500839233,0.00594,0.00041,0.01705,0.00839,0.00001,0.00502,0.03681
1403715372.212307453155518,0.00739,0.00036,0.00225,0.00790,0.00046,0.00485,0.02321
1403715372.262306213378906,0.00628,0.00040,0.00942,0.00772,0.00115,0.00469,0.02967
1403715372.312306880950928,0.00791,0.00037,0.00009,0.00809,0.00001,0.00478,0.02123
1403715372.362306594848633,0.00654,0.00039,0.00061,0.00808,0.00001,0.00464,0.02027
1403715372.412305116653442,0.00676,0.00039,0.00071,0.00751,0.00118,0.00475,0.02129
1403715372.462303876876831,0.00635,0.00039,0.00190,0.00693,0.00001,0.00468,0.02025
1403715372.512304067611694,0.00647,0.00042,0.00089,0.00636,0.00079,0.00468,0.01960
1403715372.562303066253662,0.00758,0.00039,0.00221,0.00635,0.00070,0.00440,0.02163
1403715372.612303972244263,0.00841,0.00041,0.00107,0.00728,0.00001,0.00496,0.02214
1403715372.662303209304810,0.00643,0.00038,0.00096,0.00672,0.00043,0.00480,0.01973
1403715372.712303400039673,0.00630,0.00035,0.00193,0.00678,0.00410,0.00454,0.02401
1403715372.762303352355957,0.00623,0.00036,0.01120,0.00716,0.00561,0.00499,0.03555
1403715372.812303543090820,0.00639,0.00042,0.00151,0.00758,0.00244,0.00455,0.02288
1403715372.862303256988525,0.00628,0.00039,0.01573,0.00740,0.00001,0.00489,0.03469
1403715372.912302732467651,0.00612,0.00040,0.00104,0.00691,0.00046,0.00463,0.01957
1403715372.962302923202515,0.00696,0.00039,0.00076,0.00714,0.00051,0.00473,0.02049
1403715373.012302875518799,0.00599,0.00038,0.00123,0.00645,0.00044,0.00474,0.01922
1403715373.062303066253662,0.00655,0.00040,0.00022,0.00660,0.00044,0.00461,0.01881
1403715373.112303018569946,0.00799,0.00038,0.00058,0.00575,0.00218,0.00479,0.02167
1403715373.162302732467651,0.00706,0.00039,0.00724,0.00551,0.00875,0.00467,0.03362
1403715373.212302684783936,0.00633,0.00039,0.00034,0.00649,0.00005,0.00463,0.01824
1403715373.262302637100220,0.00760,0.00039,0.00117,0.00575,0.00002,0.00469,0.01961
1403715373.312303066253662,0.00580,0.00034,0.00154,0.00494,0.00004,0.00469,0.01735
1403715373.362302780151367,0.00764,0.00033,0.00397,0.00448,0.01270,0.00468,0.03380
1403715373.412302732467651,0.00618,0.00041,0.00075,0.00642,0.00045,0.00467,0.01888
1403715373.462302923202515,0.00624,0.00039,0.01137,0.00647,0.00733,0.00490,0.03669
1403715373.512303113937378,0.00602,0.00040,0.00567,0.00735,0.00199,0.00461,0.02605
1403715373.562303543090820,0.00623,0.00041,0.00025,0.00753,0.00001,0.00470,0.01913
1403715373.612303495407104,0.00600,0.00039,0.00015,0.00697,0.00001,0.00463,0.01814
1403715373.662302970886230,0.00760,0.00060,0.00158,0.00662,0.00001,0.00473,0.02115
1403715373.712303400039673,0.00643,0.00040,0.00613,0.00664,0.00419,0.00473,0.02852
1403715373.762303113937378,0.00631,0.00040,0.00655,0.00621,0.00303,0.00479,0.02729
1403715373.812303304672241,0.00732,0.00040,0.00139,0.00637,0.00001,0.00477,0.02025
1403715373.862303256988525,0.00602,0.00038,0.00265,0.00533,0.00076,0.00530,0.02043
1403715373.912302732467651,0.00631,0.00038,0.00588,0.00583,0.00879,0.00479,0.03199
1403715373.962302684783936,0.00743,0.00040,0.00458,0.00704,0.00241,0.00464,0.02650
1403715374.012302637100220,0.00624,0.00041,0.00114,0.00724,0.00001,0.00456,0.01960
1403715374.062302350997925,0.00625,0.00039,0.00797,0.00661,0.00368,0.00468,0.02959
1403715374.112301588058472,0.00618,0.00040,0.00104,0.00695,0.00002,0.00460,0.01920
1403715374.162301301956177,0.00732,0.00041,0.00184,0.00663,0.00042,0.00442,0.02105
1403715374.212300539016724,0.00626,0.00038,0.00995,0.00644,0.00571,0.00487,0.03361
1403715374.262299537658691,0.00619,0.00039,0.00087,0.00748,0.00046,0.00450,0.01989
1403715374.312300205230713,0.00610,0.00038,0.00175,0.00700,0.00409,0.00461,0.02394
1403715374.362301588058472,0.00692,0.00039,0.00496,0.00716,0.00137,0.00464,0.02545
1403715374.412302494049072,0.00746,0.00040,0.00075,0.00664,0.00001,0.00488,0.02014
1403715374.462303161621094,0.00630,0.00039,0.00076,0.00617,0.00042,0.00461,0.01866
1403715374.512303590774536,0.00746,0.00040,0.00286,0.00515,0.00534,0.00449,0.02569
1403715374.562304019927979,0.00605,0.00037,0.00115,0.00641,0.00224,0.00457,0.02080
1403715374.612303972244263,0.00593,0.00039,0.00090,0.00615,0.00069,0.00469,0.01875
1403715374.662304878234863,0.00644,0.00049,0.00667,0.00638,0.00575,0.00512,0.03085
1403715374.712305545806885,0.00614,0.00042,0.01057,0.00710,0.00048,0.00466,0.02937
1403715374.762305498123169,0.00669,0.00032,0.00029,0.00549,0.00038,0.00468,0.01785
1403715374.812306404113770,0.00698,0.00034,0.00321,0.00553,0.01050,0.00476,0.03133
1403715374.862306594848633,0.00637,0.00040,0.00025,0.00740,0.00010,0.00479,0.01930
1403715374.912306785583496,0.00625,0.00038,0.00010,0.00785,0.00233,0.00460,0.02152
1403715374.962306499481201,0.00611,0.00040,0.01050,0.00740,0.00549,0.00483,0.03472
1403715375.012306928634644,0.00633,0.00040,0.00009,0.00810,0.00001,0.00468,0.01961
1403715375.062306880950928,0.00689,0.00043,0.00080,0.00750,0.00002,0.00457,0.02021
1403715375.112307071685791,0.00598,0.00041,0.00350,0.00700,0.00117,0.00477,0.02282
1403715375.162306547164917,0.00597,0.00036,0.00091,0.00694,0.00114,0.00449,0.01980
1403715375.212306737899780,0.00608,0.00038,0.00159,0.00653,0.00001,0.00455,0.01915
1403715375.262306451797485,0.00680,0.00037,0.00113,0.00642,0.00673,0.00439,0.02584
1403715375.312306165695190,0.00650,0.00040,0.00683,0.00727,0.00676,0.00537,0.03313
1403715375.362305641174316,0.00603,0.00042,0.00754,0.00794,0.00001,0.00471,0.02665
1403715375.412304878234863,0.00654,0.00042,0.00286,0.00785,0.00042,0.00471,0.02279
1403715375.462305068969727,0.00697,0.00037,0.00024,0.00858,0.00001,0.00461,0.02079
1403715375.512305736541748,0.00628,0.00041,0.00088,0.00789,0.00114,0.00462,0.02122
1403715375.562307119369507,0.00619,0.00038,0.00956,0.00754,0.00389,0.00446,0.03202
1403715375.612307786941528,0.00749,0.00038,0.00048,0.00785,0.00001,0.00471,0.02091
1403715375.662307262420654,0.00611,0.00038,0.00087,0.00753,0.00001,0.00466,0.01956
1403715375.712306976318359,0.00638,0.00041,0.00067,0.00693,0.00191,0.00494,0.02124
1403715375.762305498123169,0.00582,0.00039,0.00088,0.00719,0.00236,0.00460,0.02124
1403715375.812303304672241,0.00640,0.00037,0.00704,0.00703,0.00244,0.00455,0.02782
1403715375.862301111221313,0.00613,0.00041,0.00104,0.00734,0.00001,0.00500,0.01992
1403715375.912300825119019,0.00593,0.00040,0.00566,0.00639,0.00072,0.00476,0.02386
1403715375.962302923202515,0.00656,0.00035,0.00623,0.00624,0.00252,0.00464,0.02654
1403715376.012303590774536,0.00670,0.00040,0.00845,0.00704,0.00230,0.00469,0.02959
1403715376.062304496765137,0.00662,0.00038,0.00029,0.00699,0.00001,0.00469,0.01898
1403715376.112305164337158,0.00614,0.00037,0.00076,0.00675,0.00002,0.00468,0.01873
1403715376.162305593490601,0.00711,0.00041,0.00065,0.00578,0.01033,0.00445,0.02874
1403715376.212305307388306,0.00634,0.00040,0.00127,0.00731,0.00001,0.00457,0.01990
1403715376.262304782867432,0.00655,0.00041,0.00134,0.00673,0.00106,0.00470,0.02078
1403715376.312304496765137,0.00612,0.00038,0.00278,0.00712,0.00001,0.00453,0.02095
1403715376.362304687500000,0.00673,0.00036,0.00414,0.00537,0.00531,0.00460,0.02651
1403715376.412304162979126,0.00695,0.00037,0.00094,0.00629,0.00467,0.00479,0.02401
1403715376.462305307388306,0.00602,0.00039,0.00098,0.00688,0.00044,0.00440,0.01911
1403715376.512305736541748,0.00634,0.00037,0.00066,0.00674,0.00484,0.00453,0.02348
1403715376.562306880950928,0.00639,0.00041,0.00384,0.00750,0.00196,0.00477,0.02487
1403715376.612308740615845,0.00667,0.00039,0.00524,0.00647,0.00265,0.00465,0.02607
1403715376.662307977676392,0.00644,0.00032,0.00085,0.00671,0.00002,0.00459,0.01893
1403715376.712303400039673,0.00826,0.00035,0.00042,0.00632,0.00043,0.00500,0.02077
1403715376.762299776077271,0.00655,0.00044,0.00087,0.00709,0.00350,0.00515,0.02360
1403715376.812298536300659,0.00655,0.00039,0.00031,0.00756,0.00426,0.00465,0.02372
1403715376.862299442291260,0.00605,0.00039,0.00057,0.00759,0.00118,0.00496,0.02075
1403715376.912301778793335,0.00626,0.00039,0.00560,0.00763,0.00230,0.00452,0.02671
1403715376.962304115295410,0.00656,0.00039,0.00194,0.00775,0.00199,0.00449,0.02312
1403715377.012301921844482,0.00658,0.00042,0.00116,0.00707,0.00001,0.00472,0.01996
1403715377.062295675277710,0.00664,0.00039,0.00035,0.00560,0.00037,0.00470,0.01806
1403715377.112290620803833,0.00624,0.00036,0.00044,0.00630,0.00106,0.00512,0.01952
1403715377.162286758422852,0.00633,0.00038,0.00248,0.00669,0.00459,0.00461,0.02508
1403715377.212284803390503,0.00746,0.00038,0.00199,0.00710,0.00296,0.00461,0.02450
1403715377.262285232543945,0.00837,0.00039,0.00025,0.00722,0.00042,0.00467,0.02132
1403715377.312285900115967,0.00629,0.00040,0.00032,0.00723,0.00294,0.00473,0.02191
1403715377.362287759780884,0.00581,0.00039,0.00283,0.00742,0.00161,0.00482,0.02289
1403715377.412288665771484,0.00588,0.00041,0.00049,0.00765,0.00038,0.00463,0.01944
1403715377.462288141250610,0.00731,0.00037,0.00512,0.00689,0.00216,0.00481,0.02666
1403715377.512288093566895,0.00598,0.00040,0.00523,0.00708,0.00416,0.00461,0.02746
1403715377.562288999557495,0.00607,0.00041,0.00622,0.00762,0.00052,0.00477,0.02562
1403715377.612289905548096,0.00618,0.00041,0.00264,0.00786,0.00201,0.00455,0.02366
1403715377.662289619445801,0.00592,0.00040,0.00194,0.00766,0.00039,0.00551,0.02181
1403715377.712289571762085,0.00591,0.00040,0.00039,0.00710,0.00080,0.00512,0.01973
1403715377.762289762496948,0.00588,0.00038,0.00647,0.00677,0.00077,0.00471,0.02498
1403715377.812290191650391,0.00839,0.00038,0.00165,0.00670,0.00224,0.00458,0.02394
1403715377.862290143966675,0.00649,0.00040,0.00040,0.00652,0.00002,0.00503,0.01886
1403715377.912290573120117,0.00631,0.00037,0.00096,0.00586,0.00042,0.00448,0.01839
1403715377.962290763854980,0.00760,0.00036,0.00130,0.00542,0.00200,0.00473,0.02142
1403715378.012290716171265,0.00599,0.00038,0.00259,0.00571,0.00864,0.00471,0.02802
1403715378.062291383743286,0.00633,0.00038,0.00400,0.00621,0.00410,0.00480,0.02582
1403715378.112292051315308,0.00606,0.00040,0.00106,0.00665,0.00040,0.00452,0.01910
1403715378.162291765213013,0.00750,0.00041,0.00597,0.00579,0.00196,0.00488,0.02650
1403715378.212290287017822,0.00662,0.00035,0.00041,0.00576,0.00073,0.00463,0.01852
1403715378.262289524078369,0.00728,0.00037,0.00019,0.00555,0.00209,0.00486,0.02034
1403715378.312288999557495,0.00622,0.00034,0.00038,0.00551,0.00071,0.00484,0.01800
1403715378.362288475036621,0.00671,0.00079,0.01248,0.00564,0.00663,0.00507,0.03732
1403715378.412288188934326,0.00620,0.00040,0.00044,0.00580,0.00076,0.00462,0.01821
1403715378.462287187576294,0.00810,0.00039,0.00071,0.00610,0.00001,0.00482,0.02012
1403715378.512285947799683,0.00822,0.00038,0.00075,0.00531,0.00001,0.00477,0.01943
1403715378.562284946441650,0.00657,0.00038,0.00081,0.00495,0.00158,0.00481,0.01910
1403715378.612283945083618,0.00638,0.00036,0.00056,0.00481,0.00344,0.00486,0.02042
1403715378.662283182144165,0.00656,0.00038,0.00272,0.00476,0.00035,0.00479,0.01956
1403715378.712282896041870,0.00645,0.00035,0.00231,0.00499,0.00976,0.00487,0.02874
1403715378.762283086776733,0.00644,0.00038,0.00541,0.00650,0.00040,0.00470,0.02383
1403715378.812283515930176,0.00634,0.00040,0.00366,0.00692,0.00252,0.00525,0.02508
1403715378.862283706665039,0.00709,0.00042,0.00026,0.00663,0.00001,0.00532,0.01974
1403715378.912283658981323,0.00587,0.00039,0.00121,0.00624,0.00076,0.00477,0.01924
1403715378.962283611297607,0.00602,0.00039,0.00964,0.00566,0.00312,0.00449,0.02933
1403715379.012283802032471,0.00616,0.00038,0.01633,0.00603,0.00641,0.00478,0.04009
1403715379.062284231185913,0.00713,0.00042,0.00007,0.00729,0.00001,0.00457,0.01949
1403715379.112284898757935,0.00612,0.00041,0.00004,0.00712,0.00001,0.00475,0.01844
1403715379.162285327911377,0.00608,0.00041,0.00064,0.00683,0.00001,0.00470,0.01866
1403715379.212285280227661,0.00613,0.00039,0.00054,0.00661,0.00076,0.00472,0.01915
1403715379.262284755706787,0.00585,0.00040,0.00095,0.00691,0.00117,0.00486,0.02013
1403715379.312283039093018,0.00574,0.00040,0.00238,0.00671,0.00001,0.00473,0.01997
1403715379.362281084060669,0.00619,0.00041,0.00536,0.00668,0.00001,0.00474,0.02340
1403715379.412279129028320,0.00598,0.00041,0.00225,0.00660,0.00086,0.00446,0.02056
1403715379.462276697158813,0.00595,0.00041,0.00004,0.00830,0.00001,0.00489,0.01959
1403715379.512274503707886,0.00596,0.00041,0.00039,0.00675,0.00001,0.00465,0.01816
1403715379.562272071838379,0.00612,0.00041,0.00892,0.00682,0.00009,0.00469,0.02706
1403715379.612271308898926,0.00739,0.00041,0.01497,0.00679,0.00010,0.00464,0.03430
1403715379.662271022796631,0.00615,0.00041,0.00005,0.00693,0.00001,0.00474,0.01830
1403715379.712271213531494,0.00607,0.00040,0.00003,0.00668,0.00001,0.00493,0.01813
1403715379.762271165847778,0.00597,0.00042,0.00014,0.00650,0.00036,0.00455,0.01794
1403715379.812271118164062,0.00856,0.00038,0.00018,0.00636,0.00231,0.00505,0.02284
1403715379.862270832061768,0.00678,0.00042,0.00116,0.00628,0.00198,0.00645,0.02307
1403715379.912270545959473,0.00659,0.00040,0.00344,0.00579,0.00036,0.00477,0.02136
1403715379.962270259857178,0.00639,0.00039,0.00486,0.00576,0.00071,0.00479,0.02291
1403715380.012270689010620,0.00650,0.00039,0.00020,0.00624,0.00159,0.00496,0.01989
1403715380.062270879745483,0.00665,0.00039,0.00057,0.00607,0.00001,0.00478,0.01848
1403715380.112271308898926,0.00643,0.00039,0.00004,0.00616,0.00037,0.00501,0.01842
1403715380.162271022796631,0.00784,0.00039,0.00744,0.00582,0.00253,0.00473,0.02875
1403715380.212270736694336,0.00650,0.00038,0.01225,0.00607,0.00228,0.00524,0.03272
1403715380.262270927429199,0.00642,0.00040,0.00016,0.00643,0.00002,0.00479,0.01822
1403715380.312271118164062,0.00634,0.00039,0.00004,0.00642,0.00001,0.00475,0.01795
1403715380.362270593643188,0.00635,0.00037,0.01924,0.00583,0.00403,0.00491,0.04074
1403715380.412269830703735,0.00627,0.00042,0.00042,0.00639,0.00001,0.00475,0.01825
1403715380.462269067764282,0.00630,0.00039,0.00100,0.00586,0.00045,0.00470,0.01870
1403715380.512267827987671,0.00600,0.00040,0.00097,0.00541,0.00248,0.00480,0.02006
1403715380.562268018722534,0.00619,0.00036,0.00517,0.00526,0.00032,0.00550,0.02281
1403715380.612269163131714,0.00839,0.00037,0.00032,0.00534,0.00002,0.00480,0.01925
1403715380.662268877029419,0.00706,0.00037,0.00068,0.00470,0.00002,0.00481,0.01763
1403715380.712269306182861,0.00826,0.00039,0.00072,0.00400,0.00036,0.00497,0.01870
1403715380.762268543243408,0.00663,0.00037,0.00207,0.00349,0.00880,0.00486,0.02621
1403715380.812269449234009,0.00653,0.00036,0.00631,0.00392,0.00860,0.00474,0.03047
1403715380.862269163131714,0.00643,0.00038,0.00027,0.00458,0.00002,0.00469,0.01637
1403715380.912269830703735,0.00716,0.00036,0.00070,0.00469,0.00001,0.00499,0.01790
1403715380.962269544601440,0.00702,0.00034,0.00878,0.00357,0.02060,0.00468,0.04499
1403715381.012269020080566,0.00611,0.00039,0.00137,0.00587,0.00075,0.00467,0.01917
1403715381.062268972396851,0.00615,0.00040,0.00021,0.00620,0.00002,0.00456,0.01753
1403715381.112268209457397,0.00603,0.00037,0.00003,0.00608,0.00001,0.00466,0.01719
1403715381.162267923355103,0.00625,0.00039,0.01940,0.00588,0.00510,0.00465,0.04166
1403715381.212268114089966,0.00582,0.00041,0.00025,0.00600,0.00001,0.00458,0.01707
1403715381.262268543243408,0.00870,0.00038,0.00044,0.00530,0.00040,0.00472,0.01994
1403715381.312268733978271,0.00635,0.00035,0.00008,0.00548,0.00036,0.00471,0.01734
1403715381.362269163131714,0.00638,0.00036,0.00010,0.00549,0.00080,0.00463,0.01777
1403715381.412268877029419,0.00607,0.00035,0.00052,0.00496,0.00661,0.00456,0.02307
1403715381.462268114089966,0.00815,0.00041,0.00072,0.00553,0.00001,0.00484,0.01967
1403715381.512268304824829,0.00658,0.00036,0.00093,0.00526,0.00002,0.00479,0.01794
1403715381.562268257141113,0.00630,0.00035,0.00151,0.00461,0.01333,0.00441,0.03052
1403715381.612268447875977,0.00614,0.00039,0.00069,0.00636,0.00037,0.00462,0.01857
1403715381.662271261215210,0.00611,0.00038,0.00108,0.00686,0.00211,0.00483,0.02138
1403715381.712274074554443,0.00610,0.00039,0.00019,0.00704,0.00001,0.00503,0.01876
1403715381.762276172637939,0.00639,0.00039,0.01733,0.00693,0.00194,0.00481,0.03780
1403715381.812279224395752,0.00795,0.00040,0.00460,0.00718,0.00216,0.00467,0.02697
1403715381.862280130386353,0.00621,0.00040,0.00004,0.00802,0.00121,0.00507,0.02095
1403715381.912279367446899,0.00611,0.00038,0.00066,0.00805,0.00001,0.00478,0.01999
1403715381.962278366088867,0.00610,0.00041,0.00182,0.00809,0.00001,0.00473,0.02116
1403715382.012278079986572,0.00597,0.00036,0.01239,0.00801,0.00001,0.00462,0.03136
1403715382.062278985977173,0.00614,0.00039,0.00003,0.00806,0.00001,0.00483,0.01947
1403715382.112278938293457,0.00611,0.00040,0.00089,0.00799,0.00001,0.00473,0.02014
1403715382.162280082702637,0.00594,0.00041,0.00023,0.00797,0.00002,0.00460,0.01917
1403715382.212280750274658,0.00611,0.00040,0.00157,0.00805,0.00042,0.00465,0.02120
1403715382.262281179428101,0.00605,0.00040,0.00118,0.00741,0.00001,0.00465,0.01971
1403715382.312281608581543,0.00608,0.00041,0.00022,0.00741,0.00002,0.00449,0.01863
1403715382.362283945083618,0.00802,0.00040,0.01526,0.00717,0.00226,0.00503,0.03815
1403715382.412284135818481,0.00586,0.00039,0.00210,0.00754,0.00230,0.00462,0.02281
1403715382.462284088134766,0.00846,0.00047,0.00206,0.00801,0.00002,0.00475,0.02378
1403715382.512284040451050,0.00623,0.00041,0.00006,0.00804,0.00001,0.00478,0.01952
1403715382.562283754348755,0.00610,0.00040,0.00021,0.00772,0.00038,0.00480,0.01962
1403715382.612283229827881,0.00609,0.00038,0.00949,0.00748,0.00225,0.00492,0.03061
1403715382.662283182144165,0.00613,0.00040,0.00003,0.00796,0.00001,0.00489,0.01942
1403715382.712283372879028,0.00615,0.00040,0.00003,0.00794,0.00001,0.00488,0.01941
1403715382.762283325195312,0.00623,0.00039,0.00082,0.00793,0.00001,0.00546,0.02084
1403715382.812283515930176,0.00629,0.00041,0.00164,0.00795,0.00039,0.00472,0.02140
1403715382.862283706665039,0.00605,0.00040,0.00064,0.00793,0.00001,0.00509,0.02012
1403715382.912283658981323,0.00710,0.00044,0.00004,0.00791,0.00117,0.00468,0.02134
1403715382.962282896041870,0.00614,0.00042,0.01438,0.00757,0.00001,0.00505,0.03356
1403715383.012282609939575,0.00751,0.00046,0.01284,0.00909,0.00055,0.00608,0.03654
1403715383.062282323837280,0.00748,0.00052,0.00030,0.00901,0.00150,0.00560,0.02442
1403715383.112282276153564,0.00843,0.00051,0.00006,0.00953,0.00001,0.00565,0.02418
1403715383.162282705307007,0.00953,0.00052,0.00018,0.00888,0.00050,0.00567,0.02529
1403715383.212282896041870,0.00884,0.00067,0.01457,0.00884,0.00062,0.00556,0.03910
1403715383.262281656265259,0.00722,0.00043,0.00026,0.00732,0.00049,0.00461,0.02033
1403715383.312280654907227,0.00571,0.00039,0.00040,0.00837,0.00001,0.00469,0.01957
1403715383.362281322479248,0.00572,0.00040,0.00003,0.00746,0.00001,0.00468,0.01829
1403715383.412281036376953,0.00561,0.00041,0.00018,0.00756,0.00314,0.00459,0.02150
1403715383.462279319763184,0.00577,0.00041,0.00041,0.00762,0.00001,0.00465,0.01887
1403715383.512277364730835,0.00586,0.00041,0.00004,0.00789,0.00001,0.00462,0.01883
1403715383.562275648117065,0.00590,0.00041,0.01326,0.00775,0.00118,0.00509,0.03358
1403715383.612273454666138,0.00610,0.00041,0.01251,0.00579,0.00001,0.00460,0.02941
1403715383.662272930145264,0.00808,0.00037,0.00016,0.00564,0.00039,0.00493,0.01957
1403715383.712272405624390,0.00652,0.00036,0.00005,0.00592,0.00001,0.00508,0.01795
1403715383.762273073196411,0.00687,0.00039,0.00151,0.00582,0.00069,0.00484,0.02012
1403715383.812273263931274,0.00626,0.00037,0.00242,0.00614,0.01034,0.00466,0.03019
1403715383.862274169921875,0.00612,0.00041,0.00008,0.00839,0.00001,0.00504,0.02006
1403715383.912274837493896,0.00639,0.00040,0.00069,0.00775,0.00001,0.00477,0.02000
1403715383.962275505065918,0.00595,0.00039,0.00017,0.00780,0.00001,0.00460,0.01891
1403715384.012275457382202,0.00756,0.00040,0.00003,0.00775,0.00001,0.00472,0.02047
1403715384.062276363372803,0.00624,0.00039,0.00019,0.00746,0.00001,0.00469,0.01899
1403715384.112276077270508,0.00626,0.00040,0.00128,0.00707,0.00002,0.00475,0.01979
1403715384.162276268005371,0.00594,0.00039,0.01190,0.00705,0.00489,0.00508,0.03525
1403715384.212276220321655,0.00622,0.00041,0.02443,0.00739,0.00010,0.00471,0.04325
1403715384.262276411056519,0.00601,0.00041,0.00018,0.00749,0.00002,0.00472,0.01882
1403715384.312277317047119,0.00612,0.00039,0.00008,0.00706,0.00001,0.00471,0.01837
1403715384.362277746200562,0.00617,0.00040,0.00009,0.00695,0.00036,0.00466,0.01862
1403715384.412278890609741,0.00600,0.00038,0.00091,0.00681,0.00321,0.00548,0.02279
1403715384.462278604507446,0.00577,0.00041,0.00021,0.00762,0.00002,0.00465,0.01867
1403715384.512279033660889,0.00582,0.00040,0.00003,0.00681,0.00001,0.00473,0.01779
1403715384.562278032302856,0.00637,0.00041,0.00009,0.00661,0.00001,0.00456,0.01805
1403715384.612278461456299,0.00768,0.00038,0.00033,0.00657,0.00042,0.00476,0.02014
1403715384.662277936935425,0.00648,0.00038,0.00004,0.00637,0.00000,0.00478,0.01805
1403715384.712278127670288,0.00654,0.00037,0.00092,0.00604,0.00001,0.00492,0.01880
1403715384.762277364730835,0.00638,0.00038,0.00747,0.00575,0.00864,0.00465,0.03327
1403715384.812276840209961,0.00586,0.00039,0.01822,0.00665,0.00614,0.00455,0.04180
1403715384.862278699874878,0.00830,0.00034,0.00034,0.00681,0.00001,0.00524,0.02104
1403715384.912281036376953,0.00671,0.00038,0.00117,0.00580,0.00001,0.00475,0.01882
1403715384.962282896041870,0.00662,0.00036,0.00008,0.00533,0.00036,0.00552,0.01827
1403715385.012283086776733,0.00651,0.00033,0.00039,0.00518,0.00036,0.00482,0.01759
1403715385.062283515930176,0.00655,0.00033,0.00069,0.00513,0.00121,0.00473,0.01864
1403715385.112283468246460,0.00777,0.00036,0.00052,0.00548,0.00000,0.00484,0.01898
1403715385.162284851074219,0.00661,0.00035,0.00367,0.00520,0.00760,0.00492,0.02836
1403715385.212285518646240,0.00606,0.00041,0.00018,0.00698,0.00007,0.00485,0.01856
1403715385.262285470962524,0.00667,0.00037,0.00029,0.00664,0.00001,0.00524,0.01922
1403715385.312285661697388,0.00713,0.00038,0.00084,0.00650,0.00001,0.00501,0.01988
1403715385.362285614013672,0.00636,0.00034,0.00030,0.00583,0.01077,0.00485,0.02846
1403715385.412286520004272,0.00632,0.00036,0.01882,0.00740,0.00441,0.00474,0.04205
1403715385.462286472320557,0.00610,0.00040,0.00384,0.00824,0.00001,0.00483,0.02342
1403715385.512286424636841,0.00616,0.00040,0.00018,0.00845,0.00001,0.00471,0.01991
1403715385.562287330627441,0.00632,0.00040,0.00073,0.00738,0.00035,0.00476,0.01994
1403715385.612286806106567,0.00627,0.00039,0.00056,0.00739,0.00036,0.00457,0.01954
1403715385.662286758422852,0.00729,0.00041,0.00003,0.00740,0.00001,0.00478,0.01993
1403715385.712286710739136,0.00613,0.00040,0.00003,0.00746,0.00001,0.00499,0.01901
1403715385.762287378311157,0.00621,0.00039,0.00185,0.00705,0.00121,0.00486,0.02157
1403715385.812288045883179,0.00619,0.00039,0.00052,0.00713,0.00023,0.00462,0.01908
1403715385.862288236618042,0.00639,0.00039,0.00018,0.00716,0.00001,0.00494,0.01906
1403715385.912287712097168,0.00784,0.00039,0.00114,0.00689,0.00001,0.00485,0.02113
1403715385.962287902832031,0.00646,0.00038,0.00025,0.00660,0.00010,0.00488,0.01868
1403715386.012286186218262,0.00643,0.00037,0.01304,0.00594,0.01082,0.00456,0.04115
1403715386.062286853790283,0.00626,0.00039,0.00140,0.00771,0.00226,0.00543,0.02346
1403715386.112287759780884,0.00629,0.00038,0.00063,0.00778,0.00001,0.00473,0.01981
1403715386.162288188934326,0.00628,0.00037,0.00018,0.00764,0.00037,0.00458,0.01944
1403715386.212288379669189,0.00785,0.00040,0.00061,0.00748,0.00039,0.00469,0.02141
1403715386.262288570404053,0.00592,0.00036,0.00003,0.00720,0.00001,0.00470,0.01823
1403715386.312288999557495,0.00605,0.00038,0.00003,0.00698,0.00001,0.00474,0.01819
1403715386.362288951873779,0.00618,0.00038,0.00121,0.00685,0.00222,0.00483,0.02166
1403715386.412288427352905,0.00620,0.00039,0.00028,0.00729,0.00045,0.00482,0.01943
1403715386.462287187576294,0.00612,0.00039,0.00974,0.00740,0.00804,0.00532,0.03701
1403715386.512286901473999,0.00602,0.00039,0.00071,0.00781,0.00001,0.00459,0.01954
1403715386.562287569046021,0.00592,0.00039,0.00106,0.00738,0.00114,0.00476,0.02065
1403715386.612286090850830,0.00581,0.00040,0.01420,0.00742,0.00481,0.00454,0.03720
1403715386.662286996841431,0.00710,0.00040,0.00028,0.00828,0.00001,0.00473,0.02080
1403715386.712287187576294,0.00620,0.00040,0.00015,0.00787,0.00046,0.00450,0.01958
1403715386.762286663055420,0.00703,0.00040,0.00023,0.00768,0.00037,0.00468,0.02040
1403715386.812286138534546,0.00631,0.00039,0.00055,0.00756,0.00038,0.00482,0.02001
1403715386.862286090850830,0.00635,0.00036,0.00004,0.00750,0.00001,0.00507,0.01933
1403715386.912287235260010,0.00639,0.00038,0.00003,0.00754,0.00001,0.00469,0.01905
1403715386.962288141250610,0.00623,0.00037,0.00154,0.00741,0.00017,0.00473,0.02044
1403715387.012289524078369,0.00649,0.00038,0.00004,0.00778,0.00001,0.00484,0.01954
1403715387.062290906906128,0.00632,0.00039,0.00896,0.00731,0.00681,0.00522,0.03501
1403715387.112291812896729,0.00640,0.00039,0.00015,0.00810,0.00001,0.00483,0.01988
1403715387.162291765213013,0.00623,0.00039,0.00017,0.00836,0.00126,0.00486,0.02125
1403715387.212295532226562,0.00636,0.00040,0.02896,0.00711,0.00310,0.00454,0.05048
1403715387.262294530868530,0.00605,0.00041,0.00029,0.00737,0.00047,0.00483,0.01943
1403715387.312294006347656,0.00792,0.00037,0.00031,0.00729,0.00046,0.00448,0.02082
1403715387.362293720245361,0.00721,0.00039,0.00019,0.00808,0.00044,0.00482,0.02113
1403715387.412293910980225,0.00857,0.00038,0.00004,0.00774,0.00183,0.00490,0.02345
1403715387.462293863296509,0.00608,0.00038,0.00004,0.00765,0.00001,0.00475,0.01890
1403715387.512295484542847,0.00649,0.00039,0.00016,0.00707,0.00001,0.00471,0.01882
1403715387.562297105789185,0.00611,0.00039,0.00385,0.00676,0.00448,0.00460,0.02620
1403715387.612298011779785,0.00606,0.00041,0.00022,0.00734,0.00001,0.00478,0.01882
1403715387.662299394607544,0.00607,0.00038,0.00763,0.00711,0.00392,0.00462,0.02972
1403715387.712298870086670,0.00695,0.00039,0.00004,0.00845,0.00001,0.00477,0.02061
1403715387.762298822402954,0.00600,0.00039,0.00028,0.00703,0.00001,0.00458,0.01829
1403715387.812299251556396,0.00613,0.00038,0.02591,0.00704,0.00222,0.00526,0.04695
1403715387.862298488616943,0.00686,0.00042,0.00016,0.00713,0.00001,0.00475,0.01933
1403715387.912298202514648,0.00815,0.00040,0.00036,0.00713,0.00197,0.00483,0.02284
1403715387.962298154830933,0.00647,0.00040,0.00010,0.00750,0.00001,0.00478,0.01925
1403715388.012298107147217,0.00636,0.00042,0.00088,0.00709,0.00001,0.00477,0.01953
1403715388.062298297882080,0.00645,0.00039,0.00014,0.00696,0.00001,0.00481,0.01876
1403715388.112298250198364,0.00631,0.00039,0.00066,0.00645,0.00001,0.00490,0.01871
1403715388.162298202514648,0.00615,0.00038,0.00431,0.00574,0.00217,0.00491,0.02367
1403715388.212298393249512,0.00619,0.00037,0.00086,0.00597,0.00042,0.00456,0.01837
1403715388.262298345565796,0.00656,0.00037,0.00906,0.00648,0.00663,0.00518,0.03428
1403715388.312299251556396,0.00595,0.00040,0.00017,0.00632,0.00001,0.00468,0.01752
1403715388.362299203872681,0.00597,0.00037,0.00033,0.00572,0.00002,0.00457,0.01698
1403715388.412300348281860,0.00705,0.00042,0.02069,0.00567,0.00887,0.00465,0.04736
1403715388.462300539016724,0.00649,0.00037,0.00851,0.00616,0.00001,0.00474,0.02628
1403715388.512301445007324,0.00582,0.00039,0.00036,0.00575,0.00001,0.00451,0.01683
1403715388.562302589416504,0.00700,0.00037,0.00096,0.00529,0.00001,0.00471,0.01834
1403715388.612303018569946,0.00613,0.00035,0.00016,0.00485,0.00001,0.00448,0.01599
1403715388.662303209304810,0.00610,0.00036,0.00047,0.00474,0.00001,0.00488,0.01655
1403715388.712303876876831,0.00604,0.00036,0.00035,0.00454,0.00035,0.00470,0.01634
1403715388.762304544448853,0.00600,0.00032,0.00114,0.00452,0.00365,0.00485,0.02049
1403715388.812304258346558,0.00595,0.00034,0.00016,0.00477,0.00380,0.00506,0.02009
1403715388.862304449081421,0.00593,0.00037,0.00328,0.00518,0.01118,0.00493,0.03087
1403715388.912304639816284,0.00579,0.00042,0.00019,0.00717,0.00001,0.00459,0.01817
1403715388.962304115295410,0.00756,0.00042,0.00058,0.00686,0.00001,0.00478,0.02020
1403715389.012303113937378,0.00595,0.00041,0.01807,0.00662,0.00236,0.00470,0.03811
1403715389.062302827835083,0.00612,0.00042,0.00749,0.00636,0.00001,0.00465,0.02505
1403715389.112302303314209,0.00630,0.00041,0.00750,0.00606,0.00192,0.00466,0.02686
1403715389.162302970886230,0.00558,0.00038,0.00008,0.00637,0.00001,0.00459,0.01702
1403715389.212302923202515,0.00557,0.00040,0.00003,0.00619,0.00001,0.00468,0.01688
1403715389.262303113937378,0.00659,0.00040,0.00019,0.00621,0.00001,0.00473,0.01813
1403715389.312303781509399,0.00597,0.00035,0.00022,0.00620,0.00280,0.00463,0.02016
1403715389.362303495407104,0.00634,0.00040,0.00064,0.00643,0.00001,0.00489,0.01869
1403715389.412303924560547,0.00658,0.00039,0.00014,0.00634,0.00169,0.00459,0.01974
1403715389.462303876876831,0.00675,0.00040,0.00075,0.00689,0.00403,0.00488,0.02370
1403715389.512303352355957,0.00805,0.00045,0.00105,0.00637,0.00370,0.00477,0.02439
1403715389.562303304672241,0.00608,0.00037,0.00136,0.00658,0.00002,0.00460,0.01902
1403715389.612302541732788,0.00633,0.00038,0.01550,0.00652,0.00575,0.00469,0.03917
1403715389.662302017211914,0.00750,0.00039,0.00720,0.00743,0.00001,0.00451,0.02704
1403715389.712301731109619,0.00595,0.00042,0.00781,0.00755,0.00001,0.00463,0.02637
1403715389.762301445007324,0.00633,0.00038,0.00006,0.00765,0.00001,0.00466,0.01908
1403715389.812301635742188,0.00611,0.00041,0.00430,0.00753,0.00001,0.00462,0.02297
1403715389.862301588058472,0.00611,0.00040,0.00003,0.00766,0.00001,0.00468,0.01889
1403715389.912301778793335,0.00708,0.00040,0.00004,0.00768,0.00001,0.00470,0.01989
1403715389.962302207946777,0.00661,0.00040,0.00709,0.00738,0.00001,0.00469,0.02617
1403715390.012302398681641,0.00632,0.00040,0.00003,0.00764,0.00001,0.00468,0.01908
1403715390.062302827835083,0.00690,0.00039,0.00141,0.00775,0.00001,0.00475,0.02120
1403715390.112303018569946,0.00631,0.00039,0.00074,0.00679,0.00001,0.00483,0.01907
1403715390.162302970886230,0.00748,0.00038,0.00053,0.00662,0.00115,0.00459,0.02075
1403715390.212303400039673,0.00762,0.00039,0.01282,0.00670,0.00388,0.00485,0.03626
1403715390.262304544448853,0.00593,0.00038,0.00738,0.00715,0.00001,0.00490,0.02576
1403715390.312307834625244,0.00672,0.00041,0.00660,0.00706,0.00001,0.00476,0.02556
1403715390.362309455871582,0.00652,0.00041,0.00067,0.00699,0.00002,0.00463,0.01924
1403715390.412311077117920,0.00656,0.00036,0.00304,0.00666,0.00147,0.00479,0.02287
1403715390.462312221527100,0.00627,0.00039,0.00580,0.00683,0.00198,0.00447,0.02575
1403715390.512313127517700,0.00717,0.00040,0.00018,0.00724,0.00046,0.00457,0.02001
1403715390.562314748764038,0.00610,0.00038,0.00532,0.00736,0.00001,0.00476,0.02393
1403715390.612314939498901,0.00625,0.00040,0.00327,0.00794,0.00001,0.00469,0.02255
1403715390.662314653396606,0.00799,0.00041,0.00080,0.00721,0.00001,0.00479,0.02121
1403715390.712312459945679,0.00651,0.00040,0.00653,0.00602,0.00045,0.00486,0.02477
1403715390.762310504913330,0.00776,0.00038,0.00032,0.00630,0.00001,0.00479,0.01955
1403715390.812309265136719,0.00635,0.00036,0.00590,0.00590,0.00967,0.00446,0.03263
1403715390.862307786941528,0.00659,0.00041,0.00004,0.00795,0.00203,0.00518,0.02220
1403715390.912307262420654,0.00684,0.00040,0.00656,0.00826,0.00001,0.00463,0.02670
1403715390.962306261062622,0.00629,0.00037,0.00521,0.00828,0.00001,0.00474,0.02489
1403715391.012305974960327,0.00607,0.00041,0.00111,0.00845,0.00001,0.00465,0.02070
1403715391.062305688858032,0.00620,0.00036,0.00835,0.00801,0.00001,0.00474,0.02767
1403715391.112305879592896,0.00607,0.00041,0.00101,0.00800,0.00001,0.00470,0.02020
1403715391.162306070327759,0.00633,0.00040,0.00044,0.00833,0.00207,0.00482,0.02239
1403715391.212307214736938,0.00628,0.00038,0.01671,0.00751,0.00118,0.00523,0.03729
1403715391.262306928634644,0.00610,0.00039,0.00025,0.00786,0.00001,0.00475,0.01935
1403715391.312307119369507,0.00716,0.00041,0.00030,0.00725,0.00200,0.00454,0.02166
1403715391.362306833267212,0.00616,0.00035,0.00003,0.00753,0.00001,0.00468,0.01876
1403715391.412306785583496,0.00601,0.00038,0.00236,0.00724,0.00377,0.00470,0.02446
1403715391.462307214736938,0.00706,0.00040,0.00060,0.00776,0.00001,0.00456,0.02039
1403715391.512307882308960,0.00636,0.00039,0.00602,0.00861,0.00218,0.00490,0.02846
1403715391.562307596206665,0.00737,0.00043,0.00565,0.00891,0.00001,0.00525,0.02762
1403715391.612307548522949,0.00603,0.00039,0.00133,0.00730,0.00036,0.00469,0.02010
1403715391.662306785583496,0.00604,0.00037,0.00529,0.00690,0.00376,0.00448,0.02684
1403715391.712305784225464,0.00595,0.00040,0.00133,0.00784,0.00002,0.00468,0.02023
1403715391.762305498123169,0.00594,0.00039,0.00242,0.00719,0.00048,0.00475,0.02118
1403715391.812304019927979,0.00579,0.00040,0.01198,0.00704,0.00198,0.00465,0.03185
1403715391.862303495407104,0.00863,0.00038,0.00058,0.00692,0.00001,0.00486,0.02138
1403715391.912304401397705,0.00598,0.00040,0.00029,0.00659,0.00002,0.00455,0.01783
1403715391.962306022644043,0.00673,0.00036,0.00023,0.00639,0.00001,0.00489,0.01862
1403715392.012305498123169,0.00699,0.00036,0.00509,0.00592,0.00762,0.00456,0.03054
1403715392.062306165695190,0.00601,0.00039,0.00063,0.00670,0.00001,0.00474,0.01847
1403715392.112306356430054,0.00597,0.00040,0.00170,0.00671,0.00755,0.00468,0.02701
1403715392.162306308746338,0.00606,0.00039,0.00187,0.00768,0.00299,0.00467,0.02367
1403715392.212306022644043,0.00586,0.00042,0.00164,0.00800,0.00002,0.00479,0.02074
1403715392.262305974960327,0.00671,0.00037,0.00088,0.00798,0.00042,0.00472,0.02107
1403715392.312305927276611,0.00634,0.00039,0.00096,0.00702,0.00001,0.00469,0.01940
1403715392.362306594848633,0.00672,0.00036,0.00083,0.00622,0.00042,0.00467,0.01923
1403715392.412308931350708,0.00723,0.00039,0.01296,0.00576,0.00581,0.00474,0.03689
1403715392.462310075759888,0.00702,0.00035,0.00065,0.00639,0.00001,0.00456,0.01899
1403715392.512308120727539,0.00651,0.00038,0.00356,0.00497,0.00562,0.00465,0.02570
1403715392.562305450439453,0.00680,0.00037,0.00046,0.00570,0.00736,0.00458,0.02527
1403715392.612299442291260,0.00603,0.00041,0.00049,0.00631,0.00244,0.00479,0.02045
1403715392.662297248840332,0.00602,0.00039,0.00020,0.00620,0.00001,0.00467,0.01750
1403715392.712294340133667,0.00602,0.00041,0.00057,0.00615,0.00001,0.00466,0.01782
1403715392.762291669845581,0.00590,0.00036,0.00132,0.00605,0.00001,0.00455,0.01819
1403715392.812286853790283,0.00691,0.00035,0.00092,0.00612,0.00858,0.00465,0.02754
1403715392.862284183502197,0.00609,0.00039,0.00126,0.00644,0.00036,0.00460,0.01914
1403715392.912282943725586,0.00619,0.00040,0.00015,0.00618,0.00641,0.00459,0.02391
1403715392.962282657623291,0.00697,0.00040,0.00145,0.00679,0.00001,0.00458,0.02020
1403715393.012281417846680,0.00590,0.00041,0.01658,0.00648,0.00081,0.00505,0.03523
1403715393.062280654907227,0.00747,0.00038,0.00025,0.00629,0.00044,0.00484,0.01966
1403715393.112279653549194,0.00633,0.00040,0.00208,0.00622,0.00508,0.00474,0.02485
1403715393.162282228469849,0.00621,0.00036,0.00056,0.00641,0.00222,0.00462,0.02037
1403715393.212283611297607,0.00624,0.00041,0.00069,0.00656,0.00066,0.00464,0.01921
1403715393.262284278869629,0.00614,0.00041,0.00102,0.00579,0.00041,0.00464,0.01842
1403715393.312285184860229,0.00609,0.00042,0.00020,0.00598,0.00001,0.00481,0.01750
1403715393.362286806106567,0.00603,0.00039,0.00857,0.00546,0.00558,0.00471,0.03074
1403715393.412286758422852,0.00753,0.00039,0.00035,0.00536,0.00134,0.00464,0.01961
1403715393.462286949157715,0.00836,0.00037,0.00331,0.00498,0.00036,0.00480,0.02219
1403715393.512286901473999,0.00783,0.00035,0.00182,0.00479,0.00001,0.00473,0.01953
1403715393.562287569046021,0.00654,0.00045,0.00127,0.00412,0.00000,0.00471,0.01710
1403715393.612287759780884,0.01119,0.00036,0.01065,0.00403,0.02128,0.00606,0.05357
1403715393.662287473678589,0.00677,0.00049,0.00096,0.00593,0.00005,0.00482,0.01902
1403715393.712286710739136,0.00607,0.00036,0.00124,0.00443,0.00071,0.00483,0.01762
1403715393.762286186218262,0.00723,0.00035,0.00089,0.00411,0.00035,0.00473,0.01767
1403715393.812286853790283,0.00616,0.00037,0.00297,0.00415,0.00065,0.00463,0.01893
1403715393.862286806106567,0.00605,0.00033,0.00158,0.00400,0.00000,0.00456,0.01652
1403715393.912286520004272,0.00602,0.00035,0.00031,0.00405,0.00000,0.00470,0.01544
1403715393.962286233901978,0.00830,0.00033,0.00089,0.00396,0.00885,0.00451,0.02684
1403715394.012285709381104,0.00663,0.00038,0.01284,0.00480,0.01098,0.00453,0.04017
1403715394.062285900115967,0.00687,0.00041,0.00111,0.00594,0.00035,0.00461,0.01930
1403715394.112285852432251,0.00640,0.00040,0.00048,0.00581,0.00001,0.00478,0.01787
1403715394.162285804748535,0.00647,0.00040,0.00008,0.00578,0.00000,0.00492,0.01765
1403715394.212284803390503,0.00780,0.00036,0.00729,0.00536,0.00373,0.00481,0.02935
1403715394.262284755706787,0.00644,0.00039,0.00011,0.00608,0.00001,0.00475,0.01778
1403715394.312284946441650,0.00625,0.00043,0.00708,0.00503,0.00516,0.00468,0.02864
1403715394.362284421920776,0.00607,0.00039,0.00087,0.00552,0.00000,0.00457,0.01742
1403715394.412283658981323,0.00585,0.00037,0.00014,0.00538,0.00190,0.00460,0.01825
1403715394.462283611297607,0.00802,0.00036,0.00198,0.00537,0.00001,0.00470,0.02045
1403715394.512283802032471,0.00636,0.00038,0.00954,0.00473,0.00566,0.00466,0.03131
1403715394.562284231185913,0.00635,0.00038,0.00067,0.00529,0.00076,0.00480,0.01824
1403715394.612283945083618,0.00661,0.00038,0.00163,0.00541,0.01371,0.00500,0.03275
1403715394.662281274795532,0.00613,0.00041,0.00032,0.00728,0.00001,0.00466,0.01882
1403715394.712279796600342,0.00609,0.00041,0.00003,0.00717,0.00001,0.00462,0.01833
1403715394.762278556823730,0.00721,0.00039,0.00042,0.00672,0.00001,0.00470,0.01945
1403715394.812277078628540,0.00575,0.00040,0.00334,0.00634,0.00199,0.00477,0.02260
1403715394.862276315689087,0.00613,0.00042,0.00157,0.00564,0.00002,0.00475,0.01854
1403715394.912275791168213,0.00801,0.00035,0.00009,0.00556,0.00720,0.00454,0.02575
1403715394.962275743484497,0.00637,0.00038,0.00038,0.00688,0.00001,0.00461,0.01863
1403715395.012277603149414,0.00625,0.00039,0.00404,0.00612,0.00566,0.00511,0.02756
1403715395.062278509140015,0.00578,0.00040,0.00003,0.00748,0.00001,0.00481,0.01851
1403715395.112278461456299,0.00584,0.00039,0.00369,0.00733,0.00025,0.00481,0.02232
1403715395.162278413772583,0.00640,0.00040,0.00022,0.00739,0.00002,0.00473,0.01915
1403715395.212277889251709,0.00602,0.00040,0.00013,0.00713,0.00001,0.00458,0.01827
1403715395.262278079986572,0.00595,0.00038,0.00012,0.00694,0.00007,0.00455,0.01801
1403715395.312278270721436,0.00725,0.00042,0.00037,0.00595,0.00002,0.00457,0.01860
1403715395.362278223037720,0.00599,0.00037,0.00026,0.00557,0.00039,0.00467,0.01726
1403715395.412278175354004,0.00658,0.00036,0.00047,0.00505,0.00034,0.00477,0.01758
1403715395.462277650833130,0.00730,0.00035,0.00665,0.00417,0.00823,0.00488,0.03157
1403715395.512278079986572,0.00762,0.00031,0.00038,0.00533,0.00252,0.00462,0.02079
1403715395.562278985977173,0.00666,0.00062,0.00025,0.00557,0.00001,0.00483,0.01793
1403715395.612278461456299,0.00650,0.00035,0.00091,0.00457,0.00580,0.00473,0.02287
1403715395.662278175354004,0.00665,0.00037,0.00042,0.00467,0.00004,0.00488,0.01702
1403715395.712279081344604,0.00663,0.00037,0.00186,0.00450,0.01937,0.00635,0.03908
1403715395.762279033660889,0.00686,0.00066,0.00167,0.00590,0.00002,0.00477,0.01987
1403715395.812279701232910,0.00635,0.00034,0.00014,0.00502,0.00001,0.00454,0.01640
1403715395.862279176712036,0.00613,0.00034,0.00043,0.00457,0.00001,0.00458,0.01606
1403715395.912279367446899,0.00587,0.00034,0.00017,0.00454,0.00004,0.00462,0.01558
1403715395.962280035018921,0.00606,0.00034,0.00013,0.00444,0.00290,0.00460,0.01847
1403715396.012280702590942,0.00726,0.00036,0.00009,0.00477,0.00001,0.00469,0.01717
1403715396.062283515930176,0.00564,0.00035,0.01001,0.00451,0.01987,0.00471,0.04509
1403715396.112284660339355,0.00561,0.00042,0.00003,0.00759,0.00001,0.00463,0.01829
1403715396.162286043167114,0.00737,0.00041,0.00026,0.00710,0.00001,0.00448,0.01964
1403715396.212285518646240,0.00605,0.00038,0.00516,0.00686,0.00568,0.00451,0.02865
1403715396.262286186218262,0.00704,0.00040,0.00031,0.00752,0.00002,0.00473,0.02002
1403715396.312286615371704,0.00645,0.00038,0.00092,0.00744,0.00470,0.00463,0.02451
1403715396.362287044525146,0.00640,0.00038,0.00008,0.00842,0.00001,0.00447,0.01977
1403715396.412288427352905,0.00621,0.00040,0.00025,0.00805,0.00001,0.00446,0.01937
1403715396.462289333343506,0.00611,0.00039,0.00019,0.00804,0.00001,0.00456,0.01930
1403715396.512290477752686,0.00609,0.00041,0.00003,0.00757,0.00001,0.00462,0.01874
1403715396.562291383743286,0.00666,0.00042,0.00004,0.00728,0.00013,0.00472,0.01926
1403715396.612291097640991,0.00613,0.00041,0.00009,0.00699,0.00001,0.00480,0.01843
1403715396.662289619445801,0.00616,0.00040,0.00950,0.00619,0.00061,0.00446,0.02731
1403715396.712289333343506,0.00741,0.00036,0.00030,0.00602,0.00042,0.00445,0.01897
1403715396.762289047241211,0.00576,0.00036,0.00034,0.00553,0.00001,0.00470,0.01670
1403715396.812288999557495,0.00576,0.00034,0.00745,0.00511,0.00684,0.00468,0.03018
1403715396.862289190292358,0.00580,0.00035,0.00003,0.00577,0.00001,0.00483,0.01678
1403715396.912290096282959,0.00576,0.00037,0.00003,0.00550,0.00001,0.00451,0.01617
1403715396.962291479110718,0.00685,0.00036,0.00029,0.00527,0.00038,0.00467,0.01782
1403715397.012292146682739,0.00685,0.00034,0.00025,0.00553,0.00001,0.00461,0.01759
1403715397.062293052673340,0.00614,0.00033,0.00025,0.00526,0.00001,0.00472,0.01670
1403715397.112293004989624,0.00581,0.00034,0.00029,0.00507,0.00035,0.00526,0.01713
1403715397.162293195724487,0.00602,0.00032,0.00011,0.00526,0.00013,0.00476,0.01660
1403715397.212293148040771,0.00597,0.00035,0.00017,0.00511,0.00001,0.00465,0.01625
1403715397.262293338775635,0.00597,0.00034,0.00630,0.00476,0.00842,0.00474,0.03052
1403715397.312293052673340,0.00617,0.00037,0.00003,0.00589,0.00001,0.00472,0.01718
1403715397.362293243408203,0.00573,0.00035,0.00014,0.00593,0.00005,0.00527,0.01746
1403715397.412293910980225,0.00581,0.00034,0.00600,0.00583,0.00824,0.00468,0.03089
1403715397.462294340133667,0.00600,0.00035,0.00003,0.00741,0.00001,0.00453,0.01833
1403715397.512295007705688,0.00591,0.00038,0.00479,0.00680,0.00216,0.00442,0.02446
1403715397.562295675277710,0.00759,0.00038,0.00766,0.00713,0.00387,0.00466,0.03129
1403715397.612296104431152,0.00645,0.00042,0.00060,0.00774,0.00001,0.00472,0.01993
1403715397.662296295166016,0.00638,0.00038,0.00071,0.00730,0.00002,0.00522,0.02001
1403715397.712296724319458,0.00638,0.00040,0.00040,0.00633,0.00001,0.00477,0.01829
1403715397.762296438217163,0.00612,0.00035,0.00105,0.00617,0.00296,0.00458,0.02124
1403715397.812296628952026,0.00771,0.00042,0.00264,0.00702,0.00001,0.00499,0.02279
1403715397.862296819686890,0.00742,0.00051,0.00557,0.00656,0.01115,0.00517,0.03639
1403715397.912296295166016,0.00640,0.00038,0.00205,0.00880,0.00001,0.00469,0.02233
1403715397.962295770645142,0.00716,0.00041,0.00315,0.00813,0.00001,0.00471,0.02357
1403715398.012295961380005,0.00563,0.00038,0.00563,0.00808,0.00202,0.00470,0.02645
1403715398.062296152114868,0.00670,0.00039,0.00129,0.00863,0.00001,0.00462,0.02163
1403715398.112295866012573,0.00624,0.00041,0.01221,0.00858,0.00203,0.00462,0.03410
1403715398.162296056747437,0.00602,0.00042,0.00556,0.00798,0.00001,0.00461,0.02460
1403715398.212298631668091,0.00610,0.00040,0.00018,0.00801,0.00010,0.00469,0.01947
1403715398.262300252914429,0.00583,0.00038,0.00032,0.00780,0.00001,0.00485,0.01920
1403715398.312302350997925,0.00611,0.00038,0.00017,0.00751,0.00001,0.00464,0.01882
1403715398.362303972244263,0.00593,0.00037,0.00038,0.00723,0.00001,0.00500,0.01893
1403715398.412305355072021,0.00611,0.00037,0.00047,0.00716,0.00001,0.00467,0.01878
1403715398.462305784225464,0.00579,0.00036,0.00349,0.00736,0.00708,0.00446,0.02854
1403715398.512305974960327,0.00702,0.00040,0.00003,0.00864,0.00001,0.00462,0.02072
1403715398.562305450439453,0.00583,0.00039,0.00003,0.00853,0.00007,0.00445,0.01931
1403715398.612306118011475,0.00578,0.00039,0.01217,0.00838,0.00376,0.00458,0.03506
1403715398.662305355072021,0.00583,0.00040,0.00072,0.00935,0.00001,0.00450,0.02082
1403715398.712303161621094,0.00751,0.00038,0.01073,0.00826,0.00001,0.00462,0.03151
1403715398.762302637100220,0.00624,0.00040,0.00347,0.00767,0.00193,0.00459,0.02430
1403715398.812303066253662,0.00610,0.00037,0.00073,0.00744,0.00075,0.00445,0.01985
1403715398.862302780151367,0.00608,0.00037,0.00055,0.00720,0.00001,0.00468,0.01889
1403715398.912302732467651,0.00575,0.00039,0.00022,0.00687,0.00001,0.00484,0.01807
1403715398.962301731109619,0.00593,0.00036,0.00074,0.00651,0.00004,0.00468,0.01827
1403715399.012301206588745,0.00581,0.00036,0.00017,0.00654,0.00039,0.00477,0.01804
1403715399.062301158905029,0.00686,0.00038,0.00009,0.00673,0.00351,0.00467,0.02224
1403715399.112300872802734,0.00588,0.00038,0.00003,0.00728,0.00001,0.00456,0.01814
1403715399.162301301956177,0.00594,0.00034,0.00003,0.00731,0.00007,0.00456,0.01825
1403715399.212301254272461,0.00592,0.00038,0.00661,0.00718,0.00558,0.00447,0.03014
1403715399.262300252914429,0.00597,0.00039,0.01044,0.00799,0.00530,0.00469,0.03477
1403715399.312300682067871,0.00598,0.00040,0.00618,0.00886,0.00009,0.00474,0.02625
1403715399.362300395965576,0.00565,0.00042,0.00004,0.00903,0.00001,0.00479,0.01993
1403715399.412300109863281,0.00562,0.00039,0.00021,0.00886,0.00077,0.00477,0.02062
1403715399.462298870086670,0.00607,0.00041,0.00003,0.01004,0.00001,0.00467,0.02123
1403715399.512297630310059,0.00597,0.00040,0.00003,0.00918,0.00001,0.00463,0.02023
1403715399.562298059463501,0.00601,0.00037,0.00003,0.00895,0.00203,0.00452,0.02192
1403715399.612298250198364,0.00704,0.00037,0.00071,0.00923,0.00001,0.00464,0.02200
1403715399.662298202514648,0.00599,0.00040,0.00039,0.00911,0.00047,0.00462,0.02098
1403715399.712297677993774,0.00603,0.00038,0.00009,0.00959,0.00001,0.00458,0.02068
1403715399.762298107147217,0.00575,0.00038,0.00013,0.00963,0.00001,0.00458,0.02048
1403715399.812301397323608,0.00585,0.00036,0.00808,0.00943,0.00001,0.00456,0.02829
1403715399.862304449081421,0.00585,0.00040,0.01043,0.01048,0.00001,0.00496,0.03213
1403715399.912306547164917,0.00626,0.00041,0.00877,0.01078,0.00001,0.00483,0.03106
1403715399.962309837341309,0.00600,0.00037,0.00003,0.00938,0.00001,0.00443,0.02022
1403715400.012311935424805,0.00583,0.00039,0.00030,0.00942,0.00001,0.00464,0.02058
1403715400.062315464019775,0.00576,0.00040,0.00018,0.00897,0.00048,0.00469,0.02050
1403715400.112316846847534,0.00574,0.00040,0.00003,0.00939,0.00001,0.00468,0.02025
1403715400.162317037582397,0.00698,0.00039,0.00014,0.00925,0.00048,0.00463,0.02187
1403715400.212317705154419,0.00585,0.00040,0.00003,0.00964,0.00001,0.00455,0.02049
1403715400.262317657470703,0.00626,0.00040,0.00015,0.00934,0.00001,0.00466,0.02081
1403715400.312317848205566,0.00592,0.00041,0.00003,0.00914,0.00001,0.00462,0.02013
1403715400.362317800521851,0.00602,0.00040,0.00039,0.00898,0.00049,0.00466,0.02095
1403715400.412319183349609,0.00605,0.00039,0.00873,0.00906,0.00049,0.00470,0.02942
1403715400.462318420410156,0.00593,0.00039,0.01277,0.00945,0.00001,0.00505,0.03360
1403715400.512316942214966,0.00610,0.00040,0.00834,0.00956,0.00001,0.00461,0.02902
1403715400.562316179275513,0.00838,0.00039,0.00019,0.00843,0.00001,0.00535,0.02276
1403715400.612315416336060,0.00697,0.00038,0.00045,0.00721,0.00111,0.00469,0.02081
1403715400.662315607070923,0.00640,0.00038,0.00046,0.00653,0.00044,0.00486,0.01906
1403715400.712315559387207,0.00834,0.00040,0.00027,0.00675,0.00001,0.00478,0.02056
1403715400.762315034866333,0.00644,0.00037,0.00058,0.00614,0.00002,0.00469,0.01825
1403715400.812314748764038,0.00644,0.00036,0.00003,0.00551,0.00001,0.00471,0.01706
1403715400.862314462661743,0.00830,0.00036,0.00040,0.00523,0.00225,0.00475,0.02129
1403715400.912314653396606,0.00645,0.00038,0.00118,0.00544,0.00069,0.00477,0.01892
1403715400.962314128875732,0.00671,0.00034,0.00073,0.00572,0.00125,0.00469,0.01944
1403715401.012314796447754,0.00642,0.00038,0.00011,0.00564,0.01118,0.00472,0.02845
1403715401.062314510345459,0.00646,0.00040,0.00949,0.00705,0.00541,0.00486,0.03367
1403715401.112314939498901,0.00609,0.00039,0.02463,0.00799,0.00192,0.00475,0.04577
1403715401.162313461303711,0.00602,0.00034,0.00027,0.00761,0.00001,0.00465,0.01890
1403715401.212313413619995,0.00615,0.00034,0.00012,0.00746,0.00002,0.00459,0.01868
1403715401.262312412261963,0.00988,0.00033,0.00036,0.00709,0.00001,0.00495,0.02261
1403715401.312312602996826,0.00672,0.00035,0.00009,0.00686,0.00001,0.00478,0.01881
1403715401.362312793731689,0.00683,0.00037,0.00046,0.00634,0.00042,0.00480,0.01922
1403715401.412315368652344,0.00667,0.00037,0.00065,0.00648,0.00002,0.00477,0.01896
1403715401.462315559387207,0.00659,0.00033,0.00023,0.00601,0.00215,0.00460,0.01992
1403715401.512315988540649,0.00667,0.00036,0.00092,0.00412,0.00040,0.00492,0.01739
1403715401.562317132949829,0.00643,0.00037,0.00033,0.00328,0.00062,0.00496,0.01600
1403715401.612317562103271,0.00668,0.00034,0.00152,0.00343,0.00170,0.00470,0.01838
1403715401.662317276000977,0.00609,0.00036,0.00485,0.00447,0.01277,0.00494,0.03348
1403715401.712317705154419,0.00605,0.00038,0.01578,0.00669,0.00433,0.00469,0.03794
1403715401.762320041656494,0.00650,0.00039,0.00124,0.00682,0.00044,0.00467,0.02006
1403715401.812313795089722,0.00779,0.00048,0.01250,0.00614,0.00598,0.00497,0.03786
1403715401.862311840057373,0.00611,0.00039,0.00003,0.00719,0.00001,0.00462,0.01835
1403715401.912307739257812,0.00590,0.00035,0.00101,0.00662,0.00114,0.00437,0.01940
1403715401.962306261062622,0.00754,0.00038,0.00003,0.00801,0.00001,0.00493,0.02090
1403715402.012306451797485,0.00668,0.00035,0.00086,0.00893,0.00036,0.00487,0.02206
1403715402.062305212020874,0.00605,0.00037,0.00064,0.00768,0.00111,0.00468,0.02053
1403715402.112302780151367,0.00764,0.00036,0.00051,0.00723,0.00001,0.00477,0.02052
1403715402.162300825119019,0.00690,0.00034,0.00167,0.00636,0.00001,0.00468,0.01996
1403715402.212301254272461,0.00641,0.00037,0.00168,0.00486,0.00099,0.00501,0.01932
1403715402.262301206588745,0.00600,0.00035,0.00087,0.00478,0.00503,0.00468,0.02171
1403715402.312297105789185,0.00719,0.00034,0.00798,0.00513,0.01616,0.00447,0.04127
1403715402.362297058105469,0.00736,0.00040,0.00058,0.00760,0.00001,0.00485,0.02080
1403715402.412295579910278,0.00649,0.00049,0.00783,0.00642,0.00076,0.00471,0.02671
1403715402.462296724319458,0.00626,0.00036,0.00030,0.00724,0.00044,0.00449,0.01908
1403715402.512296915054321,0.00639,0.00039,0.00093,0.00663,0.00001,0.00461,0.01895
1403715402.562297344207764,0.00591,0.00038,0.00055,0.00589,0.00001,0.00452,0.01727
1403715402.612295866012573,0.00593,0.00037,0.00016,0.00461,0.00001,0.00452,0.01560
1403715402.662292957305908,0.00709,0.00032,0.00826,0.00375,0.01027,0.00507,0.03476
1403715402.712294340133667,0.00627,0.00038,0.00048,0.00522,0.00002,0.00461,0.01698
1403715402.762295484542847,0.00617,0.00036,0.00022,0.00467,0.00001,0.00477,0.01619
1403715402.812296628952026,0.00615,0.00034,0.00059,0.00394,0.00060,0.00472,0.01633
1403715402.862299442291260,0.00705,0.00029,0.00066,0.00382,0.01673,0.00455,0.03309
1403715402.912303686141968,0.00845,0.00036,0.00304,0.00519,0.01096,0.00470,0.03271
1403715402.962305307388306,0.00630,0.00040,0.00025,0.00651,0.00038,0.00469,0.01854
1403715403.012303829193115,0.00675,0.00036,0.00649,0.00562,0.00295,0.00441,0.02657
1403715403.062305450439453,0.00609,0.00038,0.00328,0.00616,0.00095,0.00473,0.02160
1403715403.112303256988525,0.00637,0.00045,0.00216,0.00752,0.00046,0.00479,0.02177
1403715403.162300109863281,0.00605,0.00035,0.00003,0.00676,0.00001,0.00475,0.01795
1403715403.212295293807983,0.00609,0.00037,0.00455,0.00496,0.00431,0.00489,0.02517
1403715403.262289524078369,0.00602,0.00038,0.00690,0.00532,0.00231,0.00465,0.02557
1403715403.312284469604492,0.00701,0.00037,0.00044,0.00531,0.00097,0.00523,0.01932
1403715403.362280607223511,0.00634,0.00037,0.00033,0.00459,0.00074,0.00463,0.01701
1403715403.412274837493896,0.00645,0.00039,0.00469,0.00414,0.00490,0.00484,0.02540
1403715403.462269783020020,0.00708,0.00049,0.00093,0.00424,0.00436,0.00482,0.02192
1403715403.512264251708984,0.00632,0.00039,0.00266,0.00492,0.00096,0.00440,0.01966
1403715403.562261819839478,0.00636,0.00038,0.00398,0.00499,0.00286,0.00451,0.02308
1403715403.612259626388550,0.00596,0.00039,0.00434,0.00595,0.00359,0.00469,0.02491
1403715403.662260532379150,0.00603,0.00039,0.00053,0.00710,0.00001,0.00451,0.01857
1403715403.712261676788330,0.00592,0.00039,0.00041,0.00671,0.00044,0.00468,0.01854
1403715403.762262821197510,0.00717,0.00039,0.00026,0.00706,0.00044,0.00472,0.02005
1403715403.812262296676636,0.00636,0.00037,0.00009,0.00727,0.00465,0.00467,0.02342
1403715403.862270593643188,0.00777,0.00039,0.01210,0.00809,0.00200,0.00460,0.03497
1403715403.912269830703735,0.00628,0.00040,0.00118,0.00792,0.00119,0.00482,0.02180
1403715403.962269306182861,0.00649,0.00039,0.00084,0.00802,0.00001,0.00480,0.02054
1403715404.012268781661987,0.00814,0.00040,0.00403,0.00744,0.00303,0.00493,0.02797
1403715404.062268733978271,0.00669,0.00046,0.00134,0.00693,0.00001,0.00494,0.02036
1403715404.112268209457397,0.00615,0.00039,0.00092,0.00601,0.00200,0.00603,0.02150
1403715404.162267684936523,0.00737,0.00035,0.00518,0.00559,0.00571,0.00489,0.02909
1403715404.212267637252808,0.00691,0.00034,0.00084,0.00595,0.00418,0.00464,0.02286
1403715404.262267827987671,0.00693,0.00037,0.00029,0.00601,0.00001,0.00462,0.01824
1403715404.312268018722534,0.00607,0.00037,0.00199,0.00581,0.00392,0.00439,0.02255
1403715404.362268209457397,0.00614,0.00038,0.00018,0.00688,0.00045,0.00465,0.01867
1403715404.412267923355103,0.00591,0.00039,0.00754,0.00699,0.00529,0.00471,0.03084
1403715404.462265729904175,0.00783,0.00037,0.00927,0.00640,0.00383,0.00457,0.03226
1403715404.512266159057617,0.00620,0.00039,0.00066,0.00717,0.00122,0.00481,0.02046
1403715404.562266588211060,0.00728,0.00051,0.00045,0.00684,0.00010,0.00464,0.01983
1403715404.612267017364502,0.00750,0.00036,0.00150,0.00662,0.00116,0.00475,0.02190
1403715404.662267446517944,0.00610,0.00037,0.00083,0.00698,0.00001,0.00461,0.01889
1403715404.712267637252808,0.00580,0.00040,0.00244,0.00651,0.00383,0.00470,0.02368
1403715404.762267112731934,0.00642,0.00033,0.00702,0.00707,0.00065,0.00459,0.02607
1403715404.812265157699585,0.00646,0.00037,0.00412,0.00658,0.00224,0.00470,0.02447
1403715404.862263441085815,0.00574,0.00038,0.00036,0.00724,0.00045,0.00477,0.01894
1403715404.912263870239258,0.00671,0.00040,0.00031,0.00744,0.00001,0.00454,0.01941
1403715404.962265014648438,0.00583,0.00039,0.00030,0.00717,0.00001,0.00578,0.01949
1403715405.012264490127563,0.00601,0.00040,0.00781,0.00641,0.00548,0.00445,0.03055
1403715405.062266349792480,0.00559,0.00038,0.00003,0.00776,0.00116,0.00473,0.01965
1403715405.112267017364502,0.00646,0.00039,0.00022,0.00795,0.00046,0.00484,0.02031
1403715405.162269592285156,0.00662,0.00035,0.00517,0.00742,0.00146,0.00474,0.02575
1403715405.212270736694336,0.00551,0.00040,0.00006,0.00784,0.00215,0.00468,0.02065
1403715405.262272119522095,0.00652,0.00036,0.00045,0.00781,0.00002,0.00465,0.01981
1403715405.312273025512695,0.00585,0.00037,0.00182,0.00782,0.00201,0.00457,0.02244
1403715405.362273931503296,0.00674,0.00039,0.00618,0.00705,0.00047,0.00452,0.02536
1403715405.412273883819580,0.00609,0.00040,0.00232,0.00725,0.00259,0.00470,0.02334
1403715405.462273836135864,0.00625,0.00040,0.00128,0.00609,0.00363,0.00470,0.02235
1403715405.512273550033569,0.00670,0.00037,0.00015,0.00607,0.00001,0.00566,0.01896
1403715405.562273502349854,0.00606,0.00034,0.00012,0.00554,0.00001,0.00478,0.01685
1403715405.612273216247559,0.00580,0.00036,0.00092,0.00501,0.00799,0.00472,0.02479
1403715405.662272691726685,0.00694,0.00038,0.00032,0.00575,0.00005,0.00474,0.01819
1403715405.712272644042969,0.00566,0.00035,0.00003,0.00569,0.00445,0.00473,0.02090
1403715405.762272596359253,0.00706,0.00036,0.00038,0.00605,0.00482,0.00463,0.02329
1403715405.812273263931274,0.00603,0.00038,0.00675,0.00605,0.00524,0.00477,0.02922
1403715405.862273216247559,0.00618,0.00036,0.00032,0.00623,0.00043,0.00474,0.01827
1403715405.912273406982422,0.00602,0.00037,0.00583,0.00536,0.00731,0.00475,0.02964
1403715405.962272644042969,0.00587,0.00040,0.00497,0.00603,0.00357,0.00466,0.02549
1403715406.012272119522095,0.00569,0.00038,0.00020,0.00653,0.00172,0.00469,0.01922
1403715406.062271833419800,0.00732,0.00034,0.00678,0.00690,0.00104,0.00480,0.02718
1403715406.112271308898926,0.00607,0.00038,0.00027,0.00625,0.00001,0.00566,0.01864
1403715406.162270784378052,0.00672,0.00034,0.00024,0.00519,0.00001,0.00501,0.01751
1403715406.212272167205811,0.00724,0.00035,0.00068,0.00420,0.00037,0.00483,0.01767
1403715406.262273073196411,0.00579,0.00035,0.00060,0.00412,0.00156,0.00496,0.01738
1403715406.312278270721436,0.00592,0.00033,0.00250,0.00427,0.01374,0.00472,0.03148
1403715406.362279891967773,0.00776,0.00039,0.00016,0.00511,0.00036,0.00465,0.01842
1403715406.412282705307007,0.00552,0.00036,0.00036,0.00455,0.00587,0.00476,0.02141
1403715406.462284564971924,0.00727,0.00036,0.00046,0.00467,0.00099,0.00480,0.01854
1403715406.512286424636841,0.00616,0.00034,0.00047,0.00466,0.00616,0.00477,0.02256
1403715406.562286376953125,0.00611,0.00036,0.00051,0.00508,0.00557,0.00451,0.02214
1403715406.612286806106567,0.00580,0.00038,0.01339,0.00563,0.00765,0.00539,0.03825
1403715406.662287235260010,0.00739,0.00039,0.00568,0.00663,0.00172,0.00465,0.02645
1403715406.712287664413452,0.00639,0.00040,0.00013,0.00598,0.00001,0.00479,0.01770
1403715406.762287855148315,0.00620,0.00043,0.00029,0.00500,0.00001,0.00458,0.01651
1403715406.812288045883179,0.00601,0.00036,0.00079,0.00486,0.00161,0.00479,0.01841
1403715406.862287998199463,0.00580,0.00036,0.00059,0.00475,0.00308,0.00473,0.01931
1403715406.912288904190063,0.00689,0.00031,0.00124,0.00501,0.00357,0.00468,0.02170
1403715406.962288856506348,0.00722,0.00034,0.00020,0.00503,0.00041,0.00477,0.01798
1403715407.012289524078369,0.00615,0.00035,0.00468,0.00475,0.01020,0.00495,0.03109
1403715407.062289714813232,0.00636,0.00037,0.00031,0.00570,0.00001,0.00468,0.01743
1403715407.112288951873779,0.00608,0.00040,0.00040,0.00513,0.00050,0.00479,0.01730
1403715407.162287235260010,0.00573,0.00033,0.00027,0.00230,0.00030,0.00462,0.01355
1403715407.212282419204712,0.00589,0.00033,0.00874,0.00214,0.01362,0.00511,0.03583
1403715407.262280225753784,0.00752,0.00040,0.00389,0.00223,0.00224,0.00460,0.02089
1403715407.312278985977173,0.00598,0.00034,0.00018,0.00295,0.00002,0.00470,0.01418
1403715407.362279653549194,0.00592,0.00035,0.00059,0.00260,0.00109,0.00456,0.01512
1403715407.412282705307007,0.00667,0.00034,0.00018,0.00331,0.00006,0.00477,0.01533
1403715407.462286233901978,0.00670,0.00031,0.00038,0.00344,0.00001,0.00477,0.01559
1403715407.512290477752686,0.00590,0.00032,0.00130,0.00301,0.01212,0.00459,0.02723
1403715407.562291860580444,0.00608,0.00034,0.00003,0.00379,0.00000,0.00470,0.01495
1403715407.612293958663940,0.00674,0.00031,0.00112,0.00225,0.00446,0.00461,0.01949
1403715407.662297248840332,0.00712,0.00032,0.00320,0.00227,0.00002,0.00450,0.01744
1403715407.712299108505249,0.00871,0.00031,0.00210,0.00146,0.00122,0.00442,0.01822
1403715407.762300014495850,0.00870,0.00029,0.00318,0.00106,0.00001,0.00434,0.01759
1403715407.812300443649292,0.00898,0.00029,0.00385,0.00089,0.00571,0.00434,0.02405
1403715407.862300872802734,0.00791,0.00029,0.00073,0.00091,0.00721,0.00436,0.02142
1403715407.912300825119019,0.00793,0.00029,0.00053,0.00136,0.00001,0.00439,0.01452
1403715407.962300777435303,0.00944,0.00027,0.00052,0.00109,0.00003,0.00446,0.01581
1403715408.012300729751587,0.00952,0.00028,0.00076,0.00076,0.00013,0.00435,0.01580
1403715408.062300920486450,0.01035,0.00028,0.00065,0.00070,0.00000,0.00427,0.01626
1403715408.112300872802734,0.01347,0.00025,0.00089,0.00053,0.00006,0.00434,0.01954
1403715408.162300825119019,0.01164,0.00020,0.00084,0.00047,0.00000,0.00426,0.01742
1403715408.212300777435303,0.01970,0.00023,0.00105,0.00046,0.00028,0.00464,0.02637
1403715408.262300729751587,0.01184,0.00021,0.00120,0.00037,0.00001,0.00459,0.01822
1403715408.312301158905029,0.00823,0.00022,0.00034,0.00025,0.00003,0.00431,0.01338
1403715408.362302303314209,0.00806,0.00024,0.00041,0.00030,0.00058,0.00433,0.01393
1403715408.412302017211914,0.00765,0.00025,0.00148,0.00033,0.00088,0.00453,0.01511
1403715408.462302207946777,0.00793,0.00024,0.00081,0.00036,0.00064,0.00470,0.01467
1403715408.512301683425903,0.00735,0.00023,0.00215,0.00038,0.00527,0.00439,0.01977
1403715408.562302112579346,0.00919,0.00026,0.00063,0.00075,0.00116,0.00439,0.01639
1403715408.612302064895630,0.00769,0.00025,0.00086,0.00088,0.00121,0.00442,0.01532
1403715408.662301778793335,0.00681,0.00027,0.00078,0.00089,0.00022,0.00451,0.01349
1403715408.712301969528198,0.00635,0.00027,0.00014,0.00092,0.00410,0.00450,0.01628
1403715408.762301683425903,0.00619,0.00025,0.00017,0.00130,0.00787,0.00448,0.02026
1403715408.812301397323608,0.00710,0.00029,0.00034,0.00232,0.00341,0.00446,0.01792
1403715408.862301111221313,0.00688,0.00031,0.00070,0.00267,0.00216,0.00449,0.01722
1403715408.912301540374756,0.00684,0.00033,0.00145,0.00236,0.00694,0.00447,0.02239
1403715408.962301254272461,0.00812,0.00033,0.00175,0.00329,0.00002,0.00466,0.01816
1403715409.012300968170166,0.00600,0.00032,0.00065,0.00309,0.00072,0.00455,0.01534
1403715409.062300920486450,0.00709,0.00032,0.00132,0.00298,0.00594,0.00458,0.02223
1403715409.112299919128418,0.00686,0.00032,0.00071,0.00327,0.00665,0.00464,0.02245
1403715409.162298679351807,0.00657,0.00029,0.00043,0.00396,0.00225,0.00465,0.01815
1403715409.212297677993774,0.00620,0.00033,0.00113,0.00355,0.00051,0.00457,0.01629
1403715409.262300014495850,0.00634,0.00033,0.00199,0.00341,0.00039,0.00451,0.01697
1403715409.312301158905029,0.00692,0.00031,0.00165,0.00247,0.00031,0.00456,0.01622
1403715409.362301111221313,0.00597,0.00030,0.00096,0.00233,0.00540,0.00460,0.01956
1403715409.412297964096069,0.00722,0.00030,0.00134,0.00274,0.00064,0.00453,0.01678
1403715409.462293863296509,0.00593,0.00032,0.00078,0.00309,0.00794,0.00462,0.02268
1403715409.512292146682739,0.00727,0.00032,0.00050,0.00394,0.00225,0.00496,0.01924
1403715409.562292337417603,0.00599,0.00035,0.00035,0.00419,0.00051,0.00459,0.01599
1403715409.612293243408203,0.00571,0.00033,0.00031,0.00452,0.00824,0.00467,0.02378
1403715409.662292718887329,0.00842,0.00036,0.00064,0.00560,0.00310,0.00465,0.02277
1403715409.712292909622192,0.00640,0.00038,0.00012,0.00619,0.00223,0.00469,0.02000
1403715409.762292861938477,0.00634,0.00037,0.00070,0.00644,0.00001,0.00460,0.01846
1403715409.812292098999023,0.00629,0.00034,0.00013,0.00633,0.00337,0.00481,0.02128
1403715409.862290382385254,0.00620,0.00036,0.00538,0.00666,0.00439,0.00485,0.02784
1403715409.912289381027222,0.00599,0.00040,0.00336,0.00738,0.00007,0.00485,0.02204
1403715409.962283611297607,0.00600,0.00041,0.00858,0.00699,0.00174,0.00453,0.02824
1403715410.012284278869629,0.00597,0.00039,0.00119,0.00677,0.00114,0.00478,0.02025
1403715410.062284708023071,0.00702,0.00038,0.00662,0.00668,0.00318,0.00450,0.02838
1403715410.112287998199463,0.00604,0.00042,0.00233,0.00698,0.00145,0.00474,0.02196
1403715410.162287712097168,0.00625,0.00039,0.00262,0.00731,0.00002,0.00477,0.02137
1403715410.212285518646240,0.00752,0.00039,0.00610,0.00701,0.00176,0.00474,0.02751
1403715410.262285470962524,0.00641,0.00036,0.00166,0.00662,0.00046,0.00444,0.01995
1403715410.312286138534546,0.00595,0.00037,0.00094,0.00827,0.00076,0.00510,0.02139
1403715410.362287282943726,0.00621,0.00040,0.00017,0.00838,0.00051,0.00498,0.02065
1403715410.412287235260010,0.00601,0.00035,0.00018,0.00769,0.00002,0.00468,0.01893
1403715410.462286949157715,0.00567,0.00038,0.00198,0.00785,0.00384,0.00463,0.02434
1403715410.512285470962524,0.00539,0.00041,0.00344,0.00813,0.00001,0.00475,0.02212
1403715410.562284231185913,0.00564,0.00041,0.00689,0.00779,0.00001,0.00478,0.02552
1403715410.612282752990723,0.00649,0.00039,0.00888,0.00793,0.00007,0.00465,0.02842
1403715410.662281274795532,0.00579,0.00040,0.00209,0.00798,0.00204,0.00473,0.02303
1403715410.712282419204712,0.00553,0.00041,0.00025,0.00848,0.00001,0.00480,0.01948
1403715410.762286901473999,0.00769,0.00041,0.00102,0.00842,0.00001,0.00465,0.02220
1403715410.812291860580444,0.00579,0.00041,0.00840,0.00833,0.00001,0.00461,0.02754
1403715410.862294197082520,0.00585,0.00040,0.00069,0.00808,0.00001,0.00478,0.01981
1403715410.912291526794434,0.00569,0.00038,0.00004,0.00802,0.00007,0.00463,0.01883
1403715410.962285280227661,0.00672,0.00036,0.00013,0.00751,0.00001,0.00471,0.01943
1403715411.012279748916626,0.00634,0.00038,0.00022,0.00750,0.00007,0.00474,0.01925
1403715411.062277793884277,0.00631,0.00040,0.00049,0.00720,0.00242,0.00451,0.02133
1403715411.112274646759033,0.00577,0.00039,0.00383,0.00763,0.00007,0.00483,0.02251
1403715411.162272453308105,0.00609,0.00035,0.00784,0.00756,0.00196,0.00479,0.02860
1403715411.212270736694336,0.00654,0.00038,0.00548,0.00728,0.00414,0.00477,0.02859
1403715411.262268304824829,0.00580,0.00041,0.00053,0.00788,0.00040,0.00491,0.01992
1403715411.312265157699585,0.00656,0.00036,0.00009,0.00787,0.00122,0.00527,0.02137
1403715411.362262010574341,0.00590,0.00042,0.00010,0.00848,0.00119,0.00444,0.02053
1403715411.412254810333252,0.00587,0.00038,0.00684,0.00835,0.00001,0.00514,0.02658
1403715411.462253570556641,0.00589,0.00040,0.00022,0.00844,0.00001,0.00466,0.01962
1403715411.512253284454346,0.00596,0.00039,0.01007,0.00796,0.00200,0.00454,0.03091
1403715411.562257051467896,0.00583,0.00041,0.00003,0.00852,0.00001,0.00472,0.01952
1403715411.612259864807129,0.00578,0.00041,0.00010,0.00850,0.00001,0.00459,0.01940
1403715411.662262201309204,0.00580,0.00041,0.00010,0.00849,0.00001,0.00477,0.01958
1403715411.712263345718384,0.00582,0.00042,0.00343,0.00876,0.00001,0.00463,0.02307
1403715411.762264490127563,0.00595,0.00041,0.00708,0.00831,0.00001,0.00476,0.02651
1403715411.812264442443848,0.00576,0.00042,0.00526,0.00838,0.00001,0.00463,0.02444
1403715411.862264394760132,0.00642,0.00043,0.00066,0.00849,0.00001,0.00480,0.02081
1403715411.912264108657837,0.00564,0.00042,0.00011,0.00855,0.00001,0.00457,0.01929
1403715411.962264060974121,0.00558,0.00041,0.00003,0.00851,0.00001,0.00475,0.01929
1403715412.012264490127563,0.00576,0.00041,0.00683,0.00859,0.00001,0.00470,0.02630
1403715412.062264442443848,0.00557,0.00041,0.00004,0.00813,0.00001,0.00476,0.01891
1403715412.112264633178711,0.00536,0.00040,0.00967,0.00810,0.00001,0.00460,0.02813
1403715412.162264585494995,0.00575,0.00038,0.00019,0.00796,0.00047,0.00476,0.01951
1403715412.212264299392700,0.00570,0.00041,0.00010,0.00843,0.00001,0.00478,0.01943
1403715412.262264013290405,0.00531,0.00043,0.00010,0.00899,0.00001,0.00469,0.01954
1403715412.312264442443848,0.00556,0.00040,0.00339,0.00827,0.00001,0.00479,0.02242
1403715412.362263917922974,0.00578,0.00036,0.00708,0.00791,0.00001,0.00475,0.02589
1403715412.412263393402100,0.00775,0.00042,0.00556,0.00832,0.00001,0.00502,0.02708
1403715412.462263584136963,0.00649,0.00043,0.00085,0.00741,0.00052,0.00494,0.02065
1403715412.512262821197510,0.00539,0.00042,0.00022,0.00700,0.00046,0.00448,0.01798
1403715412.562263011932373,0.00577,0.00040,0.00040,0.00695,0.00115,0.00479,0.01946
1403715412.612263917922974,0.00557,0.00037,0.00658,0.00801,0.00048,0.00470,0.02570
1403715412.662264108657837,0.00552,0.00041,0.00010,0.00861,0.00001,0.00467,0.01931
1403715412.712263584136963,0.00568,0.00040,0.00866,0.00837,0.00001,0.00466,0.02778
1403715412.762264013290405,0.00563,0.00042,0.00008,0.00860,0.00001,0.00466,0.01940
1403715412.812264204025269,0.00549,0.00040,0.00010,0.00850,0.00001,0.00485,0.01936
1403715412.862264156341553,0.00552,0.00040,0.00011,0.00858,0.00001,0.00466,0.01928
1403715412.912263870239258,0.00743,0.00038,0.00343,0.00827,0.00001,0.00487,0.02439
1403715412.962263107299805,0.00746,0.00039,0.00727,0.00812,0.00001,0.00473,0.02798
1403715413.012263059616089,0.00594,0.00041,0.00535,0.00807,0.00037,0.00480,0.02495
1403715413.062263488769531,0.00647,0.00039,0.00041,0.00814,0.00037,0.00496,0.02074
1403715413.112263202667236,0.00742,0.00042,0.00004,0.00836,0.00007,0.00477,0.02108
1403715413.162262678146362,0.00629,0.00038,0.00061,0.00812,0.00001,0.00493,0.02035
1403715413.212262392044067,0.00622,0.00040,0.00289,0.00795,0.00007,0.00476,0.02229
1403715413.262261867523193,0.00637,0.00036,0.00178,0.00762,0.00001,0.00471,0.02085
1403715413.312260389328003,0.00615,0.00040,0.00664,0.00761,0.00232,0.00490,0.02802
1403715413.362259387969971,0.00609,0.00036,0.00043,0.00745,0.00048,0.00549,0.02030
1403715413.412258625030518,0.00606,0.00040,0.00041,0.00703,0.00007,0.00483,0.01878
1403715413.462256908416748,0.00614,0.00037,0.01167,0.00658,0.00390,0.00497,0.03363
1403715413.512259006500244,0.00682,0.00043,0.00181,0.00710,0.00318,0.00477,0.02412
1403715413.562260150909424,0.00594,0.00039,0.00766,0.00749,0.00117,0.00461,0.02726
1403715413.612262010574341,0.00798,0.00039,0.00514,0.00781,0.00188,0.00479,0.02799
1403715413.662262439727783,0.00803,0.00040,0.00177,0.00743,0.00036,0.00458,0.02257
1403715413.712263107299805,0.00622,0.00039,0.00010,0.00738,0.00117,0.00479,0.02005
1403715413.762263298034668,0.00648,0.00040,0.00059,0.00737,0.00001,0.00462,0.01945
1403715413.812263250350952,0.00580,0.00040,0.00097,0.00702,0.00391,0.00477,0.02286
1403715413.862263202667236,0.00842,0.00039,0.00091,0.00740,0.00046,0.00483,0.02242
1403715413.912263154983521,0.00642,0.00039,0.00537,0.00677,0.00048,0.00539,0.02482
1403715413.962263345718384,0.00647,0.00039,0.00062,0.00582,0.00000,0.00466,0.01797
1403715414.012263059616089,0.00624,0.00037,0.00055,0.00572,0.00077,0.00490,0.01854
1403715414.062262773513794,0.00704,0.00039,0.00178,0.00552,0.00874,0.00486,0.02833
1403715414.112262725830078,0.00670,0.00039,0.00144,0.00686,0.00381,0.00446,0.02366
1403715414.162262916564941,0.00864,0.00037,0.00895,0.00726,0.00097,0.00456,0.03075
1403715414.212263107299805,0.00665,0.00040,0.00103,0.00764,0.00122,0.00491,0.02184
1403715414.262262821197510,0.00630,0.00039,0.00104,0.00751,0.00038,0.00478,0.02040
1403715414.312263011932373,0.00727,0.00041,0.00029,0.00720,0.00001,0.00518,0.02036
1403715414.362263202667236,0.00613,0.00040,0.00037,0.00641,0.00001,0.00525,0.01856
1403715414.412264108657837,0.00638,0.00037,0.00562,0.00640,0.00250,0.00525,0.02653
1403715414.462264537811279,0.00631,0.00038,0.00018,0.00693,0.00001,0.00551,0.01932
1403715414.512265205383301,0.00659,0.00039,0.00005,0.00684,0.00645,0.00513,0.02546
1403715414.562265634536743,0.00626,0.00037,0.00004,0.00723,0.00001,0.00482,0.01872
1403715414.612266540527344,0.00721,0.00036,0.00004,0.00729,0.00001,0.00484,0.01975
1403715414.662266016006470,0.00624,0.00038,0.00011,0.00726,0.00256,0.00484,0.02139
1403715414.712264060974121,0.00625,0.00039,0.00788,0.00748,0.00013,0.00483,0.02698
1403715414.762261867523193,0.00628,0.00051,0.00824,0.00783,0.00147,0.00489,0.02921
1403715414.812261819839478,0.00607,0.00041,0.00022,0.00787,0.00007,0.00508,0.01973
1403715414.862261056900024,0.00643,0.00039,0.00050,0.00730,0.00048,0.00521,0.02031
1403715414.912260055541992,0.00613,0.00039,0.00064,0.00726,0.00001,0.00467,0.01910
1403715414.962259769439697,0.00599,0.00040,0.00057,0.00705,0.00002,0.00479,0.01882
1403715415.012258529663086,0.00594,0.00040,0.00541,0.00691,0.00273,0.00469,0.02607
1403715415.062258720397949,0.00616,0.00040,0.00033,0.00664,0.00002,0.00476,0.01831
1403715415.112258672714233,0.00623,0.00039,0.00024,0.00615,0.00062,0.00481,0.01844
1403715415.162258625030518,0.00712,0.00040,0.00040,0.00562,0.00067,0.00463,0.01885
1403715415.212258100509644,0.00850,0.00038,0.00064,0.00509,0.00065,0.00472,0.01997
1403715415.262257575988770,0.00958,0.00035,0.00115,0.00529,0.00044,0.00472,0.02154
1403715415.312257051467896,0.00712,0.00038,0.00765,0.00438,0.00144,0.00483,0.02580
1403715415.362256050109863,0.00723,0.00037,0.00450,0.00376,0.00804,0.00482,0.02873
1403715415.412256002426147,0.00743,0.00038,0.00109,0.00396,0.00151,0.00485,0.01922
1403715415.462255477905273,0.00679,0.00037,0.00098,0.00443,0.00081,0.00486,0.01824
1403715415.512255430221558,0.00669,0.00033,0.00065,0.00425,0.00002,0.00486,0.01679
1403715415.562255144119263,0.00681,0.00032,0.00016,0.00421,0.00021,0.00483,0.01655
1403715415.612255096435547,0.00665,0.00033,0.00052,0.00396,0.00246,0.00487,0.01879
1403715415.662254571914673,0.00642,0.00033,0.00200,0.00328,0.00088,0.00484,0.01776
1403715415.712253332138062,0.00841,0.00034,0.00123,0.00274,0.00039,0.00473,0.01785
1403715415.762253284454346,0.00923,0.00032,0.00080,0.00260,0.00296,0.00485,0.02077
1403715415.812253713607788,0.00667,0.00034,0.00327,0.00264,0.00302,0.00483,0.02077
1403715415.862253665924072,0.00734,0.00031,0.00005,0.00301,0.00006,0.00484,0.01563
1403715415.912255287170410,0.00679,0.00031,0.00009,0.00299,0.00972,0.00497,0.02488
1403715415.962257385253906,0.00704,0.00034,0.00009,0.00277,0.00347,0.00483,0.01854
1403715416.012258529663086,0.00670,0.00033,0.00018,0.00296,0.00095,0.00513,0.01626
1403715416.062258243560791,0.00672,0.00032,0.00067,0.00274,0.00030,0.00501,0.01577
1403715416.112258434295654,0.00694,0.00034,0.00017,0.00274,0.00032,0.00527,0.01578
1403715416.162258148193359,0.00715,0.00028,0.00025,0.00273,0.00021,0.00496,0.01558
1403715416.212259769439697,0.00657,0.00030,0.00004,0.00275,0.00093,0.00496,0.01555
1403715416.262259960174561,0.00836,0.00029,0.00003,0.00236,0.00001,0.00496,0.01601
1403715416.312260866165161,0.00648,0.00029,0.00271,0.00205,0.00311,0.00494,0.01958
1403715416.362261772155762,0.00636,0.00029,0.00009,0.00217,0.00079,0.00496,0.01467
1403715416.412262201309204,0.00607,0.00028,0.00027,0.00166,0.00280,0.00484,0.01593
1403715416.462262392044067,0.00635,0.00025,0.00011,0.00251,0.00006,0.00521,0.01449
1403715416.512262582778931,0.00622,0.00030,0.00004,0.00249,0.00178,0.00494,0.01578
1403715416.562262058258057,0.00762,0.00036,0.00005,0.00295,0.00106,0.00531,0.01735
1403715416.612262964248657,0.00773,0.00033,0.00005,0.00340,0.00008,0.00524,0.01682
1403715416.662262678146362,0.00663,0.00029,0.00003,0.00251,0.00022,0.00488,0.01457
1403715416.712262392044067,0.00637,0.00029,0.00004,0.00249,0.00019,0.00493,0.01431
1403715416.762262821197510,0.00679,0.00029,0.00004,0.00251,0.00022,0.00485,0.01470
1403715416.812263011932373,0.00854,0.00030,0.00004,0.00250,0.00180,0.00494,0.01812
1403715416.862263202667236,0.00643,0.00028,0.00003,0.00273,0.00000,0.00502,0.01449
1403715416.912263154983521,0.00658,0.00028,0.00228,0.00261,0.00386,0.00492,0.02055
1403715416.962262868881226,0.00731,0.00031,0.00004,0.00302,0.00063,0.00499,0.01630
1403715417.012263059616089,0.00650,0.00029,0.00025,0.00290,0.00577,0.00516,0.02087
1403715417.062263250350952,0.00641,0.00032,0.00003,0.00352,0.00009,0.00499,0.01537
1403715417.112263202667236,0.00632,0.00029,0.00003,0.00348,0.00400,0.00495,0.01908
1403715417.162262916564941,0.00635,0.00028,0.00003,0.00385,0.00210,0.00508,0.01769
1403715417.212262868881226,0.00658,0.00032,0.00003,0.00403,0.00007,0.00492,0.01595
1403715417.262262821197510,0.00638,0.00033,0.00004,0.00404,0.00022,0.00501,0.01601
1403715417.312263011932373,0.00641,0.00033,0.00004,0.00401,0.00019,0.00494,0.01592
1403715417.362262964248657,0.00730,0.00034,0.00004,0.00404,0.00023,0.00504,0.01700
1403715417.412262678146362,0.00649,0.00033,0.00004,0.00403,0.00048,0.00496,0.01633
1403715417.462262630462646,0.00672,0.00033,0.00004,0.00428,0.00001,0.00516,0.01654
1403715417.512262582778931,0.00620,0.00031,0.00436,0.00390,0.00172,0.00492,0.02141
1403715417.562262773513794,0.00673,0.00034,0.00004,0.00404,0.00066,0.00505,0.01685
1403715417.612262725830078,0.00643,0.00033,0.00035,0.00402,0.00182,0.00495,0.01791
1403715417.662262678146362,0.00657,0.00032,0.00003,0.00405,0.00010,0.00510,0.01617
1403715417.712262630462646,0.00652,0.00033,0.00003,0.00403,0.00135,0.00496,0.01723
1403715417.762262582778931,0.00652,0.00032,0.00003,0.00407,0.00063,0.00495,0.01653
1403715417.812262773513794,0.00665,0.00030,0.00003,0.00401,0.00007,0.00496,0.01602
1403715417.862262725830078,0.00667,0.00033,0.00004,0.00405,0.00024,0.00493,0.01626
1403715417.912262678146362,0.00649,0.00033,0.00004,0.00401,0.00020,0.00497,0.01604
1403715417.962262630462646,0.00659,0.00033,0.00004,0.00410,0.00023,0.00502,0.01631
1403715418.012262582778931,0.00652,0.00033,0.00004,0.00404,0.00049,0.00495,0.01636
1403715418.062262773513794,0.00654,0.00032,0.00003,0.00407,0.00001,0.00493,0.01589
1403715418.112262725830078,0.00872,0.00033,0.00418,0.00386,0.00192,0.00499,0.02400
1403715418.162262439727783,0.00654,0.00031,0.00004,0.00404,0.00063,0.00508,0.01663
1403715418.212262630462646,0.00667,0.00033,0.00037,0.00400,0.00180,0.00495,0.01810
1403715418.262262582778931,0.00653,0.00033,0.00003,0.00403,0.00010,0.00503,0.01605
1403715418.312262773513794,0.00662,0.00032,0.00004,0.00403,0.00128,0.00482,0.01711
1403715418.362262725830078,0.00642,0.00032,0.00003,0.00403,0.00064,0.00499,0.01643
1403715418.412262678146362,0.00636,0.00030,0.00003,0.00407,0.00006,0.00484,0.01567
1403715418.462262630462646,0.00661,0.00031,0.00004,0.00528,0.00022,0.00506,0.01751
1403715418.512262582778931,0.00752,0.00032,0.00013,0.00402,0.00018,0.00488,0.01706
1403715418.562262773513794,0.00714,0.00034,0.00016,0.00403,0.00022,0.00504,0.01693
1403715418.612262725830078,0.00694,0.00031,0.00014,0.00400,0.00050,0.00482,0.01672
1403715418.662262678146362,0.01444,0.00037,0.00005,0.00494,0.00001,0.00578,0.02560
1403715418.712262630462646,0.00754,0.00034,0.00290,0.00511,0.00409,0.00568,0.02567
1403715418.762262582778931,0.00711,0.00034,0.00006,0.00503,0.00058,0.00582,0.01895
1403715418.812262535095215,0.00751,0.00035,0.00035,0.00578,0.00247,0.00694,0.02339
