# timestamp (sec),slam_feats_in_state,msckf_feats_used,slam_feats_updated,slam_feats_delayed_init,clones
1403715278.862228155136108,0,3,0,0,5
1403715278.910147905349731,32,35,0,32,6
1403715278.960242509841919,31,4,31,0,7
1403715279.011391401290894,29,0,29,0,8
1403715279.062059402465820,29,0,29,0,9
1403715279.112490653991699,29,1,29,0,10
1403715279.162628889083862,28,2,28,0,11
1403715279.213179111480713,28,1,28,0,11
1403715279.263507843017578,33,0,28,5,11
1403715279.314472198486328,37,0,33,4,11
1403715279.366395473480225,38,0,37,1,11
1403715279.418841838836670,47,0,38,9,11
1403715279.470026731491089,47,0,47,0,11
1403715279.521918296813965,48,21,47,1,11
1403715279.573369979858398,48,0,44,0,11
1403715279.624917030334473,49,1,47,1,11
1403715279.675472021102905,49,0,48,1,11
1403715279.725599527359009,49,0,49,0,11
1403715279.775396347045898,49,0,49,0,11
1403715279.825401544570923,49,0,49,0,11
1403715279.875028133392334,49,0,49,0,11
1403715279.924062252044678,49,1,49,0,11
1403715279.973372220993042,49,1,49,0,11
1403715280.023445844650269,49,0,48,0,11
1403715280.073714733123779,49,0,48,0,11
1403715280.123492240905762,48,24,47,1,11
1403715280.173414707183838,48,0,48,0,11
1403715280.223391294479370,48,2,48,0,11
1403715280.273241043090820,47,0,47,0,11
1403715280.323368072509766,47,0,47,0,11
1403715280.373267889022827,47,0,47,0,11
1403715280.422878026962280,47,0,46,0,11
1403715280.472364664077759,47,1,44,0,11
1403715280.521931648254395,46,0,43,1,11
1403715280.571431636810303,46,3,44,2,11
1403715280.620949268341064,48,1,45,3,11
1403715280.670836448669434,47,1,47,0,11
1403715280.720527410507202,48,21,47,1,11
1403715280.770493745803833,50,2,45,2,11
1403715280.820381402969360,47,2,42,0,11
1403715280.870236635208130,45,1,40,0,11
1403715280.920279026031494,44,2,35,3,11
1403715280.970078468322754,42,0,32,3,11
1403715281.020008087158203,39,0,14,3,11
1403715281.069957971572876,39,0,9,5,11
1403715281.119956731796265,36,0,11,15,11
1403715281.169786691665649,38,0,25,9,11
1403715281.219820499420166,38,0,32,3,11
1403715281.270112752914429,38,0,31,1,11
1403715281.320285558700562,44,6,19,9,11
1403715281.370267152786255,44,1,6,4,11
1403715281.420268774032593,44,0,9,12,11
1403715281.470234870910645,46,0,18,24,11
1403715281.520169496536255,46,0,39,1,11
1403715281.570088386535645,46,1,35,3,11
1403715281.620027303695679,46,0,37,3,11
1403715281.669977903366089,46,0,32,5,11
1403715281.719861268997192,40,1,26,0,11
1403715281.769814729690552,38,0,7,6,11
1403715281.819847106933594,37,0,11,6,11
1403715281.869842529296875,34,6,11,15,11
1403715281.919811248779297,38,0,26,6,11
1403715281.969775438308716,38,0,31,6,11
1403715282.019736528396606,38,0,34,0,11
1403715282.069520950317383,41,2,32,4,11
1403715282.119499921798706,41,0,35,3,11
1403715282.169547796249390,40,0,26,2,11
1403715282.219493389129639,40,0,25,1,11
1403715282.269515752792358,40,0,25,11,11
1403715282.319434881210327,40,1,33,3,11
1403715282.369268417358398,46,13,35,7,11
1403715282.419267654418945,45,0,41,1,11
1403715282.469230890274048,43,0,41,0,11
1403715282.519214391708374,49,1,41,8,11
1403715282.569270372390747,48,0,46,0,11
1403715282.619335889816284,47,0,45,1,11
1403715282.669456720352173,48,3,45,2,11
1403715282.719423532485962,48,2,47,0,11
1403715282.769403219223022,47,0,47,0,11
1403715282.819401025772095,47,0,47,0,11
1403715282.869348526000977,47,1,47,0,11
1403715282.919349193572998,47,0,47,0,11
1403715282.969235897064209,50,22,46,3,11
1403715283.019293546676636,50,2,49,0,11
1403715283.069304466247559,50,0,49,1,11
1403715283.119287490844727,50,2,48,0,11
1403715283.169275522232056,50,0,47,1,11
1403715283.219262123107910,49,2,48,1,11
1403715283.269219160079956,49,9,48,1,11
1403715283.319213867187500,49,26,48,1,11
1403715283.369133234024048,49,0,49,0,11
1403715283.418932199478149,48,0,47,0,11
1403715283.468743562698364,46,0,45,0,11
1403715283.518533945083618,41,1,38,0,11
1403715283.568363428115845,50,8,38,9,11
1403715283.618406057357788,49,1,46,3,11
1403715283.668455839157104,49,0,49,0,11
1403715283.718465089797974,50,2,49,1,11
1403715283.768485784530640,50,0,50,0,11
1403715283.818441867828369,49,0,49,0,11
1403715283.868423461914062,49,5,49,0,11
1403715283.918303728103638,50,17,49,1,11
1403715283.968122959136963,50,0,50,0,11
1403715284.017925739288330,50,0,50,0,11
1403715284.067826032638550,50,0,50,0,11
1403715284.117589712142944,50,24,50,0,11
1403715284.167545795440674,49,7,49,0,11
1403715284.217559814453125,49,0,49,0,11
1403715284.267539501190186,49,0,49,0,11
1403715284.317491769790649,49,0,48,0,11
1403715284.367431640625000,49,0,49,0,11
1403715284.417164325714111,49,0,46,1,11
1403715284.466887235641479,50,4,47,2,11
1403715284.516599178314209,48,17,48,0,11
1403715284.566620588302612,48,0,48,0,11
1403715284.616633892059326,48,0,48,0,11
1403715284.666622638702393,48,1,43,0,11
1403715284.716500997543335,49,18,41,1,11
1403715284.766531229019165,48,4,41,4,11
1403715284.816517591476440,47,0,45,1,11
1403715284.866465568542480,47,0,45,1,11
1403715284.916213035583496,47,1,46,0,11
1403715284.966074228286743,47,0,46,1,11
1403715285.016062259674072,47,0,46,0,11
1403715285.066035032272339,48,1,45,1,11
1403715285.115978479385376,50,14,45,3,11
1403715285.165865182876587,49,0,48,0,11
1403715285.215621709823608,47,1,46,0,11
1403715285.265395879745483,46,0,44,0,11
1403715285.315156459808350,48,13,43,3,11
1403715285.364991188049316,48,4,46,1,11
1403715285.414894342422485,48,0,46,0,11
1403715285.464826822280884,48,1,45,1,11
1403715285.514794826507568,48,0,46,2,11
1403715285.564779043197632,48,0,48,0,11
1403715285.614758491516113,48,1,48,0,11
1403715285.664737462997437,47,1,45,1,11
1403715285.714552164077759,49,16,42,2,11
1403715285.764491796493530,47,0,42,2,11
1403715285.814429998397827,46,0,33,3,11
1403715285.864280939102173,45,0,32,0,11
1403715285.914109230041504,50,13,36,14,11
1403715285.964073419570923,50,6,50,0,11
1403715286.014065504074097,50,0,46,0,11
1403715286.064057588577271,50,1,45,0,11
1403715286.114058971405029,48,0,43,2,11
1403715286.164061307907104,47,0,45,1,11
1403715286.214083671569824,46,0,44,0,11
1403715286.264101266860962,47,0,42,4,11
1403715286.314139604568481,49,13,47,2,11
1403715286.364142179489136,48,3,48,0,11
1403715286.414160251617432,48,0,48,0,11
1403715286.464160442352295,47,2,47,0,11
1403715286.514195919036865,47,10,44,3,11
1403715286.564215183258057,49,4,46,3,11
1403715286.614212751388550,50,6,49,1,11
1403715286.664186716079712,47,0,47,0,11
1403715286.714162349700928,44,12,42,0,11
1403715286.764152288436890,39,0,33,0,11
1403715286.814149379730225,36,0,31,1,11
1403715286.864128828048706,34,0,31,3,11
1403715286.914084672927856,46,0,33,12,11
1403715286.964082956314087,45,0,42,0,11
1403715287.014101505279541,43,0,39,0,11
1403715287.064133882522583,40,1,34,1,11
1403715287.114277362823486,47,1,27,9,11
1403715287.164386749267578,47,1,34,4,11
1403715287.214469671249390,45,3,38,6,11
1403715287.264655590057373,47,9,44,3,11
1403715287.314670801162720,47,10,44,2,11
1403715287.364668846130371,44,0,40,0,11
1403715287.414649486541748,43,1,39,0,11
1403715287.464603662490845,41,2,37,2,11
1403715287.514521598815918,42,0,38,1,11
1403715287.564465045928955,42,2,33,2,11
1403715287.614370584487915,46,1,26,4,11
1403715287.664359331130981,43,0,22,6,11
1403715287.714345932006836,39,0,22,4,11
1403715287.764365196228027,37,0,16,6,11
1403715287.814429521560669,36,0,21,7,11
1403715287.864544391632080,37,0,27,10,11
1403715287.914618492126465,47,7,35,10,11
1403715287.964646577835083,45,2,43,1,11
1403715288.014672040939331,44,0,43,0,11
1403715288.064737796783447,42,1,41,1,11
1403715288.114727735519409,42,0,42,0,11
1403715288.164726495742798,41,2,41,0,11
1403715288.214651346206665,41,1,40,0,11
1403715288.264592647552490,41,1,35,0,11
1403715288.314560890197754,40,0,38,1,11
1403715288.364505290985107,40,0,38,1,11
1403715288.414482355117798,46,0,39,6,11
1403715288.464432477951050,50,7,44,4,11
1403715288.514449357986450,50,6,47,1,11
1403715288.564379930496216,50,5,44,1,11
1403715288.614386081695557,50,0,44,1,11
1403715288.664335966110229,50,8,39,4,11
1403715288.714329957962036,50,0,43,2,11
1403715288.764299631118774,46,0,28,1,11
1403715288.814314126968384,45,0,12,1,11
1403715288.864334821701050,42,0,10,14,11
1403715288.914365053176880,36,0,16,9,11
1403715288.964397907257080,34,0,24,3,11
1403715289.014424085617065,29,0,26,1,11
1403715289.064546585083008,34,0,25,6,11
1403715289.114664077758789,40,0,26,7,11
1403715289.164756774902344,45,0,30,7,11
1403715289.214693784713745,42,0,41,1,11
1403715289.264782190322876,47,2,41,5,11
1403715289.314735889434814,47,0,46,0,11
1403715289.364716291427612,48,0,42,2,11
1403715289.414701461791992,47,0,43,0,11
1403715289.464696645736694,49,0,43,6,11
1403715289.514691352844238,48,5,47,1,11
1403715289.564695358276367,50,1,48,2,11
1403715289.614697456359863,43,6,43,0,11
1403715289.664687871932983,45,0,42,2,11
1403715289.714676618576050,48,1,44,4,11
1403715289.764634847640991,46,0,46,0,11
1403715289.814615726470947,48,0,46,2,11
1403715289.864574670791626,49,8,47,2,11
1403715289.914544582366943,50,2,48,1,11
1403715289.964524030685425,50,1,49,0,11
1403715290.014504909515381,50,0,49,1,11
1403715290.064423799514771,50,18,50,0,11
1403715290.114399433135986,50,5,50,0,11
1403715290.164417028427124,50,0,50,0,11
1403715290.214462518692017,50,5,49,0,11
1403715290.264531135559082,50,0,48,0,11
1403715290.314625263214111,50,0,47,1,11
1403715290.364670753479004,49,0,45,1,11
1403715290.414726495742798,48,0,48,0,11
1403715290.464726448059082,48,5,48,0,11
1403715290.514699459075928,48,0,48,0,11
1403715290.564660072326660,48,0,47,0,11
1403715290.614652872085571,48,1,47,0,11
1403715290.664644479751587,49,10,47,2,11
1403715290.714612960815430,48,5,48,0,11
1403715290.764600515365601,47,1,47,0,11
1403715290.814605951309204,47,2,46,1,11
1403715290.864604949951172,47,0,47,0,11
1403715290.914598941802979,48,0,47,1,11
1403715290.964596748352051,47,3,47,0,11
1403715291.014622449874878,47,0,47,0,11
1403715291.064577341079712,49,3,46,2,11
1403715291.114597320556641,48,1,47,0,11
1403715291.164646148681641,49,1,46,2,11
1403715291.214639902114868,49,3,48,0,11
1403715291.264590740203857,50,9,48,2,11
1403715291.314576387405396,48,7,48,0,11
1403715291.364568948745728,47,1,47,0,11
1403715291.414572000503540,49,1,47,2,11
1403715291.464560985565186,49,0,49,0,11
1403715291.514533996582031,48,0,48,0,11
1403715291.564556360244751,47,0,46,0,11
1403715291.614551782608032,47,0,46,0,11
1403715291.664565563201904,46,1,44,2,11
1403715291.714572191238403,43,0,43,0,11
1403715291.764565467834473,45,0,42,3,11
1403715291.814553737640381,48,0,44,3,11
1403715291.864544391632080,47,7,45,0,11
1403715291.914513587951660,49,4,45,3,11
1403715291.964474916458130,47,7,45,2,11
1403715292.014474391937256,49,0,47,2,11
1403715292.064462184906006,47,0,47,0,11
1403715292.114462137222290,47,0,47,0,11
1403715292.164468765258789,48,0,47,1,11
1403715292.214433908462524,50,4,46,2,11
1403715292.264403104782104,50,2,47,0,11
1403715292.314387798309326,49,3,47,2,11
1403715292.364361047744751,48,3,48,0,11
1403715292.414350509643555,47,0,46,0,11
1403715292.464299440383911,45,6,45,0,11
1403715292.514253616333008,48,2,45,3,11
1403715292.564152240753174,50,16,48,2,11
1403715292.614114046096802,49,1,49,0,11
1403715292.664102792739868,46,1,43,0,11
1403715292.714080572128296,46,2,43,0,11
1403715292.764048337936401,46,3,43,3,11
1403715292.814028739929199,46,2,44,0,11
1403715292.864014625549316,45,2,43,0,11
1403715292.914020061492920,49,1,43,6,11
1403715292.964029788970947,49,0,47,0,11
1403715293.014015436172485,48,0,45,0,11
1403715293.064001798629761,49,4,42,4,11
1403715293.114012479782104,49,1,46,2,11
1403715293.164016962051392,46,10,45,1,11
1403715293.214016675949097,48,4,44,4,11
1403715293.264015674591064,44,0,43,0,11
1403715293.314021825790405,44,1,42,0,11
1403715293.364023208618164,41,2,41,0,11
1403715293.413988590240479,38,2,37,0,11
1403715293.464023590087891,50,1,36,12,11
1403715293.514073610305786,48,0,46,1,11
1403715293.564119338989258,45,0,44,1,11
1403715293.614171981811523,45,0,44,0,11
1403715293.664198398590088,46,0,43,2,11
1403715293.714226245880127,48,7,44,4,11
1403715293.764215707778931,50,7,36,2,11
1403715293.814202070236206,48,5,36,1,11
1403715293.864198684692383,45,0,36,7,11
1403715293.914186716079712,48,7,40,5,11
1403715293.964167594909668,48,1,46,1,11
1403715294.014160871505737,48,0,47,1,11
1403715294.064126729965210,48,3,48,0,11
1403715294.114117145538330,48,1,48,0,11
1403715294.164119243621826,48,1,48,0,11
1403715294.214119195938110,48,0,48,0,11
1403715294.264086246490479,49,16,46,2,11
1403715294.314069509506226,48,4,45,1,11
1403715294.364060640335083,47,2,45,2,11
1403715294.414054632186890,48,0,46,2,11
1403715294.464049100875854,48,0,48,0,11
1403715294.514035224914551,48,5,46,2,11
1403715294.564016103744507,48,3,48,0,11
1403715294.614009618759155,48,1,48,0,11
1403715294.664020776748657,49,2,47,2,11
1403715294.714020013809204,49,2,49,0,11
1403715294.764010190963745,49,1,49,0,11
1403715294.813996315002441,45,2,45,0,11
1403715294.863965272903442,48,14,44,4,11
1403715294.913960456848145,48,0,46,2,11
1403715294.963945150375366,49,0,48,1,11
1403715295.013947486877441,48,3,48,0,11
1403715295.063955783843994,47,0,47,0,11
1403715295.113952636718750,49,2,46,3,11
1403715295.163958072662354,48,0,48,0,11
1403715295.213963031768799,48,1,48,0,11
1403715295.263961553573608,48,15,47,1,11
1403715295.313960790634155,48,0,48,0,11
1403715295.363967418670654,47,0,47,0,11
1403715295.413967609405518,47,0,47,0,11
1403715295.463972091674805,49,10,46,2,11
1403715295.513972520828247,48,1,47,0,11
1403715295.563967466354370,46,0,46,0,11
1403715295.613942384719849,46,0,40,0,11
1403715295.663903951644897,45,0,31,0,11
1403715295.713875293731689,41,0,33,2,11
1403715295.763849496841431,39,1,35,4,11
1403715295.813863277435303,39,1,38,1,11
1403715295.863861083984375,42,8,39,3,11
1403715295.913863420486450,41,0,41,0,11
1403715295.963869333267212,39,1,39,0,11
1403715296.013831853866577,39,0,38,0,11
1403715296.063776731491089,47,10,35,9,11
1403715296.113742351531982,45,1,38,1,11
1403715296.163734436035156,45,1,39,2,11
1403715296.213719606399536,44,2,40,3,11
1403715296.263685703277588,44,3,41,0,11
1403715296.313687086105347,41,0,39,1,11
1403715296.363686084747314,39,2,36,1,11
1403715296.413679838180542,47,1,35,9,11
1403715296.463574171066284,46,31,44,1,11
1403715296.513557672500610,43,0,42,0,11
1403715296.563507080078125,41,1,40,0,11
1403715296.613440275192261,41,0,40,1,11
1403715296.663412094116211,46,4,41,5,11
1403715296.713411569595337,46,2,46,0,11
1403715296.763411998748779,46,3,45,0,11
1403715296.813415050506592,46,1,45,0,11
1403715296.863422632217407,46,1,45,1,11
1403715296.913426399230957,46,1,46,0,11
1403715296.963427305221558,46,2,46,0,11
1403715297.013431072235107,45,0,45,0,11
1403715297.063403367996216,48,38,45,3,11
1403715297.113353967666626,49,12,47,2,11
1403715297.163318395614624,48,0,48,0,11
1403715297.213322877883911,47,0,45,0,11
1403715297.263333082199097,46,3,43,0,11
1403715297.313353776931763,46,0,43,2,11
1403715297.363377571105957,46,0,44,1,11
1403715297.413395881652832,46,0,45,0,11
1403715297.463401317596436,46,0,43,1,11
1403715297.513410091400146,44,0,43,0,11
1403715297.563416719436646,42,0,42,0,11
1403715297.613415241241455,39,1,39,0,11
1403715297.663438320159912,46,30,39,7,11
1403715297.713439941406250,49,4,45,3,11
1403715297.763443231582642,49,1,48,0,11
1403715297.813412189483643,47,1,46,0,11
1403715297.863380908966064,48,5,46,1,11
1403715297.913352012634277,45,2,44,0,11
1403715297.963333845138550,44,0,42,0,11
1403715298.013325929641724,41,3,39,1,11
1403715298.063325643539429,41,2,40,0,11
1403715298.113330125808716,38,2,38,0,11
1403715298.163352727890015,46,2,37,8,11
1403715298.213349580764771,44,0,42,0,11
1403715298.263315677642822,45,20,38,5,11
1403715298.313297748565674,47,3,42,3,11
1403715298.363292455673218,45,0,43,0,11
1403715298.413279294967651,44,0,42,0,11
1403715298.463275194168091,46,2,42,3,11
1403715298.513275623321533,44,0,44,0,11
1403715298.563262939453125,49,4,43,5,11
1403715298.613250732421875,49,0,48,0,11
1403715298.663233995437622,48,0,48,0,11
1403715298.713211536407471,47,2,46,0,11
1403715298.763194799423218,47,12,46,0,11
1403715298.813188791275024,47,0,46,1,11
1403715298.863147974014282,48,18,47,1,11
1403715298.913150548934937,49,0,48,1,11
1403715298.963160276412964,48,0,47,1,11
1403715299.013159513473511,49,0,47,1,11
1403715299.063142061233521,49,1,46,0,11
1403715299.113119602203369,49,0,46,1,11
1403715299.163089752197266,48,4,47,1,11
1403715299.213073730468750,48,0,48,0,11
1403715299.263062953948975,49,0,45,1,11
1403715299.313055038452148,48,0,42,0,11
1403715299.363017797470093,43,11,37,2,11
1403715299.413023948669434,41,0,38,2,11
1403715299.463036537170410,48,9,37,8,11
1403715299.513033628463745,46,1,42,0,11
1403715299.563035249710083,43,1,40,0,11
1403715299.613047361373901,44,14,39,4,11
1403715299.663049697875977,41,1,40,1,11
1403715299.713050127029419,42,1,41,1,11
1403715299.763041973114014,45,2,38,4,11
1403715299.813037157058716,43,1,40,0,11
1403715299.863025426864624,41,0,40,0,11
1403715299.913016557693481,40,0,37,0,11
1403715299.962987661361694,43,3,32,3,11
1403715300.012996196746826,36,1,26,0,11
1403715300.062990665435791,39,2,20,8,11
1403715300.112987518310547,37,0,17,5,11
1403715300.163004398345947,39,4,16,10,11
1403715300.213001966476440,48,0,23,19,11
1403715300.263004064559937,47,0,39,2,11
1403715300.313000440597534,47,0,37,3,11
1403715300.362988948822021,47,2,39,3,11
1403715300.412986278533936,50,2,42,7,11
1403715300.462978124618530,50,1,48,0,11
1403715300.512999773025513,48,10,48,0,11
1403715300.562989234924316,49,1,48,1,11
1403715300.612986803054810,49,0,48,1,11
1403715300.662987709045410,49,1,49,0,11
1403715300.712987184524536,49,0,49,0,11
1403715300.762968540191650,50,17,48,1,11
1403715300.812958240509033,50,1,48,0,11
1403715300.862950801849365,49,0,47,0,11
1403715300.912949562072754,49,0,47,1,11
1403715300.962947368621826,49,1,47,1,11
1403715301.012938499450684,49,1,48,0,11
1403715301.062938451766968,49,0,48,1,11
1403715301.112926244735718,50,9,48,1,11
1403715301.162925004959106,49,1,48,0,11
1403715301.212924480438232,49,1,48,1,11
1403715301.262923717498779,49,0,49,0,11
1403715301.312921524047852,49,10,48,1,11
1403715301.362891674041748,50,11,49,1,11
1403715301.412882089614868,50,1,50,0,11
1403715301.462844371795654,50,0,50,0,11
1403715301.512825965881348,50,0,50,0,11
1403715301.562817335128784,50,0,50,0,11
1403715301.612813234329224,49,8,48,0,11
1403715301.662802934646606,49,3,48,0,11
1403715301.712779521942139,50,5,48,2,11
1403715301.762767076492310,50,1,50,0,11
1403715301.812761545181274,50,0,50,0,11
1403715301.862735748291016,50,12,50,0,11
1403715301.912720203399658,50,4,50,0,11
1403715301.962713718414307,50,10,50,0,11
1403715302.012704372406006,50,1,48,0,11
1403715302.062705516815186,50,1,48,0,11
1403715302.112725496292114,50,0,48,2,11
1403715302.162727355957031,50,0,50,0,11
1403715302.212730646133423,50,1,49,0,11
1403715302.262732267379761,50,0,49,0,11
1403715302.312731266021729,50,5,48,0,11
1403715302.362726449966431,50,0,48,1,11
1403715302.412716865539551,49,1,49,0,11
1403715302.462711334228516,50,10,49,1,11
1403715302.512708902359009,50,5,50,0,11
1403715302.562704801559448,50,11,49,0,11
1403715302.612714052200317,50,1,49,0,11
1403715302.662719011306763,49,0,49,0,11
1403715302.712728500366211,48,1,48,0,11
1403715302.762735128402710,48,0,48,0,11
1403715302.812736272811890,48,0,48,0,11
1403715302.862734317779541,48,2,47,0,11
1403715302.912729740142822,50,4,46,2,11
1403715302.962727546691895,50,0,48,1,11
1403715303.012721538543701,50,0,48,1,11
1403715303.062718629837036,48,10,46,0,11
1403715303.112718343734741,50,3,46,3,11
1403715303.162719249725342,50,8,49,1,11
1403715303.212704896926880,50,1,49,0,11
1403715303.262706279754639,50,29,46,0,11
1403715303.312707424163818,49,1,45,0,11
1403715303.362706422805786,46,1,43,0,11
1403715303.412713766098022,46,0,42,1,11
1403715303.462723970413208,45,1,40,1,11
1403715303.512740135192871,45,3,40,2,11
1403715303.562749385833740,43,2,41,1,11
1403715303.612756729125977,40,1,38,0,11
1403715303.662760496139526,41,4,31,6,11
1403715303.712754011154175,41,2,36,3,11
1403715303.762753009796143,46,4,37,8,11
1403715303.812747716903687,45,2,44,0,11
1403715303.862745285034180,46,8,40,5,11
1403715303.912732839584351,43,1,40,0,11
1403715303.962728977203369,40,0,37,1,11
1403715304.012724876403809,38,0,36,1,11
1403715304.062726259231567,36,0,34,1,11
1403715304.112731695175171,47,3,35,11,11
1403715304.162737131118774,47,35,44,2,11
1403715304.212731599807739,49,4,46,2,11
1403715304.262732744216919,49,0,48,1,11
1403715304.312732696533203,49,0,48,0,11
1403715304.362729549407959,50,0,48,1,11
1403715304.412728071212769,50,0,47,1,11
1403715304.462722063064575,50,4,48,0,11
1403715304.512713909149170,47,0,45,0,11
1403715304.562707901000977,48,0,43,1,11
1403715304.612705469131470,47,0,43,1,11
1403715304.662702560424805,47,0,43,2,11
1403715304.712696552276611,47,2,45,1,11
1403715304.762685060501099,46,31,46,0,11
1403715304.812685251235962,49,0,44,3,11
1403715304.862690687179565,49,0,46,0,11
1403715304.912693738937378,48,0,45,1,11
1403715304.962696552276611,48,0,46,1,11
1403715305.012698888778687,47,0,47,0,11
1403715305.062701702117920,50,1,47,3,11
1403715305.112704038619995,50,0,50,0,11
1403715305.162699699401855,50,0,49,0,11
1403715305.212695837020874,50,0,49,0,11
1403715305.262690067291260,49,0,49,0,11
1403715305.312690973281860,49,1,49,0,11
1403715305.362672805786133,49,31,49,0,11
1403715305.412673950195312,49,0,49,0,11
1403715305.462671756744385,49,0,48,0,11
1403715305.512671709060669,49,0,48,0,11
1403715305.562670230865479,49,0,48,1,11
1403715305.612668991088867,49,0,48,0,11
1403715305.662668466567993,50,0,48,1,11
1403715305.712667942047119,49,0,47,0,11
1403715305.762668609619141,49,0,47,0,11
1403715305.812667608261108,49,1,47,2,11
1403715305.862664699554443,48,0,48,0,11
1403715305.912662982940674,49,2,47,2,11
1403715305.962656497955322,50,37,49,1,11
1403715306.012654066085815,50,2,50,0,11
1403715306.062651395797729,50,1,50,0,11
1403715306.112650632858276,50,1,50,0,11
1403715306.162650346755981,50,0,50,0,11
1403715306.212651014328003,49,2,49,0,11
1403715306.262650012969971,49,0,49,0,11
1403715306.312638998031616,49,26,49,0,11
1403715306.362633943557739,49,0,48,1,11
1403715306.412623643875122,49,1,49,0,11
1403715306.462607383728027,45,1,45,0,11
1403715306.512594223022461,46,2,43,2,11
1403715306.562571525573730,48,33,45,2,11
1403715306.612564086914062,46,1,43,0,11
1403715306.662552356719971,45,0,39,0,11
1403715306.712539672851562,43,2,35,3,11
1403715306.762534856796265,39,0,27,1,11
1403715306.812536478042603,38,1,18,4,11
1403715306.862531185150146,32,5,22,4,11
1403715306.912516117095947,36,5,22,10,11
1403715306.962515592575073,35,2,33,0,11
1403715307.012515783309937,32,1,31,1,11
1403715307.062518119812012,27,3,26,1,11
1403715307.112516164779663,27,0,27,0,11
1403715307.162522077560425,46,0,27,19,11
1403715307.212521791458130,45,1,44,1,11
1403715307.262510299682617,50,23,45,5,11
1403715307.312522172927856,50,0,46,0,11
1403715307.362526893615723,50,3,45,0,11
1403715307.412528514862061,45,1,42,1,11
1403715307.462532997131348,47,1,43,3,11
1403715307.512532711029053,46,4,42,2,11
1403715307.562531471252441,42,2,41,0,11
1403715307.612525224685669,43,4,40,2,11
1403715307.662526845932007,49,6,40,7,11
1403715307.712530136108398,45,1,42,0,11
1403715307.762528181076050,39,3,39,0,11
1403715307.812525510787964,38,3,38,0,11
1403715307.862524032592773,42,2,33,9,11
1403715307.912523031234741,40,4,39,0,11
1403715307.962513685226440,48,12,39,8,11
1403715308.012516021728516,49,1,44,3,11
1403715308.062514543533325,49,0,47,0,11
1403715308.112516641616821,47,2,46,1,11
1403715308.162516832351685,47,1,46,0,11
1403715308.212512969970703,48,1,43,1,11
1403715308.262507200241089,49,4,37,2,11
1403715308.312505483627319,48,17,40,3,11
1403715308.362507104873657,46,0,42,3,11
1403715308.412505865097046,42,0,38,1,11
1403715308.462496519088745,40,0,37,0,11
1403715308.512493848800659,37,1,35,0,11
1403715308.562482833862305,44,1,33,10,11
1403715308.612480878829956,44,0,43,1,11
1403715308.662482500076294,44,0,44,0,11
1403715308.712494134902954,49,22,44,5,11
1403715308.762501001358032,49,0,49,0,11
1403715308.812508344650269,49,0,49,0,11
1403715308.862512826919556,49,1,49,0,11
1403715308.912520885467529,50,10,49,1,11
1403715308.962520599365234,49,0,49,0,11
1403715309.012521982192993,48,0,48,0,11
1403715309.062520503997803,48,0,48,0,11
1403715309.112520694732666,49,0,48,1,11
1403715309.162519454956055,50,0,49,1,11
1403715309.212519884109497,50,0,50,0,11
1403715309.262523651123047,50,1,49,0,11
1403715309.312531709671021,49,18,47,0,11
1403715309.362531661987305,48,3,47,0,11
1403715309.412538528442383,48,1,47,1,11
1403715309.462540388107300,50,1,48,2,11
1403715309.512558221817017,50,13,50,0,11
1403715309.562558174133301,50,7,50,0,11
1403715309.612550735473633,50,0,49,0,11
1403715309.662545919418335,50,0,48,0,11
1403715309.712538003921509,49,0,47,1,11
1403715309.762529373168945,49,0,48,1,11
1403715309.812523126602173,50,0,48,1,11
1403715309.862517595291138,50,0,49,0,11
1403715309.912515163421631,50,24,49,1,11
1403715309.962508916854858,50,1,50,0,11
1403715310.012504816055298,50,1,50,0,11
1403715310.062503814697266,50,1,50,0,11
1403715310.112505674362183,50,12,49,0,11
1403715310.162507057189941,50,4,49,0,11
1403715310.212508916854858,47,0,44,1,11
1403715310.262509346008301,45,0,43,0,11
1403715310.312508583068848,43,1,42,1,11
1403715310.362509965896606,43,0,41,0,11
1403715310.412504434585571,43,1,41,0,11
1403715310.462495326995850,41,2,40,0,11
1403715310.512472867965698,49,15,39,9,11
1403715310.562461137771606,48,1,46,0,11
1403715310.612454414367676,46,1,45,0,11
1403715310.662449598312378,44,1,43,0,11
1403715310.712440729141235,46,11,40,4,11
1403715310.762443065643311,48,1,43,4,11
1403715310.812450408935547,47,0,47,0,11
1403715310.862458944320679,47,0,46,0,11
1403715310.912460803985596,48,0,47,1,11
1403715310.962461948394775,48,1,48,0,11
1403715311.012464284896851,50,10,46,2,11
1403715311.062465906143188,50,0,47,0,11
1403715311.112472772598267,48,14,47,0,11
1403715311.162472486495972,48,0,47,1,11
1403715311.212472915649414,47,0,46,0,11
1403715311.262473106384277,47,0,46,0,11
1403715311.312476634979248,49,9,46,3,11
1403715311.362481355667114,49,0,48,0,11
1403715311.412485122680664,49,0,48,0,11
1403715311.462484836578369,48,4,46,1,11
1403715311.512487411499023,47,2,45,0,11
1403715311.562486886978149,46,1,45,1,11
1403715311.612480401992798,47,9,45,1,11
1403715311.662479400634766,46,2,44,0,11
1403715311.712479114532471,48,13,44,4,11
1403715311.762478828430176,48,9,40,2,11
1403715311.812482357025146,48,0,40,0,11
1403715311.862485647201538,44,0,27,1,11
1403715311.912486314773560,46,5,27,9,11
1403715311.962471008300781,44,19,36,8,11
1403715312.012470722198486,43,0,42,0,11
1403715312.062469720840454,43,2,40,0,11
1403715312.112467765808105,43,0,39,1,11
1403715312.162470817565918,42,1,37,4,11
1403715312.212474107742310,48,5,39,7,11
1403715312.262475252151489,46,3,42,1,11
1403715312.312479734420776,47,12,40,3,11
1403715312.362482309341431,48,5,41,6,11
1403715312.412483215332031,47,3,46,1,11
1403715312.462484359741211,50,3,46,3,11
1403715312.512486696243286,49,6,47,0,11
1403715312.562488317489624,49,13,47,1,11
1403715312.612490653991699,48,0,47,1,11
1403715312.662491083145142,43,3,41,0,11
1403715312.712491989135742,41,2,39,0,11
1403715312.762490987777710,45,2,34,9,11
1403715312.812492132186890,48,1,42,3,11
1403715312.862491846084595,45,1,44,0,11
1403715312.912491083145142,49,3,44,5,11
1403715312.962489366531372,49,6,48,1,11
1403715313.012488603591919,49,1,47,0,11
1403715313.062489032745361,50,5,47,1,11
1403715313.112487792968750,47,6,44,1,11
1403715313.162483453750610,48,4,42,2,11
1403715313.212482452392578,49,6,43,4,11
1403715313.262480258941650,46,0,41,2,11
1403715313.312478780746460,47,0,43,1,11
1403715313.362478017807007,46,2,44,2,11
1403715313.412478923797607,50,0,46,4,11
1403715313.462478876113892,50,1,49,0,11
1403715313.512474298477173,50,1,47,0,11
1403715313.562471628189087,50,2,44,1,11
1403715313.612467050552368,50,0,44,2,11
1403715313.662445068359375,48,13,46,2,11
1403715313.712445020675659,48,3,48,0,11
1403715313.762435436248779,50,2,46,2,11
1403715313.812437534332275,50,3,47,0,11
1403715313.862440347671509,49,7,42,1,11
1403715313.912441968917847,48,0,43,0,11
1403715313.962450027465820,47,0,43,4,11
1403715314.012459516525269,47,1,47,0,11
1403715314.062466621398926,48,0,47,1,11
1403715314.112466335296631,49,0,47,1,11
1403715314.162466764450073,49,0,47,0,11
1403715314.212468147277832,41,0,39,1,11
1403715314.262472867965698,44,6,38,6,11
1403715314.312474012374878,46,0,42,2,11
1403715314.362472772598267,44,0,38,1,11
1403715314.412471055984497,45,1,39,3,11
1403715314.462465286254883,44,2,42,2,11
1403715314.512460231781006,44,0,44,0,11
1403715314.562457084655762,41,0,40,0,11
1403715314.612454175949097,41,1,40,0,11
1403715314.662454843521118,40,1,40,0,11
1403715314.712446689605713,45,5,40,5,11
1403715314.762447595596313,49,0,45,4,11
1403715314.812450647354126,49,0,49,0,11
1403715314.862451314926147,48,7,48,0,11
1403715314.912449598312378,49,4,48,1,11
1403715314.962452173233032,50,6,49,1,11
1403715315.012450933456421,50,3,50,0,11
1403715315.062453269958496,50,9,50,0,11
1403715315.112450599670410,50,1,50,0,11
1403715315.162451744079590,49,1,49,0,11
1403715315.212451934814453,48,0,48,0,11
1403715315.262452602386475,50,3,46,2,11
1403715315.312452316284180,50,8,48,0,11
1403715315.362453699111938,49,1,44,1,11
1403715315.412456512451172,48,0,45,0,11
1403715315.462458848953247,47,6,45,2,11
1403715315.512462854385376,48,3,46,1,11
1403715315.562469005584717,50,4,47,2,11
1403715315.612466812133789,49,2,47,0,11
1403715315.662468671798706,49,8,46,0,11
1403715315.712471723556519,49,3,40,2,11
1403715315.762474536895752,47,1,41,0,11
1403715315.812477827072144,43,1,36,2,11
1403715315.862483739852905,43,1,31,2,11
1403715315.912488222122192,46,1,36,7,11
1403715315.962489366531372,46,1,44,2,11
1403715316.012485980987549,45,0,43,1,11
1403715316.062485694885254,47,5,42,4,11
1403715316.112484931945801,47,1,46,1,11
1403715316.162478923797607,49,4,46,3,11
1403715316.212476491928101,48,1,47,0,11
1403715316.262472152709961,46,10,41,1,11
1403715316.312469005584717,46,1,43,2,11
1403715316.362465858459473,43,0,41,1,11
1403715316.412466764450073,48,0,40,6,11
1403715316.462478637695312,46,1,44,0,11
1403715316.512501478195190,44,4,40,2,11
1403715316.562515735626221,43,2,42,0,11
1403715316.612524747848511,43,0,42,0,11
1403715316.662533283233643,44,0,41,3,11
1403715316.712534427642822,45,0,42,2,11
1403715316.762535095214844,45,0,43,1,11
1403715316.812533855438232,48,10,44,4,11
1403715316.862536668777466,48,7,48,0,11
1403715316.912539482116699,49,8,47,1,11
1403715316.962543249130249,50,7,48,2,11
1403715317.012545585632324,50,1,50,0,11
1403715317.062541484832764,49,6,49,0,11
1403715317.112524986267090,49,4,48,1,11
1403715317.162515878677368,48,0,46,0,11
1403715317.212516069412231,48,1,44,1,11
1403715317.262508392333984,47,0,45,0,11
1403715317.312512636184692,45,0,36,1,11
1403715317.362522602081299,44,0,36,0,11
1403715317.412528753280640,46,5,37,9,11
1403715317.462537765502930,50,15,45,4,11
1403715317.512541770935059,50,7,48,0,11
1403715317.562545299530029,50,7,48,1,11
1403715317.612543582916260,48,1,48,0,11
1403715317.662543773651123,48,1,46,2,11
1403715317.712543725967407,48,2,45,2,11
1403715317.762542724609375,47,0,46,0,11
1403715317.812543392181396,47,0,46,1,11
1403715317.862545013427734,46,0,46,0,11
1403715317.912545204162598,45,1,45,0,11
1403715317.962546110153198,47,8,41,5,11
1403715318.012539863586426,47,7,42,2,11
1403715318.062538623809814,47,10,44,2,11
1403715318.112538814544678,50,3,46,4,11
1403715318.162539958953857,49,6,49,0,11
1403715318.212538957595825,48,0,48,0,11
1403715318.262540578842163,48,0,48,0,11
1403715318.312535762786865,49,0,34,1,11
1403715318.362538576126099,49,0,11,1,11
1403715318.412538766860962,46,0,7,13,11
1403715318.462539434432983,38,1,15,13,11
1403715318.512537717819214,39,3,24,8,11
1403715318.562529802322388,41,0,26,7,11
1403715318.612530231475830,44,0,23,5,11
1403715318.662525892257690,43,1,25,6,11
1403715318.712524652481079,41,1,28,9,11
1403715318.762532949447632,46,1,31,7,11
1403715318.812544584274292,45,0,42,2,11
1403715318.862552404403687,44,0,43,0,11
1403715318.912555694580078,44,0,43,0,11
1403715318.962553501129150,43,0,43,0,11
1403715319.012552261352539,45,1,41,2,11
1403715319.062548875808716,49,1,42,5,11
1403715319.112554311752319,48,25,46,1,11
1403715319.162557363510132,48,3,46,2,11
1403715319.212567567825317,47,25,45,2,11
1403715319.262574911117554,47,0,46,1,11
1403715319.312587261199951,47,0,47,0,11
1403715319.362600564956665,47,1,47,0,11
1403715319.412600278854370,46,2,46,0,11
1403715319.462599754333496,46,4,46,0,11
1403715319.512594461441040,44,3,42,0,11
1403715319.562589406967163,41,2,38,0,11
1403715319.612584590911865,38,1,37,0,11
1403715319.662577152252197,35,0,35,0,11
1403715319.712568998336792,49,6,33,14,11
1403715319.762564659118652,49,11,45,0,11
1403715319.812554359436035,49,20,44,2,11
1403715319.862550258636475,48,0,45,2,11
1403715319.912546873092651,48,0,35,1,11
1403715319.962549448013306,48,0,28,1,11
1403715320.012548446655273,44,4,13,10,11
1403715320.062546968460083,41,1,14,6,11
1403715320.112549781799316,38,1,9,10,11
1403715320.162549018859863,35,3,19,5,11
1403715320.212546110153198,34,1,21,10,11
1403715320.262540102005005,34,0,24,0,11
1403715320.312532663345337,34,1,12,4,11
1403715320.362532377243042,32,2,10,6,11
1403715320.412531614303589,33,2,13,11,11
1403715320.462536811828613,32,1,14,5,11
1403715320.512537479400635,28,3,6,3,11
1403715320.562539339065552,25,1,6,6,11
1403715320.612539052963257,24,1,7,9,11
1403715320.662540674209595,23,0,7,2,11
1403715320.712543487548828,23,2,3,5,11
1403715320.762543678283691,22,0,5,8,11
1403715320.812545299530029,20,0,10,6,11
1403715320.862551450729370,20,1,12,3,11
1403715320.912554025650024,20,0,8,1,11
1403715320.962554454803467,20,0,2,4,11
1403715321.012554407119751,20,1,3,7,11
1403715321.062553882598877,20,0,6,7,11
1403715321.112553358078003,20,0,10,3,11
1403715321.162552833557129,19,0,12,3,11
1403715321.212551593780518,19,0,11,3,11
1403715321.262549400329590,19,0,14,1,11
1403715321.312547683715820,19,0,14,4,11
1403715321.362547636032104,19,0,18,0,11
1403715321.412548542022705,21,1,18,3,11
1403715321.462548017501831,21,0,20,0,11
1403715321.512545824050903,21,0,19,0,11
1403715321.562542200088501,26,0,19,6,11
1403715321.612534284591675,41,0,25,16,11
1403715321.662552595138550,41,1,40,0,11
1403715321.712555646896362,41,0,40,0,11
1403715321.762562036514282,40,1,37,2,11
1403715321.812566518783569,49,6,36,10,11
1403715321.862567663192749,49,1,46,1,11
1403715321.912561655044556,48,0,41,1,11
1403715321.962558746337891,47,3,42,0,11
1403715322.012569189071655,50,29,42,7,11
1403715322.062578678131104,48,11,47,0,11
1403715322.112590551376343,50,0,44,2,11
1403715322.162592649459839,48,0,39,1,11
1403715322.212586402893066,48,0,34,3,11
1403715322.262578964233398,48,2,37,5,11
1403715322.312570571899414,48,2,40,5,11
1403715322.362562417984009,45,1,40,1,11
1403715322.412553071975708,48,3,38,5,11
1403715322.462546825408936,46,2,41,2,11
1403715322.512539863586426,43,1,40,2,11
1403715322.562532186508179,40,2,40,0,11
1403715322.612518787384033,50,9,40,10,11
1403715322.662508487701416,50,12,49,0,11
1403715322.712508916854858,49,0,46,0,11
1403715322.762509107589722,45,4,40,1,11
1403715322.812509775161743,44,0,38,1,11
1403715322.862511873245239,43,1,39,2,11
1403715322.912513017654419,41,3,40,1,11
1403715322.962513208389282,49,14,40,8,11
1403715323.012513637542725,48,0,46,0,11
1403715323.062514781951904,46,0,44,0,11
1403715323.112513303756714,44,1,44,0,11
1403715323.162510156631470,42,2,42,0,11
1403715323.212504386901855,44,3,41,3,11
1403715323.262503385543823,48,25,41,6,11
1403715323.312500000000000,47,2,45,0,11
1403715323.362498998641968,44,0,42,1,11
1403715323.412496566772461,41,2,41,0,11
1403715323.462496280670166,40,2,40,0,11
1403715323.512497186660767,40,2,40,0,11
1403715323.562490701675415,49,2,39,10,11
1403715323.612476587295532,47,2,47,0,11
1403715323.662461996078491,44,3,44,0,11
1403715323.712449789047241,43,5,39,0,11
1403715323.762443304061890,40,1,27,0,11
1403715323.812444925308228,44,8,30,9,11
1403715323.862448215484619,47,12,35,9,11
1403715323.912446975708008,45,0,43,0,11
1403715323.962444067001343,41,1,39,0,11
1403715324.012443065643311,39,0,35,1,11
1403715324.062443494796753,37,0,35,0,11
1403715324.112432003021240,37,0,35,2,11
1403715324.162418603897095,36,1,36,0,11
1403715324.212415218353271,36,0,36,0,11
1403715324.262416362762451,42,0,36,6,11
1403715324.312426805496216,46,0,42,4,11
1403715324.362432003021240,46,0,45,0,11
1403715324.412441730499268,49,12,46,3,11
1403715324.462455511093140,50,9,49,1,11
1403715324.512470006942749,49,2,49,0,11
1403715324.562494754791260,50,7,49,1,11
1403715324.612516641616821,50,7,49,0,11
1403715324.662538528442383,50,0,49,0,11
1403715324.712556362152100,50,0,48,1,11
1403715324.762568235397339,50,0,42,0,11
1403715324.812572479248047,47,0,38,1,11
1403715324.862579345703125,47,0,38,2,11
1403715324.912588596343994,49,0,38,8,11
1403715324.962595939636230,49,0,46,2,11
1403715325.012609243392944,48,13,47,1,11
1403715325.062608957290649,50,3,48,2,11
1403715325.112608671188354,50,0,49,0,11
1403715325.162606000900269,50,6,49,0,11
1403715325.212593793869019,49,15,48,0,11
1403715325.262593030929565,49,0,48,0,11
1403715325.312590599060059,49,0,48,1,11
1403715325.362590551376343,49,0,49,0,11
1403715325.412589073181152,50,2,49,1,11
1403715325.462588787078857,50,1,50,0,11
1403715325.512588024139404,50,0,50,0,11
1403715325.562583923339844,50,0,49,0,11
1403715325.612574338912964,50,12,48,0,11
1403715325.662569046020508,50,2,46,1,11
1403715325.712565660476685,50,0,47,2,11
1403715325.762558937072754,49,7,49,0,11
1403715325.812551021575928,50,13,49,1,11
1403715325.862549781799316,50,0,49,0,11
1403715325.912549734115601,50,0,48,0,11
1403715325.962548732757568,49,0,47,1,11
1403715326.012549400329590,50,1,48,1,11
1403715326.062549591064453,49,1,46,1,11
1403715326.112550497055054,49,1,46,0,11
1403715326.162549972534180,48,1,45,1,11
1403715326.212555408477783,48,14,45,1,11
1403715326.262559175491333,50,3,45,3,11
1403715326.312566757202148,50,0,45,1,11
1403715326.362576723098755,49,10,47,1,11
1403715326.412578582763672,49,16,48,1,11
1403715326.462578058242798,49,0,47,0,11
1403715326.512579441070557,49,0,45,0,11
1403715326.562584638595581,50,14,45,3,11
1403715326.612591266632080,50,1,47,2,11
1403715326.662597894668579,50,1,49,0,11
1403715326.712609291076660,50,0,43,1,11
1403715326.762623786926270,50,1,41,0,11
1403715326.812649488449097,49,13,41,6,11
1403715326.862657546997070,50,2,46,3,11
1403715326.912657022476196,49,0,48,0,11
1403715326.962660551071167,50,9,47,2,11
1403715327.012662410736084,50,15,49,0,11
1403715327.062663078308105,50,0,49,1,11
1403715327.112663745880127,50,0,50,0,11
1403715327.162667274475098,50,13,50,0,11
1403715327.212668657302856,50,1,49,0,11
1403715327.262668132781982,50,1,49,0,11
1403715327.312667608261108,49,0,48,0,11
1403715327.362665891647339,50,1,48,1,11
1403715327.412666559219360,49,10,47,1,11
1403715327.462667226791382,50,1,48,1,11
1403715327.512666463851929,50,0,49,1,11
1403715327.562666893005371,50,9,50,0,11
1403715327.612668275833130,49,13,48,0,11
1403715327.662669658660889,49,0,48,0,11
1403715327.712674140930176,48,0,48,0,11
1403715327.762676239013672,49,12,46,2,11
1403715327.812676429748535,50,0,48,1,11
1403715327.862679004669189,50,3,49,1,11
1403715327.912678241729736,49,0,49,0,11
1403715327.962675094604492,48,0,46,0,11
1403715328.012670040130615,47,10,45,0,11
1403715328.062666893005371,47,1,43,2,11
1403715328.112660884857178,47,1,45,1,11
1403715328.162657499313354,50,6,46,4,11
1403715328.212652921676636,50,10,49,0,11
1403715328.262652158737183,50,1,48,0,11
1403715328.312653303146362,49,31,48,0,11
1403715328.362657546997070,50,10,47,2,11
1403715328.412658929824829,50,0,48,0,11
1403715328.462663650512695,50,1,48,1,11
1403715328.512663125991821,50,0,49,1,11
1403715328.562660694122314,50,0,48,0,11
1403715328.612655162811279,50,8,47,0,11
1403715328.662650585174561,50,0,46,2,11
1403715328.712641954421997,49,0,47,0,11
1403715328.762632608413696,50,3,47,2,11
1403715328.812618732452393,49,9,49,0,11
1403715328.862609148025513,49,1,49,0,11
1403715328.912599563598633,50,31,49,1,11
1403715328.962594270706177,49,10,49,0,11
1403715329.012592554092407,49,0,49,0,11
1403715329.062590599060059,48,0,45,0,11
1403715329.112587690353394,48,0,42,0,11
1403715329.162584543228149,46,0,38,2,11
1403715329.212578773498535,45,6,41,2,11
1403715329.262576103210449,43,1,42,1,11
1403715329.312572002410889,43,1,43,0,11
1403715329.362569808959961,42,0,42,0,11
1403715329.412561416625977,48,1,42,6,11
1403715329.462554931640625,48,1,48,0,11
1403715329.512534141540527,48,20,46,1,11
1403715329.562533855438232,50,6,47,2,11
1403715329.612537622451782,49,0,47,1,11
1403715329.662539958953857,49,1,48,0,11
1403715329.712544918060303,49,0,47,0,11
1403715329.762547492980957,48,0,46,1,11
1403715329.812544822692871,47,5,47,0,11
1403715329.862545013427734,47,0,47,0,11
1403715329.912542343139648,48,0,46,1,11
1403715329.962541580200195,50,1,46,2,11
1403715330.012540102005005,50,2,48,1,11
1403715330.062539815902710,49,21,49,0,11
1403715330.112537622451782,49,21,49,0,11
1403715330.162538528442383,50,6,48,1,11
1403715330.212537765502930,49,0,48,1,11
1403715330.262537956237793,49,2,49,0,11
1403715330.312538862228394,49,0,49,0,11
1403715330.362538099288940,50,1,48,1,11
1403715330.412535429000854,50,7,49,0,11
1403715330.462527036666870,50,1,49,1,11
1403715330.512521028518677,50,0,50,0,11
1403715330.562520265579224,50,1,50,0,11
1403715330.612515211105347,50,1,50,0,11
1403715330.662509441375732,50,13,50,0,11
1403715330.712496757507324,50,35,50,0,11
1403715330.762497663497925,50,8,50,0,11
1403715330.812498807907104,50,0,50,0,11
1403715330.862499237060547,50,0,50,0,11
1403715330.912499666213989,50,0,49,0,11
1403715330.962499856948853,50,0,49,0,11
1403715331.012501716613770,50,5,49,1,11
1403715331.062503099441528,50,1,49,0,11
1403715331.112500905990601,49,1,49,0,11
1403715331.162499427795410,50,0,49,1,11
1403715331.212495803833008,50,3,49,0,11
1403715331.262491464614868,50,23,48,0,11
1403715331.312464952468872,50,35,47,1,11
1403715331.362459659576416,50,16,48,1,11
1403715331.412455558776855,49,0,49,0,11
1403715331.462452411651611,48,0,47,0,11
1403715331.512449741363525,48,0,45,0,11
1403715331.562448263168335,48,0,45,1,11
1403715331.612447023391724,49,6,46,3,11
1403715331.662445068359375,49,0,47,0,11
1403715331.712444782257080,49,4,46,0,11
1403715331.762445211410522,48,0,45,1,11
1403715331.812448024749756,49,1,46,2,11
1403715331.862450599670410,49,18,48,1,11
1403715331.912457704544067,50,27,47,1,11
1403715331.962464809417725,50,15,48,0,11
1403715332.012469768524170,50,1,48,2,11
1403715332.062475919723511,50,0,50,0,11
1403715332.112476587295532,50,0,50,0,11
1403715332.162475585937500,50,1,50,0,11
1403715332.212476015090942,50,6,50,0,11
1403715332.262478351593018,50,0,49,0,11
1403715332.312482118606567,49,0,48,0,11
1403715332.362485408782959,50,1,48,2,11
1403715332.412487030029297,49,2,48,0,11
1403715332.462489128112793,50,14,48,1,11
1403715332.512489080429077,50,23,49,1,11
1403715332.562494516372681,50,15,50,0,11
1403715332.612496376037598,50,1,50,0,11
1403715332.662496089935303,50,0,50,0,11
1403715332.712489604949951,50,1,49,0,11
1403715332.762493848800659,50,0,45,0,11
1403715332.812493324279785,50,8,45,1,11
1403715332.862485408782959,48,0,44,2,11
1403715332.912467956542969,48,3,45,0,11
1403715332.962458848953247,47,3,37,1,11
1403715333.012442827224731,47,2,27,2,11
1403715333.062445640563965,47,9,28,8,11
1403715333.112450599670410,48,17,37,10,11
1403715333.162463903427124,48,10,45,3,11
1403715333.212472200393677,49,2,48,1,11
1403715333.262478351593018,49,1,49,0,11
1403715333.312485694885254,49,1,49,0,11
1403715333.362489938735962,49,1,49,0,11
1403715333.412501335144043,49,6,49,0,11
1403715333.462503433227539,50,3,47,1,11
1403715333.512504816055298,50,3,49,0,11
1403715333.562515497207642,49,37,48,1,11
1403715333.612515926361084,49,0,47,0,11
1403715333.662516593933105,48,5,42,1,11
1403715333.712516546249390,46,14,39,3,11
1403715333.762519598007202,49,6,42,4,11
1403715333.812521934509277,48,2,45,1,11
1403715333.862527847290039,45,0,44,0,11
1403715333.912532806396484,44,4,43,0,11
1403715333.962542057037354,44,3,43,0,11
1403715334.012549638748169,45,0,40,2,11
1403715334.062557220458984,45,3,40,0,11
1403715334.112563848495483,42,0,40,0,11
1403715334.162570953369141,50,17,40,10,11
1403715334.212571144104004,50,0,50,0,11
1403715334.262570381164551,50,5,49,0,11
1403715334.312575578689575,49,15,47,1,11
1403715334.362575292587280,50,2,47,1,11
1403715334.412576675415039,50,18,47,1,11
1403715334.462576627731323,49,1,45,0,11
1403715334.512576341629028,47,1,43,0,11
1403715334.562576532363892,47,0,43,3,11
1403715334.612577438354492,45,0,43,1,11
1403715334.662574052810669,45,4,44,0,11
1403715334.712573289871216,46,3,44,2,11
1403715334.762573242187500,50,11,45,4,11
1403715334.812573432922363,50,0,49,0,11
1403715334.862573862075806,50,5,48,0,11
1403715334.912573575973511,50,11,48,1,11
1403715334.962574958801270,50,3,44,1,11
1403715335.012575387954712,48,14,42,1,11
1403715335.062576055526733,45,0,42,2,11
1403715335.112575054168701,44,0,44,0,11
1403715335.162575721740723,43,2,43,0,11
1403715335.212575197219849,48,11,41,6,11
1403715335.262574195861816,47,4,45,0,11
1403715335.312574386596680,44,1,41,0,11
1403715335.362572431564331,47,4,39,6,11
1403715335.412571430206299,46,1,45,0,11
1403715335.462572097778320,48,0,44,3,11
1403715335.512573957443237,49,7,45,2,11
1403715335.562574148178101,50,2,45,2,11
1403715335.612572669982910,49,13,47,0,11
1403715335.662575721740723,49,1,45,2,11
1403715335.712572574615479,50,22,47,1,11
1403715335.762572526931763,49,1,47,1,11
1403715335.812575578689575,49,10,46,1,11
1403715335.862576246261597,48,0,43,1,11
1403715335.912576675415039,46,1,40,0,11
1403715335.962577581405640,47,1,40,4,11
1403715336.012578725814819,44,1,39,1,11
1403715336.062578201293945,42,1,38,0,11
1403715336.112576723098755,47,1,36,8,11
1403715336.162576436996460,47,1,43,1,11
1403715336.212577342987061,49,5,43,4,11
1403715336.262579202651978,49,1,47,1,11
1403715336.312584400177002,50,18,46,2,11
1403715336.362585544586182,48,0,46,0,11
1403715336.412587881088257,49,6,45,2,11
1403715336.462587594985962,47,0,47,0,11
1403715336.512585163116455,47,0,46,0,11
1403715336.562580585479736,46,6,43,0,11
1403715336.612577199935913,47,0,42,3,11
1403715336.662576198577881,47,0,45,1,11
1403715336.712574720382690,48,1,44,2,11
1403715336.762571334838867,48,3,47,0,11
1403715336.812570571899414,49,1,47,2,11
1403715336.862568140029907,48,0,48,0,11
1403715336.912567853927612,49,16,44,2,11
1403715336.962563753128052,49,7,43,1,11
1403715337.012566804885864,44,6,36,1,11
1403715337.062566757202148,42,0,34,1,11
1403715337.112571477890015,39,0,34,1,11
1403715337.162574291229248,43,1,32,7,11
1403715337.212573051452637,42,3,42,0,11
1403715337.262574195861816,41,0,41,0,11
1403715337.312574148178101,41,0,38,0,11
1403715337.362577199935913,38,2,33,1,11
1403715337.412576913833618,35,2,30,1,11
1403715337.462576627731323,32,0,28,2,11
1403715337.512576341629028,42,1,28,13,11
1403715337.562571763992310,43,1,36,5,11
1403715337.612565040588379,48,3,36,6,11
1403715337.662560939788818,46,1,41,0,11
1403715337.712551116943359,40,13,34,5,11
1403715337.762549161911011,41,1,35,2,11
1403715337.812549829483032,39,2,36,0,11
1403715337.862549304962158,35,1,33,1,11
1403715337.912550210952759,32,1,28,0,11
1403715337.962551593780518,32,3,28,1,11
1403715338.012553215026855,29,0,29,0,11
1403715338.062554121017456,29,0,24,0,11
1403715338.112556934356689,35,2,25,6,11
1403715338.162560462951660,32,5,28,2,11
1403715338.212565183639526,34,3,29,3,11
1403715338.262566804885864,33,2,31,0,11
1403715338.312568664550781,48,7,31,16,11
1403715338.362568855285645,46,6,42,0,11
1403715338.412569761276245,46,4,42,0,11
1403715338.462569236755371,43,1,42,1,11
1403715338.512570142745972,42,3,40,2,11
1403715338.562571048736572,41,2,39,0,11
1403715338.612571477890015,42,3,39,2,11
1403715338.662571668624878,42,2,39,1,11
1403715338.712573051452637,43,0,38,2,11
1403715338.762574434280396,41,2,38,1,11
1403715338.812575817108154,38,4,36,1,11
1403715338.862578392028809,40,4,37,3,11
1403715338.912577629089355,46,7,39,7,11
1403715338.962578773498535,49,1,46,3,11
1403715339.012578725814819,48,3,46,0,11
1403715339.062577486038208,47,2,42,1,11
1403715339.112576961517334,46,1,43,0,11
1403715339.162574052810669,49,1,42,6,11
1403715339.212571144104004,50,3,48,1,11
1403715339.262571811676025,50,0,49,1,11
1403715339.312572479248047,49,8,49,0,11
1403715339.362573623657227,50,2,49,1,11
1403715339.412572383880615,49,5,49,0,11
1403715339.462572813034058,48,0,47,0,11
1403715339.512569904327393,47,2,44,1,11
1403715339.562571525573730,48,6,45,3,11
1403715339.612567663192749,48,1,48,0,11
1403715339.662566900253296,48,0,48,0,11
1403715339.712567806243896,48,1,48,0,11
1403715339.762569427490234,48,0,46,1,11
1403715339.812571525573730,45,4,44,1,11
1403715339.862571239471436,44,1,44,0,11
1403715339.912565231323242,46,3,43,3,11
1403715339.962560415267944,48,2,44,2,11
1403715340.012556076049805,49,10,46,2,11
1403715340.062550067901611,49,1,43,1,11
1403715340.112544059753418,49,7,37,0,11
1403715340.162541389465332,47,2,28,3,11
1403715340.212540388107300,44,2,24,4,11
1403715340.262541532516479,41,0,28,8,11
1403715340.312540531158447,44,1,36,8,11
1403715340.362539529800415,44,0,43,0,11
1403715340.412533044815063,45,1,36,1,11
1403715340.462531328201294,45,0,32,1,11
1403715340.512527704238892,42,3,32,6,11
1403715340.562523841857910,42,0,37,4,11
1403715340.612517118453979,45,0,41,3,11
1403715340.662508964538574,45,0,43,1,11
1403715340.712498664855957,47,1,42,2,11
1403715340.762495756149292,47,0,39,1,11
1403715340.812490224838257,46,0,41,1,11
1403715340.862485885620117,47,0,42,4,11
1403715340.912483453750610,47,0,45,1,11
1403715340.962480783462524,49,3,42,3,11
1403715341.012479543685913,49,2,46,1,11
1403715341.062488317489624,49,2,46,2,11
1403715341.112496376037598,49,7,46,1,11
1403715341.162500858306885,50,5,45,2,11
1403715341.212502717971802,48,2,46,0,11
1403715341.262502908706665,46,0,46,0,11
1403715341.312504529953003,48,0,46,2,11
1403715341.362504959106445,49,2,47,2,11
1403715341.412505149841309,50,1,49,1,11
1403715341.462504148483276,49,0,48,0,11
1403715341.512506008148193,47,0,44,1,11
1403715341.562515497207642,50,2,42,4,11
1403715341.612518072128296,48,2,43,1,11
1403715341.662517786026001,46,0,42,2,11
1403715341.712518930435181,43,0,36,2,11
1403715341.762524366378784,45,0,25,4,11
1403715341.812530517578125,46,1,28,7,11
1403715341.862531900405884,43,9,34,7,11
1403715341.912524938583374,43,0,38,2,11
1403715341.962525129318237,43,0,34,0,11
1403715342.012522220611572,44,1,38,4,11
1403715342.062521219253540,45,1,41,3,11
1403715342.112524509429932,50,2,44,5,11
1403715342.162523746490479,50,1,49,0,11
1403715342.212521553039551,49,0,43,0,11
1403715342.262523889541626,50,7,31,1,11
1403715342.312530994415283,48,2,28,6,11
1403715342.362527608871460,48,0,26,11,11
1403715342.412528038024902,48,0,12,3,11
1403715342.462527751922607,44,2,3,5,11
1403715342.512526750564575,33,0,7,14,11
1403715342.562532186508179,28,0,19,6,11
1403715342.612540006637573,28,0,14,1,11
1403715342.662541627883911,28,0,8,2,11
1403715342.712542772293091,26,0,7,9,11
1403715342.762542724609375,25,0,16,6,11
1403715342.812542676925659,25,0,17,3,11
1403715342.862545013427734,25,3,20,0,11
1403715342.912547111511230,24,0,15,4,11
1403715342.962549924850464,24,0,19,0,11
1403715343.012550592422485,24,1,19,5,11
1403715343.062559366226196,30,1,23,7,11
1403715343.112562894821167,38,3,29,9,11
1403715343.162563323974609,41,0,37,3,11
1403715343.212563753128052,40,0,39,0,11
1403715343.262561321258545,47,2,39,8,11
1403715343.312560319900513,46,1,43,0,11
1403715343.362560272216797,46,4,43,1,11
1403715343.412559747695923,43,1,42,0,11
1403715343.462559700012207,47,3,42,5,11
1403715343.512558698654175,45,6,44,0,11
1403715343.562556266784668,49,4,43,5,11
1403715343.612553834915161,47,1,47,0,11
1403715343.662554025650024,50,2,47,3,11
1403715343.712554693222046,50,3,49,0,11
1403715343.762559175491333,49,0,46,0,11
1403715343.812559366226196,45,4,42,1,11
1403715343.862555265426636,45,0,43,1,11
1403715343.912552118301392,48,2,41,4,11
1403715343.962552309036255,46,1,44,0,11
1403715344.012540817260742,49,3,43,5,11
1403715344.062536954879761,48,5,45,2,11
1403715344.112535238265991,45,1,44,0,11
1403715344.162531614303589,45,1,40,1,11
1403715344.212527513504028,45,5,38,3,11
1403715344.262527704238892,48,9,39,7,11
1403715344.312528133392334,48,2,45,1,11
1403715344.362527132034302,45,1,43,0,11
1403715344.412525892257690,43,3,39,0,11
1403715344.462530374526978,42,6,39,0,11
1403715344.512531995773315,42,3,38,4,11
1403715344.562535285949707,42,1,42,0,11
1403715344.612539052963257,41,1,41,0,11
1403715344.662543535232544,45,3,38,4,11
1403715344.712545156478882,44,3,37,0,11
1403715344.762548685073853,49,2,35,8,11
1403715344.812545299530029,47,2,42,3,11
1403715344.862538814544678,46,1,41,2,11
1403715344.912530899047852,46,0,40,1,11
1403715344.962508678436279,49,12,42,6,11
1403715345.012501716613770,46,1,44,0,11
1403715345.062496185302734,40,3,40,0,11
1403715345.112494707107544,40,2,39,0,11
1403715345.162489414215088,50,4,39,10,11
1403715345.212491273880005,49,0,47,0,11
1403715345.262491941452026,49,1,43,0,11
1403715345.312491178512573,46,8,43,0,11
1403715345.362493991851807,44,0,41,1,11
1403715345.412495613098145,44,0,41,2,11
1403715345.462495565414429,43,3,41,1,11
1403715345.512496471405029,49,7,42,7,11
1403715345.562497377395630,48,10,45,1,11
1403715345.612497568130493,47,0,44,0,11
1403715345.662497997283936,50,4,45,4,11
1403715345.712497949600220,49,4,47,0,11
1403715345.762498378753662,49,1,47,1,11
1403715345.812495946884155,48,0,47,0,11
1403715345.862492084503174,48,1,47,0,11
1403715345.912488937377930,49,7,46,2,11
1403715345.962487459182739,48,2,46,0,11
1403715346.012485265731812,50,17,46,4,11
1403715346.062484025955200,47,7,47,0,11
1403715346.112476110458374,47,1,42,3,11
1403715346.162453889846802,49,8,43,2,11
1403715346.212429285049438,47,1,41,0,11
1403715346.262411832809448,49,0,40,4,11
1403715346.312398433685303,47,2,43,2,11
1403715346.362393856048584,47,3,45,1,11
1403715346.412389993667603,46,1,45,1,11
1403715346.462392091751099,46,6,45,0,11
1403715346.512391805648804,49,3,44,4,11
1403715346.562389612197876,50,11,48,2,11
1403715346.612383842468262,49,15,49,0,11
1403715346.662381172180176,50,7,49,1,11
1403715346.712377786636353,50,0,50,0,11
1403715346.762371301651001,50,19,48,0,11
1403715346.812368631362915,49,1,46,0,11
1403715346.862363815307617,49,1,44,2,11
1403715346.912358999252319,48,0,45,1,11
1403715346.962356328964233,48,0,46,2,11
1403715347.012355089187622,48,4,48,0,11
1403715347.062360048294067,48,0,48,0,11
1403715347.112361192703247,49,0,48,1,11
1403715347.162358522415161,49,9,49,0,11
1403715347.212353944778442,50,5,48,1,11
1403715347.262348890304565,49,11,48,0,11
1403715347.312343120574951,50,15,48,2,11
1403715347.362341880798340,49,12,49,0,11
1403715347.412341117858887,46,1,46,0,11
1403715347.462341308593750,42,0,42,0,11
1403715347.512340784072876,39,1,38,0,11
1403715347.562343358993530,39,1,37,0,11
1403715347.612342834472656,38,0,38,0,11
1403715347.662340879440308,37,1,37,0,11
1403715347.712338209152222,37,3,35,0,11
1403715347.762326955795288,44,2,33,8,11
1403715347.812319993972778,45,0,38,3,11
1403715347.862313508987427,46,6,40,3,11
1403715347.912309885025024,47,9,42,5,11
1403715347.962309598922729,48,4,46,2,11
1403715348.012309551239014,49,14,47,1,11
1403715348.062308788299561,43,1,42,0,11
1403715348.112306118011475,44,0,42,1,11
1403715348.162304401397705,41,0,38,0,11
1403715348.212302684783936,38,0,35,0,11
1403715348.262301206588745,36,0,27,1,11
1403715348.312300920486450,36,0,25,0,11
1403715348.362302780151367,27,0,19,1,11
1403715348.412308454513550,41,3,14,18,11
1403715348.462311029434204,40,0,18,4,11
1403715348.512312889099121,39,1,20,7,11
1403715348.562316417694092,40,1,23,12,11
1403715348.612321376800537,45,2,32,9,11
1403715348.662322998046875,45,19,38,6,11
1403715348.712322235107422,44,0,43,0,11
1403715348.762321233749390,42,0,41,0,11
1403715348.812320470809937,42,2,39,0,11
1403715348.862318992614746,39,3,38,0,11
1403715348.912317514419556,37,2,37,0,11
1403715348.962317228317261,39,1,36,3,11
1403715349.012315273284912,39,1,38,0,11
1403715349.062312602996826,40,0,38,1,11
1403715349.112309455871582,42,0,39,3,11
1403715349.162308931350708,50,18,42,8,11
1403715349.212307929992676,50,0,48,0,11
1403715349.262309551239014,48,16,46,0,11
1403715349.312308788299561,48,1,45,2,11
1403715349.362305879592896,48,0,46,0,11
1403715349.412308216094971,47,0,46,0,11
1403715349.462314128875732,47,1,45,1,11
1403715349.512315511703491,46,0,44,0,11
1403715349.562318563461304,48,1,44,3,11
1403715349.612323284149170,46,0,42,0,11
1403715349.662327766418457,46,0,42,0,11
1403715349.712326049804688,47,0,41,5,11
1403715349.762329578399658,50,14,46,3,11
1403715349.812331438064575,49,0,48,0,11
1403715349.862327814102173,48,35,45,0,11
1403715349.912324190139771,47,3,42,2,11
1403715349.962322950363159,45,0,44,0,11
1403715350.012324333190918,46,1,43,2,11
1403715350.062326669692993,45,1,42,0,11
1403715350.112325668334961,44,0,43,0,11
1403715350.162325859069824,42,3,42,0,11
1403715350.212325572967529,41,1,40,0,11
1403715350.262324571609497,41,0,40,0,11
1403715350.312322854995728,40,0,38,1,11
1403715350.362324714660645,49,3,38,9,11
1403715350.412324666976929,49,17,45,2,11
1403715350.462336778640747,46,30,44,1,11
1403715350.512343168258667,49,0,43,3,11
1403715350.562350273132324,49,0,46,1,11
1403715350.612358570098877,49,0,46,2,11
1403715350.662361383438110,49,0,47,0,11
1403715350.712365865707397,49,0,45,1,11
1403715350.762368202209473,49,0,38,1,11
1403715350.812371969223022,49,0,30,2,11
1403715350.862372159957886,44,1,21,3,11
1403715350.912372350692749,41,1,8,7,11
1403715350.962368965148926,36,0,9,5,11
1403715351.012358427047729,37,1,11,17,11
1403715351.062351226806641,38,4,20,7,11
1403715351.112351417541504,36,0,15,1,11
1403715351.162348985671997,36,0,13,8,11
1403715351.212350130081177,35,1,19,11,11
1403715351.262347936630249,35,0,26,3,11
1403715351.312351465225220,35,1,22,2,11
1403715351.362353324890137,35,1,21,4,11
1403715351.412349700927734,35,2,21,6,11
1403715351.462348222732544,35,0,21,5,11
1403715351.512345552444458,35,1,21,3,11
1403715351.562345504760742,37,1,15,8,11
1403715351.612348079681396,43,3,20,11,11
1403715351.662338733673096,48,5,32,12,11
1403715351.712334632873535,46,2,42,2,11
1403715351.762325286865234,45,3,43,0,11
1403715351.812322854995728,46,4,40,5,11
1403715351.862320423126221,46,1,44,0,11
1403715351.912320137023926,46,0,44,1,11
1403715351.962319850921631,44,0,44,0,11
1403715352.012321233749390,44,0,44,0,11
1403715352.062323331832886,43,2,43,0,11
1403715352.112329006195068,44,1,43,1,11
1403715352.162331342697144,49,2,44,5,11
1403715352.212332248687744,49,4,48,1,11
1403715352.262332677841187,50,20,49,1,11
1403715352.312330484390259,49,3,48,0,11
1403715352.362322330474854,49,0,47,0,11
1403715352.412320852279663,48,4,47,0,11
1403715352.462322473526001,48,5,46,1,11
1403715352.512320756912231,46,2,45,0,11
1403715352.562318086624146,45,0,45,0,11
1403715352.612316370010376,44,2,44,0,11
1403715352.662315607070923,44,0,44,0,11
1403715352.712314844131470,45,5,44,1,11
1403715352.762317180633545,45,0,45,0,11
1403715352.812320232391357,48,1,45,3,11
1403715352.862323760986328,47,10,46,1,11
1403715352.912327527999878,49,2,46,3,11
1403715352.962332487106323,49,3,49,0,11
1403715353.012338399887085,48,1,48,0,11
1403715353.062344312667847,50,9,48,2,11
1403715353.112345933914185,50,0,49,0,11
1403715353.162345409393311,48,1,48,0,11
1403715353.212339162826538,48,1,46,0,11
1403715353.262340784072876,48,0,47,1,11
1403715353.312341690063477,48,3,46,2,11
1403715353.362341642379761,48,0,48,0,11
1403715353.412342309951782,50,7,48,2,11
1403715353.462341785430908,50,10,50,0,11
1403715353.512340784072876,49,0,47,0,11
1403715353.562340736389160,48,1,46,0,11
1403715353.612342119216919,46,0,45,1,11
1403715353.662342071533203,49,3,46,3,11
1403715353.712342500686646,49,0,49,0,11
1403715353.762342214584351,49,0,49,0,11
1403715353.812341928482056,49,0,49,0,11
1403715353.862342357635498,49,0,49,0,11
1403715353.912342309951782,49,1,47,0,11
1403715353.962342739105225,49,0,47,2,11
1403715354.012345552444458,49,7,48,0,11
1403715354.062346220016479,49,23,47,1,11
1403715354.112344503402710,48,0,48,0,11
1403715354.162346124649048,48,0,47,0,11
1403715354.212347269058228,48,0,47,0,11
1403715354.262347936630249,50,4,47,3,11
1403715354.312349796295166,50,0,50,0,11
1403715354.362350940704346,50,0,50,0,11
1403715354.412351369857788,50,0,49,0,11
1403715354.462352037429810,50,0,50,0,11
1403715354.512352705001831,50,3,50,0,11
1403715354.562352418899536,49,0,49,0,11
1403715354.612351655960083,50,5,49,1,11
1403715354.662348031997681,50,20,50,0,11
1403715354.712344884872437,50,0,50,0,11
1403715354.762344360351562,50,0,48,0,11
1403715354.812346458435059,50,0,45,0,11
1403715354.862346172332764,50,0,43,2,11
1403715354.912344217300415,50,0,45,3,11
1403715354.962337970733643,50,0,48,2,11
1403715355.012339353561401,48,0,48,0,11
1403715355.062344789505005,46,2,46,0,11
1403715355.112344741821289,48,2,46,2,11
1403715355.162343263626099,48,0,48,0,11
1403715355.212341547012329,49,3,47,2,11
1403715355.262341737747192,49,19,48,1,11
1403715355.312340497970581,47,0,46,0,11
1403715355.362340450286865,47,2,46,0,11
1403715355.412340164184570,45,0,44,0,11
1403715355.462341308593750,45,1,43,0,11
1403715355.512339115142822,49,7,42,6,11
1403715355.562338352203369,48,0,46,1,11
1403715355.612336397171021,48,0,46,0,11
1403715355.662333011627197,46,2,44,0,11
1403715355.712327957153320,44,3,40,2,11
1403715355.762326240539551,43,0,40,0,11
1403715355.812324047088623,44,2,39,3,11
1403715355.862320661544800,49,6,39,8,11
1403715355.912322521209717,48,0,45,0,11
1403715355.962327957153320,49,14,43,4,11
1403715356.012329816818237,49,1,47,1,11
1403715356.062332153320312,49,0,49,0,11
1403715356.112336158752441,49,6,48,1,11
1403715356.162337303161621,49,0,49,0,11
1403715356.212335348129272,49,0,46,0,11
1403715356.262334108352661,49,1,49,0,11
1403715356.312335491180420,49,2,49,0,11
1403715356.362333774566650,48,1,48,0,11
1403715356.412335395812988,50,5,48,2,11
1403715356.462335348129272,50,3,50,0,11
1403715356.512338399887085,50,0,50,0,11
1403715356.562343597412109,50,11,50,0,11
1403715356.612346887588501,50,1,50,0,11
1403715356.662348508834839,50,0,48,0,11
1403715356.712350606918335,50,6,48,2,11
1403715356.762348651885986,50,0,50,0,11
1403715356.812347888946533,49,2,49,0,11
1403715356.862347364425659,48,1,48,0,11
1403715356.912343740463257,46,3,45,0,11
1403715356.962344169616699,45,2,42,0,11
1403715357.012342453002930,42,6,36,3,11
1403715357.062340736389160,41,2,36,2,11
1403715357.112339496612549,38,0,35,2,11
1403715357.162339448928833,43,0,35,6,11
1403715357.212342977523804,41,1,36,1,11
1403715357.262348413467407,41,2,34,1,11
1403715357.312356233596802,44,1,20,9,11
1403715357.362360954284668,42,1,19,1,11
1403715357.412363290786743,41,0,10,12,11
1403715357.462368488311768,42,1,18,10,11
1403715357.512371063232422,41,1,22,10,11
1403715357.562374830245972,42,0,30,4,11
1403715357.612372636795044,41,0,32,5,11
1403715357.662368059158325,41,0,32,3,11
1403715357.712363481521606,41,0,31,2,11
1403715357.762364864349365,41,0,17,4,11
1403715357.812369585037231,40,1,22,3,11
1403715357.862371206283569,40,0,23,15,11
1403715357.912373065948486,40,0,38,0,11
1403715357.962375879287720,42,1,35,4,11
1403715358.012378692626953,42,0,38,0,11
1403715358.062381744384766,41,0,38,2,11
1403715358.112382411956787,39,0,38,1,11
1403715358.162385702133179,45,1,39,6,11
1403715358.212390899658203,49,0,45,4,11
1403715358.262392520904541,48,3,46,1,11
1403715358.312394380569458,49,6,46,2,11
1403715358.362394332885742,49,1,48,1,11
1403715358.412395477294922,49,0,48,0,11
1403715358.462393999099731,49,1,47,0,11
1403715358.512396097183228,48,1,45,1,11
1403715358.562397480010986,47,1,46,1,11
1403715358.612397193908691,47,3,45,0,11
1403715358.662396907806396,47,11,42,2,11
1403715358.712396144866943,42,3,39,0,11
1403715358.762395858764648,37,2,36,0,11
1403715358.812395095825195,35,3,34,1,11
1403715358.862395048141479,36,3,33,3,11
1403715358.912394285202026,42,4,33,8,11
1403715358.962389945983887,41,3,39,0,11
1403715359.012382268905640,40,2,36,0,11
1403715359.062378883361816,40,0,26,1,11
1403715359.112375497817993,39,1,26,3,11
1403715359.162377834320068,39,0,21,8,11
1403715359.212377786636353,44,2,27,8,11
1403715359.262384414672852,49,1,33,12,11
1403715359.312382698059082,50,2,43,3,11
1403715359.362381935119629,50,8,46,1,11
1403715359.412387371063232,49,4,45,1,11
1403715359.462390184402466,50,6,46,3,11
1403715359.512395620346069,50,2,49,1,11
1403715359.562404632568359,50,1,49,0,11
1403715359.612405776977539,50,0,49,0,11
1403715359.662408590316772,49,2,48,1,11
1403715359.712408542633057,49,0,48,0,11
1403715359.762409687042236,49,3,48,0,11
1403715359.812408208847046,48,0,48,0,11
1403715359.862408399581909,49,1,46,1,11
1403715359.912411451339722,49,9,44,1,11
1403715359.962411403656006,49,9,46,2,11
1403715360.012410640716553,49,1,47,1,11
1403715360.062410831451416,49,5,47,0,11
1403715360.112410545349121,50,0,45,2,11
1403715360.162408590316772,48,0,47,1,11
1403715360.212406158447266,48,0,48,0,11
1403715360.262406826019287,49,0,48,1,11
1403715360.312405824661255,49,0,49,0,11
1403715360.362405061721802,48,0,48,0,11
1403715360.412405014038086,48,0,47,0,11
1403715360.462403774261475,48,0,47,0,11
1403715360.512398481369019,49,19,47,2,11
1403715360.562397956848145,49,9,47,0,11
1403715360.612398147583008,49,0,46,0,11
1403715360.662396669387817,48,6,45,1,11
1403715360.712394237518311,47,2,46,0,11
1403715360.762392759323120,47,0,46,1,11
1403715360.812393903732300,46,1,44,0,11
1403715360.862395286560059,45,3,41,0,11
1403715360.912396430969238,45,1,41,2,11
1403715360.962396860122681,44,1,42,2,11
1403715361.012399911880493,44,0,43,0,11
1403715361.062402009963989,44,0,42,0,11
1403715361.112401962280273,47,3,41,4,11
1403715361.162401437759399,48,1,42,3,11
1403715361.212399482727051,48,0,44,0,11
1403715361.262397766113281,48,1,42,3,11
1403715361.312396764755249,48,5,42,3,11
1403715361.362396001815796,43,0,39,2,11
1403715361.412395238876343,40,1,38,0,11
1403715361.462396383285522,39,0,31,0,11
1403715361.512393951416016,47,0,28,10,11
1403715361.562394380569458,44,0,37,4,11
1403715361.612395763397217,44,0,37,3,11
1403715361.662390947341919,44,0,40,0,11
1403715361.712387561798096,48,2,36,8,11
1403715361.762385129928589,49,0,40,1,11
1403715361.812379121780396,49,0,39,4,11
1403715361.862380027770996,46,1,41,2,11
1403715361.912382602691650,50,7,42,6,11
1403715361.962388277053833,50,0,48,0,11
1403715362.012394428253174,49,13,47,2,11
1403715362.062397480010986,49,1,49,0,11
1403715362.112399816513062,50,1,49,1,11
1403715362.162399530410767,50,0,50,0,11
1403715362.212400436401367,50,8,49,0,11
1403715362.262399911880493,48,1,45,0,11
1403715362.312400579452515,48,2,44,1,11
1403715362.362404108047485,48,13,46,2,11
1403715362.412407636642456,47,1,42,0,11
1403715362.462406396865845,49,3,40,2,11
1403715362.512408494949341,49,2,43,5,11
1403715362.562411069869995,49,1,48,0,11
1403715362.612414598464966,48,8,47,1,11
1403715362.662416219711304,47,1,45,0,11
1403715362.712418794631958,46,0,44,0,11
1403715362.762420892715454,44,3,42,0,11
1403715362.812423706054688,47,5,41,5,11
1403715362.862426519393921,47,0,44,1,11
1403715362.912430047988892,45,0,42,0,11
1403715362.962430953979492,47,6,38,6,11
1403715363.012426137924194,48,13,44,3,11
1403715363.062422275543213,48,0,47,1,11
1403715363.112419366836548,49,0,46,2,11
1403715363.162415027618408,48,0,47,0,11
1403715363.212413311004639,49,6,47,1,11
1403715363.262414216995239,49,0,47,1,11
1403715363.312413930892944,49,1,47,0,11
1403715363.362413406372070,48,3,43,1,11
1403715363.412413835525513,47,4,42,3,11
1403715363.462407588958740,44,11,40,3,11
1403715363.512407302856445,42,0,38,1,11
1403715363.562407970428467,44,0,30,8,11
1403715363.612401723861694,49,9,36,8,11
1403715363.662400007247925,47,0,43,1,11
1403715363.712399005889893,46,2,35,2,11
1403715363.762395858764648,44,0,32,1,11
1403715363.812394380569458,44,0,30,11,11
1403715363.862394332885742,39,2,32,2,11
1403715363.912390947341919,39,1,33,0,11
1403715363.962391138076782,31,1,22,4,11
1403715364.012390613555908,24,0,20,0,11
1403715364.062394380569458,46,0,17,26,11
1403715364.112391948699951,46,1,45,1,11
1403715364.162387371063232,46,1,46,0,11
1403715364.212380886077881,49,5,45,3,11
1403715364.262378692626953,49,1,44,0,11
1403715364.312382221221924,49,0,44,1,11
1403715364.362384319305420,49,1,45,4,11
1403715364.412392616271973,50,16,49,1,11
1403715364.462392330169678,49,0,49,0,11
1403715364.512389898300171,49,0,49,0,11
1403715364.562383651733398,50,4,48,1,11
1403715364.612383604049683,49,10,45,0,11
1403715364.662381649017334,49,1,44,2,11
1403715364.712379455566406,47,14,45,2,11
1403715364.762379884719849,46,0,46,0,11
1403715364.812381982803345,48,4,44,4,11
1403715364.862380504608154,43,0,42,0,11
1403715364.912379026412964,42,0,39,0,11
1403715364.962378978729248,40,1,38,0,11
1403715365.012375354766846,49,4,38,11,11
1403715365.062376499176025,49,0,49,0,11
1403715365.112378835678101,46,1,46,0,11
1403715365.162381410598755,49,1,45,4,11
1403715365.212382316589355,50,6,49,1,11
1403715365.262383460998535,50,1,50,0,11
1403715365.312383651733398,50,20,50,0,11
1403715365.362384796142578,49,0,48,0,11
1403715365.412385702133179,49,3,49,0,11
1403715365.462385892868042,48,0,47,0,11
1403715365.512385129928589,47,0,47,0,11
1403715365.562386989593506,47,10,46,0,11
1403715365.612386465072632,49,2,44,3,11
1403715365.662386417388916,48,0,46,1,11
1403715365.712385416030884,47,0,46,1,11
1403715365.762385368347168,47,0,46,0,11
1403715365.812385797500610,47,3,44,3,11
1403715365.862386226654053,45,1,43,0,11
1403715365.912386417388916,50,11,43,6,11
1403715365.962387323379517,49,1,48,0,11
1403715366.012387990951538,48,1,47,0,11
1403715366.062388181686401,48,8,47,1,11
1403715366.112389326095581,47,0,47,0,11
1403715366.162387132644653,50,5,47,3,11
1403715366.212387084960938,50,0,50,0,11
1403715366.262384414672852,50,1,50,0,11
1403715366.312383174896240,50,0,49,0,11
1403715366.362378120422363,49,0,48,0,11
1403715366.412373304367065,48,2,46,0,11
1403715366.462368965148926,50,17,46,2,11
1403715366.512362241744995,49,10,48,1,11
1403715366.562362194061279,50,0,49,1,11
1403715366.612363576889038,50,0,50,0,11
1403715366.662364482879639,50,11,49,0,11
1403715366.712367296218872,50,1,49,0,11
1403715366.762367725372314,49,8,48,0,11
1403715366.812368154525757,49,0,49,0,11
1403715366.862369537353516,49,0,49,0,11
1403715366.912371873855591,49,0,49,0,11
1403715366.962373256683350,49,0,49,0,11
1403715367.012376308441162,50,3,49,1,11
1403715367.062381029129028,50,16,48,0,11
1403715367.112382650375366,49,12,48,0,11
1403715367.162382841110229,48,0,48,0,11
1403715367.212382078170776,48,0,47,0,11
1403715367.262384653091431,49,7,46,2,11
1403715367.312386035919189,48,0,48,0,11
1403715367.362387180328369,50,6,47,2,11
1403715367.412387132644653,50,0,49,0,11
1403715367.462386608123779,49,1,49,0,11
1403715367.512386322021484,49,0,49,0,11
1403715367.562386751174927,49,0,49,0,11
1403715367.612386226654053,49,1,48,1,11
1403715367.662386417388916,50,12,49,1,11
1403715367.712386369705200,50,9,50,0,11
1403715367.762385368347168,50,1,50,0,11
1403715367.812385797500610,50,0,50,0,11
1403715367.862385511398315,50,7,50,0,11
1403715367.912384033203125,50,4,50,0,11
1403715367.962384223937988,49,8,49,0,11
1403715368.012382745742798,49,1,49,0,11
1403715368.062382936477661,48,1,47,0,11
1403715368.112383365631104,47,2,47,0,11
1403715368.162384510040283,47,1,45,0,11
1403715368.212387561798096,49,6,44,2,11
1403715368.262393236160278,48,9,45,2,11
1403715368.312394142150879,49,6,46,2,11
1403715368.362393617630005,49,0,46,0,11
1403715368.412391424179077,49,0,43,1,11
1403715368.462388992309570,47,19,33,2,11
1403715368.512389898300171,45,0,31,1,11
1403715368.562396526336670,43,0,25,7,11
1403715368.612402677536011,40,0,34,1,11
1403715368.662408590316772,35,0,35,0,11
1403715368.712409734725952,35,2,35,0,11
1403715368.762411355972290,34,0,34,0,11
1403715368.812410831451416,40,1,34,6,11
1403715368.862409353256226,48,5,40,8,11
1403715368.912411212921143,49,5,48,1,11
1403715368.962413549423218,48,3,48,0,11
1403715369.012415170669556,46,2,45,0,11
1403715369.062422513961792,50,14,41,4,11
1403715369.112425088882446,50,0,41,1,11
1403715369.162426948547363,49,1,42,3,11
1403715369.212429523468018,46,3,44,1,11
1403715369.262431621551514,50,1,45,4,11
1403715369.312435626983643,49,0,48,0,11
1403715369.362437248229980,49,2,48,0,11
1403715369.412443876266479,49,16,48,1,11
1403715369.462444067001343,49,2,49,0,11
1403715369.512443542480469,49,4,49,0,11
1403715369.562443017959595,48,1,48,0,11
1403715369.612441301345825,48,2,48,0,11
1403715369.662441015243530,50,10,48,2,11
1403715369.712439298629761,49,0,49,0,11
1403715369.762436628341675,49,1,48,1,11
1403715369.812435388565063,50,3,49,1,11
1403715369.862431764602661,50,2,50,0,11
1403715369.912429571151733,49,1,49,0,11
1403715369.962428331375122,49,16,48,1,11
1403715370.012427806854248,50,7,48,1,11
1403715370.062428236007690,50,2,49,0,11
1403715370.112424135208130,50,3,49,1,11
1403715370.162420272827148,50,0,50,0,11
1403715370.212418317794800,50,0,50,0,11
1403715370.262416124343872,50,5,50,0,11
1403715370.312414884567261,50,1,50,0,11
1403715370.362413883209229,50,3,49,0,11
1403715370.412411212921143,48,3,47,0,11
1403715370.462410211563110,48,0,46,2,11
1403715370.512409687042236,47,0,47,0,11
1403715370.562408924102783,50,10,47,3,11
1403715370.612408161163330,49,8,49,0,11
1403715370.662407398223877,49,2,48,0,11
1403715370.712407112121582,49,3,48,0,11
1403715370.762406110763550,48,0,48,0,11
1403715370.812404155731201,48,1,48,0,11
1403715370.862403631210327,49,20,48,1,11
1403715370.912402629852295,49,0,49,0,11
1403715370.962400674819946,50,0,49,1,11
1403715371.012399196624756,50,2,50,0,11
1403715371.062397241592407,50,0,50,0,11
1403715371.112396240234375,50,0,50,0,11
1403715371.162394046783447,50,9,50,0,11
1403715371.212392807006836,50,8,50,0,11
1403715371.262391567230225,50,3,50,0,11
1403715371.312392473220825,47,5,47,0,11
1403715371.362392663955688,48,0,47,1,11
1403715371.412398099899292,48,0,47,0,11
1403715371.462406635284424,48,17,45,1,11
1403715371.512414216995239,46,1,44,0,11
1403715371.562418699264526,45,2,43,0,11
1403715371.612417697906494,43,2,42,0,11
1403715371.662416696548462,43,1,43,0,11
1403715371.712416410446167,43,3,42,0,11
1403715371.762419462203979,48,2,42,6,11
1403715371.812425374984741,48,4,46,2,11
1403715371.862427234649658,49,2,48,1,11
1403715371.912427425384521,49,5,48,0,11
1403715371.962429285049438,47,14,46,0,11
1403715372.012429237365723,45,1,45,0,11
1403715372.062431812286377,46,7,43,3,11
1403715372.112431526184082,46,0,45,1,11
1403715372.162427663803101,45,1,41,0,11
1403715372.212427139282227,46,0,39,2,11
1403715372.262426376342773,43,1,42,1,11
1403715372.312427282333374,43,0,41,0,11
1403715372.362427711486816,44,0,41,1,11
1403715372.412428140640259,48,0,42,6,11
1403715372.462427854537964,49,3,45,1,11
1403715372.512426376342773,48,15,46,0,11
1403715372.562425851821899,47,7,43,3,11
1403715372.612426042556763,48,1,46,1,11
1403715372.662425756454468,49,1,47,2,11
1403715372.712424516677856,48,3,47,0,11
1403715372.762423276901245,47,0,45,0,11
1403715372.812422752380371,47,1,45,1,11
1403715372.862423181533813,49,1,46,3,11
1403715372.912423610687256,48,1,48,0,11
1403715372.962422847747803,48,4,44,1,11
1403715373.012423038482666,47,0,43,0,11
1403715373.062422752380371,44,0,42,0,11
1403715373.112422943115234,47,8,40,4,11
1403715373.162422657012939,47,8,42,2,11
1403715373.212422370910645,46,1,42,2,11
1403715373.262422323226929,45,0,38,4,11
1403715373.312422513961792,46,0,42,3,11
1403715373.362424135208130,45,1,45,0,11
1403715373.412424802780151,43,2,42,0,11
1403715373.462425708770752,44,0,40,3,11
1403715373.512427330017090,43,0,43,0,11
1403715373.562427759170532,44,1,42,2,11
1403715373.612426757812500,44,2,44,0,11
1403715373.662424802780151,44,0,43,1,11
1403715373.712423324584961,44,16,42,2,11
1403715373.762422084808350,46,2,41,4,11
1403715373.812420129776001,45,1,43,0,11
1403715373.862418889999390,45,8,43,2,11
1403715373.912418365478516,45,0,45,0,11
1403715373.962418317794800,46,1,44,1,11
1403715374.012419223785400,45,1,45,0,11
1403715374.062419176101685,43,1,43,0,11
1403715374.112419128417969,47,11,42,5,11
1403715374.162418603897095,47,0,47,0,11
1403715374.212419271469116,47,0,45,0,11
1403715374.262419700622559,47,1,45,0,11
1403715374.312421560287476,45,12,40,1,11
1403715374.362421751022339,45,0,41,1,11
1403715374.412425518035889,42,0,37,1,11
1403715374.462431430816650,44,2,36,5,11
1403715374.512436151504517,43,0,38,3,11
1403715374.562437295913696,42,1,40,0,11
1403715374.612438678741455,39,0,38,1,11
1403715374.662436962127686,42,1,39,3,11
1403715374.712439537048340,44,14,38,6,11
1403715374.762438297271729,43,1,43,0,11
1403715374.812437295913696,43,0,43,0,11
1403715374.862435102462769,43,0,43,0,11
1403715374.912434101104736,48,6,43,5,11
1403715374.962433576583862,46,0,46,0,11
1403715375.012434482574463,47,0,46,1,11
1403715375.062437057495117,47,16,46,1,11
1403715375.112438201904297,47,1,45,0,11
1403715375.162440538406372,45,1,43,0,11
1403715375.212441682815552,43,0,40,2,11
1403715375.262443065643311,42,2,41,0,11
1403715375.312446117401123,45,7,41,4,11
1403715375.362447500228882,44,0,44,0,11
1403715375.412447929382324,46,0,43,3,11
1403715375.462448835372925,46,1,46,0,11
1403715375.512450456619263,48,5,45,3,11
1403715375.562452077865601,46,3,44,0,11
1403715375.612452745437622,48,3,42,4,11
1403715375.662451505661011,48,8,46,2,11
1403715375.712450742721558,47,0,44,0,11
1403715375.762448072433472,46,0,42,0,11
1403715375.812447547912598,46,0,38,4,11
1403715375.862444639205933,47,7,38,3,11
1403715375.912443637847900,47,7,39,4,11
1403715375.962444782257080,47,3,38,4,11
1403715376.012445449829102,43,2,23,2,11
1403715376.062446355819702,41,2,21,1,11
1403715376.112446308135986,38,3,17,13,11
1403715376.162446260452271,37,1,28,3,11
1403715376.212446451187134,36,3,30,4,11
1403715376.262443542480469,37,4,33,3,11
1403715376.312441587448120,37,1,33,1,11
1403715376.362439870834351,36,3,33,0,11
1403715376.412440776824951,41,1,32,8,11
1403715376.462444305419922,42,2,36,1,11
1403715376.512448310852051,46,1,36,6,11
1403715376.562449216842651,46,3,42,4,11
1403715376.612447738647461,46,3,44,1,11
1403715376.662447452545166,45,0,44,1,11
1403715376.712445974349976,47,0,45,2,11
1403715376.762447357177734,47,0,46,0,11
1403715376.812450885772705,47,0,44,3,11
1403715376.862458944320679,48,5,44,1,11
1403715376.912467718124390,48,3,42,0,11
1403715376.962471485137939,48,2,40,3,11
1403715377.012470245361328,47,1,41,3,11
1403715377.062460422515869,46,2,43,2,11
1403715377.112457513809204,48,1,43,3,11
1403715377.162457942962646,49,2,44,2,11
1403715377.212458848953247,48,0,43,2,11
1403715377.262457609176636,48,0,45,1,11
1403715377.312456607818604,48,3,44,2,11
1403715377.362455606460571,47,0,45,0,11
1403715377.412455081939697,47,0,45,2,11
1403715377.462454319000244,46,3,43,2,11
1403715377.512453556060791,45,4,42,1,11
1403715377.562453269958496,46,5,43,2,11
1403715377.612451791763306,49,4,42,4,11
1403715377.662450313568115,48,1,41,0,11
1403715377.712448120117188,47,1,38,2,11
1403715377.762446641921997,46,6,35,3,11
1403715377.812448024749756,43,0,26,2,11
1403715377.862448215484619,40,2,26,1,11
1403715377.912449836730957,36,4,23,9,11
1403715377.962451457977295,35,1,31,2,11
1403715378.012453079223633,40,2,26,9,11
1403715378.062453985214233,40,0,36,1,11
1403715378.112455606460571,38,0,32,2,11
1403715378.162456512451172,40,0,33,6,11
1403715378.212456941604614,39,0,34,4,11
1403715378.262458562850952,49,9,35,11,11
1403715378.312460422515869,47,1,44,1,11
1403715378.362463712692261,48,4,44,2,11
1403715378.412462949752808,46,3,43,2,11
1403715378.462461471557617,49,1,44,3,11
1403715378.512458801269531,48,0,43,1,11
1403715378.562458038330078,48,1,44,1,11
1403715378.612456083297729,48,1,43,2,11
1403715378.662455081939697,48,2,45,1,11
1403715378.712454557418823,47,3,44,1,11
1403715378.762454509735107,48,8,44,1,11
1403715378.812454938888550,46,1,43,2,11
1403715378.862455844879150,49,8,44,5,11
1403715378.912455797195435,49,1,49,0,11
1403715378.962456226348877,48,4,48,0,11
1403715379.012455701828003,50,5,47,2,11
1403715379.062456607818604,50,0,48,0,11
1403715379.112456798553467,50,1,48,1,11
1403715379.162457466125488,49,1,49,0,11
1403715379.212456703186035,50,15,49,1,11
1403715379.262457370758057,50,0,48,0,11
1403715379.312455415725708,50,14,48,0,11
1403715379.362454414367676,50,10,48,2,11
1403715379.412453174591064,50,0,50,0,11
1403715379.462450981140137,50,6,50,0,11
1403715379.512449502944946,50,0,48,0,11
1403715379.562446594238281,50,6,49,0,11
1403715379.612446308135986,49,4,47,1,11
1403715379.662445783615112,49,0,48,0,11
1403715379.712445020675659,48,1,48,0,11
1403715379.762443780899048,46,2,45,0,11
1403715379.812438726425171,49,10,41,4,11
1403715379.862436294555664,50,1,45,2,11
1403715379.912433385848999,47,8,43,3,11
1403715379.962431192398071,46,10,45,0,11
1403715380.012432813644409,45,1,44,0,11
1403715380.062433958053589,50,4,44,5,11
1403715380.112435817718506,50,1,49,1,11
1403715380.162435770034790,50,5,50,0,11
1403715380.212434291839600,50,3,49,0,11
1403715380.262434482574463,50,0,49,0,11
1403715380.312435150146484,50,3,49,1,11
1403715380.362436294555664,50,18,50,0,11
1403715380.412437200546265,49,1,47,0,11
1403715380.462437391281128,46,0,44,0,11
1403715380.512435674667358,48,2,43,5,11
1403715380.562434911727905,49,9,47,1,11
1403715380.612434625625610,49,1,46,1,11
1403715380.662434816360474,47,1,45,0,11
1403715380.712434530258179,45,11,42,1,11
1403715380.762435436248779,45,6,36,3,11
1403715380.812437772750854,43,0,30,0,11
1403715380.862437963485718,37,2,25,2,11
1403715380.912439823150635,35,3,19,5,11
1403715380.962441205978394,46,4,13,15,11
1403715381.012441158294678,44,4,24,6,11
1403715381.062441349029541,45,9,30,11,11
1403715381.112440347671509,46,1,39,4,11
1403715381.162440061569214,47,7,44,2,11
1403715381.212439298629761,48,22,46,2,11
1403715381.262440443038940,47,1,47,0,11
1403715381.312440156936646,47,2,45,0,11
1403715381.362439155578613,46,1,44,0,11
1403715381.412438869476318,45,2,44,1,11
1403715381.462438821792603,44,1,43,0,11
1403715381.512438535690308,45,3,42,1,11
1403715381.562438011169434,48,4,40,6,11
1403715381.612437725067139,49,1,45,2,11
1403715381.662437200546265,50,8,48,2,11
1403715381.712438106536865,50,0,50,0,11
1403715381.762438774108887,50,15,50,0,11
1403715381.812442779541016,50,19,50,0,11
1403715381.862442970275879,50,1,50,0,11
1403715381.912441968917847,50,1,49,0,11
1403715381.962439775466919,49,0,48,0,11
1403715382.012437820434570,48,1,48,0,11
1403715382.062431335449219,50,16,48,2,11
1403715382.112427949905396,50,0,50,0,11
1403715382.162423849105835,50,2,49,0,11
1403715382.212420940399170,50,0,48,0,11
1403715382.262417554855347,50,5,48,1,11
1403715382.312417745590210,50,0,49,1,11
1403715382.362412929534912,49,15,49,0,11
1403715382.412413120269775,49,16,47,1,11
1403715382.462414503097534,46,0,44,0,11
1403715382.512415170669556,46,0,44,0,11
1403715382.562416315078735,44,0,44,0,11
1403715382.612417459487915,44,0,43,0,11
1403715382.662416934967041,50,11,43,6,11
1403715382.712416887283325,50,0,49,1,11
1403715382.762416124343872,49,0,47,0,11
1403715382.812416791915894,49,0,47,1,11
1403715382.862416744232178,50,5,48,2,11
1403715382.912415981292725,50,0,50,0,11
1403715382.962415456771851,50,11,49,0,11
1403715383.012415647506714,50,15,49,0,11
1403715383.062415361404419,50,1,49,1,11
1403715383.112415075302124,50,1,49,0,11
1403715383.162414789199829,50,1,48,0,11
1403715383.212414026260376,50,0,48,1,11
1403715383.262413263320923,50,10,48,1,11
1403715383.312413692474365,49,0,48,0,11
1403715383.362413883209229,49,0,46,1,11
1403715383.412414312362671,49,1,45,0,11
1403715383.462416172027588,49,21,46,2,11
1403715383.512417793273926,49,0,48,1,11
1403715383.562420606613159,50,9,47,1,11
1403715383.612421989440918,47,17,45,0,11
1403715383.662421941757202,46,0,44,1,11
1403715383.712422132492065,46,0,44,0,11
1403715383.762420415878296,44,1,43,0,11
1403715383.812419891357422,44,0,43,1,11
1403715383.862418651580811,47,5,43,3,11
1403715383.912417650222778,47,0,46,0,11
1403715383.962416648864746,47,1,46,1,11
1403715384.012417078018188,47,0,46,0,11
1403715384.062415838241577,50,14,45,3,11
1403715384.112416267395020,50,0,48,1,11
1403715384.162415742874146,50,6,48,1,11
1403715384.212414264678955,49,15,48,0,11
1403715384.262413501739502,49,1,46,1,11
1403715384.312412500381470,48,0,43,0,11
1403715384.362411022186279,48,2,42,2,11
1403715384.412410259246826,46,1,43,2,11
1403715384.462411403656006,48,1,43,4,11
1403715384.512411594390869,48,2,47,0,11
1403715384.562413692474365,47,0,46,1,11
1403715384.612413406372070,47,0,45,0,11
1403715384.662414073944092,49,9,42,3,11
1403715384.712414264678955,48,0,45,1,11
1403715384.762414455413818,48,2,45,2,11
1403715384.812413930892944,46,15,45,0,11
1403715384.862415790557861,47,12,45,2,11
1403715384.912418127059937,43,0,41,0,11
1403715384.962419748306274,43,0,42,0,11
1403715385.012420415878296,44,1,42,2,11
1403715385.062421321868896,42,1,42,0,11
1403715385.112420558929443,41,0,39,0,11
1403715385.162421464920044,39,0,37,0,11
1403715385.212421655654907,39,0,37,2,11
1403715385.262422561645508,46,1,39,7,11
1403715385.312423229217529,44,2,44,0,11
1403715385.362423419952393,46,0,43,2,11
1403715385.412420988082886,49,9,44,4,11
1403715385.462421178817749,50,6,47,2,11
1403715385.512420415878296,50,18,34,0,11
1403715385.562425851821899,49,0,31,2,11
1403715385.612425327301025,48,0,21,13,11
1403715385.662424802780151,48,0,31,2,11
1403715385.712424278259277,46,0,29,10,11
1403715385.762425422668457,46,0,38,3,11
1403715385.812426805496216,46,2,41,3,11
1403715385.862429141998291,46,1,43,3,11
1403715385.912431240081787,46,2,45,0,11
1403715385.962433338165283,46,1,44,0,11
1403715386.012436628341675,49,7,43,5,11
1403715386.062440633773804,49,10,43,2,11
1403715386.112445592880249,49,7,37,0,11
1403715386.162449598312378,48,0,36,3,11
1403715386.212451696395874,47,0,38,8,11
1403715386.262453079223633,47,0,41,0,11
1403715386.312451362609863,47,0,25,2,11
1403715386.362449169158936,46,0,19,3,11
1403715386.412445783615112,44,0,21,14,11
1403715386.462444543838501,41,0,33,6,11
1403715386.512442588806152,41,1,36,1,11
1403715386.562443256378174,41,0,37,1,11
1403715386.612442731857300,44,0,36,8,11
1403715386.662443161010742,50,7,43,6,11
1403715386.712444305419922,49,9,48,0,11
1403715386.762447118759155,49,1,48,1,11
1403715386.812447547912598,49,0,48,0,11
1403715386.862449884414673,49,0,48,0,11
1403715386.912451744079590,49,0,48,1,11
1403715386.962453603744507,50,14,49,1,11
1403715387.012455463409424,48,1,48,0,11
1403715387.062457561492920,50,0,48,2,11
1403715387.112458229064941,49,0,49,0,11
1403715387.162458896636963,49,0,48,0,11
1403715387.212460279464722,49,0,46,2,11
1403715387.262463808059692,49,14,46,1,11
1403715387.312464952468872,49,16,48,1,11
1403715387.362464904785156,49,0,48,0,11
1403715387.412465572357178,49,0,48,0,11
1403715387.462466478347778,47,0,47,0,11
1403715387.512466907501221,46,0,45,0,11
1403715387.562468290328979,49,11,44,5,11
1403715387.612469434738159,50,0,49,1,11
1403715387.662469625473022,50,1,50,0,11
1403715387.712470531463623,49,0,49,0,11
1403715387.762470722198486,47,0,47,0,11
1403715387.812469482421875,45,2,44,0,11
1403715387.862465858459473,49,7,42,5,11
1403715387.912462234497070,49,17,47,1,11
1403715387.962461948394775,48,0,47,1,11
1403715388.012461900711060,48,1,47,0,11
1403715388.062461137771606,49,0,46,1,11
1403715388.112460613250732,46,0,44,1,11
1403715388.162459850311279,50,7,43,5,11
1403715388.212460279464722,48,0,46,0,11
1403715388.262459993362427,46,0,45,1,11
1403715388.312460899353027,45,17,42,2,11
1403715388.362461566925049,44,0,42,0,11
1403715388.412461280822754,43,2,41,1,11
1403715388.462461709976196,47,1,40,6,11
1403715388.512463808059692,48,10,43,3,11
1403715388.562464475631714,46,2,45,0,11
1403715388.612464904785156,45,0,44,1,11
1403715388.662464857101440,43,0,41,0,11
1403715388.712465047836304,43,1,41,0,11
1403715388.762466669082642,48,0,40,7,11
1403715388.812466859817505,48,0,46,0,11
1403715388.862467050552368,47,0,46,1,11
1403715388.912470579147339,49,32,46,2,11
1403715388.962470293045044,48,0,47,0,11
1403715389.012469530105591,48,0,46,1,11
1403715389.062469244003296,48,0,45,0,11
1403715389.112469673156738,46,8,42,2,11
1403715389.162470102310181,44,0,43,1,11
1403715389.212469816207886,44,2,44,0,11
1403715389.262470006942749,44,1,44,0,11
1403715389.312469482421875,45,1,44,1,11
1403715389.362470149993896,46,0,44,1,11
1403715389.412469625473022,45,0,44,0,11
1403715389.462469100952148,43,1,43,0,11
1403715389.512469291687012,48,21,42,6,11
1403715389.562469482421875,48,0,47,0,11
1403715389.612468957901001,48,0,47,0,11
1403715389.662469148635864,48,14,47,1,11
1403715389.712468385696411,50,7,48,2,11
1403715389.762469291687012,49,1,49,0,11
1403715389.812470912933350,49,0,49,0,11
1403715389.862472295761108,49,0,49,0,11
1403715389.912472963333130,49,1,49,0,11
1403715389.962474346160889,49,0,49,0,11
1403715390.012476205825806,49,3,49,0,11
1403715390.062475919723511,49,1,48,1,11
1403715390.112473726272583,48,20,47,1,11
1403715390.162473201751709,47,1,47,0,11
1403715390.212471723556519,46,1,46,0,11
1403715390.262474060058594,46,11,46,0,11
1403715390.312482833862305,50,3,45,4,11
1403715390.362486600875854,50,1,48,0,11
1403715390.412488937377930,50,0,47,1,11
1403715390.462492465972900,49,2,49,0,11
1403715390.512495040893555,50,7,49,1,11
1403715390.562498092651367,49,0,49,0,11
1403715390.612499713897705,49,2,49,0,11
1403715390.662500619888306,49,1,49,0,11
1403715390.712499380111694,49,7,48,1,11
1403715390.762495517730713,49,0,48,0,11
1403715390.812495708465576,49,0,47,0,11
1403715390.862496137619019,49,23,48,1,11
1403715390.912497282028198,50,1,49,1,11
1403715390.962499380111694,50,11,50,0,11
1403715391.012501001358032,50,0,50,0,11
1403715391.062501430511475,50,1,50,0,11
1403715391.112503528594971,49,6,49,0,11
1403715391.162504911422729,48,0,47,0,11
1403715391.212507247924805,46,3,45,1,11
1403715391.262510538101196,45,1,45,0,11
1403715391.312512159347534,49,6,45,4,11
1403715391.362512350082397,48,1,48,0,11
1403715391.412512779235840,47,4,46,0,11
1403715391.462514162063599,47,18,45,1,11
1403715391.512515068054199,47,2,46,1,11
1403715391.562515258789062,50,7,47,3,11
1403715391.612514019012451,50,0,49,0,11
1403715391.662512779235840,50,8,49,0,11
1403715391.712511062622070,50,3,48,1,11
1403715391.762509822845459,50,1,49,1,11
1403715391.812510251998901,50,1,49,0,11
1403715391.862509727478027,48,0,47,0,11
1403715391.912511825561523,50,6,47,3,11
1403715391.962513923645020,50,0,50,0,11
1403715392.012514114379883,49,1,49,0,11
1403715392.062513589859009,48,16,48,0,11
1403715392.112510919570923,49,7,47,2,11
1403715392.162511348724365,49,1,47,1,11
1403715392.212511062622070,48,0,47,0,11
1403715392.262509822845459,48,3,46,2,11
1403715392.312509059906006,50,6,48,2,11
1403715392.362508296966553,49,3,49,0,11
1403715392.412509679794312,45,2,40,0,11
1403715392.462509632110596,42,3,38,0,11
1403715392.512508630752563,40,3,35,2,11
1403715392.562508344650269,38,3,35,0,11
1403715392.612507104873657,35,3,33,0,11
1403715392.662507057189941,41,0,30,10,11
1403715392.712508201599121,41,3,40,1,11
1403715392.762513160705566,41,1,39,1,11
1403715392.812517166137695,44,1,40,3,11
1403715392.862520217895508,46,0,43,3,11
1403715392.912519216537476,49,0,45,3,11
1403715392.962521553039551,49,3,47,1,11
1403715393.012521982192993,49,4,47,2,11
1403715393.062524557113647,49,6,40,1,11
1403715393.112532138824463,48,5,33,1,11
1403715393.162539005279541,46,2,26,6,11
1403715393.212540864944458,41,0,17,3,11
1403715393.262543916702271,39,1,12,5,11
1403715393.312547922134399,38,1,10,13,11
1403715393.362549066543579,34,0,18,5,11
1403715393.412549972534180,30,0,21,4,11
1403715393.462551116943359,24,1,18,2,11
1403715393.512551307678223,23,0,19,1,11
1403715393.562551021575928,23,0,20,3,11
1403715393.612553596496582,24,1,22,2,11
1403715393.662553310394287,25,2,23,1,11
1403715393.712554693222046,25,0,19,5,11
1403715393.762558460235596,30,0,23,5,11
1403715393.812560319900513,41,3,27,13,11
1403715393.862560272216797,45,0,37,6,11
1403715393.912559509277344,46,1,42,1,11
1403715393.962558031082153,48,0,43,4,11
1403715394.012557744979858,48,2,43,2,11
1403715394.062558412551880,49,11,44,2,11
1403715394.112557649612427,46,1,46,0,11
1403715394.162555456161499,46,0,46,0,11
1403715394.212554216384888,49,1,45,4,11
1403715394.262554168701172,49,9,48,1,11
1403715394.312554359436035,48,1,48,0,11
1403715394.362553358078003,45,2,45,0,11
1403715394.412552356719971,48,3,44,3,11
1403715394.462552785873413,46,0,43,0,11
1403715394.512552738189697,43,2,42,0,11
1403715394.562553882598877,46,9,42,4,11
1403715394.612553596496582,45,0,44,0,11
1403715394.662556886672974,50,2,38,5,11
1403715394.712560415267944,49,0,43,0,11
1403715394.762563705444336,44,0,39,2,11
1403715394.812564849853516,43,0,41,0,11
1403715394.862566232681274,40,0,38,2,11
1403715394.912565469741821,39,0,39,0,11
1403715394.962566137313843,42,1,38,4,11
1403715395.012566089630127,43,0,40,2,11
1403715395.062565565109253,43,1,40,0,11
1403715395.112565994262695,42,0,38,0,11
1403715395.162566184997559,41,2,38,1,11
1403715395.212567090988159,39,0,37,0,11
1403715395.262566804885864,40,0,36,2,11
1403715395.312568426132202,38,0,36,1,11
1403715395.362569570541382,35,0,35,0,11
1403715395.412570953369141,38,12,33,4,11
1403715395.462571382522583,38,0,36,0,11
1403715395.512570619583130,35,0,35,0,11
1403715395.562570333480835,38,1,35,3,11
1403715395.612570524215698,39,0,37,2,11
1403715395.662570714950562,38,1,36,0,11
1403715395.712570667266846,36,0,33,0,11
1403715395.762571096420288,43,0,32,9,11
1403715395.812571287155151,40,0,38,1,11
1403715395.862573623657227,40,0,38,1,11
1403715395.912574529647827,40,0,38,0,11
1403715395.962574720382690,39,0,38,0,11
1403715396.012576818466187,49,17,37,11,11
1403715396.062578201293945,47,0,47,0,11
1403715396.112577915191650,46,0,46,0,11
1403715396.162576913833618,48,2,44,4,11
1403715396.212575912475586,49,0,46,1,11
1403715396.262574672698975,47,0,45,0,11
1403715396.312573909759521,46,0,45,1,11
1403715396.362572669982910,48,0,46,2,11
1403715396.412572860717773,48,0,48,0,11
1403715396.462572336196899,46,0,46,0,11
1403715396.512572526931763,44,1,44,0,11
1403715396.562571525573730,43,0,42,0,11
1403715396.612571001052856,50,10,42,7,11
1403715396.662571430206299,48,0,48,0,11
1403715396.712570667266846,48,1,45,0,11
1403715396.762569427490234,46,0,44,0,11
1403715396.812569141387939,44,0,42,1,11
1403715396.862568855285645,44,0,43,0,11
1403715396.912569284439087,42,0,41,1,11
1403715396.962570905685425,40,0,39,0,11
1403715397.012572050094604,41,1,38,2,11
1403715397.062572717666626,41,0,40,1,11
1403715397.112571954727173,40,0,40,0,11
1403715397.162571430206299,40,0,40,0,11
1403715397.212569713592529,41,7,38,3,11
1403715397.262568235397339,40,0,39,1,11
1403715397.312565565109253,40,0,39,0,11
1403715397.362564325332642,42,0,38,2,11
1403715397.412564754486084,41,0,40,0,11
1403715397.462562561035156,49,2,40,9,11
1403715397.512562990188599,48,0,47,0,11
1403715397.562562704086304,47,0,46,0,11
1403715397.612561941146851,46,7,45,1,11
1403715397.662561416625977,47,7,45,2,11
1403715397.712560415267944,46,1,46,0,11
1403715397.762560606002808,44,3,44,0,11
1403715397.812561273574829,48,9,43,5,11
1403715397.862562179565430,49,0,48,1,11
1403715397.912562608718872,48,2,48,0,11
1403715397.962563514709473,47,2,46,0,11
1403715398.012564659118652,48,0,45,1,11
1403715398.062566518783569,48,1,45,1,11
1403715398.112571001052856,48,1,45,1,11
1403715398.162574768066406,48,3,45,2,11
1403715398.212585210800171,49,3,45,1,11
1403715398.262593984603882,47,6,44,2,11
1403715398.312595605850220,46,0,46,0,11
1403715398.362596511840820,50,4,45,4,11
1403715398.412596940994263,49,6,47,0,11
1403715398.462596654891968,49,0,46,2,11
1403715398.512596368789673,46,2,45,0,11
1403715398.562595367431641,50,8,45,4,11
1403715398.612593412399292,50,1,49,1,11
1403715398.662593841552734,49,0,49,0,11
1403715398.712594509124756,48,1,46,0,11
1403715398.762595415115356,47,1,45,0,11
1403715398.812594652175903,48,3,38,4,11
1403715398.862593173980713,49,6,36,2,11
1403715398.912592172622681,49,0,35,6,11
1403715398.962589740753174,49,2,36,5,11
1403715399.012587308883667,49,12,39,3,11
1403715399.062586307525635,48,0,37,4,11
1403715399.112586259841919,47,0,27,1,11
1403715399.162585973739624,48,0,21,6,11
1403715399.212586164474487,46,0,20,12,11
1403715399.262586593627930,41,0,23,2,11
1403715399.312586307525635,36,0,13,2,11
1403715399.362585783004761,30,0,10,3,11
1403715399.412585020065308,27,0,11,9,11
1403715399.462585210800171,25,0,18,3,11
1403715399.512584686279297,25,0,10,2,11
1403715399.562584400177002,25,0,9,2,11
1403715399.612582683563232,25,0,8,11,11
1403715399.662581920623779,25,0,18,3,11
1403715399.712582588195801,25,0,16,3,11
1403715399.762585401535034,25,0,12,1,11
1403715399.812587261199951,25,0,9,5,11
1403715399.862589120864868,30,0,13,12,11
1403715399.912591457366943,33,0,22,7,11
1403715399.962595701217651,38,0,28,6,11
1403715400.012596845626831,40,0,34,5,11
1403715400.062597751617432,47,0,39,8,11
1403715400.112597942352295,47,0,46,0,11
1403715400.162598609924316,49,0,46,2,11
1403715400.212601184844971,50,14,48,2,11
1403715400.262602329254150,50,0,48,0,11
1403715400.312604188919067,50,24,48,0,11
1403715400.362606763839722,50,5,48,2,11
1403715400.412608861923218,50,2,49,0,11
1403715400.462609052658081,50,0,49,0,11
1403715400.512609243392944,48,8,48,0,11
1403715400.562609195709229,49,1,46,2,11
1403715400.612609148025513,45,2,43,1,11
1403715400.662609338760376,44,3,42,0,11
1403715400.712610244750977,43,0,42,0,11
1403715400.762609958648682,42,2,42,0,11
1403715400.812609910964966,50,9,41,8,11
1403715400.862610101699829,49,1,42,0,11
1403715400.912611484527588,48,11,40,1,11
1403715400.962610721588135,46,2,33,4,11
1403715401.012613296508789,49,18,37,4,11
1403715401.062613248825073,46,0,35,6,11
1403715401.112609386444092,47,1,39,1,11
1403715401.162608146667480,45,2,39,4,11
1403715401.212606191635132,45,1,43,2,11
1403715401.262605190277100,45,2,43,0,11
1403715401.312601566314697,45,2,41,0,11
1403715401.362598180770874,43,2,40,1,11
1403715401.412599086761475,49,2,40,8,11
1403715401.462600708007812,49,0,47,0,11
1403715401.512601613998413,49,7,46,1,11
1403715401.562602281570435,49,22,47,1,11
1403715401.612600803375244,49,14,47,2,11
1403715401.662598848342896,50,0,49,1,11
1403715401.712597370147705,50,0,50,0,11
1403715401.762595176696777,50,1,50,0,11
1403715401.812594652175903,48,4,47,0,11
1403715401.862599372863770,48,4,46,0,11
1403715401.912603616714478,47,0,46,0,11
1403715401.962604761123657,47,3,43,1,11
1403715402.012605905532837,46,0,28,1,11
1403715402.062604904174805,45,4,29,2,11
1403715402.112605094909668,43,4,28,12,11
1403715402.162607908248901,45,7,38,5,11
1403715402.212608098983765,48,7,39,7,11
1403715402.262606620788574,50,7,46,2,11
1403715402.312606096267700,47,13,46,1,11
1403715402.362605094909668,47,0,45,1,11
1403715402.412602663040161,48,0,45,1,11
1403715402.462603092193604,47,0,45,0,11
1403715402.512603998184204,46,0,45,0,11
1403715402.562604904174805,46,0,43,2,11
1403715402.612605810165405,45,0,44,0,11
1403715402.662604093551636,48,11,42,5,11
1403715402.712605714797974,45,1,43,0,11
1403715402.762607812881470,45,1,41,3,11
1403715402.812610387802124,47,0,42,3,11
1403715402.862616539001465,49,13,43,3,11
1403715402.912617683410645,46,10,45,1,11
1403715402.962617635726929,45,0,45,0,11
1403715403.012617588043213,45,1,44,0,11
1403715403.062617063522339,45,2,44,0,11
1403715403.112615823745728,44,1,43,1,11
1403715403.162614107131958,44,6,43,0,11
1403715403.212613344192505,43,1,41,0,11
1403715403.262604951858521,49,11,41,7,11
1403715403.312605381011963,48,1,46,0,11
1403715403.362605810165405,48,0,46,1,11
1403715403.412606000900269,48,1,47,1,11
1403715403.462605476379395,50,11,48,2,11
1403715403.512603759765625,50,10,47,0,11
1403715403.562602758407593,50,0,47,0,11
1403715403.612600564956665,47,11,45,1,11
1403715403.662595272064209,49,9,46,2,11
1403715403.712592840194702,48,0,47,0,11
1403715403.762590885162354,45,0,43,0,11
1403715403.812591314315796,44,0,43,0,11
1403715403.862589359283447,47,2,40,7,11
1403715403.912589550018311,47,0,46,0,11
1403715403.962589502334595,47,2,46,0,11
1403715404.012588739395142,48,1,45,2,11
1403715404.062587976455688,48,10,45,2,11
1403715404.112587690353394,45,7,42,1,11
1403715404.162588596343994,42,2,41,0,11
1403715404.212588787078857,46,1,41,5,11
1403715404.262587785720825,50,4,45,4,11
1403715404.312588214874268,50,2,46,0,11
1403715404.362588167190552,48,2,45,0,11
1403715404.412587404251099,46,1,44,2,11
1403715404.462584257125854,48,7,43,4,11
1403715404.512583017349243,43,2,41,0,11
1403715404.562582492828369,40,0,39,0,11
1403715404.612582206726074,41,3,39,1,11
1403715404.662581682205200,43,3,37,6,11
1403715404.712581634521484,42,3,40,2,11
1403715404.762580156326294,47,4,41,6,11
1403715404.812582492828369,44,1,43,1,11
1403715404.862585544586182,48,0,44,4,11
1403715404.912588834762573,49,1,48,1,11
1403715404.962591409683228,49,7,47,0,11
1403715405.012594461441040,49,2,47,0,11
1403715405.062597751617432,49,2,46,2,11
1403715405.112600326538086,49,1,45,0,11
1403715405.162604093551636,50,5,44,2,11
1403715405.212605953216553,49,0,45,2,11
1403715405.262608528137207,49,4,47,2,11
1403715405.312612771987915,49,7,46,1,11
1403715405.362612485885620,46,1,45,0,11
1403715405.412612915039062,44,2,43,0,11
1403715405.462612152099609,41,1,41,0,11
1403715405.512611865997314,40,3,40,0,11
1403715405.562611818313599,45,0,40,5,11
1403715405.612611293792725,43,2,43,0,11
1403715405.662610769271851,44,1,40,2,11
1403715405.712612867355347,50,1,42,6,11
1403715405.762615442276001,49,3,47,2,11
1403715405.812617540359497,47,4,44,1,11
1403715405.862618684768677,46,0,45,0,11
1403715405.912619829177856,47,0,44,2,11
1403715405.962625026702881,41,11,39,2,11
1403715406.012627124786377,42,1,40,1,11
1403715406.062628746032715,41,0,40,0,11
1403715406.112629175186157,39,0,38,0,11
1403715406.162631273269653,43,3,38,5,11
1403715406.212630510330200,42,0,41,0,11
1403715406.262629985809326,41,3,38,0,11
1403715406.312628746032715,41,1,37,0,11
1403715406.362628698348999,43,2,35,6,11
1403715406.412629842758179,45,8,37,6,11
1403715406.462631464004517,46,8,40,3,11
1403715406.512632369995117,44,0,29,0,11
1403715406.562632560729980,47,7,22,6,11
1403715406.612631559371948,34,1,25,1,11
1403715406.662630558013916,27,0,21,2,11
1403715406.712628841400146,24,0,19,0,11
1403715406.762627363204956,24,0,17,3,11
1403715406.812627315521240,21,0,16,1,11
1403715406.862625360488892,22,0,10,3,11
1403715406.912625074386597,22,0,4,3,11
1403715406.962624788284302,17,0,6,2,11
1403715407.012624263763428,11,0,2,2,11
1403715407.062618970870972,20,0,1,11,11
1403715407.112619161605835,17,0,3,3,11
1403715407.162620782852173,17,1,7,2,11
1403715407.212621450424194,9,2,8,0,11
1403715407.262621402740479,8,0,4,0,11
1403715407.312621831893921,8,1,4,1,11
1403715407.362621307373047,7,0,5,2,11
1403715407.412621021270752,7,0,4,0,11
1403715407.462620496749878,5,1,3,0,11
1403715407.512620210647583,3,1,2,1,11
1403715407.562619924545288,3,0,3,0,11
1403715407.612618923187256,4,0,2,1,11
1403715407.662619113922119,4,1,1,0,11
1403715407.712619066238403,3,2,1,0,11
1403715407.762617588043213,0,7,0,0,11
1403715407.812620162963867,9,2,0,9,11
1403715407.862620353698730,11,4,5,2,11
1403715407.912620306015015,11,3,5,0,11
1403715407.962620258331299,8,2,3,3,11
1403715408.012619972229004,5,3,4,0,11
1403715408.062620162963867,4,1,3,0,11
1403715408.112620353698730,3,7,2,1,11
1403715408.162620067596436,3,0,3,0,11
1403715408.212619543075562,5,4,2,2,11
1403715408.262619733810425,7,3,4,2,11
1403715408.312619924545288,6,1,6,0,11
1403715408.362620115280151,20,3,6,14,11
1403715408.412620067596436,22,0,19,2,11
1403715408.462619304656982,22,2,21,0,11
1403715408.512619018554688,22,5,21,1,11
1403715408.562618255615234,24,2,20,3,11
1403715408.612617969512939,27,3,23,3,11
1403715408.662617921829224,26,4,26,0,11
1403715408.712617397308350,26,1,24,1,11
1403715408.762616395950317,27,2,25,1,11
1403715408.812615394592285,26,2,24,2,11
1403715408.862612724304199,31,3,26,5,11
1403715408.912611246109009,33,1,28,5,11
1403715408.962608814239502,35,1,33,2,11
1403715409.012607336044312,34,0,34,0,11
1403715409.062603712081909,38,4,32,6,11
1403715409.112601518630981,38,2,37,0,11
1403715409.162596702575684,42,2,36,5,11
1403715409.212595701217651,38,0,38,0,11
1403715409.262596130371094,38,1,38,0,11
1403715409.312596797943115,38,1,34,4,11
1403715409.362596750259399,37,2,35,0,11
1403715409.412599563598633,37,1,33,2,11
1403715409.462602615356445,39,2,33,4,11
1403715409.512605428695679,42,2,36,4,11
1403715409.562606573104858,41,1,39,0,11
1403715409.612605810165405,45,3,40,5,11
1403715409.662605762481689,45,1,45,0,11
1403715409.712605476379395,45,1,43,0,11
1403715409.762607097625732,46,4,43,2,11
1403715409.812606573104858,48,0,42,3,11
1403715409.862605571746826,50,7,46,2,11
1403715409.912604808807373,49,2,45,1,11
1403715409.962602853775024,49,3,45,1,11
1403715410.012598752975464,48,2,42,3,11
1403715410.062592267990112,44,1,29,0,11
1403715410.112584829330444,43,0,28,2,11
1403715410.162580490112305,39,1,28,8,11
1403715410.212579965591431,39,1,21,1,11
1403715410.262578964233398,36,3,23,1,11
1403715410.312578439712524,33,2,24,9,11
1403715410.362579584121704,37,1,32,5,11
1403715410.412580490112305,37,0,37,0,11
1403715410.462578773498535,49,2,37,12,11
1403715410.512578248977661,49,2,49,0,11
1403715410.562577009201050,49,10,49,0,11
1403715410.612576246261597,49,0,49,0,11
1403715410.662575960159302,49,0,49,0,11
1403715410.712574005126953,49,0,49,0,11
1403715410.762573242187500,50,0,49,1,11
1403715410.812573432922363,50,0,48,0,11
1403715410.862573623657227,50,2,48,0,11
1403715410.912574529647827,49,13,47,1,11
1403715410.962572813034058,48,0,47,0,11
1403715411.012570142745972,48,0,47,1,11
1403715411.062569856643677,48,0,48,0,11
1403715411.112568855285645,48,2,46,1,11
1403715411.162567853927612,47,10,45,1,11
1403715411.212567090988159,47,0,45,1,11
1403715411.262564420700073,46,0,46,0,11
1403715411.312561988830566,46,0,46,0,11
1403715411.362560272216797,47,1,46,1,11
1403715411.412556648254395,47,0,47,0,11
1403715411.462554454803467,47,0,47,0,11
1403715411.512555360794067,48,20,47,1,11
1403715411.562561511993408,47,0,47,0,11
1403715411.612566709518433,47,0,47,0,11
1403715411.662570238113403,47,0,47,0,11
1403715411.712571382522583,47,0,47,0,11
1403715411.762573480606079,49,5,47,2,11
1403715411.812572956085205,49,0,49,0,11
1403715411.862572908401489,49,0,49,0,11
1403715411.912572622299194,49,0,49,0,11
1403715411.962572574615479,49,0,49,0,11
1403715412.012572765350342,49,0,49,0,11
1403715412.062572479248047,49,0,48,0,11
1403715412.112575292587280,49,15,47,0,11
1403715412.162574768066406,49,0,47,1,11
1403715412.212574481964111,48,0,47,0,11
1403715412.262574195861816,48,0,47,0,11
1403715412.312574863433838,48,0,46,1,11
1403715412.362574577331543,48,5,47,0,11
1403715412.412574052810669,48,0,47,1,11
1403715412.462574481964111,48,0,48,0,11
1403715412.512573957443237,48,0,48,0,11
1403715412.562575101852417,48,0,48,0,11
1403715412.612575292587280,48,0,48,0,11
1403715412.662575721740723,48,0,48,0,11
1403715412.712574005126953,49,18,48,1,11
1403715412.762578010559082,49,0,49,0,11
1403715412.812578439712524,50,0,49,1,11
1403715412.862579822540283,50,0,50,0,11
1403715412.912579774856567,50,0,50,0,11
1403715412.962580680847168,50,5,50,0,11
1403715413.012580394744873,50,0,50,0,11
1403715413.062580347061157,49,0,49,0,11
1403715413.112579822540283,49,0,49,0,11
1403715413.162578821182251,49,0,48,0,11
1403715413.212577581405640,49,0,47,0,11
1403715413.262575864791870,49,0,46,1,11
1403715413.312573432922363,47,15,46,1,11
1403715413.362572431564331,47,1,45,0,11
1403715413.412572145462036,46,2,44,0,11
1403715413.462570905685425,44,5,44,0,11
1403715413.512570858001709,44,2,44,0,11
1403715413.562571048736572,47,5,42,3,11
1403715413.612572193145752,46,2,44,0,11
1403715413.662572145462036,45,1,43,2,11
1403715413.712572336196899,44,0,44,0,11
1403715413.762572288513184,45,1,44,1,11
1403715413.812572717666626,47,4,42,4,11
1403715413.862572431564331,45,1,43,0,11
1403715413.912572383880615,46,17,41,3,11
1403715413.962571859359741,46,0,41,1,11
1403715414.012572050094604,44,1,40,1,11
1403715414.062572240829468,44,0,41,3,11
1403715414.112572431564331,42,1,42,0,11
1403715414.162571907043457,42,1,41,0,11
1403715414.212571620941162,40,1,39,0,11
1403715414.262575387954712,45,3,39,6,11
1403715414.312576770782471,44,0,43,0,11
1403715414.362576484680176,43,1,43,0,11
1403715414.412576436996460,45,0,43,2,11
1403715414.462575435638428,44,0,44,0,11
1403715414.512574672698975,46,6,41,2,11
1403715414.562575340270996,45,0,41,0,11
1403715414.612576723098755,43,0,41,0,11
1403715414.662577152252197,41,0,41,0,11
1403715414.712576866149902,41,1,41,0,11
1403715414.762574195861816,41,1,41,0,11
1403715414.812572717666626,39,0,39,0,11
1403715414.862571477890015,39,0,39,0,11
1403715414.912570953369141,38,0,37,0,11
1403715414.962570428848267,38,2,37,0,11
1403715415.012569427490234,38,0,36,1,11
1403715415.062570095062256,38,0,37,0,11
1403715415.112571001052856,44,0,36,7,11
1403715415.162570953369141,45,1,40,1,11
1403715415.212571144104004,44,0,37,0,11
1403715415.262571573257446,43,0,36,2,11
1403715415.312572002410889,40,0,34,1,11
1403715415.362572431564331,39,1,32,1,11
1403715415.412571668624878,36,1,29,1,11
1403715415.462572097778320,35,3,30,4,11
1403715415.512571811676025,33,0,33,0,11
1403715415.562570810317993,33,0,30,0,11
1403715415.612570524215698,33,0,25,0,11
1403715415.662570714950562,32,0,14,2,11
1403715415.712571859359741,29,1,11,5,11
1403715415.762572050094604,23,0,9,3,11
1403715415.812571525573730,17,0,11,1,11
1403715415.862571239471436,15,0,12,3,11
1403715415.912571191787720,15,0,15,0,11
1403715415.962571620941162,15,1,15,0,11
1403715416.012571811676025,15,0,15,0,11
1403715416.062570810317993,15,0,15,0,11
1403715416.112570762634277,15,0,14,0,11
1403715416.162570476531982,15,0,14,0,11
1403715416.212570905685425,14,0,14,0,11
1403715416.262570858001709,14,0,14,0,11
1403715416.312571048736572,15,0,14,1,11
1403715416.362571001052856,15,0,15,0,11
1403715416.412570953369141,15,0,15,0,11
1403715416.462571144104004,15,0,15,0,11
1403715416.512571096420288,15,0,15,0,11
1403715416.562570571899414,15,0,14,0,11
1403715416.612571001052856,15,0,13,0,11
1403715416.662570476531982,15,0,12,1,11
1403715416.712570190429688,15,0,13,1,11
1403715416.762570381164551,15,0,12,1,11
1403715416.812570810317993,15,0,13,0,11
1403715416.862571001052856,15,0,12,2,11
1403715416.912570714950562,15,0,14,0,11
1403715416.962570667266846,15,0,14,1,11
1403715417.012570619583130,15,0,15,0,11
1403715417.062571048736572,15,0,15,0,11
1403715417.112571001052856,15,0,15,0,11
1403715417.162571430206299,15,0,15,0,11
1403715417.212571382522583,15,0,15,0,11
1403715417.262571573257446,15,0,15,0,11
1403715417.312572002410889,15,0,15,0,11
1403715417.362572193145752,15,0,15,0,11
1403715417.412572145462036,15,0,15,0,11
1403715417.462572097778320,15,0,15,0,11
1403715417.512572288513184,16,0,15,1,11
1403715417.562572479248047,16,0,16,0,11
1403715417.612572669982910,16,0,16,0,11
1403715417.662572622299194,16,0,16,0,11
1403715417.712572813034058,18,0,16,2,11
1403715417.762572765350342,20,0,18,2,11
1403715417.812573194503784,20,0,20,0,11
1403715417.862573146820068,21,0,20,1,11
1403715417.912573099136353,21,0,21,0,11
1403715417.962573051452637,21,0,21,0,11
1403715418.012573242187500,21,0,21,0,11
1403715418.062573432922363,21,0,21,0,11
1403715418.112573623657227,22,0,21,1,11
1403715418.162573575973511,22,0,22,0,11
1403715418.212573528289795,22,0,22,0,11
1403715418.262573480606079,22,0,22,0,11
1403715418.312573671340942,22,0,22,0,11
1403715418.362573623657227,22,0,22,0,11
1403715418.412573575973511,22,0,22,0,11
1403715418.462573528289795,22,0,22,0,11
1403715418.512573719024658,22,0,22,0,11
1403715418.562573909759521,22,0,22,0,11
1403715418.612573862075806,22,0,22,0,11
1403715418.662573814392090,22,0,22,0,11
1403715418.712573766708374,22,0,22,0,11
1403715418.762573719024658,22,0,22,0,11
1403715418.812573909759521,22,0,22,0,11
