# timestamp (sec),tracking,propagation,msckf update,slam update,slam delayed,re-tri & marg,total
1403715278.863002300262451,0.02416,0.00034,0.00096,0.00000,0.00000,0.00483,0.03031
1403715278.909403562545776,0.02733,0.00035,0.00837,0.00000,0.00779,0.00219,0.04603
1403715278.959442853927612,0.01869,0.00029,0.00133,0.00589,0.00000,0.00325,0.02945
1403715279.010307788848877,0.01992,0.00035,0.00013,0.00657,0.00000,0.00395,0.03093
1403715279.060608386993408,0.02673,0.00033,0.00003,0.00606,0.00000,0.00344,0.03659
1403715279.111069202423096,0.01733,0.00032,0.00127,0.00617,0.00000,0.00368,0.02877
1403715279.161531686782837,0.01917,0.00033,0.00144,0.00617,0.00000,0.00345,0.03056
1403715279.211843252182007,0.01704,0.00032,0.00193,0.00653,0.00000,0.00406,0.02988
1403715279.261901378631592,0.02118,0.00032,0.00003,0.00620,0.00637,0.00215,0.03624
1403715279.311944961547852,0.01185,0.00017,0.00005,0.00309,0.00599,0.00264,0.02379
1403715279.364542245864868,0.02062,0.00039,0.00003,0.00813,0.00181,0.00236,0.03336
1403715279.416804075241089,0.01816,0.00043,0.00004,0.00813,0.00990,0.00257,0.03923
1403715279.467494487762451,0.01671,0.00019,0.00003,0.00971,0.00000,0.00322,0.02985
1403715279.519009351730347,0.02000,0.00042,0.01697,0.00471,0.00141,0.00247,0.04599
1403715279.569516181945801,0.01116,0.00021,0.00002,0.01049,0.00009,0.00300,0.02496
1403715279.620160341262817,0.02121,0.00041,0.00382,0.00985,0.00150,0.00271,0.03950
1403715279.671708583831787,0.01500,0.00019,0.00002,0.01282,0.00000,0.00245,0.03048
1403715279.722233057022095,0.02399,0.00045,0.00004,0.01083,0.00000,0.00307,0.03838
1403715279.772199869155884,0.02242,0.00041,0.00003,0.01052,0.00000,0.00227,0.03566
1403715279.822231531143188,0.01851,0.00040,0.00010,0.01336,0.00000,0.00274,0.03512
1403715279.872178554534912,0.01932,0.00038,0.00014,0.01053,0.00000,0.00223,0.03261
1403715279.921691894531250,0.01683,0.00041,0.00176,0.01059,0.00000,0.00263,0.03223
1403715279.971206188201904,0.02086,0.00041,0.00356,0.00835,0.00003,0.00218,0.03540
1403715280.021237373352051,0.02295,0.00035,0.00003,0.00882,0.00000,0.00285,0.03501
1403715280.071275949478149,0.02214,0.00039,0.00013,0.00960,0.00000,0.00229,0.03455
1403715280.121256589889526,0.01960,0.00042,0.01925,0.00502,0.00022,0.00205,0.04656
1403715280.170957326889038,0.01230,0.00027,0.00002,0.00623,0.00003,0.00220,0.02105
1403715280.220530271530151,0.01868,0.00047,0.00019,0.01274,0.00171,0.00264,0.03642
1403715280.269669532775879,0.01894,0.00045,0.00033,0.01134,0.00000,0.00244,0.03349
1403715280.319601058959961,0.02067,0.00046,0.00016,0.01268,0.00000,0.00299,0.03697
1403715280.369634628295898,0.01931,0.00040,0.00003,0.01271,0.00000,0.00277,0.03522
1403715280.419636487960815,0.01720,0.00020,0.00002,0.00671,0.00000,0.00328,0.02742
1403715280.469536542892456,0.01986,0.00040,0.00143,0.01146,0.00000,0.00234,0.03548
1403715280.519317865371704,0.01766,0.00041,0.00051,0.00974,0.00022,0.00280,0.03132
1403715280.569061994552612,0.02441,0.00046,0.00280,0.00911,0.00083,0.00242,0.04003
1403715280.618688583374023,0.00865,0.00019,0.00068,0.00484,0.00348,0.00264,0.02048
1403715280.668568849563599,0.01941,0.00050,0.00136,0.00993,0.00000,0.00233,0.03353
1403715280.718382358551025,0.02566,0.00040,0.01544,0.00549,0.00006,0.00262,0.04966
1403715280.768342494964600,0.01375,0.00023,0.00115,0.01008,0.00157,0.00270,0.02949
1403715280.818227291107178,0.02406,0.00043,0.00190,0.00752,0.00004,0.00200,0.03594
1403715280.868034839630127,0.02072,0.00040,0.00150,0.01022,0.00001,0.00293,0.03579
1403715280.918035507202148,0.02459,0.00039,0.00387,0.00810,0.00033,0.00229,0.03957
1403715280.967781782150269,0.02252,0.00040,0.00061,0.00942,0.00406,0.00230,0.03931
1403715281.017574310302734,0.01974,0.00042,0.00074,0.00718,0.00025,0.00351,0.03184
1403715281.067474842071533,0.02931,0.00041,0.00031,0.00603,0.00059,0.00361,0.04026
1403715281.117354393005371,0.02040,0.00042,0.00052,0.00647,0.00128,0.00370,0.03279
1403715281.167008876800537,0.02173,0.00035,0.00088,0.00752,0.00550,0.00207,0.03806
1403715281.216945886611938,0.01966,0.00035,0.00186,0.00654,0.00019,0.00301,0.03161
1403715281.267143487930298,0.02510,0.00052,0.00042,0.00968,0.00023,0.00309,0.03904
1403715281.317203521728516,0.02790,0.00036,0.01061,0.00335,0.00917,0.00280,0.05418
1403715281.367124080657959,0.01111,0.00016,0.00061,0.00417,0.00000,0.00226,0.01831
1403715281.417095422744751,0.02026,0.00039,0.00014,0.01157,0.00036,0.00364,0.03636
1403715281.466975688934326,0.02427,0.00047,0.01139,0.00420,0.00271,0.00216,0.04521
1403715281.516883373260498,0.01587,0.00031,0.00003,0.01324,0.00000,0.00293,0.03238
1403715281.566760778427124,0.02322,0.00046,0.00004,0.01195,0.00000,0.00257,0.03824
1403715281.616697549819946,0.02256,0.00051,0.00048,0.01217,0.00036,0.00315,0.03923
1403715281.666627168655396,0.02254,0.00041,0.00024,0.00914,0.00019,0.00242,0.03493
1403715281.716588258743286,0.02821,0.00034,0.00157,0.00594,0.00022,0.00294,0.03922
1403715281.766456604003906,0.02379,0.00040,0.00046,0.00772,0.00036,0.00275,0.03548
1403715281.816500663757324,0.02647,0.00032,0.00026,0.00659,0.00001,0.00332,0.03697
1403715281.866399765014648,0.01911,0.00043,0.01345,0.00368,0.01192,0.00198,0.05057
1403715281.916427135467529,0.00793,0.00016,0.00484,0.00479,0.00221,0.00220,0.02213
1403715281.966545104980469,0.01854,0.00038,0.00003,0.01381,0.00000,0.00257,0.03534
1403715282.016688108444214,0.02389,0.00050,0.00021,0.01160,0.00000,0.00287,0.03907
1403715282.066833972930908,0.02554,0.00047,0.01239,0.00560,0.00018,0.00243,0.04661
1403715282.116877079010010,0.01439,0.00032,0.00010,0.01324,0.00000,0.00291,0.03097
1403715282.166988134384155,0.01797,0.00039,0.00003,0.01308,0.00000,0.00250,0.03397
1403715282.216969251632690,0.01890,0.00044,0.00031,0.00970,0.00054,0.00286,0.03275
1403715282.267014026641846,0.01991,0.00039,0.00031,0.00987,0.00035,0.00244,0.03328
1403715282.317066192626953,0.02887,0.00033,0.00012,0.00777,0.00020,0.00226,0.03956
1403715282.367086410522461,0.02103,0.00034,0.00038,0.00809,0.00041,0.00224,0.03248
1403715282.417006969451904,0.02256,0.00042,0.00014,0.01121,0.00004,0.00272,0.03709
1403715282.466995477676392,0.02270,0.00041,0.01000,0.00500,0.00313,0.00259,0.04384
1403715282.516933679580688,0.01328,0.00022,0.00517,0.00418,0.00243,0.00250,0.02778
1403715282.566978693008423,0.01960,0.00043,0.00264,0.00923,0.00000,0.00245,0.03434
1403715282.616967201232910,0.00979,0.00019,0.00107,0.00577,0.00021,0.00289,0.01992
1403715282.667028903961182,0.01002,0.00019,0.00423,0.00558,0.00457,0.00240,0.02699
1403715282.717006206512451,0.02671,0.00052,0.00166,0.00946,0.00000,0.00237,0.04072
1403715282.767002344131470,0.02162,0.00040,0.00175,0.01319,0.00000,0.00240,0.03937
1403715282.817087888717651,0.01916,0.00053,0.00201,0.01103,0.00018,0.00212,0.03503
1403715282.867048501968384,0.01655,0.00018,0.02210,0.00555,0.00126,0.00224,0.04789
1403715282.916958808898926,0.01059,0.00020,0.00012,0.00873,0.00024,0.00270,0.02258
1403715282.967069149017334,0.01636,0.00018,0.00044,0.00970,0.00000,0.00254,0.02923
1403715283.017091035842896,0.01166,0.00016,0.00012,0.00845,0.00025,0.00298,0.02362
1403715283.067107200622559,0.02071,0.00045,0.00831,0.00672,0.00228,0.00226,0.04073
1403715283.117117881774902,0.02082,0.00030,0.00556,0.00637,0.00000,0.00238,0.03543
1403715283.167062520980835,0.01803,0.00046,0.00117,0.01389,0.00000,0.00227,0.03583
1403715283.217084169387817,0.02187,0.00043,0.00004,0.01266,0.00025,0.00259,0.03784
1403715283.267080545425415,0.02076,0.00042,0.01101,0.00651,0.00020,0.00226,0.04116
1403715283.317061901092529,0.01947,0.00047,0.00028,0.01318,0.00040,0.00227,0.03608
1403715283.366975545883179,0.02165,0.00049,0.00141,0.01354,0.00023,0.00241,0.03971
1403715283.416841268539429,0.02277,0.00046,0.00004,0.01395,0.00000,0.00254,0.03976
1403715283.466728925704956,0.02173,0.00048,0.01698,0.00478,0.00205,0.00224,0.04825
1403715283.516637086868286,0.00928,0.00020,0.00018,0.00483,0.00000,0.00228,0.01677
1403715283.566578626632690,0.03347,0.00031,0.00010,0.00748,0.00000,0.00222,0.04358
1403715283.616584300994873,0.02451,0.00044,0.00037,0.00769,0.00000,0.00243,0.03544
1403715283.666582345962524,0.02435,0.00039,0.00056,0.00805,0.00371,0.00202,0.03907
1403715283.716495037078857,0.02129,0.00039,0.00355,0.00653,0.00467,0.00263,0.03906
1403715283.766526460647583,0.02917,0.00043,0.00005,0.01100,0.00000,0.00263,0.04329
1403715283.816576719284058,0.00663,0.00018,0.00008,0.00559,0.00029,0.00281,0.01558
1403715283.866572618484497,0.02148,0.00041,0.00966,0.00764,0.00127,0.00262,0.04308
1403715283.916582822799683,0.02084,0.00032,0.00014,0.00872,0.00000,0.00273,0.03275
1403715283.966598987579346,0.02783,0.00042,0.00004,0.00952,0.00000,0.00258,0.04039
1403715284.016674518585205,0.03012,0.00043,0.00005,0.01071,0.00000,0.00241,0.04373
1403715284.066757678985596,0.02173,0.00040,0.01728,0.00538,0.00311,0.00260,0.05051
1403715284.116822481155396,0.00837,0.00032,0.01636,0.00610,0.00000,0.00265,0.03380
1403715284.166814804077148,0.03043,0.00053,0.00830,0.00632,0.00000,0.00249,0.04807
1403715284.216765165328979,0.02058,0.00056,0.00013,0.00838,0.00018,0.00259,0.03241
1403715284.266711950302124,0.02059,0.00046,0.00047,0.00917,0.00055,0.00234,0.03358
1403715284.316632032394409,0.03010,0.00071,0.00540,0.00812,0.00000,0.00308,0.04741
1403715284.366645812988281,0.02494,0.00039,0.00026,0.01383,0.00021,0.00249,0.04213
1403715284.416730403900146,0.02253,0.00036,0.00144,0.00896,0.00000,0.00249,0.03578
1403715284.466635465621948,0.02701,0.00040,0.00858,0.00677,0.00000,0.00251,0.04527
1403715284.516785860061646,0.02458,0.00030,0.00030,0.00749,0.00030,0.00248,0.03545
1403715284.566804885864258,0.00804,0.00017,0.00001,0.00631,0.00000,0.00233,0.01686
1403715284.616816282272339,0.01626,0.00018,0.00008,0.00978,0.00000,0.00255,0.02886
1403715284.666801929473877,0.02125,0.00018,0.01465,0.00519,0.00240,0.00260,0.04626
1403715284.716945171356201,0.01048,0.00020,0.01416,0.00570,0.00037,0.00250,0.03340
1403715284.766946077346802,0.01303,0.00022,0.00311,0.00836,0.00030,0.00256,0.02758
1403715284.816917181015015,0.02615,0.00048,0.00005,0.01196,0.00000,0.00249,0.04114
1403715284.866894006729126,0.02004,0.00050,0.00004,0.01480,0.00000,0.00232,0.03769
1403715284.916939973831177,0.02543,0.00039,0.00344,0.00982,0.00000,0.00246,0.04154
1403715284.966979026794434,0.01330,0.00035,0.00010,0.01337,0.00000,0.00259,0.02970
1403715285.017017602920532,0.01771,0.00041,0.00016,0.01373,0.00000,0.00249,0.03451
1403715285.067009210586548,0.02011,0.00040,0.00704,0.00655,0.00001,0.00243,0.03653
1403715285.116818428039551,0.01983,0.00040,0.00020,0.00931,0.00020,0.00214,0.03208
1403715285.166697740554810,0.02238,0.00040,0.00011,0.00822,0.00000,0.00395,0.03506
1403715285.216633081436157,0.01068,0.00019,0.00088,0.00108,0.00038,0.00230,0.01551
1403715285.266184568405151,0.01590,0.00031,0.01361,0.00149,0.00362,0.00232,0.03725
1403715285.315758228302002,0.01991,0.00042,0.01409,0.00274,0.00138,0.00222,0.04077
1403715285.365775585174561,0.01671,0.00041,0.00011,0.01239,0.00173,0.00215,0.03350
1403715285.415829896926880,0.01871,0.00047,0.00036,0.00970,0.00040,0.00219,0.03184
1403715285.465852022171021,0.02068,0.00045,0.00050,0.01278,0.00000,0.00223,0.03665
1403715285.515957593917847,0.02181,0.00065,0.00046,0.01169,0.00116,0.00338,0.03915
1403715285.566038846969604,0.02920,0.00044,0.00029,0.00862,0.00021,0.00240,0.04116
1403715285.616033315658569,0.02319,0.00051,0.00004,0.01259,0.00000,0.00253,0.03887
1403715285.666025400161743,0.02318,0.00047,0.00532,0.00941,0.00222,0.00242,0.04302
1403715285.715984106063843,0.02099,0.00036,0.00086,0.00824,0.00000,0.00289,0.03336
1403715285.765949487686157,0.00735,0.00015,0.00123,0.00532,0.00000,0.00228,0.01634
1403715285.815868139266968,0.01634,0.00026,0.00115,0.00989,0.00000,0.00318,0.03083
1403715285.865785360336304,0.02051,0.00041,0.01237,0.00542,0.00420,0.00233,0.04523
1403715285.915725946426392,0.01379,0.00028,0.01626,0.00556,0.00121,0.00216,0.03925
1403715285.965763807296753,0.01355,0.00030,0.00003,0.01306,0.00000,0.00241,0.02935
1403715286.015844106674194,0.02171,0.00070,0.00006,0.01339,0.00000,0.00305,0.03891
1403715286.065871000289917,0.02609,0.00043,0.00003,0.00926,0.00000,0.00245,0.03826
1403715286.115839481353760,0.02124,0.00076,0.00179,0.01263,0.00000,0.00283,0.03926
1403715286.165807723999023,0.02178,0.00038,0.00015,0.01009,0.00000,0.00209,0.03451
1403715286.215770244598389,0.02467,0.00076,0.00005,0.01215,0.00000,0.00285,0.04049
1403715286.265755176544189,0.02548,0.00041,0.00185,0.00992,0.00112,0.00229,0.04107
1403715286.315748453140259,0.01939,0.00071,0.00106,0.01165,0.00000,0.00283,0.03565
1403715286.365712642669678,0.02602,0.00041,0.00296,0.00970,0.00000,0.00240,0.04150
1403715286.415717601776123,0.02123,0.00075,0.00004,0.01188,0.00000,0.00297,0.03688
1403715286.465640783309937,0.02253,0.00043,0.00858,0.00481,0.00019,0.00229,0.03883
1403715286.515668869018555,0.02534,0.00071,0.02008,0.00222,0.00172,0.00322,0.05328
1403715286.565686464309692,0.01263,0.00020,0.00020,0.00114,0.00075,0.00277,0.01769
1403715286.615681886672974,0.02684,0.00087,0.00199,0.00158,0.00310,0.00388,0.03826
1403715286.665694952011108,0.02172,0.00046,0.00180,0.00458,0.00272,0.00358,0.03485
1403715286.715710401535034,0.00916,0.00016,0.00032,0.00152,0.00052,0.00277,0.01445
1403715286.765673398971558,0.00902,0.00018,0.00019,0.00177,0.00000,0.00285,0.01402
1403715286.815626621246338,0.01188,0.00025,0.00033,0.00116,0.00071,0.00268,0.01701
1403715286.865599632263184,0.02207,0.00040,0.00039,0.00243,0.00205,0.00399,0.03132
1403715286.915607213973999,0.01185,0.00020,0.00010,0.00167,0.00015,0.00314,0.01711
1403715286.965629816055298,0.03127,0.00035,0.00043,0.00306,0.00115,0.00364,0.03990
1403715287.015643835067749,0.00871,0.00012,0.00015,0.00125,0.00019,0.00280,0.01322
1403715287.065550804138184,0.02444,0.00036,0.00279,0.00303,0.01338,0.00200,0.04600
1403715287.115514755249023,0.01925,0.00030,0.00618,0.00191,0.01150,0.00267,0.04180
1403715287.165546417236328,0.00739,0.00017,0.00019,0.00352,0.00036,0.00246,0.01410
1403715287.215564727783203,0.00718,0.00017,0.00039,0.00368,0.00004,0.00252,0.01398
1403715287.265566110610962,0.01921,0.00019,0.00071,0.00618,0.00100,0.00315,0.03044
1403715287.315556764602661,0.01979,0.00039,0.00175,0.00904,0.00023,0.00318,0.03438
1403715287.365560293197632,0.02293,0.00043,0.00129,0.00881,0.00000,0.00359,0.03705
1403715287.415557622909546,0.02231,0.00039,0.00340,0.00589,0.00001,0.00326,0.03526
1403715287.465564966201782,0.02041,0.00035,0.00122,0.00704,0.00188,0.00226,0.03317
1403715287.515607118606567,0.02356,0.00041,0.00082,0.00729,0.00894,0.00233,0.04336
1403715287.565599918365479,0.01949,0.00030,0.00008,0.00694,0.00000,0.00236,0.02918
1403715287.615588903427124,0.02083,0.00041,0.00030,0.00923,0.00000,0.00302,0.03379
1403715287.665589570999146,0.00872,0.00014,0.00321,0.00332,0.00689,0.00237,0.02465
1403715287.715648412704468,0.00785,0.00023,0.00442,0.00533,0.00135,0.00280,0.02198
1403715287.765709161758423,0.03024,0.00048,0.00215,0.00772,0.00000,0.00243,0.04304
1403715287.815748214721680,0.02027,0.00069,0.00236,0.00897,0.00028,0.00271,0.03528
1403715287.865779399871826,0.02141,0.00043,0.00116,0.00843,0.00025,0.00234,0.03402
1403715287.915782451629639,0.02211,0.00034,0.00177,0.00616,0.00431,0.00192,0.03660
1403715287.965802907943726,0.02131,0.00045,0.00004,0.00828,0.00075,0.00235,0.03318
1403715288.015815734863281,0.02710,0.00051,0.00116,0.00529,0.00018,0.00259,0.03683
1403715288.065857172012329,0.01931,0.00042,0.00027,0.01009,0.00644,0.00229,0.03882
1403715288.115858793258667,0.02903,0.00062,0.00154,0.00880,0.00134,0.00292,0.04425
1403715288.165861845016479,0.02320,0.00043,0.00033,0.01034,0.00000,0.00234,0.03664
1403715288.215854883193970,0.02347,0.00061,0.00004,0.00853,0.00000,0.00304,0.03568
1403715288.265859127044678,0.02211,0.00043,0.00025,0.00956,0.00479,0.00210,0.03925
1403715288.315832138061523,0.01969,0.00027,0.00896,0.00453,0.00222,0.00290,0.03857
1403715288.365786552429199,0.02077,0.00041,0.00015,0.01044,0.00000,0.00240,0.03418
1403715288.415765762329102,0.02021,0.00049,0.00007,0.00954,0.00127,0.00239,0.03397
1403715288.465762138366699,0.01702,0.00022,0.00455,0.00580,0.00000,0.00238,0.02998
1403715288.515759706497192,0.01991,0.00051,0.00726,0.00825,0.00000,0.00283,0.03876
1403715288.565808773040771,0.02220,0.00052,0.01111,0.00589,0.00017,0.00232,0.04222
1403715288.615828990936279,0.01704,0.00026,0.00012,0.00796,0.00043,0.00343,0.02925
1403715288.665871620178223,0.02497,0.00051,0.00076,0.01093,0.00130,0.00238,0.04084
1403715288.715844631195068,0.01583,0.00022,0.00467,0.00844,0.00000,0.00270,0.03187
1403715288.765836000442505,0.01941,0.00045,0.00004,0.01364,0.00000,0.00228,0.03582
1403715288.815815687179565,0.02412,0.00051,0.00011,0.00837,0.00026,0.00272,0.03609
1403715288.865792512893677,0.00980,0.00019,0.00019,0.00565,0.00000,0.00224,0.01808
1403715288.915776014328003,0.02152,0.00050,0.01137,0.00505,0.00112,0.00210,0.04166
1403715288.965781688690186,0.01600,0.00042,0.00003,0.01266,0.00000,0.00292,0.03203
1403715289.015785932540894,0.01899,0.00045,0.00023,0.01230,0.00000,0.00304,0.03501
1403715289.065785169601440,0.02113,0.00042,0.00682,0.00728,0.00127,0.00202,0.03894
1403715289.115785360336304,0.02105,0.00064,0.00049,0.00898,0.00237,0.00228,0.03581
1403715289.165770530700684,0.02116,0.00050,0.01025,0.00573,0.00214,0.00255,0.04232
1403715289.215734004974365,0.01636,0.00064,0.00011,0.01134,0.00000,0.00385,0.03230
1403715289.265725612640381,0.01891,0.00038,0.00062,0.00891,0.00035,0.00293,0.03210
1403715289.315713167190552,0.02565,0.00068,0.00488,0.00576,0.00301,0.00253,0.04251
1403715289.365701913833618,0.02915,0.00041,0.00086,0.00910,0.00100,0.00248,0.04300
1403715289.415669918060303,0.02145,0.00046,0.00984,0.00623,0.00128,0.00266,0.04193
1403715289.465665817260742,0.02637,0.00052,0.00041,0.01054,0.00046,0.00261,0.04091
1403715289.515571117401123,0.00756,0.00025,0.00456,0.00578,0.00275,0.00233,0.02322
1403715289.565566539764404,0.00780,0.00016,0.00001,0.00512,0.00000,0.00211,0.01521
1403715289.615550279617310,0.02990,0.00044,0.00062,0.00744,0.00000,0.00235,0.04075
1403715289.665538549423218,0.01866,0.00044,0.00026,0.01013,0.00357,0.00219,0.03525
1403715289.715492725372314,0.02419,0.00050,0.00174,0.00734,0.00056,0.00264,0.03697
1403715289.765442848205566,0.02142,0.00045,0.01036,0.00681,0.00056,0.00217,0.04177
1403715289.815406322479248,0.01837,0.00039,0.00003,0.00880,0.00000,0.00222,0.02981
1403715289.865369081497192,0.01947,0.00045,0.01056,0.00733,0.00114,0.00206,0.04100
1403715289.915355682373047,0.01980,0.00047,0.00281,0.00701,0.00000,0.00293,0.03302
1403715289.965339899063110,0.01732,0.00033,0.00013,0.00795,0.00001,0.00235,0.02809
1403715290.015291213989258,0.01808,0.00047,0.01435,0.00556,0.00111,0.00259,0.04217
1403715290.065289735794067,0.00779,0.00020,0.00007,0.00930,0.00001,0.00278,0.02016
1403715290.115271329879761,0.02372,0.00070,0.00034,0.00943,0.00074,0.00276,0.03769
1403715290.165229082107544,0.02037,0.00064,0.01278,0.00543,0.00077,0.00220,0.04218
1403715290.215188026428223,0.02096,0.00071,0.00006,0.01349,0.00000,0.00263,0.03785
1403715290.265194892883301,0.01948,0.00045,0.00004,0.01043,0.00000,0.00218,0.03258
1403715290.315221548080444,0.01909,0.00076,0.00004,0.01127,0.00000,0.00279,0.03395
1403715290.365232467651367,0.02393,0.00046,0.00191,0.01086,0.00000,0.00246,0.03962
1403715290.415266036987305,0.01901,0.00069,0.00093,0.01318,0.00000,0.00291,0.03673
1403715290.465250492095947,0.00857,0.00015,0.00052,0.00577,0.00001,0.00216,0.01718
1403715290.515215396881104,0.00948,0.00032,0.00145,0.00946,0.00005,0.00277,0.02352
1403715290.565168857574463,0.01820,0.00045,0.00013,0.01113,0.00072,0.00226,0.03290
1403715290.615173816680908,0.01939,0.00072,0.01080,0.00540,0.00022,0.00273,0.03927
1403715290.665162324905396,0.02759,0.00042,0.00005,0.00971,0.00070,0.00246,0.04091
1403715290.715136766433716,0.02366,0.00047,0.00068,0.01118,0.00003,0.00226,0.03827
1403715290.765128850936890,0.02074,0.00045,0.01398,0.00547,0.00219,0.00283,0.04565
1403715290.815156698226929,0.01453,0.00025,0.00012,0.00983,0.00000,0.00283,0.02756
1403715290.865178108215332,0.01942,0.00046,0.00019,0.01188,0.00000,0.00225,0.03420
1403715290.915181875228882,0.02075,0.00059,0.00004,0.00989,0.00000,0.00294,0.03422
1403715290.965186834335327,0.00944,0.00018,0.00148,0.00575,0.00178,0.00240,0.02104
1403715291.015167951583862,0.02389,0.00075,0.00149,0.01058,0.00000,0.00282,0.03954
1403715291.065167665481567,0.02456,0.00040,0.00831,0.00721,0.00112,0.00239,0.04399
1403715291.115145444869995,0.00788,0.00025,0.00109,0.00539,0.00108,0.00247,0.01816
1403715291.165116310119629,0.02503,0.00039,0.00254,0.00852,0.00000,0.00219,0.03867
1403715291.215103626251221,0.02377,0.00041,0.01157,0.00603,0.00003,0.00225,0.04406
1403715291.265123844146729,0.01836,0.00040,0.00019,0.01331,0.00000,0.00254,0.03480
1403715291.315125703811646,0.02125,0.00063,0.00167,0.01207,0.00167,0.00306,0.04035
1403715291.365113019943237,0.02722,0.00041,0.01327,0.00545,0.00107,0.00248,0.04990
1403715291.415107011795044,0.01221,0.00030,0.00032,0.00684,0.00000,0.00215,0.02182
1403715291.465133666992188,0.02020,0.00080,0.00029,0.01447,0.00000,0.00262,0.03839
1403715291.515155792236328,0.02078,0.00044,0.00262,0.01092,0.00000,0.00326,0.03803
1403715291.565162420272827,0.02184,0.00031,0.00020,0.01022,0.00000,0.00282,0.03540
1403715291.615160465240479,0.02174,0.00039,0.00004,0.01050,0.00000,0.00325,0.03592
1403715291.665155172348022,0.02202,0.00048,0.00140,0.00741,0.00012,0.00214,0.03357
1403715291.715158462524414,0.01938,0.00049,0.00037,0.00949,0.00029,0.00280,0.03282
1403715291.765162706375122,0.02499,0.00050,0.00004,0.01133,0.00400,0.00220,0.04306
1403715291.815159320831299,0.01278,0.00029,0.00112,0.00560,0.00065,0.00266,0.02310
1403715291.865144491195679,0.02171,0.00040,0.00572,0.00840,0.00000,0.00274,0.03897
1403715291.915147304534912,0.01627,0.00035,0.00016,0.01116,0.00928,0.00274,0.03997
1403715291.965108633041382,0.01950,0.00038,0.01420,0.00550,0.00117,0.00241,0.04317
1403715292.015120744705200,0.01605,0.00042,0.00003,0.00797,0.00000,0.00279,0.02725
1403715292.065124273300171,0.01703,0.00038,0.00016,0.01193,0.00000,0.00256,0.03207
1403715292.115111827850342,0.01940,0.00059,0.00093,0.00846,0.00000,0.00272,0.03209
1403715292.165109157562256,0.02455,0.00040,0.00003,0.01224,0.00000,0.00251,0.03974
1403715292.215081691741943,0.01742,0.00063,0.00004,0.01294,0.00000,0.00319,0.03422
1403715292.265037775039673,0.02163,0.00040,0.00512,0.00880,0.00005,0.00245,0.03846
1403715292.315011978149414,0.02757,0.00068,0.00681,0.00432,0.00132,0.00284,0.04354
1403715292.364968299865723,0.01932,0.00044,0.00065,0.01197,0.00068,0.00226,0.03532
1403715292.414942979812622,0.02783,0.00070,0.00022,0.01009,0.00007,0.00296,0.04187
1403715292.464899539947510,0.02863,0.00044,0.00210,0.00970,0.00000,0.00248,0.04335
1403715292.514892339706421,0.01915,0.00061,0.00043,0.01306,0.00085,0.00241,0.03651
1403715292.564861536026001,0.03146,0.00039,0.00758,0.00520,0.00222,0.00237,0.04922
1403715292.614828109741211,0.02066,0.00044,0.00101,0.01154,0.00000,0.00254,0.03619
1403715292.664803266525269,0.02126,0.00034,0.00130,0.00663,0.00000,0.00210,0.03163
1403715292.714782476425171,0.02011,0.00063,0.00086,0.00824,0.00018,0.00300,0.03302
1403715292.764732837677002,0.02453,0.00049,0.00144,0.00844,0.00089,0.00262,0.03841
1403715292.814688444137573,0.01958,0.00034,0.00129,0.01086,0.00000,0.00282,0.03489
1403715292.864584684371948,0.02492,0.00034,0.00481,0.00470,0.00604,0.00208,0.04289
1403715292.914587259292603,0.01394,0.00034,0.00021,0.01131,0.00067,0.00272,0.02918
1403715292.964576005935669,0.01961,0.00080,0.00344,0.01177,0.00136,0.00220,0.03919
1403715293.014556884765625,0.00847,0.00018,0.00008,0.00625,0.00005,0.00253,0.01756
1403715293.064540147781372,0.02048,0.00043,0.00303,0.00827,0.00000,0.00227,0.03447
1403715293.114535093307495,0.02122,0.00075,0.00050,0.01142,0.00255,0.00215,0.03858
1403715293.164534807205200,0.02366,0.00050,0.00910,0.00630,0.00209,0.00243,0.04409
1403715293.214529514312744,0.02610,0.00048,0.00992,0.00470,0.00213,0.00230,0.04564
1403715293.264534711837769,0.01453,0.00030,0.00116,0.00939,0.00000,0.00256,0.02794
1403715293.314544200897217,0.01945,0.00047,0.00108,0.00973,0.00001,0.00270,0.03345
1403715293.364551782608032,0.02466,0.00040,0.00026,0.01011,0.00023,0.00304,0.03872
1403715293.414556503295898,0.01932,0.00043,0.01311,0.00434,0.00787,0.00225,0.04732
1403715293.464559793472290,0.01174,0.00026,0.00107,0.01154,0.00000,0.00243,0.02703
1403715293.514552831649780,0.02097,0.00045,0.00038,0.01122,0.00000,0.00227,0.03530
1403715293.564550161361694,0.02864,0.00040,0.00158,0.00834,0.00000,0.00238,0.04135
1403715293.614556789398193,0.02194,0.00038,0.00024,0.01076,0.00000,0.00278,0.03610
1403715293.664561271667480,0.02092,0.00038,0.00014,0.00949,0.00000,0.00290,0.03384
1403715293.714545011520386,0.02302,0.00039,0.01157,0.00346,0.01040,0.00230,0.05115
1403715293.764526128768921,0.00746,0.00019,0.00094,0.00510,0.00116,0.00237,0.01722
1403715293.814485073089600,0.01888,0.00052,0.00989,0.00570,0.00134,0.00207,0.03840
1403715293.864475488662720,0.02167,0.00025,0.00023,0.00763,0.00017,0.00223,0.03218
1403715293.914460182189941,0.01861,0.00093,0.00055,0.01124,0.00000,0.00265,0.03398
1403715293.964428186416626,0.02188,0.00046,0.00108,0.00963,0.00000,0.00234,0.03540
1403715294.014405250549316,0.01945,0.00043,0.01164,0.00646,0.00222,0.00213,0.04232
1403715294.064367055892944,0.01489,0.00033,0.00822,0.00833,0.00001,0.00224,0.03402
1403715294.114351987838745,0.02341,0.00042,0.00913,0.00646,0.00120,0.00258,0.04319
1403715294.164349555969238,0.01989,0.00036,0.00128,0.00741,0.00000,0.00200,0.03094
1403715294.214348077774048,0.02155,0.00050,0.00045,0.01277,0.00000,0.00285,0.03813
1403715294.264322757720947,0.02716,0.00046,0.01176,0.00477,0.00224,0.00246,0.04885
1403715294.314306735992432,0.01868,0.00032,0.00724,0.00674,0.00300,0.00231,0.03829
1403715294.364298820495605,0.01854,0.00044,0.00245,0.01068,0.00024,0.00230,0.03465
1403715294.414283275604248,0.01738,0.00040,0.00012,0.01250,0.00157,0.00210,0.03407
1403715294.464273452758789,0.01783,0.00040,0.00003,0.01082,0.00000,0.00217,0.03125
1403715294.514264822006226,0.01961,0.00045,0.00040,0.01010,0.00018,0.00243,0.03317
1403715294.564235210418701,0.01934,0.00039,0.00003,0.01258,0.00000,0.00246,0.03482
1403715294.614216804504395,0.02032,0.00043,0.00294,0.00813,0.00609,0.00225,0.04017
1403715294.664208650588989,0.02641,0.00044,0.01380,0.00572,0.00000,0.00219,0.04857
1403715294.714206933975220,0.01192,0.00032,0.00473,0.00576,0.00110,0.00224,0.02608
1403715294.764215707778931,0.02208,0.00048,0.00013,0.01410,0.00000,0.00222,0.03901
1403715294.814218759536743,0.01953,0.00046,0.00204,0.01227,0.00000,0.00260,0.03691
1403715294.864213705062866,0.02498,0.00046,0.01011,0.00598,0.00152,0.00226,0.04532
1403715294.914212226867676,0.01531,0.00036,0.00096,0.01305,0.00000,0.00253,0.03221
1403715294.964197397232056,0.02098,0.00048,0.00069,0.01139,0.00000,0.00251,0.03604
1403715295.014195919036865,0.01315,0.00020,0.00055,0.00515,0.00000,0.00258,0.02164
1403715295.064184427261353,0.02081,0.00042,0.00138,0.00883,0.00000,0.00226,0.03371
1403715295.114178657531738,0.01386,0.00033,0.00014,0.01075,0.00000,0.00333,0.02841
1403715295.164174556732178,0.02189,0.00044,0.00024,0.01069,0.00000,0.00318,0.03644
1403715295.214138746261597,0.01964,0.00042,0.00947,0.00465,0.00268,0.00237,0.03923
1403715295.264135122299194,0.01987,0.00030,0.00309,0.00613,0.00512,0.00229,0.03680
1403715295.314142942428589,0.01889,0.00035,0.00264,0.00752,0.00325,0.00219,0.03483
1403715295.364149808883667,0.02577,0.00050,0.00011,0.01215,0.00000,0.00246,0.04100
1403715295.414148569107056,0.02689,0.00047,0.00051,0.01185,0.00000,0.00237,0.04209
1403715295.464148044586182,0.02299,0.00040,0.00798,0.00568,0.00000,0.00245,0.03950
1403715295.514137506484985,0.01401,0.00020,0.01042,0.00685,0.00000,0.00230,0.03379
1403715295.564125299453735,0.01902,0.00043,0.00876,0.00486,0.00118,0.00218,0.03643
1403715295.614107131958008,0.02035,0.00037,0.00003,0.00909,0.00000,0.00244,0.03228
1403715295.664067029953003,0.02169,0.00042,0.00021,0.01271,0.00023,0.00212,0.03738
1403715295.714034318923950,0.00758,0.00016,0.00001,0.00562,0.00000,0.00238,0.01575
1403715295.764009714126587,0.00949,0.00028,0.00006,0.00526,0.00000,0.00319,0.01828
1403715295.814037799835205,0.01961,0.00045,0.00982,0.00467,0.00034,0.00203,0.03692
1403715295.864018917083740,0.01926,0.00041,0.00079,0.00576,0.00096,0.00252,0.02970
1403715295.914018392562866,0.02501,0.00040,0.00073,0.00211,0.00152,0.00379,0.03356
1403715295.964020013809204,0.02510,0.00037,0.00066,0.00229,0.00027,0.00378,0.03248
1403715296.014009237289429,0.01978,0.00040,0.00111,0.00166,0.00226,0.00511,0.03033
1403715296.063983201980591,0.01770,0.00031,0.00023,0.00456,0.00835,0.00241,0.03355
1403715296.113959550857544,0.01836,0.00037,0.00013,0.00592,0.00672,0.00225,0.03374
1403715296.163941621780396,0.01878,0.00024,0.00003,0.00519,0.00763,0.00268,0.03455
1403715296.213926553726196,0.02085,0.00048,0.00204,0.00794,0.00003,0.00345,0.03479
1403715296.263902187347412,0.01978,0.00036,0.00159,0.00551,0.00000,0.00362,0.03086
1403715296.313903331756592,0.01956,0.00043,0.00132,0.00682,0.00000,0.00378,0.03190
1403715296.363922595977783,0.02425,0.00049,0.00087,0.00593,0.00060,0.00373,0.03586
1403715296.413938760757446,0.03264,0.00036,0.00043,0.00510,0.00615,0.00243,0.04712
1403715296.463931560516357,0.02426,0.00039,0.01021,0.00277,0.00796,0.00224,0.04784
1403715296.513951301574707,0.01095,0.00023,0.00148,0.00772,0.00001,0.00299,0.02339
1403715296.563973665237427,0.02251,0.00044,0.00130,0.00852,0.00174,0.00282,0.03734
1403715296.614011526107788,0.02194,0.00045,0.00026,0.00761,0.00628,0.00256,0.03910
1403715296.664034605026245,0.01743,0.00042,0.00962,0.00661,0.00124,0.00248,0.03780
1403715296.714029788970947,0.01939,0.00045,0.00116,0.00799,0.00000,0.00224,0.03124
1403715296.764025211334229,0.02071,0.00044,0.00783,0.00630,0.00000,0.00232,0.03760
1403715296.814018487930298,0.01879,0.00043,0.00192,0.01132,0.00000,0.00228,0.03475
1403715296.864012002944946,0.01985,0.00046,0.00006,0.01211,0.00000,0.00281,0.03529
1403715296.914006948471069,0.02031,0.00041,0.00228,0.00907,0.00000,0.00237,0.03444
1403715296.963966608047485,0.01796,0.00053,0.02109,0.00453,0.00000,0.00228,0.04639
1403715297.013907670974731,0.02591,0.00040,0.00992,0.00582,0.00000,0.00270,0.04476
1403715297.063819408416748,0.00905,0.00021,0.00544,0.00467,0.00005,0.00253,0.02195
1403715297.113747835159302,0.01887,0.00047,0.00029,0.00911,0.00000,0.00286,0.03160
1403715297.163698196411133,0.02574,0.00050,0.00034,0.00789,0.00073,0.00283,0.03803
1403715297.213685989379883,0.02081,0.00042,0.00129,0.00985,0.00000,0.00330,0.03568
1403715297.263672113418579,0.02027,0.00045,0.00283,0.00631,0.00246,0.00238,0.03470
1403715297.313675642013550,0.02022,0.00049,0.00012,0.00895,0.00000,0.00294,0.03273
1403715297.363665819168091,0.02381,0.00050,0.00023,0.00941,0.00316,0.00233,0.03943
1403715297.413657426834106,0.03333,0.00047,0.00021,0.00704,0.00020,0.00243,0.04368
1403715297.463631868362427,0.01762,0.00016,0.00003,0.00750,0.00000,0.00359,0.02890
1403715297.513612985610962,0.02595,0.00037,0.00159,0.00627,0.00000,0.00246,0.03664
1403715297.563554048538208,0.00702,0.00019,0.01045,0.00383,0.00415,0.00226,0.02790
1403715297.613543510437012,0.01676,0.00023,0.00360,0.00391,0.00015,0.00236,0.02701
1403715297.663535833358765,0.02182,0.00047,0.01088,0.00473,0.00180,0.00234,0.04203
1403715297.713528871536255,0.02523,0.00044,0.00209,0.00813,0.00000,0.00276,0.03864
1403715297.763524532318115,0.02023,0.00041,0.00078,0.01053,0.00000,0.00330,0.03525
1403715297.813482761383057,0.01974,0.00043,0.00033,0.00905,0.00000,0.00293,0.03250
1403715297.863447904586792,0.01833,0.00041,0.00212,0.00721,0.00024,0.00238,0.03069
1403715297.913397789001465,0.01819,0.00040,0.00345,0.00638,0.00000,0.00257,0.03099
1403715297.963321208953857,0.01998,0.00041,0.01559,0.00290,0.00306,0.00230,0.04423
1403715298.013314247131348,0.01940,0.00030,0.00338,0.00671,0.00001,0.00272,0.03252
1403715298.063314437866211,0.02714,0.00046,0.00224,0.00697,0.00000,0.00282,0.03964
1403715298.113321304321289,0.01883,0.00039,0.00066,0.00730,0.00000,0.00311,0.03029
1403715298.163317441940308,0.01942,0.00038,0.00919,0.00365,0.00827,0.00204,0.04295
1403715298.213307857513428,0.01382,0.00028,0.00496,0.00808,0.00047,0.00271,0.03032
1403715298.263295412063599,0.01956,0.00042,0.00743,0.00460,0.00341,0.00191,0.03734
1403715298.313299655914307,0.02388,0.00041,0.00115,0.00907,0.00000,0.00260,0.03711
1403715298.363315105438232,0.02642,0.00045,0.00024,0.00701,0.00001,0.00255,0.03668
1403715298.413319587707520,0.02277,0.00035,0.00030,0.00733,0.00001,0.00244,0.03319
1403715298.463324069976807,0.02012,0.00050,0.00042,0.00822,0.00054,0.00311,0.03291
1403715298.513316869735718,0.02192,0.00040,0.00080,0.00816,0.00000,0.00268,0.03397
1403715298.563262462615967,0.02196,0.00060,0.01503,0.00355,0.00618,0.00224,0.04956
1403715298.613244056701660,0.00901,0.00020,0.00032,0.00568,0.00107,0.00333,0.01962
1403715298.663221597671509,0.02346,0.00049,0.00125,0.01126,0.00002,0.00283,0.03930
1403715298.713207960128784,0.02098,0.00050,0.00172,0.00939,0.00036,0.00279,0.03574
1403715298.763181924819946,0.02603,0.00041,0.00195,0.00826,0.00277,0.00218,0.04161
1403715298.813153266906738,0.01382,0.00017,0.00097,0.00624,0.00009,0.00238,0.02366
1403715298.863073110580444,0.02033,0.00075,0.01276,0.00431,0.00023,0.00209,0.04047
1403715298.913057327270508,0.02309,0.00030,0.00675,0.00408,0.00238,0.00242,0.03901
1403715298.963064670562744,0.02132,0.00050,0.00053,0.01097,0.00004,0.00250,0.03586
1403715299.013062000274658,0.02149,0.00037,0.00012,0.00881,0.00066,0.00227,0.03371
1403715299.063056707382202,0.02121,0.00043,0.00004,0.00933,0.00009,0.00257,0.03366
1403715299.113047361373901,0.02014,0.00051,0.00013,0.00916,0.00000,0.00255,0.03250
1403715299.163035154342651,0.01354,0.00022,0.00755,0.00447,0.00344,0.00244,0.03166
1403715299.213030576705933,0.00744,0.00018,0.00011,0.00458,0.00033,0.00227,0.01492
1403715299.263025522232056,0.02014,0.00068,0.00018,0.01031,0.00082,0.00247,0.03461
1403715299.313010454177856,0.01969,0.00050,0.00461,0.00880,0.00096,0.00227,0.03683
1403715299.362999200820923,0.01868,0.00019,0.00684,0.00543,0.00034,0.00228,0.03376
1403715299.413008689880371,0.02789,0.00032,0.00177,0.00615,0.00008,0.00239,0.03861
1403715299.463007926940918,0.02546,0.00052,0.00868,0.00406,0.00265,0.00223,0.04359
1403715299.513010263442993,0.01503,0.00046,0.00652,0.00726,0.00148,0.00220,0.03295
1403715299.563012361526489,0.02222,0.00050,0.00036,0.01008,0.00001,0.00304,0.03621
1403715299.613014459609985,0.02286,0.00044,0.00044,0.00951,0.00001,0.00317,0.03644
1403715299.663013458251953,0.02239,0.00047,0.00105,0.00827,0.00102,0.00304,0.03623
1403715299.713006973266602,0.02612,0.00035,0.00047,0.00698,0.00000,0.00285,0.03678
1403715299.762997150421143,0.02564,0.00037,0.00543,0.00443,0.00899,0.00223,0.04710
1403715299.812991619110107,0.01508,0.00020,0.00042,0.00616,0.00000,0.00302,0.02488
1403715299.862978458404541,0.02069,0.00040,0.00219,0.01025,0.00000,0.00269,0.03622
1403715299.912961006164551,0.01999,0.00050,0.00979,0.00435,0.00165,0.00197,0.03825
1403715299.962946176528931,0.00646,0.00015,0.00115,0.00435,0.00000,0.00204,0.01417
1403715300.012956857681274,0.00777,0.00019,0.00028,0.00408,0.00000,0.00207,0.01439
1403715300.062956094741821,0.02479,0.00046,0.00222,0.00643,0.00338,0.00236,0.03963
1403715300.112954139709473,0.02050,0.00047,0.00283,0.00795,0.00463,0.00197,0.03835
1403715300.162972927093506,0.02419,0.00047,0.00851,0.00434,0.00227,0.00207,0.04186
1403715300.212983608245850,0.01882,0.00040,0.00049,0.00958,0.00026,0.00350,0.03305
1403715300.262988090515137,0.02376,0.00039,0.00080,0.00860,0.00167,0.00242,0.03764
1403715300.312984943389893,0.02073,0.00043,0.00193,0.00828,0.00020,0.00278,0.03433
1403715300.362974405288696,0.02526,0.00039,0.00128,0.00681,0.00123,0.00240,0.03737
1403715300.412974119186401,0.02027,0.00047,0.00089,0.00996,0.00597,0.00227,0.03983
1403715300.462972164154053,0.01795,0.00046,0.00089,0.01082,0.00000,0.00277,0.03289
1403715300.512972831726074,0.01848,0.00041,0.00586,0.00574,0.00505,0.00219,0.03774
1403715300.562967777252197,0.01986,0.00042,0.00289,0.01111,0.00000,0.00247,0.03676
1403715300.612948656082153,0.01875,0.00051,0.01101,0.00598,0.00317,0.00206,0.04147
1403715300.662948131561279,0.01431,0.00034,0.00028,0.00812,0.00062,0.00205,0.02571
1403715300.712947130203247,0.02433,0.00052,0.00840,0.00764,0.00000,0.00241,0.04329
1403715300.762932777404785,0.01926,0.00051,0.01039,0.00733,0.00000,0.00216,0.03965
1403715300.812907457351685,0.01583,0.00019,0.01091,0.00588,0.00000,0.00222,0.03504
1403715300.862895488739014,0.02459,0.00051,0.00711,0.00846,0.00000,0.00208,0.04276
1403715300.912889957427979,0.01757,0.00073,0.00014,0.00829,0.00000,0.00268,0.02941
1403715300.962883710861206,0.02619,0.00044,0.00019,0.01209,0.00000,0.00239,0.04131
1403715301.012872457504272,0.01862,0.00073,0.00624,0.00944,0.00019,0.00262,0.03784
1403715301.062868356704712,0.02372,0.00033,0.00011,0.00821,0.00000,0.00234,0.03471
1403715301.112855195999146,0.02061,0.00070,0.00695,0.00928,0.00000,0.00274,0.04028
1403715301.162849664688110,0.02535,0.00045,0.00123,0.01119,0.00000,0.00223,0.04046
1403715301.212844371795654,0.02128,0.00066,0.00687,0.00637,0.00000,0.00280,0.03799
1403715301.262832641601562,0.00783,0.00026,0.00105,0.00594,0.00000,0.00224,0.01733
1403715301.312827348709106,0.01878,0.00083,0.00211,0.01295,0.00000,0.00278,0.03745
1403715301.362811803817749,0.02083,0.00047,0.00948,0.00736,0.00000,0.00230,0.04044
1403715301.412803649902344,0.01992,0.00072,0.01514,0.00562,0.00000,0.00275,0.04416
1403715301.462799787521362,0.01509,0.00030,0.00718,0.00786,0.00000,0.00224,0.03268
1403715301.512821435928345,0.01873,0.00078,0.00005,0.01567,0.00000,0.00302,0.03825
1403715301.562843084335327,0.01619,0.00036,0.00003,0.01214,0.00000,0.00251,0.03123
1403715301.612863063812256,0.01508,0.00029,0.00177,0.00472,0.00000,0.00256,0.02442
1403715301.662863492965698,0.02195,0.00041,0.00045,0.00943,0.00044,0.00290,0.03559
1403715301.712854862213135,0.02139,0.00084,0.00038,0.01084,0.00318,0.00267,0.03930
1403715301.762818574905396,0.01631,0.00032,0.00018,0.00576,0.00038,0.00210,0.02506
1403715301.812778711318970,0.01904,0.00063,0.00344,0.00698,0.00005,0.00256,0.03270
1403715301.862753868103027,0.02011,0.00031,0.00003,0.01080,0.00004,0.00248,0.03377
1403715301.912737369537354,0.02207,0.00069,0.00283,0.00871,0.00014,0.00296,0.03740
1403715301.962738990783691,0.02092,0.00050,0.00390,0.00896,0.00006,0.00224,0.03658
1403715302.012741327285767,0.02094,0.00085,0.00941,0.00539,0.00268,0.00251,0.04178
1403715302.062749862670898,0.01538,0.00047,0.00541,0.00997,0.00000,0.00207,0.03331
1403715302.112765789031982,0.02106,0.00049,0.00006,0.01290,0.00000,0.00280,0.03731
1403715302.162773609161377,0.02146,0.00052,0.01275,0.00518,0.00016,0.00242,0.04249
1403715302.212769031524658,0.01569,0.00034,0.00056,0.01186,0.00132,0.00218,0.03195
1403715302.262768030166626,0.02047,0.00045,0.00004,0.00978,0.00000,0.00260,0.03335
1403715302.312770605087280,0.02488,0.00052,0.00207,0.01099,0.00019,0.00221,0.04085
1403715302.362767457962036,0.02137,0.00043,0.00006,0.01213,0.00000,0.00248,0.03647
1403715302.412755250930786,0.02217,0.00047,0.00959,0.00653,0.00003,0.00237,0.04117
1403715302.462756872177124,0.02102,0.00045,0.00018,0.01226,0.00031,0.00287,0.03711
1403715302.512764215469360,0.02117,0.00053,0.00217,0.00952,0.00051,0.00270,0.03660
1403715302.562778472900391,0.02118,0.00051,0.00618,0.00808,0.00052,0.00276,0.03923
1403715302.612779140472412,0.01962,0.00039,0.01088,0.00596,0.00101,0.00221,0.04008
1403715302.662786960601807,0.01344,0.00033,0.00097,0.01116,0.00000,0.00262,0.02851
1403715302.712795972824097,0.02012,0.00047,0.00115,0.01214,0.00000,0.00227,0.03615
1403715302.762815237045288,0.01891,0.00052,0.01079,0.00576,0.00001,0.00220,0.03819
1403715302.812824010848999,0.01365,0.00031,0.00003,0.00745,0.00021,0.00226,0.02391
1403715302.862831592559814,0.02029,0.00048,0.01127,0.00615,0.00061,0.00243,0.04123
1403715302.912831068038940,0.02052,0.00045,0.00173,0.01158,0.00076,0.00230,0.03733
1403715302.962829589843750,0.02138,0.00056,0.00031,0.01293,0.00002,0.00261,0.03781
1403715303.012831449508667,0.01815,0.00046,0.00993,0.00699,0.00112,0.00233,0.03897
1403715303.062833786010742,0.02548,0.00051,0.00198,0.01009,0.00001,0.00256,0.04062
1403715303.112838983535767,0.01885,0.00049,0.00321,0.01048,0.00079,0.00209,0.03591
1403715303.162840843200684,0.02080,0.00049,0.00940,0.00702,0.00019,0.00217,0.04006
1403715303.212875604629517,0.01262,0.00027,0.00475,0.00586,0.00004,0.00228,0.02582
1403715303.262885332107544,0.01681,0.00025,0.00237,0.00600,0.00017,0.00247,0.02806
1403715303.312904119491577,0.00868,0.00020,0.00255,0.00476,0.00000,0.00241,0.01861
1403715303.362898349761963,0.01874,0.00019,0.01069,0.00453,0.00010,0.00218,0.03644
1403715303.412887573242188,0.02116,0.00047,0.00249,0.00975,0.00059,0.00250,0.03695
1403715303.462871074676514,0.01924,0.00047,0.00716,0.00492,0.00119,0.00220,0.03519
1403715303.512856483459473,0.02113,0.00059,0.00183,0.01048,0.00026,0.00261,0.03689
1403715303.562838792800903,0.02082,0.00040,0.00130,0.01011,0.00032,0.00297,0.03593
1403715303.612814188003540,0.01707,0.00018,0.00147,0.00606,0.00132,0.00262,0.02872
1403715303.662795782089233,0.02165,0.00046,0.00066,0.00466,0.00171,0.00263,0.03178
1403715303.712769031524658,0.02157,0.00044,0.00520,0.00532,0.00121,0.00299,0.03674
1403715303.762750387191772,0.02004,0.00049,0.00316,0.00610,0.00216,0.00261,0.03457
1403715303.812748193740845,0.01645,0.00017,0.01018,0.00253,0.01281,0.00260,0.04475
1403715303.862747907638550,0.01202,0.00020,0.00056,0.00408,0.00151,0.00214,0.02051
1403715303.912744760513306,0.02375,0.00049,0.00169,0.00867,0.00000,0.00299,0.03760
1403715303.962748050689697,0.02242,0.00046,0.00016,0.00865,0.00490,0.00247,0.03906
1403715304.012750148773193,0.02356,0.00048,0.00073,0.01005,0.00000,0.00327,0.03810
1403715304.062755584716797,0.02225,0.00050,0.00017,0.01085,0.00162,0.00298,0.03836
1403715304.112757682800293,0.01481,0.00019,0.00009,0.00434,0.00007,0.00338,0.02288
1403715304.162760734558105,0.02839,0.00052,0.00024,0.00869,0.00026,0.00335,0.04145
1403715304.212759256362915,0.02666,0.00056,0.00178,0.00746,0.00095,0.00236,0.03977
1403715304.262759208679199,0.02622,0.00048,0.00043,0.00885,0.00202,0.00298,0.04098
1403715304.312760591506958,0.01449,0.00018,0.00006,0.00821,0.00097,0.00321,0.02713
1403715304.362764596939087,0.01959,0.00038,0.00961,0.00560,0.00210,0.00221,0.03949
1403715304.412769556045532,0.01638,0.00031,0.02049,0.00458,0.00384,0.00226,0.04787
1403715304.462772369384766,0.00764,0.00020,0.00002,0.00657,0.00000,0.00272,0.01714
1403715304.512774944305420,0.02086,0.00048,0.00004,0.01091,0.00000,0.00248,0.03477
1403715304.562778711318970,0.02076,0.00054,0.00004,0.01047,0.00000,0.00241,0.03422
1403715304.612778902053833,0.02637,0.00038,0.00020,0.00695,0.00006,0.00238,0.03634
1403715304.662779569625854,0.01900,0.00045,0.00019,0.01201,0.00000,0.00267,0.03432
1403715304.712782859802246,0.01980,0.00051,0.00018,0.00999,0.00026,0.00243,0.03318
1403715304.762782812118530,0.01992,0.00052,0.00014,0.01025,0.00029,0.00224,0.03336
1403715304.812786102294922,0.01638,0.00019,0.00005,0.00695,0.00004,0.00251,0.02613
1403715304.862784862518311,0.02046,0.00048,0.00118,0.00980,0.00016,0.00240,0.03448
1403715304.912786006927490,0.02661,0.00054,0.00017,0.00998,0.00025,0.00288,0.04043
1403715304.962787866592407,0.02787,0.00051,0.00928,0.00468,0.00060,0.00268,0.04562
1403715305.012791156768799,0.02048,0.00042,0.01783,0.00459,0.00539,0.00199,0.05070
1403715305.062793254852295,0.00826,0.00022,0.00026,0.00532,0.00000,0.00212,0.01619
1403715305.112794876098633,0.02272,0.00054,0.00020,0.01292,0.00000,0.00227,0.03866
1403715305.162788391113281,0.02118,0.00052,0.00004,0.01303,0.00000,0.00267,0.03745
1403715305.212783098220825,0.02242,0.00049,0.00015,0.00974,0.00021,0.00229,0.03529
1403715305.262777805328369,0.02249,0.00047,0.00005,0.00923,0.00000,0.00231,0.03457
1403715305.312777280807495,0.02071,0.00049,0.00005,0.01328,0.00006,0.00258,0.03717
1403715305.362775087356567,0.01021,0.00021,0.00063,0.00548,0.00004,0.00259,0.01915
1403715305.412774085998535,0.02033,0.00055,0.00005,0.01092,0.00004,0.00240,0.03430
1403715305.462766885757446,0.02321,0.00047,0.01415,0.00480,0.00139,0.00243,0.04644
1403715305.512767314910889,0.01448,0.00024,0.00003,0.00645,0.00000,0.00230,0.02350
1403715305.562766075134277,0.02068,0.00049,0.00815,0.00653,0.00060,0.00236,0.03880
1403715305.612754583358765,0.02793,0.00039,0.01561,0.00525,0.00000,0.00260,0.05178
1403715305.662754774093628,0.01082,0.00024,0.00007,0.01005,0.00000,0.00292,0.02411
1403715305.712753057479858,0.02527,0.00042,0.00016,0.01056,0.00023,0.00264,0.03928
1403715305.762752056121826,0.02068,0.00049,0.00068,0.01169,0.00000,0.00256,0.03609
1403715305.812751770019531,0.01962,0.00020,0.00082,0.00694,0.00017,0.00245,0.03020
1403715305.862749576568604,0.02190,0.00051,0.00128,0.01074,0.00001,0.00259,0.03703
1403715305.912750005722046,0.01854,0.00045,0.00004,0.00914,0.00081,0.00231,0.03129
1403715305.962749481201172,0.02743,0.00051,0.00020,0.01054,0.00089,0.00244,0.04201
1403715306.012747287750244,0.02099,0.00048,0.00155,0.01030,0.00074,0.00261,0.03667
1403715306.062747240066528,0.02617,0.00046,0.01407,0.00468,0.00111,0.00237,0.04888
1403715306.112747192382812,0.01169,0.00024,0.00012,0.00598,0.00000,0.00225,0.02028
1403715306.162747859954834,0.02345,0.00051,0.01124,0.00458,0.00021,0.00229,0.04228
1403715306.212748527526855,0.02092,0.00046,0.01980,0.00527,0.00224,0.00206,0.05074
1403715306.262744426727295,0.00830,0.00021,0.00008,0.00782,0.00029,0.00337,0.02007
1403715306.312737703323364,0.01826,0.00044,0.00086,0.00930,0.00000,0.00214,0.03100
1403715306.362727880477905,0.01824,0.00040,0.00121,0.00944,0.00022,0.00211,0.03162
1403715306.412711143493652,0.01901,0.00044,0.00381,0.00814,0.00000,0.00216,0.03355
1403715306.462688446044922,0.01953,0.00046,0.00099,0.00909,0.00000,0.00243,0.03250
1403715306.512668848037720,0.01940,0.00041,0.00206,0.00836,0.00000,0.00224,0.03247
1403715306.562658071517944,0.01912,0.00038,0.00325,0.00659,0.00065,0.00245,0.03246
1403715306.612644195556641,0.02364,0.00035,0.00486,0.00372,0.00110,0.00258,0.03625
1403715306.662624120712280,0.02128,0.00041,0.01033,0.00223,0.00352,0.00210,0.03987
1403715306.712617397308350,0.01883,0.00043,0.00414,0.00335,0.00107,0.00343,0.03125
1403715306.762612581253052,0.02055,0.00043,0.00723,0.00309,0.00379,0.00245,0.03754
1403715306.812615871429443,0.01482,0.00019,0.00409,0.00306,0.00443,0.00241,0.02899
1403715306.862614870071411,0.02090,0.00042,0.00238,0.00897,0.00025,0.00294,0.03587
1403715306.912603616714478,0.03349,0.00028,0.00143,0.00427,0.00015,0.00232,0.04195
1403715306.962600231170654,0.01978,0.00038,0.00060,0.00655,0.00031,0.00501,0.03264
1403715307.012602567672729,0.02230,0.00043,0.00203,0.00536,0.00166,0.00283,0.03461
1403715307.062603712081909,0.02589,0.00049,0.00432,0.00426,0.00021,0.00263,0.03780
1403715307.112605810165405,0.02042,0.00047,0.00003,0.00675,0.00000,0.00361,0.03128
1403715307.162606000900269,0.01870,0.00039,0.00122,0.00652,0.01650,0.00228,0.04562
1403715307.212605476379395,0.01380,0.00025,0.00061,0.00465,0.00054,0.00218,0.02203
1403715307.262603998184204,0.03169,0.00049,0.00133,0.00830,0.00285,0.00300,0.04765
1403715307.312602043151855,0.01272,0.00022,0.00100,0.00939,0.00000,0.00301,0.02634
1403715307.362601280212402,0.02622,0.00052,0.00757,0.00619,0.00183,0.00251,0.04483
1403715307.412601470947266,0.00877,0.00021,0.00352,0.00500,0.00001,0.00263,0.02014
1403715307.462634563446045,0.01779,0.00037,0.01209,0.00419,0.00309,0.00198,0.03951
1403715307.512637376785278,0.00766,0.00019,0.00040,0.00542,0.00000,0.00315,0.01682
1403715307.562639713287354,0.01792,0.00047,0.00058,0.00883,0.00102,0.00276,0.03158
1403715307.612638950347900,0.02491,0.00043,0.00171,0.00800,0.00031,0.00287,0.03824
1403715307.662639617919922,0.02393,0.00043,0.00044,0.00799,0.00484,0.00244,0.04005
1403715307.712641954421997,0.01863,0.00017,0.00051,0.00665,0.00000,0.00343,0.02939
1403715307.762646436691284,0.02314,0.00042,0.00350,0.00562,0.00421,0.00226,0.03915
1403715307.812648534774780,0.01888,0.00046,0.01358,0.00343,0.00573,0.00291,0.04499
1403715307.862652778625488,0.01211,0.00029,0.00036,0.00872,0.00037,0.00385,0.02570
1403715307.912655353546143,0.03228,0.00050,0.00151,0.00735,0.00002,0.00293,0.04458
1403715307.962665081024170,0.01771,0.00028,0.00071,0.00504,0.00075,0.00222,0.02672
1403715308.012670516967773,0.02013,0.00037,0.00142,0.00607,0.00078,0.00241,0.03118
1403715308.062680482864380,0.02099,0.00043,0.00844,0.00341,0.00657,0.00200,0.04184
1403715308.112679004669189,0.01951,0.00025,0.00018,0.00502,0.00016,0.00236,0.02748
1403715308.162676572799683,0.02905,0.00046,0.00105,0.00712,0.00000,0.00256,0.04023
1403715308.212671995162964,0.02674,0.00042,0.00022,0.00879,0.00057,0.00286,0.03960
1403715308.262664079666138,0.02069,0.00046,0.01503,0.00359,0.00376,0.00266,0.04620
1403715308.312667131423950,0.01168,0.00017,0.00043,0.00372,0.00001,0.00244,0.01844
1403715308.362666606903076,0.02265,0.00018,0.00078,0.00552,0.00020,0.00310,0.03243
1403715308.412663221359253,0.02168,0.00046,0.00063,0.00897,0.00725,0.00255,0.04153
1403715308.462648868560791,0.02370,0.00031,0.00574,0.00381,0.00135,0.00232,0.03724
1403715308.512644290924072,0.02687,0.00036,0.00090,0.00586,0.00081,0.00227,0.03708
1403715308.562640905380249,0.02398,0.00046,0.00024,0.00993,0.00000,0.00276,0.03737
1403715308.612637519836426,0.02389,0.00038,0.00004,0.00782,0.00005,0.00253,0.03470
1403715308.662631988525391,0.02338,0.00047,0.01813,0.00422,0.00433,0.00243,0.05295
1403715308.712634086608887,0.00855,0.00020,0.00005,0.00494,0.00000,0.00255,0.01629
1403715308.762639522552490,0.02764,0.00049,0.00004,0.00991,0.00000,0.00280,0.04088
1403715308.812644481658936,0.02655,0.00054,0.00081,0.00683,0.00021,0.00295,0.03789
1403715308.862661838531494,0.02903,0.00047,0.01186,0.00481,0.00003,0.00299,0.04918
1403715308.912663459777832,0.01820,0.00037,0.00003,0.01216,0.00000,0.00316,0.03392
1403715308.962665319442749,0.02222,0.00052,0.00212,0.01080,0.00000,0.00273,0.03839
1403715309.012667894363403,0.02057,0.00047,0.00222,0.01074,0.00000,0.00260,0.03659
1403715309.062669277191162,0.02610,0.00039,0.01913,0.00476,0.00115,0.00229,0.05381
1403715309.112669944763184,0.00827,0.00019,0.00252,0.00592,0.00000,0.00253,0.01943
1403715309.162665605545044,0.02733,0.00044,0.00004,0.00938,0.00000,0.00253,0.03973
1403715309.212664604187012,0.02001,0.00049,0.00012,0.01252,0.00005,0.00252,0.03571
1403715309.262675046920776,0.01903,0.00043,0.01771,0.00512,0.00020,0.00233,0.04482
1403715309.312666416168213,0.00817,0.00019,0.00083,0.00469,0.00000,0.00218,0.01606
1403715309.362657070159912,0.02229,0.00052,0.00196,0.01266,0.00000,0.00273,0.04016
1403715309.412654876708984,0.00984,0.00019,0.00002,0.00494,0.00022,0.00244,0.01765
1403715309.462668895721436,0.01293,0.00018,0.01050,0.00494,0.00221,0.00232,0.03308
1403715309.512677431106567,0.01899,0.00045,0.00150,0.00843,0.00000,0.00254,0.03191
1403715309.562679052352905,0.02574,0.00042,0.00004,0.01118,0.00000,0.00260,0.03998
1403715309.612675666809082,0.02212,0.00049,0.00046,0.01195,0.00000,0.00235,0.03737
1403715309.662673711776733,0.01975,0.00050,0.01443,0.00503,0.00000,0.00224,0.04194
1403715309.712671041488647,0.01580,0.00036,0.00332,0.01071,0.00000,0.00232,0.03251
1403715309.762667179107666,0.02483,0.00050,0.00004,0.01092,0.00000,0.00264,0.03894
1403715309.812664270401001,0.02049,0.00049,0.00013,0.01284,0.00000,0.00271,0.03666
1403715309.862666130065918,0.02375,0.00049,0.01395,0.00446,0.00002,0.00226,0.04494
1403715309.912661790847778,0.01469,0.00030,0.00010,0.01019,0.00028,0.00310,0.02866
1403715309.962656736373901,0.02087,0.00044,0.00012,0.01071,0.00000,0.00256,0.03470
1403715310.012645959854126,0.02011,0.00052,0.00016,0.01077,0.00050,0.00242,0.03446
1403715310.062635183334351,0.02147,0.00047,0.01185,0.00469,0.00109,0.00249,0.04206
1403715310.112634420394897,0.02034,0.00035,0.00069,0.00758,0.00000,0.00224,0.03120
1403715310.162639379501343,0.02292,0.00034,0.00135,0.00713,0.00000,0.00236,0.03409
1403715310.212646722793579,0.00798,0.00017,0.00097,0.00457,0.00000,0.00277,0.01646
1403715310.262651681900024,0.02118,0.00040,0.00943,0.00411,0.00464,0.00245,0.04221
1403715310.312657833099365,0.01515,0.00028,0.00152,0.00586,0.00067,0.00254,0.02602
1403715310.362660646438599,0.02121,0.00046,0.00093,0.00831,0.00002,0.00224,0.03316
1403715310.412663221359253,0.02717,0.00051,0.00014,0.00943,0.00000,0.00288,0.04013
1403715310.462650775909424,0.02285,0.00042,0.01421,0.00369,0.00296,0.00270,0.04684
1403715310.512645721435547,0.02514,0.00054,0.00004,0.01116,0.00000,0.00295,0.03983
1403715310.562638521194458,0.02322,0.00044,0.00052,0.01019,0.00000,0.00254,0.03690
1403715310.612627744674683,0.01932,0.00039,0.00015,0.00705,0.00000,0.00238,0.02929
1403715310.662611722946167,0.02832,0.00042,0.00810,0.00548,0.00316,0.00226,0.04774
1403715310.712598085403442,0.02188,0.00032,0.00853,0.00434,0.00109,0.00228,0.03845
1403715310.762593984603882,0.02151,0.00040,0.00153,0.01008,0.00000,0.00239,0.03590
1403715310.812592744827271,0.02692,0.00046,0.00140,0.00678,0.00000,0.00250,0.03806
1403715310.862591028213501,0.02713,0.00042,0.01006,0.00502,0.00020,0.00250,0.04532
1403715310.912591934204102,0.01884,0.00050,0.00017,0.01117,0.00005,0.00281,0.03353
1403715310.962589502334595,0.02036,0.00047,0.00115,0.00904,0.00111,0.00232,0.03446
1403715311.012589931488037,0.02123,0.00042,0.00114,0.00794,0.00000,0.00256,0.03330
1403715311.062587976455688,0.02047,0.00041,0.01374,0.00397,0.00212,0.00228,0.04299
1403715311.112589597702026,0.01448,0.00025,0.00602,0.00460,0.00062,0.00243,0.02840
1403715311.162588834762573,0.02580,0.00035,0.00016,0.00713,0.00000,0.00253,0.03597
1403715311.212588548660278,0.02012,0.00045,0.00004,0.01222,0.00000,0.00283,0.03566
1403715311.262592792510986,0.01927,0.00044,0.01985,0.00462,0.00128,0.00256,0.04802
1403715311.312593936920166,0.00825,0.00025,0.00658,0.00425,0.00001,0.00225,0.02160
1403715311.362594842910767,0.02088,0.00042,0.00004,0.01188,0.00000,0.00321,0.03644
1403715311.412595748901367,0.01963,0.00046,0.00020,0.01205,0.00001,0.00293,0.03528
1403715311.462593078613281,0.00834,0.00018,0.00431,0.00449,0.00054,0.00246,0.02033
1403715311.512593746185303,0.01351,0.00017,0.00002,0.00630,0.00000,0.00305,0.02304
1403715311.562593221664429,0.02000,0.00049,0.00129,0.01021,0.00000,0.00304,0.03503
1403715311.612596750259399,0.02620,0.00040,0.00139,0.00832,0.00000,0.00277,0.03908
1403715311.662596940994263,0.01717,0.00017,0.00846,0.00592,0.00575,0.00226,0.03972
1403715311.712597846984863,0.01873,0.00034,0.00571,0.00471,0.00170,0.00223,0.03343
1403715311.762600183486938,0.01981,0.00044,0.00016,0.00938,0.00000,0.00260,0.03239
1403715311.812603712081909,0.01997,0.00041,0.00015,0.00975,0.00026,0.00285,0.03339
1403715311.862600088119507,0.02560,0.00039,0.01370,0.00379,0.00085,0.00217,0.04650
1403715311.912600994110107,0.01446,0.00029,0.00693,0.00375,0.00121,0.00222,0.02886
1403715311.962600231170654,0.02671,0.00036,0.00042,0.00622,0.00000,0.00257,0.03627
1403715312.012597322463989,0.02686,0.00046,0.00013,0.00937,0.00084,0.00287,0.04053
1403715312.062593698501587,0.02023,0.00043,0.00994,0.00552,0.00213,0.00234,0.04060
1403715312.112589836120605,0.02534,0.00028,0.00035,0.00595,0.00000,0.00255,0.03448
1403715312.162590265274048,0.01869,0.00041,0.00430,0.00873,0.00000,0.00258,0.03472
1403715312.212590217590332,0.02075,0.00044,0.00080,0.00918,0.00001,0.00399,0.03516
1403715312.262591361999512,0.02065,0.00037,0.00170,0.00859,0.00680,0.00225,0.04037
1403715312.312593460083008,0.02439,0.00033,0.00480,0.00392,0.00210,0.00230,0.03783
1403715312.362592697143555,0.01929,0.00045,0.00039,0.01084,0.00026,0.00319,0.03443
1403715312.412590742111206,0.02025,0.00042,0.01128,0.00398,0.00422,0.00215,0.04230
1403715312.462590932846069,0.00657,0.00016,0.00847,0.00420,0.00021,0.00280,0.02240
1403715312.512593269348145,0.00774,0.00019,0.00521,0.00421,0.00115,0.00235,0.02086
1403715312.562590837478638,0.02196,0.00050,0.00110,0.01029,0.00001,0.00286,0.03672
1403715312.612595796585083,0.02541,0.00046,0.00125,0.00833,0.00000,0.00257,0.03803
1403715312.662592649459839,0.02401,0.00037,0.00114,0.00700,0.00513,0.00245,0.04010
1403715312.712594032287598,0.02448,0.00031,0.00167,0.00580,0.00000,0.00254,0.03480
1403715312.762583255767822,0.02169,0.00043,0.00043,0.00899,0.00001,0.00312,0.03468
1403715312.812586307525635,0.02195,0.00044,0.00059,0.00902,0.00032,0.00334,0.03567
1403715312.862587451934814,0.01796,0.00043,0.00140,0.00837,0.00444,0.00220,0.03481
1403715312.912585973739624,0.02408,0.00042,0.00303,0.00760,0.00349,0.00234,0.04096
1403715312.962583541870117,0.03131,0.00042,0.00184,0.00640,0.00018,0.00266,0.04281
1403715313.012584447860718,0.01984,0.00048,0.00629,0.00715,0.00460,0.00220,0.04057
1403715313.062583923339844,0.01807,0.00033,0.00882,0.00403,0.00323,0.00237,0.03685
1403715313.112584352493286,0.02299,0.00032,0.00973,0.00354,0.00000,0.00241,0.03899
1403715313.162582159042358,0.01811,0.00030,0.00016,0.00674,0.00013,0.00257,0.02800
1403715313.212577819824219,0.02626,0.00045,0.00030,0.00790,0.00020,0.00268,0.03778
1403715313.262573719024658,0.02208,0.00042,0.00201,0.00646,0.00001,0.00273,0.03372
1403715313.312566995620728,0.01938,0.00042,0.00124,0.00760,0.00539,0.00204,0.03607
1403715313.362563133239746,0.01986,0.00036,0.00122,0.00719,0.00018,0.00223,0.03104
1403715313.412557363510132,0.02388,0.00047,0.00023,0.00729,0.00000,0.00285,0.03471
1403715313.462550163269043,0.01992,0.00040,0.00562,0.00754,0.00350,0.00240,0.03939
1403715313.512543916702271,0.00952,0.00017,0.00172,0.00430,0.00085,0.00241,0.01897
1403715313.562539815902710,0.01932,0.00041,0.00004,0.00836,0.00000,0.00249,0.03063
1403715313.612536191940308,0.01823,0.00051,0.00571,0.00827,0.00071,0.00221,0.03563
1403715313.662524700164795,0.00663,0.00016,0.00817,0.00380,0.00134,0.00247,0.02257
1403715313.712522506713867,0.00776,0.00017,0.00589,0.00543,0.00016,0.00240,0.02183
1403715313.762516498565674,0.01949,0.00047,0.01154,0.00619,0.00116,0.00252,0.04136
1403715313.812516689300537,0.00929,0.00022,0.00002,0.00557,0.00000,0.00226,0.01736
1403715313.862513780593872,0.01784,0.00048,0.00004,0.01176,0.00006,0.00286,0.03304
1403715313.912509918212891,0.01735,0.00041,0.00004,0.00862,0.00083,0.00234,0.02958
1403715313.962513446807861,0.02429,0.00042,0.00361,0.00803,0.00037,0.00268,0.03942
1403715314.012525320053101,0.02384,0.00044,0.00019,0.01022,0.00031,0.00333,0.03833
1403715314.062538862228394,0.01942,0.00046,0.00683,0.00687,0.00039,0.00273,0.03670
1403715314.112541913986206,0.02224,0.00047,0.00718,0.00331,0.00042,0.00212,0.03574
1403715314.162546157836914,0.02197,0.00045,0.00048,0.00376,0.00062,0.00336,0.03065
1403715314.212551116943359,0.02582,0.00048,0.00296,0.00212,0.00298,0.00258,0.03694
1403715314.262574672698975,0.02020,0.00043,0.00095,0.00290,0.01287,0.00237,0.03973
1403715314.312582969665527,0.01571,0.00029,0.00033,0.00459,0.00677,0.00238,0.03007
1403715314.362579107284546,0.02329,0.00034,0.00035,0.00547,0.00315,0.00233,0.03493
1403715314.412575483322144,0.02309,0.00035,0.00036,0.00649,0.00030,0.00273,0.03332
1403715314.462569713592529,0.02486,0.00039,0.00051,0.00851,0.00005,0.00305,0.03736
1403715314.512565612792969,0.01831,0.00035,0.00010,0.00861,0.00000,0.00291,0.03027
1403715314.562561988830566,0.02401,0.00038,0.00061,0.00763,0.00000,0.00305,0.03568
1403715314.612560033798218,0.01984,0.00040,0.00114,0.00911,0.00000,0.00345,0.03395
1403715314.662556886672974,0.02036,0.00039,0.00018,0.00837,0.00501,0.00226,0.03657
1403715314.712554693222046,0.02303,0.00046,0.00015,0.00933,0.00413,0.00219,0.03928
1403715314.762551546096802,0.01493,0.00016,0.01085,0.00487,0.00158,0.00232,0.03471
1403715314.812557458877563,0.02090,0.00039,0.00634,0.00505,0.00182,0.00216,0.03666
1403715314.862559556961060,0.02417,0.00037,0.00568,0.00503,0.00000,0.00270,0.03795
1403715314.912561416625977,0.02452,0.00048,0.00787,0.00606,0.00077,0.00232,0.04203
1403715314.962562799453735,0.02035,0.00045,0.00898,0.00478,0.00000,0.00235,0.03691
1403715315.012562751770020,0.01770,0.00041,0.00029,0.00917,0.00026,0.00231,0.03015
1403715315.062565326690674,0.02187,0.00042,0.00034,0.00987,0.00000,0.00244,0.03493
1403715315.112561702728271,0.02407,0.00041,0.00071,0.00820,0.00000,0.00241,0.03580
1403715315.162557601928711,0.02329,0.00040,0.00179,0.00769,0.00019,0.00254,0.03590
1403715315.212558269500732,0.01705,0.00038,0.00091,0.00930,0.00000,0.00241,0.03005
1403715315.262557029724121,0.02185,0.00041,0.00951,0.00620,0.00160,0.00233,0.04191
1403715315.312555313110352,0.02070,0.00047,0.00327,0.00947,0.00107,0.00255,0.03753
1403715315.362565755844116,0.01933,0.00041,0.01276,0.00397,0.00127,0.00210,0.03984
1403715315.412569284439087,0.01990,0.00038,0.00350,0.00581,0.00018,0.00229,0.03206
1403715315.462569236755371,0.01996,0.00046,0.00749,0.00569,0.00028,0.00206,0.03594
1403715315.512567758560181,0.02332,0.00034,0.00011,0.00759,0.00123,0.00227,0.03486
1403715315.562565803527832,0.02134,0.00053,0.00987,0.00508,0.00001,0.00259,0.03943
1403715315.612565755844116,0.00951,0.00017,0.00402,0.00302,0.00241,0.00229,0.02142
1403715315.662564754486084,0.02333,0.00044,0.00190,0.00524,0.00031,0.00371,0.03492
1403715315.712568521499634,0.02468,0.00048,0.00147,0.00268,0.00124,0.00357,0.03412
1403715315.762570381164551,0.02035,0.00038,0.00115,0.00309,0.00258,0.00400,0.03156
1403715315.812571763992310,0.01868,0.00037,0.00222,0.00379,0.00189,0.00327,0.03022
1403715315.862574338912964,0.02307,0.00042,0.00094,0.00476,0.00459,0.00286,0.03664
1403715315.912570953369141,0.00609,0.00013,0.00019,0.00142,0.00042,0.00208,0.01034
1403715315.962571859359741,0.01838,0.00037,0.00053,0.00538,0.00458,0.00313,0.03237
1403715316.012571096420288,0.02481,0.00041,0.00080,0.00521,0.00170,0.00340,0.03634
1403715316.062572240829468,0.02064,0.00036,0.00098,0.00671,0.00140,0.00395,0.03403
1403715316.112576484680176,0.01917,0.00040,0.00042,0.00635,0.00066,0.00313,0.03012
1403715316.162586688995361,0.01978,0.00036,0.00144,0.00707,0.00611,0.00240,0.03716
1403715316.212585210800171,0.01890,0.00044,0.00004,0.00697,0.00308,0.00207,0.03150
1403715316.262586116790771,0.02454,0.00035,0.00287,0.00785,0.00000,0.00290,0.03851
1403715316.312585830688477,0.02053,0.00038,0.00060,0.00803,0.00280,0.00267,0.03500
1403715316.362582206726074,0.01963,0.00038,0.00133,0.00746,0.00267,0.00262,0.03409
1403715316.412580966949463,0.02693,0.00029,0.00026,0.00502,0.00219,0.00233,0.03702
1403715316.462585210800171,0.01964,0.00042,0.00206,0.00752,0.00039,0.00262,0.03265
1403715316.512593030929565,0.02030,0.00036,0.00039,0.00851,0.00045,0.00311,0.03312
1403715316.562584877014160,0.02401,0.00032,0.00858,0.00309,0.00939,0.00258,0.04797
1403715316.612582445144653,0.01088,0.00024,0.00234,0.00843,0.00018,0.00235,0.02443
1403715316.662571191787720,0.01894,0.00044,0.00330,0.00870,0.00144,0.00222,0.03503
1403715316.712573766708374,0.02355,0.00060,0.00144,0.00729,0.00001,0.00262,0.03550
1403715316.762575626373291,0.01774,0.00017,0.00074,0.00804,0.00156,0.00223,0.03048
1403715316.812579870223999,0.01737,0.00087,0.01199,0.00556,0.00225,0.00231,0.04034
1403715316.862578868865967,0.01837,0.00046,0.00137,0.01166,0.00024,0.00271,0.03481
1403715316.912575721740723,0.02558,0.00047,0.00005,0.01095,0.00000,0.00262,0.03967
1403715316.962574481964111,0.01651,0.00043,0.01494,0.00534,0.00000,0.00221,0.03943
1403715317.012566566467285,0.01529,0.00030,0.00228,0.00646,0.00000,0.00213,0.02647
1403715317.062546253204346,0.01796,0.00048,0.00199,0.00763,0.00123,0.00244,0.03174
1403715317.112523317337036,0.02753,0.00041,0.00015,0.00710,0.00100,0.00325,0.03944
1403715317.162492752075195,0.02351,0.00041,0.00975,0.00330,0.00286,0.00241,0.04225
1403715317.212492942810059,0.02534,0.00044,0.00159,0.00639,0.00268,0.00254,0.03898
1403715317.262481689453125,0.02148,0.00045,0.00892,0.00470,0.00150,0.00222,0.03928
1403715317.312488555908203,0.02068,0.00066,0.00035,0.00948,0.00130,0.00280,0.03528
1403715317.362499713897705,0.02008,0.00047,0.00030,0.00744,0.00095,0.00234,0.03158
1403715317.412518501281738,0.01906,0.00040,0.00340,0.00773,0.00546,0.00200,0.03805
1403715317.462522745132446,0.01959,0.00041,0.00024,0.01133,0.00001,0.00275,0.03434
1403715317.512527942657471,0.02271,0.00042,0.00135,0.00804,0.00000,0.00278,0.03530
1403715317.562541007995605,0.01913,0.00046,0.01284,0.00367,0.00293,0.00234,0.04137
1403715317.612547874450684,0.00792,0.00020,0.00030,0.00348,0.00149,0.00236,0.01574
1403715317.662555217742920,0.00839,0.00019,0.00146,0.00498,0.00205,0.00164,0.01872
1403715317.712560176849365,0.00696,0.00023,0.01053,0.00580,0.00040,0.00264,0.02656
1403715317.762560606002808,0.00822,0.00027,0.00427,0.00486,0.00112,0.00249,0.02123
1403715317.812560796737671,0.01810,0.00046,0.00005,0.00988,0.00000,0.00250,0.03099
1403715317.862562894821167,0.02013,0.00049,0.00913,0.00664,0.00001,0.00208,0.03848
1403715317.912565231323242,0.02440,0.00042,0.00034,0.01010,0.00000,0.00244,0.03772
1403715317.962563991546631,0.02846,0.00048,0.00164,0.00683,0.00081,0.00240,0.04062
1403715318.012563467025757,0.02654,0.00042,0.00043,0.00815,0.00166,0.00259,0.03979
1403715318.062566280364990,0.02693,0.00047,0.00011,0.00835,0.00000,0.00295,0.03882
1403715318.112571001052856,0.02001,0.00041,0.00073,0.00816,0.00000,0.00299,0.03230
1403715318.162567615509033,0.01929,0.00047,0.00168,0.00639,0.00878,0.00241,0.03901
1403715318.212568998336792,0.02011,0.00038,0.00015,0.00441,0.00078,0.00293,0.02876
1403715318.262567043304443,0.01877,0.00052,0.00061,0.00365,0.00464,0.00311,0.03130
1403715318.312561273574829,0.02429,0.00041,0.01058,0.00055,0.00203,0.00239,0.04025
1403715318.362553358078003,0.02094,0.00043,0.00396,0.00260,0.00565,0.00262,0.03620
1403715318.412555456161499,0.02903,0.00047,0.00111,0.00174,0.00114,0.00335,0.03685
1403715318.462550878524780,0.02149,0.00040,0.00211,0.00188,0.00673,0.00217,0.03477
1403715318.512547016143799,0.02131,0.00038,0.00453,0.00097,0.00391,0.00211,0.03321
1403715318.562554359436035,0.02089,0.00040,0.00091,0.00285,0.00209,0.00321,0.03036
1403715318.612550497055054,0.02686,0.00041,0.00063,0.00497,0.00002,0.00409,0.03697
1403715318.662551641464233,0.02334,0.00047,0.00082,0.00167,0.00117,0.00438,0.03185
1403715318.712551355361938,0.01085,0.00017,0.00029,0.00048,0.00048,0.00319,0.01546
1403715318.762549877166748,0.02172,0.00037,0.00115,0.00103,0.00333,0.00426,0.03187
1403715318.812546730041504,0.02161,0.00046,0.00070,0.00379,0.00136,0.00414,0.03206
1403715318.862545251846313,0.02075,0.00042,0.00069,0.00170,0.00049,0.00402,0.02807
1403715318.912540912628174,0.02186,0.00042,0.00024,0.00182,0.00598,0.00375,0.03407
1403715318.962540864944458,0.02097,0.00039,0.00081,0.00056,0.00473,0.00378,0.03124
1403715319.012542963027954,0.02132,0.00044,0.00053,0.00350,0.00174,0.00375,0.03127
1403715319.062543630599976,0.02640,0.00044,0.00068,0.00101,0.00336,0.00421,0.03611
1403715319.112542152404785,0.02593,0.00033,0.00072,0.00202,0.00467,0.00295,0.03664
1403715319.162540435791016,0.02745,0.00043,0.00058,0.00094,0.00243,0.00437,0.03621
1403715319.212538957595825,0.02163,0.00036,0.00027,0.00225,0.00686,0.00306,0.03443
1403715319.262539148330688,0.02365,0.00041,0.00027,0.00072,0.00176,0.00609,0.03290
1403715319.312539339065552,0.02237,0.00040,0.00074,0.00090,0.00100,0.00563,0.03104
1403715319.362539291381836,0.02062,0.00037,0.00041,0.00073,0.00208,0.00471,0.02893
1403715319.412534713745117,0.01586,0.00015,0.00022,0.00137,0.00052,0.00532,0.02345
1403715319.462534904479980,0.02001,0.00033,0.00039,0.00070,0.00081,0.00597,0.02820
1403715319.512534618377686,0.02019,0.00033,0.00109,0.00057,0.00615,0.00370,0.03203
1403715319.562535285949707,0.02108,0.00035,0.00141,0.00067,0.00290,0.00496,0.03138
1403715319.612530946731567,0.02004,0.00033,0.00136,0.00177,0.00068,0.00394,0.02811
1403715319.662531614303589,0.02279,0.00036,0.00085,0.00062,0.00285,0.00411,0.03158
1403715319.712529897689819,0.02377,0.00038,0.00011,0.00106,0.01052,0.00250,0.03834
1403715319.762531042098999,0.00840,0.00015,0.00037,0.00047,0.00117,0.00254,0.01310
1403715319.812530040740967,0.01886,0.00038,0.00010,0.00183,0.00605,0.00335,0.03057
1403715319.862530946731567,0.02140,0.00039,0.00037,0.00160,0.00070,0.00477,0.02922
1403715319.912530899047852,0.02104,0.00032,0.00036,0.00239,0.00033,0.00531,0.02975
1403715319.962531328201294,0.02044,0.00029,0.00069,0.00115,0.00052,0.00514,0.02823
1403715320.012531280517578,0.02066,0.00036,0.00061,0.00132,0.00072,0.00479,0.02846
1403715320.062531709671021,0.02079,0.00038,0.00022,0.00145,0.00110,0.00573,0.02967
1403715320.112534046173096,0.01598,0.00013,0.00037,0.00061,0.00170,0.00275,0.02154
1403715320.162535667419434,0.02460,0.00029,0.00071,0.00167,0.00176,0.00492,0.03395
1403715320.212535619735718,0.02078,0.00031,0.00015,0.00164,0.00745,0.00370,0.03402
1403715320.262535095214844,0.02661,0.00034,0.00247,0.00131,0.00148,0.00470,0.03692
1403715320.312535047531128,0.02074,0.00032,0.00030,0.00188,0.01521,0.00213,0.04057
1403715320.362532854080200,0.02117,0.00035,0.00090,0.00590,0.00000,0.00351,0.03183
1403715320.412529945373535,0.00856,0.00015,0.00020,0.00185,0.01046,0.00278,0.02398
1403715320.462528467178345,0.00848,0.00018,0.00011,0.00410,0.00000,0.00248,0.01537
1403715320.512528896331787,0.02542,0.00043,0.00072,0.00731,0.00000,0.00329,0.03718
1403715320.562531471252441,0.02407,0.00038,0.00118,0.00694,0.00000,0.00350,0.03608
1403715320.612529039382935,0.01994,0.00036,0.00118,0.00847,0.00000,0.00364,0.03360
1403715320.662530183792114,0.02076,0.00040,0.00125,0.00760,0.01100,0.00214,0.04315
1403715320.712528944015503,0.01641,0.00030,0.00189,0.00505,0.01013,0.00206,0.03584
1403715320.762526988983154,0.01900,0.00034,0.00155,0.01219,0.00000,0.00225,0.03533
1403715320.812527418136597,0.00876,0.00019,0.00851,0.00570,0.00000,0.00227,0.02543
1403715320.862523555755615,0.00790,0.00019,0.00311,0.00606,0.00000,0.00242,0.01969
1403715320.912520647048950,0.01872,0.00048,0.01699,0.00493,0.00115,0.00191,0.04419
1403715320.962520837783813,0.01074,0.00022,0.00012,0.00532,0.00034,0.00218,0.01893
1403715321.012520313262939,0.02154,0.00045,0.00071,0.01193,0.00000,0.00212,0.03676
1403715321.062517642974854,0.01906,0.00050,0.00004,0.01055,0.00000,0.00231,0.03247
1403715321.112512350082397,0.01832,0.00046,0.00004,0.01372,0.00000,0.00248,0.03502
1403715321.162509679794312,0.02228,0.00072,0.00005,0.01342,0.00000,0.00318,0.03964
1403715321.212508201599121,0.00728,0.00018,0.00001,0.00526,0.00000,0.00234,0.01507
1403715321.262510776519775,0.01649,0.00040,0.00005,0.01115,0.00000,0.00313,0.03121
1403715321.312514543533325,0.01876,0.00050,0.00039,0.01009,0.00107,0.00345,0.03425
1403715321.362516164779663,0.02527,0.00051,0.00063,0.00606,0.00134,0.00288,0.03668
1403715321.412534952163696,0.01470,0.00020,0.01396,0.00413,0.00069,0.00222,0.03590
1403715321.462534904479980,0.02128,0.00069,0.00312,0.01008,0.00116,0.00253,0.03886
1403715321.512526512145996,0.02019,0.00042,0.01318,0.00550,0.00000,0.00217,0.04146
1403715321.562519788742065,0.01640,0.00035,0.00003,0.00840,0.00000,0.00202,0.02719
1403715321.612514019012451,0.01919,0.00044,0.00018,0.00880,0.00032,0.00267,0.03162
1403715321.662522554397583,0.02016,0.00049,0.00046,0.00741,0.00100,0.00302,0.03253
1403715321.712524414062500,0.01913,0.00041,0.00094,0.00758,0.00173,0.00214,0.03193
1403715321.762528419494629,0.02057,0.00045,0.00076,0.01240,0.00109,0.00268,0.03795
1403715321.812538623809814,0.00951,0.00019,0.00008,0.00477,0.00025,0.00261,0.01741
1403715321.862540006637573,0.02645,0.00052,0.00171,0.00855,0.00017,0.00253,0.03994
1403715321.912536859512329,0.02983,0.00044,0.00036,0.00757,0.00058,0.00220,0.04099
1403715321.962539196014404,0.02677,0.00041,0.00040,0.00992,0.00000,0.00260,0.04011
1403715322.012554645538330,0.02014,0.00045,0.01126,0.00573,0.00357,0.00237,0.04350
1403715322.062565088272095,0.01118,0.00021,0.00007,0.01020,0.00190,0.00251,0.02607
1403715322.112599372863770,0.02565,0.00044,0.01567,0.00510,0.00000,0.00222,0.04908
1403715322.162604331970215,0.01268,0.00030,0.00009,0.00835,0.00031,0.00392,0.02565
1403715322.212601423263550,0.02238,0.00041,0.00150,0.00927,0.00000,0.00270,0.03627
1403715322.262593507766724,0.02464,0.00050,0.00029,0.00966,0.00051,0.00274,0.03835
1403715322.312581300735474,0.02783,0.00039,0.00096,0.00826,0.00143,0.00258,0.04144
1403715322.362571716308594,0.02569,0.00041,0.00137,0.00558,0.00030,0.00258,0.03593
1403715322.412564992904663,0.02178,0.00050,0.00186,0.00597,0.00118,0.00300,0.03430
1403715322.462545871734619,0.02106,0.00042,0.01610,0.00215,0.00681,0.00198,0.04851
1403715322.512540817260742,0.01179,0.00017,0.00066,0.00430,0.00106,0.00324,0.02121
1403715322.562536954879761,0.01939,0.00043,0.00058,0.00906,0.00072,0.00321,0.03339
1403715322.612525939941406,0.02926,0.00050,0.00185,0.00813,0.00886,0.00201,0.05062
1403715322.662523031234741,0.01620,0.00035,0.00065,0.01245,0.00036,0.00247,0.03249
1403715322.712517738342285,0.01959,0.00042,0.01512,0.00481,0.00228,0.00221,0.04443
1403715322.762517929077148,0.01535,0.00033,0.00085,0.00601,0.00000,0.00236,0.02491
1403715322.812517166137695,0.01642,0.00020,0.00120,0.01009,0.00001,0.00286,0.03078
1403715322.862516641616821,0.02113,0.00043,0.00151,0.00832,0.00001,0.00299,0.03439
1403715322.912515401840210,0.01552,0.00019,0.00022,0.00755,0.00042,0.00271,0.02661
1403715322.962514162063599,0.02057,0.00043,0.00030,0.01074,0.00029,0.00311,0.03545
1403715323.012513399124146,0.01771,0.00041,0.00004,0.01106,0.00097,0.00310,0.03330
1403715323.062513828277588,0.03019,0.00044,0.00752,0.00395,0.00703,0.00233,0.05146
1403715323.112515211105347,0.01799,0.00025,0.00005,0.00868,0.00000,0.00287,0.02984
1403715323.162511587142944,0.03133,0.00043,0.00969,0.00374,0.00584,0.00221,0.05324
1403715323.212505102157593,0.00721,0.00019,0.00007,0.00477,0.00055,0.00226,0.01505
1403715323.262502431869507,0.00893,0.00017,0.00110,0.00439,0.00001,0.00312,0.01772
1403715323.312496900558472,0.02040,0.00050,0.01023,0.00521,0.00682,0.00260,0.04576
1403715323.362496137619019,0.01071,0.00027,0.00055,0.00777,0.00051,0.00290,0.02270
1403715323.412492990493774,0.01408,0.00019,0.00005,0.01121,0.00000,0.00277,0.02830
1403715323.462492704391479,0.02595,0.00046,0.00108,0.01063,0.00000,0.00271,0.04084
1403715323.512493371963501,0.02048,0.00048,0.00383,0.00688,0.00000,0.00225,0.03392
1403715323.562489509582520,0.02133,0.00051,0.00158,0.01118,0.00000,0.00302,0.03763
1403715323.612474918365479,0.02384,0.00049,0.00929,0.00502,0.00301,0.00236,0.04402
1403715323.662461996078491,0.01875,0.00043,0.01552,0.00384,0.00049,0.00220,0.04123
1403715323.712453842163086,0.02464,0.00046,0.00014,0.00924,0.00000,0.00308,0.03756
1403715323.762448787689209,0.02691,0.00047,0.00169,0.00807,0.00708,0.00223,0.04644
1403715323.812451362609863,0.02247,0.00035,0.00071,0.00968,0.00028,0.00300,0.03649
1403715323.862453699111938,0.01839,0.00041,0.00463,0.00993,0.00110,0.00259,0.03704
1403715323.912450790405273,0.00934,0.00020,0.00084,0.00331,0.00237,0.00239,0.01845
1403715323.962450027465820,0.02407,0.00048,0.00101,0.00873,0.00000,0.00339,0.03768
1403715324.012446641921997,0.02890,0.00028,0.00185,0.00436,0.00001,0.00243,0.03784
1403715324.062440633773804,0.02045,0.00036,0.00598,0.00576,0.00018,0.00250,0.03523
1403715324.112429141998291,0.01930,0.00035,0.00019,0.00811,0.00053,0.00361,0.03210
1403715324.162414550781250,0.02034,0.00042,0.00155,0.00817,0.00509,0.00252,0.03809
1403715324.212410926818848,0.01927,0.00042,0.00230,0.00780,0.00103,0.00314,0.03396
1403715324.262414693832397,0.02027,0.00043,0.00877,0.00405,0.01006,0.00232,0.04589
1403715324.312422275543213,0.01152,0.00025,0.00008,0.00551,0.00018,0.00216,0.01969
1403715324.362438201904297,0.01782,0.00053,0.01209,0.00578,0.00317,0.00216,0.04154
1403715324.412437677383423,0.00994,0.00018,0.00010,0.00529,0.00017,0.00244,0.01813
1403715324.462448358535767,0.02080,0.00042,0.00007,0.01222,0.00000,0.00271,0.03622
1403715324.512471914291382,0.02075,0.00039,0.00680,0.00809,0.00253,0.00218,0.04073
1403715324.562507867813110,0.01697,0.00031,0.00767,0.00515,0.00212,0.00197,0.03419
1403715324.612532377243042,0.02122,0.00035,0.00029,0.00830,0.00000,0.00235,0.03250
1403715324.662555694580078,0.01968,0.00043,0.00004,0.01269,0.00000,0.00294,0.03578
1403715324.712572813034058,0.01846,0.00052,0.00025,0.01038,0.00037,0.00232,0.03231
1403715324.762584686279297,0.02259,0.00058,0.00039,0.01070,0.00072,0.00352,0.03850
1403715324.812594175338745,0.02710,0.00038,0.00024,0.00677,0.00032,0.00283,0.03763
1403715324.862621784210205,0.02069,0.00050,0.01075,0.00527,0.00067,0.00227,0.04015
1403715324.912631034851074,0.02068,0.00034,0.00016,0.00772,0.00001,0.00232,0.03123
1403715324.962642908096313,0.01982,0.00043,0.01726,0.00487,0.00316,0.00245,0.04799
1403715325.012644529342651,0.00906,0.00025,0.00007,0.00618,0.00019,0.00226,0.01802
1403715325.062645912170410,0.01882,0.00052,0.00015,0.01166,0.00001,0.00241,0.03357
1403715325.112651348114014,0.02523,0.00045,0.00680,0.00613,0.00072,0.00274,0.04207
1403715325.162648439407349,0.02137,0.00049,0.01241,0.00600,0.00000,0.00223,0.04251
1403715325.212656974792480,0.00701,0.00017,0.00001,0.00591,0.00000,0.00211,0.01521
1403715325.262666463851929,0.00760,0.00018,0.00002,0.00567,0.00000,0.00224,0.01570
1403715325.312683343887329,0.02495,0.00051,0.00016,0.01138,0.00020,0.00244,0.03963
1403715325.362698554992676,0.02013,0.00050,0.00004,0.01090,0.00000,0.00249,0.03405
1403715325.412703514099121,0.02052,0.00044,0.00014,0.01175,0.00000,0.00217,0.03501
1403715325.462706089019775,0.01887,0.00051,0.00959,0.00741,0.00000,0.00239,0.03877
1403715325.512703418731689,0.01842,0.00047,0.00127,0.00786,0.00000,0.00219,0.03021
1403715325.562687635421753,0.02839,0.00047,0.01416,0.00456,0.00016,0.00257,0.05030
1403715325.612676382064819,0.01382,0.00021,0.00058,0.00871,0.00059,0.00281,0.02673
1403715325.662668228149414,0.02201,0.00052,0.00016,0.01307,0.00029,0.00234,0.03838
1403715325.712663888931274,0.02257,0.00047,0.00891,0.00670,0.00017,0.00228,0.04109
1403715325.762656450271606,0.01843,0.00045,0.01087,0.00569,0.00017,0.00250,0.03810
1403715325.812656641006470,0.01787,0.00035,0.00012,0.00858,0.00019,0.00240,0.02950
1403715325.862656354904175,0.02032,0.00047,0.00152,0.01178,0.00000,0.00234,0.03644
1403715325.912655115127563,0.01782,0.00044,0.00145,0.00951,0.00000,0.00251,0.03174
1403715325.962657451629639,0.01014,0.00017,0.00051,0.00562,0.00000,0.00246,0.01892
1403715326.012658834457397,0.01141,0.00021,0.00002,0.00909,0.00005,0.00255,0.02332
1403715326.062659263610840,0.02098,0.00044,0.00942,0.00569,0.00034,0.00206,0.03893
1403715326.112663507461548,0.02321,0.00086,0.01248,0.00494,0.00251,0.00280,0.04679
1403715326.162664651870728,0.01429,0.00027,0.01331,0.00571,0.00000,0.00248,0.03605
1403715326.212665557861328,0.02839,0.00054,0.00004,0.01232,0.00000,0.00248,0.04378
1403715326.262668132781982,0.02207,0.00054,0.00004,0.01457,0.00000,0.00218,0.03940
1403715326.312676191329956,0.02452,0.00044,0.00585,0.00583,0.00000,0.00229,0.03893
1403715326.362680673599243,0.02211,0.00041,0.01028,0.00617,0.00001,0.00294,0.04191
1403715326.412682771682739,0.02368,0.00037,0.00004,0.01110,0.00000,0.00263,0.03782
1403715326.462682008743286,0.02094,0.00049,0.00005,0.01185,0.00000,0.00262,0.03596
1403715326.512677907943726,0.02056,0.00041,0.00154,0.00790,0.00004,0.00210,0.03255
1403715326.562669754028320,0.02049,0.00042,0.00024,0.00949,0.00018,0.00205,0.03287
1403715326.612666368484497,0.02117,0.00054,0.00005,0.01177,0.00073,0.00221,0.03646
1403715326.662666797637939,0.01975,0.00039,0.00567,0.00640,0.00227,0.00225,0.03674
1403715326.712673664093018,0.01904,0.00039,0.00936,0.00554,0.00111,0.00280,0.03824
1403715326.762686491012573,0.01895,0.00035,0.01168,0.00619,0.00000,0.00246,0.03964
1403715326.812690019607544,0.01410,0.00028,0.00003,0.00830,0.00000,0.00221,0.02492
1403715326.862696409225464,0.02187,0.00055,0.00012,0.01314,0.00000,0.00230,0.03797
1403715326.912692546844482,0.02155,0.00047,0.00739,0.00631,0.00001,0.00220,0.03793
1403715326.962687730789185,0.02231,0.00043,0.00831,0.00584,0.00111,0.00275,0.04075
1403715327.012679815292358,0.02215,0.00037,0.00004,0.00890,0.00000,0.00241,0.03386
1403715327.062676668167114,0.02355,0.00053,0.00018,0.01193,0.00020,0.00224,0.03863
1403715327.112674236297607,0.01930,0.00050,0.00083,0.01402,0.00000,0.00221,0.03686
1403715327.162671804428101,0.02395,0.00046,0.00004,0.00932,0.00000,0.00220,0.03596
1403715327.212669372558594,0.02099,0.00043,0.00012,0.01366,0.00000,0.00283,0.03802
1403715327.262665033340454,0.01916,0.00045,0.00609,0.00744,0.00020,0.00250,0.03583
1403715327.312662124633789,0.02851,0.00042,0.00792,0.00580,0.00109,0.00208,0.04583
1403715327.362657070159912,0.01714,0.00030,0.00992,0.00576,0.00112,0.00211,0.03635
1403715327.412658452987671,0.02029,0.00032,0.00041,0.00849,0.00000,0.00216,0.03167
1403715327.462660074234009,0.02297,0.00049,0.00054,0.01360,0.00000,0.00275,0.04036
1403715327.512660503387451,0.02779,0.00045,0.00414,0.00680,0.00001,0.00248,0.04167
1403715327.562663078308105,0.02375,0.00071,0.01266,0.00698,0.00117,0.00293,0.04820
1403715327.612667083740234,0.01758,0.00027,0.00003,0.01140,0.00000,0.00282,0.03211
1403715327.662669897079468,0.02236,0.00080,0.00008,0.01276,0.00000,0.00224,0.03824
1403715327.712672710418701,0.02773,0.00054,0.00228,0.01020,0.00001,0.00235,0.04311
1403715327.762673854827881,0.02344,0.00037,0.00004,0.01351,0.00000,0.00262,0.03998
1403715327.812675476074219,0.02668,0.00040,0.00043,0.00814,0.00000,0.00287,0.03852
1403715327.862683296203613,0.00765,0.00018,0.01554,0.00543,0.00060,0.00223,0.03163
1403715327.912682294845581,0.00811,0.00018,0.00544,0.00542,0.00000,0.00277,0.02191
1403715327.962678909301758,0.02848,0.00051,0.01274,0.00552,0.00000,0.00288,0.05014
1403715328.012676000595093,0.00887,0.00020,0.00048,0.00530,0.00019,0.00248,0.01752
1403715328.062672138214111,0.02091,0.00052,0.00014,0.01003,0.00000,0.00265,0.03426
1403715328.112662315368652,0.01864,0.00048,0.00032,0.00808,0.00096,0.00227,0.03075
1403715328.162664651870728,0.02054,0.00050,0.00076,0.01127,0.00131,0.00302,0.03741
1403715328.212660789489746,0.02106,0.00045,0.00136,0.01106,0.00024,0.00258,0.03675
1403715328.262659788131714,0.02177,0.00050,0.00011,0.01238,0.00000,0.00286,0.03762
1403715328.312660455703735,0.01864,0.00048,0.00005,0.01109,0.00076,0.00244,0.03345
1403715328.362661123275757,0.01705,0.00022,0.00002,0.00923,0.00000,0.00304,0.02955
1403715328.412662267684937,0.01871,0.00048,0.00005,0.01261,0.00000,0.00294,0.03479
1403715328.462657690048218,0.01919,0.00047,0.01991,0.00481,0.00365,0.00205,0.05009
1403715328.512656450271606,0.00832,0.00019,0.00475,0.00752,0.00119,0.00209,0.02406
1403715328.562650203704834,0.02443,0.00044,0.01001,0.00557,0.00000,0.00235,0.04280
1403715328.612641096115112,0.02018,0.00031,0.00104,0.00714,0.00000,0.00230,0.03096
1403715328.662629604339600,0.02128,0.00047,0.00015,0.01328,0.00001,0.00259,0.03779
1403715328.712619066238403,0.01906,0.00050,0.00057,0.01263,0.00079,0.00288,0.03643
1403715328.762605428695679,0.01935,0.00046,0.00072,0.00931,0.00018,0.00225,0.03226
1403715328.812585353851318,0.02399,0.00045,0.00004,0.01303,0.00000,0.00242,0.03993
1403715328.862565994262695,0.01810,0.00019,0.00002,0.00874,0.00000,0.00285,0.02990
1403715328.912545442581177,0.02349,0.00063,0.00005,0.01280,0.00000,0.00253,0.03949
1403715328.962527513504028,0.02046,0.00045,0.00023,0.01283,0.00022,0.00244,0.03664
1403715329.012519121170044,0.02492,0.00049,0.00282,0.00964,0.00035,0.00254,0.04076
1403715329.062523603439331,0.02058,0.00049,0.01688,0.00544,0.00149,0.00226,0.04714
1403715329.112527847290039,0.00965,0.00025,0.00538,0.00837,0.00120,0.00233,0.02719
1403715329.162525415420532,0.00747,0.00018,0.00628,0.00580,0.00000,0.00217,0.02190
1403715329.212531089782715,0.00880,0.00020,0.00028,0.00502,0.00000,0.00227,0.01657
1403715329.262539625167847,0.02716,0.00042,0.00053,0.00722,0.00047,0.00217,0.03797
1403715329.312548160552979,0.02269,0.00046,0.00075,0.01043,0.00055,0.00265,0.03753
1403715329.362551689147949,0.02018,0.00049,0.00045,0.00991,0.00086,0.00230,0.03420
1403715329.412555932998657,0.01967,0.00047,0.00030,0.01107,0.00037,0.00266,0.03454
1403715329.462554216384888,0.02131,0.00048,0.00184,0.01072,0.00022,0.00259,0.03715
1403715329.512552976608276,0.02052,0.00040,0.00145,0.01151,0.00023,0.00238,0.03650
1403715329.562550306320190,0.01441,0.00018,0.00007,0.00872,0.00004,0.00257,0.02599
1403715329.612544298171997,0.02437,0.00048,0.00005,0.01033,0.00004,0.00252,0.03778
1403715329.662534236907959,0.02530,0.00035,0.00728,0.00510,0.00288,0.00287,0.04378
1403715329.712531805038452,0.02099,0.00041,0.00781,0.00715,0.00146,0.00254,0.04036
1403715329.762532711029053,0.02790,0.00045,0.01054,0.00584,0.00000,0.00234,0.04708
1403715329.812528133392334,0.01701,0.00043,0.02496,0.00604,0.00000,0.00231,0.05074
1403715329.862528324127197,0.00796,0.00020,0.00060,0.00589,0.00000,0.00230,0.01697
1403715329.912525415420532,0.02183,0.00052,0.00015,0.01157,0.00021,0.00288,0.03716
1403715329.962525606155396,0.02344,0.00045,0.00070,0.01252,0.00000,0.00266,0.03978
1403715330.012523174285889,0.02047,0.00050,0.00013,0.01030,0.00000,0.00230,0.03371
1403715330.062521696090698,0.00911,0.00023,0.00081,0.00502,0.00031,0.00243,0.01792
1403715330.112518310546875,0.02193,0.00050,0.00028,0.01173,0.00022,0.00255,0.03720
1403715330.162518739700317,0.01951,0.00049,0.00067,0.00989,0.00046,0.00277,0.03379
1403715330.212515354156494,0.02550,0.00051,0.00039,0.01100,0.00067,0.00239,0.04045
1403715330.262513160705566,0.02072,0.00047,0.01175,0.00568,0.00116,0.00225,0.04204
1403715330.312512874603271,0.01955,0.00034,0.00411,0.00604,0.00123,0.00253,0.03380
1403715330.362512588500977,0.01781,0.00020,0.01030,0.00632,0.00004,0.00238,0.03706
1403715330.412510871887207,0.02190,0.00059,0.02168,0.00542,0.00116,0.00226,0.05302
1403715330.462511777877808,0.00920,0.00017,0.00059,0.00562,0.00018,0.00227,0.01802
1403715330.512510776519775,0.02290,0.00038,0.00004,0.01304,0.00000,0.00255,0.03891
1403715330.562510013580322,0.02451,0.00043,0.00060,0.00933,0.00000,0.00245,0.03732
1403715330.612509965896606,0.02031,0.00047,0.00004,0.01421,0.00000,0.00233,0.03736
1403715330.662510395050049,0.00738,0.00016,0.00002,0.00720,0.00000,0.00385,0.01860
1403715330.712511301040649,0.01517,0.00037,0.00003,0.00803,0.00000,0.00251,0.02612
1403715330.762516021728516,0.02008,0.00045,0.00018,0.01453,0.00000,0.00224,0.03750
1403715330.812517642974854,0.02610,0.00047,0.00005,0.01262,0.00000,0.00258,0.04182
1403715330.862519741058350,0.01851,0.00049,0.00823,0.00602,0.00000,0.00248,0.03573
1403715330.912520647048950,0.01996,0.00040,0.00497,0.00615,0.00017,0.00240,0.03406
1403715330.962516069412231,0.01912,0.00054,0.01070,0.00520,0.00041,0.00233,0.03830
1403715331.012500762939453,0.01904,0.00045,0.02123,0.00585,0.00000,0.00263,0.04919
1403715331.062498807907104,0.00943,0.00022,0.00077,0.00993,0.00000,0.00293,0.02329
1403715331.112495422363281,0.02130,0.00053,0.00101,0.01193,0.00000,0.00227,0.03705
1403715331.162493705749512,0.02757,0.00055,0.00071,0.01189,0.00000,0.00257,0.04328
1403715331.212486982345581,0.02261,0.00047,0.00160,0.01228,0.00021,0.00251,0.03969
1403715331.262480735778809,0.02099,0.00049,0.00329,0.01228,0.00001,0.00242,0.03947
1403715331.312469720840454,0.01901,0.00041,0.00068,0.00944,0.00000,0.00244,0.03198
1403715331.362461090087891,0.02021,0.00046,0.00224,0.00938,0.00003,0.00236,0.03468
1403715331.412452459335327,0.02032,0.00047,0.00022,0.01018,0.00018,0.00246,0.03383
1403715331.462448120117188,0.01673,0.00042,0.00694,0.00908,0.00086,0.00234,0.03637
1403715331.512447118759155,0.01711,0.00050,0.00675,0.00927,0.00000,0.00245,0.03609
1403715331.562450170516968,0.02192,0.00040,0.00924,0.00533,0.00018,0.00247,0.03953
1403715331.612451076507568,0.00936,0.00020,0.01626,0.00528,0.00029,0.00194,0.03333
1403715331.662451028823853,0.00832,0.00023,0.00075,0.01051,0.00000,0.00277,0.02259
1403715331.712451457977295,0.02016,0.00051,0.00017,0.01247,0.00001,0.00242,0.03573
1403715331.762451171875000,0.02142,0.00043,0.00018,0.01335,0.00044,0.00239,0.03821
1403715331.812451362609863,0.02131,0.00044,0.00004,0.01322,0.00000,0.00267,0.03768
1403715331.862452507019043,0.02154,0.00046,0.00020,0.01293,0.00096,0.00233,0.03843
1403715331.912454366683960,0.01977,0.00043,0.00004,0.01339,0.00000,0.00252,0.03615
1403715331.962456703186035,0.01886,0.00042,0.00348,0.01083,0.00001,0.00237,0.03599
1403715332.012458801269531,0.01920,0.00046,0.00004,0.01398,0.00000,0.00231,0.03599
1403715332.062461853027344,0.01980,0.00046,0.00397,0.00758,0.00018,0.00222,0.03422
1403715332.112462282180786,0.00834,0.00023,0.00158,0.00709,0.00154,0.00236,0.02113
1403715332.162464380264282,0.01427,0.00020,0.00737,0.00642,0.00000,0.00243,0.03068
1403715332.212473392486572,0.01986,0.00047,0.01943,0.00587,0.00000,0.00242,0.04806
1403715332.262479305267334,0.00848,0.00026,0.00079,0.00623,0.00000,0.00207,0.01784
1403715332.312485456466675,0.02061,0.00050,0.00036,0.01459,0.00000,0.00281,0.03887
1403715332.362490892410278,0.02034,0.00039,0.00166,0.01297,0.00000,0.00259,0.03794
1403715332.412492036819458,0.02061,0.00053,0.00004,0.01452,0.00000,0.00270,0.03841
1403715332.462493896484375,0.01844,0.00054,0.00004,0.01346,0.00000,0.00228,0.03476
1403715332.512492179870605,0.01872,0.00047,0.00004,0.01404,0.00000,0.00258,0.03586
1403715332.562495231628418,0.02291,0.00045,0.00264,0.00845,0.00000,0.00245,0.03690
1403715332.612499475479126,0.01480,0.00035,0.00011,0.01309,0.00028,0.00242,0.03105
1403715332.662501573562622,0.02155,0.00050,0.00600,0.01022,0.00020,0.00241,0.04088
1403715332.712497472763062,0.01205,0.00028,0.00201,0.01194,0.00000,0.00234,0.02862
1403715332.762504577636719,0.01841,0.00040,0.01362,0.00673,0.00000,0.00215,0.04132
1403715332.812507867813110,0.01073,0.00023,0.01186,0.00576,0.00000,0.00215,0.03073
1403715332.862501382827759,0.01423,0.00020,0.00060,0.00874,0.00000,0.00239,0.02616
1403715332.912485122680664,0.02101,0.00046,0.00290,0.01144,0.00000,0.00220,0.03802
1403715332.962479829788208,0.02162,0.00052,0.00125,0.01291,0.00000,0.00260,0.03890
1403715333.012470006942749,0.02085,0.00047,0.00037,0.01214,0.00037,0.00220,0.03641
1403715333.062472581863403,0.02930,0.00053,0.00093,0.01004,0.00000,0.00256,0.04336
1403715333.112469673156738,0.02034,0.00044,0.00060,0.00851,0.00001,0.00214,0.03204
1403715333.162460327148438,0.02044,0.00044,0.00169,0.00842,0.00093,0.00243,0.03434
1403715333.212447643280029,0.02102,0.00053,0.00189,0.00858,0.00018,0.00271,0.03491
1403715333.262438297271729,0.02652,0.00046,0.00180,0.01012,0.00019,0.00258,0.04167
1403715333.312428712844849,0.01843,0.00018,0.00002,0.01105,0.00144,0.00259,0.03371
1403715333.362415790557861,0.02787,0.00045,0.01042,0.00523,0.00138,0.00245,0.04780
1403715333.412407636642456,0.02968,0.00048,0.01577,0.00549,0.00001,0.00247,0.05391
1403715333.462412118911743,0.01175,0.00026,0.00186,0.00976,0.00113,0.00258,0.02735
1403715333.512417554855347,0.02662,0.00047,0.00036,0.00809,0.00019,0.00232,0.03804
1403715333.562425374984741,0.01884,0.00051,0.00064,0.00997,0.00005,0.00250,0.03249
1403715333.612440347671509,0.02171,0.00047,0.01943,0.00439,0.00241,0.00215,0.05055
1403715333.662441730499268,0.00837,0.00019,0.00017,0.00516,0.00020,0.00268,0.01677
1403715333.712442636489868,0.02046,0.00049,0.00015,0.01061,0.00093,0.00244,0.03506
1403715333.762444496154785,0.01919,0.00052,0.00206,0.00853,0.00001,0.00254,0.03285
1403715333.812447071075439,0.00612,0.00022,0.00182,0.00421,0.00074,0.00227,0.01537
1403715333.862450599670410,0.01690,0.00017,0.00026,0.00504,0.00000,0.00329,0.02566
1403715333.912453413009644,0.01974,0.00050,0.00238,0.00880,0.00023,0.00294,0.03459
1403715333.962459087371826,0.01930,0.00047,0.00132,0.01071,0.00683,0.00219,0.04083
1403715334.012469053268433,0.01798,0.00041,0.01713,0.00437,0.00319,0.00215,0.04522
1403715334.062469005584717,0.01063,0.00018,0.00051,0.00525,0.00003,0.00209,0.01870
1403715334.112470388412476,0.00814,0.00018,0.00149,0.00507,0.00062,0.00226,0.01776
1403715334.162468194961548,0.01425,0.00029,0.00156,0.00917,0.00032,0.00298,0.02856
1403715334.212472200393677,0.00894,0.00020,0.00698,0.00499,0.00313,0.00239,0.02662
1403715334.262470960617065,0.02179,0.00043,0.00044,0.00888,0.00000,0.00235,0.03390
1403715334.312471866607666,0.02222,0.00053,0.00005,0.01343,0.00000,0.00270,0.03893
1403715334.362469911575317,0.02099,0.00047,0.00021,0.01030,0.00071,0.00248,0.03516
1403715334.412469625473022,0.02187,0.00045,0.00039,0.00943,0.00039,0.00244,0.03497
1403715334.462468624114990,0.00848,0.00015,0.00061,0.00442,0.00000,0.00244,0.01610
1403715334.512466669082642,0.01279,0.00019,0.00009,0.00441,0.00077,0.00251,0.02076
1403715334.562469482421875,0.02131,0.00044,0.00043,0.00913,0.00065,0.00347,0.03542
1403715334.612462043762207,0.02057,0.00047,0.02401,0.00339,0.00241,0.00217,0.05301
1403715334.662470579147339,0.00803,0.00017,0.00383,0.00551,0.00177,0.00241,0.02171
1403715334.712475776672363,0.02053,0.00050,0.00037,0.01111,0.00022,0.00276,0.03549
1403715334.762478828430176,0.02082,0.00045,0.00039,0.00804,0.00001,0.00276,0.03247
1403715334.812490463256836,0.02553,0.00047,0.00957,0.00406,0.00784,0.00254,0.05000
1403715334.862489223480225,0.01193,0.00024,0.00028,0.00638,0.00024,0.00246,0.02152
1403715334.912492513656616,0.02120,0.00050,0.00039,0.01101,0.00038,0.00235,0.03582
1403715334.962493419647217,0.02219,0.00045,0.00082,0.01215,0.00000,0.00274,0.03836
1403715335.012493848800659,0.02548,0.00049,0.00038,0.00824,0.00020,0.00237,0.03716
1403715335.062493562698364,0.01823,0.00047,0.00100,0.01007,0.00000,0.00235,0.03212
1403715335.112492084503174,0.02131,0.00040,0.00226,0.00777,0.00017,0.00253,0.03444
1403715335.162491321563721,0.02239,0.00054,0.00141,0.01110,0.00024,0.00292,0.03860
1403715335.212489366531372,0.03262,0.00046,0.01641,0.00380,0.00734,0.00241,0.06304
1403715335.262488126754761,0.01035,0.00019,0.00253,0.00531,0.00019,0.00255,0.02112
1403715335.312488555908203,0.02071,0.00046,0.00030,0.01166,0.00072,0.00227,0.03613
1403715335.362485408782959,0.00674,0.00018,0.00020,0.00525,0.00000,0.00230,0.01467
1403715335.412483453750610,0.01359,0.00018,0.00109,0.00744,0.00362,0.00238,0.02831
1403715335.462483406066895,0.02039,0.00078,0.00085,0.01067,0.00017,0.00263,0.03549
1403715335.512484788894653,0.02446,0.00048,0.00091,0.01168,0.00071,0.00267,0.04092
1403715335.562485933303833,0.02331,0.00044,0.00121,0.00752,0.00018,0.00238,0.03505
1403715335.612486124038696,0.02539,0.00045,0.00339,0.00806,0.00018,0.00270,0.04017
1403715335.662488460540771,0.02244,0.00056,0.00024,0.01393,0.00026,0.00276,0.04019
1403715335.712485074996948,0.01893,0.00018,0.00023,0.01083,0.00000,0.00278,0.03296
1403715335.762486457824707,0.02585,0.00043,0.01475,0.00400,0.00319,0.00210,0.05031
1403715335.812486886978149,0.01120,0.00028,0.01542,0.00391,0.00200,0.00210,0.03490
1403715335.862487554550171,0.01505,0.00039,0.00023,0.01137,0.00346,0.00228,0.03278
1403715335.912487983703613,0.00646,0.00018,0.00002,0.00451,0.00020,0.00220,0.01356
1403715335.962487459182739,0.01314,0.00036,0.00064,0.01089,0.00024,0.00274,0.02801
1403715336.012487411499023,0.02817,0.00041,0.00054,0.00781,0.00017,0.00242,0.03952
1403715336.062487363815308,0.02506,0.00039,0.00147,0.00941,0.00001,0.00262,0.03896
1403715336.112484216690063,0.02691,0.00045,0.00056,0.00852,0.00001,0.00323,0.03968
1403715336.162483692169189,0.02464,0.00046,0.00111,0.00862,0.00022,0.00312,0.03816
1403715336.212484121322632,0.02408,0.00044,0.00216,0.00692,0.00055,0.00309,0.03724
1403715336.262485742568970,0.01032,0.00032,0.00076,0.00438,0.00000,0.00220,0.01799
1403715336.312487840652466,0.02027,0.00050,0.00233,0.00802,0.00022,0.00334,0.03469
1403715336.362488031387329,0.02148,0.00041,0.00137,0.00658,0.00899,0.00215,0.04098
1403715336.412486791610718,0.02448,0.00048,0.01266,0.00385,0.00609,0.00287,0.05043
1403715336.462485313415527,0.01020,0.00027,0.00011,0.00702,0.00017,0.00328,0.02105
1403715336.512487649917603,0.02528,0.00051,0.00198,0.00927,0.00024,0.00250,0.03979
1403715336.562490940093994,0.02029,0.00048,0.00053,0.00807,0.00196,0.00207,0.03340
1403715336.612495660781860,0.01993,0.00046,0.00782,0.00514,0.00047,0.00212,0.03595
1403715336.662497997283936,0.02417,0.00035,0.00005,0.00702,0.00000,0.00230,0.03388
1403715336.712505578994751,0.02463,0.00049,0.01048,0.00403,0.00331,0.00236,0.04530
1403715336.762507915496826,0.01616,0.00035,0.00011,0.00953,0.00024,0.00287,0.02926
1403715336.812510013580322,0.02608,0.00077,0.00618,0.00583,0.00097,0.00265,0.04249
1403715336.862512588500977,0.02660,0.00051,0.00062,0.00653,0.00037,0.00276,0.03739
1403715336.912513732910156,0.02617,0.00047,0.00185,0.00678,0.00000,0.00254,0.03781
1403715336.962517261505127,0.02713,0.00035,0.00137,0.00531,0.00101,0.00240,0.03758
1403715337.012515783309937,0.02018,0.00043,0.00031,0.00958,0.00897,0.00248,0.04194
1403715337.062516450881958,0.02095,0.00046,0.00939,0.00506,0.00126,0.00254,0.03965
1403715337.112517356872559,0.02646,0.00043,0.00106,0.00843,0.00047,0.00268,0.03953
1403715337.162517547607422,0.02057,0.00043,0.00171,0.00962,0.00031,0.00287,0.03550
1403715337.212515354156494,0.02075,0.00044,0.00704,0.00524,0.00212,0.00227,0.03786
1403715337.262514591217041,0.01946,0.00043,0.00078,0.01047,0.00006,0.00276,0.03396
1403715337.312514066696167,0.02100,0.00050,0.00904,0.00682,0.00450,0.00197,0.04383
1403715337.362514257431030,0.01689,0.00029,0.00162,0.00515,0.00000,0.00214,0.02610
1403715337.412514448165894,0.02786,0.00050,0.00891,0.00502,0.00159,0.00197,0.04585
1403715337.462512969970703,0.02002,0.00042,0.01025,0.00384,0.00078,0.00236,0.03767
1403715337.512511730194092,0.00787,0.00017,0.00074,0.00337,0.00000,0.00209,0.01423
1403715337.562511205673218,0.01652,0.00018,0.00027,0.00581,0.00113,0.00254,0.02645
1403715337.612511396408081,0.02732,0.00051,0.00092,0.00692,0.00022,0.00251,0.03840
1403715337.662511825561523,0.02553,0.00039,0.00026,0.00712,0.00535,0.00286,0.04151
1403715337.712512969970703,0.02814,0.00053,0.00164,0.00607,0.00001,0.00340,0.03978
1403715337.762513399124146,0.02435,0.00046,0.00097,0.00721,0.00005,0.00360,0.03663
1403715337.812513351440430,0.02102,0.00040,0.00474,0.00625,0.00346,0.00218,0.03806
1403715337.862512588500977,0.01934,0.00029,0.00019,0.00483,0.00000,0.00274,0.02740
1403715337.912512540817261,0.02133,0.00042,0.00161,0.00783,0.00203,0.00329,0.03650
1403715337.962513923645020,0.02150,0.00038,0.00186,0.00779,0.01076,0.00230,0.04459
1403715338.012513160705566,0.01810,0.00026,0.00105,0.00650,0.00362,0.00291,0.03245
1403715338.062516689300537,0.02409,0.00044,0.00787,0.00348,0.00554,0.00253,0.04396
1403715338.112517833709717,0.01999,0.00035,0.00041,0.00986,0.00001,0.00340,0.03404
1403715338.162519454956055,0.02473,0.00044,0.00865,0.00406,0.00143,0.00219,0.04150
1403715338.212519884109497,0.02413,0.00049,0.00244,0.00783,0.00163,0.00259,0.03911
1403715338.262520790100098,0.00916,0.00029,0.00041,0.00558,0.00047,0.00247,0.01838
1403715338.312522411346436,0.01886,0.00042,0.00125,0.00798,0.00636,0.00218,0.03706
1403715338.362523317337036,0.02194,0.00051,0.00115,0.00716,0.00000,0.00263,0.03340
1403715338.412525415420532,0.02442,0.00039,0.00123,0.00721,0.00000,0.00227,0.03553
1403715338.462525606155396,0.02659,0.00040,0.00132,0.00651,0.00004,0.00279,0.03766
1403715338.512523174285889,0.02363,0.00048,0.00185,0.00639,0.00000,0.00322,0.03557
1403715338.562523126602173,0.02393,0.00040,0.00298,0.00348,0.00245,0.00279,0.03602
1403715338.612521171569824,0.02807,0.00044,0.00331,0.00176,0.00222,0.00254,0.03834
1403715338.662520170211792,0.02370,0.00041,0.00168,0.00360,0.00864,0.00219,0.04021
1403715338.712521076202393,0.02624,0.00033,0.00088,0.00323,0.00455,0.00235,0.03757
1403715338.762520790100098,0.02113,0.00039,0.00299,0.00623,0.00779,0.00225,0.04079
1403715338.812520503997803,0.01856,0.00033,0.00135,0.00706,0.00027,0.00336,0.03093
1403715338.862516880035400,0.02404,0.00036,0.00101,0.00501,0.00052,0.00228,0.03321
1403715338.912513494491577,0.02307,0.00042,0.00254,0.00778,0.00038,0.00287,0.03706
1403715338.962509155273438,0.02128,0.00037,0.00060,0.00835,0.00025,0.00372,0.03457
1403715339.012506961822510,0.02108,0.00018,0.00075,0.00535,0.00000,0.00300,0.03036
1403715339.062505483627319,0.02316,0.00037,0.00168,0.00769,0.00302,0.00274,0.03866
1403715339.112504005432129,0.02544,0.00042,0.00268,0.00563,0.00229,0.00229,0.03874
1403715339.162509202957153,0.02192,0.00040,0.00066,0.00563,0.00082,0.00341,0.03285
1403715339.212515354156494,0.02888,0.00039,0.00046,0.00375,0.00200,0.00326,0.03874
1403715339.262517690658569,0.02252,0.00046,0.00127,0.00453,0.00505,0.00323,0.03705
1403715339.312526702880859,0.02151,0.00041,0.00104,0.00475,0.00789,0.00229,0.03788
1403715339.362530231475830,0.03043,0.00043,0.00123,0.00761,0.00185,0.00235,0.04391
1403715339.412533044815063,0.02846,0.00038,0.00061,0.00668,0.00397,0.00234,0.04242
1403715339.462537288665771,0.02128,0.00038,0.00907,0.00617,0.00245,0.00214,0.04149
1403715339.512536764144897,0.01751,0.00039,0.00138,0.01056,0.00072,0.00252,0.03308
1403715339.562536239624023,0.02317,0.00065,0.00396,0.00907,0.00561,0.00234,0.04480
1403715339.612538099288940,0.02285,0.00048,0.00007,0.01421,0.00000,0.00229,0.03990
1403715339.662538290023804,0.02143,0.00049,0.00338,0.00810,0.00000,0.00202,0.03542
1403715339.712540149688721,0.02095,0.00049,0.00015,0.01095,0.00000,0.00216,0.03470
1403715339.762540578842163,0.02135,0.00050,0.00412,0.01019,0.00000,0.00216,0.03832
1403715339.812535285949707,0.02840,0.00048,0.00897,0.00507,0.00001,0.00221,0.04514
1403715339.862527608871460,0.02225,0.00038,0.00076,0.00646,0.00152,0.00237,0.03374
1403715339.912517070770264,0.01927,0.00051,0.00050,0.01009,0.00122,0.00269,0.03429
1403715339.962506055831909,0.02745,0.00046,0.00068,0.00871,0.00335,0.00222,0.04288
1403715340.012497186660767,0.02141,0.00040,0.00054,0.00947,0.00359,0.00228,0.03769
1403715340.062487363815308,0.02206,0.00047,0.00089,0.00674,0.00359,0.00231,0.03607
1403715340.112486124038696,0.02171,0.00050,0.00057,0.00741,0.00238,0.00242,0.03498
1403715340.162479877471924,0.02302,0.00071,0.00213,0.01024,0.00342,0.00265,0.04217
1403715340.212475776672363,0.02028,0.00060,0.00411,0.00580,0.00027,0.00241,0.03348
1403715340.262472391128540,0.00690,0.00026,0.00185,0.00491,0.00178,0.00226,0.01796
1403715340.312469005584717,0.00934,0.00021,0.00002,0.00465,0.00000,0.00219,0.01641
1403715340.362468719482422,0.01441,0.00020,0.00012,0.00700,0.00352,0.00247,0.02772
1403715340.412480831146240,0.02793,0.00045,0.00194,0.00661,0.00034,0.00241,0.03968
1403715340.462483406066895,0.02445,0.00046,0.00229,0.00520,0.00118,0.00338,0.03696
1403715340.512484788894653,0.02577,0.00042,0.00076,0.00221,0.00485,0.00292,0.03693
1403715340.562484979629517,0.01960,0.00049,0.00396,0.00251,0.00852,0.00236,0.03745
1403715340.612482786178589,0.02202,0.00042,0.00090,0.00569,0.00211,0.00247,0.03360
1403715340.662479400634766,0.02728,0.00040,0.00013,0.00675,0.00092,0.00302,0.03850
1403715340.712474346160889,0.02155,0.00043,0.00149,0.00725,0.00093,0.00308,0.03475
1403715340.762471437454224,0.02055,0.00045,0.00043,0.00450,0.00373,0.00326,0.03293
1403715340.812472105026245,0.01716,0.00015,0.00012,0.00123,0.00038,0.00378,0.02282
1403715340.862471342086792,0.01954,0.00044,0.00109,0.00257,0.00345,0.00380,0.03090
1403715340.912467002868652,0.01756,0.00041,0.00145,0.00523,0.00226,0.00317,0.03007
1403715340.962466001510620,0.01788,0.00043,0.00044,0.00685,0.00695,0.00217,0.03473
1403715341.012468814849854,0.02300,0.00045,0.00070,0.00945,0.00097,0.00353,0.03809
1403715341.062466859817505,0.02160,0.00044,0.00020,0.00938,0.00195,0.00268,0.03624
1403715341.112466573715210,0.02791,0.00046,0.00144,0.00724,0.00176,0.00246,0.04127
1403715341.162467479705811,0.02201,0.00044,0.00011,0.00842,0.00799,0.00241,0.04138
1403715341.212468147277832,0.02222,0.00044,0.00070,0.00936,0.00388,0.00232,0.03892
1403715341.262466192245483,0.02351,0.00047,0.00279,0.00906,0.00071,0.00247,0.03901
1403715341.312467575073242,0.02692,0.00035,0.00025,0.00656,0.00315,0.00225,0.03948
1403715341.362467050552368,0.02769,0.00038,0.00382,0.00476,0.00053,0.00242,0.03960
1403715341.412463426589966,0.02154,0.00046,0.00013,0.00769,0.00040,0.00381,0.03403
1403715341.462461948394775,0.02341,0.00046,0.00022,0.00499,0.00841,0.00187,0.03935
1403715341.512459039688110,0.02252,0.00032,0.00152,0.00389,0.00157,0.00247,0.03227
1403715341.562446594238281,0.02587,0.00045,0.00073,0.00560,0.00463,0.00272,0.04001
1403715341.612443685531616,0.02376,0.00043,0.00200,0.00496,0.00037,0.00388,0.03541
1403715341.662443161010742,0.02576,0.00041,0.00181,0.00150,0.00331,0.00238,0.03517
1403715341.712441921234131,0.02633,0.00042,0.00116,0.00272,0.00143,0.00360,0.03566
1403715341.762440204620361,0.01021,0.00017,0.00025,0.00119,0.00080,0.00223,0.01485
1403715341.812436342239380,0.01987,0.00034,0.00198,0.00402,0.00128,0.00340,0.03088
1403715341.862436532974243,0.01233,0.00016,0.00011,0.00315,0.00915,0.00263,0.02752
1403715341.912440776824951,0.01875,0.00042,0.00066,0.00644,0.00211,0.00441,0.03278
1403715341.962441921234131,0.01679,0.00032,0.00015,0.00672,0.00255,0.00368,0.03020
1403715342.012443780899048,0.01883,0.00037,0.00011,0.00611,0.00210,0.00268,0.03020
1403715342.062444925308228,0.02542,0.00041,0.00118,0.00686,0.00000,0.00349,0.03736
1403715342.112444639205933,0.01978,0.00037,0.00004,0.00764,0.00394,0.00271,0.03449
1403715342.162443637847900,0.02116,0.00046,0.00016,0.00800,0.00447,0.00300,0.03725
1403715342.212443590164185,0.01756,0.00041,0.00021,0.00875,0.00714,0.00259,0.03668
1403715342.262444734573364,0.02126,0.00048,0.00948,0.00646,0.00652,0.00239,0.04659
1403715342.312444686889648,0.00720,0.00015,0.00756,0.00509,0.00459,0.00246,0.02705
1403715342.362444639205933,0.01969,0.00034,0.00027,0.01055,0.00024,0.00253,0.03362
1403715342.412444114685059,0.00994,0.00020,0.00017,0.00558,0.00078,0.00258,0.01925
1403715342.462443351745605,0.02673,0.00051,0.00067,0.01081,0.00000,0.00255,0.04126
1403715342.512444734573364,0.02022,0.00051,0.00155,0.01139,0.00000,0.00224,0.03592
1403715342.562443733215332,0.02223,0.00042,0.00158,0.01069,0.00184,0.00216,0.03891
1403715342.612437963485718,0.02744,0.00039,0.00054,0.00700,0.00110,0.00235,0.03882
1403715342.662434339523315,0.02428,0.00048,0.00158,0.00672,0.00000,0.00243,0.03549
1403715342.712436914443970,0.02153,0.00049,0.00091,0.00812,0.00001,0.00238,0.03344
1403715342.762440919876099,0.02057,0.00048,0.00027,0.00798,0.00000,0.00277,0.03208
1403715342.812448740005493,0.02422,0.00043,0.00111,0.00625,0.00000,0.00265,0.03466
1403715342.862449645996094,0.02710,0.00038,0.00119,0.00375,0.00488,0.00228,0.03958
1403715342.912456274032593,0.01812,0.00048,0.01424,0.00313,0.00329,0.00232,0.04159
1403715342.962454557418823,0.01780,0.00049,0.00398,0.00787,0.00372,0.00230,0.03618
1403715343.012459278106689,0.02106,0.00044,0.00090,0.00732,0.00044,0.00224,0.03240
1403715343.062460660934448,0.02626,0.00065,0.00056,0.00771,0.00004,0.00296,0.03818
1403715343.112463474273682,0.03243,0.00050,0.00123,0.00745,0.00085,0.00246,0.04491
1403715343.162462949752808,0.02667,0.00039,0.00145,0.00649,0.00190,0.00207,0.03898
1403715343.212463378906250,0.02098,0.00040,0.00124,0.01040,0.00000,0.00260,0.03562
1403715343.262460231781006,0.02453,0.00045,0.00060,0.00839,0.00001,0.00341,0.03740
1403715343.312458992004395,0.02198,0.00045,0.00003,0.00843,0.00000,0.00418,0.03508
1403715343.362459421157837,0.02413,0.00046,0.00866,0.00335,0.00753,0.00215,0.04628
1403715343.412458896636963,0.01567,0.00029,0.00078,0.00813,0.00086,0.00319,0.02893
1403715343.462457895278931,0.01864,0.00042,0.00029,0.00911,0.00228,0.00290,0.03364
1403715343.512465476989746,0.02053,0.00050,0.00597,0.00458,0.00662,0.00239,0.04060
1403715343.562472820281982,0.02081,0.00036,0.00072,0.00736,0.00543,0.00243,0.03710
1403715343.612478256225586,0.01985,0.00047,0.00163,0.00987,0.00098,0.00257,0.03537
1403715343.662482738494873,0.02375,0.00042,0.00988,0.00388,0.00070,0.00198,0.04062
1403715343.712487936019897,0.02116,0.00041,0.00075,0.00443,0.00131,0.00407,0.03213
1403715343.762489318847656,0.02650,0.00043,0.00046,0.00246,0.00055,0.00452,0.03491
1403715343.812490224838257,0.02080,0.00046,0.00213,0.00105,0.00440,0.00337,0.03221
1403715343.862488508224487,0.02018,0.00044,0.00116,0.00411,0.00197,0.00332,0.03118
1403715343.912492036819458,0.02739,0.00043,0.00088,0.00371,0.00340,0.00264,0.03845
1403715343.962496757507324,0.02318,0.00036,0.00208,0.00384,0.00400,0.00357,0.03703
1403715344.012497901916504,0.02150,0.00034,0.00107,0.00377,0.00188,0.00386,0.03241
1403715344.062501192092896,0.03053,0.00040,0.00026,0.00270,0.00109,0.00365,0.03862
1403715344.112501621246338,0.03020,0.00040,0.00076,0.00094,0.00113,0.00437,0.03781
1403715344.162501096725464,0.02505,0.00037,0.00267,0.00099,0.00244,0.00361,0.03512
1403715344.212500095367432,0.02215,0.00039,0.00222,0.00295,0.00515,0.00321,0.03608
1403715344.262499332427979,0.02586,0.00039,0.00067,0.00321,0.00123,0.00352,0.03489
1403715344.312499761581421,0.01885,0.00038,0.00052,0.00258,0.00091,0.00457,0.02781
1403715344.362502574920654,0.02123,0.00038,0.00112,0.00259,0.00184,0.00427,0.03143
1403715344.412501096725464,0.01656,0.00016,0.00022,0.00222,0.00445,0.00255,0.02616
1403715344.462498903274536,0.00946,0.00015,0.00020,0.00226,0.00157,0.00228,0.01592
1403715344.512498378753662,0.02122,0.00042,0.00188,0.00628,0.00042,0.00342,0.03364
1403715344.562494516372681,0.02019,0.00044,0.00256,0.00490,0.00088,0.00309,0.03206
1403715344.612492799758911,0.01873,0.00045,0.00153,0.00620,0.00381,0.00231,0.03303
1403715344.662491559982300,0.02198,0.00038,0.00163,0.00687,0.00727,0.00205,0.04017
1403715344.712495326995850,0.01468,0.00047,0.00050,0.00484,0.00555,0.00249,0.02853
1403715344.762495517730713,0.02128,0.00041,0.00050,0.00700,0.00001,0.00275,0.03196
1403715344.812495708465576,0.02317,0.00044,0.00022,0.00685,0.00901,0.00235,0.04202
1403715344.862492561340332,0.02017,0.00046,0.00819,0.00610,0.00216,0.00229,0.03938
1403715344.912489414215088,0.02232,0.00045,0.00023,0.01108,0.00079,0.00283,0.03770
1403715344.962481021881104,0.02042,0.00044,0.00523,0.00611,0.00070,0.00209,0.03500
1403715345.012469530105591,0.02186,0.00040,0.01205,0.00409,0.00160,0.00199,0.04199
1403715345.062460660934448,0.02128,0.00037,0.01059,0.00513,0.00319,0.00213,0.04269
1403715345.112459421157837,0.02613,0.00044,0.00285,0.00743,0.00000,0.00249,0.03934
1403715345.162460327148438,0.01993,0.00042,0.00413,0.00716,0.00082,0.00246,0.03493
1403715345.212462902069092,0.02864,0.00034,0.00314,0.00454,0.00280,0.00226,0.04172
1403715345.262465476989746,0.01871,0.00041,0.00768,0.00606,0.00000,0.00226,0.03512
1403715345.312465190887451,0.02897,0.00043,0.00025,0.00807,0.00115,0.00282,0.04169
1403715345.362467765808105,0.02030,0.00041,0.00299,0.00769,0.00404,0.00226,0.03769
1403715345.412472248077393,0.02030,0.00052,0.00066,0.01057,0.00000,0.00331,0.03537
1403715345.462471246719360,0.02279,0.00047,0.00062,0.00807,0.00591,0.00228,0.04012
1403715345.512472152709961,0.01980,0.00042,0.00131,0.00896,0.00061,0.00312,0.03422
1403715345.562473535537720,0.02657,0.00049,0.00224,0.00493,0.00305,0.00247,0.03973
1403715345.612470388412476,0.02023,0.00044,0.01280,0.00395,0.00316,0.00225,0.04282
1403715345.662475585937500,0.02237,0.00026,0.00515,0.00363,0.00032,0.00204,0.03377
1403715345.712474107742310,0.01937,0.00041,0.00032,0.00748,0.00145,0.00224,0.03127
1403715345.762473821640015,0.02172,0.00048,0.00032,0.00905,0.00285,0.00230,0.03671
1403715345.812477350234985,0.02523,0.00036,0.00046,0.00734,0.00179,0.00231,0.03749
1403715345.862479448318481,0.02018,0.00044,0.00963,0.00656,0.00112,0.00201,0.03992
1403715345.912481307983398,0.02155,0.00046,0.00281,0.01070,0.00000,0.00264,0.03817
1403715345.962483644485474,0.02071,0.00044,0.00159,0.00875,0.00070,0.00230,0.03449
1403715346.012482881546021,0.02656,0.00041,0.00676,0.00732,0.00001,0.00219,0.04326
1403715346.062483072280884,0.02046,0.00039,0.00206,0.00740,0.00017,0.00223,0.03271
1403715346.112480640411377,0.01883,0.00043,0.00926,0.00506,0.00168,0.00233,0.03758
1403715346.162474632263184,0.02431,0.00042,0.00390,0.00831,0.00024,0.00239,0.03958
1403715346.212465763092041,0.02595,0.00039,0.00726,0.00430,0.00598,0.00238,0.04626
1403715346.262464523315430,0.01408,0.00024,0.00489,0.00507,0.00021,0.00251,0.02700
1403715346.312465906143188,0.02212,0.00043,0.00180,0.00866,0.00000,0.00248,0.03550
1403715346.362466096878052,0.02108,0.00046,0.00113,0.01007,0.00077,0.00260,0.03611
1403715346.412467002868652,0.02161,0.00044,0.00099,0.00905,0.00001,0.00206,0.03417
1403715346.462466955184937,0.02077,0.00051,0.00359,0.00768,0.00122,0.00247,0.03624
1403715346.512467861175537,0.00914,0.00019,0.00128,0.00516,0.00064,0.00244,0.01886
1403715346.562470912933350,0.02114,0.00038,0.00907,0.00540,0.00210,0.00230,0.04040
1403715346.612471342086792,0.02432,0.00032,0.00446,0.00538,0.00113,0.00248,0.03808
1403715346.662472963333130,0.02202,0.00035,0.00038,0.00899,0.00000,0.00209,0.03383
1403715346.712475061416626,0.00757,0.00024,0.00399,0.00585,0.00000,0.00273,0.02040
1403715346.762480258941650,0.00854,0.00023,0.00919,0.00533,0.00000,0.00222,0.02551
1403715346.812479496002197,0.02019,0.00037,0.00595,0.00593,0.00000,0.00258,0.03502
1403715346.862473487854004,0.01900,0.00049,0.00899,0.00625,0.00000,0.00229,0.03703
1403715346.912466287612915,0.02085,0.00041,0.00135,0.00786,0.00000,0.00232,0.03279
1403715346.962459087371826,0.02047,0.00045,0.00056,0.01073,0.00000,0.00290,0.03511
1403715347.012457847595215,0.02611,0.00049,0.00109,0.00399,0.00190,0.00340,0.03698
1403715347.062459468841553,0.02288,0.00048,0.00082,0.00237,0.00126,0.00464,0.03245
1403715347.112459897994995,0.01882,0.00047,0.00174,0.00135,0.00566,0.00376,0.03181
1403715347.162465810775757,0.01995,0.00048,0.00726,0.00430,0.00658,0.00234,0.04092
1403715347.212466478347778,0.01853,0.00037,0.00041,0.00713,0.00187,0.00335,0.03167
1403715347.262469053268433,0.02212,0.00054,0.00046,0.00734,0.00000,0.00374,0.03422
1403715347.312474727630615,0.02493,0.00044,0.00106,0.00376,0.00353,0.00252,0.03625
1403715347.362479209899902,0.02277,0.00040,0.00096,0.00224,0.00439,0.00265,0.03342
1403715347.412479877471924,0.02153,0.00046,0.00068,0.00125,0.00497,0.00375,0.03264
1403715347.462479829788208,0.02268,0.00038,0.00119,0.00166,0.00414,0.00380,0.03386
1403715347.512481689453125,0.02218,0.00037,0.00059,0.00385,0.00123,0.00423,0.03246
1403715347.562480926513672,0.02007,0.00041,0.00023,0.00623,0.00047,0.00380,0.03120
1403715347.612481832504272,0.02223,0.00043,0.00011,0.00540,0.00027,0.00388,0.03232
1403715347.662480354309082,0.02179,0.00039,0.00052,0.00416,0.00050,0.00447,0.03184
1403715347.712478637695312,0.02094,0.00037,0.00057,0.00422,0.00215,0.00414,0.03240
1403715347.762480258941650,0.02189,0.00037,0.00207,0.00446,0.00735,0.00252,0.03866
1403715347.812478303909302,0.01413,0.00022,0.00070,0.00204,0.00239,0.00289,0.02236
1403715347.862482070922852,0.02882,0.00040,0.00152,0.00474,0.00950,0.00207,0.04705
1403715347.912481784820557,0.01753,0.00025,0.00062,0.00380,0.00404,0.00206,0.02830
1403715347.962485551834106,0.02952,0.00047,0.00029,0.00653,0.00845,0.00243,0.04770
1403715348.012483596801758,0.01804,0.00034,0.00294,0.00898,0.00359,0.00230,0.03619
1403715348.062485218048096,0.02155,0.00039,0.00732,0.00499,0.00000,0.00232,0.03657
1403715348.112485170364380,0.02121,0.00047,0.00004,0.00938,0.00000,0.00221,0.03330
1403715348.162484884262085,0.02013,0.00046,0.00036,0.01026,0.00081,0.00285,0.03487
1403715348.212483644485474,0.02571,0.00058,0.00018,0.00896,0.00079,0.00280,0.03902
1403715348.262480974197388,0.02000,0.00039,0.00027,0.01025,0.00118,0.00258,0.03466
1403715348.312479496002197,0.00661,0.00016,0.00048,0.00321,0.00101,0.00218,0.01365
1403715348.362479448318481,0.02422,0.00046,0.00240,0.00602,0.00396,0.00228,0.03934
1403715348.412481784820557,0.02289,0.00038,0.01342,0.00327,0.00378,0.00215,0.04590
1403715348.462482213973999,0.01301,0.00024,0.00291,0.00709,0.00201,0.00269,0.02794
1403715348.512482166290283,0.01998,0.00042,0.00040,0.00860,0.00085,0.00253,0.03277
1403715348.562482833862305,0.02135,0.00075,0.00076,0.00684,0.00111,0.00265,0.03346
1403715348.612483024597168,0.00841,0.00020,0.00024,0.00283,0.00057,0.00241,0.01466
1403715348.662482738494873,0.00962,0.00021,0.00018,0.00297,0.00225,0.00233,0.01757
1403715348.712482690811157,0.02590,0.00047,0.00011,0.00764,0.00000,0.00295,0.03707
1403715348.762482166290283,0.02246,0.00037,0.00091,0.00708,0.00000,0.00337,0.03420
1403715348.812483310699463,0.02672,0.00043,0.00191,0.00504,0.00000,0.00304,0.03714
1403715348.862480878829956,0.01086,0.00017,0.00101,0.00437,0.00000,0.00345,0.01986
1403715348.912482738494873,0.02060,0.00040,0.00302,0.00647,0.01837,0.00226,0.05112
1403715348.962486982345581,0.00759,0.00017,0.00147,0.00625,0.00000,0.00295,0.01844
1403715349.012483358383179,0.01871,0.00045,0.01476,0.00478,0.00107,0.00233,0.04209
1403715349.062481880187988,0.01591,0.00028,0.00345,0.00851,0.00072,0.00239,0.03126
1403715349.112480401992798,0.02119,0.00050,0.00444,0.00938,0.00000,0.00228,0.03779
1403715349.162481307983398,0.02034,0.00047,0.00215,0.00779,0.00019,0.00213,0.03307
1403715349.212477922439575,0.02372,0.00044,0.00057,0.01101,0.00000,0.00253,0.03828
1403715349.262477874755859,0.02077,0.00046,0.01579,0.00480,0.00313,0.00210,0.04704
1403715349.312476396560669,0.01161,0.00027,0.00003,0.00629,0.00000,0.00227,0.02047
1403715349.362471580505371,0.01868,0.00044,0.00022,0.01005,0.00026,0.00235,0.03200
1403715349.412477493286133,0.00870,0.00021,0.00055,0.00543,0.00047,0.00282,0.01816
1403715349.462485551834106,0.01747,0.00036,0.00028,0.00758,0.00001,0.00381,0.02951
1403715349.512490034103394,0.02646,0.00045,0.00041,0.00702,0.00071,0.00384,0.03889
1403715349.562493562698364,0.02229,0.00046,0.00207,0.00460,0.00197,0.00283,0.03422
1403715349.612501621246338,0.02142,0.00047,0.01115,0.00246,0.00383,0.00249,0.04181
1403715349.662505626678467,0.01681,0.00034,0.00144,0.00662,0.00403,0.00256,0.03180
1403715349.712506532669067,0.02682,0.00050,0.00029,0.00928,0.00053,0.00270,0.04013
1403715349.762505531311035,0.02099,0.00048,0.00027,0.01095,0.00157,0.00263,0.03689
1403715349.812504053115845,0.01682,0.00047,0.00154,0.01042,0.00000,0.00259,0.03184
1403715349.862499237060547,0.01090,0.00024,0.00546,0.00533,0.00301,0.00249,0.02744
1403715349.912497282028198,0.01972,0.00042,0.00123,0.00825,0.00004,0.00252,0.03218
1403715349.962496280670166,0.02880,0.00039,0.00028,0.00761,0.00000,0.00227,0.03935
1403715350.012497663497925,0.02247,0.00052,0.00019,0.01051,0.00000,0.00280,0.03650
1403715350.062499523162842,0.02067,0.00054,0.00102,0.00900,0.00226,0.00232,0.03581
1403715350.112487077713013,0.02120,0.00070,0.00131,0.01002,0.00083,0.00292,0.03697
1403715350.162483453750610,0.02294,0.00044,0.00220,0.00912,0.00121,0.00237,0.03828
1403715350.212476968765259,0.02675,0.00047,0.01364,0.00390,0.00072,0.00240,0.04789
1403715350.262475013732910,0.01787,0.00044,0.00004,0.01090,0.00232,0.00269,0.03427
1403715350.312473773956299,0.02355,0.00053,0.00156,0.00942,0.00088,0.00251,0.03846
1403715350.362474203109741,0.02128,0.00046,0.00123,0.00761,0.00134,0.00209,0.03401
1403715350.412472486495972,0.02684,0.00041,0.00771,0.00598,0.00122,0.00256,0.04472
1403715350.462476015090942,0.02495,0.00030,0.00692,0.00457,0.00111,0.00211,0.03996
1403715350.512478590011597,0.02607,0.00047,0.01667,0.00459,0.00109,0.00216,0.05105
1403715350.562481880187988,0.00995,0.00024,0.00002,0.00839,0.00000,0.00323,0.02183
1403715350.612483739852905,0.01953,0.00053,0.00014,0.01170,0.00000,0.00263,0.03455
1403715350.662483215332031,0.02486,0.00040,0.00018,0.01132,0.00025,0.00281,0.03982
1403715350.712481975555420,0.00872,0.00019,0.00005,0.00536,0.00000,0.00250,0.01683
1403715350.762479782104492,0.01936,0.00051,0.00011,0.01029,0.00000,0.00247,0.03274
1403715350.812479972839355,0.01985,0.00038,0.01556,0.00508,0.00000,0.00233,0.04320
1403715350.862481117248535,0.01194,0.00026,0.00060,0.00827,0.00000,0.00285,0.02393
1403715350.912483453750610,0.02039,0.00050,0.00004,0.01080,0.00000,0.00261,0.03435
1403715350.962481260299683,0.02015,0.00051,0.00105,0.01031,0.00022,0.00273,0.03498
1403715351.012476205825806,0.01844,0.00042,0.00481,0.00963,0.00004,0.00224,0.03557
1403715351.062475919723511,0.02048,0.00045,0.01089,0.00620,0.00111,0.00210,0.04123
1403715351.112475156784058,0.02261,0.00037,0.01098,0.00491,0.00000,0.00236,0.04124
1403715351.162478685379028,0.01577,0.00046,0.00004,0.01290,0.00000,0.00289,0.03205
1403715351.212478160858154,0.02135,0.00074,0.00007,0.01189,0.00000,0.00337,0.03743
1403715351.262479543685913,0.02184,0.00050,0.00020,0.00896,0.00026,0.00252,0.03428
1403715351.312479972839355,0.02262,0.00044,0.00190,0.01158,0.00001,0.00246,0.03902
1403715351.362475633621216,0.02401,0.00043,0.00014,0.01000,0.00001,0.00286,0.03746
1403715351.412478446960449,0.02122,0.00045,0.01233,0.00406,0.00072,0.00227,0.04105
1403715351.462478160858154,0.02998,0.00040,0.00122,0.00828,0.00066,0.00243,0.04297
1403715351.512478828430176,0.02670,0.00047,0.00062,0.00936,0.00001,0.00271,0.03987
1403715351.562477827072144,0.01955,0.00043,0.00205,0.01087,0.00000,0.00304,0.03595
1403715351.612476110458374,0.00790,0.00017,0.00041,0.00552,0.00011,0.00314,0.01725
1403715351.662478208541870,0.01952,0.00030,0.00081,0.00574,0.00484,0.00216,0.03338
1403715351.712481498718262,0.02066,0.00042,0.01395,0.00409,0.00131,0.00204,0.04246
1403715351.762489557266235,0.02645,0.00045,0.00236,0.00764,0.00000,0.00243,0.03934
1403715351.812493085861206,0.01947,0.00049,0.00330,0.00622,0.00000,0.00239,0.03188
1403715351.862491846084595,0.02149,0.00041,0.00123,0.01056,0.00006,0.00293,0.03668
1403715351.912489652633667,0.02771,0.00046,0.00102,0.00828,0.00021,0.00304,0.04072
1403715351.962490797042847,0.01144,0.00014,0.00098,0.00367,0.00000,0.00234,0.01858
1403715352.012488842010498,0.01090,0.00021,0.00839,0.00481,0.00531,0.00219,0.03179
1403715352.062489509582520,0.02080,0.00039,0.00091,0.01049,0.00030,0.00276,0.03566
1403715352.112493276596069,0.02138,0.00042,0.00089,0.00807,0.00002,0.00231,0.03308
1403715352.162495851516724,0.02649,0.00035,0.00091,0.00708,0.00021,0.00240,0.03743
1403715352.212498426437378,0.02099,0.00043,0.00049,0.01035,0.00203,0.00240,0.03667
1403715352.262502908706665,0.02061,0.00040,0.00240,0.00646,0.00016,0.00207,0.03209
1403715352.312504529953003,0.02521,0.00037,0.01245,0.00424,0.00436,0.00234,0.04897
1403715352.362502574920654,0.00922,0.00018,0.00019,0.00908,0.00002,0.00279,0.02147
1403715352.412501811981201,0.02177,0.00050,0.00494,0.00786,0.00000,0.00237,0.03744
1403715352.462502241134644,0.02042,0.00044,0.00004,0.01199,0.00018,0.00256,0.03564
1403715352.512501716613770,0.03113,0.00041,0.01188,0.00408,0.00139,0.00232,0.05122
1403715352.562502145767212,0.01507,0.00036,0.00019,0.01165,0.00001,0.00282,0.03010
1403715352.612504243850708,0.01967,0.00049,0.00884,0.00580,0.00223,0.00215,0.03918
1403715352.662504434585571,0.02112,0.00036,0.00107,0.00766,0.00000,0.00224,0.03246
1403715352.712505817413330,0.01899,0.00042,0.00004,0.01436,0.00128,0.00233,0.03742
1403715352.762508869171143,0.00846,0.00020,0.00010,0.00551,0.00000,0.00256,0.01682
1403715352.812513589859009,0.01723,0.00042,0.00168,0.00732,0.00003,0.00251,0.02918
1403715352.862509727478027,0.01762,0.00037,0.00196,0.00785,0.00000,0.00286,0.03066
1403715352.912502765655518,0.02453,0.00041,0.00940,0.00543,0.00459,0.00219,0.04656
1403715352.962499618530273,0.01074,0.00019,0.00233,0.00759,0.00000,0.00221,0.02306
1403715353.012494802474976,0.02209,0.00052,0.00249,0.01179,0.00000,0.00239,0.03929
1403715353.062493562698364,0.02101,0.00043,0.00967,0.00527,0.00111,0.00238,0.03987
1403715353.112492561340332,0.01716,0.00034,0.00997,0.00572,0.00000,0.00229,0.03548
1403715353.162494897842407,0.02003,0.00035,0.00070,0.00846,0.00000,0.00229,0.03182
1403715353.212496995925903,0.02172,0.00047,0.00778,0.00886,0.00017,0.00256,0.04156
1403715353.262496471405029,0.02179,0.00041,0.00135,0.01151,0.00000,0.00254,0.03759
1403715353.312500238418579,0.02044,0.00048,0.00004,0.01237,0.00000,0.00274,0.03608
1403715353.362501144409180,0.02538,0.00041,0.00190,0.00705,0.00000,0.00228,0.03702
1403715353.412502765655518,0.02583,0.00042,0.00014,0.01102,0.00024,0.00253,0.04017
1403715353.462503194808960,0.02013,0.00042,0.00252,0.01167,0.00000,0.00241,0.03715
1403715353.512502670288086,0.02178,0.00050,0.01640,0.00494,0.00109,0.00227,0.04699
1403715353.562502861022949,0.01219,0.00031,0.00003,0.00717,0.00000,0.00229,0.02199
1403715353.612503051757812,0.02015,0.00054,0.00148,0.01099,0.00000,0.00241,0.03557
1403715353.662502050399780,0.02015,0.00041,0.00929,0.00552,0.00125,0.00238,0.03901
1403715353.712501287460327,0.02013,0.00038,0.01317,0.00554,0.00112,0.00228,0.04263
1403715353.762501478195190,0.01923,0.00038,0.00004,0.01217,0.00000,0.00260,0.03444
1403715353.812501907348633,0.01861,0.00043,0.00187,0.01016,0.00000,0.00229,0.03336
1403715353.862502813339233,0.02778,0.00073,0.00024,0.01240,0.00000,0.00316,0.04432
1403715353.912503242492676,0.02108,0.00043,0.00006,0.00991,0.00000,0.00226,0.03373
1403715353.962504148483276,0.02035,0.00043,0.00019,0.01007,0.00000,0.00249,0.03353
1403715354.012508392333984,0.02173,0.00046,0.00012,0.00882,0.00003,0.00262,0.03378
1403715354.062510251998901,0.02158,0.00048,0.00041,0.00940,0.00046,0.00264,0.03497
1403715354.112517833709717,0.02301,0.00045,0.01096,0.00409,0.00235,0.00209,0.04295
1403715354.162516832351685,0.01688,0.00029,0.00009,0.00708,0.00000,0.00205,0.02639
1403715354.212515592575073,0.02251,0.00047,0.00005,0.01022,0.00000,0.00258,0.03583
1403715354.262514114379883,0.02137,0.00042,0.00913,0.00629,0.00354,0.00267,0.04341
1403715354.312511205673218,0.01817,0.00035,0.00854,0.00530,0.00123,0.00270,0.03629
1403715354.362510681152344,0.01967,0.00033,0.00009,0.00818,0.00000,0.00205,0.03033
1403715354.412512540817261,0.02102,0.00050,0.01728,0.00560,0.00000,0.00230,0.04669
1403715354.462515354156494,0.01187,0.00025,0.00007,0.00724,0.00000,0.00215,0.02159
1403715354.512515783309937,0.02074,0.00064,0.00004,0.01068,0.00000,0.00278,0.03488
1403715354.562515258789062,0.02300,0.00052,0.00044,0.01291,0.00000,0.00230,0.03916
1403715354.612514257431030,0.02471,0.00051,0.00012,0.01247,0.00003,0.00244,0.04028
1403715354.662513256072998,0.02065,0.00054,0.00004,0.01475,0.00000,0.00223,0.03822
1403715354.712511539459229,0.02563,0.00048,0.01280,0.00623,0.00137,0.00243,0.04895
1403715354.762510776519775,0.00904,0.00020,0.00002,0.00698,0.00000,0.00254,0.01879
1403715354.812510967254639,0.00846,0.00019,0.00002,0.00609,0.00000,0.00222,0.01698
1403715354.862510442733765,0.02022,0.00041,0.00841,0.00661,0.00000,0.00220,0.03786
1403715354.912508010864258,0.02074,0.00044,0.00911,0.00588,0.00017,0.00215,0.03850
1403715354.962505340576172,0.01936,0.00055,0.00005,0.01277,0.00000,0.00229,0.03502
1403715355.012504816055298,0.02172,0.00043,0.01718,0.00565,0.00000,0.00213,0.04711
1403715355.062507867813110,0.01144,0.00033,0.00067,0.01235,0.00000,0.00279,0.02757
1403715355.112507820129395,0.02064,0.00047,0.00007,0.01281,0.00000,0.00238,0.03637
1403715355.162506818771362,0.02151,0.00045,0.00010,0.00959,0.00000,0.00220,0.03384
1403715355.212505817413330,0.02565,0.00040,0.00023,0.01162,0.00081,0.00232,0.04103
1403715355.262504100799561,0.02205,0.00040,0.00272,0.00687,0.00000,0.00226,0.03430
1403715355.312501668930054,0.02160,0.00044,0.00800,0.00528,0.00509,0.00203,0.04244
1403715355.362500667572021,0.01698,0.00032,0.00003,0.00770,0.00000,0.00214,0.02718
1403715355.412501335144043,0.02195,0.00045,0.00007,0.01212,0.00000,0.00223,0.03683
1403715355.462501764297485,0.02119,0.00042,0.00847,0.00653,0.00224,0.00217,0.04102
1403715355.512503623962402,0.01869,0.00034,0.01060,0.00570,0.00108,0.00246,0.03886
1403715355.562502384185791,0.02781,0.00027,0.00105,0.00576,0.00001,0.00239,0.03728
1403715355.612500429153442,0.02403,0.00043,0.01466,0.00399,0.00425,0.00223,0.04960
1403715355.662496805191040,0.00981,0.00023,0.00038,0.00621,0.00000,0.00334,0.01997
1403715355.712494373321533,0.02031,0.00043,0.00019,0.01071,0.00000,0.00308,0.03473
1403715355.762489557266235,0.00817,0.00016,0.00213,0.00315,0.00488,0.00202,0.02050
1403715355.812485933303833,0.00744,0.00019,0.00100,0.00384,0.00034,0.00226,0.01509
1403715355.862481117248535,0.02090,0.00046,0.00171,0.00687,0.00029,0.00213,0.03236
1403715355.912478208541870,0.02487,0.00040,0.00014,0.00728,0.00081,0.00267,0.03617
1403715355.962479114532471,0.02051,0.00042,0.00217,0.00777,0.00000,0.00219,0.03307
1403715356.012478828430176,0.02609,0.00045,0.00197,0.00712,0.00021,0.00215,0.03799
1403715356.062478780746460,0.01832,0.00043,0.00153,0.00764,0.00233,0.00221,0.03246
1403715356.112478971481323,0.02065,0.00044,0.00981,0.00654,0.00400,0.00193,0.04336
1403715356.162479400634766,0.01761,0.00034,0.01032,0.00682,0.00175,0.00225,0.03910
1403715356.212477445602417,0.01981,0.00035,0.00739,0.00537,0.00122,0.00208,0.03623
1403715356.262477159500122,0.02112,0.00039,0.00009,0.00927,0.00000,0.00245,0.03332
1403715356.312478780746460,0.01920,0.00049,0.01387,0.00616,0.00000,0.00231,0.04203
1403715356.362481355667114,0.02162,0.00032,0.00129,0.00662,0.00000,0.00245,0.03230
1403715356.412482023239136,0.02276,0.00047,0.00048,0.01304,0.00000,0.00243,0.03918
1403715356.462480545043945,0.02525,0.00041,0.00037,0.00961,0.00001,0.00237,0.03802
1403715356.512478351593018,0.02053,0.00046,0.00014,0.01320,0.00000,0.00216,0.03648
1403715356.562475919723511,0.02395,0.00046,0.00977,0.00610,0.00111,0.00231,0.04370
1403715356.612474918365479,0.00780,0.00017,0.00070,0.00563,0.00000,0.00223,0.01653
1403715356.662473201751709,0.00855,0.00018,0.00003,0.00642,0.00000,0.00276,0.01795
1403715356.712472915649414,0.02182,0.00077,0.00865,0.00636,0.00167,0.00269,0.04196
1403715356.762472152709961,0.02243,0.00028,0.00485,0.00493,0.00017,0.00220,0.03487
1403715356.812470674514771,0.02322,0.00049,0.00695,0.00806,0.00423,0.00229,0.04525
1403715356.862468719482422,0.00940,0.00018,0.00100,0.00536,0.00000,0.00235,0.01830
1403715356.912469387054443,0.01035,0.00022,0.00359,0.00503,0.00209,0.00206,0.02334
1403715356.962471246719360,0.02739,0.00064,0.00137,0.00772,0.00023,0.00271,0.04006
1403715357.012469768524170,0.02687,0.00042,0.00275,0.00901,0.00000,0.00211,0.04118
1403715357.062467098236084,0.01942,0.00047,0.00153,0.01056,0.00026,0.00289,0.03513
1403715357.112464904785156,0.02458,0.00047,0.00078,0.00916,0.00327,0.00201,0.04028
1403715357.162461042404175,0.02042,0.00044,0.00055,0.01041,0.00311,0.00216,0.03710
1403715357.212458610534668,0.02087,0.00036,0.00037,0.00775,0.00016,0.00223,0.03176
1403715357.262456417083740,0.02054,0.00043,0.00031,0.00907,0.00036,0.00256,0.03326
1403715357.312453746795654,0.02382,0.00044,0.00028,0.01034,0.00267,0.00237,0.03993
1403715357.362452983856201,0.02037,0.00038,0.00088,0.01053,0.00347,0.00217,0.03780
1403715357.412454605102539,0.02107,0.00042,0.00030,0.01055,0.00059,0.00266,0.03559
1403715357.462458372116089,0.01950,0.00047,0.00763,0.00532,0.00349,0.00240,0.03880
1403715357.512465476989746,0.02035,0.00043,0.00036,0.01050,0.00525,0.00220,0.03908
1403715357.562467813491821,0.02366,0.00031,0.00676,0.00459,0.00022,0.00219,0.03773
1403715357.612465858459473,0.02380,0.00064,0.00094,0.01004,0.00031,0.00301,0.03874
1403715357.662456750869751,0.02245,0.00044,0.01239,0.00459,0.00155,0.00229,0.04370
1403715357.712451219558716,0.02271,0.00034,0.00015,0.00976,0.00025,0.00311,0.03633
1403715357.762450456619263,0.02689,0.00045,0.00106,0.00757,0.00088,0.00230,0.03915
1403715357.812452793121338,0.02452,0.00041,0.00271,0.00869,0.00000,0.00258,0.03891
1403715357.862452030181885,0.02002,0.00044,0.00189,0.00756,0.00272,0.00198,0.03461
1403715357.912454128265381,0.02291,0.00043,0.00014,0.01047,0.00026,0.00243,0.03663
1403715357.962453603744507,0.01940,0.00037,0.00281,0.01012,0.00354,0.00222,0.03847
1403715358.012453794479370,0.02069,0.00049,0.00024,0.01163,0.00000,0.00298,0.03603
1403715358.062454223632812,0.02176,0.00047,0.00173,0.00949,0.00279,0.00221,0.03844
1403715358.112456321716309,0.01860,0.00050,0.00017,0.01219,0.00000,0.00254,0.03400
1403715358.162459135055542,0.02224,0.00043,0.01082,0.00614,0.00161,0.00238,0.04360
1403715358.212459325790405,0.02152,0.00037,0.00028,0.00734,0.00000,0.00205,0.03157
1403715358.262460470199585,0.01945,0.00041,0.01017,0.00637,0.00316,0.00217,0.04171
1403715358.312460899353027,0.01602,0.00034,0.00576,0.00541,0.00121,0.00214,0.03088
1403715358.362462997436523,0.01599,0.00019,0.00044,0.00720,0.00000,0.00245,0.02626
1403715358.412472486495972,0.02307,0.00045,0.00012,0.01155,0.00000,0.00299,0.03817
1403715358.462485790252686,0.02938,0.00048,0.00870,0.00482,0.00211,0.00225,0.04775
1403715358.512493133544922,0.02568,0.00068,0.00149,0.00739,0.00092,0.00283,0.03900
1403715358.562496423721313,0.02643,0.00039,0.00251,0.00721,0.00021,0.00235,0.03910
1403715358.612497806549072,0.02396,0.00046,0.00116,0.00759,0.00061,0.00300,0.03679
1403715358.662494659423828,0.02095,0.00043,0.00089,0.00451,0.00208,0.00246,0.03133
1403715358.712493419647217,0.02298,0.00044,0.00177,0.00215,0.00192,0.00369,0.03295
1403715358.762493371963501,0.02732,0.00038,0.00364,0.00161,0.00764,0.00218,0.04277
1403715358.812488555908203,0.02874,0.00041,0.00462,0.00172,0.00178,0.00264,0.03991
1403715358.862488508224487,0.01423,0.00022,0.00086,0.00235,0.00064,0.00239,0.02069
1403715358.912488460540771,0.00953,0.00015,0.00057,0.00162,0.00073,0.00216,0.01477
1403715358.962485074996948,0.01997,0.00045,0.00059,0.00420,0.00000,0.00386,0.02907
1403715359.012481451034546,0.01970,0.00046,0.00154,0.00194,0.00314,0.00319,0.02998
1403715359.062481164932251,0.02464,0.00037,0.00103,0.00166,0.00183,0.00360,0.03315
1403715359.112480163574219,0.01972,0.00033,0.00088,0.00233,0.00172,0.00396,0.02895
1403715359.162482261657715,0.02607,0.00045,0.00054,0.00285,0.00252,0.00365,0.03609
1403715359.212481260299683,0.02289,0.00040,0.00079,0.00445,0.00041,0.00358,0.03252
1403715359.262481689453125,0.02198,0.00039,0.00088,0.00250,0.00188,0.00411,0.03173
1403715359.312478542327881,0.01881,0.00035,0.00084,0.00350,0.00168,0.00413,0.02931
1403715359.362477302551270,0.01926,0.00040,0.00048,0.00265,0.00660,0.00333,0.03272
1403715359.412478446960449,0.02077,0.00036,0.00088,0.00288,0.00268,0.00451,0.03207
1403715359.462478399276733,0.01880,0.00038,0.00042,0.00305,0.00547,0.00318,0.03129
1403715359.512480020523071,0.02511,0.00037,0.00095,0.00381,0.00314,0.00394,0.03732
1403715359.562481403350830,0.01995,0.00033,0.00073,0.00589,0.00042,0.00381,0.03113
1403715359.612478256225586,0.01864,0.00037,0.00067,0.00581,0.00561,0.00282,0.03392
1403715359.662474393844604,0.00737,0.00015,0.00008,0.00221,0.00085,0.00210,0.01276
1403715359.712473392486572,0.01262,0.00026,0.00029,0.00339,0.00042,0.00232,0.01930
1403715359.762471914291382,0.01868,0.00041,0.00022,0.00765,0.00668,0.00223,0.03587
1403715359.812472820281982,0.02388,0.00029,0.00079,0.00505,0.00018,0.00271,0.03289
1403715359.862474918365479,0.02151,0.00040,0.00097,0.00829,0.00171,0.00289,0.03578
1403715359.912474870681763,0.01860,0.00032,0.00016,0.00687,0.00139,0.00268,0.03002
1403715359.962476015090942,0.01869,0.00039,0.00187,0.00860,0.01023,0.00228,0.04205
1403715360.012476205825806,0.01635,0.00029,0.00057,0.00605,0.00371,0.00251,0.02949
1403715360.062475919723511,0.02213,0.00047,0.00954,0.00615,0.00224,0.00226,0.04280
1403715360.112476110458374,0.01986,0.00036,0.00553,0.00520,0.00119,0.00205,0.03419
1403715360.162473917007446,0.01986,0.00048,0.00004,0.00990,0.00000,0.00211,0.03239
1403715360.212468862533569,0.01875,0.00049,0.01378,0.00513,0.00109,0.00206,0.04130
1403715360.262469053268433,0.01351,0.00033,0.00097,0.00696,0.00000,0.00249,0.02426
1403715360.312468051910400,0.01914,0.00052,0.00193,0.01303,0.00000,0.00231,0.03693
1403715360.362467765808105,0.02394,0.00046,0.00179,0.01177,0.00000,0.00237,0.04033
1403715360.412468910217285,0.02326,0.00042,0.00022,0.01193,0.00000,0.00230,0.03813
1403715360.462468862533569,0.02622,0.00044,0.00279,0.01007,0.00019,0.00245,0.04217
1403715360.512467384338379,0.02596,0.00044,0.00018,0.01059,0.00000,0.00264,0.03982
1403715360.562467813491821,0.02061,0.00043,0.00902,0.00641,0.00020,0.00221,0.03888
1403715360.612466812133789,0.01907,0.00041,0.00959,0.00592,0.00101,0.00214,0.03813
1403715360.662464857101440,0.02062,0.00045,0.00304,0.01003,0.00325,0.00207,0.03945
1403715360.712461948394775,0.02482,0.00043,0.00639,0.00653,0.00094,0.00220,0.04132
1403715360.762460947036743,0.01817,0.00040,0.00179,0.00911,0.00049,0.00292,0.03288
1403715360.812467098236084,0.02442,0.00041,0.01024,0.00338,0.00325,0.00223,0.04393
1403715360.862465381622314,0.01667,0.00031,0.00051,0.00852,0.00131,0.00259,0.02992
1403715360.912462472915649,0.02083,0.00044,0.00058,0.00744,0.00078,0.00234,0.03241
1403715360.962461948394775,0.01012,0.00023,0.00206,0.00239,0.00261,0.00254,0.01995
1403715361.012461900711060,0.02177,0.00041,0.00034,0.00828,0.00050,0.00263,0.03393
1403715361.062462329864502,0.02165,0.00046,0.00070,0.00784,0.00091,0.00231,0.03386
1403715361.112462520599365,0.02029,0.00042,0.00051,0.01065,0.00045,0.00271,0.03503
1403715361.162463665008545,0.02644,0.00041,0.00012,0.01013,0.00059,0.00282,0.04050
1403715361.212467432022095,0.01940,0.00044,0.00024,0.00953,0.00376,0.00220,0.03558
1403715361.262465953826904,0.01984,0.00043,0.00017,0.00858,0.00004,0.00250,0.03156
1403715361.312468051910400,0.02600,0.00042,0.00344,0.00737,0.00020,0.00260,0.04003
1403715361.362468004226685,0.02469,0.00039,0.00552,0.00612,0.00424,0.00235,0.04332
1403715361.412470340728760,0.01800,0.00030,0.00208,0.00490,0.00500,0.00210,0.03238
1403715361.462473630905151,0.02670,0.00033,0.00071,0.00674,0.00006,0.00216,0.03668
1403715361.512476444244385,0.02118,0.00039,0.00967,0.00491,0.00443,0.00201,0.04259
1403715361.562478780746460,0.01482,0.00030,0.00027,0.00673,0.00055,0.00209,0.02476
1403715361.612481832504272,0.02172,0.00047,0.00013,0.01182,0.00006,0.00276,0.03697
1403715361.662483453750610,0.01853,0.00044,0.00014,0.01029,0.00001,0.00253,0.03194
1403715361.712480783462524,0.02835,0.00039,0.00165,0.00776,0.00025,0.00302,0.04143
1403715361.762479305267334,0.02022,0.00041,0.00004,0.00810,0.00253,0.00325,0.03455
1403715361.812472581863403,0.02233,0.00041,0.00061,0.00651,0.00091,0.00268,0.03344
1403715361.862469673156738,0.01884,0.00040,0.00272,0.00665,0.00168,0.00247,0.03275
1403715361.912463665008545,0.01841,0.00042,0.00637,0.00617,0.00683,0.00203,0.04023
1403715361.962464570999146,0.02150,0.00030,0.00198,0.00578,0.00040,0.00217,0.03213
1403715362.012464523315430,0.02354,0.00042,0.01388,0.00500,0.00057,0.00225,0.04567
1403715362.062466144561768,0.01615,0.00037,0.00189,0.00665,0.00000,0.00209,0.02714
1403715362.112467765808105,0.02157,0.00043,0.01017,0.00604,0.00018,0.00214,0.04053
1403715362.162468433380127,0.02045,0.00039,0.00151,0.00763,0.00018,0.00213,0.03228
1403715362.212466955184937,0.01984,0.00039,0.00035,0.01009,0.00017,0.00217,0.03301
1403715362.262468338012695,0.02506,0.00041,0.00249,0.00733,0.00277,0.00201,0.04007
1403715362.312469005584717,0.01920,0.00036,0.00072,0.00748,0.00084,0.00215,0.03075
1403715362.362469434738159,0.02159,0.00040,0.00048,0.01032,0.00039,0.00296,0.03614
1403715362.412470340728760,0.02042,0.00038,0.00464,0.00836,0.00000,0.00290,0.03670
1403715362.462468624114990,0.02443,0.00038,0.00091,0.00679,0.00021,0.00242,0.03513
1403715362.512472629547119,0.01950,0.00038,0.00626,0.00635,0.01061,0.00256,0.04566
1403715362.562472105026245,0.01265,0.00024,0.00022,0.00505,0.00074,0.00229,0.02119
1403715362.612474918365479,0.02036,0.00042,0.01023,0.00447,0.00228,0.00202,0.03977
1403715362.662475109100342,0.01883,0.00040,0.00034,0.00809,0.00150,0.00207,0.03124
1403715362.712476253509521,0.02298,0.00043,0.00859,0.00592,0.00178,0.00221,0.04190
1403715362.762477874755859,0.02576,0.00046,0.00105,0.01149,0.00000,0.00244,0.04120
1403715362.812478303909302,0.02232,0.00045,0.01277,0.00533,0.00108,0.00233,0.04427
1403715362.862478256225586,0.01929,0.00035,0.00018,0.00757,0.00000,0.00220,0.02958
1403715362.912479639053345,0.02033,0.00045,0.00046,0.01234,0.00024,0.00260,0.03642
1403715362.962479352951050,0.02068,0.00040,0.00032,0.01313,0.00001,0.00268,0.03722
1403715363.012482404708862,0.00765,0.00016,0.00450,0.00688,0.00788,0.00298,0.03006
1403715363.062484264373779,0.00863,0.00034,0.00029,0.00736,0.00021,0.00233,0.01915
1403715363.112488269805908,0.02083,0.00052,0.00448,0.00898,0.00137,0.00215,0.03833
1403715363.162493944168091,0.02460,0.00047,0.00018,0.01099,0.00001,0.00250,0.03875
1403715363.212495088577271,0.01972,0.00048,0.00960,0.00667,0.00099,0.00201,0.03945
1403715363.262495517730713,0.02060,0.00046,0.00220,0.01140,0.00000,0.00256,0.03722
1403715363.312493801116943,0.02057,0.00043,0.01393,0.00456,0.00123,0.00226,0.04299
1403715363.362491607666016,0.01640,0.00039,0.00025,0.01089,0.00053,0.00320,0.03168
1403715363.412491559982300,0.02571,0.00044,0.00804,0.00473,0.00413,0.00207,0.04513
1403715363.462490320205688,0.00714,0.00033,0.00028,0.00424,0.00000,0.00205,0.01404
1403715363.512489795684814,0.00868,0.00017,0.00006,0.00475,0.00000,0.00296,0.01662
1403715363.562489986419678,0.02058,0.00051,0.00118,0.00910,0.00022,0.00289,0.03448
1403715363.612486839294434,0.01907,0.00044,0.00012,0.01042,0.00746,0.00231,0.03982
1403715363.662486314773560,0.02324,0.00041,0.00159,0.00970,0.00045,0.00255,0.03794
1403715363.712486028671265,0.01988,0.00038,0.00078,0.01104,0.00241,0.00223,0.03671
1403715363.762484788894653,0.01952,0.00042,0.00089,0.00995,0.00045,0.00261,0.03384
1403715363.812485456466675,0.02085,0.00045,0.00086,0.01108,0.00466,0.00191,0.03981
1403715363.862484931945801,0.02047,0.00045,0.00315,0.00806,0.00000,0.00270,0.03482
1403715363.912485837936401,0.02482,0.00038,0.00384,0.00466,0.00755,0.00233,0.04358
1403715363.962486505508423,0.02354,0.00027,0.00510,0.00251,0.00222,0.00224,0.03588
1403715364.012486219406128,0.02456,0.00047,0.00158,0.00614,0.00255,0.00254,0.03784
1403715364.062485218048096,0.02055,0.00040,0.00081,0.00511,0.00084,0.00296,0.03067
1403715364.112483263015747,0.03037,0.00060,0.00218,0.00536,0.00023,0.00250,0.04124
1403715364.162480354309082,0.02011,0.00047,0.00121,0.00798,0.00048,0.00325,0.03351
1403715364.212478160858154,0.01918,0.00036,0.00015,0.00826,0.01380,0.00237,0.04413
1403715364.262476205825806,0.01352,0.00027,0.00017,0.00517,0.00032,0.00226,0.02170
1403715364.312478065490723,0.01786,0.00046,0.00026,0.01134,0.00108,0.00240,0.03339
1403715364.362478256225586,0.02356,0.00039,0.00035,0.01121,0.00042,0.00274,0.03866
1403715364.412478446960449,0.02421,0.00050,0.00012,0.01177,0.00000,0.00251,0.03911
1403715364.462480545043945,0.02271,0.00044,0.01410,0.00483,0.00217,0.00303,0.04728
1403715364.512483119964600,0.01182,0.00030,0.00132,0.01180,0.00029,0.00262,0.02814
1403715364.562486648559570,0.02123,0.00044,0.00958,0.00586,0.00121,0.00274,0.04106
1403715364.612481594085693,0.01674,0.00035,0.00173,0.01163,0.00000,0.00262,0.03308
1403715364.662478208541870,0.02417,0.00049,0.01382,0.00535,0.00000,0.00226,0.04608
1403715364.712474346160889,0.01540,0.00033,0.00267,0.01100,0.00001,0.00233,0.03174
1403715364.762470722198486,0.02108,0.00047,0.00117,0.00952,0.00000,0.00240,0.03464
1403715364.812470436096191,0.02485,0.00046,0.00075,0.00917,0.00168,0.00230,0.03921
1403715364.862470149993896,0.02899,0.00043,0.00104,0.00710,0.00000,0.00255,0.04011
1403715364.912469148635864,0.02787,0.00035,0.00077,0.00583,0.00002,0.00246,0.03729
1403715364.962470054626465,0.02798,0.00031,0.00034,0.00570,0.00062,0.00240,0.03735
1403715365.012471914291382,0.02573,0.00047,0.00118,0.00815,0.00000,0.00296,0.03850
1403715365.062472105026245,0.02016,0.00038,0.00051,0.00997,0.01574,0.00251,0.04929
1403715365.112479686737061,0.00886,0.00021,0.00130,0.00554,0.00000,0.00229,0.01820
1403715365.162487268447876,0.01732,0.00019,0.00212,0.00748,0.00336,0.00213,0.03261
1403715365.212490320205688,0.02437,0.00045,0.00005,0.01262,0.00073,0.00233,0.04055
1403715365.262491941452026,0.03381,0.00047,0.01029,0.00578,0.00000,0.00287,0.05322
1403715365.312491893768311,0.00790,0.00016,0.00169,0.00554,0.00000,0.00228,0.01757
1403715365.362493753433228,0.00798,0.00017,0.00259,0.00570,0.00000,0.00255,0.01898
1403715365.412493467330933,0.02702,0.00046,0.01114,0.00538,0.00004,0.00234,0.04637
1403715365.462491035461426,0.01956,0.00034,0.00065,0.01022,0.00000,0.00241,0.03318
1403715365.512489080429077,0.02073,0.00044,0.00123,0.00951,0.00027,0.00267,0.03485
1403715365.562490224838257,0.02447,0.00040,0.00037,0.00829,0.00061,0.00265,0.03680
1403715365.612487554550171,0.02525,0.00046,0.00142,0.00692,0.00101,0.00332,0.03838
1403715365.662487268447876,0.02165,0.00044,0.00028,0.00716,0.00074,0.00369,0.03396
1403715365.712485551834106,0.01824,0.00046,0.00118,0.00626,0.00207,0.00326,0.03146
1403715365.762485027313232,0.02369,0.00040,0.00091,0.00796,0.00307,0.00256,0.03859
1403715365.812484741210938,0.01999,0.00040,0.01353,0.00459,0.00137,0.00191,0.04181
1403715365.862483263015747,0.02589,0.00046,0.00970,0.00520,0.00414,0.00210,0.04749
1403715365.912483930587769,0.01479,0.00033,0.00120,0.01110,0.00021,0.00291,0.03054
1403715365.962484121322632,0.02164,0.00047,0.00019,0.01219,0.00101,0.00249,0.03799
1403715366.012484550476074,0.02123,0.00046,0.01022,0.00558,0.00022,0.00205,0.03976
1403715366.062485694885254,0.01940,0.00044,0.00101,0.01231,0.00000,0.00236,0.03552
1403715366.112487316131592,0.02138,0.00043,0.00063,0.01131,0.00000,0.00284,0.03660
1403715366.162486314773560,0.02072,0.00047,0.00004,0.01220,0.00000,0.00269,0.03612
1403715366.212486267089844,0.01963,0.00041,0.00004,0.00944,0.00000,0.00215,0.03167
1403715366.262481689453125,0.01981,0.00040,0.00005,0.00965,0.00000,0.00255,0.03246
1403715366.312479972839355,0.02003,0.00042,0.00014,0.01095,0.00025,0.00239,0.03418
1403715366.362469673156738,0.01918,0.00040,0.00136,0.00879,0.00023,0.00328,0.03323
1403715366.412464141845703,0.02021,0.00040,0.01816,0.00182,0.00585,0.00216,0.04860
1403715366.462461471557617,0.00853,0.00017,0.00382,0.00091,0.00215,0.00306,0.01864
1403715366.512460947036743,0.01826,0.00044,0.00104,0.00200,0.00361,0.00436,0.02972
1403715366.562462568283081,0.02557,0.00042,0.00176,0.00304,0.00367,0.00314,0.03760
1403715366.612463474273682,0.02435,0.00043,0.00027,0.00735,0.00500,0.00263,0.04003
1403715366.662465095520020,0.02022,0.00042,0.00064,0.00751,0.00058,0.00396,0.03332
1403715366.712467193603516,0.02372,0.00034,0.00011,0.00678,0.00001,0.00324,0.03420
1403715366.762467384338379,0.02092,0.00038,0.00020,0.00761,0.00002,0.00358,0.03271
1403715366.812468051910400,0.02096,0.00035,0.00004,0.00821,0.00000,0.00363,0.03319
1403715366.862468242645264,0.02531,0.00038,0.00004,0.00741,0.00000,0.00353,0.03667
1403715366.912466049194336,0.01897,0.00037,0.00150,0.00807,0.00000,0.00373,0.03264
1403715366.962466478347778,0.01775,0.00036,0.00004,0.00827,0.00118,0.00331,0.03091
1403715367.012467384338379,0.01918,0.00040,0.01120,0.00331,0.01455,0.00207,0.05072
1403715367.062467098236084,0.00714,0.00018,0.00311,0.00473,0.00323,0.00264,0.02102
1403715367.112468242645264,0.00945,0.00018,0.00235,0.00593,0.00000,0.00237,0.02030
1403715367.162468910217285,0.02228,0.00038,0.00840,0.00535,0.00000,0.00240,0.03881
1403715367.212468147277832,0.02292,0.00036,0.00749,0.00533,0.00000,0.00237,0.03847
1403715367.262470245361328,0.01968,0.00046,0.00028,0.00911,0.00003,0.00218,0.03175
1403715367.312472105026245,0.02009,0.00044,0.00019,0.01094,0.00095,0.00252,0.03514
1403715367.362472772598267,0.01812,0.00033,0.00152,0.00743,0.00073,0.00219,0.03032
1403715367.412472724914551,0.02409,0.00049,0.00065,0.01235,0.00000,0.00249,0.04008
1403715367.462473630905151,0.02778,0.00071,0.00110,0.00937,0.00019,0.00291,0.04206
1403715367.512474536895752,0.01571,0.00037,0.00027,0.01262,0.00000,0.00256,0.03153
1403715367.562473773956299,0.02076,0.00045,0.00013,0.01206,0.00000,0.00277,0.03618
1403715367.612474441528320,0.01941,0.00042,0.01171,0.00586,0.00215,0.00234,0.04189
1403715367.662474155426025,0.01364,0.00033,0.00912,0.00846,0.00000,0.00258,0.03414
1403715367.712473869323730,0.01903,0.00045,0.00564,0.01002,0.00000,0.00227,0.03741
1403715367.762474775314331,0.02570,0.00046,0.01176,0.00531,0.00000,0.00236,0.04560
1403715367.812475919723511,0.01582,0.00034,0.01046,0.00650,0.00000,0.00223,0.03535
1403715367.862475633621216,0.02699,0.00047,0.00176,0.01005,0.00019,0.00251,0.04197
1403715367.912474632263184,0.01869,0.00043,0.00361,0.00838,0.00018,0.00227,0.03357
1403715367.962475538253784,0.02129,0.00046,0.00503,0.01051,0.00000,0.00260,0.03990
1403715368.012475967407227,0.01201,0.00026,0.01331,0.00593,0.00000,0.00219,0.03369
1403715368.062477827072144,0.01822,0.00060,0.00093,0.01177,0.00000,0.00280,0.03431
1403715368.112479209899902,0.02469,0.00045,0.00026,0.01077,0.00023,0.00282,0.03920
1403715368.162481069564819,0.02138,0.00042,0.00027,0.01171,0.00045,0.00274,0.03697
1403715368.212487220764160,0.02137,0.00045,0.01104,0.00675,0.00229,0.00242,0.04432
1403715368.262488365173340,0.01719,0.00034,0.00534,0.00532,0.00000,0.00207,0.03025
1403715368.312490224838257,0.02057,0.00047,0.00345,0.00990,0.00000,0.00252,0.03692
1403715368.362493753433228,0.02135,0.00049,0.01307,0.00544,0.00030,0.00222,0.04288
1403715368.412495136260986,0.01831,0.00041,0.00800,0.00575,0.00064,0.00228,0.03539
1403715368.462494611740112,0.02353,0.00036,0.00015,0.00836,0.00000,0.00216,0.03457
1403715368.512493371963501,0.01703,0.00044,0.00003,0.00995,0.00000,0.00214,0.02959
1403715368.562494516372681,0.00735,0.00017,0.00005,0.00500,0.00071,0.00207,0.01534
1403715368.612492322921753,0.02449,0.00041,0.01245,0.00531,0.00021,0.00235,0.04521
1403715368.662492513656616,0.01637,0.00035,0.00014,0.00742,0.00000,0.00223,0.02652
1403715368.712492465972900,0.02089,0.00049,0.00095,0.01205,0.00000,0.00277,0.03714
1403715368.762492179870605,0.01960,0.00048,0.00124,0.01174,0.00027,0.00285,0.03618
1403715368.812491655349731,0.02097,0.00040,0.00394,0.00900,0.00159,0.00238,0.03828
1403715368.862491130828857,0.01917,0.00044,0.00773,0.00841,0.00121,0.00213,0.03909
1403715368.912489175796509,0.01781,0.00047,0.00314,0.01012,0.00132,0.00217,0.03501
1403715368.962485790252686,0.02128,0.00058,0.01199,0.00583,0.00407,0.00200,0.04574
1403715369.012481689453125,0.00737,0.00016,0.01315,0.00467,0.00236,0.00221,0.02992
1403715369.062479257583618,0.00973,0.00028,0.00002,0.01020,0.00000,0.00257,0.02281
1403715369.112477064132690,0.02450,0.00042,0.00029,0.01127,0.00003,0.00248,0.03899
1403715369.162475109100342,0.01798,0.00053,0.00049,0.01215,0.00000,0.00238,0.03353
1403715369.212474822998047,0.00906,0.00029,0.00794,0.00846,0.00564,0.00240,0.03378
1403715369.262473344802856,0.00874,0.00021,0.00008,0.00549,0.00020,0.00237,0.01709
1403715369.312473058700562,0.02369,0.00047,0.00087,0.01162,0.00002,0.00282,0.03949
1403715369.362471580505371,0.01956,0.00047,0.00015,0.01248,0.00000,0.00248,0.03514
1403715369.412472486495972,0.01934,0.00039,0.00085,0.01187,0.00212,0.00225,0.03682
1403715369.462473154067993,0.01883,0.00045,0.00053,0.00924,0.00215,0.00212,0.03333
1403715369.512474060058594,0.01942,0.00041,0.00300,0.00832,0.00130,0.00231,0.03475
1403715369.562474727630615,0.02002,0.00046,0.01027,0.00751,0.00000,0.00216,0.04041
1403715369.612477302551270,0.02253,0.00043,0.01342,0.00512,0.00000,0.00194,0.04343
1403715369.662479162216187,0.02257,0.00040,0.00041,0.01167,0.00024,0.00246,0.03776
1403715369.712481975555420,0.02030,0.00044,0.00441,0.01022,0.00120,0.00237,0.03894
1403715369.762485742568970,0.02052,0.00046,0.00011,0.01392,0.00000,0.00231,0.03733
1403715369.812488794326782,0.02187,0.00045,0.00946,0.00813,0.00000,0.00240,0.04232
1403715369.862495422363281,0.02037,0.00039,0.00846,0.00555,0.00000,0.00236,0.03714
1403715369.912498950958252,0.02015,0.00047,0.00059,0.00935,0.00000,0.00214,0.03270
1403715369.962505102157593,0.02092,0.00077,0.00030,0.01103,0.00002,0.00216,0.03520
1403715370.012506961822510,0.02099,0.00044,0.00080,0.01022,0.00039,0.00232,0.03517
1403715370.062509775161743,0.02455,0.00044,0.00016,0.00945,0.00120,0.00238,0.03819
1403715370.112504959106445,0.02003,0.00045,0.00004,0.01051,0.00000,0.00228,0.03330
1403715370.162499189376831,0.02489,0.00037,0.01278,0.00537,0.00111,0.00210,0.04663
1403715370.212497472763062,0.01421,0.00029,0.01517,0.00613,0.00000,0.00224,0.03805
1403715370.262495994567871,0.01666,0.00035,0.00003,0.00883,0.00000,0.00198,0.02786
1403715370.312494277954102,0.02040,0.00047,0.00004,0.01144,0.00000,0.00231,0.03466
1403715370.362497568130493,0.01853,0.00042,0.00081,0.01276,0.00004,0.00249,0.03506
1403715370.412498950958252,0.00705,0.00015,0.00004,0.00539,0.00148,0.00238,0.01648
1403715370.462498903274536,0.01271,0.00027,0.00924,0.00699,0.00000,0.00239,0.03160
1403715370.512497663497925,0.01870,0.00053,0.00182,0.01216,0.00000,0.00233,0.03555
1403715370.562496662139893,0.01868,0.00050,0.00320,0.00882,0.00000,0.00211,0.03331
1403715370.612495422363281,0.01965,0.00046,0.00120,0.01258,0.00000,0.00253,0.03643
1403715370.662493228912354,0.02043,0.00040,0.00147,0.00899,0.00000,0.00226,0.03356
1403715370.712491750717163,0.02161,0.00050,0.00199,0.00904,0.00002,0.00221,0.03537
1403715370.762493371963501,0.01944,0.00046,0.01527,0.00539,0.00109,0.00201,0.04366
1403715370.812490701675415,0.01264,0.00035,0.01472,0.00632,0.00000,0.00215,0.03618
1403715370.862491130828857,0.01959,0.00047,0.00005,0.00956,0.00000,0.00237,0.03204
1403715370.912489652633667,0.01973,0.00053,0.00004,0.01481,0.00000,0.00221,0.03732
1403715370.962484359741211,0.01709,0.00017,0.00023,0.01101,0.00000,0.00298,0.03148
1403715371.012479305267334,0.02413,0.00048,0.00004,0.01082,0.00000,0.00233,0.03780
1403715371.062470674514771,0.01995,0.00046,0.01213,0.00662,0.00000,0.00227,0.04143
1403715371.112468957901001,0.02545,0.00041,0.00071,0.01053,0.00000,0.00246,0.03956
1403715371.162470579147339,0.02067,0.00042,0.00104,0.01122,0.00177,0.00246,0.03759
1403715371.212477684020996,0.00827,0.00017,0.00045,0.00396,0.00029,0.00261,0.01576
1403715371.262484788894653,0.01115,0.00022,0.00083,0.00399,0.00021,0.00231,0.01871
1403715371.312492370605469,0.00797,0.00023,0.00092,0.00161,0.00121,0.00216,0.01410
1403715371.362502574920654,0.02356,0.00043,0.00817,0.00183,0.00552,0.00241,0.04192
1403715371.412521839141846,0.02075,0.00029,0.00437,0.00159,0.00740,0.00218,0.03658
1403715371.462529182434082,0.01947,0.00040,0.00092,0.00480,0.00040,0.00404,0.03002
1403715371.512536287307739,0.02558,0.00038,0.00089,0.00358,0.00029,0.00356,0.03428
1403715371.562541007995605,0.02412,0.00043,0.00043,0.00254,0.00032,0.00399,0.03184
1403715371.612543582916260,0.01897,0.00039,0.00104,0.00227,0.00029,0.00432,0.02728
1403715371.662553548812866,0.01976,0.00040,0.00190,0.00226,0.01217,0.00219,0.03867
1403715371.712553501129150,0.02073,0.00041,0.00119,0.00712,0.00057,0.00328,0.03330
1403715371.762552261352539,0.02043,0.00038,0.00003,0.00713,0.00000,0.00386,0.03183
1403715371.812551736831665,0.02048,0.00039,0.00088,0.00598,0.00071,0.00325,0.03169
1403715371.862549304962158,0.02416,0.00040,0.00169,0.00607,0.00237,0.00322,0.03791
1403715371.912544488906860,0.02085,0.00035,0.00578,0.00396,0.00310,0.00227,0.03632
1403715371.962541818618774,0.02540,0.00040,0.00193,0.00623,0.00712,0.00242,0.04350
1403715372.012539863586426,0.02473,0.00029,0.00235,0.00425,0.00847,0.00207,0.04217
1403715372.062542915344238,0.02518,0.00035,0.00136,0.00656,0.00268,0.00222,0.03834
1403715372.112544298171997,0.02032,0.00040,0.01270,0.00482,0.00610,0.00234,0.04668
1403715372.162543058395386,0.01032,0.00026,0.00636,0.00816,0.00000,0.00220,0.02730
1403715372.212544202804565,0.01876,0.00043,0.00033,0.01033,0.00253,0.00216,0.03454
1403715372.262542247772217,0.02298,0.00039,0.00599,0.00581,0.00111,0.00254,0.03883
1403715372.312544345855713,0.02078,0.00040,0.00042,0.00931,0.00023,0.00231,0.03344
1403715372.362545251846313,0.02090,0.00046,0.00032,0.01154,0.00033,0.00301,0.03657
1403715372.412541389465332,0.02129,0.00045,0.01036,0.00371,0.00244,0.00209,0.04033
1403715372.462540149688721,0.01914,0.00043,0.00373,0.00362,0.00052,0.00232,0.02977
1403715372.512540340423584,0.02358,0.00043,0.00227,0.00340,0.00108,0.00313,0.03389
1403715372.562540292739868,0.02043,0.00045,0.00316,0.00371,0.00537,0.00267,0.03579
1403715372.612542152404785,0.01896,0.00058,0.00218,0.00475,0.00178,0.00363,0.03189
1403715372.662541627883911,0.02031,0.00038,0.00033,0.00555,0.00040,0.00294,0.02992
1403715372.712542295455933,0.02513,0.00041,0.00045,0.00526,0.00226,0.00271,0.03620
1403715372.762543678283691,0.01897,0.00035,0.00047,0.00659,0.00341,0.00273,0.03251
1403715372.812546730041504,0.02107,0.00045,0.00134,0.00802,0.00766,0.00224,0.04079
1403715372.862546682357788,0.01916,0.00042,0.00106,0.00929,0.00001,0.00320,0.03314
1403715372.912546634674072,0.02415,0.00041,0.00208,0.00817,0.00029,0.00307,0.03818
1403715372.962546586990356,0.00893,0.00015,0.00034,0.00297,0.00000,0.00222,0.01461
1403715373.012547969818115,0.01430,0.00029,0.00085,0.00843,0.00843,0.00222,0.03453
1403715373.062547445297241,0.02276,0.00042,0.00019,0.00940,0.00618,0.00219,0.04116
1403715373.112547159194946,0.01869,0.00038,0.00043,0.01180,0.00078,0.00238,0.03447
1403715373.162546634674072,0.02434,0.00045,0.00908,0.00553,0.00174,0.00227,0.04342
1403715373.212546586990356,0.01840,0.00043,0.00019,0.01258,0.00370,0.00221,0.03751
1403715373.262546777725220,0.02215,0.00043,0.00998,0.00451,0.00109,0.00208,0.04023
1403715373.312546968460083,0.00833,0.00025,0.00361,0.00508,0.00343,0.00263,0.02333
1403715373.362549304962158,0.02592,0.00053,0.00360,0.00826,0.00105,0.00254,0.04190
1403715373.412550449371338,0.02295,0.00048,0.00004,0.01210,0.00000,0.00273,0.03831
1403715373.462551116943359,0.01977,0.00043,0.00093,0.01125,0.00108,0.00237,0.03583
1403715373.512552261352539,0.02046,0.00044,0.00794,0.00550,0.00307,0.00230,0.03970
1403715373.562552928924561,0.01983,0.00036,0.00097,0.00754,0.00000,0.00242,0.03112
1403715373.612552165985107,0.02035,0.00043,0.00082,0.01055,0.00053,0.00214,0.03483
1403715373.662550449371338,0.01947,0.00048,0.00136,0.00910,0.00025,0.00228,0.03294
1403715373.712547779083252,0.02387,0.00047,0.00091,0.00704,0.00000,0.00260,0.03489
1403715373.762543678283691,0.02111,0.00039,0.00017,0.00842,0.00500,0.00218,0.03726
1403715373.812542200088501,0.02025,0.00039,0.00255,0.00931,0.00467,0.00229,0.03945
1403715373.862544298171997,0.02419,0.00046,0.00852,0.00493,0.00512,0.00238,0.04560
1403715373.912545919418335,0.01905,0.00043,0.00863,0.00672,0.00117,0.00231,0.03830
1403715373.962547302246094,0.01949,0.00039,0.00959,0.00200,0.00326,0.00205,0.03678
1403715374.012548446655273,0.02697,0.00069,0.00063,0.00379,0.00032,0.00359,0.03600
1403715374.062548637390137,0.02233,0.00048,0.00224,0.00349,0.00348,0.00260,0.03463
1403715374.112548589706421,0.02008,0.00042,0.00136,0.00742,0.00463,0.00214,0.03606
1403715374.162547111511230,0.02118,0.00040,0.00014,0.00902,0.00020,0.00220,0.03314
1403715374.212549209594727,0.01938,0.00042,0.00246,0.00925,0.00033,0.00204,0.03388
1403715374.262552022933960,0.02477,0.00045,0.00679,0.00515,0.00266,0.00221,0.04202
1403715374.312553882598877,0.02343,0.00035,0.00097,0.00712,0.00017,0.00201,0.03404
1403715374.362554311752319,0.02077,0.00046,0.00062,0.00940,0.00029,0.00206,0.03360
1403715374.412560224533081,0.01866,0.00041,0.00060,0.01032,0.00085,0.00238,0.03322
1403715374.462565660476685,0.02162,0.00042,0.00348,0.01038,0.00144,0.00213,0.03948
1403715374.512573480606079,0.02013,0.00088,0.00365,0.00986,0.00104,0.00254,0.03811
1403715374.562579154968262,0.00929,0.00015,0.00693,0.00458,0.00209,0.00265,0.02569
1403715374.612581968307495,0.00795,0.00018,0.00008,0.00485,0.00017,0.00244,0.01567
1403715374.662584781646729,0.01904,0.00051,0.00170,0.01075,0.00146,0.00212,0.03558
1403715374.712588548660278,0.02072,0.00046,0.00291,0.00864,0.00039,0.00222,0.03535
1403715374.762590885162354,0.02325,0.00044,0.00020,0.00987,0.00028,0.00251,0.03656
1403715374.812593936920166,0.02085,0.00046,0.00020,0.01129,0.00133,0.00335,0.03748
1403715374.862604141235352,0.02023,0.00040,0.01327,0.00476,0.00431,0.00210,0.04509
1403715374.912611246109009,0.01090,0.00028,0.00008,0.00571,0.00000,0.00205,0.01902
1403715374.962621212005615,0.02168,0.00049,0.00088,0.00986,0.00000,0.00262,0.03553
1403715375.012624502182007,0.01920,0.00044,0.00080,0.01038,0.00099,0.00262,0.03442
1403715375.062625885009766,0.01784,0.00049,0.00095,0.01200,0.00021,0.00254,0.03404
1403715375.112630605697632,0.02713,0.00048,0.00959,0.00561,0.00326,0.00208,0.04814
1403715375.162632942199707,0.01546,0.00034,0.01402,0.00601,0.00000,0.00249,0.03832
1403715375.212634086608887,0.02144,0.00045,0.00311,0.01106,0.00000,0.00246,0.03851
1403715375.262635231018066,0.02082,0.00052,0.00162,0.00792,0.00118,0.00229,0.03435
1403715375.312635660171509,0.01913,0.00046,0.00087,0.00989,0.00000,0.00197,0.03232
1403715375.362637042999268,0.02271,0.00040,0.00070,0.00724,0.00000,0.00229,0.03334
1403715375.412636280059814,0.00794,0.00019,0.00043,0.00451,0.00035,0.00229,0.01572
1403715375.462635993957520,0.01910,0.00020,0.00506,0.00570,0.00227,0.00210,0.03442
1403715375.512637615203857,0.02565,0.00036,0.00009,0.00761,0.00318,0.00221,0.03909
1403715375.562638521194458,0.01804,0.00047,0.00090,0.01288,0.00000,0.00250,0.03480
1403715375.612639188766479,0.01925,0.00045,0.00030,0.01078,0.00067,0.00226,0.03370
1403715375.662639856338501,0.02678,0.00048,0.00987,0.00605,0.00000,0.00232,0.04550
1403715375.712640047073364,0.02169,0.00049,0.00965,0.00674,0.00000,0.00247,0.04104
1403715375.762639760971069,0.02445,0.00040,0.00957,0.00544,0.00109,0.00238,0.04333
1403715375.812640666961670,0.01935,0.00045,0.00033,0.01179,0.00094,0.00276,0.03561
1403715375.862643003463745,0.02102,0.00044,0.00170,0.00848,0.00101,0.00215,0.03480
1403715375.912643909454346,0.02054,0.00041,0.00471,0.00639,0.00131,0.00233,0.03568
1403715375.962644100189209,0.02091,0.00046,0.00159,0.00796,0.00000,0.00255,0.03348
1403715376.012644767761230,0.02633,0.00044,0.00146,0.00785,0.00052,0.00218,0.03877
1403715376.062645912170410,0.02250,0.00044,0.00396,0.00834,0.00542,0.00216,0.04281
1403715376.112647294998169,0.02539,0.00041,0.00115,0.00860,0.00001,0.00281,0.03836
1403715376.162647962570190,0.02617,0.00040,0.00062,0.00800,0.00023,0.00287,0.03829
1403715376.212648868560791,0.02128,0.00046,0.00099,0.00839,0.00053,0.00335,0.03500
1403715376.262645244598389,0.02153,0.00045,0.00473,0.00763,0.00528,0.00249,0.04210
1403715376.312643289566040,0.02006,0.00036,0.00446,0.00911,0.00250,0.00247,0.03896
1403715376.362641572952271,0.02000,0.00043,0.00502,0.00761,0.00408,0.00220,0.03933
1403715376.412643194198608,0.02687,0.00032,0.00259,0.00519,0.00400,0.00245,0.04143
1403715376.462648391723633,0.02159,0.00038,0.00199,0.00685,0.00035,0.00224,0.03340
1403715376.512652158737183,0.02108,0.00046,0.00279,0.00941,0.00318,0.00200,0.03891
1403715376.562655448913574,0.02188,0.00045,0.00357,0.00853,0.00099,0.00233,0.03776
1403715376.612660169601440,0.01991,0.00034,0.00325,0.00634,0.00105,0.00215,0.03305
1403715376.662659645080566,0.02433,0.00042,0.00085,0.00984,0.00215,0.00207,0.03965
1403715376.712655782699585,0.02380,0.00040,0.00033,0.00774,0.00000,0.00241,0.03468
1403715376.762653589248657,0.00766,0.00016,0.00015,0.00398,0.00029,0.00218,0.01442
1403715376.812652587890625,0.02102,0.00045,0.00432,0.00824,0.00284,0.00217,0.03904
1403715376.862654209136963,0.01799,0.00033,0.00108,0.00881,0.00144,0.00240,0.03204
1403715376.912656068801880,0.01992,0.00045,0.00061,0.01287,0.00251,0.00227,0.03862
1403715376.962657928466797,0.02583,0.00038,0.00265,0.00689,0.00000,0.00227,0.03802
1403715377.012655496597290,0.02651,0.00044,0.00805,0.00676,0.00000,0.00216,0.04392
1403715377.062649726867676,0.01939,0.00040,0.00016,0.01313,0.00024,0.00255,0.03588
1403715377.112645149230957,0.02505,0.00035,0.00266,0.00640,0.00029,0.00234,0.03709
1403715377.162642955780029,0.02580,0.00049,0.00197,0.00962,0.00153,0.00227,0.04169
1403715377.212641477584839,0.02061,0.00041,0.00098,0.00774,0.00139,0.00207,0.03321
1403715377.262642145156860,0.02561,0.00041,0.00038,0.00805,0.00049,0.00218,0.03712
1403715377.312642812728882,0.01965,0.00045,0.00036,0.01166,0.00034,0.00274,0.03521
1403715377.362646818161011,0.01883,0.00038,0.00004,0.01173,0.00433,0.00238,0.03769
1403715377.412648916244507,0.02082,0.00041,0.00354,0.00871,0.00162,0.00243,0.03752
1403715377.462649106979370,0.01111,0.00017,0.00103,0.00481,0.00038,0.00241,0.01990
1403715377.512649059295654,0.02178,0.00052,0.00068,0.00957,0.00000,0.00250,0.03504
1403715377.562653303146362,0.02058,0.00041,0.01384,0.00442,0.00292,0.00253,0.04472
1403715377.612653732299805,0.01220,0.00023,0.00040,0.00899,0.00092,0.00283,0.02557
1403715377.662654161453247,0.02005,0.00051,0.00023,0.01077,0.00082,0.00233,0.03471
1403715377.712654113769531,0.02022,0.00048,0.00128,0.01074,0.00150,0.00241,0.03662
1403715377.762654066085815,0.01887,0.00045,0.00174,0.01091,0.00056,0.00255,0.03508
1403715377.812655210494995,0.01969,0.00042,0.00154,0.01010,0.00055,0.00306,0.03535
1403715377.862655162811279,0.02038,0.00041,0.00155,0.00974,0.00032,0.00278,0.03518
1403715377.912656784057617,0.02051,0.00039,0.00187,0.00685,0.00180,0.00218,0.03361
1403715377.962657690048218,0.02280,0.00044,0.00038,0.00736,0.00000,0.00252,0.03350
1403715378.012658357620239,0.02092,0.00039,0.01184,0.00405,0.00434,0.00231,0.04385
1403715378.062657356262207,0.01796,0.00030,0.00045,0.00822,0.00075,0.00283,0.03050
1403715378.112657546997070,0.02388,0.00044,0.00025,0.00754,0.00000,0.00372,0.03583
1403715378.162657976150513,0.02001,0.00035,0.00547,0.00620,0.00576,0.00255,0.04035
1403715378.212657213211060,0.02649,0.00026,0.00015,0.00462,0.00000,0.00241,0.03395
1403715378.262656211853027,0.02143,0.00041,0.00023,0.00740,0.00003,0.00354,0.03304
1403715378.312654018402100,0.03184,0.00033,0.00103,0.00519,0.00071,0.00263,0.04173
1403715378.362653970718384,0.02249,0.00042,0.00246,0.00563,0.00126,0.00257,0.03483
1403715378.412652254104614,0.02033,0.00046,0.00649,0.00538,0.00584,0.00220,0.04071
1403715378.462650775909424,0.02370,0.00042,0.00312,0.00848,0.00030,0.00262,0.03865
1403715378.512646675109863,0.03066,0.00035,0.00605,0.00399,0.00378,0.00220,0.04703
1403715378.562645196914673,0.01820,0.00019,0.00086,0.00596,0.00000,0.00233,0.02754
1403715378.612642288208008,0.02573,0.00046,0.01043,0.00500,0.00010,0.00214,0.04386
1403715378.662641525268555,0.02103,0.00042,0.00043,0.01048,0.00056,0.00231,0.03523
1403715378.712641239166260,0.02090,0.00042,0.00005,0.01061,0.00000,0.00280,0.03478
1403715378.762641191482544,0.02100,0.00048,0.01019,0.00531,0.00144,0.00207,0.04050
1403715378.812642335891724,0.02604,0.00043,0.00013,0.00979,0.00000,0.00302,0.03941
1403715378.862642526626587,0.02194,0.00043,0.00976,0.00458,0.00241,0.00225,0.04137
1403715378.912641763687134,0.02026,0.00046,0.00041,0.01022,0.00062,0.00255,0.03451
1403715378.962639808654785,0.01907,0.00047,0.00019,0.00792,0.00049,0.00256,0.03070
1403715379.012635469436646,0.01899,0.00042,0.00616,0.00539,0.00096,0.00233,0.03425
1403715379.062632799148560,0.02621,0.00035,0.00940,0.00408,0.00072,0.00260,0.04336
1403715379.112630605697632,0.02382,0.00031,0.00498,0.00446,0.00221,0.00259,0.03838
1403715379.162626981735229,0.01830,0.00052,0.01557,0.00408,0.00016,0.00226,0.04089
1403715379.212627887725830,0.02343,0.00044,0.00954,0.00557,0.00000,0.00255,0.04153
1403715379.262627601623535,0.02486,0.00044,0.00085,0.00994,0.00025,0.00290,0.03923
1403715379.312628030776978,0.02024,0.00049,0.00005,0.00959,0.00000,0.00247,0.03283
1403715379.362627267837524,0.02186,0.00044,0.01024,0.00595,0.00000,0.00225,0.04074
1403715379.412626981735229,0.02511,0.00048,0.00019,0.00996,0.00026,0.00288,0.03887
1403715379.462626934051514,0.00719,0.00030,0.00712,0.00787,0.00001,0.00282,0.02531
1403715379.512628555297852,0.00854,0.00021,0.00035,0.00610,0.00042,0.00342,0.01904
1403715379.562629222869873,0.01776,0.00039,0.00052,0.00833,0.00000,0.00325,0.03026
1403715379.612629652023315,0.02117,0.00049,0.00679,0.00547,0.00019,0.00252,0.03662
1403715379.662631034851074,0.02155,0.00046,0.01056,0.00446,0.00124,0.00196,0.04023
1403715379.712630748748779,0.02496,0.00043,0.00426,0.00698,0.00204,0.00215,0.04081
1403715379.762632846832275,0.02419,0.00041,0.01087,0.00383,0.00016,0.00235,0.04181
1403715379.812637567520142,0.01744,0.00041,0.01058,0.00608,0.00000,0.00246,0.03696
1403715379.862639188766479,0.02591,0.00046,0.00016,0.00857,0.00025,0.00301,0.03835
1403715379.912640810012817,0.02728,0.00047,0.00036,0.00868,0.00001,0.00261,0.03941
1403715379.962642669677734,0.02101,0.00060,0.00700,0.00384,0.00056,0.00266,0.03567
1403715380.012643337249756,0.02835,0.00049,0.00093,0.00706,0.00020,0.00295,0.03997
1403715380.062644004821777,0.02934,0.00033,0.00170,0.00518,0.00464,0.00241,0.04361
1403715380.112642288208008,0.01979,0.00041,0.00165,0.00705,0.00000,0.00245,0.03136
1403715380.162641525268555,0.02153,0.00075,0.00018,0.00845,0.00029,0.00340,0.03460
1403715380.212640762329102,0.02309,0.00045,0.00683,0.00533,0.00074,0.00240,0.03884
1403715380.262642383575439,0.02157,0.00039,0.00862,0.00410,0.00073,0.00242,0.03783
1403715380.312644004821777,0.01844,0.00041,0.00351,0.00563,0.00124,0.00245,0.03168
1403715380.362643718719482,0.02179,0.00082,0.01354,0.00418,0.00000,0.00265,0.04299
1403715380.412644386291504,0.00663,0.00033,0.00364,0.00333,0.00033,0.00232,0.01657
1403715380.462646007537842,0.01018,0.00017,0.00858,0.00356,0.00136,0.00248,0.02633
1403715380.512647151947021,0.02304,0.00037,0.00059,0.00565,0.00111,0.00227,0.03303
1403715380.562649965286255,0.02587,0.00026,0.00177,0.00663,0.00163,0.00280,0.03895
1403715380.612652063369751,0.02648,0.00048,0.00115,0.00839,0.00000,0.00295,0.03946
1403715380.662652254104614,0.02815,0.00042,0.00191,0.00715,0.00024,0.00299,0.04086
1403715380.712652921676636,0.02091,0.00043,0.00014,0.00842,0.00047,0.00333,0.03369
1403715380.762652635574341,0.02185,0.00046,0.00642,0.00514,0.00115,0.00251,0.03754
1403715380.812653779983521,0.02687,0.00036,0.00106,0.00663,0.00308,0.00248,0.04049
1403715380.862653732299805,0.02728,0.00039,0.00400,0.00555,0.00519,0.00256,0.04497
1403715380.912653684616089,0.02135,0.00036,0.00156,0.00564,0.00000,0.00238,0.03129
1403715380.962653875350952,0.02041,0.00046,0.00865,0.00434,0.00433,0.00204,0.04022
1403715381.012652635574341,0.01597,0.00032,0.00570,0.00390,0.00001,0.00202,0.02792
1403715381.062651634216309,0.02135,0.00042,0.01090,0.00330,0.00140,0.00230,0.03967
1403715381.112649917602539,0.01805,0.00037,0.00059,0.00667,0.00036,0.00222,0.02826
1403715381.162650108337402,0.02594,0.00042,0.00483,0.00668,0.00027,0.00243,0.04057
1403715381.212648868560791,0.02872,0.00047,0.01510,0.00317,0.00347,0.00214,0.05307
1403715381.262649536132812,0.00923,0.00022,0.00075,0.00680,0.00000,0.00347,0.02047
1403715381.312649726867676,0.02244,0.00043,0.00104,0.00930,0.00036,0.00348,0.03706
1403715381.362650871276855,0.00803,0.00018,0.00110,0.00326,0.00001,0.00213,0.01471
1403715381.412650108337402,0.01458,0.00031,0.00034,0.00844,0.00002,0.00383,0.02751
1403715381.462649106979370,0.02002,0.00044,0.00025,0.00776,0.00026,0.00338,0.03212
1403715381.512649297714233,0.02015,0.00044,0.00193,0.00557,0.00001,0.00257,0.03067
1403715381.562647819519043,0.01820,0.00040,0.00023,0.00848,0.00599,0.00287,0.03617
1403715381.612647771835327,0.00808,0.00017,0.00005,0.00352,0.00092,0.00239,0.01513
1403715381.662651538848877,0.01579,0.00036,0.00516,0.00455,0.00683,0.00232,0.03501
1403715381.712656021118164,0.01996,0.00042,0.01533,0.00427,0.00297,0.00228,0.04523
1403715381.762657165527344,0.01380,0.00035,0.00078,0.01260,0.00034,0.00269,0.03057
1403715381.812659025192261,0.02527,0.00048,0.01325,0.00435,0.00166,0.00227,0.04728
1403715381.862659692764282,0.01256,0.00032,0.00009,0.01153,0.00000,0.00307,0.02757
1403715381.912657737731934,0.02182,0.00043,0.00025,0.01104,0.00001,0.00249,0.03603
1403715381.962655782699585,0.02632,0.00049,0.00033,0.01120,0.00001,0.00283,0.04119
1403715382.012655019760132,0.01965,0.00051,0.00005,0.01184,0.00000,0.00278,0.03483
1403715382.062656402587891,0.02674,0.00042,0.00101,0.00971,0.00000,0.00262,0.04050
1403715382.112657308578491,0.02299,0.00044,0.00035,0.00920,0.00150,0.00247,0.03696
1403715382.162660360336304,0.02068,0.00051,0.00167,0.01173,0.00000,0.00271,0.03731
1403715382.212662696838379,0.03481,0.00036,0.00185,0.00724,0.00000,0.00268,0.04695
1403715382.262664318084717,0.02204,0.00045,0.01025,0.00570,0.00000,0.00227,0.04070
1403715382.312664985656738,0.02128,0.00038,0.00893,0.00486,0.00112,0.00258,0.03916
1403715382.362664222717285,0.01907,0.00036,0.00805,0.00474,0.00059,0.00224,0.03504
1403715382.412664651870728,0.02676,0.00047,0.01257,0.00453,0.00000,0.00226,0.04660
1403715382.462662935256958,0.01575,0.00033,0.00032,0.01057,0.00001,0.00299,0.02997
1403715382.512660980224609,0.02061,0.00050,0.00197,0.00901,0.00080,0.00235,0.03524
1403715382.562659263610840,0.01919,0.00041,0.00007,0.00969,0.00077,0.00211,0.03223
1403715382.612659215927124,0.02325,0.00046,0.00020,0.00938,0.00000,0.00257,0.03585
1403715382.662658214569092,0.02612,0.00045,0.00020,0.00955,0.00000,0.00245,0.03877
1403715382.712657690048218,0.01802,0.00043,0.00005,0.01203,0.00000,0.00268,0.03321
1403715382.762656450271606,0.01870,0.00043,0.01294,0.00460,0.00418,0.00212,0.04296
1403715382.812657356262207,0.01193,0.00026,0.00124,0.00606,0.00000,0.00213,0.02161
1403715382.862657308578491,0.02440,0.00039,0.00737,0.00473,0.00000,0.00240,0.03929
1403715382.912655591964722,0.01848,0.00043,0.01374,0.00482,0.00052,0.00231,0.04030
1403715382.962655305862427,0.01977,0.00040,0.01082,0.00576,0.00132,0.00214,0.04021
1403715383.012655019760132,0.02165,0.00041,0.01430,0.00507,0.00059,0.00216,0.04417
1403715383.062654733657837,0.02099,0.00052,0.00172,0.01050,0.00000,0.00267,0.03641
1403715383.112654447555542,0.01884,0.00048,0.00011,0.01329,0.00000,0.00264,0.03537
1403715383.162654638290405,0.01812,0.00042,0.00005,0.01132,0.00000,0.00284,0.03275
1403715383.212653160095215,0.01863,0.00041,0.00021,0.01007,0.00021,0.00222,0.03174
1403715383.262652158737183,0.01998,0.00046,0.00005,0.01095,0.00000,0.00218,0.03361
1403715383.312652587890625,0.02001,0.00043,0.00068,0.01232,0.00000,0.00248,0.03592
1403715383.362652778625488,0.01957,0.00019,0.01075,0.00560,0.00000,0.00240,0.03851
1403715383.412654161453247,0.02060,0.00048,0.00202,0.01109,0.00128,0.00238,0.03785
1403715383.462658405303955,0.02531,0.00046,0.00857,0.00714,0.00116,0.00241,0.04504
1403715383.512663602828979,0.02010,0.00047,0.01354,0.00581,0.00000,0.00227,0.04218
1403715383.562669754028320,0.01970,0.00044,0.01180,0.00665,0.00000,0.00242,0.04103
1403715383.612676620483398,0.01030,0.00020,0.00707,0.00412,0.00000,0.00236,0.02406
1403715383.662681818008423,0.02723,0.00038,0.00018,0.00720,0.00001,0.00223,0.03724
1403715383.712686777114868,0.01987,0.00048,0.00066,0.00779,0.00003,0.00276,0.03159
1403715383.762689828872681,0.00722,0.00016,0.00027,0.00343,0.00000,0.00214,0.01321
1403715383.812693119049072,0.01869,0.00030,0.00044,0.00541,0.00000,0.00261,0.02747
1403715383.862696170806885,0.01881,0.00042,0.00027,0.00870,0.00028,0.00311,0.03159
1403715383.912698507308960,0.01860,0.00038,0.00012,0.00971,0.00000,0.00356,0.03238
1403715383.962700843811035,0.02055,0.00042,0.00119,0.00892,0.00920,0.00222,0.04251
1403715384.012700796127319,0.01608,0.00036,0.00004,0.01287,0.00000,0.00304,0.03239
1403715384.062703132629395,0.02150,0.00044,0.00398,0.01004,0.00015,0.00240,0.03852
1403715384.112701892852783,0.02030,0.00047,0.01039,0.00575,0.00030,0.00235,0.03956
1403715384.162699699401855,0.01986,0.00038,0.01228,0.00704,0.00014,0.00283,0.04253
1403715384.212696313858032,0.01802,0.00035,0.02160,0.00500,0.00035,0.00214,0.04746
1403715384.262696266174316,0.00890,0.00018,0.00002,0.00775,0.00110,0.00326,0.02120
1403715384.312696218490601,0.02559,0.00049,0.00296,0.00833,0.00065,0.00271,0.04073
1403715384.362695455551147,0.01774,0.00041,0.00076,0.00881,0.00018,0.00238,0.03029
1403715384.412695407867432,0.01936,0.00048,0.00051,0.00935,0.00020,0.00235,0.03224
1403715384.462696313858032,0.01985,0.00046,0.00012,0.01009,0.00067,0.00227,0.03347
1403715384.512696981430054,0.02962,0.00045,0.00196,0.00845,0.00024,0.00254,0.04326
1403715384.562697649002075,0.02239,0.00044,0.00038,0.00895,0.00000,0.00220,0.03437
1403715384.612698078155518,0.02116,0.00047,0.00005,0.01153,0.00000,0.00275,0.03596
1403715384.662697792053223,0.02859,0.00044,0.00025,0.00876,0.00065,0.00271,0.04141
1403715384.712698459625244,0.02080,0.00037,0.00819,0.00621,0.00124,0.00236,0.03918
1403715384.762698650360107,0.01994,0.00039,0.00634,0.00444,0.00123,0.00218,0.03452
1403715384.812698364257812,0.02654,0.00047,0.01845,0.00381,0.00031,0.00253,0.05211
1403715384.862699031829834,0.00882,0.00018,0.00033,0.00373,0.00017,0.00269,0.01591
1403715384.912700891494751,0.02617,0.00050,0.00510,0.00531,0.00001,0.00243,0.03952
1403715384.962702035903931,0.02002,0.00047,0.00019,0.00743,0.00025,0.00318,0.03155
1403715385.012702703475952,0.01836,0.00039,0.00016,0.01022,0.00001,0.00343,0.03259
1403715385.062703847885132,0.02467,0.00041,0.00985,0.00380,0.00593,0.00222,0.04689
1403715385.112703084945679,0.01509,0.00031,0.00015,0.01011,0.00000,0.00316,0.02881
1403715385.162701845169067,0.02231,0.00045,0.00017,0.01180,0.00000,0.00339,0.03812
1403715385.212701320648193,0.01776,0.00035,0.00012,0.00813,0.00000,0.00239,0.02875
1403715385.262701511383057,0.02338,0.00044,0.00004,0.00997,0.00000,0.00311,0.03694
1403715385.312702417373657,0.01683,0.00040,0.00025,0.00964,0.00275,0.00234,0.03222
1403715385.362702369689941,0.02192,0.00033,0.00136,0.00707,0.00011,0.00234,0.03313
1403715385.412704706192017,0.01946,0.00042,0.01590,0.00365,0.00745,0.00243,0.04932
1403715385.462705850601196,0.00741,0.00023,0.00002,0.00816,0.00000,0.00321,0.01905
1403715385.512705564498901,0.02566,0.00051,0.00035,0.01084,0.00020,0.00239,0.03995
1403715385.562702178955078,0.01947,0.00049,0.00043,0.01264,0.00006,0.00254,0.03563
1403715385.612702846527100,0.02038,0.00044,0.00005,0.00945,0.00000,0.00241,0.03273
1403715385.662703752517700,0.02017,0.00046,0.01008,0.00657,0.00007,0.00248,0.03981
1403715385.712703943252563,0.00795,0.00020,0.00002,0.00560,0.00000,0.00258,0.01635
1403715385.762704610824585,0.01957,0.00044,0.00015,0.00503,0.00020,0.00234,0.02772
1403715385.812705993652344,0.02564,0.00045,0.00005,0.01060,0.00000,0.00305,0.03979
1403715385.862707614898682,0.02641,0.00039,0.00298,0.00613,0.00000,0.00230,0.03820
1403715385.912708997726440,0.02160,0.00044,0.00461,0.00850,0.00229,0.00221,0.03965
1403715385.962712526321411,0.02005,0.00048,0.00438,0.00906,0.00237,0.00252,0.03887
1403715386.012717247009277,0.02638,0.00044,0.01386,0.00438,0.00000,0.00246,0.04752
1403715386.062718868255615,0.01304,0.00028,0.00025,0.00966,0.00051,0.00310,0.02685
1403715386.112720489501953,0.01954,0.00044,0.00157,0.00897,0.00000,0.00255,0.03308
1403715386.162721157073975,0.02121,0.00044,0.00021,0.01045,0.00000,0.00315,0.03546
1403715386.212721109390259,0.02549,0.00039,0.00074,0.00698,0.00027,0.00224,0.03611
1403715386.262720584869385,0.01883,0.00041,0.01243,0.00426,0.00377,0.00209,0.04180
1403715386.312720060348511,0.01526,0.00036,0.00004,0.01279,0.00000,0.00269,0.03114
1403715386.362719058990479,0.02016,0.00043,0.01177,0.00487,0.00004,0.00218,0.03945
1403715386.412716627120972,0.01888,0.00039,0.00020,0.01275,0.00000,0.00266,0.03489
1403715386.462716817855835,0.01907,0.00042,0.00109,0.01168,0.00000,0.00270,0.03496
1403715386.512715816497803,0.02010,0.00044,0.00547,0.00775,0.00062,0.00230,0.03668
1403715386.562717437744141,0.01835,0.00040,0.00274,0.00779,0.00077,0.00219,0.03224
1403715386.612717866897583,0.01950,0.00040,0.01232,0.00511,0.00000,0.00221,0.03953
1403715386.662718057632446,0.01970,0.00049,0.00031,0.01293,0.00000,0.00308,0.03651
1403715386.712717771530151,0.02436,0.00041,0.00004,0.01038,0.00000,0.00242,0.03762
1403715386.762715578079224,0.02436,0.00039,0.00043,0.01061,0.00001,0.00315,0.03895
1403715386.812712669372559,0.01870,0.00048,0.00004,0.01087,0.00000,0.00326,0.03335
1403715386.862709760665894,0.02017,0.00040,0.01171,0.00356,0.00424,0.00217,0.04224
1403715386.912711620330811,0.01827,0.00045,0.00019,0.01158,0.00001,0.00255,0.03306
1403715386.962713718414307,0.01796,0.00040,0.01215,0.00472,0.00333,0.00246,0.04104
1403715387.012716293334961,0.01629,0.00037,0.00017,0.01299,0.00000,0.00258,0.03241
1403715387.062717199325562,0.01910,0.00044,0.00005,0.01330,0.00000,0.00272,0.03561
1403715387.112719535827637,0.01968,0.00042,0.00735,0.00806,0.00062,0.00226,0.03839
1403715387.162721157073975,0.02054,0.00046,0.00166,0.01150,0.00079,0.00249,0.03745
1403715387.212722063064575,0.01953,0.00046,0.01513,0.00496,0.00002,0.00208,0.04218
1403715387.262722253799438,0.01540,0.00030,0.00015,0.00670,0.00000,0.00214,0.02470
1403715387.312719821929932,0.02021,0.00048,0.00004,0.01149,0.00000,0.00242,0.03464
1403715387.362718343734741,0.01964,0.00044,0.00077,0.00857,0.00093,0.00238,0.03274
1403715387.412716627120972,0.02097,0.00044,0.00148,0.00847,0.00000,0.00217,0.03354
1403715387.462716341018677,0.02367,0.00041,0.01130,0.00476,0.00378,0.00222,0.04613
1403715387.512719392776489,0.01320,0.00027,0.00024,0.00657,0.00003,0.00237,0.02269
1403715387.562725305557251,0.02172,0.00050,0.01244,0.00424,0.00418,0.00250,0.04557
1403715387.612727403640747,0.01217,0.00025,0.00019,0.00936,0.00000,0.00328,0.02526
1403715387.662726163864136,0.02080,0.00042,0.00117,0.01092,0.00000,0.00279,0.03610
1403715387.712724447250366,0.02013,0.00042,0.00451,0.00652,0.00185,0.00213,0.03555
1403715387.762724876403809,0.01106,0.00032,0.00036,0.00592,0.00000,0.00223,0.01990
1403715387.812723875045776,0.01908,0.00020,0.01058,0.00462,0.00236,0.00210,0.03894
1403715387.862722873687744,0.01821,0.00034,0.00015,0.01182,0.00000,0.00322,0.03375
1403715387.912723302841187,0.01763,0.00043,0.00004,0.01222,0.00000,0.00283,0.03316
1403715387.962723255157471,0.01835,0.00049,0.00040,0.01019,0.00089,0.00252,0.03283
1403715388.012722492218018,0.03108,0.00040,0.00996,0.00391,0.00329,0.00283,0.05147
1403715388.062721729278564,0.01335,0.00024,0.00619,0.00412,0.00001,0.00235,0.02626
1403715388.112721204757690,0.02254,0.00041,0.00052,0.01025,0.00160,0.00276,0.03809
1403715388.162721633911133,0.01987,0.00041,0.01228,0.00536,0.00566,0.00208,0.04566
1403715388.212722539901733,0.01288,0.00025,0.00029,0.00596,0.00000,0.00210,0.02149
1403715388.262722253799438,0.01716,0.00036,0.00151,0.01042,0.00000,0.00263,0.03209
1403715388.312721490859985,0.02044,0.00043,0.00024,0.01186,0.00174,0.00264,0.03734
1403715388.362721920013428,0.01835,0.00041,0.00029,0.01192,0.00000,0.00245,0.03342
1403715388.412719249725342,0.01754,0.00042,0.01075,0.00583,0.00377,0.00212,0.04044
1403715388.462719440460205,0.02104,0.00032,0.00150,0.00955,0.00000,0.00264,0.03506
1403715388.512720108032227,0.01979,0.00040,0.00362,0.00957,0.00000,0.00276,0.03614
1403715388.562721967697144,0.02050,0.00061,0.01168,0.00436,0.00185,0.00205,0.04105
1403715388.612722873687744,0.01633,0.00036,0.00673,0.00443,0.00124,0.00260,0.03169
1403715388.662723541259766,0.02490,0.00045,0.01051,0.00499,0.00115,0.00235,0.04436
1403715388.712723493576050,0.01707,0.00043,0.00021,0.01238,0.00001,0.00282,0.03292
1403715388.762724876403809,0.01834,0.00043,0.00992,0.00448,0.00109,0.00219,0.03646
1403715388.812725782394409,0.01818,0.00031,0.00175,0.00633,0.00000,0.00230,0.02888
1403715388.862725734710693,0.01802,0.00049,0.00190,0.00850,0.00001,0.00235,0.03127
1403715388.912725925445557,0.02353,0.00041,0.00004,0.00981,0.00000,0.00308,0.03687
1403715388.962727546691895,0.01981,0.00040,0.00103,0.01034,0.00046,0.00299,0.03503
1403715389.012729883193970,0.01812,0.00039,0.01591,0.00393,0.00376,0.00215,0.04426
1403715389.062731266021729,0.01114,0.00022,0.00010,0.00816,0.00000,0.00321,0.02283
1403715389.112731218338013,0.02517,0.00048,0.00075,0.00956,0.00000,0.00252,0.03847
1403715389.162731409072876,0.02457,0.00048,0.01129,0.00563,0.00186,0.00220,0.04604
1403715389.212731361389160,0.00909,0.00023,0.00425,0.00504,0.00000,0.00242,0.02103
1403715389.262731313705444,0.00706,0.00018,0.00382,0.00521,0.00000,0.00232,0.01860
1403715389.312730789184570,0.01790,0.00045,0.00408,0.01006,0.00000,0.00269,0.03518
1403715389.362730741500854,0.02020,0.00045,0.00857,0.00535,0.00112,0.00213,0.03782
1403715389.412730216979980,0.02655,0.00052,0.00089,0.01087,0.00000,0.00236,0.04119
1403715389.462730169296265,0.02066,0.00047,0.00033,0.01231,0.00000,0.00243,0.03621
1403715389.512730360031128,0.02028,0.00045,0.00026,0.00886,0.00000,0.00249,0.03234
1403715389.562730312347412,0.02241,0.00018,0.00003,0.00740,0.00085,0.00287,0.03374
1403715389.612730026245117,0.02155,0.00050,0.01457,0.00402,0.00331,0.00251,0.04645
1403715389.662729740142822,0.01484,0.00044,0.00144,0.01144,0.00001,0.00289,0.03106
1403715389.712728977203369,0.01832,0.00047,0.00833,0.00683,0.00225,0.00202,0.03822
1403715389.762728452682495,0.01957,0.00031,0.00935,0.00693,0.00000,0.00241,0.03856
1403715389.812728166580200,0.00891,0.00029,0.00490,0.00644,0.00000,0.00288,0.02343
1403715389.862727642059326,0.00748,0.00022,0.00394,0.00557,0.00000,0.00248,0.01970
1403715389.912727832794189,0.02088,0.00052,0.00171,0.01001,0.00000,0.00233,0.03544
1403715389.962728977203369,0.02077,0.00020,0.00862,0.00551,0.00000,0.00241,0.03751
1403715390.012731075286865,0.01716,0.00044,0.00018,0.01272,0.00000,0.00278,0.03328
1403715390.062731266021729,0.01980,0.00038,0.00234,0.00794,0.00000,0.00227,0.03273
1403715390.112731695175171,0.02514,0.00046,0.01440,0.00434,0.00225,0.00218,0.04877
1403715390.162731647491455,0.01234,0.00030,0.00198,0.00977,0.00001,0.00267,0.02707
1403715390.212732553482056,0.01856,0.00046,0.00988,0.00496,0.00269,0.00215,0.03869
1403715390.262733936309814,0.02201,0.00040,0.00078,0.01222,0.00000,0.00249,0.03790
1403715390.312736511230469,0.02239,0.00044,0.00569,0.00627,0.00061,0.00212,0.03752
1403715390.362738609313965,0.02104,0.00043,0.00659,0.00592,0.00000,0.00240,0.03639
1403715390.412740945816040,0.02497,0.00039,0.00715,0.00507,0.00000,0.00243,0.04002
1403715390.462742567062378,0.02567,0.00044,0.00974,0.00601,0.00000,0.00244,0.04431
1403715390.512743473052979,0.02003,0.00045,0.00207,0.01122,0.00022,0.00269,0.03669
1403715390.562745571136475,0.02035,0.00040,0.00728,0.00541,0.00111,0.00214,0.03669
1403715390.612746238708496,0.02435,0.00047,0.00458,0.00921,0.00000,0.00249,0.04111
1403715390.662745952606201,0.00699,0.00015,0.00033,0.00525,0.00000,0.00233,0.01505
1403715390.712747335433960,0.01114,0.00026,0.00424,0.00479,0.00213,0.00226,0.02481
1403715390.762748479843140,0.02758,0.00056,0.00332,0.00856,0.00062,0.00247,0.04312
1403715390.812750816345215,0.02114,0.00043,0.01015,0.00735,0.00000,0.00260,0.04167
1403715390.862756013870239,0.01885,0.00037,0.00902,0.00491,0.00000,0.00238,0.03553
1403715390.912757158279419,0.02162,0.00053,0.00433,0.00998,0.00002,0.00266,0.03914
1403715390.962759256362915,0.02015,0.00050,0.00024,0.01170,0.00142,0.00238,0.03638
1403715391.012759447097778,0.01704,0.00048,0.01021,0.00700,0.00000,0.00230,0.03704
1403715391.062761306762695,0.01906,0.00044,0.01121,0.00687,0.00000,0.00213,0.03973
1403715391.112761020660400,0.02489,0.00043,0.00279,0.00877,0.00017,0.00226,0.03932
1403715391.162762165069580,0.01920,0.00044,0.00818,0.00563,0.00017,0.00205,0.03567
1403715391.212763309478760,0.01957,0.00044,0.00093,0.00937,0.00000,0.00251,0.03281
1403715391.262765169143677,0.01815,0.00038,0.01223,0.00525,0.00105,0.00209,0.03915
1403715391.312765359878540,0.00733,0.00015,0.00234,0.00498,0.00000,0.00220,0.01699
1403715391.362764835357666,0.00787,0.00019,0.00040,0.00504,0.00000,0.00248,0.01598
1403715391.412765264511108,0.02401,0.00050,0.00314,0.00747,0.00346,0.00229,0.04086
1403715391.462765693664551,0.02562,0.00035,0.00645,0.00484,0.00018,0.00232,0.03977
1403715391.512766122817993,0.02336,0.00037,0.00119,0.00676,0.00062,0.00245,0.03475
1403715391.562766075134277,0.01887,0.00049,0.00196,0.01170,0.00001,0.00235,0.03538
1403715391.612765789031982,0.01828,0.00044,0.00717,0.00569,0.00244,0.00250,0.03653
1403715391.662764549255371,0.03073,0.00045,0.00871,0.00540,0.00000,0.00261,0.04789
1403715391.712762832641602,0.01570,0.00034,0.00569,0.00867,0.00000,0.00230,0.03271
1403715391.762760639190674,0.02539,0.00045,0.00776,0.00626,0.00002,0.00234,0.04222
1403715391.812760353088379,0.02491,0.00046,0.00260,0.00841,0.00021,0.00272,0.03932
1403715391.862760305404663,0.01484,0.00027,0.00488,0.00452,0.00242,0.00234,0.02927
1403715391.912761211395264,0.00771,0.00019,0.00133,0.00426,0.00113,0.00219,0.01681
1403715391.962762117385864,0.02609,0.00046,0.00101,0.00974,0.00000,0.00277,0.04006
1403715392.012762546539307,0.02689,0.00042,0.00434,0.00671,0.00389,0.00215,0.04440
1403715392.062761545181274,0.01955,0.00038,0.01035,0.00570,0.00039,0.00213,0.03851
1403715392.112759590148926,0.01976,0.00042,0.00132,0.00950,0.00099,0.00293,0.03493
1403715392.162759780883789,0.01723,0.00040,0.00668,0.00605,0.00091,0.00238,0.03364
1403715392.212759971618652,0.01862,0.00041,0.00769,0.00418,0.00536,0.00222,0.03849
1403715392.262762069702148,0.01944,0.00045,0.00913,0.00608,0.00151,0.00228,0.03889
1403715392.312764644622803,0.01879,0.00035,0.00235,0.00893,0.00063,0.00226,0.03332
1403715392.362772703170776,0.01788,0.00018,0.00073,0.00662,0.00032,0.00267,0.02840
1403715392.412777423858643,0.02535,0.00043,0.00260,0.00725,0.00000,0.00297,0.03860
1403715392.462777376174927,0.02030,0.00038,0.00085,0.00912,0.00637,0.00227,0.03928
1403715392.512778997421265,0.02295,0.00038,0.01295,0.00422,0.00232,0.00237,0.04520
1403715392.562781572341919,0.02446,0.00043,0.00304,0.00797,0.00001,0.00263,0.03855
1403715392.612784624099731,0.01985,0.00046,0.00124,0.00856,0.00087,0.00254,0.03352
1403715392.662789106369019,0.02160,0.00041,0.00380,0.00533,0.00370,0.00217,0.03702
1403715392.712792634963989,0.02245,0.00037,0.00063,0.00649,0.00000,0.00289,0.03283
1403715392.762796878814697,0.01802,0.00041,0.00133,0.00816,0.00139,0.00269,0.03200
1403715392.812800884246826,0.02019,0.00042,0.00089,0.00773,0.00226,0.00237,0.03386
1403715392.862805128097534,0.01911,0.00042,0.00143,0.00772,0.00543,0.00204,0.03616
1403715392.912806272506714,0.02093,0.00035,0.00062,0.00701,0.00163,0.00226,0.03279
1403715392.962805986404419,0.02148,0.00046,0.00168,0.01072,0.00030,0.00260,0.03723
1403715393.012805223464966,0.02029,0.00042,0.00084,0.00873,0.00044,0.00243,0.03314
1403715393.062803030014038,0.02169,0.00046,0.00453,0.00844,0.00194,0.00263,0.03969
1403715393.112801790237427,0.02080,0.00042,0.01004,0.00374,0.00322,0.00231,0.04053
1403715393.162799358367920,0.01843,0.00036,0.00060,0.00635,0.00073,0.00208,0.02856
1403715393.212798357009888,0.02141,0.00042,0.00143,0.00843,0.00276,0.00211,0.03657
1403715393.262798786163330,0.01938,0.00040,0.00785,0.00454,0.00250,0.00222,0.03689
1403715393.312799692153931,0.01953,0.00036,0.00077,0.00596,0.00061,0.00247,0.02970
1403715393.362800836563110,0.01996,0.00042,0.00025,0.00975,0.00307,0.00214,0.03559
1403715393.412801265716553,0.02074,0.00041,0.00152,0.00763,0.00000,0.00237,0.03268
1403715393.462801694869995,0.02399,0.00041,0.00831,0.00363,0.00232,0.00207,0.04072
1403715393.512800455093384,0.01888,0.00040,0.00048,0.00709,0.00271,0.00218,0.03175
1403715393.562799930572510,0.02221,0.00042,0.00217,0.01048,0.00052,0.00294,0.03874
1403715393.612799167633057,0.02141,0.00045,0.00019,0.01122,0.00000,0.00305,0.03633
1403715393.662796974182129,0.02581,0.00052,0.00351,0.00584,0.00117,0.00224,0.03909
1403715393.712794542312622,0.02231,0.00047,0.00337,0.00532,0.00572,0.00232,0.03950
1403715393.762794017791748,0.02064,0.00043,0.00968,0.00587,0.00389,0.00209,0.04260
1403715393.812792539596558,0.01860,0.00031,0.00164,0.00658,0.00020,0.00239,0.02973
1403715393.862791538238525,0.02660,0.00039,0.00389,0.00650,0.00125,0.00266,0.04130
1403715393.912791967391968,0.00976,0.00019,0.00023,0.00346,0.00000,0.00229,0.01593
1403715393.962793588638306,0.02081,0.00040,0.00064,0.00561,0.00000,0.00381,0.03129
1403715394.012794733047485,0.01821,0.00046,0.01136,0.00147,0.00718,0.00227,0.04095
1403715394.062796115875244,0.02512,0.00031,0.00077,0.00205,0.00087,0.00244,0.03156
1403715394.112797737121582,0.02516,0.00039,0.00221,0.00474,0.00146,0.00318,0.03713
1403715394.162800073623657,0.02102,0.00038,0.00047,0.00372,0.00028,0.00346,0.02932
1403715394.212800979614258,0.02179,0.00038,0.00025,0.00304,0.00825,0.00253,0.03624
1403715394.262801408767700,0.01907,0.00027,0.00084,0.00216,0.00162,0.00431,0.02828
1403715394.312801599502563,0.02514,0.00037,0.00143,0.00189,0.00184,0.00361,0.03428
1403715394.362802982330322,0.01996,0.00037,0.00053,0.00328,0.00089,0.00474,0.02978
1403715394.412806272506714,0.01916,0.00041,0.00090,0.00204,0.00691,0.00378,0.03320
1403715394.462805986404419,0.01894,0.00035,0.00027,0.00185,0.00119,0.00441,0.02700
1403715394.512805938720703,0.02503,0.00035,0.00041,0.00104,0.00093,0.00475,0.03251
1403715394.562805891036987,0.02118,0.00034,0.00053,0.00151,0.00033,0.00504,0.02893
1403715394.612807273864746,0.01072,0.00013,0.00016,0.00043,0.00382,0.00211,0.01736
1403715394.662806510925293,0.01910,0.00033,0.00034,0.00162,0.01284,0.00229,0.03652
1403715394.712805509567261,0.01827,0.00027,0.00039,0.00259,0.00097,0.00494,0.02743
1403715394.762804031372070,0.02520,0.00036,0.00092,0.00371,0.00108,0.00404,0.03530
1403715394.812803506851196,0.02086,0.00036,0.00114,0.00508,0.00264,0.00392,0.03401
1403715394.862802505493164,0.01632,0.00019,0.00353,0.00393,0.00012,0.00313,0.02721
1403715394.912802219390869,0.00881,0.00013,0.00014,0.00185,0.00022,0.00221,0.01336
1403715394.962801933288574,0.01634,0.00034,0.00012,0.00551,0.00018,0.00435,0.02685
1403715395.012799978256226,0.02471,0.00034,0.00009,0.00503,0.00264,0.00329,0.03610
1403715395.062796592712402,0.02678,0.00030,0.00016,0.00536,0.01108,0.00230,0.04598
1403715395.112797021865845,0.01829,0.00027,0.00014,0.00706,0.00073,0.00363,0.03012
1403715395.162796974182129,0.02243,0.00039,0.00021,0.00867,0.00007,0.00299,0.03476
1403715395.212797403335571,0.02097,0.00040,0.00020,0.00818,0.00046,0.00372,0.03394
1403715395.262796401977539,0.02653,0.00039,0.00023,0.00727,0.00097,0.00275,0.03814
1403715395.312797069549561,0.02644,0.00038,0.00123,0.00573,0.00091,0.00294,0.03763
1403715395.362797260284424,0.01936,0.00040,0.00036,0.00717,0.00000,0.00418,0.03148
1403715395.412797212600708,0.02030,0.00044,0.00015,0.00807,0.00010,0.00437,0.03343
1403715395.462797641754150,0.02008,0.00037,0.00101,0.00631,0.00430,0.00242,0.03449
1403715395.512797117233276,0.01862,0.00038,0.00029,0.00847,0.00210,0.00380,0.03365
1403715395.562796831130981,0.02315,0.00034,0.00601,0.00314,0.01281,0.00246,0.04791
1403715395.612796783447266,0.00809,0.00016,0.00005,0.00433,0.00120,0.00236,0.01619
1403715395.662796497344971,0.02414,0.00046,0.00050,0.01018,0.00112,0.00281,0.03921
1403715395.712796449661255,0.02239,0.00042,0.00018,0.00964,0.00000,0.00286,0.03549
1403715395.762796401977539,0.01965,0.00017,0.00010,0.00610,0.00176,0.00256,0.03033
1403715395.812796354293823,0.02412,0.00043,0.00321,0.00686,0.00227,0.00213,0.03901
1403715395.862799406051636,0.02172,0.00045,0.00640,0.00670,0.00436,0.00248,0.04209
1403715395.912800312042236,0.01778,0.00031,0.00004,0.00675,0.00125,0.00237,0.02850
1403715395.962799549102783,0.02811,0.00044,0.00019,0.01017,0.00002,0.00271,0.04164
1403715396.012801647186279,0.00900,0.00021,0.00007,0.00515,0.00000,0.00258,0.01700
1403715396.062803983688354,0.02356,0.00051,0.00005,0.01251,0.00000,0.00274,0.03938
1403715396.112802505493164,0.02246,0.00048,0.00017,0.00979,0.00000,0.00264,0.03555
1403715396.162800312042236,0.02920,0.00050,0.01148,0.00443,0.00216,0.00222,0.04998
1403715396.212799310684204,0.01540,0.00036,0.00537,0.00914,0.00022,0.00250,0.03298
1403715396.262795925140381,0.02199,0.00048,0.01085,0.00646,0.00117,0.00249,0.04346
1403715396.312797784805298,0.00787,0.00019,0.00767,0.00508,0.00224,0.00207,0.02513
1403715396.362795114517212,0.00768,0.00021,0.00002,0.00552,0.00000,0.00220,0.01564
1403715396.412795066833496,0.01936,0.00038,0.00182,0.01172,0.00072,0.00343,0.03745
1403715396.462794065475464,0.02008,0.00041,0.00882,0.00718,0.00112,0.00255,0.04016
1403715396.512794494628906,0.02086,0.00033,0.00004,0.00884,0.00000,0.00225,0.03232
1403715396.562794446945190,0.02167,0.00044,0.00020,0.00982,0.00000,0.00221,0.03436
1403715396.612794160842896,0.02156,0.00041,0.00004,0.01258,0.00000,0.00233,0.03694
1403715396.662793874740601,0.01916,0.00044,0.00159,0.01190,0.00000,0.00302,0.03611
1403715396.712795019149780,0.02148,0.00041,0.00037,0.01142,0.00000,0.00308,0.03677
1403715396.762796401977539,0.01985,0.00039,0.00898,0.00613,0.00012,0.00218,0.03766
1403715396.812797546386719,0.02100,0.00040,0.00376,0.00797,0.00088,0.00228,0.03628
1403715396.862797975540161,0.02444,0.00039,0.00023,0.00912,0.00040,0.00283,0.03741
1403715396.912796974182129,0.01792,0.00017,0.01241,0.00358,0.00228,0.00232,0.03869
1403715396.962799549102783,0.01622,0.00030,0.00036,0.01003,0.00029,0.00298,0.03018
1403715397.012799739837646,0.01975,0.00042,0.00006,0.01014,0.00000,0.00317,0.03354
1403715397.062800168991089,0.02550,0.00043,0.00012,0.00996,0.00009,0.00289,0.03899
1403715397.112798929214478,0.02056,0.00017,0.00016,0.00453,0.00000,0.00316,0.02859
1403715397.162797689437866,0.02138,0.00039,0.00028,0.00949,0.00000,0.00377,0.03532
1403715397.212796926498413,0.01948,0.00042,0.00023,0.00881,0.00000,0.00360,0.03254
1403715397.262795448303223,0.01783,0.00033,0.00017,0.00743,0.00000,0.00296,0.02873
1403715397.312792539596558,0.02003,0.00044,0.00003,0.00662,0.00000,0.00286,0.02998
1403715397.362790346145630,0.01729,0.00035,0.00011,0.00719,0.00856,0.00238,0.03588
1403715397.412789821624756,0.01105,0.00024,0.00017,0.00528,0.00114,0.00227,0.02015
1403715397.462790250778198,0.01842,0.00038,0.00012,0.00895,0.00261,0.00249,0.03297
1403715397.512789011001587,0.01810,0.00040,0.01721,0.00442,0.00120,0.00229,0.04362
1403715397.562788486480713,0.01594,0.00037,0.00014,0.01027,0.00001,0.00282,0.02956
1403715397.612788200378418,0.02406,0.00048,0.00199,0.00776,0.00000,0.00243,0.03673
1403715397.662787914276123,0.02089,0.00044,0.00979,0.00442,0.00321,0.00235,0.04110
1403715397.712786197662354,0.02035,0.00043,0.00101,0.01168,0.00001,0.00279,0.03626
1403715397.762786149978638,0.02512,0.00049,0.00102,0.00718,0.00000,0.00256,0.03637
1403715397.812786340713501,0.01890,0.00046,0.00087,0.00910,0.00000,0.00308,0.03241
1403715397.862785577774048,0.02397,0.00042,0.00015,0.00953,0.00025,0.00310,0.03741
1403715397.912786006927490,0.01567,0.00017,0.00031,0.00504,0.00000,0.00254,0.02373
1403715397.962787628173828,0.02170,0.00039,0.00386,0.00798,0.00000,0.00276,0.03669
1403715398.012786626815796,0.01084,0.00017,0.00039,0.00378,0.00291,0.00248,0.02056
1403715398.062786340713501,0.01043,0.00019,0.00007,0.00445,0.00007,0.00216,0.01737
1403715398.112785577774048,0.02087,0.00050,0.01450,0.00406,0.00759,0.00207,0.04958
1403715398.162785053253174,0.00745,0.00022,0.00064,0.00535,0.00000,0.00209,0.01575
1403715398.212788105010986,0.01982,0.00044,0.00029,0.01324,0.00005,0.00275,0.03659
1403715398.262790441513062,0.02168,0.00050,0.01115,0.00626,0.00120,0.00243,0.04320
1403715398.312790632247925,0.01275,0.00017,0.00443,0.00675,0.00097,0.00240,0.02748
1403715398.362790584564209,0.01982,0.00055,0.00036,0.01130,0.00000,0.00222,0.03425
1403715398.412790060043335,0.02034,0.00050,0.00231,0.00909,0.00000,0.00222,0.03445
1403715398.462789773941040,0.01749,0.00046,0.01104,0.00544,0.00220,0.00230,0.03893
1403715398.512790441513062,0.02561,0.00025,0.00008,0.00685,0.00000,0.00234,0.03512
1403715398.562793970108032,0.01777,0.00021,0.00016,0.01294,0.00000,0.00263,0.03371
1403715398.612797498703003,0.02246,0.00047,0.00022,0.01275,0.00084,0.00273,0.03947
1403715398.662800788879395,0.02011,0.00045,0.00023,0.01154,0.00060,0.00263,0.03556
1403715398.712806224822998,0.02617,0.00041,0.01301,0.00406,0.00320,0.00224,0.04910
1403715398.762807369232178,0.01273,0.00024,0.00023,0.00867,0.00060,0.00352,0.02599
1403715398.812806844711304,0.02084,0.00045,0.00154,0.00837,0.00077,0.00264,0.03460
1403715398.862806320190430,0.01424,0.00019,0.00663,0.00555,0.00407,0.00222,0.03290
1403715398.912804841995239,0.01119,0.00034,0.00023,0.01205,0.00260,0.00215,0.02855
1403715398.962805509567261,0.00713,0.00016,0.00012,0.00401,0.00039,0.00234,0.01414
1403715399.012803554534912,0.01978,0.00047,0.00020,0.00709,0.00045,0.00264,0.03063
1403715399.062801361083984,0.02253,0.00047,0.01484,0.00310,0.00183,0.00234,0.04511
1403715399.112800121307373,0.01671,0.00036,0.00049,0.01069,0.00135,0.00271,0.03230
1403715399.162800073623657,0.01820,0.00019,0.00006,0.01203,0.00026,0.00286,0.03359
1403715399.212800502777100,0.02502,0.00048,0.00053,0.00842,0.00067,0.00223,0.03735
1403715399.262801647186279,0.01990,0.00044,0.00004,0.01034,0.00007,0.00247,0.03326
1403715399.312802791595459,0.02464,0.00036,0.00556,0.00583,0.00135,0.00236,0.04009
1403715399.362802267074585,0.02612,0.00043,0.00015,0.01242,0.00021,0.00227,0.04160
1403715399.412801504135132,0.02154,0.00046,0.00017,0.01289,0.00040,0.00240,0.03786
1403715399.462802410125732,0.00930,0.00016,0.00017,0.00635,0.00050,0.00273,0.01921
1403715399.512803077697754,0.02023,0.00035,0.00004,0.01003,0.00004,0.00228,0.03298
1403715399.562801599502563,0.02538,0.00045,0.00004,0.01224,0.00000,0.00249,0.04060
1403715399.612800359725952,0.02001,0.00053,0.00025,0.01342,0.00030,0.00261,0.03712
1403715399.662801504135132,0.02141,0.00044,0.01608,0.00554,0.00003,0.00246,0.04598
1403715399.712800025939941,0.01373,0.00028,0.00003,0.01060,0.00000,0.00270,0.02734
1403715399.762795448303223,0.02120,0.00047,0.00017,0.01315,0.00000,0.00262,0.03761
1403715399.812791585922241,0.01882,0.00043,0.00004,0.01332,0.00128,0.00229,0.03618
1403715399.862787246704102,0.02051,0.00046,0.00016,0.00994,0.00078,0.00209,0.03393
1403715399.912779569625854,0.01824,0.00029,0.00790,0.00503,0.00113,0.00211,0.03472
1403715399.962775945663452,0.01999,0.00047,0.00039,0.01109,0.00083,0.00303,0.03580
1403715400.012771844863892,0.02285,0.00042,0.00079,0.00970,0.00001,0.00272,0.03649
1403715400.062766551971436,0.01820,0.00047,0.00760,0.00653,0.00120,0.00238,0.03638
1403715400.112762689590454,0.01948,0.00026,0.00024,0.00585,0.00115,0.00236,0.02934
1403715400.162762641906738,0.00714,0.00020,0.00011,0.00554,0.00046,0.00257,0.01602
1403715400.212761402130127,0.01940,0.00055,0.00016,0.01273,0.00021,0.00242,0.03547
1403715400.262764215469360,0.01962,0.00041,0.01113,0.00490,0.00001,0.00203,0.03810
1403715400.312765121459961,0.01928,0.00035,0.00041,0.00614,0.00086,0.00216,0.02920
1403715400.362767934799194,0.02094,0.00048,0.00024,0.01109,0.00056,0.00277,0.03607
1403715400.412773132324219,0.02403,0.00046,0.00062,0.00833,0.00092,0.00221,0.03658
1403715400.462774991989136,0.01796,0.00047,0.00014,0.01399,0.00173,0.00219,0.03648
1403715400.512782096862793,0.03035,0.00044,0.01035,0.00537,0.00017,0.00227,0.04896
1403715400.562782764434814,0.01747,0.00036,0.00021,0.01179,0.00000,0.00260,0.03244
1403715400.612782478332520,0.02696,0.00042,0.00045,0.00870,0.00078,0.00232,0.03964
1403715400.662783384323120,0.02238,0.00045,0.00116,0.01032,0.00511,0.00234,0.04176
1403715400.712782859802246,0.02138,0.00043,0.00123,0.00993,0.00000,0.00248,0.03546
1403715400.762783050537109,0.02059,0.00040,0.00016,0.01147,0.00000,0.00284,0.03547
1403715400.812784433364868,0.01924,0.00039,0.00004,0.01091,0.00000,0.00280,0.03338
1403715400.862785100936890,0.02182,0.00041,0.01376,0.00409,0.00737,0.00217,0.04962
1403715400.912784337997437,0.00725,0.00024,0.00023,0.00585,0.00027,0.00281,0.01666
1403715400.962784767150879,0.02110,0.00050,0.00053,0.01202,0.00003,0.00271,0.03688
1403715401.012783765792847,0.02018,0.00044,0.00017,0.01175,0.00000,0.00242,0.03497
1403715401.062786579132080,0.01973,0.00039,0.01231,0.00459,0.00469,0.00202,0.04374
1403715401.112786293029785,0.01344,0.00025,0.00862,0.00673,0.00000,0.00224,0.03127
1403715401.162785291671753,0.02518,0.00046,0.00004,0.00918,0.00000,0.00227,0.03714
1403715401.212785959243774,0.02256,0.00046,0.00012,0.01284,0.00027,0.00265,0.03891
1403715401.262785911560059,0.02210,0.00041,0.00045,0.01262,0.00000,0.00282,0.03840
1403715401.312786817550659,0.02713,0.00040,0.00010,0.00828,0.00020,0.00224,0.03835
1403715401.362787008285522,0.01732,0.00019,0.00029,0.00969,0.00000,0.00313,0.03062
1403715401.412790536880493,0.01946,0.00034,0.00004,0.00760,0.00000,0.00250,0.02995
1403715401.462794065475464,0.02744,0.00050,0.01048,0.00411,0.00184,0.00236,0.04674
1403715401.512794494628906,0.01953,0.00049,0.00442,0.01015,0.00000,0.00227,0.03686
1403715401.562793970108032,0.02536,0.00041,0.00113,0.01064,0.00130,0.00244,0.04129
1403715401.612790822982788,0.01914,0.00043,0.00224,0.00867,0.00000,0.00257,0.03306
1403715401.662790060043335,0.02149,0.00039,0.01509,0.00396,0.00109,0.00206,0.04408
1403715401.712791204452515,0.01726,0.00036,0.01665,0.00341,0.00254,0.00203,0.04225
1403715401.762790918350220,0.01570,0.00041,0.00071,0.01109,0.00083,0.00289,0.03163
1403715401.812784671783447,0.01151,0.00016,0.00025,0.00372,0.00031,0.00213,0.01808
1403715401.862781047821045,0.01185,0.00026,0.00050,0.00641,0.00000,0.00350,0.02252
1403715401.912776708602905,0.01983,0.00040,0.00067,0.00841,0.00099,0.00238,0.03268
1403715401.962775945663452,0.02059,0.00045,0.00191,0.01060,0.00000,0.00283,0.03638
1403715402.012776136398315,0.02581,0.00042,0.00017,0.01032,0.00000,0.00264,0.03935
1403715402.062772750854492,0.02547,0.00038,0.00013,0.01016,0.00663,0.00240,0.04516
1403715402.112771987915039,0.01933,0.00036,0.00088,0.01133,0.00000,0.00259,0.03448
1403715402.162772178649902,0.02161,0.00044,0.00377,0.00784,0.00000,0.00246,0.03613
1403715402.212771177291870,0.00784,0.00018,0.00072,0.00512,0.00000,0.00217,0.01604
1403715402.262768268585205,0.02403,0.00046,0.00780,0.00545,0.00420,0.00243,0.04437
1403715402.312761783599854,0.02315,0.00032,0.01138,0.00472,0.00003,0.00255,0.04214
1403715402.362757682800293,0.01951,0.00043,0.01416,0.00439,0.00303,0.00217,0.04369
1403715402.412753582000732,0.01276,0.00022,0.00013,0.00732,0.00046,0.00249,0.02337
1403715402.462752342224121,0.01959,0.00053,0.00012,0.00853,0.00000,0.00235,0.03112
1403715402.512751102447510,0.02152,0.00044,0.00036,0.01071,0.00000,0.00333,0.03637
1403715402.562751293182373,0.01704,0.00016,0.00116,0.00751,0.00024,0.00346,0.02956
1403715402.612749099731445,0.02133,0.00035,0.00039,0.00667,0.00006,0.00318,0.03199
1403715402.662748098373413,0.02127,0.00038,0.00037,0.00525,0.00088,0.00350,0.03166
1403715402.712749958038330,0.02063,0.00044,0.00190,0.00416,0.00042,0.00400,0.03155
1403715402.762751579284668,0.01972,0.00040,0.00033,0.00343,0.00060,0.00408,0.02856
1403715402.812753438949585,0.02336,0.00036,0.00065,0.00249,0.00091,0.00373,0.03150
1403715402.862759590148926,0.02096,0.00038,0.00990,0.00157,0.01152,0.00230,0.04663
1403715402.912764072418213,0.01280,0.00030,0.00034,0.00402,0.00990,0.00221,0.02956
1403715402.962770938873291,0.02447,0.00042,0.00035,0.00457,0.01462,0.00206,0.04649
1403715403.012772083282471,0.01443,0.00049,0.00089,0.00690,0.00129,0.00311,0.02710
1403715403.062772274017334,0.02470,0.00040,0.00072,0.00820,0.00030,0.00347,0.03779
1403715403.112773895263672,0.02492,0.00042,0.00049,0.00665,0.00079,0.00361,0.03689
1403715403.162772417068481,0.02097,0.00039,0.00039,0.00700,0.00020,0.00252,0.03147
1403715403.212767362594604,0.02095,0.00042,0.00165,0.00782,0.00092,0.00324,0.03500
1403715403.262763500213623,0.02042,0.00040,0.00255,0.00770,0.00043,0.00273,0.03423
1403715403.312760829925537,0.02213,0.00038,0.00176,0.00863,0.00035,0.00337,0.03664
1403715403.362759828567505,0.01787,0.00017,0.00002,0.00507,0.00112,0.00292,0.02717
1403715403.412759065628052,0.02687,0.00053,0.00004,0.00900,0.00016,0.00307,0.03968
1403715403.462758064270020,0.02042,0.00044,0.00341,0.00814,0.00444,0.00217,0.03902
1403715403.512757539749146,0.01825,0.00036,0.00004,0.00695,0.00173,0.00240,0.02972
1403715403.562757492065430,0.02490,0.00049,0.00004,0.01039,0.00154,0.00280,0.04015
1403715403.612755775451660,0.02035,0.00046,0.00173,0.00782,0.00700,0.00216,0.03951
1403715403.662756919860840,0.01968,0.00049,0.01318,0.00542,0.00060,0.00221,0.04158
1403715403.712758541107178,0.01817,0.00037,0.00030,0.00773,0.00033,0.00217,0.02907
1403715403.762760639190674,0.02544,0.00045,0.00029,0.00829,0.00000,0.00241,0.03689
1403715403.812759160995483,0.01875,0.00051,0.00019,0.01208,0.00085,0.00247,0.03485
1403715403.862759828567505,0.02204,0.00051,0.00069,0.01151,0.00095,0.00240,0.03810
1403715403.912758588790894,0.02128,0.00038,0.00028,0.00798,0.00067,0.00234,0.03294
1403715403.962757587432861,0.02081,0.00047,0.00201,0.00878,0.00216,0.00205,0.03629
1403715404.012755393981934,0.02607,0.00048,0.00062,0.00924,0.00077,0.00244,0.03962
1403715404.062752962112427,0.01837,0.00046,0.01248,0.00543,0.00326,0.00216,0.04216
1403715404.112751483917236,0.00996,0.00024,0.00800,0.00610,0.00213,0.00224,0.02868
1403715404.162750959396362,0.01774,0.00034,0.00341,0.00840,0.00000,0.00225,0.03215
1403715404.212750673294067,0.01849,0.00030,0.00049,0.00511,0.00079,0.00254,0.02772
1403715404.262750387191772,0.00990,0.00019,0.00035,0.00423,0.00256,0.00239,0.01962
1403715404.312751054763794,0.01983,0.00055,0.00135,0.00941,0.00000,0.00242,0.03356
1403715404.362750053405762,0.01749,0.00042,0.00121,0.01082,0.00032,0.00273,0.03299
1403715404.412748813629150,0.02581,0.00044,0.01031,0.00602,0.00473,0.00264,0.04995
1403715404.462749481201172,0.01542,0.00027,0.00296,0.00879,0.00025,0.00262,0.03031
1403715404.512749433517456,0.01998,0.00050,0.00246,0.00985,0.00000,0.00241,0.03520
1403715404.562749147415161,0.02470,0.00043,0.00324,0.00832,0.00023,0.00262,0.03954
1403715404.612748384475708,0.01974,0.00042,0.00162,0.00847,0.00000,0.00289,0.03314
1403715404.662748575210571,0.02816,0.00045,0.00174,0.00723,0.00292,0.00242,0.04292
1403715404.712748765945435,0.01818,0.00037,0.00305,0.00926,0.00439,0.00256,0.03781
1403715404.762748003005981,0.02373,0.00041,0.00745,0.00626,0.00255,0.00224,0.04265
1403715404.812747716903687,0.02690,0.00051,0.00194,0.00811,0.00037,0.00236,0.04019
1403715404.862746715545654,0.01778,0.00042,0.00021,0.01209,0.00118,0.00254,0.03423
1403715404.912747621536255,0.01964,0.00049,0.00015,0.01215,0.00000,0.00248,0.03491
1403715404.962748289108276,0.01939,0.00047,0.01143,0.00596,0.00276,0.00208,0.04208
1403715405.012749433517456,0.01699,0.00032,0.00577,0.00529,0.00061,0.00203,0.03100
1403715405.062751770019531,0.02145,0.00054,0.00040,0.01295,0.00000,0.00265,0.03799
1403715405.112753868103027,0.01852,0.00045,0.00035,0.00991,0.00048,0.00205,0.03176
1403715405.162755727767944,0.02830,0.00041,0.00031,0.01083,0.00000,0.00243,0.04228
1403715405.212756395339966,0.02030,0.00053,0.00902,0.00672,0.00002,0.00213,0.03872
1403715405.262758493423462,0.01862,0.00036,0.00149,0.00712,0.00123,0.00209,0.03091
1403715405.312761068344116,0.01997,0.00045,0.00863,0.00481,0.00035,0.00223,0.03644
1403715405.362761974334717,0.02361,0.00039,0.00250,0.00874,0.00026,0.00244,0.03795
1403715405.412761688232422,0.01925,0.00040,0.00036,0.00859,0.00037,0.00244,0.03142
1403715405.462763071060181,0.01824,0.00039,0.00138,0.00977,0.00026,0.00247,0.03249
1403715405.512764692306519,0.02597,0.00039,0.00071,0.00915,0.00000,0.00300,0.03922
1403715405.562767028808594,0.01857,0.00035,0.00159,0.00914,0.00675,0.00206,0.03847
1403715405.612768173217773,0.02071,0.00043,0.00128,0.00919,0.00561,0.00226,0.03949
1403715405.662769079208374,0.01767,0.00040,0.00045,0.00979,0.00098,0.00324,0.03252
1403715405.712772846221924,0.02453,0.00041,0.00723,0.00511,0.00378,0.00237,0.04342
1403715405.762773990631104,0.01920,0.00039,0.00027,0.00887,0.00001,0.00320,0.03195
1403715405.812776088714600,0.02057,0.00040,0.00026,0.00875,0.00256,0.00279,0.03533
1403715405.862778186798096,0.02522,0.00043,0.00060,0.00769,0.00038,0.00345,0.03777
1403715405.912783861160278,0.02670,0.00041,0.00663,0.00395,0.00770,0.00225,0.04765
1403715405.962790250778198,0.01273,0.00028,0.00147,0.00428,0.00091,0.00216,0.02185
1403715406.012793064117432,0.02290,0.00049,0.00341,0.00747,0.00068,0.00238,0.03732
1403715406.062794923782349,0.02026,0.00048,0.00061,0.00719,0.00331,0.00222,0.03407
1403715406.112795829772949,0.02675,0.00052,0.00026,0.00870,0.00001,0.00300,0.03923
1403715406.162796497344971,0.02203,0.00047,0.00038,0.00928,0.00189,0.00269,0.03673
1403715406.212798118591309,0.02031,0.00043,0.00058,0.00814,0.00048,0.00282,0.03275
1403715406.262801647186279,0.01302,0.00024,0.00159,0.00379,0.00837,0.00271,0.02971
1403715406.312804222106934,0.01009,0.00019,0.00281,0.00428,0.00177,0.00233,0.02147
1403715406.362804889678955,0.02359,0.00045,0.00048,0.01066,0.00000,0.00287,0.03805
1403715406.412806510925293,0.02754,0.00037,0.00026,0.00550,0.00019,0.00257,0.03643
1403715406.462811708450317,0.02108,0.00039,0.00680,0.00574,0.00450,0.00232,0.04082
1403715406.512813329696655,0.02067,0.00033,0.00409,0.00711,0.00183,0.00230,0.03633
1403715406.562814235687256,0.02152,0.00042,0.01401,0.00343,0.00225,0.00239,0.04403
1403715406.612813472747803,0.01672,0.00037,0.00037,0.00837,0.00001,0.00336,0.02920
1403715406.662812709808350,0.02588,0.00043,0.00057,0.00698,0.00176,0.00286,0.03848
1403715406.712812900543213,0.01043,0.00015,0.00057,0.00250,0.00000,0.00236,0.01601
1403715406.762814283370972,0.02300,0.00039,0.00076,0.00699,0.00026,0.00385,0.03526
1403715406.812815189361572,0.02160,0.00045,0.00141,0.00726,0.00003,0.00332,0.03407
1403715406.862815618515015,0.02623,0.00042,0.00011,0.00681,0.00260,0.00321,0.03938
1403715406.912815809249878,0.01925,0.00036,0.00004,0.00640,0.00363,0.00362,0.03331
1403715406.962816476821899,0.02311,0.00045,0.00032,0.00579,0.01113,0.00240,0.04319
1403715407.012817144393921,0.01745,0.00037,0.00051,0.00622,0.00041,0.00464,0.02960
1403715407.062821149826050,0.02093,0.00046,0.00314,0.00441,0.01356,0.00228,0.04478
1403715407.112823486328125,0.00692,0.00015,0.00025,0.00325,0.00188,0.00225,0.01471
1403715407.162824869155884,0.02419,0.00040,0.01107,0.00403,0.00331,0.00273,0.04573
1403715407.212823152542114,0.01842,0.00038,0.00143,0.00769,0.00003,0.00257,0.03052
1403715407.262822151184082,0.02325,0.00041,0.00503,0.00591,0.00387,0.00226,0.04073
1403715407.312820672988892,0.02348,0.00045,0.00039,0.00820,0.00000,0.00344,0.03596
1403715407.362821102142334,0.01984,0.00042,0.00187,0.00608,0.00043,0.00350,0.03214
1403715407.412822008132935,0.03252,0.00039,0.00063,0.00382,0.00006,0.00352,0.04094
1403715407.462822675704956,0.02303,0.00036,0.00147,0.00407,0.00126,0.00411,0.03431
1403715407.512825012207031,0.02527,0.00047,0.00143,0.00356,0.00381,0.00324,0.03777
1403715407.562828302383423,0.02977,0.00036,0.00067,0.00295,0.00022,0.00391,0.03787
1403715407.612830400466919,0.02773,0.00035,0.00083,0.00220,0.00098,0.00417,0.03626
1403715407.662832498550415,0.01121,0.00020,0.00119,0.00056,0.00025,0.00277,0.01617
1403715407.712836027145386,0.02461,0.00024,0.00270,0.00063,0.00011,0.00287,0.03115
1403715407.762837648391724,0.02658,0.00027,0.00233,0.00072,0.00099,0.00252,0.03341
1403715407.812838077545166,0.02737,0.00035,0.00181,0.00085,0.00111,0.00381,0.03529
1403715407.862837553024292,0.02792,0.00035,0.00101,0.00065,0.00488,0.00298,0.03779
1403715407.912837505340576,0.03224,0.00027,0.00201,0.00049,0.00004,0.00356,0.03861
1403715407.962837219238281,0.03300,0.00033,0.00067,0.00054,0.00030,0.00412,0.03897
1403715408.012837171554565,0.02799,0.00033,0.00112,0.00038,0.00002,0.00406,0.03389
1403715408.062837123870850,0.03442,0.00033,0.00061,0.00031,0.00040,0.00365,0.03972
1403715408.112837553024292,0.03353,0.00021,0.00118,0.00012,0.00014,0.00261,0.03780
1403715408.162837266921997,0.03441,0.00017,0.00055,0.00016,0.00003,0.00270,0.03802
1403715408.212836980819702,0.03323,0.00023,0.00070,0.00015,0.00006,0.00294,0.03732
1403715408.262837171554565,0.04290,0.00016,0.00064,0.00010,0.00363,0.00234,0.04978
1403715408.312838315963745,0.02795,0.00033,0.00053,0.00057,0.00728,0.00264,0.03931
1403715408.362839460372925,0.02655,0.00021,0.00061,0.00100,0.00245,0.00303,0.03386
1403715408.412840127944946,0.01191,0.00012,0.00055,0.00048,0.00176,0.00227,0.01709
1403715408.462841033935547,0.03250,0.00039,0.00181,0.00160,0.00000,0.00351,0.03982
1403715408.512841224670410,0.02458,0.00034,0.00284,0.00212,0.00276,0.00367,0.03632
1403715408.562842130661011,0.03226,0.00037,0.00390,0.00145,0.00348,0.00232,0.04378
1403715408.612841367721558,0.03045,0.00040,0.00135,0.00339,0.00218,0.00330,0.04106
1403715408.662840127944946,0.02109,0.00035,0.00126,0.00454,0.00523,0.00272,0.03519
1403715408.712839126586914,0.02281,0.00038,0.00141,0.00483,0.00378,0.00219,0.03539
1403715408.762838602066040,0.02409,0.00033,0.00129,0.00617,0.00352,0.00264,0.03804
1403715408.812839031219482,0.02313,0.00045,0.00126,0.00598,0.00506,0.00242,0.03830
1403715408.862840175628662,0.02983,0.00031,0.00150,0.00409,0.00166,0.00261,0.04000
1403715408.912838935852051,0.02291,0.00039,0.00076,0.00602,0.00484,0.00221,0.03713
1403715408.962837457656860,0.02332,0.00032,0.00211,0.00475,0.00028,0.00244,0.03322
1403715409.012836456298828,0.02264,0.00044,0.00137,0.00813,0.00402,0.00250,0.03910
1403715409.062835693359375,0.03259,0.00028,0.00086,0.00440,0.00300,0.00241,0.04355
1403715409.112834930419922,0.02683,0.00037,0.00145,0.00525,0.00006,0.00339,0.03735
1403715409.162834405899048,0.02136,0.00041,0.00054,0.00529,0.00289,0.00381,0.03430
1403715409.212833881378174,0.02412,0.00038,0.00178,0.00334,0.00436,0.00265,0.03663
1403715409.262835502624512,0.02395,0.00039,0.00117,0.00540,0.00217,0.00354,0.03661
1403715409.312834501266479,0.02378,0.00036,0.00064,0.00523,0.00475,0.00224,0.03700
1403715409.362834930419922,0.02006,0.00036,0.00142,0.00244,0.00007,0.00337,0.02772
1403715409.412832736968994,0.03015,0.00041,0.00308,0.00087,0.00141,0.00382,0.03974
1403715409.462832212448120,0.01926,0.00032,0.00116,0.00051,0.00187,0.00468,0.02780
1403715409.512829065322876,0.02418,0.00032,0.00127,0.00064,0.00686,0.00348,0.03675
1403715409.562829256057739,0.03291,0.00027,0.00011,0.00144,0.00013,0.00409,0.03895
1403715409.612831354141235,0.02027,0.00030,0.00049,0.00076,0.00370,0.00463,0.03014
1403715409.662831306457520,0.02084,0.00031,0.00057,0.00033,0.00235,0.00538,0.02978
1403715409.712831258773804,0.01786,0.00031,0.00054,0.00045,0.00143,0.00504,0.02564
1403715409.762831449508667,0.01817,0.00036,0.00090,0.00115,0.00063,0.00527,0.02648
1403715409.812831878662109,0.02044,0.00031,0.00019,0.00183,0.00302,0.00458,0.03037
1403715409.862831830978394,0.01153,0.00012,0.00006,0.00035,0.00186,0.00223,0.01615
1403715409.912831783294678,0.02149,0.00035,0.00049,0.00069,0.00256,0.00451,0.03008
1403715409.962831735610962,0.02740,0.00037,0.00076,0.00049,0.00381,0.00399,0.03682
1403715410.012830734252930,0.02162,0.00033,0.00123,0.00115,0.00420,0.00403,0.03256
1403715410.062829732894897,0.02227,0.00035,0.00131,0.00100,0.00837,0.00351,0.03682
1403715410.112828493118286,0.02108,0.00033,0.00103,0.00116,0.00800,0.00241,0.03401
1403715410.162826061248779,0.01973,0.00043,0.00120,0.00071,0.00578,0.00382,0.03167
1403715410.212825536727905,0.02284,0.00032,0.00034,0.00136,0.00289,0.00466,0.03241
1403715410.262825250625610,0.02518,0.00035,0.00049,0.00096,0.00225,0.00481,0.03405
1403715410.312825918197632,0.01804,0.00013,0.00066,0.00089,0.00055,0.00459,0.02486
1403715410.362825870513916,0.02361,0.00054,0.00072,0.00071,0.00195,0.00539,0.03291
1403715410.412826061248779,0.00878,0.00025,0.00026,0.00048,0.00266,0.00274,0.01517
1403715410.462826013565063,0.01177,0.00018,0.00027,0.00021,0.00122,0.00259,0.01624
1403715410.512826204299927,0.01748,0.00037,0.00012,0.00068,0.00818,0.00388,0.03073
1403715410.562826156616211,0.01021,0.00020,0.00018,0.00026,0.00136,0.00230,0.01450
1403715410.612826108932495,0.02151,0.00030,0.00014,0.00071,0.00109,0.00392,0.02767
1403715410.662826061248779,0.02482,0.00036,0.00036,0.00057,0.00355,0.00531,0.03498
1403715410.712825775146484,0.02255,0.00034,0.00054,0.00076,0.00475,0.00527,0.03421
1403715410.762825489044189,0.01906,0.00039,0.00016,0.00064,0.00154,0.00516,0.02696
1403715410.812825441360474,0.02222,0.00035,0.00031,0.00078,0.00576,0.00414,0.03355
1403715410.862825393676758,0.02116,0.00034,0.00039,0.00063,0.00135,0.00574,0.02961
1403715410.912825822830200,0.02705,0.00031,0.00021,0.00080,0.00070,0.00555,0.03462
1403715410.962826490402222,0.01985,0.00028,0.00093,0.00072,0.00133,0.00544,0.02854
1403715411.012827873229980,0.02327,0.00029,0.00011,0.00080,0.00315,0.00467,0.03228
1403715411.062827825546265,0.02101,0.00033,0.00014,0.00053,0.00242,0.00498,0.02940
1403715411.112828493118286,0.02243,0.00030,0.00019,0.00045,0.00768,0.00442,0.03547
1403715411.162829399108887,0.02257,0.00033,0.00074,0.00059,0.00663,0.00328,0.03415
1403715411.212828397750854,0.02122,0.00032,0.00013,0.00086,0.00133,0.00538,0.02924
1403715411.262829303741455,0.02503,0.00032,0.00065,0.00048,0.00610,0.00322,0.03579
1403715411.312827587127686,0.01950,0.00038,0.00020,0.00075,0.00768,0.00461,0.03313
1403715411.362827062606812,0.02121,0.00032,0.00018,0.00088,0.00100,0.00599,0.02957
1403715411.412825584411621,0.02580,0.00031,0.00038,0.00122,0.00495,0.00345,0.03610
1403715411.462824583053589,0.01914,0.00030,0.00011,0.00140,0.00080,0.00405,0.02580
1403715411.512825012207031,0.02538,0.00032,0.00020,0.00093,0.00067,0.00501,0.03251
1403715411.562825441360474,0.02693,0.00033,0.00003,0.00129,0.00121,0.00475,0.03454
1403715411.612825870513916,0.02145,0.00033,0.00018,0.00143,0.00272,0.00515,0.03125
1403715411.662823200225830,0.01747,0.00018,0.00003,0.00135,0.00558,0.00364,0.02825
1403715411.712817430496216,0.02024,0.00035,0.00004,0.00281,0.02170,0.00207,0.04721
1403715411.762816905975342,0.00883,0.00014,0.00002,0.00312,0.00889,0.00207,0.02307
1403715411.812817335128784,0.01849,0.00053,0.00004,0.00900,0.00156,0.00228,0.03189
1403715411.862817525863647,0.02406,0.00042,0.00005,0.01102,0.00152,0.00249,0.03957
1403715411.912818908691406,0.02078,0.00039,0.00023,0.00964,0.00183,0.00239,0.03526
1403715411.962819099426270,0.02429,0.00049,0.00005,0.01043,0.00000,0.00245,0.03771
1403715412.012820482254028,0.01865,0.00042,0.01088,0.00623,0.00226,0.00233,0.04077
1403715412.062820672988892,0.01721,0.00044,0.00004,0.01350,0.00023,0.00219,0.03362
1403715412.112821340560913,0.01866,0.00046,0.00014,0.01254,0.00010,0.00266,0.03456
1403715412.162821292877197,0.01805,0.00051,0.00005,0.01284,0.00006,0.00249,0.03399
1403715412.212821245193481,0.02397,0.00042,0.00146,0.00780,0.00026,0.00238,0.03628
1403715412.262821197509766,0.01987,0.00053,0.00007,0.01407,0.00005,0.00296,0.03755
1403715412.312821626663208,0.00683,0.00018,0.00008,0.00550,0.00038,0.00233,0.01530
1403715412.362820863723755,0.01000,0.00022,0.00027,0.00980,0.00035,0.00293,0.02356
1403715412.412819862365723,0.02403,0.00050,0.00005,0.01169,0.00027,0.00260,0.03914
1403715412.462820053100586,0.02003,0.00048,0.00004,0.01284,0.00386,0.00214,0.03940
1403715412.512817859649658,0.02015,0.00035,0.00740,0.00894,0.00159,0.00276,0.04120
1403715412.562819242477417,0.00781,0.00020,0.00002,0.00689,0.00000,0.00253,0.01745
1403715412.612819910049438,0.02094,0.00051,0.00940,0.00699,0.00000,0.00242,0.04026
1403715412.662819862365723,0.02404,0.00044,0.00029,0.01315,0.00000,0.00241,0.04034
1403715412.712818145751953,0.02430,0.00051,0.00031,0.01253,0.00000,0.00245,0.04009
1403715412.762820243835449,0.01933,0.00047,0.00021,0.01429,0.00000,0.00228,0.03658
1403715412.812820911407471,0.01883,0.00049,0.00248,0.01288,0.00000,0.00251,0.03720
1403715412.862820625305176,0.01856,0.00041,0.00016,0.01053,0.00000,0.00214,0.03180
1403715412.912820339202881,0.01888,0.00053,0.00173,0.01252,0.00000,0.00240,0.03607
1403715412.962819814682007,0.01945,0.00044,0.00103,0.01274,0.00000,0.00237,0.03605
1403715413.012819766998291,0.02087,0.00047,0.00074,0.01420,0.00000,0.00265,0.03894
1403715413.062820911407471,0.01904,0.00045,0.00014,0.01093,0.00000,0.00200,0.03255
1403715413.112820625305176,0.01797,0.00050,0.00720,0.00810,0.00004,0.00228,0.03609
1403715413.162820100784302,0.01694,0.00045,0.00005,0.01151,0.00000,0.00236,0.03132
1403715413.212819814682007,0.02424,0.00042,0.00742,0.00681,0.00000,0.00257,0.04146
1403715413.262819766998291,0.02736,0.00045,0.00033,0.01153,0.00000,0.00238,0.04205
1403715413.312819480895996,0.02838,0.00044,0.00077,0.01100,0.00000,0.00251,0.04310
1403715413.362819194793701,0.02776,0.00044,0.00132,0.01047,0.00000,0.00258,0.04257
1403715413.412818908691406,0.02743,0.00044,0.00406,0.00886,0.00036,0.00250,0.04365
1403715413.462818861007690,0.02087,0.00046,0.00196,0.01137,0.00099,0.00207,0.03772
1403715413.512819051742554,0.01695,0.00018,0.00460,0.00831,0.00022,0.00217,0.03243
1403715413.562818527221680,0.02354,0.00044,0.00584,0.00561,0.00019,0.00224,0.03787
1403715413.612819194793701,0.02567,0.00053,0.00083,0.01054,0.00022,0.00261,0.04041
1403715413.662818193435669,0.02900,0.00053,0.00035,0.00974,0.00037,0.00235,0.04233
1403715413.712818622589111,0.02146,0.00051,0.00507,0.00624,0.00200,0.00227,0.03755
1403715413.762818813323975,0.02381,0.00051,0.00928,0.00552,0.00302,0.00228,0.04442
1403715413.812817811965942,0.02252,0.00047,0.00854,0.00636,0.00004,0.00232,0.04025
1403715413.862817287445068,0.02131,0.00045,0.00067,0.01079,0.00292,0.00242,0.03856
1403715413.912817955017090,0.01901,0.00044,0.00186,0.00748,0.00282,0.00221,0.03381
1403715413.962819814682007,0.02694,0.00033,0.00037,0.00709,0.00115,0.00228,0.03816
1403715414.012819290161133,0.02247,0.00043,0.00194,0.00705,0.00055,0.00223,0.03468
1403715414.062818288803101,0.02496,0.00048,0.00045,0.00952,0.00165,0.00247,0.03952
1403715414.112817049026489,0.02393,0.00038,0.00055,0.00851,0.00123,0.00240,0.03700
1403715414.162816524505615,0.01978,0.00041,0.00160,0.01065,0.00107,0.00254,0.03604
1403715414.212815761566162,0.01916,0.00043,0.00864,0.00489,0.00066,0.00211,0.03590
1403715414.262815475463867,0.01299,0.00026,0.00011,0.00791,0.00000,0.00365,0.02492
1403715414.312815904617310,0.01819,0.00047,0.00022,0.01029,0.00229,0.00207,0.03352
1403715414.362816333770752,0.01916,0.00037,0.00004,0.01155,0.00433,0.00230,0.03776
1403715414.412815570831299,0.01396,0.00029,0.00011,0.01050,0.00349,0.00213,0.03049
1403715414.462814807891846,0.01775,0.00034,0.00004,0.00831,0.00124,0.00233,0.03001
1403715414.512814760208130,0.02114,0.00041,0.00989,0.00737,0.00025,0.00266,0.04172
1403715414.562816143035889,0.00857,0.00020,0.00002,0.00560,0.00000,0.00244,0.01682
1403715414.612817525863647,0.01924,0.00038,0.00013,0.01102,0.00003,0.00247,0.03326
1403715414.662817478179932,0.00654,0.00019,0.00005,0.00526,0.00005,0.00256,0.01465
1403715414.712817192077637,0.01835,0.00038,0.00012,0.01059,0.00000,0.00243,0.03186
1403715414.762815713882446,0.02195,0.00051,0.00032,0.01298,0.00027,0.00294,0.03898
1403715414.812813758850098,0.02772,0.00040,0.00767,0.00566,0.00034,0.00214,0.04393
1403715414.862812757492065,0.01098,0.00026,0.00023,0.01044,0.00000,0.00298,0.02489
1403715414.912812948226929,0.02167,0.00051,0.00041,0.01234,0.00031,0.00263,0.03788
1403715414.962811708450317,0.02223,0.00020,0.00047,0.00714,0.00000,0.00233,0.03236
1403715415.012811183929443,0.02101,0.00043,0.00005,0.01181,0.00031,0.00316,0.03676
1403715415.062813043594360,0.02464,0.00047,0.00047,0.00981,0.00000,0.00271,0.03811
1403715415.112814188003540,0.02558,0.00045,0.00534,0.00563,0.00043,0.00241,0.03983
1403715415.162814617156982,0.01953,0.00042,0.00043,0.00864,0.00035,0.00374,0.03311
1403715415.212814569473267,0.02287,0.00017,0.00030,0.00582,0.00091,0.00295,0.03303
1403715415.262814760208130,0.02311,0.00045,0.00060,0.00798,0.00129,0.00391,0.03734
1403715415.312814950942993,0.02131,0.00048,0.00056,0.00746,0.00001,0.00320,0.03302
1403715415.362816333770752,0.01998,0.00042,0.00880,0.00477,0.00396,0.00204,0.03997
1403715415.412816524505615,0.01877,0.00028,0.00301,0.00515,0.00142,0.00211,0.03074
1403715415.462815999984741,0.01989,0.00039,0.00032,0.00653,0.00001,0.00310,0.03025
1403715415.512814283370972,0.03118,0.00035,0.00029,0.00368,0.00170,0.00304,0.04023
1403715415.562812805175781,0.02371,0.00039,0.00039,0.00342,0.00021,0.00359,0.03172
1403715415.612812757492065,0.02138,0.00036,0.00075,0.00151,0.00204,0.00394,0.02998
1403715415.662812709808350,0.00904,0.00014,0.00032,0.00127,0.00013,0.00218,0.01308
1403715415.712814092636108,0.02140,0.00036,0.00141,0.00266,0.00375,0.00351,0.03310
1403715415.762813806533813,0.02166,0.00034,0.00012,0.00403,0.00280,0.00388,0.03282
1403715415.812809944152832,0.01868,0.00042,0.00019,0.00303,0.00009,0.00531,0.02772
1403715415.862808942794800,0.02110,0.00048,0.00023,0.00156,0.00042,0.00545,0.02924
1403715415.912808895111084,0.01264,0.00013,0.00008,0.00026,0.00027,0.00508,0.01846
1403715415.962809324264526,0.02055,0.00036,0.00036,0.00088,0.00510,0.00336,0.03061
1403715416.012808799743652,0.02264,0.00028,0.00024,0.00119,0.00468,0.00315,0.03218
1403715416.062807321548462,0.01953,0.00036,0.00045,0.00274,0.00412,0.00367,0.03088
1403715416.112807512283325,0.02609,0.00036,0.00003,0.00278,0.00000,0.00504,0.03430
1403715416.162806987762451,0.02060,0.00038,0.00009,0.00211,0.00041,0.00546,0.02906
1403715416.212807893753052,0.02156,0.00036,0.00014,0.00156,0.00061,0.00591,0.03014
1403715416.262807846069336,0.02040,0.00036,0.00017,0.00155,0.00076,0.00519,0.02842
1403715416.312808275222778,0.02234,0.00037,0.00021,0.00130,0.00310,0.00518,0.03250
1403715416.362808227539062,0.01979,0.00017,0.00012,0.00061,0.00049,0.00462,0.02580
1403715416.412808418273926,0.02080,0.00037,0.00018,0.00205,0.00111,0.00540,0.02991
1403715416.462808132171631,0.02538,0.00036,0.00010,0.00307,0.00043,0.00466,0.03399
1403715416.512807846069336,0.02031,0.00032,0.00009,0.00294,0.00037,0.00485,0.02889
1403715416.562807321548462,0.02045,0.00035,0.00004,0.00310,0.00439,0.00367,0.03201
1403715416.612808227539062,0.01777,0.00013,0.00006,0.00083,0.00133,0.00243,0.02254
1403715416.662807941436768,0.01943,0.00020,0.00016,0.00163,0.00201,0.00268,0.02611
1403715416.712807893753052,0.00712,0.00014,0.00005,0.00089,0.00027,0.00239,0.01086
1403715416.762808561325073,0.02146,0.00041,0.00009,0.00303,0.00037,0.00523,0.03059
1403715416.812808752059937,0.02482,0.00034,0.00003,0.00338,0.00008,0.00501,0.03366
1403715416.862809181213379,0.01995,0.00041,0.00013,0.00348,0.00056,0.00485,0.02937
1403715416.912809133529663,0.02161,0.00031,0.00004,0.00365,0.00254,0.00463,0.03279
1403715416.962809085845947,0.02091,0.00042,0.00004,0.00360,0.00092,0.00554,0.03142
1403715417.012809276580811,0.02192,0.00033,0.00011,0.00310,0.00040,0.00463,0.03048
1403715417.062809467315674,0.02201,0.00040,0.00004,0.00362,0.00027,0.00521,0.03153
1403715417.112809658050537,0.02548,0.00041,0.00010,0.00346,0.00031,0.00440,0.03416
1403715417.162809848785400,0.01807,0.00013,0.00002,0.00304,0.00383,0.00390,0.02899
1403715417.212810039520264,0.01861,0.00013,0.00002,0.00133,0.00162,0.00363,0.02535
1403715417.262809991836548,0.02556,0.00036,0.00027,0.00400,0.00356,0.00404,0.03779
1403715417.312810420989990,0.01721,0.00038,0.00003,0.00408,0.00001,0.00494,0.02664
1403715417.362810373306274,0.02586,0.00033,0.00003,0.00395,0.00008,0.00425,0.03450
1403715417.412810564041138,0.02461,0.00032,0.00003,0.00400,0.00010,0.00442,0.03349
1403715417.462810516357422,0.02339,0.00037,0.00003,0.00435,0.00010,0.00518,0.03342
1403715417.512810945510864,0.02652,0.00033,0.00004,0.00365,0.00277,0.00325,0.03656
1403715417.562811136245728,0.01805,0.00036,0.00004,0.00416,0.00076,0.00357,0.02693
1403715417.612811088562012,0.01917,0.00035,0.00004,0.00477,0.00016,0.00420,0.02869
1403715417.662811040878296,0.02684,0.00038,0.00004,0.00461,0.00024,0.00453,0.03665
1403715417.712811470031738,0.02230,0.00036,0.00003,0.00447,0.00009,0.00437,0.03163
1403715417.762811899185181,0.02129,0.00036,0.00004,0.00488,0.00533,0.00358,0.03549
1403715417.812812089920044,0.02707,0.00032,0.00004,0.00443,0.00385,0.00371,0.03942
1403715417.862812280654907,0.02742,0.00031,0.00048,0.00428,0.00374,0.00270,0.03892
1403715417.912812471389771,0.02111,0.00036,0.00010,0.00564,0.00027,0.00388,0.03135
1403715417.962812423706055,0.02192,0.00041,0.00004,0.00666,0.00008,0.00401,0.03312
1403715418.012812376022339,0.02119,0.00038,0.00004,0.00643,0.00008,0.00437,0.03250
1403715418.062812566757202,0.02025,0.00040,0.00004,0.00606,0.00007,0.00372,0.03054
1403715418.112812757492065,0.02048,0.00035,0.00004,0.00622,0.00370,0.00282,0.03361
1403715418.162812709808350,0.02081,0.00033,0.00004,0.00705,0.00058,0.00365,0.03247
1403715418.212812662124634,0.02010,0.00036,0.00005,0.00710,0.00012,0.00374,0.03147
1403715418.262812614440918,0.01910,0.00037,0.00004,0.00711,0.00016,0.00381,0.03060
1403715418.312812805175781,0.02118,0.00039,0.00004,0.00783,0.00009,0.00416,0.03370
1403715418.362812995910645,0.02684,0.00036,0.00012,0.00704,0.00561,0.00257,0.04254
1403715418.412812948226929,0.02176,0.00039,0.00004,0.00853,0.00202,0.00359,0.03633
1403715418.462812900543213,0.02422,0.00034,0.00085,0.00846,0.00153,0.00341,0.03882
1403715418.512812852859497,0.02193,0.00037,0.00018,0.00687,0.00000,0.00357,0.03293
1403715418.562813282012939,0.00844,0.00016,0.00007,0.00388,0.00005,0.00378,0.01639
1403715418.612813234329224,0.02126,0.00029,0.00008,0.00478,0.00004,0.00218,0.02863
1403715418.662813186645508,0.02256,0.00039,0.00004,0.00850,0.00007,0.00415,0.03571
1403715418.712813138961792,0.00787,0.00017,0.00002,0.00292,0.00026,0.00239,0.01363
1403715418.762813091278076,0.02243,0.00043,0.00004,0.00712,0.00037,0.00354,0.03393
