# timestamp (sec),tracking,propagation,msckf update,slam update,slam delayed,re-tri & marg,total
1413393890.009048223495483,0.01041,0.00032,0.00116,0.00000,0.00000,0.00289,0.01480
1413393890.052407264709473,0.00891,0.00026,0.00509,0.00000,0.00442,0.00142,0.02010
1413393890.102111577987671,0.00837,0.00027,0.00012,0.00187,0.00000,0.00244,0.01308
1413393890.152195930480957,0.00696,0.00031,0.00010,0.00233,0.00000,0.00361,0.01331
1413393890.203304767608643,0.00823,0.00030,0.00063,0.00172,0.00000,0.00297,0.01386
1413393890.254790306091309,0.00755,0.00027,0.00132,0.00139,0.00002,0.00384,0.01439
1413393890.306953430175781,0.00922,0.00032,0.00100,0.00135,0.00047,0.00356,0.01592
1413393890.357784032821655,0.00347,0.00014,0.00007,0.00058,0.00009,0.00144,0.00580
1413393890.407975912094116,0.00968,0.00042,0.00138,0.00178,0.00157,0.00257,0.01739
1413393890.457556962966919,0.00735,0.00029,0.00098,0.00223,0.00112,0.00336,0.01532
1413393890.506968259811401,0.00777,0.00038,0.00102,0.00243,0.00000,0.00338,0.01499
1413393890.557705879211426,0.00720,0.00032,0.00319,0.00208,0.01013,0.00143,0.02434
1413393890.608242511749268,0.00727,0.00033,0.00028,0.00408,0.00975,0.00176,0.02348
1413393890.659305810928345,0.00724,0.00032,0.00376,0.00557,0.01697,0.00150,0.03536
1413393890.709314823150635,0.00286,0.00021,0.00015,0.00435,0.00337,0.00132,0.01226
1413393890.759389400482178,0.00707,0.00051,0.01051,0.00488,0.00000,0.00147,0.02444
1413393890.809322118759155,0.00751,0.00048,0.00345,0.01028,0.00001,0.00166,0.02340
1413393890.859260797500610,0.00734,0.00040,0.00598,0.00620,0.00062,0.00154,0.02207
1413393890.909467458724976,0.00730,0.00041,0.00382,0.01005,0.00000,0.00170,0.02329
1413393890.959502458572388,0.00670,0.00047,0.00746,0.00551,0.00000,0.00146,0.02161
1413393891.009677886962891,0.00639,0.00042,0.00321,0.00769,0.00000,0.00147,0.01917
1413393891.059825897216797,0.00782,0.00048,0.00826,0.00496,0.00001,0.00149,0.02302
1413393891.109883308410645,0.00960,0.00041,0.00015,0.01009,0.00121,0.00175,0.02321
1413393891.159863948822021,0.00730,0.00041,0.01027,0.00603,0.00017,0.00174,0.02593
1413393891.210024356842041,0.00714,0.00048,0.00754,0.00447,0.00000,0.00153,0.02116
1413393891.260135889053345,0.00715,0.00037,0.00353,0.00617,0.00019,0.00152,0.01892
1413393891.310100793838501,0.00694,0.00042,0.00035,0.01089,0.00028,0.00203,0.02091
1413393891.360043048858643,0.00940,0.00042,0.01024,0.00372,0.00120,0.00138,0.02636
1413393891.409947395324707,0.00792,0.00038,0.00106,0.00530,0.00076,0.00153,0.01694
1413393891.459775209426880,0.01095,0.00044,0.00146,0.00513,0.00451,0.00136,0.02386
1413393891.509501934051514,0.00808,0.00039,0.00150,0.00272,0.00055,0.00228,0.01553
1413393891.558913946151733,0.00944,0.00044,0.00104,0.00251,0.00653,0.00183,0.02178
1413393891.608583211898804,0.00704,0.00044,0.00130,0.00318,0.00280,0.00208,0.01684
1413393891.658169507980347,0.00741,0.00031,0.00046,0.00344,0.00665,0.00199,0.02025
1413393891.707994222640991,0.00877,0.00038,0.00044,0.00471,0.00005,0.00317,0.01752
1413393891.757865667343140,0.00678,0.00035,0.00029,0.00471,0.00093,0.00361,0.01667
1413393891.807672023773193,0.00637,0.00042,0.00025,0.00442,0.00486,0.00212,0.01845
1413393891.857480525970459,0.00850,0.00036,0.00017,0.00468,0.00339,0.00220,0.01930
1413393891.907328605651855,0.00687,0.00042,0.00142,0.00461,0.00002,0.00356,0.01691
1413393891.957020282745361,0.01055,0.00034,0.00382,0.00219,0.00434,0.00179,0.02302
1413393892.006790399551392,0.01390,0.00021,0.00605,0.00101,0.00156,0.00135,0.02408
1413393892.056755781173706,0.00787,0.00032,0.00098,0.00422,0.00599,0.00222,0.02160
1413393892.106782913208008,0.00576,0.00023,0.00013,0.00300,0.01009,0.00151,0.02073
1413393892.156727075576782,0.00993,0.00035,0.00108,0.00483,0.00462,0.00156,0.02237
1413393892.206602096557617,0.01121,0.00042,0.00099,0.00506,0.00719,0.00151,0.02639
1413393892.256535768508911,0.00934,0.00033,0.00103,0.00634,0.00222,0.00171,0.02097
1413393892.306520223617554,0.00913,0.00032,0.00246,0.00657,0.00238,0.00172,0.02257
1413393892.356517791748047,0.00843,0.00034,0.00329,0.00479,0.00246,0.00145,0.02076
1413393892.406484365463257,0.00502,0.00028,0.00180,0.00488,0.00574,0.00193,0.01965
1413393892.456463336944580,0.00281,0.00016,0.00030,0.00333,0.00108,0.00146,0.00913
1413393892.506452560424805,0.00704,0.00044,0.00057,0.00477,0.00000,0.00174,0.01456
1413393892.556453704833984,0.00784,0.00039,0.00185,0.00684,0.00677,0.00151,0.02521
1413393892.606427431106567,0.00904,0.00035,0.00223,0.00725,0.00372,0.00142,0.02401
1413393892.656404018402100,0.00926,0.00040,0.00254,0.00867,0.00698,0.00149,0.02933
1413393892.706424951553345,0.00778,0.00037,0.00867,0.00590,0.00117,0.00148,0.02538
1413393892.756432294845581,0.00711,0.00036,0.00087,0.00738,0.00411,0.00149,0.02133
1413393892.806430816650391,0.00724,0.00047,0.00102,0.00847,0.00002,0.00141,0.01864
1413393892.856386661529541,0.00674,0.00039,0.00109,0.00873,0.00464,0.00149,0.02308
1413393892.906349658966064,0.00664,0.00041,0.00557,0.00523,0.00016,0.00146,0.01948
1413393892.956334829330444,0.00901,0.00036,0.00537,0.00441,0.00067,0.00157,0.02139
1413393893.006313562393188,0.00760,0.00042,0.00059,0.00568,0.00028,0.00217,0.01675
1413393893.056306600570679,0.01094,0.00032,0.00067,0.00529,0.00371,0.00151,0.02245
1413393893.106273889541626,0.00734,0.00038,0.00148,0.00760,0.00005,0.00270,0.01955
1413393893.156225442886353,0.00947,0.00035,0.00044,0.00671,0.00088,0.00266,0.02050
1413393893.206180095672607,0.00744,0.00036,0.00010,0.00663,0.00002,0.00273,0.01727
1413393893.256098747253418,0.00951,0.00041,0.00251,0.00468,0.00606,0.00152,0.02468
1413393893.306061267852783,0.00727,0.00033,0.00078,0.00519,0.00272,0.00175,0.01805
1413393893.355953931808472,0.00669,0.00037,0.00180,0.00767,0.00220,0.00230,0.02103
1413393893.405886888504028,0.00687,0.00040,0.00034,0.00724,0.00268,0.00193,0.01946
1413393893.455848217010498,0.00678,0.00049,0.00074,0.00809,0.00127,0.00255,0.01992
1413393893.505629777908325,0.00872,0.00040,0.01180,0.00271,0.01200,0.00147,0.03710
1413393893.555599927902222,0.00259,0.00017,0.00297,0.00405,0.00017,0.00135,0.01131
1413393893.605580091476440,0.00808,0.00043,0.00063,0.00736,0.00130,0.00144,0.01923
1413393893.655523777008057,0.00806,0.00044,0.00839,0.00380,0.00166,0.00148,0.02382
1413393893.705511569976807,0.00858,0.00032,0.00070,0.00576,0.00148,0.00147,0.01831
1413393893.755512475967407,0.00721,0.00047,0.00151,0.00946,0.00004,0.00217,0.02086
1413393893.805479049682617,0.00793,0.00044,0.00090,0.00848,0.00102,0.00236,0.02112
1413393893.855420827865601,0.00661,0.00039,0.01199,0.00355,0.00669,0.00151,0.03075
1413393893.905419826507568,0.00607,0.00026,0.00170,0.00401,0.00106,0.00141,0.01450
1413393893.955428838729858,0.00776,0.00040,0.00513,0.00455,0.00002,0.00150,0.01938
1413393894.005460977554321,0.01028,0.00038,0.00439,0.00405,0.00001,0.00192,0.02105
1413393894.055512666702271,0.00799,0.00039,0.00292,0.00609,0.00026,0.00265,0.02031
1413393894.105566024780273,0.00766,0.00045,0.00221,0.00499,0.00158,0.00197,0.01886
1413393894.155619621276855,0.00777,0.00040,0.00103,0.00716,0.00363,0.00282,0.02283
1413393894.205686569213867,0.00872,0.00046,0.00223,0.00485,0.00004,0.00307,0.01937
1413393894.255768299102783,0.00778,0.00033,0.00163,0.00472,0.00901,0.00146,0.02493
1413393894.305815696716309,0.01017,0.00042,0.00250,0.00503,0.00226,0.00183,0.02221
1413393894.355852127075195,0.00870,0.00035,0.00172,0.00538,0.00398,0.00185,0.02197
1413393894.405868530273438,0.01024,0.00038,0.00113,0.00544,0.00024,0.00242,0.01985
1413393894.455906391143799,0.00677,0.00035,0.00024,0.00668,0.01044,0.00164,0.02613
1413393894.505926609039307,0.00310,0.00015,0.00082,0.00298,0.00157,0.00142,0.01005
1413393894.555946826934814,0.00818,0.00044,0.00096,0.00721,0.00290,0.00155,0.02125
1413393894.605947256088257,0.00942,0.00033,0.00159,0.00562,0.00356,0.00146,0.02198
1413393894.655938625335693,0.00934,0.00047,0.00150,0.00947,0.00111,0.00166,0.02355
1413393894.705932855606079,0.00741,0.00044,0.00362,0.00964,0.00345,0.00150,0.02606
1413393894.755937814712524,0.00696,0.00037,0.00800,0.00635,0.00430,0.00147,0.02746
1413393894.805933713912964,0.00692,0.00034,0.00516,0.00519,0.00056,0.00162,0.01978
1413393894.855938434600830,0.01100,0.00036,0.00571,0.00488,0.00019,0.00148,0.02362
1413393894.905939817428589,0.00718,0.00036,0.00329,0.00705,0.00111,0.00148,0.02048
1413393894.955951213836670,0.00635,0.00043,0.00069,0.00954,0.00085,0.00157,0.01943
1413393895.005969762802124,0.00691,0.00044,0.00401,0.01080,0.00036,0.00149,0.02400
1413393895.055997848510742,0.00706,0.00040,0.00109,0.00913,0.00261,0.00138,0.02168
1413393895.105994701385498,0.00670,0.00043,0.00030,0.01248,0.00159,0.00160,0.02311
1413393895.155963182449341,0.00717,0.00045,0.00707,0.00584,0.00123,0.00137,0.02313
1413393895.205957889556885,0.00722,0.00043,0.00103,0.00808,0.00000,0.00152,0.01827
1413393895.255959749221802,0.00662,0.00048,0.00056,0.01148,0.00484,0.00145,0.02543
1413393895.305956840515137,0.00711,0.00047,0.00342,0.00832,0.00144,0.00146,0.02222
1413393895.355958223342896,0.00714,0.00042,0.00273,0.00767,0.00371,0.00148,0.02315
1413393895.405960798263550,0.00706,0.00041,0.00119,0.00778,0.00199,0.00137,0.01980
1413393895.455956935882568,0.00751,0.00041,0.00117,0.01101,0.00650,0.00149,0.02809
1413393895.505950450897217,0.00652,0.00032,0.00060,0.00720,0.00032,0.00152,0.01648
1413393895.555958509445190,0.00642,0.00045,0.00194,0.00927,0.00185,0.00179,0.02171
1413393895.605974674224854,0.00801,0.00044,0.00197,0.00783,0.00421,0.00131,0.02376
1413393895.655990123748779,0.00730,0.00043,0.00192,0.00877,0.00125,0.00188,0.02154
1413393895.705989122390747,0.00820,0.00042,0.00290,0.00634,0.00202,0.00152,0.02139
1413393895.755993127822876,0.00911,0.00034,0.00144,0.00509,0.00202,0.00149,0.01948
1413393895.806001663208008,0.00717,0.00037,0.00111,0.00598,0.00559,0.00138,0.02160
1413393895.856014966964722,0.00815,0.00036,0.00617,0.00516,0.00135,0.00167,0.02286
1413393895.906016826629639,0.01181,0.00028,0.00110,0.00295,0.00176,0.00141,0.01932
1413393895.956017017364502,0.00820,0.00046,0.00083,0.00684,0.00050,0.00221,0.01904
1413393896.006025552749634,0.00819,0.00046,0.00117,0.00508,0.00387,0.00162,0.02038
1413393896.056026220321655,0.01039,0.00031,0.00174,0.00377,0.00027,0.00164,0.01812
1413393896.106042146682739,0.00854,0.00038,0.00069,0.00397,0.00143,0.00147,0.01648
1413393896.156045913696289,0.01045,0.00025,0.00507,0.00244,0.00000,0.00139,0.01960
1413393896.206057071685791,0.00617,0.00035,0.00073,0.00655,0.00052,0.00285,0.01716
1413393896.256082773208618,0.00721,0.00034,0.00053,0.00425,0.00010,0.00350,0.01594
1413393896.306102037429810,0.01130,0.00039,0.00070,0.00291,0.00022,0.00238,0.01790
1413393896.356119155883789,0.00696,0.00033,0.00120,0.00305,0.00251,0.00256,0.01662
1413393896.406137704849243,0.00925,0.00033,0.00044,0.00359,0.00000,0.00282,0.01644
1413393896.456181526184082,0.00797,0.00039,0.00169,0.00341,0.00495,0.00208,0.02049
1413393896.506194353103638,0.00887,0.00035,0.00142,0.00244,0.00334,0.00186,0.01828
1413393896.556202173233032,0.00291,0.00019,0.00129,0.00132,0.00000,0.00161,0.00732
1413393896.606228828430176,0.00427,0.00017,0.00129,0.00068,0.00595,0.00146,0.01383
1413393896.656219244003296,0.00402,0.00020,0.00078,0.00216,0.00054,0.00160,0.00931
1413393896.706200361251831,0.00947,0.00036,0.00035,0.00492,0.00000,0.00250,0.01761
1413393896.756199598312378,0.00986,0.00032,0.00084,0.00352,0.00184,0.00217,0.01855
1413393896.806193351745605,0.00722,0.00034,0.00127,0.00400,0.00225,0.00290,0.01798
1413393896.856200933456421,0.00990,0.00034,0.00037,0.00457,0.01024,0.00148,0.02689
1413393896.906198263168335,0.00982,0.00025,0.00023,0.00416,0.00270,0.00135,0.01850
1413393896.956192731857300,0.00806,0.00037,0.00094,0.00727,0.00033,0.00236,0.01933
1413393897.006166696548462,0.00723,0.00037,0.00141,0.00765,0.00035,0.00255,0.01956
1413393897.056128501892090,0.00794,0.00035,0.00355,0.00494,0.00181,0.00175,0.02034
1413393897.106112480163574,0.01077,0.00044,0.00161,0.00451,0.00201,0.00183,0.02117
1413393897.156107425689697,0.00825,0.00037,0.00220,0.00604,0.00322,0.00191,0.02199
1413393897.206127166748047,0.00337,0.00013,0.00052,0.00171,0.00603,0.00178,0.01354
1413393897.256153821945190,0.00921,0.00043,0.00025,0.00591,0.00006,0.00225,0.01812
1413393897.306162595748901,0.00785,0.00037,0.00159,0.00503,0.00509,0.00151,0.02144
1413393897.356180429458618,0.00718,0.00042,0.00360,0.00675,0.00729,0.00138,0.02662
1413393897.406185865402222,0.00989,0.00027,0.00212,0.00392,0.00001,0.00143,0.01764
1413393897.456200361251831,0.00658,0.00047,0.00448,0.00624,0.00020,0.00179,0.01976
1413393897.506198167800903,0.00900,0.00039,0.00081,0.00717,0.00140,0.00165,0.02042
1413393897.556209564208984,0.00771,0.00034,0.00003,0.00713,0.00000,0.00185,0.01707
1413393897.606233835220337,0.00743,0.00036,0.00010,0.00719,0.00086,0.00186,0.01780
1413393897.656258106231689,0.00690,0.00038,0.00077,0.00810,0.00363,0.00158,0.02135
1413393897.706254720687866,0.00639,0.00038,0.00026,0.00867,0.00313,0.00147,0.02030
1413393897.756246328353882,0.00822,0.00036,0.00044,0.00291,0.00896,0.00162,0.02252
1413393897.806244850158691,0.01031,0.00039,0.00454,0.00642,0.00275,0.00157,0.02598
1413393897.856229782104492,0.00740,0.00041,0.00070,0.00670,0.00298,0.00151,0.01969
1413393897.906214714050293,0.00949,0.00038,0.00169,0.00683,0.00282,0.00146,0.02266
1413393897.956218004226685,0.00670,0.00045,0.01198,0.00575,0.00120,0.00160,0.02766
1413393898.006239414215088,0.00634,0.00030,0.00050,0.00691,0.00000,0.00146,0.01552
1413393898.056256771087646,0.00753,0.00041,0.00928,0.00535,0.00335,0.00150,0.02744
1413393898.106282949447632,0.00546,0.00025,0.00139,0.00454,0.00144,0.00134,0.01442
1413393898.156286001205444,0.00837,0.00056,0.00108,0.00716,0.00143,0.00161,0.02021
1413393898.206263780593872,0.00830,0.00039,0.00329,0.00682,0.00001,0.00212,0.02092
1413393898.256241083145142,0.01024,0.00036,0.00199,0.00448,0.00063,0.00175,0.01944
1413393898.306222200393677,0.01095,0.00043,0.00235,0.00521,0.00175,0.00187,0.02255
1413393898.356204032897949,0.00943,0.00031,0.00330,0.00353,0.00383,0.00134,0.02175
1413393898.406179904937744,0.00912,0.00033,0.00141,0.00403,0.00019,0.00196,0.01704
1413393898.456166744232178,0.00921,0.00031,0.00580,0.00218,0.00000,0.00179,0.01930
1413393898.506197452545166,0.00868,0.00042,0.00098,0.00295,0.00080,0.00256,0.01640
1413393898.556271553039551,0.00981,0.00049,0.00033,0.00207,0.00578,0.00182,0.02030
1413393898.606347560882568,0.00927,0.00020,0.00143,0.00066,0.00035,0.00134,0.01323
1413393898.656381845474243,0.00481,0.00013,0.00044,0.00041,0.00036,0.00137,0.00751
1413393898.706449747085571,0.01044,0.00031,0.00328,0.00095,0.00034,0.00176,0.01708
1413393898.756454229354858,0.00972,0.00032,0.00199,0.00146,0.00127,0.00282,0.01758
1413393898.806452512741089,0.00964,0.00032,0.00098,0.00160,0.00046,0.00288,0.01589
1413393898.856443405151367,0.01062,0.00030,0.00107,0.00181,0.00024,0.00287,0.01692
1413393898.906428337097168,0.00988,0.00033,0.00127,0.00161,0.00000,0.00346,0.01655
1413393898.956411123275757,0.00971,0.00039,0.00154,0.00152,0.00055,0.00301,0.01672
1413393899.006411552429199,0.00514,0.00026,0.00114,0.00100,0.00336,0.00321,0.01411
1413393899.056381464004517,0.00940,0.00036,0.00102,0.00165,0.00055,0.00339,0.01637
1413393899.106308937072754,0.00924,0.00033,0.00218,0.00102,0.00254,0.00242,0.01772
1413393899.156296730041504,0.01199,0.00033,0.00120,0.00070,0.00260,0.00247,0.01928
1413393899.206260919570923,0.00913,0.00035,0.00332,0.00049,0.00256,0.00259,0.01845
1413393899.256197690963745,0.01510,0.00025,0.00268,0.00034,0.00498,0.00138,0.02475
1413393899.306177854537964,0.01401,0.00026,0.00554,0.00065,0.00086,0.00145,0.02277
1413393899.356171846389771,0.01297,0.00022,0.00052,0.00111,0.00005,0.00199,0.01687
1413393899.406157732009888,0.01685,0.00026,0.00074,0.00053,0.00063,0.00207,0.02108
1413393899.456150293350220,0.01391,0.00037,0.00075,0.00080,0.00002,0.00259,0.01844
1413393899.506152868270874,0.00945,0.00033,0.00234,0.00042,0.00000,0.00272,0.01526
1413393899.556146383285522,0.00891,0.00034,0.00169,0.00033,0.00101,0.00377,0.01606
1413393899.606105804443359,0.01124,0.00027,0.00137,0.00026,0.00208,0.00262,0.01783
1413393899.656101465225220,0.01168,0.00031,0.00076,0.00036,0.00000,0.00363,0.01674
1413393899.706115007400513,0.00963,0.00028,0.00038,0.00025,0.00351,0.00293,0.01699
1413393899.756122112274170,0.00889,0.00033,0.00044,0.00024,0.00066,0.00398,0.01455
1413393899.806194543838501,0.01216,0.00033,0.00283,0.00010,0.00508,0.00184,0.02234
1413393899.856230974197388,0.01708,0.00018,0.00356,0.00009,0.00146,0.00133,0.02370
1413393899.906203031539917,0.01759,0.00023,0.00007,0.00020,0.00291,0.00157,0.02258
1413393899.956204414367676,0.01596,0.00015,0.00079,0.00011,0.00051,0.00157,0.01909
1413393900.006208658218384,0.01867,0.00014,0.00077,0.00006,0.00016,0.00147,0.02127
1413393900.056208610534668,0.01209,0.00033,0.00069,0.00007,0.00002,0.00346,0.01666
1413393900.106208801269531,0.01404,0.00027,0.00099,0.00000,0.00002,0.00252,0.01784
1413393900.156204223632812,0.00934,0.00029,0.00106,0.00000,0.00000,0.00366,0.01436
1413393900.206211328506470,0.00892,0.00037,0.00110,0.00000,0.00270,0.00320,0.01628
1413393900.256204366683960,0.00898,0.00035,0.00207,0.00015,0.00000,0.00381,0.01537
1413393900.306266784667969,0.01167,0.00033,0.00142,0.00005,0.00410,0.00256,0.02014
1413393900.356281518936157,0.01289,0.00031,0.00206,0.00035,0.00141,0.00256,0.01959
1413393900.406253337860107,0.01057,0.00027,0.00410,0.00041,0.00202,0.00227,0.01963
1413393900.456243753433228,0.01308,0.00041,0.00400,0.00041,0.00166,0.00199,0.02154
1413393900.506213903427124,0.00919,0.00034,0.00389,0.00089,0.00795,0.00145,0.02371
1413393900.556206941604614,0.01136,0.00025,0.00407,0.00079,0.00504,0.00130,0.02280
1413393900.606184244155884,0.01029,0.00037,0.00267,0.00213,0.00403,0.00170,0.02119
1413393900.656188249588013,0.01060,0.00072,0.00518,0.00171,0.00083,0.00183,0.02087
1413393900.706185102462769,0.00331,0.00013,0.00051,0.00073,0.00267,0.00139,0.00874
1413393900.756197214126587,0.00826,0.00041,0.00069,0.00248,0.00596,0.00175,0.01956
1413393900.806186199188232,0.01104,0.00040,0.00053,0.00319,0.00049,0.00268,0.01833
1413393900.856155633926392,0.00911,0.00035,0.00032,0.00317,0.00000,0.00355,0.01651
1413393900.906122446060181,0.00881,0.00034,0.00083,0.00289,0.00009,0.00340,0.01637
1413393900.956120252609253,0.00813,0.00048,0.00173,0.00232,0.00489,0.00157,0.01912
1413393901.006123542785645,0.00826,0.00037,0.00248,0.00244,0.00379,0.00179,0.01913
1413393901.056127071380615,0.01352,0.00042,0.00587,0.00133,0.00397,0.00151,0.02663
1413393901.106124162673950,0.01054,0.00040,0.00367,0.00286,0.00005,0.00190,0.01943
1413393901.156117677688599,0.01055,0.00034,0.00130,0.00298,0.00169,0.00170,0.01855
1413393901.206108808517456,0.00978,0.00039,0.00274,0.00276,0.00000,0.00203,0.01769
1413393901.256091833114624,0.00913,0.00033,0.00087,0.00358,0.00000,0.00257,0.01649
1413393901.306064844131470,0.00836,0.00043,0.00331,0.00333,0.00293,0.00222,0.02058
1413393901.356037855148315,0.00859,0.00041,0.00481,0.00307,0.00000,0.00247,0.01935
1413393901.406017541885376,0.00969,0.00044,0.00238,0.00305,0.00154,0.00223,0.01933
1413393901.456009387969971,0.00705,0.00031,0.00107,0.00362,0.00376,0.00248,0.01830
1413393901.506000757217407,0.00797,0.00033,0.00283,0.00375,0.00000,0.00303,0.01792
1413393901.556009292602539,0.00351,0.00016,0.00054,0.00138,0.00048,0.00165,0.00772
1413393901.606002330780029,0.00933,0.00031,0.00175,0.00341,0.00382,0.00232,0.02094
1413393901.655998945236206,0.00713,0.00040,0.00181,0.00408,0.00566,0.00236,0.02144
1413393901.705979585647583,0.00710,0.00035,0.00281,0.00470,0.00853,0.00157,0.02504
1413393901.755974769592285,0.00981,0.00035,0.00394,0.00451,0.00829,0.00162,0.02852
1413393901.805968761444092,0.00264,0.00014,0.00297,0.00242,0.00392,0.00148,0.01356
1413393901.855972051620483,0.00828,0.00032,0.00817,0.00465,0.00017,0.00156,0.02314
1413393901.905979394912720,0.00826,0.00042,0.00206,0.00534,0.00112,0.00170,0.01889
1413393901.955984354019165,0.00685,0.00037,0.00159,0.00621,0.00183,0.00198,0.01883
1413393902.005991458892822,0.00706,0.00036,0.00101,0.00664,0.00301,0.00174,0.01982
1413393902.056004524230957,0.00663,0.00040,0.00097,0.00806,0.00507,0.00154,0.02266
1413393902.106007575988770,0.00797,0.00035,0.00064,0.00688,0.00023,0.00161,0.01769
1413393902.156014919281006,0.00730,0.00052,0.00084,0.01006,0.00286,0.00176,0.02334
1413393902.206015110015869,0.00868,0.00028,0.00187,0.00548,0.00110,0.00142,0.01883
1413393902.256015539169312,0.00686,0.00037,0.00304,0.00726,0.00000,0.00177,0.01931
1413393902.306025028228760,0.00674,0.00036,0.01083,0.00361,0.00330,0.00154,0.02638
1413393902.356023788452148,0.00625,0.00033,0.00281,0.00525,0.00060,0.00150,0.01675
1413393902.406025409698486,0.00781,0.00041,0.00488,0.00627,0.00106,0.00161,0.02203
1413393902.456029653549194,0.00729,0.00039,0.00914,0.00460,0.00654,0.00136,0.02933
1413393902.506028413772583,0.00460,0.00026,0.00103,0.00548,0.00000,0.00152,0.01289
1413393902.556024074554443,0.00951,0.00045,0.00037,0.00978,0.00000,0.00215,0.02227
1413393902.606024026870728,0.00749,0.00037,0.00166,0.01030,0.00000,0.00204,0.02187
1413393902.656023979187012,0.00646,0.00045,0.00082,0.00828,0.00230,0.00152,0.01983
1413393902.706025362014771,0.00774,0.00041,0.00207,0.00682,0.00000,0.00181,0.01886
1413393902.756024599075317,0.00402,0.00022,0.00325,0.00325,0.00486,0.00178,0.01737
1413393902.806025743484497,0.00323,0.00019,0.00109,0.00302,0.00069,0.00148,0.00971
1413393902.856027841567993,0.00765,0.00050,0.00393,0.00467,0.00000,0.00184,0.01860
1413393902.906027317047119,0.00689,0.00030,0.00216,0.00486,0.00389,0.00164,0.01974
1413393902.956028461456299,0.00996,0.00048,0.00684,0.00378,0.00362,0.00140,0.02607
1413393903.006027698516846,0.00860,0.00031,0.00210,0.00380,0.00145,0.00146,0.01773
1413393903.056022882461548,0.01159,0.00029,0.00143,0.00447,0.00030,0.00147,0.01954
1413393903.106019020080566,0.00840,0.00040,0.00059,0.00785,0.00000,0.00239,0.01964
1413393903.156025171279907,0.00834,0.00036,0.00116,0.00614,0.00341,0.00142,0.02084
1413393903.206026792526245,0.00928,0.00041,0.00090,0.00605,0.00000,0.00180,0.01843
1413393903.256024837493896,0.00933,0.00035,0.00518,0.00446,0.00001,0.00157,0.02090
1413393903.306021928787231,0.00920,0.00034,0.00061,0.00634,0.00475,0.00160,0.02284
1413393903.356009721755981,0.00606,0.00037,0.00367,0.00671,0.00018,0.00203,0.01901
1413393903.405998468399048,0.00763,0.00046,0.00085,0.00801,0.00275,0.00200,0.02171
1413393903.455986022949219,0.00922,0.00033,0.00319,0.00605,0.00651,0.00154,0.02682
1413393903.505973339080811,0.01003,0.00042,0.00210,0.00707,0.00116,0.00179,0.02257
1413393903.555965900421143,0.00973,0.00045,0.00134,0.00701,0.00388,0.00168,0.02409
1413393903.605969905853271,0.00724,0.00040,0.00099,0.00507,0.00089,0.00282,0.01741
1413393903.655974626541138,0.00796,0.00035,0.00119,0.00574,0.00241,0.00181,0.01945
1413393903.705975770950317,0.01179,0.00040,0.00125,0.00518,0.00074,0.00167,0.02104
1413393903.755976438522339,0.00808,0.00044,0.00107,0.00639,0.00731,0.00144,0.02473
1413393903.805974245071411,0.00841,0.00035,0.00181,0.00493,0.00316,0.00146,0.02012
1413393903.855968236923218,0.00719,0.00039,0.00419,0.00526,0.00567,0.00257,0.02527
1413393903.905970573425293,0.00714,0.00030,0.00042,0.00646,0.00081,0.00146,0.01659
1413393903.955978631973267,0.00766,0.00043,0.00137,0.00837,0.00087,0.00194,0.02064
1413393904.005978345870972,0.00778,0.00028,0.00115,0.00550,0.00625,0.00143,0.02239
1413393904.055979728698730,0.00745,0.00041,0.00132,0.00710,0.00000,0.00152,0.01780
1413393904.105983257293701,0.00953,0.00046,0.00117,0.00904,0.00225,0.00163,0.02407
1413393904.155985832214355,0.00751,0.00041,0.00014,0.01107,0.00000,0.00330,0.02242
1413393904.205987453460693,0.00722,0.00042,0.00189,0.00802,0.00240,0.00147,0.02141
1413393904.255980491638184,0.00644,0.00041,0.00732,0.00510,0.00080,0.00151,0.02157
1413393904.305969715118408,0.00699,0.00038,0.00271,0.00721,0.00138,0.00142,0.02009
1413393904.355966091156006,0.00633,0.00044,0.00988,0.00419,0.00017,0.00230,0.02331
1413393904.405964136123657,0.00676,0.00036,0.00327,0.00619,0.00202,0.00139,0.02000
1413393904.455965995788574,0.00671,0.00042,0.00755,0.00515,0.00080,0.00158,0.02221
1413393904.505971193313599,0.00747,0.00040,0.00131,0.00674,0.00020,0.00163,0.01774
1413393904.555970907211304,0.00723,0.00041,0.00113,0.00742,0.00174,0.00167,0.01959
1413393904.605962753295898,0.00863,0.00050,0.00746,0.00308,0.00356,0.00129,0.02452
1413393904.655953884124756,0.00551,0.00031,0.00114,0.00544,0.00241,0.00229,0.01711
1413393904.705936193466187,0.00853,0.00049,0.00069,0.00668,0.00224,0.00180,0.02044
1413393904.755924463272095,0.00840,0.00042,0.00197,0.00866,0.00108,0.00204,0.02258
1413393904.805919408798218,0.00792,0.00048,0.00091,0.00993,0.00216,0.00164,0.02304
1413393904.855917453765869,0.00357,0.00017,0.00068,0.00279,0.00227,0.00153,0.01101
1413393904.905925989151001,0.01134,0.00041,0.00137,0.00477,0.00129,0.00169,0.02087
1413393904.955930471420288,0.01093,0.00038,0.00462,0.00492,0.00682,0.00149,0.02917
1413393905.005933046340942,0.00671,0.00028,0.00137,0.00694,0.00222,0.00176,0.01928
1413393905.055932521820068,0.01535,0.00031,0.00461,0.00257,0.00051,0.00185,0.02520
1413393905.105933427810669,0.00946,0.00031,0.00262,0.00473,0.00311,0.00174,0.02196
1413393905.155938148498535,0.00797,0.00037,0.00139,0.00482,0.00242,0.00178,0.01875
1413393905.205940723419189,0.01070,0.00034,0.00036,0.00446,0.00396,0.00145,0.02126
1413393905.255943298339844,0.00747,0.00037,0.00040,0.00577,0.00175,0.00183,0.01760
1413393905.305943489074707,0.00821,0.00040,0.00019,0.00637,0.00211,0.00192,0.01919
1413393905.355942487716675,0.00884,0.00035,0.00179,0.00503,0.00379,0.00188,0.02168
1413393905.405941247940063,0.01125,0.00034,0.00217,0.00383,0.00056,0.00179,0.01994
1413393905.455937385559082,0.01074,0.00044,0.00131,0.00572,0.00006,0.00287,0.02113
1413393905.505934715270996,0.01168,0.00037,0.00231,0.00522,0.00199,0.00182,0.02338
1413393905.555931806564331,0.00767,0.00046,0.00278,0.00617,0.00801,0.00185,0.02693
1413393905.605933427810669,0.00690,0.00029,0.00123,0.00364,0.00139,0.00152,0.01497
1413393905.655937671661377,0.00909,0.00037,0.00504,0.00626,0.00955,0.00148,0.03180
1413393905.705931901931763,0.00463,0.00030,0.00456,0.00953,0.00020,0.00159,0.02081
1413393905.755924940109253,0.01076,0.00038,0.00222,0.00710,0.00000,0.00157,0.02204
1413393905.805919170379639,0.00771,0.00049,0.00428,0.00938,0.00000,0.00186,0.02372
1413393905.855920791625977,0.00732,0.00042,0.01023,0.00428,0.00517,0.00142,0.02884
1413393905.905917882919312,0.00654,0.00030,0.00082,0.00530,0.00001,0.00150,0.01446
1413393905.955913066864014,0.00815,0.00060,0.00412,0.00873,0.00013,0.00177,0.02350
1413393906.005907535552979,0.00706,0.00047,0.00189,0.00624,0.00190,0.00151,0.01907
1413393906.055901050567627,0.00855,0.00043,0.00710,0.00554,0.00293,0.00154,0.02609
1413393906.105895042419434,0.00680,0.00043,0.00072,0.00807,0.00070,0.00237,0.01910
1413393906.155890703201294,0.01055,0.00039,0.00863,0.00428,0.00591,0.00143,0.03118
1413393906.205886840820312,0.00575,0.00028,0.00124,0.00667,0.00051,0.00239,0.01684
1413393906.255883216857910,0.00877,0.00049,0.00086,0.00752,0.00106,0.00162,0.02033
1413393906.305879831314087,0.00672,0.00047,0.01164,0.00460,0.00223,0.00152,0.02719
1413393906.355880260467529,0.00798,0.00044,0.00039,0.00996,0.00027,0.00213,0.02116
1413393906.405886173248291,0.00725,0.00042,0.00119,0.01044,0.00005,0.00221,0.02156
1413393906.455895662307739,0.00612,0.00048,0.00292,0.00710,0.00409,0.00140,0.02212
1413393906.505906343460083,0.00786,0.00039,0.00378,0.00594,0.00016,0.00159,0.01972
1413393906.555913925170898,0.00625,0.00041,0.00024,0.00898,0.00111,0.00158,0.01858
1413393906.605920791625977,0.00783,0.00048,0.00174,0.00768,0.00408,0.00143,0.02324
1413393906.655920743942261,0.00982,0.00050,0.00076,0.01070,0.00077,0.00169,0.02424
1413393906.705921888351440,0.00318,0.00016,0.00011,0.00443,0.00016,0.00153,0.00957
1413393906.755927801132202,0.00953,0.00049,0.00927,0.00544,0.00287,0.00152,0.02913
1413393906.805928945541382,0.00624,0.00038,0.01150,0.00638,0.00000,0.00148,0.02598
1413393906.855928421020508,0.00751,0.00110,0.00014,0.01144,0.00004,0.00229,0.02251
1413393906.905945301055908,0.00348,0.00029,0.00855,0.00440,0.00122,0.00172,0.01966
1413393906.955949544906616,0.00626,0.00047,0.00022,0.00952,0.00001,0.00160,0.01808
1413393907.005954027175903,0.00744,0.00045,0.00039,0.00927,0.00104,0.00164,0.02024
1413393907.055952310562134,0.00947,0.00047,0.00618,0.00707,0.00236,0.00154,0.02708
1413393907.105949401855469,0.00721,0.00032,0.00019,0.00815,0.00000,0.00160,0.01748
1413393907.155951976776123,0.00746,0.00044,0.00006,0.01042,0.00000,0.00188,0.02025
1413393907.205961227416992,0.00708,0.00043,0.00516,0.00717,0.00125,0.00143,0.02252
1413393907.255970478057861,0.00775,0.00067,0.00084,0.01114,0.00091,0.00202,0.02334
1413393907.305984258651733,0.00819,0.00045,0.00098,0.00839,0.00018,0.00171,0.01990
1413393907.355998277664185,0.00730,0.00043,0.00196,0.00933,0.00125,0.00144,0.02171
1413393907.406017541885376,0.00676,0.00049,0.00756,0.00604,0.00109,0.00154,0.02348
1413393907.456030845642090,0.00609,0.00044,0.00491,0.00736,0.00059,0.00148,0.02087
1413393907.506026029586792,0.00649,0.00047,0.01236,0.00534,0.00000,0.00153,0.02619
1413393907.556018352508545,0.00502,0.00044,0.00671,0.00722,0.00000,0.00208,0.02147
1413393907.605992794036865,0.00727,0.00037,0.00151,0.00600,0.00001,0.00148,0.01665
1413393907.655978441238403,0.00647,0.00044,0.00239,0.00514,0.00193,0.00315,0.01952
1413393907.705966949462891,0.00606,0.00036,0.00072,0.00466,0.00171,0.00322,0.01673
1413393907.755954265594482,0.00936,0.00037,0.00118,0.00356,0.00211,0.00261,0.01919
1413393907.805943965911865,0.00592,0.00046,0.00041,0.00453,0.00328,0.00294,0.01754
1413393907.855940818786621,0.00679,0.00037,0.00039,0.00298,0.00204,0.00326,0.01583
1413393907.905932903289795,0.00691,0.00034,0.00039,0.00282,0.00016,0.00403,0.01465
1413393907.955931186676025,0.00678,0.00033,0.00031,0.00232,0.00107,0.00370,0.01450
1413393908.005933284759521,0.00660,0.00034,0.00023,0.00231,0.00128,0.00386,0.01462
1413393908.055933952331543,0.00717,0.00031,0.00003,0.00129,0.00115,0.00402,0.01397
1413393908.105933427810669,0.00717,0.00032,0.00013,0.00125,0.00588,0.00325,0.01801
1413393908.155927658081055,0.00715,0.00033,0.00022,0.00209,0.00533,0.00277,0.01790
1413393908.205923795700073,0.00708,0.00032,0.00003,0.00420,0.00216,0.00279,0.01658
1413393908.255918741226196,0.01039,0.00033,0.00004,0.00396,0.00608,0.00176,0.02255
1413393908.305922269821167,0.00740,0.00038,0.00040,0.00608,0.00710,0.00207,0.02343
1413393908.355933666229248,0.00882,0.00039,0.00004,0.00581,0.00606,0.00190,0.02302
1413393908.405942440032959,0.00682,0.00038,0.00541,0.00560,0.00907,0.00157,0.02886
1413393908.455939292907715,0.00627,0.00039,0.00973,0.00568,0.00279,0.00144,0.02630
1413393908.505937576293945,0.00715,0.00040,0.00970,0.00553,0.00331,0.00158,0.02768
1413393908.555934667587280,0.00678,0.00041,0.01189,0.00433,0.00111,0.00172,0.02624
1413393908.605935811996460,0.00577,0.00038,0.00999,0.00541,0.00147,0.00153,0.02455
1413393908.655938386917114,0.00930,0.00050,0.00067,0.01009,0.00172,0.00155,0.02383
1413393908.705945968627930,0.00565,0.00030,0.00604,0.00846,0.00439,0.00155,0.02639
1413393908.755947828292847,0.00639,0.00038,0.00249,0.00709,0.00000,0.00152,0.01786
1413393908.805963993072510,0.00645,0.00043,0.01000,0.00563,0.00112,0.00153,0.02516
1413393908.855980873107910,0.00690,0.00058,0.00245,0.00719,0.00000,0.00189,0.01901
1413393908.905983209609985,0.00744,0.00049,0.00834,0.00617,0.00001,0.00161,0.02406
1413393908.955985784530640,0.00510,0.00031,0.00003,0.00894,0.00000,0.00217,0.01655
1413393909.005993127822876,0.00280,0.00025,0.00181,0.00540,0.00069,0.00161,0.01255
1413393909.056005001068115,0.00716,0.00043,0.00686,0.00620,0.00062,0.00150,0.02277
1413393909.106010198593140,0.00797,0.00086,0.00277,0.00938,0.00125,0.00155,0.02377
1413393909.156019210815430,0.00610,0.00032,0.00439,0.00610,0.00000,0.00152,0.01843
1413393909.206027984619141,0.00682,0.00050,0.00770,0.00632,0.00000,0.00153,0.02288
1413393909.256030321121216,0.00685,0.00049,0.00195,0.01205,0.00000,0.00195,0.02328
1413393909.306032657623291,0.00677,0.00046,0.00996,0.00721,0.00000,0.00148,0.02587
1413393909.356033325195312,0.00699,0.00039,0.00265,0.00767,0.00009,0.00148,0.01927
1413393909.406035423278809,0.00628,0.00045,0.00722,0.00687,0.00117,0.00147,0.02346
1413393909.456033945083618,0.00706,0.00050,0.00370,0.01112,0.00000,0.00168,0.02406
1413393909.506036043167114,0.00699,0.00046,0.01425,0.00531,0.00000,0.00151,0.02852
1413393909.556035757064819,0.00696,0.00029,0.00011,0.00714,0.00025,0.00160,0.01635
1413393909.606036186218262,0.00966,0.00051,0.00434,0.00895,0.00066,0.00166,0.02580
1413393909.656035184860229,0.00734,0.00048,0.00450,0.01013,0.00000,0.00154,0.02400
1413393909.706029176712036,0.00783,0.00042,0.00535,0.00947,0.00001,0.00156,0.02464
1413393909.756026983261108,0.00816,0.00039,0.00452,0.00563,0.00006,0.00161,0.02037
1413393909.806024074554443,0.00964,0.00043,0.00314,0.00868,0.00330,0.00154,0.02674
1413393909.856020212173462,0.00696,0.00034,0.00248,0.00602,0.00078,0.00151,0.01810
1413393909.906018257141113,0.00755,0.00047,0.00196,0.00883,0.00205,0.00142,0.02229
1413393909.956019878387451,0.00916,0.00040,0.00128,0.01096,0.00001,0.00165,0.02346
1413393910.006020784378052,0.00896,0.00045,0.00045,0.00798,0.00205,0.00149,0.02139
1413393910.056019067764282,0.01043,0.00042,0.00027,0.00790,0.00113,0.00161,0.02176
1413393910.106019735336304,0.00736,0.00075,0.01056,0.00595,0.00420,0.00166,0.03048
1413393910.156023025512695,0.00645,0.00028,0.00399,0.00518,0.00001,0.00156,0.01747
1413393910.206026792526245,0.00741,0.00047,0.00125,0.00892,0.00126,0.00158,0.02089
1413393910.256031751632690,0.00713,0.00041,0.00634,0.00854,0.00093,0.00161,0.02495
1413393910.306032419204712,0.00630,0.00041,0.00004,0.00984,0.00073,0.00168,0.01901
1413393910.356037855148315,0.00680,0.00043,0.01371,0.00444,0.00133,0.00158,0.02830
1413393910.406037807464600,0.00826,0.00045,0.00144,0.01103,0.00021,0.00170,0.02309
1413393910.456038236618042,0.00929,0.00047,0.00299,0.00919,0.00132,0.00159,0.02485
1413393910.506037950515747,0.00686,0.00045,0.00380,0.00760,0.00064,0.00151,0.02086
1413393910.556028127670288,0.00679,0.00041,0.00012,0.00947,0.00069,0.00165,0.01913
1413393910.606022119522095,0.00941,0.00044,0.01095,0.00417,0.00124,0.00167,0.02788
1413393910.656018257141113,0.00760,0.00043,0.00104,0.01051,0.00023,0.00196,0.02178
1413393910.706016063690186,0.00682,0.00047,0.00769,0.00646,0.00152,0.00166,0.02463
1413393910.756008148193359,0.00810,0.00025,0.00715,0.00444,0.00058,0.00151,0.02203
1413393910.806004047393799,0.00684,0.00040,0.00196,0.00799,0.00000,0.00154,0.01873
1413393910.855998277664185,0.00962,0.00043,0.00312,0.00717,0.00045,0.00145,0.02224
1413393910.905987739562988,0.00645,0.00049,0.00505,0.00668,0.00018,0.00150,0.02034
1413393910.955963134765625,0.00903,0.00041,0.01290,0.00335,0.00112,0.00159,0.02840
1413393911.005957603454590,0.00636,0.00042,0.00334,0.00661,0.00032,0.00251,0.01955
1413393911.055945158004761,0.00413,0.00017,0.00112,0.00240,0.00076,0.00150,0.01009
1413393911.105929136276245,0.00632,0.00045,0.00541,0.00674,0.00059,0.00176,0.02127
1413393911.155916452407837,0.01041,0.00048,0.00236,0.00816,0.00000,0.00196,0.02337
1413393911.205900192260742,0.00551,0.00030,0.00345,0.00418,0.00014,0.00151,0.01510
1413393911.255887985229492,0.00664,0.00039,0.00307,0.00772,0.00000,0.00225,0.02007
1413393911.305882692337036,0.00816,0.00038,0.00437,0.00648,0.00357,0.00147,0.02443
1413393911.355884313583374,0.01005,0.00028,0.00283,0.00392,0.00160,0.00160,0.02027
1413393911.405884504318237,0.01134,0.00049,0.00397,0.00641,0.00524,0.00156,0.02901
1413393911.455883741378784,0.00627,0.00029,0.00181,0.01224,0.00216,0.00153,0.02431
1413393911.505880117416382,0.00749,0.00045,0.00328,0.00914,0.00375,0.00152,0.02563
1413393911.555876255035400,0.00858,0.00049,0.00942,0.00569,0.00111,0.00153,0.02683
1413393911.605874538421631,0.00998,0.00031,0.00519,0.00409,0.00106,0.00150,0.02212
1413393911.655871629714966,0.00943,0.00042,0.00685,0.00671,0.00061,0.00157,0.02559
1413393911.705870628356934,0.00713,0.00043,0.00688,0.00416,0.00407,0.00144,0.02411
1413393911.755871772766113,0.00291,0.00020,0.00023,0.00396,0.00000,0.00144,0.00875
1413393911.805871725082397,0.00745,0.00045,0.00213,0.00815,0.00091,0.00164,0.02073
1413393911.855875253677368,0.00659,0.00040,0.00206,0.01001,0.00216,0.00164,0.02287
1413393911.905883789062500,0.01054,0.00039,0.00052,0.00809,0.00043,0.00198,0.02194
1413393911.955890417098999,0.01027,0.00040,0.00577,0.00362,0.00131,0.00147,0.02283
1413393912.005894899368286,0.01050,0.00033,0.00145,0.00375,0.00001,0.00169,0.01772
1413393912.055900335311890,0.00694,0.00037,0.00123,0.00677,0.00078,0.00258,0.01866
1413393912.105903387069702,0.01135,0.00036,0.00225,0.00401,0.00408,0.00171,0.02376
1413393912.155931711196899,0.00952,0.00038,0.00208,0.00642,0.01050,0.00149,0.03039
1413393912.205941200256348,0.00478,0.00029,0.00996,0.00531,0.00262,0.00134,0.02430
1413393912.255949020385742,0.01096,0.00042,0.00241,0.00710,0.00022,0.00173,0.02283
1413393912.305961370468140,0.01198,0.00040,0.00289,0.00638,0.00135,0.00158,0.02458
1413393912.355971813201904,0.00887,0.00035,0.00186,0.00724,0.00000,0.00183,0.02015
1413393912.405980348587036,0.00972,0.00034,0.00375,0.00440,0.00023,0.00165,0.02008
1413393912.456000328063965,0.00832,0.00045,0.00323,0.00420,0.00798,0.00151,0.02569
1413393912.506002664566040,0.00771,0.00031,0.00129,0.00363,0.00031,0.00144,0.01469
1413393912.556008577346802,0.00818,0.00045,0.00395,0.00320,0.00457,0.00140,0.02174
1413393912.606010437011719,0.00750,0.00037,0.00146,0.00407,0.00000,0.00264,0.01604
1413393912.656014204025269,0.01106,0.00036,0.00212,0.00186,0.00025,0.00262,0.01826
1413393912.706018686294556,0.00745,0.00035,0.00486,0.00232,0.00030,0.00273,0.01801
1413393912.756025552749634,0.00820,0.00031,0.00458,0.00131,0.00001,0.00177,0.01617
1413393912.806029558181763,0.01326,0.00035,0.00149,0.00167,0.00275,0.00191,0.02142
1413393912.856033325195312,0.00871,0.00035,0.00329,0.00217,0.00031,0.00312,0.01793
1413393912.906038999557495,0.00801,0.00033,0.00098,0.00204,0.00475,0.00202,0.01812
1413393912.956042289733887,0.00816,0.00030,0.00043,0.00253,0.00483,0.00202,0.01826
1413393913.006045341491699,0.00808,0.00037,0.00479,0.00186,0.00000,0.00217,0.01727
1413393913.056046247482300,0.00852,0.00031,0.00115,0.00236,0.00567,0.00181,0.01982
1413393913.106047868728638,0.00320,0.00015,0.00033,0.00127,0.00284,0.00157,0.00935
1413393913.156043767929077,0.00426,0.00017,0.00065,0.00169,0.00098,0.00167,0.00942
1413393913.206041336059570,0.00486,0.00025,0.00002,0.00309,0.01079,0.00152,0.02052
1413393913.256037712097168,0.00935,0.00044,0.00174,0.00651,0.00401,0.00155,0.02361
1413393913.306035280227661,0.00870,0.00038,0.00279,0.00733,0.00180,0.00162,0.02262
1413393913.356034517288208,0.00782,0.00037,0.00532,0.00672,0.00703,0.00137,0.02863
1413393913.406031608581543,0.00679,0.00035,0.00181,0.00554,0.00372,0.00137,0.01958
1413393913.456028223037720,0.00840,0.00040,0.00696,0.00639,0.00418,0.00159,0.02793
1413393913.506024360656738,0.00911,0.00031,0.00688,0.00406,0.00058,0.00142,0.02237
1413393913.556018590927124,0.00651,0.00050,0.00481,0.00820,0.00166,0.00151,0.02319
1413393913.606013774871826,0.00896,0.00033,0.00129,0.00640,0.00001,0.00166,0.01864
1413393913.656009912490845,0.00850,0.00038,0.00622,0.00553,0.00092,0.00165,0.02320
1413393913.706009864807129,0.00699,0.00036,0.00129,0.00446,0.00000,0.00229,0.01539
1413393913.756011724472046,0.00974,0.00065,0.00475,0.00251,0.00056,0.00254,0.02075
1413393913.806013345718384,0.00885,0.00035,0.00108,0.00210,0.00239,0.00266,0.01742
1413393913.856019735336304,0.00686,0.00038,0.00094,0.00455,0.00796,0.00192,0.02261
1413393913.906023740768433,0.00772,0.00037,0.00263,0.00639,0.00028,0.00276,0.02015
1413393913.956022262573242,0.01323,0.00045,0.00004,0.00545,0.00679,0.00161,0.02757
1413393914.006022214889526,0.00785,0.00046,0.00456,0.00558,0.00348,0.00165,0.02358
1413393914.056026697158813,0.01021,0.00043,0.00762,0.00354,0.00214,0.00147,0.02541
1413393914.106029510498047,0.00991,0.00047,0.00103,0.00662,0.00550,0.00141,0.02493
1413393914.156025409698486,0.00785,0.00034,0.00178,0.00459,0.00454,0.00138,0.02048
1413393914.206019163131714,0.00958,0.00037,0.00110,0.00732,0.00523,0.00146,0.02506
1413393914.256016016006470,0.00869,0.00037,0.00186,0.00405,0.00026,0.00172,0.01695
1413393914.306014299392700,0.01055,0.00037,0.00204,0.00480,0.00772,0.00146,0.02693
1413393914.356013536453247,0.00558,0.00032,0.00076,0.00523,0.00339,0.00152,0.01681
1413393914.406009197235107,0.00840,0.00040,0.00067,0.00716,0.00000,0.00187,0.01850
1413393914.456007957458496,0.00753,0.00037,0.00558,0.00727,0.00000,0.00196,0.02271
1413393914.506007909774780,0.00855,0.00040,0.00647,0.00450,0.00895,0.00154,0.03041
1413393914.556008338928223,0.00427,0.00025,0.00026,0.00540,0.00001,0.00144,0.01163
1413393914.606012821197510,0.01046,0.00038,0.00222,0.00587,0.00017,0.00159,0.02069
1413393914.656017780303955,0.00701,0.00047,0.00121,0.01033,0.00501,0.00150,0.02553
1413393914.706024408340454,0.00691,0.00040,0.00091,0.00784,0.00019,0.00169,0.01793
1413393914.756025552749634,0.00827,0.00046,0.00264,0.00674,0.00477,0.00161,0.02449
1413393914.806027173995972,0.00705,0.00041,0.00201,0.00644,0.00268,0.00152,0.02010
1413393914.856032609939575,0.00766,0.00043,0.01098,0.00389,0.00317,0.00169,0.02783
1413393914.906033754348755,0.00515,0.00032,0.00080,0.00844,0.00002,0.00224,0.01696
1413393914.956035375595093,0.00679,0.00043,0.00221,0.00874,0.00507,0.00146,0.02470
1413393915.006034851074219,0.00911,0.00043,0.00128,0.00946,0.00002,0.00173,0.02202
1413393915.056032180786133,0.00606,0.00045,0.00459,0.00906,0.00602,0.00152,0.02770
1413393915.106032609939575,0.00925,0.00040,0.00121,0.01025,0.00012,0.00161,0.02285
1413393915.156030654907227,0.00799,0.00036,0.00619,0.00481,0.00438,0.00158,0.02531
1413393915.206028938293457,0.00330,0.00022,0.00028,0.00536,0.00000,0.00153,0.01070
1413393915.256028890609741,0.00946,0.00048,0.00612,0.00688,0.00000,0.00155,0.02449
1413393915.306025266647339,0.00745,0.00040,0.01288,0.00485,0.00128,0.00160,0.02846
1413393915.356021642684937,0.00707,0.00044,0.00033,0.01227,0.00000,0.00199,0.02210
1413393915.406019449234009,0.00624,0.00040,0.00123,0.00992,0.00083,0.00156,0.02018
1413393915.456016063690186,0.00686,0.00048,0.00974,0.00479,0.00309,0.00142,0.02638
1413393915.506016969680786,0.00837,0.00030,0.00007,0.00732,0.00000,0.00147,0.01754
1413393915.556017637252808,0.00899,0.00042,0.00476,0.00958,0.00002,0.00144,0.02522
1413393915.606019973754883,0.00819,0.00047,0.00515,0.00886,0.00109,0.00151,0.02527
1413393915.656023979187012,0.00622,0.00040,0.00526,0.00615,0.00175,0.00146,0.02124
1413393915.706025600433350,0.01024,0.00041,0.00767,0.00550,0.00010,0.00143,0.02535
1413393915.756029129028320,0.00903,0.00046,0.00864,0.00601,0.00216,0.00148,0.02777
1413393915.806032419204712,0.00507,0.00035,0.00119,0.00704,0.00136,0.00161,0.01663
1413393915.856035470962524,0.00939,0.00052,0.00927,0.00576,0.00215,0.00145,0.02853
1413393915.906036853790283,0.00678,0.00036,0.00082,0.00769,0.00005,0.00146,0.01716
1413393915.956036806106567,0.00995,0.00047,0.00095,0.01074,0.00000,0.00172,0.02383
1413393916.006036520004272,0.00627,0.00047,0.00055,0.01346,0.00000,0.00186,0.02261
1413393916.056036710739136,0.00895,0.00051,0.01112,0.00583,0.00227,0.00155,0.03023
1413393916.106035709381104,0.00717,0.00042,0.00104,0.01234,0.00000,0.00155,0.02252
1413393916.156035661697388,0.00746,0.00040,0.01389,0.00596,0.00000,0.00158,0.02929
1413393916.206034660339355,0.00816,0.00051,0.00228,0.01007,0.00000,0.00172,0.02273
1413393916.256033897399902,0.00980,0.00047,0.00696,0.00439,0.00061,0.00148,0.02370
1413393916.306029796600342,0.00674,0.00037,0.00785,0.00448,0.00326,0.00143,0.02415
1413393916.356026172637939,0.00724,0.00036,0.00054,0.00743,0.00114,0.00149,0.01820
1413393916.406023502349854,0.00769,0.00040,0.00161,0.00699,0.00000,0.00182,0.01850
1413393916.456023216247559,0.00758,0.00037,0.00200,0.00447,0.00648,0.00146,0.02235
1413393916.506021499633789,0.00817,0.00046,0.00117,0.00363,0.00271,0.00208,0.01823
1413393916.556020975112915,0.00763,0.00036,0.00207,0.00333,0.00128,0.00321,0.01789
1413393916.606020927429199,0.00816,0.00051,0.00079,0.00408,0.00113,0.00306,0.01772
1413393916.656020879745483,0.01004,0.00038,0.00078,0.00401,0.00190,0.00231,0.01942
1413393916.706020832061768,0.00783,0.00038,0.00055,0.00253,0.00002,0.00404,0.01534
1413393916.756025791168213,0.00709,0.00034,0.00529,0.00133,0.01130,0.00155,0.02689
1413393916.806024074554443,0.00679,0.00022,0.00046,0.00075,0.00216,0.00164,0.01201
1413393916.856023073196411,0.00740,0.00042,0.00091,0.00401,0.00379,0.00239,0.01892
1413393916.906020879745483,0.00789,0.00038,0.00250,0.00376,0.00368,0.00221,0.02042
1413393916.956017732620239,0.00799,0.00040,0.00270,0.00542,0.00105,0.00186,0.01943
1413393917.006014585494995,0.00830,0.00041,0.00097,0.00490,0.00000,0.00286,0.01743
1413393917.056011915206909,0.00744,0.00033,0.00111,0.00436,0.00311,0.00194,0.01830
1413393917.106012105941772,0.00833,0.00043,0.00189,0.00401,0.00096,0.00242,0.01805
1413393917.156013727188110,0.00669,0.00035,0.00155,0.00414,0.00158,0.00277,0.01708
1413393917.206015110015869,0.01179,0.00033,0.00283,0.00227,0.00072,0.00209,0.02002
1413393917.256020307540894,0.00292,0.00015,0.00058,0.00150,0.00600,0.00152,0.01267
1413393917.306026220321655,0.00788,0.00046,0.00162,0.00625,0.00001,0.00217,0.01839
1413393917.356029987335205,0.00720,0.00035,0.00301,0.00652,0.00315,0.00171,0.02194
1413393917.406030416488647,0.01097,0.00036,0.00459,0.00473,0.00268,0.00151,0.02483
1413393917.456034183502197,0.00722,0.00035,0.00046,0.00773,0.00678,0.00156,0.02411
1413393917.506036520004272,0.00914,0.00052,0.00250,0.00632,0.00607,0.00142,0.02596
1413393917.556037425994873,0.00738,0.00029,0.00034,0.00446,0.00385,0.00137,0.01769
1413393917.606039285659790,0.00837,0.00037,0.00021,0.00525,0.00000,0.00223,0.01644
1413393917.656039237976074,0.01015,0.00038,0.00141,0.00477,0.00355,0.00183,0.02210
1413393917.706038713455200,0.00767,0.00036,0.00053,0.00507,0.00026,0.00245,0.01633
1413393917.756036281585693,0.01079,0.00039,0.00138,0.00383,0.00456,0.00173,0.02268
1413393917.806037187576294,0.00759,0.00037,0.00060,0.00472,0.00009,0.00374,0.01710
1413393917.856039524078369,0.00749,0.00037,0.00199,0.00303,0.00566,0.00162,0.02016
1413393917.906039714813232,0.00855,0.00033,0.00064,0.00118,0.00039,0.00308,0.01417
1413393917.956039667129517,0.00784,0.00035,0.00040,0.00082,0.00070,0.00383,0.01394
1413393918.006039619445801,0.00683,0.00041,0.00076,0.00059,0.00136,0.00393,0.01387
1413393918.056035280227661,0.00784,0.00032,0.00049,0.00093,0.00561,0.00252,0.01771
1413393918.106035470962524,0.00781,0.00034,0.00024,0.00101,0.00047,0.00355,0.01344
1413393918.156035184860229,0.00655,0.00031,0.00117,0.00056,0.00089,0.00409,0.01357
1413393918.206035137176514,0.00860,0.00034,0.00055,0.00021,0.00104,0.00356,0.01430
1413393918.256033420562744,0.00835,0.00032,0.00019,0.00068,0.00503,0.00323,0.01781
1413393918.306033611297607,0.00742,0.00029,0.00038,0.00051,0.00208,0.00325,0.01392
1413393918.356033086776733,0.00733,0.00032,0.00023,0.00047,0.00256,0.00422,0.01514
1413393918.406032562255859,0.00726,0.00030,0.00057,0.00041,0.00136,0.00412,0.01404
1413393918.456031322479248,0.00967,0.00031,0.00047,0.00042,0.00950,0.00199,0.02237
1413393918.506032705307007,0.00935,0.00030,0.00347,0.00049,0.00425,0.00242,0.02028
1413393918.556032896041870,0.00869,0.00031,0.00076,0.00020,0.00102,0.00389,0.01486
1413393918.606040716171265,0.00784,0.00032,0.00062,0.00009,0.00812,0.00251,0.01949
1413393918.656040906906128,0.00439,0.00020,0.00122,0.00008,0.00050,0.00303,0.00941
1413393918.706044912338257,0.00894,0.00036,0.00359,0.00032,0.00192,0.00279,0.01793
1413393918.756046295166016,0.00777,0.00030,0.00102,0.00008,0.00526,0.00258,0.01700
1413393918.806046485900879,0.00842,0.00028,0.00383,0.00013,0.00123,0.00279,0.01669
1413393918.856047630310059,0.00867,0.00031,0.00265,0.00009,0.00213,0.00319,0.01705
1413393918.906052827835083,0.00972,0.00038,0.00138,0.00005,0.00519,0.00238,0.01911
1413393918.956053495407104,0.01007,0.00022,0.00099,0.00017,0.00000,0.00255,0.01400
1413393919.006055355072021,0.00920,0.00028,0.00449,0.00018,0.00561,0.00169,0.02145
1413393919.056055784225464,0.00834,0.00033,0.00159,0.00029,0.00366,0.00361,0.01782
1413393919.106057405471802,0.00905,0.00032,0.00533,0.00039,0.00157,0.00271,0.01936
1413393919.156055212020874,0.01115,0.00029,0.00372,0.00024,0.00203,0.00195,0.01938
1413393919.206055641174316,0.01119,0.00030,0.00476,0.00041,0.00258,0.00192,0.02116
1413393919.256058692932129,0.00878,0.00033,0.00710,0.00048,0.00354,0.00153,0.02178
1413393919.306059837341309,0.00461,0.00015,0.00188,0.00041,0.00000,0.00163,0.00869
1413393919.356061220169067,0.00296,0.00013,0.00120,0.00038,0.00069,0.00138,0.00674
1413393919.406061410903931,0.00824,0.00041,0.00454,0.00101,0.00825,0.00168,0.02413
1413393919.456063032150269,0.01079,0.00043,0.00067,0.00195,0.00203,0.00265,0.01852
1413393919.506066560745239,0.00766,0.00038,0.00167,0.00229,0.00003,0.00373,0.01575
1413393919.556065320968628,0.01154,0.00035,0.00505,0.00095,0.00207,0.00183,0.02180
1413393919.606065988540649,0.00828,0.00040,0.00204,0.00161,0.00500,0.00153,0.01887
1413393919.656065225601196,0.00937,0.00039,0.00112,0.00202,0.00179,0.00240,0.01709
1413393919.706064939498901,0.00637,0.00039,0.00203,0.00284,0.00264,0.00306,0.01733
1413393919.756065130233765,0.00778,0.00029,0.00009,0.00281,0.00626,0.00267,0.01991
1413393919.806062698364258,0.00761,0.00038,0.00330,0.00328,0.00517,0.00200,0.02174
1413393919.856060028076172,0.00636,0.00028,0.00078,0.00258,0.00846,0.00142,0.01989
1413393919.906053066253662,0.00746,0.00040,0.00167,0.00439,0.00319,0.00164,0.01875
1413393919.956036806106567,0.00713,0.00041,0.00071,0.00591,0.00832,0.00148,0.02396
1413393920.006029844284058,0.00754,0.00042,0.00149,0.00470,0.00159,0.00168,0.01741
1413393920.056024551391602,0.00868,0.00041,0.00154,0.00619,0.00786,0.00146,0.02613
1413393920.106018781661987,0.00746,0.00034,0.00048,0.00648,0.00480,0.00172,0.02128
1413393920.156013965606689,0.00776,0.00041,0.00365,0.00466,0.00447,0.00143,0.02238
1413393920.206012964248657,0.00693,0.00041,0.00049,0.00629,0.00683,0.00140,0.02235
1413393920.256014108657837,0.00617,0.00042,0.00120,0.01056,0.00000,0.00208,0.02043
1413393920.306016683578491,0.00707,0.00040,0.00149,0.00898,0.00150,0.00156,0.02101
1413393920.356018781661987,0.00917,0.00042,0.00069,0.00791,0.00517,0.00157,0.02493
1413393920.406018972396851,0.00689,0.00043,0.00004,0.01283,0.00000,0.00202,0.02222
1413393920.456022024154663,0.00871,0.00039,0.00679,0.00472,0.00206,0.00156,0.02422
1413393920.506026029586792,0.00680,0.00043,0.00346,0.01046,0.00231,0.00162,0.02508
1413393920.556028842926025,0.00640,0.00040,0.00165,0.01098,0.00173,0.00166,0.02282
1413393920.606034994125366,0.00595,0.00040,0.00253,0.00831,0.00451,0.00145,0.02315
1413393920.656042098999023,0.01000,0.00046,0.00664,0.00714,0.00274,0.00156,0.02854
1413393920.706048488616943,0.00666,0.00036,0.00587,0.00542,0.00017,0.00156,0.02004
1413393920.756053686141968,0.00749,0.00043,0.01366,0.00558,0.00000,0.00152,0.02868
1413393920.806054592132568,0.00635,0.00038,0.01013,0.00790,0.00049,0.00142,0.02668
1413393920.856058120727539,0.00592,0.00030,0.00606,0.00539,0.00000,0.00145,0.01912
1413393920.906056642532349,0.01260,0.00046,0.00027,0.01034,0.00000,0.00174,0.02541
1413393920.956051826477051,0.00687,0.00039,0.00160,0.01174,0.00024,0.00160,0.02244
1413393921.006050109863281,0.01103,0.00033,0.00061,0.00663,0.00000,0.00164,0.02024
1413393921.056046485900879,0.00797,0.00042,0.00247,0.00606,0.00326,0.00145,0.02162
1413393921.106045246124268,0.00742,0.00039,0.00212,0.00663,0.00022,0.00199,0.01878
1413393921.156044721603394,0.00764,0.00040,0.00262,0.00642,0.00143,0.00172,0.02024
1413393921.206041812896729,0.00726,0.00048,0.00929,0.00392,0.00609,0.00153,0.02857
1413393921.256041288375854,0.00620,0.00040,0.00048,0.01090,0.00193,0.00170,0.02162
1413393921.306040287017822,0.00914,0.00040,0.00201,0.00686,0.00130,0.00164,0.02135
1413393921.356042623519897,0.01233,0.00054,0.00647,0.00398,0.00433,0.00180,0.02945
1413393921.406045198440552,0.00293,0.00024,0.00023,0.00425,0.00125,0.00177,0.01066
1413393921.456046581268311,0.00724,0.00046,0.00907,0.00544,0.00378,0.00155,0.02753
1413393921.506050109863281,0.00843,0.00035,0.00056,0.00661,0.00000,0.00160,0.01756
1413393921.556039810180664,0.00723,0.00050,0.01791,0.00477,0.00078,0.00160,0.03278
1413393921.606039762496948,0.00399,0.00025,0.00018,0.00603,0.00019,0.00159,0.01224
1413393921.656037807464600,0.01040,0.00052,0.00039,0.01098,0.00001,0.00173,0.02403
1413393921.706033229827881,0.00723,0.00050,0.00004,0.01296,0.00000,0.00209,0.02282
1413393921.756028890609741,0.00910,0.00045,0.00129,0.00959,0.00079,0.00179,0.02301
1413393921.806019306182861,0.00731,0.00045,0.01072,0.00625,0.00001,0.00162,0.02636
1413393921.856015205383301,0.00734,0.00044,0.00768,0.00792,0.00072,0.00173,0.02585
1413393921.906000614166260,0.00857,0.00046,0.02104,0.00472,0.00000,0.00160,0.03639
1413393921.955997467041016,0.00287,0.00020,0.00301,0.00397,0.00028,0.00159,0.01193
1413393922.005987882614136,0.00721,0.00047,0.00029,0.01112,0.00001,0.00212,0.02122
1413393922.055978536605835,0.00712,0.00041,0.00004,0.01121,0.00403,0.00149,0.02431
1413393922.105971097946167,0.00676,0.00049,0.00089,0.01147,0.00001,0.00205,0.02166
1413393922.155964136123657,0.00743,0.00048,0.01251,0.00431,0.00033,0.00164,0.02670
1413393922.205958604812622,0.00637,0.00036,0.00182,0.01091,0.00000,0.00200,0.02146
1413393922.255957841873169,0.01301,0.00033,0.00220,0.00536,0.00059,0.00158,0.02308
1413393922.305955410003662,0.01089,0.00050,0.00096,0.00856,0.00001,0.00215,0.02306
1413393922.355952978134155,0.00702,0.00047,0.00091,0.00763,0.00001,0.00194,0.01797
1413393922.405943155288696,0.00728,0.00039,0.00072,0.00685,0.00660,0.00160,0.02345
1413393922.455928325653076,0.01171,0.00033,0.00502,0.00398,0.00114,0.00165,0.02384
1413393922.505881071090698,0.00793,0.00047,0.01059,0.00257,0.01118,0.00153,0.03427
1413393922.555867671966553,0.00559,0.00029,0.00353,0.00317,0.00253,0.00212,0.01723
1413393922.605859518051147,0.00678,0.00050,0.00261,0.00289,0.00316,0.00308,0.01901
1413393922.655855894088745,0.00645,0.00043,0.00237,0.00222,0.00340,0.00260,0.01747
1413393922.705854177474976,0.00677,0.00039,0.00229,0.00552,0.00132,0.00245,0.01874
1413393922.755857467651367,0.00779,0.00048,0.00105,0.00521,0.00401,0.00172,0.02025
1413393922.805860042572021,0.00969,0.00047,0.00170,0.00278,0.00512,0.00218,0.02193
1413393922.855863809585571,0.01013,0.00035,0.00105,0.00203,0.00116,0.00246,0.01718
1413393922.905866384506226,0.00676,0.00036,0.00081,0.00295,0.00229,0.00268,0.01584
1413393922.955869913101196,0.00664,0.00037,0.00147,0.00466,0.00116,0.00330,0.01761
1413393923.005871295928955,0.00701,0.00046,0.00127,0.00392,0.00546,0.00238,0.02049
1413393923.055875062942505,0.00708,0.00045,0.00177,0.00417,0.00172,0.00295,0.01814
1413393923.105875015258789,0.00809,0.00042,0.00205,0.00512,0.00192,0.00203,0.01963
1413393923.155877351760864,0.00860,0.00033,0.00212,0.00534,0.00050,0.00198,0.01886
1413393923.205875158309937,0.01019,0.00042,0.00354,0.00531,0.00034,0.00194,0.02172
1413393923.255877494812012,0.00987,0.00044,0.00598,0.00438,0.00173,0.00161,0.02401
1413393923.305876255035400,0.01193,0.00033,0.00163,0.00397,0.00128,0.00152,0.02066
1413393923.355880975723267,0.00984,0.00040,0.00268,0.00709,0.00687,0.00155,0.02842
1413393923.405881643295288,0.00929,0.00032,0.00432,0.00357,0.00172,0.00169,0.02091
1413393923.455878496170044,0.00432,0.00019,0.00169,0.00437,0.00098,0.00198,0.01352
1413393923.505877733230591,0.00478,0.00032,0.00204,0.00262,0.00015,0.00145,0.01136
1413393923.555876255035400,0.00916,0.00048,0.00660,0.00498,0.00000,0.00194,0.02316
1413393923.605877637863159,0.00920,0.00042,0.00253,0.00554,0.00151,0.00193,0.02113
1413393923.655882596969604,0.00921,0.00040,0.00679,0.00405,0.00113,0.00164,0.02322
1413393923.705887556076050,0.00939,0.00043,0.00675,0.00463,0.00000,0.00166,0.02287
1413393923.755887985229492,0.00323,0.00015,0.00143,0.00195,0.00130,0.00137,0.00943
1413393923.805888891220093,0.00859,0.00046,0.00252,0.00482,0.00000,0.00215,0.01854
1413393923.855890750885010,0.00986,0.00040,0.00192,0.00490,0.00130,0.00209,0.02048
1413393923.905900239944458,0.00780,0.00030,0.00295,0.00262,0.00419,0.00146,0.01932
1413393923.955901384353638,0.00810,0.00033,0.00084,0.00339,0.00029,0.00316,0.01611
1413393924.005899429321289,0.00767,0.00037,0.00248,0.00321,0.00422,0.00184,0.01979
1413393924.055899143218994,0.00826,0.00042,0.00379,0.00339,0.00042,0.00236,0.01864
1413393924.105899333953857,0.01104,0.00023,0.00165,0.00202,0.00029,0.00169,0.01693
1413393924.155898571014404,0.00916,0.00038,0.00526,0.00287,0.00092,0.00218,0.02077
1413393924.205896377563477,0.00827,0.00027,0.00174,0.00265,0.00535,0.00143,0.01971
1413393924.255896568298340,0.01093,0.00031,0.00155,0.00318,0.00270,0.00152,0.02020
1413393924.305894613265991,0.01164,0.00038,0.00657,0.00250,0.00356,0.00144,0.02609
1413393924.355894565582275,0.01044,0.00036,0.00287,0.00207,0.00449,0.00130,0.02152
1413393924.405895233154297,0.01198,0.00027,0.00129,0.00276,0.00000,0.00171,0.01802
1413393924.455894470214844,0.00756,0.00036,0.00359,0.00558,0.00291,0.00185,0.02186
1413393924.505894184112549,0.00989,0.00036,0.00348,0.00462,0.00000,0.00222,0.02057
1413393924.555893182754517,0.01070,0.00034,0.00204,0.00361,0.00178,0.00222,0.02069
1413393924.605892658233643,0.00905,0.00034,0.00501,0.00140,0.00403,0.00136,0.02121
1413393924.655890941619873,0.00915,0.00044,0.00360,0.00104,0.00019,0.00208,0.01650
1413393924.705890893936157,0.00930,0.00041,0.00286,0.00132,0.00035,0.00253,0.01677
1413393924.755891561508179,0.01049,0.00031,0.00235,0.00131,0.00024,0.00268,0.01738
1413393924.805892229080200,0.01133,0.00037,0.00141,0.00145,0.00496,0.00203,0.02155
1413393924.855893135070801,0.00872,0.00031,0.00115,0.00148,0.00002,0.00402,0.01570
1413393924.905891656875610,0.01451,0.00031,0.00118,0.00068,0.00715,0.00140,0.02524
1413393924.955892562866211,0.00674,0.00032,0.00269,0.00139,0.00110,0.00256,0.01480
1413393925.005891799926758,0.00855,0.00035,0.00340,0.00199,0.00002,0.00310,0.01740
1413393925.055891275405884,0.01044,0.00037,0.00472,0.00114,0.00000,0.00211,0.01877
1413393925.105887889862061,0.00887,0.00019,0.00114,0.00084,0.00051,0.00159,0.01313
1413393925.155881404876709,0.01602,0.00028,0.00491,0.00042,0.00284,0.00135,0.02583
1413393925.205877780914307,0.01393,0.00032,0.00233,0.00079,0.00242,0.00177,0.02155
1413393925.255874633789062,0.01626,0.00017,0.00117,0.00013,0.00111,0.00129,0.02014
1413393925.305873155593872,0.01419,0.00031,0.00256,0.00054,0.00038,0.00212,0.02011
1413393925.355872154235840,0.00779,0.00022,0.00115,0.00014,0.00041,0.00152,0.01123
1413393925.405872344970703,0.01012,0.00031,0.00084,0.00031,0.00301,0.00246,0.01705
1413393925.455871582031250,0.01247,0.00038,0.00130,0.00042,0.00000,0.00321,0.01780
1413393925.505864143371582,0.00396,0.00015,0.00045,0.00015,0.00170,0.00146,0.00786
1413393925.555864334106445,0.00497,0.00012,0.00117,0.00018,0.00044,0.00136,0.00824
1413393925.605861663818359,0.00781,0.00040,0.00185,0.00083,0.00511,0.00238,0.01840
1413393925.655861854553223,0.00756,0.00037,0.00065,0.00095,0.00237,0.00300,0.01490
1413393925.705857276916504,0.01082,0.00034,0.00132,0.00146,0.00258,0.00247,0.01898
1413393925.755856513977051,0.00918,0.00034,0.00238,0.00169,0.00344,0.00274,0.01977
1413393925.805858135223389,0.00860,0.00033,0.00323,0.00155,0.00295,0.00213,0.01878
1413393925.855858087539673,0.00979,0.00031,0.00261,0.00105,0.00583,0.00175,0.02133
1413393925.905857563018799,0.00829,0.00040,0.00509,0.00196,0.00698,0.00155,0.02427
1413393925.955856800079346,0.00920,0.00028,0.00379,0.00110,0.00188,0.00169,0.01794
1413393926.005854368209839,0.00725,0.00036,0.00573,0.00175,0.00208,0.00194,0.01912
1413393926.055852413177490,0.00719,0.00036,0.00259,0.00236,0.00839,0.00146,0.02235
1413393926.105853557586670,0.00728,0.00036,0.00078,0.00314,0.00468,0.00174,0.01797
1413393926.155854225158691,0.00780,0.00037,0.00565,0.00235,0.00001,0.00250,0.01867
1413393926.205856561660767,0.00707,0.00037,0.00082,0.00220,0.00110,0.00315,0.01471
1413393926.255866289138794,0.00718,0.00038,0.00074,0.00200,0.00822,0.00171,0.02023
1413393926.305871248245239,0.00650,0.00033,0.00093,0.00256,0.00031,0.00362,0.01426
1413393926.355874300003052,0.00772,0.00033,0.00050,0.00247,0.00147,0.00380,0.01629
1413393926.405876874923706,0.00689,0.00041,0.00157,0.00195,0.00116,0.00308,0.01506
1413393926.455881118774414,0.00756,0.00061,0.00210,0.00356,0.00433,0.00215,0.02031
1413393926.505880832672119,0.00680,0.00034,0.00067,0.00450,0.00132,0.00328,0.01690
1413393926.555880546569824,0.00686,0.00037,0.00082,0.00388,0.00123,0.00268,0.01584
1413393926.605881214141846,0.00701,0.00033,0.00147,0.00352,0.00545,0.00192,0.01970
1413393926.655883312225342,0.00752,0.00041,0.00221,0.00505,0.00794,0.00134,0.02447
1413393926.705882549285889,0.00691,0.00035,0.00161,0.00379,0.00297,0.00139,0.01702
1413393926.755880832672119,0.00811,0.00038,0.00177,0.00574,0.00530,0.00147,0.02276
1413393926.805877208709717,0.00816,0.00038,0.00110,0.00693,0.00807,0.00145,0.02609
1413393926.855874300003052,0.00584,0.00031,0.00057,0.00781,0.00556,0.00154,0.02163
1413393926.905872583389282,0.00794,0.00046,0.00217,0.00557,0.00140,0.00167,0.01920
1413393926.955871105194092,0.00717,0.00041,0.00222,0.00700,0.00307,0.00189,0.02176
1413393927.005869150161743,0.01032,0.00034,0.00021,0.00526,0.00102,0.00182,0.01897
1413393927.055867433547974,0.00813,0.00040,0.00040,0.00619,0.00202,0.00195,0.01909
1413393927.105868101119995,0.00682,0.00041,0.00043,0.00561,0.00391,0.00176,0.01895
1413393927.155873537063599,0.00962,0.00034,0.00034,0.00502,0.00804,0.00155,0.02491
1413393927.205877304077148,0.00922,0.00043,0.00047,0.00746,0.00457,0.00150,0.02365
1413393927.255879163742065,0.00652,0.00043,0.00152,0.01027,0.00201,0.00170,0.02246
1413393927.305880784988403,0.00611,0.00032,0.00213,0.00535,0.00323,0.00150,0.01863
1413393927.355881690979004,0.00938,0.00054,0.00167,0.00867,0.00039,0.00166,0.02230
1413393927.405884504318237,0.00811,0.00048,0.00724,0.00686,0.00138,0.00151,0.02557
1413393927.455887794494629,0.01039,0.00047,0.00912,0.00325,0.00071,0.00151,0.02546
1413393927.505887985229492,0.01187,0.00052,0.00473,0.00495,0.00485,0.00152,0.02844
1413393927.555888414382935,0.00330,0.00017,0.00023,0.00359,0.00578,0.00150,0.01456
1413393927.605891942977905,0.00850,0.00045,0.00336,0.00584,0.00455,0.00147,0.02418
1413393927.655892610549927,0.00888,0.00032,0.00190,0.00508,0.00013,0.00144,0.01774
1413393927.705895423889160,0.01094,0.00037,0.00281,0.00453,0.00290,0.00141,0.02295
1413393927.755896329879761,0.00901,0.00040,0.00197,0.00688,0.00024,0.00218,0.02068
1413393927.805896520614624,0.01038,0.00038,0.00204,0.00462,0.00054,0.00166,0.01962
1413393927.855898618698120,0.01079,0.00038,0.00450,0.00307,0.00439,0.00146,0.02459
1413393927.905902147293091,0.00999,0.00026,0.00185,0.00267,0.00000,0.00153,0.01630
1413393927.955903530120850,0.00972,0.00035,0.00118,0.00471,0.00155,0.00203,0.01953
1413393928.005904197692871,0.00904,0.00043,0.00112,0.00457,0.00001,0.00240,0.01757
1413393928.055903196334839,0.01099,0.00045,0.00193,0.00358,0.00335,0.00176,0.02206
1413393928.105903387069702,0.01061,0.00036,0.00222,0.00380,0.00109,0.00216,0.02024
1413393928.155903339385986,0.01044,0.00034,0.00238,0.00302,0.00040,0.00206,0.01865
1413393928.205903053283691,0.00957,0.00041,0.00147,0.00462,0.00031,0.00253,0.01892
1413393928.255902290344238,0.01119,0.00031,0.00108,0.00342,0.00333,0.00163,0.02095
1413393928.305903911590576,0.01063,0.00041,0.00352,0.00388,0.00000,0.00236,0.02080
1413393928.355907440185547,0.01034,0.00030,0.00175,0.00300,0.00001,0.00210,0.01749
1413393928.405910491943359,0.01488,0.00027,0.00260,0.00135,0.00247,0.00143,0.02301
1413393928.455917119979858,0.01020,0.00033,0.00260,0.00250,0.00512,0.00151,0.02226
1413393928.505918264389038,0.00851,0.00035,0.00369,0.00411,0.00001,0.00237,0.01905
1413393928.555918216705322,0.01233,0.00028,0.00190,0.00238,0.00549,0.00141,0.02379
1413393928.605919837951660,0.00895,0.00033,0.00309,0.00635,0.00447,0.00150,0.02470
1413393928.655921697616577,0.01299,0.00045,0.00285,0.00355,0.00018,0.00168,0.02170
1413393928.705924510955811,0.01352,0.00033,0.00352,0.00283,0.00205,0.00166,0.02392
1413393928.755929946899414,0.01264,0.00022,0.00068,0.00292,0.00140,0.00164,0.01951
1413393928.805933475494385,0.00801,0.00037,0.00099,0.00541,0.00033,0.00338,0.01849
1413393928.855935811996460,0.00811,0.00040,0.00111,0.00534,0.00043,0.00315,0.01853
1413393928.905938386917114,0.00890,0.00036,0.00121,0.00467,0.00313,0.00184,0.02010
1413393928.955938577651978,0.01227,0.00037,0.00087,0.00348,0.00149,0.00175,0.02022
1413393929.005938053131104,0.00774,0.00040,0.00274,0.00468,0.00020,0.00210,0.01787
1413393929.055937767028809,0.00924,0.00033,0.00213,0.00533,0.00678,0.00146,0.02527
1413393929.105938911437988,0.00709,0.00037,0.00267,0.00613,0.00295,0.00188,0.02109
1413393929.155939102172852,0.00861,0.00035,0.00049,0.00514,0.00228,0.00189,0.01875
1413393929.205938577651978,0.01218,0.00037,0.00220,0.00336,0.00046,0.00171,0.02028
1413393929.255938768386841,0.00845,0.00037,0.00215,0.00558,0.00418,0.00163,0.02236
1413393929.305938243865967,0.00917,0.00040,0.00148,0.00471,0.00327,0.00157,0.02061
1413393929.355937719345093,0.01065,0.00028,0.00032,0.00394,0.00001,0.00219,0.01740
1413393929.405936717987061,0.00798,0.00037,0.00157,0.00464,0.00318,0.00187,0.01961
1413393929.455935239791870,0.00827,0.00040,0.00270,0.00241,0.00132,0.00218,0.01730
1413393929.505935192108154,0.01323,0.00037,0.00233,0.00168,0.00274,0.00180,0.02216
1413393929.555934429168701,0.00918,0.00033,0.00141,0.00194,0.00185,0.00264,0.01735
1413393929.605934143066406,0.00737,0.00019,0.00101,0.00108,0.00066,0.00147,0.01177
1413393929.655933380126953,0.00546,0.00024,0.00077,0.00127,0.00057,0.00189,0.01022
1413393929.705932617187500,0.00433,0.00023,0.00007,0.00168,0.00020,0.00221,0.00872
1413393929.755932331085205,0.01015,0.00040,0.00249,0.00283,0.00066,0.00279,0.01931
1413393929.805931806564331,0.01174,0.00037,0.00102,0.00302,0.00136,0.00236,0.01987
1413393929.855931520462036,0.01035,0.00032,0.00194,0.00308,0.00151,0.00278,0.01998
1413393929.905931711196899,0.00996,0.00039,0.00205,0.00314,0.00052,0.00255,0.01862
1413393929.955931901931763,0.00842,0.00030,0.00205,0.00259,0.00140,0.00219,0.01696
1413393930.005932331085205,0.00945,0.00056,0.00101,0.00180,0.00161,0.00239,0.01683
1413393930.055932521820068,0.00852,0.00042,0.00065,0.00237,0.00442,0.00202,0.01839
1413393930.105933189392090,0.00833,0.00044,0.00196,0.00191,0.00330,0.00215,0.01809
1413393930.155933141708374,0.00835,0.00034,0.00203,0.00262,0.00144,0.00225,0.01703
1413393930.205932617187500,0.00891,0.00034,0.00137,0.00254,0.00403,0.00257,0.01976
1413393930.255930900573730,0.00801,0.00033,0.00085,0.00251,0.00654,0.00157,0.01980
1413393930.305929660797119,0.01235,0.00034,0.00128,0.00184,0.00125,0.00262,0.01967
1413393930.355926990509033,0.01165,0.00033,0.00115,0.00134,0.00188,0.00205,0.01840
1413393930.405924797058105,0.00926,0.00036,0.00129,0.00142,0.00149,0.00368,0.01750
1413393930.455922365188599,0.01006,0.00032,0.00043,0.00154,0.00640,0.00260,0.02135
1413393930.505920886993408,0.00802,0.00031,0.00324,0.00116,0.00529,0.00228,0.02030
1413393930.555920600891113,0.00792,0.00043,0.00124,0.00138,0.00056,0.00399,0.01552
1413393930.605918884277344,0.00859,0.00034,0.00233,0.00119,0.00163,0.00341,0.01748
1413393930.655909538269043,0.00684,0.00039,0.00109,0.00152,0.00862,0.00211,0.02056
1413393930.705908298492432,0.00861,0.00042,0.00168,0.00212,0.00225,0.00237,0.01745
1413393930.755901813507080,0.00705,0.00032,0.00424,0.00336,0.00746,0.00160,0.02402
1413393930.805900096893311,0.00823,0.00035,0.00121,0.00377,0.00447,0.00235,0.02040
1413393930.855901956558228,0.00764,0.00034,0.00124,0.00410,0.00450,0.00189,0.01972
1413393930.905903577804565,0.00778,0.00043,0.00390,0.00399,0.00485,0.00150,0.02245
1413393930.955904483795166,0.00738,0.00044,0.00246,0.00381,0.00175,0.00183,0.01767
1413393931.005909919738770,0.00625,0.00037,0.00113,0.00372,0.00567,0.00144,0.01858
1413393931.055911064147949,0.00764,0.00047,0.00265,0.00524,0.00119,0.00210,0.01930
1413393931.105911731719971,0.00783,0.00041,0.00169,0.00630,0.00115,0.00238,0.01976
1413393931.155913591384888,0.00756,0.00037,0.00150,0.00718,0.01015,0.00154,0.02829
1413393931.205914258956909,0.00356,0.00020,0.00053,0.00306,0.00241,0.00149,0.01124
1413393931.255913972854614,0.00866,0.00034,0.00189,0.00588,0.00202,0.00143,0.02021
1413393931.305915117263794,0.00721,0.00042,0.00222,0.00713,0.00068,0.00169,0.01934
1413393931.355915784835815,0.00856,0.00048,0.00830,0.00392,0.00447,0.00149,0.02722
1413393931.405917406082153,0.00786,0.00036,0.00124,0.00880,0.00222,0.00165,0.02213
1413393931.455917119979858,0.01232,0.00053,0.00441,0.00607,0.00000,0.00157,0.02490
1413393931.505918025970459,0.00868,0.00044,0.00052,0.00974,0.00098,0.00177,0.02213
1413393931.555920124053955,0.01003,0.00041,0.00294,0.00831,0.00001,0.00163,0.02333
1413393931.605921030044556,0.00759,0.00041,0.00358,0.00619,0.00428,0.00143,0.02349
1413393931.655920743942261,0.01072,0.00036,0.00320,0.00463,0.00016,0.00150,0.02056
1413393931.705920696258545,0.00921,0.00033,0.00295,0.00590,0.00013,0.00174,0.02026
1413393931.755920648574829,0.00262,0.00019,0.00068,0.00319,0.00186,0.00144,0.00998
1413393931.805920839309692,0.00748,0.00046,0.00158,0.00633,0.00574,0.00144,0.02302
1413393931.855921268463135,0.00795,0.00037,0.00274,0.00758,0.00158,0.00187,0.02209
1413393931.905921220779419,0.00815,0.00049,0.00317,0.00518,0.00002,0.00184,0.01884
1413393931.955921649932861,0.00892,0.00037,0.00041,0.00627,0.00329,0.00203,0.02129
1413393932.005920886993408,0.00506,0.00031,0.00043,0.00612,0.00313,0.00236,0.01741
1413393932.055921792984009,0.00738,0.00039,0.00271,0.00612,0.00225,0.00184,0.02070
1413393932.105921983718872,0.01000,0.00035,0.00459,0.00473,0.00656,0.00147,0.02770
1413393932.155922412872314,0.00594,0.00029,0.00149,0.00713,0.00214,0.00202,0.01901
1413393932.205922126770020,0.00794,0.00043,0.00680,0.00549,0.00394,0.00134,0.02594
1413393932.255921125411987,0.01126,0.00039,0.00681,0.00388,0.00061,0.00148,0.02442
1413393932.305920362472534,0.00859,0.00048,0.00071,0.00774,0.00231,0.00178,0.02160
1413393932.355920553207397,0.01084,0.00052,0.00629,0.00390,0.00361,0.00162,0.02678
1413393932.405919075012207,0.00933,0.00050,0.00214,0.00500,0.00172,0.00175,0.02044
1413393932.455919027328491,0.00922,0.00035,0.00317,0.00569,0.00090,0.00209,0.02141
1413393932.505917787551880,0.01137,0.00039,0.00118,0.00399,0.00537,0.00151,0.02381
1413393932.555917024612427,0.00828,0.00035,0.00114,0.00636,0.00341,0.00206,0.02160
1413393932.605917215347290,0.00647,0.00041,0.00208,0.00489,0.00157,0.00193,0.01736
1413393932.655916929244995,0.00839,0.00040,0.00385,0.00421,0.00237,0.00156,0.02077
1413393932.705916166305542,0.00765,0.00043,0.00289,0.00559,0.00415,0.00153,0.02224
1413393932.755916833877563,0.00806,0.00042,0.00319,0.00576,0.00260,0.00173,0.02175
1413393932.805917024612427,0.00771,0.00044,0.00327,0.00453,0.00467,0.00148,0.02210
1413393932.855918169021606,0.00901,0.00040,0.01090,0.00318,0.00649,0.00143,0.03140
1413393932.905919551849365,0.00530,0.00038,0.00043,0.00802,0.00128,0.00248,0.01788
1413393932.955920934677124,0.00723,0.00051,0.00218,0.00781,0.00280,0.00176,0.02228
1413393933.005922317504883,0.00867,0.00048,0.00158,0.00886,0.00603,0.00154,0.02716
1413393933.055922985076904,0.00688,0.00036,0.00706,0.00624,0.00101,0.00163,0.02317
1413393933.105922937393188,0.00777,0.00046,0.00121,0.00806,0.00103,0.00208,0.02062
1413393933.155923604965210,0.00990,0.00036,0.00039,0.00729,0.00129,0.00201,0.02125
1413393933.205924272537231,0.00757,0.00047,0.00100,0.00876,0.00545,0.00168,0.02493
1413393933.255924701690674,0.00689,0.00044,0.00047,0.00732,0.00266,0.00149,0.01927
1413393933.305924892425537,0.00667,0.00048,0.00954,0.00421,0.00108,0.00152,0.02349
1413393933.355926036834717,0.00669,0.00043,0.00127,0.00718,0.00086,0.00164,0.01808
1413393933.405926465988159,0.00788,0.00045,0.00727,0.00498,0.00077,0.00160,0.02296
1413393933.455927133560181,0.00687,0.00040,0.01145,0.00454,0.00001,0.00170,0.02497
1413393933.505926132202148,0.00749,0.00041,0.00063,0.00971,0.00112,0.00207,0.02142
1413393933.555926322937012,0.00794,0.00049,0.00200,0.00865,0.00120,0.00212,0.02239
1413393933.605925798416138,0.00843,0.00050,0.00759,0.00373,0.00159,0.00174,0.02358
1413393933.655923366546631,0.00704,0.00041,0.00903,0.00433,0.00161,0.00160,0.02402
1413393933.705921173095703,0.00947,0.00048,0.00738,0.00545,0.00240,0.00160,0.02679
1413393933.755920171737671,0.00796,0.00048,0.00146,0.00898,0.00002,0.00217,0.02106
1413393933.805919408798218,0.00372,0.00022,0.00033,0.00301,0.00016,0.00156,0.00899
1413393933.855919122695923,0.00997,0.00046,0.00061,0.00638,0.00068,0.00209,0.02018
1413393933.905918598175049,0.00730,0.00050,0.00616,0.00630,0.00454,0.00155,0.02635
1413393933.955919742584229,0.00759,0.00046,0.00168,0.00894,0.00124,0.00204,0.02196
1413393934.005921125411987,0.00737,0.00041,0.00284,0.00812,0.00384,0.00199,0.02456
1413393934.055918216705322,0.00625,0.00046,0.00918,0.00283,0.00202,0.00153,0.02227
1413393934.105918645858765,0.01147,0.00046,0.00168,0.00574,0.00001,0.00221,0.02158
1413393934.155918836593628,0.01283,0.00037,0.00079,0.00497,0.00547,0.00158,0.02601
1413393934.205920934677124,0.00746,0.00043,0.00183,0.00726,0.00174,0.00211,0.02082
1413393934.255928516387939,0.00937,0.00042,0.01081,0.00258,0.00708,0.00155,0.03181
1413393934.305932044982910,0.00385,0.00031,0.00492,0.00441,0.00030,0.00233,0.01612
1413393934.355937242507935,0.00831,0.00041,0.00044,0.00528,0.00205,0.00229,0.01879
1413393934.405944585800171,0.00995,0.00046,0.00189,0.00386,0.00751,0.00171,0.02538
1413393934.455947637557983,0.00766,0.00038,0.00177,0.00705,0.00107,0.00238,0.02031
1413393934.505948543548584,0.00720,0.00043,0.00240,0.00494,0.00198,0.00241,0.01937
1413393934.555948019027710,0.00953,0.00044,0.00480,0.00351,0.00110,0.00219,0.02156
1413393934.605945587158203,0.00694,0.00038,0.00257,0.00411,0.00227,0.00182,0.01810
1413393934.655944347381592,0.00728,0.00039,0.00406,0.00283,0.00461,0.00163,0.02080
1413393934.705942392349243,0.00668,0.00040,0.00022,0.00401,0.00626,0.00193,0.01951
1413393934.755940675735474,0.00685,0.00038,0.00185,0.00358,0.00154,0.00249,0.01668
1413393934.805940151214600,0.00671,0.00040,0.00114,0.00354,0.00078,0.00343,0.01599
1413393934.855939149856567,0.00687,0.00038,0.00328,0.00401,0.00582,0.00193,0.02228
1413393934.905938148498535,0.01104,0.00039,0.00185,0.00413,0.00681,0.00167,0.02589
1413393934.955938339233398,0.01036,0.00025,0.00089,0.00323,0.00118,0.00156,0.01746
1413393935.005938768386841,0.00753,0.00036,0.00229,0.00405,0.00084,0.00207,0.01715
1413393935.055936574935913,0.00967,0.00033,0.00182,0.00238,0.00233,0.00165,0.01818
1413393935.105934143066406,0.01098,0.00035,0.00412,0.00201,0.00564,0.00160,0.02470
1413393935.155934095382690,0.01007,0.00037,0.00245,0.00294,0.00000,0.00280,0.01863
1413393935.205934286117554,0.00703,0.00033,0.00166,0.00211,0.00193,0.00353,0.01659
1413393935.255933523178101,0.00715,0.00032,0.00365,0.00215,0.00637,0.00181,0.02144
1413393935.305931329727173,0.01097,0.00036,0.00243,0.00253,0.00629,0.00181,0.02440
1413393935.355930089950562,0.00936,0.00045,0.00367,0.00310,0.00107,0.00243,0.02007
1413393935.405927181243896,0.00846,0.00061,0.00218,0.00325,0.00134,0.00300,0.01884
1413393935.455921649932861,0.00708,0.00041,0.00152,0.00205,0.01456,0.00157,0.02718
1413393935.505918502807617,0.00844,0.00023,0.00134,0.00173,0.00563,0.00155,0.01891
1413393935.555918216705322,0.01002,0.00035,0.00314,0.00315,0.00148,0.00253,0.02067
1413393935.605924129486084,0.00708,0.00046,0.01201,0.00160,0.01231,0.00150,0.03496
1413393935.655924558639526,0.00296,0.00022,0.00079,0.00506,0.00162,0.00239,0.01304
1413393935.705925464630127,0.00975,0.00048,0.00110,0.00801,0.00097,0.00207,0.02237
1413393935.755926132202148,0.01016,0.00039,0.00070,0.00584,0.00000,0.00181,0.01890
1413393935.805925846099854,0.01011,0.00041,0.00073,0.00783,0.00025,0.00230,0.02164
1413393935.855923414230347,0.00395,0.00029,0.00712,0.00566,0.01969,0.00160,0.03832
1413393935.905925035476685,0.00332,0.00020,0.00144,0.00530,0.00000,0.00168,0.01194
1413393935.955927610397339,0.01041,0.00051,0.00813,0.00504,0.00000,0.00161,0.02571
1413393936.005928516387939,0.00671,0.00040,0.00314,0.00900,0.00025,0.00208,0.02158
1413393936.055929422378540,0.00636,0.00018,0.00043,0.00565,0.00349,0.00161,0.01773
1413393936.105931520462036,0.00748,0.00051,0.00583,0.00608,0.00183,0.00151,0.02325
1413393936.155934333801270,0.00445,0.00027,0.00307,0.00380,0.00000,0.00148,0.01307
1413393936.205937623977661,0.01226,0.00047,0.01036,0.00288,0.00194,0.00153,0.02944
1413393936.255934000015259,0.01051,0.00044,0.00710,0.00370,0.00363,0.00155,0.02693
1413393936.305933475494385,0.00634,0.00038,0.00067,0.00889,0.00000,0.00240,0.01868
1413393936.355933666229248,0.00926,0.00046,0.00117,0.00641,0.00024,0.00198,0.01952
1413393936.405931472778320,0.00812,0.00040,0.00488,0.00573,0.00020,0.00214,0.02148
1413393936.455930233001709,0.00736,0.00033,0.00244,0.00409,0.00142,0.00178,0.01742
1413393936.505931138992310,0.00740,0.00046,0.00180,0.00559,0.00151,0.00236,0.01912
1413393936.555931568145752,0.00841,0.00045,0.00266,0.00624,0.00268,0.00203,0.02247
1413393936.605931282043457,0.00688,0.00043,0.00282,0.00514,0.00944,0.00155,0.02626
1413393936.655931234359741,0.00744,0.00034,0.00147,0.00379,0.00000,0.00341,0.01645
1413393936.705929756164551,0.00779,0.00041,0.00470,0.00187,0.00116,0.00240,0.01831
1413393936.755928993225098,0.01170,0.00034,0.00096,0.00121,0.00711,0.00172,0.02305
1413393936.805928468704224,0.01122,0.00039,0.00063,0.00335,0.00475,0.00210,0.02244
1413393936.855929136276245,0.01014,0.00040,0.00120,0.00349,0.00141,0.00247,0.01911
1413393936.905928850173950,0.00837,0.00040,0.00135,0.00310,0.00000,0.00344,0.01666
1413393936.955931186676025,0.01109,0.00035,0.00125,0.00161,0.01057,0.00162,0.02649
1413393937.005932331085205,0.00781,0.00037,0.00159,0.00589,0.00000,0.00270,0.01836
1413393937.055933713912964,0.00997,0.00043,0.00128,0.00399,0.00000,0.00261,0.01827
1413393937.105934619903564,0.01003,0.00035,0.00176,0.00333,0.00528,0.00182,0.02256
1413393937.155934333801270,0.00460,0.00038,0.00251,0.00394,0.00002,0.00300,0.01445
1413393937.205935478210449,0.00745,0.00040,0.00298,0.00334,0.00541,0.00175,0.02133
1413393937.255935668945312,0.00766,0.00038,0.00025,0.00501,0.00363,0.00271,0.01965
1413393937.305938720703125,0.00718,0.00043,0.00284,0.00409,0.00382,0.00196,0.02032
1413393937.355938196182251,0.00931,0.00039,0.00577,0.00303,0.00135,0.00220,0.02204
1413393937.405936479568481,0.00742,0.00040,0.00160,0.00381,0.00194,0.00212,0.01728
1413393937.455932140350342,0.00689,0.00042,0.00035,0.00482,0.00348,0.00210,0.01806
1413393937.505926609039307,0.00651,0.00044,0.00017,0.00580,0.00326,0.00266,0.01884
1413393937.555926322937012,0.00752,0.00034,0.00131,0.00601,0.00397,0.00212,0.02127
1413393937.605924129486084,0.00906,0.00043,0.00116,0.00551,0.00654,0.00164,0.02434
1413393937.655923128128052,0.00671,0.00042,0.00221,0.00729,0.00817,0.00149,0.02629
1413393937.705924272537231,0.00643,0.00044,0.01017,0.00468,0.00579,0.00139,0.02891
1413393937.755927562713623,0.00701,0.00024,0.00073,0.00495,0.00058,0.00162,0.01514
1413393937.805930137634277,0.01000,0.00037,0.00618,0.00370,0.00413,0.00151,0.02588
1413393937.855933427810669,0.00661,0.00044,0.00034,0.01116,0.00220,0.00198,0.02271
1413393937.905934333801270,0.00912,0.00043,0.00648,0.00555,0.00066,0.00164,0.02388
1413393937.955935716629028,0.00269,0.00018,0.00355,0.00463,0.00068,0.00153,0.01326
1413393938.005938768386841,0.00897,0.00047,0.00014,0.00934,0.00135,0.00158,0.02185
1413393938.055939674377441,0.00674,0.00045,0.00194,0.01150,0.00005,0.00201,0.02269
1413393938.105940341949463,0.00613,0.00041,0.00308,0.00915,0.00139,0.00150,0.02167
1413393938.155942201614380,0.00561,0.00031,0.00028,0.00980,0.00160,0.00210,0.01970
1413393938.205942153930664,0.00708,0.00052,0.00021,0.01241,0.00000,0.00189,0.02211
1413393938.255939006805420,0.00937,0.00037,0.00123,0.00832,0.00000,0.00162,0.02091
1413393938.305926799774170,0.00676,0.00043,0.01795,0.00479,0.00000,0.00152,0.03145
1413393938.355924367904663,0.00411,0.00027,0.00098,0.00618,0.00000,0.00153,0.01308
1413393938.405921697616577,0.00900,0.00048,0.00898,0.00632,0.00004,0.00158,0.02640
1413393938.455919027328491,0.00718,0.00045,0.00019,0.01165,0.00000,0.00205,0.02153
1413393938.505918025970459,0.00617,0.00042,0.00017,0.01059,0.00285,0.00152,0.02172
1413393938.555916309356689,0.00604,0.00048,0.00829,0.00552,0.00018,0.00144,0.02195
1413393938.605916500091553,0.00842,0.00035,0.00016,0.00799,0.00000,0.00170,0.01861
1413393938.655917406082153,0.00663,0.00047,0.00032,0.00884,0.00080,0.00174,0.01879
1413393938.705916166305542,0.00708,0.00043,0.00031,0.00985,0.00193,0.00176,0.02136
1413393938.755915880203247,0.00647,0.00043,0.00597,0.00605,0.00339,0.00159,0.02390
1413393938.805914640426636,0.00694,0.00048,0.00129,0.01124,0.00311,0.00165,0.02471
1413393938.855915784835815,0.00666,0.00039,0.00023,0.00937,0.00000,0.00173,0.01838
1413393938.905919075012207,0.00661,0.00047,0.01375,0.00376,0.00180,0.00151,0.02789
1413393938.955920696258545,0.00296,0.00024,0.00067,0.00785,0.00108,0.00238,0.01517
1413393939.005921840667725,0.00592,0.00038,0.00118,0.00790,0.00528,0.00153,0.02220
1413393939.055926799774170,0.00854,0.00042,0.00106,0.00943,0.00024,0.00231,0.02201
1413393939.105934619903564,0.00992,0.00026,0.00014,0.00316,0.00131,0.00167,0.01645
1413393939.155949831008911,0.00678,0.00041,0.01422,0.00170,0.00828,0.00157,0.03295
1413393939.205942630767822,0.00330,0.00027,0.00199,0.00224,0.00091,0.00141,0.01012
1413393939.255936861038208,0.00903,0.00051,0.00042,0.00792,0.00004,0.00251,0.02043
1413393939.305931568145752,0.00691,0.00045,0.00118,0.00767,0.00105,0.00241,0.01967
1413393939.355928182601929,0.00782,0.00042,0.00058,0.00736,0.00129,0.00182,0.01928
1413393939.405928373336792,0.01368,0.00036,0.00025,0.00654,0.00019,0.00186,0.02288
1413393939.455928087234497,0.00809,0.00040,0.00301,0.00712,0.00000,0.00228,0.02091
1413393939.505931854248047,0.00921,0.00043,0.00249,0.00558,0.00902,0.00146,0.02819
1413393939.555934429168701,0.00991,0.00048,0.00686,0.00386,0.00019,0.00165,0.02297
1413393939.605934619903564,0.00979,0.00039,0.00308,0.00541,0.00251,0.00201,0.02320
1413393939.655928850173950,0.00820,0.00040,0.00558,0.00410,0.00664,0.00152,0.02646
1413393939.705922603607178,0.00615,0.00034,0.00172,0.00537,0.00019,0.00184,0.01560
1413393939.755911111831665,0.00994,0.00039,0.00158,0.00570,0.00333,0.00170,0.02263
1413393939.805891752243042,0.01102,0.00033,0.00304,0.00361,0.00114,0.00177,0.02091
1413393939.855873823165894,0.01114,0.00027,0.00333,0.00332,0.00125,0.00251,0.02183
1413393939.905862092971802,0.01190,0.00043,0.00582,0.00222,0.00024,0.00206,0.02267
1413393939.955848932266235,0.01059,0.00038,0.00585,0.00113,0.00311,0.00251,0.02356
1413393940.005846500396729,0.00526,0.00019,0.00285,0.00075,0.00054,0.00152,0.01110
1413393940.055845737457275,0.00347,0.00016,0.00024,0.00085,0.00128,0.00255,0.00856
1413393940.105848789215088,0.00848,0.00033,0.00077,0.00154,0.00060,0.00216,0.01388
1413393940.155852794647217,0.00847,0.00033,0.00041,0.00179,0.00036,0.00418,0.01554
1413393940.205855131149292,0.01036,0.00031,0.00152,0.00175,0.00031,0.00275,0.01700
1413393940.255860567092896,0.00723,0.00031,0.00101,0.00206,0.00028,0.00600,0.01689
1413393940.305875301361084,0.01083,0.00031,0.00135,0.00233,0.00871,0.00152,0.02504
1413393940.355876684188843,0.00656,0.00029,0.00061,0.00456,0.00027,0.00361,0.01591
1413393940.405881643295288,0.00753,0.00041,0.00100,0.00453,0.00000,0.00301,0.01648
1413393940.455888986587524,0.00844,0.00032,0.00064,0.00324,0.00000,0.00298,0.01563
1413393940.505911588668823,0.01039,0.00044,0.00194,0.00228,0.01406,0.00143,0.03054
1413393940.555910825729370,0.00533,0.00022,0.00246,0.00266,0.00198,0.00134,0.01399
1413393940.605908155441284,0.00912,0.00043,0.00240,0.00417,0.00158,0.00160,0.01930
1413393940.655903339385986,0.00465,0.00016,0.00029,0.00199,0.00485,0.00346,0.01540
1413393940.705894947052002,0.01297,0.00040,0.00217,0.00205,0.00208,0.00159,0.02125
1413393940.755887746810913,0.00698,0.00037,0.00036,0.00385,0.00577,0.00370,0.02103
1413393940.805877447128296,0.01302,0.00041,0.00096,0.00362,0.00102,0.00228,0.02132
1413393940.855861186981201,0.00827,0.00041,0.00202,0.00335,0.00029,0.00543,0.01977
1413393940.905850172042847,0.01147,0.00034,0.00213,0.00181,0.00001,0.00204,0.01781
1413393940.955836772918701,0.00992,0.00037,0.00560,0.00191,0.00207,0.00308,0.02295
1413393941.005826234817505,0.01200,0.00038,0.00427,0.00169,0.00441,0.00148,0.02423
1413393941.055814981460571,0.01226,0.00031,0.00730,0.00141,0.00014,0.00276,0.02417
1413393941.105813980102539,0.01110,0.00039,0.00649,0.00199,0.00000,0.00197,0.02195
1413393941.155815601348877,0.00858,0.00032,0.00024,0.00276,0.00090,0.00464,0.01744
1413393941.205818414688110,0.01169,0.00032,0.00248,0.00093,0.00046,0.00222,0.01810
1413393941.255825042724609,0.00892,0.00035,0.00175,0.00159,0.00184,0.00315,0.01760
1413393941.305835247039795,0.00816,0.00040,0.00079,0.00149,0.00416,0.00256,0.01756
1413393941.355855464935303,0.01005,0.00037,0.00169,0.00297,0.00819,0.00150,0.02477
1413393941.405865669250488,0.00799,0.00036,0.00405,0.00321,0.00059,0.00164,0.01785
1413393941.455874204635620,0.00812,0.00037,0.00483,0.00373,0.00074,0.00171,0.01950
1413393941.505886793136597,0.00729,0.00041,0.00144,0.00529,0.00769,0.00155,0.02367
1413393941.555891275405884,0.00858,0.00029,0.00165,0.00463,0.00449,0.00139,0.02103
1413393941.605891466140747,0.00879,0.00039,0.00466,0.00353,0.00263,0.00150,0.02151
1413393941.655887842178345,0.00701,0.00044,0.00121,0.00613,0.00274,0.00148,0.01901
1413393941.705884933471680,0.00640,0.00039,0.00037,0.00773,0.00230,0.00186,0.01905
1413393941.755883693695068,0.00778,0.00042,0.00217,0.00625,0.00086,0.00182,0.01931
1413393941.805880784988403,0.00726,0.00044,0.00156,0.00792,0.00403,0.00184,0.02306
1413393941.855874776840210,0.00773,0.00035,0.00151,0.00615,0.00615,0.00161,0.02350
1413393941.905869245529175,0.00676,0.00049,0.00132,0.00681,0.00117,0.00157,0.01812
1413393941.955865383148193,0.00806,0.00040,0.01034,0.00417,0.00408,0.00132,0.02837
1413393942.005864858627319,0.00859,0.00050,0.00689,0.00499,0.00158,0.00149,0.02404
1413393942.055863380432129,0.01149,0.00029,0.00652,0.00213,0.00056,0.00145,0.02244
1413393942.105863571166992,0.00345,0.00018,0.00054,0.00211,0.00012,0.00133,0.00772
1413393942.155859708786011,0.00697,0.00033,0.00096,0.00385,0.00452,0.00140,0.01803
1413393942.205858469009399,0.00986,0.00036,0.00303,0.00472,0.00000,0.00223,0.02020
1413393942.255855560302734,0.00841,0.00036,0.00062,0.00538,0.00002,0.00270,0.01749
1413393942.305858135223389,0.00812,0.00043,0.00052,0.00519,0.00463,0.00183,0.02072
1413393942.355860471725464,0.00842,0.00037,0.00186,0.00415,0.00219,0.00176,0.01874
1413393942.405862808227539,0.00961,0.00042,0.00199,0.00540,0.00000,0.00246,0.01987
1413393942.455861091613770,0.01029,0.00038,0.00089,0.00566,0.00000,0.00271,0.01994
1413393942.505859375000000,0.00800,0.00039,0.00142,0.00555,0.00002,0.00283,0.01821
1413393942.555850267410278,0.01046,0.00027,0.00005,0.00383,0.00569,0.00150,0.02180
1413393942.605845689773560,0.00766,0.00042,0.00091,0.00748,0.00734,0.00153,0.02535
1413393942.655843496322632,0.00620,0.00030,0.00013,0.00564,0.00928,0.00150,0.02305
1413393942.705842733383179,0.00633,0.00042,0.00307,0.00601,0.00427,0.00149,0.02159
1413393942.755841732025146,0.00773,0.00043,0.00600,0.00473,0.00057,0.00154,0.02100
1413393942.805835485458374,0.00686,0.00046,0.00284,0.00705,0.00318,0.00151,0.02189
1413393942.855828285217285,0.01076,0.00054,0.00951,0.00414,0.00226,0.00165,0.02886
1413393942.905823707580566,0.00740,0.00040,0.00018,0.01024,0.00034,0.00206,0.02062
1413393942.955820560455322,0.00998,0.00053,0.00247,0.00761,0.00198,0.00169,0.02427
1413393943.005814313888550,0.00740,0.00040,0.00138,0.00933,0.00464,0.00162,0.02478
1413393943.055805921554565,0.00692,0.00043,0.00402,0.00582,0.00093,0.00159,0.01970
1413393943.105799674987793,0.00777,0.00046,0.00572,0.00541,0.00110,0.00156,0.02203
1413393943.155789136886597,0.00872,0.00033,0.00903,0.00367,0.00307,0.00149,0.02631
1413393943.205786705017090,0.00630,0.00042,0.00943,0.00572,0.00020,0.00151,0.02358
1413393943.255783557891846,0.00958,0.00036,0.00144,0.00570,0.00002,0.00149,0.01859
1413393943.305782079696655,0.00763,0.00048,0.00104,0.00896,0.00175,0.00178,0.02164
1413393943.355779886245728,0.00677,0.00045,0.00205,0.00929,0.00054,0.00198,0.02109
1413393943.405776262283325,0.00782,0.00054,0.00173,0.00949,0.00095,0.00187,0.02238
1413393943.455776453018188,0.00944,0.00039,0.00462,0.00604,0.00349,0.00152,0.02551
1413393943.505782604217529,0.00907,0.00034,0.00139,0.00566,0.00000,0.00158,0.01804
1413393943.555785894393921,0.00696,0.00047,0.00078,0.01070,0.00139,0.00191,0.02220
1413393943.605781078338623,0.00738,0.00044,0.00014,0.01145,0.00104,0.00176,0.02221
1413393943.655778408050537,0.00608,0.00045,0.00036,0.00924,0.00000,0.00185,0.01799
1413393943.705778598785400,0.00809,0.00057,0.00653,0.00594,0.00423,0.00146,0.02682
1413393943.755782604217529,0.00665,0.00037,0.00823,0.00441,0.00115,0.00166,0.02246
1413393943.805785417556763,0.00859,0.00034,0.00619,0.00474,0.00020,0.00159,0.02165
1413393943.855793714523315,0.00724,0.00046,0.00729,0.00712,0.00261,0.00150,0.02622
1413393943.905799865722656,0.00682,0.00045,0.00025,0.00693,0.00022,0.00173,0.01641
1413393943.955808877944946,0.00680,0.00041,0.00061,0.00844,0.00070,0.00195,0.01891
1413393944.005819797515869,0.00868,0.00047,0.00204,0.00684,0.00153,0.00153,0.02109
1413393944.055834293365479,0.00701,0.00038,0.00313,0.00671,0.00277,0.00161,0.02161
1413393944.105842113494873,0.00791,0.00042,0.00323,0.00641,0.00001,0.00178,0.01975
1413393944.155853748321533,0.00267,0.00025,0.00198,0.00406,0.00606,0.00151,0.01653
1413393944.205857276916504,0.00366,0.00018,0.00109,0.00426,0.00001,0.00142,0.01062
1413393944.255860328674316,0.00769,0.00038,0.00817,0.00486,0.00123,0.00157,0.02390
1413393944.305861949920654,0.00481,0.00034,0.00192,0.00494,0.00001,0.00153,0.01356
1413393944.355865001678467,0.00749,0.00042,0.00897,0.00436,0.00462,0.00148,0.02734
1413393944.405866861343384,0.00697,0.00031,0.00143,0.00576,0.00003,0.00149,0.01598
1413393944.455869674682617,0.00801,0.00043,0.00208,0.00634,0.00000,0.00179,0.01865
1413393944.505873918533325,0.00767,0.00044,0.00241,0.00688,0.00001,0.00253,0.01995
1413393944.555881261825562,0.01023,0.00040,0.00022,0.00654,0.00193,0.00216,0.02147
1413393944.605888843536377,0.00690,0.00048,0.00028,0.00769,0.00325,0.00215,0.02074
1413393944.655896186828613,0.00639,0.00034,0.00059,0.00730,0.00652,0.00169,0.02284
1413393944.705898523330688,0.00876,0.00046,0.00044,0.00603,0.00085,0.00164,0.01817
1413393944.755901575088501,0.00727,0.00042,0.00210,0.00698,0.00371,0.00149,0.02197
1413393944.805902481079102,0.00720,0.00036,0.00226,0.00658,0.00519,0.00154,0.02313
1413393944.855900764465332,0.00978,0.00034,0.00017,0.00641,0.00060,0.00156,0.01887
1413393944.905899286270142,0.00704,0.00049,0.00099,0.01003,0.00553,0.00151,0.02559
1413393944.955893754959106,0.00773,0.00035,0.00004,0.00706,0.00623,0.00138,0.02279
1413393945.005885601043701,0.00882,0.00040,0.00528,0.00491,0.00120,0.00161,0.02222
1413393945.055877447128296,0.01229,0.00054,0.00255,0.00715,0.00021,0.00156,0.02430
1413393945.105873107910156,0.00842,0.00043,0.00282,0.00910,0.00181,0.00149,0.02407
1413393945.155873775482178,0.01503,0.00030,0.00272,0.00531,0.00205,0.00150,0.02691
1413393945.205872535705566,0.00710,0.00042,0.00515,0.00743,0.00175,0.00153,0.02337
1413393945.255871534347534,0.00770,0.00035,0.00825,0.00372,0.00117,0.00145,0.02264
1413393945.305871486663818,0.01003,0.00039,0.00210,0.00538,0.00226,0.00153,0.02170
1413393945.355873584747314,0.00801,0.00044,0.00220,0.00854,0.00270,0.00160,0.02349
1413393945.405873298645020,0.00822,0.00041,0.00306,0.00790,0.00259,0.00148,0.02366
1413393945.455874681472778,0.00800,0.00039,0.00137,0.00679,0.00071,0.00165,0.01890
1413393945.505875587463379,0.00732,0.00047,0.00128,0.00737,0.00000,0.00189,0.01832
1413393945.555873632431030,0.00714,0.00039,0.00164,0.00865,0.00007,0.00240,0.02029
1413393945.605872392654419,0.01031,0.00041,0.00482,0.00540,0.00287,0.00155,0.02536
1413393945.655871629714966,0.00792,0.00044,0.00060,0.00739,0.00000,0.00247,0.01882
1413393945.705873250961304,0.00761,0.00043,0.00788,0.00376,0.00228,0.00146,0.02341
1413393945.755873441696167,0.00667,0.00047,0.00182,0.00535,0.00047,0.00183,0.01662
1413393945.805873870849609,0.01002,0.00039,0.00035,0.00671,0.00160,0.00202,0.02108
1413393945.855874061584473,0.01180,0.00043,0.00042,0.00589,0.00357,0.00162,0.02373
1413393945.905873537063599,0.01010,0.00034,0.00116,0.00494,0.00146,0.00164,0.01965
1413393945.955872774124146,0.00810,0.00046,0.00053,0.00723,0.00200,0.00217,0.02048
1413393946.005870819091797,0.00800,0.00047,0.00034,0.00655,0.00000,0.00231,0.01768
1413393946.055870056152344,0.00725,0.00037,0.00126,0.00735,0.00004,0.00268,0.01895
1413393946.105871200561523,0.00636,0.00037,0.00058,0.00640,0.00004,0.00263,0.01638
1413393946.155868768692017,0.00674,0.00041,0.00115,0.00468,0.00516,0.00162,0.01977
1413393946.205864667892456,0.00437,0.00028,0.00157,0.00218,0.00364,0.00173,0.01377
1413393946.255865097045898,0.00370,0.00017,0.00023,0.00187,0.00282,0.00139,0.01019
1413393946.305867671966553,0.00768,0.00045,0.00102,0.00620,0.00036,0.00248,0.01819
1413393946.355871915817261,0.00788,0.00036,0.00045,0.00880,0.00079,0.00378,0.02207
1413393946.405877351760864,0.00915,0.00035,0.00040,0.00424,0.00283,0.00157,0.01855
1413393946.455878973007202,0.00833,0.00034,0.00089,0.00497,0.00338,0.00177,0.01968
1413393946.505881309509277,0.00916,0.00036,0.00050,0.00483,0.00043,0.00220,0.01749
1413393946.555881977081299,0.00900,0.00036,0.00040,0.00485,0.00045,0.00242,0.01748
1413393946.605883121490479,0.00861,0.00034,0.00063,0.00469,0.00229,0.00191,0.01847
1413393946.655885457992554,0.00806,0.00043,0.00024,0.00571,0.00192,0.00171,0.01807
1413393946.705885648727417,0.01096,0.00033,0.00100,0.00431,0.00133,0.00191,0.01984
1413393946.755885839462280,0.00923,0.00037,0.00050,0.00546,0.00396,0.00194,0.02147
1413393946.805884122848511,0.01068,0.00038,0.00015,0.00640,0.00453,0.00172,0.02385
1413393946.855880975723267,0.00592,0.00034,0.00068,0.00822,0.00130,0.00226,0.01871
1413393946.905876874923706,0.00336,0.00020,0.00024,0.00446,0.00005,0.00269,0.01101
1413393946.955873727798462,0.00792,0.00047,0.00050,0.00836,0.00197,0.00210,0.02133
1413393947.005873680114746,0.00724,0.00033,0.00089,0.00464,0.00009,0.00166,0.01485
1413393947.055873394012451,0.00716,0.00034,0.00057,0.00528,0.00380,0.00143,0.01858
1413393947.105873107910156,0.01168,0.00052,0.00337,0.00517,0.00678,0.00145,0.02897
1413393947.155873060226440,0.00342,0.00014,0.00058,0.00439,0.00026,0.00210,0.01089
1413393947.205871582031250,0.00808,0.00043,0.00060,0.00745,0.00000,0.00193,0.01849
1413393947.255865335464478,0.00666,0.00038,0.00098,0.00683,0.00552,0.00155,0.02191
1413393947.305861949920654,0.00829,0.00036,0.00077,0.00833,0.00033,0.00217,0.02025
1413393947.355858802795410,0.00884,0.00037,0.00163,0.00483,0.00008,0.00199,0.01775
1413393947.405856370925903,0.00875,0.00042,0.00135,0.00503,0.00008,0.00287,0.01849
1413393947.455854177474976,0.00837,0.00041,0.00164,0.00402,0.00086,0.00281,0.01811
1413393947.505852937698364,0.01033,0.00041,0.00351,0.00291,0.00023,0.00193,0.01932
1413393947.555851936340332,0.00839,0.00034,0.00329,0.00373,0.00169,0.00226,0.01971
1413393947.605851650238037,0.00908,0.00028,0.00217,0.00211,0.00149,0.00162,0.01675
1413393947.655851125717163,0.01258,0.00036,0.00081,0.00290,0.00211,0.00189,0.02064
1413393947.705850839614868,0.01069,0.00021,0.00054,0.00239,0.00099,0.00176,0.01659
1413393947.755850553512573,0.00828,0.00028,0.00537,0.00154,0.00000,0.00179,0.01726
1413393947.805850505828857,0.01262,0.00036,0.00184,0.00164,0.00027,0.00279,0.01952
1413393947.855851173400879,0.00966,0.00032,0.00493,0.00092,0.00131,0.00237,0.01951
1413393947.905851840972900,0.01159,0.00029,0.00212,0.00063,0.00301,0.00198,0.01961
1413393947.955852746963501,0.01035,0.00031,0.00108,0.00122,0.00111,0.00487,0.01893
1413393948.005855798721313,0.00885,0.00031,0.00219,0.00140,0.00772,0.00176,0.02223
1413393948.055856704711914,0.01073,0.00032,0.00079,0.00216,0.00057,0.00332,0.01789
1413393948.105858802795410,0.00784,0.00039,0.00495,0.00175,0.00477,0.00171,0.02142
1413393948.155860900878906,0.00698,0.00038,0.00017,0.00285,0.00898,0.00155,0.02090
1413393948.205859899520874,0.00671,0.00034,0.00231,0.00400,0.00145,0.00214,0.01696
1413393948.255859851837158,0.00912,0.00040,0.00256,0.00523,0.00925,0.00163,0.02819
1413393948.305859088897705,0.00336,0.00016,0.00181,0.00177,0.00000,0.00148,0.00858
1413393948.355859279632568,0.00670,0.00042,0.00070,0.00507,0.00379,0.00182,0.01849
1413393948.405859470367432,0.00706,0.00038,0.00579,0.00442,0.00357,0.00183,0.02306
1413393948.455858230590820,0.00842,0.00034,0.00461,0.00352,0.01469,0.00159,0.03318
1413393948.505859136581421,0.00347,0.00022,0.00056,0.00468,0.00026,0.00235,0.01155
1413393948.555860042572021,0.00880,0.00049,0.00372,0.00694,0.00000,0.00187,0.02182
1413393948.605854034423828,0.00916,0.00039,0.00927,0.00374,0.00390,0.00148,0.02793
1413393948.655850648880005,0.00541,0.00043,0.00154,0.00998,0.00000,0.00223,0.01958
1413393948.705848932266235,0.00730,0.00048,0.00499,0.00768,0.00191,0.00162,0.02398
1413393948.755847454071045,0.00893,0.00037,0.00259,0.00615,0.00033,0.00189,0.02026
1413393948.805849790573120,0.01045,0.00032,0.00158,0.00544,0.00000,0.00171,0.01951
1413393948.855853557586670,0.00862,0.00041,0.01102,0.00360,0.00307,0.00151,0.02823
1413393948.905857563018799,0.00674,0.00044,0.00113,0.00928,0.00061,0.00226,0.02045
1413393948.955862045288086,0.00957,0.00040,0.00115,0.00612,0.00062,0.00257,0.02043
1413393949.005866765975952,0.00720,0.00040,0.00093,0.00444,0.00247,0.00231,0.01776
1413393949.055870056152344,0.00898,0.00041,0.00086,0.00369,0.00406,0.00234,0.02033
1413393949.105872392654419,0.00687,0.00039,0.00091,0.00530,0.00161,0.00267,0.01775
1413393949.155876398086548,0.00655,0.00048,0.00165,0.00620,0.00573,0.00179,0.02240
1413393949.205883264541626,0.00632,0.00039,0.00242,0.00432,0.00644,0.00148,0.02137
1413393949.255883932113647,0.00635,0.00050,0.00099,0.00415,0.00050,0.00243,0.01493
1413393949.305885791778564,0.01366,0.00036,0.00346,0.00239,0.00249,0.00155,0.02392
1413393949.355892658233643,0.00729,0.00045,0.00897,0.00336,0.00908,0.00141,0.03057
1413393949.405893325805664,0.00512,0.00037,0.00076,0.00932,0.00049,0.00237,0.01843
1413393949.455894947052002,0.00945,0.00045,0.00012,0.00765,0.00357,0.00185,0.02309
1413393949.505895853042603,0.00968,0.00032,0.00020,0.00647,0.00005,0.00165,0.01837
1413393949.555897951126099,0.00923,0.00048,0.00025,0.00972,0.00037,0.00202,0.02206
1413393949.605901479721069,0.00681,0.00036,0.00135,0.00885,0.00000,0.00225,0.01961
1413393949.655902862548828,0.00666,0.00036,0.00120,0.00865,0.00163,0.00200,0.02050
1413393949.705902576446533,0.00976,0.00041,0.00197,0.00759,0.00153,0.00167,0.02292
1413393949.755901813507080,0.00738,0.00040,0.00244,0.00801,0.00275,0.00154,0.02253
1413393949.805901765823364,0.00614,0.00036,0.00160,0.00663,0.00177,0.00151,0.01801
1413393949.855904102325439,0.00693,0.00039,0.01128,0.00391,0.00537,0.00151,0.02940
1413393949.905905723571777,0.00518,0.00025,0.00471,0.00469,0.00059,0.00155,0.01696
1413393949.955908298492432,0.00754,0.00043,0.00729,0.00475,0.00098,0.00145,0.02244
1413393950.005907535552979,0.00695,0.00037,0.00016,0.00837,0.00025,0.00157,0.01768
1413393950.055905580520630,0.01329,0.00044,0.00281,0.00581,0.00071,0.00168,0.02475
1413393950.105904579162598,0.01172,0.00034,0.01038,0.00344,0.00187,0.00160,0.02935
1413393950.155902385711670,0.00596,0.00029,0.00114,0.00827,0.00209,0.00194,0.01969
1413393950.205901861190796,0.00753,0.00050,0.00170,0.00807,0.00077,0.00215,0.02073
1413393950.255902051925659,0.00733,0.00040,0.00264,0.00703,0.00067,0.00187,0.01995
1413393950.305902719497681,0.00913,0.00041,0.00145,0.00777,0.00002,0.00288,0.02167
1413393950.355903387069702,0.00297,0.00015,0.00083,0.00320,0.00125,0.00220,0.01060
1413393950.405903577804565,0.00448,0.00030,0.00081,0.00523,0.00002,0.00238,0.01323
1413393950.455903291702271,0.00307,0.00016,0.00031,0.00343,0.00134,0.00165,0.00997
1413393950.505902528762817,0.00980,0.00044,0.00113,0.00576,0.00200,0.00190,0.02103
1413393950.555900573730469,0.00729,0.00037,0.00171,0.00866,0.00493,0.00178,0.02474
1413393950.605899572372437,0.00949,0.00043,0.00693,0.00435,0.00464,0.00160,0.02745
1413393950.655897855758667,0.00721,0.00037,0.01721,0.00256,0.00233,0.00160,0.03128
1413393950.705897331237793,0.00451,0.00027,0.00604,0.00223,0.00054,0.00164,0.01523
1413393950.755899190902710,0.00715,0.00050,0.00141,0.00730,0.00029,0.00267,0.01931
1413393950.805900812149048,0.00971,0.00038,0.00231,0.00448,0.00049,0.00207,0.01944
1413393950.855906724929810,0.00745,0.00046,0.01058,0.00298,0.01221,0.00151,0.03520
1413393950.905909776687622,0.00298,0.00020,0.00050,0.00338,0.00025,0.00139,0.00869
1413393950.955912351608276,0.00745,0.00049,0.00137,0.00653,0.00091,0.00214,0.01888
1413393951.005915403366089,0.00866,0.00035,0.00186,0.00508,0.00260,0.00172,0.02028
1413393951.055916547775269,0.00744,0.00048,0.00231,0.00439,0.00093,0.00347,0.01902
1413393951.105917453765869,0.00825,0.00038,0.00171,0.00438,0.00041,0.00230,0.01742
1413393951.155917167663574,0.00728,0.00039,0.00348,0.00569,0.00021,0.00353,0.02058
1413393951.205916166305542,0.00743,0.00039,0.00324,0.00669,0.00378,0.00191,0.02344
1413393951.255916357040405,0.00976,0.00034,0.00099,0.00534,0.01127,0.00264,0.03034
1413393951.305915594100952,0.00535,0.00033,0.00383,0.00785,0.00596,0.00147,0.02480
1413393951.355915069580078,0.00693,0.00034,0.01055,0.00426,0.00369,0.00150,0.02727
1413393951.405914783477783,0.00743,0.00043,0.00084,0.01114,0.00000,0.00200,0.02184
1413393951.455914497375488,0.00711,0.00042,0.00577,0.00813,0.00225,0.00165,0.02532
1413393951.505914211273193,0.00640,0.00042,0.00110,0.01191,0.00025,0.00217,0.02226
1413393951.555914163589478,0.00947,0.00042,0.01187,0.00448,0.00334,0.00155,0.03113
1413393951.605915069580078,0.00488,0.00029,0.00196,0.00521,0.00000,0.00157,0.01391
1413393951.655916929244995,0.00576,0.00042,0.00206,0.00963,0.00204,0.00195,0.02187
1413393951.705918312072754,0.00839,0.00049,0.00066,0.01062,0.00047,0.00206,0.02269
1413393951.755920171737671,0.00693,0.00041,0.00274,0.00508,0.00101,0.00315,0.01932
1413393951.805921792984009,0.00974,0.00039,0.00845,0.00223,0.00329,0.00155,0.02564
1413393951.855922698974609,0.00671,0.00033,0.00124,0.00370,0.00059,0.00313,0.01569
1413393951.905923128128052,0.00893,0.00037,0.00150,0.00754,0.00144,0.00217,0.02195
1413393951.955924749374390,0.00989,0.00034,0.00239,0.00485,0.01067,0.00245,0.03059
1413393952.005924463272095,0.00528,0.00035,0.00025,0.00963,0.00000,0.00226,0.01776
1413393952.055924415588379,0.00775,0.00042,0.00161,0.00764,0.00000,0.00196,0.01938
1413393952.105925559997559,0.00694,0.00043,0.00878,0.00410,0.00791,0.00151,0.02967
1413393952.155925273895264,0.00527,0.00023,0.00519,0.00396,0.00322,0.00150,0.01938
1413393952.205925703048706,0.00712,0.00040,0.00180,0.00814,0.00001,0.00154,0.01902
1413393952.255925655364990,0.00822,0.00049,0.00154,0.00837,0.00018,0.00157,0.02038
1413393952.305925607681274,0.00757,0.00050,0.00156,0.00858,0.00000,0.00158,0.01979
1413393952.355926036834717,0.00819,0.00042,0.00179,0.00804,0.00439,0.00187,0.02470
1413393952.405925989151001,0.01069,0.00045,0.00330,0.00695,0.00236,0.00156,0.02530
1413393952.455925941467285,0.00327,0.00021,0.00380,0.00493,0.00298,0.00145,0.01664
1413393952.505925893783569,0.00680,0.00052,0.00127,0.01080,0.00021,0.00163,0.02122
1413393952.555925846099854,0.00717,0.00044,0.00284,0.00863,0.00017,0.00245,0.02171
1413393952.605925559997559,0.00851,0.00049,0.00199,0.01124,0.00000,0.00160,0.02384
1413393952.655925273895264,0.00734,0.00044,0.00864,0.00632,0.00111,0.00152,0.02537
1413393952.705925464630127,0.00801,0.00041,0.00356,0.00851,0.00117,0.00148,0.02314
1413393952.755925416946411,0.00944,0.00040,0.00169,0.00862,0.00295,0.00143,0.02453
1413393952.805925607681274,0.00986,0.00043,0.00026,0.00992,0.00550,0.00145,0.02742
1413393952.855926275253296,0.00784,0.00040,0.00118,0.01160,0.00041,0.00177,0.02320
1413393952.905926227569580,0.00681,0.00052,0.00478,0.00962,0.00128,0.00149,0.02450
1413393952.955926418304443,0.00864,0.00045,0.00172,0.01149,0.00038,0.00279,0.02547
1413393953.005926370620728,0.00740,0.00041,0.00320,0.00692,0.00000,0.00150,0.01942
1413393953.055926084518433,0.00652,0.00047,0.00599,0.00632,0.00314,0.00266,0.02512
1413393953.105925083160400,0.00680,0.00041,0.00053,0.00810,0.00039,0.00147,0.01769
1413393953.155923843383789,0.00826,0.00045,0.01063,0.00631,0.00395,0.00246,0.03207
1413393953.205923080444336,0.00683,0.00031,0.00197,0.01058,0.00000,0.00166,0.02135
1413393953.255923509597778,0.00927,0.00050,0.00911,0.00692,0.00019,0.00163,0.02762
1413393953.305923461914062,0.00679,0.00043,0.00385,0.01040,0.00075,0.00155,0.02377
1413393953.355922222137451,0.00672,0.00044,0.00381,0.00652,0.00131,0.00158,0.02037
1413393953.405920982360840,0.00804,0.00045,0.01031,0.00469,0.00071,0.00142,0.02562
1413393953.455919981002808,0.00687,0.00045,0.00225,0.00958,0.00101,0.00186,0.02201
1413393953.505918979644775,0.00689,0.00041,0.01081,0.00652,0.00342,0.00140,0.02945
1413393953.555917739868164,0.00656,0.00026,0.00107,0.00702,0.00000,0.00148,0.01639
1413393953.605917692184448,0.00758,0.00045,0.00155,0.00790,0.00000,0.00184,0.01934
1413393953.655919313430786,0.00453,0.00016,0.00333,0.00692,0.00067,0.00150,0.01710
1413393953.705920696258545,0.00678,0.00042,0.00017,0.00888,0.00129,0.00169,0.01922
1413393953.755922079086304,0.00783,0.00045,0.00169,0.00731,0.00858,0.00149,0.02735
1413393953.805923938751221,0.00828,0.00029,0.00024,0.00545,0.00000,0.00147,0.01573
1413393953.855927944183350,0.01031,0.00050,0.00037,0.00965,0.00386,0.00154,0.02623
1413393953.905930519104004,0.00750,0.00046,0.00092,0.01040,0.00077,0.00198,0.02203
1413393953.955932140350342,0.00660,0.00046,0.00016,0.01229,0.00395,0.00174,0.02520
1413393954.005933284759521,0.00459,0.00028,0.00437,0.00495,0.00170,0.00139,0.01726
1413393954.055934190750122,0.00729,0.00043,0.00204,0.01115,0.00000,0.00176,0.02267
1413393954.105935811996460,0.00709,0.00043,0.01520,0.00517,0.00000,0.00153,0.02943
1413393954.155936241149902,0.00352,0.00040,0.00133,0.00918,0.00028,0.00196,0.01667
1413393954.205937623977661,0.00751,0.00051,0.01165,0.00555,0.00150,0.00153,0.02826
1413393954.255938053131104,0.00583,0.00040,0.00005,0.01272,0.00000,0.00197,0.02097
1413393954.305938005447388,0.00651,0.00049,0.00742,0.00646,0.00000,0.00154,0.02242
1413393954.355938196182251,0.00758,0.00038,0.00644,0.00605,0.00000,0.00143,0.02186
1413393954.405938386917114,0.00903,0.00049,0.00885,0.00639,0.00000,0.00157,0.02633
1413393954.455938100814819,0.00737,0.00035,0.00303,0.00610,0.00120,0.00150,0.01955
1413393954.505938768386841,0.00324,0.00018,0.00080,0.00444,0.00021,0.00146,0.01034
1413393954.555939197540283,0.00780,0.00048,0.00326,0.00760,0.00030,0.00164,0.02107
1413393954.605940341949463,0.00837,0.00049,0.00398,0.00644,0.00208,0.00159,0.02295
1413393954.655940771102905,0.00814,0.00035,0.00028,0.00643,0.00001,0.00149,0.01670
1413393954.705941677093506,0.00676,0.00046,0.00761,0.00597,0.00474,0.00150,0.02703
1413393954.755942344665527,0.01047,0.00046,0.00427,0.00746,0.00001,0.00154,0.02421
1413393954.805943250656128,0.00676,0.00041,0.00165,0.01109,0.00444,0.00147,0.02583
1413393954.855943679809570,0.00868,0.00039,0.00206,0.00660,0.00016,0.00153,0.01942
1413393954.905944108963013,0.00934,0.00044,0.00846,0.00564,0.00186,0.00151,0.02725
1413393954.955944061279297,0.00718,0.00044,0.00086,0.01081,0.00088,0.00150,0.02166
1413393955.005944728851318,0.00595,0.00047,0.01169,0.00495,0.00079,0.00148,0.02533
1413393955.055944919586182,0.00969,0.00043,0.00472,0.00658,0.00001,0.00164,0.02307
1413393955.105945110321045,0.01039,0.00042,0.00145,0.00513,0.00403,0.00150,0.02293
1413393955.155944585800171,0.00822,0.00040,0.00735,0.00317,0.00474,0.00154,0.02543
1413393955.205942630767822,0.00674,0.00036,0.00114,0.00546,0.00057,0.00150,0.01578
1413393955.255941152572632,0.00723,0.00043,0.00142,0.00528,0.00240,0.00207,0.01883
1413393955.305939912796021,0.00693,0.00049,0.00160,0.00614,0.00199,0.00190,0.01904
1413393955.355937957763672,0.00733,0.00048,0.00597,0.00259,0.00248,0.00165,0.02052
1413393955.405935049057007,0.00759,0.00040,0.00319,0.00327,0.00916,0.00141,0.02502
1413393955.455934524536133,0.01209,0.00039,0.00240,0.00300,0.00023,0.00211,0.02021
1413393955.505934238433838,0.01145,0.00033,0.00104,0.00259,0.00074,0.00203,0.01819
1413393955.555933952331543,0.01086,0.00044,0.00503,0.00182,0.00031,0.00224,0.02071
1413393955.605931520462036,0.00956,0.00032,0.00061,0.00256,0.00686,0.00148,0.02140
1413393955.655930757522583,0.00975,0.00034,0.00010,0.00518,0.00000,0.00282,0.01819
1413393955.705929756164551,0.00845,0.00038,0.00017,0.00452,0.00000,0.00272,0.01624
1413393955.755927801132202,0.00881,0.00038,0.00272,0.00263,0.00515,0.00143,0.02112
1413393955.805926799774170,0.00900,0.00033,0.00146,0.00313,0.00000,0.00303,0.01697
1413393955.855926036834717,0.00772,0.00037,0.00085,0.00236,0.00031,0.00317,0.01479
1413393955.905923366546631,0.00685,0.00039,0.00355,0.00199,0.00421,0.00218,0.01917
1413393955.955923318862915,0.00736,0.00033,0.00114,0.00174,0.00052,0.00332,0.01440
1413393956.005923509597778,0.00891,0.00032,0.00042,0.00173,0.00158,0.00325,0.01620
1413393956.055922985076904,0.00681,0.00034,0.00122,0.00182,0.00751,0.00206,0.01976
1413393956.105920314788818,0.00644,0.00033,0.00041,0.00299,0.01128,0.00167,0.02312
1413393956.155922651290894,0.00692,0.00037,0.00096,0.00377,0.00658,0.00148,0.02006
1413393956.205923557281494,0.00815,0.00035,0.00067,0.00400,0.00102,0.00202,0.01620
1413393956.255925416946411,0.00692,0.00041,0.00069,0.00395,0.00118,0.00289,0.01603
1413393956.305926561355591,0.01015,0.00042,0.00172,0.00219,0.00323,0.00209,0.01980
1413393956.355927705764771,0.00764,0.00035,0.00219,0.00205,0.00225,0.00312,0.01760
1413393956.405928611755371,0.00776,0.00041,0.00124,0.00253,0.00379,0.00201,0.01775
1413393956.455928802490234,0.00777,0.00044,0.00113,0.00223,0.00558,0.00188,0.01902
1413393956.505928039550781,0.00744,0.00044,0.00094,0.00340,0.00302,0.00274,0.01798
1413393956.555927038192749,0.00419,0.00017,0.00009,0.00118,0.00057,0.00168,0.00788
1413393956.605926990509033,0.00362,0.00016,0.00016,0.00107,0.00019,0.00145,0.00665
1413393956.655925989151001,0.00807,0.00039,0.00100,0.00243,0.00223,0.00215,0.01627
1413393956.705925941467285,0.00766,0.00032,0.00027,0.00407,0.00082,0.00340,0.01653
1413393956.755925178527832,0.00684,0.00032,0.00045,0.00453,0.01236,0.00136,0.02587
1413393956.805925130844116,0.00710,0.00034,0.00003,0.00407,0.00227,0.00190,0.01572
1413393956.855925083160400,0.00787,0.00038,0.00032,0.00525,0.00514,0.00179,0.02075
1413393956.905925035476685,0.00761,0.00039,0.00115,0.00431,0.00250,0.00240,0.01837
1413393956.955924749374390,0.00879,0.00037,0.00121,0.00484,0.00005,0.00295,0.01821
1413393957.005924940109253,0.00657,0.00033,0.00054,0.00429,0.01037,0.00150,0.02359
1413393957.055925846099854,0.00700,0.00046,0.00072,0.00570,0.01119,0.00152,0.02660
1413393957.105925798416138,0.00678,0.00031,0.00166,0.00328,0.00444,0.00142,0.01788
1413393957.155925750732422,0.00865,0.00041,0.00182,0.00338,0.00495,0.00156,0.02078
1413393957.205925703048706,0.00679,0.00046,0.00304,0.00390,0.00082,0.00175,0.01676
1413393957.255926132202148,0.00811,0.00041,0.00178,0.00572,0.00085,0.00208,0.01897
1413393957.305926322937012,0.00681,0.00045,0.00085,0.00674,0.00066,0.00193,0.01744
1413393957.355926513671875,0.00611,0.00029,0.00108,0.00343,0.00012,0.00140,0.01242
1413393957.405926704406738,0.00819,0.00046,0.00043,0.00675,0.00120,0.00257,0.01960
1413393957.455926656723022,0.00630,0.00041,0.00129,0.00566,0.00656,0.00183,0.02205
1413393957.505926609039307,0.00963,0.00042,0.00111,0.00424,0.00584,0.00157,0.02281
1413393957.555927038192749,0.00697,0.00034,0.00115,0.00302,0.00236,0.00252,0.01635
1413393957.605927467346191,0.00629,0.00040,0.00235,0.00340,0.00144,0.00254,0.01641
1413393957.655928134918213,0.00811,0.00037,0.00038,0.00372,0.00769,0.00164,0.02192
1413393957.705928087234497,0.00762,0.00037,0.00152,0.00533,0.00000,0.00215,0.01700
1413393957.755928516387939,0.01125,0.00035,0.00175,0.00412,0.00031,0.00197,0.01974
1413393957.805928707122803,0.00761,0.00041,0.00371,0.00613,0.00173,0.00204,0.02163
1413393957.855930089950562,0.00731,0.00032,0.00646,0.00470,0.00144,0.00171,0.02194
1413393957.905931234359741,0.01039,0.00040,0.00162,0.00545,0.00430,0.00154,0.02370
1413393957.955931901931763,0.00780,0.00041,0.00236,0.00415,0.00550,0.00157,0.02181
1413393958.005931615829468,0.00809,0.00042,0.00071,0.00646,0.00000,0.00288,0.01855
1413393958.055932044982910,0.00784,0.00040,0.00333,0.00416,0.01069,0.00157,0.02799
1413393958.105932235717773,0.00584,0.00032,0.00020,0.00439,0.00284,0.00148,0.01507
1413393958.155932426452637,0.00907,0.00066,0.00439,0.00487,0.00001,0.00171,0.02070
1413393958.205931186676025,0.00656,0.00044,0.00177,0.00841,0.00708,0.00155,0.02580
1413393958.255929470062256,0.00839,0.00042,0.00090,0.00924,0.00098,0.00187,0.02181
1413393958.305927753448486,0.00680,0.00046,0.00026,0.00872,0.00169,0.00178,0.01971
1413393958.355926513671875,0.00719,0.00047,0.00030,0.00895,0.00000,0.00252,0.01943
1413393958.405924797058105,0.00761,0.00036,0.00033,0.00561,0.00261,0.00168,0.01820
1413393958.455922842025757,0.00700,0.00039,0.00170,0.00546,0.00539,0.00149,0.02144
1413393958.505921840667725,0.00658,0.00038,0.00739,0.00390,0.00431,0.00147,0.02402
1413393958.555921077728271,0.00674,0.00042,0.00476,0.00488,0.00203,0.00146,0.02028
1413393958.605919599533081,0.00901,0.00044,0.00713,0.00531,0.00231,0.00166,0.02586
1413393958.655918598175049,0.00334,0.00018,0.00057,0.00340,0.00114,0.00165,0.01027
1413393958.705917358398438,0.00852,0.00052,0.00477,0.00524,0.00375,0.00151,0.02429
1413393958.755918979644775,0.00690,0.00047,0.00038,0.00875,0.00108,0.00251,0.02010
1413393958.805921554565430,0.00968,0.00044,0.00742,0.00397,0.00251,0.00141,0.02543
1413393958.855923175811768,0.00794,0.00036,0.00061,0.00477,0.00167,0.00290,0.01825
1413393958.905923366546631,0.00935,0.00039,0.00128,0.00547,0.00189,0.00201,0.02040
1413393958.955923318862915,0.00990,0.00041,0.00148,0.00388,0.00512,0.00147,0.02226
1413393959.005922794342041,0.00746,0.00041,0.00101,0.00383,0.00018,0.00250,0.01540
1413393959.055922746658325,0.00758,0.00039,0.00153,0.00210,0.00198,0.00288,0.01646
1413393959.105922222137451,0.00690,0.00036,0.00195,0.00231,0.00588,0.00200,0.01940
1413393959.155922412872314,0.00794,0.00040,0.00161,0.00194,0.00266,0.00244,0.01699
1413393959.205921888351440,0.00722,0.00036,0.00211,0.00340,0.00304,0.00233,0.01848
1413393959.255920171737671,0.00790,0.00036,0.00251,0.00268,0.00333,0.00199,0.01877
1413393959.305918455123901,0.00756,0.00049,0.00257,0.00536,0.00227,0.00234,0.02060
1413393959.355917215347290,0.00896,0.00039,0.00151,0.00295,0.00081,0.00201,0.01663
1413393959.405915737152100,0.01096,0.00041,0.00106,0.00477,0.00464,0.00162,0.02347
1413393959.455915451049805,0.00699,0.00041,0.00076,0.00565,0.00167,0.00279,0.01827
1413393959.505915880203247,0.00877,0.00041,0.00283,0.00517,0.00043,0.00232,0.01994
1413393959.555916309356689,0.01057,0.00035,0.00039,0.00429,0.00345,0.00170,0.02076
1413393959.605917930603027,0.00854,0.00046,0.00114,0.00756,0.00333,0.00185,0.02288
1413393959.655918359756470,0.00714,0.00035,0.00231,0.00540,0.00032,0.00181,0.01732
1413393959.705916881561279,0.00841,0.00045,0.00257,0.00675,0.00484,0.00152,0.02454
1413393959.755916595458984,0.00812,0.00040,0.00019,0.00842,0.00254,0.00199,0.02167
1413393959.805918455123901,0.00826,0.00042,0.00110,0.00593,0.00476,0.00148,0.02195
1413393959.855920076370239,0.00734,0.00033,0.00046,0.00586,0.00025,0.00197,0.01621
1413393959.905923604965210,0.00852,0.00050,0.00357,0.00650,0.00298,0.00151,0.02358
1413393959.955925703048706,0.00955,0.00038,0.00245,0.00410,0.00206,0.00156,0.02010
1413393960.005926609039307,0.01146,0.00031,0.00115,0.00347,0.00608,0.00163,0.02410
1413393960.055926084518433,0.00717,0.00036,0.00031,0.00679,0.00030,0.00259,0.01752
1413393960.105926036834717,0.00679,0.00048,0.00181,0.00698,0.00341,0.00195,0.02142
1413393960.155925273895264,0.00678,0.00035,0.00112,0.00824,0.00539,0.00173,0.02361
1413393960.205924749374390,0.00624,0.00047,0.00034,0.00828,0.00051,0.00254,0.01838
1413393960.255923509597778,0.00612,0.00041,0.00113,0.00743,0.00103,0.00219,0.01832
1413393960.305921792984009,0.00667,0.00042,0.00118,0.00755,0.00251,0.00181,0.02013
1413393960.355915307998657,0.00816,0.00071,0.00567,0.00646,0.00966,0.00148,0.03215
1413393960.405908584594727,0.00494,0.00022,0.00014,0.00480,0.00000,0.00147,0.01156
1413393960.455903530120850,0.00735,0.00048,0.00988,0.00406,0.00480,0.00155,0.02812
1413393960.505903005599976,0.00690,0.00042,0.00074,0.00300,0.00084,0.00349,0.01538
1413393960.555901288986206,0.00660,0.00044,0.01495,0.00091,0.00209,0.00160,0.02659
1413393960.605901956558228,0.00677,0.00033,0.00143,0.00244,0.00281,0.00178,0.01555
1413393960.655903339385986,0.00725,0.00044,0.00034,0.00833,0.00045,0.00192,0.01874
1413393960.705904006958008,0.00467,0.00022,0.00051,0.00364,0.00003,0.00146,0.01053
1413393960.755904912948608,0.00815,0.00048,0.00029,0.00890,0.00014,0.00217,0.02014
1413393960.805906534194946,0.00736,0.00047,0.00216,0.00676,0.00027,0.00181,0.01882
1413393960.855908393859863,0.01269,0.00041,0.00047,0.00505,0.00001,0.00179,0.02042
1413393960.905909061431885,0.00741,0.00038,0.00422,0.00619,0.00064,0.00202,0.02086
1413393960.955912828445435,0.00694,0.00038,0.00227,0.00695,0.00672,0.00147,0.02474
1413393961.005913496017456,0.01055,0.00036,0.00702,0.00397,0.00027,0.00165,0.02382
1413393961.055915117263794,0.00669,0.00036,0.00241,0.00567,0.00000,0.00286,0.01800
1413393961.105919122695923,0.01257,0.00039,0.00169,0.00384,0.00021,0.00239,0.02109
1413393961.155926227569580,0.00697,0.00042,0.00380,0.00253,0.01172,0.00182,0.02726
1413393961.205931663513184,0.00584,0.00032,0.00404,0.00357,0.00476,0.00182,0.02033
1413393961.255933284759521,0.00960,0.00034,0.00168,0.00127,0.00139,0.00186,0.01614
1413393961.305934667587280,0.01059,0.00034,0.00256,0.00132,0.00359,0.00174,0.02014
1413393961.355934619903564,0.01209,0.00043,0.00211,0.00176,0.00384,0.00189,0.02211
1413393961.405934333801270,0.00808,0.00039,0.00245,0.00226,0.00621,0.00195,0.02134
1413393961.455933094024658,0.00990,0.00038,0.00076,0.00235,0.00193,0.00299,0.01832
1413393961.505929231643677,0.01165,0.00028,0.00045,0.00297,0.00055,0.00220,0.01811
1413393961.555927276611328,0.00767,0.00037,0.00086,0.00215,0.00194,0.00392,0.01691
1413393961.605926990509033,0.00693,0.00044,0.00047,0.00185,0.00000,0.00413,0.01382
1413393961.655926227569580,0.00653,0.00038,0.00152,0.00118,0.00245,0.00337,0.01543
1413393961.705927133560181,0.01413,0.00034,0.00055,0.00159,0.00105,0.00228,0.01994
1413393961.755927562713623,0.00754,0.00038,0.00050,0.00209,0.00248,0.00304,0.01603
1413393961.805927753448486,0.00939,0.00041,0.00120,0.00173,0.00555,0.00195,0.02022
1413393961.855927705764771,0.00692,0.00031,0.00095,0.00068,0.00272,0.00387,0.01545
1413393961.905927658081055,0.00656,0.00043,0.00029,0.00194,0.00736,0.00259,0.01916
1413393961.955927848815918,0.00678,0.00035,0.00109,0.00118,0.00208,0.00336,0.01484
1413393962.005927085876465,0.01030,0.00033,0.00022,0.00250,0.00264,0.00252,0.01852
1413393962.055926799774170,0.00732,0.00041,0.00135,0.00110,0.00465,0.00294,0.01778
1413393962.105927944183350,0.00712,0.00035,0.00050,0.00227,0.00206,0.00169,0.01399
1413393962.155928373336792,0.00755,0.00046,0.00157,0.00271,0.00367,0.00283,0.01879
1413393962.205928325653076,0.00712,0.00033,0.00244,0.00307,0.00065,0.00359,0.01720
1413393962.255928277969360,0.01061,0.00039,0.00320,0.00242,0.00311,0.00163,0.02136
1413393962.305928468704224,0.00835,0.00035,0.00337,0.00229,0.00088,0.00206,0.01730
1413393962.355927705764771,0.01031,0.00039,0.00195,0.00342,0.00040,0.00195,0.01842
1413393962.405926942825317,0.00428,0.00015,0.00058,0.00131,0.00405,0.00200,0.01237
1413393962.455926418304443,0.00893,0.00039,0.00226,0.00366,0.00095,0.00274,0.01893
1413393962.505926370620728,0.00687,0.00032,0.00095,0.00319,0.00470,0.00272,0.01875
1413393962.555925846099854,0.00708,0.00040,0.00057,0.00376,0.01244,0.00156,0.02581
1413393962.605925559997559,0.00793,0.00037,0.00068,0.00533,0.00571,0.00178,0.02180
1413393962.655925512313843,0.00943,0.00039,0.00340,0.00445,0.00454,0.00145,0.02366
1413393962.705924749374390,0.00779,0.00037,0.00302,0.00329,0.00067,0.00185,0.01698
1413393962.755923509597778,0.00466,0.00028,0.00426,0.00265,0.00018,0.00194,0.01399
1413393962.805921792984009,0.00532,0.00016,0.00320,0.00107,0.00403,0.00144,0.01522
1413393962.855921030044556,0.00939,0.00039,0.00184,0.00273,0.00038,0.00198,0.01672
1413393962.905920743942261,0.01048,0.00043,0.00223,0.00251,0.00174,0.00218,0.01957
1413393962.955919504165649,0.01178,0.00031,0.00141,0.00084,0.00243,0.00175,0.01853
1413393963.005919456481934,0.01160,0.00041,0.00320,0.00104,0.00389,0.00196,0.02210
1413393963.055919170379639,0.00908,0.00038,0.00149,0.00126,0.00000,0.00356,0.01576
1413393963.105919361114502,0.00797,0.00032,0.00222,0.00093,0.00002,0.00392,0.01537
1413393963.155918359756470,0.00937,0.00035,0.00200,0.00076,0.00381,0.00233,0.01862
1413393963.205918312072754,0.00926,0.00037,0.00160,0.00097,0.00103,0.00285,0.01608
1413393963.255918025970459,0.00850,0.00036,0.00273,0.00083,0.00000,0.00364,0.01607
1413393963.305918216705322,0.01071,0.00046,0.00163,0.00078,0.00929,0.00166,0.02452
1413393963.355918884277344,0.01005,0.00032,0.00273,0.00159,0.00685,0.00167,0.02320
1413393963.405919790267944,0.01014,0.00040,0.00481,0.00201,0.00467,0.00148,0.02351
1413393963.455920457839966,0.00815,0.00043,0.00641,0.00251,0.00098,0.00181,0.02029
1413393963.505921363830566,0.01226,0.00034,0.00251,0.00250,0.00649,0.00146,0.02556
1413393963.555921554565430,0.01038,0.00042,0.00141,0.00505,0.00459,0.00189,0.02375
1413393963.605921745300293,0.00764,0.00052,0.00259,0.00373,0.00202,0.00280,0.01930
1413393963.655921697616577,0.00692,0.00045,0.00139,0.00453,0.00281,0.00270,0.01880
1413393963.705921411514282,0.00916,0.00045,0.00683,0.00209,0.00251,0.00166,0.02270
1413393963.755920886993408,0.00881,0.00036,0.00534,0.00353,0.00426,0.00170,0.02401
1413393963.805920839309692,0.01134,0.00042,0.00216,0.00292,0.00894,0.00153,0.02732
1413393963.855921268463135,0.00806,0.00033,0.00210,0.00260,0.00152,0.00271,0.01732
1413393963.905921936035156,0.00756,0.00045,0.00544,0.00189,0.00099,0.00224,0.01857
1413393963.955922126770020,0.00929,0.00045,0.00428,0.00063,0.00243,0.00184,0.01892
1413393964.005921840667725,0.00862,0.00034,0.00134,0.00168,0.00303,0.00243,0.01743
1413393964.055922269821167,0.00927,0.00045,0.00250,0.00058,0.00150,0.00270,0.01700
1413393964.105923175811768,0.00654,0.00036,0.00245,0.00029,0.00494,0.00254,0.01712
1413393964.155923366546631,0.01188,0.00037,0.00111,0.00027,0.00408,0.00255,0.02025
1413393964.205922603607178,0.01134,0.00030,0.00148,0.00109,0.00046,0.00307,0.01773
1413393964.255922555923462,0.01051,0.00035,0.00088,0.00066,0.00240,0.00350,0.01829
1413393964.305921792984009,0.00748,0.00035,0.00143,0.00026,0.00330,0.00326,0.01608
1413393964.355921983718872,0.00829,0.00039,0.00270,0.00033,0.00214,0.00290,0.01675
1413393964.405920743942261,0.01194,0.00029,0.00161,0.00068,0.00345,0.00228,0.02025
1413393964.455920457839966,0.00936,0.00036,0.00327,0.00068,0.00022,0.00330,0.01719
1413393964.505920410156250,0.00834,0.00039,0.00603,0.00042,0.00255,0.00194,0.01967
1413393964.555919647216797,0.00687,0.00027,0.00105,0.00026,0.00215,0.00293,0.01353
1413393964.605919599533081,0.00935,0.00031,0.00229,0.00064,0.00331,0.00273,0.01864
1413393964.655918836593628,0.00767,0.00039,0.00286,0.00076,0.00334,0.00297,0.01800
1413393964.705918550491333,0.00818,0.00041,0.00033,0.00062,0.00503,0.00314,0.01770
1413393964.755917549133301,0.01113,0.00036,0.00099,0.00046,0.00397,0.00232,0.01923
1413393964.805916547775269,0.00629,0.00029,0.00182,0.00078,0.01688,0.00159,0.02765
1413393964.855916976928711,0.00274,0.00020,0.00065,0.00116,0.00143,0.00154,0.00772
1413393964.905917406082153,0.00883,0.00043,0.00313,0.00200,0.00090,0.00242,0.01770
1413393964.955918788909912,0.00934,0.00039,0.00189,0.00146,0.00933,0.00152,0.02392
1413393965.005919218063354,0.01137,0.00028,0.00097,0.00207,0.00001,0.00198,0.01668
1413393965.055919408798218,0.00797,0.00037,0.00383,0.00193,0.00467,0.00234,0.02111
1413393965.105920076370239,0.01019,0.00043,0.00206,0.00128,0.00710,0.00177,0.02284
1413393965.155919790267944,0.00775,0.00046,0.00776,0.00140,0.00519,0.00168,0.02424
1413393965.205919027328491,0.00936,0.00037,0.00154,0.00187,0.00034,0.00243,0.01591
1413393965.255918502807617,0.00761,0.00036,0.00498,0.00225,0.00240,0.00213,0.01973
1413393965.305917739868164,0.00704,0.00034,0.00086,0.00238,0.00185,0.00288,0.01535
1413393965.355917453765869,0.00688,0.00038,0.00202,0.00166,0.00163,0.00388,0.01646
1413393965.405916929244995,0.01440,0.00031,0.00113,0.00067,0.00001,0.00283,0.01934
1413393965.455915212631226,0.00737,0.00039,0.00333,0.00066,0.00630,0.00177,0.01982
1413393965.505914926528931,0.00790,0.00036,0.00220,0.00105,0.00189,0.00289,0.01630
1413393965.555914878845215,0.00743,0.00035,0.00561,0.00165,0.01350,0.00157,0.03010
1413393965.605915546417236,0.00497,0.00018,0.00173,0.00146,0.00013,0.00159,0.01006
1413393965.655915737152100,0.01051,0.00027,0.00407,0.00247,0.00278,0.00159,0.02169
1413393965.705916881561279,0.01105,0.00043,0.00409,0.00357,0.00258,0.00172,0.02345
1413393965.755921363830566,0.01200,0.00047,0.00395,0.00345,0.00744,0.00155,0.02886
1413393965.805922985076904,0.00792,0.00031,0.00176,0.00284,0.00086,0.00174,0.01544
1413393965.855924129486084,0.01003,0.00042,0.00510,0.00440,0.00200,0.00167,0.02363
1413393965.905923604965210,0.00314,0.00014,0.00021,0.00241,0.00075,0.00144,0.00809
1413393965.955922842025757,0.00865,0.00047,0.00050,0.00649,0.00770,0.00160,0.02541
1413393966.005921840667725,0.00394,0.00023,0.00054,0.00363,0.00000,0.00157,0.00991
1413393966.055921316146851,0.00922,0.00047,0.00041,0.00817,0.00659,0.00158,0.02644
1413393966.105921268463135,0.00668,0.00048,0.00041,0.00642,0.00021,0.00183,0.01603
1413393966.155920505523682,0.00648,0.00039,0.00265,0.00769,0.00409,0.00146,0.02277
1413393966.205919981002808,0.00805,0.00044,0.00535,0.00452,0.00345,0.00146,0.02327
1413393966.255920171737671,0.00724,0.00045,0.00203,0.00641,0.00079,0.00147,0.01839
1413393966.305920124053955,0.00816,0.00043,0.00979,0.00381,0.00237,0.00151,0.02607
1413393966.355919599533081,0.00685,0.00030,0.00238,0.00502,0.00000,0.00165,0.01619
1413393966.405917882919312,0.01096,0.00051,0.00831,0.00323,0.00044,0.00147,0.02491
1413393966.455916404724121,0.00787,0.00038,0.00464,0.00566,0.00282,0.00168,0.02306
1413393966.505915164947510,0.00884,0.00032,0.00679,0.00309,0.00522,0.00148,0.02574
1413393966.555914878845215,0.00899,0.00026,0.00221,0.00329,0.00091,0.00147,0.01714
1413393966.605914831161499,0.00839,0.00048,0.00277,0.00510,0.00020,0.00184,0.01879
1413393966.655914783477783,0.01048,0.00049,0.00051,0.00680,0.00097,0.00217,0.02141
1413393966.705914974212646,0.00885,0.00044,0.00526,0.00523,0.00020,0.00193,0.02191
1413393966.755914688110352,0.00861,0.00038,0.00142,0.00630,0.00327,0.00193,0.02190
1413393966.805913925170898,0.00709,0.00036,0.00284,0.00524,0.00002,0.00210,0.01764
1413393966.855912923812866,0.00696,0.00040,0.00670,0.00386,0.00075,0.00178,0.02045
1413393966.905912160873413,0.00431,0.00016,0.00152,0.00194,0.00170,0.00186,0.01149
1413393966.955911159515381,0.00417,0.00018,0.00055,0.00174,0.00061,0.00154,0.00879
1413393967.005909442901611,0.00887,0.00042,0.00355,0.00314,0.00718,0.00145,0.02461
1413393967.055909156799316,0.00885,0.00032,0.00096,0.00341,0.00342,0.00152,0.01847
1413393967.105909824371338,0.01039,0.00036,0.00229,0.00594,0.00388,0.00156,0.02441
1413393967.155910015106201,0.00836,0.00034,0.00328,0.00418,0.00503,0.00145,0.02264
1413393967.205911159515381,0.00791,0.00041,0.00098,0.00823,0.00377,0.00183,0.02313
1413393967.255912303924561,0.00825,0.00037,0.00206,0.00487,0.00343,0.00148,0.02045
1413393967.305914163589478,0.00750,0.00038,0.00346,0.00590,0.00558,0.00157,0.02439
1413393967.355915784835815,0.00719,0.00042,0.00144,0.00601,0.00223,0.00242,0.01972
1413393967.405916929244995,0.00707,0.00043,0.00312,0.00510,0.00056,0.00204,0.01833
1413393967.455918312072754,0.00677,0.00035,0.00245,0.00542,0.00721,0.00149,0.02369
1413393967.505918979644775,0.00771,0.00036,0.00129,0.00540,0.00193,0.00138,0.01807
1413393967.555918931961060,0.00758,0.00039,0.00177,0.00687,0.00278,0.00150,0.02090
1413393967.605917453765869,0.00787,0.00036,0.00436,0.00474,0.00699,0.00147,0.02579
1413393967.655916929244995,0.00655,0.00036,0.00330,0.00431,0.00080,0.00156,0.01688
1413393967.705916881561279,0.00670,0.00047,0.00854,0.00414,0.00153,0.00141,0.02279
1413393967.755916595458984,0.00689,0.00040,0.00466,0.00511,0.00238,0.00145,0.02089
1413393967.805916070938110,0.00821,0.00039,0.00568,0.00567,0.00319,0.00148,0.02462
1413393967.855914831161499,0.00294,0.00022,0.00064,0.00412,0.00001,0.00224,0.01017
1413393967.905912399291992,0.01111,0.00042,0.00428,0.00527,0.00220,0.00150,0.02478
1413393967.955911874771118,0.01028,0.00045,0.00219,0.00719,0.00023,0.00199,0.02233
1413393968.005912065505981,0.00698,0.00033,0.00024,0.00846,0.00435,0.00175,0.02211
1413393968.055912971496582,0.01027,0.00033,0.00089,0.00547,0.00020,0.00182,0.01897
1413393968.105914592742920,0.00771,0.00043,0.00142,0.00716,0.00489,0.00164,0.02325
1413393968.155915737152100,0.01065,0.00044,0.00177,0.00871,0.00459,0.00158,0.02774
1413393968.205916404724121,0.01023,0.00051,0.00208,0.00905,0.00151,0.00161,0.02498
1413393968.255917072296143,0.00976,0.00049,0.00103,0.01028,0.00098,0.00175,0.02429
1413393968.305916547775269,0.00715,0.00048,0.01178,0.00540,0.00061,0.00158,0.02701
1413393968.355916500091553,0.00868,0.00032,0.00735,0.00487,0.00112,0.00155,0.02388
1413393968.405915975570679,0.00876,0.00036,0.00281,0.00592,0.00000,0.00156,0.01940
1413393968.455916166305542,0.00773,0.00051,0.01121,0.00557,0.00012,0.00155,0.02669
1413393968.505915641784668,0.00695,0.00052,0.00324,0.01041,0.00202,0.00175,0.02491
1413393968.555915594100952,0.00652,0.00044,0.00004,0.00932,0.00080,0.00171,0.01884
1413393968.605913877487183,0.00719,0.00050,0.01752,0.00461,0.00000,0.00154,0.03136
1413393968.655913829803467,0.00374,0.00027,0.00010,0.00550,0.00004,0.00153,0.01118
1413393968.705914020538330,0.00785,0.00056,0.00420,0.00959,0.00025,0.00228,0.02473
1413393968.755913972854614,0.00754,0.00046,0.00020,0.01162,0.00064,0.00212,0.02257
1413393968.805912971496582,0.00660,0.00042,0.00094,0.01182,0.00183,0.00176,0.02338
1413393968.855911493301392,0.00895,0.00045,0.00110,0.00786,0.00000,0.00162,0.01998
1413393968.905909776687622,0.00688,0.00053,0.01160,0.00542,0.00058,0.00156,0.02657
1413393968.955909013748169,0.00893,0.00049,0.01081,0.00530,0.00128,0.00172,0.02853
1413393969.005908250808716,0.00332,0.00025,0.00015,0.00502,0.00121,0.00162,0.01157
1413393969.055907964706421,0.00644,0.00048,0.00939,0.00579,0.00170,0.00153,0.02533
1413393969.105907678604126,0.00607,0.00041,0.00435,0.00613,0.00126,0.00155,0.01978
1413393969.155907869338989,0.00912,0.00047,0.00017,0.01112,0.00001,0.00195,0.02284
1413393969.205908298492432,0.00960,0.00046,0.01373,0.00395,0.00418,0.00149,0.03340
1413393969.255908966064453,0.00456,0.00025,0.00072,0.00880,0.00001,0.00221,0.01655
1413393969.305909872055054,0.00681,0.00050,0.00107,0.00939,0.00173,0.00165,0.02115
1413393969.355910301208496,0.00682,0.00047,0.00036,0.01045,0.00001,0.00244,0.02056
1413393969.405909538269043,0.00780,0.00042,0.00181,0.00976,0.00043,0.00216,0.02238
1413393969.455909252166748,0.00643,0.00041,0.00024,0.00973,0.00053,0.00195,0.01929
1413393969.505907535552979,0.00723,0.00039,0.00225,0.00616,0.00528,0.00144,0.02275
1413393969.555906295776367,0.00784,0.00034,0.00759,0.00369,0.00254,0.00142,0.02342
1413393969.605906724929810,0.01037,0.00046,0.00311,0.00755,0.00002,0.00192,0.02345
1413393969.655905961990356,0.00812,0.00043,0.00598,0.00785,0.00256,0.00146,0.02642
1413393969.705905914306641,0.00712,0.00036,0.00016,0.00712,0.00000,0.00155,0.01632
1413393969.755906105041504,0.01004,0.00043,0.00555,0.00695,0.00032,0.00181,0.02511
1413393969.805906295776367,0.00955,0.00047,0.00962,0.00389,0.00234,0.00148,0.02734
1413393969.855907678604126,0.00675,0.00037,0.00088,0.01024,0.00022,0.00214,0.02059
1413393969.905908107757568,0.00695,0.00048,0.00131,0.01073,0.00022,0.00190,0.02158
1413393969.955908060073853,0.00743,0.00045,0.00028,0.01049,0.00098,0.00197,0.02161
1413393970.005907773971558,0.00660,0.00047,0.00021,0.00946,0.00088,0.00187,0.01949
1413393970.055907487869263,0.00716,0.00041,0.00014,0.00935,0.00000,0.00181,0.01888
1413393970.105907678604126,0.00933,0.00051,0.00017,0.00762,0.00330,0.00159,0.02253
1413393970.155908584594727,0.00772,0.00040,0.01890,0.00373,0.00100,0.00156,0.03330
1413393970.205908536911011,0.00332,0.00021,0.00054,0.00416,0.00030,0.00152,0.01005
1413393970.255908250808716,0.00766,0.00050,0.00033,0.00945,0.00032,0.00201,0.02027
1413393970.305907726287842,0.00791,0.00042,0.00015,0.01105,0.00001,0.00212,0.02167
1413393970.355907917022705,0.00724,0.00039,0.00013,0.01158,0.00000,0.00231,0.02165
1413393970.405909061431885,0.00977,0.00042,0.01079,0.00438,0.00521,0.00152,0.03208
1413393970.455909490585327,0.00412,0.00029,0.00003,0.00611,0.00000,0.00161,0.01216
1413393970.505910634994507,0.00915,0.00051,0.00195,0.00796,0.00018,0.00165,0.02141
1413393970.555911540985107,0.00640,0.00047,0.00351,0.00806,0.00017,0.00153,0.02016
1413393970.605912208557129,0.00695,0.00052,0.00743,0.00834,0.00021,0.00163,0.02508
1413393970.655912876129150,0.00926,0.00048,0.01345,0.00427,0.00001,0.00163,0.02910
1413393970.705913066864014,0.00627,0.00040,0.00364,0.00905,0.00075,0.00186,0.02198
1413393970.755912542343140,0.00885,0.00048,0.01750,0.00349,0.00175,0.00152,0.03359
1413393970.805911302566528,0.00347,0.00026,0.00086,0.00878,0.00104,0.00217,0.01657
1413393970.855910062789917,0.00669,0.00051,0.00084,0.01012,0.00062,0.00207,0.02085
1413393970.905908823013306,0.00950,0.00042,0.00116,0.00854,0.00089,0.00197,0.02247
1413393970.955908536911011,0.00746,0.00044,0.00048,0.00948,0.00028,0.00269,0.02083
1413393971.005909681320190,0.00692,0.00044,0.00110,0.00928,0.00889,0.00167,0.02830
1413393971.055911302566528,0.00340,0.00019,0.00011,0.00370,0.00000,0.00165,0.00905
1413393971.105914115905762,0.00899,0.00050,0.00121,0.00827,0.00026,0.00180,0.02103
1413393971.155918121337891,0.00583,0.00039,0.00171,0.00918,0.00041,0.00208,0.01960
1413393971.205920934677124,0.00863,0.00048,0.00554,0.00660,0.00000,0.00177,0.02302
1413393971.255923271179199,0.00974,0.00036,0.00369,0.00500,0.00589,0.00157,0.02626
1413393971.305924415588379,0.00686,0.00034,0.00993,0.00330,0.00278,0.00144,0.02465
1413393971.355925083160400,0.00933,0.00043,0.01098,0.00415,0.00215,0.00142,0.02845
1413393971.405925989151001,0.00711,0.00045,0.00147,0.00891,0.00045,0.00191,0.02029
1413393971.455928087234497,0.00920,0.00041,0.00055,0.00616,0.00286,0.00155,0.02072
1413393971.505930900573730,0.00870,0.00044,0.00094,0.00633,0.00020,0.00190,0.01851
1413393971.555932998657227,0.01037,0.00041,0.00197,0.00532,0.00019,0.00187,0.02013
1413393971.605934858322144,0.00942,0.00044,0.00260,0.00452,0.00072,0.00181,0.01951
1413393971.655936241149902,0.01479,0.00035,0.00467,0.00354,0.00002,0.00151,0.02489
1413393971.705935478210449,0.00871,0.00051,0.00356,0.00484,0.00003,0.00232,0.01997
1413393971.755935192108154,0.01010,0.00048,0.00378,0.00404,0.00109,0.00207,0.02157
1413393971.805932044982910,0.00914,0.00040,0.00100,0.00567,0.01080,0.00150,0.02850
1413393971.855930089950562,0.00576,0.00027,0.00196,0.00299,0.00027,0.00172,0.01296
1413393971.905927896499634,0.00759,0.00048,0.00005,0.00714,0.00480,0.00183,0.02189
1413393971.955926179885864,0.00700,0.00037,0.00281,0.00591,0.00298,0.00158,0.02065
1413393972.005924701690674,0.00907,0.00035,0.00004,0.00617,0.00000,0.00204,0.01766
1413393972.055922746658325,0.00733,0.00042,0.00282,0.00627,0.00496,0.00168,0.02349
1413393972.105923652648926,0.00745,0.00052,0.00090,0.00795,0.00076,0.00232,0.01990
1413393972.155925750732422,0.00980,0.00047,0.00184,0.00744,0.00310,0.00176,0.02442
1413393972.205927848815918,0.00741,0.00045,0.00202,0.00816,0.00416,0.00165,0.02385
1413393972.255930900573730,0.00746,0.00035,0.00802,0.00196,0.00585,0.00145,0.02509
1413393972.305928707122803,0.00649,0.00040,0.00422,0.00608,0.00117,0.00219,0.02056
1413393972.355927467346191,0.00722,0.00043,0.01365,0.00241,0.00146,0.00150,0.02667
1413393972.405926942825317,0.00886,0.00031,0.00032,0.00523,0.00192,0.00164,0.01828
1413393972.455927371978760,0.00959,0.00044,0.00236,0.00784,0.00001,0.00202,0.02227
1413393972.505928039550781,0.01015,0.00040,0.00076,0.00797,0.00164,0.00177,0.02269
1413393972.555929660797119,0.01044,0.00038,0.01026,0.00368,0.00569,0.00165,0.03210
1413393972.605930328369141,0.00405,0.00028,0.00031,0.00936,0.00029,0.00237,0.01667
1413393972.655930280685425,0.00765,0.00044,0.00055,0.01113,0.00413,0.00168,0.02558
1413393972.705930709838867,0.00771,0.00042,0.00014,0.00788,0.00000,0.00177,0.01792
1413393972.755931377410889,0.00915,0.00045,0.00101,0.00900,0.00193,0.00173,0.02328
1413393972.805932044982910,0.00629,0.00049,0.00034,0.01046,0.00148,0.00233,0.02139
1413393972.855934381484985,0.00716,0.00042,0.00023,0.00954,0.00530,0.00161,0.02426
1413393972.905935287475586,0.00876,0.00035,0.00231,0.00584,0.00240,0.00155,0.02120
1413393972.955937147140503,0.00687,0.00050,0.01688,0.00373,0.00184,0.00153,0.03134
1413393973.005937814712524,0.00458,0.00027,0.00015,0.00608,0.00061,0.00168,0.01336
1413393973.055939435958862,0.00931,0.00050,0.01552,0.00655,0.00439,0.00206,0.03833
1413393973.105940103530884,0.00400,0.00022,0.00019,0.00523,0.00071,0.00169,0.01204
1413393973.155941009521484,0.00241,0.00021,0.00440,0.00497,0.00140,0.00149,0.01487
1413393973.205941677093506,0.00775,0.00055,0.00004,0.01214,0.00000,0.00188,0.02236
1413393973.255941867828369,0.00903,0.00046,0.00058,0.00920,0.00000,0.00167,0.02094
1413393973.305942058563232,0.00697,0.00052,0.00017,0.01028,0.00001,0.00176,0.01971
1413393973.355942964553833,0.00684,0.00042,0.00180,0.01303,0.00030,0.00169,0.02408
1413393973.405942440032959,0.00938,0.00042,0.00161,0.00784,0.00020,0.00155,0.02100
1413393973.455942392349243,0.00781,0.00046,0.00134,0.00902,0.00061,0.00159,0.02083
1413393973.505942344665527,0.00748,0.00049,0.00526,0.00971,0.00000,0.00180,0.02474
1413393973.555942773818970,0.00976,0.00044,0.01207,0.00404,0.00006,0.00166,0.02803
1413393973.605942010879517,0.00583,0.00029,0.00088,0.00601,0.00059,0.00163,0.01523
1413393973.655941009521484,0.00763,0.00049,0.00969,0.00443,0.00305,0.00160,0.02688
1413393973.705939054489136,0.00688,0.00045,0.00254,0.00855,0.00003,0.00213,0.02057
1413393973.755936861038208,0.00631,0.00041,0.00154,0.00870,0.00580,0.00164,0.02439
1413393973.805935144424438,0.00898,0.00037,0.00074,0.00597,0.00022,0.00182,0.01810
1413393973.855934143066406,0.01129,0.00042,0.00303,0.00475,0.00004,0.00209,0.02162
1413393973.905934572219849,0.00990,0.00051,0.00071,0.00475,0.00035,0.00288,0.01909
1413393973.955932855606079,0.00862,0.00040,0.00170,0.00414,0.00871,0.00157,0.02514
1413393974.005932569503784,0.00660,0.00040,0.00150,0.00233,0.00056,0.00249,0.01389
1413393974.055932283401489,0.00836,0.00036,0.00044,0.00256,0.00228,0.00265,0.01665
1413393974.105932950973511,0.01142,0.00037,0.00513,0.00141,0.00075,0.00223,0.02130
1413393974.155934810638428,0.01008,0.00035,0.00122,0.00203,0.01062,0.00161,0.02590
1413393974.205937147140503,0.00782,0.00039,0.00316,0.00272,0.00002,0.00294,0.01705
1413393974.255938291549683,0.01103,0.00033,0.00126,0.00228,0.00206,0.00273,0.01969
1413393974.305939674377441,0.00890,0.00037,0.00070,0.00235,0.00002,0.00379,0.01613
1413393974.355943202972412,0.00931,0.00043,0.00168,0.00193,0.00938,0.00150,0.02421
1413393974.405944585800171,0.00499,0.00024,0.00081,0.00216,0.00002,0.00170,0.00993
1413393974.455946207046509,0.01102,0.00034,0.00066,0.00248,0.00079,0.00234,0.01762
1413393974.505947828292847,0.01110,0.00034,0.00180,0.00295,0.00315,0.00214,0.02147
1413393974.555947542190552,0.00642,0.00021,0.00182,0.00195,0.00161,0.00271,0.01472
1413393974.605948686599731,0.01480,0.00029,0.00177,0.00215,0.00195,0.00190,0.02288
1413393974.655948162078857,0.00789,0.00038,0.00234,0.00362,0.01869,0.00148,0.03440
1413393974.705947875976562,0.00418,0.00019,0.00201,0.00195,0.00152,0.00143,0.01128
1413393974.755947589874268,0.01025,0.00039,0.00343,0.00331,0.00078,0.00190,0.02007
1413393974.805947065353394,0.00839,0.00041,0.00176,0.00372,0.00114,0.00215,0.01755
1413393974.855945587158203,0.00843,0.00039,0.00222,0.00364,0.00296,0.00200,0.01963
1413393974.905944824218750,0.01025,0.00031,0.00095,0.00224,0.00204,0.00217,0.01796
1413393974.955944061279297,0.00938,0.00038,0.00116,0.00205,0.00231,0.00238,0.01766
1413393975.005942583084106,0.00862,0.00035,0.00134,0.00296,0.00257,0.00275,0.01858
1413393975.055941581726074,0.00891,0.00039,0.00047,0.00281,0.00186,0.00282,0.01727
1413393975.105941295623779,0.00745,0.00038,0.00151,0.00252,0.00120,0.00384,0.01691
1413393975.155937910079956,0.01031,0.00031,0.00263,0.00148,0.00793,0.00154,0.02420
1413393975.205936908721924,0.00324,0.00016,0.00072,0.00158,0.00001,0.00159,0.00731
1413393975.255936622619629,0.00866,0.00042,0.00068,0.00315,0.00677,0.00178,0.02147
1413393975.305935621261597,0.00817,0.00038,0.00168,0.00498,0.00917,0.00157,0.02596
1413393975.355936050415039,0.00792,0.00032,0.00435,0.00325,0.00395,0.00148,0.02127
1413393975.405935525894165,0.00722,0.00040,0.00302,0.00510,0.00466,0.00141,0.02181
1413393975.455935001373291,0.00810,0.00049,0.00138,0.00980,0.00923,0.00145,0.03046
1413393975.505934238433838,0.00484,0.00040,0.00074,0.01099,0.00000,0.00227,0.01924
1413393975.555932521820068,0.00612,0.00020,0.00111,0.00607,0.00454,0.00151,0.01955
1413393975.605932474136353,0.00753,0.00049,0.00385,0.00781,0.00438,0.00141,0.02547
1413393975.655932664871216,0.00716,0.00039,0.00243,0.00641,0.00067,0.00142,0.01848
1413393975.705932378768921,0.01022,0.00040,0.00221,0.00539,0.00075,0.00168,0.02065
1413393975.755931138992310,0.00963,0.00033,0.00038,0.00671,0.00495,0.00156,0.02356
1413393975.805930614471436,0.01006,0.00037,0.00178,0.00521,0.00000,0.00159,0.01901
1413393975.855930328369141,0.00725,0.00041,0.00263,0.00964,0.00162,0.00169,0.02325
1413393975.905930042266846,0.00853,0.00044,0.00208,0.00851,0.00481,0.00149,0.02586
1413393975.955929756164551,0.00703,0.00034,0.00297,0.00583,0.00000,0.00150,0.01766
1413393976.005929946899414,0.00839,0.00042,0.00697,0.00648,0.00021,0.00153,0.02400
1413393976.055930137634277,0.00988,0.00032,0.00026,0.00599,0.00130,0.00148,0.01923
1413393976.105930328369141,0.00927,0.00051,0.00035,0.00933,0.00188,0.00183,0.02318
1413393976.155929803848267,0.00681,0.00039,0.00193,0.00955,0.00000,0.00195,0.02064
1413393976.205929517745972,0.00816,0.00040,0.00075,0.00965,0.00059,0.00181,0.02137
1413393976.255928516387939,0.00717,0.00046,0.00035,0.00850,0.00254,0.00160,0.02062
1413393976.305927515029907,0.00811,0.00047,0.00085,0.00952,0.00483,0.00158,0.02536
1413393976.355927228927612,0.00870,0.00039,0.00053,0.00885,0.00498,0.00145,0.02490
1413393976.405926704406738,0.00758,0.00041,0.00086,0.01099,0.00111,0.00206,0.02301
1413393976.455926895141602,0.00843,0.00042,0.00161,0.00709,0.00587,0.00146,0.02488
1413393976.505926847457886,0.00852,0.00043,0.00274,0.00942,0.00001,0.00166,0.02279
1413393976.555927038192749,0.01101,0.00049,0.00069,0.00933,0.00022,0.00185,0.02359
1413393976.605927228927612,0.00965,0.00042,0.00274,0.00502,0.00181,0.00149,0.02112
1413393976.655927419662476,0.00810,0.00045,0.00385,0.00768,0.00341,0.00165,0.02514
1413393976.705926895141602,0.00767,0.00041,0.00109,0.00596,0.00130,0.00150,0.01793
1413393976.755927085876465,0.00802,0.00040,0.00128,0.00723,0.00208,0.00166,0.02068
1413393976.805928230285645,0.00701,0.00045,0.00183,0.00742,0.00064,0.00170,0.01904
1413393976.855929374694824,0.00938,0.00042,0.00043,0.00760,0.00232,0.00179,0.02194
1413393976.905930995941162,0.00762,0.00042,0.00223,0.00706,0.00237,0.00206,0.02175
1413393976.955931901931763,0.00775,0.00046,0.00124,0.00565,0.00144,0.00182,0.01836
1413393977.005931615829468,0.00719,0.00045,0.00083,0.00710,0.00051,0.00209,0.01816
1413393977.055931091308594,0.00956,0.00045,0.00032,0.00761,0.00326,0.00163,0.02283
1413393977.105929613113403,0.00925,0.00036,0.00021,0.00628,0.00860,0.00158,0.02628
1413393977.155928373336792,0.00580,0.00032,0.00084,0.00836,0.00000,0.00231,0.01762
1413393977.205926656723022,0.00783,0.00047,0.00199,0.00784,0.00286,0.00175,0.02273
1413393977.255925416946411,0.00463,0.00022,0.00027,0.00390,0.00103,0.00187,0.01193
1413393977.305924415588379,0.00362,0.00019,0.00095,0.00390,0.00023,0.00166,0.01056
1413393977.355924367904663,0.00849,0.00046,0.00034,0.00875,0.00319,0.00152,0.02275
1413393977.405924558639526,0.00594,0.00047,0.00318,0.00863,0.00538,0.00160,0.02519
1413393977.455924749374390,0.00740,0.00047,0.00259,0.00912,0.00307,0.00158,0.02422
1413393977.505925178527832,0.00899,0.00046,0.00195,0.00965,0.00216,0.00166,0.02487
1413393977.555926084518433,0.00738,0.00047,0.00085,0.01148,0.00313,0.00157,0.02487
1413393977.605926513671875,0.00693,0.00043,0.00515,0.00623,0.00219,0.00143,0.02236
1413393977.655926465988159,0.00712,0.00040,0.00563,0.00617,0.00107,0.00149,0.02189
1413393977.705926656723022,0.00647,0.00038,0.00451,0.00755,0.00074,0.00142,0.02107
1413393977.755926847457886,0.00688,0.00045,0.00069,0.01313,0.00001,0.00175,0.02292
1413393977.805926799774170,0.00648,0.00049,0.01233,0.00644,0.00082,0.00156,0.02811
1413393977.855926990509033,0.00612,0.00042,0.00088,0.01279,0.00024,0.00193,0.02237
1413393977.905926704406738,0.00852,0.00044,0.00687,0.00611,0.00113,0.00162,0.02469
1413393977.955926656723022,0.00656,0.00044,0.00518,0.00973,0.00000,0.00156,0.02348
1413393978.005926370620728,0.00649,0.00047,0.00783,0.00503,0.00000,0.00151,0.02133
1413393978.055926561355591,0.00678,0.00045,0.00225,0.01020,0.00016,0.00181,0.02166
1413393978.105926990509033,0.00657,0.00048,0.00494,0.00849,0.00232,0.00169,0.02449
1413393978.155927658081055,0.01189,0.00041,0.00038,0.00830,0.00001,0.00195,0.02295
1413393978.205928087234497,0.00764,0.00035,0.00054,0.01070,0.00243,0.00164,0.02331
1413393978.255929946899414,0.00993,0.00043,0.00258,0.00865,0.00240,0.00161,0.02559
1413393978.305931091308594,0.00965,0.00051,0.00124,0.00899,0.00179,0.00158,0.02375
1413393978.355932712554932,0.00945,0.00044,0.00229,0.00811,0.00110,0.00168,0.02307
1413393978.405933856964111,0.00923,0.00047,0.00797,0.00599,0.00122,0.00159,0.02646
1413393978.455934762954712,0.00714,0.00038,0.00117,0.00874,0.00004,0.00245,0.01991
1413393978.505935430526733,0.00728,0.00049,0.00183,0.00859,0.00356,0.00169,0.02343
1413393978.555935859680176,0.00691,0.00045,0.00240,0.00806,0.00113,0.00204,0.02100
1413393978.605937004089355,0.00605,0.00032,0.00021,0.00638,0.00803,0.00148,0.02248
1413393978.655937671661377,0.00757,0.00035,0.00063,0.00729,0.00082,0.00172,0.01838
1413393978.705940008163452,0.00754,0.00046,0.01324,0.00345,0.00386,0.00149,0.03003
1413393978.755941390991211,0.00554,0.00033,0.00023,0.00975,0.00134,0.00222,0.01941
1413393978.805941820144653,0.00819,0.00041,0.00120,0.00920,0.00002,0.00223,0.02126
1413393978.855942249298096,0.00710,0.00041,0.00121,0.00884,0.00241,0.00207,0.02204
1413393978.905941963195801,0.00941,0.00044,0.00047,0.00809,0.00037,0.00222,0.02098
1413393978.955941438674927,0.00705,0.00041,0.00077,0.00842,0.00190,0.00231,0.02085
1413393979.005940914154053,0.00840,0.00041,0.00047,0.00670,0.00595,0.00153,0.02347
1413393979.055940866470337,0.00931,0.00029,0.00055,0.00408,0.00000,0.00204,0.01628
1413393979.105940818786621,0.00972,0.00049,0.00115,0.00477,0.00164,0.00269,0.02046
1413393979.155940771102905,0.00707,0.00043,0.00065,0.00499,0.00230,0.00252,0.01795
1413393979.205940961837769,0.00653,0.00047,0.00034,0.00550,0.00894,0.00172,0.02350
1413393979.255940914154053,0.00442,0.00033,0.00046,0.00264,0.00000,0.00314,0.01099
1413393979.305941343307495,0.00994,0.00047,0.00259,0.00381,0.00789,0.00173,0.02643
1413393979.355941534042358,0.00361,0.00017,0.00045,0.00186,0.00426,0.00162,0.01197
1413393979.405941486358643,0.00744,0.00046,0.00029,0.00545,0.00205,0.00228,0.01798
1413393979.455941438674927,0.00664,0.00037,0.00090,0.00504,0.00313,0.00257,0.01865
1413393979.505941152572632,0.00708,0.00043,0.00180,0.00426,0.00107,0.00307,0.01770
1413393979.555940866470337,0.01011,0.00040,0.00171,0.00431,0.00468,0.00160,0.02281
1413393979.605940818786621,0.00924,0.00034,0.00296,0.00316,0.00051,0.00176,0.01797
1413393979.655940771102905,0.00899,0.00044,0.00166,0.00506,0.00000,0.00267,0.01881
1413393979.705940485000610,0.00999,0.00037,0.00211,0.00478,0.00020,0.00256,0.02001
1413393979.755940198898315,0.00698,0.00042,0.00022,0.00543,0.00528,0.00206,0.02038
1413393979.805939435958862,0.00683,0.00040,0.00230,0.00668,0.00188,0.00216,0.02025
1413393979.855939388275146,0.00789,0.00040,0.00031,0.00682,0.01035,0.00157,0.02735
1413393979.905939102172852,0.00768,0.00032,0.00085,0.00447,0.00172,0.00175,0.01678
1413393979.955938816070557,0.00935,0.00039,0.00022,0.00684,0.00217,0.00218,0.02116
1413393980.005938291549683,0.00713,0.00042,0.00043,0.00726,0.00030,0.00303,0.01858
1413393980.055937528610229,0.00692,0.00039,0.00072,0.00608,0.00053,0.00244,0.01708
1413393980.105936765670776,0.01076,0.00045,0.00066,0.00593,0.01570,0.00153,0.03502
1413393980.155935764312744,0.00278,0.00023,0.00517,0.00466,0.00542,0.00148,0.01973
1413393980.205935239791870,0.01116,0.00048,0.00107,0.00674,0.00321,0.00170,0.02436
1413393980.255934953689575,0.00984,0.00047,0.00037,0.00793,0.00328,0.00174,0.02363
1413393980.305934667587280,0.00754,0.00043,0.00295,0.00554,0.00019,0.00182,0.01846
1413393980.355935811996460,0.00742,0.00041,0.00485,0.00536,0.00001,0.00167,0.01973
1413393980.405936479568481,0.00663,0.00039,0.00138,0.00658,0.00023,0.00240,0.01761
1413393980.455939769744873,0.00912,0.00041,0.00454,0.00528,0.00903,0.00152,0.02989
1413393980.505943298339844,0.00649,0.00036,0.00394,0.00780,0.00000,0.00203,0.02061
1413393980.555947542190552,0.01038,0.00041,0.00179,0.00562,0.00024,0.00169,0.02013
1413393980.605948925018311,0.00794,0.00038,0.00157,0.00686,0.00002,0.00184,0.01862
1413393980.655949831008911,0.01073,0.00032,0.00087,0.00417,0.00171,0.00165,0.01945
1413393980.705950021743774,0.00797,0.00047,0.00139,0.00855,0.00161,0.00191,0.02190
1413393980.755950689315796,0.00580,0.00029,0.00251,0.00398,0.00488,0.00144,0.01890
1413393980.805952310562134,0.00877,0.00034,0.01020,0.00358,0.00534,0.00158,0.02980
1413393980.855952262878418,0.00505,0.00034,0.00033,0.01084,0.00112,0.00240,0.02008
1413393980.905951976776123,0.00724,0.00048,0.00263,0.01110,0.00162,0.00161,0.02467
1413393980.955952405929565,0.00830,0.00048,0.00173,0.01004,0.00070,0.00173,0.02297
1413393981.005952835083008,0.00718,0.00046,0.00554,0.00911,0.00066,0.00157,0.02452
1413393981.055954217910767,0.00706,0.00041,0.00636,0.00520,0.00077,0.00143,0.02122
1413393981.105955362319946,0.00732,0.00042,0.00739,0.00466,0.00312,0.00149,0.02441
1413393981.155955791473389,0.01067,0.00042,0.00341,0.00747,0.00115,0.00146,0.02458
1413393981.205956459045410,0.00800,0.00038,0.00913,0.00613,0.00230,0.00171,0.02764
1413393981.255956888198853,0.00885,0.00046,0.00127,0.01069,0.00000,0.00180,0.02307
1413393981.305957317352295,0.00960,0.00047,0.00024,0.01052,0.00049,0.00187,0.02319
1413393981.355958700180054,0.00641,0.00043,0.01246,0.00611,0.00366,0.00158,0.03064
1413393981.405958652496338,0.00350,0.00019,0.00451,0.00512,0.00122,0.00168,0.01622
1413393981.455958366394043,0.01061,0.00040,0.00253,0.00631,0.00000,0.00156,0.02143
1413393981.505957841873169,0.00702,0.00049,0.00011,0.00965,0.00022,0.00176,0.01925
1413393981.555957078933716,0.00908,0.00042,0.00132,0.00792,0.00003,0.00176,0.02052
1413393981.605956792831421,0.00838,0.00040,0.00282,0.00642,0.00000,0.00213,0.02014
1413393981.655955314636230,0.00862,0.00046,0.00579,0.00307,0.00336,0.00160,0.02289
1413393981.705953359603882,0.00695,0.00042,0.00552,0.00357,0.00726,0.00152,0.02524
1413393981.755952835083008,0.00669,0.00040,0.00230,0.00596,0.00152,0.00153,0.01840
1413393981.805952310562134,0.00910,0.00042,0.00114,0.00897,0.00139,0.00158,0.02261
1413393981.855952501296997,0.00947,0.00040,0.00359,0.00812,0.00000,0.00177,0.02334
1413393981.905952692031860,0.00734,0.00038,0.00126,0.00768,0.00000,0.00159,0.01824
1413393981.955953359603882,0.00749,0.00041,0.00070,0.00899,0.00859,0.00159,0.02777
1413393982.005953788757324,0.00605,0.00033,0.00739,0.00488,0.00113,0.00150,0.02129
1413393982.055954456329346,0.00738,0.00047,0.00144,0.01193,0.00000,0.00167,0.02289
1413393982.105955362319946,0.00627,0.00047,0.00189,0.00912,0.00024,0.00157,0.01955
1413393982.155955791473389,0.00783,0.00048,0.00664,0.00553,0.00111,0.00150,0.02309
1413393982.205956697463989,0.00633,0.00045,0.00948,0.00378,0.00499,0.00159,0.02661
1413393982.255956649780273,0.00967,0.00040,0.00181,0.00776,0.00165,0.00166,0.02294
1413393982.305956602096558,0.00774,0.00049,0.00056,0.00791,0.00346,0.00175,0.02191
1413393982.355957031250000,0.00779,0.00043,0.00732,0.00378,0.00888,0.00145,0.02965
1413393982.405957221984863,0.00620,0.00027,0.00031,0.00479,0.00025,0.00148,0.01330
1413393982.455957412719727,0.00895,0.00052,0.00188,0.00868,0.00021,0.00191,0.02214
1413393982.505956888198853,0.01043,0.00044,0.00128,0.00861,0.00018,0.00183,0.02277
1413393982.555956125259399,0.00344,0.00018,0.00039,0.00270,0.00040,0.00150,0.00860
1413393982.605955362319946,0.00732,0.00049,0.00854,0.00472,0.00356,0.00144,0.02608
1413393982.655955314636230,0.01052,0.00026,0.00098,0.00378,0.00026,0.00167,0.01747
1413393982.705954551696777,0.00725,0.00041,0.00377,0.00477,0.01064,0.00153,0.02837
1413393982.755954980850220,0.00967,0.00025,0.00044,0.00374,0.00305,0.00149,0.01865
1413393982.805955410003662,0.00780,0.00039,0.00185,0.00510,0.00023,0.00205,0.01742
1413393982.855955600738525,0.01332,0.00042,0.00282,0.00423,0.00018,0.00204,0.02301
1413393982.905956506729126,0.00801,0.00046,0.00226,0.00534,0.00825,0.00150,0.02582
1413393982.955956935882568,0.00892,0.00036,0.00343,0.00347,0.00340,0.00141,0.02098
1413393983.005957126617432,0.00759,0.00041,0.00563,0.00298,0.00547,0.00150,0.02359
1413393983.055957317352295,0.00782,0.00042,0.00153,0.00579,0.00144,0.00229,0.01928
1413393983.105957746505737,0.00969,0.00043,0.00277,0.00543,0.00000,0.00216,0.02048
1413393983.155957460403442,0.00735,0.00043,0.00085,0.00582,0.00044,0.00225,0.01714
1413393983.205957651138306,0.00877,0.00044,0.00236,0.00524,0.00755,0.00144,0.02581
1413393983.255957365036011,0.00792,0.00034,0.00192,0.00399,0.00213,0.00165,0.01795
1413393983.305957555770874,0.00844,0.00041,0.00051,0.00391,0.00510,0.00161,0.01997
1413393983.355957508087158,0.00934,0.00040,0.00156,0.00418,0.00148,0.00181,0.01876
1413393983.405957698822021,0.00842,0.00043,0.00086,0.00498,0.00852,0.00162,0.02484
1413393983.455957651138306,0.00426,0.00018,0.00026,0.00186,0.00003,0.00167,0.00827
1413393983.505957365036011,0.00433,0.00032,0.00093,0.00151,0.00467,0.00159,0.01335
1413393983.555957555770874,0.00811,0.00044,0.00105,0.00377,0.00025,0.00261,0.01622
1413393983.605957746505737,0.00886,0.00040,0.00483,0.00171,0.00442,0.00157,0.02178
1413393983.655957937240601,0.00893,0.00042,0.00085,0.00261,0.01032,0.00148,0.02461
1413393983.705957889556885,0.00662,0.00034,0.00136,0.00598,0.00000,0.00253,0.01683
1413393983.755957841873169,0.00791,0.00043,0.00508,0.00459,0.00091,0.00224,0.02117
1413393983.805957794189453,0.01173,0.00038,0.00057,0.00495,0.00453,0.00154,0.02371
1413393983.855958223342896,0.01126,0.00035,0.00148,0.00345,0.00383,0.00146,0.02183
1413393983.905958414077759,0.00743,0.00047,0.00128,0.00648,0.00906,0.00139,0.02611
1413393983.955958366394043,0.01124,0.00037,0.00226,0.00316,0.00000,0.00157,0.01860
1413393984.005958318710327,0.00831,0.00046,0.00162,0.00461,0.00004,0.00208,0.01713
1413393984.055958747863770,0.01052,0.00042,0.00030,0.00551,0.00698,0.00161,0.02534
1413393984.105958938598633,0.00973,0.00045,0.00078,0.00649,0.00166,0.00217,0.02128
1413393984.155958890914917,0.01003,0.00046,0.00069,0.00649,0.00175,0.00233,0.02176
1413393984.205958843231201,0.00708,0.00039,0.00355,0.00546,0.00243,0.00208,0.02099
1413393984.255959033966064,0.00996,0.00036,0.00083,0.00559,0.00866,0.00148,0.02687
1413393984.305958747863770,0.00693,0.00037,0.00274,0.00621,0.00162,0.00200,0.01987
1413393984.355958938598633,0.01150,0.00066,0.00218,0.00475,0.00342,0.00153,0.02405
1413393984.405959129333496,0.00879,0.00037,0.00167,0.00536,0.00508,0.00150,0.02277
1413393984.455959320068359,0.00882,0.00042,0.00096,0.00688,0.00031,0.00274,0.02013
1413393984.505959033966064,0.00848,0.00038,0.00058,0.00543,0.00288,0.00191,0.01965
1413393984.555958747863770,0.01004,0.00034,0.00316,0.00467,0.01018,0.00145,0.02983
1413393984.605958938598633,0.00626,0.00025,0.00138,0.00562,0.00387,0.00180,0.01917
1413393984.655958890914917,0.00844,0.00040,0.00494,0.00511,0.00073,0.00209,0.02172
1413393984.705959081649780,0.01035,0.00035,0.00228,0.00350,0.00126,0.00160,0.01935
1413393984.755959033966064,0.00904,0.00042,0.00286,0.00489,0.00317,0.00169,0.02208
1413393984.805958747863770,0.00775,0.00040,0.00138,0.00462,0.00279,0.00180,0.01873
1413393984.855958938598633,0.00887,0.00041,0.00449,0.00450,0.00465,0.00152,0.02445
1413393984.905958175659180,0.00858,0.00045,0.00505,0.00421,0.00450,0.00142,0.02421
1413393984.955957889556885,0.00869,0.00041,0.00334,0.00504,0.00000,0.00216,0.01964
1413393985.005958080291748,0.01025,0.00042,0.00126,0.00411,0.00477,0.00165,0.02246
1413393985.055958509445190,0.00923,0.00036,0.00243,0.00312,0.00145,0.00174,0.01833
1413393985.105958700180054,0.01202,0.00038,0.00221,0.00353,0.00002,0.00225,0.02041
1413393985.155959367752075,0.00939,0.00035,0.00447,0.00330,0.00183,0.00217,0.02152
1413393985.205960035324097,0.00967,0.00038,0.00242,0.00439,0.00000,0.00218,0.01904
1413393985.255960226058960,0.00969,0.00041,0.00033,0.00448,0.00498,0.00168,0.02156
1413393985.305960655212402,0.01164,0.00041,0.00130,0.00517,0.00161,0.00185,0.02197
1413393985.355960845947266,0.01121,0.00034,0.00590,0.00344,0.00283,0.00151,0.02522
1413393985.405960798263550,0.01152,0.00026,0.00215,0.00307,0.00436,0.00141,0.02276
1413393985.455960273742676,0.00989,0.00042,0.00621,0.00466,0.00125,0.00154,0.02396
1413393985.505960226058960,0.01259,0.00032,0.00111,0.00383,0.00023,0.00167,0.01976
1413393985.555960178375244,0.00316,0.00019,0.00090,0.00236,0.00095,0.00149,0.00905
1413393985.605960607528687,0.00748,0.00044,0.00334,0.00458,0.00532,0.00161,0.02277
1413393985.655960083007812,0.00828,0.00036,0.00122,0.00631,0.00668,0.00213,0.02497
1413393985.705960035324097,0.00809,0.00042,0.00162,0.00594,0.00221,0.00229,0.02057
1413393985.755959987640381,0.00705,0.00035,0.00259,0.00540,0.00000,0.00232,0.01772
1413393985.805960416793823,0.00881,0.00038,0.00139,0.00473,0.00266,0.00206,0.02003
1413393985.855961322784424,0.00874,0.00040,0.00042,0.00519,0.00656,0.00159,0.02290
1413393985.905962228775024,0.00756,0.00047,0.00296,0.00568,0.00254,0.00210,0.02131
1413393985.955962896347046,0.01059,0.00050,0.00214,0.00569,0.00153,0.00191,0.02236
1413393986.005963563919067,0.00688,0.00029,0.00107,0.00555,0.00535,0.00156,0.02070
1413393986.055963993072510,0.01073,0.00059,0.00147,0.00571,0.00306,0.00158,0.02314
1413393986.105963945388794,0.00706,0.00049,0.00071,0.00838,0.00245,0.00193,0.02102
1413393986.155963897705078,0.00778,0.00043,0.00068,0.00776,0.00402,0.00172,0.02238
1413393986.205963134765625,0.00808,0.00040,0.00325,0.00466,0.00128,0.00193,0.01960
1413393986.255962371826172,0.01277,0.00048,0.00452,0.00319,0.00715,0.00154,0.02965
1413393986.305961608886719,0.00808,0.00036,0.00224,0.00609,0.00203,0.00206,0.02086
1413393986.355961561203003,0.00779,0.00052,0.00194,0.00550,0.00708,0.00151,0.02435
1413393986.405961275100708,0.00881,0.00033,0.00228,0.00386,0.00236,0.00154,0.01919
1413393986.455960988998413,0.00642,0.00050,0.00296,0.00765,0.00200,0.00218,0.02171
1413393986.505960941314697,0.00759,0.00040,0.00137,0.00731,0.00273,0.00218,0.02158
1413393986.555961132049561,0.00688,0.00046,0.00104,0.00725,0.00428,0.00212,0.02203
1413393986.605961799621582,0.00754,0.00042,0.00137,0.00651,0.00537,0.00170,0.02291
1413393986.655962705612183,0.00721,0.00048,0.00110,0.00505,0.00045,0.00223,0.01653
1413393986.705961942672729,0.00982,0.00040,0.00214,0.00408,0.00535,0.00164,0.02344
1413393986.755962371826172,0.00714,0.00041,0.00194,0.00518,0.00080,0.00300,0.01847
1413393986.805963039398193,0.01036,0.00037,0.00034,0.00332,0.00563,0.00214,0.02217
1413393986.855963706970215,0.00963,0.00045,0.00187,0.00295,0.00689,0.00169,0.02347
1413393986.905964374542236,0.00741,0.00047,0.00117,0.00427,0.00216,0.00280,0.01828
1413393986.955966234207153,0.00789,0.00046,0.00054,0.00439,0.00617,0.00179,0.02123
1413393987.005967378616333,0.01077,0.00041,0.00060,0.00352,0.00082,0.00218,0.01830
1413393987.055969476699829,0.00683,0.00034,0.00105,0.00402,0.00358,0.00310,0.01893
1413393987.105970621109009,0.00703,0.00042,0.00075,0.00326,0.00059,0.00387,0.01592
1413393987.155974149703979,0.00938,0.00039,0.00121,0.00237,0.00759,0.00184,0.02277
1413393987.205975532531738,0.00694,0.00045,0.00129,0.00468,0.00191,0.00294,0.01822
1413393987.255977153778076,0.00733,0.00045,0.00030,0.00514,0.01056,0.00156,0.02533
1413393987.305977106094360,0.01099,0.00041,0.00100,0.00576,0.00258,0.00185,0.02258
1413393987.355976581573486,0.00962,0.00034,0.00177,0.00446,0.00523,0.00173,0.02315
1413393987.405976295471191,0.00686,0.00047,0.00025,0.00866,0.00155,0.00258,0.02037
1413393987.455975294113159,0.00892,0.00042,0.00084,0.00808,0.00120,0.00211,0.02156
1413393987.505974769592285,0.00665,0.00040,0.00125,0.00752,0.00493,0.00154,0.02229
1413393987.555973768234253,0.00633,0.00044,0.00840,0.00398,0.00738,0.00146,0.02800
1413393987.605973482131958,0.00380,0.00017,0.00039,0.00427,0.00194,0.00156,0.01214
1413393987.655973434448242,0.00626,0.00053,0.00811,0.00588,0.00058,0.00151,0.02288
1413393987.705973148345947,0.00571,0.00030,0.00147,0.00468,0.00118,0.00144,0.01478
1413393987.755972862243652,0.00801,0.00045,0.00806,0.00418,0.00382,0.00144,0.02596
1413393987.805973052978516,0.00659,0.00035,0.00250,0.00518,0.00106,0.00141,0.01708
1413393987.855972766876221,0.00906,0.00045,0.00888,0.00352,0.00112,0.00142,0.02445
1413393987.905972719192505,0.00741,0.00041,0.00270,0.00894,0.00077,0.00196,0.02219
1413393987.955972433090210,0.00785,0.00041,0.00106,0.00679,0.00226,0.00165,0.02002
1413393988.005972385406494,0.00925,0.00044,0.00079,0.00869,0.00003,0.00218,0.02139
1413393988.055972099304199,0.00727,0.00046,0.00173,0.00696,0.00074,0.00242,0.01957
1413393988.105972528457642,0.00701,0.00044,0.00375,0.00453,0.00024,0.00223,0.01819
1413393988.155972957611084,0.00636,0.00042,0.00272,0.00454,0.00963,0.00160,0.02527
1413393988.205973148345947,0.00921,0.00044,0.00206,0.00497,0.00003,0.00260,0.01931
1413393988.255973577499390,0.00859,0.00048,0.00067,0.00473,0.00140,0.00304,0.01891
1413393988.305973529815674,0.01063,0.00044,0.00170,0.00268,0.00295,0.00195,0.02035
1413393988.355973720550537,0.01135,0.00036,0.00064,0.00238,0.00121,0.00213,0.01807
1413393988.405972957611084,0.00672,0.00043,0.00110,0.00274,0.01034,0.00184,0.02317
1413393988.455973148345947,0.00760,0.00040,0.00127,0.00308,0.00810,0.00156,0.02202
1413393988.505973100662231,0.00735,0.00040,0.00154,0.00362,0.00091,0.00209,0.01590
1413393988.555970907211304,0.00927,0.00038,0.00074,0.00465,0.00846,0.00151,0.02500
1413393988.605970382690430,0.00654,0.00034,0.00019,0.00401,0.00178,0.00309,0.01595
1413393988.655969142913818,0.00720,0.00040,0.00126,0.00465,0.00137,0.00270,0.01758
1413393988.705968141555786,0.01138,0.00042,0.00123,0.00387,0.00089,0.00251,0.02031
1413393988.755967140197754,0.01061,0.00036,0.00691,0.00291,0.00165,0.00171,0.02415
1413393988.805967330932617,0.00669,0.00039,0.00098,0.00595,0.00744,0.00185,0.02330
1413393988.855967283248901,0.00980,0.00037,0.00511,0.00446,0.00366,0.00161,0.02501
1413393988.905967712402344,0.00984,0.00045,0.00410,0.00429,0.00579,0.00156,0.02603
1413393988.955967664718628,0.00849,0.00038,0.00219,0.00584,0.00407,0.00164,0.02261
1413393989.005967140197754,0.00742,0.00039,0.00549,0.00411,0.00053,0.00169,0.01963
1413393989.055967330932617,0.01288,0.00034,0.00141,0.00488,0.00155,0.00188,0.02294
1413393989.105967283248901,0.01000,0.00035,0.00220,0.00575,0.00816,0.00173,0.02819
1413393989.155968189239502,0.00815,0.00024,0.00180,0.00365,0.00076,0.00153,0.01614
1413393989.205968379974365,0.00896,0.00041,0.00189,0.00638,0.00000,0.00222,0.01986
1413393989.255969524383545,0.00693,0.00046,0.00143,0.00638,0.00319,0.00171,0.02011
1413393989.305970668792725,0.00841,0.00039,0.00388,0.00379,0.00192,0.00167,0.02006
1413393989.355971336364746,0.00805,0.00042,0.00375,0.00360,0.00053,0.00187,0.01822
1413393989.405968427658081,0.00953,0.00039,0.00213,0.00498,0.01171,0.00168,0.03042
1413393989.455968379974365,0.00796,0.00033,0.00602,0.00320,0.00003,0.00196,0.01949
1413393989.505968332290649,0.00850,0.00041,0.00579,0.00320,0.00371,0.00153,0.02314
1413393989.555969953536987,0.01141,0.00034,0.00292,0.00224,0.00053,0.00168,0.01912
1413393989.605970859527588,0.00736,0.00063,0.00464,0.00462,0.00297,0.00223,0.02245
1413393989.655972242355347,0.00390,0.00027,0.00014,0.00261,0.00106,0.00204,0.01001
1413393989.705974340438843,0.00368,0.00017,0.00034,0.00140,0.00110,0.00162,0.00830
1413393989.755975723266602,0.00439,0.00027,0.00010,0.00320,0.00473,0.00211,0.01480
1413393989.805976629257202,0.01052,0.00042,0.00025,0.00483,0.00001,0.00283,0.01886
1413393989.855978250503540,0.00780,0.00042,0.00242,0.00423,0.00241,0.00208,0.01936
1413393989.905979633331299,0.00956,0.00036,0.00531,0.00238,0.00058,0.00202,0.02022
1413393989.955980777740479,0.00718,0.00041,0.00089,0.00359,0.00996,0.00153,0.02356
1413393990.005980730056763,0.00726,0.00036,0.00229,0.00323,0.00190,0.00191,0.01695
1413393990.055979728698730,0.01009,0.00038,0.00310,0.00372,0.00765,0.00160,0.02653
1413393990.105980157852173,0.00867,0.00039,0.00172,0.00516,0.01067,0.00144,0.02805
1413393990.155980587005615,0.00673,0.00034,0.00369,0.00644,0.00001,0.00254,0.01975
1413393990.205980539321899,0.00851,0.00039,0.00220,0.00467,0.00421,0.00161,0.02158
1413393990.255981206893921,0.01114,0.00044,0.00096,0.00507,0.00287,0.00197,0.02245
1413393990.305981874465942,0.00931,0.00041,0.00168,0.00517,0.00087,0.00246,0.01990
1413393990.355982065200806,0.01127,0.00038,0.00092,0.00387,0.00689,0.00154,0.02487
1413393990.405982732772827,0.01016,0.00035,0.00031,0.00435,0.00709,0.00150,0.02375
1413393990.455982446670532,0.00681,0.00036,0.00045,0.00641,0.00004,0.00294,0.01701
1413393990.505982398986816,0.00896,0.00041,0.00036,0.00588,0.00223,0.00244,0.02028
1413393990.555982112884521,0.00684,0.00037,0.00124,0.00630,0.00052,0.00294,0.01821
1413393990.605982780456543,0.01050,0.00036,0.00239,0.00365,0.00296,0.00180,0.02167
1413393990.655982971191406,0.01127,0.00039,0.00255,0.00404,0.00167,0.00225,0.02216
1413393990.705983161926270,0.00783,0.00034,0.00184,0.00406,0.00246,0.00243,0.01897
1413393990.755982875823975,0.00893,0.00031,0.00190,0.00209,0.00457,0.00157,0.01938
1413393990.805982589721680,0.01015,0.00048,0.00180,0.00377,0.00618,0.00160,0.02397
1413393990.855982542037964,0.00389,0.00020,0.00103,0.00212,0.00117,0.00159,0.01000
1413393990.905979871749878,0.00799,0.00042,0.00088,0.00331,0.01093,0.00160,0.02512
1413393990.955977201461792,0.01004,0.00032,0.00081,0.00249,0.00053,0.00214,0.01635
1413393991.005974531173706,0.00855,0.00038,0.00157,0.00281,0.00004,0.00294,0.01628
1413393991.055973052978516,0.00724,0.00037,0.00131,0.00219,0.00081,0.00334,0.01526
1413393991.105971336364746,0.00714,0.00035,0.00432,0.00207,0.00066,0.00273,0.01727
1413393991.155959606170654,0.01257,0.00032,0.00621,0.00094,0.00995,0.00156,0.03154
1413393991.205959081649780,0.00589,0.00018,0.00142,0.00357,0.00000,0.00236,0.01342
1413393991.255958795547485,0.01227,0.00042,0.00258,0.00240,0.00020,0.00237,0.02024
1413393991.305959463119507,0.01060,0.00042,0.00214,0.00230,0.00183,0.00254,0.01984
1413393991.355960607528687,0.01055,0.00043,0.00337,0.00234,0.00042,0.00261,0.01972
1413393991.405960321426392,0.00682,0.00026,0.00107,0.00167,0.00001,0.00368,0.01350
1413393991.455961227416992,0.01011,0.00039,0.00019,0.00179,0.00116,0.00331,0.01695
1413393991.505964517593384,0.00807,0.00032,0.00147,0.00175,0.00779,0.00193,0.02134
1413393991.555966377258301,0.00876,0.00041,0.00057,0.00301,0.00277,0.00299,0.01850
1413393991.605967998504639,0.00759,0.00033,0.00047,0.00309,0.00115,0.00336,0.01599
1413393991.655969381332397,0.01172,0.00032,0.00070,0.00255,0.00000,0.00251,0.01781
1413393991.705970525741577,0.00987,0.00032,0.00023,0.00341,0.00349,0.00263,0.01994
1413393991.755972385406494,0.00446,0.00015,0.00013,0.00144,0.00598,0.00157,0.01373
1413393991.805974721908569,0.00283,0.00015,0.00006,0.00198,0.00110,0.00149,0.00762
1413393991.855978965759277,0.00663,0.00040,0.00003,0.00544,0.00000,0.00371,0.01620
1413393991.905980587005615,0.01072,0.00035,0.00275,0.00265,0.00084,0.00250,0.01981
1413393991.955982208251953,0.00962,0.00037,0.00059,0.00313,0.00184,0.00232,0.01788
1413393992.005984783172607,0.00702,0.00037,0.00183,0.00305,0.00590,0.00202,0.02019
1413393992.055986642837524,0.01300,0.00025,0.00164,0.00168,0.00001,0.00168,0.01826
1413393992.105992317199707,0.00961,0.00033,0.00405,0.00151,0.00712,0.00150,0.02412
1413393992.155991315841675,0.00997,0.00031,0.00036,0.00140,0.00000,0.00258,0.01463
1413393992.205989837646484,0.01090,0.00044,0.00261,0.00089,0.00614,0.00184,0.02283
1413393992.255986690521240,0.00928,0.00041,0.00136,0.00198,0.00691,0.00227,0.02221
1413393992.305985927581787,0.00437,0.00021,0.00015,0.00156,0.00000,0.00255,0.00884
1413393992.355981111526489,0.00776,0.00043,0.00090,0.00288,0.00711,0.00206,0.02115
1413393992.405980348587036,0.01332,0.00033,0.00029,0.00268,0.00105,0.00242,0.02009
1413393992.455980300903320,0.00992,0.00041,0.00033,0.00444,0.00000,0.00287,0.01798
1413393992.505976438522339,0.00734,0.00037,0.00020,0.00431,0.00872,0.00190,0.02283
1413393992.555978298187256,0.00695,0.00045,0.00064,0.00648,0.00155,0.00278,0.01885
1413393992.605979442596436,0.00674,0.00035,0.00017,0.00621,0.00314,0.00194,0.01854
1413393992.655981540679932,0.00989,0.00045,0.00103,0.00615,0.00088,0.00267,0.02106
1413393992.705984115600586,0.01026,0.00035,0.00164,0.00549,0.00946,0.00156,0.02877
1413393992.755984067916870,0.00276,0.00014,0.00062,0.00287,0.00001,0.00159,0.00798
1413393992.805981159210205,0.01204,0.00058,0.00156,0.00501,0.00473,0.00158,0.02550
1413393992.855978012084961,0.00800,0.00038,0.00248,0.00387,0.00206,0.00155,0.01834
1413393992.905973672866821,0.00707,0.00039,0.00543,0.00312,0.00055,0.00204,0.01859
1413393992.955966949462891,0.00866,0.00046,0.00067,0.00468,0.00435,0.00185,0.02067
1413393993.005959272384644,0.00722,0.00040,0.00072,0.00546,0.00397,0.00169,0.01947
1413393993.055954933166504,0.00746,0.00043,0.00054,0.00779,0.00052,0.00237,0.01911
1413393993.105951547622681,0.00658,0.00039,0.00066,0.00896,0.00400,0.00182,0.02242
1413393993.155948877334595,0.00687,0.00042,0.00021,0.00845,0.00128,0.00248,0.01971
1413393993.205945730209351,0.01220,0.00026,0.00033,0.00450,0.00196,0.00173,0.02097
1413393993.255945682525635,0.00771,0.00041,0.00195,0.00715,0.00005,0.00244,0.01969
1413393993.305941104888916,0.00756,0.00038,0.00065,0.00710,0.00577,0.00148,0.02293
1413393993.355939865112305,0.00693,0.00049,0.00033,0.00997,0.00524,0.00171,0.02468
1413393993.405939579010010,0.00980,0.00041,0.00108,0.00798,0.00147,0.00182,0.02256
1413393993.455938577651978,0.00765,0.00043,0.00069,0.00903,0.00095,0.00240,0.02115
1413393993.505934953689575,0.00806,0.00043,0.00100,0.00747,0.00089,0.00194,0.01979
1413393993.555933237075806,0.00816,0.00039,0.00082,0.00690,0.00162,0.00194,0.01982
1413393993.605931758880615,0.00759,0.00042,0.00350,0.00569,0.00077,0.00186,0.01983
1413393993.655930995941162,0.00919,0.00040,0.00298,0.00443,0.00123,0.00148,0.01972
1413393993.705930709838867,0.01000,0.00042,0.00669,0.00460,0.00078,0.00158,0.02406
1413393993.755930185317993,0.00849,0.00042,0.00959,0.00461,0.00531,0.00150,0.02994
1413393993.805931329727173,0.00292,0.00017,0.00107,0.00297,0.00001,0.00147,0.00862
1413393993.855933189392090,0.00471,0.00031,0.00057,0.00273,0.00025,0.00196,0.01054
1413393993.905934810638428,0.00432,0.00019,0.00098,0.00179,0.00023,0.00154,0.00905
1413393993.955936193466187,0.00797,0.00037,0.00195,0.00407,0.00480,0.00200,0.02115
1413393994.005937337875366,0.00629,0.00032,0.00155,0.00384,0.00000,0.00291,0.01491
1413393994.055937767028809,0.00865,0.00034,0.00023,0.00393,0.00009,0.00384,0.01708
1413393994.105937004089355,0.00434,0.00015,0.00014,0.00110,0.00082,0.00147,0.00802
1413393994.155936479568481,0.01279,0.00044,0.00018,0.00276,0.00013,0.00289,0.01919
1413393994.205935716629028,0.00805,0.00034,0.00050,0.00339,0.00127,0.00292,0.01648
1413393994.255937576293945,0.00776,0.00032,0.00106,0.00341,0.00609,0.00241,0.02105
1413393994.305938005447388,0.00874,0.00033,0.00156,0.00369,0.00006,0.00329,0.01769
1413393994.355938673019409,0.00789,0.00034,0.00541,0.00260,0.00091,0.00257,0.01973
1413393994.405937671661377,0.01048,0.00034,0.00713,0.00131,0.00504,0.00153,0.02582
1413393994.455938100814819,0.00891,0.00038,0.00453,0.00193,0.00064,0.00257,0.01896
1413393994.505938291549683,0.00730,0.00035,0.00171,0.00135,0.00189,0.00281,0.01541
1413393994.555938243865967,0.01090,0.00034,0.00061,0.00126,0.00259,0.00263,0.01833
1413393994.605938434600830,0.00791,0.00039,0.00367,0.00132,0.00132,0.00338,0.01800
1413393994.655937433242798,0.00686,0.00033,0.00319,0.00099,0.00331,0.00310,0.01778
1413393994.705934047698975,0.00874,0.00032,0.00469,0.00052,0.00286,0.00167,0.01880
1413393994.755932807922363,0.01436,0.00028,0.00131,0.00050,0.00060,0.00234,0.01939
1413393994.805932521820068,0.01282,0.00029,0.00150,0.00058,0.00145,0.00255,0.01918
1413393994.855927944183350,0.00847,0.00034,0.00150,0.00072,0.00844,0.00165,0.02112
1413393994.905925989151001,0.01058,0.00029,0.00038,0.00131,0.00000,0.00279,0.01535
1413393994.955915451049805,0.00700,0.00032,0.00157,0.00164,0.00966,0.00184,0.02204
1413393995.005913496017456,0.01054,0.00035,0.00170,0.00248,0.00094,0.00295,0.01895
1413393995.055912733078003,0.01112,0.00032,0.00159,0.00161,0.00000,0.00258,0.01723
1413393995.105909824371338,0.00741,0.00038,0.00057,0.00123,0.01974,0.00155,0.03087
1413393995.155910968780518,0.00584,0.00032,0.00211,0.00418,0.00433,0.00243,0.01922
1413393995.205913066864014,0.00751,0.00048,0.00396,0.00367,0.00168,0.00197,0.01928
1413393995.255915880203247,0.00653,0.00044,0.00127,0.00639,0.00372,0.00236,0.02070
1413393995.305918216705322,0.00655,0.00038,0.00117,0.00656,0.00571,0.00156,0.02193
1413393995.355919361114502,0.00676,0.00046,0.00022,0.00723,0.00182,0.00175,0.01824
1413393995.405919313430786,0.00718,0.00047,0.00048,0.00819,0.00005,0.00218,0.01855
1413393995.455919504165649,0.01158,0.00040,0.00468,0.00373,0.00004,0.00166,0.02208
1413393995.505919694900513,0.01009,0.00043,0.00619,0.00423,0.00001,0.00180,0.02275
1413393995.555920362472534,0.00933,0.00046,0.00984,0.00337,0.00636,0.00153,0.03089
1413393995.605920791625977,0.00493,0.00025,0.00016,0.00482,0.00265,0.00155,0.01436
1413393995.655920743942261,0.00828,0.00051,0.00323,0.00880,0.00006,0.00216,0.02303
1413393995.705920457839966,0.00727,0.00043,0.00086,0.00939,0.00242,0.00189,0.02226
1413393995.755920171737671,0.01076,0.00043,0.00115,0.00696,0.00126,0.00184,0.02240
1413393995.805920600891113,0.00534,0.00022,0.00052,0.00393,0.00117,0.00152,0.01269
1413393995.855920553207397,0.00721,0.00034,0.00281,0.00460,0.00132,0.00161,0.01789
1413393995.905920505523682,0.00441,0.00016,0.00011,0.00270,0.00307,0.00162,0.01207
1413393995.955919981002808,0.00738,0.00050,0.00088,0.00851,0.00263,0.00195,0.02186
1413393996.005919933319092,0.01020,0.00043,0.00214,0.00633,0.00540,0.00159,0.02608
1413393996.055919885635376,0.00728,0.00036,0.00181,0.00514,0.00144,0.00145,0.01748
1413393996.105919122695923,0.00892,0.00040,0.00917,0.00381,0.00512,0.00157,0.02900
1413393996.155918836593628,0.00926,0.00044,0.00510,0.00515,0.00166,0.00169,0.02330
1413393996.205917835235596,0.00993,0.00040,0.00023,0.00658,0.00032,0.00222,0.01967
1413393996.255916595458984,0.01088,0.00042,0.00146,0.00628,0.00001,0.00219,0.02125
1413393996.305915832519531,0.00737,0.00039,0.00945,0.00374,0.00517,0.00146,0.02759
1413393996.355916023254395,0.00706,0.00041,0.00043,0.00647,0.00002,0.00329,0.01768
1413393996.405916452407837,0.01042,0.00042,0.00091,0.00408,0.00029,0.00239,0.01851
1413393996.455916404724121,0.00634,0.00040,0.00143,0.00565,0.01330,0.00159,0.02872
1413393996.505916357040405,0.00550,0.00031,0.00054,0.00871,0.00231,0.00218,0.01955
1413393996.555916547775269,0.00683,0.00043,0.00024,0.00831,0.00001,0.00217,0.01800
1413393996.605917215347290,0.00870,0.00039,0.00291,0.00597,0.00078,0.00167,0.02042
1413393996.655917406082153,0.00771,0.00041,0.00874,0.00537,0.00946,0.00154,0.03323
1413393996.705918788909912,0.00393,0.00017,0.00128,0.00450,0.00018,0.00158,0.01164
1413393996.755919694900513,0.00764,0.00051,0.00978,0.00646,0.00031,0.00162,0.02632
1413393996.805920362472534,0.00438,0.00031,0.00709,0.00377,0.00182,0.00157,0.01893
1413393996.855920553207397,0.00569,0.00026,0.00166,0.00391,0.00077,0.00169,0.01398
1413393996.905920505523682,0.00681,0.00044,0.00483,0.00842,0.00228,0.00173,0.02451
1413393996.955920696258545,0.00701,0.00046,0.00476,0.00539,0.00221,0.00147,0.02130
1413393997.005920410156250,0.00623,0.00045,0.00103,0.01136,0.00104,0.00210,0.02220
1413393997.055920362472534,0.00871,0.00048,0.00024,0.00999,0.00090,0.00198,0.02229
1413393997.105920791625977,0.01198,0.00043,0.00024,0.00720,0.00119,0.00170,0.02274
1413393997.155920505523682,0.00626,0.00041,0.00847,0.00625,0.00127,0.00162,0.02428
1413393997.205920219421387,0.00995,0.00048,0.00004,0.00904,0.00000,0.00192,0.02143
1413393997.255920171737671,0.00761,0.00042,0.01604,0.00409,0.00222,0.00159,0.03197
1413393997.305920124053955,0.00411,0.00027,0.00013,0.01072,0.00000,0.00251,0.01775
1413393997.355920314788818,0.00716,0.00068,0.00721,0.00749,0.00001,0.00167,0.02421
1413393997.405920267105103,0.01013,0.00046,0.01154,0.00418,0.00057,0.00161,0.02850
1413393997.455920219421387,0.00901,0.00044,0.00296,0.00784,0.00084,0.00175,0.02284
1413393997.505919933319092,0.00976,0.00045,0.00091,0.00914,0.00105,0.00187,0.02317
1413393997.555919885635376,0.00968,0.00043,0.00016,0.00751,0.00202,0.00171,0.02151
1413393997.605920076370239,0.00743,0.00072,0.00263,0.00909,0.00000,0.00183,0.02172
1413393997.655920028686523,0.00731,0.00049,0.01866,0.00349,0.00221,0.00156,0.03373
1413393997.705919981002808,0.00276,0.00016,0.00069,0.00471,0.00005,0.00204,0.01041
1413393997.755920171737671,0.00677,0.00058,0.00566,0.00749,0.00247,0.00154,0.02452
1413393997.805920124053955,0.00653,0.00046,0.00280,0.00816,0.00000,0.00162,0.01957
1413393997.855920314788818,0.00655,0.00043,0.01005,0.00424,0.00309,0.00141,0.02576
1413393997.905920267105103,0.00955,0.00030,0.00086,0.00581,0.00000,0.00160,0.01811
1413393997.955920457839966,0.00291,0.00018,0.00208,0.00483,0.00062,0.00154,0.01216
1413393998.005920410156250,0.01035,0.00051,0.00961,0.00498,0.00116,0.00155,0.02815
1413393998.055920362472534,0.00553,0.00030,0.00013,0.01110,0.00000,0.00226,0.01932
1413393998.105920553207397,0.00810,0.00042,0.00416,0.00795,0.00070,0.00180,0.02313
1413393998.155920505523682,0.00679,0.00042,0.00333,0.00689,0.00024,0.00169,0.01934
1413393998.205920696258545,0.00962,0.00042,0.00170,0.00727,0.00000,0.00193,0.02095
1413393998.255920648574829,0.00680,0.00049,0.01329,0.00441,0.00331,0.00155,0.02984
1413393998.305920600891113,0.00488,0.00032,0.00504,0.00872,0.00051,0.00209,0.02157
1413393998.355920791625977,0.01018,0.00048,0.00014,0.00972,0.00007,0.00208,0.02266
1413393998.405920267105103,0.00798,0.00042,0.00067,0.00860,0.00001,0.00201,0.01969
1413393998.455920696258545,0.01130,0.00039,0.00458,0.00457,0.00429,0.00159,0.02671
1413393998.505920886993408,0.00750,0.00034,0.00022,0.00584,0.00001,0.00201,0.01592
1413393998.555921554565430,0.01108,0.00047,0.00193,0.00718,0.00072,0.00193,0.02331
1413393998.605922460556030,0.00803,0.00043,0.00106,0.00866,0.00366,0.00152,0.02335
1413393998.655923128128052,0.01072,0.00052,0.00092,0.00864,0.00001,0.00217,0.02299
1413393998.705924034118652,0.00747,0.00043,0.00044,0.00903,0.00241,0.00204,0.02181
1413393998.755924463272095,0.00749,0.00047,0.00049,0.00674,0.00165,0.00196,0.01879
1413393998.805924177169800,0.00735,0.00050,0.00083,0.00619,0.00002,0.00252,0.01740
1413393998.855924367904663,0.00758,0.00046,0.00043,0.00612,0.00368,0.00187,0.02014
1413393998.905924081802368,0.00775,0.00045,0.00362,0.00520,0.00223,0.00166,0.02091
1413393998.955923080444336,0.01333,0.00032,0.00044,0.00418,0.00061,0.00178,0.02066
1413393999.005922555923462,0.00834,0.00040,0.00347,0.00669,0.00230,0.00201,0.02319
1413393999.055922031402588,0.00880,0.00042,0.00046,0.00715,0.00302,0.00188,0.02173
1413393999.105919599533081,0.00794,0.00041,0.00053,0.00506,0.00076,0.00198,0.01668
1413393999.155918359756470,0.00834,0.00039,0.00047,0.00433,0.00138,0.00353,0.01844
1413393999.205917835235596,0.00912,0.00041,0.00044,0.00251,0.00016,0.00409,0.01673
1413393999.255917310714722,0.00826,0.00040,0.00150,0.00152,0.00263,0.00333,0.01764
1413393999.305917263031006,0.00893,0.00040,0.00382,0.00184,0.00188,0.00284,0.01971
1413393999.355917692184448,0.00800,0.00034,0.00080,0.00173,0.00010,0.00440,0.01537
1413393999.405917644500732,0.00835,0.00032,0.00092,0.00089,0.00316,0.00366,0.01730
1413393999.455917596817017,0.00735,0.00032,0.00211,0.00093,0.00562,0.00298,0.01930
1413393999.505917787551880,0.01110,0.00031,0.00125,0.00101,0.00892,0.00172,0.02431
1413393999.555917978286743,0.00795,0.00029,0.00019,0.00124,0.00022,0.00318,0.01307
1413393999.605918645858765,0.00787,0.00031,0.00045,0.00124,0.00615,0.00253,0.01853
1413393999.655919075012207,0.00816,0.00034,0.00024,0.00156,0.00586,0.00283,0.01899
1413393999.705919265747070,0.00833,0.00034,0.00042,0.00171,0.00000,0.00436,0.01518
1413393999.755919456481934,0.00795,0.00033,0.00126,0.00134,0.00002,0.00409,0.01500
1413393999.805919408798218,0.00973,0.00032,0.00050,0.00133,0.00008,0.00420,0.01616
1413393999.855919837951660,0.00788,0.00026,0.00134,0.00047,0.00255,0.00201,0.01451
1413393999.905919790267944,0.01029,0.00028,0.00271,0.00054,0.00430,0.00235,0.02047
1413393999.955919742584229,0.00888,0.00031,0.00194,0.00043,0.00148,0.00279,0.01581
1413394000.005919694900513,0.00987,0.00022,0.00134,0.00025,0.00105,0.00190,0.01464
1413394000.055919408798218,0.00446,0.00012,0.00003,0.00016,0.00358,0.00148,0.00984
1413394000.105921506881714,0.01609,0.00022,0.00083,0.00035,0.00297,0.00159,0.02204
1413394000.155921697616577,0.01063,0.00038,0.00134,0.00064,0.00000,0.00327,0.01626
1413394000.205921649932861,0.00858,0.00036,0.00124,0.00048,0.00326,0.00337,0.01729
1413394000.255921363830566,0.00935,0.00040,0.00089,0.00038,0.00323,0.00290,0.01715
1413394000.305921077728271,0.01206,0.00033,0.00094,0.00026,0.00000,0.00302,0.01661
1413394000.355921506881714,0.01186,0.00033,0.00134,0.00021,0.00240,0.00228,0.01841
1413394000.405921459197998,0.01349,0.00021,0.00069,0.00020,0.00000,0.00249,0.01708
1413394000.455921411514282,0.00845,0.00032,0.00010,0.00031,0.00225,0.00417,0.01561
1413394000.505921602249146,0.00973,0.00037,0.00016,0.00040,0.00000,0.00435,0.01501
1413394000.555921554565430,0.00657,0.00037,0.00025,0.00037,0.00216,0.00462,0.01434
1413394000.605921983718872,0.01154,0.00040,0.00050,0.00034,0.00059,0.00373,0.01709
1413394000.655922412872314,0.00728,0.00037,0.00018,0.00032,0.00319,0.00399,0.01533
1413394000.705922842025757,0.00773,0.00038,0.00003,0.00036,0.00522,0.00292,0.01664
1413394000.755922794342041,0.00702,0.00034,0.00007,0.00037,0.00002,0.00461,0.01243
1413394000.805922746658325,0.00731,0.00033,0.00006,0.00035,0.00275,0.00443,0.01524
1413394000.855923414230347,0.01015,0.00033,0.00006,0.00045,0.00378,0.00349,0.01827
1413394000.905923366546631,0.00961,0.00037,0.00004,0.00057,0.00460,0.00356,0.01874
1413394000.955923318862915,0.00741,0.00036,0.00008,0.00055,0.00364,0.00423,0.01626
1413394001.005923509597778,0.00696,0.00036,0.00003,0.00034,0.00289,0.00456,0.01514
1413394001.055923461914062,0.00673,0.00038,0.00007,0.00042,0.00064,0.00463,0.01287
1413394001.105923652648926,0.00682,0.00034,0.00009,0.00034,0.00006,0.00453,0.01218
1413394001.155923604965210,0.00938,0.00031,0.00009,0.00027,0.00564,0.00293,0.01861
1413394001.205923557281494,0.00706,0.00031,0.00005,0.00041,0.00049,0.00460,0.01291
1413394001.255923509597778,0.00927,0.00034,0.00003,0.00049,0.00126,0.00439,0.01578
1413394001.305923700332642,0.00638,0.00029,0.00003,0.00048,0.00581,0.00417,0.01716
1413394001.355923891067505,0.00954,0.00030,0.00003,0.00057,0.00009,0.00452,0.01505
1413394001.405923843383789,0.00705,0.00031,0.00003,0.00059,0.00497,0.00421,0.01716
1413394001.455923795700073,0.00666,0.00030,0.00009,0.00065,0.00374,0.00393,0.01537
1413394001.505923748016357,0.00781,0.00034,0.00003,0.00115,0.00470,0.00272,0.01676
1413394001.555923700332642,0.00659,0.00037,0.00007,0.00138,0.00585,0.00280,0.01706
1413394001.605923891067505,0.00739,0.00033,0.00004,0.00215,0.00077,0.00425,0.01493
1413394001.655923843383789,0.00979,0.00037,0.00008,0.00209,0.00068,0.00399,0.01700
1413394001.705923795700073,0.00932,0.00034,0.00003,0.00213,0.00019,0.00426,0.01627
1413394001.755923748016357,0.00898,0.00037,0.00004,0.00212,0.00535,0.00296,0.01982
1413394001.805923938751221,0.00935,0.00036,0.00007,0.00208,0.00058,0.00408,0.01652
1413394001.855924129486084,0.00706,0.00034,0.00004,0.00213,0.00140,0.00427,0.01524
1413394001.905924081802368,0.00693,0.00040,0.00004,0.00217,0.00324,0.00316,0.01594
1413394001.955924034118652,0.00733,0.00034,0.00015,0.00230,0.00013,0.00449,0.01474
1413394002.005923986434937,0.00768,0.00038,0.00047,0.00243,0.00075,0.00412,0.01583
1413394002.055923938751221,0.01304,0.00029,0.00052,0.00198,0.00076,0.00270,0.01930
1413394002.105924129486084,0.00312,0.00013,0.00005,0.00078,0.00019,0.00167,0.00595
1413394002.155924081802368,0.00765,0.00025,0.00016,0.00121,0.00108,0.00279,0.01314
1413394002.205924034118652,0.00983,0.00036,0.00006,0.00206,0.00045,0.00361,0.01638
1413394002.255923986434937,0.00894,0.00035,0.00010,0.00208,0.00058,0.00397,0.01602
1413394002.305923938751221,0.00758,0.00032,0.00010,0.00237,0.00016,0.00436,0.01489
1413394002.355924129486084,0.01027,0.00031,0.00004,0.00238,0.00470,0.00274,0.02044
1413394002.405924081802368,0.00764,0.00030,0.00003,0.00275,0.00022,0.00439,0.01534
1413394002.455924034118652,0.00673,0.00032,0.00004,0.00280,0.00060,0.00420,0.01468
1413394002.505923986434937,0.00697,0.00032,0.00004,0.00274,0.00120,0.00431,0.01558
1413394002.555923938751221,0.00752,0.00033,0.00003,0.00274,0.00070,0.00479,0.01611
1413394002.605924129486084,0.00737,0.00035,0.00004,0.00277,0.00273,0.00334,0.01660
1413394002.655924081802368,0.00699,0.00030,0.00004,0.00276,0.00065,0.00409,0.01482
1413394002.705924034118652,0.00734,0.00033,0.00013,0.00273,0.00107,0.00406,0.01567
1413394002.755923986434937,0.00806,0.00030,0.00004,0.00273,0.00197,0.00353,0.01662
1413394002.805923938751221,0.00799,0.00031,0.00004,0.00277,0.00221,0.00346,0.01676
1413394002.855924129486084,0.01027,0.00032,0.00004,0.00252,0.00027,0.00327,0.01669
1413394002.905924081802368,0.00818,0.00035,0.00035,0.00260,0.00017,0.00363,0.01527
1413394002.955924034118652,0.01204,0.00035,0.00056,0.00210,0.00240,0.00238,0.01982
1413394003.005923986434937,0.01148,0.00031,0.00006,0.00199,0.00015,0.00299,0.01698
1413394003.055923938751221,0.01233,0.00031,0.00019,0.00200,0.00023,0.00269,0.01775
1413394003.105924129486084,0.01332,0.00023,0.00081,0.00160,0.00060,0.00235,0.01890
1413394003.155924081802368,0.01299,0.00028,0.00052,0.00203,0.00045,0.00293,0.01919
1413394003.205924034118652,0.01020,0.00036,0.00060,0.00206,0.00055,0.00312,0.01688
1413394003.255923986434937,0.00930,0.00040,0.00032,0.00223,0.00055,0.00340,0.01620
1413394003.305923938751221,0.00911,0.00034,0.00014,0.00223,0.00054,0.00358,0.01594
1413394003.355924129486084,0.01146,0.00016,0.00042,0.00069,0.00025,0.00175,0.01472
