# timestamp (sec),tracking,propagation,msckf update,slam update,slam delayed,re-tri & marg,total
1403637149.937362432479858,0.00195,0.00009,0.00048,0.00000,0.00000,0.00119,0.00372
1403637149.987400293350220,0.00173,0.00011,0.00175,0.00000,0.00537,0.00076,0.00971
1403637150.037374019622803,0.00170,0.00014,0.00180,0.00055,0.00000,0.00068,0.00487
1403637150.087186336517334,0.00199,0.00012,0.00118,0.00042,0.00000,0.00087,0.00458
1403637150.137032747268677,0.00221,0.00013,0.00032,0.00027,0.00000,0.00071,0.00364
1403637150.187000513076782,0.00181,0.00012,0.00028,0.00025,0.00000,0.00068,0.00314
1403637150.236916065216064,0.00189,0.00011,0.00052,0.00021,0.00000,0.00067,0.00340
1403637150.286994457244873,0.00373,0.00014,0.00074,0.00020,0.00000,0.00073,0.00554
1403637150.337151527404785,0.00308,0.00013,0.00036,0.00015,0.00000,0.00072,0.00444
1403637150.387204170227051,0.00237,0.00012,0.00040,0.00013,0.00000,0.00072,0.00375
1403637150.437190532684326,0.00202,0.00013,0.00033,0.00008,0.00000,0.00071,0.00328
1403637150.487200498580933,0.00191,0.00012,0.00020,0.00006,0.00000,0.00078,0.00308
1403637150.537195682525635,0.00185,0.00013,0.00041,0.00004,0.00000,0.00084,0.00327
1403637150.587802410125732,0.00173,0.00013,0.00074,0.00004,0.00209,0.00087,0.00560
1403637150.637803554534912,0.00212,0.00013,0.00023,0.00010,0.00031,0.00081,0.00369
1403637150.687757730484009,0.00170,0.00012,0.00105,0.00012,0.00081,0.00092,0.00472
1403637150.737565517425537,0.00242,0.00016,0.00048,0.00024,0.00125,0.00083,0.00537
1403637150.787597894668579,0.00201,0.00012,0.00056,0.00030,0.00032,0.00082,0.00413
1403637150.837740182876587,0.00173,0.00012,0.00126,0.00022,0.00176,0.00089,0.00599
1403637150.887812137603760,0.00187,0.00012,0.00030,0.00035,0.00434,0.00084,0.00782
1403637150.937821388244629,0.00242,0.00023,0.00075,0.00146,0.00017,0.00092,0.00595
1403637150.987826824188232,0.00203,0.00014,0.00109,0.00081,0.00013,0.00084,0.00504
1403637151.037815093994141,0.00198,0.00015,0.00031,0.00074,0.00083,0.00090,0.00491
1403637151.087809562683105,0.00210,0.00014,0.00052,0.00083,0.00183,0.00104,0.00646
1403637151.137781381607056,0.00206,0.00016,0.00122,0.00112,0.00201,0.00099,0.00755
1403637151.187914371490479,0.00220,0.00015,0.00180,0.00105,0.00453,0.00090,0.01063
1403637151.237837791442871,0.00194,0.00022,0.00005,0.00170,0.00351,0.00090,0.00832
1403637151.287744522094727,0.00176,0.00020,0.00070,0.00206,0.00065,0.00094,0.00631
1403637151.337702274322510,0.00181,0.00015,0.00117,0.00210,0.00101,0.00093,0.00717
1403637151.387626886367798,0.00210,0.00017,0.00171,0.00197,0.00000,0.00107,0.00702
1403637151.437566518783569,0.00279,0.00019,0.00102,0.00141,0.00008,0.00101,0.00651
1403637151.487626791000366,0.00207,0.00015,0.00122,0.00137,0.00190,0.00086,0.00758
1403637151.537637472152710,0.00196,0.00015,0.00022,0.00148,0.00012,0.00100,0.00494
1403637151.587713479995728,0.00195,0.00014,0.00054,0.00137,0.00134,0.00089,0.00622
1403637151.637679576873779,0.00211,0.00015,0.00056,0.00169,0.00158,0.00127,0.00736
1403637151.687678098678589,0.00188,0.00014,0.00054,0.00165,0.00020,0.00113,0.00553
1403637151.737683773040771,0.00177,0.00014,0.00024,0.00149,0.00208,0.00098,0.00670
1403637151.787721395492554,0.00166,0.00016,0.00085,0.00171,0.00114,0.00098,0.00650
1403637151.837713956832886,0.00200,0.00015,0.00020,0.00179,0.00049,0.00088,0.00551
1403637151.887732028961182,0.00176,0.00018,0.00070,0.00170,0.00330,0.00087,0.00852
1403637151.937746763229370,0.00175,0.00017,0.00008,0.00224,0.00198,0.00086,0.00708
1403637151.987806081771851,0.00145,0.00018,0.00061,0.00245,0.00056,0.00104,0.00630
1403637152.037845134735107,0.00215,0.00016,0.00232,0.00265,0.00000,0.00095,0.00823
1403637152.087888717651367,0.00161,0.00017,0.00255,0.00238,0.00000,0.00097,0.00768
1403637152.137950658798218,0.00202,0.00022,0.00269,0.00260,0.00004,0.00100,0.00857
1403637152.187930345535278,0.00186,0.00019,0.00236,0.00247,0.00137,0.00144,0.00970
1403637152.237958431243896,0.00196,0.00015,0.00009,0.00287,0.00062,0.00103,0.00673
1403637152.287917375564575,0.00163,0.00016,0.00075,0.00244,0.00000,0.00098,0.00597
1403637152.337940931320190,0.00178,0.00017,0.00056,0.00222,0.00003,0.00088,0.00565
1403637152.387979269027710,0.00173,0.00020,0.00124,0.00238,0.00003,0.00101,0.00659
1403637152.437900543212891,0.00162,0.00016,0.00229,0.00195,0.00050,0.00090,0.00743
1403637152.487937211990356,0.00174,0.00018,0.00033,0.00204,0.00113,0.00120,0.00661
1403637152.537914514541626,0.00168,0.00017,0.00039,0.00232,0.00052,0.00101,0.00608
1403637152.587908506393433,0.00171,0.00018,0.00165,0.00230,0.00075,0.00094,0.00754
1403637152.637953519821167,0.00186,0.00015,0.00007,0.00260,0.00164,0.00100,0.00733
1403637152.687972068786621,0.00169,0.00016,0.00221,0.00242,0.00106,0.00094,0.00847
1403637152.738024473190308,0.00170,0.00016,0.00106,0.00287,0.00003,0.00099,0.00680
1403637152.788058280944824,0.00180,0.00019,0.00205,0.00255,0.00004,0.00108,0.00771
1403637152.838096857070923,0.00193,0.00020,0.00037,0.00257,0.00006,0.00116,0.00631
1403637152.888129234313965,0.00192,0.00016,0.00074,0.00213,0.00061,0.00092,0.00647
1403637152.938122510910034,0.00171,0.00020,0.00016,0.00188,0.00057,0.00097,0.00548
1403637152.988057851791382,0.00191,0.00018,0.00089,0.00193,0.00069,0.00111,0.00670
1403637153.038062572479248,0.00188,0.00021,0.00064,0.00202,0.00218,0.00114,0.00807
1403637153.088024616241455,0.00222,0.00020,0.00027,0.00237,0.00003,0.00115,0.00624
1403637153.137980461120605,0.00168,0.00018,0.00005,0.00382,0.00109,0.00142,0.00823
1403637153.187920093536377,0.00352,0.00032,0.00186,0.00374,0.00115,0.00137,0.01195
1403637153.237910509109497,0.00270,0.00025,0.00071,0.00358,0.00000,0.00152,0.00876
1403637153.287922382354736,0.00270,0.00028,0.00265,0.00390,0.00462,0.00146,0.01562
1403637153.337909221649170,0.00279,0.00030,0.00267,0.00447,0.00108,0.00163,0.01294
1403637153.387922763824463,0.00205,0.00019,0.00107,0.00311,0.00008,0.00163,0.00813
1403637153.437923669815063,0.00340,0.00038,0.00268,0.00508,0.00010,0.00161,0.01325
1403637153.487948656082153,0.00210,0.00024,0.00039,0.00347,0.00007,0.00105,0.00732
1403637153.537959575653076,0.00212,0.00017,0.00022,0.00224,0.00005,0.00103,0.00582
1403637153.587931156158447,0.00161,0.00017,0.00141,0.00200,0.00008,0.00100,0.00627
1403637153.637910604476929,0.00195,0.00015,0.00234,0.00192,0.00127,0.00103,0.00865
1403637153.687870979309082,0.00165,0.00017,0.00026,0.00206,0.00002,0.00095,0.00511
1403637153.737895727157593,0.00200,0.00018,0.00046,0.00188,0.00158,0.00104,0.00714
1403637153.787852525711060,0.00188,0.00015,0.00066,0.00186,0.00023,0.00096,0.00575
1403637153.837849140167236,0.00193,0.00017,0.00041,0.00167,0.00089,0.00097,0.00604
1403637153.887851715087891,0.00173,0.00016,0.00007,0.00184,0.00145,0.00094,0.00619
1403637153.937863826751709,0.00157,0.00017,0.00069,0.00187,0.00011,0.00095,0.00536
1403637153.987950325012207,0.00161,0.00014,0.00014,0.00189,0.00064,0.00119,0.00560
1403637154.038020133972168,0.00173,0.00017,0.00006,0.00206,0.00105,0.00092,0.00599
1403637154.088185071945190,0.00162,0.00018,0.00133,0.00190,0.00012,0.00091,0.00606
1403637154.138239145278931,0.00190,0.00026,0.00003,0.00374,0.00009,0.00138,0.00740
1403637154.188295602798462,0.00194,0.00023,0.00165,0.00215,0.00065,0.00099,0.00761
1403637154.238264799118042,0.00183,0.00018,0.00081,0.00211,0.00159,0.00094,0.00747
1403637154.288230895996094,0.00201,0.00018,0.00006,0.00242,0.00055,0.00101,0.00623
1403637154.338170766830444,0.00179,0.00016,0.00008,0.00233,0.00203,0.00100,0.00738
1403637154.388143539428711,0.00190,0.00016,0.00109,0.00277,0.00000,0.00107,0.00699
1403637154.438069343566895,0.00189,0.00018,0.00027,0.00243,0.00053,0.00106,0.00637
1403637154.488035917282104,0.00177,0.00018,0.00020,0.00233,0.00002,0.00106,0.00557
1403637154.538033485412598,0.00193,0.00019,0.00109,0.00216,0.00057,0.00105,0.00699
1403637154.588063716888428,0.00181,0.00016,0.00083,0.00181,0.00003,0.00093,0.00557
1403637154.638098001480103,0.00176,0.00015,0.00018,0.00180,0.00053,0.00094,0.00536
1403637154.688124656677246,0.00187,0.00021,0.00053,0.00160,0.00139,0.00096,0.00656
1403637154.738142728805542,0.00161,0.00014,0.00006,0.00174,0.00103,0.00099,0.00557
1403637154.788159370422363,0.00179,0.00017,0.00241,0.00161,0.00055,0.00095,0.00748
1403637154.838180303573608,0.00162,0.00014,0.00023,0.00152,0.00181,0.00094,0.00627
1403637154.888197183609009,0.00208,0.00015,0.00006,0.00162,0.00003,0.00100,0.00494
1403637154.938237428665161,0.00177,0.00017,0.00051,0.00160,0.00048,0.00104,0.00557
1403637154.988271474838257,0.00202,0.00014,0.00037,0.00149,0.00017,0.00101,0.00521
1403637155.038304328918457,0.00186,0.00014,0.00018,0.00133,0.00090,0.00092,0.00534
1403637155.088304281234741,0.00194,0.00014,0.00038,0.00127,0.00046,0.00088,0.00507
1403637155.138292551040649,0.00182,0.00014,0.00190,0.00135,0.00112,0.00095,0.00727
1403637155.188308954238892,0.00194,0.00013,0.00066,0.00135,0.00068,0.00099,0.00575
1403637155.238323211669922,0.00174,0.00017,0.00009,0.00131,0.00043,0.00093,0.00467
1403637155.288340330123901,0.00188,0.00014,0.00021,0.00126,0.00016,0.00097,0.00463
1403637155.338354825973511,0.00179,0.00017,0.00035,0.00121,0.00124,0.00110,0.00587
1403637155.388376235961914,0.00218,0.00016,0.00235,0.00122,0.00225,0.00101,0.00919
1403637155.438360691070557,0.00201,0.00017,0.00026,0.00132,0.00298,0.00097,0.00771
1403637155.488340616226196,0.00184,0.00018,0.00042,0.00177,0.00002,0.00104,0.00528
1403637155.538319587707520,0.00160,0.00018,0.00015,0.00174,0.00373,0.00096,0.00835
1403637155.588286876678467,0.00179,0.00022,0.00221,0.00195,0.00285,0.00102,0.01004
1403637155.638262033462524,0.00160,0.00019,0.00141,0.00221,0.00102,0.00096,0.00738
1403637155.688244581222534,0.00151,0.00017,0.00010,0.00262,0.00005,0.00104,0.00548
1403637155.738238573074341,0.00168,0.00017,0.00218,0.00233,0.00007,0.00101,0.00743
1403637155.788220643997192,0.00153,0.00015,0.00154,0.00255,0.00061,0.00096,0.00733
1403637155.838238716125488,0.00158,0.00017,0.00087,0.00232,0.00097,0.00090,0.00681
1403637155.888240575790405,0.00177,0.00015,0.00140,0.00244,0.00054,0.00097,0.00727
1403637155.938232660293579,0.00152,0.00014,0.00010,0.00234,0.00005,0.00092,0.00508
1403637155.988255500793457,0.00167,0.00016,0.00110,0.00195,0.00006,0.00096,0.00589
1403637156.038276433944702,0.00175,0.00018,0.00065,0.00142,0.00011,0.00095,0.00505
1403637156.088299274444580,0.00192,0.00016,0.00041,0.00127,0.00002,0.00107,0.00484
1403637156.138300418853760,0.00185,0.00015,0.00008,0.00104,0.00011,0.00096,0.00418
1403637156.188305854797363,0.00177,0.00016,0.00051,0.00080,0.00042,0.00094,0.00460
1403637156.238305091857910,0.00181,0.00013,0.00021,0.00068,0.00079,0.00097,0.00460
1403637156.288311481475830,0.00167,0.00014,0.00007,0.00081,0.00043,0.00098,0.00410
1403637156.338305473327637,0.00182,0.00014,0.00014,0.00086,0.00063,0.00091,0.00450
1403637156.388301134109497,0.00171,0.00013,0.00021,0.00075,0.00121,0.00097,0.00497
1403637156.438289165496826,0.00181,0.00013,0.00021,0.00080,0.00080,0.00092,0.00466
1403637156.488290071487427,0.00169,0.00014,0.00050,0.00075,0.00084,0.00115,0.00507
1403637156.538284063339233,0.00200,0.00013,0.00029,0.00073,0.00006,0.00112,0.00432
1403637156.588275194168091,0.00205,0.00015,0.00032,0.00069,0.00169,0.00112,0.00602
1403637156.638271331787109,0.00187,0.00015,0.00036,0.00067,0.00091,0.00096,0.00491
1403637156.688260555267334,0.00161,0.00014,0.00006,0.00076,0.00151,0.00117,0.00524
1403637156.738248825073242,0.00162,0.00014,0.00021,0.00107,0.00058,0.00104,0.00466
1403637156.788196325302124,0.00155,0.00015,0.00009,0.00082,0.00119,0.00096,0.00478
1403637156.838144779205322,0.00178,0.00013,0.00026,0.00090,0.00039,0.00092,0.00438
1403637156.888120174407959,0.00179,0.00014,0.00033,0.00095,0.00090,0.00092,0.00502
1403637156.938104867935181,0.00169,0.00014,0.00004,0.00109,0.00063,0.00109,0.00466
1403637156.988099575042725,0.00166,0.00014,0.00006,0.00112,0.00161,0.00095,0.00553
1403637157.038120508193970,0.00168,0.00015,0.00009,0.00130,0.00090,0.00100,0.00512
1403637157.088140726089478,0.00159,0.00014,0.00005,0.00128,0.00095,0.00099,0.00501
1403637157.138216018676758,0.00175,0.00016,0.00010,0.00139,0.00127,0.00098,0.00565
1403637157.188235998153687,0.00164,0.00015,0.00019,0.00143,0.00341,0.00090,0.00772
1403637157.238263130187988,0.00175,0.00015,0.00123,0.00197,0.00070,0.00097,0.00678
1403637157.288265466690063,0.00160,0.00017,0.00002,0.00189,0.00015,0.00093,0.00476
1403637157.338267087936401,0.00167,0.00015,0.00046,0.00188,0.00199,0.00096,0.00711
1403637157.388244628906250,0.00169,0.00016,0.00207,0.00218,0.00055,0.00087,0.00752
1403637157.438225507736206,0.00167,0.00017,0.00028,0.00225,0.00003,0.00088,0.00528
1403637157.488215923309326,0.00165,0.00016,0.00058,0.00250,0.00014,0.00131,0.00634
1403637157.538208484649658,0.00180,0.00018,0.00096,0.00232,0.00056,0.00095,0.00676
1403637157.588198661804199,0.00162,0.00016,0.00061,0.00217,0.00100,0.00092,0.00649
1403637157.638191699981689,0.00158,0.00014,0.00006,0.00273,0.00062,0.00097,0.00611
1403637157.688180208206177,0.00190,0.00024,0.00140,0.00240,0.00005,0.00127,0.00727
1403637157.738172531127930,0.00160,0.00015,0.00026,0.00209,0.00002,0.00115,0.00528
1403637157.788150548934937,0.00172,0.00017,0.00258,0.00190,0.00104,0.00107,0.00847
1403637157.838129281997681,0.00164,0.00018,0.00267,0.00181,0.00153,0.00093,0.00877
1403637157.888105630874634,0.00171,0.00016,0.00010,0.00214,0.00006,0.00092,0.00509
1403637157.938066482543945,0.00173,0.00015,0.00126,0.00204,0.00206,0.00088,0.00813
1403637157.988047599792480,0.00170,0.00019,0.00254,0.00210,0.00146,0.00083,0.00882
1403637158.038033723831177,0.00171,0.00017,0.00037,0.00195,0.00099,0.00091,0.00610
1403637158.088046312332153,0.00177,0.00019,0.00203,0.00191,0.00240,0.00091,0.00920
1403637158.138071060180664,0.00187,0.00015,0.00262,0.00232,0.00100,0.00099,0.00896
1403637158.188075065612793,0.00177,0.00022,0.00150,0.00246,0.00158,0.00094,0.00846
1403637158.238079309463501,0.00161,0.00018,0.00084,0.00256,0.00113,0.00093,0.00725
1403637158.288075447082520,0.00170,0.00016,0.00288,0.00259,0.00000,0.00091,0.00824
1403637158.338054418563843,0.00164,0.00015,0.00002,0.00257,0.00054,0.00095,0.00587
1403637158.388037443161011,0.00170,0.00019,0.00473,0.00232,0.00054,0.00100,0.01049
1403637158.438031196594238,0.00150,0.00019,0.00255,0.00206,0.00196,0.00102,0.00928
1403637158.488027095794678,0.00207,0.00020,0.00246,0.00209,0.00103,0.00098,0.00882
1403637158.538020610809326,0.00190,0.00019,0.00237,0.00227,0.00153,0.00095,0.00921
1403637158.587991476058960,0.00208,0.00020,0.00252,0.00254,0.00102,0.00094,0.00930
1403637158.637959957122803,0.00173,0.00017,0.00037,0.00256,0.00052,0.00087,0.00622
1403637158.687940120697021,0.00217,0.00016,0.00298,0.00248,0.00056,0.00105,0.00939
1403637158.737918138504028,0.00201,0.00020,0.00369,0.00246,0.00058,0.00105,0.00999
1403637158.787924289703369,0.00220,0.00017,0.00061,0.00194,0.00143,0.00095,0.00729
1403637158.837920665740967,0.00228,0.00015,0.00066,0.00171,0.00092,0.00087,0.00660
1403637158.887906312942505,0.00183,0.00014,0.00021,0.00155,0.00351,0.00092,0.00816
1403637158.937892675399780,0.00194,0.00015,0.00058,0.00198,0.00000,0.00089,0.00554
1403637158.987882852554321,0.00174,0.00018,0.00237,0.00170,0.00382,0.00094,0.01075
1403637159.037873029708862,0.00182,0.00016,0.00233,0.00235,0.00054,0.00094,0.00814
1403637159.087876796722412,0.00179,0.00019,0.00390,0.00220,0.00054,0.00103,0.00965
1403637159.137869358062744,0.00183,0.00018,0.00110,0.00214,0.00146,0.00091,0.00761
1403637159.187861919403076,0.00175,0.00015,0.00208,0.00213,0.00155,0.00092,0.00856
1403637159.237865209579468,0.00184,0.00018,0.00098,0.00250,0.00009,0.00091,0.00649
1403637159.287864446640015,0.00162,0.00019,0.00250,0.00227,0.00157,0.00092,0.00906
1403637159.337855100631714,0.00172,0.00019,0.00336,0.00265,0.00064,0.00103,0.00958
1403637159.387852430343628,0.00200,0.00017,0.00317,0.00234,0.00001,0.00094,0.00863
1403637159.437854528427124,0.00176,0.00018,0.00065,0.00230,0.00105,0.00097,0.00692
1403637159.487862825393677,0.00178,0.00022,0.00126,0.00257,0.00061,0.00093,0.00737
1403637159.537878036499023,0.00167,0.00015,0.00032,0.00214,0.00159,0.00095,0.00682
1403637159.587889909744263,0.00160,0.00019,0.00275,0.00217,0.00195,0.00096,0.00962
1403637159.637923955917358,0.00164,0.00016,0.00144,0.00251,0.00052,0.00097,0.00725
1403637159.687939405441284,0.00203,0.00020,0.00294,0.00276,0.00058,0.00098,0.00949
1403637159.737924814224243,0.00176,0.00016,0.00029,0.00244,0.00053,0.00088,0.00606
1403637159.787916898727417,0.00160,0.00016,0.00244,0.00231,0.00053,0.00092,0.00795
1403637159.837914228439331,0.00154,0.00015,0.00068,0.00190,0.00060,0.00096,0.00583
1403637159.887906551361084,0.00178,0.00017,0.00312,0.00300,0.00298,0.00088,0.01194
1403637159.937910318374634,0.00164,0.00024,0.00393,0.00193,0.00002,0.00114,0.00891
1403637159.987912178039551,0.00198,0.00017,0.00281,0.00173,0.00332,0.00119,0.01119
1403637160.037913560867310,0.00223,0.00015,0.00036,0.00211,0.00106,0.00096,0.00687
1403637160.087908983230591,0.00191,0.00016,0.00141,0.00200,0.00052,0.00088,0.00689
1403637160.137917518615723,0.00200,0.00015,0.00079,0.00178,0.00095,0.00086,0.00653
1403637160.187915325164795,0.00216,0.00014,0.00041,0.00196,0.00239,0.00089,0.00795
1403637160.237919092178345,0.00165,0.00016,0.00089,0.00220,0.00200,0.00111,0.00800
1403637160.287943363189697,0.00175,0.00018,0.00266,0.00343,0.00136,0.00097,0.01035
1403637160.337946891784668,0.00203,0.00016,0.00072,0.00205,0.00052,0.00085,0.00633
1403637160.387958526611328,0.00171,0.00016,0.00041,0.00175,0.00317,0.00084,0.00804
1403637160.437971115112305,0.00181,0.00014,0.00082,0.00211,0.00106,0.00083,0.00677
1403637160.487988233566284,0.00207,0.00025,0.00354,0.00228,0.00098,0.00090,0.01002
1403637160.537992954254150,0.00208,0.00017,0.00093,0.00187,0.00286,0.00091,0.00882
1403637160.587997674942017,0.00192,0.00022,0.00337,0.00364,0.00252,0.00092,0.01259
1403637160.638002634048462,0.00229,0.00016,0.00032,0.00223,0.00154,0.00084,0.00738
1403637160.688022613525391,0.00189,0.00015,0.00154,0.00220,0.00149,0.00090,0.00816
1403637160.738052129745483,0.00195,0.00019,0.00258,0.00232,0.00054,0.00091,0.00848
1403637160.788084268569946,0.00178,0.00015,0.00009,0.00214,0.00000,0.00087,0.00503
1403637160.838128566741943,0.00170,0.00016,0.00009,0.00210,0.00051,0.00087,0.00542
1403637160.888176679611206,0.00182,0.00016,0.00225,0.00397,0.00386,0.00100,0.01307
1403637160.938223361968994,0.00171,0.00016,0.00009,0.00268,0.00000,0.00092,0.00556
1403637160.988261699676514,0.00184,0.00016,0.00033,0.00238,0.00100,0.00085,0.00656
1403637161.038303136825562,0.00177,0.00014,0.00240,0.00226,0.00198,0.00091,0.00945
1403637161.088351726531982,0.00191,0.00017,0.00232,0.00245,0.00113,0.00105,0.00904
1403637161.138379335403442,0.00182,0.00017,0.00032,0.00246,0.00058,0.00092,0.00627
1403637161.188394784927368,0.00176,0.00018,0.00218,0.00236,0.00062,0.00111,0.00820
1403637161.238406419754028,0.00182,0.00018,0.00222,0.00242,0.00111,0.00099,0.00874
1403637161.288399219512939,0.00180,0.00017,0.00256,0.00300,0.00001,0.00099,0.00853
1403637161.338395357131958,0.00198,0.00019,0.00239,0.00262,0.00057,0.00102,0.00876
1403637161.388394832611084,0.00213,0.00020,0.00092,0.00305,0.00058,0.00096,0.00784
1403637161.438378334045410,0.00160,0.00018,0.00216,0.00258,0.00000,0.00091,0.00743
1403637161.488374710083008,0.00174,0.00020,0.00036,0.00235,0.00160,0.00103,0.00728
1403637161.538368463516235,0.00188,0.00018,0.00335,0.00225,0.00049,0.00090,0.00906
1403637161.588364124298096,0.00176,0.00016,0.00114,0.00228,0.00110,0.00099,0.00742
1403637161.638363122940063,0.00161,0.00015,0.00201,0.00226,0.00157,0.00092,0.00852
1403637161.688367366790771,0.00210,0.00018,0.00170,0.00244,0.00052,0.00091,0.00785
1403637161.738376617431641,0.00163,0.00015,0.00217,0.00168,0.00090,0.00084,0.00737
1403637161.788371324539185,0.00205,0.00017,0.00222,0.00188,0.00395,0.00101,0.01128
1403637161.838370323181152,0.00172,0.00018,0.00149,0.00209,0.00051,0.00082,0.00682
1403637161.888340711593628,0.00202,0.00017,0.00134,0.00197,0.00143,0.00081,0.00774
1403637161.938322782516479,0.00214,0.00014,0.00233,0.00200,0.00144,0.00089,0.00894
1403637161.988328456878662,0.00183,0.00016,0.00059,0.00221,0.00000,0.00085,0.00563
1403637162.038333654403687,0.00195,0.00017,0.00055,0.00211,0.00151,0.00087,0.00716
1403637162.088347434997559,0.00189,0.00020,0.00016,0.00190,0.00052,0.00084,0.00551
1403637162.138363122940063,0.00201,0.00020,0.00244,0.00175,0.00244,0.00093,0.00977
1403637162.188392400741577,0.00185,0.00017,0.00044,0.00195,0.00186,0.00092,0.00718
1403637162.238419294357300,0.00178,0.00017,0.00087,0.00225,0.00149,0.00088,0.00745
1403637162.288441419601440,0.00162,0.00015,0.00019,0.00242,0.00103,0.00087,0.00628
1403637162.338455915451050,0.00192,0.00018,0.00053,0.00255,0.00000,0.00096,0.00614
1403637162.388467311859131,0.00169,0.00017,0.00225,0.00257,0.00051,0.00085,0.00804
1403637162.438480854034424,0.00196,0.00019,0.00171,0.00260,0.00110,0.00101,0.00857
1403637162.488526582717896,0.00206,0.00018,0.00376,0.00335,0.00000,0.00091,0.01025
1403637162.538525104522705,0.00209,0.00021,0.00374,0.00294,0.00000,0.00092,0.00990
1403637162.588530063629150,0.00194,0.00019,0.00167,0.00273,0.00009,0.00089,0.00750
1403637162.638530731201172,0.00202,0.00017,0.00054,0.00232,0.00100,0.00086,0.00691
1403637162.688512802124023,0.00191,0.00020,0.00217,0.00282,0.00059,0.00097,0.00866
1403637162.738518953323364,0.00226,0.00017,0.00301,0.00240,0.00001,0.00112,0.00895
1403637162.788509607315063,0.00208,0.00016,0.00116,0.00210,0.00145,0.00100,0.00794
1403637162.838517427444458,0.00207,0.00018,0.00146,0.00232,0.00150,0.00091,0.00844
1403637162.888524532318115,0.00197,0.00017,0.00044,0.00228,0.00049,0.00090,0.00625
1403637162.938530683517456,0.00199,0.00018,0.00067,0.00217,0.00000,0.00088,0.00589
1403637162.988541126251221,0.00199,0.00015,0.00196,0.00180,0.00184,0.00090,0.00864
1403637163.038545370101929,0.00212,0.00015,0.00203,0.00207,0.00203,0.00106,0.00946
1403637163.088542222976685,0.00200,0.00016,0.00279,0.00220,0.00098,0.00085,0.00898
1403637163.138530969619751,0.00210,0.00015,0.00253,0.00215,0.00193,0.00092,0.00979
1403637163.188530921936035,0.00200,0.00016,0.00062,0.00220,0.00098,0.00096,0.00691
1403637163.238534212112427,0.00188,0.00016,0.00217,0.00217,0.00192,0.00096,0.00925
1403637163.288531303405762,0.00191,0.00016,0.00314,0.00252,0.00100,0.00092,0.00966
1403637163.338527202606201,0.00185,0.00017,0.00301,0.00252,0.00109,0.00093,0.00957
1403637163.388527631759644,0.00208,0.00023,0.00260,0.00211,0.00053,0.00095,0.00850
1403637163.438528299331665,0.00150,0.00017,0.00031,0.00186,0.00096,0.00091,0.00570
1403637163.488536119461060,0.00210,0.00019,0.00091,0.00185,0.00052,0.00084,0.00642
1403637163.538545608520508,0.00180,0.00017,0.00163,0.00175,0.00135,0.00089,0.00759
1403637163.588551521301270,0.00186,0.00015,0.00027,0.00176,0.00204,0.00092,0.00699
1403637163.638560295104980,0.00193,0.00017,0.00010,0.00157,0.00373,0.00090,0.00841
1403637163.688575983047485,0.00187,0.00018,0.00353,0.00190,0.00150,0.00091,0.00989
1403637163.738587856292725,0.00198,0.00018,0.00019,0.00209,0.00203,0.00089,0.00736
1403637163.788605213165283,0.00187,0.00015,0.00084,0.00203,0.00100,0.00091,0.00681
1403637163.838626861572266,0.00170,0.00015,0.00213,0.00202,0.00060,0.00093,0.00754
1403637163.888640403747559,0.00163,0.00016,0.00268,0.00207,0.00148,0.00088,0.00890
1403637163.938649177551270,0.00195,0.00019,0.00271,0.00226,0.00103,0.00097,0.00910
1403637163.988660097122192,0.00181,0.00021,0.00150,0.00284,0.00118,0.00101,0.00855
1403637164.038664102554321,0.00174,0.00015,0.00343,0.00288,0.00000,0.00089,0.00909
1403637164.088670730590820,0.00154,0.00018,0.00139,0.00236,0.00000,0.00092,0.00638
1403637164.138665199279785,0.00171,0.00015,0.00320,0.00219,0.00059,0.00094,0.00878
1403637164.188663721084595,0.00189,0.00015,0.00115,0.00205,0.00148,0.00094,0.00767
1403637164.238651752471924,0.00186,0.00017,0.00153,0.00235,0.00109,0.00095,0.00794
1403637164.288641452789307,0.00205,0.00020,0.00355,0.00273,0.00178,0.00109,0.01140
1403637164.338632583618164,0.00175,0.00018,0.00242,0.00237,0.00056,0.00098,0.00825
1403637164.388626337051392,0.00192,0.00018,0.00026,0.00291,0.00065,0.00092,0.00685
1403637164.438623905181885,0.00187,0.00025,0.00161,0.00222,0.00212,0.00098,0.00905
1403637164.488621711730957,0.00196,0.00015,0.00336,0.00230,0.00104,0.00096,0.00977
1403637164.538617372512817,0.00184,0.00015,0.00262,0.00237,0.00057,0.00098,0.00853
1403637164.588613271713257,0.00210,0.00022,0.00103,0.00225,0.00001,0.00100,0.00661
1403637164.638604402542114,0.00207,0.00016,0.00221,0.00220,0.00111,0.00097,0.00871
1403637164.688601970672607,0.00197,0.00022,0.00082,0.00231,0.00009,0.00099,0.00641
1403637164.738602638244629,0.00188,0.00016,0.00276,0.00208,0.00249,0.00100,0.01036
1403637164.788602352142334,0.00187,0.00019,0.00212,0.00211,0.00105,0.00091,0.00825
1403637164.838599920272827,0.00189,0.00017,0.00276,0.00215,0.00187,0.00159,0.01044
1403637164.888594150543213,0.00241,0.00029,0.00275,0.00178,0.00110,0.00092,0.00924
1403637164.938592910766602,0.00182,0.00027,0.00075,0.00219,0.00363,0.00126,0.00991
1403637164.988591909408569,0.00221,0.00030,0.00089,0.00203,0.00158,0.00090,0.00793
1403637165.038588762283325,0.00182,0.00018,0.00174,0.00188,0.00352,0.00105,0.01019
1403637165.088585853576660,0.00152,0.00015,0.00229,0.00212,0.00148,0.00085,0.00841
1403637165.138582706451416,0.00184,0.00024,0.00512,0.00347,0.00060,0.00127,0.01254
1403637165.188580513000488,0.00183,0.00016,0.00094,0.00151,0.00046,0.00095,0.00586
1403637165.238569021224976,0.00160,0.00017,0.00028,0.00142,0.00228,0.00088,0.00663
1403637165.288565874099731,0.00170,0.00015,0.00096,0.00149,0.00087,0.00087,0.00604
1403637165.338562011718750,0.00216,0.00016,0.00171,0.00153,0.00275,0.00121,0.00951
1403637165.388558626174927,0.00237,0.00014,0.00071,0.00109,0.00213,0.00100,0.00744
1403637165.438554048538208,0.00227,0.00015,0.00116,0.00132,0.00181,0.00093,0.00765
1403637165.488543748855591,0.00232,0.00016,0.00079,0.00145,0.00262,0.00102,0.00836
1403637165.538535594940186,0.00222,0.00015,0.00080,0.00155,0.00000,0.00105,0.00577
1403637165.588526964187622,0.00198,0.00015,0.00025,0.00108,0.00352,0.00086,0.00784
1403637165.638523340225220,0.00192,0.00016,0.00077,0.00128,0.00000,0.00086,0.00499
1403637165.688518285751343,0.00206,0.00014,0.00111,0.00131,0.00216,0.00089,0.00767
1403637165.738500595092773,0.00222,0.00016,0.00033,0.00137,0.00501,0.00085,0.00995
1403637165.788492202758789,0.00194,0.00018,0.00046,0.00202,0.00057,0.00111,0.00627
1403637165.838489770889282,0.00248,0.00017,0.00049,0.00188,0.00193,0.00087,0.00782
1403637165.888487339019775,0.00190,0.00015,0.00034,0.00219,0.00107,0.00090,0.00654
1403637165.938485145568848,0.00190,0.00016,0.00318,0.00196,0.00148,0.00085,0.00952
1403637165.988480806350708,0.00215,0.00014,0.00076,0.00203,0.00146,0.00088,0.00742
1403637166.038478851318359,0.00213,0.00015,0.00253,0.00206,0.00196,0.00106,0.00989
1403637166.088478088378906,0.00210,0.00016,0.00244,0.00213,0.00160,0.00092,0.00936
1403637166.138478517532349,0.00191,0.00019,0.00043,0.00219,0.00009,0.00094,0.00573
1403637166.188477277755737,0.00196,0.00022,0.00024,0.00207,0.00104,0.00094,0.00648
1403637166.238476753234863,0.00162,0.00016,0.00105,0.00184,0.00000,0.00098,0.00565
1403637166.288475990295410,0.00181,0.00016,0.00198,0.00174,0.00336,0.00099,0.01004
1403637166.338464975357056,0.00193,0.00018,0.00212,0.00160,0.00093,0.00086,0.00763
1403637166.388448953628540,0.00275,0.00017,0.00181,0.00177,0.00271,0.00080,0.01001
1403637166.438443183898926,0.00226,0.00016,0.00184,0.00197,0.00055,0.00094,0.00773
1403637166.488439798355103,0.00265,0.00017,0.00047,0.00197,0.00000,0.00102,0.00628
1403637166.538433074951172,0.00193,0.00016,0.00166,0.00183,0.00352,0.00098,0.01008
1403637166.588419198989868,0.00190,0.00018,0.00004,0.00233,0.00109,0.00090,0.00645
1403637166.638370275497437,0.00206,0.00017,0.00308,0.00215,0.00158,0.00094,0.00996
1403637166.688333988189697,0.00221,0.00024,0.00165,0.00156,0.00098,0.00096,0.00761
1403637166.738310575485229,0.00224,0.00021,0.00065,0.00155,0.00103,0.00093,0.00661
1403637166.788295507431030,0.00212,0.00017,0.00014,0.00167,0.00098,0.00093,0.00600
1403637166.838298082351685,0.00195,0.00015,0.00011,0.00183,0.00153,0.00099,0.00656
1403637166.888312578201294,0.00162,0.00014,0.00002,0.00203,0.00159,0.00094,0.00634
1403637166.938356399536133,0.00180,0.00015,0.00268,0.00216,0.00221,0.00097,0.00997
1403637166.988369941711426,0.00174,0.00017,0.00037,0.00251,0.00064,0.00094,0.00636
1403637167.038392066955566,0.00174,0.00019,0.00331,0.00272,0.00011,0.00101,0.00906
1403637167.088396549224854,0.00196,0.00022,0.00005,0.00289,0.00060,0.00115,0.00687
1403637167.138414382934570,0.00174,0.00021,0.00212,0.00270,0.00054,0.00099,0.00830
1403637167.188421487808228,0.00182,0.00019,0.00228,0.00309,0.00000,0.00107,0.00844
1403637167.238421916961670,0.00182,0.00018,0.00274,0.00305,0.00000,0.00101,0.00880
1403637167.288420438766479,0.00167,0.00016,0.00180,0.00311,0.00000,0.00100,0.00774
1403637167.338421344757080,0.00171,0.00018,0.00263,0.00287,0.00000,0.00098,0.00837
1403637167.388414144515991,0.00196,0.00018,0.00159,0.00309,0.00000,0.00146,0.00829
1403637167.438409328460693,0.00185,0.00019,0.00227,0.00296,0.00000,0.00113,0.00840
1403637167.488405466079712,0.00184,0.00017,0.00162,0.00286,0.00000,0.00105,0.00754
1403637167.538383960723877,0.00195,0.00021,0.00288,0.00243,0.00054,0.00097,0.00898
1403637167.588381528854370,0.00187,0.00017,0.00027,0.00257,0.00056,0.00085,0.00629
1403637167.638368844985962,0.00201,0.00017,0.00400,0.00238,0.00001,0.00093,0.00949
1403637167.688370227813721,0.00182,0.00017,0.00174,0.00243,0.00113,0.00096,0.00825
1403637167.738368749618530,0.00190,0.00020,0.00127,0.00246,0.00053,0.00093,0.00729
1403637167.788368701934814,0.00182,0.00016,0.00175,0.00268,0.00108,0.00095,0.00843
1403637167.838360071182251,0.00187,0.00020,0.00309,0.00274,0.00000,0.00091,0.00881
1403637167.888356924057007,0.00215,0.00016,0.00147,0.00241,0.00052,0.00088,0.00758
1403637167.938355922698975,0.00222,0.00016,0.00042,0.00228,0.00156,0.00100,0.00764
1403637167.988358497619629,0.00220,0.00018,0.00036,0.00211,0.00189,0.00098,0.00773
1403637168.038346529006958,0.00184,0.00017,0.00233,0.00232,0.00056,0.00102,0.00824
1403637168.088346481323242,0.00174,0.00017,0.00161,0.00243,0.00003,0.00101,0.00699
1403637168.138343811035156,0.00190,0.00017,0.00047,0.00200,0.00148,0.00098,0.00701
1403637168.188341856002808,0.00196,0.00016,0.00213,0.00232,0.00112,0.00101,0.00870
1403637168.238334417343140,0.00195,0.00019,0.00369,0.00185,0.00056,0.00091,0.00915
1403637168.288326263427734,0.00178,0.00017,0.00135,0.00178,0.00288,0.00109,0.00904
1403637168.338319540023804,0.00191,0.00018,0.00135,0.00201,0.00197,0.00096,0.00838
1403637168.388319492340088,0.00172,0.00015,0.00202,0.00209,0.00053,0.00086,0.00738
1403637168.438316822052002,0.00187,0.00016,0.00275,0.00187,0.00192,0.00089,0.00946
1403637168.488319635391235,0.00212,0.00017,0.00247,0.00208,0.00200,0.00091,0.00974
1403637168.538323879241943,0.00202,0.00018,0.00236,0.00216,0.00158,0.00094,0.00925
1403637168.588327646255493,0.00217,0.00019,0.00049,0.00255,0.00000,0.00099,0.00638
1403637168.638328313827515,0.00212,0.00016,0.00051,0.00197,0.00055,0.00091,0.00621
1403637168.688328981399536,0.00213,0.00016,0.00171,0.00154,0.00228,0.00088,0.00869
1403637168.738326311111450,0.00201,0.00018,0.00054,0.00157,0.00094,0.00087,0.00610
1403637168.788327932357788,0.00190,0.00014,0.00102,0.00159,0.00349,0.00093,0.00908
1403637168.838332176208496,0.00175,0.00015,0.00311,0.00184,0.00049,0.00089,0.00824
1403637168.888333320617676,0.00200,0.00014,0.00010,0.00178,0.00201,0.00107,0.00709
1403637168.938335895538330,0.00187,0.00017,0.00050,0.00186,0.00151,0.00096,0.00687
1403637168.988339424133301,0.00198,0.00018,0.00226,0.00198,0.00104,0.00093,0.00836
1403637169.038343191146851,0.00248,0.00018,0.00060,0.00201,0.00110,0.00094,0.00731
1403637169.088348150253296,0.00191,0.00016,0.00247,0.00201,0.00276,0.00100,0.01030
1403637169.138353347778320,0.00184,0.00021,0.00327,0.00243,0.00106,0.00088,0.00969
1403637169.188350677490234,0.00180,0.00019,0.00057,0.00220,0.00000,0.00098,0.00573
1403637169.238346815109253,0.00219,0.00018,0.00332,0.00208,0.00271,0.00100,0.01149
1403637169.288342237472534,0.00230,0.00017,0.00204,0.00218,0.00103,0.00091,0.00863
1403637169.338338375091553,0.00196,0.00016,0.00223,0.00220,0.00108,0.00090,0.00853
1403637169.388334989547729,0.00213,0.00018,0.00229,0.00223,0.00154,0.00093,0.00930
1403637169.438328981399536,0.00205,0.00015,0.00269,0.00209,0.00060,0.00091,0.00849
1403637169.488327026367188,0.00216,0.00018,0.00026,0.00200,0.00009,0.00097,0.00566
1403637169.538323879241943,0.00210,0.00016,0.00058,0.00161,0.00121,0.00104,0.00670
1403637169.588329792022705,0.00240,0.00017,0.00057,0.00133,0.00316,0.00092,0.00855
1403637169.638331174850464,0.00225,0.00014,0.00087,0.00142,0.00378,0.00095,0.00940
1403637169.688341140747070,0.00202,0.00015,0.00125,0.00159,0.00138,0.00091,0.00730
1403637169.738347768783569,0.00224,0.00018,0.00240,0.00139,0.00373,0.00092,0.01085
1403637169.788352966308594,0.00193,0.00015,0.00130,0.00135,0.00171,0.00098,0.00741
1403637169.838356256484985,0.00204,0.00018,0.00227,0.00135,0.00278,0.00098,0.00960
1403637169.888357162475586,0.00237,0.00015,0.00058,0.00136,0.00045,0.00089,0.00581
1403637169.938355922698975,0.00198,0.00014,0.00088,0.00113,0.00261,0.00090,0.00763
1403637169.988356351852417,0.00229,0.00014,0.00057,0.00137,0.00087,0.00120,0.00645
1403637170.038357019424438,0.00190,0.00014,0.00044,0.00139,0.00349,0.00106,0.00842
1403637170.088358879089355,0.00210,0.00018,0.00061,0.00194,0.00240,0.00093,0.00815
1403637170.138360738754272,0.00240,0.00015,0.00355,0.00200,0.00239,0.00104,0.01152
1403637170.188361167907715,0.00220,0.00019,0.00296,0.00206,0.00243,0.00094,0.01079
1403637170.238361120223999,0.00204,0.00017,0.00003,0.00220,0.00159,0.00101,0.00704
1403637170.288361310958862,0.00227,0.00016,0.00156,0.00186,0.00001,0.00095,0.00680
1403637170.338360071182251,0.00213,0.00015,0.00159,0.00139,0.00194,0.00099,0.00818
1403637170.388360738754272,0.00220,0.00019,0.00161,0.00129,0.00097,0.00101,0.00726
1403637170.438362598419189,0.00219,0.00018,0.00154,0.00124,0.00401,0.00102,0.01018
1403637170.488367319107056,0.00261,0.00018,0.00216,0.00145,0.00365,0.00094,0.01098
1403637170.538370132446289,0.00229,0.00014,0.00125,0.00175,0.00057,0.00088,0.00689
1403637170.588369607925415,0.00255,0.00019,0.00074,0.00152,0.00047,0.00094,0.00640
1403637170.638368129730225,0.00219,0.00016,0.00074,0.00123,0.00199,0.00086,0.00718
1403637170.688363313674927,0.00210,0.00017,0.00033,0.00150,0.00231,0.00092,0.00732
1403637170.738361835479736,0.00216,0.00015,0.00146,0.00123,0.00450,0.00132,0.01083
1403637170.788358926773071,0.00268,0.00016,0.00251,0.00115,0.00294,0.00100,0.01045
1403637170.838352680206299,0.00256,0.00015,0.00051,0.00131,0.00223,0.00084,0.00761
1403637170.888349294662476,0.00191,0.00016,0.00032,0.00170,0.00139,0.00084,0.00632
1403637170.938348293304443,0.00225,0.00014,0.00124,0.00141,0.00093,0.00090,0.00687
1403637170.988342523574829,0.00210,0.00014,0.00030,0.00165,0.00146,0.00097,0.00662
1403637171.038350820541382,0.00200,0.00020,0.00106,0.00182,0.00342,0.00105,0.00955
1403637171.088353395462036,0.00228,0.00016,0.00199,0.00169,0.00147,0.00091,0.00851
1403637171.138349056243896,0.00226,0.00017,0.00255,0.00162,0.00286,0.00090,0.01036
1403637171.188350677490234,0.00187,0.00017,0.00068,0.00213,0.00001,0.00097,0.00582
1403637171.238354444503784,0.00206,0.00017,0.00039,0.00181,0.00104,0.00094,0.00641
1403637171.288359880447388,0.00256,0.00014,0.00014,0.00184,0.00000,0.00089,0.00557
1403637171.338367462158203,0.00207,0.00017,0.00259,0.00165,0.00450,0.00095,0.01193
1403637171.388371706008911,0.00253,0.00016,0.00296,0.00250,0.00115,0.00091,0.01022
1403637171.438370943069458,0.00185,0.00018,0.00039,0.00262,0.00057,0.00096,0.00657
1403637171.488372087478638,0.00176,0.00017,0.00107,0.00227,0.00057,0.00084,0.00669
1403637171.538374423980713,0.00185,0.00016,0.00101,0.00234,0.00182,0.00093,0.00810
1403637171.588378190994263,0.00210,0.00017,0.00274,0.00240,0.00100,0.00092,0.00934
1403637171.638377189636230,0.00191,0.00019,0.00154,0.00264,0.00065,0.00098,0.00791
1403637171.688371896743774,0.00200,0.00018,0.00295,0.00267,0.00057,0.00094,0.00930
1403637171.738368034362793,0.00205,0.00018,0.00243,0.00258,0.00058,0.00089,0.00871
1403637171.788365364074707,0.00190,0.00016,0.00272,0.00255,0.00001,0.00094,0.00827
1403637171.838366985321045,0.00216,0.00017,0.00041,0.00239,0.00156,0.00098,0.00766
1403637171.888368129730225,0.00181,0.00016,0.00038,0.00274,0.00000,0.00097,0.00606
1403637171.938371658325195,0.00200,0.00019,0.00235,0.00230,0.00105,0.00099,0.00887
1403637171.988373517990112,0.00235,0.00016,0.00248,0.00232,0.00152,0.00087,0.00970
1403637172.038374423980713,0.00220,0.00026,0.00074,0.00279,0.00000,0.00095,0.00694
1403637172.088376283645630,0.00203,0.00016,0.00216,0.00248,0.00066,0.00089,0.00836
1403637172.138373613357544,0.00195,0.00017,0.00114,0.00258,0.00060,0.00106,0.00750
1403637172.188360452651978,0.00206,0.00021,0.00238,0.00252,0.00001,0.00088,0.00805
1403637172.238338947296143,0.00212,0.00018,0.00284,0.00304,0.00061,0.00101,0.00980
1403637172.288329601287842,0.00255,0.00017,0.00329,0.00255,0.00107,0.00088,0.01051
1403637172.338332176208496,0.00239,0.00018,0.00267,0.00274,0.00000,0.00081,0.00878
1403637172.388335943222046,0.00224,0.00015,0.00229,0.00296,0.00058,0.00098,0.00921
1403637172.438338041305542,0.00263,0.00015,0.00045,0.00255,0.00000,0.00099,0.00678
1403637172.488347291946411,0.00232,0.00015,0.00055,0.00257,0.00001,0.00103,0.00663
1403637172.538356065750122,0.00234,0.00018,0.00219,0.00215,0.00105,0.00102,0.00893
1403637172.588368654251099,0.00220,0.00017,0.00124,0.00227,0.00207,0.00094,0.00889
1403637172.638376235961914,0.00230,0.00018,0.00057,0.00251,0.00001,0.00095,0.00651
1403637172.688383340835571,0.00202,0.00016,0.00105,0.00214,0.00103,0.00096,0.00736
1403637172.738388061523438,0.00186,0.00020,0.00035,0.00242,0.00113,0.00091,0.00687
1403637172.788384437561035,0.00178,0.00016,0.00238,0.00233,0.00008,0.00088,0.00761
1403637172.838370323181152,0.00221,0.00014,0.00239,0.00214,0.00166,0.00107,0.00960
1403637172.888345003128052,0.00205,0.00019,0.00325,0.00198,0.00201,0.00091,0.01039
1403637172.938333511352539,0.00204,0.00018,0.00313,0.00214,0.00147,0.00090,0.00985
1403637172.988323450088501,0.00195,0.00016,0.00273,0.00254,0.00216,0.00119,0.01073
1403637173.038323163986206,0.00201,0.00016,0.00221,0.00229,0.00000,0.00090,0.00757
1403637173.088322401046753,0.00183,0.00017,0.00114,0.00221,0.00208,0.00102,0.00846
1403637173.138322830200195,0.00203,0.00022,0.00058,0.00259,0.00121,0.00121,0.00784
1403637173.188315153121948,0.00185,0.00017,0.00124,0.00282,0.00103,0.00101,0.00811
1403637173.238303899765015,0.00202,0.00016,0.00218,0.00248,0.00059,0.00094,0.00837
1403637173.288286685943604,0.00171,0.00017,0.00113,0.00253,0.00054,0.00095,0.00703
1403637173.338272333145142,0.00179,0.00015,0.00071,0.00214,0.00198,0.00093,0.00770
1403637173.388237953186035,0.00173,0.00016,0.00441,0.00235,0.00054,0.00101,0.01020
1403637173.438225030899048,0.00194,0.00018,0.00367,0.00234,0.00001,0.00102,0.00915
1403637173.488226175308228,0.00171,0.00016,0.00247,0.00183,0.00105,0.00099,0.00822
1403637173.538237094879150,0.00202,0.00018,0.00282,0.00197,0.00200,0.00101,0.01000
1403637173.588252782821655,0.00178,0.00014,0.00205,0.00211,0.00147,0.00096,0.00851
1403637173.638263463973999,0.00205,0.00014,0.00037,0.00207,0.00200,0.00093,0.00755
1403637173.688278913497925,0.00204,0.00014,0.00209,0.00232,0.00054,0.00104,0.00817
1403637173.738290309906006,0.00234,0.00019,0.00017,0.00232,0.00105,0.00097,0.00704
1403637173.788297176361084,0.00211,0.00016,0.00166,0.00201,0.00151,0.00099,0.00845
1403637173.838308811187744,0.00235,0.00014,0.00100,0.00232,0.00150,0.00096,0.00827
1403637173.888316392898560,0.00189,0.00016,0.00276,0.00236,0.00150,0.00093,0.00960
1403637173.938315391540527,0.00164,0.00015,0.00228,0.00240,0.00113,0.00099,0.00859
1403637173.988310337066650,0.00219,0.00015,0.00354,0.00224,0.00000,0.00107,0.00920
1403637174.038300275802612,0.00199,0.00018,0.00177,0.00206,0.00157,0.00102,0.00858
1403637174.088285684585571,0.00199,0.00016,0.00352,0.00160,0.00138,0.00102,0.00967
1403637174.138276338577271,0.00244,0.00018,0.00036,0.00168,0.00207,0.00096,0.00770
1403637174.188271522521973,0.00174,0.00015,0.00309,0.00173,0.00199,0.00099,0.00969
1403637174.238268375396729,0.00236,0.00014,0.00082,0.00182,0.00002,0.00097,0.00613
1403637174.288270950317383,0.00168,0.00014,0.00047,0.00160,0.00112,0.00089,0.00590
1403637174.338271856307983,0.00223,0.00019,0.00023,0.00193,0.00049,0.00103,0.00609
1403637174.388286113739014,0.00185,0.00017,0.00057,0.00182,0.00344,0.00100,0.00885
1403637174.438288927078247,0.00185,0.00018,0.00110,0.00225,0.00100,0.00096,0.00733
1403637174.488281726837158,0.00181,0.00015,0.00323,0.00225,0.00101,0.00101,0.00946
1403637174.538277387619019,0.00156,0.00015,0.00325,0.00227,0.00105,0.00089,0.00917
1403637174.588268041610718,0.00202,0.00015,0.00291,0.00243,0.00108,0.00102,0.00960
1403637174.638260364532471,0.00202,0.00019,0.00273,0.00221,0.00001,0.00104,0.00819
1403637174.688250780105591,0.00174,0.00018,0.00285,0.00209,0.00248,0.00101,0.01035
1403637174.738245010375977,0.00180,0.00018,0.00104,0.00215,0.00099,0.00096,0.00711
1403637174.788244724273682,0.00179,0.00015,0.00465,0.00160,0.00141,0.00092,0.01052
1403637174.838237762451172,0.00196,0.00018,0.00100,0.00166,0.00092,0.00089,0.00662
1403637174.888235092163086,0.00203,0.00015,0.00100,0.00187,0.00415,0.00102,0.01022
1403637174.938234567642212,0.00168,0.00015,0.00070,0.00227,0.00001,0.00087,0.00567
1403637174.988230705261230,0.00177,0.00016,0.00047,0.00207,0.00202,0.00098,0.00746
1403637175.038232803344727,0.00203,0.00016,0.00168,0.00239,0.00153,0.00094,0.00873
1403637175.088237762451172,0.00194,0.00014,0.00276,0.00285,0.00055,0.00100,0.00924
1403637175.138241529464722,0.00195,0.00017,0.00375,0.00228,0.00200,0.00114,0.01128
1403637175.188242197036743,0.00210,0.00028,0.00086,0.00389,0.00000,0.00135,0.00849
1403637175.238247871398926,0.00285,0.00025,0.00347,0.00338,0.00393,0.00154,0.01541
1403637175.288249492645264,0.00261,0.00029,0.00559,0.00311,0.00216,0.00108,0.01485
1403637175.338248491287231,0.00237,0.00020,0.00064,0.00232,0.00000,0.00109,0.00662
1403637175.388243913650513,0.00221,0.00018,0.00438,0.00261,0.00175,0.00108,0.01221
1403637175.438243150711060,0.00215,0.00022,0.00119,0.00233,0.00002,0.00104,0.00696
1403637175.488239288330078,0.00177,0.00018,0.00133,0.00242,0.00341,0.00100,0.01011
1403637175.538238286972046,0.00211,0.00016,0.00060,0.00264,0.00000,0.00092,0.00644
1403637175.588238239288330,0.00198,0.00016,0.00027,0.00276,0.00000,0.00105,0.00622
1403637175.638239145278931,0.00207,0.00017,0.00163,0.00240,0.00103,0.00099,0.00829
1403637175.688239574432373,0.00206,0.00016,0.00287,0.00259,0.00055,0.00101,0.00923
1403637175.738246917724609,0.00208,0.00026,0.00448,0.00252,0.00108,0.00103,0.01145
1403637175.788243770599365,0.00195,0.00015,0.00217,0.00259,0.00000,0.00108,0.00795
1403637175.838242292404175,0.00209,0.00019,0.00214,0.00247,0.00059,0.00109,0.00857
1403637175.888238668441772,0.00203,0.00019,0.00343,0.00210,0.00097,0.00096,0.00969
1403637175.938237428665161,0.00212,0.00017,0.00216,0.00221,0.00148,0.00098,0.00912
1403637175.988231658935547,0.00202,0.00017,0.00422,0.00274,0.00112,0.00112,0.01140
1403637176.038228988647461,0.00229,0.00015,0.00224,0.00278,0.00000,0.00098,0.00845
1403637176.088226079940796,0.00227,0.00016,0.00126,0.00181,0.00048,0.00097,0.00694
1403637176.138225317001343,0.00207,0.00014,0.00031,0.00178,0.00047,0.00098,0.00575
1403637176.188223600387573,0.00212,0.00016,0.00072,0.00188,0.00339,0.00101,0.00928
1403637176.238224744796753,0.00180,0.00017,0.00237,0.00258,0.00107,0.00119,0.00918
1403637176.288227796554565,0.00238,0.00021,0.00237,0.00276,0.00000,0.00116,0.00888
1403637176.338230133056641,0.00184,0.00016,0.00466,0.00249,0.00000,0.00115,0.01030
1403637176.388234615325928,0.00193,0.00018,0.00258,0.00235,0.00052,0.00120,0.00876
1403637176.438239336013794,0.00204,0.00017,0.00263,0.00210,0.00119,0.00101,0.00914
1403637176.488240957260132,0.00199,0.00015,0.00308,0.00268,0.00112,0.00103,0.01005
1403637176.538240194320679,0.00206,0.00017,0.00168,0.00232,0.00055,0.00111,0.00788
1403637176.588244438171387,0.00257,0.00019,0.00402,0.00235,0.00107,0.00108,0.01128
1403637176.638249874114990,0.00273,0.00016,0.00372,0.00202,0.00050,0.00097,0.01010
1403637176.688249826431274,0.00176,0.00018,0.00076,0.00189,0.00146,0.00104,0.00709
1403637176.738250732421875,0.00177,0.00014,0.00208,0.00196,0.00245,0.00104,0.00944
1403637176.788251399993896,0.00244,0.00019,0.00047,0.00234,0.00000,0.00109,0.00652
1403637176.838252544403076,0.00207,0.00016,0.00312,0.00237,0.00217,0.00136,0.01125
1403637176.888253927230835,0.00189,0.00019,0.00236,0.00265,0.00000,0.00127,0.00835
1403637176.938254594802856,0.00278,0.00017,0.00361,0.00235,0.00000,0.00104,0.00994
1403637176.988256216049194,0.00182,0.00016,0.00289,0.00222,0.00099,0.00101,0.00909
1403637177.038257598876953,0.00169,0.00016,0.00196,0.00231,0.00211,0.00096,0.00920
1403637177.088257789611816,0.00211,0.00016,0.00317,0.00239,0.00000,0.00111,0.00893
1403637177.138257265090942,0.00189,0.00018,0.00308,0.00231,0.00214,0.00118,0.01078
1403637177.188257455825806,0.00176,0.00017,0.00392,0.00283,0.00061,0.00117,0.01046
1403637177.238258838653564,0.00244,0.00019,0.00294,0.00306,0.00000,0.00119,0.00983
1403637177.288259506225586,0.00188,0.00018,0.00058,0.00261,0.00000,0.00107,0.00632
1403637177.338264465332031,0.00185,0.00016,0.00349,0.00230,0.00054,0.00130,0.00964
1403637177.388265848159790,0.00178,0.00020,0.00044,0.00245,0.00060,0.00109,0.00656
1403637177.438269138336182,0.00176,0.00017,0.00282,0.00247,0.00059,0.00109,0.00889
1403637177.488274097442627,0.00150,0.00016,0.00502,0.00245,0.00000,0.00098,0.01012
1403637177.538277626037598,0.00211,0.00016,0.00273,0.00246,0.00114,0.00101,0.00961
1403637177.588277816772461,0.00177,0.00016,0.00147,0.00259,0.00002,0.00103,0.00704
1403637177.638282299041748,0.00193,0.00016,0.00349,0.00226,0.00058,0.00125,0.00967
1403637177.688282966613770,0.00187,0.00017,0.00256,0.00205,0.00144,0.00106,0.00915
1403637177.738287925720215,0.00183,0.00015,0.00155,0.00211,0.00152,0.00098,0.00814
1403637177.788293361663818,0.00214,0.00017,0.00612,0.00248,0.00009,0.00103,0.01203
1403637177.838294744491577,0.00189,0.00016,0.00249,0.00235,0.00054,0.00105,0.00848
1403637177.888295173645020,0.00183,0.00019,0.00030,0.00243,0.00001,0.00096,0.00571
1403637177.938292264938354,0.00235,0.00017,0.00304,0.00232,0.00156,0.00113,0.01057
1403637177.988290786743164,0.00212,0.00017,0.00064,0.00250,0.00001,0.00098,0.00642
1403637178.038286924362183,0.00179,0.00015,0.00260,0.00237,0.00109,0.00102,0.00902
1403637178.088281869888306,0.00197,0.00015,0.00507,0.00244,0.00109,0.00112,0.01183
1403637178.138280153274536,0.00205,0.00016,0.00171,0.00207,0.00216,0.00113,0.00927
1403637178.188280344009399,0.00188,0.00016,0.00075,0.00228,0.00104,0.00105,0.00715
1403637178.238277673721313,0.00205,0.00019,0.00236,0.00236,0.00246,0.00121,0.01063
1403637178.288278579711914,0.00217,0.00017,0.00068,0.00219,0.00278,0.00112,0.00911
1403637178.338286638259888,0.00213,0.00021,0.00367,0.00250,0.00068,0.00135,0.01053
1403637178.388293027877808,0.00413,0.00032,0.00507,0.00243,0.00004,0.00119,0.01318
1403637178.438291072845459,0.00279,0.00019,0.00153,0.00297,0.00365,0.00146,0.01258
1403637178.488295793533325,0.00271,0.00018,0.00040,0.00232,0.00312,0.00135,0.01008
1403637178.538299798965454,0.00260,0.00019,0.00270,0.00280,0.00105,0.00138,0.01072
1403637178.588302135467529,0.00598,0.00022,0.00094,0.00274,0.00062,0.00111,0.01161
1403637178.638314008712769,0.00250,0.00025,0.00243,0.00281,0.00119,0.00101,0.01019
1403637178.688325405120850,0.00279,0.00018,0.00341,0.00290,0.00001,0.00104,0.01032
1403637178.738331079483032,0.00180,0.00016,0.00206,0.00237,0.00105,0.00089,0.00833
1403637178.788334131240845,0.00199,0.00015,0.00153,0.00249,0.00100,0.00089,0.00805
1403637178.838337659835815,0.00178,0.00016,0.00038,0.00252,0.00010,0.00093,0.00587
1403637178.888339042663574,0.00175,0.00016,0.00097,0.00275,0.00004,0.00088,0.00655
1403637178.938339948654175,0.00195,0.00016,0.00254,0.00247,0.00104,0.00092,0.00909
1403637178.988341331481934,0.00174,0.00016,0.00137,0.00280,0.00004,0.00107,0.00719
1403637179.038341999053955,0.00179,0.00018,0.00153,0.00269,0.00062,0.00100,0.00781
1403637179.088345289230347,0.00162,0.00016,0.00033,0.00250,0.00002,0.00088,0.00551
1403637179.138347148895264,0.00178,0.00023,0.00122,0.00263,0.00170,0.00099,0.00854
1403637179.188352346420288,0.00180,0.00021,0.00014,0.00310,0.00001,0.00103,0.00630
1403637179.238355398178101,0.00190,0.00018,0.00304,0.00279,0.00003,0.00107,0.00901
1403637179.288356304168701,0.00185,0.00019,0.00434,0.00333,0.00064,0.00105,0.01140
1403637179.338356971740723,0.00190,0.00016,0.00164,0.00252,0.00001,0.00093,0.00715
1403637179.388356685638428,0.00184,0.00023,0.00156,0.00254,0.00113,0.00091,0.00821
1403637179.438354730606079,0.00177,0.00015,0.00252,0.00245,0.00053,0.00085,0.00827
1403637179.488351583480835,0.00168,0.00018,0.00329,0.00245,0.00054,0.00090,0.00904
1403637179.538348436355591,0.00159,0.00016,0.00242,0.00254,0.00054,0.00110,0.00836
1403637179.588346958160400,0.00169,0.00016,0.00262,0.00259,0.00059,0.00095,0.00860
1403637179.638346433639526,0.00158,0.00016,0.00089,0.00252,0.00056,0.00085,0.00656
1403637179.688344955444336,0.00164,0.00016,0.00132,0.00253,0.00001,0.00081,0.00647
1403637179.738342285156250,0.00172,0.00016,0.00061,0.00235,0.00051,0.00088,0.00622
1403637179.788338184356689,0.00172,0.00017,0.00072,0.00208,0.00055,0.00079,0.00603
1403637179.838333129882812,0.00166,0.00017,0.00213,0.00206,0.00103,0.00080,0.00785
1403637179.888329029083252,0.00176,0.00015,0.00340,0.00220,0.00151,0.00082,0.00984
1403637179.938328742980957,0.00204,0.00018,0.00087,0.00235,0.00100,0.00091,0.00734
1403637179.988328695297241,0.00197,0.00017,0.00010,0.00214,0.00155,0.00084,0.00677
1403637180.038328886032104,0.00166,0.00016,0.00254,0.00208,0.00053,0.00087,0.00783
1403637180.088328361511230,0.00182,0.00019,0.00274,0.00198,0.00051,0.00084,0.00810
1403637180.138330936431885,0.00178,0.00016,0.00118,0.00199,0.00153,0.00085,0.00750
1403637180.188330411911011,0.00165,0.00016,0.00169,0.00184,0.00104,0.00084,0.00722
1403637180.238332509994507,0.00187,0.00019,0.00066,0.00211,0.00059,0.00085,0.00627
1403637180.288338899612427,0.00217,0.00017,0.00128,0.00173,0.00243,0.00088,0.00867
1403637180.338342428207397,0.00223,0.00017,0.00074,0.00210,0.00152,0.00092,0.00768
1403637180.388341665267944,0.00181,0.00018,0.00043,0.00202,0.00105,0.00088,0.00636
1403637180.438340187072754,0.00187,0.00016,0.00035,0.00227,0.00167,0.00092,0.00725
1403637180.488338708877563,0.00181,0.00018,0.00230,0.00177,0.00233,0.00089,0.00928
1403637180.538340806961060,0.00216,0.00017,0.00271,0.00206,0.00146,0.00090,0.00945
1403637180.588344573974609,0.00213,0.00015,0.00048,0.00239,0.00000,0.00097,0.00613
1403637180.638344049453735,0.00206,0.00019,0.00093,0.00206,0.00194,0.00087,0.00804
1403637180.688341140747070,0.00173,0.00015,0.00294,0.00227,0.00055,0.00115,0.00878
1403637180.738339900970459,0.00191,0.00018,0.00050,0.00232,0.00053,0.00092,0.00635
1403637180.788331508636475,0.00191,0.00017,0.00354,0.00227,0.00104,0.00084,0.00977
1403637180.838333129882812,0.00177,0.00015,0.00224,0.00237,0.00054,0.00091,0.00798
1403637180.888335466384888,0.00196,0.00015,0.00263,0.00275,0.00058,0.00099,0.00907
1403637180.938339710235596,0.00202,0.00019,0.00047,0.00225,0.00104,0.00094,0.00691
1403637180.988343954086304,0.00183,0.00018,0.00215,0.00299,0.00065,0.00100,0.00880
1403637181.038350582122803,0.00195,0.00017,0.00232,0.00176,0.00094,0.00098,0.00814
1403637181.088362932205200,0.00195,0.00014,0.00213,0.00209,0.00303,0.00092,0.01025
1403637181.138365983963013,0.00184,0.00019,0.00355,0.00214,0.00102,0.00088,0.00961
1403637181.188366174697876,0.00196,0.00017,0.00098,0.00202,0.00109,0.00110,0.00732
1403637181.238368034362793,0.00192,0.00017,0.00173,0.00173,0.00139,0.00090,0.00784
1403637181.288366794586182,0.00199,0.00015,0.00116,0.00170,0.00287,0.00086,0.00872
1403637181.338360309600830,0.00182,0.00015,0.00302,0.00188,0.00145,0.00089,0.00921
1403637181.388361454010010,0.00180,0.00016,0.00193,0.00197,0.00146,0.00090,0.00824
1403637181.438364267349243,0.00188,0.00018,0.00242,0.00157,0.00192,0.00087,0.00884
1403637181.488366365432739,0.00191,0.00017,0.00100,0.00174,0.00161,0.00090,0.00732
1403637181.538371562957764,0.00186,0.00018,0.00010,0.00188,0.00144,0.00090,0.00636
1403637181.588374137878418,0.00169,0.00014,0.00044,0.00190,0.00292,0.00089,0.00798
1403637181.638376951217651,0.00193,0.00015,0.00208,0.00219,0.00102,0.00083,0.00819
1403637181.688379287719727,0.00175,0.00018,0.00154,0.00240,0.00053,0.00094,0.00734
1403637181.738379716873169,0.00158,0.00016,0.00222,0.00195,0.00097,0.00088,0.00776
1403637181.788377761840820,0.00170,0.00014,0.00163,0.00206,0.00254,0.00094,0.00901
1403637181.838375329971313,0.00203,0.00018,0.00375,0.00233,0.00100,0.00101,0.01029
1403637181.888375520706177,0.00183,0.00018,0.00010,0.00241,0.00108,0.00094,0.00654
1403637181.938376188278198,0.00196,0.00015,0.00284,0.00213,0.00111,0.00088,0.00907
1403637181.988375186920166,0.00176,0.00017,0.00255,0.00207,0.00051,0.00099,0.00805
1403637182.038372993469238,0.00193,0.00016,0.00181,0.00204,0.00240,0.00089,0.00922
1403637182.088370323181152,0.00193,0.00019,0.00169,0.00258,0.00067,0.00112,0.00818
1403637182.138370990753174,0.00202,0.00017,0.00186,0.00213,0.00108,0.00097,0.00823
1403637182.188369989395142,0.00272,0.00025,0.00357,0.00207,0.00150,0.00095,0.01105
1403637182.238369703292847,0.00229,0.00016,0.00255,0.00216,0.00051,0.00096,0.00862
1403637182.288369655609131,0.00220,0.00016,0.00144,0.00247,0.00159,0.00102,0.00886
1403637182.338368654251099,0.00215,0.00014,0.00086,0.00180,0.00189,0.00098,0.00782
1403637182.388368606567383,0.00218,0.00019,0.00126,0.00195,0.00204,0.00111,0.00873
1403637182.438366174697876,0.00208,0.00016,0.00313,0.00194,0.00241,0.00096,0.01068
1403637182.488365173339844,0.00212,0.00016,0.00304,0.00244,0.00058,0.00091,0.00924
1403637182.538365602493286,0.00208,0.00016,0.00198,0.00214,0.00055,0.00096,0.00787
1403637182.588364601135254,0.00181,0.00014,0.00109,0.00197,0.00189,0.00091,0.00780
1403637182.638362407684326,0.00189,0.00014,0.00126,0.00243,0.00148,0.00100,0.00820
1403637182.688359498977661,0.00213,0.00020,0.00303,0.00267,0.00055,0.00111,0.00969
1403637182.738355636596680,0.00192,0.00017,0.00284,0.00257,0.00058,0.00109,0.00916
1403637182.788354396820068,0.00214,0.00017,0.00292,0.00292,0.00000,0.00101,0.00916
1403637182.838354825973511,0.00185,0.00016,0.00292,0.00264,0.00001,0.00109,0.00867
1403637182.888353824615479,0.00197,0.00017,0.00276,0.00242,0.00156,0.00098,0.00985
1403637182.938352823257446,0.00179,0.00016,0.00246,0.00256,0.00001,0.00118,0.00815
1403637182.988352537155151,0.00181,0.00017,0.00189,0.00256,0.00104,0.00119,0.00867
1403637183.038352966308594,0.00189,0.00018,0.00357,0.00249,0.00053,0.00105,0.00971
1403637183.088351964950562,0.00188,0.00016,0.00348,0.00265,0.00009,0.00096,0.00922
1403637183.138352155685425,0.00181,0.00016,0.00001,0.00249,0.00153,0.00107,0.00707
1403637183.188353300094604,0.00192,0.00016,0.00281,0.00292,0.00000,0.00108,0.00890
1403637183.238352775573730,0.00196,0.00016,0.00239,0.00244,0.00000,0.00114,0.00809
1403637183.288353204727173,0.00201,0.00017,0.00298,0.00244,0.00059,0.00111,0.00930
1403637183.338352918624878,0.00187,0.00016,0.00401,0.00238,0.00051,0.00105,0.00998
1403637183.388353109359741,0.00191,0.00016,0.00285,0.00226,0.00104,0.00108,0.00931
1403637183.438352823257446,0.00190,0.00016,0.00237,0.00234,0.00002,0.00106,0.00786
1403637183.488352060317993,0.00283,0.00016,0.00229,0.00229,0.00102,0.00119,0.00978
1403637183.538351535797119,0.00228,0.00021,0.00226,0.00233,0.00100,0.00112,0.00920
1403637183.588351726531982,0.00208,0.00016,0.00225,0.00235,0.00053,0.00109,0.00845
1403637183.638349294662476,0.00205,0.00016,0.00332,0.00235,0.00104,0.00105,0.00998
1403637183.688350200653076,0.00207,0.00016,0.00304,0.00263,0.00054,0.00113,0.00957
1403637183.738349914550781,0.00209,0.00017,0.00217,0.00248,0.00054,0.00114,0.00858
1403637183.788350105285645,0.00214,0.00017,0.00362,0.00272,0.00060,0.00124,0.01049
1403637183.838350057601929,0.00190,0.00016,0.00222,0.00251,0.00054,0.00113,0.00845
1403637183.888350248336792,0.00183,0.00015,0.00304,0.00243,0.00057,0.00110,0.00914
1403637183.938351154327393,0.00178,0.00016,0.00299,0.00222,0.00104,0.00104,0.00923
1403637183.988351345062256,0.00201,0.00018,0.00281,0.00216,0.00002,0.00103,0.00821
1403637184.038353204727173,0.00187,0.00018,0.00544,0.00212,0.00253,0.00110,0.01324
1403637184.088354110717773,0.00185,0.00015,0.00142,0.00240,0.00053,0.00103,0.00738
1403637184.138356208801270,0.00177,0.00016,0.00127,0.00250,0.00106,0.00118,0.00794
1403637184.188359975814819,0.00260,0.00017,0.00237,0.00243,0.00052,0.00114,0.00922
1403637184.238363265991211,0.00219,0.00016,0.00284,0.00249,0.00105,0.00108,0.00980
1403637184.288364171981812,0.00211,0.00016,0.00271,0.00257,0.00001,0.00106,0.00861
1403637184.338363885879517,0.00219,0.00019,0.00154,0.00248,0.00058,0.00118,0.00816
1403637184.388368844985962,0.00207,0.00019,0.00359,0.00244,0.00052,0.00107,0.00988
1403637184.438370704650879,0.00198,0.00016,0.00265,0.00246,0.00009,0.00112,0.00845
1403637184.488376855850220,0.00282,0.00019,0.00174,0.00207,0.00251,0.00130,0.01062
1403637184.538381814956665,0.00213,0.00016,0.00278,0.00223,0.00053,0.00104,0.00887
1403637184.588387012481689,0.00195,0.00017,0.00243,0.00235,0.00001,0.00113,0.00803
1403637184.638393402099609,0.00284,0.00018,0.00400,0.00196,0.00097,0.00106,0.01101
1403637184.688394546508789,0.00256,0.00019,0.00152,0.00204,0.00140,0.00104,0.00874
1403637184.738391876220703,0.00287,0.00016,0.00251,0.00186,0.00187,0.00096,0.01022
1403637184.788388967514038,0.00312,0.00015,0.00084,0.00197,0.00198,0.00103,0.00909
1403637184.838389635086060,0.00208,0.00016,0.00178,0.00196,0.00095,0.00097,0.00790
1403637184.888385057449341,0.00232,0.00018,0.00251,0.00218,0.00159,0.00102,0.00980
1403637184.938381910324097,0.00255,0.00016,0.00209,0.00205,0.00056,0.00106,0.00846
1403637184.988380670547485,0.00207,0.00021,0.00129,0.00201,0.00204,0.00101,0.00862
1403637185.038373231887817,0.00203,0.00015,0.00359,0.00250,0.00063,0.00111,0.01001
1403637185.088371515274048,0.00196,0.00017,0.00019,0.00223,0.00000,0.00105,0.00561
1403637185.138366937637329,0.00266,0.00018,0.00100,0.00200,0.00148,0.00113,0.00844
1403637185.188362598419189,0.00216,0.00024,0.00113,0.00216,0.00152,0.00106,0.00827
1403637185.238360643386841,0.00188,0.00015,0.00224,0.00219,0.00196,0.00100,0.00942
1403637185.288358688354492,0.00177,0.00015,0.00403,0.00243,0.00002,0.00112,0.00951
1403637185.338357686996460,0.00183,0.00015,0.00253,0.00233,0.00052,0.00105,0.00841
1403637185.388358354568481,0.00179,0.00015,0.00068,0.00227,0.00051,0.00104,0.00644
1403637185.438358545303345,0.00186,0.00015,0.00004,0.00251,0.00216,0.00111,0.00782
1403637185.488356828689575,0.00189,0.00017,0.00570,0.00253,0.00054,0.00115,0.01197
1403637185.538355588912964,0.00182,0.00018,0.00092,0.00242,0.00103,0.00106,0.00744
1403637185.588354825973511,0.00279,0.00016,0.00057,0.00268,0.00054,0.00107,0.00781
1403637185.638354778289795,0.00206,0.00016,0.00354,0.00265,0.00001,0.00104,0.00945
1403637185.688368558883667,0.00206,0.00016,0.00498,0.00265,0.00104,0.00108,0.01197
1403637185.738368034362793,0.00208,0.00018,0.00146,0.00258,0.00000,0.00114,0.00745
1403637185.788368463516235,0.00202,0.00016,0.00224,0.00240,0.00000,0.00110,0.00793
1403637185.838366746902466,0.00187,0.00016,0.00249,0.00209,0.00001,0.00114,0.00775
1403637185.888361692428589,0.00185,0.00019,0.00360,0.00213,0.00297,0.00114,0.01188
1403637185.938356876373291,0.00183,0.00015,0.00269,0.00261,0.00008,0.00107,0.00843
1403637185.988355159759521,0.00196,0.00016,0.00064,0.00261,0.00058,0.00127,0.00722
1403637186.038354396820068,0.00185,0.00017,0.00023,0.00260,0.00053,0.00110,0.00648
1403637186.088337182998657,0.00179,0.00016,0.00534,0.00283,0.00057,0.00119,0.01188
1403637186.138331174850464,0.00173,0.00017,0.00483,0.00284,0.00060,0.00115,0.01133
1403637186.188331842422485,0.00238,0.00016,0.00035,0.00247,0.00055,0.00100,0.00691
1403637186.238328218460083,0.00183,0.00016,0.00330,0.00257,0.00001,0.00108,0.00895
1403637186.288324594497681,0.00188,0.00016,0.00351,0.00248,0.00059,0.00119,0.00981
1403637186.338324546813965,0.00194,0.00016,0.00025,0.00225,0.00145,0.00099,0.00704
1403637186.388324975967407,0.00182,0.00014,0.00201,0.00304,0.00115,0.00106,0.00922
1403637186.438326358795166,0.00178,0.00016,0.00267,0.00271,0.00057,0.00111,0.00899
1403637186.488327264785767,0.00184,0.00016,0.00458,0.00300,0.00000,0.00109,0.01067
1403637186.538326263427734,0.00176,0.00017,0.00279,0.00309,0.00000,0.00153,0.00934
1403637186.588326454162598,0.00219,0.00031,0.00190,0.00299,0.00000,0.00109,0.00849
1403637186.638325691223145,0.00245,0.00017,0.00053,0.00291,0.00000,0.00108,0.00714
1403637186.688326835632324,0.00164,0.00017,0.00467,0.00269,0.00000,0.00101,0.01017
1403637186.738322973251343,0.00150,0.00016,0.00599,0.00277,0.00000,0.00104,0.01146
1403637186.788321971893311,0.00164,0.00018,0.00043,0.00280,0.00000,0.00099,0.00603
1403637186.838321208953857,0.00163,0.00019,0.00541,0.00361,0.00059,0.00112,0.01255
1403637186.888322114944458,0.00159,0.00016,0.00365,0.00304,0.00000,0.00110,0.00955
1403637186.938323020935059,0.00155,0.00017,0.00004,0.00294,0.00000,0.00106,0.00575
1403637186.988325119018555,0.00155,0.00018,0.00217,0.00273,0.00000,0.00111,0.00774
1403637187.038327455520630,0.00172,0.00017,0.00278,0.00270,0.00000,0.00111,0.00848
1403637187.088329553604126,0.00237,0.00018,0.00339,0.00375,0.00001,0.00167,0.01136
1403637187.138330698013306,0.00189,0.00019,0.00272,0.00262,0.00054,0.00102,0.00897
1403637187.188329935073853,0.00172,0.00015,0.00549,0.00389,0.00000,0.00101,0.01227
1403637187.238329410552979,0.00171,0.00016,0.00009,0.00272,0.00000,0.00098,0.00567
1403637187.288328886032104,0.00168,0.00016,0.00385,0.00291,0.00000,0.00092,0.00951
1403637187.338330030441284,0.00166,0.00018,0.00507,0.00264,0.00001,0.00126,0.01081
1403637187.388331651687622,0.00287,0.00030,0.00079,0.00332,0.00054,0.00108,0.00890
1403637187.438332319259644,0.00162,0.00020,0.00293,0.00247,0.00053,0.00101,0.00876
1403637187.488331556320190,0.00162,0.00019,0.00218,0.00263,0.00000,0.00102,0.00763
1403637187.538331508636475,0.00154,0.00020,0.00008,0.00248,0.00001,0.00099,0.00529
1403637187.588330984115601,0.00229,0.00017,0.00100,0.00247,0.00104,0.00100,0.00797
1403637187.638329982757568,0.00163,0.00018,0.00656,0.00456,0.00001,0.00170,0.01464
1403637187.688328981399536,0.00187,0.00017,0.00322,0.00236,0.00106,0.00141,0.01010
1403637187.738328695297241,0.00236,0.00031,0.00195,0.00281,0.00000,0.00111,0.00854
1403637187.788327693939209,0.00173,0.00018,0.00435,0.00249,0.00001,0.00113,0.00989
1403637187.838326930999756,0.00181,0.00019,0.00042,0.00242,0.00000,0.00101,0.00585
1403637187.888326883316040,0.00178,0.00015,0.00263,0.00258,0.00159,0.00150,0.01022
1403637187.938327074050903,0.00182,0.00019,0.00650,0.00270,0.00000,0.00116,0.01238
1403637187.988326787948608,0.00288,0.00028,0.00045,0.00287,0.00000,0.00116,0.00763
1403637188.038326978683472,0.00177,0.00016,0.00328,0.00255,0.00054,0.00102,0.00932
1403637188.088326454162598,0.00197,0.00020,0.00099,0.00270,0.00052,0.00108,0.00746
1403637188.138326168060303,0.00177,0.00015,0.00333,0.00258,0.00054,0.00109,0.00946
1403637188.188326358795166,0.00250,0.00024,0.00045,0.00366,0.00000,0.00164,0.00849
1403637188.238326311111450,0.00236,0.00030,0.00639,0.00512,0.00105,0.00158,0.01680
1403637188.288326978683472,0.00276,0.00034,0.00339,0.00278,0.00001,0.00112,0.01039
1403637188.338327169418335,0.00182,0.00022,0.00148,0.00265,0.00059,0.00102,0.00778
1403637188.388327121734619,0.00201,0.00018,0.00465,0.00250,0.00061,0.00104,0.01100
1403637188.438326597213745,0.00242,0.00034,0.00064,0.00276,0.00001,0.00113,0.00729
1403637188.488326072692871,0.00182,0.00018,0.00066,0.00265,0.00168,0.00107,0.00806
1403637188.538324117660522,0.00222,0.00020,0.00692,0.00303,0.00063,0.00113,0.01413
1403637188.588323116302490,0.00199,0.00019,0.00233,0.00274,0.00000,0.00149,0.00874
1403637188.638323545455933,0.00199,0.00019,0.00260,0.00272,0.00115,0.00112,0.00978
1403637188.688323259353638,0.00192,0.00018,0.00113,0.00256,0.00000,0.00112,0.00692
1403637188.738322973251343,0.00190,0.00018,0.00251,0.00281,0.00131,0.00110,0.00982
1403637188.788323402404785,0.00181,0.00019,0.00077,0.00260,0.00001,0.00101,0.00639
1403637188.838323354721069,0.00161,0.00016,0.00381,0.00265,0.00060,0.00105,0.00989
1403637188.888322353363037,0.00162,0.00015,0.00167,0.00235,0.00193,0.00096,0.00869
1403637188.938320875167847,0.00165,0.00023,0.00063,0.00345,0.00089,0.00105,0.00790
1403637188.988318920135498,0.00177,0.00017,0.00349,0.00255,0.00052,0.00118,0.00966
1403637189.038316011428833,0.00190,0.00016,0.00029,0.00230,0.00055,0.00120,0.00641
1403637189.088311910629272,0.00192,0.00020,0.00131,0.00210,0.00000,0.00095,0.00649
1403637189.138307571411133,0.00213,0.00018,0.00535,0.00223,0.00311,0.00097,0.01396
1403637189.188306093215942,0.00214,0.00023,0.00101,0.00261,0.00003,0.00094,0.00696
1403637189.238306283950806,0.00183,0.00016,0.00216,0.00219,0.00108,0.00106,0.00848
1403637189.288307189941406,0.00262,0.00027,0.00011,0.00261,0.00133,0.00105,0.00798
1403637189.338307619094849,0.00215,0.00017,0.00246,0.00218,0.00268,0.00139,0.01103
1403637189.388307094573975,0.00206,0.00030,0.00086,0.00409,0.00094,0.00136,0.00962
1403637189.438304901123047,0.00173,0.00019,0.00275,0.00248,0.00217,0.00100,0.01031
1403637189.488302946090698,0.00184,0.00018,0.00253,0.00273,0.00058,0.00100,0.00886
1403637189.538302659988403,0.00164,0.00016,0.00012,0.00249,0.00054,0.00103,0.00597
1403637189.588303565979004,0.00187,0.00020,0.00331,0.00239,0.00220,0.00108,0.01105
1403637189.638306140899658,0.00165,0.00017,0.00042,0.00256,0.00000,0.00094,0.00574
1403637189.688310146331787,0.00185,0.00015,0.00123,0.00254,0.00053,0.00093,0.00723
1403637189.738317966461182,0.00182,0.00016,0.00564,0.00237,0.00002,0.00092,0.01094
1403637189.788322925567627,0.00167,0.00017,0.00255,0.00247,0.00112,0.00100,0.00899
1403637189.838324069976807,0.00183,0.00019,0.00051,0.00225,0.00206,0.00094,0.00778
1403637189.888322830200195,0.00181,0.00017,0.00027,0.00292,0.00000,0.00109,0.00626
1403637189.938321113586426,0.00195,0.00019,0.00219,0.00246,0.00001,0.00098,0.00777
1403637189.988320112228394,0.00161,0.00017,0.00025,0.00207,0.00158,0.00096,0.00663
1403637190.038319587707520,0.00153,0.00015,0.00254,0.00214,0.00052,0.00093,0.00782
1403637190.088319540023804,0.00171,0.00017,0.00110,0.00208,0.00193,0.00093,0.00791
1403637190.138319253921509,0.00217,0.00019,0.00069,0.00256,0.00172,0.00100,0.00834
1403637190.188317537307739,0.00176,0.00016,0.00364,0.00263,0.00001,0.00097,0.00917
1403637190.238316297531128,0.00193,0.00016,0.00102,0.00249,0.00116,0.00119,0.00796
1403637190.288316726684570,0.00167,0.00017,0.00024,0.00251,0.00051,0.00095,0.00604
1403637190.338317155838013,0.00175,0.00016,0.00484,0.00224,0.00098,0.00090,0.01088
1403637190.388319015502930,0.00172,0.00015,0.00212,0.00223,0.00106,0.00090,0.00818
1403637190.438318729400635,0.00181,0.00016,0.00197,0.00237,0.00053,0.00097,0.00781
1403637190.488318204879761,0.00194,0.00015,0.00260,0.00233,0.00008,0.00087,0.00798
1403637190.538317203521729,0.00189,0.00018,0.00062,0.00220,0.00055,0.00117,0.00661
1403637190.588315725326538,0.00202,0.00017,0.00039,0.00229,0.00000,0.00096,0.00583
1403637190.638311624526978,0.00194,0.00015,0.00277,0.00203,0.00100,0.00096,0.00885
1403637190.688309907913208,0.00212,0.00016,0.00047,0.00216,0.00147,0.00087,0.00725
1403637190.738310337066650,0.00175,0.00014,0.00029,0.00224,0.00053,0.00089,0.00585
1403637190.788309574127197,0.00183,0.00019,0.00241,0.00241,0.00058,0.00094,0.00836
1403637190.838311195373535,0.00203,0.00017,0.00037,0.00249,0.00056,0.00092,0.00653
1403637190.888312101364136,0.00173,0.00017,0.00076,0.00265,0.00000,0.00107,0.00639
1403637190.938312530517578,0.00157,0.00017,0.00374,0.00260,0.00145,0.00096,0.01049
1403637190.988312005996704,0.00164,0.00018,0.00310,0.00267,0.00000,0.00093,0.00851
1403637191.038312435150146,0.00167,0.00016,0.00141,0.00289,0.00055,0.00092,0.00760
1403637191.088311433792114,0.00162,0.00018,0.00221,0.00276,0.00000,0.00093,0.00770
1403637191.138310909271240,0.00161,0.00017,0.00070,0.00293,0.00000,0.00099,0.00640
1403637191.188309907913208,0.00190,0.00018,0.00097,0.00290,0.00001,0.00103,0.00698
1403637191.238309144973755,0.00173,0.00017,0.00312,0.00281,0.00003,0.00103,0.00889
1403637191.288309335708618,0.00194,0.00015,0.00031,0.00288,0.00002,0.00095,0.00624
1403637191.338309049606323,0.00178,0.00016,0.00217,0.00265,0.00055,0.00100,0.00831
1403637191.388309001922607,0.00192,0.00016,0.00416,0.00289,0.00000,0.00103,0.01016
1403637191.438309192657471,0.00191,0.00015,0.00129,0.00284,0.00000,0.00097,0.00716
1403637191.488309383392334,0.00209,0.00019,0.00005,0.00281,0.00000,0.00100,0.00614
1403637191.538309574127197,0.00192,0.00018,0.00409,0.00277,0.00000,0.00104,0.01000
1403637191.588309764862061,0.00210,0.00018,0.00306,0.00262,0.00001,0.00099,0.00896
1403637191.638309955596924,0.00218,0.00021,0.00130,0.00249,0.00052,0.00100,0.00769
1403637191.688309192657471,0.00194,0.00015,0.00167,0.00256,0.00003,0.00109,0.00743
1403637191.738309621810913,0.00217,0.00017,0.00034,0.00234,0.00054,0.00103,0.00659
1403637191.788310050964355,0.00231,0.00015,0.00048,0.00217,0.00097,0.00098,0.00706
1403637191.838308572769165,0.00226,0.00018,0.00306,0.00252,0.00006,0.00103,0.00911
1403637191.888307094573975,0.00195,0.00020,0.00019,0.00214,0.00000,0.00095,0.00544
1403637191.938302755355835,0.00201,0.00027,0.00016,0.00224,0.00260,0.00096,0.00824
1403637191.988300561904907,0.00203,0.00017,0.00310,0.00239,0.00153,0.00088,0.01010
1403637192.038302421569824,0.00177,0.00015,0.00054,0.00267,0.00054,0.00094,0.00662
1403637192.088304042816162,0.00170,0.00017,0.00010,0.00238,0.00000,0.00093,0.00528
1403637192.138302087783813,0.00168,0.00016,0.00317,0.00230,0.00057,0.00093,0.00882
1403637192.188300371170044,0.00203,0.00020,0.00259,0.00227,0.00200,0.00104,0.01013
1403637192.238299369812012,0.00188,0.00016,0.00085,0.00243,0.00058,0.00094,0.00685
1403637192.288298368453979,0.00176,0.00015,0.00084,0.00266,0.00004,0.00090,0.00635
1403637192.338298559188843,0.00207,0.00015,0.00266,0.00255,0.00061,0.00108,0.00912
1403637192.388299703598022,0.00182,0.00015,0.00232,0.00248,0.00062,0.00091,0.00830
1403637192.438301324844360,0.00179,0.00015,0.00224,0.00267,0.00002,0.00104,0.00792
1403637192.488302707672119,0.00172,0.00017,0.00044,0.00273,0.00058,0.00113,0.00676
1403637192.538304328918457,0.00205,0.00018,0.00190,0.00289,0.00009,0.00107,0.00818
1403637192.588304758071899,0.00194,0.00015,0.00362,0.00265,0.00057,0.00100,0.00994
1403637192.638304471969604,0.00182,0.00018,0.00121,0.00277,0.00000,0.00097,0.00695
1403637192.688304662704468,0.00189,0.00016,0.00002,0.00284,0.00000,0.00101,0.00592
1403637192.738304615020752,0.00180,0.00016,0.00290,0.00276,0.00056,0.00107,0.00926
1403637192.788304805755615,0.00176,0.00015,0.00266,0.00303,0.00000,0.00115,0.00876
1403637192.838304758071899,0.00189,0.00018,0.00243,0.00316,0.00000,0.00112,0.00878
1403637192.888304710388184,0.00185,0.00018,0.00225,0.00274,0.00000,0.00099,0.00800
1403637192.938304901123047,0.00201,0.00015,0.00272,0.00259,0.00002,0.00088,0.00838
1403637192.988303899765015,0.00208,0.00018,0.00141,0.00268,0.00106,0.00096,0.00838
1403637193.038305044174194,0.00197,0.00017,0.00232,0.00267,0.00000,0.00099,0.00812
1403637193.088306427001953,0.00195,0.00018,0.00213,0.00275,0.00057,0.00110,0.00867
1403637193.138309001922607,0.00195,0.00017,0.00086,0.00272,0.00000,0.00095,0.00665
1403637193.188311338424683,0.00177,0.00016,0.00295,0.00285,0.00001,0.00095,0.00869
1403637193.238312005996704,0.00216,0.00016,0.00092,0.00265,0.00054,0.00094,0.00737
1403637193.288311958312988,0.00194,0.00016,0.00039,0.00302,0.00000,0.00099,0.00651
1403637193.338310241699219,0.00171,0.00019,0.00282,0.00281,0.00000,0.00095,0.00848
1403637193.388307094573975,0.00188,0.00019,0.00282,0.00273,0.00000,0.00104,0.00867
1403637193.438305377960205,0.00210,0.00019,0.00151,0.00231,0.00051,0.00097,0.00759
1403637193.488304615020752,0.00209,0.00015,0.00045,0.00233,0.00052,0.00091,0.00645
1403637193.538301706314087,0.00178,0.00015,0.00211,0.00227,0.00102,0.00097,0.00830
1403637193.588299036026001,0.00197,0.00016,0.00220,0.00219,0.00100,0.00095,0.00847
1403637193.638299703598022,0.00173,0.00015,0.00072,0.00212,0.00148,0.00097,0.00717
1403637193.688299655914307,0.00179,0.00018,0.00020,0.00236,0.00059,0.00096,0.00608
1403637193.738299131393433,0.00165,0.00017,0.00060,0.00215,0.00001,0.00111,0.00569
1403637193.788298130035400,0.00179,0.00019,0.00388,0.00212,0.00297,0.00109,0.01204
1403637193.838295936584473,0.00174,0.00017,0.00109,0.00221,0.00050,0.00084,0.00655
1403637193.888295412063599,0.00173,0.00016,0.00043,0.00222,0.00002,0.00100,0.00557
1403637193.938297510147095,0.00162,0.00019,0.00194,0.00208,0.00107,0.00095,0.00785
1403637193.988297462463379,0.00190,0.00015,0.00060,0.00208,0.00150,0.00093,0.00717
1403637194.038299083709717,0.00191,0.00019,0.00114,0.00187,0.00059,0.00088,0.00657
1403637194.088299751281738,0.00180,0.00016,0.00022,0.00188,0.00110,0.00109,0.00626
1403637194.138299465179443,0.00174,0.00016,0.00041,0.00201,0.00002,0.00092,0.00527
1403637194.188300848007202,0.00146,0.00016,0.00200,0.00178,0.00286,0.00090,0.00916
1403637194.238301992416382,0.00138,0.00016,0.00005,0.00242,0.00152,0.00089,0.00644
1403637194.288302898406982,0.00156,0.00017,0.00046,0.00263,0.00000,0.00085,0.00568
1403637194.338304042816162,0.00141,0.00018,0.00045,0.00271,0.00052,0.00088,0.00616
1403637194.388305187225342,0.00141,0.00016,0.00322,0.00253,0.00052,0.00086,0.00870
1403637194.438306093215942,0.00153,0.00017,0.00259,0.00288,0.00064,0.00093,0.00874
1403637194.488306045532227,0.00155,0.00018,0.00049,0.00260,0.00000,0.00086,0.00568
1403637194.538307189941406,0.00150,0.00016,0.00238,0.00240,0.00004,0.00088,0.00737
1403637194.588307380676270,0.00146,0.00015,0.00206,0.00225,0.00102,0.00087,0.00781
1403637194.638307809829712,0.00135,0.00019,0.00151,0.00240,0.00004,0.00085,0.00632
1403637194.688308000564575,0.00144,0.00014,0.00013,0.00223,0.00053,0.00084,0.00532
1403637194.738307952880859,0.00149,0.00015,0.00030,0.00228,0.00003,0.00088,0.00514
1403637194.788308143615723,0.00134,0.00016,0.00002,0.00219,0.00205,0.00093,0.00668
1403637194.838308572769165,0.00178,0.00020,0.00029,0.00253,0.00009,0.00105,0.00595
1403637194.888308763504028,0.00155,0.00017,0.00031,0.00242,0.00000,0.00090,0.00535
1403637194.938308715820312,0.00141,0.00016,0.00020,0.00225,0.00001,0.00090,0.00493
1403637194.988306999206543,0.00152,0.00019,0.00304,0.00185,0.00342,0.00082,0.01084
1403637195.038306474685669,0.00176,0.00016,0.00211,0.00179,0.00104,0.00083,0.00769
1403637195.088305711746216,0.00163,0.00016,0.00041,0.00220,0.00106,0.00088,0.00635
1403637195.138305187225342,0.00189,0.00016,0.00234,0.00157,0.00136,0.00078,0.00810
1403637195.188304662704468,0.00192,0.00018,0.00009,0.00193,0.00107,0.00099,0.00618
1403637195.238304376602173,0.00171,0.00020,0.00148,0.00194,0.00103,0.00083,0.00720
1403637195.288304328918457,0.00156,0.00017,0.00012,0.00196,0.00003,0.00086,0.00471
1403637195.338303804397583,0.00166,0.00016,0.00018,0.00204,0.00057,0.00087,0.00549
1403637195.388303756713867,0.00170,0.00014,0.00028,0.00191,0.00140,0.00076,0.00619
1403637195.438303709030151,0.00161,0.00019,0.00038,0.00212,0.00051,0.00098,0.00579
1403637195.488302946090698,0.00181,0.00017,0.00041,0.00211,0.00002,0.00081,0.00532
1403637195.538303136825562,0.00183,0.00019,0.00041,0.00190,0.00048,0.00089,0.00570
1403637195.588304996490479,0.00162,0.00017,0.00280,0.00213,0.00260,0.00097,0.01028
1403637195.638304710388184,0.00172,0.00015,0.00180,0.00223,0.00004,0.00081,0.00674
1403637195.688303709030151,0.00171,0.00015,0.00064,0.00212,0.00104,0.00089,0.00655
1403637195.738304138183594,0.00165,0.00014,0.00266,0.00223,0.00052,0.00088,0.00809
1403637195.788304567337036,0.00179,0.00017,0.00018,0.00217,0.00052,0.00081,0.00565
1403637195.838304519653320,0.00187,0.00015,0.00171,0.00207,0.00187,0.00087,0.00854
1403637195.888304948806763,0.00194,0.00015,0.00048,0.00240,0.00061,0.00094,0.00651
1403637195.938304662704468,0.00221,0.00022,0.00252,0.00269,0.00063,0.00089,0.00916
1403637195.988305568695068,0.00183,0.00016,0.00124,0.00250,0.00004,0.00080,0.00656
1403637196.038304328918457,0.00184,0.00017,0.00127,0.00275,0.00113,0.00091,0.00808
1403637196.088304519653320,0.00181,0.00017,0.00104,0.00264,0.00052,0.00085,0.00703
1403637196.138304471969604,0.00173,0.00019,0.00080,0.00279,0.00062,0.00091,0.00703
1403637196.188303709030151,0.00179,0.00016,0.00245,0.00225,0.00000,0.00086,0.00751
1403637196.238304853439331,0.00155,0.00020,0.00086,0.00204,0.00150,0.00096,0.00710
1403637196.288306236267090,0.00179,0.00018,0.00287,0.00200,0.00054,0.00088,0.00827
1403637196.338307380676270,0.00168,0.00015,0.00145,0.00216,0.00158,0.00084,0.00787
1403637196.388308763504028,0.00169,0.00016,0.00069,0.00220,0.00060,0.00090,0.00625
1403637196.438308954238892,0.00182,0.00015,0.00205,0.00196,0.00294,0.00122,0.01015
1403637196.488309860229492,0.00152,0.00016,0.00197,0.00235,0.00051,0.00100,0.00751
1403637196.538310050964355,0.00174,0.00015,0.00011,0.00250,0.00052,0.00082,0.00584
1403637196.588310480117798,0.00181,0.00019,0.00212,0.00216,0.00054,0.00094,0.00775
1403637196.638311386108398,0.00182,0.00018,0.00125,0.00214,0.00155,0.00093,0.00786
1403637196.688311815261841,0.00189,0.00016,0.00205,0.00195,0.00000,0.00095,0.00701
1403637196.738312244415283,0.00175,0.00016,0.00037,0.00183,0.00236,0.00086,0.00734
1403637196.788311004638672,0.00194,0.00015,0.00337,0.00195,0.00143,0.00083,0.00968
1403637196.838311195373535,0.00193,0.00015,0.00202,0.00202,0.00104,0.00084,0.00800
1403637196.888310432434082,0.00168,0.00017,0.00278,0.00228,0.00112,0.00095,0.00898
1403637196.938311338424683,0.00184,0.00017,0.00226,0.00210,0.00151,0.00092,0.00879
1403637196.988311529159546,0.00190,0.00016,0.00111,0.00173,0.00065,0.00088,0.00642
1403637197.038312435150146,0.00210,0.00015,0.00064,0.00130,0.00173,0.00112,0.00704
1403637197.088314533233643,0.00209,0.00015,0.00035,0.00142,0.00252,0.00099,0.00752
1403637197.138315439224243,0.00194,0.00015,0.00074,0.00161,0.00048,0.00097,0.00588
1403637197.188315868377686,0.00197,0.00014,0.00085,0.00126,0.00098,0.00076,0.00596
1403637197.238318681716919,0.00196,0.00014,0.00111,0.00127,0.00301,0.00085,0.00833
1403637197.288317918777466,0.00203,0.00014,0.00131,0.00134,0.00101,0.00082,0.00665
1403637197.338317632675171,0.00201,0.00017,0.00087,0.00126,0.00284,0.00084,0.00798
1403637197.388320446014404,0.00208,0.00015,0.00116,0.00090,0.00164,0.00077,0.00669
1403637197.438322544097900,0.00179,0.00014,0.00026,0.00100,0.00042,0.00079,0.00440
1403637197.488323688507080,0.00172,0.00012,0.00068,0.00075,0.00148,0.00073,0.00549
1403637197.538324832916260,0.00181,0.00013,0.00058,0.00057,0.00078,0.00074,0.00462
1403637197.588325500488281,0.00168,0.00014,0.00049,0.00044,0.00143,0.00075,0.00493
1403637197.638326883316040,0.00190,0.00013,0.00034,0.00051,0.00284,0.00096,0.00668
1403637197.688328981399536,0.00181,0.00015,0.00050,0.00056,0.00233,0.00075,0.00610
1403637197.738330602645874,0.00191,0.00014,0.00026,0.00061,0.00000,0.00075,0.00368
1403637197.788334846496582,0.00185,0.00016,0.00044,0.00052,0.00209,0.00105,0.00610
1403637197.838339805603027,0.00205,0.00013,0.00052,0.00075,0.00038,0.00077,0.00461
1403637197.888340234756470,0.00186,0.00014,0.00043,0.00073,0.00239,0.00078,0.00634
1403637197.938342571258545,0.00217,0.00016,0.00102,0.00103,0.00506,0.00079,0.01023
1403637197.988343715667725,0.00239,0.00016,0.00066,0.00117,0.00139,0.00084,0.00661
1403637198.038342475891113,0.00234,0.00019,0.00093,0.00090,0.00111,0.00089,0.00637
1403637198.088340520858765,0.00222,0.00014,0.00107,0.00072,0.00436,0.00079,0.00930
1403637198.138339757919312,0.00236,0.00014,0.00051,0.00097,0.00000,0.00079,0.00477
1403637198.188338518142700,0.00200,0.00014,0.00060,0.00090,0.00076,0.00081,0.00520
1403637198.238338470458984,0.00180,0.00013,0.00029,0.00090,0.00128,0.00081,0.00521
1403637198.288339138031006,0.00180,0.00015,0.00057,0.00096,0.00396,0.00089,0.00832
1403637198.338340044021606,0.00179,0.00014,0.00042,0.00134,0.00216,0.00090,0.00675
1403637198.388341426849365,0.00193,0.00017,0.00073,0.00164,0.00323,0.00110,0.00880
1403637198.438342571258545,0.00174,0.00033,0.00076,0.00193,0.00236,0.00118,0.00830
1403637198.488342761993408,0.00196,0.00015,0.00030,0.00215,0.00009,0.00095,0.00560
1403637198.538344144821167,0.00196,0.00018,0.00244,0.00176,0.00148,0.00085,0.00867
1403637198.588344335556030,0.00166,0.00015,0.00011,0.00196,0.00008,0.00081,0.00477
1403637198.638342380523682,0.00170,0.00014,0.00044,0.00179,0.00233,0.00090,0.00730
1403637198.688339710235596,0.00179,0.00018,0.00345,0.00181,0.00141,0.00096,0.00960
1403637198.738338232040405,0.00175,0.00016,0.00052,0.00195,0.00165,0.00111,0.00713
1403637198.788335323333740,0.00170,0.00015,0.00208,0.00200,0.00160,0.00088,0.00841
1403637198.838333606719971,0.00198,0.00018,0.00276,0.00200,0.00160,0.00099,0.00951
1403637198.888333082199097,0.00171,0.00018,0.00059,0.00182,0.00107,0.00086,0.00622
1403637198.938332796096802,0.00193,0.00018,0.00255,0.00155,0.00303,0.00100,0.01024
1403637198.988331556320190,0.00193,0.00014,0.00108,0.00182,0.00001,0.00091,0.00588
1403637199.038330554962158,0.00204,0.00018,0.00059,0.00181,0.00324,0.00109,0.00894
1403637199.088331222534180,0.00175,0.00017,0.00208,0.00196,0.00289,0.00091,0.00977
1403637199.138333320617676,0.00200,0.00016,0.00220,0.00240,0.00053,0.00095,0.00824
1403637199.188333034515381,0.00192,0.00020,0.00145,0.00209,0.00051,0.00086,0.00702
1403637199.238327980041504,0.00188,0.00017,0.00120,0.00225,0.00152,0.00089,0.00791
1403637199.288326978683472,0.00169,0.00017,0.00382,0.00215,0.00057,0.00087,0.00927
1403637199.338325023651123,0.00167,0.00020,0.00109,0.00206,0.00054,0.00098,0.00653
1403637199.388324975967407,0.00205,0.00018,0.00213,0.00200,0.00205,0.00098,0.00939
1403637199.438320875167847,0.00183,0.00021,0.00224,0.00209,0.00201,0.00101,0.00939
1403637199.488317728042603,0.00220,0.00020,0.00261,0.00201,0.00056,0.00096,0.00854
1403637199.538318157196045,0.00197,0.00017,0.00106,0.00205,0.00103,0.00097,0.00725
1403637199.588316202163696,0.00189,0.00019,0.00304,0.00177,0.00337,0.00096,0.01122
1403637199.638315439224243,0.00194,0.00015,0.00169,0.00183,0.00126,0.00107,0.00795
1403637199.688312768936157,0.00201,0.00019,0.00046,0.00190,0.00245,0.00094,0.00795
1403637199.738313436508179,0.00187,0.00014,0.00327,0.00229,0.00115,0.00119,0.00991
1403637199.788314819335938,0.00185,0.00016,0.00246,0.00227,0.00159,0.00091,0.00924
1403637199.838315010070801,0.00231,0.00021,0.00208,0.00181,0.00000,0.00088,0.00730
1403637199.888315916061401,0.00222,0.00014,0.00072,0.00123,0.00207,0.00088,0.00726
1403637199.938315391540527,0.00256,0.00018,0.00077,0.00143,0.00046,0.00136,0.00677
1403637199.988315820693970,0.00241,0.00017,0.00138,0.00117,0.00079,0.00118,0.00710
1403637200.038316726684570,0.00225,0.00019,0.00106,0.00109,0.00637,0.00111,0.01208
1403637200.088316202163696,0.00213,0.00015,0.00051,0.00131,0.00171,0.00102,0.00683
1403637200.138317108154297,0.00239,0.00013,0.00164,0.00141,0.00000,0.00130,0.00688
1403637200.188320159912109,0.00221,0.00015,0.00056,0.00090,0.00351,0.00122,0.00854
1403637200.238321781158447,0.00205,0.00014,0.00097,0.00100,0.00231,0.00092,0.00738
1403637200.288328886032104,0.00211,0.00015,0.00185,0.00128,0.00359,0.00101,0.00999
1403637200.338335037231445,0.00195,0.00018,0.00178,0.00122,0.00440,0.00084,0.01038
1403637200.388335227966309,0.00252,0.00023,0.00311,0.00136,0.00188,0.00102,0.01011
1403637200.438335657119751,0.00208,0.00017,0.00036,0.00144,0.00000,0.00089,0.00495
1403637200.488331794738770,0.00203,0.00015,0.00063,0.00131,0.00256,0.00089,0.00757
1403637200.538331985473633,0.00246,0.00043,0.00432,0.00183,0.00418,0.00102,0.01424
1403637200.588326454162598,0.00170,0.00020,0.00022,0.00170,0.00008,0.00095,0.00486
1403637200.638322830200195,0.00173,0.00016,0.00048,0.00142,0.00090,0.00089,0.00558
1403637200.688309907913208,0.00158,0.00019,0.00063,0.00142,0.00425,0.00088,0.00895
1403637200.738301038742065,0.00198,0.00018,0.00242,0.00177,0.00143,0.00104,0.00882
1403637200.788294553756714,0.00187,0.00015,0.00135,0.00172,0.00320,0.00096,0.00925
1403637200.838290452957153,0.00182,0.00018,0.00059,0.00220,0.00168,0.00107,0.00754
1403637200.888283491134644,0.00201,0.00018,0.00262,0.00195,0.00001,0.00098,0.00775
1403637200.938281536102295,0.00170,0.00015,0.00346,0.00187,0.00238,0.00094,0.01050
1403637200.988280296325684,0.00154,0.00014,0.00289,0.00238,0.00170,0.00092,0.00957
1403637201.038277626037598,0.00155,0.00016,0.00373,0.00256,0.00055,0.00095,0.00950
1403637201.088279962539673,0.00162,0.00017,0.00536,0.00466,0.00000,0.00120,0.01300
1403637201.138281583786011,0.00160,0.00016,0.00305,0.00263,0.00001,0.00100,0.00844
1403637201.188282251358032,0.00158,0.00017,0.00242,0.00275,0.00057,0.00098,0.00848
1403637201.238283634185791,0.00157,0.00015,0.00141,0.00217,0.00053,0.00140,0.00722
1403637201.288285493850708,0.00238,0.00026,0.00057,0.00246,0.00001,0.00110,0.00679
1403637201.338292837142944,0.00174,0.00016,0.00237,0.00201,0.00262,0.00098,0.00988
1403637201.388296127319336,0.00152,0.00016,0.00289,0.00243,0.00000,0.00136,0.00836
1403637201.438302755355835,0.00221,0.00018,0.00308,0.00222,0.00054,0.00103,0.00924
1403637201.488306760787964,0.00185,0.00018,0.00261,0.00220,0.00159,0.00102,0.00945
1403637201.538308382034302,0.00174,0.00016,0.00356,0.00249,0.00055,0.00134,0.00984
1403637201.588310003280640,0.00223,0.00017,0.00258,0.00257,0.00001,0.00099,0.00854
1403637201.638310909271240,0.00170,0.00018,0.00403,0.00320,0.00105,0.00110,0.01128
1403637201.688312768936157,0.00230,0.00048,0.00517,0.00262,0.00118,0.00110,0.01285
1403637201.738313198089600,0.00169,0.00018,0.00273,0.00297,0.00000,0.00103,0.00860
1403637201.788313865661621,0.00172,0.00017,0.00228,0.00273,0.00000,0.00106,0.00797
1403637201.838313579559326,0.00160,0.00016,0.00355,0.00260,0.00000,0.00105,0.00897
1403637201.888313770294189,0.00185,0.00018,0.00013,0.00275,0.00057,0.00110,0.00658
1403637201.938313007354736,0.00194,0.00018,0.00304,0.00483,0.00120,0.00117,0.01237
1403637201.988308429718018,0.00180,0.00018,0.00469,0.00317,0.00000,0.00106,0.01091
1403637202.038305044174194,0.00195,0.00030,0.00256,0.00287,0.00000,0.00112,0.00880
1403637202.088301181793213,0.00164,0.00018,0.00229,0.00291,0.00063,0.00122,0.00887
1403637202.138295173645020,0.00213,0.00018,0.00373,0.00303,0.00000,0.00108,0.01014
1403637202.188293933868408,0.00168,0.00017,0.00100,0.00317,0.00000,0.00113,0.00715
1403637202.238293170928955,0.00194,0.00019,0.00374,0.00305,0.00000,0.00120,0.01011
1403637202.288293123245239,0.00173,0.00016,0.00156,0.00307,0.00000,0.00106,0.00758
1403637202.338292598724365,0.00218,0.00017,0.00024,0.00268,0.00000,0.00104,0.00631
1403637202.388292789459229,0.00168,0.00020,0.00015,0.00238,0.00003,0.00097,0.00540
1403637202.438295841217041,0.00157,0.00015,0.00178,0.00220,0.00055,0.00107,0.00731
1403637202.488297462463379,0.00184,0.00016,0.00010,0.00223,0.00000,0.00099,0.00533
1403637202.538300037384033,0.00171,0.00016,0.00049,0.00239,0.00007,0.00119,0.00600
1403637202.588303327560425,0.00186,0.00020,0.00235,0.00217,0.00104,0.00102,0.00863
1403637202.638304471969604,0.00180,0.00016,0.00086,0.00238,0.00104,0.00111,0.00735
1403637202.688305616378784,0.00205,0.00018,0.00285,0.00256,0.00003,0.00099,0.00867
1403637202.738304615020752,0.00185,0.00015,0.00285,0.00263,0.00109,0.00116,0.00973
1403637202.788304805755615,0.00189,0.00021,0.00237,0.00276,0.00000,0.00105,0.00829
1403637202.838305234909058,0.00177,0.00016,0.00330,0.00287,0.00000,0.00117,0.00928
1403637202.888305187225342,0.00183,0.00016,0.00400,0.00275,0.00000,0.00114,0.00989
1403637202.938304901123047,0.00169,0.00015,0.00092,0.00323,0.00000,0.00116,0.00715
1403637202.988304376602173,0.00174,0.00016,0.00015,0.00272,0.00001,0.00105,0.00584
1403637203.038305044174194,0.00270,0.00016,0.00305,0.00276,0.00057,0.00111,0.01036
1403637203.088304758071899,0.00189,0.00017,0.00004,0.00284,0.00000,0.00101,0.00596
1403637203.138304233551025,0.00188,0.00019,0.00028,0.00321,0.00000,0.00124,0.00679
1403637203.188303709030151,0.00199,0.00019,0.00354,0.00282,0.00000,0.00115,0.00970
1403637203.238303661346436,0.00172,0.00017,0.00273,0.00289,0.00000,0.00102,0.00853
1403637203.288303375244141,0.00167,0.00016,0.00255,0.00278,0.00000,0.00102,0.00818
1403637203.338303089141846,0.00164,0.00017,0.00274,0.00284,0.00000,0.00104,0.00843
1403637203.388302803039551,0.00155,0.00016,0.00233,0.00280,0.00000,0.00101,0.00784
1403637203.438302278518677,0.00165,0.00017,0.00295,0.00294,0.00000,0.00121,0.00891
1403637203.488301992416382,0.00167,0.00017,0.00359,0.00279,0.00000,0.00106,0.00928
1403637203.538301706314087,0.00168,0.00015,0.00060,0.00267,0.00000,0.00110,0.00621
1403637203.588300943374634,0.00179,0.00019,0.00514,0.00273,0.00000,0.00108,0.01093
1403637203.638300418853760,0.00176,0.00016,0.00266,0.00265,0.00000,0.00103,0.00826
1403637203.688300132751465,0.00178,0.00017,0.00005,0.00256,0.00000,0.00104,0.00560
1403637203.738299608230591,0.00173,0.00016,0.00011,0.00259,0.00003,0.00131,0.00593
1403637203.788299560546875,0.00182,0.00017,0.00234,0.00264,0.00004,0.00100,0.00801
1403637203.838299036026001,0.00204,0.00017,0.00203,0.00269,0.00107,0.00120,0.00921
1403637203.888298749923706,0.00191,0.00016,0.00256,0.00264,0.00000,0.00106,0.00834
1403637203.938298702239990,0.00197,0.00018,0.00250,0.00253,0.00053,0.00104,0.00874
1403637203.988298654556274,0.00192,0.00015,0.00200,0.00243,0.00104,0.00108,0.00863
1403637204.038298845291138,0.00194,0.00016,0.00266,0.00267,0.00000,0.00121,0.00864
1403637204.088299036026001,0.00181,0.00019,0.00335,0.00252,0.00001,0.00114,0.00901
1403637204.138298988342285,0.00173,0.00016,0.00015,0.00261,0.00002,0.00106,0.00573
1403637204.188299179077148,0.00176,0.00017,0.00437,0.00262,0.00059,0.00097,0.01049
1403637204.238298892974854,0.00192,0.00017,0.00217,0.00273,0.00002,0.00107,0.00808
1403637204.288299083709717,0.00182,0.00015,0.00001,0.00273,0.00000,0.00099,0.00570
1403637204.338299274444580,0.00186,0.00015,0.00008,0.00275,0.00060,0.00109,0.00652
1403637204.388299465179443,0.00198,0.00019,0.00190,0.00292,0.00000,0.00110,0.00809
1403637204.438300132751465,0.00195,0.00017,0.00141,0.00278,0.00000,0.00107,0.00738
1403637204.488300323486328,0.00191,0.00018,0.00214,0.00270,0.00002,0.00104,0.00798
1403637204.538300514221191,0.00185,0.00016,0.00099,0.00266,0.00002,0.00117,0.00685
1403637204.588300466537476,0.00162,0.00023,0.00009,0.00271,0.00002,0.00102,0.00570
1403637204.638300180435181,0.00163,0.00016,0.00019,0.00275,0.00002,0.00104,0.00580
1403637204.688299894332886,0.00169,0.00016,0.00023,0.00277,0.00004,0.00112,0.00601
1403637204.738299608230591,0.00187,0.00019,0.00011,0.00271,0.00005,0.00120,0.00613
1403637204.788299798965454,0.00199,0.00019,0.00052,0.00278,0.00003,0.00109,0.00661
1403637204.838299512863159,0.00169,0.00019,0.00016,0.00312,0.00004,0.00114,0.00634
1403637204.888299226760864,0.00173,0.00016,0.00001,0.00277,0.00000,0.00116,0.00584
1403637204.938299894332886,0.00170,0.00017,0.00006,0.00270,0.00003,0.00111,0.00577
1403637204.988300085067749,0.00169,0.00016,0.00018,0.00265,0.00003,0.00101,0.00573
1403637205.038300514221191,0.00171,0.00017,0.00014,0.00297,0.00005,0.00112,0.00616
1403637205.088300228118896,0.00172,0.00017,0.00014,0.00273,0.00003,0.00109,0.00589
1403637205.138300180435181,0.00165,0.00017,0.00022,0.00290,0.00004,0.00127,0.00626
1403637205.188299894332886,0.00176,0.00016,0.00006,0.00269,0.00003,0.00107,0.00578
1403637205.238300085067749,0.00175,0.00016,0.00015,0.00272,0.00003,0.00104,0.00586
1403637205.288300037384033,0.00167,0.00016,0.00025,0.00279,0.00003,0.00096,0.00586
1403637205.338299989700317,0.00172,0.00017,0.00010,0.00260,0.00003,0.00100,0.00562
1403637205.388299942016602,0.00167,0.00017,0.00042,0.00269,0.00003,0.00103,0.00601
1403637205.438299894332886,0.00172,0.00016,0.00014,0.00263,0.00003,0.00097,0.00566
1403637205.488299846649170,0.00237,0.00016,0.00007,0.00246,0.00000,0.00107,0.00613
1403637205.538299798965454,0.00191,0.00016,0.00005,0.00253,0.00005,0.00126,0.00596
1403637205.588299751281738,0.00193,0.00016,0.00017,0.00259,0.00005,0.00115,0.00605
1403637205.638299703598022,0.00192,0.00016,0.00011,0.00254,0.00005,0.00114,0.00592
1403637205.688299417495728,0.00181,0.00016,0.00013,0.00271,0.00005,0.00108,0.00594
1403637205.738299131393433,0.00185,0.00016,0.00019,0.00248,0.00005,0.00105,0.00578
1403637205.788299083709717,0.00179,0.00017,0.00008,0.00261,0.00005,0.00109,0.00580
1403637205.838299036026001,0.00181,0.00016,0.00013,0.00251,0.00005,0.00109,0.00575
1403637205.888298749923706,0.00187,0.00015,0.00023,0.00251,0.00005,0.00113,0.00594
1403637205.938298463821411,0.00173,0.00016,0.00008,0.00256,0.00005,0.00123,0.00581
1403637205.988298177719116,0.00181,0.00019,0.00046,0.00256,0.00005,0.00113,0.00620
1403637206.038298368453979,0.00177,0.00016,0.00059,0.00256,0.00005,0.00106,0.00619
1403637206.088298082351685,0.00184,0.00016,0.00001,0.00249,0.00000,0.00130,0.00581
1403637206.138297796249390,0.00183,0.00016,0.00002,0.00254,0.00006,0.00110,0.00570
1403637206.188297986984253,0.00185,0.00016,0.00023,0.00242,0.00005,0.00104,0.00574
1403637206.238297939300537,0.00174,0.00015,0.00011,0.00273,0.00007,0.00120,0.00601
1403637206.288298368453979,0.00178,0.00017,0.00011,0.00238,0.00006,0.00106,0.00556
1403637206.338298320770264,0.00181,0.00016,0.00017,0.00239,0.00006,0.00107,0.00566
1403637206.388298273086548,0.00185,0.00018,0.00002,0.00248,0.00007,0.00128,0.00587
1403637206.438297986984253,0.00177,0.00018,0.00012,0.00234,0.00006,0.00105,0.00553
1403637206.488297939300537,0.00170,0.00015,0.00018,0.00264,0.00006,0.00115,0.00588
1403637206.538298130035400,0.00172,0.00017,0.00015,0.00255,0.00006,0.00115,0.00580
1403637206.588298320770264,0.00173,0.00017,0.00040,0.00231,0.00007,0.00106,0.00574
1403637206.638298511505127,0.00175,0.00016,0.00112,0.00225,0.00007,0.00109,0.00644
1403637206.688298463821411,0.00209,0.00018,0.00001,0.00252,0.00000,0.00114,0.00594
1403637206.738298416137695,0.00179,0.00016,0.00001,0.00229,0.00006,0.00109,0.00541
1403637206.788298606872559,0.00178,0.00016,0.00014,0.00232,0.00008,0.00113,0.00561
1403637206.838298559188843,0.00228,0.00019,0.00011,0.00261,0.00008,0.00119,0.00646
1403637206.888298749923706,0.00180,0.00016,0.00010,0.00232,0.00007,0.00108,0.00554
1403637206.938298225402832,0.00176,0.00017,0.00018,0.00254,0.00008,0.00115,0.00587
1403637206.988297939300537,0.00172,0.00016,0.00002,0.00235,0.00007,0.00106,0.00538
1403637207.038298368453979,0.00173,0.00016,0.00011,0.00230,0.00007,0.00106,0.00542
1403637207.088298320770264,0.00171,0.00017,0.00020,0.00222,0.00007,0.00101,0.00538
1403637207.138298511505127,0.00180,0.00018,0.00006,0.00221,0.00008,0.00103,0.00536
1403637207.188298463821411,0.00180,0.00015,0.00038,0.00223,0.00009,0.00107,0.00572
1403637207.238298654556274,0.00294,0.00020,0.00038,0.00250,0.00010,0.00114,0.00725
1403637207.288299083709717,0.00174,0.00017,0.00001,0.00231,0.00000,0.00111,0.00535
1403637207.338299512863159,0.00175,0.00016,0.00002,0.00238,0.00006,0.00105,0.00541
1403637207.388299226760864,0.00167,0.00019,0.00013,0.00231,0.00009,0.00104,0.00542
1403637207.438299179077148,0.00170,0.00016,0.00007,0.00225,0.00009,0.00106,0.00533
1403637207.488299369812012,0.00175,0.00014,0.00008,0.00229,0.00009,0.00096,0.00532
1403637207.538299798965454,0.00175,0.00014,0.00015,0.00235,0.00009,0.00105,0.00553
1403637207.588299512863159,0.00179,0.00015,0.00004,0.00205,0.00006,0.00100,0.00507
1403637207.638298988342285,0.00187,0.00015,0.00009,0.00216,0.00009,0.00110,0.00546
1403637207.688298940658569,0.00206,0.00018,0.00141,0.00301,0.00010,0.00119,0.00796
1403637207.738299131393433,0.00176,0.00016,0.00009,0.00217,0.00011,0.00110,0.00539
1403637207.788300514221191,0.00170,0.00016,0.00039,0.00214,0.00010,0.00105,0.00555
1403637207.838302135467529,0.00183,0.00016,0.00233,0.00214,0.00010,0.00108,0.00765
1403637207.888304471969604,0.00177,0.00017,0.00001,0.00209,0.00000,0.00128,0.00533
1403637207.938305854797363,0.00186,0.00016,0.00001,0.00213,0.00006,0.00100,0.00521
1403637207.988306283950806,0.00167,0.00015,0.00011,0.00213,0.00009,0.00098,0.00514
1403637208.038306713104248,0.00161,0.00015,0.00005,0.00246,0.00011,0.00104,0.00542
1403637208.088306903839111,0.00174,0.00016,0.00007,0.00219,0.00011,0.00118,0.00546
1403637208.138306379318237,0.00182,0.00016,0.00021,0.00215,0.00011,0.00103,0.00548
1403637208.188306808471680,0.00171,0.00014,0.00001,0.00200,0.00007,0.00100,0.00493
1403637208.238306522369385,0.00166,0.00016,0.00007,0.00212,0.00012,0.00110,0.00522
1403637208.288306236267090,0.00186,0.00016,0.00016,0.00224,0.00012,0.00104,0.00558
1403637208.338306188583374,0.00178,0.00015,0.00001,0.00208,0.00013,0.00104,0.00518
1403637208.388306379318237,0.00177,0.00016,0.00038,0.00222,0.00013,0.00117,0.00583
1403637208.438306331634521,0.00169,0.00016,0.00029,0.00201,0.00018,0.00099,0.00532
1403637208.488306283950806,0.00168,0.00016,0.00001,0.00206,0.00000,0.00098,0.00490
1403637208.538306474685669,0.00172,0.00018,0.00002,0.00208,0.00007,0.00117,0.00524
1403637208.588306188583374,0.00176,0.00017,0.00012,0.00204,0.00011,0.00100,0.00519
1403637208.638306140899658,0.00164,0.00015,0.00004,0.00228,0.00012,0.00113,0.00536
1403637208.688306093215942,0.00168,0.00016,0.00006,0.00205,0.00011,0.00100,0.00506
1403637208.738306045532227,0.00170,0.00016,0.00013,0.00222,0.00012,0.00102,0.00535
1403637208.788306236267090,0.00163,0.00015,0.00003,0.00223,0.00011,0.00114,0.00530
1403637208.838306188583374,0.00162,0.00017,0.00007,0.00223,0.00012,0.00104,0.00524
1403637208.888306140899658,0.00172,0.00015,0.00012,0.00207,0.00012,0.00099,0.00516
1403637208.938306093215942,0.00179,0.00016,0.00008,0.00197,0.00011,0.00107,0.00517
1403637208.988306045532227,0.00167,0.00016,0.00031,0.00193,0.00012,0.00113,0.00532
1403637209.038306236267090,0.00171,0.00016,0.00026,0.00198,0.00015,0.00104,0.00529
1403637209.088306427001953,0.00161,0.00014,0.00001,0.00242,0.00000,0.00106,0.00524
1403637209.138306856155396,0.00157,0.00015,0.00001,0.00198,0.00006,0.00094,0.00471
1403637209.188307046890259,0.00175,0.00014,0.00007,0.00189,0.00015,0.00104,0.00504
1403637209.238306522369385,0.00166,0.00016,0.00001,0.00214,0.00014,0.00110,0.00523
1403637209.288306474685669,0.00168,0.00017,0.00001,0.00198,0.00016,0.00099,0.00500
1403637209.338305950164795,0.00165,0.00015,0.00009,0.00190,0.00014,0.00101,0.00494
1403637209.388305664062500,0.00172,0.00018,0.00003,0.00224,0.00006,0.00107,0.00530
1403637209.438305616378784,0.00175,0.00016,0.00004,0.00194,0.00014,0.00097,0.00500
1403637209.488306045532227,0.00177,0.00017,0.00012,0.00204,0.00016,0.00126,0.00551
1403637209.538306236267090,0.00271,0.00015,0.00005,0.00191,0.00011,0.00104,0.00597
1403637209.588306427001953,0.00194,0.00015,0.00027,0.00204,0.00014,0.00102,0.00557
1403637209.638306140899658,0.00188,0.00015,0.00130,0.00187,0.00013,0.00111,0.00645
1403637209.688306093215942,0.00185,0.00015,0.00001,0.00191,0.00000,0.00102,0.00494
1403637209.738306045532227,0.00183,0.00015,0.00004,0.00190,0.00004,0.00107,0.00505
1403637209.788306474685669,0.00192,0.00015,0.00008,0.00176,0.00015,0.00108,0.00513
1403637209.838306665420532,0.00179,0.00015,0.00006,0.00178,0.00008,0.00100,0.00486
1403637209.888306617736816,0.00180,0.00015,0.00005,0.00180,0.00013,0.00112,0.00506
1403637209.938306331634521,0.00193,0.00016,0.00008,0.00178,0.00018,0.00119,0.00531
1403637209.988306522369385,0.00180,0.00016,0.00004,0.00184,0.00007,0.00110,0.00500
1403637210.038306713104248,0.00178,0.00018,0.00004,0.00181,0.00016,0.00117,0.00513
1403637210.088305950164795,0.00171,0.00015,0.00384,0.00166,0.00058,0.00108,0.00902
1403637210.138305425643921,0.00177,0.00015,0.00006,0.00178,0.00007,0.00104,0.00487
1403637210.188305377960205,0.00172,0.00016,0.00034,0.00155,0.00065,0.00101,0.00543
1403637210.238305091857910,0.00218,0.00014,0.00079,0.00135,0.00300,0.00102,0.00849
1403637210.288305282592773,0.00189,0.00016,0.00002,0.00206,0.00000,0.00116,0.00529
1403637210.338305473327637,0.00204,0.00022,0.00014,0.00189,0.00005,0.00107,0.00541
1403637210.388306140899658,0.00179,0.00015,0.00029,0.00181,0.00154,0.00108,0.00664
1403637210.438307285308838,0.00205,0.00017,0.00004,0.00214,0.00149,0.00103,0.00691
1403637210.488308906555176,0.00201,0.00015,0.00161,0.00227,0.00104,0.00102,0.00811
1403637210.538311243057251,0.00192,0.00017,0.00222,0.00240,0.00057,0.00102,0.00829
1403637210.588312149047852,0.00174,0.00017,0.00147,0.00260,0.00114,0.00113,0.00825
1403637210.638311862945557,0.00196,0.00017,0.00278,0.00265,0.00000,0.00103,0.00860
1403637210.688312292098999,0.00198,0.00019,0.00671,0.00272,0.00054,0.00107,0.01321
1403637210.738311767578125,0.00171,0.00016,0.00242,0.00278,0.00000,0.00099,0.00806
1403637210.788312673568726,0.00220,0.00016,0.00338,0.00252,0.00000,0.00113,0.00938
1403637210.838312625885010,0.00175,0.00016,0.00290,0.00228,0.00001,0.00098,0.00808
1403637210.888312578201294,0.00171,0.00015,0.00028,0.00255,0.00001,0.00103,0.00573
1403637210.938312768936157,0.00189,0.00018,0.00031,0.00250,0.00006,0.00116,0.00610
1403637210.988312482833862,0.00182,0.00019,0.00143,0.00227,0.00059,0.00100,0.00729
1403637211.038312435150146,0.00173,0.00016,0.00065,0.00211,0.00051,0.00096,0.00612
1403637211.088312864303589,0.00168,0.00016,0.00204,0.00220,0.00146,0.00088,0.00843
1403637211.138313531875610,0.00164,0.00017,0.00278,0.00222,0.00052,0.00096,0.00830
1403637211.188313245773315,0.00179,0.00017,0.00205,0.00237,0.00104,0.00098,0.00842
1403637211.238313674926758,0.00178,0.00015,0.00283,0.00264,0.00061,0.00108,0.00910
1403637211.288311958312988,0.00185,0.00017,0.00444,0.00257,0.00002,0.00096,0.01001
1403637211.338314056396484,0.00187,0.00019,0.00247,0.00225,0.00066,0.00099,0.00842
1403637211.388313770294189,0.00224,0.00017,0.00228,0.00235,0.00006,0.00095,0.00805
1403637211.438314199447632,0.00185,0.00027,0.00091,0.00216,0.00190,0.00105,0.00814
1403637211.488314628601074,0.00206,0.00018,0.00012,0.00208,0.00202,0.00096,0.00742
1403637211.538316249847412,0.00180,0.00020,0.00239,0.00231,0.00001,0.00113,0.00783
1403637211.588316679000854,0.00206,0.00016,0.00162,0.00218,0.00098,0.00094,0.00794
1403637211.638317346572876,0.00203,0.00014,0.00065,0.00212,0.00050,0.00095,0.00639
1403637211.688317775726318,0.00178,0.00015,0.00038,0.00184,0.00095,0.00098,0.00609
1403637211.738316297531128,0.00185,0.00015,0.00165,0.00200,0.00195,0.00095,0.00856
1403637211.788316488265991,0.00191,0.00015,0.00087,0.00195,0.00099,0.00089,0.00676
1403637211.838316202163696,0.00208,0.00016,0.00289,0.00190,0.00160,0.00098,0.00962
1403637211.888316631317139,0.00207,0.00020,0.00287,0.00207,0.00099,0.00097,0.00917
1403637211.938317060470581,0.00203,0.00019,0.00214,0.00214,0.00055,0.00097,0.00802
1403637211.988316535949707,0.00196,0.00016,0.00105,0.00190,0.00100,0.00092,0.00700
1403637212.038315773010254,0.00177,0.00014,0.00042,0.00190,0.00302,0.00091,0.00816
1403637212.088315725326538,0.00184,0.00021,0.00113,0.00234,0.00000,0.00089,0.00642
1403637212.138314485549927,0.00198,0.00016,0.00223,0.00203,0.00009,0.00093,0.00742
1403637212.188313007354736,0.00197,0.00018,0.00309,0.00200,0.00241,0.00099,0.01065
1403637212.238313198089600,0.00213,0.00017,0.00087,0.00192,0.00050,0.00109,0.00667
1403637212.288313388824463,0.00200,0.00020,0.00041,0.00214,0.00108,0.00099,0.00682
1403637212.338312864303589,0.00210,0.00018,0.00138,0.00194,0.00303,0.00094,0.00957
1403637212.388312101364136,0.00185,0.00017,0.00114,0.00224,0.00154,0.00088,0.00782
1403637212.438312768936157,0.00204,0.00016,0.00161,0.00212,0.00051,0.00090,0.00735
1403637212.488311767578125,0.00182,0.00020,0.00140,0.00195,0.00111,0.00108,0.00755
1403637212.538311719894409,0.00194,0.00019,0.00089,0.00205,0.00099,0.00092,0.00699
1403637212.588311433792114,0.00215,0.00018,0.00052,0.00209,0.00106,0.00096,0.00695
1403637212.638310432434082,0.00189,0.00016,0.00037,0.00189,0.00000,0.00085,0.00517
1403637212.688311100006104,0.00191,0.00014,0.00205,0.00168,0.00330,0.00090,0.00998
1403637212.738311529159546,0.00213,0.00015,0.00303,0.00231,0.00198,0.00091,0.01050
1403637212.788312196731567,0.00201,0.00018,0.00259,0.00276,0.00060,0.00109,0.00922
1403637212.838311910629272,0.00204,0.00016,0.00104,0.00223,0.00000,0.00088,0.00635
1403637212.888311386108398,0.00234,0.00014,0.00153,0.00182,0.00189,0.00085,0.00858
1403637212.938311338424683,0.00223,0.00014,0.00019,0.00188,0.00009,0.00086,0.00540
1403637212.988311052322388,0.00232,0.00015,0.00033,0.00170,0.00148,0.00092,0.00690
1403637213.038310527801514,0.00204,0.00015,0.00025,0.00167,0.00054,0.00084,0.00550
1403637213.088310241699219,0.00191,0.00015,0.00061,0.00180,0.00050,0.00081,0.00578
1403637213.138309240341187,0.00196,0.00017,0.00010,0.00172,0.00095,0.00100,0.00589
1403637213.188308477401733,0.00214,0.00018,0.00045,0.00178,0.00140,0.00092,0.00687
1403637213.238307952880859,0.00183,0.00019,0.00036,0.00178,0.00049,0.00085,0.00549
1403637213.288307189941406,0.00185,0.00016,0.00152,0.00190,0.00235,0.00092,0.00871
1403637213.338307142257690,0.00209,0.00015,0.00193,0.00175,0.00194,0.00093,0.00879
1403637213.388306617736816,0.00198,0.00018,0.00237,0.00172,0.00100,0.00094,0.00818
1403637213.438307046890259,0.00202,0.00016,0.00096,0.00150,0.00138,0.00079,0.00681
1403637213.488307476043701,0.00208,0.00017,0.00092,0.00166,0.00160,0.00102,0.00745
1403637213.538308382034302,0.00182,0.00017,0.00045,0.00151,0.00161,0.00092,0.00647
1403637213.588308334350586,0.00198,0.00018,0.00064,0.00149,0.00000,0.00087,0.00515
1403637213.638307809829712,0.00172,0.00017,0.00059,0.00148,0.00056,0.00088,0.00540
1403637213.688306808471680,0.00206,0.00014,0.00051,0.00155,0.00098,0.00092,0.00616
1403637213.738306760787964,0.00177,0.00014,0.00067,0.00138,0.00135,0.00087,0.00618
1403637213.788306474685669,0.00183,0.00016,0.00048,0.00147,0.00138,0.00086,0.00618
1403637213.838305234909058,0.00168,0.00016,0.00060,0.00145,0.00214,0.00087,0.00690
1403637213.888304710388184,0.00168,0.00018,0.00015,0.00195,0.00102,0.00098,0.00597
1403637213.938304424285889,0.00146,0.00015,0.00045,0.00200,0.00148,0.00078,0.00632
1403637213.988304138183594,0.00165,0.00016,0.00196,0.00211,0.00343,0.00073,0.01003
1403637214.038303613662720,0.00178,0.00016,0.00248,0.00315,0.00000,0.00096,0.00853
1403637214.088300704956055,0.00178,0.00015,0.00145,0.00238,0.00053,0.00081,0.00710
1403637214.138298988342285,0.00187,0.00017,0.00150,0.00212,0.00099,0.00083,0.00747
1403637214.188298225402832,0.00178,0.00018,0.00040,0.00335,0.00000,0.00116,0.00687
1403637214.238298177719116,0.00245,0.00029,0.00268,0.00275,0.00108,0.00092,0.01017
1403637214.288296937942505,0.00188,0.00019,0.00120,0.00303,0.00161,0.00093,0.00884
1403637214.338296651840210,0.00176,0.00017,0.00080,0.00246,0.00002,0.00079,0.00599
1403637214.388295650482178,0.00170,0.00026,0.00202,0.00227,0.00002,0.00090,0.00717
1403637214.438295841217041,0.00224,0.00016,0.00103,0.00192,0.00098,0.00088,0.00722
1403637214.488296508789062,0.00195,0.00015,0.00086,0.00278,0.00001,0.00082,0.00657
1403637214.538297891616821,0.00193,0.00015,0.00097,0.00191,0.00009,0.00087,0.00592
1403637214.588298797607422,0.00255,0.00027,0.00076,0.00204,0.00381,0.00095,0.01038
1403637214.638299703598022,0.00160,0.00016,0.00157,0.00257,0.00058,0.00092,0.00740
1403637214.688300132751465,0.00171,0.00016,0.00257,0.00252,0.00057,0.00094,0.00848
1403637214.738301038742065,0.00184,0.00017,0.00214,0.00245,0.00000,0.00083,0.00743
1403637214.788301229476929,0.00174,0.00017,0.00012,0.00213,0.00050,0.00089,0.00553
1403637214.838301420211792,0.00179,0.00015,0.00283,0.00189,0.00153,0.00110,0.00929
1403637214.888300657272339,0.00248,0.00029,0.00252,0.00196,0.00061,0.00097,0.00882
1403637214.938300132751465,0.00171,0.00017,0.00207,0.00195,0.00059,0.00102,0.00751
1403637214.988299608230591,0.00169,0.00015,0.00286,0.00184,0.00199,0.00095,0.00946
1403637215.038299798965454,0.00201,0.00016,0.00016,0.00196,0.00053,0.00091,0.00573
1403637215.088298797607422,0.00176,0.00015,0.00113,0.00192,0.00149,0.00098,0.00742
1403637215.138298511505127,0.00183,0.00017,0.00329,0.00217,0.00058,0.00116,0.00921
1403637215.188298463821411,0.00249,0.00028,0.00106,0.00209,0.00073,0.00134,0.00799
1403637215.238299608230591,0.00199,0.00016,0.00054,0.00194,0.00282,0.00096,0.00842
1403637215.288299798965454,0.00171,0.00016,0.00168,0.00288,0.00132,0.00090,0.00866
1403637215.338300228118896,0.00201,0.00017,0.00329,0.00236,0.00105,0.00094,0.00982
1403637215.388300418853760,0.00250,0.00034,0.00343,0.00259,0.00061,0.00112,0.01058
1403637215.438299179077148,0.00196,0.00017,0.00447,0.00186,0.00110,0.00112,0.01069
1403637215.488297700881958,0.00212,0.00018,0.00182,0.00188,0.00196,0.00102,0.00898
1403637215.538297891616821,0.00167,0.00017,0.00220,0.00189,0.00103,0.00127,0.00823
1403637215.588299751281738,0.00178,0.00020,0.00356,0.00197,0.00245,0.00097,0.01093
1403637215.638299703598022,0.00189,0.00016,0.00283,0.00237,0.00103,0.00091,0.00918
1403637215.688299894332886,0.00187,0.00017,0.00279,0.00253,0.00054,0.00090,0.00880
1403637215.738301038742065,0.00202,0.00016,0.00330,0.00268,0.00058,0.00102,0.00975
1403637215.788301944732666,0.00198,0.00018,0.00253,0.00266,0.00000,0.00114,0.00850
1403637215.838302373886108,0.00229,0.00017,0.00055,0.00231,0.00000,0.00101,0.00634
1403637215.888303756713867,0.00219,0.00019,0.00252,0.00357,0.00364,0.00157,0.01367
1403637215.938303709030151,0.00229,0.00026,0.00403,0.00356,0.00296,0.00156,0.01466
1403637215.988302946090698,0.00346,0.00030,0.00361,0.00411,0.00203,0.00153,0.01504
1403637216.038302183151245,0.00349,0.00032,0.00331,0.00410,0.00362,0.00149,0.01633
1403637216.088300704956055,0.00288,0.00030,0.00166,0.00439,0.00000,0.00158,0.01081
1403637216.138299465179443,0.00237,0.00019,0.00422,0.00330,0.00001,0.00162,0.01172
1403637216.188300132751465,0.00358,0.00029,0.00246,0.00327,0.01006,0.00159,0.02125
1403637216.238298177719116,0.00322,0.00032,0.00526,0.00267,0.00063,0.00108,0.01318
1403637216.288300991058350,0.00224,0.00017,0.00297,0.00255,0.00000,0.00108,0.00902
1403637216.338299274444580,0.00216,0.00026,0.00611,0.00252,0.00001,0.00121,0.01227
1403637216.388296127319336,0.00185,0.00017,0.00276,0.00228,0.00167,0.00104,0.00978
1403637216.438295841217041,0.00214,0.00016,0.00387,0.00256,0.00057,0.00105,0.01034
1403637216.488294601440430,0.00175,0.00017,0.00095,0.00259,0.00056,0.00110,0.00711
1403637216.538293600082397,0.00182,0.00016,0.00236,0.00256,0.00109,0.00101,0.00901
1403637216.588294029235840,0.00181,0.00015,0.00678,0.00332,0.00000,0.00115,0.01322
1403637216.638293504714966,0.00183,0.00016,0.00132,0.00250,0.00001,0.00109,0.00691
1403637216.688293457031250,0.00167,0.00016,0.00036,0.00236,0.00054,0.00098,0.00607
1403637216.738293886184692,0.00215,0.00019,0.00323,0.00235,0.00156,0.00115,0.01063
1403637216.788293838500977,0.00181,0.00017,0.00080,0.00257,0.00056,0.00107,0.00697
1403637216.838294267654419,0.00182,0.00017,0.00439,0.00255,0.00057,0.00111,0.01062
1403637216.888293981552124,0.00188,0.00018,0.00261,0.00254,0.00115,0.00102,0.00938
1403637216.938293695449829,0.00220,0.00024,0.00370,0.00282,0.00000,0.00113,0.01008
1403637216.988296508789062,0.00185,0.00020,0.00412,0.00344,0.00001,0.00118,0.01080
1403637217.038297653198242,0.00186,0.00018,0.00344,0.00245,0.00055,0.00112,0.00960
1403637217.088298559188843,0.00181,0.00016,0.00108,0.00269,0.00056,0.00106,0.00737
1403637217.138298749923706,0.00206,0.00027,0.00026,0.00355,0.00114,0.00108,0.00836
1403637217.188299894332886,0.00169,0.00019,0.00431,0.00283,0.00000,0.00101,0.01003
1403637217.238300085067749,0.00147,0.00015,0.00214,0.00268,0.00000,0.00101,0.00746
1403637217.288299560546875,0.00142,0.00016,0.00288,0.00263,0.00055,0.00105,0.00871
1403637217.338299036026001,0.00158,0.00015,0.00254,0.00262,0.00057,0.00103,0.00850
1403637217.388298988342285,0.00294,0.00017,0.00064,0.00348,0.00001,0.00166,0.00889
1403637217.438299417495728,0.00267,0.00027,0.00410,0.00254,0.00057,0.00113,0.01128
1403637217.488300085067749,0.00193,0.00017,0.00412,0.00267,0.00056,0.00109,0.01055
1403637217.538299560546875,0.00190,0.00016,0.00284,0.00267,0.00001,0.00109,0.00867
1403637217.588298797607422,0.00181,0.00016,0.00319,0.00261,0.00062,0.00113,0.00953
1403637217.638298749923706,0.00185,0.00018,0.00328,0.00489,0.00001,0.00156,0.01177
1403637217.688297748565674,0.00185,0.00018,0.00121,0.00277,0.00060,0.00117,0.00778
1403637217.738297224044800,0.00221,0.00016,0.00037,0.00260,0.00000,0.00109,0.00643
1403637217.788296222686768,0.00216,0.00019,0.00415,0.00267,0.00000,0.00118,0.01035
1403637217.838294744491577,0.00179,0.00015,0.00144,0.00227,0.00072,0.00117,0.00753
1403637217.888292551040649,0.00188,0.00016,0.00232,0.00227,0.00106,0.00102,0.00871
1403637217.938291072845459,0.00168,0.00017,0.00725,0.00264,0.00017,0.00108,0.01300
1403637217.988290309906006,0.00164,0.00017,0.00100,0.00224,0.00158,0.00103,0.00767
1403637218.038291215896606,0.00151,0.00015,0.00384,0.00230,0.00052,0.00106,0.00938
1403637218.088289737701416,0.00158,0.00015,0.00336,0.00246,0.00055,0.00103,0.00913
1403637218.138289690017700,0.00159,0.00016,0.00228,0.00240,0.00056,0.00100,0.00799
1403637218.188290834426880,0.00271,0.00016,0.00272,0.00227,0.00055,0.00120,0.00962
1403637218.238291978836060,0.00180,0.00017,0.00236,0.00214,0.00149,0.00108,0.00905
1403637218.288292407989502,0.00165,0.00016,0.00046,0.00216,0.00059,0.00115,0.00617
1403637218.338293075561523,0.00169,0.00017,0.00053,0.00203,0.00000,0.00097,0.00539
1403637218.388295173645020,0.00155,0.00016,0.00210,0.00199,0.00385,0.00107,0.01071
1403637218.438295841217041,0.00163,0.00017,0.00138,0.00268,0.00003,0.00102,0.00690
1403637218.488296508789062,0.00150,0.00015,0.00213,0.00287,0.00063,0.00117,0.00846
1403637218.538296937942505,0.00272,0.00018,0.00491,0.00244,0.00063,0.00110,0.01197
1403637218.588296890258789,0.00186,0.00016,0.00050,0.00290,0.00065,0.00109,0.00718
1403637218.638296842575073,0.00181,0.00017,0.00360,0.00222,0.00001,0.00097,0.00877
1403637218.688296794891357,0.00172,0.00016,0.00251,0.00243,0.00007,0.00101,0.00790
1403637218.738297700881958,0.00264,0.00015,0.00549,0.00217,0.00104,0.00105,0.01256
1403637218.788298130035400,0.00208,0.00021,0.00261,0.00223,0.00104,0.00118,0.00935
1403637218.838298320770264,0.00190,0.00017,0.00151,0.00268,0.00154,0.00102,0.00882
1403637218.888298511505127,0.00164,0.00018,0.00094,0.00277,0.00002,0.00094,0.00650
1403637218.938298225402832,0.00272,0.00018,0.00066,0.00269,0.00000,0.00117,0.00743
1403637218.988298416137695,0.00189,0.00017,0.00150,0.00215,0.00002,0.00092,0.00665
1403637219.038298606872559,0.00155,0.00015,0.00045,0.00198,0.00107,0.00104,0.00623
1403637219.088299036026001,0.00171,0.00016,0.00231,0.00214,0.00165,0.00112,0.00909
1403637219.138301849365234,0.00277,0.00017,0.00363,0.00222,0.00108,0.00103,0.01089
1403637219.188303232192993,0.00178,0.00016,0.00093,0.00192,0.00000,0.00097,0.00576
1403637219.238303899765015,0.00176,0.00017,0.00207,0.00181,0.00299,0.00095,0.00974
1403637219.288305282592773,0.00167,0.00016,0.00323,0.00235,0.00159,0.00101,0.01000
1403637219.338306665420532,0.00279,0.00017,0.00365,0.00259,0.00003,0.00126,0.01049
1403637219.388307094573975,0.00193,0.00017,0.00151,0.00247,0.00104,0.00104,0.00816
1403637219.438305139541626,0.00184,0.00016,0.00025,0.00228,0.00051,0.00096,0.00601
1403637219.488300800323486,0.00177,0.00015,0.00302,0.00223,0.00160,0.00102,0.00979
1403637219.538296699523926,0.00301,0.00018,0.00122,0.00221,0.00000,0.00105,0.00767
1403637219.588292837142944,0.00197,0.00016,0.00034,0.00218,0.00052,0.00106,0.00623
1403637219.638292312622070,0.00191,0.00015,0.00096,0.00182,0.00051,0.00104,0.00639
1403637219.688294172286987,0.00195,0.00017,0.00309,0.00194,0.00210,0.00111,0.01038
1403637219.738294363021851,0.00204,0.00018,0.00241,0.00225,0.00206,0.00114,0.01008
1403637219.788294076919556,0.00170,0.00015,0.00043,0.00237,0.00069,0.00108,0.00642
1403637219.838296890258789,0.00179,0.00018,0.00031,0.00251,0.00005,0.00093,0.00577
1403637219.888300418853760,0.00298,0.00015,0.00413,0.00281,0.00168,0.00115,0.01290
1403637219.938300848007202,0.00208,0.00019,0.00293,0.00284,0.00000,0.00131,0.00936
1403637219.988302230834961,0.00204,0.00017,0.00161,0.00289,0.00000,0.00111,0.00782
1403637220.038303852081299,0.00193,0.00018,0.00110,0.00299,0.00000,0.00116,0.00736
1403637220.088309526443481,0.00186,0.00017,0.00658,0.00286,0.00000,0.00109,0.01255
1403637220.138309001922607,0.00190,0.00017,0.00073,0.00251,0.00000,0.00119,0.00651
1403637220.188308954238892,0.00179,0.00016,0.00037,0.00261,0.00056,0.00106,0.00654
1403637220.238309383392334,0.00173,0.00016,0.00127,0.00275,0.00003,0.00128,0.00722
1403637220.288309335708618,0.00173,0.00017,0.00298,0.00235,0.00105,0.00110,0.00936
1403637220.338309049606323,0.00161,0.00016,0.00246,0.00255,0.00056,0.00107,0.00841
1403637220.388309240341187,0.00170,0.00017,0.00037,0.00278,0.00000,0.00101,0.00604
1403637220.438309192657471,0.00159,0.00016,0.00647,0.00268,0.00057,0.00108,0.01254
1403637220.488309621810913,0.00268,0.00016,0.00482,0.00292,0.00001,0.00122,0.01181
1403637220.538310289382935,0.00222,0.00018,0.00193,0.00252,0.00002,0.00116,0.00803
1403637220.588310241699219,0.00198,0.00017,0.00056,0.00267,0.00053,0.00114,0.00704
1403637220.638310194015503,0.00200,0.00019,0.00048,0.00230,0.00056,0.00112,0.00666
1403637220.688308715820312,0.00186,0.00018,0.00480,0.00242,0.00125,0.00118,0.01169
1403637220.738308668136597,0.00179,0.00016,0.00073,0.00240,0.00055,0.00107,0.00671
1403637220.788308382034302,0.00165,0.00016,0.00082,0.00272,0.00002,0.00104,0.00641
1403637220.838309049606323,0.00185,0.00019,0.00145,0.00258,0.00003,0.00116,0.00726
1403637220.888308525085449,0.00179,0.00017,0.00224,0.00237,0.00054,0.00113,0.00825
1403637220.938308238983154,0.00159,0.00019,0.00209,0.00237,0.00005,0.00103,0.00730
1403637220.988308668136597,0.00161,0.00018,0.00058,0.00232,0.00000,0.00108,0.00576
1403637221.038310527801514,0.00151,0.00015,0.00705,0.00235,0.00164,0.00107,0.01377
1403637221.088311672210693,0.00167,0.00017,0.00573,0.00263,0.00058,0.00109,0.01187
1403637221.138312101364136,0.00180,0.00017,0.00175,0.00261,0.00057,0.00116,0.00807
1403637221.188313007354736,0.00161,0.00019,0.00015,0.00260,0.00002,0.00099,0.00555
1403637221.238313674926758,0.00164,0.00016,0.00005,0.00248,0.00054,0.00102,0.00588
1403637221.288314580917358,0.00280,0.00019,0.00375,0.00268,0.00156,0.00110,0.01207
1403637221.338314771652222,0.00179,0.00016,0.00089,0.00272,0.00000,0.00109,0.00665
1403637221.388314008712769,0.00171,0.00018,0.00009,0.00375,0.00004,0.00196,0.00773
1403637221.438313961029053,0.00217,0.00020,0.00132,0.00312,0.00005,0.00122,0.00808
1403637221.488312721252441,0.00184,0.00017,0.00242,0.00258,0.00056,0.00103,0.00860
1403637221.538312435150146,0.00201,0.00020,0.00054,0.00292,0.00002,0.00112,0.00682
1403637221.588311672210693,0.00169,0.00017,0.00035,0.00257,0.00000,0.00103,0.00581
1403637221.638309478759766,0.00168,0.00017,0.00692,0.00262,0.00158,0.00109,0.01406
1403637221.688308715820312,0.00169,0.00017,0.00605,0.00437,0.00000,0.00111,0.01339
1403637221.738308668136597,0.00169,0.00017,0.00174,0.00298,0.00000,0.00105,0.00763
1403637221.788308858871460,0.00166,0.00017,0.00045,0.00301,0.00000,0.00096,0.00626
1403637221.838307857513428,0.00325,0.00016,0.00472,0.00301,0.00000,0.00115,0.01230
1403637221.888307571411133,0.00199,0.00016,0.00269,0.00288,0.00000,0.00112,0.00884
1403637221.938307523727417,0.00204,0.00017,0.00010,0.00454,0.00000,0.00182,0.00867
1403637221.988307476043701,0.00220,0.00019,0.00029,0.00292,0.00000,0.00113,0.00673
1403637222.038307189941406,0.00191,0.00021,0.00063,0.00291,0.00002,0.00106,0.00675
1403637222.088307857513428,0.00184,0.00016,0.00109,0.00266,0.00054,0.00108,0.00738
1403637222.138308048248291,0.00188,0.00017,0.00139,0.00259,0.00002,0.00105,0.00710
1403637222.188307046890259,0.00178,0.00016,0.00099,0.00244,0.00000,0.00103,0.00640
1403637222.238306522369385,0.00175,0.00016,0.00416,0.00228,0.00154,0.00118,0.01106
1403637222.288305997848511,0.00193,0.00033,0.00315,0.00262,0.00054,0.00111,0.00968
1403637222.338303327560425,0.00178,0.00018,0.00011,0.00255,0.00133,0.00109,0.00704
1403637222.388300657272339,0.00189,0.00021,0.00460,0.00267,0.00002,0.00114,0.01052
1403637222.438297986984253,0.00167,0.00017,0.00379,0.00288,0.00017,0.00108,0.00976
1403637222.488298177719116,0.00160,0.00017,0.00244,0.00262,0.00055,0.00103,0.00842
1403637222.538299083709717,0.00191,0.00019,0.00026,0.00257,0.00000,0.00113,0.00607
1403637222.588299989700317,0.00170,0.00017,0.00004,0.00263,0.00002,0.00106,0.00561
1403637222.638301849365234,0.00156,0.00016,0.00054,0.00269,0.00005,0.00103,0.00603
1403637222.688302516937256,0.00195,0.00016,0.00048,0.00254,0.00006,0.00109,0.00627
1403637222.738304853439331,0.00175,0.00017,0.00027,0.00247,0.00006,0.00099,0.00571
1403637222.788307189941406,0.00170,0.00016,0.00009,0.00244,0.00000,0.00107,0.00545
1403637222.838308095932007,0.00166,0.00016,0.00235,0.00236,0.00112,0.00103,0.00868
1403637222.888309955596924,0.00168,0.00015,0.00144,0.00268,0.00007,0.00133,0.00736
1403637222.938311100006104,0.00217,0.00033,0.00011,0.00384,0.00061,0.00104,0.00811
1403637222.988313674926758,0.00164,0.00016,0.00318,0.00287,0.00004,0.00108,0.00898
1403637223.038316011428833,0.00166,0.00016,0.00384,0.00274,0.00064,0.00112,0.01015
1403637223.088316202163696,0.00335,0.00017,0.00066,0.00287,0.00002,0.00116,0.00823
1403637223.138316869735718,0.00209,0.00015,0.00002,0.00280,0.00000,0.00121,0.00627
1403637223.188317537307739,0.00219,0.00016,0.00006,0.00290,0.00002,0.00122,0.00654
1403637223.238319158554077,0.00245,0.00018,0.00017,0.00302,0.00002,0.00132,0.00717
1403637223.288320541381836,0.00210,0.00018,0.00012,0.00293,0.00003,0.00133,0.00669
1403637223.338321208953857,0.00221,0.00019,0.00025,0.00285,0.00002,0.00125,0.00677
1403637223.388321638107300,0.00204,0.00019,0.00011,0.00267,0.00000,0.00110,0.00612
1403637223.438322067260742,0.00217,0.00019,0.00027,0.00267,0.00003,0.00115,0.00648
1403637223.488322019577026,0.00195,0.00016,0.00099,0.00257,0.00005,0.00114,0.00687
1403637223.538322210311890,0.00215,0.00018,0.00007,0.00297,0.00005,0.00118,0.00660
1403637223.588322639465332,0.00203,0.00017,0.00280,0.00259,0.00065,0.00125,0.00947
1403637223.638320922851562,0.00196,0.00017,0.00484,0.00281,0.00003,0.00119,0.01100
1403637223.688319444656372,0.00193,0.00015,0.00390,0.00275,0.00003,0.00112,0.00988
1403637223.738318681716919,0.00186,0.00016,0.00008,0.00276,0.00052,0.00117,0.00654
1403637223.788318634033203,0.00191,0.00016,0.00001,0.00286,0.00003,0.00111,0.00608
1403637223.838318347930908,0.00184,0.00017,0.00009,0.00273,0.00003,0.00108,0.00594
1403637223.888317823410034,0.00190,0.00016,0.00008,0.00278,0.00004,0.00134,0.00629
1403637223.938317775726318,0.00181,0.00018,0.00012,0.00287,0.00003,0.00108,0.00610
1403637223.988317489624023,0.00167,0.00017,0.00004,0.00273,0.00000,0.00115,0.00575
1403637224.038317441940308,0.00157,0.00025,0.00063,0.00279,0.00003,0.00107,0.00634
1403637224.088317394256592,0.00156,0.00016,0.00024,0.00277,0.00003,0.00107,0.00583
1403637224.138317346572876,0.00163,0.00016,0.00037,0.00270,0.00003,0.00109,0.00598
1403637224.188317298889160,0.00157,0.00015,0.00275,0.00277,0.00003,0.00112,0.00840
1403637224.238317728042603,0.00166,0.00016,0.00391,0.00280,0.00063,0.00122,0.01039
1403637224.288318157196045,0.00188,0.00019,0.00199,0.00294,0.00002,0.00119,0.00821
1403637224.338318109512329,0.00172,0.00016,0.00001,0.00312,0.00000,0.00115,0.00617
1403637224.388318061828613,0.00159,0.00017,0.00001,0.00317,0.00003,0.00106,0.00605
1403637224.438318014144897,0.00163,0.00016,0.00010,0.00302,0.00002,0.00114,0.00608
1403637224.488317966461182,0.00158,0.00016,0.00008,0.00292,0.00002,0.00120,0.00596
1403637224.538318157196045,0.00157,0.00019,0.00011,0.00298,0.00002,0.00118,0.00604
1403637224.588318109512329,0.00157,0.00017,0.00001,0.00305,0.00000,0.00109,0.00589
1403637224.638317584991455,0.00212,0.00031,0.00033,0.00493,0.00003,0.00115,0.00887
1403637224.688317298889160,0.00171,0.00017,0.00025,0.00299,0.00002,0.00107,0.00621
1403637224.738317012786865,0.00163,0.00016,0.00005,0.00286,0.00002,0.00106,0.00579
1403637224.788317203521729,0.00171,0.00018,0.00129,0.00277,0.00002,0.00109,0.00706
1403637224.838316917419434,0.00197,0.00018,0.00379,0.00288,0.00002,0.00118,0.01001
1403637224.888316631317139,0.00183,0.00016,0.00172,0.00279,0.00002,0.00114,0.00766
1403637224.938316583633423,0.00190,0.00017,0.00001,0.00465,0.00000,0.00170,0.00843
1403637224.988316535949707,0.00177,0.00017,0.00002,0.00301,0.00003,0.00120,0.00619
1403637225.038316726684570,0.00166,0.00017,0.00011,0.00284,0.00002,0.00111,0.00591
1403637225.088316917419434,0.00178,0.00017,0.00009,0.00289,0.00002,0.00102,0.00597
1403637225.138317108154297,0.00180,0.00016,0.00010,0.00288,0.00002,0.00104,0.00599
1403637225.188317060470581,0.00175,0.00016,0.00001,0.00282,0.00000,0.00110,0.00584
1403637225.238317489624023,0.00172,0.00016,0.00066,0.00279,0.00002,0.00106,0.00641
1403637225.288318157196045,0.00181,0.00017,0.00028,0.00288,0.00002,0.00108,0.00624
1403637225.338317871093750,0.00185,0.00021,0.00007,0.00353,0.00004,0.00127,0.00696
1403637225.388317823410034,0.00173,0.00017,0.00299,0.00289,0.00002,0.00116,0.00896
1403637225.438318014144897,0.00154,0.00016,0.00418,0.00277,0.00002,0.00107,0.00975
1403637225.488318204879761,0.00191,0.00017,0.00333,0.00283,0.00002,0.00124,0.00950
1403637225.538318395614624,0.00235,0.00029,0.00003,0.00351,0.00000,0.00115,0.00733
1403637225.588318586349487,0.00180,0.00017,0.00004,0.00292,0.00002,0.00105,0.00601
1403637225.638319015502930,0.00183,0.00018,0.00010,0.00443,0.00004,0.00182,0.00839
1403637225.688318967819214,0.00195,0.00019,0.00010,0.00287,0.00002,0.00109,0.00623
1403637225.738319158554077,0.00179,0.00016,0.00010,0.00331,0.00003,0.00115,0.00654
1403637225.788319349288940,0.00177,0.00017,0.00001,0.00281,0.00000,0.00109,0.00585
1403637225.838318824768066,0.00177,0.00017,0.00068,0.00267,0.00002,0.00121,0.00652
1403637225.888318061828613,0.00191,0.00018,0.00071,0.00292,0.00004,0.00109,0.00685
1403637225.938316583633423,0.00189,0.00016,0.00004,0.00261,0.00003,0.00104,0.00577
1403637225.988313674926758,0.00197,0.00018,0.00305,0.00256,0.00003,0.00109,0.00888
1403637226.038312911987305,0.00172,0.00018,0.00415,0.00249,0.00057,0.00114,0.01026
1403637226.088311433792114,0.00174,0.00017,0.00355,0.00241,0.00003,0.00110,0.00900
1403637226.138311624526978,0.00161,0.00016,0.00001,0.00268,0.00000,0.00103,0.00549
1403637226.188311576843262,0.00163,0.00016,0.00011,0.00238,0.00002,0.00101,0.00531
1403637226.238312959671021,0.00163,0.00016,0.00005,0.00249,0.00006,0.00099,0.00539
1403637226.288314819335938,0.00154,0.00016,0.00010,0.00228,0.00006,0.00097,0.00511
1403637226.338316917419434,0.00157,0.00017,0.00001,0.00215,0.00008,0.00104,0.00503
1403637226.388319015502930,0.00163,0.00017,0.00008,0.00201,0.00001,0.00123,0.00511
1403637226.438320636749268,0.00193,0.00017,0.00098,0.00185,0.00015,0.00104,0.00612
1403637226.488321304321289,0.00182,0.00016,0.00179,0.00176,0.00011,0.00113,0.00677
1403637226.538322448730469,0.00177,0.00016,0.00007,0.00165,0.00005,0.00096,0.00467
1403637226.588325023651123,0.00177,0.00016,0.00107,0.00162,0.00278,0.00098,0.00837
1403637226.638324737548828,0.00174,0.00015,0.00305,0.00208,0.00246,0.00103,0.01051
1403637226.688325405120850,0.00178,0.00015,0.00327,0.00250,0.00005,0.00117,0.00892
1403637226.738325595855713,0.00188,0.00018,0.00002,0.00283,0.00000,0.00118,0.00610
1403637226.788326025009155,0.00195,0.00017,0.00002,0.00256,0.00003,0.00112,0.00585
1403637226.838326692581177,0.00170,0.00016,0.00008,0.00272,0.00005,0.00108,0.00580
1403637226.888327598571777,0.00154,0.00017,0.00058,0.00242,0.00008,0.00110,0.00589
1403637226.938328266143799,0.00171,0.00016,0.00004,0.00246,0.00006,0.00117,0.00560
1403637226.988329410552979,0.00173,0.00019,0.00007,0.00235,0.00052,0.00101,0.00587
1403637227.038330554962158,0.00172,0.00016,0.00131,0.00237,0.00064,0.00108,0.00728
1403637227.088331460952759,0.00191,0.00026,0.00312,0.00236,0.00008,0.00137,0.00910
1403637227.138332366943359,0.00229,0.00039,0.00010,0.00362,0.00059,0.00107,0.00807
1403637227.188332557678223,0.00161,0.00017,0.00116,0.00244,0.00005,0.00108,0.00651
1403637227.238332748413086,0.00158,0.00020,0.00323,0.00248,0.00064,0.00104,0.00916
1403637227.288332223892212,0.00162,0.00018,0.00391,0.00251,0.00004,0.00100,0.00925
1403637227.338331937789917,0.00156,0.00016,0.00002,0.00249,0.00000,0.00100,0.00523
1403637227.388331890106201,0.00152,0.00018,0.00005,0.00220,0.00003,0.00098,0.00497
1403637227.438331365585327,0.00155,0.00017,0.00007,0.00333,0.00009,0.00174,0.00695
1403637227.488330841064453,0.00186,0.00016,0.00094,0.00203,0.00005,0.00106,0.00610
1403637227.538330554962158,0.00165,0.00016,0.00005,0.00201,0.00008,0.00095,0.00490
1403637227.588330268859863,0.00159,0.00018,0.00001,0.00195,0.00000,0.00103,0.00476
1403637227.638329267501831,0.00160,0.00015,0.00053,0.00176,0.00057,0.00097,0.00558
1403637227.688328981399536,0.00155,0.00016,0.00012,0.00189,0.00012,0.00099,0.00484
1403637227.738328218460083,0.00154,0.00014,0.00004,0.00192,0.00005,0.00100,0.00468
1403637227.788328409194946,0.00156,0.00018,0.00029,0.00206,0.00062,0.00099,0.00569
1403637227.838328361511230,0.00160,0.00015,0.00206,0.00198,0.00230,0.00174,0.00983
1403637227.888328313827515,0.00215,0.00025,0.00326,0.00272,0.00010,0.00114,0.00963
1403637227.938328027725220,0.00161,0.00017,0.00001,0.00254,0.00000,0.00108,0.00541
1403637227.988327980041504,0.00165,0.00016,0.00006,0.00217,0.00004,0.00094,0.00503
1403637228.038328170776367,0.00308,0.00019,0.00005,0.00280,0.00011,0.00157,0.00780
1403637228.088328123092651,0.00218,0.00018,0.00010,0.00258,0.00011,0.00119,0.00635
1403637228.138328075408936,0.00185,0.00018,0.00008,0.00243,0.00009,0.00124,0.00587
1403637228.188327789306641,0.00202,0.00017,0.00004,0.00292,0.00000,0.00116,0.00631
1403637228.238327741622925,0.00197,0.00017,0.00011,0.00231,0.00011,0.00135,0.00603
1403637228.288327693939209,0.00198,0.00017,0.00025,0.00244,0.00013,0.00136,0.00633
1403637228.338327646255493,0.00201,0.00019,0.00002,0.00213,0.00007,0.00119,0.00560
1403637228.388327598571777,0.00181,0.00017,0.00029,0.00218,0.00013,0.00130,0.00588
1403637228.438327550888062,0.00192,0.00016,0.00021,0.00216,0.00065,0.00128,0.00636
1403637228.488327503204346,0.00167,0.00016,0.00085,0.00215,0.00012,0.00113,0.00610
1403637228.538327693939209,0.00169,0.00016,0.00004,0.00220,0.00000,0.00118,0.00528
1403637228.588327169418335,0.00184,0.00017,0.00065,0.00211,0.00014,0.00112,0.00603
1403637228.638326883316040,0.00224,0.00017,0.00013,0.00206,0.00060,0.00117,0.00639
1403637228.688326358795166,0.00206,0.00019,0.00011,0.00200,0.00012,0.00114,0.00561
1403637228.738326311111450,0.00198,0.00014,0.00004,0.00206,0.00009,0.00113,0.00544
1403637228.788326501846313,0.00195,0.00015,0.00004,0.00203,0.00000,0.00114,0.00530
1403637228.838326215744019,0.00189,0.00017,0.00080,0.00196,0.00014,0.00113,0.00609
1403637228.888326406478882,0.00189,0.00017,0.00014,0.00201,0.00013,0.00105,0.00539
1403637228.938326120376587,0.00188,0.00018,0.00002,0.00196,0.00056,0.00114,0.00574
1403637228.988325834274292,0.00181,0.00016,0.00028,0.00201,0.00011,0.00105,0.00542
1403637229.038326025009155,0.00189,0.00020,0.00076,0.00204,0.00163,0.00121,0.00772
1403637229.088325738906860,0.00193,0.00016,0.00245,0.00237,0.00059,0.00107,0.00856
1403637229.138325691223145,0.00244,0.00027,0.00002,0.00314,0.00000,0.00155,0.00743
1403637229.188325643539429,0.00193,0.00015,0.00357,0.00228,0.00008,0.00114,0.00915
1403637229.238325834274292,0.00186,0.00015,0.00307,0.00261,0.00008,0.00120,0.00897
1403637229.288326025009155,0.00177,0.00015,0.00127,0.00236,0.00007,0.00112,0.00673
1403637229.338326454162598,0.00172,0.00016,0.00003,0.00236,0.00057,0.00150,0.00634
1403637229.388327360153198,0.00231,0.00028,0.00008,0.00430,0.00000,0.00128,0.00825
1403637229.438328504562378,0.00174,0.00016,0.00091,0.00238,0.00007,0.00105,0.00631
1403637229.488328456878662,0.00162,0.00016,0.00020,0.00238,0.00007,0.00110,0.00553
1403637229.538329124450684,0.00165,0.00016,0.00040,0.00229,0.00005,0.00107,0.00562
1403637229.588328838348389,0.00167,0.00017,0.00036,0.00239,0.00075,0.00110,0.00644
1403637229.638329267501831,0.00182,0.00016,0.00060,0.00226,0.00056,0.00104,0.00644
1403637229.688329458236694,0.00166,0.00018,0.00354,0.00251,0.00007,0.00103,0.00900
1403637229.738328456878662,0.00192,0.00019,0.00007,0.00225,0.00001,0.00107,0.00550
1403637229.788331031799316,0.00170,0.00015,0.00291,0.00202,0.00154,0.00103,0.00936
1403637229.838330507278442,0.00170,0.00016,0.00210,0.00237,0.00059,0.00111,0.00803
1403637229.888329505920410,0.00167,0.00017,0.00179,0.00207,0.00055,0.00102,0.00726
1403637229.938328266143799,0.00175,0.00016,0.00013,0.00217,0.00006,0.00097,0.00524
1403637229.988327503204346,0.00306,0.00015,0.00014,0.00183,0.00000,0.00103,0.00622
1403637230.038326978683472,0.00190,0.00014,0.00092,0.00155,0.00013,0.00102,0.00565
1403637230.088327646255493,0.00200,0.00020,0.00087,0.00139,0.00022,0.00119,0.00587
1403637230.138327598571777,0.00174,0.00016,0.00051,0.00134,0.00006,0.00109,0.00491
1403637230.188329219818115,0.00200,0.00016,0.00075,0.00140,0.00025,0.00112,0.00566
1403637230.238331317901611,0.00175,0.00015,0.00082,0.00138,0.00061,0.00099,0.00570
1403637230.288336038589478,0.00165,0.00014,0.00142,0.00133,0.00217,0.00105,0.00778
1403637230.338338851928711,0.00170,0.00015,0.00008,0.00172,0.00002,0.00100,0.00467
1403637230.388343334197998,0.00162,0.00014,0.00094,0.00157,0.00182,0.00097,0.00706
1403637230.438347578048706,0.00168,0.00014,0.00034,0.00201,0.00004,0.00113,0.00534
1403637230.488352060317993,0.00162,0.00017,0.00059,0.00198,0.00106,0.00109,0.00651
1403637230.538354396820068,0.00244,0.00020,0.00157,0.00208,0.00011,0.00108,0.00748
1403637230.588355064392090,0.00177,0.00014,0.00002,0.00209,0.00004,0.00104,0.00511
1403637230.638355493545532,0.00178,0.00018,0.00014,0.00203,0.00011,0.00105,0.00529
1403637230.688354969024658,0.00174,0.00018,0.00054,0.00194,0.00013,0.00100,0.00554
1403637230.738354444503784,0.00187,0.00016,0.00062,0.00153,0.00007,0.00106,0.00531
1403637230.788354635238647,0.00158,0.00017,0.00012,0.00159,0.00020,0.00097,0.00463
1403637230.838354349136353,0.00169,0.00014,0.00001,0.00154,0.00015,0.00098,0.00451
1403637230.888354301452637,0.00166,0.00014,0.00048,0.00150,0.00101,0.00110,0.00589
1403637230.938354015350342,0.00189,0.00017,0.00006,0.00175,0.00002,0.00105,0.00494
1403637230.988353729248047,0.00180,0.00016,0.00008,0.00156,0.00008,0.00096,0.00464
1403637231.038353919982910,0.00238,0.00014,0.00007,0.00153,0.00003,0.00103,0.00519
1403637231.088354349136353,0.00173,0.00014,0.00033,0.00145,0.00070,0.00099,0.00534
1403637231.138355255126953,0.00177,0.00013,0.00038,0.00107,0.00024,0.00092,0.00450
1403637231.188358068466187,0.00172,0.00016,0.00019,0.00092,0.00039,0.00095,0.00433
1403637231.238359212875366,0.00232,0.00015,0.00017,0.00056,0.00013,0.00118,0.00450
1403637231.288360118865967,0.00164,0.00013,0.00014,0.00044,0.00004,0.00099,0.00338
1403637231.338360548019409,0.00155,0.00012,0.00013,0.00017,0.00000,0.00094,0.00292
1403637231.388360977172852,0.00217,0.00011,0.00013,0.00008,0.00028,0.00091,0.00367
1403637231.438361167907715,0.00154,0.00012,0.00009,0.00007,0.00012,0.00090,0.00284
1403637231.488361120223999,0.00235,0.00018,0.00019,0.00003,0.00011,0.00168,0.00455
1403637231.538361310958862,0.00239,0.00014,0.00012,0.00000,0.00000,0.00100,0.00364
1403637231.588361263275146,0.00178,0.00011,0.00019,0.00000,0.00036,0.00088,0.00332
1403637231.638361215591431,0.00153,0.00012,0.00007,0.00000,0.00000,0.00086,0.00258
1403637231.688360929489136,0.00148,0.00011,0.00008,0.00000,0.00226,0.00091,0.00483
1403637231.738360166549683,0.00172,0.00012,0.00007,0.00016,0.00491,0.00088,0.00785
1403637231.788360118865967,0.00193,0.00015,0.00005,0.00076,0.00331,0.00092,0.00711
1403637231.838359594345093,0.00192,0.00013,0.00003,0.00117,0.00000,0.00094,0.00420
1403637231.888359069824219,0.00185,0.00013,0.00045,0.00099,0.00000,0.00090,0.00432
1403637231.938359022140503,0.00187,0.00014,0.00062,0.00090,0.00169,0.00126,0.00647
1403637231.988359212875366,0.00263,0.00025,0.00116,0.00125,0.00000,0.00100,0.00630
1403637232.038359880447388,0.00171,0.00013,0.00010,0.00077,0.00083,0.00084,0.00439
1403637232.088359117507935,0.00150,0.00014,0.00010,0.00085,0.00008,0.00086,0.00351
1403637232.138358831405640,0.00161,0.00015,0.00009,0.00079,0.00048,0.00089,0.00401
1403637232.188357591629028,0.00169,0.00013,0.00077,0.00061,0.00263,0.00097,0.00680
1403637232.238358974456787,0.00163,0.00013,0.00029,0.00097,0.00003,0.00100,0.00406
1403637232.288359642028809,0.00185,0.00013,0.00037,0.00084,0.00451,0.00102,0.00871
1403637232.338360071182251,0.00181,0.00014,0.00036,0.00105,0.00091,0.00099,0.00526
1403637232.388359785079956,0.00207,0.00013,0.00045,0.00072,0.00172,0.00109,0.00618
1403637232.438360214233398,0.00222,0.00016,0.00013,0.00092,0.00000,0.00103,0.00446
1403637232.488360404968262,0.00239,0.00015,0.00034,0.00080,0.00002,0.00108,0.00479
1403637232.538361310958862,0.00207,0.00015,0.00041,0.00067,0.00342,0.00101,0.00772
1403637232.588361024856567,0.00197,0.00014,0.00007,0.00121,0.00000,0.00116,0.00456
1403637232.638360500335693,0.00232,0.00014,0.00028,0.00119,0.00135,0.00113,0.00641
1403637232.688360214233398,0.00228,0.00018,0.00058,0.00119,0.00247,0.00118,0.00788
1403637232.738360166549683,0.00203,0.00018,0.00060,0.00156,0.00447,0.00108,0.00993
1403637232.788360357284546,0.00234,0.00018,0.00214,0.00249,0.00262,0.00104,0.01081
1403637232.838360309600830,0.00207,0.00017,0.00297,0.00210,0.00049,0.00095,0.00875
1403637232.888360738754272,0.00201,0.00018,0.00257,0.00208,0.00150,0.00105,0.00938
1403637232.938360452651978,0.00183,0.00016,0.00295,0.00246,0.00163,0.00098,0.01002
1403637232.988360404968262,0.00176,0.00016,0.00384,0.00235,0.00000,0.00096,0.00906
1403637233.038361072540283,0.00170,0.00016,0.00272,0.00220,0.00057,0.00091,0.00826
1403637233.088361263275146,0.00156,0.00016,0.00021,0.00222,0.00055,0.00098,0.00568
1403637233.138362169265747,0.00163,0.00015,0.00298,0.00206,0.00151,0.00095,0.00929
1403637233.188362598419189,0.00160,0.00016,0.00069,0.00230,0.00003,0.00096,0.00574
1403637233.238362550735474,0.00172,0.00017,0.00077,0.00209,0.00001,0.00099,0.00575
1403637233.288363218307495,0.00154,0.00014,0.00028,0.00203,0.00098,0.00097,0.00595
1403637233.338364839553833,0.00167,0.00022,0.00132,0.00211,0.00248,0.00100,0.00881
1403637233.388365507125854,0.00178,0.00015,0.00305,0.00257,0.00054,0.00096,0.00906
1403637233.438365459442139,0.00164,0.00015,0.00212,0.00261,0.00057,0.00098,0.00807
1403637233.488366127014160,0.00159,0.00017,0.00357,0.00265,0.00000,0.00101,0.00898
1403637233.538366556167603,0.00183,0.00016,0.00357,0.00258,0.00056,0.00089,0.00959
1403637233.588365316390991,0.00157,0.00017,0.00340,0.00196,0.00000,0.00099,0.00809
1403637233.638365268707275,0.00202,0.00019,0.00080,0.00189,0.00431,0.00100,0.01021
1403637233.688365459442139,0.00169,0.00016,0.00067,0.00228,0.00099,0.00089,0.00667
1403637233.738363981246948,0.00163,0.00015,0.00311,0.00251,0.00155,0.00085,0.00980
1403637233.788365840911865,0.00191,0.00017,0.00146,0.00222,0.00002,0.00090,0.00667
1403637233.838367462158203,0.00170,0.00016,0.00091,0.00251,0.00000,0.00095,0.00623
1403637233.888369083404541,0.00181,0.00016,0.00061,0.00212,0.00000,0.00085,0.00556
1403637233.938374042510986,0.00168,0.00016,0.00030,0.00203,0.00111,0.00091,0.00618
1403637233.988377809524536,0.00170,0.00017,0.00112,0.00192,0.00257,0.00086,0.00835
1403637234.038379192352295,0.00164,0.00019,0.00013,0.00263,0.00059,0.00092,0.00611
1403637234.088382005691528,0.00155,0.00015,0.00232,0.00206,0.00154,0.00082,0.00844
1403637234.138382434844971,0.00162,0.00016,0.00275,0.00238,0.00053,0.00083,0.00827
1403637234.188382625579834,0.00168,0.00016,0.00312,0.00213,0.00051,0.00088,0.00848
1403637234.238382577896118,0.00144,0.00016,0.00004,0.00215,0.00006,0.00085,0.00470
1403637234.288382291793823,0.00173,0.00018,0.00081,0.00194,0.00208,0.00096,0.00770
1403637234.338379859924316,0.00160,0.00015,0.00295,0.00213,0.00058,0.00087,0.00828
1403637234.388379812240601,0.00167,0.00018,0.00053,0.00218,0.00283,0.00092,0.00832
1403637234.438378572463989,0.00178,0.00019,0.00061,0.00256,0.00105,0.00081,0.00700
1403637234.488378286361694,0.00167,0.00016,0.00090,0.00303,0.00000,0.00088,0.00664
1403637234.538378953933716,0.00169,0.00016,0.00256,0.00265,0.00000,0.00089,0.00795
1403637234.588378906250000,0.00150,0.00018,0.00203,0.00278,0.00060,0.00096,0.00806
1403637234.638379335403442,0.00178,0.00018,0.00143,0.00256,0.00000,0.00096,0.00691
1403637234.688378572463989,0.00168,0.00018,0.00236,0.00197,0.00001,0.00080,0.00699
1403637234.738379001617432,0.00178,0.00016,0.00253,0.00195,0.00199,0.00083,0.00923
1403637234.788378953933716,0.00173,0.00016,0.00203,0.00214,0.00162,0.00086,0.00854
1403637234.838379383087158,0.00168,0.00015,0.00046,0.00222,0.00097,0.00084,0.00633
1403637234.888379573822021,0.00189,0.00018,0.00049,0.00174,0.00189,0.00092,0.00712
1403637234.938379526138306,0.00221,0.00030,0.00426,0.00286,0.00298,0.00096,0.01358
1403637234.988379240036011,0.00215,0.00015,0.00089,0.00172,0.00102,0.00093,0.00687
1403637235.038379669189453,0.00197,0.00016,0.00049,0.00162,0.00001,0.00082,0.00506
1403637235.088378906250000,0.00195,0.00016,0.00060,0.00160,0.00132,0.00095,0.00657
1403637235.138378858566284,0.00222,0.00018,0.00075,0.00167,0.00227,0.00095,0.00804
1403637235.188377857208252,0.00211,0.00015,0.00044,0.00199,0.00103,0.00093,0.00665
1403637235.238376855850220,0.00211,0.00020,0.00064,0.00202,0.00207,0.00093,0.00797
1403637235.288376092910767,0.00222,0.00018,0.00245,0.00216,0.00115,0.00101,0.00918
1403637235.338372707366943,0.00192,0.00016,0.00322,0.00227,0.00115,0.00101,0.00973
1403637235.388370990753174,0.00209,0.00016,0.00143,0.00224,0.00167,0.00099,0.00858
1403637235.438369989395142,0.00188,0.00017,0.00359,0.00240,0.00001,0.00100,0.00906
1403637235.488370180130005,0.00190,0.00017,0.00223,0.00237,0.00159,0.00101,0.00927
1403637235.538370132446289,0.00198,0.00018,0.00261,0.00276,0.00010,0.00109,0.00871
1403637235.588370561599731,0.00205,0.00015,0.00055,0.00258,0.00056,0.00092,0.00681
1403637235.638371229171753,0.00184,0.00016,0.00260,0.00284,0.00010,0.00108,0.00861
1403637235.688371896743774,0.00156,0.00016,0.00087,0.00213,0.00162,0.00098,0.00732
1403637235.738373041152954,0.00175,0.00015,0.00266,0.00246,0.00054,0.00098,0.00854
1403637235.788374423980713,0.00168,0.00016,0.00256,0.00197,0.00098,0.00100,0.00835
1403637235.838375329971313,0.00174,0.00016,0.00143,0.00187,0.00142,0.00119,0.00781
1403637235.888378620147705,0.00192,0.00017,0.00172,0.00198,0.00344,0.00098,0.01021
1403637235.938378095626831,0.00209,0.00016,0.00427,0.00213,0.00054,0.00089,0.01007
1403637235.988378763198853,0.00173,0.00014,0.00210,0.00181,0.00145,0.00092,0.00816
1403637236.038379192352295,0.00204,0.00016,0.00295,0.00182,0.00286,0.00095,0.01078
1403637236.088378906250000,0.00183,0.00018,0.00144,0.00239,0.00269,0.00102,0.00955
1403637236.138379335403442,0.00210,0.00018,0.00042,0.00254,0.00000,0.00110,0.00635
1403637236.188378334045410,0.00198,0.00016,0.00277,0.00225,0.00211,0.00094,0.01021
1403637236.238377571105957,0.00203,0.00016,0.00219,0.00241,0.00218,0.00089,0.00986
1403637236.288377285003662,0.00213,0.00018,0.00220,0.00213,0.00051,0.00088,0.00803
1403637236.338377952575684,0.00218,0.00018,0.00073,0.00192,0.00138,0.00088,0.00725
1403637236.388375520706177,0.00196,0.00014,0.00120,0.00177,0.00288,0.00103,0.00898
1403637236.438374757766724,0.00231,0.00029,0.00209,0.00225,0.00106,0.00096,0.00896
1403637236.488373994827271,0.00195,0.00014,0.00147,0.00189,0.00234,0.00080,0.00858
1403637236.538375616073608,0.00222,0.00015,0.00275,0.00227,0.00198,0.00087,0.01024
1403637236.588376045227051,0.00228,0.00020,0.00237,0.00239,0.00105,0.00090,0.00919
1403637236.638375997543335,0.00209,0.00017,0.00068,0.00211,0.00000,0.00079,0.00585
1403637236.688376188278198,0.00205,0.00017,0.00134,0.00199,0.00056,0.00099,0.00710
1403637236.738377332687378,0.00235,0.00018,0.00110,0.00190,0.00049,0.00089,0.00692
1403637236.788379430770874,0.00217,0.00017,0.00227,0.00170,0.00351,0.00091,0.01072
1403637236.838380336761475,0.00216,0.00015,0.00147,0.00197,0.00208,0.00088,0.00872
1403637236.888380765914917,0.00213,0.00018,0.00224,0.00166,0.00089,0.00085,0.00795
1403637236.938381433486938,0.00232,0.00015,0.00087,0.00140,0.00000,0.00082,0.00557
1403637236.988381385803223,0.00238,0.00016,0.00065,0.00114,0.00161,0.00094,0.00688
1403637237.038381814956665,0.00250,0.00024,0.00071,0.00129,0.00214,0.00097,0.00784
1403637237.088382005691528,0.00247,0.00014,0.00161,0.00091,0.00182,0.00088,0.00783
1403637237.138381481170654,0.00217,0.00014,0.00123,0.00103,0.00452,0.00086,0.00995
1403637237.188379526138306,0.00208,0.00016,0.00137,0.00131,0.00274,0.00088,0.00853
1403637237.238378047943115,0.00259,0.00014,0.00113,0.00138,0.00187,0.00084,0.00795
1403637237.288376569747925,0.00213,0.00017,0.00033,0.00165,0.00001,0.00081,0.00509
1403637237.338375091552734,0.00243,0.00018,0.00077,0.00150,0.00362,0.00092,0.00942
1403637237.388374090194702,0.00219,0.00015,0.00289,0.00217,0.00331,0.00094,0.01165
1403637237.438374757766724,0.00198,0.00017,0.00202,0.00256,0.00000,0.00088,0.00761
1403637237.488376379013062,0.00235,0.00028,0.00291,0.00186,0.00050,0.00089,0.00879
1403637237.538376331329346,0.00210,0.00014,0.00243,0.00167,0.00449,0.00089,0.01172
1403637237.588376045227051,0.00213,0.00016,0.00036,0.00233,0.00084,0.00121,0.00704
1403637237.638374805450439,0.00305,0.00027,0.00281,0.00228,0.00001,0.00092,0.00933
1403637237.688373327255249,0.00197,0.00017,0.00100,0.00222,0.00160,0.00097,0.00793
1403637237.738372325897217,0.00209,0.00017,0.00058,0.00240,0.00104,0.00092,0.00720
1403637237.788372278213501,0.00216,0.00015,0.00243,0.00395,0.00061,0.00109,0.01038
1403637237.838374376296997,0.00182,0.00016,0.00184,0.00213,0.00000,0.00094,0.00689
1403637237.888375043869019,0.00209,0.00017,0.00139,0.00364,0.00281,0.00112,0.01121
1403637237.938378572463989,0.00195,0.00015,0.00241,0.00235,0.00213,0.00107,0.01006
1403637237.988378763198853,0.00159,0.00015,0.00329,0.00265,0.00000,0.00097,0.00865
1403637238.038379669189453,0.00189,0.00017,0.00047,0.00273,0.00000,0.00103,0.00630
1403637238.088381767272949,0.00159,0.00017,0.00389,0.00271,0.00001,0.00102,0.00938
1403637238.138381242752075,0.00199,0.00018,0.00404,0.00430,0.00105,0.00141,0.01299
1403637238.188381433486938,0.00193,0.00018,0.00306,0.00244,0.00000,0.00106,0.00866
1403637238.238380193710327,0.00274,0.00025,0.00355,0.00311,0.00107,0.00108,0.01179
1403637238.288379907608032,0.00189,0.00015,0.00068,0.00221,0.00055,0.00116,0.00664
1403637238.338379859924316,0.00181,0.00016,0.00260,0.00252,0.00058,0.00106,0.00872
1403637238.388379096984863,0.00178,0.00018,0.00205,0.00225,0.00101,0.00096,0.00823
1403637238.438378334045410,0.00183,0.00017,0.00049,0.00267,0.00115,0.00119,0.00750
1403637238.488377094268799,0.00210,0.00018,0.00363,0.00282,0.00000,0.00108,0.00981
1403637238.538377285003662,0.00185,0.00016,0.00158,0.00245,0.00000,0.00106,0.00710
1403637238.588376045227051,0.00178,0.00016,0.00382,0.00252,0.00000,0.00096,0.00924
1403637238.638374328613281,0.00276,0.00017,0.00079,0.00214,0.00000,0.00106,0.00693
1403637238.688370704650879,0.00204,0.00015,0.00408,0.00202,0.00157,0.00107,0.01094
1403637238.738364219665527,0.00206,0.00018,0.00367,0.00210,0.00001,0.00112,0.00914
1403637238.788361072540283,0.00175,0.00015,0.00336,0.00191,0.00158,0.00121,0.00996
1403637238.838358879089355,0.00184,0.00017,0.00245,0.00199,0.00156,0.00102,0.00902
1403637238.888358354568481,0.00281,0.00016,0.00065,0.00211,0.00001,0.00102,0.00677
1403637238.938357353210449,0.00193,0.00015,0.00223,0.00194,0.00203,0.00101,0.00929
1403637238.988356113433838,0.00167,0.00016,0.00036,0.00223,0.00112,0.00126,0.00681
1403637239.038357019424438,0.00175,0.00017,0.00093,0.00244,0.00160,0.00102,0.00791
1403637239.088359594345093,0.00186,0.00017,0.00293,0.00316,0.00091,0.00128,0.01030
1403637239.138360977172852,0.00154,0.00016,0.00099,0.00237,0.00102,0.00098,0.00707
1403637239.188362360000610,0.00239,0.00016,0.00650,0.00255,0.00058,0.00112,0.01329
1403637239.238361835479736,0.00190,0.00016,0.00148,0.00263,0.00055,0.00111,0.00784
1403637239.288366079330444,0.00163,0.00016,0.00636,0.00287,0.00060,0.00111,0.01273
1403637239.338366746902466,0.00160,0.00017,0.00346,0.00241,0.00056,0.00107,0.00926
1403637239.388366222381592,0.00161,0.00017,0.00179,0.00212,0.00108,0.00101,0.00777
1403637239.438372135162354,0.00236,0.00016,0.00701,0.00200,0.00199,0.00101,0.01453
1403637239.488372564315796,0.00188,0.00017,0.00202,0.00226,0.00164,0.00181,0.00977
1403637239.538372039794922,0.00215,0.00026,0.00086,0.00218,0.00099,0.00098,0.00743
1403637239.588370561599731,0.00199,0.00015,0.00086,0.00202,0.00000,0.00112,0.00614
1403637239.638372659683228,0.00204,0.00016,0.00173,0.00176,0.00096,0.00093,0.00759
1403637239.688372373580933,0.00174,0.00015,0.00159,0.00156,0.00046,0.00095,0.00644
1403637239.738372325897217,0.00168,0.00018,0.00050,0.00161,0.00515,0.00088,0.01000
1403637239.788374185562134,0.00177,0.00016,0.00386,0.00237,0.00156,0.00115,0.01089
1403637239.838374376296997,0.00198,0.00017,0.00028,0.00189,0.00102,0.00092,0.00628
1403637239.888374328613281,0.00221,0.00016,0.00188,0.00162,0.00284,0.00101,0.00972
1403637239.938373327255249,0.00202,0.00014,0.00053,0.00133,0.00131,0.00103,0.00636
1403637239.988371610641479,0.00207,0.00015,0.00394,0.00134,0.00560,0.00105,0.01415
1403637240.038370609283447,0.00213,0.00017,0.00255,0.00193,0.00102,0.00095,0.00873
1403637240.088369369506836,0.00173,0.00017,0.00067,0.00165,0.00001,0.00103,0.00525
1403637240.138368368148804,0.00161,0.00017,0.00124,0.00123,0.00300,0.00100,0.00825
1403637240.188369512557983,0.00172,0.00014,0.00080,0.00111,0.00380,0.00089,0.00846
1403637240.238370656967163,0.00173,0.00014,0.00171,0.00134,0.00043,0.00086,0.00621
1403637240.288373470306396,0.00172,0.00015,0.00063,0.00113,0.00083,0.00091,0.00537
1403637240.338375806808472,0.00160,0.00013,0.00048,0.00121,0.00362,0.00088,0.00793
1403637240.388379812240601,0.00168,0.00014,0.00264,0.00147,0.00371,0.00093,0.01057
1403637240.438381671905518,0.00201,0.00020,0.00235,0.00215,0.00211,0.00095,0.00976
1403637240.488382101058960,0.00187,0.00017,0.00012,0.00227,0.00105,0.00083,0.00631
1403637240.538382053375244,0.00209,0.00015,0.00324,0.00218,0.00105,0.00097,0.00968
1403637240.588380813598633,0.00183,0.00016,0.00435,0.00215,0.00051,0.00083,0.00983
1403637240.638378858566284,0.00185,0.00015,0.00259,0.00210,0.00150,0.00087,0.00906
1403637240.688378095626831,0.00190,0.00016,0.00047,0.00201,0.00000,0.00102,0.00557
1403637240.738376379013062,0.00189,0.00020,0.00072,0.00199,0.00304,0.00098,0.00881
1403637240.788376092910767,0.00173,0.00017,0.00046,0.00206,0.00005,0.00080,0.00527
1403637240.838374853134155,0.00191,0.00019,0.00090,0.00160,0.00068,0.00097,0.00625
1403637240.888374090194702,0.00180,0.00016,0.00035,0.00157,0.00179,0.00091,0.00659
1403637240.938371181488037,0.00166,0.00015,0.00048,0.00161,0.00195,0.00094,0.00679
1403637240.988370418548584,0.00192,0.00019,0.00025,0.00176,0.00147,0.00095,0.00654
1403637241.038372039794922,0.00174,0.00020,0.00095,0.00202,0.00159,0.00099,0.00748
1403637241.088373422622681,0.00216,0.00017,0.00039,0.00185,0.00159,0.00102,0.00718
1403637241.138375520706177,0.00159,0.00017,0.00241,0.00210,0.00220,0.00090,0.00936
1403637241.188378572463989,0.00192,0.00019,0.00505,0.00209,0.00054,0.00109,0.01087
1403637241.238379478454590,0.00164,0.00017,0.00229,0.00211,0.00159,0.00092,0.00872
1403637241.288379669189453,0.00161,0.00017,0.00097,0.00172,0.00050,0.00088,0.00585
1403637241.338380575180054,0.00143,0.00015,0.00052,0.00156,0.00047,0.00081,0.00494
1403637241.388381719589233,0.00154,0.00018,0.00068,0.00153,0.00239,0.00094,0.00726
1403637241.438381910324097,0.00164,0.00016,0.00010,0.00182,0.00248,0.00083,0.00702
1403637241.488381862640381,0.00170,0.00016,0.00061,0.00170,0.00175,0.00084,0.00675
1403637241.538382291793823,0.00151,0.00015,0.00145,0.00172,0.00287,0.00089,0.00859
1403637241.588382244110107,0.00159,0.00016,0.00074,0.00233,0.00055,0.00091,0.00628
1403637241.638382196426392,0.00186,0.00016,0.00077,0.00213,0.00053,0.00089,0.00635
1403637241.688382387161255,0.00157,0.00015,0.00092,0.00171,0.00000,0.00081,0.00517
1403637241.738382101058960,0.00159,0.00017,0.00075,0.00155,0.00108,0.00105,0.00618
1403637241.788383483886719,0.00157,0.00018,0.00217,0.00165,0.00572,0.00090,0.01219
1403637241.838385820388794,0.00164,0.00020,0.00265,0.00200,0.00004,0.00091,0.00744
1403637241.888387441635132,0.00190,0.00019,0.00049,0.00171,0.00050,0.00082,0.00562
1403637241.938387870788574,0.00167,0.00015,0.00034,0.00166,0.00086,0.00077,0.00546
1403637241.988388299942017,0.00187,0.00013,0.00037,0.00163,0.00115,0.00092,0.00607
1403637242.038388490676880,0.00192,0.00016,0.00057,0.00151,0.00102,0.00095,0.00614
1403637242.088386535644531,0.00181,0.00015,0.00014,0.00174,0.00199,0.00101,0.00685
1403637242.138383150100708,0.00191,0.00020,0.00232,0.00189,0.00150,0.00084,0.00866
1403637242.188380956649780,0.00186,0.00018,0.00005,0.00204,0.00098,0.00086,0.00597
1403637242.238380908966064,0.00157,0.00016,0.00045,0.00214,0.00053,0.00086,0.00572
1403637242.288381099700928,0.00145,0.00014,0.00052,0.00225,0.00001,0.00085,0.00522
1403637242.338380813598633,0.00146,0.00017,0.00006,0.00206,0.00064,0.00086,0.00526
1403637242.388381242752075,0.00136,0.00016,0.00087,0.00191,0.00251,0.00095,0.00775
1403637242.438381910324097,0.00147,0.00017,0.00259,0.00251,0.00113,0.00092,0.00880
1403637242.488382816314697,0.00177,0.00016,0.00026,0.00255,0.00003,0.00080,0.00558
1403637242.538384675979614,0.00148,0.00017,0.00102,0.00254,0.00060,0.00088,0.00669
1403637242.588386774063110,0.00152,0.00016,0.00230,0.00269,0.00110,0.00094,0.00871
1403637242.638387441635132,0.00153,0.00017,0.00034,0.00289,0.00000,0.00085,0.00578
1403637242.688388824462891,0.00185,0.00017,0.00240,0.00257,0.00000,0.00088,0.00788
1403637242.738389730453491,0.00154,0.00017,0.00258,0.00259,0.00056,0.00087,0.00833
1403637242.788391113281250,0.00194,0.00021,0.00058,0.00229,0.00003,0.00100,0.00605
1403637242.838392496109009,0.00181,0.00016,0.00034,0.00218,0.00000,0.00087,0.00536
1403637242.888393402099609,0.00171,0.00017,0.00010,0.00180,0.00241,0.00089,0.00708
1403637242.938393115997314,0.00191,0.00016,0.00014,0.00204,0.00057,0.00090,0.00572
1403637242.988392353057861,0.00175,0.00018,0.00029,0.00186,0.00100,0.00090,0.00598
1403637243.038391590118408,0.00155,0.00016,0.00093,0.00193,0.00195,0.00084,0.00736
1403637243.088391065597534,0.00172,0.00015,0.00009,0.00218,0.00101,0.00088,0.00602
1403637243.138389587402344,0.00145,0.00016,0.00137,0.00243,0.00217,0.00096,0.00854
1403637243.188389301300049,0.00149,0.00017,0.00241,0.00297,0.00001,0.00095,0.00801
1403637243.238388299942017,0.00177,0.00016,0.00269,0.00249,0.00055,0.00097,0.00862
1403637243.288389682769775,0.00156,0.00017,0.00319,0.00256,0.00054,0.00091,0.00892
1403637243.338389635086060,0.00154,0.00020,0.00272,0.00262,0.00057,0.00092,0.00857
1403637243.388390064239502,0.00157,0.00017,0.00055,0.00288,0.00058,0.00092,0.00667
1403637243.438390016555786,0.00156,0.00017,0.00215,0.00271,0.00063,0.00103,0.00826
1403637243.488390684127808,0.00169,0.00017,0.00249,0.00239,0.00056,0.00094,0.00823
1403637243.538391113281250,0.00163,0.00017,0.00126,0.00239,0.00115,0.00091,0.00751
1403637243.588391065597534,0.00153,0.00016,0.00225,0.00225,0.00106,0.00089,0.00814
1403637243.638390779495239,0.00153,0.00016,0.00270,0.00220,0.00004,0.00087,0.00749
1403637243.688391208648682,0.00169,0.00017,0.00057,0.00218,0.00206,0.00091,0.00758
1403637243.738391160964966,0.00179,0.00017,0.00161,0.00211,0.00054,0.00095,0.00717
1403637243.788391828536987,0.00200,0.00018,0.00296,0.00177,0.00203,0.00095,0.00991
1403637243.838391780853271,0.00190,0.00014,0.00052,0.00196,0.00290,0.00087,0.00830
1403637243.888391733169556,0.00187,0.00016,0.00255,0.00243,0.00116,0.00086,0.00903
1403637243.938391685485840,0.00163,0.00017,0.00259,0.00244,0.00054,0.00089,0.00825
1403637243.988391876220703,0.00175,0.00016,0.00011,0.00260,0.00000,0.00094,0.00557
1403637244.038392066955566,0.00153,0.00016,0.00105,0.00248,0.00156,0.00105,0.00784
1403637244.088392734527588,0.00171,0.00019,0.00276,0.00266,0.00117,0.00097,0.00946
1403637244.138393402099609,0.00151,0.00017,0.00216,0.00264,0.00000,0.00091,0.00740
1403637244.188393354415894,0.00183,0.00018,0.00148,0.00254,0.00057,0.00096,0.00757
1403637244.238393783569336,0.00181,0.00015,0.00344,0.00246,0.00002,0.00114,0.00903
1403637244.288393974304199,0.00181,0.00017,0.00034,0.00253,0.00108,0.00090,0.00683
1403637244.338393449783325,0.00146,0.00017,0.00067,0.00245,0.00100,0.00092,0.00666
1403637244.388391017913818,0.00200,0.00018,0.00468,0.00268,0.00064,0.00118,0.01136
1403637244.438391447067261,0.00184,0.00015,0.00178,0.00258,0.00104,0.00102,0.00842
1403637244.488390445709229,0.00172,0.00019,0.00232,0.00276,0.00114,0.00101,0.00914
1403637244.538390636444092,0.00176,0.00017,0.00333,0.00284,0.00000,0.00100,0.00911
1403637244.588390350341797,0.00194,0.00016,0.00054,0.00251,0.00001,0.00104,0.00619
1403637244.638389587402344,0.00211,0.00016,0.00052,0.00239,0.00108,0.00111,0.00736
1403637244.688389301300049,0.00196,0.00019,0.00217,0.00251,0.00108,0.00098,0.00890
1403637244.738389492034912,0.00199,0.00016,0.00305,0.00236,0.00052,0.00096,0.00904
1403637244.788388729095459,0.00208,0.00018,0.00259,0.00241,0.00116,0.00102,0.00944
1403637244.838388442993164,0.00178,0.00017,0.00317,0.00261,0.00062,0.00095,0.00930
1403637244.888388395309448,0.00159,0.00016,0.00111,0.00259,0.00106,0.00093,0.00746
1403637244.938388824462891,0.00174,0.00017,0.00291,0.00315,0.00062,0.00109,0.00969
1403637244.988389015197754,0.00169,0.00018,0.00424,0.00282,0.00000,0.00107,0.00999
1403637245.038388252258301,0.00191,0.00017,0.00259,0.00278,0.00001,0.00104,0.00850
1403637245.088387966156006,0.00194,0.00016,0.00239,0.00260,0.00126,0.00106,0.00941
1403637245.138388395309448,0.00150,0.00016,0.00239,0.00288,0.00000,0.00103,0.00797
1403637245.188388347625732,0.00188,0.00017,0.00156,0.00255,0.00053,0.00104,0.00773
1403637245.238387823104858,0.00167,0.00018,0.00055,0.00262,0.00112,0.00107,0.00720
1403637245.288386106491089,0.00159,0.00020,0.00172,0.00274,0.00055,0.00100,0.00780
1403637245.338384628295898,0.00180,0.00017,0.00395,0.00290,0.00001,0.00105,0.00988
1403637245.388384103775024,0.00193,0.00019,0.00224,0.00255,0.00111,0.00114,0.00915
1403637245.438384056091309,0.00175,0.00018,0.00346,0.00271,0.00000,0.00112,0.00923
1403637245.488384246826172,0.00166,0.00016,0.00267,0.00223,0.00054,0.00118,0.00843
1403637245.538384437561035,0.00200,0.00016,0.00277,0.00233,0.00213,0.00109,0.01048
1403637245.588384866714478,0.00192,0.00018,0.00497,0.00251,0.00001,0.00108,0.01067
1403637245.638387680053711,0.00188,0.00015,0.00396,0.00218,0.00214,0.00126,0.01156
1403637245.688387393951416,0.00194,0.00018,0.00160,0.00217,0.00001,0.00100,0.00689
1403637245.738386631011963,0.00173,0.00015,0.00260,0.00200,0.00204,0.00115,0.00967
1403637245.788385629653931,0.00203,0.00022,0.00159,0.00183,0.00104,0.00101,0.00771
1403637245.838385343551636,0.00199,0.00015,0.00063,0.00159,0.00000,0.00096,0.00531
1403637245.888385534286499,0.00189,0.00016,0.00105,0.00128,0.00133,0.00088,0.00659
1403637245.938386678695679,0.00196,0.00016,0.00287,0.00120,0.00538,0.00096,0.01253
1403637245.988387107849121,0.00161,0.00015,0.00042,0.00183,0.00194,0.00092,0.00686
1403637246.038387775421143,0.00166,0.00015,0.00282,0.00186,0.00204,0.00092,0.00946
1403637246.088387966156006,0.00201,0.00020,0.00149,0.00175,0.00200,0.00102,0.00847
1403637246.138388395309448,0.00203,0.00016,0.00098,0.00166,0.00193,0.00093,0.00770
1403637246.188387870788574,0.00190,0.00017,0.00096,0.00169,0.00235,0.00089,0.00797
1403637246.238386869430542,0.00189,0.00015,0.00268,0.00198,0.00290,0.00093,0.01053
1403637246.288386821746826,0.00217,0.00016,0.00086,0.00198,0.00000,0.00090,0.00607
1403637246.338386535644531,0.00189,0.00015,0.00047,0.00172,0.00103,0.00092,0.00619
1403637246.388386249542236,0.00188,0.00016,0.00011,0.00171,0.00153,0.00088,0.00628
1403637246.438386201858521,0.00178,0.00016,0.00077,0.00196,0.00051,0.00084,0.00600
1403637246.488384723663330,0.00174,0.00018,0.00335,0.00175,0.00220,0.00098,0.01021
1403637246.538384675979614,0.00158,0.00016,0.00077,0.00202,0.00280,0.00095,0.00827
1403637246.588384866714478,0.00158,0.00016,0.00262,0.00234,0.00113,0.00098,0.00880
1403637246.638384819030762,0.00180,0.00016,0.00196,0.00229,0.00054,0.00093,0.00768
1403637246.688384771347046,0.00178,0.00018,0.00293,0.00197,0.00108,0.00089,0.00883
1403637246.738384962081909,0.00159,0.00017,0.00016,0.00181,0.00129,0.00093,0.00595
1403637246.788385629653931,0.00171,0.00019,0.00018,0.00185,0.00056,0.00088,0.00537
1403637246.838385581970215,0.00165,0.00013,0.00048,0.00140,0.00363,0.00100,0.00830
1403637246.888385772705078,0.00171,0.00016,0.00034,0.00155,0.00146,0.00085,0.00608
1403637246.938385725021362,0.00191,0.00018,0.00110,0.00142,0.00103,0.00085,0.00649
1403637246.988386154174805,0.00187,0.00015,0.00011,0.00130,0.00043,0.00086,0.00473
1403637247.038387775421143,0.00176,0.00015,0.00004,0.00130,0.00209,0.00092,0.00626
1403637247.088391542434692,0.00180,0.00016,0.00036,0.00162,0.00463,0.00098,0.00954
1403637247.138392210006714,0.00172,0.00016,0.00008,0.00226,0.00211,0.00084,0.00717
1403637247.188392639160156,0.00189,0.00017,0.00301,0.00252,0.00109,0.00092,0.00960
1403637247.238392591476440,0.00169,0.00015,0.00136,0.00251,0.00000,0.00093,0.00666
1403637247.288393974304199,0.00164,0.00015,0.00249,0.00240,0.00054,0.00089,0.00811
1403637247.338395357131958,0.00159,0.00015,0.00211,0.00239,0.00054,0.00098,0.00777
1403637247.388399124145508,0.00189,0.00021,0.00353,0.00255,0.00158,0.00106,0.01081
1403637247.438399314880371,0.00179,0.00016,0.00226,0.00246,0.00000,0.00092,0.00759
1403637247.488399267196655,0.00248,0.00018,0.00075,0.00240,0.00102,0.00092,0.00773
1403637247.538400173187256,0.00160,0.00016,0.00254,0.00253,0.00113,0.00127,0.00923
1403637247.588400602340698,0.00168,0.00017,0.00249,0.00224,0.00102,0.00094,0.00854
1403637247.638401508331299,0.00162,0.00016,0.00235,0.00343,0.00376,0.00175,0.01307
1403637247.688401460647583,0.00162,0.00018,0.00090,0.00268,0.00056,0.00096,0.00689
1403637247.738401651382446,0.00151,0.00015,0.00120,0.00281,0.00134,0.00130,0.00830
1403637247.788401126861572,0.00159,0.00017,0.00322,0.00273,0.00000,0.00089,0.00860
1403637247.838400602340698,0.00136,0.00016,0.00238,0.00269,0.00000,0.00090,0.00750
1403637247.888400554656982,0.00168,0.00016,0.00241,0.00246,0.00055,0.00092,0.00818
1403637247.938399791717529,0.00182,0.00017,0.00297,0.00231,0.00108,0.00105,0.00940
1403637247.988399028778076,0.00165,0.00016,0.00418,0.00257,0.00054,0.00092,0.01002
1403637248.038398027420044,0.00187,0.00017,0.00250,0.00207,0.00051,0.00095,0.00807
1403637248.088397026062012,0.00171,0.00017,0.00037,0.00194,0.00055,0.00086,0.00560
1403637248.138395547866821,0.00181,0.00019,0.00032,0.00170,0.00276,0.00091,0.00769
1403637248.188395261764526,0.00175,0.00017,0.00199,0.00164,0.00286,0.00103,0.00945
1403637248.238394737243652,0.00239,0.00016,0.00137,0.00235,0.00220,0.00102,0.00949
1403637248.288395643234253,0.00201,0.00015,0.00030,0.00253,0.00106,0.00086,0.00691
1403637248.338396549224854,0.00196,0.00017,0.00170,0.00272,0.00054,0.00086,0.00796
1403637248.388397455215454,0.00195,0.00016,0.00259,0.00277,0.00000,0.00093,0.00841
1403637248.438398838043213,0.00182,0.00017,0.00307,0.00281,0.00062,0.00110,0.00960
1403637248.488399982452393,0.00183,0.00017,0.00270,0.00259,0.00000,0.00095,0.00824
1403637248.538402318954468,0.00232,0.00020,0.00141,0.00258,0.00111,0.00099,0.00860
1403637248.588404417037964,0.00225,0.00017,0.00333,0.00257,0.00058,0.00108,0.00999
1403637248.638404130935669,0.00200,0.00015,0.00236,0.00269,0.00106,0.00102,0.00929
1403637248.688403129577637,0.00181,0.00015,0.00166,0.00293,0.00000,0.00105,0.00759
1403637248.738402128219604,0.00200,0.00018,0.00114,0.00281,0.00000,0.00115,0.00727
1403637248.788401603698730,0.00205,0.00016,0.00403,0.00275,0.00000,0.00118,0.01017
1403637248.838401556015015,0.00189,0.00016,0.00292,0.00252,0.00111,0.00106,0.00966
1403637248.888401508331299,0.00209,0.00017,0.00122,0.00274,0.00087,0.00109,0.00819
1403637248.938401460647583,0.00221,0.00017,0.00293,0.00270,0.00055,0.00104,0.00959
1403637248.988401412963867,0.00196,0.00017,0.00244,0.00269,0.00000,0.00102,0.00828
1403637249.038401603698730,0.00175,0.00016,0.00257,0.00264,0.00111,0.00104,0.00928
1403637249.088401794433594,0.00212,0.00020,0.00260,0.00298,0.00000,0.00109,0.00900
1403637249.138401746749878,0.00182,0.00018,0.00332,0.00285,0.00000,0.00106,0.00923
1403637249.188401460647583,0.00163,0.00018,0.00401,0.00285,0.00000,0.00096,0.00963
1403637249.238401889801025,0.00186,0.00017,0.00244,0.00278,0.00000,0.00102,0.00827
1403637249.288401842117310,0.00204,0.00017,0.00178,0.00263,0.00054,0.00107,0.00822
1403637249.338401794433594,0.00179,0.00018,0.00112,0.00280,0.00057,0.00117,0.00764
1403637249.388401269912720,0.00220,0.00022,0.00338,0.00287,0.00000,0.00105,0.00971
1403637249.438400745391846,0.00181,0.00016,0.00380,0.00291,0.00000,0.00101,0.00970
1403637249.488400697708130,0.00186,0.00016,0.00132,0.00273,0.00000,0.00099,0.00706
1403637249.538400650024414,0.00173,0.00017,0.00314,0.00268,0.00057,0.00102,0.00932
1403637249.588400363922119,0.00189,0.00016,0.00171,0.00275,0.00055,0.00097,0.00803
1403637249.638400316238403,0.00215,0.00020,0.00239,0.00286,0.00060,0.00111,0.00931
1403637249.688400030136108,0.00177,0.00017,0.00219,0.00267,0.00056,0.00107,0.00843
1403637249.738399028778076,0.00156,0.00015,0.00306,0.00282,0.00000,0.00104,0.00864
1403637249.788398742675781,0.00178,0.00016,0.00391,0.00263,0.00001,0.00105,0.00954
1403637249.838398218154907,0.00212,0.00019,0.00305,0.00240,0.00054,0.00109,0.00940
1403637249.888398885726929,0.00179,0.00017,0.00069,0.00233,0.00053,0.00106,0.00657
1403637249.938399553298950,0.00208,0.00020,0.00303,0.00216,0.00109,0.00110,0.00965
1403637249.988400697708130,0.00219,0.00017,0.00257,0.00219,0.00120,0.00107,0.00940
1403637250.038402795791626,0.00213,0.00018,0.00342,0.00203,0.00151,0.00105,0.01032
1403637250.088403224945068,0.00205,0.00018,0.00014,0.00210,0.00058,0.00101,0.00606
1403637250.138404846191406,0.00189,0.00016,0.00313,0.00190,0.00290,0.00111,0.01110
1403637250.188404560089111,0.00245,0.00019,0.00263,0.00224,0.00228,0.00117,0.01095
1403637250.238404512405396,0.00178,0.00017,0.00216,0.00235,0.00157,0.00099,0.00902
1403637250.288404464721680,0.00220,0.00017,0.00130,0.00251,0.00056,0.00099,0.00774
1403637250.338404178619385,0.00198,0.00016,0.00141,0.00195,0.00189,0.00104,0.00843
1403637250.388403415679932,0.00167,0.00016,0.00400,0.00227,0.00255,0.00105,0.01169
1403637250.438403606414795,0.00260,0.00016,0.00281,0.00242,0.00114,0.00117,0.01030
1403637250.488403081893921,0.00166,0.00016,0.00012,0.00225,0.00000,0.00097,0.00516
1403637250.538402795791626,0.00147,0.00016,0.00255,0.00218,0.00247,0.00098,0.00980
1403637250.588402271270752,0.00157,0.00017,0.00353,0.00255,0.00053,0.00094,0.00930
1403637250.638401746749878,0.00190,0.00018,0.00395,0.00257,0.00109,0.00096,0.01064
1403637250.688401460647583,0.00173,0.00020,0.00025,0.00264,0.00000,0.00097,0.00578
1403637250.738399982452393,0.00166,0.00016,0.00323,0.00268,0.00115,0.00108,0.00996
1403637250.788399457931519,0.00194,0.00019,0.00252,0.00257,0.00000,0.00101,0.00822
1403637250.838399171829224,0.00175,0.00015,0.00304,0.00235,0.00149,0.00092,0.00970
1403637250.888398408889771,0.00166,0.00016,0.00171,0.00253,0.00155,0.00103,0.00865
1403637250.938398122787476,0.00167,0.00016,0.00128,0.00292,0.00057,0.00107,0.00768
1403637250.988397836685181,0.00176,0.00018,0.00676,0.00318,0.00000,0.00121,0.01309
1403637251.038397789001465,0.00195,0.00017,0.00239,0.00247,0.00055,0.00101,0.00854
1403637251.088398456573486,0.00170,0.00016,0.00026,0.00265,0.00001,0.00111,0.00588
1403637251.138399124145508,0.00168,0.00018,0.00125,0.00237,0.00201,0.00104,0.00854
1403637251.188400030136108,0.00182,0.00017,0.00631,0.00254,0.00118,0.00107,0.01309
1403637251.238399982452393,0.00170,0.00017,0.00330,0.00309,0.00103,0.00175,0.01103
1403637251.288399934768677,0.00295,0.00025,0.00165,0.00275,0.00001,0.00101,0.00862
1403637251.338398933410645,0.00181,0.00020,0.00265,0.00227,0.00207,0.00145,0.01044
1403637251.388397455215454,0.00181,0.00022,0.00221,0.00256,0.00000,0.00103,0.00782
1403637251.438397169113159,0.00159,0.00020,0.00227,0.00232,0.00083,0.00128,0.00848
1403637251.488397359848022,0.00195,0.00018,0.00043,0.00184,0.00098,0.00098,0.00635
1403637251.538398027420044,0.00168,0.00016,0.00029,0.00186,0.00140,0.00098,0.00636
1403637251.588398456573486,0.00253,0.00025,0.00828,0.00217,0.00362,0.00140,0.01826
1403637251.638399124145508,0.00206,0.00024,0.00273,0.00262,0.00003,0.00110,0.00878
1403637251.688399553298950,0.00178,0.00017,0.00043,0.00239,0.00000,0.00104,0.00581
1403637251.738399744033813,0.00229,0.00018,0.00231,0.00226,0.00207,0.00113,0.01024
1403637251.788399934768677,0.00175,0.00017,0.00272,0.00262,0.00110,0.00116,0.00951
1403637251.838399648666382,0.00187,0.00017,0.00355,0.00268,0.00104,0.00107,0.01039
1403637251.888399362564087,0.00186,0.00016,0.00037,0.00269,0.00000,0.00105,0.00613
1403637251.938399076461792,0.00179,0.00016,0.00243,0.00276,0.00002,0.00103,0.00818
1403637251.988399267196655,0.00170,0.00020,0.00103,0.00257,0.00002,0.00100,0.00651
1403637252.038399457931519,0.00209,0.00016,0.00231,0.00254,0.00058,0.00109,0.00877
1403637252.088399648666382,0.00175,0.00017,0.00059,0.00258,0.00004,0.00106,0.00618
1403637252.138399839401245,0.00210,0.00019,0.00093,0.00280,0.00161,0.00114,0.00877
1403637252.188399791717529,0.00185,0.00017,0.00376,0.00307,0.00058,0.00120,0.01063
1403637252.238400220870972,0.00188,0.00019,0.00062,0.00310,0.00000,0.00102,0.00681
1403637252.288401126861572,0.00215,0.00017,0.00297,0.00274,0.00000,0.00117,0.00921
1403637252.338401317596436,0.00177,0.00016,0.00007,0.00272,0.00057,0.00111,0.00640
1403637252.388401508331299,0.00183,0.00017,0.00031,0.00279,0.00000,0.00105,0.00615
1403637252.438401699066162,0.00172,0.00016,0.00270,0.00263,0.00003,0.00119,0.00844
1403637252.488401651382446,0.00185,0.00016,0.00004,0.00259,0.00000,0.00109,0.00573
1403637252.538401842117310,0.00180,0.00016,0.00047,0.00266,0.00115,0.00113,0.00736
1403637252.588401556015015,0.00168,0.00016,0.00228,0.00275,0.00057,0.00114,0.00857
1403637252.638401269912720,0.00176,0.00017,0.00041,0.00275,0.00000,0.00105,0.00614
1403637252.688401222229004,0.00174,0.00016,0.00006,0.00260,0.00002,0.00110,0.00569
1403637252.738400936126709,0.00171,0.00018,0.00057,0.00254,0.00052,0.00105,0.00657
1403637252.788400650024414,0.00172,0.00019,0.00243,0.00269,0.00005,0.00117,0.00825
1403637252.838401079177856,0.00227,0.00018,0.00075,0.00414,0.00007,0.00113,0.00854
1403637252.888401746749878,0.00177,0.00019,0.00239,0.00251,0.00113,0.00112,0.00911
1403637252.938402414321899,0.00193,0.00021,0.00002,0.00400,0.00009,0.00141,0.00766
1403637252.988403320312500,0.00224,0.00027,0.00117,0.00492,0.00009,0.00150,0.01018
1403637253.038404464721680,0.00253,0.00033,0.00364,0.00471,0.00010,0.00157,0.01288
1403637253.088405132293701,0.00270,0.00028,0.00002,0.00442,0.00000,0.00154,0.00896
1403637253.138405084609985,0.00274,0.00028,0.00007,0.00454,0.00008,0.00165,0.00936
1403637253.188405513763428,0.00366,0.00032,0.00167,0.00468,0.00108,0.00167,0.01307
1403637253.238405227661133,0.00273,0.00029,0.00049,0.00497,0.00008,0.00170,0.01026
1403637253.288404941558838,0.00297,0.00034,0.00010,0.00345,0.00005,0.00143,0.00834
1403637253.338404417037964,0.00255,0.00033,0.00012,0.00442,0.00004,0.00124,0.00870
1403637253.388404130935669,0.00327,0.00034,0.00103,0.00565,0.00005,0.00121,0.01155
1403637253.438403844833374,0.00187,0.00018,0.00027,0.00288,0.00004,0.00110,0.00633
1403637253.488403797149658,0.00165,0.00016,0.00016,0.00283,0.00004,0.00107,0.00591
1403637253.538403511047363,0.00172,0.00016,0.00004,0.00285,0.00004,0.00105,0.00586
1403637253.588403701782227,0.00169,0.00016,0.00024,0.00284,0.00004,0.00115,0.00610
1403637253.638403415679932,0.00214,0.00017,0.00018,0.00281,0.00004,0.00104,0.00638
1403637253.688403606414795,0.00185,0.00016,0.00001,0.00270,0.00000,0.00113,0.00586
1403637253.738403558731079,0.00189,0.00016,0.00001,0.00279,0.00007,0.00111,0.00603
1403637253.788403511047363,0.00194,0.00016,0.00061,0.00266,0.00004,0.00127,0.00666
1403637253.838403463363647,0.00183,0.00017,0.00031,0.00277,0.00004,0.00111,0.00623
1403637253.888403415679932,0.00178,0.00018,0.00005,0.00276,0.00004,0.00109,0.00589
1403637253.938403606414795,0.00169,0.00015,0.00010,0.00252,0.00004,0.00112,0.00561
1403637253.988403797149658,0.00172,0.00016,0.00176,0.00258,0.00061,0.00125,0.00808
1403637254.038403511047363,0.00176,0.00018,0.00024,0.00269,0.00004,0.00105,0.00596
1403637254.088403701782227,0.00169,0.00016,0.00016,0.00254,0.00003,0.00122,0.00580
1403637254.138404130935669,0.00176,0.00017,0.00001,0.00287,0.00007,0.00118,0.00606
1403637254.188404560089111,0.00179,0.00017,0.00023,0.00262,0.00005,0.00106,0.00591
1403637254.238404989242554,0.00174,0.00016,0.00016,0.00251,0.00005,0.00103,0.00565
1403637254.288405656814575,0.00181,0.00018,0.00001,0.00261,0.00000,0.00107,0.00569
1403637254.338405847549438,0.00172,0.00015,0.00001,0.00255,0.00005,0.00106,0.00553
1403637254.388406038284302,0.00172,0.00016,0.00063,0.00251,0.00005,0.00108,0.00615
1403637254.438405990600586,0.00197,0.00018,0.00027,0.00266,0.00005,0.00110,0.00623
1403637254.488405942916870,0.00189,0.00015,0.00006,0.00252,0.00004,0.00111,0.00576
1403637254.538406133651733,0.00170,0.00015,0.00005,0.00255,0.00006,0.00109,0.00560
1403637254.588406324386597,0.00211,0.00018,0.00291,0.00251,0.00059,0.00111,0.00941
1403637254.638406515121460,0.00188,0.00016,0.00068,0.00246,0.00005,0.00115,0.00637
1403637254.688406705856323,0.00177,0.00017,0.00054,0.00242,0.00110,0.00096,0.00696
1403637254.738406658172607,0.00176,0.00015,0.00004,0.00280,0.00003,0.00102,0.00580
1403637254.788406848907471,0.00176,0.00016,0.00022,0.00286,0.00004,0.00128,0.00632
1403637254.838407039642334,0.00171,0.00016,0.00067,0.00256,0.00003,0.00103,0.00617
1403637254.888406991958618,0.00172,0.00015,0.00001,0.00275,0.00000,0.00109,0.00572
1403637254.938406944274902,0.00184,0.00017,0.00001,0.00266,0.00005,0.00104,0.00577
1403637254.988406896591187,0.00169,0.00016,0.00092,0.00257,0.00058,0.00101,0.00693
1403637255.038407325744629,0.00166,0.00016,0.00026,0.00313,0.00004,0.00108,0.00633
1403637255.088407039642334,0.00167,0.00016,0.00014,0.00257,0.00004,0.00101,0.00560
1403637255.138407230377197,0.00249,0.00016,0.00052,0.00245,0.00005,0.00130,0.00698
1403637255.188407659530640,0.00204,0.00018,0.00408,0.00245,0.00008,0.00125,0.01007
1403637255.238407373428345,0.00193,0.00015,0.00100,0.00243,0.00007,0.00105,0.00664
1403637255.288407564163208,0.00191,0.00015,0.00018,0.00201,0.00149,0.00111,0.00684
1403637255.338407754898071,0.00193,0.00014,0.00003,0.00233,0.00005,0.00113,0.00561
1403637255.388407707214355,0.00185,0.00014,0.00063,0.00225,0.00009,0.00112,0.00607
1403637255.438407659530640,0.00188,0.00014,0.00121,0.00224,0.00156,0.00115,0.00819
1403637255.488407611846924,0.00198,0.00019,0.00006,0.00251,0.00000,0.00128,0.00602
1403637255.538407802581787,0.00201,0.00017,0.00010,0.00233,0.00054,0.00109,0.00624
1403637255.588407754898071,0.00182,0.00014,0.00087,0.00223,0.00009,0.00108,0.00623
1403637255.638407707214355,0.00181,0.00015,0.00028,0.00244,0.00065,0.00116,0.00648
1403637255.688407659530640,0.00196,0.00018,0.00522,0.00209,0.00107,0.00116,0.01168
1403637255.738407611846924,0.00188,0.00018,0.00050,0.00195,0.00105,0.00111,0.00667
1403637255.788407802581787,0.00172,0.00015,0.00381,0.00184,0.00059,0.00109,0.00920
1403637255.838407516479492,0.00195,0.00025,0.00075,0.00324,0.00198,0.00137,0.00954
1403637255.888407230377197,0.00227,0.00014,0.00010,0.00185,0.00005,0.00102,0.00544
1403637255.938407182693481,0.00166,0.00017,0.00007,0.00189,0.00002,0.00104,0.00485
1403637255.988406896591187,0.00162,0.00017,0.00010,0.00170,0.00016,0.00107,0.00483
1403637256.038406848907471,0.00173,0.00013,0.00009,0.00157,0.00137,0.00108,0.00598
1403637256.088406324386597,0.00215,0.00026,0.00059,0.00289,0.00000,0.00140,0.00729
1403637256.138405799865723,0.00161,0.00016,0.00002,0.00177,0.00003,0.00109,0.00468
1403637256.188405275344849,0.00165,0.00016,0.00015,0.00163,0.00139,0.00148,0.00647
1403637256.238405227661133,0.00255,0.00025,0.00020,0.00264,0.00021,0.00117,0.00701
1403637256.288404226303101,0.00185,0.00017,0.00325,0.00154,0.00382,0.00117,0.01181
1403637256.338404178619385,0.00196,0.00017,0.00005,0.00222,0.00004,0.00109,0.00552
1403637256.388404130935669,0.00181,0.00016,0.00326,0.00217,0.00107,0.00113,0.00960
1403637256.438403367996216,0.00194,0.00018,0.00645,0.00233,0.00156,0.00110,0.01356
1403637256.488403081893921,0.00176,0.00017,0.00169,0.00277,0.00061,0.00119,0.00820
1403637256.538403034210205,0.00180,0.00017,0.00050,0.00277,0.00002,0.00109,0.00635
1403637256.588402509689331,0.00178,0.00017,0.00018,0.00285,0.00002,0.00104,0.00604
1403637256.638401746749878,0.00174,0.00017,0.00009,0.00278,0.00002,0.00107,0.00586
1403637256.688401222229004,0.00186,0.00017,0.00003,0.00280,0.00000,0.00101,0.00588
1403637256.738400936126709,0.00175,0.00018,0.00033,0.00283,0.00002,0.00106,0.00617
1403637256.788401365280151,0.00173,0.00017,0.00047,0.00271,0.00002,0.00101,0.00611
1403637256.838401079177856,0.00175,0.00016,0.00169,0.00278,0.00002,0.00133,0.00774
1403637256.888401985168457,0.00308,0.00020,0.00384,0.00273,0.00002,0.00114,0.01102
1403637256.938403129577637,0.00200,0.00017,0.00054,0.00259,0.00002,0.00120,0.00652
1403637256.988404512405396,0.00192,0.00017,0.00386,0.00245,0.00002,0.00107,0.00949
1403637257.038405895233154,0.00202,0.00015,0.00421,0.00236,0.00004,0.00110,0.00988
1403637257.088406562805176,0.00189,0.00016,0.00113,0.00219,0.00056,0.00113,0.00706
1403637257.138406753540039,0.00195,0.00017,0.00029,0.00232,0.00073,0.00123,0.00669
1403637257.188406467437744,0.00186,0.00016,0.00072,0.00229,0.00008,0.00105,0.00616
1403637257.238406181335449,0.00182,0.00015,0.00045,0.00255,0.00062,0.00110,0.00668
1403637257.288405656814575,0.00307,0.00022,0.00045,0.00245,0.00000,0.00112,0.00730
1403637257.338405609130859,0.00200,0.00018,0.00055,0.00221,0.00002,0.00111,0.00607
1403637257.388405323028564,0.00180,0.00021,0.00023,0.00244,0.00010,0.00112,0.00588
1403637257.438405036926270,0.00202,0.00019,0.00434,0.00221,0.00009,0.00099,0.00985
1403637257.488404989242554,0.00365,0.00031,0.00398,0.00197,0.00058,0.00116,0.01166
1403637257.538405179977417,0.00189,0.00016,0.00013,0.00180,0.00003,0.00097,0.00500
1403637257.588404655456543,0.00258,0.00014,0.00148,0.00169,0.00014,0.00099,0.00703
1403637257.638404369354248,0.00171,0.00016,0.00259,0.00154,0.00245,0.00103,0.00948
1403637257.688404083251953,0.00178,0.00017,0.00021,0.00203,0.00104,0.00099,0.00621
1403637257.738404035568237,0.00158,0.00016,0.00011,0.00199,0.00050,0.00092,0.00526
1403637257.788403987884521,0.00174,0.00019,0.00075,0.00371,0.00014,0.00126,0.00779
1403637257.838403940200806,0.00274,0.00016,0.00077,0.00202,0.00103,0.00100,0.00773
1403637257.888403892517090,0.00160,0.00019,0.00019,0.00222,0.00000,0.00091,0.00512
1403637257.938404083251953,0.00160,0.00014,0.00018,0.00195,0.00002,0.00101,0.00490
1403637257.988404273986816,0.00217,0.00016,0.00026,0.00175,0.00009,0.00096,0.00538
1403637258.038404226303101,0.00162,0.00018,0.00418,0.00153,0.00104,0.00099,0.00953
1403637258.088404893875122,0.00213,0.00014,0.00029,0.00165,0.00142,0.00096,0.00658
1403637258.138406753540039,0.00162,0.00018,0.00443,0.00233,0.00247,0.00098,0.01202
1403637258.188407897949219,0.00221,0.00015,0.00194,0.00212,0.00007,0.00135,0.00783
1403637258.238408803939819,0.00213,0.00024,0.00244,0.00228,0.00162,0.00105,0.00976
1403637258.288408994674683,0.00208,0.00018,0.00058,0.00205,0.00002,0.00088,0.00579
1403637258.338408946990967,0.00252,0.00020,0.00046,0.00198,0.00004,0.00095,0.00615
1403637258.388408899307251,0.00181,0.00016,0.00348,0.00175,0.00103,0.00095,0.00918
1403637258.438409328460693,0.00219,0.00015,0.00010,0.00198,0.00101,0.00107,0.00649
1403637258.488409757614136,0.00177,0.00016,0.00043,0.00192,0.00001,0.00098,0.00526
1403637258.538411617279053,0.00167,0.00017,0.00024,0.00174,0.00193,0.00094,0.00667
1403637258.588412046432495,0.00242,0.00017,0.00078,0.00200,0.00007,0.00105,0.00649
1403637258.638412952423096,0.00177,0.00017,0.00379,0.00180,0.00056,0.00105,0.00914
1403637258.688412666320801,0.00176,0.00014,0.00018,0.00190,0.00103,0.00097,0.00598
1403637258.738413095474243,0.00225,0.00014,0.00378,0.00171,0.00295,0.00109,0.01193
1403637258.788413763046265,0.00188,0.00021,0.00063,0.00201,0.00108,0.00104,0.00684
1403637258.838413715362549,0.00216,0.00016,0.00253,0.00189,0.00102,0.00096,0.00872
1403637258.888413667678833,0.00168,0.00016,0.00045,0.00202,0.00006,0.00092,0.00529
1403637258.938413619995117,0.00172,0.00018,0.00051,0.00161,0.00002,0.00088,0.00491
1403637258.988413572311401,0.00196,0.00017,0.00356,0.00159,0.00345,0.00099,0.01172
1403637259.038413763046265,0.00163,0.00017,0.00024,0.00199,0.00001,0.00092,0.00496
1403637259.088413715362549,0.00224,0.00014,0.00027,0.00284,0.00085,0.00189,0.00823
1403637259.138413190841675,0.00271,0.00027,0.00330,0.00200,0.00432,0.00139,0.01400
1403637259.188413143157959,0.00188,0.00021,0.00075,0.00231,0.00003,0.00097,0.00615
1403637259.238412857055664,0.00183,0.00016,0.00395,0.00297,0.00007,0.00117,0.01015
1403637259.288413286209106,0.00163,0.00019,0.00332,0.00302,0.00107,0.00127,0.01051
1403637259.338413715362549,0.00177,0.00020,0.00376,0.00216,0.00055,0.00104,0.00946
1403637259.388413667678833,0.00247,0.00019,0.00088,0.00240,0.00116,0.00132,0.00842
1403637259.438413619995117,0.00182,0.00021,0.00249,0.00247,0.00003,0.00139,0.00841
1403637259.488413333892822,0.00185,0.00021,0.00045,0.00277,0.00109,0.00105,0.00743
1403637259.538413763046265,0.00170,0.00019,0.00241,0.00307,0.00000,0.00118,0.00855
1403637259.588413476943970,0.00194,0.00020,0.00320,0.00280,0.00000,0.00110,0.00924
1403637259.638412952423096,0.00200,0.00016,0.00218,0.00253,0.00000,0.00103,0.00790
1403637259.688412904739380,0.00183,0.00021,0.00001,0.00255,0.00000,0.00114,0.00574
1403637259.738412618637085,0.00191,0.00017,0.00297,0.00239,0.00058,0.00102,0.00905
1403637259.788413047790527,0.00172,0.00016,0.00006,0.00272,0.00005,0.00120,0.00592
1403637259.838413000106812,0.00268,0.00016,0.00247,0.00261,0.00003,0.00123,0.00918
1403637259.888413190841675,0.00203,0.00016,0.00020,0.00258,0.00003,0.00106,0.00606
1403637259.938413381576538,0.00203,0.00017,0.00391,0.00240,0.00167,0.00111,0.01130
1403637259.988413333892822,0.00183,0.00018,0.00088,0.00292,0.00000,0.00111,0.00693
1403637260.038413286209106,0.00204,0.00019,0.00125,0.00294,0.00000,0.00114,0.00756
1403637260.088413238525391,0.00196,0.00024,0.00009,0.00274,0.00000,0.00137,0.00640
1403637260.138413429260254,0.00184,0.00019,0.00241,0.00287,0.00000,0.00130,0.00860
1403637260.188413143157959,0.00174,0.00016,0.00302,0.00267,0.00001,0.00110,0.00869
1403637260.238413095474243,0.00197,0.00019,0.00149,0.00290,0.00055,0.00120,0.00831
1403637260.288413286209106,0.00195,0.00017,0.00006,0.00286,0.00000,0.00117,0.00621
1403637260.338413476943970,0.00201,0.00015,0.00265,0.00300,0.00000,0.00113,0.00894
1403637260.388413190841675,0.00248,0.00017,0.00323,0.00271,0.00000,0.00123,0.00982
1403637260.438413381576538,0.00183,0.00018,0.00116,0.00267,0.00002,0.00103,0.00689
1403637260.488413333892822,0.00208,0.00021,0.00015,0.00279,0.00002,0.00127,0.00652
1403637260.538413524627686,0.00200,0.00018,0.00306,0.00206,0.00054,0.00121,0.00904
1403637260.588413476943970,0.00181,0.00021,0.00049,0.00207,0.00003,0.00103,0.00565
1403637260.638413906097412,0.00267,0.00018,0.00159,0.00193,0.00004,0.00119,0.00761
1403637260.688413858413696,0.00195,0.00015,0.00018,0.00156,0.00006,0.00108,0.00498
1403637260.738413572311401,0.00172,0.00014,0.00051,0.00135,0.00176,0.00106,0.00653
1403637260.788413524627686,0.00169,0.00018,0.00039,0.00167,0.00386,0.00103,0.00880
1403637260.838413476943970,0.00187,0.00019,0.00122,0.00218,0.00014,0.00108,0.00668
1403637260.888413190841675,0.00169,0.00018,0.00047,0.00219,0.00000,0.00100,0.00554
1403637260.938413143157959,0.00243,0.00014,0.00349,0.00187,0.00251,0.00102,0.01146
1403637260.988412857055664,0.00206,0.00018,0.00306,0.00229,0.00007,0.00108,0.00874
1403637261.038412809371948,0.00181,0.00015,0.00207,0.00214,0.00110,0.00123,0.00849
1403637261.088412284851074,0.00208,0.00031,0.00082,0.00196,0.00007,0.00142,0.00666
1403637261.138412714004517,0.00238,0.00017,0.00260,0.00166,0.00059,0.00121,0.00860
1403637261.188413619995117,0.00230,0.00022,0.00372,0.00140,0.00218,0.00142,0.01123
1403637261.238413333892822,0.00224,0.00017,0.00058,0.00152,0.00275,0.00119,0.00845
1403637261.288413524627686,0.00222,0.00023,0.00036,0.00227,0.00097,0.00178,0.00783
1403637261.338414192199707,0.00242,0.00014,0.00042,0.00157,0.00002,0.00114,0.00571
1403637261.388414621353149,0.00219,0.00018,0.00034,0.00146,0.00057,0.00137,0.00611
1403637261.438415527343750,0.00180,0.00015,0.00028,0.00150,0.00006,0.00107,0.00486
1403637261.488415956497192,0.00221,0.00017,0.00052,0.00129,0.00686,0.00136,0.01240
1403637261.538415431976318,0.00204,0.00015,0.00238,0.00212,0.00116,0.00136,0.00921
1403637261.588415861129761,0.00212,0.00016,0.00263,0.00201,0.00005,0.00145,0.00842
1403637261.638416051864624,0.00189,0.00015,0.00142,0.00181,0.00008,0.00115,0.00650
1403637261.688416004180908,0.00183,0.00015,0.00267,0.00157,0.00101,0.00103,0.00826
1403637261.738415956497192,0.00198,0.00018,0.00059,0.00174,0.00237,0.00098,0.00784
1403637261.788414239883423,0.00206,0.00016,0.00343,0.00187,0.00156,0.00094,0.01003
1403637261.838413715362549,0.00189,0.00019,0.00164,0.00210,0.00064,0.00101,0.00747
1403637261.888413667678833,0.00197,0.00018,0.00231,0.00194,0.00150,0.00091,0.00882
1403637261.938416004180908,0.00190,0.00017,0.00227,0.00212,0.00059,0.00095,0.00799
1403637261.988418579101562,0.00224,0.00018,0.00037,0.00205,0.00002,0.00092,0.00579
1403637262.038420677185059,0.00208,0.00015,0.00029,0.00180,0.00070,0.00104,0.00605
1403637262.088423728942871,0.00205,0.00014,0.00081,0.00178,0.00050,0.00095,0.00623
1403637262.138425350189209,0.00167,0.00017,0.00066,0.00157,0.00199,0.00098,0.00704
1403637262.188425540924072,0.00219,0.00022,0.00219,0.00144,0.00148,0.00098,0.00848
1403637262.238425970077515,0.00232,0.00018,0.00222,0.00143,0.00066,0.00121,0.00803
1403637262.288417339324951,0.00430,0.00020,0.00227,0.00070,0.00247,0.00087,0.01081
1403637262.338423013687134,0.00240,0.00015,0.00153,0.00058,0.00005,0.00098,0.00569
1403637262.388417959213257,0.00302,0.00015,0.00075,0.00031,0.00095,0.00116,0.00633
1403637262.438416481018066,0.00280,0.00020,0.00045,0.00014,0.00005,0.00100,0.00465
1403637262.488416194915771,0.00325,0.00013,0.00030,0.00014,0.00002,0.00107,0.00491
1403637262.538417100906372,0.00227,0.00012,0.00005,0.00013,0.00029,0.00107,0.00393
1403637262.588417053222656,0.00177,0.00013,0.00004,0.00014,0.00000,0.00086,0.00294
1403637262.638416528701782,0.00167,0.00012,0.00005,0.00011,0.00003,0.00093,0.00292
1403637262.688416481018066,0.00202,0.00011,0.00006,0.00009,0.00000,0.00091,0.00319
1403637262.738416671752930,0.00169,0.00011,0.00001,0.00009,0.00000,0.00087,0.00277
1403637262.788417339324951,0.00155,0.00013,0.00003,0.00008,0.00021,0.00084,0.00283
1403637262.838416576385498,0.00142,0.00011,0.00006,0.00007,0.00014,0.00087,0.00267
1403637262.888417482376099,0.00158,0.00011,0.00003,0.00008,0.00037,0.00091,0.00308
1403637262.938417196273804,0.00174,0.00013,0.00011,0.00009,0.00040,0.00095,0.00342
1403637262.988417148590088,0.00152,0.00011,0.00001,0.00009,0.00041,0.00103,0.00317
1403637263.038417339324951,0.00154,0.00013,0.00002,0.00008,0.00079,0.00092,0.00349
1403637263.088417291641235,0.00150,0.00011,0.00002,0.00007,0.00077,0.00088,0.00336
1403637263.138417243957520,0.00145,0.00012,0.00002,0.00005,0.00018,0.00085,0.00268
1403637263.188417196273804,0.00144,0.00012,0.00001,0.00004,0.00006,0.00087,0.00254
1403637263.238417148590088,0.00157,0.00012,0.00002,0.00002,0.00017,0.00092,0.00282
1403637263.288417339324951,0.00153,0.00011,0.00002,0.00000,0.00010,0.00093,0.00269
1403637263.338417291641235,0.00159,0.00012,0.00001,0.00000,0.00000,0.00100,0.00271
1403637263.388417243957520,0.00151,0.00012,0.00001,0.00000,0.00014,0.00093,0.00270
1403637263.438417196273804,0.00146,0.00012,0.00001,0.00000,0.00016,0.00089,0.00264
1403637263.488417148590088,0.00152,0.00012,0.00001,0.00000,0.00012,0.00096,0.00272
1403637263.538417339324951,0.00141,0.00012,0.00001,0.00000,0.00011,0.00098,0.00263
1403637263.588417291641235,0.00165,0.00013,0.00001,0.00000,0.00022,0.00098,0.00299
1403637263.638417243957520,0.00152,0.00013,0.00001,0.00000,0.00060,0.00097,0.00323
1403637263.688417196273804,0.00151,0.00011,0.00001,0.00000,0.00046,0.00085,0.00295
1403637263.738417148590088,0.00152,0.00011,0.00001,0.00000,0.00018,0.00087,0.00268
1403637263.788417339324951,0.00148,0.00012,0.00001,0.00000,0.00005,0.00089,0.00254
1403637263.838417291641235,0.00145,0.00012,0.00001,0.00000,0.00018,0.00087,0.00263
1403637263.888417243957520,0.00152,0.00011,0.00001,0.00000,0.00010,0.00089,0.00263
1403637263.938417196273804,0.00150,0.00011,0.00001,0.00000,0.00003,0.00088,0.00252
1403637263.988417148590088,0.00155,0.00011,0.00001,0.00000,0.00010,0.00088,0.00266
1403637264.038417339324951,0.00159,0.00012,0.00001,0.00000,0.00015,0.00087,0.00274
1403637264.088417291641235,0.00150,0.00011,0.00001,0.00000,0.00012,0.00093,0.00267
1403637264.138417243957520,0.00159,0.00014,0.00001,0.00000,0.00010,0.00102,0.00287
1403637264.188417196273804,0.00164,0.00012,0.00001,0.00000,0.00019,0.00098,0.00296
1403637264.238417148590088,0.00154,0.00011,0.00001,0.00000,0.00054,0.00090,0.00310
1403637264.288417339324951,0.00155,0.00011,0.00001,0.00000,0.00044,0.00088,0.00299
1403637264.338417291641235,0.00151,0.00011,0.00001,0.00000,0.00016,0.00091,0.00269
1403637264.388417243957520,0.00148,0.00011,0.00001,0.00000,0.00005,0.00091,0.00257
1403637264.438417196273804,0.00142,0.00011,0.00003,0.00000,0.00016,0.00089,0.00260
1403637264.488417148590088,0.00148,0.00012,0.00001,0.00000,0.00012,0.00091,0.00263
1403637264.538417339324951,0.00155,0.00012,0.00001,0.00000,0.00003,0.00094,0.00265
1403637264.588417291641235,0.00142,0.00012,0.00001,0.00000,0.00012,0.00096,0.00262
1403637264.638417243957520,0.00151,0.00011,0.00003,0.00000,0.00015,0.00090,0.00271
1403637264.688417196273804,0.00169,0.00011,0.00003,0.00000,0.00012,0.00095,0.00290
1403637264.738417148590088,0.00149,0.00012,0.00001,0.00000,0.00010,0.00093,0.00265
1403637264.788417339324951,0.00178,0.00012,0.00006,0.00000,0.00019,0.00091,0.00307
1403637264.838417291641235,0.00171,0.00011,0.00005,0.00000,0.00057,0.00085,0.00328
1403637264.888417243957520,0.00156,0.00012,0.00001,0.00000,0.00041,0.00100,0.00310
1403637264.938417196273804,0.00160,0.00012,0.00001,0.00000,0.00019,0.00095,0.00287
1403637264.988417148590088,0.00128,0.00012,0.00001,0.00000,0.00006,0.00093,0.00239
1403637265.038417339324951,0.00123,0.00011,0.00001,0.00000,0.00017,0.00090,0.00241
1403637265.088417291641235,0.00150,0.00018,0.00001,0.00000,0.00017,0.00102,0.00288
1403637265.138417243957520,0.00131,0.00012,0.00001,0.00000,0.00003,0.00093,0.00240
1403637265.188417196273804,0.00150,0.00016,0.00008,0.00000,0.00010,0.00095,0.00279
1403637265.238417148590088,0.00131,0.00011,0.00001,0.00000,0.00023,0.00091,0.00257
1403637265.288417339324951,0.00131,0.00011,0.00003,0.00000,0.00008,0.00090,0.00243
1403637265.338417291641235,0.00143,0.00011,0.00007,0.00000,0.00009,0.00099,0.00269
1403637265.388417243957520,0.00167,0.00011,0.00013,0.00000,0.00020,0.00090,0.00302
1403637265.438417196273804,0.00151,0.00012,0.00005,0.00000,0.00052,0.00086,0.00305
