# timestamp (sec),tracking,propagation,msckf update,slam update,slam delayed,re-tri & marg,total
1403637149.987318277359009,0.00372,0.00010,0.00054,0.00000,0.00000,0.00126,0.00563
1403637150.036755084991455,0.00418,0.00010,0.00148,0.00000,0.00207,0.00117,0.00901
1403637150.086406707763672,0.00461,0.00013,0.00231,0.00026,0.00000,0.00122,0.00853
1403637150.136349201202393,0.00419,0.00012,0.00016,0.00017,0.00000,0.00124,0.00589
1403637150.186404228210449,0.00516,0.00013,0.00019,0.00015,0.00003,0.00131,0.00697
1403637150.236432313919067,0.00489,0.00013,0.00040,0.00010,0.00001,0.00121,0.00673
1403637150.286446809768677,0.00689,0.00012,0.00033,0.00008,0.00000,0.00121,0.00863
1403637150.336531877517700,0.00599,0.00013,0.00036,0.00007,0.00000,0.00134,0.00789
1403637150.386538743972778,0.00598,0.00013,0.00063,0.00006,0.00000,0.00130,0.00810
1403637150.436788082122803,0.00533,0.00013,0.00053,0.00004,0.00000,0.00131,0.00735
1403637150.486697196960449,0.00439,0.00012,0.00086,0.00004,0.00000,0.00139,0.00681
1403637150.536769390106201,0.00386,0.00012,0.00028,0.00000,0.00000,0.00131,0.00556
1403637150.586838245391846,0.00391,0.00012,0.00035,0.00000,0.00000,0.00131,0.00569
1403637150.637199163436890,0.00432,0.00013,0.00136,0.00000,0.00447,0.00131,0.01159
1403637150.687289953231812,0.00406,0.00013,0.00040,0.00028,0.00000,0.00131,0.00619
1403637150.737383842468262,0.00484,0.00013,0.00014,0.00025,0.00000,0.00133,0.00669
1403637150.787364482879639,0.00384,0.00013,0.00038,0.00024,0.00000,0.00134,0.00593
1403637150.837416410446167,0.00352,0.00013,0.00027,0.00024,0.00033,0.00131,0.00582
1403637150.887558698654175,0.00386,0.00013,0.00051,0.00024,0.00157,0.00136,0.00768
1403637150.937611579895020,0.00386,0.00013,0.00024,0.00031,0.00031,0.00132,0.00617
1403637150.987848281860352,0.00398,0.00012,0.00026,0.00030,0.00312,0.00136,0.00914
1403637151.037859439849854,0.00338,0.00015,0.00034,0.00059,0.00036,0.00133,0.00615
1403637151.087848424911499,0.00362,0.00013,0.00035,0.00059,0.00031,0.00133,0.00634
1403637151.137897253036499,0.00362,0.00014,0.00056,0.00062,0.00254,0.00133,0.00882
1403637151.187935352325439,0.00404,0.00014,0.00037,0.00085,0.00050,0.00143,0.00732
1403637151.238070964813232,0.00321,0.00014,0.00017,0.00083,0.00491,0.00137,0.01063
1403637151.288112878799438,0.00347,0.00015,0.00028,0.00164,0.00027,0.00132,0.00714
1403637151.338114023208618,0.00406,0.00016,0.00030,0.00151,0.00068,0.00136,0.00807
1403637151.388108253479004,0.00453,0.00015,0.00027,0.00124,0.00017,0.00134,0.00771
1403637151.438116312026978,0.00371,0.00015,0.00052,0.00113,0.00014,0.00139,0.00703
1403637151.488117456436157,0.00384,0.00015,0.00031,0.00114,0.00110,0.00140,0.00794
1403637151.538105964660645,0.00408,0.00015,0.00011,0.00131,0.00101,0.00145,0.00811
1403637151.588114976882935,0.00385,0.00015,0.00027,0.00137,0.00029,0.00136,0.00729
1403637151.638140439987183,0.00391,0.00015,0.00016,0.00139,0.00112,0.00141,0.00814
1403637151.688140630722046,0.00415,0.00015,0.00061,0.00142,0.00001,0.00147,0.00781
1403637151.738162040710449,0.00353,0.00015,0.00031,0.00130,0.00044,0.00148,0.00722
1403637151.788177013397217,0.00344,0.00015,0.00005,0.00131,0.00153,0.00146,0.00795
1403637151.838183403015137,0.00423,0.00014,0.00016,0.00143,0.00028,0.00142,0.00766
1403637151.888227939605713,0.00402,0.00015,0.00024,0.00126,0.00154,0.00149,0.00872
1403637151.938225030899048,0.00344,0.00016,0.00016,0.00150,0.00306,0.00144,0.00975
1403637151.988238811492920,0.00342,0.00015,0.00006,0.00178,0.00006,0.00142,0.00690
1403637152.038265943527222,0.00348,0.00016,0.00006,0.00179,0.00003,0.00146,0.00698
1403637152.088263273239136,0.00342,0.00016,0.00015,0.00158,0.00151,0.00144,0.00825
1403637152.138266324996948,0.00344,0.00015,0.00012,0.00178,0.00014,0.00141,0.00703
1403637152.188264131546021,0.00404,0.00015,0.00002,0.00179,0.00147,0.00145,0.00893
1403637152.238313198089600,0.00351,0.00016,0.00009,0.00179,0.00604,0.00153,0.01312
1403637152.288317441940308,0.00349,0.00016,0.00001,0.00236,0.00052,0.00148,0.00803
1403637152.338330745697021,0.00344,0.00017,0.00020,0.00225,0.00025,0.00146,0.00777
1403637152.388303279876709,0.00335,0.00017,0.00006,0.00220,0.00070,0.00142,0.00790
1403637152.438331127166748,0.00334,0.00016,0.00018,0.00229,0.00176,0.00152,0.00925
1403637152.488348007202148,0.00320,0.00017,0.00005,0.00215,0.00020,0.00143,0.00721
1403637152.538356542587280,0.00328,0.00017,0.00010,0.00199,0.00187,0.00145,0.00885
1403637152.588364362716675,0.00330,0.00017,0.00001,0.00215,0.00015,0.00142,0.00721
1403637152.638397455215454,0.00447,0.00018,0.00009,0.00207,0.00005,0.00145,0.00831
1403637152.688407659530640,0.00355,0.00016,0.00025,0.00206,0.00114,0.00141,0.00857
1403637152.738448381423950,0.00362,0.00016,0.00021,0.00222,0.00044,0.00143,0.00809
1403637152.788476943969727,0.00356,0.00016,0.00008,0.00211,0.00117,0.00152,0.00859
1403637152.838524103164673,0.00402,0.00016,0.00010,0.00328,0.00111,0.00217,0.01084
1403637152.888559818267822,0.00354,0.00017,0.00015,0.00215,0.00000,0.00149,0.00750
1403637152.938556909561157,0.00357,0.00016,0.00033,0.00210,0.00026,0.00145,0.00788
1403637152.988541126251221,0.00350,0.00017,0.00005,0.00219,0.00098,0.00146,0.00836
1403637153.038551092147827,0.00342,0.00018,0.00022,0.00202,0.00057,0.00147,0.00788
1403637153.088561296463013,0.00329,0.00016,0.00021,0.00203,0.00011,0.00140,0.00720
1403637153.138566493988037,0.00322,0.00016,0.00006,0.00195,0.00142,0.00141,0.00822
1403637153.188620328903198,0.00443,0.00019,0.00021,0.00198,0.00642,0.00157,0.01480
1403637153.238624095916748,0.00356,0.00017,0.00016,0.00270,0.00054,0.00143,0.00857
1403637153.288625240325928,0.00361,0.00018,0.00001,0.00281,0.00039,0.00145,0.00845
1403637153.338694334030151,0.00357,0.00017,0.00024,0.00279,0.00323,0.00157,0.01157
1403637153.388723850250244,0.00348,0.00018,0.00010,0.00285,0.00087,0.00152,0.00900
1403637153.438722372055054,0.00353,0.00017,0.00012,0.00280,0.00019,0.00150,0.00831
1403637153.488772392272949,0.00346,0.00017,0.00001,0.00280,0.00000,0.00142,0.00787
1403637153.538800954818726,0.00347,0.00017,0.00031,0.00271,0.00022,0.00144,0.00833
1403637153.588766098022461,0.00339,0.00017,0.00001,0.00271,0.00102,0.00150,0.00880
1403637153.638697862625122,0.00340,0.00017,0.00012,0.00280,0.00039,0.00144,0.00832
1403637153.688628673553467,0.00328,0.00017,0.00015,0.00283,0.00011,0.00141,0.00796
1403637153.738565206527710,0.00326,0.00017,0.00213,0.00279,0.00565,0.00161,0.01562
1403637153.788508415222168,0.00466,0.00018,0.00007,0.00334,0.00073,0.00142,0.01039
1403637153.838490009307861,0.00366,0.00017,0.00003,0.00335,0.00113,0.00144,0.00978
1403637153.888493776321411,0.00352,0.00018,0.00023,0.00331,0.00024,0.00148,0.00896
1403637153.938501596450806,0.00544,0.00019,0.00016,0.00331,0.00016,0.00161,0.01086
1403637153.988608121871948,0.00386,0.00018,0.00033,0.00302,0.00001,0.00152,0.00891
1403637154.038667440414429,0.00377,0.00017,0.00028,0.00296,0.00014,0.00257,0.00988
1403637154.088811159133911,0.00396,0.00017,0.00015,0.00289,0.00002,0.00223,0.00942
1403637154.138893842697144,0.00399,0.00017,0.00008,0.00285,0.00026,0.00158,0.00892
1403637154.188974142074585,0.00400,0.00017,0.00006,0.00274,0.00000,0.00150,0.00848
1403637154.238966226577759,0.00401,0.00017,0.00002,0.00258,0.00030,0.00151,0.00860
1403637154.288938283920288,0.00397,0.00017,0.00042,0.00253,0.00012,0.00159,0.00880
1403637154.338891744613647,0.00381,0.00017,0.00033,0.00249,0.00430,0.00169,0.01278
1403637154.388838052749634,0.00400,0.00018,0.00010,0.00281,0.00016,0.00156,0.00880
1403637154.438756227493286,0.00387,0.00017,0.00006,0.00281,0.00016,0.00262,0.00970
1403637154.488659381866455,0.00418,0.00017,0.00489,0.00287,0.00421,0.00162,0.01795
1403637154.538628816604614,0.00385,0.00018,0.00007,0.00305,0.00016,0.00250,0.00981
1403637154.588602066040039,0.00405,0.00018,0.00015,0.00287,0.00053,0.00147,0.00923
1403637154.638563156127930,0.00373,0.00017,0.00052,0.00299,0.00001,0.00242,0.00984
1403637154.688547611236572,0.00397,0.00018,0.00017,0.00253,0.00097,0.00147,0.00930
1403637154.738576412200928,0.00355,0.00017,0.00006,0.00229,0.00497,0.00249,0.01353
1403637154.788599729537964,0.00387,0.00017,0.00021,0.00275,0.00001,0.00138,0.00840
1403637154.838640689849854,0.00347,0.00017,0.00046,0.00251,0.00028,0.00241,0.00931
1403637154.888662815093994,0.00530,0.00019,0.00005,0.00240,0.00105,0.00147,0.01045
1403637154.938713073730469,0.00397,0.00016,0.00016,0.00210,0.00304,0.00149,0.01092
1403637154.988753318786621,0.00367,0.00017,0.00034,0.00228,0.00015,0.00152,0.00814
1403637155.038798093795776,0.00368,0.00017,0.00006,0.00214,0.00002,0.00149,0.00756
1403637155.088833332061768,0.00360,0.00015,0.00033,0.00215,0.00492,0.00147,0.01261
1403637155.138847827911377,0.00355,0.00017,0.00016,0.00243,0.00014,0.00140,0.00785
1403637155.188858032226562,0.00351,0.00016,0.00002,0.00247,0.00095,0.00143,0.00853
1403637155.238881349563599,0.00539,0.00017,0.00069,0.00206,0.00002,0.00194,0.01026
1403637155.288879156112671,0.00434,0.00016,0.00009,0.00197,0.00000,0.00148,0.00803
1403637155.338865518569946,0.00398,0.00015,0.00020,0.00161,0.00096,0.00184,0.00874
1403637155.388877391815186,0.00420,0.00015,0.00017,0.00167,0.00086,0.00149,0.00853
1403637155.438869714736938,0.00388,0.00015,0.00026,0.00150,0.00672,0.00207,0.01458
1403637155.488867759704590,0.00408,0.00016,0.00046,0.00230,0.00009,0.00145,0.00854
1403637155.538853168487549,0.00379,0.00016,0.00052,0.00227,0.00299,0.00196,0.01169
1403637155.588829278945923,0.00412,0.00016,0.00001,0.00245,0.00033,0.00140,0.00847
1403637155.638814210891724,0.00381,0.00016,0.00003,0.00229,0.00000,0.00186,0.00816
1403637155.688811540603638,0.00399,0.00016,0.00005,0.00226,0.00378,0.00145,0.01169
1403637155.738805532455444,0.00383,0.00017,0.00006,0.00273,0.00017,0.00183,0.00878
1403637155.788813352584839,0.00393,0.00016,0.00255,0.00268,0.00611,0.00140,0.01683
1403637155.838854312896729,0.00361,0.00018,0.00009,0.00312,0.00103,0.00141,0.00943
1403637155.888830900192261,0.00338,0.00017,0.00007,0.00311,0.00000,0.00141,0.00815
1403637155.938805580139160,0.00350,0.00017,0.00009,0.00263,0.00204,0.00146,0.00989
1403637155.988792419433594,0.00396,0.00017,0.00034,0.00229,0.00012,0.00142,0.00830
1403637156.038791894912720,0.00457,0.00017,0.00002,0.00222,0.00147,0.00194,0.01039
1403637156.088804244995117,0.00404,0.00016,0.00056,0.00193,0.00008,0.00143,0.00821
1403637156.138802766799927,0.00451,0.00016,0.00010,0.00171,0.00028,0.00183,0.00859
1403637156.188803911209106,0.00415,0.00015,0.00013,0.00148,0.00015,0.00145,0.00750
1403637156.238803148269653,0.00376,0.00015,0.00007,0.00123,0.00002,0.00192,0.00714
1403637156.288806676864624,0.00390,0.00015,0.00010,0.00123,0.00006,0.00145,0.00689
1403637156.338808298110962,0.00351,0.00015,0.00007,0.00120,0.00014,0.00146,0.00653
1403637156.388806581497192,0.00343,0.00015,0.00004,0.00121,0.00038,0.00142,0.00663
1403637156.438792705535889,0.00348,0.00015,0.00030,0.00103,0.00000,0.00144,0.00641
1403637156.488785505294800,0.00347,0.00014,0.00043,0.00095,0.00000,0.00144,0.00645
1403637156.538777112960815,0.00455,0.00015,0.00150,0.00082,0.00021,0.00146,0.00868
1403637156.588769912719727,0.00359,0.00015,0.00005,0.00080,0.00020,0.00142,0.00620
1403637156.638763189315796,0.00370,0.00014,0.00114,0.00060,0.00019,0.00146,0.00723
1403637156.688754081726074,0.00349,0.00014,0.00006,0.00055,0.00089,0.00144,0.00656
1403637156.738744974136353,0.00347,0.00014,0.00019,0.00063,0.00042,0.00146,0.00632
1403637156.788695812225342,0.00332,0.00014,0.00011,0.00064,0.00252,0.00145,0.00817
1403637156.838649749755859,0.00341,0.00014,0.00004,0.00092,0.00020,0.00142,0.00613
1403637156.888607978820801,0.00404,0.00015,0.00003,0.00089,0.00023,0.00145,0.00678
1403637156.938577651977539,0.00353,0.00014,0.00011,0.00080,0.00012,0.00144,0.00614
1403637156.988533258438110,0.00352,0.00014,0.00001,0.00074,0.00068,0.00144,0.00653
1403637157.038523435592651,0.00351,0.00015,0.00021,0.00070,0.00000,0.00149,0.00604
1403637157.088519811630249,0.00342,0.00014,0.00005,0.00065,0.00241,0.00144,0.00811
1403637157.138546705245972,0.00333,0.00014,0.00006,0.00086,0.00102,0.00141,0.00683
1403637157.188551902770996,0.00319,0.00014,0.00005,0.00102,0.00181,0.00143,0.00763
1403637157.238554954528809,0.00388,0.00015,0.00004,0.00124,0.00053,0.00142,0.00724
1403637157.288537740707397,0.00338,0.00015,0.00002,0.00131,0.00056,0.00144,0.00685
1403637157.338533639907837,0.00347,0.00015,0.00001,0.00144,0.00020,0.00148,0.00676
1403637157.388514757156372,0.00334,0.00015,0.00033,0.00133,0.00177,0.00140,0.00832
1403637157.438519477844238,0.00353,0.00015,0.00038,0.00164,0.00043,0.00142,0.00755
1403637157.488519430160522,0.00321,0.00015,0.00018,0.00160,0.00022,0.00138,0.00674
1403637157.538519620895386,0.00335,0.00015,0.00011,0.00162,0.00030,0.00140,0.00694
1403637157.588509082794189,0.00323,0.00015,0.00004,0.00164,0.00564,0.00150,0.01220
1403637157.638511180877686,0.00331,0.00016,0.00012,0.00233,0.00000,0.00144,0.00736
1403637157.688513755798340,0.00324,0.00016,0.00001,0.00229,0.00672,0.00150,0.01392
1403637157.738508939743042,0.00332,0.00017,0.00002,0.00309,0.00257,0.00151,0.01067
1403637157.788499832153320,0.00438,0.00018,0.00025,0.00310,0.00528,0.00159,0.01479
1403637157.838485002517700,0.00391,0.00019,0.00011,0.00375,0.00071,0.00164,0.01030
1403637157.888475656509399,0.00596,0.00026,0.00020,0.00457,0.00398,0.00147,0.01645
1403637157.938470363616943,0.00356,0.00019,0.00009,0.00418,0.00114,0.00144,0.01060
1403637157.988460540771484,0.00344,0.00019,0.00008,0.00416,0.00021,0.00136,0.00944
1403637158.038458347320557,0.00350,0.00018,0.00294,0.00369,0.00225,0.00140,0.01396
1403637158.088465929031372,0.00444,0.00019,0.00041,0.00369,0.00139,0.00140,0.01152
1403637158.138478279113770,0.00368,0.00019,0.00058,0.00384,0.00107,0.00148,0.01085
1403637158.188477039337158,0.00359,0.00018,0.00047,0.00362,0.00162,0.00143,0.01090
1403637158.238461017608643,0.00358,0.00020,0.00020,0.00359,0.00002,0.00147,0.00905
1403637158.288442134857178,0.00341,0.00018,0.00012,0.00327,0.00105,0.00239,0.01043
1403637158.338399410247803,0.00374,0.00018,0.00005,0.00342,0.00724,0.00157,0.01619
1403637158.388395071029663,0.00369,0.00019,0.00129,0.00387,0.00237,0.00141,0.01283
1403637158.438374042510986,0.00338,0.00019,0.00062,0.00380,0.00274,0.00246,0.01318
1403637158.488357067108154,0.00431,0.00021,0.00103,0.00354,0.00120,0.00153,0.01182
1403637158.538344144821167,0.00379,0.00019,0.00015,0.00350,0.00021,0.00135,0.00919
1403637158.588335990905762,0.00346,0.00019,0.00017,0.00338,0.00021,0.00134,0.00876
1403637158.638294458389282,0.00453,0.00018,0.00367,0.00304,0.00726,0.00143,0.02012
1403637158.688282728195190,0.00375,0.00018,0.00028,0.00369,0.00020,0.00140,0.00949
1403637158.738269090652466,0.00354,0.00045,0.00024,0.00322,0.00053,0.00177,0.00976
1403637158.788263797760010,0.00390,0.00018,0.00008,0.00294,0.00086,0.00143,0.00939
1403637158.838257312774658,0.00452,0.00018,0.00011,0.00279,0.00020,0.00189,0.00969
1403637158.888249874114990,0.00407,0.00018,0.00047,0.00276,0.00002,0.00142,0.00893
1403637158.938233375549316,0.00374,0.00017,0.00011,0.00250,0.00053,0.00183,0.00888
1403637158.988210439682007,0.00396,0.00017,0.00019,0.00233,0.00173,0.00148,0.00986
1403637159.038206815719604,0.00431,0.00017,0.00090,0.00258,0.00653,0.00146,0.01595
1403637159.088207960128784,0.00350,0.00018,0.00026,0.00346,0.00055,0.00136,0.00932
1403637159.138203620910645,0.00368,0.00018,0.00001,0.00357,0.00057,0.00183,0.00985
1403637159.188164949417114,0.00484,0.00021,0.00474,0.00338,0.00476,0.00146,0.01939
1403637159.238161802291870,0.00362,0.00018,0.00093,0.00417,0.00181,0.00147,0.01219
1403637159.288160800933838,0.00353,0.00019,0.00012,0.00415,0.00002,0.00139,0.00940
1403637159.338171482086182,0.00341,0.00018,0.00005,0.00369,0.00000,0.00141,0.00875
1403637159.388195753097534,0.00341,0.00018,0.00260,0.00365,0.00282,0.00147,0.01412
1403637159.438201904296875,0.00353,0.00019,0.00025,0.00401,0.00014,0.00143,0.00955
1403637159.488214731216431,0.00378,0.00018,0.00005,0.00372,0.00000,0.00144,0.00916
1403637159.538223505020142,0.00347,0.00018,0.00004,0.00370,0.00037,0.00149,0.00925
1403637159.588238716125488,0.00341,0.00017,0.00098,0.00326,0.00335,0.00144,0.01260
1403637159.638252973556519,0.00425,0.00019,0.00043,0.00366,0.00000,0.00138,0.00990
1403637159.688261032104492,0.00354,0.00017,0.00021,0.00352,0.00002,0.00145,0.00890
1403637159.738245725631714,0.00342,0.00018,0.00012,0.00312,0.00363,0.00149,0.01196
1403637159.788244485855103,0.00369,0.00018,0.00207,0.00348,0.00572,0.00157,0.01671
1403637159.838235855102539,0.00360,0.00018,0.00026,0.00426,0.00218,0.00141,0.01189
1403637159.888225078582764,0.00400,0.00019,0.00009,0.00418,0.00000,0.00136,0.00982
1403637159.938213348388672,0.00353,0.00018,0.00086,0.00387,0.00000,0.00142,0.00987
1403637159.988207578659058,0.00379,0.00019,0.00020,0.00336,0.00311,0.00141,0.01205
1403637160.038198709487915,0.00398,0.00019,0.00114,0.00348,0.00219,0.00134,0.01232
1403637160.088210582733154,0.00418,0.00020,0.00039,0.00377,0.00001,0.00139,0.00994
1403637160.138200521469116,0.00357,0.00018,0.00149,0.00332,0.00002,0.00142,0.00999
1403637160.188229322433472,0.00384,0.00018,0.00104,0.00326,0.00710,0.00160,0.01702
1403637160.238227367401123,0.00415,0.00017,0.00006,0.00446,0.00000,0.00142,0.01026
1403637160.288236141204834,0.00375,0.00019,0.00055,0.00426,0.00114,0.00157,0.01147
1403637160.338265180587769,0.00371,0.00019,0.00160,0.00412,0.00469,0.00151,0.01582
1403637160.388273954391479,0.00396,0.00020,0.00380,0.00504,0.00000,0.00153,0.01453
1403637160.438273191452026,0.00388,0.00020,0.00434,0.00464,0.00003,0.00148,0.01457
1403637160.488273382186890,0.00409,0.00019,0.00143,0.00371,0.00000,0.00142,0.01085
1403637160.538275003433228,0.00408,0.00018,0.00077,0.00321,0.00000,0.00140,0.00964
1403637160.588272809982300,0.00409,0.00017,0.00084,0.00278,0.00412,0.00148,0.01348
1403637160.638282060623169,0.00505,0.00019,0.00022,0.00332,0.00525,0.00134,0.01538
1403637160.688322544097900,0.00374,0.00019,0.00079,0.00422,0.00000,0.00150,0.01044
1403637160.738359451293945,0.00379,0.00020,0.00145,0.00353,0.00223,0.00143,0.01263
1403637160.788400650024414,0.00411,0.00021,0.00046,0.00347,0.00222,0.00139,0.01186
1403637160.838463068008423,0.00407,0.00019,0.00005,0.00397,0.00104,0.00153,0.01085
1403637160.888501167297363,0.00360,0.00018,0.00007,0.00391,0.00348,0.00137,0.01262
1403637160.938578605651855,0.00417,0.00020,0.00373,0.00440,0.00000,0.00157,0.01407
1403637160.988618373870850,0.00355,0.00019,0.00369,0.00409,0.00116,0.00150,0.01418
1403637161.038650035858154,0.00432,0.00020,0.00237,0.00421,0.00224,0.00158,0.01492
1403637161.088714838027954,0.00356,0.00019,0.00014,0.00444,0.00001,0.00148,0.00982
1403637161.138727903366089,0.00353,0.00019,0.00111,0.00413,0.00229,0.00148,0.01272
1403637161.188744306564331,0.00343,0.00018,0.00717,0.00427,0.00232,0.00151,0.01889
1403637161.238741159439087,0.00340,0.00019,0.00029,0.00463,0.00064,0.00145,0.01061
1403637161.288732051849365,0.00397,0.00019,0.00026,0.00466,0.00001,0.00149,0.01057
1403637161.338741302490234,0.00358,0.00046,0.00201,0.00385,0.00083,0.00187,0.01260
1403637161.388756752014160,0.00403,0.00020,0.00028,0.00398,0.00238,0.00144,0.01231
1403637161.438753604888916,0.00371,0.00019,0.00048,0.00418,0.00002,0.00144,0.01002
1403637161.488768339157104,0.00410,0.00020,0.00358,0.00376,0.00112,0.00156,0.01433
1403637161.538748741149902,0.00373,0.00020,0.00193,0.00367,0.00342,0.00152,0.01448
1403637161.588734388351440,0.00337,0.00019,0.00671,0.00409,0.00230,0.00207,0.01872
1403637161.638726234436035,0.00446,0.00019,0.00032,0.00390,0.00174,0.00140,0.01201
1403637161.688724994659424,0.00383,0.00019,0.00057,0.00336,0.00056,0.00179,0.01030
1403637161.738723993301392,0.00407,0.00018,0.00137,0.00329,0.00057,0.00146,0.01095
1403637161.788703441619873,0.00418,0.00024,0.00314,0.00307,0.00753,0.00188,0.02004
1403637161.838680267333984,0.00429,0.00017,0.00306,0.00367,0.00335,0.00154,0.01609
1403637161.888653278350830,0.00414,0.00018,0.00181,0.00372,0.00057,0.00184,0.01227
1403637161.938643693923950,0.00481,0.00018,0.00052,0.00357,0.00110,0.00141,0.01159
1403637161.988651275634766,0.00374,0.00018,0.00012,0.00337,0.00001,0.00177,0.00919
1403637162.038650512695312,0.00429,0.00018,0.00043,0.00330,0.00315,0.00137,0.01272
1403637162.088676929473877,0.00436,0.00018,0.00045,0.00310,0.00056,0.00145,0.01009
1403637162.138710260391235,0.00409,0.00019,0.00035,0.00297,0.00104,0.00142,0.01007
1403637162.188758373260498,0.00353,0.00018,0.00316,0.00294,0.01031,0.00144,0.02156
1403637162.238777160644531,0.00353,0.00019,0.00004,0.00461,0.00000,0.00147,0.00984
1403637162.288793563842773,0.00354,0.00019,0.00002,0.00461,0.00000,0.00147,0.00982
1403637162.338806152343750,0.00355,0.00019,0.00002,0.00465,0.00064,0.00150,0.01056
1403637162.388825654983521,0.00370,0.00019,0.00228,0.00469,0.00315,0.00152,0.01553
1403637162.438836097717285,0.00411,0.00019,0.00307,0.00503,0.00000,0.00150,0.01390
1403637162.488855600357056,0.00430,0.00019,0.00420,0.00504,0.00000,0.00139,0.01513
1403637162.538851022720337,0.00346,0.00019,0.00076,0.00473,0.00002,0.00138,0.01054
1403637162.588844537734985,0.00385,0.00019,0.00181,0.00441,0.00061,0.00144,0.01231
1403637162.638849735260010,0.00343,0.00020,0.00224,0.00427,0.00226,0.00144,0.01383
1403637162.688844442367554,0.00450,0.00020,0.00451,0.00454,0.00126,0.00145,0.01645
1403637162.738843441009521,0.00370,0.00019,0.00054,0.00406,0.00002,0.00151,0.01002
1403637162.788824319839478,0.00378,0.00019,0.00142,0.00361,0.00494,0.00201,0.01595
1403637162.838818073272705,0.00501,0.00020,0.00013,0.00426,0.00001,0.00142,0.01104
1403637162.888816833496094,0.00412,0.00020,0.00040,0.00376,0.00002,0.00150,0.01001
1403637162.938816070556641,0.00606,0.00021,0.00065,0.00353,0.00000,0.00153,0.01197
1403637162.988817691802979,0.00364,0.00018,0.00041,0.00344,0.00209,0.00145,0.01122
1403637163.038825511932373,0.00356,0.00019,0.00049,0.00380,0.00826,0.00135,0.01765
1403637163.088823795318604,0.00363,0.00030,0.00360,0.00417,0.00114,0.00142,0.01426
1403637163.138817310333252,0.00347,0.00019,0.00027,0.00423,0.00289,0.00137,0.01242
1403637163.188807964324951,0.00475,0.00020,0.00144,0.00391,0.00002,0.00139,0.01169
1403637163.238813161849976,0.00358,0.00019,0.00302,0.00366,0.00572,0.00139,0.01755
1403637163.288805484771729,0.00452,0.00019,0.00010,0.00415,0.00474,0.00217,0.01587
1403637163.338796377182007,0.00405,0.00020,0.00114,0.00432,0.00118,0.00157,0.01245
1403637163.388786792755127,0.00365,0.00019,0.00706,0.00378,0.00217,0.00144,0.01829
1403637163.438783407211304,0.00342,0.00019,0.00038,0.00353,0.00002,0.00136,0.00890
1403637163.488785028457642,0.00453,0.00018,0.00013,0.00344,0.00110,0.00145,0.01083
1403637163.538785934448242,0.00368,0.00018,0.00090,0.00308,0.00016,0.00136,0.00935
1403637163.588783740997314,0.00349,0.00018,0.00070,0.00309,0.00001,0.00140,0.00886
1403637163.638784885406494,0.00340,0.00017,0.00064,0.00286,0.00023,0.00136,0.00865
1403637163.688789129257202,0.00426,0.00017,0.00033,0.00279,0.00287,0.00183,0.01225
1403637163.738805055618286,0.00507,0.00019,0.00007,0.00303,0.00692,0.00141,0.01669
1403637163.788817405700684,0.00390,0.00020,0.00016,0.00353,0.00056,0.00146,0.00980
1403637163.838809967041016,0.00358,0.00017,0.00376,0.00334,0.00639,0.00146,0.01871
1403637163.888806343078613,0.00385,0.00027,0.00008,0.00409,0.00003,0.00188,0.01019
1403637163.938803911209106,0.00404,0.00019,0.00017,0.00488,0.00191,0.00206,0.01327
1403637163.988800287246704,0.00357,0.00016,0.00275,0.00352,0.00492,0.00146,0.01638
1403637164.038802623748779,0.00370,0.00019,0.00551,0.00458,0.00291,0.00137,0.01825
1403637164.088804721832275,0.00357,0.00020,0.00310,0.00490,0.00002,0.00147,0.01325
1403637164.138792276382446,0.00363,0.00019,0.00126,0.00481,0.00000,0.00143,0.01131
1403637164.188783407211304,0.00517,0.00019,0.00087,0.00444,0.00002,0.00152,0.01221
1403637164.238766670227051,0.00418,0.00019,0.00330,0.00419,0.00283,0.00140,0.01609
1403637164.288743972778320,0.00396,0.00020,0.00490,0.00435,0.00068,0.00151,0.01560
1403637164.338734865188599,0.00385,0.00020,0.00080,0.00425,0.00059,0.00151,0.01120
1403637164.388719797134399,0.00362,0.00019,0.00027,0.00410,0.00113,0.00160,0.01091
1403637164.438708543777466,0.00361,0.00019,0.00066,0.00413,0.00408,0.00137,0.01404
1403637164.488710403442383,0.00366,0.00027,0.00043,0.00458,0.00113,0.00196,0.01202
1403637164.538712501525879,0.00385,0.00020,0.00092,0.00498,0.00118,0.00144,0.01257
1403637164.588711261749268,0.00355,0.00020,0.00174,0.00494,0.00125,0.00145,0.01312
1403637164.638702392578125,0.00501,0.00020,0.00416,0.00472,0.00125,0.00141,0.01675
1403637164.688709497451782,0.00391,0.00020,0.00220,0.00439,0.00118,0.00142,0.01330
1403637164.738726139068604,0.00377,0.00019,0.00802,0.00386,0.00314,0.00141,0.02040
1403637164.788733243942261,0.00397,0.00020,0.00031,0.00387,0.00000,0.00146,0.00982
1403637164.838742017745972,0.00416,0.00020,0.00048,0.00329,0.00101,0.00141,0.01055
1403637164.888743400573730,0.00479,0.00020,0.00068,0.00286,0.00451,0.00153,0.01456
1403637164.938745260238647,0.00361,0.00017,0.00083,0.00317,0.00054,0.00143,0.00975
1403637164.988743066787720,0.00458,0.00018,0.00042,0.00289,0.00000,0.00139,0.00946
1403637165.038741827011108,0.00363,0.00017,0.00085,0.00250,0.00048,0.00141,0.00905
1403637165.088744878768921,0.00361,0.00018,0.00030,0.00220,0.00009,0.00135,0.00773
1403637165.138743877410889,0.00404,0.00016,0.00050,0.00186,0.00088,0.00224,0.00969
1403637165.188743591308594,0.00459,0.00015,0.00095,0.00152,0.00692,0.00144,0.01556
1403637165.238743066787720,0.00434,0.00016,0.00125,0.00150,0.00234,0.00145,0.01104
1403637165.288745403289795,0.00426,0.00016,0.00008,0.00160,0.00045,0.00136,0.00791
1403637165.338726997375488,0.00445,0.00015,0.00028,0.00125,0.00849,0.00138,0.01600
1403637165.388716697692871,0.00471,0.00018,0.00211,0.00202,0.00095,0.00141,0.01137
1403637165.438714027404785,0.00552,0.00017,0.00107,0.00171,0.00627,0.00144,0.01618
1403637165.488707780838013,0.00509,0.00017,0.00055,0.00191,0.00016,0.00135,0.00924
1403637165.538697957992554,0.00408,0.00021,0.00034,0.00166,0.00467,0.00138,0.01234
1403637165.588688850402832,0.00468,0.00016,0.00104,0.00188,0.00002,0.00134,0.00912
1403637165.638671875000000,0.00382,0.00016,0.00096,0.00158,0.00000,0.00137,0.00790
1403637165.688663959503174,0.00467,0.00016,0.00045,0.00109,0.00093,0.00144,0.00873
1403637165.738654851913452,0.00467,0.00015,0.00056,0.00082,0.00092,0.00142,0.00854
1403637165.788643836975098,0.00373,0.00015,0.00162,0.00074,0.00222,0.00143,0.00990
1403637165.838636159896851,0.00449,0.00015,0.00095,0.00125,0.00236,0.00139,0.01058
1403637165.888627767562866,0.00378,0.00015,0.00038,0.00169,0.00020,0.00141,0.00762
1403637165.938628196716309,0.00422,0.00015,0.00011,0.00134,0.00099,0.00136,0.00817
1403637165.988621711730957,0.00415,0.00016,0.00053,0.00139,0.00719,0.00156,0.01498
1403637166.038620710372925,0.00430,0.00020,0.00037,0.00212,0.00476,0.00144,0.01318
1403637166.088623285293579,0.00411,0.00016,0.00159,0.00235,0.00235,0.00146,0.01202
1403637166.138616561889648,0.00406,0.00017,0.00062,0.00263,0.00829,0.00141,0.01717
1403637166.188626766204834,0.00373,0.00018,0.00112,0.00305,0.00013,0.00137,0.00959
1403637166.238628149032593,0.00376,0.00018,0.00196,0.00255,0.00299,0.00132,0.01276
1403637166.288622140884399,0.00414,0.00018,0.00310,0.00276,0.00796,0.00141,0.01954
1403637166.338591814041138,0.00377,0.00019,0.00045,0.00364,0.00014,0.00139,0.00959
1403637166.388571262359619,0.00449,0.00019,0.00205,0.00342,0.00552,0.00127,0.01695
1403637166.438567638397217,0.00489,0.00020,0.00008,0.00396,0.00000,0.00136,0.01049
1403637166.488559007644653,0.00489,0.00021,0.00044,0.00364,0.00114,0.00140,0.01173
1403637166.538541316986084,0.00387,0.00019,0.00068,0.00385,0.00446,0.00148,0.01454
1403637166.588512659072876,0.00365,0.00019,0.00036,0.00443,0.00225,0.00140,0.01228
1403637166.638453960418701,0.00391,0.00019,0.00243,0.00450,0.00119,0.00155,0.01377
1403637166.688417673110962,0.00493,0.00019,0.00026,0.00358,0.00016,0.00136,0.01048
1403637166.738406658172607,0.00420,0.00018,0.00016,0.00340,0.00001,0.00141,0.00937
1403637166.788388967514038,0.00367,0.00016,0.00029,0.00253,0.00053,0.00128,0.00845
1403637166.838405847549438,0.00454,0.00018,0.00062,0.00253,0.00740,0.00147,0.01674
1403637166.888429641723633,0.00389,0.00017,0.00022,0.00315,0.00087,0.00138,0.00967
1403637166.938472270965576,0.00394,0.00018,0.00011,0.00340,0.00342,0.00192,0.01297
1403637166.988509654998779,0.00449,0.00019,0.00013,0.00401,0.00159,0.00139,0.01180
1403637167.038546800613403,0.00385,0.00017,0.00083,0.00445,0.00344,0.00164,0.01438
1403637167.088566064834595,0.00381,0.00019,0.00002,0.00511,0.00000,0.00149,0.01061
1403637167.138581752777100,0.00371,0.00021,0.00002,0.00514,0.00003,0.00154,0.01066
1403637167.188596010208130,0.00391,0.00019,0.00002,0.00503,0.00066,0.00145,0.01126
1403637167.238579034805298,0.00366,0.00019,0.00361,0.00516,0.00004,0.00155,0.01422
1403637167.288568735122681,0.00369,0.00018,0.00080,0.00503,0.00003,0.00146,0.01118
1403637167.338566780090332,0.00375,0.00020,0.00003,0.00530,0.00125,0.00149,0.01201
1403637167.388555288314819,0.00417,0.00020,0.00555,0.00541,0.00000,0.00152,0.01686
1403637167.438545942306519,0.00379,0.00019,0.00335,0.00511,0.00000,0.00145,0.01390
1403637167.488540887832642,0.00374,0.00019,0.00066,0.00509,0.00001,0.00147,0.01116
1403637167.538534164428711,0.00371,0.00020,0.00025,0.00506,0.00063,0.00143,0.01128
1403637167.588525533676147,0.00418,0.00020,0.00085,0.00452,0.00127,0.00150,0.01252
1403637167.638520240783691,0.00499,0.00020,0.00071,0.00432,0.00118,0.00148,0.01288
1403637167.688520669937134,0.00396,0.00019,0.00079,0.00412,0.00002,0.00144,0.01052
1403637167.738520145416260,0.00390,0.00016,0.00083,0.00344,0.00059,0.00147,0.01039
1403637167.788520574569702,0.00359,0.00017,0.00066,0.00315,0.00001,0.00131,0.00889
1403637167.838520526885986,0.00423,0.00018,0.00017,0.00296,0.00618,0.00154,0.01525
1403637167.888521909713745,0.00568,0.00019,0.00014,0.00330,0.00380,0.00155,0.01466
1403637167.938517570495605,0.00408,0.00019,0.00043,0.00358,0.00066,0.00147,0.01041
1403637167.988511323928833,0.00590,0.00019,0.00534,0.00308,0.00358,0.00145,0.01954
1403637168.038505077362061,0.00365,0.00020,0.00004,0.00391,0.00122,0.00152,0.01053
1403637168.088505268096924,0.00379,0.00021,0.00088,0.00366,0.00034,0.00147,0.01035
1403637168.138505697250366,0.00497,0.00019,0.00057,0.00312,0.00054,0.00146,0.01084
1403637168.188504219055176,0.00394,0.00017,0.00453,0.00280,0.00550,0.00147,0.01841
1403637168.238503217697144,0.00393,0.00019,0.00124,0.00334,0.00136,0.00146,0.01152
1403637168.288501977920532,0.00386,0.00019,0.00102,0.00297,0.00061,0.00148,0.01013
1403637168.338500499725342,0.00354,0.00019,0.00196,0.00298,0.00000,0.00144,0.01010
1403637168.388500452041626,0.00428,0.00018,0.00041,0.00228,0.00231,0.00142,0.01088
1403637168.438502788543701,0.00357,0.00018,0.00313,0.00235,0.00775,0.00135,0.01833
1403637168.488503456115723,0.00416,0.00019,0.00072,0.00325,0.00002,0.00132,0.00966
1403637168.538508176803589,0.00414,0.00018,0.00101,0.00275,0.00283,0.00141,0.01231
1403637168.588512420654297,0.00355,0.00019,0.00080,0.00290,0.00240,0.00138,0.01121
1403637168.638513326644897,0.00369,0.00018,0.00068,0.00284,0.00025,0.00133,0.00897
1403637168.688509941101074,0.00435,0.00018,0.00304,0.00267,0.00547,0.00135,0.01707
1403637168.738508224487305,0.00354,0.00018,0.00034,0.00345,0.00072,0.00136,0.00958
1403637168.788505554199219,0.00406,0.00018,0.00005,0.00343,0.00481,0.00138,0.01391
1403637168.838508844375610,0.00426,0.00019,0.00137,0.00328,0.00070,0.00145,0.01125
1403637168.888507843017578,0.00360,0.00018,0.00013,0.00317,0.00108,0.00134,0.00949
1403637168.938507795333862,0.00361,0.00017,0.00020,0.00322,0.00699,0.00144,0.01563
1403637168.988509178161621,0.00439,0.00019,0.00028,0.00559,0.00044,0.00231,0.01320
1403637169.038512229919434,0.00375,0.00019,0.00156,0.00412,0.00256,0.00145,0.01363
1403637169.088516235351562,0.00397,0.00021,0.00169,0.00438,0.00096,0.00139,0.01260
1403637169.138517141342163,0.00426,0.00019,0.00046,0.00425,0.00061,0.00146,0.01123
1403637169.188513517379761,0.00382,0.00019,0.00404,0.00380,0.00223,0.00153,0.01561
1403637169.238516092300415,0.00400,0.00019,0.00231,0.00332,0.00223,0.00143,0.01349
1403637169.288513183593750,0.00412,0.00019,0.00041,0.00364,0.00245,0.00141,0.01222
1403637169.338507413864136,0.00363,0.00019,0.00373,0.00355,0.00138,0.00143,0.01390
1403637169.388505697250366,0.00430,0.00018,0.00211,0.00288,0.00607,0.00134,0.01688
1403637169.438504934310913,0.00363,0.00019,0.00128,0.00353,0.00016,0.00137,0.01016
1403637169.488505125045776,0.00365,0.00019,0.00050,0.00319,0.00070,0.00140,0.00963
1403637169.538507699966431,0.00402,0.00018,0.00089,0.00324,0.00220,0.00146,0.01199
1403637169.588510513305664,0.00356,0.00019,0.00037,0.00280,0.00015,0.00137,0.00843
1403637169.638514757156372,0.00448,0.00016,0.00085,0.00267,0.00056,0.00142,0.01014
1403637169.688528537750244,0.00378,0.00017,0.00068,0.00221,0.00178,0.00141,0.01002
1403637169.738539695739746,0.00360,0.00017,0.00070,0.00220,0.00020,0.00132,0.00818
1403637169.788555145263672,0.00362,0.00017,0.00097,0.00160,0.00545,0.00145,0.01325
1403637169.838567256927490,0.00538,0.00016,0.00173,0.00190,0.00409,0.00144,0.01471
1403637169.888566732406616,0.00358,0.00016,0.00025,0.00206,0.00092,0.00131,0.00828
1403637169.938568830490112,0.00433,0.00017,0.00097,0.00197,0.00775,0.00139,0.01658
1403637169.988569021224976,0.00438,0.00017,0.00050,0.00275,0.00002,0.00135,0.00917
1403637170.038571834564209,0.00374,0.00017,0.00030,0.00257,0.00001,0.00191,0.00870
1403637170.088574409484863,0.00421,0.00017,0.00011,0.00248,0.00379,0.00142,0.01218
1403637170.138573646545410,0.00455,0.00016,0.00041,0.00243,0.00091,0.00137,0.00983
1403637170.188571453094482,0.00362,0.00017,0.00009,0.00242,0.01544,0.00141,0.02314
1403637170.238570451736450,0.00349,0.00018,0.00008,0.00400,0.00000,0.00139,0.00914
1403637170.288570642471313,0.00353,0.00018,0.00110,0.00335,0.00168,0.00156,0.01141
1403637170.338567256927490,0.00508,0.00019,0.00234,0.00305,0.00002,0.00149,0.01218
1403637170.388563394546509,0.00391,0.00018,0.00399,0.00248,0.00781,0.00138,0.01976
1403637170.438565492630005,0.00353,0.00017,0.00020,0.00264,0.00001,0.00129,0.00784
1403637170.488567829132080,0.00435,0.00017,0.00137,0.00239,0.00095,0.00142,0.01066
1403637170.538572072982788,0.00448,0.00017,0.00164,0.00171,0.00203,0.00141,0.01143
1403637170.588573932647705,0.00422,0.00016,0.00113,0.00177,0.00000,0.00129,0.00857
1403637170.638574123382568,0.00498,0.00016,0.00036,0.00117,0.00011,0.00184,0.00862
1403637170.688569784164429,0.00419,0.00015,0.00060,0.00098,0.00958,0.00136,0.01685
1403637170.738565206527710,0.00370,0.00016,0.00080,0.00186,0.00001,0.00140,0.00793
1403637170.788557291030884,0.00502,0.00015,0.00125,0.00128,0.00001,0.00136,0.00906
1403637170.838551282882690,0.00539,0.00015,0.00115,0.00099,0.00002,0.00145,0.00915
1403637170.888546466827393,0.00373,0.00014,0.00065,0.00076,0.00874,0.00148,0.01550
1403637170.938544750213623,0.00425,0.00016,0.00168,0.00184,0.00001,0.00137,0.00930
1403637170.988541364669800,0.00411,0.00016,0.00106,0.00163,0.00206,0.00141,0.01043
1403637171.038539409637451,0.00454,0.00015,0.00127,0.00173,0.00270,0.00145,0.01183
1403637171.088537693023682,0.00386,0.00015,0.00068,0.00197,0.00000,0.00138,0.00804
1403637171.138541221618652,0.00456,0.00016,0.00025,0.00192,0.00245,0.00143,0.01078
1403637171.188539981842041,0.00390,0.00016,0.00071,0.00215,0.01068,0.00145,0.01905
1403637171.238542079925537,0.00377,0.00018,0.00088,0.00280,0.00000,0.00153,0.00916
1403637171.288543462753296,0.00497,0.00018,0.00130,0.00268,0.00000,0.00143,0.01056
1403637171.338545322418213,0.00372,0.00016,0.00091,0.00272,0.00143,0.00158,0.01053
1403637171.388547182083130,0.00556,0.00018,0.00076,0.00276,0.01250,0.00138,0.02314
1403637171.438545942306519,0.00359,0.00019,0.00203,0.00477,0.00000,0.00143,0.01201
1403637171.488553047180176,0.00473,0.00019,0.00074,0.00478,0.00116,0.00151,0.01310
1403637171.538553953170776,0.00384,0.00020,0.00242,0.00470,0.00242,0.00139,0.01498
1403637171.588547706604004,0.00358,0.00019,0.00585,0.00492,0.00000,0.00141,0.01594
1403637171.638543128967285,0.00360,0.00019,0.00092,0.00482,0.00078,0.00135,0.01167
1403637171.688536882400513,0.00381,0.00019,0.00594,0.00522,0.00002,0.00139,0.01658
1403637171.738533020019531,0.00430,0.00019,0.00041,0.00540,0.00000,0.00153,0.01183
1403637171.788530111312866,0.00367,0.00019,0.00083,0.00503,0.00000,0.00151,0.01123
1403637171.838531494140625,0.00364,0.00019,0.00387,0.00499,0.00124,0.00143,0.01537
1403637171.888531208038330,0.00443,0.00019,0.00083,0.00534,0.00000,0.00147,0.01227
1403637171.938533306121826,0.00375,0.00019,0.00301,0.00498,0.00019,0.00160,0.01372
1403637171.988533735275269,0.00435,0.00020,0.00070,0.00471,0.00000,0.00147,0.01142
1403637172.038534402847290,0.00488,0.00020,0.00412,0.00481,0.00382,0.00145,0.01928
1403637172.088534355163574,0.00398,0.00020,0.00008,0.00536,0.00000,0.00144,0.01106
1403637172.138531446456909,0.00398,0.00020,0.00184,0.00504,0.00000,0.00145,0.01251
1403637172.188506603240967,0.00442,0.00020,0.00366,0.00494,0.00002,0.00153,0.01477
1403637172.238480806350708,0.00401,0.00023,0.00033,0.00499,0.00000,0.00135,0.01090
1403637172.288470745086670,0.00497,0.00019,0.00581,0.00448,0.00333,0.00141,0.02020
1403637172.338475465774536,0.00364,0.00018,0.00044,0.00457,0.00002,0.00222,0.01107
1403637172.388480663299561,0.00562,0.00020,0.00012,0.00430,0.00000,0.00142,0.01164
1403637172.438487768173218,0.00406,0.00018,0.00014,0.00414,0.00333,0.00188,0.01374
1403637172.488503932952881,0.00413,0.00019,0.00040,0.00443,0.00000,0.00145,0.01060
1403637172.538522958755493,0.00381,0.00018,0.00131,0.00411,0.00401,0.00189,0.01531
1403637172.588540315628052,0.00394,0.00019,0.00070,0.00480,0.00023,0.00144,0.01130
1403637172.638555765151978,0.00528,0.00018,0.00089,0.00472,0.00343,0.00194,0.01645
1403637172.688562154769897,0.00445,0.00021,0.00003,0.00503,0.00000,0.00146,0.01118
1403637172.738562583923340,0.00389,0.00020,0.00197,0.00477,0.00114,0.00143,0.01341
1403637172.788553237915039,0.00374,0.00019,0.00322,0.00433,0.00138,0.00151,0.01437
1403637172.838531494140625,0.00355,0.00019,0.00426,0.00482,0.00036,0.00154,0.01472
1403637172.888505697250366,0.00351,0.00018,0.00377,0.00422,0.00343,0.00143,0.01654
1403637172.938495397567749,0.00497,0.00020,0.00383,0.00427,0.00212,0.00144,0.01683
1403637172.988489389419556,0.00382,0.00018,0.00060,0.00411,0.00002,0.00152,0.01024
1403637173.038488149642944,0.00508,0.00019,0.00012,0.00379,0.00000,0.00188,0.01105
1403637173.088487625122070,0.00407,0.00017,0.00024,0.00345,0.00000,0.00148,0.00941
1403637173.138483524322510,0.00380,0.00017,0.00057,0.00341,0.00124,0.00194,0.01114
1403637173.188472986221313,0.00404,0.00017,0.00036,0.00339,0.01061,0.00138,0.01995
1403637173.238461971282959,0.00346,0.00020,0.00031,0.00505,0.00000,0.00144,0.01046
1403637173.288442850112915,0.00335,0.00019,0.00017,0.00476,0.00001,0.00143,0.00990
1403637173.338424921035767,0.00450,0.00019,0.00013,0.00429,0.00114,0.00156,0.01180
1403637173.388404607772827,0.00386,0.00019,0.00009,0.00418,0.00315,0.00148,0.01295
1403637173.438387155532837,0.00373,0.00018,0.00286,0.00413,0.00347,0.00164,0.01601
1403637173.488393545150757,0.00368,0.00019,0.00855,0.00463,0.00091,0.00146,0.01943
1403637173.538403749465942,0.00578,0.00018,0.00235,0.00469,0.00287,0.00157,0.01744
1403637173.588419198989868,0.00436,0.00019,0.00033,0.00480,0.00003,0.00158,0.01129
1403637173.638434648513794,0.00431,0.00019,0.00047,0.00474,0.00000,0.00156,0.01127
1403637173.688453674316406,0.00414,0.00020,0.00041,0.00432,0.00002,0.00156,0.01064
1403637173.738470554351807,0.00390,0.00018,0.00045,0.00402,0.00019,0.00154,0.01030
1403637173.788484573364258,0.00394,0.00017,0.00058,0.00308,0.00001,0.00143,0.00921
1403637173.838498115539551,0.00373,0.00017,0.00020,0.00284,0.00001,0.00149,0.00844
1403637173.888508319854736,0.00358,0.00017,0.00158,0.00267,0.00845,0.00147,0.01792
1403637173.938509464263916,0.00363,0.00028,0.00013,0.00370,0.00000,0.00146,0.00920
1403637173.988501548767090,0.00488,0.00020,0.00016,0.00304,0.00002,0.00151,0.00980
1403637174.038488626480103,0.00392,0.00018,0.00006,0.00423,0.00450,0.00154,0.01444
1403637174.088469028472900,0.00386,0.00018,0.00992,0.00270,0.00383,0.00145,0.02194
1403637174.138453483581543,0.00378,0.00018,0.00155,0.00324,0.00389,0.00153,0.01418
1403637174.188448905944824,0.00379,0.00019,0.00022,0.00373,0.00114,0.00150,0.01056
1403637174.238444328308105,0.00343,0.00019,0.00057,0.00288,0.00001,0.00140,0.00847
1403637174.288444519042969,0.00554,0.00018,0.00061,0.00229,0.00173,0.00147,0.01181
1403637174.338445186614990,0.00400,0.00018,0.00028,0.00242,0.00071,0.00144,0.00902
1403637174.388451576232910,0.00391,0.00017,0.00020,0.00211,0.00010,0.00144,0.00793
1403637174.438452482223511,0.00388,0.00017,0.00088,0.00219,0.00093,0.00152,0.00957
1403637174.488461732864380,0.00388,0.00016,0.00073,0.00212,0.00046,0.00152,0.00888
1403637174.538465976715088,0.00359,0.00015,0.00017,0.00214,0.00433,0.00153,0.01191
1403637174.588465213775635,0.00355,0.00016,0.00007,0.00248,0.00098,0.00146,0.00870
1403637174.638462781906128,0.00337,0.00017,0.00077,0.00223,0.00000,0.00145,0.00798
1403637174.688458442687988,0.00482,0.00018,0.00294,0.00228,0.00966,0.00154,0.02141
1403637174.738449811935425,0.00388,0.00017,0.00057,0.00238,0.00243,0.00146,0.01091
1403637174.788448333740234,0.00392,0.00018,0.00126,0.00141,0.00000,0.00141,0.00818
1403637174.838445186614990,0.00455,0.00016,0.00126,0.00111,0.02057,0.00151,0.02916
1403637174.888442277908325,0.00352,0.00019,0.00038,0.00353,0.00118,0.00146,0.01026
1403637174.938439369201660,0.00349,0.00018,0.00038,0.00362,0.00225,0.00140,0.01130
1403637174.988437652587891,0.00343,0.00019,0.00046,0.00400,0.00020,0.00140,0.00968
1403637175.038443565368652,0.00344,0.00017,0.00008,0.00387,0.00000,0.00139,0.00895
1403637175.088453054428101,0.00442,0.00017,0.00173,0.00355,0.00108,0.00152,0.01247
1403637175.138467073440552,0.00362,0.00017,0.00066,0.00373,0.00000,0.00149,0.00967
1403637175.188478946685791,0.00365,0.00018,0.00098,0.00326,0.00106,0.00150,0.01061
1403637175.238492012023926,0.00348,0.00018,0.00423,0.00351,0.01095,0.00135,0.02369
1403637175.288496255874634,0.00351,0.00019,0.00359,0.00507,0.00018,0.00145,0.01399
1403637175.338500261306763,0.00482,0.00019,0.00003,0.00552,0.00125,0.00145,0.01326
1403637175.388493776321411,0.00372,0.00019,0.00558,0.00521,0.00017,0.00160,0.01647
1403637175.438485860824585,0.00362,0.00019,0.00007,0.00499,0.00115,0.00142,0.01143
1403637175.488474607467651,0.00343,0.00018,0.00109,0.00491,0.00000,0.00142,0.01104
1403637175.538463115692139,0.00499,0.00020,0.00009,0.00492,0.00114,0.00141,0.01277
1403637175.588456869125366,0.00376,0.00019,0.00035,0.00492,0.00000,0.00163,0.01085
1403637175.638446807861328,0.00367,0.00019,0.00440,0.00476,0.00263,0.00140,0.01705
1403637175.688444375991821,0.00360,0.00019,0.00009,0.00503,0.00016,0.00148,0.01055
1403637175.738443136215210,0.00357,0.00018,0.00080,0.00498,0.00018,0.00163,0.01132
1403637175.788442134857178,0.00349,0.00019,0.00085,0.00494,0.00000,0.00154,0.01102
1403637175.838439464569092,0.00356,0.00018,0.00309,0.00455,0.00375,0.00138,0.01652
1403637175.888433456420898,0.00449,0.00019,0.00451,0.00545,0.00022,0.00142,0.01628
1403637175.938429355621338,0.00525,0.00019,0.00136,0.00520,0.00000,0.00159,0.01360
1403637175.988427400588989,0.00382,0.00019,0.00147,0.00489,0.00282,0.00149,0.01469
1403637176.038423061370850,0.00384,0.00019,0.00085,0.00542,0.00002,0.00141,0.01173
1403637176.088420629501343,0.00370,0.00019,0.00241,0.00449,0.00178,0.00146,0.01402
1403637176.138419628143311,0.00349,0.00019,0.00001,0.00440,0.00000,0.00139,0.00948
1403637176.188419580459595,0.00346,0.00018,0.00040,0.00419,0.00016,0.00144,0.00982
1403637176.238420963287354,0.00604,0.00020,0.00177,0.00441,0.00502,0.00144,0.01887
1403637176.288424968719482,0.00439,0.00019,0.00093,0.00533,0.00000,0.00154,0.01238
1403637176.338425874710083,0.00442,0.00019,0.00009,0.00512,0.00000,0.00166,0.01148
1403637176.388432264328003,0.00423,0.00019,0.00030,0.00507,0.00000,0.00164,0.01144
1403637176.438439369201660,0.00424,0.00019,0.00371,0.00454,0.00190,0.00157,0.01615
1403637176.488443136215210,0.00429,0.00019,0.00850,0.00469,0.00186,0.00161,0.02114
1403637176.538443088531494,0.00422,0.00019,0.00053,0.00492,0.00000,0.00168,0.01154
1403637176.588445663452148,0.00408,0.00021,0.00010,0.00474,0.00228,0.00161,0.01302
1403637176.638445377349854,0.00400,0.00018,0.00119,0.00455,0.00116,0.00155,0.01262
1403637176.688446044921875,0.00406,0.00020,0.00143,0.00417,0.00303,0.00163,0.01451
1403637176.738445997238159,0.00376,0.00020,0.00224,0.00452,0.00002,0.00150,0.01225
1403637176.788451671600342,0.00374,0.00019,0.01339,0.00440,0.00667,0.00141,0.02979
1403637176.838451147079468,0.00369,0.00019,0.00179,0.00559,0.00065,0.00160,0.01350
1403637176.888450860977173,0.00360,0.00019,0.00008,0.00538,0.00000,0.00148,0.01073
1403637176.938451290130615,0.00584,0.00019,0.00015,0.00456,0.00000,0.00156,0.01230
1403637176.988448858261108,0.00436,0.00018,0.00054,0.00402,0.00000,0.00153,0.01064
1403637177.038447380065918,0.00414,0.00019,0.00142,0.00374,0.00483,0.00156,0.01589
1403637177.088445663452148,0.00405,0.00020,0.00757,0.00406,0.00164,0.00145,0.01897
1403637177.138443231582642,0.00374,0.00018,0.00032,0.00450,0.00000,0.00151,0.01025
1403637177.188441753387451,0.00373,0.00019,0.00022,0.00443,0.00000,0.00155,0.01011
1403637177.238442182540894,0.00359,0.00018,0.00001,0.00420,0.00000,0.00148,0.00947
1403637177.288442373275757,0.00366,0.00019,0.00042,0.00398,0.00000,0.00143,0.00968
1403637177.338444948196411,0.00366,0.00017,0.00063,0.00348,0.00107,0.00153,0.01054
1403637177.388449907302856,0.00349,0.00018,0.00544,0.00320,0.00819,0.00144,0.02194
1403637177.438451528549194,0.00349,0.00019,0.00007,0.00455,0.00113,0.00163,0.01107
1403637177.488456010818481,0.00339,0.00019,0.00893,0.00440,0.00403,0.00135,0.02229
1403637177.538456439971924,0.00531,0.00019,0.00001,0.00482,0.00000,0.00176,0.01210
1403637177.588455438613892,0.00418,0.00019,0.00012,0.00440,0.00002,0.00152,0.01042
1403637177.638453483581543,0.00406,0.00020,0.00035,0.00415,0.00061,0.00150,0.01087
1403637177.688451051712036,0.00373,0.00018,0.00542,0.00404,0.00315,0.00139,0.01792
1403637177.738450527191162,0.00384,0.00019,0.00038,0.00457,0.00002,0.00154,0.01053
1403637177.788450479507446,0.00382,0.00018,0.00075,0.00431,0.00001,0.00149,0.01056
1403637177.838449716567993,0.00364,0.00018,0.00091,0.00422,0.00000,0.00155,0.01051
1403637177.888449907302856,0.00357,0.00020,0.00017,0.00389,0.00002,0.00150,0.00933
1403637177.938450574874878,0.00404,0.00019,0.00101,0.00360,0.00000,0.00150,0.01034
1403637177.988453626632690,0.00409,0.00019,0.00105,0.00364,0.00890,0.00155,0.01942
1403637178.038453340530396,0.00364,0.00019,0.00150,0.00441,0.00063,0.00153,0.01190
1403637178.088444709777832,0.00353,0.00018,0.01250,0.00402,0.00282,0.00134,0.02439
1403637178.138442754745483,0.00520,0.00019,0.00064,0.00377,0.00002,0.00148,0.01129
1403637178.188440561294556,0.00393,0.00019,0.00082,0.00305,0.00000,0.00148,0.00946
1403637178.238440036773682,0.00402,0.00020,0.00052,0.00259,0.00001,0.00140,0.00873
1403637178.288436412811279,0.00483,0.00018,0.00015,0.00213,0.00831,0.00146,0.01706
1403637178.338437318801880,0.00391,0.00018,0.00035,0.00299,0.00001,0.00140,0.00884
1403637178.388437509536743,0.00395,0.00019,0.00030,0.00279,0.00003,0.00136,0.00861
1403637178.438437223434448,0.00370,0.00017,0.00041,0.00225,0.00000,0.00144,0.00797
1403637178.488437414169312,0.00348,0.00015,0.00028,0.00194,0.00001,0.00141,0.00726
1403637178.538438558578491,0.00366,0.00017,0.00027,0.00197,0.00002,0.00144,0.00752
1403637178.588446378707886,0.00448,0.00016,0.00087,0.00177,0.00171,0.00150,0.01049
1403637178.638451337814331,0.00375,0.00017,0.00039,0.00198,0.00000,0.00143,0.00772
1403637178.688476562500000,0.00363,0.00016,0.00530,0.00205,0.01612,0.00146,0.02871
1403637178.738480329513550,0.00369,0.00018,0.00074,0.00387,0.00000,0.00149,0.00997
1403637178.788483381271362,0.00369,0.00017,0.00214,0.00385,0.00000,0.00144,0.01129
1403637178.838486671447754,0.00446,0.00017,0.00062,0.00359,0.00373,0.00145,0.01403
1403637178.888486623764038,0.00389,0.00018,0.00005,0.00373,0.00111,0.00140,0.01036
1403637178.938487529754639,0.00352,0.00018,0.00057,0.00373,0.00000,0.00204,0.01004
1403637178.988489389419556,0.00482,0.00019,0.00009,0.00383,0.00106,0.00137,0.01137
1403637179.038491249084473,0.00363,0.00016,0.00021,0.00393,0.00001,0.00142,0.00937
1403637179.088493108749390,0.00560,0.00029,0.00007,0.00387,0.00000,0.00149,0.01133
1403637179.138502836227417,0.00352,0.00015,0.00141,0.00321,0.00672,0.00142,0.01642
1403637179.188516139984131,0.00363,0.00019,0.00039,0.00447,0.00118,0.00135,0.01120
1403637179.238515138626099,0.00368,0.00019,0.00070,0.00433,0.00016,0.00149,0.01055
1403637179.288520097732544,0.00418,0.00019,0.00701,0.00457,0.00452,0.00143,0.02190
1403637179.338520526885986,0.00400,0.00019,0.00001,0.00557,0.00000,0.00143,0.01120
1403637179.388520002365112,0.00372,0.00020,0.00420,0.00534,0.00004,0.00151,0.01501
1403637179.438519716262817,0.00370,0.00019,0.00024,0.00498,0.00119,0.00143,0.01172
1403637179.488519906997681,0.00368,0.00019,0.00027,0.00486,0.00001,0.00138,0.01038
1403637179.538520812988281,0.00355,0.00019,0.00315,0.00431,0.00114,0.00155,0.01389
1403637179.588520050048828,0.00373,0.00018,0.00031,0.00444,0.00002,0.00145,0.01013
1403637179.638519287109375,0.00358,0.00018,0.00042,0.00425,0.00059,0.00166,0.01069
1403637179.688518285751343,0.00367,0.00019,0.00013,0.00403,0.00015,0.00142,0.00960
1403637179.738516092300415,0.00347,0.00017,0.00041,0.00394,0.00282,0.00141,0.01221
1403637179.788512706756592,0.00352,0.00018,0.00055,0.00415,0.00000,0.00151,0.00991
1403637179.838507652282715,0.00360,0.00019,0.00218,0.00380,0.00275,0.00153,0.01405
1403637179.888503313064575,0.00356,0.00019,0.00718,0.00410,0.00266,0.00138,0.01905
1403637179.938501358032227,0.00392,0.00019,0.00008,0.00470,0.00018,0.00142,0.01047
1403637179.988498210906982,0.00383,0.00019,0.00404,0.00448,0.00132,0.00151,0.01537
1403637180.038495302200317,0.00385,0.00019,0.00097,0.00461,0.00000,0.00148,0.01111
1403637180.088494539260864,0.00418,0.00019,0.00009,0.00429,0.00000,0.00159,0.01035
1403637180.138500213623047,0.00358,0.00021,0.00129,0.00383,0.00404,0.00144,0.01438
1403637180.188500404357910,0.00394,0.00019,0.00189,0.00427,0.00016,0.00159,0.01205
1403637180.238500118255615,0.00402,0.00019,0.00335,0.00387,0.00150,0.00146,0.01439
1403637180.288506507873535,0.00390,0.00019,0.00016,0.00334,0.00001,0.00144,0.00904
1403637180.338509559631348,0.00431,0.00018,0.00049,0.00285,0.00015,0.00139,0.00937
1403637180.388509750366211,0.00444,0.00017,0.00155,0.00251,0.00000,0.00148,0.01015
1403637180.438507556915283,0.00435,0.00018,0.00082,0.00215,0.00187,0.00207,0.01144
1403637180.488505125045776,0.00488,0.00017,0.00088,0.00201,0.00555,0.00154,0.01503
1403637180.538506984710693,0.00439,0.00017,0.00060,0.00241,0.00110,0.00182,0.01048
1403637180.588508844375610,0.00500,0.00018,0.00099,0.00251,0.00160,0.00149,0.01177
1403637180.638503789901733,0.00388,0.00017,0.00038,0.00274,0.00587,0.00194,0.01499
1403637180.688501596450806,0.00412,0.00019,0.00008,0.00347,0.00000,0.00142,0.00928
1403637180.738498926162720,0.00371,0.00017,0.00002,0.00342,0.00505,0.00145,0.01381
1403637180.788494110107422,0.00345,0.00018,0.00016,0.00406,0.00557,0.00152,0.01494
1403637180.838499546051025,0.00387,0.00018,0.00391,0.00461,0.00000,0.00145,0.01402
1403637180.888504266738892,0.00360,0.00020,0.00372,0.00424,0.00002,0.00142,0.01319
1403637180.938510179519653,0.00417,0.00020,0.00171,0.00355,0.00370,0.00140,0.01474
1403637180.988517522811890,0.00363,0.00018,0.00293,0.00457,0.00239,0.00143,0.01514
1403637181.038527727127075,0.00473,0.00018,0.00188,0.00441,0.00253,0.00137,0.01511
1403637181.088537454605103,0.00372,0.00019,0.00119,0.00529,0.00346,0.00258,0.01642
1403637181.138541221618652,0.00367,0.00019,0.00575,0.00468,0.00133,0.00141,0.01702
1403637181.188542842864990,0.00371,0.00019,0.00030,0.00453,0.00001,0.00145,0.01019
1403637181.238542556762695,0.00412,0.00018,0.00010,0.00376,0.00067,0.00149,0.01032
1403637181.288542747497559,0.00374,0.00018,0.00099,0.00340,0.00015,0.00143,0.00989
1403637181.338541507720947,0.00434,0.00019,0.00047,0.00307,0.00015,0.00143,0.00965
1403637181.388540983200073,0.00385,0.00018,0.00010,0.00291,0.00054,0.00143,0.00901
1403637181.438540220260620,0.00414,0.00017,0.00042,0.00260,0.00245,0.00145,0.01122
1403637181.488538265228271,0.00371,0.00017,0.00188,0.00245,0.00397,0.00149,0.01367
1403637181.538539886474609,0.00357,0.00018,0.00023,0.00263,0.00019,0.00137,0.00815
1403637181.588544368743896,0.00436,0.00017,0.00377,0.00255,0.01280,0.00144,0.02509
1403637181.638545989990234,0.00393,0.00019,0.00095,0.00414,0.00029,0.00143,0.01094
1403637181.688547849655151,0.00370,0.00019,0.00084,0.00429,0.00000,0.00152,0.01054
1403637181.738550662994385,0.00378,0.00019,0.00317,0.00357,0.00397,0.00148,0.01615
1403637181.788548469543457,0.00468,0.00019,0.00338,0.00378,0.00338,0.00150,0.01691
1403637181.838547945022583,0.00393,0.00019,0.00028,0.00418,0.00001,0.00157,0.01015
1403637181.888547658920288,0.00374,0.00017,0.00045,0.00356,0.00205,0.00144,0.01141
1403637181.938547849655151,0.00367,0.00018,0.00074,0.00353,0.00059,0.00145,0.01016
1403637181.988545894622803,0.00370,0.00018,0.00335,0.00317,0.00543,0.00139,0.01722
1403637182.038542985916138,0.00514,0.00021,0.00090,0.00397,0.00074,0.00153,0.01248
1403637182.088541507720947,0.00407,0.00018,0.00161,0.00378,0.00000,0.00149,0.01114
1403637182.138542175292969,0.00397,0.00019,0.00404,0.00319,0.00519,0.00155,0.01812
1403637182.188541173934937,0.00374,0.00019,0.00042,0.00373,0.00273,0.00150,0.01231
1403637182.238541603088379,0.00374,0.00018,0.00106,0.00371,0.00001,0.00141,0.01011
1403637182.288541555404663,0.00357,0.00018,0.00007,0.00359,0.00000,0.00143,0.00884
1403637182.338541507720947,0.00355,0.00018,0.00110,0.00336,0.00758,0.00147,0.01724
1403637182.388541460037231,0.00353,0.00019,0.00015,0.00386,0.00236,0.00144,0.01153
1403637182.438540935516357,0.00568,0.00018,0.00095,0.00398,0.00060,0.00149,0.01288
1403637182.488539218902588,0.00412,0.00019,0.00061,0.00386,0.00056,0.00145,0.01078
1403637182.538538217544556,0.00401,0.00018,0.00033,0.00350,0.00015,0.00144,0.00962
1403637182.588537693023682,0.00384,0.00018,0.00847,0.00319,0.00946,0.00141,0.02655
1403637182.638533115386963,0.00377,0.00019,0.00031,0.00437,0.00001,0.00143,0.01007
1403637182.688529729843140,0.00372,0.00018,0.00090,0.00407,0.00017,0.00145,0.01050
1403637182.738525629043579,0.00346,0.00018,0.00031,0.00404,0.00362,0.00150,0.01311
1403637182.788525581359863,0.00347,0.00018,0.00009,0.00451,0.00078,0.00139,0.01042
1403637182.838525533676147,0.00354,0.00018,0.00007,0.00447,0.00000,0.00142,0.00968
1403637182.888525247573853,0.00336,0.00018,0.00045,0.00438,0.00000,0.00147,0.00984
1403637182.938525199890137,0.00347,0.00018,0.00001,0.00448,0.00000,0.00142,0.00957
1403637182.988521337509155,0.00345,0.00018,0.00962,0.00454,0.00474,0.00133,0.02385
1403637183.038521051406860,0.00499,0.00020,0.00005,0.00487,0.00000,0.00141,0.01152
1403637183.088520288467407,0.00403,0.00019,0.00070,0.00485,0.00000,0.00156,0.01132
1403637183.138520240783691,0.00399,0.00019,0.00011,0.00460,0.00003,0.00154,0.01046
1403637183.188520193099976,0.00387,0.00018,0.00549,0.00454,0.00333,0.00145,0.01886
1403637183.238521099090576,0.00392,0.00019,0.00027,0.00487,0.00060,0.00154,0.01139
1403637183.288521289825439,0.00385,0.00018,0.00023,0.00493,0.00118,0.00168,0.01205
1403637183.338521718978882,0.00386,0.00020,0.00035,0.00501,0.00002,0.00146,0.01090
1403637183.388521909713745,0.00396,0.00019,0.00010,0.00499,0.00020,0.00146,0.01091
1403637183.438522100448608,0.00368,0.00018,0.00053,0.00486,0.00002,0.00152,0.01078
1403637183.488521337509155,0.00372,0.00019,0.00002,0.00476,0.00000,0.00152,0.01020
1403637183.538520812988281,0.00363,0.00018,0.00002,0.00473,0.00000,0.00150,0.01005
1403637183.588520050048828,0.00363,0.00019,0.01385,0.00456,0.00427,0.00137,0.02786
1403637183.638517618179321,0.00367,0.00019,0.00005,0.00537,0.00065,0.00154,0.01146
1403637183.688519001007080,0.00364,0.00020,0.00008,0.00534,0.00003,0.00160,0.01088
1403637183.738520145416260,0.00374,0.00020,0.00109,0.00526,0.00120,0.00154,0.01303
1403637183.788520097732544,0.00374,0.00019,0.00466,0.00508,0.00001,0.00148,0.01514
1403637183.838519096374512,0.00352,0.00019,0.00012,0.00454,0.00110,0.00147,0.01094
1403637183.888518571853638,0.00355,0.00019,0.00010,0.00480,0.00002,0.00141,0.01006
1403637183.938519477844238,0.00341,0.00018,0.00042,0.00468,0.00114,0.00144,0.01126
1403637183.988518953323364,0.00347,0.00019,0.00004,0.00508,0.00081,0.00150,0.01110
1403637184.038521289825439,0.00339,0.00019,0.00036,0.00510,0.00118,0.00147,0.01168
1403637184.088522434234619,0.00345,0.00020,0.00061,0.00500,0.00000,0.00146,0.01072
1403637184.138525009155273,0.00458,0.00020,0.00008,0.00483,0.00003,0.00143,0.01114
1403637184.188528537750244,0.00338,0.00018,0.00926,0.00487,0.00227,0.00144,0.02141
1403637184.238529920578003,0.00343,0.00019,0.00001,0.00465,0.00000,0.00148,0.00976
1403637184.288532972335815,0.00343,0.00018,0.00008,0.00453,0.00117,0.00146,0.01085
1403637184.338533878326416,0.00342,0.00018,0.00021,0.00434,0.00111,0.00145,0.01070
1403637184.388538599014282,0.00667,0.00016,0.00327,0.00437,0.00483,0.00159,0.02089
1403637184.438542604446411,0.00451,0.00021,0.00017,0.00502,0.00001,0.00154,0.01145
1403637184.488549947738647,0.00432,0.00019,0.00047,0.00414,0.00114,0.00149,0.01176
1403637184.538555383682251,0.00414,0.00019,0.00082,0.00349,0.00002,0.00151,0.01017
1403637184.588563203811646,0.00392,0.00019,0.00023,0.00311,0.00022,0.00148,0.00915
1403637184.638567447662354,0.00405,0.00019,0.00115,0.00242,0.00003,0.00146,0.00929
1403637184.688569068908691,0.00386,0.00019,0.00109,0.00215,0.00002,0.00143,0.00873
1403637184.738571643829346,0.00349,0.00016,0.00185,0.00210,0.00088,0.00148,0.00997
1403637184.788567543029785,0.00430,0.00015,0.00253,0.00214,0.01037,0.00146,0.02096
1403637184.838566780090332,0.00676,0.00018,0.00026,0.00327,0.00002,0.00146,0.01195
1403637184.888561964035034,0.00466,0.00016,0.00033,0.00276,0.00098,0.00141,0.01030
1403637184.938555002212524,0.00365,0.00017,0.00319,0.00287,0.00943,0.00141,0.02072
1403637184.988552093505859,0.00356,0.00019,0.00325,0.00399,0.00086,0.00146,0.01330
1403637185.038547992706299,0.00353,0.00019,0.00026,0.00396,0.00061,0.00146,0.01000
1403637185.088544130325317,0.00368,0.00020,0.00029,0.00388,0.00002,0.00142,0.00949
1403637185.138538122177124,0.00335,0.00019,0.00011,0.00414,0.00002,0.00158,0.00938
1403637185.188531160354614,0.00334,0.00018,0.00006,0.00361,0.00531,0.00145,0.01395
1403637185.238529205322266,0.00318,0.00019,0.00081,0.00448,0.00337,0.00131,0.01334
1403637185.288527965545654,0.00324,0.00018,0.00060,0.00515,0.00117,0.00138,0.01173
1403637185.338526964187622,0.00332,0.00019,0.00232,0.00510,0.00116,0.00150,0.01361
1403637185.388529777526855,0.00334,0.00022,0.00642,0.00517,0.00093,0.00143,0.01752
1403637185.438529491424561,0.00327,0.00019,0.00116,0.00500,0.00001,0.00146,0.01110
1403637185.488525867462158,0.00633,0.00021,0.00053,0.00475,0.00115,0.00162,0.01460
1403637185.538519859313965,0.00453,0.00020,0.00236,0.00461,0.00223,0.00157,0.01549
1403637185.588517189025879,0.00458,0.00019,0.00310,0.00501,0.00179,0.00152,0.01619
1403637185.638509511947632,0.00451,0.00020,0.00035,0.00513,0.00001,0.00166,0.01185
1403637185.688505887985229,0.00441,0.00020,0.00033,0.00505,0.00180,0.00159,0.01338
1403637185.738504648208618,0.00428,0.00020,0.00080,0.00568,0.00001,0.00170,0.01267
1403637185.788502216339111,0.00418,0.00019,0.00049,0.00510,0.00000,0.00156,0.01152
1403637185.838501453399658,0.00410,0.00019,0.00115,0.00486,0.00037,0.00165,0.01232
1403637185.888499736785889,0.00410,0.00020,0.00071,0.00503,0.00119,0.00169,0.01291
1403637185.938497066497803,0.00396,0.00019,0.00071,0.00484,0.00229,0.00174,0.01373
1403637185.988487958908081,0.00395,0.00019,0.00603,0.00555,0.00119,0.00160,0.01851
1403637186.038470745086670,0.00396,0.00019,0.01265,0.00539,0.00000,0.00163,0.02382
1403637186.088467359542847,0.00404,0.00019,0.00333,0.00541,0.00014,0.00164,0.01475
1403637186.138464212417603,0.00400,0.00020,0.00218,0.00601,0.00198,0.00216,0.01654
1403637186.188460588455200,0.00398,0.00021,0.00252,0.00559,0.00062,0.00154,0.01446
1403637186.238457918167114,0.00379,0.00019,0.00066,0.00585,0.00000,0.00157,0.01207
1403637186.288455963134766,0.00376,0.00019,0.00004,0.00564,0.00000,0.00158,0.01122
1403637186.338454961776733,0.00379,0.00019,0.00221,0.00560,0.00002,0.00156,0.01338
1403637186.388455152511597,0.00384,0.00019,0.00002,0.00532,0.00000,0.00155,0.01092
1403637186.438455343246460,0.00372,0.00018,0.00124,0.00519,0.00025,0.00162,0.01219
1403637186.488456726074219,0.00377,0.00020,0.00064,0.00499,0.00117,0.00157,0.01234
1403637186.538454532623291,0.00386,0.00019,0.00059,0.00523,0.00126,0.00157,0.01271
1403637186.588456630706787,0.00367,0.00019,0.00639,0.00536,0.00000,0.00157,0.01719
1403637186.638455629348755,0.00364,0.00019,0.01458,0.00548,0.00020,0.00147,0.02555
1403637186.688454627990723,0.00389,0.00019,0.00101,0.00541,0.00118,0.00150,0.01319
1403637186.738453865051270,0.00355,0.00018,0.00308,0.00558,0.00000,0.00151,0.01390
1403637186.788452148437500,0.00356,0.00019,0.00108,0.00551,0.00063,0.00144,0.01241
1403637186.838451385498047,0.00351,0.00019,0.00069,0.00575,0.00000,0.00153,0.01168
1403637186.888450860977173,0.00349,0.00019,0.00009,0.00568,0.00000,0.00142,0.01089
1403637186.938452482223511,0.00336,0.00019,0.00291,0.00576,0.00000,0.00148,0.01370
1403637186.988455057144165,0.00335,0.00021,0.00002,0.00573,0.00000,0.00158,0.01090
1403637187.038459300994873,0.00337,0.00018,0.00164,0.00552,0.00000,0.00166,0.01237
1403637187.088463306427002,0.00344,0.00019,0.00124,0.00550,0.00000,0.00144,0.01180
1403637187.138464927673340,0.00354,0.00019,0.00123,0.00549,0.00003,0.00172,0.01220
1403637187.188463687896729,0.00342,0.00019,0.00500,0.00537,0.00062,0.00141,0.01600
1403637187.238457918167114,0.00339,0.00019,0.01091,0.00525,0.00000,0.00149,0.02123
1403637187.288457155227661,0.00352,0.00018,0.00047,0.00521,0.00062,0.00142,0.01142
1403637187.338455200195312,0.00344,0.00019,0.00214,0.00537,0.00121,0.00265,0.01501
1403637187.388455152511597,0.00383,0.00019,0.00101,0.00553,0.00000,0.00146,0.01203
1403637187.438455343246460,0.00331,0.00019,0.00054,0.00554,0.00000,0.00246,0.01205
1403637187.488455295562744,0.00382,0.00019,0.00040,0.00542,0.00000,0.00151,0.01134
1403637187.538456201553345,0.00544,0.00020,0.00321,0.00511,0.00002,0.00255,0.01654
1403637187.588457107543945,0.00442,0.00020,0.00053,0.00508,0.00000,0.00167,0.01190
1403637187.638457536697388,0.00404,0.00018,0.00182,0.00472,0.00037,0.00275,0.01388
1403637187.688458204269409,0.00433,0.00021,0.00003,0.00491,0.00020,0.00159,0.01128
1403637187.738458633422852,0.00397,0.00019,0.00008,0.00485,0.00113,0.00221,0.01243
1403637187.788457393646240,0.00443,0.00019,0.00406,0.00490,0.00294,0.00153,0.01805
1403637187.838458776473999,0.00421,0.00020,0.00889,0.00555,0.00000,0.00151,0.02036
1403637187.888458251953125,0.00400,0.00019,0.00107,0.00539,0.00000,0.00168,0.01233
1403637187.938458919525146,0.00390,0.00020,0.00284,0.00558,0.00000,0.00156,0.01408
1403637187.988459348678589,0.00395,0.00019,0.00162,0.00513,0.00002,0.00163,0.01253
1403637188.038460016250610,0.00387,0.00018,0.00032,0.00514,0.00065,0.00158,0.01173
1403637188.088460206985474,0.00379,0.00018,0.01243,0.00509,0.00116,0.00161,0.02427
1403637188.138460874557495,0.00379,0.00019,0.00313,0.00517,0.00137,0.00150,0.01515
1403637188.188462257385254,0.00370,0.00019,0.00008,0.00530,0.00000,0.00149,0.01077
1403637188.238463163375854,0.00398,0.00027,0.00201,0.00519,0.00121,0.00197,0.01461
1403637188.288464307785034,0.00417,0.00020,0.00067,0.00512,0.00000,0.00147,0.01164
1403637188.338464736938477,0.00377,0.00019,0.00032,0.00476,0.00002,0.00194,0.01100
1403637188.388464689254761,0.00414,0.00020,0.00046,0.00473,0.00061,0.00150,0.01165
1403637188.438462734222412,0.00367,0.00018,0.00491,0.00472,0.00354,0.00189,0.01892
1403637188.488462686538696,0.00392,0.00019,0.00040,0.00515,0.00124,0.00207,0.01297
1403637188.538462638854980,0.00359,0.00019,0.00054,0.00538,0.00130,0.00188,0.01289
1403637188.588461399078369,0.00389,0.00019,0.00214,0.00545,0.00000,0.00147,0.01315
1403637188.638462543487549,0.00597,0.00019,0.00010,0.00508,0.00000,0.00201,0.01335
1403637188.688461065292358,0.00454,0.00020,0.00843,0.00435,0.00225,0.00154,0.02131
1403637188.738462686538696,0.00426,0.00019,0.00119,0.00427,0.00121,0.00199,0.01311
1403637188.788463830947876,0.00441,0.00019,0.00020,0.00431,0.00002,0.00151,0.01064
1403637188.838464736938477,0.00414,0.00018,0.00004,0.00431,0.00036,0.00202,0.01106
1403637188.888463020324707,0.00418,0.00017,0.00041,0.00391,0.00020,0.00149,0.01035
1403637188.938460588455200,0.00396,0.00018,0.00053,0.00380,0.00108,0.00208,0.01162
1403637188.988457441329956,0.00408,0.00018,0.00006,0.00388,0.00107,0.00150,0.01078
1403637189.038452863693237,0.00396,0.00025,0.00011,0.00364,0.00722,0.00177,0.01695
1403637189.088450193405151,0.00410,0.00020,0.00205,0.00459,0.00000,0.00145,0.01239
1403637189.138447284698486,0.00377,0.00019,0.00095,0.00452,0.00003,0.00190,0.01135
1403637189.188447952270508,0.00400,0.00020,0.00860,0.00458,0.00343,0.00142,0.02223
1403637189.238447904586792,0.00360,0.00019,0.00006,0.00503,0.00001,0.00186,0.01075
1403637189.288447141647339,0.00484,0.00020,0.00716,0.00570,0.00225,0.00139,0.02155
1403637189.338447809219360,0.00509,0.00019,0.00024,0.00441,0.00000,0.00183,0.01176
1403637189.388447761535645,0.00457,0.00019,0.00014,0.00432,0.00019,0.00151,0.01092
1403637189.438447713851929,0.00416,0.00018,0.00022,0.00394,0.00035,0.00184,0.01070
1403637189.488446235656738,0.00435,0.00018,0.00041,0.00385,0.00122,0.00152,0.01153
1403637189.538446664810181,0.00404,0.00016,0.00005,0.00408,0.00000,0.00194,0.01027
1403637189.588449478149414,0.00430,0.00018,0.00086,0.00370,0.00000,0.00152,0.01056
1403637189.638453006744385,0.00391,0.00017,0.00096,0.00375,0.00000,0.00191,0.01070
1403637189.688457965850830,0.00410,0.00019,0.00036,0.00375,0.00000,0.00145,0.00985
1403637189.738464593887329,0.00392,0.00018,0.00170,0.00319,0.00104,0.00199,0.01203
1403637189.788473606109619,0.00395,0.00017,0.00310,0.00337,0.00820,0.00147,0.02026
1403637189.838475465774536,0.00470,0.00018,0.00290,0.00452,0.00058,0.00191,0.01480
1403637189.888477325439453,0.00424,0.00018,0.00738,0.00454,0.00331,0.00141,0.02106
1403637189.938471794128418,0.00385,0.00019,0.00004,0.00499,0.00000,0.00163,0.01070
1403637189.988469839096069,0.00423,0.00018,0.00044,0.00442,0.00020,0.00145,0.01092
1403637190.038468837738037,0.00396,0.00019,0.00020,0.00408,0.00035,0.00190,0.01068
1403637190.088469266891479,0.00426,0.00018,0.00031,0.00360,0.00020,0.00147,0.01004
1403637190.138469696044922,0.00416,0.00018,0.00007,0.00343,0.00000,0.00185,0.00970
1403637190.188470363616943,0.00483,0.00028,0.00031,0.00309,0.00001,0.00144,0.00996
1403637190.238470792770386,0.00404,0.00018,0.00038,0.00303,0.00000,0.00181,0.00945
1403637190.288471221923828,0.00462,0.00016,0.00060,0.00291,0.00002,0.00140,0.00971
1403637190.338471889495850,0.00393,0.00016,0.00068,0.00289,0.00000,0.00165,0.00932
1403637190.388473987579346,0.00444,0.00017,0.00043,0.00284,0.01003,0.00141,0.01932
1403637190.438474416732788,0.00430,0.00019,0.00064,0.00335,0.00259,0.00144,0.01251
1403637190.488473653793335,0.00363,0.00018,0.00546,0.00336,0.00361,0.00162,0.01785
1403637190.538472652435303,0.00400,0.00019,0.00032,0.00340,0.00002,0.00134,0.00926
1403637190.588470935821533,0.00411,0.00017,0.00059,0.00330,0.00002,0.00136,0.00954
1403637190.638467311859131,0.00372,0.00017,0.00009,0.00307,0.00180,0.00140,0.01025
1403637190.688462972640991,0.00362,0.00017,0.00058,0.00321,0.00557,0.00153,0.01467
1403637190.738462448120117,0.00404,0.00019,0.00009,0.00392,0.00002,0.00137,0.00963
1403637190.788461923599243,0.00352,0.00019,0.00007,0.00396,0.00000,0.00141,0.00914
1403637190.838462591171265,0.00348,0.00017,0.00019,0.00381,0.00623,0.00141,0.01529
1403637190.888463497161865,0.00420,0.00020,0.00028,0.00504,0.00118,0.00151,0.01240
1403637190.938464879989624,0.00376,0.00019,0.00014,0.00507,0.00000,0.00141,0.01059
1403637190.988464117050171,0.00355,0.00020,0.00300,0.00499,0.00148,0.00169,0.01491
1403637191.038463592529297,0.00359,0.00019,0.00009,0.00509,0.00002,0.00148,0.01047
1403637191.088462114334106,0.00453,0.00019,0.00593,0.00502,0.00005,0.00147,0.01719
1403637191.138459682464600,0.00375,0.00019,0.00344,0.00448,0.00127,0.00143,0.01457
1403637191.188458442687988,0.00366,0.00019,0.00004,0.00655,0.00186,0.00220,0.01450
1403637191.238456487655640,0.00360,0.00018,0.00067,0.00470,0.00005,0.00153,0.01073
1403637191.288456678390503,0.00360,0.00019,0.00106,0.00469,0.00011,0.00141,0.01105
1403637191.338456630706787,0.00364,0.00019,0.00035,0.00479,0.00115,0.00135,0.01147
1403637191.388456821441650,0.00354,0.00019,0.00013,0.00482,0.00000,0.00147,0.01015
1403637191.438455820083618,0.00346,0.00019,0.00220,0.00467,0.00281,0.00160,0.01491
1403637191.488455295562744,0.00348,0.00019,0.00026,0.00538,0.00002,0.00141,0.01074
1403637191.538455486297607,0.00350,0.00019,0.00001,0.00535,0.00000,0.00140,0.01045
1403637191.588456153869629,0.00350,0.00020,0.00117,0.00531,0.00120,0.00140,0.01278
1403637191.638456344604492,0.00351,0.00020,0.00454,0.00533,0.00000,0.00148,0.01508
1403637191.688456058502197,0.00452,0.00019,0.00571,0.00525,0.00004,0.00139,0.01711
1403637191.738456964492798,0.00379,0.00020,0.00171,0.00509,0.00178,0.00139,0.01396
1403637191.788456201553345,0.00362,0.00019,0.00013,0.00452,0.00000,0.00145,0.00990
1403637191.838452816009521,0.00368,0.00018,0.00067,0.00410,0.00039,0.00142,0.01043
1403637191.888449907302856,0.00338,0.00018,0.00114,0.00377,0.00166,0.00137,0.01150
1403637191.938447237014771,0.00502,0.00020,0.00013,0.00380,0.00001,0.00154,0.01070
1403637191.988445043563843,0.00386,0.00018,0.00040,0.00345,0.00000,0.00145,0.00935
1403637192.038446187973022,0.00364,0.00017,0.00006,0.00332,0.00210,0.00147,0.01075
1403637192.088448047637939,0.00424,0.00019,0.00013,0.00348,0.00118,0.00156,0.01077
1403637192.138447761535645,0.00372,0.00017,0.00012,0.00355,0.00000,0.00137,0.00893
1403637192.188446521759033,0.00352,0.00017,0.00013,0.00359,0.00163,0.00145,0.01049
1403637192.238443851470947,0.00470,0.00018,0.00329,0.00360,0.00709,0.00141,0.02028
1403637192.288444042205811,0.00404,0.00019,0.00433,0.00460,0.00114,0.00147,0.01577
1403637192.338443756103516,0.00377,0.00019,0.00013,0.00456,0.00168,0.00166,0.01199
1403637192.388443946838379,0.00380,0.00019,0.00005,0.00486,0.00000,0.00143,0.01033
1403637192.438445329666138,0.00370,0.00019,0.00037,0.00460,0.00187,0.00149,0.01222
1403637192.488446235656738,0.00372,0.00019,0.00243,0.00494,0.00008,0.00151,0.01287
1403637192.538446903228760,0.00376,0.00019,0.00008,0.00475,0.00004,0.00146,0.01029
1403637192.588446855545044,0.00373,0.00019,0.00001,0.00479,0.00000,0.00158,0.01031
1403637192.638448238372803,0.00358,0.00018,0.00267,0.00479,0.00222,0.00138,0.01484
1403637192.688448429107666,0.00355,0.00019,0.00078,0.00519,0.00000,0.00160,0.01131
1403637192.738448381423950,0.00359,0.00020,0.00070,0.00521,0.00000,0.00140,0.01111
1403637192.788451194763184,0.00342,0.00020,0.00419,0.00511,0.00114,0.00148,0.01553
1403637192.838451147079468,0.00343,0.00019,0.00345,0.00507,0.00066,0.00159,0.01440
1403637192.888451099395752,0.00347,0.00019,0.00389,0.00507,0.00000,0.00166,0.01429
1403637192.938450574874878,0.00445,0.00020,0.00014,0.00480,0.00119,0.00149,0.01227
1403637192.988450050354004,0.00379,0.00020,0.00035,0.00495,0.00000,0.00150,0.01079
1403637193.038450002670288,0.00372,0.00019,0.00006,0.00470,0.00113,0.00140,0.01119
1403637193.088450431823730,0.00386,0.00023,0.00142,0.00505,0.00066,0.00147,0.01268
1403637193.138452529907227,0.00374,0.00019,0.00071,0.00507,0.00122,0.00150,0.01243
1403637193.188453674316406,0.00370,0.00022,0.00009,0.00526,0.00000,0.00147,0.01074
1403637193.238453865051270,0.00551,0.00019,0.00100,0.00504,0.00064,0.00154,0.01392
1403637193.288454294204712,0.00409,0.00020,0.00018,0.00505,0.00000,0.00149,0.01101
1403637193.338454484939575,0.00405,0.00019,0.00039,0.00438,0.00002,0.00156,0.01060
1403637193.388454437255859,0.00397,0.00019,0.00288,0.00410,0.00336,0.00154,0.01605
1403637193.438453912734985,0.00379,0.00018,0.00129,0.00421,0.00186,0.00150,0.01282
1403637193.488454103469849,0.00379,0.00019,0.00581,0.00440,0.00119,0.00142,0.01680
1403637193.538453340530396,0.00374,0.00019,0.00024,0.00415,0.00113,0.00142,0.01086
1403637193.588453769683838,0.00463,0.00019,0.00013,0.00371,0.00000,0.00143,0.01009
1403637193.638455390930176,0.00387,0.00018,0.00017,0.00355,0.00106,0.00149,0.01032
1403637193.688456296920776,0.00374,0.00017,0.00037,0.00350,0.00216,0.00163,0.01157
1403637193.738456010818481,0.00378,0.00018,0.00025,0.00373,0.00003,0.00141,0.00937
1403637193.788456678390503,0.00374,0.00018,0.00265,0.00368,0.00640,0.00214,0.01879
1403637193.838455438613892,0.00414,0.00019,0.00012,0.00385,0.00003,0.00135,0.00968
1403637193.888455390930176,0.00392,0.00020,0.00017,0.00338,0.00015,0.00187,0.00969
1403637193.938457012176514,0.00403,0.00018,0.00043,0.00328,0.00106,0.00161,0.01059
1403637193.988459348678589,0.00450,0.00018,0.00016,0.00308,0.00202,0.00191,0.01184
1403637194.038461446762085,0.00427,0.00017,0.00009,0.00296,0.00023,0.00142,0.00915
1403637194.088460922241211,0.00383,0.00017,0.00018,0.00252,0.00862,0.00162,0.01693
1403637194.138459444046021,0.00440,0.00018,0.00310,0.00347,0.00446,0.00143,0.01704
1403637194.188459396362305,0.00382,0.00019,0.00010,0.00419,0.00001,0.00162,0.00992
1403637194.238459348678589,0.00436,0.00018,0.00011,0.00386,0.00109,0.00156,0.01117
1403637194.288460254669189,0.00370,0.00017,0.00003,0.00384,0.00107,0.00159,0.01040
1403637194.338460445404053,0.00413,0.00018,0.00034,0.00366,0.00004,0.00143,0.00977
1403637194.388460159301758,0.00433,0.00018,0.00008,0.00341,0.00009,0.00162,0.00971
1403637194.438460588455200,0.00422,0.00017,0.00030,0.00322,0.00003,0.00137,0.00931
1403637194.488461256027222,0.00373,0.00017,0.00055,0.00316,0.00002,0.00162,0.00924
1403637194.538464784622192,0.00436,0.00017,0.00030,0.00296,0.01240,0.00144,0.02163
1403637194.588465213775635,0.00437,0.00018,0.00010,0.00452,0.00023,0.00165,0.01105
1403637194.638465404510498,0.00413,0.00018,0.00014,0.00411,0.00025,0.00143,0.01025
1403637194.688465595245361,0.00375,0.00018,0.00009,0.00393,0.00011,0.00157,0.00964
1403637194.738465785980225,0.00452,0.00018,0.00023,0.00387,0.00123,0.00141,0.01144
1403637194.788466453552246,0.00406,0.00018,0.00006,0.00398,0.00057,0.00184,0.01068
1403637194.838466405868530,0.00404,0.00019,0.00011,0.00383,0.00003,0.00136,0.00955
1403637194.888466358184814,0.00363,0.00018,0.00043,0.00349,0.00111,0.00190,0.01073
1403637194.938466548919678,0.00410,0.00018,0.00120,0.00351,0.00579,0.00135,0.01613
1403637194.988466978073120,0.00418,0.00019,0.00010,0.00406,0.00008,0.00180,0.01041
1403637195.038467407226562,0.00401,0.00019,0.00081,0.00358,0.00055,0.00140,0.01053
1403637195.088467359542847,0.00414,0.00018,0.00011,0.00358,0.00021,0.00185,0.01007
1403637195.138467788696289,0.00453,0.00017,0.00150,0.00279,0.00211,0.00138,0.01248
1403637195.188466548919678,0.00425,0.00017,0.00010,0.00293,0.00002,0.00179,0.00926
1403637195.238465070724487,0.00442,0.00017,0.00024,0.00276,0.00040,0.00131,0.00929
1403637195.288464069366455,0.00412,0.00017,0.00030,0.00267,0.00402,0.00199,0.01325
1403637195.338462352752686,0.00420,0.00017,0.00020,0.00310,0.00269,0.00136,0.01172
1403637195.388461351394653,0.00395,0.00018,0.00010,0.00347,0.00117,0.00135,0.01023
1403637195.438461065292358,0.00412,0.00017,0.00042,0.00366,0.00002,0.00143,0.00982
1403637195.488460540771484,0.00413,0.00017,0.00070,0.00350,0.00005,0.00182,0.01036
1403637195.538460969924927,0.00447,0.00017,0.00012,0.00340,0.00625,0.00139,0.01580
1403637195.588460683822632,0.00448,0.00019,0.00006,0.00440,0.00168,0.00147,0.01227
1403637195.638460397720337,0.00378,0.00018,0.00087,0.00432,0.00156,0.00140,0.01212
1403637195.688458442687988,0.00444,0.00018,0.00012,0.00432,0.00143,0.00186,0.01237
1403637195.738458156585693,0.00424,0.00020,0.00011,0.00460,0.00078,0.00146,0.01140
1403637195.788456678390503,0.00376,0.00019,0.00012,0.00434,0.00174,0.00133,0.01146
1403637195.838454961776733,0.00381,0.00019,0.00394,0.00435,0.00021,0.00152,0.01402
1403637195.888455152511597,0.00456,0.00019,0.00195,0.00406,0.00063,0.00179,0.01317
1403637195.938453435897827,0.00466,0.00018,0.00049,0.00411,0.00450,0.00133,0.01528
1403637195.988453388214111,0.00394,0.00019,0.00013,0.00443,0.00227,0.00141,0.01237
1403637196.038449525833130,0.00422,0.00019,0.00012,0.00458,0.00000,0.00144,0.01056
1403637196.088448524475098,0.00389,0.00019,0.00071,0.00447,0.00283,0.00141,0.01350
1403637196.138445377349854,0.00428,0.00020,0.00315,0.00454,0.00116,0.00154,0.01487
1403637196.188443422317505,0.00384,0.00019,0.00021,0.00465,0.00060,0.00139,0.01088
1403637196.238443374633789,0.00569,0.00019,0.00024,0.00530,0.00000,0.00142,0.01284
1403637196.288444519042969,0.00375,0.00018,0.00039,0.00401,0.00239,0.00140,0.01211
1403637196.338445663452148,0.00406,0.00019,0.00001,0.00449,0.00000,0.00151,0.01026
1403637196.388446092605591,0.00373,0.00019,0.00177,0.00407,0.00205,0.00140,0.01322
1403637196.438447237014771,0.00413,0.00018,0.00377,0.00341,0.00238,0.00154,0.01541
1403637196.488447904586792,0.00360,0.00019,0.00173,0.00345,0.00341,0.00215,0.01453
1403637196.538449764251709,0.00403,0.00019,0.00013,0.00367,0.00122,0.00152,0.01076
1403637196.588452100753784,0.00373,0.00018,0.00053,0.00353,0.00299,0.00146,0.01243
1403637196.638453245162964,0.00367,0.00019,0.00053,0.00382,0.00226,0.00165,0.01211
1403637196.688452959060669,0.00364,0.00020,0.00069,0.00406,0.00077,0.00144,0.01081
1403637196.738453388214111,0.00408,0.00019,0.00299,0.00370,0.00115,0.00148,0.01360
1403637196.788453817367554,0.00388,0.00019,0.00499,0.00328,0.00223,0.00147,0.01603
1403637196.838454008102417,0.00503,0.00018,0.00047,0.00348,0.00001,0.00185,0.01101
1403637196.888455390930176,0.00419,0.00018,0.00113,0.00317,0.00438,0.00157,0.01462
1403637196.938455581665039,0.00388,0.00018,0.00116,0.00364,0.00000,0.00141,0.01028
1403637196.988455533981323,0.00371,0.00018,0.00085,0.00341,0.00607,0.00153,0.01575
1403637197.038457632064819,0.00413,0.00019,0.00236,0.00348,0.00184,0.00146,0.01346
1403637197.088458299636841,0.00508,0.00018,0.00137,0.00342,0.00334,0.00164,0.01504
1403637197.138459444046021,0.00404,0.00018,0.00051,0.00348,0.00037,0.00148,0.01006
1403637197.188459873199463,0.00381,0.00018,0.00124,0.00278,0.00001,0.00135,0.00937
1403637197.238461732864380,0.00488,0.00017,0.00056,0.00221,0.00096,0.00178,0.01055
1403637197.288461685180664,0.00405,0.00018,0.00149,0.00134,0.00237,0.00144,0.01086
1403637197.338462591171265,0.00435,0.00016,0.00032,0.00156,0.00217,0.00141,0.00996
1403637197.388466119766235,0.00420,0.00017,0.00145,0.00128,0.01025,0.00143,0.01879
1403637197.438467502593994,0.00440,0.00016,0.00091,0.00230,0.00049,0.00141,0.00967
1403637197.488468408584595,0.00410,0.00016,0.00104,0.00191,0.00016,0.00133,0.00869
1403637197.538468599319458,0.00437,0.00016,0.00032,0.00131,0.00011,0.00136,0.00763
1403637197.588469028472900,0.00413,0.00016,0.00040,0.00134,0.00043,0.00136,0.00782
1403637197.638465404510498,0.00400,0.00015,0.00117,0.00098,0.00793,0.00141,0.01564
1403637197.688467264175415,0.00428,0.00016,0.00025,0.00138,0.00000,0.00134,0.00742
1403637197.738467454910278,0.00488,0.00017,0.00081,0.00113,0.00021,0.00143,0.00861
1403637197.788470268249512,0.00395,0.00015,0.00075,0.00069,0.00488,0.00149,0.01192
1403637197.838472843170166,0.00366,0.00016,0.00070,0.00111,0.00019,0.00137,0.00718
1403637197.888472318649292,0.00505,0.00016,0.00044,0.00095,0.00112,0.00142,0.00914
1403637197.938471317291260,0.00373,0.00015,0.00115,0.00094,0.00456,0.00158,0.01210
1403637197.988472461700439,0.00447,0.00017,0.00107,0.00140,0.00514,0.00139,0.01364
1403637198.038470506668091,0.00430,0.00016,0.00061,0.00132,0.00287,0.00143,0.01069
1403637198.088469505310059,0.00468,0.00016,0.00064,0.00179,0.00335,0.00138,0.01202
1403637198.138468742370605,0.00444,0.00016,0.00063,0.00198,0.00000,0.00140,0.00861
1403637198.188467741012573,0.00349,0.00015,0.00037,0.00185,0.00116,0.00140,0.00842
1403637198.238466739654541,0.00350,0.00015,0.00020,0.00171,0.00151,0.00136,0.00844
1403637198.288467407226562,0.00476,0.00016,0.00090,0.00154,0.01052,0.00142,0.01929
1403637198.338468551635742,0.00375,0.00016,0.00043,0.00265,0.00001,0.00138,0.00839
1403637198.388470411300659,0.00448,0.00017,0.00050,0.00236,0.00049,0.00137,0.00937
1403637198.438470840454102,0.00369,0.00016,0.00044,0.00218,0.00544,0.00149,0.01340
1403637198.488470792770386,0.00427,0.00016,0.00034,0.00261,0.00000,0.00151,0.00888
1403637198.538471221923828,0.00374,0.00019,0.00042,0.00226,0.00367,0.00151,0.01180
1403637198.588471889495850,0.00354,0.00016,0.00051,0.00238,0.00272,0.00146,0.01077
1403637198.638471126556396,0.00378,0.00017,0.00043,0.00226,0.00400,0.00150,0.01212
1403637198.688468694686890,0.00470,0.00017,0.00059,0.00239,0.00639,0.00144,0.01567
1403637198.738466978073120,0.00377,0.00018,0.00066,0.00285,0.00002,0.00141,0.00888
1403637198.788467168807983,0.00381,0.00017,0.00053,0.00247,0.00001,0.00138,0.00836
1403637198.838466882705688,0.00361,0.00017,0.00055,0.00203,0.00670,0.00160,0.01466
1403637198.888466596603394,0.00359,0.00018,0.00110,0.00245,0.00002,0.00143,0.00876
1403637198.938463926315308,0.00346,0.00017,0.00067,0.00237,0.00584,0.00144,0.01394
1403637198.988461971282959,0.00345,0.00018,0.00120,0.00257,0.00001,0.00140,0.00881
1403637199.038459539413452,0.00436,0.00017,0.00104,0.00241,0.00982,0.00138,0.01917
1403637199.088458776473999,0.00383,0.00020,0.00117,0.00310,0.00002,0.00136,0.00967
1403637199.138460159301758,0.00350,0.00017,0.00040,0.00287,0.00054,0.00142,0.00891
1403637199.188460588455200,0.00352,0.00018,0.00035,0.00270,0.00208,0.00146,0.01029
1403637199.238457679748535,0.00347,0.00018,0.00690,0.00265,0.00732,0.00138,0.02190
1403637199.288457632064819,0.00484,0.00019,0.00102,0.00332,0.00002,0.00144,0.01084
1403637199.338455915451050,0.00396,0.00018,0.00020,0.00328,0.00000,0.00141,0.00903
1403637199.388454198837280,0.00393,0.00018,0.00085,0.00285,0.00050,0.00147,0.00978
1403637199.438451528549194,0.00382,0.00017,0.00026,0.00251,0.00019,0.00155,0.00850
1403637199.488451004028320,0.00364,0.00016,0.00102,0.00266,0.00000,0.00147,0.00896
1403637199.538451910018921,0.00339,0.00016,0.00005,0.00268,0.00001,0.00144,0.00774
1403637199.588450670242310,0.00345,0.00016,0.00119,0.00230,0.01281,0.00140,0.02131
1403637199.638449192047119,0.00519,0.00019,0.00135,0.00333,0.00136,0.00145,0.01286
1403637199.688446998596191,0.00387,0.00020,0.00017,0.00275,0.00102,0.00139,0.00941
1403637199.738447189331055,0.00368,0.00016,0.00024,0.00243,0.00001,0.00138,0.00790
1403637199.788449525833130,0.00360,0.00016,0.00067,0.00205,0.00002,0.00145,0.00795
1403637199.838447332382202,0.00375,0.00017,0.00896,0.00152,0.01179,0.00133,0.02752
1403637199.888449192047119,0.00448,0.00017,0.00091,0.00204,0.00001,0.00131,0.00891
1403637199.938447237014771,0.00351,0.00016,0.00014,0.00209,0.00001,0.00137,0.00729
1403637199.988447904586792,0.00503,0.00018,0.00035,0.00195,0.00001,0.00138,0.00891
1403637200.038449287414551,0.00392,0.00016,0.00129,0.00128,0.00000,0.00140,0.00805
1403637200.088449239730835,0.00378,0.00016,0.00034,0.00079,0.00001,0.00136,0.00645
1403637200.138449907302856,0.00481,0.00013,0.00103,0.00028,0.00000,0.00146,0.00771
1403637200.188452959060669,0.00362,0.00015,0.00071,0.00017,0.00946,0.00138,0.01548
1403637200.238455772399902,0.00503,0.00015,0.00059,0.00075,0.00000,0.00141,0.00793
1403637200.288460969924927,0.00387,0.00015,0.00009,0.00075,0.00000,0.00144,0.00630
1403637200.338467121124268,0.00361,0.00014,0.00032,0.00052,0.00000,0.00140,0.00599
1403637200.388470172882080,0.00367,0.00014,0.00162,0.00051,0.00000,0.00145,0.00739
1403637200.438476562500000,0.00464,0.00014,0.00062,0.00039,0.01110,0.00146,0.01835
1403637200.488478660583496,0.00350,0.00016,0.00056,0.00112,0.00000,0.00138,0.00673
1403637200.538475036621094,0.00341,0.00015,0.00035,0.00096,0.01694,0.00138,0.02319
1403637200.588466405868530,0.00343,0.00017,0.00050,0.00252,0.00000,0.00139,0.00800
1403637200.638458013534546,0.00458,0.00017,0.00072,0.00235,0.00000,0.00137,0.00919
1403637200.688442468643188,0.00523,0.00017,0.00047,0.00198,0.00521,0.00150,0.01456
1403637200.738436937332153,0.00397,0.00017,0.00019,0.00227,0.00000,0.00155,0.00815
1403637200.788414239883423,0.00389,0.00016,0.00207,0.00214,0.01569,0.00138,0.02533
1403637200.838406801223755,0.00384,0.00020,0.00016,0.00420,0.00002,0.00147,0.00989
1403637200.888403177261353,0.00370,0.00019,0.00054,0.00383,0.00000,0.00146,0.00971
1403637200.938401460647583,0.00371,0.00018,0.00124,0.00357,0.00001,0.00144,0.01015
1403637200.988400459289551,0.00373,0.00018,0.00666,0.00355,0.00644,0.00144,0.02202
1403637201.038399934768677,0.00369,0.00020,0.00009,0.00450,0.00001,0.00139,0.00987
1403637201.088400363922119,0.00369,0.00019,0.00019,0.00449,0.00000,0.00157,0.01014
1403637201.138401031494141,0.00362,0.00018,0.00062,0.00404,0.00393,0.00141,0.01381
1403637201.188400983810425,0.00349,0.00020,0.00332,0.00477,0.00116,0.00149,0.01443
1403637201.238403558731079,0.00351,0.00018,0.01119,0.00506,0.00119,0.00147,0.02261
1403637201.288404941558838,0.00487,0.00020,0.00005,0.00527,0.00020,0.00153,0.01213
1403637201.338408708572388,0.00367,0.00019,0.00027,0.00502,0.00000,0.00180,0.01095
1403637201.388412952423096,0.00357,0.00020,0.00257,0.00474,0.00118,0.00137,0.01362
1403637201.438416481018066,0.00352,0.00019,0.00137,0.00499,0.00001,0.00139,0.01147
1403637201.488418102264404,0.00354,0.00019,0.00011,0.00505,0.00001,0.00134,0.01024
1403637201.538419723510742,0.00344,0.00019,0.00001,0.00496,0.00065,0.00161,0.01086
1403637201.588422060012817,0.00330,0.00018,0.00604,0.00474,0.00114,0.00139,0.01679
1403637201.638423442840576,0.00512,0.00018,0.00001,0.00498,0.00000,0.00169,0.01198
1403637201.688426017761230,0.00404,0.00019,0.00062,0.00479,0.00000,0.00174,0.01139
1403637201.738428354263306,0.00391,0.00019,0.00048,0.00470,0.00114,0.00150,0.01192
1403637201.788432359695435,0.00400,0.00019,0.00289,0.00492,0.00126,0.00156,0.01483
1403637201.838431596755981,0.00387,0.00019,0.01073,0.00475,0.00000,0.00159,0.02114
1403637201.888432979583740,0.00389,0.00019,0.00008,0.00479,0.00022,0.00172,0.01089
1403637201.938432931900024,0.00400,0.00026,0.00021,0.00459,0.00002,0.00204,0.01112
1403637201.988430261611938,0.00414,0.00019,0.00002,0.00466,0.00233,0.00144,0.01277
1403637202.038426876068115,0.00381,0.00020,0.00101,0.00518,0.00121,0.00154,0.01296
1403637202.088423490524292,0.00391,0.00020,0.00055,0.00534,0.00000,0.00162,0.01161
1403637202.138421058654785,0.00377,0.00020,0.00002,0.00537,0.00000,0.00149,0.01084
1403637202.188415050506592,0.00381,0.00019,0.01384,0.00546,0.00000,0.00154,0.02484
1403637202.238415479660034,0.00390,0.00020,0.00276,0.00547,0.00000,0.00156,0.01389
1403637202.288416147232056,0.00387,0.00021,0.00002,0.00857,0.00000,0.00175,0.01443
1403637202.338417053222656,0.00377,0.00019,0.00011,0.00468,0.00062,0.00166,0.01103
1403637202.388419151306152,0.00366,0.00020,0.00094,0.00466,0.00122,0.00155,0.01223
1403637202.438419818878174,0.00370,0.00016,0.00376,0.00471,0.00002,0.00156,0.01392
1403637202.488420486450195,0.00358,0.00019,0.00007,0.00441,0.00132,0.00144,0.01101
1403637202.538421869277954,0.00361,0.00019,0.00002,0.00466,0.00004,0.00152,0.01004
1403637202.588422298431396,0.00359,0.00020,0.00001,0.00477,0.00000,0.00147,0.01004
1403637202.638422727584839,0.00372,0.00020,0.00045,0.00471,0.00004,0.00154,0.01065
1403637202.688422679901123,0.00361,0.00019,0.00001,0.00465,0.00000,0.00150,0.00996
1403637202.738423347473145,0.00361,0.00018,0.00001,0.00467,0.00000,0.00155,0.01003
1403637202.788426876068115,0.00361,0.00019,0.01316,0.00470,0.00344,0.00144,0.02654
1403637202.838428258895874,0.00371,0.00019,0.00272,0.00539,0.00000,0.00152,0.01354
1403637202.888429403305054,0.00363,0.00019,0.00007,0.00523,0.00000,0.00157,0.01069
1403637202.938430547714233,0.00358,0.00019,0.00001,0.00500,0.00000,0.00153,0.01031
1403637202.988431215286255,0.00360,0.00019,0.00061,0.00485,0.00061,0.00166,0.01152
1403637203.038431167602539,0.00362,0.00041,0.00459,0.00470,0.00004,0.00190,0.01526
1403637203.088431358337402,0.00401,0.00021,0.00002,0.00483,0.00022,0.00149,0.01078
1403637203.138431310653687,0.00353,0.00019,0.00001,0.00465,0.00004,0.00148,0.00991
1403637203.188431501388550,0.00361,0.00019,0.00007,0.00466,0.00003,0.00153,0.01008
1403637203.238431930541992,0.00354,0.00019,0.00002,0.00463,0.00063,0.00146,0.01047
1403637203.288432359695435,0.00351,0.00019,0.00001,0.00482,0.00000,0.00153,0.01006
1403637203.338432312011719,0.00347,0.00019,0.00005,0.00493,0.00000,0.00152,0.01016
1403637203.388432264328003,0.00354,0.00019,0.01201,0.00484,0.00120,0.00143,0.02322
1403637203.438432216644287,0.00368,0.00019,0.00153,0.00496,0.00121,0.00162,0.01320
1403637203.488432168960571,0.00347,0.00019,0.00001,0.00515,0.00000,0.00154,0.01037
1403637203.538433313369751,0.00351,0.00022,0.00002,0.00516,0.00000,0.00157,0.01047
1403637203.588433504104614,0.00345,0.00019,0.00001,0.00514,0.00065,0.00146,0.01091
1403637203.638433694839478,0.00379,0.00019,0.00418,0.00529,0.00000,0.00150,0.01495
1403637203.688433647155762,0.00343,0.00019,0.00022,0.00551,0.00000,0.00148,0.01083
1403637203.738433837890625,0.00349,0.00020,0.00006,0.00536,0.00000,0.00153,0.01064
1403637203.788434505462646,0.00351,0.00019,0.00109,0.00534,0.00000,0.00163,0.01175
1403637203.838434457778931,0.00344,0.00021,0.00002,0.00537,0.00000,0.00152,0.01056
1403637203.888435125350952,0.00349,0.00020,0.00040,0.00562,0.00000,0.00149,0.01121
1403637203.938435316085815,0.00344,0.00019,0.00016,0.00515,0.00000,0.00151,0.01044
1403637203.988436460494995,0.00339,0.00020,0.01179,0.00510,0.00000,0.00146,0.02194
1403637204.038437128067017,0.00337,0.00019,0.00108,0.00509,0.00001,0.00146,0.01119
1403637204.088437318801880,0.00343,0.00021,0.00001,0.00515,0.00000,0.00154,0.01035
1403637204.138437747955322,0.00338,0.00019,0.00001,0.00518,0.00000,0.00152,0.01029
1403637204.188438177108765,0.00336,0.00019,0.00002,0.00515,0.00000,0.00145,0.01016
1403637204.238438606262207,0.00330,0.00019,0.00257,0.00493,0.00117,0.00144,0.01361
1403637204.288438796997070,0.00341,0.00019,0.00022,0.00525,0.00000,0.00154,0.01061
1403637204.338439226150513,0.00355,0.00027,0.00007,0.00531,0.00000,0.00204,0.01125
1403637204.388439655303955,0.00363,0.00020,0.00023,0.00527,0.00000,0.00152,0.01085
1403637204.438440561294556,0.00347,0.00019,0.00001,0.00529,0.00000,0.00150,0.01047
1403637204.488440990447998,0.00341,0.00020,0.00001,0.00529,0.00000,0.00148,0.01039
1403637204.538441419601440,0.00337,0.00019,0.00001,0.00519,0.00000,0.00148,0.01025
1403637204.588441371917725,0.00352,0.00017,0.00837,0.00522,0.00000,0.00141,0.01869
1403637204.638441324234009,0.00338,0.00044,0.00009,0.00532,0.00000,0.00198,0.01122
1403637204.688440799713135,0.00382,0.00020,0.00001,0.00529,0.00000,0.00159,0.01091
1403637204.738440752029419,0.00319,0.00019,0.00001,0.00523,0.00000,0.00158,0.01022
1403637204.788440942764282,0.00333,0.00018,0.00005,0.00521,0.00000,0.00144,0.01021
1403637204.838440895080566,0.00326,0.00020,0.00150,0.00500,0.00000,0.00144,0.01140
1403637204.888441562652588,0.00323,0.00019,0.00001,0.00504,0.00123,0.00142,0.01113
1403637204.938441991806030,0.00328,0.00020,0.00012,0.00507,0.00000,0.00147,0.01015
1403637204.988442897796631,0.00326,0.00019,0.00001,0.00507,0.00125,0.00146,0.01125
1403637205.038443326950073,0.00326,0.00019,0.00001,0.00538,0.00000,0.00143,0.01027
1403637205.088442802429199,0.00330,0.00019,0.00001,0.00523,0.00000,0.00147,0.01021
1403637205.138442754745483,0.00306,0.00019,0.00001,0.00524,0.00000,0.00144,0.00994
1403637205.188441991806030,0.00306,0.00020,0.00720,0.00527,0.00001,0.00152,0.01725
1403637205.238441705703735,0.00330,0.00021,0.00006,0.00526,0.00003,0.00147,0.01034
1403637205.288441419601440,0.00332,0.00019,0.00001,0.00515,0.00000,0.00146,0.01013
1403637205.338440656661987,0.00325,0.00021,0.00001,0.00522,0.00000,0.00144,0.01013
1403637205.388440370559692,0.00335,0.00020,0.00001,0.00526,0.00000,0.00148,0.01031
1403637205.438440322875977,0.00328,0.00020,0.00141,0.00523,0.00004,0.00143,0.01159
1403637205.488440275192261,0.00336,0.00020,0.00002,0.00513,0.00000,0.00150,0.01021
1403637205.538440465927124,0.00335,0.00019,0.00001,0.00515,0.00004,0.00146,0.01020
1403637205.588440656661987,0.00331,0.00019,0.00001,0.00515,0.00000,0.00147,0.01013
1403637205.638440370559692,0.00330,0.00018,0.00001,0.00506,0.00000,0.00151,0.01007
1403637205.688440084457397,0.00319,0.00020,0.00001,0.00514,0.00000,0.00146,0.01000
1403637205.738439798355103,0.00326,0.00019,0.00002,0.00518,0.00000,0.00150,0.01014
1403637205.788439512252808,0.00319,0.00019,0.00275,0.00490,0.00004,0.00149,0.01255
1403637205.838439464569092,0.00319,0.00019,0.00006,0.00492,0.00003,0.00143,0.00982
1403637205.888439178466797,0.00330,0.00020,0.00007,0.00493,0.00002,0.00149,0.01001
1403637205.938439130783081,0.00316,0.00019,0.00001,0.00489,0.00000,0.00145,0.00970
1403637205.988439083099365,0.00507,0.00019,0.00002,0.00484,0.00000,0.00169,0.01180
1403637206.038439273834229,0.00397,0.00019,0.00034,0.00485,0.00006,0.00174,0.01115
1403637206.088438749313354,0.00391,0.00020,0.00002,0.00484,0.00000,0.00156,0.01052
1403637206.138438463211060,0.00398,0.00019,0.00002,0.00486,0.00003,0.00169,0.01076
1403637206.188438653945923,0.00411,0.00021,0.00002,0.00483,0.00000,0.00163,0.01081
1403637206.238438844680786,0.00397,0.00018,0.00001,0.00489,0.00000,0.00160,0.01066
1403637206.288439273834229,0.00400,0.00019,0.00002,0.00494,0.00000,0.00172,0.01088
1403637206.338439464569092,0.00393,0.00019,0.00002,0.00491,0.00000,0.00161,0.01066
1403637206.388439416885376,0.00389,0.00020,0.00162,0.00475,0.00005,0.00164,0.01214
1403637206.438439369201660,0.00370,0.00019,0.00007,0.00482,0.00005,0.00160,0.01043
1403637206.488439083099365,0.00382,0.00019,0.00002,0.00462,0.00003,0.00163,0.01031
1403637206.538439273834229,0.00382,0.00019,0.00358,0.00456,0.00006,0.00166,0.01388
1403637206.588439702987671,0.00372,0.00020,0.00010,0.00460,0.00002,0.00166,0.01029
1403637206.638440370559692,0.00378,0.00018,0.00028,0.00459,0.00010,0.00157,0.01049
1403637206.688440084457397,0.00385,0.00020,0.00002,0.00459,0.00000,0.00158,0.01024
1403637206.738440513610840,0.00374,0.00018,0.00002,0.00459,0.00003,0.00164,0.01019
1403637206.788440465927124,0.00388,0.00019,0.00007,0.00460,0.00000,0.00155,0.01029
1403637206.838440656661987,0.00362,0.00018,0.00002,0.00449,0.00000,0.00158,0.00989
1403637206.888441324234009,0.00374,0.00018,0.00002,0.00453,0.00000,0.00155,0.01001
1403637206.938440084457397,0.00389,0.00041,0.00002,0.00466,0.00000,0.00203,0.01102
1403637206.988439559936523,0.00418,0.00020,0.00155,0.00456,0.00011,0.00160,0.01219
1403637207.038440227508545,0.00391,0.00019,0.00002,0.00453,0.00006,0.00159,0.01030
1403637207.088440418243408,0.00394,0.00019,0.00002,0.00452,0.00003,0.00156,0.01025
1403637207.138441085815430,0.00383,0.00019,0.00262,0.00454,0.00010,0.00173,0.01302
1403637207.188440561294556,0.00368,0.00019,0.00001,0.00451,0.00004,0.00157,0.00999
1403637207.238441228866577,0.00383,0.00019,0.00027,0.00457,0.00011,0.00161,0.01058
1403637207.288442134857178,0.00379,0.00019,0.00002,0.00462,0.00000,0.00227,0.01089
1403637207.338442564010620,0.00551,0.00019,0.00002,0.00459,0.00003,0.00159,0.01193
1403637207.388442516326904,0.00389,0.00020,0.00002,0.00459,0.00000,0.00159,0.01028
1403637207.438442468643188,0.00375,0.00019,0.00002,0.00458,0.00000,0.00154,0.01008
1403637207.488442897796631,0.00409,0.00019,0.00005,0.00449,0.00000,0.00216,0.01098
1403637207.538443326950073,0.00436,0.00020,0.00005,0.00451,0.00000,0.00164,0.01076
1403637207.588443517684937,0.00420,0.00019,0.00050,0.00460,0.00010,0.00203,0.01162
1403637207.638443470001221,0.00444,0.00019,0.00002,0.00457,0.00005,0.00171,0.01098
1403637207.688443660736084,0.00411,0.00019,0.00002,0.00448,0.00004,0.00202,0.01086
1403637207.738444566726685,0.00432,0.00018,0.00486,0.00443,0.00127,0.00156,0.01662
1403637207.788446187973022,0.00388,0.00019,0.00002,0.00481,0.00004,0.00205,0.01099
1403637207.838448047637939,0.00435,0.00019,0.00030,0.00479,0.00009,0.00158,0.01129
1403637207.888450860977173,0.00396,0.00019,0.00002,0.00470,0.00000,0.00207,0.01095
1403637207.938452720642090,0.00430,0.00018,0.00002,0.00472,0.00003,0.00157,0.01083
1403637207.988453149795532,0.00406,0.00018,0.00002,0.00481,0.00000,0.00202,0.01109
1403637208.038453817367554,0.00427,0.00017,0.00002,0.00470,0.00000,0.00157,0.01073
1403637208.088454246520996,0.00392,0.00019,0.00002,0.00469,0.00000,0.00195,0.01077
1403637208.138453960418701,0.00416,0.00019,0.00002,0.00481,0.00000,0.00157,0.01074
1403637208.188453912734985,0.00383,0.00019,0.00267,0.00462,0.00008,0.00150,0.01289
1403637208.238454580307007,0.00385,0.00021,0.00002,0.00483,0.00005,0.00155,0.01051
1403637208.288455486297607,0.00374,0.00019,0.00002,0.00471,0.00003,0.00155,0.01024
1403637208.338454961776733,0.00493,0.00020,0.00177,0.00488,0.00009,0.00156,0.01344
1403637208.388454437255859,0.00403,0.00019,0.00002,0.00479,0.00021,0.00205,0.01129
1403637208.438455343246460,0.00439,0.00020,0.00030,0.00480,0.00008,0.00162,0.01138
1403637208.488455295562744,0.00376,0.00019,0.00005,0.00470,0.00000,0.00207,0.01078
1403637208.538456201553345,0.00427,0.00019,0.00002,0.00473,0.00004,0.00153,0.01077
1403637208.588456392288208,0.00400,0.00018,0.00002,0.00468,0.00000,0.00201,0.01088
1403637208.638456344604492,0.00416,0.00019,0.00002,0.00461,0.00000,0.00164,0.01061
1403637208.688456535339355,0.00398,0.00018,0.00002,0.00464,0.00000,0.00201,0.01084
1403637208.738456487655640,0.00425,0.00019,0.00002,0.00463,0.00000,0.00150,0.01058
1403637208.788456916809082,0.00385,0.00019,0.00257,0.00453,0.00009,0.00216,0.01339
1403637208.838457345962524,0.00417,0.00019,0.00002,0.00471,0.00005,0.00178,0.01090
1403637208.888457298278809,0.00389,0.00019,0.00002,0.00458,0.00120,0.00204,0.01192
1403637208.938456535339355,0.00430,0.00019,0.00159,0.00481,0.00008,0.00160,0.01257
1403637208.988456249237061,0.00411,0.00027,0.00002,0.00481,0.00116,0.00192,0.01229
1403637209.038455963134766,0.00439,0.00019,0.00136,0.00488,0.00006,0.00163,0.01251
1403637209.088455915451050,0.00411,0.00019,0.00002,0.00475,0.00000,0.00199,0.01106
1403637209.138456344604492,0.00437,0.00020,0.00006,0.00480,0.00019,0.00178,0.01139
1403637209.188456296920776,0.00406,0.00019,0.00002,0.00503,0.00000,0.00203,0.01133
1403637209.238455772399902,0.00431,0.00019,0.00002,0.00489,0.00000,0.00156,0.01098
1403637209.288455486297607,0.00401,0.00018,0.00005,0.00483,0.00000,0.00193,0.01100
1403637209.338454961776733,0.00435,0.00020,0.00002,0.00459,0.00000,0.00250,0.01166
1403637209.388455390930176,0.00388,0.00019,0.00499,0.00474,0.00008,0.00163,0.01552
1403637209.438455581665039,0.00390,0.00018,0.00011,0.00454,0.00005,0.00156,0.01034
1403637209.488455533981323,0.00389,0.00019,0.00002,0.00453,0.00000,0.00160,0.01023
1403637209.538455963134766,0.00382,0.00019,0.00373,0.00462,0.00025,0.00155,0.01417
1403637209.588456153869629,0.00373,0.00019,0.00004,0.00476,0.00000,0.00158,0.01030
1403637209.638456344604492,0.00378,0.00021,0.00031,0.00469,0.00011,0.00156,0.01066
1403637209.688457489013672,0.00396,0.00026,0.00004,0.00471,0.00000,0.00215,0.01112
1403637209.738458633422852,0.00417,0.00019,0.00002,0.00475,0.00003,0.00157,0.01073
1403637209.788460016250610,0.00391,0.00025,0.00002,0.00447,0.00000,0.00210,0.01075
1403637209.838461160659790,0.00406,0.00018,0.00002,0.00429,0.00000,0.00149,0.01004
1403637209.888461112976074,0.00372,0.00017,0.00011,0.00405,0.00016,0.00155,0.00976
1403637209.938461303710938,0.00350,0.00018,0.00013,0.00417,0.00001,0.00151,0.00950
1403637209.988461732864380,0.00376,0.00024,0.00362,0.00417,0.00124,0.00195,0.01497
1403637210.038461685180664,0.00404,0.00019,0.00002,0.00416,0.00117,0.00161,0.01119
1403637210.088460445404053,0.00376,0.00018,0.00011,0.00434,0.00000,0.00148,0.00987
1403637210.138458967208862,0.00350,0.00017,0.00507,0.00405,0.00614,0.00149,0.02043
1403637210.188458919525146,0.00353,0.00019,0.00010,0.00486,0.00000,0.00145,0.01014
1403637210.238458633422852,0.00340,0.00019,0.00132,0.00444,0.00009,0.00143,0.01086
1403637210.288459062576294,0.00366,0.00019,0.00025,0.00382,0.00000,0.00175,0.00966
1403637210.338459730148315,0.00512,0.00018,0.00013,0.00357,0.00003,0.00157,0.01060
1403637210.388461112976074,0.00385,0.00018,0.00014,0.00351,0.00015,0.00190,0.00974
1403637210.438462257385254,0.00411,0.00017,0.00004,0.00367,0.00000,0.00144,0.00944
1403637210.488466024398804,0.00598,0.00015,0.00005,0.00345,0.00000,0.00197,0.01160
1403637210.538469314575195,0.00472,0.00019,0.00059,0.00346,0.00000,0.00155,0.01050
1403637210.588474035263062,0.00428,0.00017,0.00590,0.00344,0.00335,0.00201,0.01916
1403637210.638474941253662,0.00461,0.00018,0.00053,0.00373,0.00060,0.00165,0.01129
1403637210.688474416732788,0.00429,0.00024,0.00135,0.00380,0.00001,0.00209,0.01178
1403637210.738472938537598,0.00441,0.00019,0.00337,0.00371,0.00849,0.00147,0.02162
1403637210.788471937179565,0.00410,0.00019,0.00075,0.00538,0.00000,0.00159,0.01201
1403637210.838472127914429,0.00392,0.00020,0.00424,0.00528,0.00001,0.00160,0.01525
1403637210.888472080230713,0.00364,0.00019,0.00337,0.00506,0.00003,0.00153,0.01381
1403637210.938472270965576,0.00359,0.00019,0.00121,0.00486,0.00003,0.00151,0.01139
1403637210.988472223281860,0.00369,0.00019,0.00084,0.00459,0.00000,0.00150,0.01081
1403637211.038471937179565,0.00360,0.00019,0.00718,0.00424,0.00342,0.00140,0.02003
1403637211.088471889495850,0.00353,0.00019,0.00051,0.00499,0.00002,0.00146,0.01070
1403637211.138471841812134,0.00348,0.00020,0.00082,0.00470,0.00003,0.00166,0.01090
1403637211.188472509384155,0.00485,0.00019,0.00787,0.00438,0.00171,0.00143,0.02042
1403637211.238472223281860,0.00386,0.00019,0.00020,0.00453,0.00065,0.00163,0.01107
1403637211.288472175598145,0.00375,0.00018,0.00032,0.00360,0.00000,0.00139,0.00924
1403637211.338472366333008,0.00353,0.00018,0.00077,0.00300,0.00002,0.00141,0.00891
1403637211.388472795486450,0.00345,0.00017,0.00030,0.00311,0.00014,0.00146,0.00864
1403637211.438476324081421,0.00340,0.00017,0.00095,0.00302,0.00529,0.00159,0.01443
1403637211.488476753234863,0.00347,0.00018,0.00002,0.00400,0.00234,0.00136,0.01137
1403637211.538480758666992,0.00449,0.00019,0.00078,0.00380,0.00059,0.00151,0.01137
1403637211.588483333587646,0.00373,0.00020,0.00048,0.00374,0.00001,0.00143,0.00958
1403637211.638484716415405,0.00358,0.00019,0.00086,0.00275,0.00309,0.00144,0.01191
1403637211.688484907150269,0.00356,0.00019,0.00129,0.00273,0.00001,0.00151,0.00928
1403637211.738483667373657,0.00346,0.00019,0.00367,0.00274,0.00544,0.00151,0.01701
1403637211.788485288619995,0.00341,0.00019,0.00461,0.00284,0.00557,0.00143,0.01806
1403637211.838483572006226,0.00391,0.00018,0.00005,0.00351,0.00000,0.00135,0.00900
1403637211.888483285903931,0.00362,0.00018,0.00016,0.00312,0.00002,0.00131,0.00841
1403637211.938482999801636,0.00343,0.00017,0.00063,0.00262,0.00001,0.00134,0.00820
1403637211.988482236862183,0.00401,0.00018,0.00070,0.00231,0.00001,0.00148,0.00869
1403637212.038482666015625,0.00346,0.00017,0.00205,0.00228,0.00107,0.00140,0.01044
1403637212.088477849960327,0.00375,0.00017,0.00086,0.00255,0.01005,0.00134,0.01870
1403637212.138477802276611,0.00417,0.00018,0.00051,0.00362,0.00000,0.00137,0.00985
1403637212.188477039337158,0.00360,0.00019,0.00157,0.00285,0.00000,0.00130,0.00951
1403637212.238477230072021,0.00442,0.00017,0.00066,0.00223,0.00022,0.00138,0.00907
1403637212.288477182388306,0.00345,0.00017,0.00030,0.00204,0.00000,0.00140,0.00735
1403637212.338476896286011,0.00404,0.00017,0.00042,0.00199,0.00300,0.00151,0.01114
1403637212.388476371765137,0.00357,0.00017,0.00090,0.00194,0.00755,0.00157,0.01571
1403637212.438476085662842,0.00399,0.00018,0.00038,0.00263,0.00013,0.00134,0.00865
1403637212.488475561141968,0.00344,0.00017,0.00051,0.00262,0.00096,0.00137,0.00906
1403637212.538477182388306,0.00334,0.00015,0.00017,0.00245,0.00575,0.00142,0.01327
1403637212.588475704193115,0.00376,0.00017,0.00031,0.00303,0.00000,0.00136,0.00862
1403637212.638473272323608,0.00392,0.00017,0.00073,0.00262,0.00388,0.00141,0.01273
1403637212.688472986221313,0.00381,0.00016,0.00055,0.00280,0.00394,0.00133,0.01260
1403637212.738472938537598,0.00445,0.00018,0.00129,0.00317,0.00002,0.00129,0.01040
1403637212.788471698760986,0.00437,0.00014,0.00035,0.00290,0.00675,0.00133,0.01584
1403637212.838472127914429,0.00385,0.00018,0.00147,0.00322,0.00159,0.00136,0.01166
1403637212.888470888137817,0.00465,0.00017,0.00035,0.00253,0.00000,0.00138,0.00908
1403637212.938469886779785,0.00422,0.00017,0.00018,0.00219,0.00047,0.00139,0.00861
1403637212.988468885421753,0.00397,0.00017,0.00059,0.00212,0.00179,0.00133,0.00997
1403637213.038467645645142,0.00415,0.00016,0.00052,0.00205,0.00001,0.00134,0.00823
1403637213.088467121124268,0.00450,0.00016,0.00038,0.00184,0.00094,0.00145,0.00927
1403637213.138466119766235,0.00421,0.00016,0.00025,0.00203,0.00002,0.00143,0.00809
1403637213.188466072082520,0.00352,0.00015,0.00060,0.00191,0.00079,0.00139,0.00837
1403637213.238466262817383,0.00405,0.00015,0.00024,0.00194,0.00352,0.00152,0.01142
1403637213.288465738296509,0.00389,0.00016,0.00068,0.00208,0.00036,0.00137,0.00854
1403637213.338465452194214,0.00440,0.00015,0.00028,0.00182,0.00168,0.00145,0.00978
1403637213.388464689254761,0.00377,0.00016,0.00087,0.00176,0.00210,0.00147,0.01012
1403637213.438464641571045,0.00435,0.00015,0.00028,0.00190,0.00822,0.00140,0.01630
1403637213.488464355468750,0.00431,0.00017,0.00065,0.00253,0.00062,0.00145,0.00973
1403637213.538464784622192,0.00396,0.00016,0.00098,0.00242,0.00198,0.00139,0.01089
1403637213.588464021682739,0.00407,0.00017,0.00069,0.00230,0.00210,0.00140,0.01074
1403637213.638460636138916,0.00421,0.00017,0.00058,0.00232,0.00613,0.00157,0.01497
1403637213.688459157943726,0.00344,0.00017,0.00228,0.00300,0.00059,0.00152,0.01101
1403637213.738458633422852,0.00386,0.00016,0.00016,0.00285,0.00013,0.00140,0.00856
1403637213.788457632064819,0.00392,0.00017,0.00030,0.00288,0.00095,0.00140,0.00961
1403637213.838456392288208,0.00393,0.00016,0.00113,0.00235,0.00004,0.00131,0.00893
1403637213.888457059860229,0.00424,0.00016,0.00028,0.00221,0.00187,0.00137,0.01014
1403637213.938457489013672,0.00354,0.00016,0.00093,0.00258,0.00113,0.00137,0.00973
1403637213.988458395004272,0.00410,0.00017,0.00148,0.00278,0.00232,0.00140,0.01224
1403637214.038459062576294,0.00428,0.00017,0.00028,0.00265,0.00000,0.00142,0.00880
1403637214.088459014892578,0.00333,0.00017,0.00049,0.00246,0.00007,0.00133,0.00784
1403637214.138458251953125,0.00396,0.00016,0.00096,0.00226,0.00183,0.00138,0.01055
1403637214.188458681106567,0.00341,0.00016,0.00089,0.00243,0.00199,0.00153,0.01039
1403637214.238458395004272,0.00428,0.00016,0.00003,0.00253,0.00000,0.00135,0.00835
1403637214.288458108901978,0.00353,0.00016,0.00070,0.00223,0.00550,0.00151,0.01363
1403637214.338457822799683,0.00332,0.00016,0.00008,0.00254,0.00186,0.00140,0.00936
1403637214.388457298278809,0.00639,0.00029,0.00191,0.00251,0.00003,0.00147,0.01260
1403637214.438457727432251,0.00506,0.00017,0.00231,0.00220,0.00180,0.00144,0.01297
1403637214.488457918167114,0.00349,0.00016,0.00033,0.00233,0.00002,0.00135,0.00767
1403637214.538460016250610,0.00400,0.00016,0.00042,0.00213,0.00263,0.00140,0.01076
1403637214.588462114334106,0.00336,0.00016,0.00046,0.00226,0.00572,0.00146,0.01342
1403637214.638462305068970,0.00336,0.00017,0.00084,0.00271,0.00000,0.00136,0.00843
1403637214.688462257385254,0.00388,0.00016,0.00061,0.00246,0.00202,0.00143,0.01057
1403637214.738461732864380,0.00335,0.00016,0.00049,0.00253,0.00117,0.00139,0.00910
1403637214.788459777832031,0.00402,0.00016,0.00006,0.00238,0.00715,0.00165,0.01542
1403637214.838459253311157,0.00344,0.00017,0.00005,0.00294,0.00000,0.00143,0.00804
1403637214.888458728790283,0.00341,0.00017,0.00027,0.00261,0.00002,0.00137,0.00786
1403637214.938457727432251,0.00337,0.00017,0.00025,0.00264,0.00095,0.00139,0.00875
1403637214.988456726074219,0.00333,0.00017,0.00022,0.00295,0.00380,0.00155,0.01203
1403637215.038455724716187,0.00328,0.00017,0.00008,0.00286,0.00214,0.00140,0.00991
1403637215.088453054428101,0.00341,0.00017,0.00055,0.00294,0.01068,0.00140,0.01915
1403637215.138452768325806,0.00508,0.00020,0.00013,0.00445,0.00002,0.00147,0.01137
1403637215.188452005386353,0.00373,0.00017,0.00058,0.00410,0.00244,0.00146,0.01247
1403637215.238453626632690,0.00379,0.00019,0.00176,0.00455,0.00335,0.00147,0.01510
1403637215.288455486297607,0.00366,0.00018,0.00161,0.00516,0.00118,0.00148,0.01327
1403637215.338455915451050,0.00369,0.00019,0.00439,0.00467,0.00218,0.00150,0.01663
1403637215.388457298278809,0.00357,0.00019,0.00013,0.00479,0.00215,0.00145,0.01228
1403637215.438458681106567,0.00357,0.00018,0.00074,0.00503,0.00000,0.00139,0.01092
1403637215.488457679748535,0.00353,0.00018,0.00118,0.00461,0.00110,0.00133,0.01194
1403637215.538456916809082,0.00341,0.00018,0.00022,0.00419,0.00000,0.00144,0.00944
1403637215.588456869125366,0.00398,0.00019,0.00130,0.00396,0.00356,0.00138,0.01437
1403637215.638457059860229,0.00343,0.00018,0.00019,0.00425,0.00001,0.00144,0.00951
1403637215.688459634780884,0.00335,0.00018,0.00645,0.00405,0.00682,0.00135,0.02221
1403637215.738459825515747,0.00433,0.00020,0.00017,0.00498,0.00114,0.00143,0.01225
1403637215.788460731506348,0.00483,0.00019,0.00017,0.00437,0.00046,0.00141,0.01143
1403637215.838462114334106,0.00360,0.00018,0.00021,0.00380,0.00328,0.00146,0.01254
1403637215.888462543487549,0.00352,0.00018,0.00037,0.00384,0.00212,0.00142,0.01145
1403637215.938462734222412,0.00341,0.00018,0.00027,0.00388,0.00427,0.00143,0.01344
1403637215.988462448120117,0.00482,0.00019,0.00093,0.00371,0.00056,0.00138,0.01159
1403637216.038461208343506,0.00368,0.00019,0.00075,0.00388,0.00002,0.00145,0.00996
1403637216.088459968566895,0.00362,0.00018,0.00009,0.00361,0.00002,0.00138,0.00889
1403637216.138462781906128,0.00359,0.00017,0.00022,0.00264,0.00497,0.00150,0.01310
1403637216.188462972640991,0.00355,0.00018,0.00011,0.00292,0.00071,0.00144,0.00891
1403637216.238463878631592,0.00347,0.00017,0.00054,0.00268,0.00002,0.00144,0.00831
1403637216.288463830947876,0.00347,0.00017,0.00026,0.00250,0.00726,0.00142,0.01508
1403637216.338458299636841,0.00486,0.00018,0.00481,0.00303,0.00938,0.00143,0.02369
1403637216.388456821441650,0.00390,0.00019,0.00055,0.00458,0.00081,0.00148,0.01151
1403637216.438455581665039,0.00376,0.00020,0.00050,0.00425,0.00001,0.00148,0.01020
1403637216.488454818725586,0.00371,0.00019,0.00059,0.00394,0.00166,0.00143,0.01151
1403637216.538456678390503,0.00375,0.00019,0.00781,0.00401,0.00340,0.00145,0.02061
1403637216.588457107543945,0.00365,0.00019,0.00058,0.00460,0.00115,0.00147,0.01164
1403637216.638457775115967,0.00370,0.00019,0.00002,0.00484,0.00118,0.00146,0.01138
1403637216.688458442687988,0.00363,0.00019,0.00008,0.00503,0.00001,0.00151,0.01044
1403637216.738458871841431,0.00364,0.00019,0.00002,0.00501,0.00064,0.00151,0.01100
1403637216.788459539413452,0.00360,0.00019,0.00002,0.00540,0.00103,0.00158,0.01182
1403637216.838460206985474,0.00354,0.00019,0.00002,0.00530,0.00122,0.00154,0.01182
1403637216.888461112976074,0.00354,0.00019,0.01064,0.00529,0.00118,0.00147,0.02231
1403637216.938461542129517,0.00354,0.00020,0.00487,0.00566,0.00000,0.00143,0.01569
1403637216.988462448120117,0.00348,0.00019,0.00080,0.00528,0.00002,0.00142,0.01118
1403637217.038463115692139,0.00355,0.00019,0.00069,0.00536,0.00000,0.00151,0.01129
1403637217.088462114334106,0.00366,0.00021,0.00024,0.00538,0.00066,0.00148,0.01163
1403637217.138460874557495,0.00354,0.00020,0.00707,0.00526,0.00120,0.00154,0.01881
1403637217.188459396362305,0.00349,0.00019,0.00232,0.00523,0.00020,0.00160,0.01302
1403637217.238458871841431,0.00350,0.00020,0.00002,0.00549,0.00000,0.00152,0.01073
1403637217.288459062576294,0.00347,0.00020,0.00061,0.00522,0.00002,0.00138,0.01089
1403637217.338458299636841,0.00350,0.00020,0.00002,0.00527,0.00000,0.00149,0.01048
1403637217.388457775115967,0.00347,0.00019,0.00001,0.00509,0.00021,0.00152,0.01050
1403637217.438457250595093,0.00342,0.00020,0.00007,0.00504,0.00001,0.00148,0.01021
1403637217.488456249237061,0.00335,0.00018,0.00818,0.00496,0.00334,0.00141,0.02143
1403637217.538456201553345,0.00339,0.00020,0.00328,0.00568,0.00123,0.00144,0.01521
1403637217.588455200195312,0.00333,0.00019,0.00111,0.00545,0.00000,0.00147,0.01154
1403637217.638454914093018,0.00343,0.00020,0.00001,0.00526,0.00000,0.00145,0.01036
1403637217.688454389572144,0.00340,0.00019,0.00119,0.00515,0.00002,0.00140,0.01135
1403637217.738452911376953,0.00334,0.00019,0.00534,0.00483,0.00335,0.00138,0.01842
1403637217.788452386856079,0.00348,0.00020,0.00010,0.00506,0.00004,0.00144,0.01031
1403637217.838452100753784,0.00339,0.00019,0.00005,0.00481,0.00002,0.00139,0.00985
1403637217.888451099395752,0.00331,0.00019,0.00015,0.00455,0.00064,0.00139,0.01022
1403637217.938450813293457,0.00582,0.00019,0.00015,0.00441,0.00015,0.00149,0.01222
1403637217.988451242446899,0.00426,0.00019,0.00044,0.00440,0.00020,0.00157,0.01105
1403637218.038452386856079,0.00426,0.00018,0.00006,0.00445,0.00003,0.00159,0.01056
1403637218.088452816009521,0.00419,0.00015,0.00414,0.00442,0.00613,0.00160,0.02063
1403637218.138453483581543,0.00415,0.00020,0.00392,0.00513,0.00000,0.00161,0.01500
1403637218.188454151153564,0.00407,0.00019,0.00198,0.00474,0.00000,0.00154,0.01252
1403637218.238453865051270,0.00397,0.00019,0.00066,0.00449,0.00017,0.00145,0.01093
1403637218.288453102111816,0.00390,0.00019,0.00056,0.00436,0.00110,0.00147,0.01158
1403637218.338450908660889,0.00395,0.00018,0.00376,0.00438,0.00543,0.00150,0.01920
1403637218.388450622558594,0.00379,0.00019,0.00150,0.00518,0.00004,0.00147,0.01217
1403637218.438450336456299,0.00470,0.00019,0.00073,0.00514,0.00004,0.00145,0.01223
1403637218.488450765609741,0.00362,0.00019,0.01155,0.00513,0.00118,0.00144,0.02310
1403637218.538450956344604,0.00360,0.00019,0.00002,0.00520,0.00000,0.00152,0.01053
1403637218.588450908660889,0.00356,0.00018,0.00002,0.00526,0.00022,0.00153,0.01076
1403637218.638450384140015,0.00359,0.00019,0.00010,0.00514,0.00063,0.00145,0.01110
1403637218.688450336456299,0.00355,0.00019,0.00296,0.00499,0.00238,0.00144,0.01552
1403637218.738450050354004,0.00374,0.00020,0.00333,0.00535,0.00000,0.00145,0.01407
1403637218.788450002670288,0.00351,0.00019,0.00116,0.00531,0.00001,0.00142,0.01160
1403637218.838450670242310,0.00356,0.00018,0.00086,0.00505,0.00115,0.00144,0.01224
1403637218.888450860977173,0.00343,0.00019,0.00031,0.00498,0.00000,0.00148,0.01038
1403637218.938450336456299,0.00341,0.00019,0.00293,0.00449,0.00171,0.00138,0.01410
1403637218.988451242446899,0.00644,0.00020,0.00010,0.00493,0.00004,0.00153,0.01326
1403637219.038451433181763,0.00426,0.00019,0.00057,0.00454,0.00004,0.00154,0.01115
1403637219.088452816009521,0.00409,0.00018,0.00751,0.00418,0.00117,0.00147,0.01860
1403637219.138455152511597,0.00394,0.00020,0.00018,0.00395,0.00000,0.00149,0.00976
1403637219.188456535339355,0.00384,0.00018,0.00031,0.00374,0.00020,0.00147,0.00973
1403637219.238457202911377,0.00377,0.00018,0.00046,0.00369,0.00106,0.00159,0.01075
1403637219.288459062576294,0.00365,0.00018,0.00069,0.00379,0.00151,0.00152,0.01135
1403637219.338460206985474,0.00367,0.00018,0.00005,0.00355,0.00351,0.00150,0.01248
1403637219.388460397720337,0.00355,0.00018,0.00131,0.00374,0.00111,0.00167,0.01157
1403637219.438458681106567,0.00572,0.00028,0.00021,0.00477,0.00059,0.00141,0.01297
1403637219.488453865051270,0.00351,0.00017,0.00010,0.00359,0.00003,0.00142,0.00882
1403637219.538450717926025,0.00353,0.00017,0.00633,0.00330,0.00412,0.00146,0.01890
1403637219.588446855545044,0.00353,0.00019,0.00035,0.00390,0.00115,0.00146,0.01057
1403637219.638447284698486,0.00348,0.00018,0.00007,0.00402,0.00112,0.00141,0.01028
1403637219.688449859619141,0.00688,0.00017,0.00400,0.00393,0.00081,0.00156,0.01736
1403637219.738450527191162,0.00457,0.00019,0.00005,0.00362,0.00000,0.00152,0.00995
1403637219.788450479507446,0.00468,0.00018,0.00013,0.00354,0.00022,0.00157,0.01032
1403637219.838455677032471,0.00453,0.00018,0.00007,0.00343,0.00004,0.00167,0.00991
1403637219.888458013534546,0.00445,0.00017,0.00048,0.00312,0.00122,0.00175,0.01119
1403637219.938458442687988,0.00426,0.00018,0.00005,0.00289,0.00000,0.00159,0.00897
1403637219.988462924957275,0.00439,0.00016,0.00083,0.00276,0.00002,0.00162,0.00977
1403637220.038465976715088,0.00423,0.00017,0.00056,0.00272,0.00018,0.00160,0.00947
1403637220.088467359542847,0.00425,0.00014,0.00008,0.00278,0.00005,0.00162,0.00893
1403637220.138473033905029,0.00426,0.00018,0.00282,0.00260,0.00874,0.00162,0.02022
1403637220.188472986221313,0.00418,0.00019,0.00127,0.00351,0.00025,0.00160,0.01100
1403637220.238478183746338,0.00408,0.00018,0.01602,0.00326,0.00442,0.00156,0.02952
1403637220.288479089736938,0.00412,0.00017,0.00407,0.00363,0.00120,0.00163,0.01481
1403637220.338479280471802,0.00413,0.00020,0.00009,0.00371,0.00001,0.00159,0.00971
1403637220.388479709625244,0.00399,0.00018,0.00041,0.00317,0.00020,0.00152,0.00948
1403637220.438479661941528,0.00385,0.00018,0.00014,0.00381,0.00026,0.00256,0.01081
1403637220.488479852676392,0.00389,0.00018,0.00038,0.00289,0.00104,0.00151,0.00988
1403637220.538480043411255,0.00384,0.00017,0.00033,0.00304,0.00001,0.00154,0.00894
1403637220.588479995727539,0.00377,0.00017,0.00002,0.00295,0.00106,0.00152,0.00948
1403637220.638479709625244,0.00365,0.00017,0.00029,0.00310,0.00114,0.00153,0.00988
1403637220.688479661941528,0.00365,0.00018,0.00004,0.00303,0.00106,0.00158,0.00955
1403637220.738480091094971,0.00373,0.00018,0.00002,0.00304,0.00105,0.00155,0.00957
1403637220.788480997085571,0.00365,0.00018,0.00037,0.00295,0.00078,0.00159,0.00951
1403637220.838478565216064,0.00363,0.00017,0.00996,0.00295,0.00623,0.00147,0.02440
1403637220.888478755950928,0.00361,0.00019,0.00364,0.00373,0.00122,0.00164,0.01403
1403637220.938479423522949,0.00361,0.00019,0.00009,0.00408,0.00060,0.00147,0.01002
1403637220.988479852676392,0.00361,0.00019,0.00014,0.00392,0.00021,0.00146,0.00953
1403637221.038480758666992,0.00361,0.00018,0.00002,0.00384,0.00122,0.00156,0.01042
1403637221.088481903076172,0.00357,0.00018,0.00002,0.00402,0.00005,0.00153,0.00937
1403637221.138482809066772,0.00362,0.00019,0.00011,0.00372,0.00064,0.00161,0.00989
1403637221.188483953475952,0.00358,0.00018,0.00033,0.00364,0.00000,0.00141,0.00913
1403637221.238483905792236,0.00354,0.00018,0.00023,0.00357,0.00121,0.00193,0.01067
1403637221.288484573364258,0.00363,0.00019,0.00059,0.00343,0.00006,0.00155,0.00944
1403637221.338484525680542,0.00348,0.00018,0.00005,0.00337,0.00127,0.00153,0.00987
1403637221.388483285903931,0.00350,0.00019,0.00011,0.00334,0.00324,0.00151,0.01189
1403637221.438482284545898,0.00344,0.00019,0.00774,0.00369,0.00481,0.00199,0.02186
1403637221.488481521606445,0.00342,0.00020,0.00252,0.00402,0.00008,0.00145,0.01169
1403637221.538482189178467,0.00341,0.00017,0.00011,0.00409,0.00001,0.00147,0.00925
1403637221.588481903076172,0.00340,0.00018,0.00010,0.00391,0.00127,0.00148,0.01035
1403637221.638482093811035,0.00327,0.00018,0.00001,0.00384,0.00009,0.00144,0.00883
1403637221.688481807708740,0.00348,0.00018,0.00010,0.00358,0.00005,0.00151,0.00890
1403637221.738481760025024,0.00336,0.00018,0.00007,0.00359,0.00004,0.00144,0.00867
1403637221.788481712341309,0.00327,0.00018,0.00007,0.00333,0.00000,0.00150,0.00834
1403637221.838481426239014,0.00343,0.00018,0.00001,0.00307,0.00007,0.00149,0.00825
1403637221.888481616973877,0.00332,0.00018,0.00007,0.00305,0.00007,0.00142,0.00811
1403637221.938481807708740,0.00789,0.00019,0.00009,0.00275,0.00034,0.00170,0.01297
1403637221.988482236862183,0.00494,0.00017,0.00013,0.00270,0.00061,0.00165,0.01021
1403637222.038484096527100,0.00484,0.00020,0.00339,0.00261,0.01047,0.00159,0.02310
1403637222.088485479354858,0.00459,0.00019,0.00246,0.00416,0.00009,0.00178,0.01327
1403637222.138487100601196,0.00471,0.00020,0.00042,0.00396,0.00003,0.00171,0.01103
1403637222.188487529754639,0.00450,0.00020,0.00011,0.00391,0.00020,0.00157,0.01050
1403637222.238486766815186,0.00452,0.00019,0.00024,0.00362,0.00010,0.00159,0.01025
1403637222.288486480712891,0.00433,0.00020,0.00012,0.00363,0.00004,0.00161,0.00993
1403637222.338484048843384,0.00428,0.00019,0.00058,0.00356,0.00014,0.00168,0.01042
1403637222.388482332229614,0.00416,0.00018,0.00005,0.00361,0.00000,0.00172,0.00973
1403637222.438480854034424,0.00423,0.00019,0.00120,0.00338,0.00006,0.00165,0.01071
1403637222.488479614257812,0.00424,0.00018,0.01329,0.00331,0.00474,0.00155,0.02730
1403637222.538480520248413,0.00411,0.00019,0.00113,0.00387,0.00101,0.00159,0.01190
1403637222.588481187820435,0.00412,0.00018,0.00002,0.00411,0.00009,0.00168,0.01020
1403637222.638483524322510,0.00395,0.00019,0.00299,0.00387,0.00141,0.00162,0.01403
1403637222.688484430313110,0.00402,0.00019,0.00025,0.00416,0.00067,0.00167,0.01097
1403637222.738485813140869,0.00403,0.00018,0.00003,0.00428,0.00005,0.00160,0.01018
1403637222.788487672805786,0.00395,0.00019,0.00010,0.00425,0.00024,0.00163,0.01037
1403637222.838488340377808,0.00401,0.00019,0.00005,0.00421,0.00028,0.00154,0.01028
1403637222.888489246368408,0.00402,0.00019,0.00002,0.00423,0.00005,0.00164,0.01015
1403637222.938490390777588,0.00403,0.00018,0.00002,0.00420,0.00064,0.00175,0.01082
1403637222.988490343093872,0.00392,0.00019,0.00006,0.00451,0.00000,0.00158,0.01027
1403637223.038490295410156,0.00387,0.00018,0.00002,0.00418,0.00007,0.00155,0.00986
1403637223.088491201400757,0.00388,0.00018,0.00887,0.00419,0.00218,0.00157,0.02087
1403637223.138491392135620,0.00376,0.00019,0.00015,0.00458,0.00008,0.00163,0.01039
1403637223.188491344451904,0.00381,0.00019,0.00002,0.00455,0.00009,0.00153,0.01018
1403637223.238491296768188,0.00392,0.00019,0.00118,0.00465,0.00009,0.00181,0.01184
1403637223.288492202758789,0.00393,0.00020,0.00023,0.00449,0.00006,0.00154,0.01045
1403637223.338492870330811,0.00401,0.00019,0.00002,0.00445,0.00006,0.00171,0.01044
1403637223.388493299484253,0.00398,0.00019,0.00011,0.00429,0.00023,0.00166,0.01045
1403637223.438493251800537,0.00398,0.00019,0.00033,0.00420,0.00010,0.00174,0.01055
1403637223.488492727279663,0.00388,0.00019,0.00002,0.00423,0.00005,0.00162,0.00998
1403637223.538492441177368,0.00394,0.00019,0.00002,0.00422,0.00000,0.00162,0.00997
1403637223.588491439819336,0.00386,0.00019,0.00005,0.00423,0.00000,0.00159,0.00992
1403637223.638490676879883,0.00383,0.00018,0.00070,0.00418,0.00006,0.00159,0.01054
1403637223.688487052917480,0.00384,0.00019,0.00893,0.00414,0.00121,0.00163,0.01993
1403637223.738487005233765,0.00370,0.00018,0.00028,0.00439,0.00011,0.00162,0.01028
1403637223.788486957550049,0.00374,0.00019,0.00002,0.00439,0.00009,0.00155,0.00999
1403637223.838487148284912,0.00372,0.00020,0.00017,0.00440,0.00084,0.00155,0.01089
1403637223.888487100601196,0.00365,0.00018,0.00022,0.00472,0.00006,0.00150,0.01034
1403637223.938487291336060,0.00363,0.00019,0.00002,0.00464,0.00006,0.00150,0.01003
1403637223.988487243652344,0.00373,0.00020,0.00002,0.00473,0.00027,0.00159,0.01056
1403637224.038487672805786,0.00357,0.00020,0.00009,0.00465,0.00007,0.00154,0.01012
1403637224.088487625122070,0.00346,0.00019,0.00002,0.00477,0.00005,0.00150,0.00998
1403637224.138488054275513,0.00359,0.00019,0.00001,0.00456,0.00000,0.00166,0.01001
1403637224.188487768173218,0.00343,0.00019,0.00002,0.00465,0.00000,0.00156,0.00985
1403637224.238487958908081,0.00349,0.00018,0.00002,0.00465,0.00007,0.00162,0.01003
1403637224.288488388061523,0.00346,0.00019,0.00583,0.00454,0.00007,0.00156,0.01566
1403637224.338488340377808,0.00340,0.00019,0.00012,0.00462,0.00007,0.00155,0.00995
1403637224.388488531112671,0.00351,0.00019,0.00002,0.00465,0.00009,0.00151,0.00996
1403637224.438488483428955,0.00360,0.00019,0.00017,0.00468,0.00122,0.00156,0.01141
1403637224.488488435745239,0.00557,0.00021,0.00051,0.00514,0.00005,0.00153,0.01301
1403637224.538488626480103,0.00353,0.00019,0.00002,0.00463,0.00005,0.00160,0.01002
1403637224.588488578796387,0.00357,0.00019,0.00006,0.00473,0.00022,0.00158,0.01034
1403637224.638488054275513,0.00368,0.00019,0.00020,0.00462,0.00020,0.00147,0.01036
1403637224.688487529754639,0.00371,0.00018,0.00002,0.00476,0.00006,0.00155,0.01028
1403637224.738487482070923,0.00373,0.00018,0.00002,0.00482,0.00000,0.00157,0.01032
1403637224.788487672805786,0.00366,0.00019,0.00002,0.00485,0.00000,0.00165,0.01037
1403637224.838488101959229,0.00354,0.00019,0.00002,0.00489,0.00007,0.00159,0.01030
1403637224.888486862182617,0.00363,0.00020,0.00585,0.00480,0.00005,0.00161,0.01614
1403637224.938486814498901,0.00365,0.00019,0.00014,0.00488,0.00005,0.00158,0.01048
1403637224.988486528396606,0.00365,0.00018,0.00006,0.00485,0.00006,0.00155,0.01035
1403637225.038486719131470,0.00364,0.00019,0.00017,0.00469,0.00006,0.00147,0.01022
1403637225.088486671447754,0.00366,0.00020,0.00026,0.00471,0.00005,0.00158,0.01046
1403637225.138487100601196,0.00363,0.00018,0.00008,0.00462,0.00024,0.00159,0.01034
1403637225.188486814498901,0.00352,0.00019,0.00006,0.00483,0.00024,0.00171,0.01056
1403637225.238487482070923,0.00365,0.00020,0.00011,0.00478,0.00005,0.00182,0.01061
1403637225.288488388061523,0.00365,0.00019,0.00002,0.00468,0.00005,0.00168,0.01027
1403637225.338488101959229,0.00361,0.00020,0.00009,0.00443,0.00019,0.00164,0.01015
1403637225.388487815856934,0.00359,0.00018,0.00002,0.00471,0.00000,0.00160,0.01009
1403637225.438487768173218,0.00363,0.00018,0.00010,0.00462,0.00025,0.00155,0.01033
1403637225.488487720489502,0.00361,0.00018,0.00740,0.00573,0.00005,0.00155,0.01854
1403637225.538487911224365,0.00374,0.00019,0.00015,0.00466,0.00005,0.00152,0.01030
1403637225.588488101959229,0.00371,0.00019,0.00010,0.00442,0.00006,0.00156,0.01004
1403637225.638487577438354,0.00361,0.00019,0.00015,0.00433,0.00008,0.00163,0.00999
1403637225.688487291336060,0.00373,0.00019,0.00029,0.00441,0.00007,0.00155,0.01024
1403637225.738486766815186,0.00375,0.00019,0.00002,0.00424,0.00006,0.00159,0.00984
1403637225.788486957550049,0.00372,0.00018,0.00002,0.00427,0.00006,0.00158,0.00983
1403637225.838486671447754,0.00368,0.00018,0.00012,0.00400,0.00024,0.00152,0.00974
1403637225.888486623764038,0.00376,0.00019,0.00002,0.00422,0.00005,0.00157,0.00979
1403637225.938486337661743,0.00375,0.00019,0.00009,0.00421,0.00019,0.00151,0.00993
1403637225.988485574722290,0.00394,0.00019,0.00002,0.00416,0.00000,0.00160,0.00991
1403637226.038485765457153,0.00380,0.00018,0.00002,0.00424,0.00007,0.00148,0.00979
1403637226.088484287261963,0.00384,0.00019,0.00666,0.00406,0.00028,0.00158,0.01662
1403637226.138484239578247,0.00377,0.00019,0.00073,0.00421,0.00010,0.00157,0.01058
1403637226.188483238220215,0.00372,0.00019,0.00008,0.00391,0.00079,0.00152,0.01020
1403637226.238485813140869,0.00369,0.00019,0.00014,0.00423,0.00008,0.00151,0.00984
1403637226.288489103317261,0.00359,0.00019,0.00146,0.00409,0.00022,0.00159,0.01114
1403637226.338493585586548,0.00374,0.00019,0.00002,0.00426,0.00006,0.00159,0.00985
1403637226.388496875762939,0.00373,0.00018,0.00028,0.00362,0.00022,0.00157,0.00960
1403637226.438499212265015,0.00368,0.00019,0.00010,0.00341,0.00026,0.00164,0.00928
1403637226.488502025604248,0.00375,0.00019,0.00024,0.00345,0.00019,0.00146,0.00928
1403637226.538503646850586,0.00369,0.00018,0.00002,0.00362,0.00000,0.00157,0.00908
1403637226.588503837585449,0.00368,0.00018,0.00007,0.00329,0.00014,0.00151,0.00888
1403637226.638502836227417,0.00355,0.00018,0.00005,0.00329,0.00006,0.00151,0.00864
1403637226.688505172729492,0.00358,0.00018,0.00512,0.00327,0.00511,0.00147,0.01874
1403637226.738504886627197,0.00357,0.00019,0.00065,0.00445,0.00027,0.00159,0.01073
1403637226.788505077362061,0.00351,0.00018,0.00002,0.00441,0.00009,0.00151,0.00971
1403637226.838505268096924,0.00358,0.00019,0.00033,0.00408,0.00013,0.00153,0.00984
1403637226.888505935668945,0.00365,0.00020,0.00031,0.00410,0.00123,0.00156,0.01105
1403637226.938506126403809,0.00359,0.00019,0.00014,0.00403,0.00033,0.00150,0.00977
1403637226.988506793975830,0.00364,0.00019,0.00002,0.00472,0.00024,0.00153,0.01034
1403637227.038506984710693,0.00378,0.00019,0.00012,0.00450,0.00011,0.00153,0.01022
1403637227.088507413864136,0.00372,0.00019,0.00002,0.00431,0.00118,0.00149,0.01091
1403637227.138507366180420,0.00360,0.00019,0.00007,0.00432,0.00017,0.00149,0.00985
1403637227.188507318496704,0.00354,0.00020,0.00003,0.00440,0.00000,0.00150,0.00966
1403637227.238507270812988,0.00360,0.00018,0.00008,0.00439,0.00015,0.00158,0.00999
1403637227.288506984710693,0.00352,0.00018,0.00613,0.00439,0.00128,0.00150,0.01701
1403637227.338506698608398,0.00349,0.00019,0.00016,0.00421,0.00011,0.00164,0.00980
1403637227.388506412506104,0.00351,0.00018,0.00002,0.00384,0.00009,0.00155,0.00920
1403637227.438505649566650,0.00345,0.00018,0.00023,0.00358,0.00038,0.00150,0.00931
1403637227.488505363464355,0.00342,0.00018,0.00027,0.00382,0.00010,0.00163,0.00942
1403637227.538504600524902,0.00333,0.00017,0.00009,0.00375,0.00019,0.00145,0.00899
1403637227.588504791259766,0.00354,0.00018,0.00007,0.00368,0.00006,0.00143,0.00897
1403637227.638504505157471,0.00356,0.00018,0.00002,0.00375,0.00013,0.00151,0.00914
1403637227.688504457473755,0.00353,0.00019,0.00009,0.00370,0.00020,0.00148,0.00920
1403637227.738503932952881,0.00336,0.00022,0.00002,0.00365,0.00000,0.00145,0.00869
1403637227.788504123687744,0.00345,0.00018,0.00008,0.00359,0.00002,0.00146,0.00877
1403637227.838504791259766,0.00336,0.00018,0.00008,0.00366,0.00025,0.00154,0.00907
1403637227.888504743576050,0.00344,0.00019,0.00333,0.00363,0.00456,0.00145,0.01659
1403637227.938504695892334,0.00353,0.00019,0.00009,0.00448,0.00010,0.00147,0.00987
1403637227.988505125045776,0.00362,0.00024,0.00002,0.00473,0.00009,0.00152,0.01022
1403637228.038504838943481,0.00357,0.00019,0.00012,0.00459,0.00009,0.00150,0.01006
1403637228.088505029678345,0.00354,0.00019,0.00039,0.00434,0.00009,0.00141,0.00995
1403637228.138504981994629,0.00355,0.00018,0.00002,0.00433,0.00006,0.00154,0.00967
1403637228.188504457473755,0.00340,0.00019,0.00009,0.00390,0.00024,0.00150,0.00932
1403637228.238504409790039,0.00346,0.00018,0.00007,0.00408,0.00009,0.00147,0.00935
1403637228.288504362106323,0.00338,0.00018,0.00020,0.00383,0.00019,0.00145,0.00924
1403637228.338504552841187,0.00341,0.00017,0.00001,0.00402,0.00000,0.00145,0.00906
1403637228.388504505157471,0.00334,0.00018,0.00001,0.00399,0.00003,0.00159,0.00914
1403637228.438504457473755,0.00347,0.00019,0.00002,0.00390,0.00007,0.00153,0.00918
1403637228.488504171371460,0.00340,0.00018,0.00041,0.00392,0.00306,0.00143,0.01240
1403637228.538504123687744,0.00343,0.00019,0.00007,0.00452,0.00011,0.00151,0.00982
1403637228.588504314422607,0.00345,0.00018,0.00010,0.00432,0.00009,0.00147,0.00962
1403637228.638504743576050,0.00344,0.00019,0.00009,0.00413,0.00014,0.00147,0.00946
1403637228.688505649566650,0.00347,0.00018,0.00033,0.00396,0.00014,0.00146,0.00954
1403637228.738506555557251,0.00345,0.00018,0.00008,0.00393,0.00022,0.00148,0.00934
1403637228.788507461547852,0.00345,0.00018,0.00016,0.00378,0.00008,0.00144,0.00909
1403637228.838507652282715,0.00340,0.00017,0.00006,0.00381,0.00029,0.00144,0.00918
1403637228.888507604598999,0.00352,0.00018,0.00002,0.00395,0.00008,0.00146,0.00921
1403637228.938507080078125,0.00333,0.00018,0.00001,0.00376,0.00000,0.00150,0.00879
1403637228.988505840301514,0.00334,0.00018,0.00001,0.00400,0.00004,0.00157,0.00914
1403637229.038505315780640,0.00337,0.00017,0.00006,0.00391,0.00128,0.00151,0.01031
1403637229.088505983352661,0.00352,0.00016,0.00069,0.00423,0.00017,0.00154,0.01030
1403637229.138505935668945,0.00344,0.00018,0.00001,0.00423,0.00045,0.00151,0.00983
1403637229.188505887985229,0.00340,0.00018,0.00001,0.00403,0.00009,0.00143,0.00916
1403637229.238505840301514,0.00330,0.00016,0.00005,0.00389,0.00016,0.00142,0.00898
1403637229.288505792617798,0.00332,0.00018,0.00022,0.00361,0.00032,0.00142,0.00906
1403637229.338505744934082,0.00347,0.00018,0.00006,0.00328,0.00019,0.00143,0.00860
1403637229.388506174087524,0.00352,0.00018,0.00014,0.00344,0.00035,0.00146,0.00909
1403637229.438507795333862,0.00346,0.00017,0.00012,0.00370,0.00029,0.00155,0.00928
1403637229.488508462905884,0.00342,0.00018,0.00005,0.00359,0.00022,0.00152,0.00898
1403637229.538509130477905,0.00344,0.00018,0.00001,0.00329,0.00000,0.00146,0.00839
1403637229.588509559631348,0.00354,0.00018,0.00006,0.00312,0.00016,0.00143,0.00850
1403637229.638509988784790,0.00344,0.00017,0.00014,0.00294,0.00078,0.00140,0.00888
1403637229.688509941101074,0.00343,0.00018,0.00104,0.00300,0.00051,0.00144,0.00961
1403637229.738510131835938,0.00367,0.00018,0.00008,0.00305,0.00073,0.00167,0.00938
1403637229.788510799407959,0.00362,0.00017,0.00009,0.00290,0.00022,0.00141,0.00841
1403637229.838510990142822,0.00325,0.00017,0.00008,0.00288,0.00033,0.00142,0.00815
1403637229.888510465621948,0.00334,0.00017,0.00014,0.00286,0.00053,0.00141,0.00846
1403637229.938509941101074,0.00335,0.00017,0.00006,0.00270,0.00006,0.00139,0.00774
1403637229.988508939743042,0.00615,0.00017,0.00012,0.00281,0.00061,0.00157,0.01142
1403637230.038508176803589,0.00454,0.00017,0.00009,0.00280,0.00045,0.00156,0.00961
1403637230.088507175445557,0.00441,0.00017,0.00017,0.00285,0.00023,0.00161,0.00944
1403637230.138506412506104,0.00429,0.00017,0.00023,0.00275,0.00013,0.00157,0.00915
1403637230.188506126403809,0.00428,0.00018,0.00055,0.00281,0.00000,0.00162,0.00944
1403637230.238506555557251,0.00391,0.00016,0.00048,0.00272,0.00003,0.00153,0.00883
1403637230.288507461547852,0.00396,0.00018,0.00010,0.00262,0.00140,0.00156,0.00983
1403637230.338508605957031,0.00391,0.00017,0.00015,0.00260,0.00094,0.00155,0.00933
1403637230.388511657714844,0.00370,0.00016,0.00080,0.00251,0.00006,0.00256,0.00980
1403637230.438514709472656,0.00423,0.00016,0.00093,0.00236,0.00033,0.00150,0.00953
1403637230.488517761230469,0.00379,0.00017,0.00031,0.00242,0.00167,0.00250,0.01086
1403637230.538517713546753,0.00480,0.00017,0.00122,0.00260,0.00312,0.00158,0.01350
1403637230.588517904281616,0.00382,0.00017,0.00002,0.00266,0.00022,0.00151,0.00839
1403637230.638518095016479,0.00364,0.00017,0.00005,0.00240,0.00030,0.00159,0.00815
1403637230.688518047332764,0.00368,0.00017,0.00008,0.00217,0.00100,0.00148,0.00857
1403637230.738517522811890,0.00362,0.00017,0.00008,0.00216,0.00013,0.00151,0.00767
1403637230.788517713546753,0.00365,0.00016,0.00017,0.00207,0.00023,0.00149,0.00778
1403637230.838517427444458,0.00362,0.00016,0.00005,0.00222,0.00017,0.00144,0.00765
1403637230.888517141342163,0.00372,0.00017,0.00019,0.00223,0.00060,0.00144,0.00833
1403637230.938516616821289,0.00346,0.00016,0.00007,0.00224,0.00017,0.00143,0.00753
1403637230.988516092300415,0.00342,0.00015,0.00011,0.00225,0.00006,0.00161,0.00760
1403637231.038516759872437,0.00581,0.00016,0.00012,0.00185,0.00035,0.00156,0.00986
1403637231.088517904281616,0.00407,0.00017,0.00020,0.00159,0.00016,0.00151,0.00770
1403637231.138519287109375,0.00393,0.00015,0.00012,0.00123,0.00050,0.00149,0.00741
1403637231.188521862030029,0.00375,0.00014,0.00022,0.00119,0.00021,0.00152,0.00704
1403637231.238523721694946,0.00387,0.00015,0.00015,0.00084,0.00008,0.00151,0.00660
1403637231.288525342941284,0.00367,0.00015,0.00010,0.00054,0.00004,0.00153,0.00603
1403637231.338526248931885,0.00353,0.00014,0.00021,0.00033,0.00000,0.00144,0.00564
1403637231.388526678085327,0.00501,0.00014,0.00014,0.00016,0.00000,0.00145,0.00690
1403637231.438526630401611,0.00381,0.00013,0.00056,0.00004,0.00000,0.00147,0.00601
1403637231.488526582717896,0.00359,0.00013,0.00008,0.00007,0.00020,0.00144,0.00550
1403637231.538526773452759,0.00349,0.00013,0.00005,0.00003,0.00000,0.00147,0.00516
1403637231.588525056838989,0.00350,0.00013,0.00044,0.00002,0.00918,0.00142,0.01469
1403637231.638524770736694,0.00426,0.00014,0.00028,0.00063,0.00000,0.00137,0.00669
1403637231.688524723052979,0.00356,0.00014,0.00006,0.00065,0.00000,0.00139,0.00581
1403637231.738523721694946,0.00349,0.00014,0.00007,0.00064,0.00999,0.00150,0.01584
1403637231.788522958755493,0.00338,0.00015,0.00007,0.00197,0.00000,0.00137,0.00694
1403637231.838522195816040,0.00334,0.00014,0.00001,0.00194,0.00000,0.00135,0.00679
1403637231.888521671295166,0.00334,0.00015,0.00008,0.00164,0.00000,0.00139,0.00661
1403637231.938522815704346,0.00466,0.00016,0.00038,0.00118,0.01503,0.00146,0.02288
1403637231.988522052764893,0.00374,0.00016,0.00073,0.00297,0.00000,0.00143,0.00904
1403637232.038518190383911,0.00364,0.00017,0.00106,0.00244,0.00000,0.00136,0.00866
1403637232.088514566421509,0.00372,0.00019,0.00006,0.00238,0.00000,0.00141,0.00776
1403637232.138513803482056,0.00350,0.00016,0.00132,0.00229,0.00001,0.00149,0.00877
1403637232.188508987426758,0.00345,0.00016,0.00099,0.00215,0.01675,0.00140,0.02490
1403637232.238513469696045,0.00440,0.00020,0.00017,0.00383,0.00000,0.00135,0.00995
1403637232.288516283035278,0.00365,0.00017,0.00010,0.00364,0.00000,0.00136,0.00892
1403637232.338517665863037,0.00500,0.00017,0.00043,0.00316,0.00010,0.00141,0.01028
1403637232.388518810272217,0.00387,0.00017,0.00018,0.00291,0.00000,0.00140,0.00854
1403637232.438520193099976,0.00384,0.00017,0.00010,0.00252,0.00000,0.00140,0.00804
1403637232.488520622253418,0.00380,0.00017,0.00209,0.00233,0.00227,0.00155,0.01222
1403637232.538521051406860,0.00380,0.00016,0.00008,0.00237,0.00190,0.00147,0.00979
1403637232.588521242141724,0.00378,0.00016,0.00036,0.00262,0.00000,0.00137,0.00829
1403637232.638521194458008,0.00367,0.00018,0.00013,0.00249,0.00000,0.00140,0.00786
1403637232.688521146774292,0.00425,0.00016,0.00007,0.00248,0.00000,0.00144,0.00840
1403637232.738520860671997,0.00368,0.00016,0.00008,0.00226,0.00000,0.00151,0.00769
1403637232.788519382476807,0.00370,0.00015,0.00009,0.00217,0.01014,0.00144,0.01770
1403637232.838518857955933,0.00421,0.00017,0.00013,0.00335,0.00000,0.00143,0.00930
1403637232.888518810272217,0.00389,0.00016,0.00144,0.00308,0.00617,0.00139,0.01613
1403637232.938518524169922,0.00354,0.00019,0.00021,0.00362,0.00000,0.00133,0.00889
1403637232.988518714904785,0.00428,0.00017,0.00010,0.00351,0.00000,0.00142,0.00947
1403637233.038519620895386,0.00373,0.00017,0.00009,0.00327,0.00001,0.00150,0.00877
1403637233.088522434234619,0.00370,0.00017,0.00596,0.00324,0.01047,0.00136,0.02490
1403637233.138523101806641,0.00368,0.00018,0.00010,0.00489,0.00245,0.00141,0.01271
1403637233.188524007797241,0.00361,0.00018,0.00002,0.00527,0.00000,0.00139,0.01047
1403637233.238524198532104,0.00361,0.00017,0.00387,0.00537,0.00079,0.00138,0.01520
1403637233.288524866104126,0.00360,0.00020,0.00032,0.00527,0.00000,0.00150,0.01090
1403637233.338525295257568,0.00363,0.00019,0.00001,0.00533,0.00000,0.00151,0.01068
1403637233.388525962829590,0.00353,0.00019,0.00543,0.00462,0.00069,0.00137,0.01583
1403637233.438526153564453,0.00338,0.00020,0.00036,0.00473,0.00000,0.00141,0.01009
1403637233.488525867462158,0.00480,0.00019,0.00161,0.00473,0.00347,0.00138,0.01616
1403637233.538526058197021,0.00377,0.00019,0.00622,0.00503,0.00118,0.00140,0.01779
1403637233.588524580001831,0.00368,0.00020,0.00039,0.00407,0.00000,0.00144,0.00979
1403637233.638523340225220,0.00486,0.00020,0.00059,0.00339,0.00002,0.00141,0.01048
1403637233.688520431518555,0.00371,0.00018,0.00152,0.00339,0.00884,0.00133,0.01897
1403637233.738520860671997,0.00362,0.00018,0.00044,0.00464,0.00000,0.00132,0.01020
1403637233.788523197174072,0.00490,0.00019,0.00087,0.00465,0.00000,0.00141,0.01201
1403637233.838525295257568,0.00384,0.00019,0.00058,0.00452,0.00008,0.00150,0.01072
1403637233.888526916503906,0.00364,0.00018,0.00066,0.00403,0.00000,0.00142,0.00993
1403637233.938529491424561,0.00359,0.00017,0.00007,0.00396,0.00000,0.00137,0.00917
1403637233.988531112670898,0.00355,0.00018,0.00013,0.00405,0.00227,0.00136,0.01155
1403637234.038533687591553,0.00436,0.00018,0.00107,0.00399,0.00438,0.00165,0.01564
1403637234.088534355163574,0.00372,0.00019,0.00139,0.00456,0.00062,0.00154,0.01202
1403637234.138535737991333,0.00360,0.00018,0.00011,0.00452,0.00299,0.00141,0.01281
1403637234.188535690307617,0.00360,0.00019,0.00593,0.00486,0.00112,0.00148,0.01718
1403637234.238536357879639,0.00339,0.00018,0.00010,0.00477,0.00117,0.00147,0.01108
1403637234.288536787033081,0.00412,0.00018,0.00017,0.00433,0.00110,0.00143,0.01133
1403637234.338535070419312,0.00413,0.00019,0.00332,0.00442,0.00443,0.00140,0.01789
1403637234.388534069061279,0.00428,0.00019,0.00041,0.00470,0.00001,0.00139,0.01098
1403637234.438533782958984,0.00368,0.00020,0.00063,0.00444,0.00186,0.00180,0.01260
1403637234.488533735275269,0.00423,0.00017,0.00024,0.00434,0.00000,0.00134,0.01032
1403637234.538534641265869,0.00382,0.00017,0.00013,0.00397,0.00000,0.00139,0.00948
1403637234.588536024093628,0.00381,0.00018,0.00557,0.00376,0.00660,0.00142,0.02134
1403637234.638535976409912,0.00370,0.00018,0.00063,0.00457,0.00000,0.00143,0.01050
1403637234.688535928726196,0.00371,0.00019,0.00098,0.00413,0.00002,0.00144,0.01045
1403637234.738536357879639,0.00403,0.00018,0.00046,0.00340,0.00002,0.00140,0.00949
1403637234.788535594940186,0.00418,0.00018,0.00149,0.00296,0.00618,0.00146,0.01645
1403637234.838534832000732,0.00370,0.00018,0.00319,0.00344,0.00122,0.00159,0.01333
1403637234.888534545898438,0.00424,0.00018,0.00047,0.00312,0.00094,0.00138,0.01033
1403637234.938533544540405,0.00378,0.00017,0.00038,0.00285,0.00181,0.00141,0.01041
1403637234.988532066345215,0.00403,0.00027,0.00022,0.00277,0.00002,0.00140,0.00871
1403637235.038531541824341,0.00436,0.00016,0.00057,0.00212,0.00001,0.00147,0.00869
1403637235.088530540466309,0.00370,0.00015,0.00058,0.00171,0.00178,0.00138,0.00929
1403637235.138530731201172,0.00373,0.00016,0.00073,0.00176,0.00249,0.00146,0.01032
1403637235.188530206680298,0.00419,0.00016,0.00168,0.00184,0.00687,0.00144,0.01619
1403637235.238529920578003,0.00361,0.00015,0.00024,0.00263,0.00196,0.00147,0.01006
1403637235.288530111312866,0.00356,0.00016,0.00194,0.00274,0.00172,0.00142,0.01153
1403637235.338529109954834,0.00358,0.00016,0.00017,0.00304,0.00423,0.00145,0.01261
1403637235.388530492782593,0.00453,0.00017,0.00117,0.00355,0.00113,0.00144,0.01198
1403637235.438530206680298,0.00362,0.00016,0.00143,0.00347,0.00982,0.00135,0.01985
1403637235.488530397415161,0.00380,0.00019,0.00079,0.00508,0.00114,0.00140,0.01240
1403637235.538529634475708,0.00363,0.00020,0.00031,0.00460,0.00000,0.00147,0.01021
1403637235.588528156280518,0.00532,0.00035,0.00542,0.00421,0.00446,0.00142,0.02118
1403637235.638526678085327,0.00397,0.00019,0.00090,0.00504,0.00079,0.00155,0.01242
1403637235.688524484634399,0.00356,0.00019,0.00002,0.00534,0.00123,0.00159,0.01193
1403637235.738523483276367,0.00368,0.00021,0.00633,0.00481,0.00002,0.00143,0.01648
1403637235.788522243499756,0.00352,0.00019,0.00048,0.00412,0.00115,0.00152,0.01097
1403637235.838521480560303,0.00413,0.00017,0.00080,0.00352,0.00002,0.00137,0.01001
1403637235.888520240783691,0.00368,0.00017,0.00157,0.00292,0.00102,0.00143,0.01079
1403637235.938521146774292,0.00409,0.00017,0.00019,0.00240,0.00786,0.00141,0.01611
1403637235.988521099090576,0.00358,0.00018,0.00088,0.00327,0.00002,0.00183,0.00977
1403637236.038520812988281,0.00414,0.00017,0.00064,0.00246,0.00167,0.00138,0.01047
1403637236.088520526885986,0.00345,0.00016,0.00009,0.00263,0.00001,0.00131,0.00765
1403637236.138519525527954,0.00406,0.00017,0.00075,0.00221,0.00011,0.00138,0.00868
1403637236.188514471054077,0.00418,0.00017,0.00052,0.00190,0.01092,0.00136,0.01905
1403637236.238513946533203,0.00400,0.00016,0.00050,0.00281,0.00001,0.00132,0.00879
1403637236.288512945175171,0.00368,0.00016,0.00116,0.00231,0.00013,0.00141,0.00885
1403637236.338513374328613,0.00407,0.00016,0.00130,0.00219,0.00691,0.00138,0.01601
1403637236.388511657714844,0.00356,0.00017,0.00047,0.00255,0.00458,0.00132,0.01264
1403637236.438511371612549,0.00409,0.00018,0.00069,0.00248,0.00013,0.00135,0.00893
1403637236.488510608673096,0.00443,0.00016,0.00049,0.00219,0.00697,0.00139,0.01563
1403637236.538513422012329,0.00456,0.00018,0.00081,0.00306,0.00103,0.00144,0.01108
1403637236.588513851165771,0.00361,0.00017,0.00046,0.00291,0.00381,0.00135,0.01230
1403637236.638514995574951,0.00456,0.00016,0.00125,0.00319,0.00000,0.00136,0.01052
1403637236.688515663146973,0.00492,0.00020,0.00113,0.00283,0.00201,0.00145,0.01254
1403637236.738517999649048,0.00390,0.00018,0.00066,0.00282,0.00597,0.00143,0.01496
1403637236.788518905639648,0.00497,0.00019,0.00087,0.00316,0.00204,0.00142,0.01264
1403637236.838519573211670,0.00384,0.00018,0.00101,0.00362,0.00000,0.00139,0.01004
1403637236.888520717620850,0.00368,0.00017,0.00032,0.00220,0.00190,0.00144,0.00971
1403637236.938521385192871,0.00538,0.00016,0.00142,0.00191,0.00001,0.00139,0.01027
1403637236.988522768020630,0.00394,0.00016,0.00101,0.00163,0.00245,0.00152,0.01072
1403637237.038522958755493,0.00370,0.00016,0.00049,0.00186,0.00968,0.00149,0.01738
1403637237.088522672653198,0.00382,0.00017,0.00052,0.00232,0.00489,0.00137,0.01309
1403637237.138522148132324,0.00452,0.00017,0.00242,0.00231,0.00100,0.00145,0.01187
1403637237.188520908355713,0.00465,0.00017,0.00195,0.00237,0.00001,0.00136,0.01052
1403637237.238518953323364,0.00366,0.00017,0.00067,0.00205,0.00001,0.00135,0.00790
1403637237.288517475128174,0.00513,0.00017,0.00084,0.00213,0.00001,0.00141,0.00970
1403637237.338515043258667,0.00370,0.00015,0.00061,0.00214,0.01005,0.00144,0.01808
1403637237.388515233993530,0.00356,0.00017,0.00052,0.00302,0.00000,0.00133,0.00860
1403637237.438516139984131,0.00344,0.00016,0.00030,0.00271,0.00000,0.00133,0.00795
1403637237.488518238067627,0.00442,0.00017,0.00391,0.00279,0.01333,0.00138,0.02600
1403637237.538519144058228,0.00492,0.00019,0.00126,0.00366,0.00002,0.00145,0.01151
1403637237.588518619537354,0.00406,0.00018,0.00100,0.00352,0.00000,0.00147,0.01023
1403637237.638517379760742,0.00405,0.00019,0.00044,0.00301,0.00104,0.00143,0.01016
1403637237.688514947891235,0.00383,0.00018,0.00046,0.00299,0.00303,0.00146,0.01195
1403637237.738512992858887,0.00480,0.00018,0.00015,0.00303,0.00576,0.00144,0.01536
1403637237.788513422012329,0.00402,0.00018,0.00148,0.00354,0.00108,0.00152,0.01181
1403637237.838515758514404,0.00384,0.00018,0.00169,0.00384,0.00658,0.00142,0.01756
1403637237.888516902923584,0.00387,0.00019,0.00075,0.00499,0.00002,0.00261,0.01242
1403637237.938520431518555,0.00396,0.00018,0.00048,0.00478,0.00230,0.00139,0.01309
1403637237.988520622253418,0.00384,0.00019,0.00017,0.00513,0.00001,0.00143,0.01076
1403637238.038521051406860,0.00356,0.00018,0.00297,0.00477,0.00173,0.00150,0.01472
1403637238.088521480560303,0.00354,0.00019,0.00869,0.00509,0.00115,0.00145,0.02011
1403637238.138521194458008,0.00560,0.00019,0.00005,0.00514,0.00231,0.00150,0.01480
1403637238.188520193099976,0.00417,0.00020,0.00100,0.00560,0.00000,0.00156,0.01254
1403637238.238519191741943,0.00399,0.00019,0.00224,0.00547,0.00000,0.00151,0.01340
1403637238.288517713546753,0.00382,0.00020,0.00476,0.00525,0.00002,0.00155,0.01560
1403637238.338515996932983,0.00389,0.00019,0.00006,0.00511,0.00121,0.00152,0.01197
1403637238.388514280319214,0.00388,0.00019,0.00079,0.00490,0.00001,0.00159,0.01135
1403637238.438513278961182,0.00376,0.00019,0.00076,0.00435,0.00117,0.00153,0.01176
1403637238.488512039184570,0.00382,0.00020,0.00018,0.00430,0.00115,0.00150,0.01115
1403637238.538511276245117,0.00381,0.00019,0.00073,0.00433,0.00003,0.00149,0.01058
1403637238.588509559631348,0.00371,0.00018,0.00067,0.00424,0.00060,0.00160,0.01099
1403637238.638506889343262,0.00367,0.00018,0.00089,0.00420,0.00277,0.00149,0.01320
1403637238.688497304916382,0.00359,0.00019,0.01241,0.00420,0.00236,0.00267,0.02543
1403637238.738496780395508,0.00601,0.00019,0.00007,0.00408,0.00000,0.00146,0.01182
1403637238.788496494293213,0.00410,0.00018,0.00015,0.00398,0.00003,0.00249,0.01092
1403637238.838494300842285,0.00442,0.00018,0.00013,0.00357,0.00115,0.00150,0.01096
1403637238.888492584228516,0.00384,0.00019,0.00017,0.00358,0.00660,0.00245,0.01683
1403637238.938492298126221,0.00426,0.00020,0.00068,0.00425,0.00002,0.00147,0.01088
1403637238.988492250442505,0.00351,0.00019,0.00073,0.00396,0.00108,0.00253,0.01199
1403637239.038491725921631,0.00385,0.00018,0.00064,0.00397,0.00115,0.00153,0.01131
1403637239.088491916656494,0.00367,0.00019,0.00066,0.00415,0.00206,0.00147,0.01220
1403637239.138491868972778,0.00353,0.00019,0.00013,0.00439,0.00227,0.00148,0.01198
1403637239.188491582870483,0.00349,0.00018,0.00084,0.00460,0.00000,0.00148,0.01059
1403637239.238489389419556,0.00540,0.00019,0.00133,0.00440,0.00120,0.00154,0.01407
1403637239.288487672805786,0.00413,0.00019,0.01342,0.00469,0.00341,0.00153,0.02737
1403637239.338486671447754,0.00416,0.00019,0.00045,0.00523,0.00001,0.00154,0.01159
1403637239.388487339019775,0.00400,0.00019,0.00126,0.00510,0.00243,0.00144,0.01441
1403637239.438486099243164,0.00380,0.00019,0.00368,0.00488,0.00000,0.00156,0.01410
1403637239.488485813140869,0.00372,0.00019,0.00054,0.00421,0.00002,0.00148,0.01016
1403637239.538486480712891,0.00356,0.00017,0.00102,0.00374,0.00210,0.00150,0.01208
1403637239.588485956192017,0.00342,0.00018,0.00087,0.00361,0.00019,0.00143,0.00971
1403637239.638487577438354,0.00546,0.00017,0.00228,0.00334,0.00000,0.00146,0.01272
1403637239.688488245010376,0.00393,0.00018,0.00181,0.00294,0.00000,0.00147,0.01034
1403637239.738487958908081,0.00369,0.00017,0.00247,0.00241,0.00021,0.00144,0.01039
1403637239.788489341735840,0.00359,0.00016,0.00125,0.00149,0.01100,0.00148,0.01898
1403637239.838489532470703,0.00417,0.00017,0.00119,0.00236,0.00002,0.00151,0.00942
1403637239.888489961624146,0.00440,0.00017,0.00185,0.00190,0.00948,0.00142,0.01922
1403637239.938489437103271,0.00368,0.00017,0.00064,0.00251,0.00002,0.00135,0.00837
1403637239.988488674163818,0.00421,0.00017,0.00071,0.00248,0.00000,0.00153,0.00910
1403637240.038488626480103,0.00364,0.00017,0.00020,0.00190,0.00135,0.00139,0.00865
1403637240.088488578796387,0.00442,0.00017,0.00042,0.00172,0.00088,0.00142,0.00903
1403637240.138488292694092,0.00379,0.00016,0.00107,0.00155,0.00002,0.00137,0.00795
1403637240.188487529754639,0.00352,0.00015,0.00134,0.00145,0.01819,0.00138,0.02603
1403637240.238488435745239,0.00350,0.00019,0.00125,0.00332,0.00000,0.00135,0.00961
1403637240.288490295410156,0.00419,0.00018,0.00079,0.00272,0.00000,0.00137,0.00925
1403637240.338491439819336,0.00358,0.00017,0.00055,0.00227,0.00000,0.00136,0.00794
1403637240.388496160507202,0.00380,0.00016,0.00072,0.00214,0.00241,0.00139,0.01060
1403637240.438498973846436,0.00443,0.00017,0.00400,0.00237,0.00690,0.00140,0.01926
1403637240.488499164581299,0.00441,0.00019,0.00076,0.00219,0.00002,0.00130,0.00886
1403637240.538498163223267,0.00472,0.00017,0.00049,0.00211,0.00266,0.00171,0.01187
1403637240.588494300842285,0.00362,0.00017,0.00029,0.00248,0.00002,0.00136,0.00794
1403637240.638491153717041,0.00642,0.00016,0.00033,0.00212,0.00809,0.00139,0.01851
1403637240.688489675521851,0.00375,0.00018,0.00070,0.00307,0.00000,0.00136,0.00906
1403637240.738487720489502,0.00375,0.00018,0.00077,0.00285,0.00000,0.00149,0.00904
1403637240.788486957550049,0.00380,0.00017,0.00057,0.00281,0.00000,0.00134,0.00869
1403637240.838483572006226,0.00477,0.00019,0.00071,0.00257,0.00498,0.00146,0.01468
1403637240.888481855392456,0.00382,0.00017,0.00086,0.00304,0.00102,0.00148,0.01039
1403637240.938479900360107,0.00375,0.00017,0.00071,0.00294,0.00393,0.00145,0.01295
1403637240.988480806350708,0.00373,0.00018,0.00002,0.00359,0.00317,0.00140,0.01208
1403637241.038483619689941,0.00406,0.00018,0.00085,0.00313,0.00596,0.00143,0.01562
1403637241.088486194610596,0.00369,0.00019,0.00399,0.00414,0.00007,0.00150,0.01357
1403637241.138488769531250,0.00352,0.00018,0.00056,0.00365,0.00106,0.00139,0.01036
1403637241.188491106033325,0.00405,0.00017,0.00130,0.00359,0.00674,0.00148,0.01733
1403637241.238492727279663,0.00378,0.00019,0.00106,0.00452,0.00005,0.00140,0.01099
1403637241.288492918014526,0.00363,0.00019,0.00078,0.00410,0.00001,0.00139,0.01009
1403637241.338494062423706,0.00378,0.00018,0.00009,0.00340,0.00012,0.00131,0.00889
1403637241.388495206832886,0.00379,0.00018,0.00340,0.00333,0.00774,0.00139,0.01982
1403637241.438495635986328,0.00375,0.00020,0.00040,0.00449,0.00019,0.00132,0.01034
1403637241.488496541976929,0.00386,0.00019,0.00001,0.00400,0.00000,0.00148,0.00954
1403637241.538497447967529,0.00429,0.00019,0.00007,0.00356,0.00004,0.00140,0.00955
1403637241.588497638702393,0.00373,0.00019,0.00183,0.00312,0.00499,0.00143,0.01529
1403637241.638498067855835,0.00383,0.00018,0.00084,0.00417,0.00002,0.00208,0.01112
1403637241.688498497009277,0.00377,0.00017,0.00054,0.00264,0.00102,0.00138,0.00953
1403637241.738499402999878,0.00433,0.00019,0.00069,0.00251,0.00503,0.00164,0.01439
1403637241.788500308990479,0.00417,0.00017,0.00054,0.00292,0.00103,0.00143,0.01026
1403637241.838502407073975,0.00404,0.00017,0.00179,0.00259,0.00005,0.00140,0.01004
1403637241.888503789901733,0.00386,0.00017,0.00023,0.00259,0.00001,0.00135,0.00821
1403637241.938504219055176,0.00393,0.00017,0.00020,0.00225,0.00198,0.00141,0.00993
1403637241.988502740859985,0.00394,0.00017,0.00034,0.00255,0.00473,0.00133,0.01306
1403637242.038502931594849,0.00442,0.00017,0.00016,0.00296,0.00011,0.00138,0.00920
1403637242.088500738143921,0.00365,0.00017,0.00066,0.00285,0.00386,0.00140,0.01259
1403637242.138498306274414,0.00354,0.00018,0.00004,0.00328,0.00105,0.00143,0.00952
1403637242.188495635986328,0.00466,0.00018,0.00006,0.00338,0.00276,0.00141,0.01245
1403637242.238495588302612,0.00398,0.00019,0.00011,0.00335,0.00002,0.00136,0.00901
1403637242.288496255874634,0.00385,0.00018,0.00044,0.00293,0.00305,0.00149,0.01194
1403637242.338495254516602,0.00381,0.00018,0.00076,0.00313,0.00520,0.00146,0.01454
1403637242.388495922088623,0.00367,0.00015,0.00035,0.00373,0.00018,0.00138,0.00946
1403637242.438497304916382,0.00359,0.00019,0.00105,0.00367,0.00239,0.00138,0.01226
1403637242.488498210906982,0.00357,0.00018,0.00046,0.00375,0.00019,0.00148,0.00963
1403637242.538499355316162,0.00390,0.00017,0.00046,0.00365,0.00152,0.00146,0.01115
1403637242.588502168655396,0.00371,0.00018,0.00307,0.00362,0.00688,0.00139,0.01885
1403637242.638502597808838,0.00359,0.00019,0.00014,0.00460,0.00021,0.00138,0.01011
1403637242.688503980636597,0.00412,0.00020,0.00019,0.00455,0.00000,0.00146,0.01051
1403637242.738505601882935,0.00376,0.00019,0.00110,0.00421,0.00366,0.00149,0.01440
1403637242.788507461547852,0.00405,0.00018,0.00025,0.00494,0.00005,0.00138,0.01085
1403637242.838510274887085,0.00405,0.00019,0.00019,0.00414,0.00127,0.00157,0.01141
1403637242.888510704040527,0.00414,0.00019,0.00012,0.00371,0.00000,0.00139,0.00956
1403637242.938510656356812,0.00443,0.00020,0.00009,0.00348,0.00244,0.00139,0.01203
1403637242.988510131835938,0.00394,0.00020,0.00109,0.00367,0.00231,0.00160,0.01280
1403637243.038509368896484,0.00459,0.00019,0.00019,0.00397,0.00345,0.00146,0.01385
1403637243.088509082794189,0.00385,0.00019,0.00010,0.00444,0.00206,0.00144,0.01207
1403637243.138505458831787,0.00378,0.00020,0.00065,0.00444,0.00170,0.00149,0.01225
1403637243.188505172729492,0.00377,0.00020,0.00143,0.00499,0.00090,0.00143,0.01272
1403637243.238503456115723,0.00367,0.00019,0.00357,0.00468,0.00001,0.00150,0.01362
1403637243.288503646850586,0.00360,0.00019,0.00036,0.00445,0.00000,0.00142,0.01001
1403637243.338504076004028,0.00441,0.00019,0.00224,0.00417,0.00349,0.00144,0.01594
1403637243.388504028320312,0.00379,0.00020,0.00401,0.00458,0.00120,0.00148,0.01526
1403637243.438503742218018,0.00363,0.00019,0.00029,0.00460,0.00330,0.00141,0.01343
1403637243.488503694534302,0.00365,0.00019,0.00326,0.00481,0.00089,0.00141,0.01422
1403637243.538503408432007,0.00354,0.00019,0.00023,0.00497,0.00225,0.00141,0.01260
1403637243.588502645492554,0.00411,0.00020,0.00337,0.00447,0.00131,0.00163,0.01509
1403637243.638502597808838,0.00407,0.00019,0.00076,0.00441,0.00004,0.00145,0.01090
1403637243.688502788543701,0.00369,0.00019,0.00130,0.00374,0.00030,0.00144,0.01066
1403637243.738502502441406,0.00465,0.00018,0.00084,0.00377,0.00033,0.00143,0.01119
1403637243.788501977920532,0.00387,0.00018,0.00060,0.00386,0.00068,0.00148,0.01067
1403637243.838501214981079,0.00375,0.00018,0.00066,0.00373,0.00435,0.00146,0.01413
1403637243.888500690460205,0.00370,0.00018,0.00382,0.00441,0.00532,0.00146,0.01889
1403637243.938500404357910,0.00360,0.00020,0.00140,0.00480,0.00017,0.00165,0.01181
1403637243.988499641418457,0.00437,0.00020,0.00082,0.00496,0.00079,0.00148,0.01262
1403637244.038499355316162,0.00366,0.00020,0.00079,0.00501,0.00018,0.00145,0.01127
1403637244.088498830795288,0.00362,0.00019,0.00187,0.00518,0.00189,0.00140,0.01416
1403637244.138498544692993,0.00353,0.00020,0.00311,0.00549,0.00000,0.00144,0.01376
1403637244.188498735427856,0.00354,0.00018,0.00498,0.00564,0.00000,0.00148,0.01582
1403637244.238498687744141,0.00424,0.00020,0.00014,0.00561,0.00002,0.00147,0.01168
1403637244.288498401641846,0.00368,0.00020,0.00483,0.00519,0.00086,0.00152,0.01627
1403637244.338497877120972,0.00368,0.00019,0.00001,0.00512,0.00000,0.00145,0.01046
1403637244.388497114181519,0.00383,0.00019,0.00112,0.00489,0.00002,0.00182,0.01187
1403637244.438496828079224,0.00415,0.00020,0.00038,0.00517,0.00061,0.00146,0.01197
1403637244.488495588302612,0.00376,0.00027,0.00329,0.00465,0.00061,0.00202,0.01460
1403637244.538495779037476,0.00376,0.00019,0.00417,0.00420,0.00062,0.00155,0.01450
1403637244.588495492935181,0.00348,0.00019,0.00015,0.00425,0.00062,0.00148,0.01017
1403637244.638495445251465,0.00360,0.00019,0.00019,0.00395,0.00113,0.00146,0.01052
1403637244.688494920730591,0.00464,0.00019,0.00078,0.00404,0.00062,0.00164,0.01191
1403637244.738494396209717,0.00377,0.00018,0.00259,0.00397,0.00181,0.00155,0.01387
1403637244.788494348526001,0.00390,0.00026,0.00603,0.00427,0.00116,0.00196,0.01757
1403637244.838494062423706,0.00394,0.00020,0.00006,0.00451,0.00125,0.00153,0.01149
1403637244.888494729995728,0.00359,0.00019,0.00438,0.00427,0.00128,0.00154,0.01525
1403637244.938494682312012,0.00365,0.00019,0.00046,0.00401,0.00001,0.00151,0.00983
1403637244.988495111465454,0.00372,0.00029,0.00088,0.00394,0.00079,0.00162,0.01124
1403637245.038495779037476,0.00434,0.00019,0.00012,0.00381,0.00021,0.00149,0.01017
1403637245.088496208190918,0.00384,0.00018,0.00010,0.00363,0.00306,0.00167,0.01248
1403637245.138497829437256,0.00363,0.00019,0.00209,0.00391,0.00190,0.00148,0.01320
1403637245.188497543334961,0.00352,0.00019,0.00084,0.00429,0.00123,0.00154,0.01161
1403637245.238495588302612,0.00357,0.00019,0.00984,0.00408,0.00096,0.00147,0.02011
1403637245.288494825363159,0.00473,0.00020,0.00014,0.00384,0.00001,0.00153,0.01044
1403637245.338493824005127,0.00399,0.00019,0.00062,0.00395,0.00230,0.00156,0.01261
1403637245.388492345809937,0.00390,0.00019,0.00522,0.00392,0.00124,0.00156,0.01603
1403637245.438492298126221,0.00383,0.00019,0.00026,0.00406,0.00001,0.00151,0.00986
1403637245.488492488861084,0.00380,0.00019,0.00178,0.00378,0.00459,0.00172,0.01586
1403637245.538492679595947,0.00373,0.00019,0.00084,0.00412,0.00002,0.00151,0.01039
1403637245.588494300842285,0.00374,0.00019,0.00539,0.00398,0.00034,0.00166,0.01530
1403637245.638494253158569,0.00369,0.00019,0.00017,0.00410,0.00022,0.00148,0.00985
1403637245.688493728637695,0.00366,0.00018,0.00083,0.00380,0.00109,0.00165,0.01122
1403637245.738492965698242,0.00376,0.00019,0.00090,0.00320,0.00178,0.00147,0.01130
1403637245.788491010665894,0.00353,0.00018,0.00132,0.00288,0.00014,0.00140,0.00945
1403637245.838491439819336,0.00475,0.00018,0.01036,0.00203,0.00510,0.00149,0.02391
1403637245.888491868972778,0.00358,0.00044,0.00010,0.00221,0.00054,0.00188,0.00875
1403637245.938492298126221,0.00528,0.00017,0.00082,0.00165,0.00147,0.00141,0.01081
1403637245.988492727279663,0.00403,0.00016,0.00057,0.00137,0.00589,0.00186,0.01388
1403637246.038492918014526,0.00508,0.00018,0.00037,0.00171,0.00001,0.00148,0.00882
1403637246.088492870330811,0.00378,0.00015,0.00045,0.00115,0.00011,0.00143,0.00708
1403637246.138492822647095,0.00381,0.00015,0.00025,0.00077,0.00010,0.00142,0.00650
1403637246.188491344451904,0.00452,0.00014,0.00122,0.00056,0.00368,0.00151,0.01163
1403637246.238490104675293,0.00373,0.00015,0.00079,0.00089,0.00078,0.00140,0.00774
1403637246.288489818572998,0.00342,0.00013,0.00028,0.00086,0.00000,0.00142,0.00611
1403637246.338489532470703,0.00453,0.00015,0.00042,0.00077,0.00000,0.00146,0.00733
1403637246.388489723205566,0.00387,0.00014,0.00091,0.00074,0.00384,0.00154,0.01104
1403637246.438489198684692,0.00374,0.00014,0.00056,0.00113,0.01120,0.00144,0.01820
1403637246.488490104675293,0.00356,0.00017,0.00064,0.00202,0.01165,0.00143,0.01948
1403637246.538491487503052,0.00368,0.00018,0.00081,0.00323,0.00056,0.00136,0.00983
1403637246.588491439819336,0.00372,0.00018,0.00311,0.00295,0.00634,0.00180,0.01810
1403637246.638492107391357,0.00481,0.00019,0.00031,0.00278,0.00001,0.00137,0.00947
1403637246.688492298126221,0.00617,0.00036,0.00247,0.00241,0.00001,0.00183,0.01324
1403637246.738493680953979,0.00391,0.00017,0.00032,0.00225,0.01033,0.00146,0.01844
1403637246.788493633270264,0.00409,0.00018,0.00028,0.00253,0.00002,0.00132,0.00841
1403637246.838493824005127,0.00335,0.00017,0.00012,0.00233,0.00000,0.00131,0.00728
1403637246.888494014739990,0.00371,0.00017,0.00021,0.00208,0.00655,0.00200,0.01471
1403637246.938493728637695,0.00478,0.00016,0.00019,0.00255,0.00000,0.00138,0.00907
1403637246.988494396209717,0.00355,0.00028,0.00039,0.00253,0.00268,0.00194,0.01137
1403637247.038496017456055,0.00440,0.00017,0.00009,0.00275,0.00049,0.00142,0.00933
1403637247.088497161865234,0.00349,0.00016,0.00010,0.00275,0.00000,0.00134,0.00785
1403637247.138497829437256,0.00336,0.00017,0.00008,0.00267,0.00021,0.00136,0.00785
1403637247.188497781753540,0.00483,0.00018,0.00013,0.00250,0.01289,0.00141,0.02194
1403637247.238497018814087,0.00399,0.00018,0.00013,0.00391,0.00001,0.00135,0.00957
1403637247.288496494293213,0.00397,0.00019,0.00045,0.00392,0.00002,0.00144,0.00999
1403637247.338498592376709,0.00363,0.00018,0.00275,0.00378,0.00626,0.00140,0.01801
1403637247.388500928878784,0.00362,0.00018,0.00036,0.00468,0.00000,0.00140,0.01023
1403637247.438501358032227,0.00357,0.00018,0.00097,0.00432,0.00000,0.00146,0.01051
1403637247.488500833511353,0.00346,0.00018,0.00523,0.00398,0.00435,0.00137,0.01857
1403637247.538501739501953,0.00331,0.00018,0.00016,0.00477,0.00001,0.00143,0.00987
1403637247.588503360748291,0.00334,0.00018,0.00009,0.00460,0.00643,0.00148,0.01612
1403637247.638503551483154,0.00434,0.00019,0.00001,0.00577,0.00000,0.00147,0.01178
1403637247.688503742218018,0.00368,0.00020,0.00003,0.00558,0.00000,0.00243,0.01192
1403637247.738505363464355,0.00356,0.00021,0.00784,0.00565,0.00117,0.00144,0.01987
1403637247.788505315780640,0.00355,0.00019,0.00013,0.00546,0.00118,0.00156,0.01206
1403637247.838505268096924,0.00349,0.00019,0.00008,0.00542,0.00011,0.00147,0.01075
1403637247.888505458831787,0.00342,0.00020,0.00048,0.00513,0.00117,0.00138,0.01178
1403637247.938505172729492,0.00438,0.00021,0.00392,0.00492,0.00128,0.00141,0.01611
1403637247.988504886627197,0.00374,0.00019,0.00019,0.00484,0.00000,0.00145,0.01040
1403637248.038504362106323,0.00369,0.00019,0.00096,0.00419,0.00000,0.00144,0.01047
1403637248.088503599166870,0.00351,0.00018,0.00197,0.00363,0.00647,0.00133,0.01709
1403637248.138502597808838,0.00414,0.00018,0.00089,0.00424,0.00002,0.00144,0.01090
1403637248.188501596450806,0.00426,0.00018,0.00056,0.00370,0.00531,0.00137,0.01538
1403637248.238500833511353,0.00431,0.00018,0.00001,0.00469,0.00000,0.00139,0.01058
1403637248.288501262664795,0.00370,0.00018,0.00014,0.00439,0.00002,0.00142,0.00986
1403637248.338500499725342,0.00367,0.00020,0.00372,0.00441,0.00761,0.00134,0.02095
1403637248.388500928878784,0.00355,0.00020,0.00074,0.00600,0.00000,0.00134,0.01183
1403637248.438502073287964,0.00395,0.00020,0.00117,0.00581,0.00000,0.00146,0.01259
1403637248.488503217697144,0.00446,0.00020,0.00475,0.00538,0.00000,0.00139,0.01617
1403637248.538504838943481,0.00377,0.00019,0.00006,0.00552,0.00019,0.00145,0.01118
1403637248.588504791259766,0.00385,0.00021,0.00005,0.00553,0.00000,0.00143,0.01107
1403637248.638503789901733,0.00363,0.00019,0.00004,0.00539,0.00000,0.00151,0.01075
1403637248.688502073287964,0.00366,0.00019,0.00432,0.00535,0.00244,0.00148,0.01744
1403637248.738500833511353,0.00368,0.00020,0.00340,0.00552,0.00000,0.00152,0.01431
1403637248.788500785827637,0.00354,0.00019,0.00452,0.00512,0.00012,0.00139,0.01488
1403637248.838500499725342,0.00349,0.00019,0.00005,0.00493,0.00000,0.00151,0.01016
1403637248.888500690460205,0.00512,0.00019,0.00010,0.00463,0.00234,0.00150,0.01388
1403637248.938500165939331,0.00392,0.00019,0.00311,0.00482,0.00229,0.00136,0.01570
1403637248.988500356674194,0.00384,0.00019,0.00285,0.00515,0.00001,0.00145,0.01349
1403637249.038500785827637,0.00383,0.00019,0.00507,0.00498,0.00110,0.00147,0.01663
1403637249.088500976562500,0.00384,0.00018,0.00313,0.00506,0.00212,0.00149,0.01582
1403637249.138501167297363,0.00379,0.00019,0.00069,0.00538,0.00001,0.00148,0.01154
1403637249.188501358032227,0.00369,0.00019,0.00051,0.00517,0.00000,0.00149,0.01105
1403637249.238501548767090,0.00384,0.00019,0.00039,0.00506,0.00000,0.00150,0.01099
1403637249.288501739501953,0.00362,0.00019,0.00170,0.00492,0.00364,0.00143,0.01550
1403637249.338501214981079,0.00354,0.00020,0.00327,0.00579,0.00000,0.00142,0.01422
1403637249.388500452041626,0.00349,0.00019,0.00423,0.00563,0.00126,0.00141,0.01622
1403637249.438500165939331,0.00347,0.00019,0.00695,0.00577,0.00000,0.00149,0.01787
1403637249.488499641418457,0.00352,0.00019,0.00002,0.00579,0.00125,0.00162,0.01240
1403637249.538499593734741,0.00350,0.00020,0.00301,0.00596,0.00000,0.00147,0.01413
1403637249.588499069213867,0.00350,0.00019,0.00194,0.00592,0.00065,0.00145,0.01367
1403637249.638498783111572,0.00348,0.00020,0.00516,0.00619,0.00000,0.00142,0.01645
1403637249.688498735427856,0.00343,0.00020,0.00331,0.00604,0.00000,0.00154,0.01453
1403637249.738497972488403,0.00491,0.00019,0.00008,0.00581,0.00000,0.00161,0.01261
1403637249.788497686386108,0.00394,0.00019,0.00004,0.00556,0.00000,0.00155,0.01128
1403637249.838497638702393,0.00393,0.00018,0.00044,0.00546,0.00018,0.00153,0.01173
1403637249.888498544692993,0.00384,0.00019,0.00037,0.00511,0.00113,0.00137,0.01200
1403637249.938498973846436,0.00373,0.00020,0.00021,0.00532,0.00178,0.00154,0.01278
1403637249.988500595092773,0.00378,0.00020,0.00402,0.00539,0.00002,0.00154,0.01494
1403637250.038502693176270,0.00375,0.00019,0.00636,0.00512,0.00131,0.00149,0.01821
1403637250.088503360748291,0.00375,0.00019,0.00063,0.00474,0.00000,0.00143,0.01074
1403637250.138504266738892,0.00361,0.00018,0.00068,0.00417,0.00211,0.00139,0.01214
1403637250.188503742218018,0.00347,0.00019,0.00187,0.00427,0.00117,0.00141,0.01238
1403637250.238503456115723,0.00342,0.00018,0.00034,0.00419,0.00597,0.00139,0.01549
1403637250.288503408432007,0.00556,0.00021,0.00952,0.00502,0.00173,0.00144,0.02349
1403637250.338502407073975,0.00421,0.00020,0.00022,0.00528,0.00000,0.00148,0.01139
1403637250.388500928878784,0.00396,0.00018,0.00063,0.00487,0.00000,0.00145,0.01109
1403637250.438500165939331,0.00381,0.00018,0.00015,0.00444,0.00000,0.00148,0.01007
1403637250.488498926162720,0.00376,0.00018,0.00042,0.00408,0.00000,0.00144,0.00988
1403637250.538498401641846,0.00360,0.00017,0.00039,0.00373,0.00000,0.00143,0.00933
1403637250.588497638702393,0.00361,0.00017,0.00029,0.00346,0.00104,0.00148,0.01005
1403637250.638496398925781,0.00351,0.00017,0.00288,0.00350,0.00911,0.00142,0.02059
1403637250.688495874404907,0.00351,0.00019,0.00014,0.00494,0.00001,0.00142,0.01021
1403637250.738493919372559,0.00363,0.00019,0.00002,0.00495,0.00000,0.00143,0.01021
1403637250.788493156433105,0.00439,0.00019,0.00060,0.00468,0.00000,0.00152,0.01137
1403637250.838493347167969,0.00353,0.00018,0.00808,0.00413,0.00428,0.00140,0.02161
1403637250.888492822647095,0.00534,0.00019,0.00829,0.00476,0.00228,0.00150,0.02236
1403637250.938492774963379,0.00406,0.00019,0.00017,0.00520,0.00000,0.00159,0.01121
1403637250.988492727279663,0.00400,0.00019,0.00020,0.00502,0.00000,0.00147,0.01090
1403637251.038492918014526,0.00394,0.00018,0.00009,0.00458,0.00000,0.00159,0.01038
1403637251.088493585586548,0.00383,0.00018,0.00046,0.00398,0.00014,0.00160,0.01020
1403637251.138494014739990,0.00395,0.00018,0.00011,0.00422,0.00000,0.00151,0.00996
1403637251.188494443893433,0.00373,0.00018,0.00002,0.00409,0.00000,0.00160,0.00962
1403637251.238494396209717,0.00366,0.00018,0.00048,0.00366,0.00325,0.00146,0.01268
1403637251.288494348526001,0.00365,0.00018,0.00008,0.00418,0.00000,0.00147,0.00957
1403637251.338493108749390,0.00372,0.00019,0.00089,0.00389,0.00402,0.00151,0.01421
1403637251.388491392135620,0.00362,0.00019,0.00008,0.00459,0.00000,0.00144,0.00992
1403637251.438490629196167,0.00353,0.00018,0.01688,0.00360,0.00074,0.00149,0.02641
1403637251.488489866256714,0.00356,0.00019,0.00574,0.00358,0.00387,0.00153,0.01848
1403637251.538490295410156,0.00346,0.00018,0.00012,0.00389,0.00002,0.00140,0.00908
1403637251.588490486145020,0.00341,0.00018,0.00011,0.00366,0.00000,0.00140,0.00875
1403637251.638491153717041,0.00340,0.00018,0.00011,0.00342,0.00004,0.00162,0.00877
1403637251.688491582870483,0.00546,0.00019,0.00008,0.00310,0.00025,0.00152,0.01061
1403637251.738492012023926,0.00480,0.00018,0.00042,0.00248,0.00000,0.00150,0.00937
1403637251.788492441177368,0.00397,0.00017,0.00007,0.00252,0.00000,0.00149,0.00823
1403637251.838491916656494,0.00389,0.00017,0.00001,0.00249,0.00020,0.00155,0.00831
1403637251.888491630554199,0.00392,0.00016,0.00005,0.00232,0.00000,0.00158,0.00803
1403637251.938491344451904,0.00395,0.00017,0.00005,0.00228,0.00051,0.00160,0.00855
1403637251.988491058349609,0.00397,0.00017,0.00033,0.00234,0.00000,0.00156,0.00836
1403637252.038491010665894,0.00377,0.00017,0.00515,0.00223,0.00960,0.00156,0.02249
1403637252.088491201400757,0.00385,0.00018,0.00278,0.00353,0.00708,0.00154,0.01895
1403637252.138490915298462,0.00384,0.00018,0.00002,0.00465,0.00000,0.00155,0.01023
1403637252.188490390777588,0.00365,0.00019,0.00078,0.00433,0.00001,0.00146,0.01042
1403637252.238490104675293,0.00357,0.00018,0.00985,0.00429,0.00335,0.00142,0.02266
1403637252.288490295410156,0.00365,0.00020,0.00005,0.00494,0.00004,0.00154,0.01042
1403637252.338490009307861,0.00374,0.00020,0.00002,0.00490,0.00000,0.00252,0.01139
1403637252.388489723205566,0.00409,0.00020,0.00010,0.00462,0.00001,0.00146,0.01048
1403637252.438489437103271,0.00396,0.00019,0.00002,0.00461,0.00004,0.00165,0.01047
1403637252.488489151000977,0.00359,0.00018,0.00001,0.00461,0.00000,0.00153,0.00993
1403637252.538489580154419,0.00364,0.00020,0.00002,0.00461,0.00000,0.00153,0.01000
1403637252.588489532470703,0.00353,0.00018,0.00006,0.00461,0.00000,0.00158,0.00996
1403637252.638489246368408,0.00361,0.00018,0.00347,0.00462,0.00011,0.00157,0.01355
1403637252.688489198684692,0.00364,0.00018,0.00007,0.00446,0.00011,0.00145,0.00990
1403637252.738489151000977,0.00362,0.00019,0.00007,0.00563,0.00000,0.00228,0.01179
1403637252.788489103317261,0.00370,0.00018,0.00011,0.00431,0.00003,0.00149,0.00981
1403637252.838488340377808,0.00349,0.00018,0.00803,0.00423,0.00123,0.00144,0.01859
1403637252.888488531112671,0.00347,0.00019,0.00007,0.00426,0.00006,0.00142,0.00947
1403637252.938488483428955,0.00359,0.00018,0.00001,0.00425,0.00000,0.00146,0.00949
1403637252.988488674163818,0.00359,0.00019,0.00002,0.00450,0.00004,0.00156,0.00989
1403637253.038489103317261,0.00359,0.00018,0.00001,0.00430,0.00004,0.00149,0.00961
1403637253.088489294052124,0.00356,0.00020,0.00001,0.00436,0.00000,0.00155,0.00969
1403637253.138489246368408,0.00349,0.00018,0.00001,0.00425,0.00000,0.00156,0.00949
1403637253.188489437103271,0.00337,0.00018,0.00001,0.00427,0.00000,0.00147,0.00931
1403637253.238489151000977,0.00351,0.00018,0.00137,0.00423,0.00015,0.00154,0.01099
1403637253.288489103317261,0.00326,0.00018,0.00001,0.00411,0.00015,0.00242,0.01014
1403637253.338488578796387,0.00380,0.00017,0.00001,0.00403,0.00000,0.00143,0.00944
1403637253.388488292694092,0.00332,0.00018,0.00002,0.00404,0.00005,0.00271,0.01031
1403637253.438488245010376,0.00359,0.00017,0.00047,0.00410,0.00016,0.00148,0.00997
1403637253.488487958908081,0.00339,0.00019,0.00002,0.00406,0.00006,0.00258,0.01029
1403637253.538487911224365,0.00369,0.00018,0.00001,0.00407,0.00000,0.00148,0.00944
1403637253.588488101959229,0.00344,0.00018,0.00001,0.00415,0.00004,0.00274,0.01057
1403637253.638487815856934,0.00366,0.00018,0.00001,0.00412,0.00004,0.00145,0.00947
1403637253.688488006591797,0.00341,0.00018,0.00001,0.00415,0.00000,0.00251,0.01026
1403637253.738487958908081,0.00417,0.00032,0.00002,0.00632,0.00000,0.00173,0.01258
1403637253.788487911224365,0.00344,0.00018,0.00001,0.00413,0.00000,0.00239,0.01015
1403637253.838487863540649,0.00364,0.00018,0.00137,0.00408,0.00016,0.00149,0.01092
1403637253.888488054275513,0.00332,0.00018,0.00002,0.00412,0.00015,0.00240,0.01018
1403637253.938488006591797,0.00370,0.00018,0.00001,0.00415,0.00000,0.00147,0.00951
1403637253.988488197326660,0.00348,0.00019,0.00002,0.00424,0.00007,0.00253,0.01053
1403637254.038487911224365,0.00382,0.00017,0.00360,0.00413,0.00016,0.00144,0.01333
1403637254.088488101959229,0.00339,0.00018,0.00006,0.00411,0.00006,0.00263,0.01043
1403637254.138488292694092,0.00358,0.00019,0.00001,0.00404,0.00000,0.00148,0.00931
1403637254.188488721847534,0.00345,0.00019,0.00001,0.00404,0.00003,0.00256,0.01029
1403637254.238489151000977,0.00375,0.00018,0.00001,0.00412,0.00005,0.00154,0.00965
1403637254.288489818572998,0.00345,0.00018,0.00001,0.00405,0.00000,0.00273,0.01042
1403637254.338490009307861,0.00369,0.00019,0.00002,0.00403,0.00000,0.00141,0.00933
1403637254.388489961624146,0.00351,0.00018,0.00001,0.00412,0.00000,0.00277,0.01059
1403637254.438489913940430,0.00375,0.00018,0.00238,0.00394,0.00017,0.00149,0.01192
1403637254.488489866256714,0.00347,0.00018,0.00004,0.00398,0.00014,0.00268,0.01049
1403637254.538490056991577,0.00374,0.00018,0.00001,0.00401,0.00000,0.00152,0.00946
1403637254.588490247726440,0.00340,0.00018,0.00008,0.00371,0.00003,0.00262,0.01003
1403637254.638490438461304,0.00355,0.00017,0.00467,0.00359,0.00238,0.00153,0.01589
1403637254.688490629196167,0.00351,0.00024,0.00001,0.00411,0.00006,0.00249,0.01043
1403637254.738490581512451,0.00381,0.00017,0.00001,0.00400,0.00000,0.00139,0.00939
1403637254.788490772247314,0.00342,0.00018,0.00001,0.00405,0.00003,0.00286,0.01056
1403637254.838490962982178,0.00368,0.00018,0.00004,0.00389,0.00004,0.00148,0.00933
1403637254.888490915298462,0.00341,0.00018,0.00001,0.00384,0.00000,0.00263,0.01007
1403637254.938490867614746,0.00357,0.00018,0.00001,0.00371,0.00000,0.00145,0.00893
1403637254.988490819931030,0.00342,0.00021,0.00002,0.00391,0.00000,0.00244,0.01000
1403637255.038491249084473,0.00383,0.00019,0.00136,0.00367,0.00036,0.00156,0.01097
1403637255.088490724563599,0.00346,0.00017,0.00001,0.00373,0.00015,0.00215,0.00967
1403637255.138490915298462,0.00406,0.00018,0.00001,0.00357,0.00000,0.00144,0.00927
1403637255.188490867614746,0.00344,0.00018,0.00001,0.00367,0.00003,0.00245,0.00977
1403637255.238490581512451,0.00385,0.00018,0.00412,0.00376,0.00232,0.00151,0.01574
1403637255.288490533828735,0.00340,0.00018,0.00013,0.00370,0.00005,0.00258,0.01005
1403637255.338490486145020,0.00356,0.00017,0.00008,0.00345,0.00000,0.00143,0.00869
1403637255.388490438461304,0.00336,0.00017,0.00008,0.00352,0.00004,0.00239,0.00957
1403637255.438490152359009,0.00374,0.00016,0.00001,0.00349,0.00005,0.00140,0.00885
1403637255.488490104675293,0.00337,0.00017,0.00004,0.00340,0.00000,0.00236,0.00933
1403637255.538490056991577,0.00373,0.00018,0.00009,0.00312,0.00000,0.00141,0.00853
1403637255.588490009307861,0.00334,0.00017,0.00005,0.00293,0.00000,0.00239,0.00889
1403637255.638489961624146,0.00373,0.00017,0.00022,0.00294,0.00232,0.00151,0.01088
1403637255.688489913940430,0.00341,0.00016,0.00009,0.00320,0.00014,0.00204,0.00904
1403637255.738489627838135,0.00639,0.00018,0.00006,0.00309,0.00000,0.00156,0.01128
1403637255.788489580154419,0.00417,0.00018,0.00007,0.00282,0.00003,0.00249,0.00976
1403637255.838489294052124,0.00456,0.00017,0.00034,0.00263,0.00512,0.00148,0.01429
1403637255.888489007949829,0.00406,0.00016,0.00006,0.00327,0.00005,0.00276,0.01036
1403637255.938488721847534,0.00428,0.00017,0.00004,0.00320,0.00000,0.00151,0.00921
1403637255.988488674163818,0.00388,0.00017,0.00011,0.00325,0.00116,0.00254,0.01110
1403637256.038488626480103,0.00449,0.00017,0.00004,0.00351,0.00004,0.00151,0.00975
1403637256.088488340377808,0.00384,0.00016,0.00005,0.00347,0.00000,0.00257,0.01009
1403637256.138488769531250,0.00425,0.00015,0.00005,0.00327,0.00000,0.00158,0.00930
1403637256.188488960266113,0.00393,0.00018,0.00004,0.00314,0.00000,0.00261,0.00990
1403637256.238488912582397,0.00440,0.00017,0.00015,0.00317,0.00034,0.00146,0.00969
1403637256.288488388061523,0.00383,0.00016,0.01142,0.00308,0.00819,0.00255,0.02923
1403637256.338488578796387,0.00432,0.00019,0.00005,0.00412,0.00000,0.00157,0.01024
1403637256.388488769531250,0.00389,0.00018,0.00002,0.00396,0.00003,0.00249,0.01058
1403637256.438488960266113,0.00408,0.00018,0.00024,0.00377,0.00341,0.00156,0.01324
1403637256.488489151000977,0.00362,0.00019,0.00002,0.00418,0.00006,0.00249,0.01056
1403637256.538488864898682,0.00414,0.00017,0.00008,0.00416,0.00002,0.00146,0.01002
1403637256.588488817214966,0.00365,0.00020,0.00007,0.00406,0.00002,0.00237,0.01038
1403637256.638488769531250,0.00410,0.00018,0.00009,0.00418,0.00003,0.00155,0.01013
1403637256.688488483428955,0.00383,0.00018,0.00002,0.00407,0.00000,0.00213,0.01023
1403637256.738488435745239,0.00437,0.00018,0.00002,0.00402,0.00000,0.00149,0.01008
1403637256.788488626480103,0.00396,0.00017,0.00004,0.00387,0.00002,0.00148,0.00954
1403637256.838487625122070,0.00381,0.00018,0.00124,0.00378,0.00341,0.00152,0.01395
1403637256.888486623764038,0.00368,0.00018,0.01181,0.00376,0.00031,0.00147,0.02122
1403637256.938485145568848,0.00369,0.00017,0.00009,0.00371,0.00000,0.00151,0.00916
1403637256.988484859466553,0.00366,0.00018,0.00019,0.00379,0.00006,0.00156,0.00945
1403637257.038484573364258,0.00371,0.00018,0.00009,0.00352,0.00127,0.00148,0.01025
1403637257.088484048843384,0.00365,0.00017,0.00005,0.00340,0.00005,0.00141,0.00874
1403637257.138483762741089,0.00348,0.00017,0.00004,0.00338,0.00103,0.00142,0.00952
1403637257.188483715057373,0.00343,0.00017,0.00011,0.00345,0.00003,0.00141,0.00860
1403637257.238483667373657,0.00346,0.00018,0.00035,0.00345,0.00004,0.00144,0.00892
1403637257.288483858108521,0.00334,0.00018,0.00008,0.00327,0.00002,0.00140,0.00830
1403637257.338483810424805,0.00335,0.00017,0.00006,0.00314,0.00000,0.00137,0.00810
1403637257.388483762741089,0.00330,0.00017,0.00001,0.00314,0.00102,0.00147,0.00911
1403637257.438483715057373,0.00608,0.00016,0.00048,0.00313,0.00031,0.00155,0.01172
1403637257.488483190536499,0.00401,0.00017,0.00384,0.00281,0.00823,0.00149,0.02055
1403637257.538483381271362,0.00397,0.00018,0.00010,0.00406,0.00001,0.00155,0.00987
1403637257.588482856750488,0.00392,0.00018,0.00010,0.00404,0.00216,0.00150,0.01190
1403637257.638482570648193,0.00387,0.00018,0.00013,0.00440,0.00119,0.00156,0.01133
1403637257.688482522964478,0.00384,0.00017,0.00021,0.00431,0.00005,0.00144,0.01002
1403637257.738482475280762,0.00382,0.00018,0.00005,0.00418,0.00000,0.00144,0.00968
1403637257.788482666015625,0.00465,0.00024,0.00119,0.00492,0.00025,0.00163,0.01288
1403637257.838482618331909,0.00371,0.00017,0.00020,0.00410,0.00004,0.00143,0.00966
1403637257.888483047485352,0.00363,0.00018,0.00017,0.00364,0.00106,0.00136,0.01004
1403637257.938483953475952,0.00363,0.00018,0.00010,0.00357,0.00000,0.00148,0.00896
1403637257.988485336303711,0.00357,0.00026,0.00404,0.00342,0.00856,0.00147,0.02132
1403637258.038486003875732,0.00361,0.00019,0.00031,0.00461,0.00009,0.00156,0.01037
1403637258.088487148284912,0.00623,0.00019,0.00355,0.00438,0.00029,0.00152,0.01616
1403637258.138488769531250,0.00412,0.00018,0.00014,0.00403,0.00058,0.00148,0.01053
1403637258.188489437103271,0.00391,0.00018,0.00015,0.00395,0.00008,0.00142,0.00968
1403637258.238489389419556,0.00382,0.00018,0.00041,0.00344,0.00009,0.00137,0.00931
1403637258.288489341735840,0.00374,0.00017,0.00028,0.00309,0.00004,0.00144,0.00876
1403637258.338489055633545,0.00369,0.00017,0.00087,0.00321,0.00014,0.00145,0.00954
1403637258.388488769531250,0.00341,0.00017,0.00008,0.00327,0.00001,0.00133,0.00826
1403637258.438488006591797,0.00336,0.00016,0.00001,0.00320,0.00106,0.00141,0.00919
1403637258.488487482070923,0.00526,0.00017,0.00042,0.00303,0.00000,0.00144,0.01032
1403637258.538487195968628,0.00420,0.00016,0.00008,0.00301,0.00001,0.00160,0.00906
1403637258.588487148284912,0.00401,0.00016,0.00028,0.00265,0.00404,0.00151,0.01265
1403637258.638488054275513,0.00369,0.00017,0.00634,0.00293,0.00618,0.00151,0.02081
1403637258.688488006591797,0.00362,0.00019,0.00071,0.00353,0.00358,0.00147,0.01310
1403637258.738487720489502,0.00394,0.00019,0.00014,0.00398,0.00003,0.00139,0.00966
1403637258.788488388061523,0.00353,0.00018,0.00044,0.00350,0.00108,0.00144,0.01017
1403637258.838488101959229,0.00352,0.00019,0.00073,0.00344,0.00118,0.00145,0.01051
1403637258.888488292694092,0.00344,0.00018,0.00018,0.00339,0.00017,0.00139,0.00876
1403637258.938488721847534,0.00450,0.00018,0.00028,0.00335,0.00001,0.00139,0.00972
1403637258.988489151000977,0.00370,0.00019,0.00040,0.00310,0.00002,0.00140,0.00881
1403637259.038488388061523,0.00527,0.00017,0.00427,0.00305,0.00698,0.00148,0.02123
1403637259.088488578796387,0.00413,0.00018,0.00026,0.00394,0.00000,0.00159,0.01011
1403637259.138488531112671,0.00404,0.00019,0.00009,0.00390,0.00001,0.00153,0.00975
1403637259.188488483428955,0.00392,0.00018,0.00067,0.00379,0.00003,0.00169,0.01027
1403637259.238488674163818,0.00386,0.00017,0.00336,0.00348,0.00468,0.00151,0.01706
1403637259.288489103317261,0.00382,0.00019,0.00071,0.00442,0.00018,0.00151,0.01083
1403637259.338489055633545,0.00382,0.00019,0.00018,0.00402,0.00119,0.00170,0.01110
1403637259.388489246368408,0.00361,0.00018,0.00038,0.00447,0.00009,0.00153,0.01026
1403637259.438489198684692,0.00375,0.00019,0.00051,0.00443,0.00009,0.00149,0.01046
1403637259.488488674163818,0.00371,0.00018,0.00353,0.00441,0.00354,0.00166,0.01703
1403637259.538488626480103,0.00362,0.00019,0.00002,0.00535,0.00122,0.00145,0.01185
1403637259.588487863540649,0.00374,0.00020,0.00806,0.00567,0.00000,0.00159,0.01926
1403637259.638487100601196,0.00353,0.00020,0.00411,0.00542,0.00000,0.00173,0.01498
1403637259.688486814498901,0.00352,0.00018,0.00002,0.00538,0.00000,0.00160,0.01070
1403637259.738486766815186,0.00348,0.00019,0.00002,0.00527,0.00063,0.00153,0.01112
1403637259.788486957550049,0.00357,0.00019,0.00006,0.00554,0.00000,0.00161,0.01097
1403637259.838486909866333,0.00351,0.00019,0.00248,0.00552,0.00000,0.00153,0.01324
1403637259.888487339019775,0.00342,0.00019,0.00065,0.00533,0.00000,0.00154,0.01112
1403637259.938487052917480,0.00360,0.00020,0.00008,0.00535,0.00000,0.00161,0.01084
1403637259.988487243652344,0.00344,0.00018,0.00009,0.00530,0.00063,0.00154,0.01119
1403637260.038487195968628,0.00345,0.00018,0.00018,0.00495,0.00004,0.00150,0.01029
1403637260.088487148284912,0.00354,0.00019,0.00250,0.00482,0.00065,0.00160,0.01331
1403637260.138486862182617,0.00354,0.00017,0.00011,0.00477,0.00017,0.00156,0.01032
1403637260.188486337661743,0.00355,0.00020,0.00491,0.00496,0.00004,0.00154,0.01520
1403637260.238485813140869,0.00347,0.00019,0.00356,0.00485,0.00003,0.00147,0.01358
1403637260.288486003875732,0.00350,0.00019,0.00002,0.00481,0.00000,0.00154,0.01004
1403637260.338485956192017,0.00360,0.00019,0.00011,0.00477,0.00000,0.00152,0.01019
1403637260.388485908508301,0.00349,0.00018,0.00007,0.00424,0.00004,0.00141,0.00944
1403637260.438485383987427,0.00355,0.00019,0.00214,0.00399,0.00029,0.00145,0.01161
1403637260.488485097885132,0.00353,0.00019,0.00015,0.00387,0.00011,0.00141,0.00925
1403637260.538485050201416,0.00352,0.00018,0.00040,0.00350,0.00001,0.00140,0.00901
1403637260.588484764099121,0.00339,0.00018,0.00041,0.00341,0.00001,0.00141,0.00881
1403637260.638484239578247,0.00334,0.00017,0.00012,0.00316,0.00010,0.00137,0.00827
1403637260.688483953475952,0.00544,0.00018,0.00006,0.00285,0.00215,0.00147,0.01216
1403637260.738484382629395,0.00385,0.00018,0.00014,0.00292,0.00002,0.00151,0.00862
1403637260.788484573364258,0.00378,0.00017,0.00270,0.00274,0.00138,0.00156,0.01232
1403637260.838484525680542,0.00368,0.00017,0.00007,0.00291,0.00495,0.00151,0.01328
1403637260.888484716415405,0.00366,0.00018,0.00062,0.00301,0.00001,0.00144,0.00892
1403637260.938484907150269,0.00353,0.00018,0.00009,0.00302,0.00000,0.00140,0.00822
1403637260.988484621047974,0.00346,0.00019,0.00065,0.00281,0.00003,0.00146,0.00860
1403637261.038484811782837,0.00351,0.00017,0.00096,0.00277,0.00135,0.00145,0.01021
1403637261.088485002517700,0.00433,0.00017,0.00016,0.00244,0.00009,0.00149,0.00868
1403637261.138484716415405,0.00360,0.00017,0.00025,0.00206,0.00107,0.00138,0.00852
1403637261.188484668731689,0.00526,0.00017,0.00043,0.00231,0.00089,0.00148,0.01055
1403637261.238485097885132,0.00375,0.00014,0.00075,0.00194,0.00299,0.00152,0.01109
1403637261.288484573364258,0.00364,0.00016,0.00032,0.00207,0.00006,0.00146,0.00770
1403637261.338484764099121,0.00349,0.00014,0.00021,0.00172,0.00004,0.00146,0.00706
1403637261.388486385345459,0.00344,0.00015,0.00008,0.00168,0.00438,0.00155,0.01128
1403637261.438487768173218,0.00333,0.00016,0.00034,0.00195,0.00052,0.00147,0.00778
1403637261.488487720489502,0.00329,0.00016,0.00032,0.00185,0.00015,0.00144,0.00721
1403637261.538486957550049,0.00333,0.00017,0.00028,0.00175,0.00001,0.00145,0.00699
1403637261.588485956192017,0.00327,0.00016,0.00014,0.00167,0.00054,0.00140,0.00718
1403637261.638483762741089,0.00384,0.00016,0.00017,0.00160,0.00499,0.00148,0.01224
1403637261.688484430313110,0.00338,0.00017,0.00038,0.00183,0.00022,0.00143,0.00740
1403637261.738484621047974,0.00336,0.00017,0.00097,0.00169,0.00206,0.00147,0.00971
1403637261.788486003875732,0.00408,0.00017,0.00051,0.00166,0.00053,0.00154,0.00849
1403637261.838486194610596,0.00533,0.00016,0.00019,0.00176,0.00307,0.00151,0.01202
1403637261.888486623764038,0.00386,0.00017,0.00057,0.00223,0.00004,0.00144,0.00832
1403637261.938487529754639,0.00393,0.00017,0.00044,0.00217,0.00009,0.00144,0.00823
1403637261.988489151000977,0.00333,0.00016,0.00039,0.00212,0.00015,0.00146,0.00761
1403637262.038491010665894,0.00499,0.00018,0.00055,0.00183,0.00002,0.00143,0.00901
1403637262.088492870330811,0.00367,0.00017,0.00033,0.00153,0.00050,0.00150,0.00770
1403637262.138495922088623,0.00349,0.00017,0.00051,0.00134,0.00138,0.00144,0.00833
1403637262.188498258590698,0.00352,0.00016,0.00120,0.00139,0.00196,0.00157,0.00981
1403637262.238498926162720,0.00363,0.00016,0.00046,0.00142,0.00159,0.00136,0.00862
1403637262.288497447967529,0.00839,0.00017,0.00165,0.00067,0.00007,0.00136,0.01230
1403637262.338499069213867,0.00631,0.00015,0.00110,0.00047,0.00153,0.00136,0.01092
1403637262.388497829437256,0.00736,0.00015,0.00033,0.00034,0.00005,0.00139,0.00962
1403637262.438497066497803,0.00483,0.00014,0.00049,0.00019,0.00028,0.00129,0.00723
1403637262.488497257232666,0.00500,0.00013,0.00015,0.00011,0.00004,0.00128,0.00671
1403637262.538497924804688,0.00493,0.00014,0.00010,0.00012,0.00005,0.00140,0.00674
1403637262.588498353958130,0.00377,0.00013,0.00013,0.00011,0.00054,0.00142,0.00609
1403637262.638498067855835,0.00323,0.00013,0.00005,0.00008,0.00002,0.00143,0.00495
1403637262.688497781753540,0.00354,0.00013,0.00013,0.00006,0.00000,0.00147,0.00534
1403637262.738497972488403,0.00363,0.00013,0.00003,0.00007,0.00000,0.00147,0.00532
1403637262.788498163223267,0.00329,0.00013,0.00006,0.00006,0.00004,0.00148,0.00505
1403637262.838498115539551,0.00308,0.00013,0.00008,0.00005,0.00071,0.00150,0.00555
1403637262.888498067855835,0.00324,0.00012,0.00001,0.00002,0.00052,0.00148,0.00541
1403637262.938498020172119,0.00327,0.00013,0.00001,0.00002,0.00076,0.00148,0.00567
1403637262.988498687744141,0.00316,0.00013,0.00002,0.00000,0.00114,0.00149,0.00595
1403637263.038498640060425,0.00309,0.00013,0.00001,0.00008,0.00110,0.00149,0.00590
1403637263.088498830795288,0.00306,0.00013,0.00001,0.00011,0.00162,0.00148,0.00641
1403637263.138498783111572,0.00290,0.00012,0.00001,0.00008,0.00019,0.00142,0.00472
1403637263.188498735427856,0.00296,0.00012,0.00001,0.00008,0.00010,0.00143,0.00471
1403637263.238498687744141,0.00314,0.00013,0.00002,0.00003,0.00005,0.00147,0.00483
1403637263.288498878479004,0.00297,0.00012,0.00001,0.00003,0.00015,0.00145,0.00473
1403637263.338498830795288,0.00284,0.00012,0.00002,0.00000,0.00002,0.00144,0.00444
1403637263.388498783111572,0.00290,0.00012,0.00001,0.00000,0.00006,0.00145,0.00455
1403637263.438498735427856,0.00282,0.00012,0.00001,0.00000,0.00064,0.00143,0.00502
1403637263.488498687744141,0.00291,0.00012,0.00001,0.00000,0.00030,0.00145,0.00478
1403637263.538498878479004,0.00290,0.00012,0.00001,0.00000,0.00054,0.00144,0.00501
1403637263.588498830795288,0.00295,0.00013,0.00001,0.00000,0.00054,0.00147,0.00509
1403637263.638498783111572,0.00298,0.00012,0.00001,0.00000,0.00036,0.00147,0.00494
1403637263.688498735427856,0.00297,0.00012,0.00001,0.00000,0.00157,0.00146,0.00613
1403637263.738498687744141,0.00290,0.00012,0.00001,0.00000,0.00018,0.00146,0.00467
1403637263.788498878479004,0.00297,0.00012,0.00001,0.00000,0.00011,0.00145,0.00465
1403637263.838498830795288,0.00303,0.00012,0.00001,0.00000,0.00006,0.00146,0.00468
1403637263.888498783111572,0.00309,0.00013,0.00001,0.00000,0.00015,0.00147,0.00485
1403637263.938498735427856,0.00295,0.00012,0.00001,0.00000,0.00004,0.00144,0.00455
1403637263.988498687744141,0.00289,0.00012,0.00001,0.00000,0.00006,0.00144,0.00452
1403637264.038498878479004,0.00306,0.00012,0.00001,0.00000,0.00064,0.00149,0.00533
1403637264.088498830795288,0.00297,0.00013,0.00001,0.00000,0.00029,0.00149,0.00489
1403637264.138498783111572,0.00288,0.00012,0.00001,0.00000,0.00052,0.00143,0.00496
1403637264.188498735427856,0.00297,0.00012,0.00001,0.00000,0.00052,0.00148,0.00510
1403637264.238498687744141,0.00291,0.00012,0.00001,0.00000,0.00034,0.00146,0.00484
1403637264.288498878479004,0.00303,0.00013,0.00001,0.00000,0.00153,0.00147,0.00616
1403637264.338498830795288,0.00301,0.00013,0.00001,0.00000,0.00018,0.00148,0.00480
1403637264.388498783111572,0.00306,0.00012,0.00001,0.00000,0.00011,0.00144,0.00474
1403637264.438498735427856,0.00302,0.00013,0.00001,0.00000,0.00006,0.00146,0.00468
1403637264.488498687744141,0.00299,0.00012,0.00001,0.00000,0.00015,0.00146,0.00473
1403637264.538498878479004,0.00301,0.00012,0.00001,0.00000,0.00004,0.00147,0.00465
1403637264.588498830795288,0.00307,0.00012,0.00001,0.00000,0.00006,0.00144,0.00470
1403637264.638498783111572,0.00301,0.00012,0.00001,0.00000,0.00064,0.00143,0.00521
1403637264.688498735427856,0.00296,0.00012,0.00001,0.00000,0.00024,0.00144,0.00477
1403637264.738498687744141,0.00307,0.00011,0.00001,0.00000,0.00054,0.00146,0.00519
1403637264.788498878479004,0.00308,0.00012,0.00004,0.00000,0.00050,0.00145,0.00519
1403637264.838498830795288,0.00299,0.00012,0.00001,0.00000,0.00036,0.00145,0.00494
1403637264.888498783111572,0.00308,0.00012,0.00001,0.00000,0.00158,0.00147,0.00627
1403637264.938498735427856,0.00299,0.00012,0.00001,0.00000,0.00019,0.00147,0.00478
1403637264.988498687744141,0.00292,0.00012,0.00001,0.00000,0.00011,0.00146,0.00462
1403637265.038499355316162,0.00300,0.00012,0.00001,0.00000,0.00067,0.00147,0.00527
1403637265.088499307632446,0.00285,0.00012,0.00001,0.00008,0.00015,0.00145,0.00466
1403637265.138499259948730,0.00307,0.00013,0.00001,0.00008,0.00003,0.00147,0.00478
1403637265.188499212265015,0.00305,0.00013,0.00001,0.00008,0.00006,0.00145,0.00476
1403637265.238499402999878,0.00339,0.00012,0.00001,0.00007,0.00062,0.00145,0.00566
1403637265.288499593734741,0.00311,0.00012,0.00001,0.00008,0.00011,0.00144,0.00488
1403637265.338499546051025,0.00326,0.00013,0.00006,0.00008,0.00050,0.00147,0.00549
1403637265.388499498367310,0.00386,0.00013,0.00016,0.00006,0.00046,0.00147,0.00614
1403637265.438499450683594,0.00321,0.00012,0.00002,0.00007,0.00034,0.00145,0.00522
1403637265.488499402999878,0.00381,0.00012,0.00005,0.00007,0.00147,0.00148,0.00700
