# timestamp (sec),tracking,propagation,msckf update,slam update,slam delayed,re-tri & marg,total
1403715278.865419387817383,0.01609,0.00016,0.00063,0.00000,0.00000,0.00507,0.02195
1403715278.917124986648560,0.01432,0.00020,0.00575,0.00000,0.01222,0.00493,0.03742
1403715278.967264175415039,0.01445,0.00029,0.00076,0.00324,0.00000,0.00511,0.02385
1403715279.016578674316406,0.01372,0.00032,0.00018,0.00318,0.00000,0.00526,0.02267
1403715279.065552711486816,0.01636,0.00028,0.00011,0.00325,0.00000,0.00499,0.02499
1403715279.114561557769775,0.01394,0.00028,0.00063,0.00331,0.00000,0.00531,0.02348
1403715279.164057493209839,0.01340,0.00032,0.00034,0.00319,0.00000,0.00506,0.02231
1403715279.214475631713867,0.01661,0.00029,0.00093,0.00357,0.00001,0.00519,0.02660
1403715279.264631509780884,0.01346,0.00032,0.00003,0.00332,0.00698,0.00542,0.02952
1403715279.315012216567993,0.01348,0.00032,0.00010,0.00414,0.00598,0.00572,0.02974
1403715279.365063905715942,0.01377,0.00033,0.00003,0.00489,0.00187,0.00535,0.02624
1403715279.414970159530640,0.01375,0.00034,0.00004,0.00528,0.01452,0.00645,0.04038
1403715279.464830875396729,0.01344,0.00038,0.00003,0.00758,0.00000,0.00592,0.02736
1403715279.514195919036865,0.01346,0.00036,0.01976,0.00842,0.00208,0.00549,0.04957
1403715279.563685417175293,0.01344,0.00038,0.00003,0.00804,0.00010,0.00532,0.02731
1403715279.613372802734375,0.01316,0.00038,0.00178,0.00793,0.00250,0.00547,0.03122
1403715279.663030862808228,0.01312,0.00040,0.00003,0.00844,0.00000,0.00538,0.02737
1403715279.712938308715820,0.01347,0.00041,0.00003,0.00848,0.00000,0.00539,0.02779
1403715279.763045549392700,0.01384,0.00040,0.00003,0.00848,0.00000,0.00543,0.02818
1403715279.813194513320923,0.01356,0.00037,0.00010,0.00861,0.00000,0.00524,0.02788
1403715279.863436460494995,0.01360,0.00039,0.00011,0.00838,0.00000,0.00552,0.02800
1403715279.913596153259277,0.01313,0.00041,0.00008,0.00835,0.00000,0.00521,0.02719
1403715279.963888406753540,0.01319,0.00036,0.00337,0.00825,0.00007,0.00540,0.03065
1403715280.014707565307617,0.01328,0.00038,0.00004,0.00828,0.00000,0.00560,0.02759
1403715280.064884185791016,0.01347,0.00039,0.00010,0.00764,0.00000,0.00526,0.02687
1403715280.114477872848511,0.01488,0.00039,0.01731,0.00908,0.00055,0.00572,0.04793
1403715280.163804292678833,0.01507,0.00042,0.00111,0.00967,0.00007,0.00564,0.03198
1403715280.213334798812866,0.01472,0.00041,0.00183,0.00888,0.00016,0.00577,0.03177
1403715280.263103246688843,0.01381,0.00039,0.00018,0.00789,0.00000,0.00537,0.02765
1403715280.313135385513306,0.01575,0.00039,0.00003,0.00794,0.00000,0.00549,0.02961
1403715280.363113641738892,0.01337,0.00037,0.00003,0.00785,0.00000,0.00560,0.02723
1403715280.412977218627930,0.01536,0.00036,0.00003,0.00793,0.00000,0.00559,0.02928
1403715280.462749719619751,0.01332,0.00037,0.00068,0.00775,0.00000,0.00535,0.02748
1403715280.512864828109741,0.01406,0.00036,0.00018,0.00719,0.00000,0.00533,0.02712
1403715280.562820434570312,0.01513,0.00036,0.00161,0.00699,0.00179,0.00584,0.03171
1403715280.613037824630737,0.01429,0.00037,0.00073,0.00723,0.00000,0.00559,0.02822
1403715280.663017034530640,0.01381,0.00037,0.00083,0.00665,0.00550,0.00541,0.03257
1403715280.712966442108154,0.01633,0.00037,0.01863,0.00857,0.00204,0.00591,0.05185
1403715280.762935400009155,0.01429,0.00040,0.00130,0.00660,0.00071,0.00552,0.02882
1403715280.812952280044556,0.01403,0.00036,0.00044,0.00698,0.00329,0.00550,0.03061
1403715280.862967729568481,0.01517,0.00037,0.00035,0.00748,0.00002,0.00546,0.02885
1403715280.912892818450928,0.01774,0.00036,0.00009,0.00724,0.00000,0.00566,0.03108
1403715280.962804794311523,0.01471,0.00038,0.00085,0.00677,0.00000,0.00568,0.02840
1403715281.012742042541504,0.01500,0.00035,0.00049,0.00632,0.00036,0.00543,0.02795
1403715281.062708377838135,0.01305,0.00036,0.00075,0.00654,0.00000,0.00559,0.02629
1403715281.112653970718384,0.01365,0.00036,0.00003,0.00636,0.00850,0.00586,0.03477
1403715281.162692070007324,0.01385,0.00036,0.00111,0.00722,0.00000,0.00539,0.02793
1403715281.212713479995728,0.01384,0.00035,0.00105,0.00741,0.00000,0.00544,0.02809
1403715281.262852907180786,0.01354,0.00036,0.00018,0.00691,0.00217,0.00620,0.02936
1403715281.312977552413940,0.01330,0.00036,0.01053,0.00697,0.01029,0.00516,0.04660
1403715281.362969160079956,0.01340,0.00039,0.00104,0.00837,0.00000,0.00539,0.02859
1403715281.413018941879272,0.01634,0.00040,0.00003,0.00842,0.00007,0.00548,0.03075
1403715281.463049888610840,0.01363,0.00039,0.01101,0.00823,0.00666,0.00528,0.04519
1403715281.513018131256104,0.01839,0.00038,0.00004,0.00920,0.00000,0.00568,0.03369
1403715281.562999010086060,0.01477,0.00043,0.00017,0.00816,0.00000,0.00540,0.02894
1403715281.612969398498535,0.01523,0.00034,0.00034,0.00785,0.00044,0.00558,0.02979
1403715281.662971973419189,0.01432,0.00040,0.00077,0.00763,0.00106,0.00603,0.03022
1403715281.712968826293945,0.01525,0.00040,0.00071,0.00588,0.00000,0.00535,0.02760
1403715281.762988567352295,0.01445,0.00035,0.00050,0.00550,0.00000,0.00561,0.02642
1403715281.812955617904663,0.01502,0.00034,0.00019,0.00508,0.00000,0.00577,0.02642
1403715281.862955808639526,0.01406,0.00033,0.00046,0.00468,0.00006,0.00574,0.02532
1403715281.912918329238892,0.01346,0.00032,0.00036,0.00450,0.01525,0.00697,0.04085
1403715281.962913274765015,0.01918,0.00033,0.00154,0.00674,0.00001,0.00534,0.03315
1403715282.012904405593872,0.01548,0.00036,0.00027,0.00682,0.00045,0.00557,0.02896
1403715282.062880516052246,0.01469,0.00037,0.01965,0.00738,0.01061,0.00749,0.06018
1403715282.112849950790405,0.01480,0.00038,0.00008,0.00823,0.00000,0.00548,0.02898
1403715282.162929296493530,0.01452,0.00038,0.00033,0.00824,0.00070,0.00568,0.02986
1403715282.212924718856812,0.01479,0.00041,0.00029,0.00906,0.00047,0.00567,0.03069
1403715282.262952566146851,0.01534,0.00042,0.00004,0.00904,0.00000,0.00561,0.03045
1403715282.312952756881714,0.01609,0.00039,0.00035,0.00928,0.00095,0.00538,0.03243
1403715282.362927675247192,0.01444,0.00038,0.00017,0.00856,0.00001,0.00581,0.02937
1403715282.412889242172241,0.01436,0.00040,0.00049,0.00772,0.00046,0.00559,0.02904
1403715282.462892293930054,0.01417,0.00037,0.00052,0.00665,0.00046,0.00565,0.02781
1403715282.512915134429932,0.01526,0.00035,0.00995,0.00654,0.00733,0.00727,0.04669
1403715282.562822580337524,0.02043,0.00038,0.00051,0.00755,0.00045,0.00530,0.03461
1403715282.612776517868042,0.01585,0.00038,0.00043,0.00735,0.00007,0.00559,0.02967
1403715282.662644863128662,0.01571,0.00036,0.01552,0.00689,0.00764,0.00555,0.05167
1403715282.712677478790283,0.01545,0.00036,0.00041,0.00853,0.00000,0.00585,0.03061
1403715282.762682437896729,0.01505,0.00039,0.00021,0.00785,0.00000,0.00593,0.02943
1403715282.812664270401001,0.01529,0.00041,0.00069,0.00856,0.00001,0.00573,0.03068
1403715282.862618207931519,0.01547,0.00039,0.00025,0.00725,0.00042,0.00569,0.02947
1403715282.912601709365845,0.01506,0.00038,0.00050,0.00749,0.00000,0.00620,0.02962
1403715282.962620735168457,0.01493,0.00037,0.00094,0.00718,0.00000,0.00558,0.02900
1403715283.012634992599487,0.01505,0.00036,0.00104,0.00714,0.00000,0.00566,0.02926
1403715283.062606811523438,0.02137,0.00038,0.00004,0.00730,0.00000,0.00627,0.03536
1403715283.112589120864868,0.01683,0.00035,0.02486,0.00766,0.00938,0.00783,0.06691
1403715283.162608861923218,0.01559,0.00038,0.00029,0.00760,0.00042,0.00605,0.03034
1403715283.212610721588135,0.01787,0.00035,0.00005,0.00834,0.00039,0.00596,0.03296
1403715283.262634277343750,0.01615,0.00038,0.01589,0.00756,0.00091,0.00716,0.04806
1403715283.312624931335449,0.01576,0.00041,0.00024,0.00740,0.00043,0.00595,0.03019
1403715283.362606525421143,0.01584,0.00039,0.00003,0.00770,0.00000,0.00577,0.02973
1403715283.412537574768066,0.01503,0.00038,0.00049,0.00738,0.00000,0.00584,0.02913
1403715283.462465286254883,0.01504,0.00040,0.00031,0.00656,0.00000,0.00610,0.02842
1403715283.512402296066284,0.01636,0.00035,0.00040,0.00585,0.00000,0.00583,0.02880
1403715283.562365770339966,0.01451,0.00034,0.00003,0.00571,0.00000,0.00591,0.02650
1403715283.612336635589600,0.01561,0.00037,0.00003,0.00570,0.00000,0.00586,0.02757
1403715283.662411928176880,0.01438,0.00038,0.00003,0.00549,0.00000,0.00583,0.02611
1403715283.712608814239502,0.01414,0.00036,0.01296,0.00559,0.01397,0.00563,0.05265
1403715283.762780189514160,0.01470,0.00042,0.00003,0.00727,0.00000,0.00588,0.02831
1403715283.812914133071899,0.01452,0.00040,0.00033,0.00675,0.00071,0.00571,0.02841
1403715283.863074779510498,0.01911,0.00034,0.01322,0.00663,0.00457,0.00716,0.05104
1403715283.913107156753540,0.01616,0.00040,0.00025,0.00749,0.00044,0.00543,0.03017
1403715283.963075876235962,0.01484,0.00037,0.00021,0.00786,0.00045,0.00572,0.02944
1403715284.013031482696533,0.01575,0.00038,0.00003,0.00787,0.00000,0.00597,0.03001
1403715284.062963724136353,0.01717,0.00034,0.00019,0.00785,0.00045,0.00570,0.03170
1403715284.112956762313843,0.01673,0.00037,0.00010,0.00816,0.00000,0.00585,0.03121
1403715284.162960767745972,0.01529,0.00038,0.00003,0.00882,0.00001,0.00616,0.03068
1403715284.212969064712524,0.01518,0.00038,0.00012,0.00829,0.00000,0.00581,0.02978
1403715284.262976884841919,0.01613,0.00036,0.00056,0.00790,0.00000,0.00610,0.03106
1403715284.312968969345093,0.01755,0.00071,0.00994,0.00782,0.00258,0.00631,0.04491
1403715284.362966537475586,0.01517,0.00040,0.00014,0.00903,0.00001,0.00609,0.03084
1403715284.412941932678223,0.01525,0.00037,0.01135,0.00790,0.00125,0.00562,0.04175
1403715284.462900161743164,0.01804,0.00034,0.01157,0.00815,0.00295,0.00691,0.04796
1403715284.512944459915161,0.01519,0.00039,0.00027,0.00808,0.00049,0.00597,0.03041
1403715284.562943458557129,0.01577,0.00040,0.00003,0.00843,0.00000,0.00590,0.03054
1403715284.612939357757568,0.01610,0.00040,0.00027,0.00818,0.00045,0.00596,0.03136
1403715284.662980556488037,0.01606,0.00038,0.00003,0.00852,0.00000,0.00593,0.03094
1403715284.712955474853516,0.01645,0.00042,0.00020,0.00793,0.00047,0.00608,0.03155
1403715284.762998342514038,0.01564,0.00037,0.00013,0.00808,0.00046,0.00567,0.03035
1403715284.812984228134155,0.01502,0.00040,0.00003,0.00872,0.00000,0.00585,0.03003
1403715284.862971782684326,0.01651,0.00040,0.00004,0.00884,0.00000,0.00700,0.03279
1403715284.912948846817017,0.01535,0.00036,0.00881,0.00936,0.00152,0.00752,0.04291
1403715284.962934017181396,0.01626,0.00035,0.00108,0.00874,0.00000,0.00603,0.03246
1403715285.013093709945679,0.01723,0.00037,0.00803,0.00846,0.00205,0.00592,0.04206
1403715285.063105106353760,0.01633,0.00038,0.01046,0.00825,0.00202,0.00563,0.04306
1403715285.113042831420898,0.01572,0.00040,0.00014,0.00866,0.00000,0.00581,0.03072
1403715285.163001537322998,0.01764,0.00039,0.00026,0.00795,0.00001,0.00586,0.03210
1403715285.212964534759521,0.01586,0.00036,0.00034,0.00687,0.00008,0.00664,0.03015
1403715285.262921333312988,0.01579,0.00036,0.00008,0.00682,0.00000,0.00582,0.02888
1403715285.312903404235840,0.01601,0.00038,0.00056,0.00676,0.00040,0.00554,0.02965
1403715285.362896680831909,0.01608,0.00036,0.00016,0.00685,0.00042,0.00592,0.02979
1403715285.412887573242188,0.01531,0.00036,0.00008,0.00707,0.00000,0.00623,0.02906
1403715285.462890863418579,0.01568,0.00032,0.00017,0.00702,0.00042,0.00589,0.02950
1403715285.512912034988403,0.01551,0.00036,0.00880,0.00711,0.00064,0.00589,0.03830
1403715285.562991619110107,0.01763,0.00036,0.00003,0.00673,0.00000,0.00563,0.03038
1403715285.613011598587036,0.01432,0.00038,0.00496,0.00645,0.00894,0.00653,0.04157
1403715285.663050889968872,0.01563,0.00036,0.00939,0.00784,0.00418,0.00575,0.04315
1403715285.713052988052368,0.01414,0.00038,0.00003,0.00860,0.00000,0.00589,0.02905
1403715285.763004064559937,0.01482,0.00035,0.00015,0.00752,0.00001,0.00577,0.02862
1403715285.812966823577881,0.01535,0.00040,0.00023,0.00489,0.00165,0.00550,0.02802
1403715285.862868785858154,0.01855,0.00039,0.00046,0.00334,0.00110,0.00562,0.02945
1403715285.912799596786499,0.01611,0.00039,0.00091,0.00371,0.00274,0.00587,0.02973
1403715285.962732315063477,0.01650,0.00037,0.00056,0.00581,0.00302,0.00536,0.03161
1403715286.012696504592896,0.01590,0.00037,0.00014,0.00752,0.00046,0.00583,0.03022
1403715286.062682628631592,0.01658,0.00039,0.00003,0.00779,0.00000,0.00597,0.03076
1403715286.112624406814575,0.02375,0.00034,0.01077,0.00701,0.00429,0.00722,0.05339
1403715286.162612199783325,0.01653,0.00037,0.00193,0.00741,0.00000,0.00577,0.03201
1403715286.212575435638428,0.01653,0.00037,0.00533,0.00737,0.00786,0.00538,0.04285
1403715286.262480974197388,0.01597,0.00041,0.00999,0.00816,0.00000,0.00610,0.04063
1403715286.312474250793457,0.01666,0.00036,0.00009,0.00833,0.00000,0.00599,0.03143
1403715286.362464427947998,0.01655,0.00038,0.00111,0.00769,0.00000,0.00591,0.03165
1403715286.412451982498169,0.01623,0.00037,0.00272,0.00728,0.00238,0.00642,0.03540
1403715286.462443351745605,0.01597,0.00045,0.00086,0.00829,0.00001,0.00629,0.03187
1403715286.512437105178833,0.01642,0.00037,0.00073,0.00768,0.00000,0.00600,0.03121
1403715286.562434434890747,0.01629,0.00037,0.00003,0.00700,0.00000,0.00588,0.02957
1403715286.612425088882446,0.01598,0.00042,0.00113,0.00659,0.00000,0.00572,0.02983
1403715286.662411212921143,0.01749,0.00038,0.01443,0.00607,0.01017,0.00601,0.05456
1403715286.712401866912842,0.01611,0.00038,0.00959,0.00658,0.00249,0.00597,0.04113
1403715286.762399673461914,0.01492,0.00039,0.00045,0.00630,0.00000,0.00549,0.02755
1403715286.812380075454712,0.01305,0.00043,0.00036,0.00554,0.00699,0.00553,0.03190
1403715286.862365007400513,0.01450,0.00037,0.00605,0.00642,0.00861,0.00547,0.04141
1403715286.912348508834839,0.01749,0.00037,0.00031,0.00745,0.00045,0.00578,0.03185
1403715286.962347507476807,0.01412,0.00035,0.00053,0.00712,0.00000,0.00522,0.02735
1403715287.012348175048828,0.01377,0.00031,0.00107,0.00721,0.00227,0.00563,0.03026
1403715287.062355756759644,0.01361,0.00057,0.00141,0.00722,0.00000,0.00565,0.02847
1403715287.112388610839844,0.01324,0.00038,0.00075,0.00637,0.00000,0.00547,0.02621
1403715287.162396907806396,0.01330,0.00038,0.00022,0.00622,0.00000,0.00543,0.02555
1403715287.212399959564209,0.01874,0.00036,0.00121,0.00464,0.00083,0.00544,0.03122
1403715287.262441635131836,0.01395,0.00035,0.00595,0.00447,0.00705,0.00526,0.03703
1403715287.312445402145386,0.01419,0.00034,0.00625,0.00436,0.01075,0.00565,0.04154
1403715287.362440586090088,0.01554,0.00037,0.00044,0.00579,0.00064,0.00552,0.02829
1403715287.412422418594360,0.01442,0.00034,0.00108,0.00604,0.00041,0.00520,0.02750
1403715287.462414503097534,0.01432,0.00036,0.00757,0.00602,0.00823,0.00602,0.04252
1403715287.512425422668457,0.01535,0.00039,0.00075,0.00756,0.00002,0.00548,0.02955
1403715287.562436819076538,0.01390,0.00036,0.00005,0.00737,0.00001,0.00552,0.02722
1403715287.612453699111938,0.01383,0.00039,0.00083,0.00810,0.00017,0.00540,0.02872
1403715287.662466287612915,0.01492,0.00039,0.00147,0.00656,0.00000,0.00548,0.02883
1403715287.712479352951050,0.01349,0.00034,0.00139,0.00596,0.00000,0.00530,0.02649
1403715287.762479543685913,0.01409,0.00037,0.00021,0.00539,0.01037,0.00568,0.03611
1403715287.812476873397827,0.01453,0.00038,0.00221,0.00560,0.00000,0.00555,0.02828
1403715287.862473726272583,0.01499,0.00035,0.00498,0.00523,0.01012,0.00518,0.04085
1403715287.912466764450073,0.01408,0.00037,0.00578,0.00652,0.00709,0.00566,0.03950
1403715287.962468624114990,0.01543,0.00039,0.00086,0.00757,0.00000,0.00536,0.02962
1403715288.012481212615967,0.01506,0.00040,0.00020,0.00739,0.00000,0.00528,0.02833
1403715288.062501192092896,0.01539,0.00039,0.00647,0.00644,0.00037,0.00536,0.03441
1403715288.112511634826660,0.01402,0.00035,0.00097,0.00637,0.00000,0.00551,0.02723
1403715288.162529230117798,0.01540,0.00037,0.00034,0.00646,0.00044,0.00514,0.02814
1403715288.212543725967407,0.01415,0.00035,0.00004,0.00579,0.00188,0.00603,0.02825
1403715288.262517213821411,0.01445,0.00037,0.00020,0.00598,0.00043,0.00520,0.02663
1403715288.312513589859009,0.01557,0.00035,0.00023,0.00575,0.00002,0.00570,0.02763
1403715288.362503528594971,0.01469,0.00036,0.00097,0.00470,0.00168,0.00561,0.02801
1403715288.412498712539673,0.01357,0.00035,0.00016,0.00406,0.00747,0.00580,0.03140
1403715288.462474584579468,0.01447,0.00040,0.00131,0.00456,0.00561,0.00566,0.03200
1403715288.512434959411621,0.01452,0.00050,0.00410,0.00544,0.01046,0.00557,0.04059
1403715288.562488555908203,0.01552,0.00042,0.00058,0.00759,0.00437,0.00585,0.03433
1403715288.612491607666016,0.01560,0.00039,0.00095,0.00831,0.00009,0.00566,0.03100
1403715288.662507534027100,0.01520,0.00040,0.00687,0.00787,0.00045,0.00590,0.03669
1403715288.712518215179443,0.01575,0.00038,0.00099,0.00890,0.00209,0.00564,0.03376
1403715288.762523889541626,0.01528,0.00039,0.00003,0.00813,0.00000,0.00584,0.02968
1403715288.812528371810913,0.01486,0.00039,0.00010,0.00809,0.00010,0.00591,0.02945
1403715288.862540960311890,0.01689,0.00036,0.00023,0.00762,0.00260,0.00601,0.03372
1403715288.912568330764771,0.01530,0.00039,0.00003,0.00868,0.00007,0.00584,0.03031
1403715288.962576866149902,0.01511,0.00040,0.00003,0.00866,0.00007,0.00596,0.03022
1403715289.012574672698975,0.01745,0.00040,0.00028,0.00859,0.00203,0.00565,0.03440
1403715289.062576532363892,0.01619,0.00037,0.00355,0.00864,0.00203,0.00570,0.03648
1403715289.112576723098755,0.01610,0.00040,0.00542,0.00905,0.00000,0.00583,0.03681
1403715289.162580490112305,0.01576,0.00041,0.00041,0.00879,0.00001,0.00573,0.03111
1403715289.212552785873413,0.01570,0.00039,0.00081,0.00813,0.00233,0.00586,0.03323
1403715289.262550830841064,0.01527,0.00040,0.00717,0.00764,0.00049,0.00624,0.03721
1403715289.312531232833862,0.01577,0.00040,0.00395,0.00769,0.00074,0.00584,0.03439
1403715289.362527132034302,0.01592,0.00040,0.00027,0.00827,0.00075,0.00547,0.03108
1403715289.412522792816162,0.01740,0.00044,0.00053,0.00817,0.00002,0.00594,0.03250
1403715289.462519884109497,0.01431,0.00038,0.00220,0.00800,0.00000,0.00585,0.03075
1403715289.512522220611572,0.01826,0.00037,0.00062,0.00707,0.00108,0.00606,0.03347
1403715289.562518835067749,0.01709,0.00038,0.00106,0.00651,0.00703,0.00575,0.03782
1403715289.612513542175293,0.01544,0.00040,0.00072,0.00657,0.00066,0.00608,0.02987
1403715289.662500143051147,0.01538,0.00039,0.00153,0.00680,0.00571,0.00591,0.03572
1403715289.712490320205688,0.01524,0.00039,0.00365,0.00792,0.00380,0.00555,0.03656
1403715289.762485980987549,0.01533,0.00037,0.00478,0.00881,0.00001,0.00574,0.03504
1403715289.812474727630615,0.01521,0.00040,0.00413,0.00857,0.00000,0.00595,0.03427
1403715289.862462759017944,0.01416,0.00041,0.00614,0.00858,0.00007,0.00592,0.03528
1403715289.912439823150635,0.01484,0.00042,0.00631,0.00851,0.00205,0.00558,0.03771
1403715289.962414503097534,0.01491,0.00038,0.00003,0.00885,0.00001,0.00586,0.03005
1403715290.012393236160278,0.01491,0.00107,0.00101,0.00877,0.00000,0.00623,0.03198
1403715290.062366724014282,0.01533,0.00041,0.01214,0.00848,0.00052,0.00753,0.04442
1403715290.112356424331665,0.01663,0.00038,0.00010,0.00900,0.00000,0.00609,0.03221
1403715290.162352800369263,0.01557,0.00043,0.00003,0.00910,0.00001,0.00592,0.03104
1403715290.212366819381714,0.01415,0.00042,0.00003,0.00901,0.00001,0.00598,0.02959
1403715290.262396335601807,0.01661,0.00038,0.00010,0.00867,0.00001,0.00587,0.03164
1403715290.312438488006592,0.01529,0.00039,0.00366,0.00818,0.00049,0.00550,0.03350
1403715290.362449407577515,0.01574,0.00041,0.00036,0.00865,0.00002,0.00644,0.03162
1403715290.412484884262085,0.01487,0.00040,0.00088,0.00786,0.00048,0.00587,0.03035
1403715290.462467908859253,0.01541,0.00039,0.00559,0.00810,0.00007,0.00584,0.03540
1403715290.512438774108887,0.01530,0.00039,0.00377,0.00790,0.00080,0.00594,0.03411
1403715290.562395811080933,0.01542,0.00040,0.00065,0.00861,0.00000,0.00586,0.03094
1403715290.612387180328369,0.01610,0.00040,0.00188,0.00842,0.00007,0.00616,0.03303
1403715290.662360191345215,0.01428,0.00064,0.01284,0.00919,0.00650,0.00678,0.05023
1403715290.712352514266968,0.02108,0.00044,0.00062,0.00951,0.00067,0.00686,0.03919
1403715290.762342691421509,0.01762,0.00043,0.00074,0.00939,0.00001,0.00701,0.03521
1403715290.812355518341064,0.01901,0.00053,0.00047,0.00942,0.00001,0.00828,0.03771
1403715290.862334966659546,0.01492,0.00034,0.00019,0.00705,0.00007,0.00661,0.02918
1403715290.912332534790039,0.01567,0.00034,0.00003,0.00657,0.00349,0.00540,0.03150
1403715290.962330341339111,0.01400,0.00035,0.00140,0.00699,0.00553,0.00570,0.03397
1403715291.012314319610596,0.01403,0.00035,0.00331,0.00837,0.00504,0.00515,0.03624
1403715291.062306404113770,0.01371,0.00040,0.00584,0.00935,0.00000,0.00608,0.03539
1403715291.112291574478149,0.01436,0.00039,0.00347,0.00896,0.00000,0.00550,0.03268
1403715291.162296295166016,0.01375,0.00041,0.00199,0.00886,0.00000,0.00564,0.03066
1403715291.212290525436401,0.01575,0.00039,0.00060,0.00944,0.00062,0.00590,0.03270
1403715291.262266397476196,0.01422,0.00039,0.00839,0.00845,0.00379,0.00595,0.04119
1403715291.312260866165161,0.01472,0.00042,0.00010,0.00934,0.00001,0.00553,0.03013
1403715291.362255573272705,0.01510,0.00041,0.00104,0.00917,0.00009,0.00545,0.03126
1403715291.412257671356201,0.01332,0.00040,0.00008,0.00917,0.00000,0.00529,0.02827
1403715291.462249279022217,0.01649,0.00056,0.00781,0.01096,0.00233,0.00545,0.04361
1403715291.512235164642334,0.01418,0.00042,0.00032,0.00836,0.00001,0.00711,0.03039
1403715291.562238216400146,0.01434,0.00039,0.00031,0.00772,0.00000,0.00539,0.02816
1403715291.612236499786377,0.01411,0.00036,0.00003,0.00754,0.00000,0.00558,0.02762
1403715291.662239551544189,0.01434,0.00035,0.00032,0.00689,0.00727,0.00544,0.03462
1403715291.712248802185059,0.01361,0.00038,0.00012,0.00819,0.00126,0.00563,0.02920
1403715291.762246370315552,0.01520,0.00040,0.00873,0.00935,0.00348,0.00556,0.04273
1403715291.812242269515991,0.01405,0.00040,0.00023,0.00948,0.00007,0.00541,0.02964
1403715291.862236022949219,0.01637,0.00037,0.00136,0.00828,0.00200,0.00668,0.03506
1403715291.912233114242554,0.01674,0.00039,0.00026,0.00853,0.00001,0.00541,0.03134
1403715291.962230920791626,0.01425,0.00040,0.00019,0.00819,0.00041,0.00553,0.02897
1403715292.012231826782227,0.01409,0.00037,0.00360,0.00765,0.00542,0.00558,0.03671
1403715292.062236070632935,0.01528,0.00041,0.00649,0.00871,0.00201,0.00570,0.03862
1403715292.112223863601685,0.01357,0.00040,0.00059,0.00922,0.00001,0.00556,0.02935
1403715292.162212133407593,0.01408,0.00040,0.00003,0.00914,0.00001,0.00535,0.02901
1403715292.212193965911865,0.01405,0.00036,0.00003,0.00900,0.00001,0.00597,0.02941
1403715292.262181758880615,0.01417,0.00040,0.00194,0.00860,0.00001,0.00583,0.03094
1403715292.312173604965210,0.01580,0.00040,0.00223,0.00842,0.00010,0.00673,0.03367
1403715292.362172842025757,0.01437,0.00039,0.00558,0.00736,0.00555,0.00519,0.03845
1403715292.412175178527832,0.01426,0.00040,0.00787,0.00833,0.00308,0.00532,0.03925
1403715292.462177276611328,0.01619,0.00040,0.00032,0.00887,0.00009,0.00535,0.03122
1403715292.512161254882812,0.01609,0.00040,0.00003,0.00899,0.00001,0.00563,0.03114
1403715292.562142133712769,0.01364,0.00041,0.00069,0.00869,0.00038,0.00549,0.02929
1403715292.612112522125244,0.01364,0.00042,0.00167,0.00866,0.00197,0.00524,0.03160
1403715292.662096977233887,0.01658,0.00036,0.00481,0.00816,0.00002,0.00543,0.03536
1403715292.712090730667114,0.01360,0.00040,0.00096,0.00786,0.00000,0.00558,0.02840
1403715292.762097835540771,0.01425,0.00041,0.00118,0.00821,0.00000,0.00535,0.02941
1403715292.812110185623169,0.01445,0.00041,0.00012,0.00736,0.00000,0.00672,0.02907
1403715292.862148284912109,0.01405,0.00040,0.00218,0.00705,0.00405,0.00533,0.03306
1403715292.912157058715820,0.01398,0.00037,0.00061,0.00776,0.00013,0.00587,0.02872
1403715292.962158679962158,0.01152,0.00038,0.00052,0.00757,0.00755,0.00563,0.03317
1403715293.012135267257690,0.01628,0.00038,0.00533,0.00784,0.00198,0.00520,0.03701
1403715293.062127351760864,0.01765,0.00036,0.00530,0.00723,0.00431,0.00547,0.04032
1403715293.112140655517578,0.01487,0.00037,0.00026,0.00816,0.00000,0.00554,0.02920
1403715293.162151575088501,0.01542,0.00038,0.00063,0.00780,0.00044,0.00548,0.03014
1403715293.212160348892212,0.01453,0.00034,0.00942,0.00774,0.00706,0.00645,0.04554
1403715293.262147665023804,0.01374,0.00040,0.00053,0.00877,0.00194,0.00523,0.03061
1403715293.312147855758667,0.01394,0.00040,0.00092,0.00878,0.00004,0.00556,0.02963
1403715293.362152576446533,0.01405,0.00037,0.00084,0.00743,0.00000,0.00559,0.02829
1403715293.412161111831665,0.01357,0.00038,0.00100,0.00709,0.00000,0.00581,0.02786
1403715293.462161302566528,0.01711,0.00033,0.00274,0.00639,0.00002,0.00550,0.03208
1403715293.512154579162598,0.01450,0.00035,0.00038,0.00646,0.00040,0.00583,0.02792
1403715293.562146663665771,0.01553,0.00036,0.00024,0.00647,0.00000,0.00556,0.02816
1403715293.612117052078247,0.01402,0.00033,0.01178,0.00620,0.01863,0.00519,0.05614
1403715293.662120342254639,0.01444,0.00036,0.00340,0.00838,0.00001,0.00551,0.03211
1403715293.712118864059448,0.01424,0.00040,0.00043,0.00791,0.00001,0.00592,0.02889
1403715293.762115001678467,0.01390,0.00032,0.00016,0.00736,0.00045,0.00558,0.02778
1403715293.812101125717163,0.01368,0.00037,0.00568,0.00763,0.00555,0.00506,0.03798
1403715293.862104177474976,0.01488,0.00036,0.00040,0.00774,0.00042,0.00556,0.02937
1403715293.912099123001099,0.01614,0.00033,0.00003,0.00809,0.00000,0.00599,0.03059
1403715293.962093591690063,0.01432,0.00036,0.00017,0.00808,0.00000,0.00555,0.02848
1403715294.012084007263184,0.01438,0.00036,0.01050,0.00796,0.00738,0.00664,0.04721
1403715294.062080383300781,0.01393,0.00039,0.00076,0.00912,0.00001,0.00558,0.02978
1403715294.112099409103394,0.01410,0.00037,0.00003,0.00877,0.00000,0.00585,0.02912
1403715294.162109613418579,0.01398,0.00039,0.00045,0.00856,0.00048,0.00581,0.02967
1403715294.212107658386230,0.01378,0.00038,0.00973,0.00893,0.00199,0.00569,0.04050
1403715294.262091159820557,0.01512,0.00040,0.00035,0.00863,0.00002,0.00549,0.03000
1403715294.312084197998047,0.01349,0.00035,0.00019,0.00835,0.00000,0.00575,0.02813
1403715294.362081527709961,0.01812,0.00037,0.00049,0.00715,0.00000,0.00558,0.03172
1403715294.412085056304932,0.01423,0.00036,0.00186,0.00694,0.00524,0.00594,0.03457
1403715294.462111234664917,0.01440,0.00033,0.00659,0.00785,0.00580,0.00548,0.04045
1403715294.512119770050049,0.01429,0.00035,0.00035,0.00860,0.00000,0.00578,0.02938
1403715294.562155961990356,0.01423,0.00037,0.00016,0.00838,0.00001,0.00571,0.02886
1403715294.612180233001709,0.01396,0.00036,0.00874,0.00799,0.00502,0.00655,0.04262
1403715294.662207603454590,0.01441,0.00039,0.00022,0.00868,0.00001,0.00626,0.02997
1403715294.712201595306396,0.01365,0.00038,0.00197,0.00782,0.00001,0.00569,0.02951
1403715294.762188434600830,0.01291,0.00040,0.00021,0.00766,0.00000,0.00575,0.02694
1403715294.812153816223145,0.02127,0.00037,0.00580,0.00672,0.00694,0.00652,0.04763
1403715294.862141132354736,0.01543,0.00038,0.00034,0.00753,0.00001,0.00555,0.02923
1403715294.912118434906006,0.01514,0.00034,0.00468,0.00703,0.00740,0.00588,0.04047
1403715294.962093591690063,0.01617,0.00039,0.00045,0.00846,0.00000,0.00665,0.03213
1403715295.012092113494873,0.01629,0.00042,0.00129,0.00850,0.00001,0.00596,0.03247
1403715295.062089443206787,0.01374,0.00050,0.00241,0.00776,0.00775,0.00548,0.03763
1403715295.112083435058594,0.01482,0.00036,0.00016,0.00905,0.00000,0.00594,0.03033
1403715295.162080526351929,0.01456,0.00038,0.00141,0.00867,0.00001,0.00576,0.03078
1403715295.212069988250732,0.01423,0.00039,0.00485,0.00966,0.00588,0.00579,0.04080
1403715295.262070655822754,0.01448,0.00038,0.00003,0.00941,0.00001,0.00562,0.02992
1403715295.312076330184937,0.01429,0.00040,0.00016,0.00890,0.00001,0.00572,0.02948
1403715295.362087726593018,0.01662,0.00039,0.01381,0.00842,0.00484,0.00588,0.04996
1403715295.412092447280884,0.01466,0.00038,0.00482,0.00876,0.00243,0.00508,0.03612
1403715295.462089776992798,0.01412,0.00039,0.00003,0.00946,0.00000,0.00557,0.02958
1403715295.512085914611816,0.01436,0.00039,0.00657,0.00907,0.00049,0.00553,0.03641
1403715295.562080144882202,0.01411,0.00037,0.00017,0.00919,0.00001,0.00564,0.02949
1403715295.612072706222534,0.01397,0.00038,0.00003,0.00914,0.00001,0.00568,0.02922
1403715295.662060499191284,0.01345,0.00039,0.00181,0.00874,0.00197,0.00576,0.03211
1403715295.712054491043091,0.01311,0.00037,0.00003,0.00920,0.00000,0.00573,0.02845
1403715295.762061357498169,0.01357,0.00035,0.00030,0.00905,0.00051,0.00548,0.02925
1403715295.812062978744507,0.01406,0.00039,0.00003,0.00832,0.00198,0.00597,0.03075
1403715295.862062454223633,0.01351,0.00040,0.00038,0.00759,0.00005,0.00526,0.02718
1403715295.912060737609863,0.01878,0.00035,0.00056,0.00633,0.00041,0.00555,0.03196
1403715295.962079524993896,0.01496,0.00035,0.00987,0.00604,0.00276,0.00530,0.03928
1403715296.012048959732056,0.01449,0.00036,0.00015,0.00600,0.00519,0.00550,0.03170
1403715296.062005043029785,0.01470,0.00037,0.00020,0.00663,0.00000,0.00570,0.02761
1403715296.111965656280518,0.01475,0.00035,0.00130,0.00647,0.00498,0.00569,0.03354
1403715296.161960363388062,0.01552,0.00034,0.00057,0.00696,0.00001,0.00577,0.02917
1403715296.211949586868286,0.01414,0.00036,0.00118,0.00663,0.00000,0.00597,0.02828
1403715296.261927843093872,0.01413,0.00046,0.00107,0.00639,0.00188,0.00582,0.02975
1403715296.311932325363159,0.01491,0.00036,0.00010,0.00671,0.00001,0.00579,0.02788
1403715296.361947536468506,0.01859,0.00035,0.00208,0.00522,0.00000,0.00595,0.03220
1403715296.411959886550903,0.01534,0.00032,0.00021,0.00473,0.00002,0.00576,0.02639
1403715296.461979150772095,0.01591,0.00030,0.00734,0.00447,0.01883,0.00590,0.05275
1403715296.511998414993286,0.01469,0.00038,0.00097,0.00679,0.00002,0.00570,0.02854
1403715296.562051057815552,0.01490,0.00036,0.00977,0.00615,0.00099,0.00566,0.03783
1403715296.612101316452026,0.01408,0.00038,0.00003,0.00630,0.00000,0.00561,0.02641
1403715296.662127017974854,0.01430,0.00034,0.00003,0.00637,0.00000,0.00575,0.02680
1403715296.712139368057251,0.01354,0.00035,0.00134,0.00594,0.00317,0.00567,0.03002
1403715296.762143850326538,0.01383,0.00037,0.00003,0.00618,0.00000,0.00548,0.02590
1403715296.812140703201294,0.01368,0.00038,0.00031,0.00614,0.00042,0.00574,0.02667
1403715296.862142086029053,0.01481,0.00049,0.00018,0.00625,0.00046,0.00560,0.02779
1403715296.912130594253540,0.01484,0.00038,0.01341,0.00629,0.01216,0.00570,0.05278
1403715296.962115764617920,0.01351,0.00042,0.00019,0.00807,0.00000,0.00550,0.02770
1403715297.012099981307983,0.01278,0.00038,0.00003,0.00794,0.00000,0.00580,0.02693
1403715297.062085151672363,0.01363,0.00044,0.00676,0.00781,0.00041,0.00581,0.03487
1403715297.112070560455322,0.01518,0.00040,0.00004,0.00793,0.00001,0.00610,0.02966
1403715297.162042617797852,0.01450,0.00046,0.01045,0.00656,0.00065,0.00554,0.03815
1403715297.212040662765503,0.01439,0.00037,0.00019,0.00613,0.00000,0.00558,0.02667
1403715297.262041330337524,0.01634,0.00035,0.00028,0.00551,0.00035,0.00555,0.02839
1403715297.312038421630859,0.02004,0.00035,0.00011,0.00591,0.00282,0.00576,0.03499
1403715297.362035989761353,0.01572,0.00036,0.00040,0.00582,0.00039,0.00577,0.02845
1403715297.412033319473267,0.01666,0.00037,0.00031,0.00600,0.00000,0.00565,0.02901
1403715297.462023258209229,0.01548,0.00036,0.00020,0.00575,0.00040,0.00589,0.02807
1403715297.511982679367065,0.01519,0.00037,0.00704,0.00569,0.01363,0.00727,0.04919
1403715297.561988353729248,0.01753,0.00040,0.00103,0.00685,0.00001,0.00572,0.03153
1403715297.612000703811646,0.01514,0.00036,0.00120,0.00620,0.00000,0.00577,0.02868
1403715297.662010669708252,0.01541,0.00037,0.00181,0.00598,0.00712,0.00530,0.03599
1403715297.712018489837646,0.01511,0.00041,0.00018,0.00735,0.00046,0.00608,0.02958
1403715297.762019157409668,0.01476,0.00039,0.01018,0.00762,0.00029,0.00574,0.03897
1403715297.811994791030884,0.01481,0.00039,0.00598,0.00704,0.00120,0.00601,0.03543
1403715297.861969470977783,0.01442,0.00037,0.01600,0.00740,0.00573,0.00578,0.04971
1403715297.911931991577148,0.01433,0.00039,0.00192,0.00775,0.00000,0.00574,0.03014
1403715297.961904764175415,0.01551,0.00040,0.00068,0.00720,0.00000,0.00538,0.02919
1403715298.011908054351807,0.01444,0.00038,0.00111,0.00639,0.00000,0.00578,0.02811
1403715298.061924457550049,0.01902,0.00037,0.00193,0.00565,0.00041,0.00590,0.03328
1403715298.111968755722046,0.01914,0.00035,0.00198,0.00570,0.00493,0.00617,0.03828
1403715298.162029027938843,0.01513,0.00036,0.00158,0.00596,0.00066,0.00550,0.02919
1403715298.212083101272583,0.01512,0.00037,0.00087,0.00598,0.00000,0.00582,0.02817
1403715298.262110471725464,0.01582,0.00040,0.00161,0.00482,0.00208,0.00571,0.03043
1403715298.312142372131348,0.01474,0.00033,0.00127,0.00531,0.00059,0.00574,0.02800
1403715298.362171888351440,0.01447,0.00037,0.00288,0.00589,0.00566,0.00578,0.03506
1403715298.412184953689575,0.01414,0.00037,0.00074,0.00681,0.00320,0.00619,0.03146
1403715298.462196350097656,0.01417,0.00038,0.00703,0.00702,0.00386,0.00551,0.03798
1403715298.512197732925415,0.01430,0.00038,0.00166,0.00781,0.00001,0.00685,0.03101
1403715298.562201738357544,0.01422,0.00040,0.00029,0.00776,0.00086,0.00520,0.02874
1403715298.612219095230103,0.01341,0.00040,0.01977,0.00929,0.00001,0.00752,0.05040
1403715298.662220478057861,0.01425,0.00086,0.00088,0.00829,0.00001,0.00594,0.03023
1403715298.712219476699829,0.01326,0.00039,0.00022,0.00825,0.00000,0.00682,0.02895
1403715298.762215614318848,0.01345,0.00041,0.00008,0.00793,0.00000,0.00544,0.02731
1403715298.812205553054810,0.01421,0.00040,0.00057,0.00788,0.00000,0.00585,0.02891
1403715298.862188100814819,0.01402,0.00039,0.00003,0.00774,0.00000,0.00545,0.02764
1403715298.912175178527832,0.01380,0.00038,0.00017,0.00747,0.00000,0.00592,0.02776
1403715298.962158441543579,0.01861,0.00039,0.00242,0.00650,0.00090,0.00562,0.03445
1403715299.012169837951660,0.01469,0.00035,0.00009,0.00564,0.00000,0.00596,0.02673
1403715299.062199115753174,0.01501,0.00037,0.00275,0.00561,0.00842,0.00524,0.03740
1403715299.112213850021362,0.01448,0.00037,0.00044,0.00663,0.00077,0.00591,0.02860
1403715299.162234544754028,0.01623,0.00046,0.00021,0.00706,0.00047,0.00552,0.02994
1403715299.212245225906372,0.01753,0.00040,0.01218,0.00870,0.00718,0.00639,0.05237
1403715299.262249946594238,0.01415,0.00041,0.00073,0.00786,0.00116,0.00550,0.02982
1403715299.312250614166260,0.01358,0.00038,0.00019,0.00785,0.00000,0.00567,0.02767
1403715299.362247705459595,0.01481,0.00042,0.00319,0.00728,0.00000,0.00545,0.03115
1403715299.412250280380249,0.01414,0.00037,0.00036,0.00734,0.00001,0.00576,0.02797
1403715299.462253332138062,0.01858,0.00039,0.00085,0.00669,0.00000,0.00557,0.03209
1403715299.512248516082764,0.01788,0.00038,0.00974,0.00590,0.00194,0.00588,0.04171
1403715299.562251329421997,0.01531,0.00039,0.00113,0.00599,0.00102,0.00508,0.02892
1403715299.612253189086914,0.01470,0.00038,0.00042,0.00688,0.00001,0.00577,0.02815
1403715299.662256240844727,0.01757,0.00036,0.00073,0.00610,0.00214,0.00565,0.03254
1403715299.712258577346802,0.01430,0.00038,0.00034,0.00635,0.00066,0.00565,0.02769
1403715299.762260198593140,0.01758,0.00044,0.00048,0.00700,0.00005,0.00592,0.03147
1403715299.812257289886475,0.01423,0.00037,0.00666,0.00562,0.00805,0.00580,0.04073
1403715299.862252712249756,0.01402,0.00038,0.00068,0.00720,0.00001,0.00554,0.02784
1403715299.912250518798828,0.01383,0.00037,0.00027,0.00681,0.00000,0.00586,0.02715
1403715299.962244033813477,0.01754,0.00036,0.00100,0.00656,0.00000,0.00557,0.03103
1403715300.012252092361450,0.01495,0.00034,0.00355,0.00632,0.00226,0.00700,0.03442
1403715300.062256813049316,0.01499,0.00038,0.00514,0.00563,0.00366,0.00557,0.03537
1403715300.112259864807129,0.01483,0.00039,0.00026,0.00557,0.00757,0.00561,0.03423
1403715300.162270784378052,0.01675,0.00040,0.00080,0.00604,0.00040,0.00566,0.03005
1403715300.212283134460449,0.01446,0.00036,0.00448,0.00608,0.00775,0.00532,0.03846
1403715300.262286424636841,0.01730,0.00038,0.00110,0.00726,0.00116,0.00540,0.03261
1403715300.312284469604492,0.01657,0.00039,0.00029,0.00710,0.00000,0.00590,0.03024
1403715300.362280845642090,0.01429,0.00038,0.00057,0.00628,0.00039,0.00552,0.02744
1403715300.412284851074219,0.01461,0.00035,0.00004,0.00612,0.00908,0.00587,0.03606
1403715300.462283372879028,0.01404,0.00039,0.00004,0.00754,0.00000,0.00563,0.02764
1403715300.512282371520996,0.01412,0.00039,0.01024,0.00692,0.00557,0.00580,0.04304
1403715300.562280654907227,0.01432,0.00039,0.00085,0.00813,0.00001,0.00630,0.02999
1403715300.612278938293457,0.01408,0.00039,0.00096,0.00752,0.00013,0.00564,0.02873
1403715300.662281513214111,0.01430,0.00038,0.00462,0.00737,0.00750,0.00536,0.03953
1403715300.712280988693237,0.01726,0.00041,0.00195,0.00855,0.00000,0.00580,0.03396
1403715300.762281417846680,0.01380,0.00039,0.00003,0.00858,0.00001,0.00581,0.02863
1403715300.812286615371704,0.01418,0.00040,0.01324,0.00842,0.00000,0.00613,0.04237
1403715300.862287521362305,0.01785,0.00041,0.00003,0.00846,0.00001,0.00558,0.03235
1403715300.912289857864380,0.01357,0.00041,0.00005,0.00841,0.00000,0.00588,0.02832
1403715300.962291955947876,0.01408,0.00041,0.00043,0.00833,0.00120,0.00561,0.03004
1403715301.012295484542847,0.01369,0.00041,0.00038,0.00834,0.00000,0.00579,0.02861
1403715301.062295913696289,0.01527,0.00039,0.00010,0.00836,0.00000,0.00563,0.02975
1403715301.112302303314209,0.01402,0.00041,0.01023,0.00818,0.00002,0.00701,0.03986
1403715301.162302017211914,0.01429,0.00040,0.00008,0.00826,0.00000,0.00553,0.02856
1403715301.212303876876831,0.01398,0.00041,0.00027,0.00833,0.00008,0.00600,0.02907
1403715301.262301445007324,0.01801,0.00043,0.00510,0.00859,0.00217,0.00596,0.04025
1403715301.312299966812134,0.01532,0.00044,0.00060,0.00852,0.00159,0.00626,0.03274
1403715301.362290143966675,0.01415,0.00039,0.00003,0.00834,0.00000,0.00555,0.02848
1403715301.412282466888428,0.01649,0.00039,0.00838,0.00812,0.00200,0.00587,0.04125
1403715301.462272882461548,0.01365,0.00041,0.00004,0.00881,0.00000,0.00575,0.02866
1403715301.512270689010620,0.01379,0.00043,0.00003,0.00985,0.00001,0.00857,0.03268
1403715301.562273979187012,0.01450,0.00043,0.00040,0.00880,0.00000,0.00554,0.02968
1403715301.612276315689087,0.01699,0.00040,0.00624,0.00828,0.00000,0.00704,0.03896
1403715301.662275552749634,0.01477,0.00041,0.00157,0.00839,0.00000,0.00562,0.03077
1403715301.712269544601440,0.01495,0.00041,0.00589,0.00954,0.00009,0.00574,0.03664
1403715301.762259483337402,0.01454,0.00041,0.00046,0.00821,0.00000,0.00650,0.03012
1403715301.812241315841675,0.01670,0.00041,0.00763,0.00811,0.00013,0.00720,0.04018
1403715301.862236976623535,0.01454,0.00041,0.00174,0.00808,0.00233,0.00575,0.03286
1403715301.912236690521240,0.01435,0.00042,0.00043,0.00874,0.00000,0.00571,0.02966
1403715301.962235927581787,0.01818,0.00040,0.00004,0.00877,0.00000,0.00569,0.03308
1403715302.012238502502441,0.01462,0.00041,0.00717,0.00853,0.00001,0.00593,0.03666
1403715302.062239170074463,0.01475,0.00041,0.00004,0.00895,0.00000,0.00565,0.02981
1403715302.112241029739380,0.01421,0.00042,0.00009,0.00876,0.00000,0.00572,0.02920
1403715302.162243604660034,0.01392,0.00038,0.01052,0.00861,0.00000,0.00571,0.03915
1403715302.212240934371948,0.01413,0.00041,0.00485,0.00861,0.00000,0.00601,0.03402
1403715302.262239694595337,0.01432,0.00040,0.00023,0.00871,0.00000,0.00563,0.02929
1403715302.312237501144409,0.01404,0.00041,0.00810,0.00856,0.00000,0.00608,0.03720
1403715302.362236738204956,0.01450,0.00042,0.00003,0.00854,0.00000,0.00610,0.02960
1403715302.412235021591187,0.01389,0.00042,0.00586,0.00824,0.00000,0.00609,0.03451
1403715302.462235212326050,0.01468,0.00042,0.00038,0.00847,0.00000,0.00558,0.02954
1403715302.512235164642334,0.01336,0.00041,0.00044,0.00917,0.00000,0.00577,0.02916
1403715302.562235116958618,0.01373,0.00069,0.00036,0.00898,0.00000,0.00544,0.02920
1403715302.612233638763428,0.01345,0.00042,0.00764,0.00920,0.00000,0.00577,0.03649
1403715302.662235975265503,0.01419,0.00043,0.00019,0.00827,0.00002,0.00554,0.02864
1403715302.712237119674683,0.01448,0.00041,0.00003,0.00823,0.00000,0.00573,0.02889
1403715302.762241125106812,0.01440,0.00042,0.00940,0.00808,0.00039,0.00558,0.03827
1403715302.812243461608887,0.01252,0.00041,0.00351,0.00826,0.00037,0.00585,0.03092
1403715302.862244129180908,0.01465,0.00041,0.00003,0.00797,0.00001,0.00576,0.02883
1403715302.912241697311401,0.01425,0.00042,0.00759,0.00788,0.00201,0.00603,0.03818
1403715302.962239027023315,0.01398,0.00042,0.00019,0.00821,0.00047,0.00590,0.02917
1403715303.012235164642334,0.01430,0.00042,0.00519,0.00823,0.00000,0.00582,0.03395
1403715303.062232971191406,0.01757,0.00042,0.00023,0.00793,0.00036,0.00578,0.03229
1403715303.112231016159058,0.01340,0.00039,0.00010,0.00792,0.00152,0.00584,0.02919
1403715303.162227630615234,0.01543,0.00041,0.00004,0.00819,0.00000,0.00808,0.03215
1403715303.212222814559937,0.01299,0.00041,0.00736,0.00787,0.00149,0.00750,0.03761
1403715303.262214183807373,0.02058,0.00039,0.00004,0.00772,0.00119,0.00680,0.03673
1403715303.312210321426392,0.01594,0.00040,0.00034,0.00743,0.00004,0.00621,0.03037
1403715303.362210750579834,0.02006,0.00043,0.00997,0.00711,0.00077,0.00606,0.04441
1403715303.412212848663330,0.01745,0.00037,0.00072,0.00772,0.00429,0.00651,0.03704
1403715303.462216854095459,0.01510,0.00042,0.00077,0.00690,0.00044,0.00575,0.02937
1403715303.512222766876221,0.01594,0.00037,0.00164,0.00661,0.00707,0.00609,0.03771
1403715303.562224626541138,0.01443,0.00039,0.00016,0.00836,0.00001,0.00577,0.02911
1403715303.612226724624634,0.01606,0.00037,0.00307,0.00626,0.00015,0.00619,0.03210
1403715303.662225484848022,0.01348,0.00037,0.00065,0.00441,0.00165,0.00547,0.02602
1403715303.712226152420044,0.01400,0.00038,0.00166,0.00436,0.00068,0.00620,0.02729
1403715303.762218952178955,0.01212,0.00030,0.00114,0.00389,0.00052,0.00506,0.02302
1403715303.812219619750977,0.01815,0.00027,0.01683,0.00390,0.02706,0.00501,0.07121
1403715303.862214088439941,0.01492,0.00036,0.00047,0.00582,0.00039,0.00524,0.02719
1403715303.912209033966064,0.01450,0.00029,0.00062,0.00511,0.00000,0.00523,0.02576
1403715303.962207794189453,0.01344,0.00033,0.00003,0.00502,0.01361,0.00604,0.03847
1403715304.012208938598633,0.01418,0.00033,0.00019,0.00668,0.00141,0.00611,0.02889
1403715304.062211275100708,0.01376,0.00037,0.00024,0.00661,0.00000,0.00547,0.02645
1403715304.112210750579834,0.01374,0.00035,0.00084,0.00589,0.00176,0.00510,0.02768
1403715304.162211656570435,0.01684,0.00035,0.00014,0.00595,0.00000,0.00542,0.02870
1403715304.212208747863770,0.01241,0.00034,0.00066,0.00583,0.00046,0.00556,0.02525
1403715304.262207746505737,0.01406,0.00034,0.00015,0.00580,0.00040,0.00728,0.02804
1403715304.312209606170654,0.01269,0.00034,0.00003,0.00702,0.00000,0.00518,0.02528
1403715304.362214088439941,0.01286,0.00033,0.01226,0.00666,0.01356,0.00538,0.05105
1403715304.412212848663330,0.01330,0.00042,0.01187,0.00774,0.00239,0.00639,0.04211
1403715304.462212562561035,0.01327,0.00036,0.00003,0.00814,0.00000,0.00516,0.02697
1403715304.512210369110107,0.01365,0.00037,0.00017,0.00743,0.00000,0.00574,0.02738
1403715304.562208890914917,0.01317,0.00038,0.00017,0.00729,0.00053,0.00615,0.02769
1403715304.612209081649780,0.01322,0.00038,0.00029,0.00719,0.00040,0.00506,0.02654
1403715304.662209749221802,0.01235,0.00037,0.00003,0.00668,0.00000,0.00492,0.02434
1403715304.712208986282349,0.01584,0.00034,0.00023,0.00611,0.00042,0.00506,0.02800
1403715304.762208461761475,0.01288,0.00036,0.00024,0.00615,0.00039,0.00510,0.02512
1403715304.812210083007812,0.01287,0.00036,0.00024,0.00655,0.00056,0.00525,0.02584
1403715304.862209081649780,0.01318,0.00035,0.00015,0.00638,0.00041,0.00522,0.02569
1403715304.912209510803223,0.01245,0.00036,0.00003,0.00599,0.00000,0.00539,0.02423
1403715304.962209939956665,0.01246,0.00035,0.00862,0.00557,0.00203,0.00506,0.03409
1403715305.012212991714478,0.01213,0.00034,0.00795,0.00566,0.01238,0.00486,0.04333
1403715305.062215089797974,0.01281,0.00039,0.00003,0.00837,0.00000,0.00531,0.02690
1403715305.112215995788574,0.01252,0.00035,0.00003,0.00918,0.00000,0.00513,0.02721
1403715305.162212133407593,0.01228,0.00038,0.00003,0.00826,0.00016,0.00483,0.02594
1403715305.212208271026611,0.01272,0.00038,0.00003,0.00830,0.00224,0.00514,0.02881
1403715305.262202024459839,0.01423,0.00039,0.00003,0.00883,0.00000,0.00502,0.02851
1403715305.312202930450439,0.01254,0.00039,0.00003,0.00871,0.00000,0.00500,0.02666
1403715305.362200736999512,0.01230,0.00037,0.00014,0.00812,0.00007,0.00498,0.02598
1403715305.412200927734375,0.01478,0.00037,0.00026,0.00810,0.00058,0.00506,0.02915
1403715305.462197065353394,0.01348,0.00038,0.00004,0.00947,0.00001,0.00638,0.02975
1403715305.512197971343994,0.01365,0.00039,0.00003,0.00861,0.00001,0.00569,0.02837
1403715305.562194585800171,0.01217,0.00038,0.00891,0.00784,0.00059,0.00527,0.03515
1403715305.612196445465088,0.01301,0.00039,0.00762,0.00852,0.00045,0.00509,0.03507
1403715305.662197351455688,0.01336,0.00037,0.00003,0.00791,0.00000,0.00533,0.02700
1403715305.712196111679077,0.01675,0.00038,0.00003,0.00703,0.00000,0.00516,0.02936
1403715305.762202978134155,0.01435,0.00038,0.00076,0.00696,0.00057,0.00561,0.02863
1403715305.812208175659180,0.01655,0.00038,0.00038,0.00727,0.00113,0.00520,0.03091
1403715305.862210512161255,0.01474,0.00038,0.00003,0.00797,0.00000,0.00557,0.02870
1403715305.912214279174805,0.01498,0.00037,0.00003,0.00795,0.00000,0.00562,0.02895
1403715305.962215662002563,0.01865,0.00036,0.00053,0.00799,0.00157,0.00576,0.03486
1403715306.012217521667480,0.01428,0.00038,0.00064,0.00776,0.00236,0.00570,0.03113
1403715306.062218189239502,0.01479,0.00038,0.00010,0.00851,0.00000,0.00565,0.02943
1403715306.112217903137207,0.01444,0.00038,0.00004,0.00837,0.00000,0.00557,0.02879
1403715306.162218093872070,0.01513,0.00038,0.01302,0.00836,0.00498,0.00569,0.04756
1403715306.212218999862671,0.01447,0.00040,0.00944,0.00999,0.00001,0.00640,0.04070
1403715306.262215137481689,0.01484,0.00040,0.01356,0.00907,0.00001,0.00666,0.04454
1403715306.312212228775024,0.01412,0.00041,0.00023,0.00816,0.00050,0.00556,0.02897
1403715306.362210512161255,0.01730,0.00038,0.00098,0.00832,0.00002,0.00550,0.03249
1403715306.412207603454590,0.01399,0.00039,0.00036,0.00784,0.00081,0.00550,0.02888
1403715306.462205886840820,0.01414,0.00038,0.00014,0.00761,0.00000,0.00543,0.02770
1403715306.512204647064209,0.01329,0.00038,0.00082,0.00722,0.00000,0.00566,0.02738
1403715306.562204360961914,0.01347,0.00033,0.00019,0.00688,0.00043,0.00569,0.02699
1403715306.612201452255249,0.01719,0.00035,0.00237,0.00667,0.00039,0.00553,0.03250
1403715306.662196874618530,0.01514,0.00035,0.00097,0.00638,0.00001,0.00565,0.02849
1403715306.712193250656128,0.01440,0.00037,0.00123,0.00604,0.00000,0.00556,0.02761
1403715306.762193918228149,0.01406,0.00035,0.00468,0.00549,0.01772,0.00555,0.04785
1403715306.812199354171753,0.01369,0.00040,0.00494,0.00786,0.00210,0.00583,0.03481
1403715306.862204074859619,0.01395,0.00041,0.00825,0.00736,0.00079,0.00560,0.03636
1403715306.912206172943115,0.01817,0.00036,0.00042,0.00799,0.00046,0.00554,0.03293
1403715306.962211370468140,0.01429,0.00038,0.00109,0.00717,0.00080,0.00551,0.02924
1403715307.012217521667480,0.01474,0.00036,0.00012,0.00661,0.00159,0.00562,0.02904
1403715307.062228202819824,0.01650,0.00039,0.00116,0.00487,0.00033,0.00549,0.02873
1403715307.112241983413696,0.01449,0.00035,0.00015,0.00485,0.00035,0.00561,0.02581
1403715307.162252902984619,0.01387,0.00035,0.00471,0.00491,0.02012,0.00556,0.04953
1403715307.212250947952271,0.01992,0.00037,0.00100,0.00839,0.00081,0.00577,0.03625
1403715307.262251138687134,0.01439,0.00037,0.00074,0.00865,0.00000,0.00556,0.02972
1403715307.312244176864624,0.01383,0.00038,0.00044,0.00824,0.00001,0.00549,0.02839
1403715307.362240076065063,0.01404,0.00041,0.00085,0.00799,0.00477,0.00541,0.03348
1403715307.412235975265503,0.01544,0.00038,0.00258,0.00999,0.00000,0.00558,0.03398
1403715307.462249040603638,0.01396,0.00041,0.01559,0.00847,0.00234,0.00539,0.04616
1403715307.512251377105713,0.01431,0.00043,0.00005,0.00999,0.00001,0.00685,0.03164
1403715307.562252521514893,0.01894,0.00042,0.00321,0.00691,0.00201,0.00578,0.03727
1403715307.612257242202759,0.02094,0.00034,0.00031,0.00694,0.00001,0.00570,0.03423
1403715307.662256717681885,0.01577,0.00034,0.00062,0.00526,0.00000,0.00583,0.02782
1403715307.712257623672485,0.01568,0.00034,0.00076,0.00503,0.00066,0.00565,0.02812
1403715307.762254238128662,0.01748,0.00035,0.00634,0.00486,0.01908,0.00700,0.05512
1403715307.812249898910522,0.01499,0.00039,0.00093,0.00754,0.00040,0.00565,0.02990
1403715307.862247467041016,0.01442,0.00038,0.00154,0.00580,0.00000,0.00575,0.02790
1403715307.912245512008667,0.01606,0.00036,0.00121,0.00521,0.00001,0.00698,0.02983
1403715307.962246417999268,0.01409,0.00036,0.00027,0.00575,0.00038,0.00567,0.02652
1403715308.012244701385498,0.01367,0.00032,0.00064,0.00468,0.00033,0.00561,0.02525
1403715308.062247753143311,0.01454,0.00035,0.00109,0.00468,0.02132,0.00587,0.04785
1403715308.112247228622437,0.01889,0.00037,0.00653,0.00754,0.00321,0.00686,0.04340
1403715308.162248373031616,0.01542,0.00040,0.02081,0.00841,0.00194,0.00682,0.05380
1403715308.212246894836426,0.01504,0.00035,0.00110,0.00735,0.00000,0.00571,0.02955
1403715308.262244462966919,0.01436,0.00038,0.00017,0.00699,0.00000,0.00551,0.02742
1403715308.312241792678833,0.01746,0.00038,0.00065,0.00626,0.00001,0.00578,0.03053
1403715308.362238168716431,0.01466,0.00036,0.00049,0.00501,0.00773,0.00575,0.03399
1403715308.412233591079712,0.01433,0.00035,0.00065,0.00564,0.00031,0.00553,0.02682
1403715308.462228059768677,0.01358,0.00035,0.00036,0.00570,0.00070,0.00583,0.02651
1403715308.512223482131958,0.01424,0.00033,0.00003,0.00600,0.00000,0.00563,0.02622
1403715308.562218904495239,0.01408,0.00037,0.00017,0.00585,0.00000,0.00548,0.02595
1403715308.612215518951416,0.01395,0.00036,0.00003,0.00587,0.00000,0.00575,0.02596
1403715308.662217140197754,0.01326,0.00036,0.01172,0.00536,0.01466,0.00584,0.05120
1403715308.712220430374146,0.01273,0.00039,0.00518,0.00777,0.00254,0.00550,0.03411
1403715308.762232303619385,0.01342,0.00041,0.01636,0.00863,0.00234,0.00558,0.04674
1403715308.812238931655884,0.01382,0.00042,0.00003,0.00860,0.00000,0.00530,0.02817
1403715308.862242221832275,0.01663,0.00042,0.00003,0.00901,0.00001,0.00562,0.03172
1403715308.912246465682983,0.01355,0.00040,0.00003,0.00862,0.00000,0.00550,0.02810
1403715308.962247371673584,0.01330,0.00041,0.00009,0.00861,0.00001,0.00551,0.02793
1403715309.012250661849976,0.01584,0.00041,0.00011,0.00857,0.00000,0.00538,0.03033
1403715309.062251567840576,0.01373,0.00040,0.00003,0.00863,0.00000,0.00553,0.02833
1403715309.112252950668335,0.01370,0.00041,0.00003,0.00823,0.00000,0.00549,0.02786
1403715309.162252664566040,0.01382,0.00041,0.00004,0.00824,0.00000,0.00570,0.02821
1403715309.212253808975220,0.01405,0.00041,0.00018,0.00807,0.00046,0.00574,0.02892
1403715309.262256860733032,0.01382,0.00041,0.01290,0.00763,0.00000,0.00806,0.04283
1403715309.312254190444946,0.01794,0.00038,0.00389,0.00731,0.00007,0.00566,0.03525
1403715309.362244129180908,0.01424,0.00037,0.01435,0.00818,0.00384,0.00560,0.04657
1403715309.412238597869873,0.01488,0.00039,0.00008,0.00890,0.00000,0.00558,0.02983
1403715309.462236166000366,0.01453,0.00039,0.00003,0.00807,0.00000,0.00574,0.02877
1403715309.512234449386597,0.01522,0.00039,0.00008,0.00789,0.00001,0.00560,0.02919
1403715309.562234640121460,0.01804,0.00040,0.00003,0.00796,0.00000,0.00558,0.03202
1403715309.612233161926270,0.01535,0.00058,0.00023,0.00816,0.00052,0.00604,0.03087
1403715309.662232875823975,0.01680,0.00042,0.00004,0.00848,0.00001,0.00579,0.03154
1403715309.712232112884521,0.01464,0.00039,0.00003,0.00808,0.00000,0.00598,0.02913
1403715309.762230396270752,0.01490,0.00041,0.00004,0.00807,0.00000,0.00569,0.02911
1403715309.812229394912720,0.01488,0.00040,0.00159,0.00789,0.00002,0.00561,0.03040
1403715309.862225770950317,0.01450,0.00038,0.02701,0.00799,0.00347,0.00745,0.06080
1403715309.912224769592285,0.01440,0.00040,0.00462,0.00803,0.00000,0.00571,0.03315
1403715309.962221145629883,0.01524,0.00057,0.01530,0.00821,0.00000,0.00669,0.04601
1403715310.012229919433594,0.01479,0.00040,0.00014,0.00816,0.00050,0.00533,0.02933
1403715310.062243938446045,0.01426,0.00040,0.00003,0.00851,0.00000,0.00557,0.02878
1403715310.112255811691284,0.01698,0.00041,0.00034,0.00809,0.00000,0.00569,0.03153
1403715310.162259101867676,0.01445,0.00038,0.00010,0.00804,0.00000,0.00545,0.02842
1403715310.212254047393799,0.01470,0.00039,0.00275,0.00706,0.00004,0.00558,0.03052
1403715310.262247323989868,0.01419,0.00039,0.00079,0.00724,0.00000,0.00572,0.02833
1403715310.312245368957520,0.01447,0.00039,0.00266,0.00651,0.00043,0.00519,0.02966
1403715310.362245798110962,0.01404,0.00038,0.00003,0.00704,0.00000,0.00550,0.02699
1403715310.412239789962769,0.01541,0.00037,0.00013,0.00673,0.00109,0.00515,0.02888
1403715310.462240219116211,0.01452,0.00036,0.01692,0.00615,0.00495,0.00555,0.04846
1403715310.512238740921021,0.01911,0.00038,0.00206,0.00771,0.00515,0.00525,0.03966
1403715310.562233686447144,0.01489,0.00038,0.01238,0.00674,0.00004,0.00761,0.04203
1403715310.612231254577637,0.01443,0.00039,0.00013,0.00654,0.00000,0.00540,0.02690
1403715310.662228822708130,0.01818,0.00036,0.00055,0.00587,0.00004,0.00556,0.03057
1403715310.712224960327148,0.01437,0.00036,0.00060,0.00562,0.00000,0.00558,0.02653
1403715310.762220859527588,0.01545,0.00039,0.00083,0.00496,0.00000,0.00559,0.02722
1403715310.812214851379395,0.01410,0.00035,0.00058,0.00469,0.00148,0.00590,0.02709
1403715310.862211465835571,0.01536,0.00033,0.00003,0.00478,0.00000,0.00561,0.02612
1403715310.912208318710327,0.01499,0.00034,0.00016,0.00465,0.00000,0.00556,0.02570
1403715310.962204933166504,0.01361,0.00036,0.00015,0.00449,0.00000,0.00566,0.02428
1403715311.012203454971313,0.01440,0.00035,0.00055,0.00447,0.00002,0.00560,0.02538
1403715311.062197208404541,0.01395,0.00032,0.01189,0.00443,0.01564,0.00567,0.05191
1403715311.112201452255249,0.01429,0.00038,0.00173,0.00667,0.00312,0.00571,0.03191
1403715311.162204742431641,0.01382,0.00039,0.01179,0.00715,0.00000,0.00553,0.03869
1403715311.212213277816772,0.01517,0.00044,0.01764,0.00832,0.00000,0.00564,0.04722
1403715311.262213706970215,0.01534,0.00040,0.00026,0.00719,0.00002,0.00571,0.02891
1403715311.312214612960815,0.01435,0.00039,0.00003,0.00747,0.00000,0.00555,0.02780
1403715311.362218141555786,0.01420,0.00041,0.00008,0.00717,0.00000,0.00565,0.02751
1403715311.412219285964966,0.01408,0.00039,0.00008,0.00719,0.00000,0.00570,0.02746
1403715311.462219953536987,0.01409,0.00042,0.00003,0.00706,0.00000,0.00558,0.02719
1403715311.512219905853271,0.01382,0.00042,0.00085,0.00689,0.00000,0.00560,0.02758
1403715311.562219381332397,0.01392,0.00041,0.00013,0.00662,0.00000,0.00532,0.02641
1403715311.612218856811523,0.01317,0.00041,0.00081,0.00674,0.00115,0.00562,0.02790
1403715311.662215948104858,0.01342,0.00042,0.01118,0.00590,0.00275,0.00578,0.03945
1403715311.712215662002563,0.01687,0.00044,0.00006,0.00696,0.00001,0.00592,0.03025
1403715311.762214183807373,0.01644,0.00044,0.00887,0.00766,0.00615,0.00738,0.04694
1403715311.812213420867920,0.01505,0.00039,0.01602,0.00755,0.00001,0.00741,0.04642
1403715311.862213611602783,0.01539,0.00039,0.00102,0.00724,0.00000,0.00564,0.02968
1403715311.912215471267700,0.01525,0.00041,0.00003,0.00738,0.00000,0.00609,0.02916
1403715311.962208271026611,0.01501,0.00041,0.00024,0.00691,0.00000,0.00586,0.02844
1403715312.012205839157104,0.01957,0.00038,0.00008,0.00691,0.00000,0.00602,0.03297
1403715312.062202930450439,0.01594,0.00040,0.00040,0.00648,0.00000,0.00590,0.02912
1403715312.112198829650879,0.01626,0.00038,0.00075,0.00625,0.00000,0.00614,0.02978
1403715312.162200450897217,0.01607,0.00040,0.00110,0.00575,0.00002,0.00643,0.02978
1403715312.212200164794922,0.01598,0.00039,0.00067,0.00529,0.00105,0.00621,0.02958
1403715312.262204170227051,0.01570,0.00038,0.00761,0.00481,0.00473,0.00543,0.03866
1403715312.312206029891968,0.01672,0.00039,0.00042,0.00503,0.00000,0.00597,0.02853
1403715312.362210035324097,0.01507,0.00037,0.00105,0.00469,0.01022,0.00588,0.03729
1403715312.412211418151855,0.01573,0.00039,0.01075,0.00585,0.00624,0.00710,0.04607
1403715312.462212800979614,0.01624,0.00039,0.00027,0.00628,0.00113,0.00580,0.03012
1403715312.512213468551636,0.01523,0.00049,0.00083,0.00592,0.00001,0.00590,0.02838
1403715312.562209129333496,0.01866,0.00039,0.01372,0.00560,0.00799,0.00679,0.05315
1403715312.612210512161255,0.01503,0.00041,0.00116,0.00614,0.00042,0.00582,0.02898
1403715312.662209987640381,0.01551,0.00037,0.00112,0.00558,0.00000,0.00580,0.02839
1403715312.712210178375244,0.01819,0.00038,0.00030,0.00532,0.00000,0.00612,0.03031
1403715312.762206315994263,0.01643,0.00038,0.00065,0.00480,0.00037,0.00612,0.02875
1403715312.812207221984863,0.01899,0.00036,0.00085,0.00484,0.00000,0.00590,0.03094
1403715312.862209320068359,0.01889,0.00037,0.00101,0.00447,0.00930,0.00578,0.03982
1403715312.912210226058960,0.01604,0.00039,0.00048,0.00546,0.00001,0.00579,0.02817
1403715312.962208986282349,0.01503,0.00036,0.00088,0.00497,0.00105,0.00601,0.02830
1403715313.012205362319946,0.01967,0.00036,0.00486,0.00538,0.01298,0.00674,0.04998
1403715313.062203168869019,0.01540,0.00042,0.00098,0.00690,0.00000,0.00595,0.02966
1403715313.112203359603882,0.01585,0.00040,0.00883,0.00616,0.00220,0.00611,0.03955
1403715313.162200927734375,0.01770,0.00040,0.00870,0.00628,0.00290,0.00537,0.04135
1403715313.212198257446289,0.01496,0.00044,0.00034,0.00744,0.00048,0.00632,0.02998
1403715313.262197017669678,0.01596,0.00040,0.00542,0.00653,0.00228,0.00609,0.03668
1403715313.312195301055908,0.01967,0.00040,0.00054,0.00686,0.00002,0.00592,0.03341
1403715313.362195014953613,0.01803,0.00037,0.00097,0.00626,0.00535,0.00575,0.03673
1403715313.412193536758423,0.01633,0.00038,0.00024,0.00714,0.00001,0.00592,0.03001
1403715313.462192058563232,0.01509,0.00040,0.00170,0.00648,0.00234,0.00593,0.03194
1403715313.512189149856567,0.01545,0.00036,0.00095,0.00700,0.00000,0.00595,0.02972
1403715313.562189340591431,0.01647,0.00038,0.00721,0.00682,0.00370,0.00593,0.04051
1403715313.612188816070557,0.01549,0.00040,0.00249,0.00786,0.00198,0.00552,0.03372
1403715313.662187337875366,0.01480,0.00045,0.00004,0.00834,0.00000,0.00596,0.02959
1403715313.712187767028809,0.01545,0.00040,0.00293,0.00766,0.00000,0.00637,0.03281
1403715313.762179136276245,0.01597,0.00043,0.00864,0.01027,0.00001,0.00597,0.04129
1403715313.812179565429688,0.02005,0.00042,0.00131,0.00920,0.00093,0.00589,0.03779
1403715313.862179279327393,0.01775,0.00057,0.00779,0.00921,0.00049,0.00595,0.04176
1403715313.912170648574829,0.01551,0.00040,0.00537,0.00826,0.00001,0.00595,0.03549
1403715313.962171554565430,0.01574,0.00055,0.00159,0.00828,0.00000,0.00624,0.03240
1403715314.012184381484985,0.01554,0.00044,0.00004,0.00798,0.00000,0.00606,0.03006
1403715314.062196254730225,0.01471,0.00041,0.00171,0.00786,0.00001,0.00598,0.03068
1403715314.112199783325195,0.01527,0.00040,0.00032,0.00722,0.00045,0.00620,0.02986
1403715314.162211179733276,0.01861,0.00039,0.00699,0.00668,0.00118,0.00594,0.03979
1403715314.212217569351196,0.01584,0.00043,0.00233,0.00555,0.00007,0.00591,0.03011
1403715314.262221097946167,0.01814,0.00034,0.00030,0.00559,0.00001,0.00602,0.03040
1403715314.312221765518188,0.01602,0.00033,0.00028,0.00446,0.00105,0.00579,0.02793
1403715314.362218856811523,0.01529,0.00036,0.00089,0.00360,0.01016,0.00589,0.03619
1403715314.412214517593384,0.01698,0.00039,0.00026,0.00459,0.00002,0.00573,0.02797
1403715314.462208271026611,0.01499,0.00032,0.00151,0.00460,0.00326,0.00585,0.03053
1403715314.512202024459839,0.01735,0.00035,0.00009,0.00514,0.00343,0.00602,0.03238
1403715314.562197923660278,0.01665,0.00037,0.00015,0.00543,0.00007,0.00585,0.02852
1403715314.612195968627930,0.01550,0.00036,0.00074,0.00504,0.00037,0.00598,0.02799
1403715314.662191867828369,0.01548,0.00037,0.00003,0.00540,0.00210,0.00598,0.02937
1403715314.712188720703125,0.01485,0.00038,0.00452,0.00509,0.00899,0.00604,0.03987
1403715314.762187242507935,0.01535,0.00041,0.00183,0.00687,0.00487,0.00596,0.03528
1403715314.812191486358643,0.01540,0.00042,0.00953,0.00731,0.00150,0.00583,0.03998
1403715314.862191200256348,0.01450,0.00046,0.00009,0.00762,0.00001,0.00573,0.02841
1403715314.912192106246948,0.01469,0.00041,0.00141,0.00736,0.00046,0.00636,0.03069
1403715314.962190628051758,0.01497,0.00044,0.00097,0.00826,0.00163,0.00595,0.03221
1403715315.012192249298096,0.01478,0.00041,0.00224,0.00768,0.00000,0.00579,0.03091
1403715315.062193155288696,0.01757,0.00040,0.01232,0.00707,0.00002,0.00703,0.04442
1403715315.112187147140503,0.02077,0.00035,0.00076,0.00681,0.00143,0.00546,0.03558
1403715315.162175893783569,0.01555,0.00039,0.00052,0.00665,0.00154,0.00601,0.03065
1403715315.212173461914062,0.01612,0.00040,0.00026,0.00676,0.00002,0.00589,0.02944
1403715315.262170314788818,0.01485,0.00037,0.00057,0.00660,0.00145,0.00606,0.02990
1403715315.312167882919312,0.01550,0.00037,0.00440,0.00608,0.00411,0.00539,0.03585
1403715315.362171173095703,0.01533,0.00041,0.00084,0.00800,0.00000,0.00594,0.03052
1403715315.412170171737671,0.01522,0.00041,0.00852,0.00745,0.00001,0.00595,0.03756
1403715315.462169647216797,0.01677,0.00039,0.00056,0.00714,0.00000,0.00593,0.03079
1403715315.512169599533081,0.01598,0.00040,0.00161,0.00716,0.00091,0.00603,0.03209
1403715315.562167167663574,0.01519,0.00044,0.00105,0.00766,0.00047,0.00601,0.03082
1403715315.612162113189697,0.01512,0.00041,0.00621,0.00792,0.00001,0.00579,0.03546
1403715315.662165164947510,0.01587,0.00043,0.01263,0.00764,0.00000,0.00662,0.04321
1403715315.712166309356689,0.01687,0.00037,0.00003,0.00774,0.00001,0.00565,0.03068
1403715315.762167692184448,0.01859,0.00041,0.00088,0.00624,0.00000,0.00593,0.03206
1403715315.812168359756470,0.01764,0.00037,0.00098,0.00532,0.00108,0.00615,0.03155
1403715315.862171411514282,0.01803,0.00036,0.00105,0.00541,0.00220,0.00536,0.03242
1403715315.912174463272095,0.01479,0.00040,0.00059,0.00650,0.00459,0.00607,0.03294
1403715315.962173700332642,0.01512,0.00037,0.00009,0.00733,0.00062,0.00605,0.02956
1403715316.012171983718872,0.01517,0.00036,0.00804,0.00640,0.00397,0.00591,0.03985
1403715316.062170505523682,0.01556,0.00042,0.00101,0.00695,0.00000,0.00589,0.02983
1403715316.112168788909912,0.01802,0.00039,0.00088,0.00679,0.00047,0.00615,0.03269
1403715316.162167787551880,0.01698,0.00039,0.00105,0.00658,0.00000,0.00596,0.03097
1403715316.212165832519531,0.01593,0.00040,0.00215,0.00616,0.00295,0.00619,0.03378
1403715316.262156724929810,0.01466,0.00043,0.01118,0.00558,0.00190,0.00592,0.03967
1403715316.312153816223145,0.01912,0.00037,0.00587,0.00496,0.00307,0.00598,0.03937
1403715316.362157344818115,0.01842,0.00039,0.00058,0.00470,0.00039,0.00592,0.03039
1403715316.412161350250244,0.01625,0.00034,0.00054,0.00477,0.00133,0.00600,0.02922
1403715316.462171316146851,0.01686,0.00033,0.00096,0.00491,0.00036,0.00591,0.02933
1403715316.512183666229248,0.01584,0.00037,0.00020,0.00480,0.00099,0.00557,0.02776
1403715316.562190532684326,0.01581,0.00030,0.00072,0.00439,0.00118,0.00590,0.02830
1403715316.612203121185303,0.01470,0.00036,0.00081,0.00437,0.00813,0.00597,0.03434
1403715316.662212610244751,0.01539,0.00037,0.00512,0.00558,0.00900,0.00565,0.04113
1403715316.712214231491089,0.01595,0.00040,0.00025,0.00710,0.00002,0.00598,0.02969
1403715316.762215614318848,0.01584,0.00043,0.00004,0.00695,0.00000,0.00593,0.02918
1403715316.812208652496338,0.01466,0.00041,0.00114,0.00690,0.00156,0.00617,0.03084
1403715316.862200498580933,0.01534,0.00055,0.02137,0.00850,0.00205,0.00620,0.05401
1403715316.912198066711426,0.01685,0.00043,0.00545,0.00767,0.00000,0.00616,0.03656
1403715316.962198495864868,0.01483,0.00044,0.00139,0.00758,0.00000,0.00599,0.03024
1403715317.012198209762573,0.01523,0.00040,0.00666,0.00691,0.00000,0.00583,0.03503
1403715317.062196254730225,0.02089,0.00039,0.00029,0.00619,0.00037,0.00579,0.03391
1403715317.112194538116455,0.01645,0.00047,0.00056,0.00595,0.00041,0.00656,0.03041
1403715317.162193059921265,0.01603,0.00038,0.00068,0.00612,0.00000,0.00608,0.02930
1403715317.212193965911865,0.01601,0.00040,0.00034,0.00544,0.00134,0.00624,0.02977
1403715317.262196540832520,0.01581,0.00035,0.00026,0.00557,0.00722,0.00584,0.03504
1403715317.312197685241699,0.01607,0.00041,0.00049,0.00625,0.00135,0.00603,0.03060
1403715317.362199544906616,0.01589,0.00039,0.00022,0.00638,0.00002,0.00590,0.02881
1403715317.412199974060059,0.01581,0.00039,0.00014,0.00613,0.00109,0.00602,0.02958
1403715317.462201595306396,0.01592,0.00036,0.01584,0.00551,0.00761,0.00775,0.05300
1403715317.512200832366943,0.01448,0.00042,0.00474,0.00616,0.00187,0.00563,0.03331
1403715317.562201499938965,0.01569,0.00039,0.00063,0.00593,0.00149,0.00593,0.03006
1403715317.612203121185303,0.01459,0.00062,0.01510,0.00601,0.01042,0.00663,0.05336
1403715317.662203311920166,0.01974,0.00040,0.00032,0.00711,0.00044,0.00761,0.03562
1403715317.712201595306396,0.01615,0.00042,0.00095,0.00688,0.00046,0.00772,0.03257
1403715317.762200832366943,0.01618,0.00037,0.00046,0.00691,0.00001,0.00594,0.02987
1403715317.812201023101807,0.01635,0.00035,0.00054,0.00667,0.00043,0.00608,0.03042
1403715317.862199783325195,0.01577,0.00039,0.00018,0.00650,0.00000,0.00604,0.02889
1403715317.912198305130005,0.01652,0.00037,0.00012,0.00640,0.00002,0.00609,0.02952
1403715317.962198734283447,0.01584,0.00037,0.00130,0.00465,0.00033,0.00611,0.02862
1403715318.012197494506836,0.01619,0.00036,0.00047,0.00595,0.00001,0.00615,0.02912
1403715318.062196254730225,0.01656,0.00031,0.00766,0.00428,0.02105,0.00548,0.05535
1403715318.112195491790771,0.01515,0.00041,0.00245,0.00726,0.00197,0.00586,0.03310
1403715318.162194252014160,0.01670,0.00039,0.00024,0.00690,0.00001,0.00576,0.03000
1403715318.212189197540283,0.01542,0.00039,0.02559,0.00767,0.00430,0.00565,0.05903
1403715318.262188673019409,0.01532,0.00043,0.00034,0.00771,0.00050,0.00594,0.03024
1403715318.312186479568481,0.01487,0.00035,0.00003,0.00777,0.00001,0.00592,0.02894
1403715318.362189531326294,0.02177,0.00037,0.00004,0.00798,0.00001,0.00609,0.03626
1403715318.412186861038208,0.01707,0.00040,0.00025,0.00778,0.00001,0.00617,0.03166
1403715318.462184906005859,0.01671,0.00037,0.00008,0.00765,0.00000,0.00583,0.03065
1403715318.512180805206299,0.01702,0.00037,0.00046,0.00673,0.00007,0.00607,0.03072
1403715318.562170743942261,0.01636,0.00038,0.00026,0.00685,0.00001,0.00614,0.03000
1403715318.612171173095703,0.01581,0.00037,0.00060,0.00572,0.00002,0.00606,0.02858
1403715318.662170171737671,0.01521,0.00036,0.00158,0.00543,0.01192,0.00571,0.04021
1403715318.712170362472534,0.01804,0.00036,0.00177,0.00704,0.00194,0.00616,0.03533
1403715318.762172222137451,0.01669,0.00040,0.00114,0.00709,0.00000,0.00602,0.03135
1403715318.812172651290894,0.01613,0.00039,0.02088,0.00650,0.00583,0.00562,0.05535
1403715318.862171649932861,0.01724,0.00040,0.00061,0.00728,0.00001,0.00571,0.03125
1403715318.912170886993408,0.01503,0.00037,0.01693,0.00704,0.00570,0.00708,0.05216
1403715318.962172508239746,0.01587,0.00041,0.00009,0.00847,0.00000,0.00571,0.03056
1403715319.012175083160400,0.01849,0.00038,0.00003,0.00850,0.00000,0.00592,0.03333
1403715319.062176704406738,0.01438,0.00041,0.00009,0.00811,0.00000,0.00590,0.02890
1403715319.112178325653076,0.01481,0.00042,0.00028,0.00757,0.00000,0.00594,0.02902
1403715319.162179708480835,0.01571,0.00038,0.00039,0.00674,0.00002,0.00574,0.02898
1403715319.212180137634277,0.02041,0.00037,0.00125,0.00495,0.00002,0.00600,0.03300
1403715319.262176513671875,0.01696,0.00035,0.00021,0.00463,0.00007,0.00575,0.02797
1403715319.312170505523682,0.01655,0.00032,0.00013,0.00467,0.00036,0.00589,0.02792
1403715319.362165451049805,0.01645,0.00033,0.00010,0.00464,0.00000,0.00601,0.02754
1403715319.412158966064453,0.01666,0.00035,0.00835,0.00439,0.02301,0.00704,0.05979
1403715319.462153911590576,0.01588,0.00040,0.00258,0.00763,0.00046,0.00604,0.03300
1403715319.512147426605225,0.01640,0.00035,0.01229,0.00700,0.00202,0.00605,0.04411
1403715319.562143802642822,0.01869,0.00040,0.00046,0.00633,0.00000,0.00585,0.03173
1403715319.612142801284790,0.01561,0.00034,0.00003,0.00620,0.00000,0.00581,0.02800
1403715319.662136793136597,0.01558,0.00037,0.00017,0.00561,0.00000,0.00585,0.02758
1403715319.712132215499878,0.01778,0.00034,0.00012,0.00568,0.00000,0.00589,0.02982
1403715319.762125968933105,0.01417,0.00031,0.01217,0.00554,0.01480,0.00582,0.05281
1403715319.812123060226440,0.01402,0.00039,0.00054,0.00741,0.00117,0.00607,0.02959
1403715319.862122058868408,0.01841,0.00038,0.00004,0.00762,0.00118,0.00598,0.03361
1403715319.912118196487427,0.01472,0.00040,0.00008,0.00770,0.00000,0.00571,0.02862
1403715319.962115764617920,0.01618,0.00039,0.00008,0.00768,0.00000,0.00607,0.03040
1403715320.012105464935303,0.01464,0.00041,0.00689,0.00499,0.00215,0.00562,0.03469
1403715320.062097311019897,0.01604,0.00056,0.00172,0.00523,0.00001,0.00665,0.03021
1403715320.112088203430176,0.01645,0.00076,0.00945,0.00409,0.00788,0.00565,0.04428
1403715320.162087440490723,0.01660,0.00038,0.00059,0.00562,0.00081,0.00587,0.02987
1403715320.212082147598267,0.01537,0.00034,0.00024,0.00604,0.00000,0.00571,0.02772
1403715320.262075424194336,0.01807,0.00033,0.00032,0.00553,0.00039,0.00582,0.03046
1403715320.312072992324829,0.01614,0.00031,0.00021,0.00495,0.00000,0.00598,0.02758
1403715320.362072944641113,0.01614,0.00034,0.00208,0.00429,0.02000,0.00570,0.04855
1403715320.412090539932251,0.02081,0.00037,0.01069,0.00625,0.00213,0.00566,0.04591
1403715320.462112426757812,0.01676,0.00036,0.00044,0.00526,0.00040,0.00583,0.02904
1403715320.512122154235840,0.01623,0.00036,0.00053,0.00373,0.00000,0.00596,0.02682
1403715320.562131643295288,0.01561,0.00035,0.00074,0.00298,0.00183,0.00592,0.02742
1403715320.612138748168945,0.01564,0.00037,0.00142,0.00351,0.01090,0.00613,0.03798
1403715320.662143945693970,0.01665,0.00038,0.00044,0.00586,0.00090,0.00596,0.03017
1403715320.712147235870361,0.01599,0.00039,0.00851,0.00618,0.00600,0.00542,0.04249
1403715320.762140989303589,0.01547,0.00041,0.00096,0.00717,0.00045,0.00582,0.03028
1403715320.812136888504028,0.01596,0.00038,0.00005,0.00824,0.00000,0.00588,0.03052
1403715320.862139225006104,0.01478,0.00040,0.00044,0.00713,0.00071,0.00571,0.02918
1403715320.912139177322388,0.01511,0.00041,0.00017,0.00764,0.00001,0.00593,0.02926
1403715320.962129116058350,0.01658,0.00035,0.01352,0.00736,0.00896,0.00651,0.05329
1403715321.012124538421631,0.01429,0.00039,0.01042,0.00885,0.00001,0.00584,0.03980
1403715321.062120676040649,0.01488,0.00038,0.00003,0.00891,0.00000,0.00572,0.02993
1403715321.112117052078247,0.01484,0.00041,0.00003,0.00892,0.00000,0.00588,0.03009
1403715321.162113428115845,0.01493,0.00036,0.00003,0.01101,0.00001,0.00590,0.03224
1403715321.212110042572021,0.01429,0.00043,0.00003,0.00877,0.00001,0.00588,0.02941
1403715321.262109518051147,0.01596,0.00033,0.00003,0.00800,0.00000,0.00582,0.03014
1403715321.312112808227539,0.01404,0.00046,0.00710,0.00720,0.00230,0.00584,0.03694
1403715321.362111330032349,0.01524,0.00035,0.00048,0.00670,0.00117,0.00519,0.02913
1403715321.412118434906006,0.01516,0.00040,0.00048,0.00611,0.00111,0.00602,0.02928
1403715321.462120056152344,0.01554,0.00039,0.00075,0.00610,0.00181,0.00579,0.03039
1403715321.512115478515625,0.01398,0.00044,0.00038,0.00782,0.00072,0.00594,0.02927
1403715321.562115669250488,0.01401,0.00039,0.01021,0.00826,0.00428,0.00610,0.04325
1403715321.612113475799561,0.01517,0.00042,0.00914,0.00955,0.00001,0.00571,0.03999
1403715321.662119626998901,0.01539,0.00042,0.00005,0.00933,0.00001,0.00613,0.03132
1403715321.712121486663818,0.01955,0.00037,0.00021,0.00903,0.00048,0.00591,0.03555
1403715321.762122392654419,0.01672,0.00037,0.00024,0.00932,0.00047,0.00596,0.03308
1403715321.812123060226440,0.02012,0.00037,0.00025,0.00958,0.00047,0.00628,0.03707
1403715321.862123966217041,0.01720,0.00039,0.00089,0.00926,0.00000,0.00575,0.03350
1403715321.912125349044800,0.01617,0.00042,0.00740,0.00891,0.00001,0.00611,0.03902
1403715321.962126493453979,0.01677,0.00040,0.00034,0.00860,0.00070,0.00637,0.03318
1403715322.012128114700317,0.01682,0.00041,0.00005,0.00910,0.00001,0.00621,0.03260
1403715322.062123060226440,0.01864,0.00035,0.00003,0.00915,0.00000,0.00605,0.03423
1403715322.112128734588623,0.01568,0.00036,0.00060,0.00894,0.00001,0.00593,0.03152
1403715322.162126064300537,0.01690,0.00049,0.01015,0.00957,0.00642,0.00620,0.04973
1403715322.212119340896606,0.01957,0.00042,0.01087,0.01156,0.00001,0.00600,0.04844
1403715322.262111425399780,0.01503,0.00040,0.00616,0.00926,0.00000,0.00569,0.03655
1403715322.312109231948853,0.01493,0.00041,0.00021,0.00907,0.00000,0.00568,0.03030
1403715322.362101078033447,0.01481,0.00039,0.01604,0.00670,0.00300,0.00530,0.04624
1403715322.412101268768311,0.01430,0.00039,0.00037,0.00643,0.00000,0.00556,0.02705
1403715322.462103605270386,0.01362,0.00039,0.00043,0.00568,0.00088,0.00579,0.02678
1403715322.512105226516724,0.01795,0.00035,0.00072,0.00561,0.00962,0.00567,0.03991
1403715322.562107801437378,0.01493,0.00034,0.00095,0.00615,0.00000,0.00561,0.02798
1403715322.612109661102295,0.01440,0.00037,0.00073,0.00524,0.00037,0.00608,0.02718
1403715322.662111997604370,0.01372,0.00032,0.00086,0.00547,0.00000,0.00543,0.02580
1403715322.712115526199341,0.01432,0.00035,0.00049,0.00513,0.00087,0.00563,0.02678
1403715322.762116670608521,0.01388,0.00035,0.00406,0.00573,0.01664,0.00641,0.04707
1403715322.812119960784912,0.01320,0.00039,0.00632,0.00821,0.00549,0.00518,0.03878
1403715322.862121820449829,0.01394,0.00042,0.00290,0.00914,0.00118,0.00547,0.03305
1403715322.912122249603271,0.01528,0.00037,0.00024,0.00855,0.00000,0.00558,0.03002
1403715322.962121009826660,0.01490,0.00039,0.00834,0.00829,0.00361,0.00573,0.04124
1403715323.012121677398682,0.01907,0.00038,0.00015,0.00897,0.00052,0.00572,0.03481
1403715323.062124490737915,0.01559,0.00038,0.01379,0.00881,0.00001,0.00586,0.04444
1403715323.112123966217041,0.01502,0.00039,0.00067,0.00849,0.00001,0.00567,0.03024
1403715323.162120103836060,0.01439,0.00038,0.00025,0.00806,0.00047,0.00595,0.02949
1403715323.212116479873657,0.01455,0.00037,0.00061,0.00787,0.00001,0.00572,0.02913
1403715323.262116193771362,0.01474,0.00036,0.00065,0.00683,0.00042,0.00609,0.02909
1403715323.312114477157593,0.01440,0.00055,0.00129,0.00630,0.00000,0.00560,0.02813
1403715323.362115859985352,0.01451,0.00036,0.00048,0.00598,0.00000,0.00582,0.02714
1403715323.412115573883057,0.01638,0.00035,0.00092,0.00557,0.00660,0.00566,0.03548
1403715323.462117433547974,0.01793,0.00036,0.00180,0.00608,0.00637,0.00583,0.03837
1403715323.512120008468628,0.01509,0.00040,0.00125,0.00707,0.00001,0.00550,0.02931
1403715323.562111854553223,0.01492,0.00040,0.01438,0.00683,0.00828,0.00566,0.05046
1403715323.612100839614868,0.01621,0.00040,0.00105,0.00809,0.00000,0.00555,0.03130
1403715323.662084817886353,0.01755,0.00040,0.00957,0.00720,0.00189,0.00532,0.04193
1403715323.712075948715210,0.01638,0.00038,0.00050,0.00615,0.00040,0.00556,0.02937
1403715323.762068748474121,0.01365,0.00039,0.00033,0.00509,0.00000,0.00562,0.02508
1403715323.812068700790405,0.01758,0.00036,0.00091,0.00462,0.00068,0.00565,0.02980
1403715323.862069606781006,0.01432,0.00035,0.00151,0.00554,0.00037,0.00575,0.02783
1403715323.912069082260132,0.01389,0.00033,0.00080,0.00396,0.00070,0.00556,0.02524
1403715323.962064981460571,0.01767,0.00035,0.00161,0.00408,0.01378,0.00583,0.04332
1403715324.012070655822754,0.01526,0.00036,0.00216,0.00465,0.00040,0.00690,0.02973
1403715324.062078952789307,0.01714,0.00033,0.00112,0.00435,0.00095,0.00557,0.02947
1403715324.112080335617065,0.01461,0.00030,0.00023,0.00456,0.00032,0.00574,0.02576
1403715324.162082910537720,0.01562,0.00032,0.00093,0.00479,0.00690,0.00567,0.03424
1403715324.212085008621216,0.01469,0.00033,0.00052,0.00560,0.00171,0.00579,0.02864
1403715324.262091159820557,0.01429,0.00038,0.00522,0.00633,0.01104,0.00695,0.04421
1403715324.312092542648315,0.01759,0.00041,0.00065,0.00850,0.00001,0.00566,0.03282
1403715324.362100601196289,0.01335,0.00038,0.01261,0.00847,0.00742,0.00559,0.04781
1403715324.412101507186890,0.01458,0.00040,0.00082,0.00827,0.00000,0.00562,0.02969
1403715324.462105989456177,0.01796,0.00034,0.00010,0.00833,0.00000,0.00556,0.03229
1403715324.512112617492676,0.01456,0.00038,0.00492,0.00814,0.00214,0.00561,0.03576
1403715324.562122106552124,0.01556,0.00039,0.00128,0.00880,0.00000,0.00614,0.03217
1403715324.612132072448730,0.01558,0.00036,0.00712,0.00872,0.00001,0.00570,0.03748
1403715324.662142276763916,0.01496,0.00038,0.00004,0.00852,0.00001,0.00571,0.02962
1403715324.712148666381836,0.01664,0.00040,0.00004,0.00855,0.00001,0.00582,0.03145
1403715324.762153625488281,0.01504,0.00043,0.00055,0.00834,0.00009,0.00570,0.03015
1403715324.812157869338989,0.01563,0.00039,0.00004,0.00834,0.00000,0.00534,0.02975
1403715324.862171411514282,0.01723,0.00039,0.00637,0.00797,0.00036,0.00557,0.03788
1403715324.912175655364990,0.01524,0.00038,0.00020,0.00801,0.00000,0.00568,0.02952
1403715324.962185144424438,0.01541,0.00039,0.01100,0.00747,0.00392,0.00705,0.04524
1403715325.012188673019409,0.01480,0.00041,0.01631,0.00807,0.00002,0.00656,0.04617
1403715325.062186956405640,0.01450,0.00041,0.00019,0.00810,0.00046,0.00583,0.02950
1403715325.112184762954712,0.01487,0.00040,0.00412,0.00832,0.00192,0.00548,0.03511
1403715325.162180900573730,0.01516,0.00038,0.00004,0.00889,0.00000,0.00598,0.03046
1403715325.212176799774170,0.01465,0.00041,0.00646,0.00870,0.00000,0.00575,0.03598
1403715325.262175559997559,0.01810,0.00040,0.00004,0.00892,0.00001,0.00580,0.03328
1403715325.312174558639526,0.01486,0.00041,0.00003,0.00890,0.00000,0.00576,0.02996
1403715325.362175703048706,0.01513,0.00040,0.00065,0.00894,0.00000,0.00600,0.03113
1403715325.412179470062256,0.01892,0.00043,0.00004,0.00888,0.00000,0.00566,0.03392
1403715325.462179660797119,0.01493,0.00041,0.00661,0.00857,0.00000,0.00597,0.03650
1403715325.512179136276245,0.01478,0.00041,0.00004,0.00881,0.00001,0.00586,0.02990
1403715325.562175989151001,0.01262,0.00040,0.01085,0.00864,0.00000,0.00615,0.03867
1403715325.612163066864014,0.01509,0.00039,0.01528,0.00871,0.00001,0.00727,0.04675
1403715325.662156820297241,0.01585,0.00042,0.00004,0.00859,0.00000,0.00588,0.03078
1403715325.712153434753418,0.01510,0.00039,0.00114,0.00844,0.00000,0.00577,0.03084
1403715325.762149095535278,0.01504,0.00042,0.00019,0.00820,0.00049,0.00608,0.03041
1403715325.812147378921509,0.01487,0.00041,0.00631,0.00857,0.00001,0.00574,0.03592
1403715325.862146139144897,0.01513,0.00039,0.00026,0.00820,0.00047,0.00575,0.03020
1403715325.912145137786865,0.01439,0.00041,0.00004,0.00859,0.00000,0.00568,0.02911
1403715325.962144613265991,0.01770,0.00039,0.00167,0.00807,0.00195,0.00616,0.03593
1403715326.012144804000854,0.01428,0.00040,0.00004,0.00874,0.00000,0.00591,0.02937
1403715326.062144994735718,0.01474,0.00041,0.00688,0.00836,0.00051,0.00591,0.03681
1403715326.112145900726318,0.01767,0.00041,0.00005,0.00812,0.00000,0.00582,0.03208
1403715326.162147283554077,0.01513,0.00040,0.00993,0.00811,0.00204,0.00601,0.04162
1403715326.212147951126099,0.01478,0.00041,0.01474,0.00858,0.00088,0.00650,0.04588
1403715326.262150287628174,0.01371,0.00041,0.00004,0.00917,0.00000,0.00547,0.02880
1403715326.312158107757568,0.01376,0.00043,0.00483,0.00900,0.00000,0.00540,0.03342
1403715326.362165212631226,0.01533,0.00042,0.00004,0.01033,0.00001,0.00621,0.03233
1403715326.412166833877563,0.01688,0.00040,0.00802,0.00887,0.00000,0.00564,0.03980
1403715326.462165117263794,0.01499,0.00041,0.00051,0.00801,0.00086,0.00528,0.03007
1403715326.512161970138550,0.01426,0.00041,0.00004,0.00854,0.00000,0.00550,0.02876
1403715326.562156200408936,0.01496,0.00040,0.00056,0.00850,0.00047,0.00545,0.03034
1403715326.612151861190796,0.01488,0.00040,0.00018,0.00842,0.00002,0.00582,0.02972
1403715326.662153005599976,0.01390,0.00038,0.00647,0.00806,0.00244,0.00571,0.03697
1403715326.712157011032104,0.01473,0.00039,0.00013,0.00825,0.00010,0.00576,0.02936
1403715326.762165546417236,0.01523,0.00040,0.00939,0.00790,0.00240,0.00575,0.04108
1403715326.812174558639526,0.01616,0.00040,0.01423,0.00864,0.00002,0.00651,0.04595
1403715326.862176656723022,0.01492,0.00041,0.00004,0.00864,0.00000,0.00596,0.02997
1403715326.912176847457886,0.01513,0.00037,0.00407,0.00851,0.00124,0.00574,0.03507
1403715326.962176561355591,0.01569,0.00039,0.00003,0.00861,0.00001,0.00568,0.03041
1403715327.012178897857666,0.01508,0.00039,0.00657,0.00848,0.00000,0.00557,0.03610
1403715327.062180757522583,0.01480,0.00039,0.00027,0.00851,0.00049,0.00593,0.03039
1403715327.112181901931763,0.01476,0.00041,0.00003,0.00851,0.00000,0.00568,0.02941
1403715327.162185430526733,0.01445,0.00039,0.00004,0.00841,0.00039,0.00565,0.02932
1403715327.212187528610229,0.01496,0.00041,0.00018,0.00881,0.00154,0.00569,0.03157
1403715327.262191295623779,0.01963,0.00039,0.00605,0.00834,0.00002,0.00594,0.04037
1403715327.312191724777222,0.01674,0.00040,0.00054,0.00810,0.00026,0.00588,0.03192
1403715327.362193107604980,0.01954,0.00037,0.00788,0.00765,0.00199,0.00616,0.04359
1403715327.412195444107056,0.01630,0.00037,0.01326,0.00808,0.00302,0.00773,0.04875
1403715327.462195873260498,0.01613,0.00040,0.00082,0.00855,0.00000,0.00612,0.03203
1403715327.512195825576782,0.01551,0.00037,0.00478,0.00855,0.00007,0.00602,0.03531
1403715327.562196493148804,0.01501,0.00038,0.00004,0.00856,0.00001,0.00587,0.02986
1403715327.612196922302246,0.01593,0.00039,0.00477,0.00802,0.00038,0.00572,0.03521
1403715327.662198305130005,0.01586,0.00040,0.00018,0.00794,0.00117,0.00626,0.03182
1403715327.712201356887817,0.01471,0.00039,0.00023,0.00770,0.00047,0.00595,0.02945
1403715327.762204408645630,0.01575,0.00035,0.00036,0.00808,0.00039,0.00654,0.03145
1403715327.812213182449341,0.01455,0.00039,0.02239,0.00887,0.00383,0.00586,0.05589
1403715327.862215757369995,0.01526,0.00040,0.00591,0.00837,0.00000,0.00587,0.03580
1403715327.912212371826172,0.01743,0.00035,0.00237,0.00802,0.00000,0.00560,0.03378
1403715327.962215185165405,0.01533,0.00036,0.00757,0.00742,0.00143,0.00608,0.03819
1403715328.012217760086060,0.01537,0.00040,0.01257,0.00765,0.00117,0.00603,0.04321
1403715328.062218427658081,0.01578,0.00040,0.00017,0.00792,0.00002,0.00598,0.03028
1403715328.112215518951416,0.01501,0.00036,0.00221,0.00772,0.00214,0.00589,0.03334
1403715328.162216901779175,0.01482,0.00040,0.00057,0.00770,0.00000,0.00580,0.02930
1403715328.212215185165405,0.01482,0.00040,0.00468,0.00758,0.00037,0.00578,0.03363
1403715328.262214422225952,0.01506,0.00038,0.00045,0.00750,0.00072,0.00589,0.03001
1403715328.312215089797974,0.01457,0.00038,0.00004,0.00811,0.00000,0.00566,0.02876
1403715328.362211942672729,0.01483,0.00039,0.00004,0.00827,0.00037,0.00578,0.02968
1403715328.412208557128906,0.01485,0.00038,0.01693,0.00881,0.00238,0.00732,0.05067
1403715328.462207078933716,0.02263,0.00046,0.00360,0.00849,0.00001,0.00591,0.04109
1403715328.512206554412842,0.01803,0.00046,0.00032,0.00801,0.00010,0.00576,0.03269
1403715328.562206268310547,0.01508,0.00040,0.00636,0.00748,0.00263,0.00621,0.03816
1403715328.612205505371094,0.01696,0.00040,0.01184,0.00820,0.00202,0.00672,0.04613
1403715328.662205219268799,0.01421,0.00042,0.00087,0.00864,0.00000,0.00572,0.02986
1403715328.712203264236450,0.01494,0.00038,0.00215,0.00844,0.00000,0.00553,0.03145
1403715328.762202739715576,0.01455,0.00043,0.00004,0.00848,0.00000,0.00563,0.02914
1403715328.812203407287598,0.01466,0.00040,0.00489,0.00823,0.00000,0.00575,0.03393
1403715328.862203598022461,0.01481,0.00040,0.00018,0.00850,0.00050,0.00524,0.02964
1403715328.912204265594482,0.01349,0.00040,0.00004,0.00897,0.00001,0.00574,0.02864
1403715328.962205886840820,0.01375,0.00041,0.00040,0.00885,0.00000,0.00564,0.02907
1403715329.012205600738525,0.01681,0.00038,0.01589,0.00860,0.00001,0.00690,0.04859
1403715329.062206268310547,0.01463,0.00042,0.00582,0.00829,0.00000,0.00566,0.03484
1403715329.112206935882568,0.01430,0.00038,0.00028,0.00827,0.00040,0.00552,0.02914
1403715329.162209987640381,0.01746,0.00038,0.00568,0.00775,0.00373,0.00533,0.04033
1403715329.212215662002563,0.01436,0.00039,0.01012,0.00803,0.00191,0.00596,0.04077
1403715329.262219190597534,0.01351,0.00041,0.00020,0.00806,0.00000,0.00538,0.02757
1403715329.312222719192505,0.01357,0.00036,0.00087,0.00770,0.00010,0.00565,0.02825
1403715329.362224817276001,0.02104,0.00038,0.00020,0.00708,0.00041,0.00596,0.03507
1403715329.412226438522339,0.01601,0.00036,0.00047,0.00684,0.00232,0.00539,0.03138
1403715329.462225675582886,0.01626,0.00035,0.00104,0.00674,0.00000,0.00558,0.02997
1403715329.512223005294800,0.01509,0.00036,0.00044,0.00675,0.00000,0.00580,0.02844
1403715329.562220573425293,0.01653,0.00039,0.00083,0.00673,0.00041,0.00589,0.03078
1403715329.612221956253052,0.01512,0.00036,0.00678,0.00683,0.00865,0.00553,0.04327
1403715329.662223339080811,0.01552,0.00040,0.00514,0.00823,0.00120,0.00584,0.03632
1403715329.712225437164307,0.01843,0.00038,0.00178,0.00861,0.00001,0.00578,0.03498
1403715329.762227058410645,0.01545,0.00038,0.00589,0.00819,0.00000,0.00570,0.03561
1403715329.812226533889771,0.01482,0.00037,0.00886,0.00822,0.00007,0.00585,0.03820
1403715329.862227201461792,0.01451,0.00041,0.00004,0.00836,0.00000,0.00584,0.02916
1403715329.912223577499390,0.01465,0.00039,0.02613,0.00922,0.00198,0.00747,0.05984
1403715329.962222337722778,0.01503,0.00041,0.00078,0.00866,0.00001,0.00579,0.03069
1403715330.012219667434692,0.01499,0.00039,0.00195,0.00865,0.00001,0.00588,0.03187
1403715330.062217473983765,0.01502,0.00041,0.00008,0.00874,0.00001,0.00585,0.03011
1403715330.112213134765625,0.01457,0.00038,0.00017,0.00821,0.00001,0.00580,0.02913
1403715330.162212610244751,0.01597,0.00037,0.00004,0.00807,0.00000,0.00578,0.03023
1403715330.212208509445190,0.01468,0.00036,0.00712,0.00736,0.00079,0.00594,0.03626
1403715330.262208223342896,0.01626,0.00037,0.00241,0.00768,0.00266,0.00572,0.03510
1403715330.312208414077759,0.01486,0.00033,0.00068,0.00785,0.00152,0.00586,0.03109
1403715330.362208604812622,0.01477,0.00040,0.00497,0.00806,0.00203,0.00541,0.03564
1403715330.412207365036011,0.01626,0.00039,0.00895,0.00815,0.00080,0.00591,0.04047
1403715330.462205171585083,0.01451,0.00039,0.00004,0.00903,0.00000,0.00575,0.02972
1403715330.512198448181152,0.01430,0.00038,0.02878,0.01119,0.00001,0.00813,0.06279
1403715330.562198400497437,0.01354,0.00042,0.00102,0.00964,0.00000,0.00606,0.03069
1403715330.612197399139404,0.01428,0.00035,0.00038,0.00901,0.00000,0.00590,0.02994
1403715330.662195920944214,0.01535,0.00041,0.00004,0.00998,0.00001,0.00561,0.03140
1403715330.712195634841919,0.01485,0.00039,0.00008,0.00899,0.00001,0.00604,0.03036
1403715330.762196302413940,0.01491,0.00040,0.00004,0.00896,0.00001,0.00570,0.03002
1403715330.812195539474487,0.01764,0.00039,0.00667,0.00879,0.00001,0.00596,0.03946
1403715330.862196922302246,0.01478,0.00043,0.00455,0.00862,0.00000,0.00564,0.03402
1403715330.912198066711426,0.01469,0.00039,0.00034,0.00827,0.00038,0.00575,0.02982
1403715330.962200403213501,0.01755,0.00040,0.00239,0.00853,0.00204,0.00537,0.03629
1403715331.012204170227051,0.01466,0.00037,0.00794,0.00891,0.00001,0.00574,0.03763
1403715331.062207460403442,0.01447,0.00041,0.00062,0.00880,0.00000,0.00561,0.02991
1403715331.112207412719727,0.01457,0.00058,0.02432,0.00860,0.00002,0.00701,0.05510
1403715331.162204742431641,0.01336,0.00039,0.00022,0.00845,0.00049,0.00535,0.02826
1403715331.212200880050659,0.01347,0.00039,0.00056,0.00868,0.00063,0.00611,0.02985
1403715331.262195825576782,0.01412,0.00042,0.00051,0.00879,0.00000,0.00576,0.02959
1403715331.312187910079956,0.01433,0.00040,0.00003,0.00896,0.00000,0.00559,0.02932
1403715331.362180471420288,0.01730,0.00041,0.00010,0.00894,0.00001,0.00615,0.03290
1403715331.412173271179199,0.01381,0.00042,0.00437,0.00880,0.00000,0.00552,0.03293
1403715331.462165355682373,0.01348,0.00041,0.00294,0.00878,0.00000,0.00565,0.03127
1403715331.512162685394287,0.01565,0.00041,0.00037,0.00879,0.00000,0.00725,0.03249
1403715331.562163591384888,0.01516,0.00042,0.00245,0.00984,0.00000,0.00565,0.03352
1403715331.612163543701172,0.01311,0.00039,0.00831,0.01051,0.00042,0.00567,0.03841
1403715331.662161827087402,0.01427,0.00044,0.00004,0.00911,0.00000,0.00555,0.02941
1403715331.712164163589478,0.01440,0.00040,0.02044,0.01001,0.00000,0.00566,0.05091
1403715331.762164354324341,0.01452,0.00044,0.00169,0.00923,0.00001,0.00558,0.03146
1403715331.812165498733521,0.01395,0.00040,0.00008,0.00861,0.00041,0.00577,0.02923
1403715331.862166166305542,0.01334,0.00042,0.00009,0.00850,0.00000,0.00568,0.02803
1403715331.912168025970459,0.01698,0.00038,0.00003,0.00855,0.00000,0.00573,0.03168
1403715331.962170124053955,0.01385,0.00042,0.00004,0.00852,0.00001,0.00564,0.02846
1403715332.012171983718872,0.01422,0.00042,0.00264,0.00848,0.00039,0.00569,0.03184
1403715332.062175273895264,0.01406,0.00042,0.00263,0.00860,0.00039,0.00552,0.03163
1403715332.112176656723022,0.01430,0.00039,0.00004,0.00858,0.00120,0.00519,0.02970
1403715332.162177324295044,0.01390,0.00042,0.00250,0.00862,0.00001,0.00557,0.03101
1403715332.212179899215698,0.01422,0.00042,0.00736,0.00855,0.00000,0.00548,0.03604
1403715332.262181282043457,0.01364,0.00041,0.00003,0.00881,0.00000,0.00554,0.02843
1403715332.312184572219849,0.01348,0.00041,0.02002,0.00978,0.00001,0.00559,0.04929
1403715332.362185239791870,0.01435,0.00045,0.00087,0.00852,0.00117,0.00583,0.03118
1403715332.412185430526733,0.01420,0.00041,0.00040,0.00880,0.00000,0.00570,0.02952
1403715332.462185859680176,0.01678,0.00042,0.00003,0.00893,0.00000,0.00564,0.03180
1403715332.512185811996460,0.01371,0.00041,0.00003,0.00888,0.00000,0.00554,0.02858
1403715332.562186241149902,0.01376,0.00040,0.00003,0.00854,0.00000,0.00559,0.02833
1403715332.612188339233398,0.01520,0.00044,0.00434,0.00896,0.00000,0.00565,0.03459
1403715332.662189006805420,0.01365,0.00043,0.00433,0.00800,0.00172,0.00628,0.03440
1403715332.712189197540283,0.01346,0.00037,0.00003,0.00933,0.00001,0.00713,0.03034
1403715332.762187957763672,0.01358,0.00041,0.00259,0.00756,0.00048,0.00574,0.03036
1403715332.812186717987061,0.01390,0.00041,0.00735,0.00822,0.00000,0.00544,0.03532
1403715332.862184524536133,0.01342,0.00042,0.00003,0.00856,0.00001,0.00564,0.02808
1403715332.912177562713623,0.01434,0.00040,0.01928,0.00796,0.00002,0.00694,0.04894
1403715332.962172031402588,0.02032,0.00037,0.00059,0.00765,0.00149,0.00541,0.03583
1403715333.012160539627075,0.01882,0.00038,0.00043,0.00728,0.00001,0.00566,0.03257
1403715333.062166452407837,0.01562,0.00041,0.00085,0.00636,0.00002,0.00576,0.02902
1403715333.112172126770020,0.01490,0.00038,0.00040,0.00594,0.00089,0.00522,0.02772
1403715333.162176370620728,0.01447,0.00038,0.00057,0.00663,0.00063,0.00573,0.02841
1403715333.212183952331543,0.01468,0.00035,0.00178,0.00713,0.00265,0.00581,0.03240
1403715333.262191534042358,0.01512,0.00040,0.00142,0.00788,0.00226,0.00572,0.03281
1403715333.312199592590332,0.01427,0.00039,0.00018,0.00809,0.00000,0.00573,0.02867
1403715333.362205266952515,0.01487,0.00040,0.00089,0.00810,0.00199,0.00581,0.03207
1403715333.412211418151855,0.01498,0.00039,0.00653,0.00809,0.00046,0.00578,0.03623
1403715333.462211132049561,0.01340,0.00039,0.00125,0.00847,0.00000,0.00546,0.02898
1403715333.512208700180054,0.01452,0.00039,0.03294,0.00800,0.00046,0.00863,0.06495
1403715333.562206745147705,0.01427,0.00039,0.00703,0.00835,0.00001,0.00578,0.03583
1403715333.612205028533936,0.01427,0.00036,0.00114,0.00815,0.00047,0.00540,0.02978
1403715333.662201642990112,0.01423,0.00041,0.00101,0.00779,0.00000,0.00573,0.02918
1403715333.712204456329346,0.01366,0.00039,0.00068,0.00679,0.00137,0.00578,0.02866
1403715333.762204885482788,0.01341,0.00041,0.00018,0.00689,0.00112,0.00577,0.02778
1403715333.812204122543335,0.01356,0.00037,0.00091,0.00684,0.00045,0.00575,0.02787
1403715333.862205743789673,0.01416,0.00035,0.00030,0.00623,0.00183,0.00570,0.02856
1403715333.912206888198853,0.01414,0.00040,0.00106,0.00654,0.00045,0.00564,0.02823
1403715333.962209701538086,0.01362,0.00039,0.00032,0.00657,0.00131,0.00566,0.02786
1403715334.012213468551636,0.01369,0.00040,0.00184,0.00703,0.00186,0.00577,0.03060
1403715334.062215089797974,0.01397,0.00039,0.00018,0.00709,0.00000,0.00569,0.02732
1403715334.112226247787476,0.01603,0.00038,0.02283,0.00794,0.00898,0.00716,0.06332
1403715334.162226200103760,0.01317,0.00039,0.00453,0.00828,0.00111,0.00575,0.03323
1403715334.212225914001465,0.01648,0.00037,0.00104,0.00857,0.00001,0.00568,0.03214
1403715334.262222528457642,0.01750,0.00040,0.00096,0.00836,0.00002,0.00559,0.03283
1403715334.312221288681030,0.01361,0.00040,0.00009,0.00751,0.00000,0.00558,0.02720
1403715334.362217664718628,0.01906,0.00040,0.00132,0.00733,0.00156,0.00532,0.03499
1403715334.412214040756226,0.01618,0.00037,0.00118,0.00660,0.00096,0.00532,0.03059
1403715334.462211608886719,0.01589,0.00037,0.00041,0.00738,0.00040,0.00566,0.03011
1403715334.512212514877319,0.01539,0.00040,0.00126,0.00708,0.00044,0.00619,0.03075
1403715334.562211275100708,0.01547,0.00037,0.00091,0.00713,0.00046,0.00590,0.03024
1403715334.612211465835571,0.01542,0.00036,0.00047,0.00637,0.00000,0.00583,0.02846
1403715334.662208080291748,0.01862,0.00040,0.00103,0.00590,0.00000,0.00581,0.03177
1403715334.712203741073608,0.01460,0.00036,0.01815,0.00586,0.01424,0.00783,0.06104
1403715334.762201786041260,0.01506,0.00043,0.00847,0.00821,0.00277,0.00710,0.04204
1403715334.812202453613281,0.01828,0.00035,0.00015,0.00800,0.00002,0.00577,0.03257
1403715334.862203836441040,0.01512,0.00039,0.00117,0.00674,0.00113,0.00561,0.03015
1403715334.912202358245850,0.01444,0.00040,0.01850,0.00670,0.00229,0.00679,0.04911
1403715334.962203264236450,0.01437,0.00042,0.00016,0.00715,0.00010,0.00529,0.02748
1403715335.012203693389893,0.01434,0.00039,0.00031,0.00700,0.00045,0.00575,0.02823
1403715335.062205791473389,0.01475,0.00038,0.00052,0.00649,0.00029,0.00540,0.02783
1403715335.112205505371094,0.01450,0.00039,0.00099,0.00566,0.00000,0.00552,0.02707
1403715335.162206411361694,0.01300,0.00038,0.00070,0.00569,0.00076,0.00502,0.02554
1403715335.212206125259399,0.01957,0.00037,0.00023,0.00595,0.00002,0.00570,0.03185
1403715335.262205839157104,0.01460,0.00035,0.00241,0.00528,0.00000,0.00566,0.02830
1403715335.312206029891968,0.01414,0.00033,0.00954,0.00507,0.01251,0.00703,0.04862
1403715335.362206459045410,0.01836,0.00035,0.00555,0.00649,0.00223,0.00535,0.03833
1403715335.412204265594482,0.01427,0.00035,0.00054,0.00542,0.00009,0.00561,0.02628
1403715335.462202072143555,0.01450,0.00039,0.00083,0.00471,0.00000,0.00558,0.02600
1403715335.512198448181152,0.01458,0.00037,0.01095,0.00401,0.00897,0.00685,0.04573
1403715335.562198400497437,0.01431,0.00041,0.00080,0.00566,0.00069,0.00548,0.02734
1403715335.612199306488037,0.01435,0.00034,0.00193,0.00582,0.00000,0.00552,0.02796
1403715335.662197351455688,0.01324,0.00038,0.00027,0.00507,0.00036,0.00519,0.02452
1403715335.712202072143555,0.01297,0.00038,0.00003,0.00529,0.00000,0.00550,0.02418
1403715335.762203216552734,0.01671,0.00038,0.00877,0.00467,0.01118,0.00724,0.04895
1403715335.812203407287598,0.01365,0.00039,0.00017,0.00616,0.00002,0.00557,0.02596
1403715335.862207412719727,0.01429,0.00037,0.00076,0.00564,0.00002,0.00532,0.02641
1403715335.912208557128906,0.01767,0.00035,0.00315,0.00459,0.01071,0.00563,0.04210
1403715335.962209463119507,0.01401,0.00041,0.00490,0.00602,0.00251,0.00531,0.03316
1403715336.012210845947266,0.01612,0.00038,0.00127,0.00653,0.00112,0.00572,0.03114
1403715336.062211036682129,0.01455,0.00040,0.00136,0.00719,0.00002,0.00555,0.02907
1403715336.112211704254150,0.01484,0.00036,0.00853,0.00680,0.00285,0.00540,0.03877
1403715336.162212848663330,0.01430,0.00040,0.00079,0.00649,0.00001,0.00549,0.02748
1403715336.212213039398193,0.01374,0.00038,0.00049,0.00613,0.00002,0.00540,0.02615
1403715336.262213468551636,0.01633,0.00036,0.00152,0.00583,0.00043,0.00546,0.02992
1403715336.312214612960815,0.01679,0.00037,0.00027,0.00604,0.00000,0.00571,0.02918
1403715336.362214565277100,0.01457,0.00036,0.00184,0.00594,0.00932,0.00528,0.03732
1403715336.412214756011963,0.01568,0.00036,0.00035,0.00735,0.00000,0.00580,0.02954
1403715336.462214708328247,0.01743,0.00040,0.00170,0.00710,0.00112,0.00553,0.03327
1403715336.512215614318848,0.01661,0.00038,0.00321,0.00674,0.00066,0.00560,0.03320
1403715336.562216997146606,0.01449,0.00040,0.00818,0.00674,0.00495,0.00550,0.04025
1403715336.612219572067261,0.01391,0.00042,0.00058,0.00739,0.00000,0.00555,0.02786
1403715336.662220478057861,0.01562,0.00041,0.00031,0.00715,0.00000,0.00546,0.02896
1403715336.712222576141357,0.01461,0.00040,0.00653,0.00635,0.00065,0.00644,0.03498
1403715336.762224197387695,0.01602,0.00039,0.00050,0.00629,0.00000,0.00546,0.02867
1403715336.812225580215454,0.01554,0.00039,0.00059,0.00649,0.00295,0.00560,0.03157
1403715336.862227439880371,0.01459,0.00039,0.00081,0.00701,0.00044,0.00560,0.02884
1403715336.912228107452393,0.01426,0.00036,0.00093,0.00628,0.00002,0.00568,0.02753
1403715336.962229490280151,0.01488,0.00038,0.00510,0.00587,0.00463,0.00547,0.03632
1403715337.012230396270752,0.01668,0.00037,0.00141,0.00617,0.00045,0.00577,0.03085
1403715337.062232017517090,0.01678,0.00036,0.00209,0.00613,0.00770,0.00560,0.03866
1403715337.112232685089111,0.01434,0.00040,0.00177,0.00669,0.00075,0.00558,0.02953
1403715337.162232875823975,0.01766,0.00037,0.00568,0.00662,0.00354,0.00561,0.03948
1403715337.212232351303101,0.01449,0.00041,0.00365,0.00672,0.00196,0.00520,0.03242
1403715337.262232065200806,0.01443,0.00040,0.00060,0.00662,0.00000,0.00556,0.02761
1403715337.312230825424194,0.01532,0.00037,0.00886,0.00579,0.00401,0.00545,0.03980
1403715337.362230062484741,0.01555,0.00035,0.00034,0.00636,0.00042,0.00551,0.02852
1403715337.412229061126709,0.01489,0.00039,0.00039,0.00529,0.00144,0.00519,0.02759
1403715337.462227821350098,0.01588,0.00037,0.00023,0.00420,0.00041,0.00557,0.02666
1403715337.512226581573486,0.01430,0.00038,0.00064,0.00333,0.00115,0.00528,0.02507
1403715337.562224864959717,0.01718,0.00059,0.00265,0.00314,0.00466,0.00552,0.03375
1403715337.612222194671631,0.01396,0.00033,0.00090,0.00333,0.01256,0.00527,0.03637
1403715337.662220954895020,0.01597,0.00035,0.00115,0.00344,0.00058,0.00534,0.02683
1403715337.712220907211304,0.01785,0.00031,0.00163,0.00297,0.00103,0.00546,0.02924
1403715337.762220859527588,0.01497,0.00031,0.00028,0.00310,0.00422,0.00564,0.02852
1403715337.812221050262451,0.01401,0.00032,0.00072,0.00336,0.00183,0.00532,0.02556
1403715337.862222433090210,0.01850,0.00029,0.00091,0.00296,0.00649,0.00545,0.03461
1403715337.912221431732178,0.01556,0.00035,0.00100,0.00333,0.00841,0.00563,0.03428
1403715337.962221622467041,0.01445,0.00033,0.00048,0.00415,0.00033,0.00531,0.02504
1403715338.012222766876221,0.01559,0.00035,0.00118,0.00416,0.00649,0.00510,0.03287
1403715338.062222957611084,0.01569,0.00034,0.00093,0.00481,0.00001,0.00521,0.02699
1403715338.112223863601685,0.01497,0.00035,0.00084,0.00464,0.00654,0.00538,0.03270
1403715338.162224769592285,0.01618,0.00038,0.00141,0.00499,0.00288,0.00510,0.03095
1403715338.212226152420044,0.01770,0.00035,0.00081,0.00527,0.00361,0.00543,0.03318
1403715338.262227296829224,0.01588,0.00061,0.00108,0.00559,0.00224,0.00540,0.03080
1403715338.312228441238403,0.01468,0.00036,0.00027,0.00605,0.00388,0.00518,0.03041
1403715338.362228870391846,0.01510,0.00036,0.00072,0.00625,0.00109,0.00535,0.02887
1403715338.412229299545288,0.01933,0.00035,0.00029,0.00577,0.00548,0.00529,0.03651
1403715338.462229251861572,0.01590,0.00039,0.00045,0.00638,0.00216,0.00550,0.03080
1403715338.512229681015015,0.01549,0.00039,0.00109,0.00638,0.00063,0.00564,0.02962
1403715338.562230110168457,0.01526,0.00053,0.00158,0.00585,0.00488,0.00561,0.03372
1403715338.612229585647583,0.01635,0.00035,0.00183,0.00571,0.00001,0.00532,0.02955
1403715338.662229299545288,0.01534,0.00037,0.00060,0.00560,0.00038,0.00547,0.02776
1403715338.712229490280151,0.01561,0.00035,0.00074,0.00500,0.00002,0.00524,0.02697
1403715338.762229681015015,0.01639,0.00032,0.00080,0.00441,0.00897,0.00532,0.03621
1403715338.812229633331299,0.01841,0.00037,0.00109,0.00543,0.00291,0.00557,0.03378
1403715338.862229824066162,0.01697,0.00034,0.00152,0.00550,0.00038,0.00603,0.03073
1403715338.912228107452393,0.01588,0.00037,0.00183,0.00533,0.00001,0.00588,0.02930
1403715338.962229728698730,0.01974,0.00028,0.00023,0.00468,0.00714,0.00511,0.03718
1403715339.012230157852173,0.01489,0.00036,0.00081,0.00564,0.00036,0.00556,0.02764
1403715339.062231779098511,0.01567,0.00037,0.00136,0.00528,0.00230,0.00536,0.03032
1403715339.112232208251953,0.01573,0.00037,0.00120,0.00568,0.00063,0.00569,0.02929
1403715339.162236452102661,0.01477,0.00035,0.00095,0.00552,0.00242,0.00572,0.02973
1403715339.212240219116211,0.01593,0.00038,0.00101,0.00587,0.00702,0.00562,0.03582
1403715339.262240886688232,0.01585,0.00034,0.00047,0.00640,0.00002,0.00529,0.02837
1403715339.312241792678833,0.01481,0.00040,0.00467,0.00609,0.00688,0.00542,0.03827
1403715339.362242221832275,0.01883,0.00043,0.00540,0.00687,0.00000,0.00511,0.03665
1403715339.412242889404297,0.01676,0.00038,0.00540,0.00663,0.00067,0.00548,0.03532
1403715339.462242841720581,0.01587,0.00041,0.00024,0.00623,0.00036,0.00513,0.02825
1403715339.512244701385498,0.01811,0.00039,0.00042,0.00530,0.00181,0.00517,0.03121
1403715339.562245607376099,0.01608,0.00036,0.00080,0.00522,0.00561,0.00549,0.03356
1403715339.612247467041016,0.01610,0.00038,0.00050,0.00592,0.00099,0.00548,0.02937
1403715339.662248611450195,0.01950,0.00035,0.00033,0.00621,0.00264,0.00573,0.03477
1403715339.712249279022217,0.01478,0.00039,0.00063,0.00630,0.00069,0.00547,0.02826
1403715339.762249231338501,0.01476,0.00036,0.00075,0.00543,0.00403,0.00533,0.03065
1403715339.812249660491943,0.01548,0.00038,0.00047,0.00509,0.00000,0.00561,0.02703
1403715339.862249374389648,0.01495,0.00032,0.00113,0.00492,0.00000,0.00558,0.02691
1403715339.912249088287354,0.01535,0.00032,0.00120,0.00456,0.00162,0.00639,0.02944
1403715339.962249279022217,0.01508,0.00031,0.00078,0.00473,0.00904,0.00504,0.03498
1403715340.012248516082764,0.01494,0.00036,0.00031,0.00571,0.00514,0.00514,0.03160
1403715340.062245607376099,0.01677,0.00039,0.00054,0.00612,0.00345,0.00500,0.03227
1403715340.112241744995117,0.01401,0.00038,0.00118,0.00647,0.00387,0.00536,0.03128
1403715340.162238597869873,0.01416,0.00040,0.00497,0.00701,0.00506,0.00499,0.03660
1403715340.212235927581787,0.01830,0.00038,0.00172,0.00911,0.00009,0.00551,0.03511
1403715340.262234449386597,0.01434,0.00038,0.00240,0.00624,0.00038,0.00530,0.02903
1403715340.312235116958618,0.01430,0.00035,0.00003,0.00652,0.00064,0.00541,0.02726
1403715340.362235307693481,0.01475,0.00038,0.00025,0.00581,0.00851,0.00562,0.03531
1403715340.412232160568237,0.01590,0.00037,0.00051,0.00712,0.00001,0.00534,0.02923
1403715340.462229967117310,0.01394,0.00038,0.00111,0.00692,0.00103,0.00596,0.02936
1403715340.512230873107910,0.01537,0.00037,0.00029,0.00654,0.00370,0.00509,0.03136
1403715340.562231540679932,0.01582,0.00036,0.00016,0.00702,0.00143,0.00534,0.03012
1403715340.612231731414795,0.01602,0.00040,0.00139,0.00643,0.00100,0.00551,0.03075
1403715340.662229061126709,0.01467,0.00036,0.00003,0.00613,0.00037,0.00555,0.02711
1403715340.712227106094360,0.01437,0.00037,0.00061,0.00597,0.00048,0.00595,0.02776
1403715340.762223005294800,0.01710,0.00038,0.00039,0.00605,0.00606,0.00533,0.03532
1403715340.812222003936768,0.01390,0.00039,0.00020,0.00679,0.00009,0.00524,0.02662
1403715340.862221240997314,0.01371,0.00039,0.00044,0.00580,0.00040,0.00549,0.02623
1403715340.912221431732178,0.01932,0.00035,0.00038,0.00575,0.00073,0.00566,0.03220
1403715340.962220668792725,0.01493,0.00073,0.00567,0.00537,0.00893,0.00622,0.04186
1403715341.012221813201904,0.01341,0.00041,0.00059,0.00690,0.00162,0.00566,0.02859
1403715341.062223196029663,0.01366,0.00035,0.00025,0.00679,0.00559,0.00547,0.03210
1403715341.112226009368896,0.01567,0.00040,0.00930,0.00755,0.00037,0.00549,0.03879
1403715341.162227153778076,0.01476,0.00037,0.00156,0.00809,0.00150,0.00555,0.03182
1403715341.212227344512939,0.01491,0.00040,0.00301,0.00697,0.00002,0.00554,0.03085
1403715341.262227535247803,0.01511,0.00040,0.00026,0.00690,0.00056,0.00565,0.02888
1403715341.312229156494141,0.01767,0.00040,0.00072,0.00698,0.00190,0.00563,0.03330
1403715341.362230062484741,0.01421,0.00036,0.00083,0.00676,0.00202,0.00532,0.02949
1403715341.412230730056763,0.01448,0.00054,0.00074,0.00712,0.00048,0.00532,0.02868
1403715341.462230443954468,0.01888,0.00039,0.00204,0.00732,0.00531,0.00546,0.03940
1403715341.512230157852173,0.01528,0.00039,0.00509,0.00778,0.00006,0.00573,0.03435
1403715341.562230110168457,0.01503,0.00039,0.00477,0.00755,0.00065,0.00560,0.03398
1403715341.612230062484741,0.01853,0.00036,0.00040,0.00737,0.00000,0.00575,0.03242
1403715341.662230014801025,0.01581,0.00037,0.00224,0.00715,0.00589,0.00536,0.03681
1403715341.712231159210205,0.01342,0.00041,0.00241,0.00792,0.00001,0.00574,0.02991
1403715341.762232303619385,0.01624,0.00038,0.00003,0.00761,0.00117,0.00556,0.03100
1403715341.812233924865723,0.01432,0.00040,0.00258,0.00748,0.00041,0.00587,0.03105
1403715341.862235307693481,0.01401,0.00039,0.00512,0.00693,0.00247,0.00541,0.03433
1403715341.912235736846924,0.01585,0.00037,0.00064,0.00694,0.00000,0.00729,0.03109
1403715341.962236166000366,0.01393,0.00037,0.00003,0.00781,0.00000,0.00566,0.02782
1403715342.012237071990967,0.01750,0.00037,0.00004,0.00665,0.00274,0.00585,0.03314
1403715342.062238216400146,0.01442,0.00039,0.00020,0.00708,0.00189,0.00570,0.02967
1403715342.112237930297852,0.01488,0.00035,0.00051,0.00734,0.00730,0.00581,0.03618
1403715342.162237644195557,0.01500,0.00039,0.00576,0.00861,0.00037,0.00551,0.03564
1403715342.212237834930420,0.01554,0.00040,0.00593,0.00830,0.00199,0.00628,0.03844
1403715342.262237787246704,0.01636,0.00044,0.00008,0.00900,0.00000,0.00667,0.03257
1403715342.312238931655884,0.01484,0.00040,0.01212,0.00869,0.00028,0.00769,0.04401
1403715342.362238407135010,0.01536,0.00036,0.00003,0.00860,0.00000,0.00590,0.03025
1403715342.412238359451294,0.01560,0.00040,0.00219,0.00858,0.00039,0.00619,0.03334
1403715342.462237596511841,0.01416,0.00040,0.00506,0.00826,0.00037,0.00585,0.03410
1403715342.512237310409546,0.01560,0.00039,0.00040,0.00834,0.00000,0.00605,0.03078
1403715342.562236309051514,0.01578,0.00038,0.00058,0.00795,0.00001,0.00611,0.03080
1403715342.612231492996216,0.01807,0.00037,0.00004,0.00745,0.00017,0.00602,0.03212
1403715342.662228107452393,0.01599,0.00039,0.00096,0.00714,0.00000,0.00594,0.03041
1403715342.712229728698730,0.01788,0.00038,0.00075,0.00631,0.00002,0.00580,0.03115
1403715342.762233018875122,0.01569,0.00035,0.00024,0.00596,0.00726,0.00551,0.03501
1403715342.812235355377197,0.01883,0.00037,0.00062,0.00663,0.00569,0.00538,0.03752
1403715342.862235069274902,0.01651,0.00039,0.00034,0.00770,0.00038,0.00586,0.03117
1403715342.912229537963867,0.01668,0.00041,0.00878,0.00784,0.00306,0.00631,0.04308
1403715342.962230682373047,0.01589,0.00039,0.00052,0.00838,0.00000,0.00587,0.03105
1403715343.012228727340698,0.01529,0.00040,0.00112,0.00794,0.00070,0.00584,0.03130
1403715343.062229394912720,0.01648,0.00046,0.00301,0.00732,0.00495,0.00605,0.03826
1403715343.112228631973267,0.01489,0.00040,0.00213,0.00799,0.00001,0.00609,0.03151
1403715343.162229537963867,0.01526,0.00038,0.00387,0.00653,0.00596,0.00586,0.03786
1403715343.212230920791626,0.01992,0.00036,0.00025,0.00731,0.00080,0.00582,0.03446
1403715343.262229442596436,0.01951,0.00040,0.00030,0.00676,0.00042,0.00590,0.03329
1403715343.312229633331299,0.01628,0.00035,0.00089,0.00647,0.00000,0.00599,0.02999
1403715343.362230777740479,0.01596,0.00038,0.01135,0.00626,0.00388,0.00609,0.04392
1403715343.412230968475342,0.01596,0.00038,0.00120,0.00734,0.00000,0.00625,0.03113
1403715343.462231636047363,0.01846,0.00039,0.00003,0.00722,0.00000,0.00586,0.03196
1403715343.512232065200806,0.01621,0.00039,0.00271,0.00645,0.00437,0.00615,0.03628
1403715343.562233686447144,0.01592,0.00037,0.00035,0.00662,0.00000,0.00568,0.02895
1403715343.612234830856323,0.01564,0.00036,0.00035,0.00603,0.00147,0.00584,0.02969
1403715343.662235021591187,0.01665,0.00037,0.00059,0.00639,0.00277,0.00601,0.03278
1403715343.712235212326050,0.01758,0.00037,0.00148,0.00638,0.00000,0.00594,0.03176
1403715343.762235164642334,0.01564,0.00036,0.00624,0.00565,0.01356,0.00713,0.04858
1403715343.812234878540039,0.01815,0.00037,0.00102,0.00700,0.00030,0.00584,0.03268
1403715343.862233638763428,0.01625,0.00039,0.00130,0.00674,0.00000,0.00576,0.03044
1403715343.912232637405396,0.01554,0.00039,0.00154,0.00647,0.00000,0.00586,0.02980
1403715343.962230205535889,0.01733,0.00036,0.00434,0.00587,0.00827,0.00547,0.04164
1403715344.012227773666382,0.01552,0.00039,0.00415,0.00707,0.00317,0.00590,0.03619
1403715344.062227725982666,0.01699,0.00041,0.00041,0.00709,0.00043,0.00602,0.03135
1403715344.112227201461792,0.01562,0.00038,0.00026,0.00665,0.00001,0.00621,0.02913
1403715344.162225246429443,0.01849,0.00037,0.00028,0.00587,0.00001,0.00578,0.03079
1403715344.212224960327148,0.01646,0.00035,0.00094,0.00623,0.00798,0.00638,0.03835
1403715344.262228250503540,0.01568,0.00038,0.00025,0.00678,0.01003,0.00590,0.03903
1403715344.312229871749878,0.01516,0.00041,0.00171,0.00840,0.00001,0.00589,0.03158
1403715344.362229347229004,0.01886,0.00038,0.00113,0.00695,0.00554,0.00541,0.03827
1403715344.412229061126709,0.01560,0.00040,0.00720,0.00700,0.00373,0.00540,0.03933
1403715344.462231159210205,0.01762,0.00039,0.00257,0.00690,0.00002,0.00553,0.03304
1403715344.512234926223755,0.01723,0.00037,0.00234,0.00615,0.00182,0.00601,0.03393
1403715344.562240839004517,0.01700,0.00037,0.00108,0.00586,0.00073,0.00584,0.03088
1403715344.612245798110962,0.01780,0.00034,0.00078,0.00545,0.00148,0.00594,0.03180
1403715344.662250280380249,0.01493,0.00037,0.00029,0.00527,0.00002,0.00581,0.02669
1403715344.712253808975220,0.01624,0.00030,0.00075,0.00500,0.01184,0.00591,0.04004
1403715344.762254238128662,0.01610,0.00037,0.00089,0.00688,0.00041,0.00588,0.03053
1403715344.812256097793579,0.01885,0.00035,0.00095,0.00682,0.00129,0.00590,0.03417
1403715344.862257480621338,0.01616,0.00036,0.00055,0.00684,0.00000,0.00590,0.02982
1403715344.912260293960571,0.01582,0.00037,0.00075,0.00581,0.01104,0.00556,0.03935
1403715344.962263345718384,0.01824,0.00039,0.00260,0.00747,0.00000,0.00576,0.03447
1403715345.012264728546143,0.01677,0.00037,0.00766,0.00691,0.00362,0.00593,0.04126
1403715345.062264919281006,0.01950,0.00040,0.00137,0.00656,0.00000,0.00584,0.03367
1403715345.112264394760132,0.01837,0.00038,0.00442,0.00589,0.00547,0.00596,0.04047
1403715345.162265062332153,0.01471,0.00042,0.00223,0.00703,0.00237,0.00615,0.03292
1403715345.212266445159912,0.01458,0.00043,0.00045,0.00736,0.00000,0.00628,0.02910
1403715345.262266874313354,0.01768,0.00035,0.00051,0.00686,0.00382,0.00602,0.03525
1403715345.312266826629639,0.01586,0.00040,0.00084,0.00743,0.00113,0.00598,0.03163
1403715345.362267971038818,0.01823,0.00037,0.00378,0.00705,0.00504,0.00553,0.04000
1403715345.412268877029419,0.01697,0.00038,0.00142,0.00873,0.00001,0.00613,0.03363
1403715345.462268114089966,0.01555,0.00042,0.00145,0.00831,0.00000,0.00602,0.03175
1403715345.512267827987671,0.01510,0.00042,0.00697,0.00729,0.00198,0.00597,0.03775
1403715345.562267780303955,0.01858,0.00040,0.00071,0.00730,0.00046,0.00599,0.03345
1403715345.612266063690186,0.01510,0.00042,0.01085,0.00845,0.00039,0.00570,0.04092
1403715345.662266492843628,0.01852,0.00040,0.00536,0.00718,0.00192,0.00573,0.03910
1403715345.712266206741333,0.01606,0.00039,0.00056,0.00723,0.00044,0.00573,0.03041
1403715345.762265920639038,0.01609,0.00041,0.00148,0.00722,0.00295,0.00529,0.03343
1403715345.812266826629639,0.01563,0.00040,0.00821,0.00756,0.00232,0.00597,0.04009
1403715345.862268686294556,0.01505,0.00043,0.00138,0.00771,0.00048,0.00529,0.03033
1403715345.912271261215210,0.01567,0.00039,0.00066,0.00766,0.00002,0.00584,0.03024
1403715345.962273597717285,0.01482,0.00041,0.00026,0.00764,0.00423,0.00574,0.03311
1403715346.012275218963623,0.01425,0.00041,0.00201,0.00760,0.00045,0.00568,0.03039
1403715346.062275171279907,0.01816,0.00036,0.00067,0.00703,0.00000,0.00567,0.03190
1403715346.112273693084717,0.01537,0.00037,0.00694,0.00660,0.00923,0.00641,0.04492
1403715346.162269115447998,0.01489,0.00038,0.00069,0.00800,0.00000,0.00563,0.02958
1403715346.212263584136963,0.01440,0.00038,0.01265,0.00747,0.00228,0.00692,0.04411
1403715346.262261629104614,0.01445,0.00040,0.00251,0.00749,0.00378,0.00540,0.03402
1403715346.312261343002319,0.01500,0.00042,0.00122,0.00813,0.00001,0.00553,0.03030
1403715346.362261533737183,0.01432,0.00041,0.00004,0.00824,0.00123,0.00573,0.02997
1403715346.412261486053467,0.01565,0.00041,0.00763,0.00766,0.00047,0.00612,0.03794
1403715346.462261676788330,0.01848,0.00040,0.00014,0.00767,0.00000,0.00598,0.03268
1403715346.512261629104614,0.01608,0.00040,0.00144,0.00751,0.00000,0.00617,0.03159
1403715346.562262296676636,0.01801,0.00036,0.00104,0.00738,0.00047,0.00607,0.03333
1403715346.612262964248657,0.01518,0.00040,0.00944,0.00752,0.00326,0.00680,0.04261
1403715346.662265062332153,0.01594,0.00036,0.00071,0.00828,0.00000,0.00596,0.03125
1403715346.712267637252808,0.01569,0.00044,0.00562,0.00790,0.00117,0.00602,0.03685
1403715346.762269020080566,0.01608,0.00039,0.00009,0.00786,0.00000,0.00586,0.03028
1403715346.812270879745483,0.01531,0.00042,0.00845,0.00737,0.00000,0.00599,0.03755
1403715346.862272024154663,0.01758,0.00039,0.00207,0.00794,0.00229,0.00589,0.03616
1403715346.912272214889526,0.01580,0.00041,0.00032,0.00718,0.00045,0.00598,0.03013
1403715346.962272882461548,0.01575,0.00039,0.00008,0.00748,0.00000,0.00590,0.02961
1403715347.012272596359253,0.01509,0.00038,0.00661,0.00711,0.00683,0.00611,0.04214
1403715347.062273263931274,0.01561,0.00053,0.00004,0.00868,0.00000,0.00634,0.03120
1403715347.112271785736084,0.01658,0.00039,0.00280,0.00821,0.00000,0.00585,0.03384
1403715347.162270307540894,0.01723,0.00038,0.00075,0.00811,0.00000,0.00581,0.03228
1403715347.212268114089966,0.01586,0.00037,0.00827,0.00841,0.00197,0.00638,0.04127
1403715347.262266397476196,0.01949,0.00063,0.00022,0.00980,0.00001,0.00614,0.03628
1403715347.312265396118164,0.01596,0.00042,0.00484,0.00848,0.00121,0.00601,0.03692
1403715347.362264633178711,0.01872,0.00042,0.00025,0.00784,0.00000,0.00596,0.03320
1403715347.412264585494995,0.01640,0.00039,0.01291,0.00723,0.00227,0.00727,0.04646
1403715347.462265014648438,0.01623,0.00042,0.00034,0.00651,0.00243,0.00606,0.03199
1403715347.512264728546143,0.01585,0.00041,0.00035,0.00623,0.00009,0.00592,0.02887
1403715347.562266111373901,0.01760,0.00039,0.00003,0.00594,0.00000,0.00592,0.02989
1403715347.612267017364502,0.01614,0.00037,0.00013,0.00578,0.00734,0.00593,0.03570
1403715347.662268638610840,0.01858,0.00041,0.00028,0.00675,0.00045,0.00613,0.03260
1403715347.712269783020020,0.01873,0.00038,0.00055,0.00656,0.00000,0.00592,0.03214
1403715347.762271404266357,0.01649,0.00040,0.00039,0.00568,0.00041,0.00607,0.02944
1403715347.812269687652588,0.01506,0.00038,0.00507,0.00485,0.00788,0.00757,0.04080
1403715347.862269163131714,0.01609,0.00038,0.00139,0.00555,0.00004,0.00623,0.02969
1403715347.912267923355103,0.01497,0.00039,0.00574,0.00490,0.01373,0.00598,0.04571
1403715347.962267160415649,0.01880,0.00044,0.00103,0.00621,0.00000,0.00686,0.03334
1403715348.012265443801880,0.01599,0.00038,0.00844,0.00537,0.00662,0.00589,0.04268
1403715348.062265396118164,0.01591,0.00038,0.00190,0.00532,0.00000,0.00593,0.02944
1403715348.112264633178711,0.02072,0.00035,0.00026,0.00507,0.00169,0.00596,0.03406
1403715348.162263393402100,0.01628,0.00064,0.00030,0.00455,0.00000,0.00603,0.02780
1403715348.212262153625488,0.01687,0.00036,0.00058,0.00390,0.01274,0.00593,0.04038
1403715348.262260437011719,0.01780,0.00040,0.00153,0.00476,0.00002,0.00596,0.03048
1403715348.312258481979370,0.01636,0.00037,0.00093,0.00478,0.00002,0.00556,0.02802
1403715348.362254858016968,0.01433,0.00032,0.00112,0.00385,0.00002,0.00553,0.02516
1403715348.412251710891724,0.01890,0.00031,0.00131,0.00336,0.00133,0.00553,0.03073
1403715348.462249040603638,0.01578,0.00032,0.00207,0.00342,0.00004,0.00551,0.02715
1403715348.512246131896973,0.01474,0.00031,0.00342,0.00315,0.01504,0.00618,0.04283
1403715348.562244892120361,0.01470,0.00033,0.00025,0.00482,0.00002,0.00556,0.02568
1403715348.612243890762329,0.01425,0.00047,0.00021,0.00442,0.01199,0.00587,0.03721
1403715348.662247180938721,0.01440,0.00036,0.01360,0.00516,0.00975,0.00554,0.04881
1403715348.712247133255005,0.01501,0.00041,0.00032,0.00619,0.00044,0.00576,0.02812
1403715348.762248277664185,0.01443,0.00039,0.00075,0.00545,0.00002,0.00569,0.02672
1403715348.812248229980469,0.01475,0.00037,0.00140,0.00473,0.00079,0.00573,0.02777
1403715348.862246751785278,0.01431,0.00035,0.00039,0.00487,0.00029,0.00536,0.02557
1403715348.912247419357300,0.01325,0.00034,0.00014,0.00504,0.00037,0.00543,0.02458
1403715348.962251424789429,0.01248,0.00036,0.01311,0.00493,0.01775,0.00575,0.05440
1403715349.012250661849976,0.01624,0.00036,0.00059,0.00748,0.00151,0.00562,0.03179
1403715349.062249422073364,0.01482,0.00039,0.00006,0.00766,0.00000,0.00540,0.02833
1403715349.112248420715332,0.01466,0.00037,0.00003,0.00748,0.00038,0.00546,0.02839
1403715349.162248134613037,0.01637,0.00037,0.00021,0.00718,0.00043,0.00562,0.03018
1403715349.212246894836426,0.01436,0.00038,0.00138,0.00725,0.00048,0.00572,0.02956
1403715349.262245893478394,0.01391,0.00038,0.00961,0.00715,0.00420,0.00556,0.04081
1403715349.312245368957520,0.01433,0.00039,0.00003,0.00807,0.00000,0.00601,0.02883
1403715349.362244606018066,0.01344,0.00071,0.00027,0.00837,0.00001,0.00615,0.02894
1403715349.412246704101562,0.01636,0.00038,0.00078,0.00784,0.00001,0.00591,0.03127
1403715349.462248325347900,0.01639,0.00041,0.00004,0.00781,0.00001,0.00599,0.03065
1403715349.512248516082764,0.01733,0.00037,0.00092,0.00733,0.00044,0.00612,0.03252
1403715349.562247991561890,0.01574,0.00041,0.01632,0.00743,0.00369,0.00604,0.04963
1403715349.612246751785278,0.01568,0.00041,0.00051,0.00792,0.00039,0.00578,0.03070
1403715349.662244796752930,0.01641,0.00039,0.00003,0.00761,0.00000,0.00590,0.03036
1403715349.712242126464844,0.01619,0.00041,0.01033,0.00694,0.00033,0.00596,0.04016
1403715349.762240171432495,0.01598,0.00042,0.00030,0.00656,0.00046,0.00594,0.02967
1403715349.812238931655884,0.01630,0.00039,0.00043,0.00645,0.00122,0.00544,0.03024
1403715349.862239360809326,0.01896,0.00041,0.00698,0.00637,0.00371,0.00613,0.04256
1403715349.912239074707031,0.01650,0.00042,0.00132,0.00661,0.00045,0.00555,0.03084
1403715349.962239980697632,0.01648,0.00037,0.00017,0.00659,0.00000,0.00592,0.02953
1403715350.012242794036865,0.01634,0.00038,0.00030,0.00599,0.00000,0.00612,0.02913
1403715350.062245130538940,0.01899,0.00037,0.00009,0.00568,0.00001,0.00608,0.03121
1403715350.112241506576538,0.01558,0.00038,0.00003,0.00503,0.00000,0.00594,0.02696
1403715350.162242174148560,0.01641,0.00035,0.01060,0.00493,0.01282,0.00741,0.05253
1403715350.212241888046265,0.01604,0.00039,0.00117,0.00698,0.00115,0.00600,0.03172
1403715350.262241125106812,0.01556,0.00040,0.00022,0.00679,0.00000,0.00589,0.02887
1403715350.312238454818726,0.01546,0.00039,0.00684,0.00651,0.00557,0.00745,0.04223
1403715350.362238407135010,0.01610,0.00037,0.00025,0.00718,0.00044,0.00595,0.03031
1403715350.412236690521240,0.02044,0.00034,0.00620,0.00685,0.00353,0.00665,0.04400
1403715350.462235689163208,0.01672,0.00062,0.00732,0.00680,0.00190,0.00595,0.03930
1403715350.512235641479492,0.01648,0.00039,0.00027,0.00744,0.00002,0.00580,0.03040
1403715350.562236070632935,0.01658,0.00037,0.00009,0.00739,0.00000,0.00595,0.03039
1403715350.612236022949219,0.01741,0.00038,0.00041,0.00711,0.00000,0.00603,0.03135
1403715350.662236213684082,0.01590,0.00039,0.00003,0.00724,0.00000,0.00576,0.02933
1403715350.712236166000366,0.01563,0.00037,0.00045,0.00707,0.00000,0.00604,0.02956
1403715350.762237787246704,0.01596,0.00038,0.00899,0.00698,0.00487,0.00602,0.04321
1403715350.812237501144409,0.01571,0.00040,0.00048,0.00774,0.00032,0.00638,0.03103
1403715350.862237215042114,0.01580,0.00040,0.00004,0.00783,0.00000,0.00587,0.02994
1403715350.912235736846924,0.01615,0.00042,0.00627,0.00755,0.00200,0.00635,0.03875
1403715350.962236166000366,0.01557,0.00042,0.01491,0.00807,0.00007,0.00606,0.04510
1403715351.012235879898071,0.01552,0.00040,0.00565,0.00848,0.00121,0.00645,0.03770
1403715351.062236309051514,0.01548,0.00041,0.00596,0.00839,0.00001,0.00585,0.03609
1403715351.112236499786377,0.01674,0.00039,0.00003,0.00855,0.00001,0.00586,0.03158
1403715351.162237405776978,0.01640,0.00039,0.00008,0.00851,0.00000,0.00586,0.03124
1403715351.212237119674683,0.01545,0.00043,0.00009,0.00854,0.00001,0.00603,0.03055
1403715351.262237071990967,0.01560,0.00043,0.00053,0.00851,0.00000,0.00621,0.03127
1403715351.312237977981567,0.01553,0.00039,0.00058,0.00845,0.00001,0.00598,0.03093
1403715351.362237691879272,0.01585,0.00039,0.00890,0.00830,0.00001,0.00592,0.03937
1403715351.412237882614136,0.01580,0.00041,0.00276,0.00954,0.00001,0.00577,0.03428
1403715351.462237596511841,0.02000,0.00042,0.00112,0.00903,0.00001,0.00586,0.03643
1403715351.512237071990967,0.01693,0.00039,0.00526,0.00833,0.00000,0.00589,0.03680
1403715351.562236785888672,0.01647,0.00042,0.00944,0.00837,0.00001,0.00597,0.04067
1403715351.612236261367798,0.01706,0.00039,0.00588,0.00822,0.00000,0.00603,0.03759
1403715351.662234783172607,0.01668,0.00042,0.00582,0.00795,0.00001,0.00592,0.03679
1403715351.712233543395996,0.01802,0.00039,0.00100,0.00798,0.00002,0.00606,0.03347
1403715351.762232065200806,0.01645,0.00038,0.00119,0.00714,0.00000,0.00582,0.03098
1403715351.812230825424194,0.01590,0.00038,0.00236,0.00688,0.00000,0.00598,0.03151
1403715351.862229108810425,0.02302,0.00031,0.00066,0.00653,0.00000,0.00584,0.03636
1403715351.912223815917969,0.01676,0.00037,0.00038,0.00633,0.00000,0.00590,0.02975
1403715351.962223052978516,0.01562,0.00036,0.00261,0.00622,0.00298,0.00570,0.03349
1403715352.012223720550537,0.01509,0.00037,0.00958,0.00685,0.00443,0.00601,0.04234
1403715352.062224864959717,0.01549,0.00040,0.00035,0.00733,0.00000,0.00589,0.02947
1403715352.112229108810425,0.01554,0.00042,0.00239,0.00691,0.00200,0.00590,0.03317
1403715352.162231445312500,0.01531,0.00043,0.00061,0.00726,0.00238,0.00532,0.03130
1403715352.212235689163208,0.01577,0.00041,0.00486,0.00790,0.00230,0.00550,0.03674
1403715352.262239933013916,0.01469,0.00045,0.00566,0.00887,0.00001,0.00597,0.03564
1403715352.312240123748779,0.01495,0.00045,0.00190,0.00830,0.00001,0.00592,0.03153
1403715352.362238645553589,0.01908,0.00042,0.00017,0.00833,0.00002,0.00602,0.03405
1403715352.412237405776978,0.01791,0.00039,0.00912,0.00816,0.00288,0.00553,0.04400
1403715352.462236166000366,0.01662,0.00040,0.00008,0.00871,0.00001,0.00585,0.03167
1403715352.512235641479492,0.01649,0.00041,0.00138,0.00844,0.00000,0.00591,0.03265
1403715352.562234878540039,0.01780,0.00039,0.00103,0.00828,0.00111,0.00608,0.03470
1403715352.612235307693481,0.01612,0.00038,0.00944,0.00831,0.00040,0.00603,0.04067
1403715352.662236213684082,0.01597,0.00042,0.00030,0.00812,0.00001,0.00590,0.03073
1403715352.712236881256104,0.01688,0.00037,0.00017,0.00787,0.00310,0.00561,0.03400
1403715352.762237787246704,0.01562,0.00042,0.00101,0.00828,0.00023,0.00606,0.03161
1403715352.812238931655884,0.01687,0.00058,0.00249,0.00835,0.00395,0.00762,0.03986
1403715352.862241029739380,0.01483,0.00041,0.00546,0.00978,0.00001,0.00608,0.03656
1403715352.912242889404297,0.01482,0.00036,0.01435,0.00967,0.00001,0.00606,0.04526
1403715352.962244510650635,0.01568,0.00040,0.00131,0.00891,0.00000,0.00584,0.03215
1403715353.012248039245605,0.01529,0.00043,0.00684,0.00837,0.00201,0.00598,0.03892
1403715353.062250137329102,0.01574,0.00043,0.00003,0.00874,0.00001,0.00582,0.03077
1403715353.112250804901123,0.01824,0.00039,0.00003,0.00880,0.00000,0.00579,0.03325
1403715353.162250280380249,0.01534,0.00042,0.00203,0.00871,0.00007,0.00581,0.03238
1403715353.212249279022217,0.01512,0.00042,0.00588,0.00854,0.00040,0.00574,0.03611
1403715353.262249946594238,0.01972,0.00039,0.00016,0.00849,0.00000,0.00619,0.03496
1403715353.312249660491943,0.01662,0.00038,0.00021,0.00831,0.00009,0.00593,0.03154
1403715353.362249851226807,0.01622,0.00038,0.00032,0.00817,0.00118,0.00615,0.03243
1403715353.412249803543091,0.01677,0.00036,0.00044,0.00828,0.00000,0.00598,0.03183
1403715353.462249755859375,0.01629,0.00038,0.00326,0.00816,0.00377,0.00604,0.03789
1403715353.512249946594238,0.01762,0.00076,0.01448,0.00948,0.00001,0.00723,0.04959
1403715353.562249898910522,0.01784,0.00038,0.00004,0.00993,0.00147,0.00680,0.03646
1403715353.612250089645386,0.02348,0.00043,0.00718,0.01150,0.00001,0.00754,0.05014
1403715353.662250041961670,0.02225,0.00048,0.00010,0.01078,0.00001,0.00646,0.04007
1403715353.712250471115112,0.01536,0.00052,0.00058,0.01085,0.00001,0.00724,0.03456
1403715353.762249946594238,0.02013,0.00064,0.00112,0.01047,0.00001,0.00607,0.03843
1403715353.812249898910522,0.01853,0.00038,0.01712,0.00917,0.00001,0.00638,0.05158
1403715353.862249612808228,0.01472,0.00042,0.00004,0.00919,0.00000,0.00635,0.03072
1403715353.912249565124512,0.01466,0.00043,0.00012,0.00909,0.00000,0.00594,0.03025
1403715353.962250232696533,0.01828,0.00042,0.00035,0.00921,0.00001,0.00632,0.03459
1403715354.012250900268555,0.01578,0.00041,0.00003,0.00918,0.00000,0.00605,0.03147
1403715354.062249898910522,0.01625,0.00041,0.00335,0.00880,0.00001,0.00618,0.03499
1403715354.112247705459595,0.01632,0.00042,0.00767,0.00868,0.00001,0.00576,0.03886
1403715354.162247896194458,0.01578,0.00041,0.00097,0.00820,0.00002,0.00634,0.03171
1403715354.212250709533691,0.01565,0.00043,0.00487,0.00689,0.00564,0.00558,0.03905
1403715354.262251615524292,0.01603,0.00041,0.00107,0.00774,0.00000,0.00641,0.03166
1403715354.312252998352051,0.01872,0.00044,0.00039,0.00738,0.00073,0.00601,0.03367
1403715354.362253427505493,0.01629,0.00040,0.00027,0.00851,0.00008,0.00605,0.03159
1403715354.412253379821777,0.01562,0.00044,0.01052,0.00731,0.00543,0.00663,0.04594
1403715354.462253093719482,0.01591,0.00043,0.00059,0.00838,0.00001,0.00605,0.03136
1403715354.512252807617188,0.01846,0.00040,0.00004,0.00839,0.00007,0.00586,0.03322
1403715354.562252521514893,0.01588,0.00041,0.00064,0.00834,0.00000,0.00614,0.03142
1403715354.612251758575439,0.01572,0.00042,0.00004,0.00841,0.00000,0.00588,0.03046
1403715354.662250757217407,0.01765,0.00038,0.00089,0.00832,0.00306,0.00650,0.03680
1403715354.712248563766479,0.01537,0.00039,0.00907,0.00875,0.00001,0.00608,0.03968
1403715354.762248277664185,0.01515,0.00042,0.00004,0.01090,0.00001,0.00641,0.03291
1403715354.812249898910522,0.01490,0.00042,0.00355,0.00951,0.00041,0.00604,0.03482
1403715354.862247705459595,0.01573,0.00041,0.00951,0.00890,0.00001,0.00646,0.04101
1403715354.912246942520142,0.01627,0.00040,0.00003,0.00911,0.00001,0.00666,0.03248
1403715354.962245702743530,0.01600,0.00043,0.00011,0.00896,0.00001,0.00632,0.03181
1403715355.012244939804077,0.01539,0.00042,0.01084,0.00881,0.00000,0.00592,0.04138
1403715355.062246799468994,0.01803,0.00042,0.00026,0.00798,0.00001,0.00634,0.03304
1403715355.112246751785278,0.01566,0.00044,0.00021,0.00765,0.00040,0.00611,0.03047
1403715355.162245750427246,0.01931,0.00040,0.00124,0.00737,0.00002,0.00599,0.03432
1403715355.212244987487793,0.01837,0.00037,0.00097,0.00687,0.00000,0.00598,0.03257
1403715355.262244701385498,0.01687,0.00034,0.00053,0.00673,0.00110,0.00613,0.03169
1403715355.312245130538940,0.01626,0.00041,0.00553,0.00656,0.00760,0.00611,0.04248
1403715355.362244606018066,0.01571,0.00040,0.00057,0.00814,0.00000,0.00596,0.03079
1403715355.412244558334351,0.01560,0.00043,0.00045,0.00780,0.00208,0.00557,0.03193
1403715355.462244272232056,0.01797,0.00039,0.00847,0.00756,0.00387,0.00597,0.04423
1403715355.512244701385498,0.01529,0.00042,0.00119,0.00824,0.00000,0.00604,0.03119
1403715355.562242507934570,0.01866,0.00041,0.00253,0.00748,0.00007,0.00652,0.03568
1403715355.612239360809326,0.01760,0.00040,0.00632,0.00710,0.00379,0.00609,0.04130
1403715355.662236690521240,0.01932,0.00044,0.00041,0.00678,0.00045,0.00660,0.03399
1403715355.712232828140259,0.01555,0.00038,0.00741,0.00604,0.00446,0.00603,0.03987
1403715355.762231826782227,0.02128,0.00038,0.00025,0.00678,0.00045,0.00610,0.03523
1403715355.812230110168457,0.01707,0.00041,0.00127,0.00713,0.00059,0.00660,0.03308
1403715355.862229347229004,0.01635,0.00042,0.00058,0.00577,0.00043,0.00648,0.03003
1403715355.912228345870972,0.01585,0.00035,0.00004,0.00532,0.00610,0.00616,0.03382
1403715355.962229251861572,0.01596,0.00040,0.00165,0.00587,0.00068,0.00618,0.03073
1403715356.012229442596436,0.01581,0.00041,0.00053,0.00611,0.00436,0.00661,0.03383
1403715356.062229871749878,0.01617,0.00042,0.00488,0.00753,0.00566,0.00635,0.04101
1403715356.112230300903320,0.01459,0.00042,0.00356,0.00830,0.00000,0.00601,0.03288
1403715356.162230491638184,0.01733,0.00044,0.00028,0.00815,0.00007,0.00636,0.03263
1403715356.212229967117310,0.01528,0.00045,0.00818,0.00806,0.00198,0.00606,0.04001
1403715356.262229681015015,0.01901,0.00041,0.00015,0.00833,0.00010,0.00614,0.03414
1403715356.312229156494141,0.01782,0.00045,0.01412,0.00797,0.00041,0.00728,0.04806
1403715356.362228631973267,0.01623,0.00039,0.00032,0.00797,0.00000,0.00637,0.03128
1403715356.412229061126709,0.01561,0.00046,0.00039,0.00796,0.00117,0.00615,0.03175
1403715356.462228536605835,0.01591,0.00042,0.00010,0.00815,0.00000,0.00612,0.03069
1403715356.512229681015015,0.01841,0.00042,0.00084,0.00805,0.00007,0.00639,0.03419
1403715356.562231540679932,0.01594,0.00042,0.00009,0.00821,0.00001,0.00608,0.03074
1403715356.612232446670532,0.01601,0.00042,0.00098,0.00808,0.00120,0.00606,0.03274
1403715356.662233591079712,0.01581,0.00043,0.00500,0.00808,0.00000,0.00611,0.03544
1403715356.712233066558838,0.01915,0.00061,0.00416,0.00772,0.00001,0.00597,0.03762
1403715356.762232065200806,0.01636,0.00042,0.00043,0.00712,0.00048,0.00606,0.03087
1403715356.812232971191406,0.01600,0.00045,0.00949,0.00686,0.00252,0.00608,0.04139
1403715356.862233400344849,0.01867,0.00040,0.00057,0.00663,0.00037,0.00576,0.03239
1403715356.912230253219604,0.01606,0.00042,0.00702,0.00562,0.00532,0.00568,0.04010
1403715356.962229490280151,0.01888,0.00040,0.00089,0.00578,0.00001,0.00611,0.03207
1403715357.012229919433594,0.01960,0.00035,0.00072,0.00413,0.00057,0.00600,0.03137
1403715357.062230348587036,0.01647,0.00036,0.00120,0.00424,0.00141,0.00594,0.02962
1403715357.112231016159058,0.01569,0.00036,0.00019,0.00422,0.00070,0.00606,0.02721
1403715357.162232637405396,0.01598,0.00037,0.00003,0.00423,0.00001,0.00594,0.02656
1403715357.212232351303101,0.01977,0.00032,0.00027,0.00423,0.00001,0.00620,0.03081
1403715357.262230873107910,0.01608,0.00035,0.00101,0.00388,0.00960,0.00613,0.03705
1403715357.312230825424194,0.01608,0.00036,0.00106,0.00487,0.00000,0.00594,0.02831
1403715357.362230062484741,0.01598,0.00037,0.00095,0.00480,0.00006,0.00598,0.02814
1403715357.412230491638184,0.01893,0.00038,0.00035,0.00486,0.01124,0.00614,0.04191
1403715357.462230920791626,0.01602,0.00039,0.00032,0.00625,0.00000,0.00601,0.02899
1403715357.512228965759277,0.01583,0.00042,0.00647,0.00589,0.01260,0.00715,0.04836
1403715357.562228679656982,0.01620,0.00040,0.00534,0.00772,0.00229,0.00614,0.03808
1403715357.612229108810425,0.01573,0.00042,0.00049,0.00796,0.00119,0.00605,0.03184
1403715357.662230730056763,0.01904,0.00042,0.00060,0.00736,0.00080,0.00603,0.03424
1403715357.712231874465942,0.01611,0.00044,0.00025,0.00726,0.00064,0.00610,0.03080
1403715357.762232065200806,0.01547,0.00041,0.00484,0.00683,0.00732,0.00599,0.04087
1403715357.812232255935669,0.01550,0.00045,0.00025,0.00818,0.00001,0.00651,0.03090
1403715357.862232208251953,0.01552,0.00040,0.00066,0.00896,0.00101,0.00598,0.03254
1403715357.912234306335449,0.02243,0.00041,0.00077,0.00784,0.00003,0.00669,0.03817
1403715357.962236166000366,0.01671,0.00041,0.00512,0.00749,0.00569,0.00718,0.04261
1403715358.012236595153809,0.01520,0.00043,0.00083,0.00837,0.00002,0.00586,0.03071
1403715358.062237739562988,0.01569,0.00043,0.00039,0.00793,0.00001,0.00614,0.03058
1403715358.112242460250854,0.01897,0.00043,0.00588,0.00736,0.00264,0.00619,0.04147
1403715358.162245273590088,0.01546,0.00040,0.00344,0.00712,0.00252,0.00596,0.03491
1403715358.212246179580688,0.01595,0.00042,0.00443,0.00723,0.00384,0.00612,0.03799
1403715358.262246608734131,0.01569,0.00039,0.00003,0.00811,0.00000,0.00646,0.03069
1403715358.312247276306152,0.01706,0.00039,0.00088,0.00762,0.00065,0.00585,0.03246
1403715358.362247943878174,0.01679,0.00038,0.00009,0.00775,0.00384,0.00573,0.03458
1403715358.412248134613037,0.01692,0.00039,0.00080,0.00765,0.00002,0.00585,0.03162
1403715358.462248563766479,0.01593,0.00045,0.00648,0.00708,0.00015,0.00594,0.03603
1403715358.512249231338501,0.01488,0.00042,0.00104,0.00718,0.00050,0.00607,0.03008
1403715358.562249422073364,0.01665,0.00036,0.00065,0.00630,0.00173,0.00583,0.03151
1403715358.612248897552490,0.01735,0.00034,0.00053,0.00613,0.00158,0.00597,0.03191
1403715358.662247419357300,0.02025,0.00036,0.00110,0.00580,0.00657,0.00553,0.03962
1403715358.712247371673584,0.01561,0.00040,0.00262,0.00568,0.00637,0.00572,0.03641
1403715358.762248516082764,0.01758,0.00041,0.00122,0.00582,0.00400,0.00557,0.03461
1403715358.812244415283203,0.01972,0.00036,0.00104,0.00565,0.00300,0.00569,0.03547
1403715358.862244367599487,0.01974,0.00036,0.00106,0.00555,0.00001,0.00564,0.03235
1403715358.912242412567139,0.01537,0.00036,0.00100,0.00544,0.00002,0.00571,0.02791
1403715358.962239503860474,0.01835,0.00031,0.00063,0.00527,0.00127,0.00575,0.03159
1403715359.012235879898071,0.01528,0.00036,0.00048,0.00526,0.00020,0.00539,0.02696
1403715359.062234878540039,0.01386,0.00034,0.00031,0.00536,0.00570,0.00522,0.03079
1403715359.112230300903320,0.01537,0.00033,0.00063,0.00599,0.00213,0.00572,0.03017
1403715359.162231206893921,0.01436,0.00036,0.00068,0.00673,0.00372,0.00559,0.03144
1403715359.212231159210205,0.01741,0.00053,0.00009,0.00766,0.00370,0.00576,0.03516
1403715359.262231111526489,0.01469,0.00037,0.00185,0.00711,0.00000,0.00563,0.02966
1403715359.312231063842773,0.01465,0.00040,0.00873,0.00679,0.00593,0.00582,0.04232
1403715359.362231731414795,0.01552,0.00039,0.00113,0.00783,0.00210,0.00572,0.03268
1403715359.412230253219604,0.01429,0.00042,0.00791,0.00790,0.00199,0.00568,0.03820
1403715359.462229251861572,0.01486,0.00040,0.00015,0.00842,0.00001,0.00558,0.02941
1403715359.512224912643433,0.01504,0.00040,0.00705,0.00800,0.00147,0.00570,0.03765
1403715359.562221050262451,0.01389,0.00039,0.00009,0.00839,0.00000,0.00556,0.02833
1403715359.612220287322998,0.01450,0.00041,0.00094,0.00808,0.00116,0.00551,0.03060
1403715359.662217855453491,0.01584,0.00040,0.00119,0.00807,0.00036,0.00568,0.03154
1403715359.712217092514038,0.01445,0.00038,0.00006,0.00817,0.00001,0.00550,0.02857
1403715359.762217044830322,0.01443,0.00041,0.00766,0.00726,0.00220,0.00577,0.03772
1403715359.812214374542236,0.01457,0.00038,0.00003,0.00740,0.00066,0.00560,0.02863
1403715359.862216711044312,0.01350,0.00039,0.00050,0.00735,0.00000,0.00572,0.02747
1403715359.912219285964966,0.01400,0.00039,0.00731,0.00740,0.00275,0.00570,0.03754
1403715359.962219476699829,0.01389,0.00039,0.00010,0.00856,0.00134,0.00559,0.02987
1403715360.012218475341797,0.01588,0.00036,0.00810,0.00734,0.00001,0.00557,0.03727
1403715360.062218904495239,0.01478,0.00038,0.00003,0.00707,0.00000,0.00548,0.02775
1403715360.112220287322998,0.01401,0.00037,0.00598,0.00677,0.00440,0.00551,0.03703
1403715360.162220239639282,0.01418,0.00054,0.00063,0.00750,0.00000,0.00577,0.02863
1403715360.212220430374146,0.01420,0.00040,0.00690,0.00725,0.00502,0.00512,0.03890
1403715360.262220382690430,0.01351,0.00040,0.00088,0.00882,0.00001,0.00558,0.02919
1403715360.312220335006714,0.01365,0.00044,0.00003,0.00884,0.00001,0.00560,0.02857
1403715360.362220048904419,0.01382,0.00039,0.00393,0.00807,0.00000,0.00559,0.03181
1403715360.412218570709229,0.01567,0.00039,0.00070,0.00798,0.00036,0.00567,0.03077
1403715360.462217569351196,0.01429,0.00041,0.00014,0.00834,0.00049,0.00576,0.02943
1403715360.512216567993164,0.01463,0.00041,0.00715,0.00802,0.00021,0.00546,0.03587
1403715360.562215805053711,0.01369,0.00040,0.00017,0.00799,0.00000,0.00560,0.02785
1403715360.612214565277100,0.01669,0.00038,0.00686,0.00736,0.00291,0.00573,0.03993
1403715360.662214517593384,0.01379,0.00040,0.00032,0.00767,0.00001,0.00550,0.02768
1403715360.712215900421143,0.01372,0.00038,0.00289,0.00682,0.00702,0.00549,0.03632
1403715360.762216806411743,0.01655,0.00037,0.00011,0.00790,0.00000,0.00572,0.03066
1403715360.812217473983765,0.01405,0.00037,0.00601,0.00699,0.00364,0.00544,0.03650
1403715360.862218379974365,0.01394,0.00037,0.00062,0.00760,0.00015,0.00557,0.02825
1403715360.912218570709229,0.01646,0.00034,0.00063,0.00718,0.00042,0.00567,0.03071
1403715360.962217807769775,0.01388,0.00037,0.00749,0.00667,0.00283,0.00560,0.03683
1403715361.012218475341797,0.01364,0.00035,0.00003,0.00764,0.00066,0.00565,0.02798
1403715361.062218904495239,0.01410,0.00037,0.00023,0.00691,0.00002,0.00544,0.02707
1403715361.112219095230103,0.01377,0.00035,0.00089,0.00674,0.00723,0.00554,0.03453
1403715361.162218809127808,0.01504,0.00040,0.00063,0.00747,0.00002,0.00550,0.02906
1403715361.212218999862671,0.01403,0.00035,0.00034,0.00673,0.00531,0.00546,0.03222
1403715361.262217044830322,0.01417,0.00040,0.00045,0.00687,0.00067,0.00543,0.02800
1403715361.312216043472290,0.01755,0.00031,0.00099,0.00575,0.00474,0.00546,0.03479
1403715361.362215518951416,0.01496,0.00030,0.00089,0.00504,0.00037,0.00506,0.02663
1403715361.412216186523438,0.01813,0.00034,0.00168,0.00456,0.00660,0.00495,0.03625
1403715361.462216615676880,0.01406,0.00035,0.00557,0.00466,0.00334,0.00529,0.03327
1403715361.512216329574585,0.01505,0.00034,0.00053,0.00487,0.00056,0.00523,0.02658
1403715361.562216520309448,0.01400,0.00037,0.00019,0.00507,0.00530,0.00616,0.03108
1403715361.612216949462891,0.01747,0.00034,0.00014,0.00588,0.00097,0.00549,0.03029
1403715361.662216424942017,0.01499,0.00032,0.00016,0.00624,0.00002,0.00541,0.02713
1403715361.712216615676880,0.01619,0.00033,0.00089,0.00619,0.00038,0.00534,0.02933
1403715361.762216091156006,0.01410,0.00035,0.00011,0.00621,0.00006,0.00559,0.02642
1403715361.812215805053711,0.01383,0.00036,0.00003,0.00602,0.00000,0.00558,0.02582
1403715361.862214326858521,0.01385,0.00037,0.00411,0.00582,0.01771,0.00568,0.04754
1403715361.912214040756226,0.01357,0.00040,0.00088,0.00875,0.00000,0.00547,0.02908
1403715361.962213516235352,0.01300,0.00042,0.00759,0.00846,0.00001,0.00560,0.03507
1403715362.012212276458740,0.01421,0.00039,0.00020,0.00815,0.00001,0.00581,0.02877
1403715362.062210083007812,0.01411,0.00039,0.01038,0.00806,0.00219,0.00725,0.04238
1403715362.112208604812622,0.01705,0.00039,0.00055,0.00864,0.00002,0.00581,0.03246
1403715362.162208080291748,0.01430,0.00039,0.00753,0.00697,0.00159,0.00504,0.03582
1403715362.212208747863770,0.01444,0.00037,0.00020,0.00733,0.00065,0.00547,0.02846
1403715362.262207984924316,0.01822,0.00034,0.00042,0.00657,0.00022,0.00542,0.03120
1403715362.312208175659180,0.01424,0.00034,0.00018,0.00678,0.00139,0.00564,0.02856
1403715362.362208604812622,0.01384,0.00038,0.00078,0.00595,0.00127,0.00554,0.02775
1403715362.412209033966064,0.01413,0.00035,0.00080,0.00592,0.00000,0.00545,0.02665
1403715362.462207794189453,0.01718,0.00035,0.00126,0.00525,0.00338,0.00540,0.03283
1403715362.512207746505737,0.01593,0.00034,0.00027,0.00568,0.00106,0.00556,0.02884
1403715362.562207698822021,0.01395,0.00034,0.00038,0.00555,0.01030,0.00527,0.03579
1403715362.612206220626831,0.01371,0.00038,0.00159,0.00585,0.00043,0.00555,0.02751
1403715362.662206411361694,0.01600,0.00037,0.00713,0.00654,0.00428,0.00561,0.03993
1403715362.712207078933716,0.01879,0.00038,0.00112,0.00646,0.00067,0.00517,0.03259
1403715362.762206792831421,0.01445,0.00036,0.00131,0.00669,0.00804,0.00564,0.03650
1403715362.812209129333496,0.01740,0.00040,0.00697,0.00785,0.00137,0.00571,0.03970
1403715362.862211942672729,0.01444,0.00039,0.00027,0.00800,0.00000,0.00547,0.02858
1403715362.912214279174805,0.01422,0.00039,0.00039,0.00739,0.00036,0.00557,0.02834
1403715362.962215185165405,0.01386,0.00036,0.00027,0.00721,0.00045,0.00516,0.02731
1403715363.012212276458740,0.01482,0.00039,0.00598,0.00669,0.00665,0.00566,0.04019
1403715363.062211275100708,0.01650,0.00038,0.00207,0.00779,0.00001,0.00553,0.03228
1403715363.112208843231201,0.01450,0.00041,0.00081,0.00773,0.00078,0.00567,0.02989
1403715363.162204265594482,0.01567,0.00042,0.00035,0.00736,0.00001,0.00587,0.02967
1403715363.212203264236450,0.01530,0.00041,0.00219,0.00716,0.00523,0.00613,0.03642
1403715363.262202978134155,0.01565,0.00040,0.01346,0.00762,0.00001,0.00618,0.04331
1403715363.312204599380493,0.01575,0.00043,0.00004,0.00748,0.00023,0.00580,0.02974
1403715363.362206459045410,0.01873,0.00040,0.00040,0.00696,0.00116,0.00600,0.03364
1403715363.412206888198853,0.01487,0.00039,0.00516,0.00638,0.00418,0.00534,0.03631
1403715363.462209939956665,0.01615,0.00044,0.00113,0.00634,0.00045,0.00605,0.03056
1403715363.512211322784424,0.01978,0.00033,0.00043,0.00627,0.00071,0.00569,0.03321
1403715363.562212705612183,0.01634,0.00035,0.00029,0.00579,0.00000,0.00588,0.02866
1403715363.612211942672729,0.01667,0.00039,0.00496,0.00503,0.01122,0.00649,0.04476
1403715363.662210941314697,0.01650,0.00042,0.00030,0.00736,0.00045,0.00608,0.03111
1403715363.712210416793823,0.01583,0.00042,0.00090,0.00704,0.00044,0.00605,0.03068
1403715363.762208700180054,0.01531,0.00038,0.00029,0.00737,0.00001,0.00592,0.02928
1403715363.812208414077759,0.01992,0.00036,0.00098,0.00607,0.00006,0.00565,0.03303
1403715363.862207651138306,0.01593,0.00037,0.00662,0.00453,0.01046,0.00674,0.04464
1403715363.912206411361694,0.02155,0.00035,0.00212,0.00533,0.00407,0.00547,0.03889
1403715363.962206363677979,0.01783,0.00038,0.00094,0.00327,0.00033,0.00589,0.02864
1403715364.012206554412842,0.01594,0.00040,0.00096,0.00258,0.00432,0.00564,0.02985
1403715364.062205791473389,0.01957,0.00032,0.00054,0.00285,0.02140,0.00616,0.05084
1403715364.112205505371094,0.01681,0.00055,0.00083,0.00624,0.00094,0.00637,0.03174
1403715364.162204027175903,0.01646,0.00043,0.00037,0.00560,0.00002,0.00601,0.02889
1403715364.212202072143555,0.01585,0.00042,0.00034,0.00493,0.00668,0.00544,0.03365
1403715364.262199640274048,0.01583,0.00041,0.00026,0.00647,0.00042,0.00600,0.02939
1403715364.312197923660278,0.01881,0.00040,0.00020,0.00738,0.00001,0.00600,0.03280
1403715364.362196922302246,0.01743,0.00039,0.00021,0.00668,0.00737,0.00592,0.03800
1403715364.412195444107056,0.01662,0.00043,0.00114,0.00819,0.00000,0.00601,0.03238
1403715364.462196350097656,0.01847,0.00041,0.01605,0.00954,0.00000,0.00589,0.05038
1403715364.512198448181152,0.01596,0.00043,0.00220,0.00807,0.00000,0.00583,0.03250
1403715364.562200069427490,0.01628,0.00044,0.00009,0.00825,0.00001,0.00585,0.03091
1403715364.612200975418091,0.01575,0.00044,0.01057,0.00785,0.00000,0.00623,0.04084
1403715364.662202119827271,0.01661,0.00045,0.00094,0.00790,0.00000,0.00580,0.03171
1403715364.712202310562134,0.01643,0.00046,0.00103,0.00796,0.00001,0.00580,0.03170
1403715364.762204170227051,0.01650,0.00045,0.00081,0.00756,0.00001,0.00580,0.03113
1403715364.812206029891968,0.02148,0.00038,0.00062,0.00715,0.00227,0.00597,0.03786
1403715364.862206220626831,0.01699,0.00039,0.00662,0.00612,0.00115,0.00566,0.03694
1403715364.912205934524536,0.01665,0.00037,0.00030,0.00573,0.00000,0.00597,0.02903
1403715364.962206840515137,0.01617,0.00039,0.00073,0.00485,0.00037,0.00561,0.02813
1403715365.012206554412842,0.01802,0.00034,0.00032,0.00497,0.00040,0.00600,0.03006
1403715365.062208414077759,0.01584,0.00036,0.00841,0.00497,0.01610,0.00615,0.05183
1403715365.112208604812622,0.01607,0.00042,0.00083,0.00693,0.00206,0.00584,0.03214
1403715365.162208318710327,0.01545,0.00042,0.00079,0.00702,0.00001,0.00590,0.02959
1403715365.212208509445190,0.01453,0.00038,0.00734,0.00660,0.00406,0.00726,0.04018
1403715365.262208938598633,0.01550,0.00042,0.00027,0.00744,0.00114,0.00597,0.03073
1403715365.312210559844971,0.01525,0.00041,0.00101,0.00707,0.00001,0.00591,0.02966
1403715365.362212181091309,0.01960,0.00039,0.01351,0.00629,0.00050,0.00723,0.04753
1403715365.412212610244751,0.01646,0.00036,0.00035,0.00672,0.00086,0.00596,0.03072
1403715365.462212324142456,0.01650,0.00040,0.00128,0.00631,0.00311,0.00588,0.03348
1403715365.512211561203003,0.01634,0.00042,0.00024,0.00646,0.00001,0.00592,0.02939
1403715365.562211513519287,0.01734,0.00038,0.00073,0.00537,0.00000,0.00580,0.02963
1403715365.612210988998413,0.01573,0.00037,0.00099,0.00566,0.00000,0.00604,0.02879
1403715365.662210464477539,0.01553,0.00038,0.00431,0.00510,0.01024,0.00602,0.04159
1403715365.712209701538086,0.01540,0.00040,0.00032,0.00651,0.00000,0.00591,0.02854
1403715365.762208938598633,0.01827,0.00034,0.00045,0.00575,0.00009,0.00586,0.03076
1403715365.812208890914917,0.01602,0.00038,0.00006,0.00559,0.01027,0.00597,0.03829
1403715365.862209320068359,0.01562,0.00039,0.00024,0.00724,0.00000,0.00593,0.02943
1403715365.912209749221802,0.01567,0.00042,0.00800,0.00611,0.00534,0.00540,0.04094
1403715365.962210416793823,0.01580,0.00040,0.00897,0.00674,0.00543,0.00584,0.04318
1403715366.012212038040161,0.01497,0.00041,0.00003,0.00787,0.00041,0.00571,0.02939
1403715366.062215328216553,0.01540,0.00052,0.00009,0.00794,0.00117,0.00626,0.03138
1403715366.112218856811523,0.01677,0.00040,0.00003,0.00818,0.00000,0.00570,0.03109
1403715366.162220001220703,0.01513,0.00040,0.00004,0.00822,0.00000,0.00603,0.02983
1403715366.212221860885620,0.01683,0.00039,0.00003,0.00867,0.00001,0.00640,0.03233
1403715366.262221097946167,0.01581,0.00040,0.00180,0.00918,0.00346,0.00576,0.03642
1403715366.312220335006714,0.01537,0.00038,0.00924,0.00834,0.00001,0.00587,0.03920
1403715366.362215995788574,0.01512,0.00042,0.00003,0.00858,0.00039,0.00591,0.03045
1403715366.412213563919067,0.01529,0.00041,0.00003,0.00832,0.00001,0.00573,0.02979
1403715366.462211608886719,0.01552,0.00039,0.00023,0.00740,0.00000,0.00585,0.02939
1403715366.512210369110107,0.01787,0.00038,0.00751,0.00726,0.00474,0.00576,0.04352
1403715366.562210321426392,0.01534,0.00039,0.01120,0.00780,0.00075,0.00730,0.04278
1403715366.612210035324097,0.01644,0.00044,0.00039,0.00866,0.00001,0.00587,0.03181
1403715366.662210702896118,0.01544,0.00041,0.00087,0.00848,0.00000,0.00600,0.03120
1403715366.712211847305298,0.01582,0.00043,0.00020,0.00847,0.00047,0.00607,0.03145
1403715366.762212753295898,0.01608,0.00042,0.00043,0.00871,0.00000,0.00632,0.03196
1403715366.812212705612183,0.01659,0.00040,0.00055,0.00880,0.00001,0.00621,0.03255
1403715366.862214326858521,0.01577,0.00044,0.00170,0.00872,0.00000,0.00581,0.03244
1403715366.912217378616333,0.01573,0.00042,0.00968,0.00866,0.00001,0.00607,0.04056
1403715366.962217807769775,0.01615,0.00045,0.00038,0.00851,0.00000,0.00596,0.03146
1403715367.012219190597534,0.01573,0.00042,0.00006,0.00868,0.00000,0.00609,0.03098
1403715367.062220096588135,0.01530,0.00040,0.01705,0.00808,0.00049,0.00772,0.04904
1403715367.112220287322998,0.01586,0.00041,0.00731,0.00779,0.00001,0.00607,0.03745
1403715367.162220478057861,0.01624,0.00041,0.01110,0.00772,0.00005,0.00591,0.04142
1403715367.212219953536987,0.01708,0.00042,0.00024,0.00769,0.00044,0.00585,0.03171
1403715367.262220621109009,0.01575,0.00041,0.00004,0.00767,0.00115,0.00613,0.03114
1403715367.312222003936768,0.01606,0.00040,0.00003,0.00748,0.00001,0.00608,0.03006
1403715367.362222433090210,0.01474,0.00039,0.00089,0.00731,0.00000,0.00593,0.02926
1403715367.412222146987915,0.01583,0.00078,0.00091,0.00735,0.00085,0.00771,0.03342
1403715367.462223052978516,0.01563,0.00039,0.00008,0.00839,0.00241,0.00723,0.03414
1403715367.512223482131958,0.01580,0.00041,0.00711,0.00778,0.00201,0.00791,0.04101
1403715367.562222003936768,0.01597,0.00036,0.00037,0.00801,0.00000,0.00589,0.03060
1403715367.612222433090210,0.01521,0.00043,0.00004,0.00846,0.00000,0.00622,0.03036
1403715367.662221431732178,0.01556,0.00039,0.01545,0.00774,0.00147,0.00692,0.04752
1403715367.712222576141357,0.01534,0.00039,0.00743,0.00797,0.00047,0.00559,0.03719
1403715367.762220144271851,0.01708,0.00036,0.01118,0.00805,0.00001,0.00596,0.04264
1403715367.812221288681030,0.01523,0.00041,0.00003,0.00832,0.00188,0.00606,0.03193
1403715367.862221479415894,0.01584,0.00043,0.00003,0.00839,0.00000,0.00602,0.03071
1403715367.912221431732178,0.01486,0.00045,0.00032,0.00804,0.00002,0.00617,0.02986
1403715367.962220907211304,0.01553,0.00038,0.00017,0.00782,0.00001,0.00582,0.02973
1403715368.012215852737427,0.01375,0.00041,0.00095,0.00666,0.00001,0.00513,0.02690
1403715368.062215805053711,0.01426,0.00041,0.00008,0.00664,0.00000,0.00540,0.02679
1403715368.112216949462891,0.01372,0.00037,0.00471,0.00583,0.00534,0.00527,0.03525
1403715368.162218570709229,0.01383,0.00038,0.00018,0.00793,0.00048,0.00565,0.02846
1403715368.212221145629883,0.01261,0.00040,0.00003,0.00773,0.00000,0.00551,0.02629
1403715368.262222766876221,0.01388,0.00039,0.01191,0.00769,0.00393,0.00684,0.04464
1403715368.312224864959717,0.01494,0.00051,0.00834,0.00898,0.00001,0.00590,0.03868
1403715368.362225294113159,0.01409,0.00053,0.01230,0.00891,0.00001,0.00680,0.04263
1403715368.412224769592285,0.01352,0.00038,0.00019,0.00788,0.00049,0.00527,0.02772
1403715368.462224483489990,0.01331,0.00037,0.00036,0.00777,0.00049,0.00573,0.02803
1403715368.512224435806274,0.01348,0.00036,0.00040,0.00751,0.00002,0.00543,0.02721
1403715368.562226057052612,0.01345,0.00038,0.00003,0.00735,0.00000,0.00529,0.02651
1403715368.612227678298950,0.01687,0.00037,0.00003,0.00712,0.00000,0.00560,0.03001
1403715368.662229537963867,0.01435,0.00038,0.00029,0.00645,0.00000,0.00537,0.02684
1403715368.712229251861572,0.01427,0.00039,0.00023,0.00629,0.00713,0.00561,0.03392
1403715368.762229442596436,0.01421,0.00040,0.00037,0.00715,0.00042,0.00564,0.02820
1403715368.812229156494141,0.01399,0.00040,0.00003,0.00684,0.00000,0.00546,0.02672
1403715368.862227439880371,0.01429,0.00038,0.01058,0.00554,0.00695,0.00656,0.04429
1403715368.912226915359497,0.01336,0.00037,0.00469,0.00629,0.00687,0.00567,0.03724
1403715368.962225198745728,0.01657,0.00037,0.01019,0.00884,0.00195,0.00557,0.04351
1403715369.012223958969116,0.01323,0.00039,0.00042,0.00854,0.00046,0.00556,0.02860
1403715369.062223434448242,0.01357,0.00036,0.00021,0.00734,0.00001,0.00559,0.02708
1403715369.112222671508789,0.01349,0.00045,0.00213,0.00749,0.00000,0.00541,0.02896
1403715369.162222385406494,0.01357,0.00037,0.00738,0.00687,0.00783,0.00572,0.04174
1403715369.212221622467041,0.01359,0.00042,0.00004,0.00803,0.00000,0.00565,0.02774
1403715369.262221336364746,0.01364,0.00040,0.00016,0.00847,0.00001,0.00566,0.02834
1403715369.312221765518188,0.01367,0.00041,0.00083,0.00731,0.00045,0.00508,0.02776
1403715369.362221240997314,0.01510,0.00037,0.00106,0.00758,0.00000,0.00535,0.02946
1403715369.412221193313599,0.01523,0.00037,0.00140,0.00717,0.00000,0.00542,0.02960
1403715369.462221384048462,0.01318,0.00037,0.00790,0.00684,0.00750,0.00555,0.04134
1403715369.512221574783325,0.01279,0.00040,0.00607,0.00721,0.00047,0.00585,0.03279
1403715369.562222242355347,0.01546,0.00037,0.00898,0.00742,0.00201,0.00518,0.03943
1403715369.612222433090210,0.01415,0.00041,0.00023,0.00771,0.00044,0.00559,0.02853
1403715369.662221193313599,0.01565,0.00037,0.00074,0.00802,0.00001,0.00572,0.03051
1403715369.712220668792725,0.01468,0.00041,0.00044,0.00748,0.00001,0.00581,0.02883
1403715369.762221097946167,0.01438,0.00041,0.00488,0.00695,0.00369,0.00528,0.03557
1403715369.812220096588135,0.01332,0.00061,0.00013,0.00838,0.00001,0.00582,0.02827
1403715369.862220287322998,0.01450,0.00041,0.00077,0.00793,0.00000,0.00575,0.02937
1403715369.912220954895020,0.01373,0.00040,0.00632,0.00779,0.00382,0.00556,0.03761
1403715369.962221860885620,0.01651,0.00040,0.00005,0.00875,0.00001,0.00547,0.03119
1403715370.012221336364746,0.01376,0.00041,0.00009,0.00881,0.00000,0.00582,0.02889
1403715370.062220811843872,0.01392,0.00040,0.00671,0.00861,0.00001,0.00559,0.03525
1403715370.112220048904419,0.01375,0.00044,0.01019,0.00861,0.00000,0.00567,0.03866
1403715370.162221193313599,0.01354,0.00040,0.00909,0.00843,0.00001,0.00549,0.03694
1403715370.212224006652832,0.01415,0.00041,0.00803,0.00841,0.00001,0.00561,0.03660
1403715370.262225389480591,0.01389,0.00041,0.00039,0.00844,0.00047,0.00520,0.02879
1403715370.312226772308350,0.01362,0.00040,0.00003,0.00881,0.00000,0.00533,0.02820
1403715370.362226247787476,0.01372,0.00041,0.00362,0.00940,0.00001,0.00565,0.03280
1403715370.412227392196655,0.01455,0.00042,0.00021,0.00910,0.00001,0.00592,0.03020
1403715370.462226867675781,0.01672,0.00038,0.00028,0.00789,0.00001,0.00586,0.03112
1403715370.512226581573486,0.01715,0.00037,0.00457,0.00760,0.00395,0.00590,0.03953
1403715370.562225103378296,0.01516,0.00043,0.00003,0.00843,0.00000,0.00590,0.02996
1403715370.612223863601685,0.01786,0.00040,0.00028,0.00833,0.00001,0.00591,0.03278
1403715370.662221670150757,0.01479,0.00042,0.00617,0.00729,0.00228,0.00550,0.03644
1403715370.712219476699829,0.01403,0.00042,0.00845,0.00814,0.00120,0.00540,0.03764
1403715370.762218236923218,0.01407,0.00040,0.00915,0.00834,0.00050,0.00558,0.03804
1403715370.812215328216553,0.01429,0.00040,0.00743,0.00814,0.00001,0.00605,0.03632
1403715370.862215757369995,0.01418,0.00038,0.00003,0.00824,0.00000,0.00537,0.02821
1403715370.912216186523438,0.01387,0.00061,0.00008,0.00864,0.00001,0.00576,0.02896
1403715370.962214708328247,0.01428,0.00037,0.00166,0.00813,0.00230,0.00523,0.03197
1403715371.012214422225952,0.01412,0.00043,0.00003,0.00881,0.00001,0.00569,0.02910
1403715371.062214374542236,0.01603,0.00046,0.00004,0.00877,0.00000,0.00525,0.03055
1403715371.112214565277100,0.01388,0.00037,0.00368,0.00860,0.00199,0.00566,0.03418
1403715371.162214517593384,0.01413,0.00040,0.00920,0.00888,0.00001,0.00568,0.03829
1403715371.212214946746826,0.01354,0.00042,0.00004,0.00868,0.00001,0.00567,0.02835
1403715371.262215614318848,0.01413,0.00037,0.00579,0.00824,0.00000,0.00549,0.03403
1403715371.312217712402344,0.01356,0.00037,0.00798,0.00705,0.00192,0.00555,0.03644
1403715371.362219572067261,0.01406,0.00039,0.00720,0.00723,0.00495,0.00533,0.03916
1403715371.412223100662231,0.01638,0.00038,0.00664,0.00797,0.00005,0.00568,0.03710
1403715371.462226390838623,0.01465,0.00040,0.00004,0.00820,0.00001,0.00570,0.02900
1403715371.512230157852173,0.01446,0.00039,0.00062,0.00720,0.00000,0.00569,0.02837
1403715371.562232494354248,0.01473,0.00039,0.00066,0.00697,0.00224,0.00563,0.03062
1403715371.612232446670532,0.01567,0.00038,0.00042,0.00677,0.00004,0.00558,0.02886
1403715371.662231922149658,0.01401,0.00037,0.00107,0.00699,0.00042,0.00581,0.02866
1403715371.712232112884521,0.01397,0.00035,0.00078,0.00670,0.00352,0.00569,0.03101
1403715371.762231826782227,0.01429,0.00037,0.00481,0.00681,0.00734,0.00521,0.03884
1403715371.812232017517090,0.01362,0.00038,0.00024,0.00758,0.00010,0.00545,0.02737
1403715371.862231969833374,0.01355,0.00039,0.00112,0.00695,0.00545,0.00501,0.03246
1403715371.912232875823975,0.01380,0.00038,0.00622,0.00774,0.00204,0.00558,0.03576
1403715371.962232828140259,0.01610,0.00040,0.01279,0.00693,0.00005,0.00546,0.04174
1403715372.012232542037964,0.01571,0.00036,0.00251,0.00680,0.00666,0.00598,0.03802
1403715372.062232017517090,0.01540,0.00041,0.00079,0.00733,0.00004,0.00566,0.02963
1403715372.112231969833374,0.01598,0.00036,0.00003,0.00731,0.00000,0.00582,0.02950
1403715372.162230968475342,0.01713,0.00035,0.00047,0.00678,0.00213,0.00549,0.03237
1403715372.212230443954468,0.01704,0.00040,0.00092,0.00671,0.00192,0.00588,0.03286
1403715372.262229681015015,0.01681,0.00038,0.00031,0.00693,0.00000,0.00588,0.03032
1403715372.312229394912720,0.01620,0.00039,0.00022,0.00644,0.00001,0.00590,0.02915
1403715372.362228155136108,0.01470,0.00038,0.00031,0.00618,0.00351,0.00598,0.03105
1403715372.412226200103760,0.01669,0.00039,0.00111,0.00650,0.00028,0.00580,0.03078
1403715372.462225675582886,0.01744,0.00039,0.00077,0.00617,0.00001,0.00602,0.03079
1403715372.512225151062012,0.01638,0.00036,0.00630,0.00520,0.01333,0.00760,0.04916
1403715372.562225103378296,0.01591,0.00038,0.00899,0.00653,0.00698,0.00715,0.04593
1403715372.612225532531738,0.01526,0.00037,0.00090,0.00744,0.00225,0.00602,0.03224
1403715372.662226438522339,0.01549,0.00038,0.00009,0.00738,0.00567,0.00534,0.03435
1403715372.712227106094360,0.01709,0.00041,0.00139,0.00846,0.00047,0.00592,0.03374
1403715372.762227773666382,0.01584,0.00041,0.00280,0.00800,0.00000,0.00590,0.03296
1403715372.812228441238403,0.01594,0.00039,0.00165,0.00751,0.00262,0.00576,0.03387
1403715372.862229108810425,0.01754,0.00040,0.00027,0.00804,0.00001,0.00591,0.03216
1403715372.912229537963867,0.01715,0.00041,0.00042,0.00768,0.00043,0.00574,0.03183
1403715372.962229490280151,0.01735,0.00040,0.00197,0.00786,0.00718,0.00604,0.04080
1403715373.012229681015015,0.01609,0.00042,0.00684,0.00870,0.00001,0.00592,0.03797
1403715373.062229633331299,0.01589,0.00039,0.00104,0.00884,0.00001,0.00600,0.03216
1403715373.112230300903320,0.01785,0.00039,0.00614,0.00815,0.00005,0.00614,0.03873
1403715373.162229776382446,0.01584,0.00038,0.00203,0.00756,0.00551,0.00582,0.03715
1403715373.212229728698730,0.01556,0.00038,0.00065,0.00801,0.00004,0.00581,0.03045
1403715373.262229442596436,0.01968,0.00037,0.00121,0.00675,0.00005,0.00593,0.03398
1403715373.312230110168457,0.01484,0.00037,0.00084,0.00619,0.00004,0.00571,0.02799
1403715373.362230777740479,0.01567,0.00037,0.00008,0.00621,0.00039,0.00592,0.02864
1403715373.412230730056763,0.01946,0.00036,0.00067,0.00577,0.00217,0.00581,0.03424
1403715373.462231159210205,0.01621,0.00037,0.00093,0.00582,0.00801,0.00583,0.03718
1403715373.512231826782227,0.01598,0.00037,0.00365,0.00667,0.01065,0.00608,0.04341
1403715373.562232017517090,0.01599,0.00040,0.00112,0.00839,0.00001,0.00619,0.03209
1403715373.612231969833374,0.01656,0.00041,0.00479,0.00791,0.00391,0.00591,0.03950
1403715373.662230730056763,0.01575,0.00041,0.00632,0.00832,0.00001,0.00601,0.03682
1403715373.712230205535889,0.01637,0.00039,0.00452,0.00718,0.00055,0.00593,0.03494
1403715373.762229442596436,0.01529,0.00040,0.00024,0.00676,0.00283,0.00586,0.03138
1403715373.812228202819824,0.01969,0.00037,0.00556,0.00642,0.00519,0.00577,0.04300
1403715373.862227678298950,0.01578,0.00037,0.00025,0.00765,0.00045,0.00600,0.03050
1403715373.912227153778076,0.01594,0.00039,0.00138,0.00800,0.00002,0.00594,0.03166
1403715373.962227344512939,0.01566,0.00039,0.00859,0.00786,0.00254,0.00607,0.04111
1403715374.012227058410645,0.01570,0.00040,0.00016,0.00813,0.00323,0.00584,0.03347
1403715374.062227010726929,0.01837,0.00038,0.00005,0.00880,0.00001,0.00605,0.03366
1403715374.112227201461792,0.01661,0.00039,0.00050,0.00798,0.00373,0.00566,0.03488
1403715374.162228107452393,0.01541,0.00039,0.00026,0.00820,0.00000,0.00574,0.03000
1403715374.212228298187256,0.01589,0.00040,0.00004,0.00862,0.00398,0.00620,0.03511
1403715374.262228250503540,0.01577,0.00040,0.00621,0.00844,0.00008,0.00575,0.03666
1403715374.312229394912720,0.01573,0.00040,0.00369,0.00778,0.00068,0.00595,0.03421
1403715374.362230062484741,0.02083,0.00038,0.00622,0.00690,0.00584,0.00590,0.04606
1403715374.412231683731079,0.01483,0.00039,0.00266,0.00699,0.00223,0.00600,0.03310
1403715374.462233781814575,0.01629,0.00041,0.00045,0.00727,0.00041,0.00585,0.03068
1403715374.512235641479492,0.01772,0.00038,0.00022,0.00723,0.00079,0.00562,0.03197
1403715374.562237739562988,0.01751,0.00041,0.00567,0.00764,0.00628,0.00677,0.04429
1403715374.612237930297852,0.01539,0.00039,0.00651,0.00780,0.00205,0.00665,0.03879
1403715374.662240505218506,0.01831,0.00037,0.00047,0.00700,0.00000,0.00592,0.03207
1403715374.712242603302002,0.01599,0.00040,0.00181,0.00646,0.00043,0.00591,0.03100
1403715374.762244224548340,0.01616,0.00038,0.00099,0.00665,0.00042,0.00598,0.03059
1403715374.812245130538940,0.01605,0.00038,0.00117,0.00687,0.00000,0.00602,0.03050
1403715374.862246513366699,0.01570,0.00035,0.00003,0.00686,0.00370,0.00572,0.03236
1403715374.912248849868774,0.01541,0.00037,0.01290,0.00725,0.00450,0.00763,0.04804
1403715374.962249755859375,0.01582,0.00041,0.00084,0.00723,0.00231,0.00593,0.03253
1403715375.012249469757080,0.01592,0.00038,0.00164,0.00758,0.00151,0.00593,0.03296
1403715375.062249183654785,0.01652,0.00041,0.00032,0.00766,0.00071,0.00598,0.03160
1403715375.112248420715332,0.01573,0.00040,0.00613,0.00785,0.00384,0.00586,0.03980
1403715375.162247180938721,0.01612,0.00039,0.00269,0.00801,0.00000,0.00589,0.03311
1403715375.212246894836426,0.01517,0.00039,0.00913,0.00712,0.00374,0.00599,0.04153
1403715375.262246131896973,0.01585,0.00039,0.00014,0.00772,0.00048,0.00592,0.03051
1403715375.312245845794678,0.01504,0.00040,0.00056,0.00754,0.00117,0.00559,0.03029
1403715375.362246036529541,0.01691,0.00036,0.00112,0.00694,0.00000,0.00590,0.03124
1403715375.412245512008667,0.01782,0.00042,0.00063,0.00629,0.00002,0.00571,0.03089
1403715375.462244749069214,0.01731,0.00038,0.00071,0.00623,0.00079,0.00645,0.03187
1403715375.512246131896973,0.01615,0.00034,0.00673,0.00604,0.01220,0.00724,0.04870
1403715375.562247037887573,0.01581,0.00039,0.00069,0.00818,0.00038,0.00577,0.03122
1403715375.612247467041016,0.01830,0.00039,0.00027,0.00764,0.00264,0.00591,0.03516
1403715375.662246942520142,0.01661,0.00034,0.00072,0.00765,0.00000,0.00575,0.03107
1403715375.712246656417847,0.01539,0.00039,0.00318,0.00692,0.00422,0.00582,0.03593
1403715375.762245416641235,0.01638,0.00040,0.00155,0.00754,0.00050,0.00558,0.03194
1403715375.812244892120361,0.01706,0.00041,0.00652,0.00657,0.00468,0.00545,0.04069
1403715375.862244844436646,0.01665,0.00039,0.00006,0.00802,0.00000,0.00572,0.03085
1403715375.912244796752930,0.01738,0.00039,0.00044,0.00734,0.00142,0.00569,0.03267
1403715375.962245225906372,0.01710,0.00035,0.00166,0.00709,0.00000,0.00588,0.03208
1403715376.012245893478394,0.01648,0.00038,0.00259,0.00666,0.00470,0.00582,0.03663
1403715376.062245845794678,0.01666,0.00039,0.00146,0.00600,0.00133,0.00589,0.03172
1403715376.112245798110962,0.01636,0.00036,0.00124,0.00564,0.00781,0.00582,0.03722
1403715376.162245512008667,0.01735,0.00041,0.00029,0.00729,0.00037,0.00588,0.03159
1403715376.212245464324951,0.01498,0.00039,0.00082,0.00699,0.00073,0.00600,0.02992
1403715376.262244224548340,0.01688,0.00038,0.00129,0.00664,0.00043,0.00609,0.03171
1403715376.312243223190308,0.01702,0.00037,0.00186,0.00624,0.00291,0.00580,0.03419
1403715376.362242221832275,0.01755,0.00040,0.00179,0.00612,0.00686,0.00536,0.03808
1403715376.412243843078613,0.01847,0.00040,0.00540,0.00695,0.00372,0.00587,0.04080
1403715376.462248325347900,0.01706,0.00036,0.00084,0.00765,0.00348,0.00540,0.03478
1403715376.512252092361450,0.01682,0.00041,0.00030,0.00707,0.00196,0.00571,0.03228
1403715376.562253475189209,0.01706,0.00040,0.00075,0.00690,0.00082,0.00584,0.03176
1403715376.612256050109863,0.01782,0.00036,0.00068,0.00626,0.00229,0.00577,0.03318
1403715376.662256002426147,0.01571,0.00042,0.00099,0.00708,0.00883,0.00714,0.04017
1403715376.712254285812378,0.01837,0.00037,0.00054,0.00882,0.00048,0.00576,0.03435
1403715376.762254238128662,0.01763,0.00037,0.00031,0.00820,0.00037,0.00587,0.03275
1403715376.812255144119263,0.01514,0.00040,0.00199,0.00800,0.00255,0.00590,0.03398
1403715376.862257242202759,0.01778,0.00038,0.00064,0.00862,0.00293,0.00586,0.03622
1403715376.912258863449097,0.01788,0.00041,0.00398,0.00846,0.00001,0.00593,0.03667
1403715376.962260007858276,0.01562,0.00043,0.00384,0.00757,0.00037,0.00580,0.03363
1403715377.012259483337402,0.01789,0.00041,0.00507,0.00716,0.00040,0.00570,0.03662
1403715377.062256336212158,0.01588,0.00040,0.00084,0.00691,0.00240,0.00599,0.03242
1403715377.112256050109863,0.01585,0.00038,0.00016,0.00833,0.00051,0.00590,0.03113
1403715377.162255764007568,0.01570,0.00039,0.00197,0.00797,0.00035,0.00583,0.03223
1403715377.212255716323853,0.01845,0.00039,0.00025,0.00722,0.00010,0.00577,0.03218
1403715377.262255430221558,0.01748,0.00041,0.00053,0.00679,0.00040,0.00601,0.03162
1403715377.312255382537842,0.01787,0.00035,0.00059,0.00710,0.00107,0.00589,0.03288
1403715377.362254619598389,0.01580,0.00039,0.00011,0.00722,0.00038,0.00581,0.02972
1403715377.412254571914673,0.02011,0.00040,0.00021,0.00656,0.00230,0.00587,0.03544
1403715377.462254762649536,0.01574,0.00038,0.00091,0.00607,0.00372,0.00569,0.03251
1403715377.512254476547241,0.01748,0.00040,0.00044,0.00618,0.00633,0.00522,0.03604
1403715377.562255382537842,0.01618,0.00037,0.00756,0.00717,0.00346,0.00581,0.04055
1403715377.612255811691284,0.01604,0.00039,0.00346,0.00686,0.00064,0.00583,0.03322
1403715377.662255764007568,0.01567,0.00037,0.00025,0.00690,0.00002,0.00578,0.02900
1403715377.712255477905273,0.01949,0.00037,0.00036,0.00668,0.00068,0.00589,0.03347
1403715377.762255668640137,0.01654,0.00038,0.00080,0.00641,0.00521,0.00592,0.03525
1403715377.812256097793579,0.01759,0.00041,0.00050,0.00608,0.00111,0.00605,0.03173
1403715377.862256288528442,0.01628,0.00035,0.00108,0.00582,0.00741,0.00589,0.03683
1403715377.912256717681885,0.01619,0.00040,0.00302,0.00671,0.00076,0.00597,0.03306
1403715377.962256908416748,0.01772,0.00037,0.00178,0.00665,0.00401,0.00605,0.03658
1403715378.012256860733032,0.01573,0.00038,0.00024,0.00656,0.00115,0.00604,0.03010
1403715378.062257528305054,0.01582,0.00038,0.00519,0.00631,0.00224,0.00624,0.03619
1403715378.112257719039917,0.01593,0.00038,0.00023,0.00597,0.00044,0.00584,0.02879
1403715378.162257909774780,0.01615,0.00038,0.00671,0.00549,0.00127,0.00579,0.03579
1403715378.212257146835327,0.02009,0.00036,0.00033,0.00534,0.00391,0.00595,0.03599
1403715378.262257337570190,0.01661,0.00036,0.01020,0.00587,0.00838,0.00716,0.04858
1403715378.312257766723633,0.01655,0.00039,0.00048,0.00642,0.00034,0.00601,0.03019
1403715378.362258195877075,0.01570,0.00039,0.00023,0.00681,0.00055,0.00584,0.02952
1403715378.412258386611938,0.01642,0.00039,0.00117,0.00553,0.00037,0.00589,0.02977
1403715378.462258338928223,0.01860,0.00037,0.00063,0.00552,0.00000,0.00586,0.03098
1403715378.512258052825928,0.01786,0.00037,0.00093,0.00470,0.00245,0.00587,0.03218
1403715378.562258243560791,0.01579,0.00033,0.00003,0.00492,0.00030,0.00570,0.02707
1403715378.612257957458496,0.01576,0.00034,0.00003,0.00495,0.00000,0.00577,0.02685
1403715378.662257194519043,0.01581,0.00034,0.00110,0.00440,0.00275,0.00598,0.03038
1403715378.712257146835327,0.01587,0.00034,0.00069,0.00445,0.00000,0.00575,0.02710
1403715378.762256145477295,0.01844,0.00036,0.00801,0.00467,0.01119,0.00772,0.05039
1403715378.812256097793579,0.01650,0.00044,0.00016,0.00613,0.00138,0.00603,0.03064
1403715378.862256050109863,0.01609,0.00037,0.00596,0.00557,0.01034,0.00609,0.04442
1403715378.912256002426147,0.01658,0.00040,0.00128,0.00672,0.00112,0.00556,0.03167
1403715378.962255954742432,0.01569,0.00039,0.00018,0.00683,0.00000,0.00604,0.02913
1403715379.012256383895874,0.01497,0.00038,0.00620,0.00655,0.00745,0.00609,0.04164
1403715379.062257289886475,0.01849,0.00039,0.00003,0.00799,0.00000,0.00589,0.03280
1403715379.112257719039917,0.01579,0.00040,0.00090,0.00772,0.00000,0.00577,0.03059
1403715379.162258148193359,0.01404,0.00040,0.00088,0.00774,0.00000,0.00559,0.02866
1403715379.212258100509644,0.01350,0.00037,0.00017,0.00767,0.00005,0.00522,0.02699
1403715379.262258052825928,0.01399,0.00036,0.00017,0.00742,0.00036,0.00558,0.02788
1403715379.312258243560791,0.01388,0.00038,0.00937,0.00700,0.00309,0.00524,0.03896
1403715379.362258195877075,0.01388,0.00039,0.00864,0.00721,0.00001,0.00572,0.03585
1403715379.412258625030518,0.01420,0.00038,0.00176,0.00737,0.00046,0.00568,0.02985
1403715379.462258815765381,0.01418,0.00041,0.00632,0.00777,0.00002,0.00551,0.03421
1403715379.512259244918823,0.01401,0.00039,0.00003,0.00736,0.00119,0.00559,0.02856
1403715379.562259197235107,0.01417,0.00041,0.00016,0.00749,0.00051,0.00525,0.02799
1403715379.612260103225708,0.01491,0.00040,0.00564,0.00725,0.00001,0.00547,0.03368
1403715379.662260055541992,0.01379,0.00039,0.00003,0.00746,0.00000,0.00551,0.02719
1403715379.712260007858276,0.01401,0.00040,0.00062,0.00711,0.00035,0.00539,0.02790
1403715379.762259960174561,0.01656,0.00040,0.00102,0.00667,0.00116,0.00566,0.03147
1403715379.812259197235107,0.02059,0.00036,0.00092,0.00686,0.00032,0.00566,0.03471
1403715379.862258672714233,0.01621,0.00038,0.00200,0.00656,0.00237,0.00570,0.03322
1403715379.912258386611938,0.01588,0.00040,0.00646,0.00664,0.00035,0.00573,0.03546
1403715379.962258338928223,0.01554,0.00040,0.00773,0.00622,0.00208,0.00609,0.03806
1403715380.012258529663086,0.01586,0.00039,0.00068,0.00600,0.00095,0.00620,0.03008
1403715380.062258481979370,0.01507,0.00037,0.00395,0.00624,0.00510,0.00585,0.03657
1403715380.112257242202759,0.01545,0.00042,0.00069,0.00670,0.00001,0.00570,0.02897
1403715380.162256717681885,0.01597,0.00040,0.00132,0.00637,0.00000,0.00553,0.02960
1403715380.212254524230957,0.01490,0.00040,0.00455,0.00595,0.00393,0.00555,0.03528
1403715380.262254476547241,0.01476,0.00040,0.00062,0.00689,0.00002,0.00555,0.02824
1403715380.312255144119263,0.01467,0.00043,0.00169,0.00675,0.00064,0.00539,0.02957
1403715380.362252473831177,0.01454,0.00038,0.01684,0.00659,0.00514,0.00523,0.04871
1403715380.412252426147461,0.01693,0.00040,0.00053,0.00709,0.00000,0.00567,0.03061
1403715380.462252378463745,0.01522,0.00041,0.00090,0.00697,0.00002,0.00553,0.02905
1403715380.512252092361450,0.01515,0.00041,0.00508,0.00593,0.00222,0.00583,0.03461
1403715380.562252044677734,0.01523,0.00037,0.00698,0.00629,0.00107,0.00561,0.03554
1403715380.612252235412598,0.01519,0.00043,0.00082,0.00615,0.00091,0.00565,0.02914
1403715380.662252187728882,0.01527,0.00038,0.00105,0.00569,0.00340,0.00521,0.03101
1403715380.712253570556641,0.01970,0.00037,0.00059,0.00577,0.00000,0.00566,0.03210
1403715380.762253999710083,0.01570,0.00037,0.00287,0.00485,0.00002,0.00572,0.02952
1403715380.812254905700684,0.01533,0.00035,0.00074,0.00464,0.00001,0.00598,0.02704
1403715380.862254858016968,0.01743,0.00037,0.00088,0.00415,0.00035,0.00607,0.02925
1403715380.912255048751831,0.01548,0.00030,0.00070,0.00398,0.00221,0.00599,0.02866
1403715380.962254524230957,0.01664,0.00030,0.00976,0.00369,0.02119,0.00611,0.05768
1403715381.012254476547241,0.01531,0.00039,0.00054,0.00599,0.00000,0.00581,0.02804
1403715381.062254667282104,0.01637,0.00037,0.00035,0.00565,0.00069,0.00602,0.02945
1403715381.112254142761230,0.01635,0.00037,0.00100,0.00570,0.00674,0.00604,0.03620
1403715381.162253618240356,0.01599,0.00040,0.00659,0.00695,0.00063,0.00605,0.03660
1403715381.212253570556641,0.01461,0.00040,0.00070,0.00673,0.00174,0.00552,0.02970
1403715381.262254714965820,0.01754,0.00039,0.01376,0.00596,0.00640,0.00595,0.05000
1403715381.312254428863525,0.02033,0.00037,0.00026,0.00667,0.00000,0.00595,0.03359
1403715381.362254142761230,0.01636,0.00035,0.00115,0.00628,0.00043,0.00586,0.03043
1403715381.412254333496094,0.01518,0.00038,0.00072,0.00615,0.00002,0.00544,0.02789
1403715381.462254047393799,0.01487,0.00036,0.00076,0.00592,0.00000,0.00560,0.02753
1403715381.512253999710083,0.01494,0.00035,0.00064,0.00594,0.00000,0.00564,0.02751
1403715381.562253952026367,0.01416,0.00036,0.00503,0.00554,0.00737,0.00554,0.03800
1403715381.612253904342651,0.01418,0.00039,0.00018,0.00701,0.00002,0.00559,0.02736
1403715381.662254333496094,0.01451,0.00039,0.00004,0.00717,0.00001,0.00642,0.02853
1403715381.712254762649536,0.01457,0.00040,0.00004,0.00694,0.00149,0.00531,0.02874
1403715381.762254953384399,0.01445,0.00037,0.00682,0.00675,0.00144,0.00554,0.03538
1403715381.812256336212158,0.01704,0.00040,0.00134,0.00707,0.00063,0.00554,0.03201
1403715381.862257719039917,0.01410,0.00038,0.02454,0.00781,0.00383,0.00526,0.05592
1403715381.912256956100464,0.01399,0.00041,0.00003,0.00775,0.00000,0.00533,0.02751
1403715381.962255716323853,0.01390,0.00040,0.00022,0.00765,0.00002,0.00606,0.02824
1403715382.012256145477295,0.01403,0.00037,0.00003,0.00762,0.00000,0.00539,0.02745
1403715382.062258005142212,0.01405,0.00038,0.00003,0.00764,0.00000,0.00551,0.02762
1403715382.112259149551392,0.01393,0.00038,0.00035,0.00731,0.00001,0.00560,0.02757
1403715382.162261724472046,0.01435,0.00040,0.00404,0.00698,0.00116,0.00559,0.03251
1403715382.212263107299805,0.01417,0.00040,0.00102,0.00716,0.00002,0.00588,0.02866
1403715382.262264251708984,0.01415,0.00039,0.00020,0.00711,0.00002,0.00541,0.02727
1403715382.312264919281006,0.01431,0.00039,0.00016,0.00696,0.00039,0.00536,0.02758
1403715382.362265825271606,0.01788,0.00038,0.00583,0.00671,0.00242,0.00578,0.03899
1403715382.412266016006470,0.01426,0.00036,0.00028,0.00725,0.00022,0.00528,0.02764
1403715382.462267875671387,0.01447,0.00037,0.02097,0.00765,0.00375,0.00520,0.05241
1403715382.512268066406250,0.01753,0.00038,0.00003,0.00749,0.00000,0.00538,0.03082
1403715382.562268257141113,0.01438,0.00037,0.00022,0.00741,0.00114,0.00559,0.02911
1403715382.612267732620239,0.01405,0.00039,0.00008,0.00748,0.00000,0.00544,0.02744
1403715382.662267446517944,0.01456,0.00038,0.00065,0.00748,0.00000,0.00565,0.02872
1403715382.712267160415649,0.01445,0.00038,0.00018,0.00742,0.00002,0.00536,0.02781
1403715382.762266635894775,0.01438,0.00038,0.00173,0.00735,0.00413,0.00544,0.03341
1403715382.812267065048218,0.01416,0.00041,0.00147,0.00794,0.00000,0.00556,0.02956
1403715382.862266778945923,0.01446,0.00039,0.00114,0.00789,0.00000,0.00545,0.02934
1403715382.912266492843628,0.01708,0.00048,0.00152,0.00849,0.00001,0.00534,0.03291
1403715382.962266206741333,0.01511,0.00042,0.00612,0.00905,0.00001,0.00610,0.03682
1403715383.012266159057617,0.01378,0.00041,0.00004,0.00801,0.00000,0.00550,0.02774
1403715383.062265634536743,0.01397,0.00041,0.03181,0.00793,0.00000,0.00775,0.06188
1403715383.112266063690186,0.01361,0.00039,0.00087,0.00794,0.00000,0.00555,0.02837
1403715383.162266731262207,0.01397,0.00036,0.00103,0.00776,0.00000,0.00569,0.02882
1403715383.212267875671387,0.01463,0.00041,0.00003,0.00765,0.00001,0.00575,0.02848
1403715383.262266874313354,0.01378,0.00040,0.00003,0.00767,0.00000,0.00553,0.02741
1403715383.312265872955322,0.01421,0.00039,0.00019,0.00862,0.00141,0.00558,0.03040
1403715383.362266778945923,0.01407,0.00041,0.00088,0.00780,0.00119,0.00538,0.02972
1403715383.412266016006470,0.01372,0.00041,0.00143,0.00793,0.00000,0.00572,0.02922
1403715383.462263107299805,0.01322,0.00041,0.00161,0.00790,0.00000,0.00548,0.02863
1403715383.512259960174561,0.01445,0.00041,0.00117,0.00789,0.00000,0.00559,0.02951
1403715383.562257766723633,0.01424,0.00039,0.00642,0.00779,0.00001,0.00598,0.03482
1403715383.612255334854126,0.01475,0.00041,0.00307,0.00731,0.00001,0.00554,0.03109
1403715383.662251710891724,0.01806,0.00040,0.02700,0.00741,0.00202,0.00742,0.06232
1403715383.712251186370850,0.01430,0.00040,0.00101,0.00767,0.00002,0.00567,0.02907
1403715383.762252330780029,0.01535,0.00039,0.00079,0.00713,0.00001,0.00553,0.02921
1403715383.812252998352051,0.01452,0.00038,0.00008,0.00722,0.00001,0.00560,0.02781
1403715383.862254142761230,0.01410,0.00040,0.00017,0.00769,0.00004,0.00604,0.02845
1403715383.912255525588989,0.01491,0.00039,0.00061,0.00705,0.00113,0.00550,0.02960
1403715383.962255954742432,0.01463,0.00039,0.00004,0.00740,0.00000,0.00592,0.02838
1403715384.012256145477295,0.01786,0.00040,0.00004,0.00739,0.00115,0.00536,0.03219
1403715384.062256813049316,0.01422,0.00040,0.00126,0.00727,0.00116,0.00562,0.02993
1403715384.112256765365601,0.01450,0.00041,0.00004,0.00757,0.00036,0.00552,0.02840
1403715384.162256956100464,0.01428,0.00040,0.00480,0.00712,0.00117,0.00596,0.03372
1403715384.212258338928223,0.01419,0.00040,0.01145,0.00691,0.00196,0.00584,0.04074
1403715384.262259960174561,0.01428,0.00040,0.02023,0.00956,0.00337,0.00562,0.05345
1403715384.312261104583740,0.01419,0.00041,0.00103,0.00769,0.00115,0.00519,0.02966
1403715384.362262010574341,0.01413,0.00042,0.00005,0.00792,0.00000,0.00562,0.02814
1403715384.412263393402100,0.01995,0.00039,0.00010,0.00794,0.00001,0.00678,0.03517
1403715384.462263822555542,0.01572,0.00041,0.00012,0.00788,0.00119,0.00547,0.03078
1403715384.512264966964722,0.01559,0.00042,0.00026,0.00754,0.00000,0.00565,0.02947
1403715384.562264442443848,0.01790,0.00042,0.00052,0.00719,0.00000,0.00570,0.03174
1403715384.612264871597290,0.01518,0.00041,0.00028,0.00729,0.00049,0.00578,0.02943
1403715384.662264347076416,0.01572,0.00042,0.00071,0.00739,0.00002,0.00584,0.03010
1403715384.712264060974121,0.01475,0.00043,0.00030,0.00695,0.00036,0.00571,0.02850
1403715384.762264728546143,0.01542,0.00036,0.00028,0.00692,0.00534,0.00530,0.03362
1403715384.812265157699585,0.01552,0.00040,0.01117,0.00716,0.00388,0.00634,0.04447
1403715384.862262725830078,0.01492,0.00041,0.01486,0.00770,0.00000,0.00648,0.04437
1403715384.912261724472046,0.01444,0.00039,0.00435,0.00659,0.00045,0.00557,0.03178
1403715384.962259054183960,0.01376,0.00040,0.01065,0.00642,0.00372,0.00519,0.04013
1403715385.012259960174561,0.01702,0.00041,0.00038,0.00721,0.00083,0.00570,0.03155
1403715385.062263011932373,0.01604,0.00036,0.00043,0.00607,0.00077,0.00600,0.02968
1403715385.112262487411499,0.01792,0.00035,0.00028,0.00709,0.00044,0.00569,0.03178
1403715385.162262678146362,0.01572,0.00038,0.00030,0.00692,0.00001,0.00644,0.02977
1403715385.212263107299805,0.01477,0.00037,0.00008,0.00751,0.00000,0.00567,0.02841
1403715385.262263059616089,0.01496,0.00034,0.00037,0.00617,0.00045,0.00574,0.02804
1403715385.312263488769531,0.01461,0.00036,0.00094,0.00621,0.00076,0.00569,0.02856
1403715385.362262964248657,0.01481,0.00032,0.00088,0.00621,0.00000,0.00568,0.02791
1403715385.412261962890625,0.01481,0.00034,0.00010,0.00624,0.01376,0.00522,0.04048
1403715385.462262392044067,0.01493,0.00037,0.00954,0.00786,0.00201,0.00557,0.04027
1403715385.512261867523193,0.01431,0.00039,0.00004,0.00914,0.00001,0.00563,0.02951
1403715385.562260150909424,0.01494,0.00038,0.01765,0.00785,0.00049,0.00657,0.04788
1403715385.612260341644287,0.01484,0.00039,0.00501,0.00812,0.00125,0.00573,0.03534
1403715385.662260770797729,0.01669,0.00042,0.00026,0.00822,0.00000,0.00550,0.03108
1403715385.712261199951172,0.01474,0.00036,0.00003,0.00821,0.00001,0.00551,0.02886
1403715385.762261629104614,0.01441,0.00037,0.00003,0.00821,0.00000,0.00568,0.02870
1403715385.812262058258057,0.01484,0.00041,0.00019,0.00797,0.00000,0.00551,0.02893
1403715385.862262010574341,0.01470,0.00038,0.00008,0.00761,0.00007,0.00557,0.02841
1403715385.912261962890625,0.01460,0.00039,0.00023,0.00716,0.00037,0.00557,0.02833
1403715385.962260723114014,0.01466,0.00038,0.00140,0.00663,0.00042,0.00520,0.02870
1403715386.012257814407349,0.01407,0.00038,0.00116,0.00670,0.00113,0.00574,0.02917
1403715386.062257051467896,0.01375,0.00038,0.00688,0.00711,0.00730,0.00713,0.04255
1403715386.112256765365601,0.01352,0.00039,0.00111,0.00754,0.00000,0.00556,0.02814
1403715386.162256240844727,0.01419,0.00050,0.01593,0.00699,0.00851,0.00534,0.05146
1403715386.212256908416748,0.01693,0.00041,0.00031,0.00790,0.00007,0.00559,0.03121
1403715386.262256622314453,0.01377,0.00038,0.00014,0.00755,0.00000,0.00535,0.02719
1403715386.312257528305054,0.01340,0.00038,0.00015,0.00754,0.00049,0.00595,0.02791
1403715386.362257242202759,0.01399,0.00037,0.00022,0.00752,0.00002,0.00551,0.02763
1403715386.412255764007568,0.01322,0.00036,0.00003,0.00745,0.00000,0.00544,0.02651
1403715386.462255477905273,0.01368,0.00037,0.00023,0.00673,0.00110,0.00585,0.02796
1403715386.512254953384399,0.01824,0.00034,0.00024,0.00621,0.00076,0.00579,0.03158
1403715386.562256336212158,0.01471,0.00035,0.00022,0.00607,0.00000,0.00566,0.02701
1403715386.612256288528442,0.01482,0.00034,0.00059,0.00559,0.00040,0.00606,0.02780
1403715386.662256240844727,0.01504,0.00036,0.00029,0.00537,0.01210,0.00574,0.03890
1403715386.712255954742432,0.01414,0.00039,0.00073,0.00698,0.00001,0.00592,0.02817
1403715386.762248039245605,0.01661,0.00037,0.01752,0.00654,0.00863,0.00551,0.05518
1403715386.812244653701782,0.01443,0.00041,0.00071,0.00794,0.00006,0.00561,0.02916
1403715386.862240552902222,0.01495,0.00039,0.00003,0.00768,0.00000,0.00546,0.02852
1403715386.912241458892822,0.01487,0.00038,0.00003,0.00761,0.00001,0.00563,0.02853
1403715386.962242126464844,0.01474,0.00039,0.00018,0.00748,0.00156,0.00578,0.03013
1403715387.012243747711182,0.01416,0.00039,0.00044,0.00759,0.00000,0.00568,0.02825
1403715387.062241077423096,0.01482,0.00038,0.02195,0.00936,0.00414,0.00797,0.05862
1403715387.112241268157959,0.01446,0.00042,0.00061,0.00875,0.00001,0.00588,0.03011
1403715387.162241697311401,0.01587,0.00043,0.00023,0.00871,0.00001,0.00602,0.03125
1403715387.212242126464844,0.01620,0.00037,0.00022,0.00772,0.00001,0.00610,0.03062
1403715387.262242317199707,0.01611,0.00038,0.00015,0.00734,0.00000,0.00616,0.03015
1403715387.312242984771729,0.01728,0.00043,0.00004,0.00718,0.00000,0.00592,0.03086
1403715387.362241029739380,0.01597,0.00039,0.01915,0.00840,0.00822,0.00749,0.05961
1403715387.412240982055664,0.01552,0.00040,0.00233,0.00788,0.00001,0.00588,0.03201
1403715387.462240695953369,0.01617,0.00040,0.00018,0.00806,0.00000,0.00586,0.03067
1403715387.512241601943970,0.01580,0.00039,0.00029,0.00764,0.00005,0.00606,0.03023
1403715387.562242507934570,0.01597,0.00040,0.00004,0.00753,0.00000,0.00598,0.02992
1403715387.612242937088013,0.01620,0.00037,0.00024,0.00639,0.00000,0.00594,0.02914
1403715387.662242412567139,0.01543,0.00038,0.01802,0.00638,0.00629,0.00593,0.05244
1403715387.712238311767578,0.01540,0.00038,0.00033,0.00697,0.00075,0.00679,0.03062
1403715387.762238740921021,0.01536,0.00037,0.00025,0.00653,0.00046,0.00615,0.02912
1403715387.812236785888672,0.01535,0.00037,0.00017,0.00658,0.00001,0.00599,0.02848
1403715387.862234592437744,0.01692,0.00039,0.00015,0.00625,0.00001,0.00598,0.02969
1403715387.912233352661133,0.01559,0.00037,0.00044,0.00598,0.00000,0.00591,0.02830
1403715387.962231397628784,0.01521,0.00037,0.01353,0.00582,0.01245,0.00571,0.05309
1403715388.012231826782227,0.01522,0.00039,0.00098,0.00755,0.00221,0.00597,0.03232
1403715388.062232255935669,0.01840,0.00038,0.00024,0.00748,0.00000,0.00589,0.03240
1403715388.112231969833374,0.01589,0.00040,0.00031,0.00716,0.00192,0.00605,0.03172
1403715388.162231922149658,0.01562,0.00037,0.00017,0.00710,0.00001,0.00600,0.02927
1403715388.212231636047363,0.01613,0.00035,0.00018,0.00657,0.00000,0.00600,0.02923
1403715388.262231826782227,0.01545,0.00037,0.01515,0.00618,0.00861,0.00598,0.05173
1403715388.312232971191406,0.01562,0.00037,0.00075,0.00725,0.00179,0.00559,0.03137
1403715388.362232923507690,0.01566,0.00038,0.00026,0.00725,0.00001,0.00600,0.02955
1403715388.412233352661133,0.01743,0.00038,0.00021,0.00692,0.00000,0.00584,0.03078
1403715388.462233304977417,0.01542,0.00036,0.00027,0.00606,0.00000,0.00591,0.02802
1403715388.512234926223755,0.01506,0.00035,0.00059,0.00528,0.00002,0.00589,0.02719
1403715388.562237262725830,0.01852,0.00032,0.00520,0.00443,0.01960,0.00589,0.05396
1403715388.612238407135010,0.01544,0.00037,0.00840,0.00696,0.00946,0.00580,0.04643
1403715388.662238597869873,0.01567,0.00040,0.00023,0.00847,0.00001,0.00579,0.03056
1403715388.712239027023315,0.01537,0.00038,0.00042,0.00828,0.00118,0.00591,0.03154
1403715388.762239217758179,0.01571,0.00039,0.00033,0.00789,0.00004,0.00589,0.03027
1403715388.812238931655884,0.01542,0.00035,0.00003,0.00789,0.00001,0.00623,0.02994
1403715388.862238883972168,0.01527,0.00039,0.01008,0.00774,0.00407,0.00706,0.04461
1403715388.912239074707031,0.01546,0.00039,0.00003,0.00853,0.00001,0.00577,0.03018
1403715388.962239027023315,0.01741,0.00042,0.00047,0.00832,0.00000,0.00589,0.03250
1403715389.012238740921021,0.01481,0.00040,0.00065,0.00841,0.00000,0.00582,0.03009
1403715389.062239408493042,0.01534,0.00040,0.00018,0.00771,0.00002,0.00577,0.02943
1403715389.112239837646484,0.01527,0.00039,0.01270,0.00727,0.00144,0.00616,0.04322
1403715389.162240266799927,0.01412,0.00038,0.00377,0.00869,0.00423,0.00597,0.03716
1403715389.212240457534790,0.01819,0.00044,0.00710,0.00984,0.00378,0.00597,0.04532
1403715389.262240171432495,0.01668,0.00053,0.00154,0.00881,0.00001,0.00536,0.03293
1403715389.312240123748779,0.01423,0.00038,0.00005,0.00882,0.00001,0.00536,0.02884
1403715389.362240314483643,0.01467,0.00041,0.00097,0.00830,0.00001,0.00592,0.03027
1403715389.412239789962769,0.01369,0.00040,0.00045,0.00786,0.00001,0.00550,0.02791
1403715389.462239742279053,0.01398,0.00037,0.00813,0.00720,0.00371,0.00535,0.03874
1403715389.512239694595337,0.01571,0.00036,0.00062,0.00782,0.00001,0.00562,0.03013
1403715389.562239646911621,0.01368,0.00039,0.00003,0.00779,0.00001,0.00539,0.02728
1403715389.612240076065063,0.01330,0.00038,0.00003,0.00768,0.00000,0.00555,0.02695
1403715389.662240028381348,0.01398,0.00039,0.00003,0.00772,0.00114,0.00565,0.02892
1403715389.712240695953369,0.01366,0.00039,0.01041,0.00787,0.00382,0.00560,0.04177
1403715389.762240409851074,0.01337,0.00040,0.00479,0.00832,0.00001,0.00541,0.03229
1403715389.812240362167358,0.01333,0.00041,0.01262,0.00821,0.00001,0.00541,0.03999
1403715389.862240076065063,0.01393,0.00042,0.00022,0.00812,0.00049,0.00560,0.02879
1403715389.912239551544189,0.01367,0.00040,0.00003,0.00905,0.00001,0.00546,0.02861
1403715389.962239265441895,0.01367,0.00041,0.00018,0.00813,0.00047,0.00547,0.02833
1403715390.012238740921021,0.01262,0.00041,0.00027,0.00809,0.00001,0.00570,0.02710
1403715390.062238693237305,0.01661,0.00035,0.00669,0.00766,0.00302,0.00556,0.03989
1403715390.112238407135010,0.01385,0.00040,0.00023,0.00823,0.00001,0.00557,0.02829
1403715390.162238597869873,0.01386,0.00039,0.00067,0.00809,0.00000,0.00534,0.02837
1403715390.212238311767578,0.01445,0.00037,0.00016,0.00774,0.00000,0.00566,0.02839
1403715390.262239933013916,0.01302,0.00036,0.00017,0.00730,0.00000,0.00559,0.02643
1403715390.312243223190308,0.01382,0.00038,0.00645,0.00707,0.00885,0.00507,0.04164
1403715390.362243890762329,0.01419,0.00041,0.00337,0.00861,0.00001,0.00551,0.03209
1403715390.412245035171509,0.01560,0.00043,0.01077,0.00851,0.00000,0.00540,0.04072
1403715390.462244272232056,0.01379,0.00041,0.00182,0.00861,0.00002,0.00552,0.03017
1403715390.512244462966919,0.01358,0.00039,0.00037,0.00817,0.00001,0.00550,0.02801
1403715390.562244892120361,0.01394,0.00038,0.00039,0.00824,0.00001,0.00555,0.02852
1403715390.612244606018066,0.01515,0.00039,0.00339,0.00811,0.00231,0.00551,0.03486
1403715390.662245035171509,0.01387,0.00061,0.00528,0.00847,0.00204,0.00631,0.03656
1403715390.712244987487793,0.01661,0.00039,0.00087,0.00829,0.00001,0.00559,0.03176
1403715390.762245416641235,0.01336,0.00053,0.00126,0.00737,0.00209,0.00575,0.03036
1403715390.812247514724731,0.01408,0.00037,0.00067,0.00728,0.00000,0.00557,0.02796
1403715390.862251996994019,0.01428,0.00036,0.00017,0.00734,0.00043,0.00561,0.02820
1403715390.912253141403198,0.01452,0.00036,0.00139,0.00749,0.00414,0.00541,0.03333
1403715390.962254047393799,0.01404,0.00039,0.01023,0.00868,0.00000,0.00565,0.03899
1403715391.012254238128662,0.01282,0.00040,0.00813,0.00948,0.00001,0.00533,0.03617
1403715391.062254428863525,0.01358,0.00038,0.00090,0.00889,0.00000,0.00560,0.02935
1403715391.112254858016968,0.01331,0.00041,0.00011,0.00872,0.00000,0.00549,0.02804
1403715391.162255287170410,0.01385,0.00043,0.00020,0.00849,0.00000,0.00557,0.02855
1403715391.212256431579590,0.01374,0.00040,0.00166,0.00812,0.00038,0.00539,0.02969
1403715391.262258768081665,0.01470,0.00054,0.01318,0.00833,0.00434,0.00730,0.04837
1403715391.312258481979370,0.01679,0.00040,0.00103,0.00889,0.00001,0.00619,0.03331
1403715391.362257957458496,0.01432,0.00034,0.00022,0.00775,0.00114,0.00570,0.02946
1403715391.412257671356201,0.01360,0.00037,0.00094,0.00743,0.00001,0.00556,0.02790
1403715391.462257623672485,0.01386,0.00038,0.00092,0.00745,0.00000,0.00537,0.02799
1403715391.512258291244507,0.01323,0.00038,0.00073,0.00727,0.00002,0.00541,0.02704
1403715391.562259197235107,0.01347,0.00037,0.00643,0.00740,0.00914,0.00596,0.04276
1403715391.612257719039917,0.01680,0.00037,0.00500,0.00854,0.00118,0.00587,0.03776
1403715391.662257194519043,0.01434,0.00039,0.00093,0.00905,0.00000,0.00541,0.03012
1403715391.712256193161011,0.01740,0.00042,0.00033,0.00896,0.00000,0.00546,0.03256
1403715391.762255430221558,0.01454,0.00040,0.00219,0.00836,0.00001,0.00548,0.03097
1403715391.812256336212158,0.01392,0.00039,0.00056,0.00820,0.00067,0.00537,0.02912
1403715391.862256765365601,0.01455,0.00041,0.01145,0.00766,0.00548,0.00700,0.04655
1403715391.912257194519043,0.01536,0.00037,0.00093,0.00806,0.00000,0.00562,0.03034
1403715391.962256431579590,0.01735,0.00039,0.00090,0.00779,0.00001,0.00549,0.03193
1403715392.012256145477295,0.01524,0.00037,0.00119,0.00728,0.00000,0.00548,0.02956
1403715392.062255620956421,0.01432,0.00039,0.00140,0.00715,0.00000,0.00542,0.02869
1403715392.112254858016968,0.01453,0.00038,0.00033,0.00667,0.00111,0.00619,0.02921
1403715392.162254333496094,0.01389,0.00042,0.00721,0.00670,0.00691,0.00550,0.04063
1403715392.212254285812378,0.01386,0.00040,0.00168,0.00702,0.00144,0.00519,0.02960
1403715392.262254476547241,0.01632,0.00039,0.00093,0.00655,0.00110,0.00506,0.03035
1403715392.312254905700684,0.01543,0.00037,0.00106,0.00627,0.00056,0.00584,0.02954
1403715392.362257003784180,0.01362,0.00040,0.00100,0.00617,0.00105,0.00524,0.02748
1403715392.412256956100464,0.01705,0.00038,0.00113,0.00577,0.00098,0.00554,0.03085
1403715392.462254524230957,0.01369,0.00037,0.00676,0.00567,0.01103,0.00643,0.04394
1403715392.512252569198608,0.01603,0.00038,0.00684,0.00602,0.00535,0.00551,0.04013
1403715392.562251567840576,0.01498,0.00035,0.00172,0.00654,0.00000,0.00619,0.02978
1403715392.612249374389648,0.01375,0.00038,0.00076,0.00623,0.00004,0.00533,0.02649
1403715392.662248373031616,0.01570,0.00037,0.00075,0.00589,0.00082,0.00590,0.02943
1403715392.712247371673584,0.01409,0.00036,0.00093,0.00569,0.00002,0.00537,0.02646
1403715392.762244224548340,0.01540,0.00033,0.00042,0.00548,0.00222,0.00528,0.02912
1403715392.812242031097412,0.01645,0.00039,0.00236,0.00512,0.00060,0.00544,0.03035
1403715392.862240552902222,0.01346,0.00034,0.00106,0.00509,0.00667,0.00545,0.03206
1403715392.912240743637085,0.01459,0.00037,0.00032,0.00605,0.00041,0.00543,0.02717
1403715392.962240934371948,0.01647,0.00039,0.00216,0.00604,0.00686,0.00548,0.03739
1403715393.012240171432495,0.01393,0.00038,0.00024,0.00648,0.00096,0.00542,0.02741
1403715393.062238454818726,0.01429,0.00037,0.00618,0.00526,0.00703,0.00559,0.03872
1403715393.112236022949219,0.01553,0.00037,0.00025,0.00627,0.00531,0.00566,0.03338
1403715393.162235975265503,0.01760,0.00038,0.00033,0.00671,0.00002,0.00545,0.03051
1403715393.212236642837524,0.01480,0.00037,0.00045,0.00654,0.00591,0.00524,0.03330
1403715393.262237787246704,0.01470,0.00040,0.00038,0.00750,0.00194,0.00550,0.03042
1403715393.312238454818726,0.01486,0.00038,0.00834,0.00737,0.00339,0.00554,0.03989
1403715393.362240076065063,0.01676,0.00045,0.00103,0.00808,0.00094,0.00595,0.03320
1403715393.412240982055664,0.01921,0.00046,0.00187,0.00760,0.00115,0.00656,0.03685
1403715393.462241172790527,0.01443,0.00038,0.00183,0.00563,0.00190,0.00542,0.02960
1403715393.512240886688232,0.01396,0.00037,0.00176,0.00573,0.00763,0.00619,0.03563
1403715393.562239885330200,0.01397,0.00036,0.00019,0.00611,0.00043,0.00525,0.02631
1403715393.612239599227905,0.01284,0.00038,0.00027,0.00615,0.00089,0.00612,0.02665
1403715393.662237405776978,0.01630,0.00036,0.00572,0.00582,0.00741,0.00509,0.04071
1403715393.712236166000366,0.01390,0.00038,0.00570,0.00620,0.00145,0.00607,0.03371
1403715393.762234449386597,0.01405,0.00038,0.00140,0.00662,0.00000,0.00613,0.02859
1403715393.812233686447144,0.01606,0.00041,0.00266,0.00615,0.00043,0.00610,0.03180
1403715393.862233638763428,0.01360,0.00035,0.00021,0.00611,0.00001,0.00538,0.02565
1403715393.912234067916870,0.01644,0.00037,0.00223,0.00571,0.00000,0.00552,0.03028
1403715393.962233304977417,0.01909,0.00035,0.00768,0.00530,0.01144,0.00570,0.04956
1403715394.012233734130859,0.01486,0.00036,0.00021,0.00648,0.00000,0.00618,0.02810
1403715394.062234163284302,0.01495,0.00034,0.00021,0.00637,0.00000,0.00567,0.02755
1403715394.112234115600586,0.01477,0.00037,0.00104,0.00619,0.00187,0.00579,0.03003
1403715394.162234783172607,0.01398,0.00037,0.00003,0.00661,0.00000,0.00566,0.02665
1403715394.212235212326050,0.01388,0.00037,0.00619,0.00602,0.00348,0.00576,0.03570
1403715394.262235403060913,0.01450,0.00036,0.00132,0.00649,0.00243,0.00563,0.03072
1403715394.312235355377197,0.01362,0.00035,0.00290,0.00630,0.00369,0.00567,0.03254
1403715394.362235069274902,0.01400,0.00038,0.00463,0.00532,0.00842,0.00578,0.03853
1403715394.412235498428345,0.01349,0.00038,0.00191,0.00655,0.00039,0.00569,0.02842
1403715394.462235450744629,0.02102,0.00037,0.00049,0.00550,0.00002,0.00562,0.03303
1403715394.512234687805176,0.01436,0.00033,0.01105,0.00484,0.00682,0.00680,0.04420
1403715394.562234640121460,0.01486,0.00037,0.00047,0.00596,0.00418,0.00559,0.03143
1403715394.612233400344849,0.01362,0.00036,0.00008,0.00640,0.00000,0.00559,0.02605
1403715394.662234067916870,0.01404,0.00033,0.00010,0.00550,0.00001,0.00642,0.02639
1403715394.712234973907471,0.01411,0.00035,0.00010,0.00516,0.00000,0.00549,0.02522
1403715394.762236118316650,0.01329,0.00037,0.00077,0.00460,0.00087,0.00623,0.02613
1403715394.812236547470093,0.01290,0.00034,0.00020,0.00436,0.00544,0.00539,0.02864
1403715394.862237215042114,0.01398,0.00035,0.00113,0.00402,0.00043,0.00588,0.02579
1403715394.912236213684082,0.01812,0.00032,0.00014,0.00396,0.00009,0.00555,0.02819
1403715394.962235689163208,0.01446,0.00031,0.00194,0.00377,0.00272,0.00552,0.02872
1403715395.012235641479492,0.01383,0.00030,0.00154,0.00390,0.00819,0.00548,0.03323
1403715395.062235355377197,0.01297,0.00030,0.00012,0.00502,0.00000,0.00559,0.02400
1403715395.112235307693481,0.01349,0.00031,0.00442,0.00476,0.00219,0.00553,0.03069
1403715395.162234783172607,0.01319,0.00034,0.00003,0.00512,0.00027,0.00548,0.02442
1403715395.212234973907471,0.01535,0.00033,0.00008,0.00506,0.00000,0.00551,0.02633
1403715395.262233495712280,0.01472,0.00033,0.00011,0.00504,0.00000,0.00541,0.02561
1403715395.312233209609985,0.01762,0.00031,0.00030,0.00494,0.00001,0.00578,0.02896
1403715395.362233638763428,0.01476,0.00031,0.00033,0.00442,0.00006,0.00564,0.02553
1403715395.412233352661133,0.01388,0.00033,0.00027,0.00435,0.00010,0.00621,0.02515
1403715395.462233543395996,0.01560,0.00034,0.00244,0.00429,0.01754,0.00722,0.04743
1403715395.512233734130859,0.01602,0.00037,0.00037,0.00618,0.00111,0.00638,0.03043
1403715395.562235116958618,0.01429,0.00063,0.00208,0.00610,0.00000,0.00570,0.02881
1403715395.612234830856323,0.01375,0.00037,0.00015,0.00565,0.00299,0.00649,0.02941
1403715395.662234783172607,0.01384,0.00038,0.00016,0.00572,0.00000,0.00553,0.02563
1403715395.712235450744629,0.01386,0.00036,0.00440,0.00480,0.00859,0.00566,0.03766
1403715395.762235403060913,0.01392,0.00033,0.00282,0.00609,0.00307,0.00566,0.03188
1403715395.812236070632935,0.01350,0.00038,0.00019,0.00621,0.00002,0.00531,0.02561
1403715395.862234592437744,0.01339,0.00038,0.01311,0.00586,0.00033,0.00543,0.03848
1403715395.912234783172607,0.01374,0.00035,0.00014,0.00606,0.00005,0.00550,0.02584
1403715395.962236166000366,0.01379,0.00038,0.00003,0.00601,0.00000,0.00631,0.02652
1403715396.012236118316650,0.01282,0.00036,0.00014,0.00574,0.00000,0.00573,0.02479
1403715396.062235832214355,0.01240,0.00036,0.00092,0.00537,0.01226,0.00558,0.03688
1403715396.112238407135010,0.01330,0.00041,0.00029,0.00675,0.00046,0.00557,0.02678
1403715396.162241697311401,0.01597,0.00040,0.00019,0.00661,0.00000,0.00581,0.02899
1403715396.212242841720581,0.01379,0.00038,0.00333,0.00588,0.00718,0.00560,0.03615
1403715396.262245655059814,0.01338,0.00040,0.00049,0.00664,0.00041,0.00559,0.02691
1403715396.312248706817627,0.01455,0.00032,0.00170,0.00684,0.00813,0.00555,0.03709
1403715396.362251758575439,0.01381,0.00041,0.00471,0.00827,0.00001,0.00528,0.03248
1403715396.412252664566040,0.01350,0.00041,0.00099,0.00846,0.00000,0.00538,0.02875
1403715396.462251424789429,0.01354,0.00041,0.01403,0.00807,0.00001,0.00552,0.04157
1403715396.512252092361450,0.01304,0.00040,0.00003,0.00869,0.00001,0.00569,0.02787
1403715396.562252998352051,0.01365,0.00040,0.00025,0.00805,0.00000,0.00554,0.02789
1403715396.612253189086914,0.01345,0.00040,0.00012,0.00791,0.00001,0.00546,0.02734
1403715396.662254571914673,0.01512,0.00039,0.00040,0.00634,0.00007,0.00545,0.02777
1403715396.712255716323853,0.01349,0.00038,0.00515,0.00591,0.00207,0.00552,0.03251
1403715396.762255907058716,0.01293,0.00038,0.00095,0.00608,0.00044,0.00544,0.02622
1403715396.812256813049316,0.01702,0.00037,0.00015,0.00591,0.00015,0.00550,0.02909
1403715396.862256765365601,0.01346,0.00035,0.00005,0.00587,0.00000,0.00553,0.02526
1403715396.912256956100464,0.01357,0.00034,0.00020,0.00548,0.00039,0.00549,0.02546
1403715396.962258100509644,0.01376,0.00038,0.00035,0.00544,0.00294,0.00517,0.02803
1403715397.012258291244507,0.01249,0.00037,0.00023,0.00571,0.00000,0.00538,0.02418
1403715397.062259197235107,0.01263,0.00033,0.01157,0.00544,0.00381,0.00617,0.03995
1403715397.112257480621338,0.01553,0.00037,0.00016,0.00597,0.00040,0.00561,0.02805
1403715397.162255764007568,0.01355,0.00038,0.00023,0.00593,0.00000,0.00557,0.02566
1403715397.212254762649536,0.01508,0.00037,0.00012,0.00513,0.00000,0.00549,0.02620
1403715397.262252330780029,0.01395,0.00036,0.00022,0.00443,0.00000,0.00557,0.02454
1403715397.312244653701782,0.01470,0.00036,0.00313,0.00447,0.01107,0.00548,0.03921
1403715397.362240552902222,0.01347,0.00039,0.00103,0.00602,0.01319,0.00704,0.04114
1403715397.412238836288452,0.01341,0.00038,0.00005,0.00785,0.00391,0.00547,0.03108
1403715397.462238073348999,0.01353,0.00039,0.00009,0.00854,0.00001,0.00547,0.02803
1403715397.512238502502441,0.01406,0.00040,0.00018,0.00852,0.00005,0.00541,0.02862
1403715397.562237024307251,0.01471,0.00042,0.00028,0.00876,0.00007,0.00574,0.02998
1403715397.612235546112061,0.01656,0.00046,0.00122,0.00882,0.00001,0.00543,0.03250
1403715397.662234544754028,0.01339,0.00038,0.02301,0.00874,0.00013,0.00566,0.05131
1403715397.712234020233154,0.01512,0.00037,0.00025,0.00745,0.00001,0.00557,0.02876
1403715397.762233734130859,0.01592,0.00036,0.00019,0.00722,0.00001,0.00534,0.02905
1403715397.812234163284302,0.01535,0.00037,0.00110,0.00710,0.00000,0.00536,0.02929
1403715397.862234354019165,0.01388,0.00037,0.00032,0.00715,0.00000,0.00554,0.02726
1403715397.912234306335449,0.01345,0.00038,0.00487,0.00694,0.00881,0.00554,0.03999
1403715397.962234497070312,0.01503,0.00039,0.00211,0.00834,0.00001,0.00551,0.03139
1403715398.012234449386597,0.01317,0.00041,0.00088,0.00839,0.00001,0.00537,0.02820
1403715398.062235116958618,0.01340,0.00042,0.00094,0.00836,0.00000,0.00591,0.02903
1403715398.112234830856323,0.01636,0.00038,0.00197,0.00725,0.00009,0.00552,0.03157
1403715398.162235021591187,0.01351,0.00038,0.00102,0.00675,0.00184,0.00593,0.02943
1403715398.212237358093262,0.01372,0.00035,0.00138,0.00673,0.00047,0.00575,0.02841
1403715398.262240409851074,0.01397,0.00039,0.01353,0.00681,0.00538,0.00699,0.04707
1403715398.312241077423096,0.01579,0.00034,0.00033,0.00732,0.00000,0.00540,0.02919
1403715398.362241268157959,0.01501,0.00038,0.00029,0.00711,0.00205,0.00584,0.03069
1403715398.412242174148560,0.01499,0.00037,0.00061,0.00758,0.00000,0.00567,0.02922
1403715398.462241649627686,0.01383,0.00038,0.00005,0.00763,0.00000,0.00632,0.02821
1403715398.512241840362549,0.01397,0.00035,0.00515,0.00740,0.00590,0.00564,0.03842
1403715398.562241554260254,0.01590,0.00037,0.00088,0.00854,0.00007,0.00600,0.03176
1403715398.612241268157959,0.01470,0.00040,0.00099,0.00846,0.00000,0.00552,0.03008
1403715398.662241935729980,0.01481,0.00040,0.00881,0.00779,0.00197,0.00682,0.04059
1403715398.712241888046265,0.01422,0.00038,0.00003,0.00813,0.00010,0.00627,0.02914
1403715398.762242078781128,0.01421,0.00038,0.00022,0.00783,0.00007,0.00642,0.02913
1403715398.812242031097412,0.01387,0.00037,0.00052,0.00721,0.00035,0.00566,0.02798
1403715398.862242221832275,0.01875,0.00036,0.00670,0.00659,0.00744,0.00526,0.04509
1403715398.912241935729980,0.01402,0.00037,0.00026,0.00769,0.00001,0.00561,0.02795
1403715398.962241411209106,0.01362,0.00037,0.00117,0.00722,0.00016,0.00626,0.02879
1403715399.012240886688232,0.01324,0.00037,0.00023,0.00709,0.00000,0.00565,0.02659
1403715399.062240600585938,0.01389,0.00033,0.00003,0.00685,0.00000,0.00621,0.02732
1403715399.112239599227905,0.01375,0.00036,0.00792,0.00670,0.01329,0.00599,0.04801
1403715399.162239789962769,0.01441,0.00037,0.00010,0.00921,0.00000,0.00616,0.03026
1403715399.212240219116211,0.01385,0.00040,0.00010,0.00896,0.00001,0.00554,0.02885
1403715399.262241125106812,0.01484,0.00042,0.00826,0.00882,0.00001,0.00654,0.03890
1403715399.312241792678833,0.01451,0.00039,0.00029,0.00895,0.00049,0.00563,0.03026
1403715399.362241983413696,0.01372,0.00040,0.00010,0.00916,0.00001,0.00661,0.02999
1403715399.412242412567139,0.01396,0.00036,0.00759,0.00901,0.00000,0.00559,0.03652
1403715399.462242603302002,0.01472,0.00039,0.00543,0.00920,0.00001,0.00603,0.03579
1403715399.512241601943970,0.01443,0.00040,0.00003,0.00915,0.00000,0.00554,0.02956
1403715399.562240362167358,0.01554,0.00039,0.00172,0.00886,0.00000,0.00624,0.03276
1403715399.612239599227905,0.01394,0.00040,0.00014,0.00920,0.00001,0.00629,0.02998
1403715399.662239313125610,0.01611,0.00041,0.00043,0.00854,0.00054,0.00647,0.03250
1403715399.712239980697632,0.01762,0.00038,0.00638,0.00784,0.00203,0.00563,0.03988
1403715399.762242078781128,0.01442,0.00038,0.00027,0.00828,0.00007,0.00578,0.02920
1403715399.812243461608887,0.01546,0.00036,0.00010,0.00858,0.00001,0.00551,0.03001
1403715399.862246036529541,0.01467,0.00038,0.00541,0.00841,0.00591,0.00610,0.04088
1403715399.912247180938721,0.01459,0.00039,0.00013,0.00907,0.00000,0.00578,0.02997
1403715399.962248086929321,0.01628,0.00040,0.00102,0.00873,0.00000,0.00604,0.03247
1403715400.012248516082764,0.01427,0.00039,0.00740,0.00850,0.00205,0.00574,0.03834
1403715400.062248468399048,0.01475,0.00037,0.00698,0.00904,0.00001,0.00650,0.03765
1403715400.112248182296753,0.01483,0.00041,0.00010,0.00924,0.00000,0.00551,0.03010
1403715400.162248134613037,0.01495,0.00036,0.00436,0.00912,0.00001,0.00655,0.03534
1403715400.212248086929321,0.01462,0.00038,0.00004,0.00924,0.00000,0.00562,0.02991
1403715400.262247085571289,0.01378,0.00040,0.01692,0.01200,0.00001,0.00615,0.04925
1403715400.312246561050415,0.01502,0.00037,0.00663,0.00908,0.00001,0.00537,0.03647
1403715400.362246036529541,0.01455,0.00039,0.00023,0.00962,0.00001,0.00609,0.03089
1403715400.412243604660034,0.01497,0.00039,0.00008,0.00926,0.00000,0.00571,0.03042
1403715400.462242364883423,0.01452,0.00040,0.00539,0.00879,0.00001,0.00609,0.03519
1403715400.512240648269653,0.01551,0.00041,0.00227,0.00790,0.00000,0.00547,0.03156
1403715400.562241315841675,0.01453,0.00038,0.00003,0.00773,0.00115,0.00588,0.02970
1403715400.612240314483643,0.01486,0.00038,0.00669,0.00687,0.00370,0.00619,0.03870
1403715400.662240505218506,0.01484,0.00040,0.00600,0.00674,0.00399,0.00645,0.03842
1403715400.712240695953369,0.01431,0.00034,0.00016,0.00708,0.00045,0.00560,0.02794
1403715400.762242078781128,0.01396,0.00038,0.00154,0.00698,0.00317,0.00635,0.03239
1403715400.812243223190308,0.01387,0.00039,0.00025,0.00767,0.00071,0.00496,0.02784
1403715400.862242698669434,0.01471,0.00037,0.01187,0.00764,0.00194,0.00661,0.04315
1403715400.912242412567139,0.01804,0.00039,0.00772,0.00769,0.00001,0.00541,0.03925
1403715400.962242364883423,0.01509,0.00038,0.00048,0.00739,0.00141,0.00643,0.03118
1403715401.012242078781128,0.01382,0.00040,0.00075,0.00748,0.00004,0.00566,0.02816
1403715401.062241315841675,0.01614,0.00038,0.00200,0.00661,0.00529,0.00619,0.03661
1403715401.112239837646484,0.01439,0.00037,0.00088,0.00694,0.00037,0.00546,0.02842
1403715401.162240266799927,0.01409,0.00037,0.00101,0.00640,0.00045,0.00588,0.02821
1403715401.212238073348999,0.01384,0.00037,0.00004,0.00647,0.00831,0.00522,0.03425
1403715401.262238740921021,0.01350,0.00034,0.00250,0.00708,0.00077,0.00592,0.03012
1403715401.312237977981567,0.01423,0.00039,0.00013,0.00734,0.00045,0.00542,0.02796
1403715401.362235784530640,0.01356,0.00038,0.00104,0.00737,0.00083,0.00571,0.02889
1403715401.412236452102661,0.01469,0.00042,0.00072,0.00746,0.00000,0.00550,0.02879
1403715401.462235212326050,0.01404,0.00039,0.02257,0.00738,0.00198,0.00624,0.05260
1403715401.512235879898071,0.01411,0.00040,0.00546,0.00568,0.00253,0.00529,0.03347
1403715401.562236547470093,0.01327,0.00040,0.00118,0.00575,0.00082,0.00592,0.02734
1403715401.612235784530640,0.01729,0.00037,0.00050,0.00558,0.00200,0.00515,0.03088
1403715401.662235021591187,0.01696,0.00039,0.00086,0.00512,0.00285,0.00517,0.03137
1403715401.712236642837524,0.01583,0.00040,0.00108,0.00527,0.00375,0.00560,0.03193
1403715401.762235164642334,0.01585,0.00042,0.00112,0.00535,0.00149,0.00646,0.03068
1403715401.812235116958618,0.01488,0.00034,0.00101,0.00454,0.00112,0.00562,0.02752
1403715401.862232923507690,0.01412,0.00037,0.00127,0.00596,0.00354,0.00623,0.03148
1403715401.912231683731079,0.01427,0.00036,0.00078,0.00658,0.00041,0.00557,0.02798
1403715401.962230920791626,0.01413,0.00037,0.00097,0.00669,0.00000,0.00609,0.02825
1403715402.012230157852173,0.01493,0.00037,0.00104,0.00672,0.00009,0.00630,0.02946
1403715402.062228441238403,0.01370,0.00035,0.01230,0.00617,0.00771,0.00708,0.04731
1403715402.112225770950317,0.01382,0.00036,0.00115,0.00737,0.00719,0.00537,0.03526
1403715402.162224531173706,0.02111,0.00038,0.00491,0.00853,0.00001,0.00608,0.04100
1403715402.212224006652832,0.01503,0.00039,0.01252,0.00671,0.00001,0.00564,0.04030
1403715402.262224435806274,0.01445,0.00036,0.00031,0.00619,0.00000,0.00615,0.02747
1403715402.312225103378296,0.01345,0.00034,0.00032,0.00550,0.00000,0.00542,0.02504
1403715402.362225055694580,0.01389,0.00031,0.00003,0.00511,0.00000,0.00617,0.02552
1403715402.412225723266602,0.01390,0.00036,0.00079,0.00458,0.00036,0.00559,0.02559
1403715402.462226152420044,0.01408,0.00035,0.00115,0.00420,0.00193,0.00601,0.02772
1403715402.512226343154907,0.01654,0.00032,0.00114,0.00410,0.00032,0.00544,0.02786
1403715402.562227249145508,0.01427,0.00031,0.00051,0.00405,0.00035,0.00570,0.02519
1403715402.612226486206055,0.01424,0.00033,0.00017,0.00408,0.00159,0.00557,0.02598
1403715402.662227630615234,0.01457,0.00043,0.00089,0.00361,0.01805,0.00592,0.04347
1403715402.712230920791626,0.01530,0.00037,0.00820,0.00555,0.00397,0.00548,0.03887
1403715402.762232542037964,0.01669,0.00038,0.00024,0.00610,0.00124,0.00533,0.02997
1403715402.812232017517090,0.01462,0.00037,0.00773,0.00550,0.00850,0.00557,0.04229
1403715402.862233161926270,0.01425,0.00038,0.00017,0.00630,0.00000,0.00566,0.02677
1403715402.912233114242554,0.01408,0.00036,0.00017,0.00565,0.00002,0.00559,0.02588
1403715402.962232828140259,0.01423,0.00033,0.00097,0.00539,0.00039,0.00556,0.02686
1403715403.012232065200806,0.01328,0.00035,0.00042,0.00553,0.00073,0.00563,0.02594
1403715403.062231540679932,0.01409,0.00033,0.00928,0.00525,0.01301,0.00720,0.04917
1403715403.112230539321899,0.01665,0.00037,0.00039,0.00794,0.00001,0.00566,0.03101
1403715403.162229061126709,0.01448,0.00037,0.00018,0.00674,0.00002,0.00550,0.02729
1403715403.212227344512939,0.01414,0.00037,0.00017,0.00637,0.00000,0.00570,0.02676
1403715403.262225627899170,0.01781,0.00037,0.00025,0.00595,0.00079,0.00556,0.03072
1403715403.312224388122559,0.01402,0.00035,0.00890,0.00612,0.01153,0.00682,0.04773
1403715403.362222909927368,0.01426,0.00040,0.00138,0.00734,0.00001,0.00568,0.02907
1403715403.412222623825073,0.01340,0.00038,0.00719,0.00706,0.00306,0.00547,0.03656
1403715403.462222576141357,0.01396,0.00036,0.00027,0.00744,0.00045,0.00575,0.02823
1403715403.512222766876221,0.01431,0.00038,0.00003,0.00775,0.00117,0.00549,0.02913
1403715403.562223911285400,0.01431,0.00041,0.00067,0.00756,0.00000,0.00554,0.02849
1403715403.612224817276001,0.01374,0.00041,0.00163,0.00724,0.00037,0.00563,0.02901
1403715403.662225008010864,0.01570,0.00038,0.01143,0.00723,0.00528,0.00640,0.04642
1403715403.712225437164307,0.01411,0.00040,0.00003,0.00804,0.00001,0.00554,0.02813
1403715403.762225866317749,0.01395,0.00042,0.00047,0.00769,0.00047,0.00560,0.02860
1403715403.812226057052612,0.01408,0.00043,0.00028,0.00810,0.00001,0.00615,0.02904
1403715403.862225532531738,0.01698,0.00036,0.00079,0.00792,0.00079,0.00635,0.03320
1403715403.912222862243652,0.01326,0.00039,0.00755,0.00572,0.00266,0.00738,0.03695
1403715403.962222099304199,0.01778,0.00037,0.00077,0.00579,0.00037,0.00530,0.03039
1403715404.012220382690430,0.01397,0.00036,0.00208,0.00532,0.00845,0.00558,0.03576
1403715404.062219381332397,0.01446,0.00036,0.00046,0.00726,0.00046,0.00558,0.02858
1403715404.112218379974365,0.01797,0.00039,0.00111,0.00674,0.00044,0.00712,0.03376
1403715404.162218332290649,0.01473,0.00036,0.00152,0.00754,0.00001,0.00550,0.02966
1403715404.212217807769775,0.01644,0.00036,0.00166,0.00650,0.00434,0.00645,0.03575
1403715404.262217283248901,0.01448,0.00036,0.00161,0.00606,0.00735,0.00551,0.03538
1403715404.312217235565186,0.01382,0.00038,0.00093,0.00664,0.00004,0.00592,0.02772
1403715404.362216472625732,0.01857,0.00038,0.00057,0.00652,0.00111,0.00560,0.03276
1403715404.412215232849121,0.01411,0.00038,0.00661,0.00590,0.00552,0.00516,0.03768
1403715404.462214946746826,0.01406,0.00037,0.00054,0.00638,0.00142,0.00518,0.02796
1403715404.512214660644531,0.01764,0.00041,0.00488,0.00613,0.00645,0.00544,0.04094
1403715404.562214851379395,0.01667,0.00038,0.00226,0.00688,0.00009,0.00552,0.03180
1403715404.612215280532837,0.01380,0.00037,0.00110,0.00637,0.00495,0.00551,0.03210
1403715404.662215709686279,0.01393,0.00039,0.00478,0.00689,0.00272,0.00549,0.03419
1403715404.712216138839722,0.01517,0.00043,0.00004,0.00782,0.00001,0.00545,0.02892
1403715404.762216329574585,0.01389,0.00039,0.00536,0.00618,0.00035,0.00539,0.03157
1403715404.812216758728027,0.01558,0.00037,0.00049,0.00612,0.00035,0.00542,0.02832
1403715404.862216472625732,0.01366,0.00037,0.00047,0.00567,0.00038,0.00575,0.02631
1403715404.912216186523438,0.01441,0.00039,0.00610,0.00574,0.00640,0.00514,0.03817
1403715404.962216138839722,0.01341,0.00039,0.00014,0.00701,0.00043,0.00572,0.02710
1403715405.012215852737427,0.01528,0.00038,0.00432,0.00696,0.00498,0.00553,0.03746
1403715405.062216758728027,0.01736,0.00036,0.00061,0.00797,0.00036,0.00557,0.03224
1403715405.112217426300049,0.01499,0.00038,0.00492,0.00784,0.00219,0.00571,0.03603
1403715405.162217855453491,0.01559,0.00038,0.00021,0.00830,0.00038,0.00560,0.03046
1403715405.212217330932617,0.01551,0.00040,0.00061,0.00823,0.00117,0.00570,0.03162
1403715405.262217998504639,0.01522,0.00034,0.00783,0.00763,0.00002,0.00544,0.03648
1403715405.312217473983765,0.01594,0.00037,0.00189,0.00743,0.00000,0.00553,0.03117
1403715405.362218379974365,0.01421,0.00039,0.00577,0.00654,0.00079,0.00557,0.03327
1403715405.412217378616333,0.01538,0.00034,0.00023,0.00609,0.00126,0.00556,0.02886
1403715405.462218284606934,0.01432,0.00037,0.00055,0.00510,0.00002,0.00607,0.02642
1403715405.512219667434692,0.01604,0.00033,0.00157,0.00492,0.00702,0.00549,0.03537
1403715405.562220573425293,0.01367,0.00036,0.00024,0.00533,0.00313,0.00553,0.02827
1403715405.612221002578735,0.01687,0.00038,0.00018,0.00561,0.00374,0.00568,0.03245
1403715405.662222146987915,0.01563,0.00036,0.00038,0.00565,0.00493,0.00560,0.03255
1403715405.712222814559937,0.01421,0.00038,0.00180,0.00565,0.00565,0.00556,0.03324
1403715405.762223005294800,0.01349,0.00039,0.00034,0.00653,0.00077,0.00544,0.02695
1403715405.812223434448242,0.01418,0.00036,0.00039,0.00626,0.00002,0.00526,0.02648
1403715405.862225055694580,0.01363,0.00037,0.00646,0.00525,0.01021,0.00527,0.04118
1403715405.912225961685181,0.01703,0.00046,0.00025,0.00707,0.00002,0.00610,0.03095
1403715405.962229013442993,0.01939,0.00060,0.00731,0.00614,0.00287,0.00535,0.04165
1403715406.012229442596436,0.01359,0.00036,0.00052,0.00546,0.00100,0.00575,0.02668
1403715406.062230587005615,0.01517,0.00033,0.00148,0.00531,0.00839,0.00565,0.03633
1403715406.112230777740479,0.01450,0.00035,0.00090,0.00574,0.00000,0.00566,0.02716
1403715406.162230968475342,0.01567,0.00036,0.00027,0.00526,0.00136,0.00528,0.02820
1403715406.212231397628784,0.01622,0.00035,0.00024,0.00522,0.00954,0.00564,0.03720
1403715406.262231588363647,0.01397,0.00037,0.00108,0.00621,0.00289,0.00575,0.03028
1403715406.312232732772827,0.01779,0.00038,0.00003,0.00662,0.00112,0.00539,0.03133
1403715406.362234115600586,0.01437,0.00035,0.00079,0.00610,0.00044,0.00560,0.02765
1403715406.412235975265503,0.01320,0.00036,0.00062,0.00506,0.00000,0.00542,0.02468
1403715406.462238788604736,0.01378,0.00037,0.00393,0.00390,0.00921,0.00557,0.03676
1403715406.512242078781128,0.01672,0.00037,0.00993,0.00428,0.00626,0.00593,0.04349
1403715406.562241315841675,0.01447,0.00037,0.00365,0.00441,0.00273,0.00548,0.03112
1403715406.612239837646484,0.01390,0.00035,0.00035,0.00439,0.00034,0.00554,0.02488
1403715406.662238121032715,0.01440,0.00034,0.00030,0.00442,0.00145,0.00552,0.02644
1403715406.712236166000366,0.01731,0.00033,0.00058,0.00447,0.00004,0.00569,0.02843
1403715406.762233018875122,0.01355,0.00032,0.00015,0.00421,0.00969,0.00550,0.03341
1403715406.812233209609985,0.01423,0.00034,0.00041,0.00521,0.00002,0.00544,0.02566
1403715406.862233161926270,0.01608,0.00034,0.00015,0.00516,0.00000,0.00557,0.02730
1403715406.912232875823975,0.01449,0.00031,0.00013,0.00515,0.00002,0.00526,0.02536
1403715406.962232589721680,0.01376,0.00036,0.00012,0.00465,0.00000,0.00562,0.02451
1403715407.012232780456543,0.01352,0.00034,0.00003,0.00464,0.00000,0.00555,0.02408
1403715407.062231063842773,0.01362,0.00029,0.00181,0.00420,0.01910,0.00686,0.04589
1403715407.112230062484741,0.01625,0.00035,0.00581,0.00593,0.00615,0.00571,0.04021
1403715407.162229299545288,0.01390,0.00038,0.00466,0.00495,0.00036,0.00562,0.02986
1403715407.212228059768677,0.01362,0.00035,0.00080,0.00348,0.00102,0.00558,0.02485
1403715407.262226343154907,0.01432,0.00038,0.00475,0.00307,0.00472,0.00553,0.03277
1403715407.312226057052612,0.01393,0.00037,0.00068,0.00371,0.00209,0.00573,0.02653
1403715407.362227678298950,0.01642,0.00034,0.00059,0.00394,0.00066,0.00547,0.02743
1403715407.412230014801025,0.01781,0.00033,0.00036,0.00359,0.00026,0.00533,0.02768
1403715407.462230920791626,0.01416,0.00032,0.00046,0.00374,0.00001,0.00541,0.02411
1403715407.512231349945068,0.01409,0.00032,0.00026,0.00350,0.00000,0.00547,0.02365
1403715407.562232732772827,0.01645,0.00031,0.00128,0.00342,0.00000,0.00548,0.02695
1403715407.612233161926270,0.01436,0.00032,0.00084,0.00324,0.00002,0.00552,0.02429
1403715407.662235021591187,0.01721,0.00030,0.00171,0.00291,0.01658,0.00702,0.04572
1403715407.712236404418945,0.01911,0.00032,0.00120,0.00326,0.00102,0.00545,0.03035
1403715407.762236833572388,0.01988,0.00031,0.00336,0.00252,0.00062,0.00548,0.03217
1403715407.812237501144409,0.01959,0.00031,0.00211,0.00216,0.00041,0.00628,0.03085
1403715407.862237453460693,0.01879,0.00030,0.00259,0.00207,0.00184,0.00564,0.03124
1403715407.912238359451294,0.02080,0.00028,0.00045,0.00161,0.00204,0.00514,0.03033
1403715407.962237834930420,0.02084,0.00027,0.00070,0.00171,0.00076,0.00546,0.02974
1403715408.012239217758179,0.01934,0.00030,0.00118,0.00141,0.00005,0.00541,0.02769
1403715408.062239885330200,0.02480,0.00023,0.00118,0.00088,0.00000,0.00579,0.03288
1403715408.112240314483643,0.03210,0.00026,0.00187,0.00041,0.00019,0.00551,0.04034
1403715408.162240505218506,0.02832,0.00026,0.00062,0.00041,0.00000,0.00550,0.03511
1403715408.212240695953369,0.03712,0.00024,0.00086,0.00027,0.00003,0.00553,0.04405
1403715408.262240886688232,0.02755,0.00023,0.00043,0.00022,0.00000,0.00549,0.03392
1403715408.312241315841675,0.02100,0.00023,0.00036,0.00022,0.00300,0.00545,0.03027
1403715408.362242937088013,0.01868,0.00023,0.00058,0.00039,0.00161,0.00565,0.02715
1403715408.412243127822876,0.02055,0.00023,0.00105,0.00035,0.00108,0.00544,0.02871
1403715408.462243318557739,0.01919,0.00023,0.00048,0.00035,0.00000,0.00565,0.02589
1403715408.512243747711182,0.01885,0.00023,0.00145,0.00034,0.00203,0.00552,0.02841
1403715408.562244415283203,0.02014,0.00025,0.00032,0.00048,0.00108,0.00588,0.02815
1403715408.612244844436646,0.01992,0.00025,0.00025,0.00057,0.00215,0.00562,0.02876
1403715408.662244081497192,0.01579,0.00026,0.00086,0.00079,0.00063,0.00578,0.02412
1403715408.712244033813477,0.01881,0.00023,0.00074,0.00085,0.00334,0.00567,0.02963
1403715408.762243032455444,0.02013,0.00026,0.00092,0.00117,0.00835,0.00623,0.03707
1403715408.812241554260254,0.01612,0.00030,0.00121,0.00248,0.00364,0.00570,0.02945
1403715408.862239599227905,0.01859,0.00029,0.00152,0.00264,0.00272,0.00599,0.03177
1403715408.912238121032715,0.01734,0.00029,0.00289,0.00267,0.00587,0.00570,0.03476
1403715408.962236404418945,0.02018,0.00032,0.00020,0.00347,0.00333,0.00615,0.03364
1403715409.012234449386597,0.01740,0.00031,0.00034,0.00357,0.00614,0.00575,0.03350
1403715409.062233448028564,0.02079,0.00026,0.00073,0.00384,0.00179,0.00607,0.03347
1403715409.112231731414795,0.01566,0.00032,0.00111,0.00350,0.00755,0.00564,0.03379
1403715409.162229061126709,0.01920,0.00036,0.00046,0.00443,0.00387,0.00621,0.03452
1403715409.212228298187256,0.01657,0.00035,0.00104,0.00397,0.00002,0.00574,0.02768
1403715409.262227773666382,0.01858,0.00031,0.00085,0.00372,0.00288,0.00606,0.03240
1403715409.312225818634033,0.01725,0.00030,0.00067,0.00382,0.00427,0.00604,0.03235
1403715409.362224578857422,0.01830,0.00030,0.00085,0.00436,0.00009,0.00612,0.03002
1403715409.412220954895020,0.01498,0.00032,0.00074,0.00432,0.00584,0.00589,0.03208
1403715409.462218523025513,0.01863,0.00035,0.00075,0.00497,0.00000,0.00670,0.03141
1403715409.512216567993164,0.01548,0.00033,0.00093,0.00484,0.00444,0.00579,0.03182
1403715409.562215805053711,0.01843,0.00033,0.00033,0.00554,0.00175,0.00611,0.03250
1403715409.612213611602783,0.01781,0.00035,0.00171,0.00569,0.01096,0.00596,0.04248
1403715409.662213325500488,0.01570,0.00038,0.00047,0.00765,0.00007,0.00616,0.03042
1403715409.712215423583984,0.01570,0.00039,0.00252,0.00759,0.00167,0.00551,0.03338
1403715409.762215614318848,0.01492,0.00038,0.00030,0.00806,0.00058,0.00592,0.03016
1403715409.812215805053711,0.01593,0.00034,0.00041,0.00753,0.00214,0.00591,0.03227
1403715409.862214803695679,0.01832,0.00039,0.00768,0.00755,0.00001,0.00605,0.03999
1403715409.912213563919067,0.01617,0.00040,0.00522,0.00724,0.00002,0.00570,0.03474
1403715409.962213516235352,0.01954,0.00039,0.00004,0.00732,0.00009,0.00599,0.03337
1403715410.012213706970215,0.01560,0.00038,0.00611,0.00722,0.00047,0.00611,0.03589
1403715410.062215328216553,0.01651,0.00053,0.00098,0.00757,0.00001,0.00642,0.03201
1403715410.112215280532837,0.01773,0.00049,0.00684,0.00771,0.00786,0.00815,0.04878
1403715410.162213325500488,0.01923,0.00049,0.00160,0.00860,0.00001,0.00691,0.03685
1403715410.212211847305298,0.02091,0.00050,0.00025,0.00855,0.00001,0.00677,0.03699
1403715410.262210130691528,0.01670,0.00058,0.00151,0.00778,0.00061,0.00707,0.03424
1403715410.312210321426392,0.02158,0.00058,0.00228,0.00965,0.00011,0.00660,0.04080
1403715410.362210035324097,0.01525,0.00035,0.00049,0.00635,0.00111,0.00623,0.02979
1403715410.412209987640381,0.01512,0.00037,0.00014,0.00652,0.00278,0.00591,0.03085
1403715410.462210655212402,0.01710,0.00036,0.00071,0.00674,0.00925,0.00654,0.04070
1403715410.512212991714478,0.01433,0.00042,0.01293,0.00827,0.00122,0.00751,0.04467
1403715410.562213420867920,0.01916,0.00040,0.00028,0.00851,0.00001,0.00627,0.03463
1403715410.612213850021362,0.01743,0.00041,0.00249,0.00830,0.00039,0.00604,0.03505
1403715410.662214517593384,0.01590,0.00041,0.00036,0.00819,0.00000,0.00649,0.03135
1403715410.712213516235352,0.01473,0.00042,0.00494,0.00806,0.00037,0.00712,0.03563
1403715410.762212991714478,0.01626,0.00042,0.00289,0.00812,0.00204,0.00620,0.03593
1403715410.812212944030762,0.01603,0.00040,0.00009,0.00859,0.00001,0.00611,0.03123
1403715410.862212896347046,0.01588,0.00043,0.00030,0.00931,0.00001,0.00607,0.03200
1403715410.912213325500488,0.01591,0.00040,0.00027,0.00813,0.00007,0.00607,0.03084
1403715410.962212800979614,0.01523,0.00041,0.00099,0.00820,0.00118,0.00622,0.03224
1403715411.012213468551636,0.01758,0.00040,0.00172,0.00839,0.00001,0.00597,0.03407
1403715411.062216281890869,0.01568,0.00040,0.00094,0.00802,0.00001,0.00594,0.03099
1403715411.112218379974365,0.01966,0.00039,0.01484,0.00793,0.00261,0.00726,0.05269
1403715411.162217140197754,0.01643,0.00041,0.00034,0.00779,0.00001,0.00582,0.03080
1403715411.212215185165405,0.01613,0.00038,0.00020,0.00782,0.00234,0.00622,0.03310
1403715411.262212276458740,0.01569,0.00041,0.00195,0.00787,0.00001,0.00617,0.03210
1403715411.312208890914917,0.01734,0.00039,0.00200,0.00781,0.00070,0.00792,0.03616
1403715411.362205028533936,0.01586,0.00041,0.00011,0.00892,0.00232,0.00621,0.03382
1403715411.412202358245850,0.01585,0.00039,0.00003,0.00860,0.00001,0.00641,0.03129
1403715411.462201118469238,0.01678,0.00044,0.00004,0.00817,0.00118,0.00616,0.03276
1403715411.512202024459839,0.01666,0.00040,0.00009,0.00830,0.00007,0.00597,0.03148
1403715411.562203884124756,0.01737,0.00047,0.00004,0.00834,0.00000,0.00597,0.03219
1403715411.612204790115356,0.01597,0.00040,0.00136,0.00827,0.00036,0.00602,0.03238
1403715411.662205696105957,0.01586,0.00041,0.01574,0.00822,0.00262,0.00672,0.04957
1403715411.712206363677979,0.01874,0.00040,0.01351,0.00852,0.00001,0.00725,0.04842
1403715411.762206315994263,0.01636,0.00040,0.00010,0.00867,0.00001,0.00597,0.03151
1403715411.812205553054810,0.01608,0.00056,0.00047,0.00871,0.00000,0.00626,0.03209
1403715411.862205505371094,0.01565,0.00040,0.00003,0.00869,0.00000,0.00582,0.03059
1403715411.912204742431641,0.01569,0.00040,0.00070,0.00871,0.00000,0.00607,0.03157
1403715411.962204456329346,0.01568,0.00041,0.00046,0.00870,0.00001,0.00599,0.03124
1403715412.012204170227051,0.01442,0.00040,0.00003,0.00875,0.00001,0.00608,0.02969
1403715412.062204122543335,0.01534,0.00041,0.00004,0.00852,0.00000,0.00616,0.03047
1403715412.112204074859619,0.01631,0.00069,0.00020,0.00829,0.00001,0.00655,0.03204
1403715412.162204027175903,0.01573,0.00039,0.00019,0.00830,0.00049,0.00620,0.03130
1403715412.212203979492188,0.01534,0.00038,0.00088,0.00839,0.00000,0.00600,0.03100
1403715412.262203931808472,0.01424,0.00040,0.01468,0.00834,0.00001,0.00697,0.04463
1403715412.312203884124756,0.01429,0.00044,0.01393,0.00895,0.00001,0.00754,0.04516
1403715412.362203836441040,0.01437,0.00040,0.00011,0.00872,0.00001,0.00652,0.03014
1403715412.412203788757324,0.01587,0.00035,0.00068,0.00822,0.00002,0.00601,0.03115
1403715412.462203979492188,0.01586,0.00040,0.00003,0.00816,0.00000,0.00595,0.03042
1403715412.512203454971313,0.01528,0.00039,0.00198,0.00813,0.00036,0.00592,0.03204
1403715412.562204122543335,0.01612,0.00041,0.00010,0.00796,0.00037,0.00580,0.03076
1403715412.612204313278198,0.01557,0.00039,0.00004,0.00803,0.00001,0.00615,0.03018
1403715412.662204265594482,0.01539,0.00063,0.00006,0.00839,0.00001,0.00590,0.03037
1403715412.712203264236450,0.01574,0.00038,0.00004,0.00812,0.00007,0.00611,0.03045
1403715412.762204885482788,0.01524,0.00039,0.00091,0.00776,0.00000,0.00593,0.03023
1403715412.812205076217651,0.01730,0.00038,0.00046,0.00770,0.00063,0.00594,0.03242
1403715412.862206220626831,0.01540,0.00038,0.01278,0.00773,0.00380,0.00671,0.04680
1403715412.912206649780273,0.01490,0.00040,0.01352,0.00810,0.00001,0.00591,0.04284
1403715412.962207317352295,0.01616,0.00040,0.00010,0.00834,0.00001,0.00601,0.03101
1403715413.012207031250000,0.01419,0.00042,0.00059,0.00825,0.00048,0.00594,0.02987
1403715413.062207221984863,0.01522,0.00040,0.00003,0.00857,0.00000,0.00601,0.03023
1403715413.112206935882568,0.01506,0.00040,0.00221,0.00826,0.00000,0.00598,0.03192
1403715413.162206649780273,0.01489,0.00039,0.00043,0.00829,0.00000,0.00616,0.03017
1403715413.212206363677979,0.01528,0.00040,0.00036,0.00803,0.00046,0.00656,0.03110
1403715413.262206077575684,0.01604,0.00039,0.00022,0.00785,0.00000,0.00596,0.03047
1403715413.312206029891968,0.01546,0.00040,0.00018,0.00754,0.00007,0.00620,0.02985
1403715413.362205982208252,0.01576,0.00037,0.00025,0.00743,0.00000,0.00599,0.02981
1403715413.412205934524536,0.01610,0.00038,0.00130,0.00673,0.00085,0.00600,0.03136
1403715413.462206840515137,0.02130,0.00035,0.00866,0.00662,0.00739,0.00716,0.05149
1403715413.512207031250000,0.01836,0.00040,0.01177,0.00774,0.00233,0.00751,0.04811
1403715413.562207460403442,0.01631,0.00041,0.00106,0.00809,0.00001,0.00566,0.03154
1403715413.612206935882568,0.01585,0.00039,0.00241,0.00772,0.00037,0.00586,0.03260
1403715413.662207365036011,0.01613,0.00040,0.00085,0.00752,0.00000,0.00592,0.03082
1403715413.712207078933716,0.02080,0.00041,0.00208,0.00737,0.00078,0.00616,0.03760
1403715413.762207031250000,0.01676,0.00039,0.00058,0.00715,0.00004,0.00634,0.03125
1403715413.812207698822021,0.01642,0.00037,0.00044,0.00673,0.00000,0.00588,0.02985
1403715413.862207651138306,0.01630,0.00040,0.00037,0.00648,0.00000,0.00594,0.02949
1403715413.912207603454590,0.01827,0.00038,0.00156,0.00601,0.00006,0.00601,0.03228
1403715413.962207794189453,0.01635,0.00035,0.00134,0.00458,0.00039,0.00603,0.02904
1403715414.012207746505737,0.01744,0.00030,0.00476,0.00428,0.00710,0.00611,0.03999
1403715414.062207937240601,0.02581,0.00030,0.00042,0.00491,0.00684,0.00565,0.04392
1403715414.112208366394043,0.01837,0.00033,0.00263,0.00592,0.00889,0.00607,0.04222
1403715414.162208080291748,0.01735,0.00037,0.00010,0.00717,0.00001,0.00605,0.03105
1403715414.212207078933716,0.01715,0.00036,0.00051,0.00699,0.00002,0.00597,0.03102
1403715414.262209177017212,0.01645,0.00036,0.00678,0.00662,0.00195,0.00629,0.03845
1403715414.312209367752075,0.02025,0.00036,0.00023,0.00734,0.00273,0.00768,0.03860
1403715414.362209796905518,0.01644,0.00039,0.00140,0.00793,0.00001,0.00633,0.03250
1403715414.412211894989014,0.02243,0.00042,0.00004,0.00786,0.00001,0.00775,0.03850
1403715414.462213754653931,0.01621,0.00044,0.00017,0.00789,0.00001,0.00635,0.03106
1403715414.512216806411743,0.01651,0.00035,0.00070,0.00708,0.00000,0.00596,0.03061
1403715414.562214851379395,0.01610,0.00037,0.00589,0.00707,0.00215,0.00615,0.03773
1403715414.612215757369995,0.01866,0.00036,0.01026,0.00670,0.00036,0.00602,0.04237
1403715414.662217378616333,0.01651,0.00042,0.00030,0.00689,0.00038,0.00614,0.03064
1403715414.712218761444092,0.01459,0.00038,0.00026,0.00665,0.00247,0.00544,0.02979
1403715414.762218713760376,0.01577,0.00066,0.00041,0.00665,0.00001,0.00562,0.02911
1403715414.812218666076660,0.01442,0.00042,0.00009,0.00659,0.00000,0.00709,0.02861
1403715414.862217664718628,0.01528,0.00037,0.00381,0.00615,0.00213,0.00562,0.03336
1403715414.912217855453491,0.01432,0.00037,0.00003,0.00620,0.00029,0.00555,0.02676
1403715414.962218523025513,0.01420,0.00039,0.00003,0.00616,0.00000,0.00560,0.02639
1403715415.012219190597534,0.01400,0.00041,0.00024,0.00587,0.00000,0.00611,0.02663
1403715415.062221050262451,0.01439,0.00035,0.00065,0.00488,0.00000,0.00550,0.02578
1403715415.112221717834473,0.01428,0.00037,0.00043,0.00457,0.00034,0.00573,0.02572
1403715415.162218570709229,0.01739,0.00037,0.00365,0.00466,0.00848,0.00559,0.04014
1403715415.212218761444092,0.01442,0.00042,0.00942,0.00542,0.00036,0.00550,0.03553
1403715415.262218952178955,0.02186,0.00038,0.00036,0.00502,0.00353,0.00671,0.03786
1403715415.312218904495239,0.01508,0.00039,0.00083,0.00429,0.00214,0.00524,0.02797
1403715415.362218379974365,0.01534,0.00039,0.00054,0.00482,0.00039,0.00563,0.02711
1403715415.412217855453491,0.01477,0.00037,0.00075,0.00450,0.00088,0.00585,0.02711
1403715415.462218046188354,0.01471,0.00036,0.00363,0.00489,0.00343,0.00582,0.03284
1403715415.512218236923218,0.01507,0.00037,0.00021,0.00516,0.00000,0.00564,0.02645
1403715415.562218427658081,0.01497,0.00039,0.00021,0.00457,0.00037,0.00568,0.02618
1403715415.612216949462891,0.01440,0.00056,0.00016,0.00430,0.00000,0.00580,0.02523
1403715415.662216663360596,0.01459,0.00034,0.00022,0.00341,0.00002,0.00559,0.02418
1403715415.712216615676880,0.01948,0.00036,0.00152,0.00247,0.00002,0.00557,0.02941
1403715415.762215852737427,0.01433,0.00035,0.00077,0.00216,0.00149,0.00553,0.02462
1403715415.812217950820923,0.01315,0.00031,0.00547,0.00191,0.00497,0.00546,0.03128
1403715415.862218379974365,0.01469,0.00032,0.00002,0.00244,0.00000,0.00538,0.02284
1403715415.912218809127808,0.01409,0.00029,0.00015,0.00210,0.00026,0.00552,0.02242
1403715415.962218284606934,0.01361,0.00030,0.00026,0.00220,0.00006,0.00540,0.02183
1403715416.012217998504639,0.02129,0.00025,0.00002,0.00224,0.00000,0.00551,0.02931
1403715416.062217950820923,0.01536,0.00026,0.00008,0.00222,0.00355,0.00558,0.02705
1403715416.112217426300049,0.01517,0.00046,0.00005,0.00278,0.00000,0.00576,0.02423
1403715416.162217140197754,0.01506,0.00028,0.00008,0.00248,0.00000,0.00582,0.02372
1403715416.212216854095459,0.01505,0.00029,0.00003,0.00251,0.00000,0.00571,0.02360
1403715416.262219190597534,0.01902,0.00028,0.00003,0.00247,0.00146,0.00573,0.02900
1403715416.312219142913818,0.01526,0.00029,0.00008,0.00285,0.00005,0.00564,0.02418
1403715416.362218856811523,0.01492,0.00028,0.00003,0.00279,0.00379,0.00590,0.02771
1403715416.412218809127808,0.01395,0.00030,0.00604,0.00334,0.00591,0.00576,0.03530
1403715416.462218761444092,0.01528,0.00027,0.00003,0.00292,0.00000,0.00572,0.02423
1403715416.512218475341797,0.01727,0.00035,0.00004,0.00230,0.00010,0.00603,0.02610
1403715416.562218427658081,0.01668,0.00030,0.00377,0.00226,0.00527,0.00565,0.03392
1403715416.612218618392944,0.01545,0.00028,0.00034,0.00269,0.00041,0.00562,0.02480
1403715416.662217855453491,0.01512,0.00029,0.00003,0.00319,0.00298,0.00570,0.02731
1403715416.712217569351196,0.01485,0.00030,0.00003,0.00290,0.00000,0.00575,0.02382
1403715416.762217998504639,0.01491,0.00028,0.00003,0.00286,0.00000,0.00573,0.02381
1403715416.812218189239502,0.01800,0.00030,0.00015,0.00267,0.00059,0.00577,0.02748
1403715416.862218856811523,0.01526,0.00030,0.00003,0.00345,0.00000,0.00588,0.02491
1403715416.912218570709229,0.01468,0.00030,0.00003,0.00342,0.00006,0.00583,0.02433
1403715416.962218523025513,0.01586,0.00029,0.00003,0.00320,0.00026,0.00571,0.02535
1403715417.012219190597534,0.01561,0.00027,0.00203,0.00303,0.00609,0.00588,0.03292
1403715417.062219619750977,0.01506,0.00030,0.00012,0.00386,0.00025,0.00591,0.02548
1403715417.112219572067261,0.01609,0.00031,0.00003,0.00400,0.00009,0.00582,0.02635
1403715417.162219524383545,0.01460,0.00032,0.00308,0.00395,0.00175,0.00576,0.02945
1403715417.212219715118408,0.01545,0.00031,0.00003,0.00400,0.00016,0.00576,0.02571
1403715417.262219667434692,0.01502,0.00029,0.00003,0.00400,0.00389,0.00577,0.02901
1403715417.312220096588135,0.01522,0.00031,0.00003,0.00420,0.00000,0.00580,0.02557
1403715417.362220048904419,0.01509,0.00032,0.00003,0.00425,0.00000,0.00629,0.02598
1403715417.412220001220703,0.01511,0.00032,0.00003,0.00412,0.00000,0.00582,0.02540
1403715417.462219953536987,0.01506,0.00032,0.00003,0.00424,0.00000,0.00599,0.02564
1403715417.512220144271851,0.01407,0.00028,0.00003,0.00411,0.00007,0.00552,0.02408
1403715417.562220335006714,0.01531,0.00031,0.00004,0.00423,0.00027,0.00582,0.02598
1403715417.612220287322998,0.01466,0.00030,0.00305,0.00410,0.00328,0.00563,0.03102
1403715417.662220239639282,0.01532,0.00032,0.00003,0.00435,0.00000,0.00575,0.02577
1403715417.712220191955566,0.01556,0.00032,0.00003,0.00431,0.00010,0.00567,0.02600
1403715417.762220144271851,0.01485,0.00032,0.00462,0.00428,0.00261,0.00585,0.03253
1403715417.812220335006714,0.01525,0.00031,0.00003,0.00446,0.00017,0.00584,0.02606
1403715417.862220287322998,0.01576,0.00031,0.00003,0.00450,0.00117,0.00572,0.02749
1403715417.912220239639282,0.01520,0.00031,0.00003,0.00446,0.00000,0.00595,0.02596
1403715417.962220191955566,0.01490,0.00033,0.00003,0.00450,0.00000,0.00591,0.02568
1403715418.012220144271851,0.01559,0.00033,0.00003,0.00446,0.00000,0.00594,0.02635
1403715418.062220335006714,0.01333,0.00032,0.00003,0.00465,0.00000,0.00569,0.02403
1403715418.112220287322998,0.01523,0.00029,0.00003,0.00444,0.00007,0.00567,0.02573
1403715418.162220239639282,0.01536,0.00028,0.00004,0.00449,0.00025,0.00590,0.02632
1403715418.212220191955566,0.01548,0.00031,0.00312,0.00438,0.00177,0.00575,0.03081
1403715418.262220144271851,0.01519,0.00032,0.00003,0.00458,0.00000,0.00565,0.02577
1403715418.312220335006714,0.01423,0.00032,0.00003,0.00446,0.00009,0.00571,0.02485
1403715418.362220287322998,0.01440,0.00031,0.00465,0.00438,0.00106,0.00585,0.03064
1403715418.412220239639282,0.01423,0.00033,0.00003,0.00447,0.00016,0.00566,0.02487
1403715418.462220191955566,0.01503,0.00029,0.00003,0.00451,0.00111,0.00597,0.02693
1403715418.512220144271851,0.01670,0.00030,0.00003,0.00447,0.00000,0.00572,0.02723
1403715418.562220335006714,0.01685,0.00032,0.00010,0.00500,0.00001,0.00597,0.02825
1403715418.612220287322998,0.01545,0.00035,0.00051,0.00440,0.00001,0.00594,0.02665
1403715418.662220239639282,0.01509,0.00027,0.00018,0.00434,0.00008,0.00579,0.02576
1403715418.712220191955566,0.01456,0.00032,0.00003,0.00433,0.00007,0.00567,0.02497
1403715418.762220144271851,0.01462,0.00032,0.00004,0.00432,0.00026,0.00568,0.02523
1403715418.812220335006714,0.01440,0.00032,0.00294,0.00424,0.00182,0.00554,0.02928
